phase,update,env_step,epsilon,sample_demo_count,sample_agent_count,replay_demo_count,replay_agent_count,td_1_raw,td_n_raw,margin_raw,l2_raw,td_1_weighted,td_n_weighted,margin_weighted,l2_weighted,total,grad_total_before_clip,gradient_would_clip,q_abs_mean,q_abs_max,all_finite,arm
offline_pretrain,1,0,1.0,32,0,160,0,16.07904052734375,48.76307678222656,0.8909876942634583,46.983375549316406,16.07904052734375,48.76307678222656,0.8909876942634583,0.0004698337579611689,65.73358154296875,1.9705032110214233,False,0.09288226068019867,0.30315396189689636,True,control_5step
offline_pretrain,2,0,1.0,32,0,160,0,15.890578269958496,212.0550537109375,0.8201258182525635,46.97124481201172,15.890578269958496,212.0550537109375,0.8201258182525635,0.00046971242409199476,228.7662353515625,1.7759803533554077,False,0.09467404335737228,0.3014022707939148,True,control_5step
offline_pretrain,3,0,1.0,32,0,160,0,192.65606689453125,201.86363220214844,0.7699005007743835,46.9624137878418,192.65606689453125,201.86363220214844,0.7699005007743835,0.00046962412307038903,395.2900695800781,1.83021879196167,False,0.08797898143529892,0.3120628297328949,True,control_5step
offline_pretrain,4,0,1.0,32,0,160,0,143.01016235351562,317.88116455078125,0.6623826026916504,46.95378494262695,143.01016235351562,317.88116455078125,0.6623826026916504,0.0004695378302130848,461.5541687011719,1.6636632680892944,False,0.10519400238990784,0.3265622556209564,True,control_5step
offline_pretrain,5,0,1.0,32,0,160,0,153.09231567382812,328.8538818359375,0.596807599067688,46.94578552246094,153.09231567382812,328.8538818359375,0.596807599067688,0.0004694578528869897,482.54345703125,1.607224464416504,False,0.10474392026662827,0.35291147232055664,True,control_5step
offline_pretrain,6,0,1.0,32,0,160,0,100.63386535644531,466.0654602050781,0.6751265525817871,46.9383544921875,100.63386535644531,466.0654602050781,0.6751265525817871,0.0004693835217040032,567.3749389648438,1.6855714321136475,False,0.10674873739480972,0.30381253361701965,True,control_5step
offline_pretrain,7,0,1.0,32,0,160,0,118.94572448730469,142.73399353027344,0.6777914762496948,46.9310188293457,118.94572448730469,142.73399353027344,0.6777914762496948,0.00046931018005125225,262.35797119140625,1.613219141960144,False,0.10782794654369354,0.3007960617542267,True,control_5step
offline_pretrain,8,0,1.0,32,0,160,0,191.88082885742188,536.9847412109375,0.5973658561706543,46.92389678955078,191.88082885742188,536.9847412109375,0.5973658561706543,0.0004692389629781246,729.4634399414062,1.9451332092285156,False,0.12473111599683762,0.46656855940818787,True,control_5step
offline_pretrain,9,0,1.0,32,0,160,0,115.5859375,140.35348510742188,0.6728046536445618,46.91730880737305,115.5859375,140.35348510742188,0.6728046536445618,0.0004691730719059706,256.6126708984375,1.5186161994934082,False,0.10744152218103409,0.3223452866077423,True,control_5step
offline_pretrain,10,0,1.0,32,0,160,0,106.38864135742188,275.9822082519531,0.6180524826049805,46.91081237792969,106.38864135742188,275.9822082519531,0.6180524826049805,0.00046910811215639114,382.9893493652344,1.6649543046951294,False,0.10344640910625458,0.3358410894870758,True,control_5step
offline_pretrain,11,0,1.0,32,0,160,0,131.37356567382812,317.40484619140625,0.598322868347168,46.90451431274414,131.37356567382812,317.40484619140625,0.598322868347168,0.00046904513146728277,449.377197265625,1.4347527027130127,False,0.10283074527978897,0.33427444100379944,True,control_5step
offline_pretrain,12,0,1.0,32,0,160,0,119.3863296508789,487.6958923339844,0.6872183680534363,46.898738861083984,119.3863296508789,487.6958923339844,0.6872183680534363,0.0004689873894676566,607.7698974609375,1.9723656177520752,False,0.1168346256017685,0.6666219234466553,True,control_5step
offline_pretrain,13,0,1.0,32,0,160,0,171.6272735595703,522.6036376953125,0.5594539642333984,46.89346694946289,171.6272735595703,522.6036376953125,0.5594539642333984,0.000468934653326869,694.7908325195312,1.522433876991272,False,0.11116021126508713,0.2943277657032013,True,control_5step
offline_pretrain,14,0,1.0,32,0,160,0,52.913936614990234,76.68189239501953,0.7082881927490234,46.888301849365234,52.913936614990234,76.68189239501953,0.7082881927490234,0.0004688829940278083,130.30458068847656,1.6463099718093872,False,0.1002071350812912,0.3021341562271118,True,control_5step
offline_pretrain,15,0,1.0,32,0,160,0,145.4013214111328,153.85714721679688,0.5856891870498657,46.88320541381836,145.4013214111328,153.85714721679688,0.5856891870498657,0.00046883203322067857,299.8446350097656,1.311712384223938,False,0.10218390822410583,0.30968591570854187,True,control_5step
offline_pretrain,16,0,1.0,32,0,160,0,120.60005950927734,667.9949340820312,0.6414362192153931,46.87822723388672,120.60005950927734,667.9949340820312,0.6414362192153931,0.00046878226567059755,789.2368774414062,1.7206413745880127,False,0.11797252297401428,0.6449993848800659,True,control_5step
offline_pretrain,17,0,1.0,32,0,160,0,195.362548828125,389.91607666015625,0.5173465013504028,46.87346267700195,195.362548828125,389.91607666015625,0.5173465013504028,0.0004687346227001399,585.7964477539062,1.3291068077087402,False,0.1160053014755249,0.3247424066066742,True,control_5step
offline_pretrain,18,0,1.0,32,0,160,0,119.19091033935547,319.3630065917969,0.6268753409385681,46.868709564208984,119.19091033935547,319.3630065917969,0.6268753409385681,0.00046868709614500403,439.1812438964844,1.5062123537063599,False,0.10939431935548782,0.3324525058269501,True,control_5step
offline_pretrain,19,0,1.0,32,0,160,0,143.238525390625,144.10743713378906,0.5889167785644531,46.86422348022461,143.238525390625,144.10743713378906,0.5889167785644531,0.00046864221803843975,287.9353332519531,1.3913068771362305,False,0.10412583500146866,0.41559404134750366,True,control_5step
offline_pretrain,20,0,1.0,32,0,160,0,147.56568908691406,334.0251770019531,0.5570508241653442,46.86030960083008,147.56568908691406,334.0251770019531,0.5570508241653442,0.00046860307338647544,482.14837646484375,1.361020803451538,False,0.10760357975959778,0.3809374272823334,True,control_5step
offline_pretrain,21,0,1.0,32,0,160,0,107.30471801757812,296.93548583984375,0.5976995825767517,46.856544494628906,107.30471801757812,296.93548583984375,0.5976995825767517,0.0004685654421336949,404.8383483886719,1.424855351448059,False,0.1084086075425148,0.6181602478027344,True,control_5step
offline_pretrain,22,0,1.0,32,0,160,0,100.6321792602539,109.3773422241211,0.6129775643348694,46.85282516479492,100.6321792602539,109.3773422241211,0.6129775643348694,0.0004685282474383712,210.6229705810547,1.431357741355896,False,0.10541070252656937,0.36253511905670166,True,control_5step
offline_pretrain,23,0,1.0,32,0,160,0,96.53864288330078,275.9466247558594,0.6329466700553894,46.84918212890625,96.53864288330078,275.9466247558594,0.6329466700553894,0.00046849180944263935,373.11865234375,1.6188709735870361,False,0.11355887353420258,0.6069203615188599,True,control_5step
offline_pretrain,24,0,1.0,32,0,160,0,171.6296844482422,171.63026428222656,0.5276830196380615,46.84563064575195,171.6296844482422,171.63026428222656,0.5276830196380615,0.00046845630276948214,343.7880859375,1.3377081155776978,False,0.10738231986761093,0.3771117627620697,True,control_5step
offline_pretrain,25,0,1.0,32,0,160,0,93.12189483642578,101.50183868408203,0.6487257480621338,46.84221649169922,93.12189483642578,101.50183868408203,0.6487257480621338,0.0004684221639763564,195.27293395996094,1.5284085273742676,False,0.10294445604085922,0.3841749429702759,True,control_5step
offline_pretrain,26,0,1.0,32,0,160,0,28.625247955322266,219.69015502929688,0.6922886967658997,46.83912658691406,28.625247955322266,219.69015502929688,0.6922886967658997,0.00046839125570841134,249.00816345214844,1.527705430984497,False,0.09213879704475403,0.4063803255558014,True,control_5step
offline_pretrain,27,0,1.0,32,0,160,0,57.01318359375,259.20489501953125,0.6366579532623291,46.83610153198242,57.01318359375,259.20489501953125,0.6366579532623291,0.0004683610168285668,316.8551940917969,1.3183892965316772,False,0.10096469521522522,0.5837827324867249,True,control_5step
offline_pretrain,28,0,1.0,32,0,160,0,111.94898986816406,112.38063049316406,0.5340935587882996,46.833011627197266,111.94898986816406,112.38063049316406,0.5340935587882996,0.00046833010856062174,224.8641815185547,1.2566580772399902,False,0.10502555221319199,0.40495386719703674,True,control_5step
offline_pretrain,29,0,1.0,32,0,160,0,54.62230682373047,260.5531311035156,0.6473842263221741,46.82992935180664,54.62230682373047,260.5531311035156,0.6473842263221741,0.00046829928760416806,315.8232727050781,1.2959086894989014,False,0.09234106540679932,0.4118868410587311,True,control_5step
offline_pretrain,30,0,1.0,32,0,160,0,171.37142944335938,352.6567077636719,0.522229790687561,46.826900482177734,171.37142944335938,352.6567077636719,0.522229790687561,0.0004682689905166626,524.5508422851562,1.3010003566741943,False,0.11273694038391113,0.4333447217941284,True,control_5step
offline_pretrain,31,0,1.0,32,0,160,0,153.6636505126953,193.45652770996094,0.5567712783813477,46.824119567871094,153.6636505126953,193.45652770996094,0.5567712783813477,0.0004682411963585764,347.6773986816406,0.9909790754318237,False,0.10836924612522125,0.4258970618247986,True,control_5step
offline_pretrain,32,0,1.0,32,0,160,0,240.7819366455078,255.9676513671875,0.42426925897598267,46.82144546508789,240.7819366455078,255.9676513671875,0.42426925897598267,0.0004682144499383867,497.1742858886719,1.0148736238479614,False,0.1209925040602684,0.43273308873176575,True,control_5step
offline_pretrain,33,0,1.0,32,0,160,0,106.3189697265625,130.33615112304688,0.5404673218727112,46.818878173828125,106.3189697265625,130.33615112304688,0.5404673218727112,0.00046818878035992384,237.19606018066406,0.9322534799575806,False,0.09908255189657211,0.43958988785743713,True,control_5step
offline_pretrain,34,0,1.0,32,0,160,0,80.82938385009766,253.72222900390625,0.5591104030609131,46.816349029541016,80.82938385009766,253.72222900390625,0.5591104030609131,0.00046816348913125694,335.1111755371094,1.1568195819854736,False,0.09733685106039047,0.48654234409332275,True,control_5step
offline_pretrain,35,0,1.0,32,0,160,0,128.080078125,151.7922821044922,0.5353437662124634,46.813804626464844,128.080078125,151.7922821044922,0.5353437662124634,0.0004681380232796073,280.4081726074219,1.0749682188034058,False,0.10074961930513382,0.4530418813228607,True,control_5step
offline_pretrain,36,0,1.0,32,0,160,0,77.26262664794922,101.44151306152344,0.5813349485397339,46.811378479003906,77.26262664794922,101.44151306152344,0.5813349485397339,0.00046811377978883684,179.2859344482422,1.202513575553894,False,0.101972796022892,0.46873950958251953,True,control_5step
offline_pretrain,37,0,1.0,32,0,160,0,73.22486877441406,89.67288970947266,0.5919358730316162,46.808921813964844,73.22486877441406,89.67288970947266,0.5919358730316162,0.00046808921615593135,163.49017333984375,1.3428006172180176,False,0.10975521057844162,0.47407883405685425,True,control_5step
offline_pretrain,38,0,1.0,32,0,160,0,141.73809814453125,318.7447204589844,0.5300076603889465,46.80651092529297,141.73809814453125,318.7447204589844,0.5300076603889465,0.0004680650890804827,461.0132751464844,1.3848271369934082,False,0.11648837476968765,0.4793316721916199,True,control_5step
offline_pretrain,39,0,1.0,32,0,160,0,74.13359069824219,83.23947143554688,0.5759357810020447,46.80419158935547,74.13359069824219,83.23947143554688,0.5759357810020447,0.0004680418933276087,157.94947814941406,1.1997029781341553,False,0.10107401013374329,0.47947120666503906,True,control_5step
offline_pretrain,40,0,1.0,32,0,160,0,136.55996704101562,183.28421020507812,0.49015891551971436,46.801944732666016,136.55996704101562,183.28421020507812,0.49015891551971436,0.0004680194251704961,320.3348083496094,0.938788890838623,False,0.09588194638490677,0.48592638969421387,True,control_5step
offline_pretrain,41,0,1.0,32,0,160,0,212.32919311523438,220.88829040527344,0.4541385769844055,46.7996711730957,212.32919311523438,220.88829040527344,0.4541385769844055,0.0004679966950789094,433.67205810546875,1.0077687501907349,False,0.11180256307125092,0.4922444522380829,True,control_5step
offline_pretrain,42,0,1.0,32,0,160,0,79.94569396972656,104.76996612548828,0.5705591440200806,46.79756164550781,79.94569396972656,104.76996612548828,0.5705591440200806,0.00046797559480182827,185.2866973876953,1.0781439542770386,False,0.09643088281154633,0.49863648414611816,True,control_5step
offline_pretrain,43,0,1.0,32,0,160,0,53.0023193359375,243.11489868164062,0.5865210294723511,46.79547119140625,53.0023193359375,243.11489868164062,0.5865210294723511,0.00046795469825156033,296.7041931152344,1.4312812089920044,False,0.10580667853355408,0.5049067735671997,True,control_5step
offline_pretrain,44,0,1.0,32,0,160,0,131.9296112060547,163.2293701171875,0.4824756383895874,46.79372787475586,131.9296112060547,163.2293701171875,0.4824756383895874,0.00046793726505711675,295.6419372558594,1.0232558250427246,False,0.10432130843400955,0.5113347768783569,True,control_5step
offline_pretrain,45,0,1.0,32,0,160,0,103.54850769042969,294.7962646484375,0.5168346762657166,46.792118072509766,103.54850769042969,294.7962646484375,0.5168346762657166,0.0004679211706388742,398.8620910644531,1.1585599184036255,False,0.10439936816692352,0.5595503449440002,True,control_5step
offline_pretrain,46,0,1.0,32,0,160,0,59.10887908935547,67.50109100341797,0.5320084095001221,46.790679931640625,59.10887908935547,67.50109100341797,0.5320084095001221,0.00046790679334662855,127.14244079589844,0.9685953855514526,False,0.09084777534008026,0.5241548418998718,True,control_5step
offline_pretrain,47,0,1.0,32,0,160,0,157.3681182861328,158.67343139648438,0.43905922770500183,46.78926467895508,157.3681182861328,158.67343139648438,0.43905922770500183,0.0004678926488850266,316.4810791015625,0.8617452383041382,False,0.10461688786745071,0.5302693843841553,True,control_5step
offline_pretrain,48,0,1.0,32,0,160,0,169.58782958984375,169.5895538330078,0.4434681534767151,46.787776947021484,169.58782958984375,169.5895538330078,0.4434681534767151,0.0004678777477238327,339.6213073730469,1.2223492860794067,False,0.11251603066921234,0.5363916158676147,True,control_5step
offline_pretrain,49,0,1.0,32,0,160,0,122.50054168701172,300.4640197753906,0.48976442217826843,46.78649139404297,122.50054168701172,300.4640197753906,0.48976442217826843,0.0004678649129346013,423.4548034667969,1.2373586893081665,False,0.11516642570495605,0.6043282747268677,True,control_5step
offline_pretrain,50,0,1.0,32,0,160,0,145.958740234375,335.1603698730469,0.48000386357307434,46.78538513183594,145.958740234375,335.1603698730469,0.48000386357307434,0.00046785385347902775,481.5995788574219,1.2950024604797363,False,0.11750967055559158,0.6119255423545837,True,control_5step
offline_pretrain,51,0,1.0,32,0,160,0,127.0400390625,315.194580078125,0.4725054204463959,46.78432846069336,127.0400390625,315.194580078125,0.4725054204463959,0.0004678432596847415,442.70758056640625,1.1340253353118896,False,0.11042063683271408,0.6206749677658081,True,control_5step
offline_pretrain,52,0,1.0,32,0,160,0,56.16154098510742,72.18679809570312,0.5359896421432495,46.783260345458984,56.16154098510742,72.18679809570312,0.5359896421432495,0.0004678325785789639,128.8848114013672,0.9519476294517517,False,0.09440501779317856,0.5620582103729248,True,control_5step
offline_pretrain,53,0,1.0,32,0,160,0,75.4612808227539,83.7174301147461,0.524946391582489,46.78208923339844,75.4612808227539,83.7174301147461,0.524946391582489,0.00046782087883912027,159.70413208007812,0.948039174079895,False,0.10036233812570572,0.5685093998908997,True,control_5step
offline_pretrain,54,0,1.0,32,0,160,0,126.88331604003906,127.3253402709961,0.4844479560852051,46.78096008300781,126.88331604003906,127.3253402709961,0.4844479560852051,0.00046780958655290306,254.69357299804688,1.0277844667434692,False,0.09824349731206894,0.574836015701294,True,control_5step
offline_pretrain,55,0,1.0,32,0,160,0,122.46636962890625,318.659912109375,0.47762349247932434,46.78003692626953,122.46636962890625,318.659912109375,0.47762349247932434,0.00046780036063864827,441.6043701171875,1.2002544403076172,False,0.1107521653175354,0.6575401425361633,True,control_5step
offline_pretrain,56,0,1.0,32,0,160,0,103.88291931152344,295.99615478515625,0.4577828645706177,46.77925491333008,103.88291931152344,295.99615478515625,0.4577828645706177,0.0004677925317082554,400.33734130859375,1.3526771068572998,False,0.1148078590631485,0.5876040458679199,True,control_5step
offline_pretrain,57,0,1.0,32,0,160,0,149.88002014160156,331.88348388671875,0.4557206928730011,46.77867889404297,149.88002014160156,331.88348388671875,0.4557206928730011,0.000467786769149825,482.21966552734375,1.057492971420288,False,0.11072978377342224,0.5941480994224548,True,control_5step
offline_pretrain,58,0,1.0,32,0,160,0,143.97714233398438,356.67352294921875,0.46537110209465027,46.77826690673828,143.97714233398438,356.67352294921875,0.46537110209465027,0.0004677826655097306,501.1164855957031,1.1721885204315186,False,0.11409102380275726,0.6856765747070312,True,control_5step
offline_pretrain,59,0,1.0,32,0,160,0,134.1235809326172,149.92388916015625,0.4450992941856384,46.777801513671875,134.1235809326172,149.92388916015625,0.4450992941856384,0.0004677780088968575,284.4930419921875,0.783440887928009,False,0.09978073090314865,0.6081328392028809,True,control_5step
offline_pretrain,60,0,1.0,32,0,160,0,116.67231750488281,503.9024963378906,0.4272189736366272,46.77747344970703,116.67231750488281,503.9024963378906,0.4272189736366272,0.0004677747201640159,621.0025634765625,1.0294395685195923,False,0.10894928872585297,0.7054110765457153,True,control_5step
offline_pretrain,61,0,1.0,32,0,160,0,155.13058471679688,171.91844177246094,0.4103372097015381,46.77720642089844,155.13058471679688,171.91844177246094,0.4103372097015381,0.00046777204261161387,327.4598083496094,0.9742813110351562,False,0.10997343063354492,0.6222953796386719,True,control_5step
offline_pretrain,62,0,1.0,32,0,160,0,124.70443725585938,286.3273620605469,0.45114946365356445,46.776920318603516,124.70443725585938,286.3273620605469,0.45114946365356445,0.0004677691904362291,411.4833984375,1.1487290859222412,False,0.10152672231197357,0.6295194625854492,True,control_5step
offline_pretrain,63,0,1.0,32,0,160,0,101.41035461425781,171.16656494140625,0.4649984538555145,46.776851654052734,101.41035461425781,171.16656494140625,0.4649984538555145,0.00046776849194429815,273.0423583984375,0.9726563692092896,False,0.103876993060112,0.636852502822876,True,control_5step
offline_pretrain,64,0,1.0,32,0,160,0,77.69322967529297,241.1397705078125,0.46662646532058716,46.776588439941406,77.69322967529297,241.1397705078125,0.46662646532058716,0.00046776587259955704,319.3000793457031,1.2262791395187378,False,0.10872265696525574,0.7447105050086975,True,control_5step
offline_pretrain,65,0,1.0,32,0,160,0,151.1051483154297,152.42872619628906,0.43021494150161743,46.77654266357422,151.1051483154297,152.42872619628906,0.43021494150161743,0.00046776540693826973,303.96453857421875,0.9801114201545715,False,0.10403083264827728,0.6509556770324707,True,control_5step
offline_pretrain,66,0,1.0,32,0,160,0,82.21537780761719,267.6488342285156,0.47381582856178284,46.77671813964844,82.21537780761719,267.6488342285156,0.47381582856178284,0.0004677671822719276,350.3384704589844,1.111767053604126,False,0.10292660444974899,0.7640655040740967,True,control_5step
offline_pretrain,67,0,1.0,32,0,160,0,125.77085876464844,626.4818725585938,0.4057464897632599,46.777034759521484,125.77085876464844,626.4818725585938,0.4057464897632599,0.0004677703254856169,752.6589965820312,1.4049873352050781,False,0.11927855014801025,0.77424556016922,True,control_5step
offline_pretrain,68,0,1.0,32,0,160,0,84.40335083007812,285.8274841308594,0.46438318490982056,46.7776985168457,84.40335083007812,285.8274841308594,0.46438318490982056,0.00046777696115896106,370.6956787109375,0.9780181050300598,False,0.0947239026427269,0.672496497631073,True,control_5step
offline_pretrain,69,0,1.0,32,0,160,0,126.98773956298828,143.44204711914062,0.4400314390659332,46.778411865234375,126.98773956298828,143.44204711914062,0.4400314390659332,0.0004677841207012534,270.8702697753906,0.9318651556968689,False,0.10287132859230042,0.6800796389579773,True,control_5step
offline_pretrain,70,0,1.0,32,0,160,0,189.2400360107422,204.99098205566406,0.40791404247283936,46.778934478759766,189.2400360107422,204.99098205566406,0.40791404247283936,0.00046778933028690517,394.639404296875,1.120161533355713,False,0.11499492079019547,0.6876310110092163,True,control_5step
offline_pretrain,71,0,1.0,32,0,160,0,39.15542984008789,373.86700439453125,0.44126981496810913,46.77971649169922,39.15542984008789,373.86700439453125,0.44126981496810913,0.00046779715921729803,413.46417236328125,1.2168231010437012,False,0.11591092497110367,0.8165282607078552,True,control_5step
offline_pretrain,72,0,1.0,32,0,160,0,142.54844665527344,175.84869384765625,0.43425485491752625,46.780494689941406,142.54844665527344,175.84869384765625,0.43425485491752625,0.00046780492994003,318.8318786621094,0.9508973956108093,False,0.10856800526380539,0.703007698059082,True,control_5step
offline_pretrain,73,0,1.0,32,0,160,0,123.68029022216797,298.0482177734375,0.361769437789917,46.78132629394531,123.68029022216797,298.0482177734375,0.361769437789917,0.0004678132536355406,422.0907287597656,0.894191563129425,False,0.10437934845685959,0.7468016147613525,True,control_5step
offline_pretrain,74,0,1.0,32,0,160,0,75.14008331298828,282.357421875,0.4499422311782837,46.782257080078125,75.14008331298828,282.357421875,0.4499422311782837,0.00046782256686128676,357.9479064941406,1.0311936140060425,False,0.10478992760181427,0.7180783152580261,True,control_5step
offline_pretrain,75,0,1.0,32,0,160,0,94.80429077148438,293.34417724609375,0.46285390853881836,46.783321380615234,94.80429077148438,293.34417724609375,0.46285390853881836,0.00046783318975940347,388.6117858886719,1.1375858783721924,False,0.10902415961027145,0.8576838970184326,True,control_5step
offline_pretrain,76,0,1.0,32,0,160,0,58.819034576416016,74.38973999023438,0.4282677173614502,46.784576416015625,58.819034576416016,74.38973999023438,0.4282677173614502,0.0004678457626141608,133.63751220703125,0.9634845852851868,False,0.10504856705665588,0.7331251502037048,True,control_5step
offline_pretrain,77,0,1.0,32,0,160,0,106.15748596191406,276.0409240722656,0.3963671624660492,46.785743713378906,106.15748596191406,276.0409240722656,0.3963671624660492,0.0004678574332501739,382.5952453613281,1.0067813396453857,False,0.10765703022480011,0.7403043508529663,True,control_5step
offline_pretrain,78,0,1.0,32,0,160,0,56.832855224609375,264.7674865722656,0.4365006685256958,46.78701400756836,56.832855224609375,264.7674865722656,0.4365006685256958,0.00046787012252025306,322.03729248046875,0.936953604221344,False,0.10553765296936035,0.7819098234176636,True,control_5step
offline_pretrain,79,0,1.0,32,0,160,0,55.999755859375,104.26030731201172,0.4882790446281433,46.7882080078125,55.999755859375,104.26030731201172,0.4882790446281433,0.0004678820550907403,160.7488250732422,0.8498005867004395,False,0.09559091925621033,0.7547792196273804,True,control_5step
offline_pretrain,80,0,1.0,32,0,160,0,104.94719696044922,167.95208740234375,0.4231317639350891,46.78993225097656,104.94719696044922,167.95208740234375,0.4231317639350891,0.00046789931366220117,273.3228759765625,0.8716514110565186,False,0.10768076777458191,0.7618551850318909,True,control_5step
offline_pretrain,81,0,1.0,32,0,160,0,48.48651123046875,241.98904418945312,0.45123955607414246,46.791664123535156,48.48651123046875,241.98904418945312,0.45123955607414246,0.0004679166304413229,290.92724609375,1.0891278982162476,False,0.1082739382982254,0.9105371832847595,True,control_5step
offline_pretrain,82,0,1.0,32,0,160,0,118.39644622802734,279.14825439453125,0.353421151638031,46.793365478515625,118.39644622802734,279.14825439453125,0.353421151638031,0.0004679336561821401,397.8985900878906,1.0312319993972778,False,0.11156880855560303,0.9187391996383667,True,control_5step
offline_pretrain,83,0,1.0,32,0,160,0,149.5751953125,173.6403045654297,0.37682974338531494,46.795204162597656,149.5751953125,173.6403045654297,0.37682974338531494,0.0004679520206991583,323.5928039550781,0.9491901397705078,False,0.1118750274181366,0.7825033664703369,True,control_5step
offline_pretrain,84,0,1.0,32,0,160,0,78.09659576416016,301.4619445800781,0.4160458743572235,46.79721450805664,78.09659576416016,301.4619445800781,0.4160458743572235,0.0004679721314460039,379.97503662109375,1.0063401460647583,False,0.1061721220612526,0.7897053360939026,True,control_5step
offline_pretrain,85,0,1.0,32,0,160,0,135.38140869140625,637.7229614257812,0.3225071132183075,46.799354553222656,135.38140869140625,637.7229614257812,0.3225071132183075,0.0004679935227613896,773.4273681640625,1.253801703453064,False,0.13230131566524506,0.9444252252578735,True,control_5step
offline_pretrain,86,0,1.0,32,0,160,0,97.10440826416016,120.96590423583984,0.40500810742378235,46.8016471862793,97.10440826416016,120.96590423583984,0.40500810742378235,0.0004680164565797895,218.47579956054688,1.112479329109192,False,0.10912040621042252,0.805168867111206,True,control_5step
offline_pretrain,87,0,1.0,32,0,160,0,62.86454772949219,418.35357666015625,0.39112773537635803,46.80412292480469,62.86454772949219,418.35357666015625,0.39112773537635803,0.0004680412239395082,481.6097106933594,1.0920525789260864,False,0.10953066498041153,0.8132994174957275,True,control_5step
offline_pretrain,88,0,1.0,32,0,160,0,85.33576965332031,261.0093688964844,0.37595805525779724,46.806785583496094,85.33576965332031,261.0093688964844,0.37595805525779724,0.0004680678539443761,346.7215576171875,1.101797342300415,False,0.11208783090114594,0.9738782048225403,True,control_5step
offline_pretrain,89,0,1.0,32,0,160,0,83.04139709472656,115.66390991210938,0.4305424690246582,46.809593200683594,83.04139709472656,115.66390991210938,0.4305424690246582,0.0004680959100369364,199.13632202148438,0.8275240659713745,False,0.10168524831533432,0.8298758864402771,True,control_5step
offline_pretrain,90,0,1.0,32,0,160,0,162.38467407226562,345.9233703613281,0.3552441895008087,46.81234359741211,162.38467407226562,345.9233703613281,0.3552441895008087,0.000468123413156718,508.66375732421875,1.098610281944275,False,0.12285987287759781,0.8666845560073853,True,control_5step
offline_pretrain,91,0,1.0,32,0,160,0,103.20236206054688,103.20659637451172,0.37980735301971436,46.815311431884766,103.20236206054688,103.20659637451172,0.37980735301971436,0.0004681530990637839,206.78924560546875,1.0062694549560547,False,0.11164576560258865,0.8461328744888306,True,control_5step
offline_pretrain,92,0,1.0,32,0,160,0,79.14795684814453,134.08541870117188,0.39630141854286194,46.81838607788086,79.14795684814453,134.08541870117188,0.39630141854286194,0.00046818386181257665,213.63014221191406,1.0896086692810059,False,0.11870990693569183,0.8543258905410767,True,control_5step
offline_pretrain,93,0,1.0,32,0,160,0,82.41398620605469,114.72047424316406,0.3953058123588562,46.821598052978516,82.41398620605469,114.72047424316406,0.3953058123588562,0.00046821596333757043,197.53024291992188,0.7620944380760193,False,0.10747577995061874,0.8621540665626526,True,control_5step
offline_pretrain,94,0,1.0,32,0,160,0,171.93247985839844,514.9569702148438,0.2997226417064667,46.82470703125,171.93247985839844,514.9569702148438,0.2997226417064667,0.0004682470462284982,687.189697265625,1.3524385690689087,False,0.12949822843074799,0.8964371085166931,True,control_5step
offline_pretrain,95,0,1.0,32,0,160,0,121.0594482421875,152.55690002441406,0.365998238325119,46.82810974121094,121.0594482421875,152.55690002441406,0.365998238325119,0.0004682810977101326,273.9827880859375,0.9477774500846863,False,0.11891327798366547,0.8777827024459839,True,control_5step
offline_pretrain,96,0,1.0,32,0,160,0,85.39279174804688,101.01901245117188,0.35366809368133545,46.83168029785156,85.39279174804688,101.01901245117188,0.35366809368133545,0.00046831677900627255,186.7659454345703,0.8997808694839478,False,0.11836695671081543,0.8856247067451477,True,control_5step
offline_pretrain,97,0,1.0,32,0,160,0,99.95770263671875,267.3960876464844,0.36446601152420044,46.83506393432617,99.95770263671875,267.3960876464844,0.36446601152420044,0.00046835062676109374,367.7187194824219,0.8575282096862793,False,0.11618708074092865,0.9183245301246643,True,control_5step
offline_pretrain,98,0,1.0,32,0,160,0,101.6220932006836,604.0868530273438,0.32591742277145386,46.8385124206543,101.6220932006836,604.0868530273438,0.32591742277145386,0.00046838511480018497,706.0353393554688,1.0522993803024292,False,0.13480159640312195,1.0603471994400024,True,control_5step
offline_pretrain,99,0,1.0,32,0,160,0,19.14503288269043,27.868005752563477,0.3735852539539337,46.84220504760742,19.14503288269043,27.868005752563477,0.3735852539539337,0.00046842204756103456,47.38709259033203,1.0007513761520386,False,0.11028750240802765,0.5602160692214966,True,control_5step
offline_pretrain,100,0,1.0,32,0,160,0,56.77544403076172,216.91392517089844,0.34039005637168884,46.84598159790039,56.77544403076172,216.91392517089844,0.34039005637168884,0.00046845979522913694,274.03021240234375,0.6763115525245667,False,0.11324422806501389,0.914887547492981,True,control_5step
offline_pretrain,101,0,1.0,32,0,160,0,80.23540496826172,88.49778747558594,0.3532696068286896,46.84954071044922,80.23540496826172,88.49778747558594,0.3532696068286896,0.00046849538921378553,169.08692932128906,0.7903281450271606,False,0.1134895384311676,0.9215350151062012,True,control_5step
offline_pretrain,102,0,1.0,32,0,160,0,95.35334014892578,135.0032958984375,0.37522804737091064,46.852943420410156,95.35334014892578,135.0032958984375,0.37522804737091064,0.00046852941159158945,230.73233032226562,0.9098170399665833,False,0.12346330285072327,0.9277543425559998,True,control_5step
offline_pretrain,103,0,1.0,32,0,160,0,139.17080688476562,307.3109436035156,0.28200435638427734,46.85649871826172,139.17080688476562,307.3109436035156,0.28200435638427734,0.0004685649764724076,446.76422119140625,0.6644338965415955,False,0.1385630965232849,1.0928328037261963,True,control_5step
offline_pretrain,104,0,1.0,32,0,160,0,33.91010284423828,58.30440902709961,0.3595000207424164,46.860145568847656,33.91010284423828,58.30440902709961,0.3595000207424164,0.00046860144357196987,92.57447052001953,1.0117127895355225,False,0.12278273701667786,0.9394542574882507,True,control_5step
offline_pretrain,105,0,1.0,32,0,160,0,77.37999725341797,416.754638671875,0.3345092236995697,46.86387634277344,77.37999725341797,416.754638671875,0.3345092236995697,0.0004686387546826154,494.4696044921875,0.8566039204597473,False,0.1302219033241272,0.9654715061187744,True,control_5step
offline_pretrain,106,0,1.0,32,0,160,0,82.19770050048828,90.7864990234375,0.35198044776916504,46.8678092956543,82.19770050048828,90.7864990234375,0.35198044776916504,0.00046867807395756245,173.33663940429688,0.8537680506706238,False,0.12243238091468811,0.9499598145484924,True,control_5step
offline_pretrain,107,0,1.0,32,0,160,0,109.10123443603516,266.1438293457031,0.28425660729408264,46.87187576293945,109.10123443603516,266.1438293457031,0.28425660729408264,0.0004687187320087105,375.52978515625,0.9082534313201904,False,0.12954652309417725,0.9746369123458862,True,control_5step
offline_pretrain,108,0,1.0,32,0,160,0,63.29215621948242,222.61776733398438,0.36235475540161133,46.875953674316406,63.29215621948242,222.61776733398438,0.36235475540161133,0.00046875953557901084,286.2727355957031,0.7056718468666077,False,0.12427205592393875,0.959658145904541,True,control_5step
offline_pretrain,109,0,1.0,32,0,160,0,128.4790496826172,145.36984252929688,0.3066306710243225,46.880043029785156,128.4790496826172,145.36984252929688,0.3066306710243225,0.00046880042646080256,274.1559753417969,0.8309621810913086,False,0.14158573746681213,0.9641265273094177,True,control_5step
offline_pretrain,110,0,1.0,32,0,160,0,135.8284454345703,331.652099609375,0.2975732386112213,46.88429641723633,135.8284454345703,331.652099609375,0.2975732386112213,0.00046884294715709984,467.778564453125,0.691430389881134,False,0.13238833844661713,0.9686998724937439,True,control_5step
offline_pretrain,111,0,1.0,32,0,160,0,183.3031005859375,185.07476806640625,0.28336766362190247,46.88850021362305,183.3031005859375,185.07476806640625,0.28336766362190247,0.0004688850021921098,368.66168212890625,0.6474440693855286,False,0.1353049874305725,0.9733991622924805,True,control_5step
offline_pretrain,112,0,1.0,32,0,160,0,182.32098388671875,520.0685424804688,0.25975847244262695,46.892555236816406,182.32098388671875,520.0685424804688,0.25975847244262695,0.00046892554382793605,702.6497802734375,0.6145139932632446,False,0.14882038533687592,1.1369267702102661,True,control_5step
offline_pretrain,113,0,1.0,32,0,160,0,113.90026092529297,451.46533203125,0.28247106075286865,46.8964958190918,113.90026092529297,451.46533203125,0.28247106075286865,0.00046896495041437447,565.6485595703125,0.6889688372612,False,0.1430259644985199,1.1415964365005493,True,control_5step
offline_pretrain,114,0,1.0,32,0,160,0,146.4347381591797,146.8656005859375,0.28684595227241516,46.90037536621094,146.4347381591797,146.8656005859375,0.28684595227241516,0.0004690037458203733,293.587646484375,0.6647267937660217,False,0.13793723285198212,0.9889516830444336,True,control_5step
offline_pretrain,115,0,1.0,32,0,160,0,84.93187713623047,257.2845458984375,0.3044467568397522,46.90415573120117,84.93187713623047,257.2845458984375,0.3044467568397522,0.0004690415516961366,342.5213317871094,0.7333597540855408,False,0.1380942165851593,1.150498390197754,True,control_5step
offline_pretrain,116,0,1.0,32,0,160,0,108.44255828857422,146.54835510253906,0.3076258897781372,46.90802001953125,108.44255828857422,146.54835510253906,0.3076258897781372,0.00046908020158298314,255.29901123046875,0.8315225839614868,False,0.1313672661781311,0.998488187789917,True,control_5step
offline_pretrain,117,0,1.0,32,0,160,0,62.705196380615234,71.25249481201172,0.33137887716293335,46.911991119384766,62.705196380615234,71.25249481201172,0.33137887716293335,0.0004691198992077261,134.28953552246094,0.7749162316322327,False,0.13074952363967896,1.0033494234085083,True,control_5step
offline_pretrain,118,0,1.0,32,0,160,0,82.82989501953125,122.02777099609375,0.363632470369339,46.9160041809082,82.82989501953125,122.02777099609375,0.363632470369339,0.00046916003338992596,205.22177124023438,0.7436162233352661,False,0.12997780740261078,1.0076804161071777,True,control_5step
offline_pretrain,119,0,1.0,32,0,160,0,103.53181457519531,457.7750244140625,0.25817665457725525,46.9200325012207,103.53181457519531,457.7750244140625,0.25817665457725525,0.0004692003130912781,561.5654907226562,0.8272873759269714,False,0.15616931021213531,1.0257668495178223,True,control_5step
offline_pretrain,120,0,1.0,32,0,160,0,78.6491470336914,86.6048812866211,0.31841573119163513,46.924068450927734,78.6491470336914,86.6048812866211,0.31841573119163513,0.00046924068010412157,165.5729217529297,0.8625103831291199,False,0.13500158488750458,1.0163013935089111,True,control_5step
offline_pretrain,121,0,1.0,32,0,160,0,33.56876754760742,73.1085433959961,0.32882314920425415,46.9282341003418,33.56876754760742,73.1085433959961,0.32882314920425415,0.00046928232768550515,107.00660705566406,0.8614253997802734,False,0.13590461015701294,1.0203313827514648,True,control_5step
offline_pretrain,122,0,1.0,32,0,160,0,138.35931396484375,138.8098602294922,0.24784411489963531,46.932132720947266,138.35931396484375,138.8098602294922,0.24784411489963531,0.0004693213268183172,277.41748046875,0.6203129887580872,False,0.15538747608661652,1.0234615802764893,True,control_5step
offline_pretrain,123,0,1.0,32,0,160,0,151.14247131347656,174.8838348388672,0.23856298625469208,46.935733795166016,151.14247131347656,174.8838348388672,0.23856298625469208,0.00046935732825659215,326.26531982421875,0.8404585719108582,False,0.16008539497852325,1.0262069702148438,True,control_5step
offline_pretrain,124,0,1.0,32,0,160,0,104.82036590576172,105.2532730102539,0.26311177015304565,46.93946838378906,104.82036590576172,105.2532730102539,0.26311177015304565,0.00046939466847106814,210.33721923828125,0.6978544592857361,False,0.14979296922683716,1.0292341709136963,True,control_5step
offline_pretrain,125,0,1.0,32,0,160,0,108.72752380371094,283.09979248046875,0.26125970482826233,46.942893981933594,108.72752380371094,283.09979248046875,0.26125970482826233,0.0004694289236795157,392.08905029296875,0.7528740167617798,False,0.15947574377059937,1.0422382354736328,True,control_5step
offline_pretrain,126,0,1.0,32,0,160,0,62.565391540527344,393.7066955566406,0.2911582291126251,46.94650650024414,62.565391540527344,393.7066955566406,0.2911582291126251,0.0004694650415331125,456.563720703125,0.6574863195419312,False,0.1563989520072937,1.187811017036438,True,control_5step
offline_pretrain,127,0,1.0,32,0,160,0,190.41921997070312,215.46493530273438,0.2884146571159363,46.95017623901367,190.41921997070312,215.46493530273438,0.2884146571159363,0.00046950174146331847,406.17303466796875,0.7613465785980225,False,0.16178280115127563,1.0367364883422852,True,control_5step
offline_pretrain,128,0,1.0,32,0,160,0,83.31388092041016,242.6717987060547,0.3031529486179352,46.95401382446289,83.31388092041016,242.6717987060547,0.3031529486179352,0.0004695401294156909,326.289306640625,0.7377791404724121,False,0.14307856559753418,1.0398787260055542,True,control_5step
offline_pretrain,129,0,1.0,32,0,160,0,136.8689727783203,185.27603149414062,0.2879542410373688,46.95795822143555,136.8689727783203,185.27603149414062,0.2879542410373688,0.0004695795651059598,322.4334411621094,0.6595897078514099,False,0.1621103584766388,1.0432186126708984,True,control_5step
offline_pretrain,130,0,1.0,32,0,160,0,105.14031982421875,467.20172119140625,0.2578861117362976,46.96180725097656,105.14031982421875,467.20172119140625,0.2578861117362976,0.00046961806947365403,572.6004028320312,0.6884716749191284,False,0.1703370213508606,1.054284691810608,True,control_5step
offline_pretrain,131,0,1.0,32,0,160,0,101.40281677246094,274.8736572265625,0.22617706656455994,46.96563720703125,101.40281677246094,274.8736572265625,0.22617706656455994,0.0004696563701145351,376.50311279296875,0.7571858167648315,False,0.17814227938652039,1.0501720905303955,True,control_5step
offline_pretrain,132,0,1.0,32,0,160,0,58.143646240234375,67.56216430664062,0.2852717638015747,46.96930694580078,58.143646240234375,67.56216430664062,0.2852717638015747,0.00046969307004474103,125.9915542602539,0.791160523891449,False,0.16207224130630493,1.0530829429626465,True,control_5step
offline_pretrain,133,0,1.0,32,0,160,0,113.8340835571289,122.09442138671875,0.2897067070007324,46.973026275634766,113.8340835571289,122.09442138671875,0.2897067070007324,0.00046973026474006474,236.2186737060547,0.5782404541969299,False,0.1677592396736145,1.0557403564453125,True,control_5step
offline_pretrain,134,0,1.0,32,0,160,0,187.4597625732422,358.5527648925781,0.21053506433963776,46.97655487060547,187.4597625732422,358.5527648925781,0.21053506433963776,0.0004697655385825783,546.2235107421875,0.8387840390205383,False,0.18770715594291687,1.2079764604568481,True,control_5step
offline_pretrain,135,0,1.0,32,0,160,0,103.65032958984375,269.8094482421875,0.22091923654079437,46.98049545288086,103.65032958984375,269.8094482421875,0.22091923654079437,0.0004698049451690167,373.68115234375,0.9928265810012817,False,0.1749332994222641,1.065517783164978,True,control_5step
offline_pretrain,136,0,1.0,32,0,160,0,61.23625183105469,226.91110229492188,0.277680903673172,46.984683990478516,61.23625183105469,226.91110229492188,0.277680903673172,0.00046984682558104396,288.42547607421875,0.8099139332771301,False,0.15452207624912262,1.06434965133667,True,control_5step
offline_pretrain,137,0,1.0,32,0,160,0,88.8676528930664,435.7879333496094,0.2955091595649719,46.98906326293945,88.8676528930664,435.7879333496094,0.2955091595649719,0.00046989062684588134,524.9515991210938,0.7101325392723083,False,0.16221043467521667,1.067832589149475,True,control_5step
offline_pretrain,138,0,1.0,32,0,160,0,54.53181457519531,233.41885375976562,0.26006731390953064,46.99336242675781,54.53181457519531,233.41885375976562,0.26006731390953064,0.00046993361320346594,288.2112121582031,0.7949073910713196,False,0.16876950860023499,1.071516752243042,True,control_5step
offline_pretrain,139,0,1.0,32,0,160,0,130.2566375732422,145.29708862304688,0.218271404504776,46.99766540527344,130.2566375732422,145.29708862304688,0.218271404504776,0.000469976628664881,275.7724304199219,0.7903497219085693,False,0.18787230551242828,1.0749324560165405,True,control_5step
offline_pretrain,140,0,1.0,32,0,160,0,179.8529052734375,188.20147705078125,0.23459729552268982,47.0020866394043,179.8529052734375,188.20147705078125,0.23459729552268982,0.0004700208664871752,368.2894287109375,0.81182461977005,False,0.18164308369159698,1.0782276391983032,True,control_5step
offline_pretrain,141,0,1.0,32,0,160,0,244.79165649414062,261.36767578125,0.1930021196603775,47.006675720214844,244.79165649414062,261.36767578125,0.1930021196603775,0.00047006673412397504,506.352783203125,0.8432442545890808,False,0.20816223323345184,1.082187533378601,True,control_5step
offline_pretrain,142,0,1.0,32,0,160,0,99.24270629882812,288.8594970703125,0.2376825213432312,47.01145553588867,99.24270629882812,288.8594970703125,0.2376825213432312,0.00047011455171741545,388.34033203125,0.8459922075271606,False,0.1862236112356186,1.0867986679077148,True,control_5step
offline_pretrain,143,0,1.0,32,0,160,0,80.77569580078125,587.388427734375,0.22376835346221924,47.016395568847656,80.77569580078125,587.388427734375,0.22376835346221924,0.00047016394091770053,668.3883666992188,0.6599167585372925,False,0.18603727221488953,1.2312326431274414,True,control_5step
offline_pretrain,144,0,1.0,32,0,160,0,79.43705749511719,425.69293212890625,0.29655542969703674,47.02113342285156,79.43705749511719,425.69293212890625,0.29655542969703674,0.0004702113219536841,505.4270324707031,0.6432080864906311,False,0.1843702793121338,1.0955935716629028,True,control_5step
offline_pretrain,145,0,1.0,32,0,160,0,161.9733123779297,162.4094696044922,0.22263862192630768,47.02578353881836,161.9733123779297,162.4094696044922,0.22263862192630768,0.00047025782987475395,324.6058654785156,0.646153450012207,False,0.18316006660461426,1.0994373559951782,True,control_5step
offline_pretrain,146,0,1.0,32,0,160,0,181.0468292236328,351.75067138671875,0.22220705449581146,47.030487060546875,181.0468292236328,351.75067138671875,0.22220705449581146,0.00047030486166477203,533.0202026367188,0.7666025757789612,False,0.20323586463928223,1.103193998336792,True,control_5step
offline_pretrain,147,0,1.0,32,0,160,0,75.86851501464844,241.78089904785156,0.2092726230621338,47.035221099853516,75.86851501464844,241.78089904785156,0.2092726230621338,0.00047035221359692514,317.859130859375,0.7834709882736206,False,0.1940138190984726,1.1074060201644897,True,control_5step
offline_pretrain,148,0,1.0,32,0,160,0,107.14047241210938,131.70172119140625,0.2527489960193634,47.03988265991211,107.14047241210938,131.70172119140625,0.2527489960193634,0.00047039880882948637,239.0954132080078,0.7022587060928345,False,0.18447397649288177,1.111061453819275,True,control_5step
offline_pretrain,149,0,1.0,32,0,160,0,34.115379333496094,198.7774200439453,0.23129945993423462,47.04444885253906,34.115379333496094,198.7774200439453,0.23129945993423462,0.000470444472739473,233.1245574951172,0.885411262512207,False,0.1865019053220749,1.1145429611206055,True,control_5step
offline_pretrain,150,0,1.0,32,0,160,0,60.705467224121094,84.87467956542969,0.2300744354724884,47.0491943359375,60.705467224121094,84.87467956542969,0.2300744354724884,0.0004704919410869479,145.81068420410156,0.8125048279762268,False,0.20255742967128754,1.1177921295166016,True,control_5step
offline_pretrain,151,0,1.0,32,0,160,0,85.81674194335938,266.94073486328125,0.23180614411830902,47.053558349609375,85.81674194335938,266.94073486328125,0.23180614411830902,0.00047053556772880256,352.98974609375,0.8321431279182434,False,0.2126978188753128,1.2509456872940063,True,control_5step
offline_pretrain,152,0,1.0,32,0,160,0,23.750633239746094,195.54403686523438,0.2880437970161438,47.05785369873047,23.750633239746094,195.54403686523438,0.2880437970161438,0.0004705785249825567,219.58319091796875,0.9938428997993469,False,0.18634280562400818,1.12214994430542,True,control_5step
offline_pretrain,153,0,1.0,32,0,160,0,205.67803955078125,386.3509216308594,0.21967604756355286,47.06242370605469,205.67803955078125,386.3509216308594,0.21967604756355286,0.00047062421799637377,592.2490844726562,0.7077031135559082,False,0.22177881002426147,1.251969575881958,True,control_5step
offline_pretrain,154,0,1.0,32,0,160,0,208.9093780517578,406.26806640625,0.163518026471138,47.0670051574707,208.9093780517578,406.26806640625,0.163518026471138,0.00047067002742551267,615.3414306640625,0.6552844047546387,False,0.23862236738204956,1.2529289722442627,True,control_5step
offline_pretrain,155,0,1.0,32,0,160,0,112.65631103515625,136.3766632080078,0.2762439548969269,47.0716438293457,112.65631103515625,136.3766632080078,0.2762439548969269,0.0004707164189312607,249.3096923828125,0.6718594431877136,False,0.19595205783843994,1.1299165487289429,True,control_5step
offline_pretrain,156,0,1.0,32,0,160,0,61.974239349365234,403.0314025878906,0.19457606971263885,47.07636642456055,61.974239349365234,403.0314025878906,0.19457606971263885,0.000470763654448092,465.20068359375,0.930774450302124,False,0.216899573802948,1.1330965757369995,True,control_5step
offline_pretrain,157,0,1.0,32,0,160,0,86.5195083618164,244.0645751953125,0.2127716988325119,47.081417083740234,86.5195083618164,244.0645751953125,0.2127716988325119,0.0004708141495939344,330.79730224609375,0.7010194063186646,False,0.21063882112503052,1.1362457275390625,True,control_5step
offline_pretrain,158,0,1.0,32,0,160,0,114.90666961669922,278.75262451171875,0.20207983255386353,47.08662033081055,114.90666961669922,278.75262451171875,0.20207983255386353,0.00047086618724279106,393.8618469238281,0.6172546744346619,False,0.21054786443710327,1.1393567323684692,True,control_5step
offline_pretrain,159,0,1.0,32,0,160,0,154.3100128173828,315.9214782714844,0.20217405259609222,47.09175109863281,154.3100128173828,315.9214782714844,0.20217405259609222,0.0004709174972958863,470.43414306640625,0.6869550347328186,False,0.21594688296318054,1.1423418521881104,True,control_5step
offline_pretrain,160,0,1.0,32,0,160,0,104.14097595214844,299.610595703125,0.23133549094200134,47.096824645996094,104.14097595214844,299.610595703125,0.23133549094200134,0.00047096822527237236,403.9833679199219,0.7472684979438782,False,0.216798335313797,1.1455501317977905,True,control_5step
offline_pretrain,161,0,1.0,32,0,160,0,79.91947937011719,110.63936614990234,0.18842937052249908,47.101749420166016,79.91947937011719,110.63936614990234,0.18842937052249908,0.00047101746895350516,190.74774169921875,0.8366124629974365,False,0.21379409730434418,1.148919701576233,True,control_5step
offline_pretrain,162,0,1.0,32,0,160,0,160.14385986328125,192.66241455078125,0.16579264402389526,47.1064338684082,160.14385986328125,192.66241455078125,0.16579264402389526,0.0004710643261205405,352.9725341796875,0.6553754806518555,False,0.23051460087299347,1.151180624961853,True,control_5step
offline_pretrain,163,0,1.0,32,0,160,0,182.55545043945312,190.8473358154297,0.2316579520702362,47.11088562011719,182.55545043945312,190.8473358154297,0.2316579520702362,0.0004711088549811393,373.6348876953125,0.645050048828125,False,0.23075856268405914,1.1533944606781006,True,control_5step
offline_pretrain,164,0,1.0,32,0,160,0,227.8693084716797,556.4383544921875,0.12457793205976486,47.114925384521484,227.8693084716797,556.4383544921875,0.12457793205976486,0.00047114925109781325,784.4327392578125,0.5648351907730103,False,0.26461511850357056,1.2635133266448975,True,control_5step
offline_pretrain,165,0,1.0,32,0,160,0,94.4760971069336,102.36434936523438,0.2926951050758362,47.11872100830078,94.4760971069336,102.36434936523438,0.2926951050758362,0.00047118720249272883,197.1336212158203,0.5670341849327087,False,0.20100118219852448,1.1588451862335205,True,control_5step
offline_pretrain,166,0,1.0,32,0,160,0,87.6926040649414,251.79263305664062,0.19663748145103455,47.122440338134766,87.6926040649414,251.79263305664062,0.19663748145103455,0.00047122439718805254,339.68231201171875,0.7392553687095642,False,0.21291092038154602,1.2649903297424316,True,control_5step
offline_pretrain,167,0,1.0,32,0,160,0,109.47199249267578,455.9683532714844,0.1703205108642578,47.1263427734375,109.47199249267578,455.9683532714844,0.1703205108642578,0.000471263425424695,565.6112060546875,0.6917919516563416,False,0.24875561892986298,1.265762448310852,True,control_5step
offline_pretrain,168,0,1.0,32,0,160,0,134.8319091796875,308.5964660644531,0.18840783834457397,47.1300163269043,134.8319091796875,308.5964660644531,0.18840783834457397,0.0004713001544587314,443.61724853515625,0.6881956458091736,False,0.2440626323223114,1.1668184995651245,True,control_5step
offline_pretrain,169,0,1.0,32,0,160,0,60.96041488647461,100.19109344482422,0.18843112885951996,47.13383865356445,60.96041488647461,100.19109344482422,0.18843112885951996,0.0004713383677881211,161.3404083251953,0.8681707978248596,False,0.246781587600708,1.1695281267166138,True,control_5step
offline_pretrain,170,0,1.0,32,0,160,0,59.64657211303711,68.20059967041016,0.20504984259605408,47.13734817504883,59.64657211303711,68.20059967041016,0.20504984259605408,0.0004713734670076519,128.0526885986328,0.7052672505378723,False,0.21742106974124908,1.1720603704452515,True,control_5step
offline_pretrain,171,0,1.0,32,0,160,0,97.0057144165039,423.66986083984375,0.18793869018554688,47.14086151123047,97.0057144165039,423.66986083984375,0.18793869018554688,0.0004714085953310132,520.864013671875,0.7273198366165161,False,0.25088945031166077,1.1744548082351685,True,control_5step
offline_pretrain,172,0,1.0,32,0,160,0,56.95356750488281,273.5798645019531,0.23489220440387726,47.14390563964844,56.95356750488281,273.5798645019531,0.23489220440387726,0.00047143903793767095,330.768798828125,0.8002191781997681,False,0.2312639057636261,1.17604660987854,True,control_5step
offline_pretrain,173,0,1.0,32,0,160,0,123.56686401367188,294.20208740234375,0.16299781203269958,47.14723205566406,123.56686401367188,294.20208740234375,0.16299781203269958,0.000471472303615883,417.9324035644531,0.6445724964141846,False,0.23894278705120087,1.2674918174743652,True,control_5step
offline_pretrain,174,0,1.0,32,0,160,0,121.21310424804688,300.991455078125,0.19411376118659973,47.15058517456055,121.21310424804688,300.991455078125,0.19411376118659973,0.00047150583122856915,422.3991394042969,0.6565213799476624,False,0.24137812852859497,1.179148554801941,True,control_5step
offline_pretrain,175,0,1.0,32,0,160,0,91.60612487792969,99.98970031738281,0.22418048977851868,47.153839111328125,91.60612487792969,99.98970031738281,0.22418048977851868,0.0004715383693110198,191.8204803466797,0.6993412375450134,False,0.25038015842437744,1.1803070306777954,True,control_5step
offline_pretrain,176,0,1.0,32,0,160,0,60.595550537109375,77.36260223388672,0.2550526261329651,47.156978607177734,60.595550537109375,77.36260223388672,0.2550526261329651,0.0004715697723440826,138.21368408203125,0.6905956268310547,False,0.22419635951519012,1.1814587116241455,True,control_5step
offline_pretrain,177,0,1.0,32,0,160,0,225.98822021484375,241.595947265625,0.16902212798595428,47.16020584106445,225.98822021484375,241.595947265625,0.16902212798595428,0.0004716020484920591,467.753662109375,0.5930055379867554,False,0.2819821834564209,1.182699203491211,True,control_5step
offline_pretrain,178,0,1.0,32,0,160,0,185.29962158203125,185.7455291748047,0.15701013803482056,47.16324996948242,185.29962158203125,185.7455291748047,0.15701013803482056,0.00047163249109871686,371.20263671875,0.6754135489463806,False,0.2615182399749756,1.1837608814239502,True,control_5step
offline_pretrain,179,0,1.0,32,0,160,0,80.82400512695312,81.70642852783203,0.16129446029663086,47.16652297973633,80.82400512695312,81.70642852783203,0.16129446029663086,0.0004716652038041502,162.69219970703125,0.7497096061706543,False,0.23558934032917023,1.1853511333465576,True,control_5step
offline_pretrain,180,0,1.0,32,0,160,0,174.1483612060547,181.87399291992188,0.19623909890651703,47.16943359375,174.1483612060547,181.87399291992188,0.19623909890651703,0.0004716943367384374,356.2190246582031,0.7000290155410767,False,0.2701897919178009,1.1859936714172363,True,control_5step
offline_pretrain,181,0,1.0,32,0,160,0,77.13783264160156,100.2984848022461,0.20252211391925812,47.17229080200195,77.13783264160156,100.2984848022461,0.20252211391925812,0.00047172288759611547,177.63929748535156,0.7375885248184204,False,0.23561041057109833,1.1871541738510132,True,control_5step
offline_pretrain,182,0,1.0,32,0,160,0,99.46900939941406,116.8265380859375,0.1884826123714447,47.175724029541016,99.46900939941406,116.8265380859375,0.1884826123714447,0.0004717572301160544,216.4844970703125,0.9334002137184143,False,0.2461755871772766,1.1881444454193115,True,control_5step
offline_pretrain,183,0,1.0,32,0,160,0,55.613739013671875,388.34698486328125,0.13074398040771484,47.179954528808594,55.613739013671875,388.34698486328125,0.13074398040771484,0.0004717995470855385,444.0919189453125,0.7216209173202515,False,0.2543109655380249,1.1895850896835327,True,control_5step
offline_pretrain,184,0,1.0,32,0,160,0,55.08900833129883,212.33628845214844,0.20994000136852264,47.18434143066406,55.08900833129883,212.33628845214844,0.20994000136852264,0.0004718434065580368,267.63568115234375,0.7185731530189514,False,0.26233991980552673,1.1906458139419556,True,control_5step
offline_pretrain,185,0,1.0,32,0,160,0,125.89288330078125,326.19134521484375,0.13637509942054749,47.18873596191406,125.89288330078125,326.19134521484375,0.13637509942054749,0.00047188735334202647,452.2210693359375,0.736771285533905,False,0.27013319730758667,1.1913834810256958,True,control_5step
offline_pretrain,186,0,1.0,32,0,160,0,198.24876403808594,371.95281982421875,0.12507224082946777,47.19300079345703,198.24876403808594,371.95281982421875,0.12507224082946777,0.0004719299904536456,570.3271484375,0.5663003325462341,False,0.2933433949947357,1.1915569305419922,True,control_5step
offline_pretrain,187,0,1.0,32,0,160,0,87.56649017333984,291.664794921875,0.19081994891166687,47.19703674316406,87.56649017333984,291.664794921875,0.19081994891166687,0.0004719703574664891,379.4225769042969,0.6825514435768127,False,0.24164025485515594,1.191428542137146,True,control_5step
offline_pretrain,188,0,1.0,32,0,160,0,51.83274459838867,548.708740234375,0.19490014016628265,47.20100402832031,51.83274459838867,548.708740234375,0.19490014016628265,0.0004720100259874016,600.7368774414062,0.9011732339859009,False,0.24683043360710144,1.2546659708023071,True,control_5step
offline_pretrain,189,0,1.0,32,0,160,0,47.81670379638672,65.17987060546875,0.2444864809513092,47.20560073852539,47.81670379638672,65.17987060546875,0.2444864809513092,0.0004720559809356928,113.24153137207031,0.8704217672348022,False,0.2239755243062973,1.1904280185699463,True,control_5step
offline_pretrain,190,0,1.0,32,0,160,0,140.02516174316406,453.0100402832031,0.16483759880065918,47.21082305908203,140.02516174316406,453.0100402832031,0.16483759880065918,0.0004721082223113626,593.2005615234375,0.4986850619316101,False,0.2728936970233917,1.1905403137207031,True,control_5step
offline_pretrain,191,0,1.0,32,0,160,0,111.35871887207031,461.310546875,0.19499926269054413,47.21576690673828,111.35871887207031,461.310546875,0.19499926269054413,0.0004721576697193086,572.86474609375,0.6307082176208496,False,0.27235302329063416,1.2514698505401611,True,control_5step
offline_pretrain,192,0,1.0,32,0,160,0,139.58285522460938,187.16531372070312,0.1908445805311203,47.2209587097168,139.58285522460938,187.16531372070312,0.1908445805311203,0.00047220956184901297,326.9394836425781,0.7274146676063538,False,0.2786288261413574,1.1910382509231567,True,control_5step
offline_pretrain,193,0,1.0,32,0,160,0,149.01197814941406,156.90216064453125,0.15789836645126343,47.22615051269531,149.01197814941406,156.90216064453125,0.15789836645126343,0.0004722614830825478,306.0724792480469,0.7432573437690735,False,0.27630865573883057,1.192004680633545,True,control_5step
offline_pretrain,194,0,1.0,32,0,160,0,103.49378967285156,309.5907897949219,0.16795794665813446,47.231632232666016,103.49378967285156,309.5907897949219,0.16795794665813446,0.00047231631469912827,413.2530212402344,0.7474531531333923,False,0.2809133231639862,1.1936742067337036,True,control_5step
offline_pretrain,195,0,1.0,32,0,160,0,83.31468963623047,115.43280792236328,0.15685278177261353,47.237091064453125,83.31468963623047,115.43280792236328,0.15685278177261353,0.00047237088438123465,198.9048309326172,0.7463581562042236,False,0.2744347155094147,1.195244550704956,True,control_5step
offline_pretrain,196,0,1.0,32,0,160,0,141.97079467773438,314.25616455078125,0.13225139677524567,47.24212646484375,141.97079467773438,314.25616455078125,0.13225139677524567,0.00047242126311175525,456.35968017578125,0.7128021121025085,False,0.27586764097213745,1.2510292530059814,True,control_5step
offline_pretrain,197,0,1.0,32,0,160,0,80.32563781738281,114.02886962890625,0.2422000765800476,47.247196197509766,80.32563781738281,114.02886962890625,0.2422000765800476,0.0004724719619844109,194.59718322753906,0.7641013264656067,False,0.2515108585357666,1.198745846748352,True,control_5step
offline_pretrain,198,0,1.0,32,0,160,0,54.341209411621094,69.8185806274414,0.19355526566505432,47.252315521240234,54.341209411621094,69.8185806274414,0.19355526566505432,0.0004725231556221843,124.35382080078125,0.7511724829673767,False,0.2670721113681793,1.1999189853668213,True,control_5step
offline_pretrain,199,0,1.0,32,0,160,0,87.37741088867188,119.3375244140625,0.16440393030643463,47.25772476196289,87.37741088867188,119.3375244140625,0.16440393030643463,0.0004725772305391729,206.8798065185547,0.6582021117210388,False,0.27836859226226807,1.2010279893875122,True,control_5step
offline_pretrain,200,0,1.0,32,0,160,0,87.93213653564453,103.76021575927734,0.1699596345424652,47.26298904418945,87.93213653564453,103.76021575927734,0.1699596345424652,0.0004726298793684691,191.86277770996094,0.693763017654419,False,0.2793022692203522,1.2021446228027344,True,control_5step
offline_pretrain,201,0,1.0,32,0,160,0,82.3143081665039,251.0810546875,0.16310949623584747,47.268062591552734,82.3143081665039,251.0810546875,0.16310949623584747,0.0004726806073449552,333.5589294433594,0.7021510004997253,False,0.27748972177505493,1.2029962539672852,True,control_5step
offline_pretrain,202,0,1.0,32,0,160,0,154.2081756591797,507.13775634765625,0.17177829146385193,47.27339553833008,154.2081756591797,507.13775634765625,0.17177829146385193,0.0004727339546661824,661.5181884765625,0.7100332379341125,False,0.2983316481113434,1.2040077447891235,True,control_5step
offline_pretrain,203,0,1.0,32,0,160,0,62.54563522338867,78.63800811767578,0.15594826638698578,47.279090881347656,62.54563522338867,78.63800811767578,0.15594826638698578,0.0004727909108623862,141.34005737304688,0.7474052309989929,False,0.2916010022163391,1.205335021018982,True,control_5step
offline_pretrain,204,0,1.0,32,0,160,0,174.81082153320312,190.63333129882812,0.14142341911792755,47.28429412841797,174.81082153320312,190.63333129882812,0.14142341911792755,0.0004728429194074124,365.5860290527344,0.605086624622345,False,0.3074740171432495,1.2055124044418335,True,control_5step
offline_pretrain,205,0,1.0,32,0,160,0,113.02393341064453,129.10702514648438,0.1270224153995514,47.28916931152344,113.02393341064453,129.10702514648438,0.1270224153995514,0.00047289166832342744,242.25845336914062,0.7325990796089172,False,0.29879239201545715,1.2054753303527832,True,control_5step
offline_pretrain,206,0,1.0,32,0,160,0,113.16292572021484,317.8310852050781,0.19709832966327667,47.29438781738281,113.16292572021484,317.8310852050781,0.19709832966327667,0.0004729438805952668,431.19158935546875,0.7944557070732117,False,0.29555782675743103,1.2055203914642334,True,control_5step
offline_pretrain,207,0,1.0,32,0,160,0,110.35901641845703,283.34735107421875,0.16308511793613434,47.29975128173828,110.35901641845703,283.34735107421875,0.16308511793613434,0.0004729974898509681,393.8699035644531,0.7175981998443604,False,0.30299466848373413,1.2473024129867554,True,control_5step
offline_pretrain,208,0,1.0,32,0,160,0,66.03463745117188,250.55711364746094,0.18009233474731445,47.30498504638672,66.03463745117188,250.55711364746094,0.18009233474731445,0.0004730498476419598,316.7723083496094,0.6468572616577148,False,0.2935448884963989,1.2064971923828125,True,control_5step
offline_pretrain,209,0,1.0,32,0,160,0,109.49243927001953,117.38317108154297,0.14888685941696167,47.3103141784668,109.49243927001953,117.38317108154297,0.14888685941696167,0.00047310313675552607,227.02496337890625,0.6521477103233337,False,0.2901586890220642,1.2067865133285522,True,control_5step
offline_pretrain,210,0,1.0,32,0,160,0,71.95735168457031,227.74647521972656,0.17149829864501953,47.315643310546875,71.95735168457031,227.74647521972656,0.17149829864501953,0.00047315642586909235,299.8758239746094,0.6887689828872681,False,0.2991539239883423,1.2072739601135254,True,control_5step
offline_pretrain,211,0,1.0,32,0,160,0,71.26813507080078,103.49148559570312,0.11455819755792618,47.32086944580078,71.26813507080078,103.49148559570312,0.11455819755792618,0.00047320869634859264,174.87464904785156,0.7566711902618408,False,0.3021816611289978,1.2071683406829834,True,control_5step
offline_pretrain,212,0,1.0,32,0,160,0,135.3461151123047,307.455078125,0.14391537010669708,47.326446533203125,135.3461151123047,307.455078125,0.14391537010669708,0.00047326445928774774,442.94561767578125,0.5831472277641296,False,0.30071985721588135,1.2072205543518066,True,control_5step
offline_pretrain,213,0,1.0,32,0,160,0,34.84357833862305,206.808837890625,0.20543259382247925,47.33205795288086,34.84357833862305,206.808837890625,0.20543259382247925,0.0004733205714728683,241.8583221435547,0.6505100727081299,False,0.2774675786495209,1.2072161436080933,True,control_5step
offline_pretrain,214,0,1.0,32,0,160,0,126.06090545654297,141.99627685546875,0.17884725332260132,47.3376579284668,126.06090545654297,141.99627685546875,0.17884725332260132,0.0004733765672426671,268.23651123046875,0.7927500009536743,False,0.3083993196487427,1.2070244550704956,True,control_5step
offline_pretrain,215,0,1.0,32,0,160,0,42.13175964355469,42.58391571044922,0.16056711971759796,47.34379959106445,42.13175964355469,42.58391571044922,0.16056711971759796,0.0004734379763249308,84.87671661376953,0.8231093287467957,False,0.27282392978668213,1.2074540853500366,True,control_5step
offline_pretrain,216,0,1.0,32,0,160,0,83.36540222167969,83.82024383544922,0.1255807727575302,47.35017776489258,83.36540222167969,83.82024383544922,0.1255807727575302,0.00047350177192129195,167.3116912841797,0.8232147693634033,False,0.30445414781570435,1.2079594135284424,True,control_5step
offline_pretrain,217,0,1.0,32,0,160,0,83.31714630126953,259.60906982421875,0.16129711270332336,47.35688400268555,83.31714630126953,259.60906982421875,0.16129711270332336,0.00047356882714666426,343.0879821777344,0.7667116522789001,False,0.32527482509613037,1.2081847190856934,True,control_5step
offline_pretrain,218,0,1.0,32,0,160,0,200.7345428466797,200.74093627929688,0.08845283091068268,47.36314392089844,200.7345428466797,200.74093627929688,0.08845283091068268,0.0004736314294859767,401.56439208984375,0.7074311375617981,False,0.34847044944763184,1.2079753875732422,True,control_5step
offline_pretrain,219,0,1.0,32,0,160,0,160.810546875,318.7297058105469,0.12436392158269882,47.369110107421875,160.810546875,318.7297058105469,0.12436392158269882,0.000473691092338413,479.66510009765625,0.5472791790962219,False,0.3341115713119507,1.237748622894287,True,control_5step
offline_pretrain,220,0,1.0,32,0,160,0,48.27586364746094,65.08641052246094,0.13846442103385925,47.37483596801758,48.27586364746094,65.08641052246094,0.13846442103385925,0.0004737483395729214,113.50121307373047,0.8843110203742981,False,0.30310681462287903,1.2084019184112549,True,control_5step
offline_pretrain,221,0,1.0,32,0,160,0,79.85311889648438,414.61297607421875,0.1054656058549881,47.380985260009766,79.85311889648438,414.61297607421875,0.1054656058549881,0.0004738098359666765,494.5720520019531,0.8517181873321533,False,0.33279067277908325,1.2088969945907593,True,control_5step
offline_pretrain,222,0,1.0,32,0,160,0,77.22816467285156,93.04594421386719,0.07320508360862732,47.38713455200195,77.22816467285156,93.04594421386719,0.07320508360862732,0.00047387133236043155,170.34779357910156,0.9822224974632263,False,0.3142331838607788,1.209474802017212,True,control_5step
offline_pretrain,223,0,1.0,32,0,160,0,84.80349731445312,85.25927734375,0.15123653411865234,47.392879486083984,84.80349731445312,85.25927734375,0.15123653411865234,0.00047392878332175314,170.2144775390625,0.7187022566795349,False,0.31112635135650635,1.2086544036865234,True,control_5step
offline_pretrain,224,0,1.0,32,0,160,0,155.02120971679688,351.62750244140625,0.09808165580034256,47.399112701416016,155.02120971679688,351.62750244140625,0.09808165580034256,0.00047399112372659147,506.7472839355469,0.6952003836631775,False,0.35575544834136963,1.2334609031677246,True,control_5step
offline_pretrain,225,0,1.0,32,0,160,0,116.82288360595703,125.12255096435547,0.1178741306066513,47.40520095825195,116.82288360595703,125.12255096435547,0.1178741306066513,0.00047405200893990695,242.06378173828125,0.6603550314903259,False,0.32035356760025024,1.2080892324447632,True,control_5step
offline_pretrain,226,0,1.0,32,0,160,0,111.76559448242188,268.5919494628906,0.15357425808906555,47.41141891479492,111.76559448242188,268.5919494628906,0.15357425808906555,0.00047411417472176254,380.5115966796875,0.7338337898254395,False,0.3342982828617096,1.2076730728149414,True,control_5step
offline_pretrain,227,0,1.0,32,0,160,0,81.10753631591797,113.4963150024414,0.11951055377721786,47.418373107910156,81.10753631591797,113.4963150024414,0.11951055377721786,0.00047418373287655413,194.7238311767578,0.7912033200263977,False,0.3181813657283783,1.2076895236968994,True,control_5step
offline_pretrain,228,0,1.0,32,0,160,0,103.75199127197266,417.71649169921875,0.1417848914861679,47.42526626586914,103.75199127197266,417.71649169921875,0.1417848914861679,0.0004742526507470757,521.6107788085938,0.6219375729560852,False,0.33417022228240967,1.2301138639450073,True,control_5step
offline_pretrain,229,0,1.0,32,0,160,0,167.88990783691406,192.50685119628906,0.13917744159698486,47.43171310424805,167.88990783691406,192.50685119628906,0.13917744159698486,0.00047431711573153734,360.53643798828125,0.6281668543815613,False,0.3556574285030365,1.2074781656265259,True,control_5step
offline_pretrain,230,0,1.0,32,0,160,0,171.0775604248047,336.4032897949219,0.08938530087471008,47.438270568847656,171.0775604248047,336.4032897949219,0.08938530087471008,0.00047438268666155636,507.5707092285156,0.5979661345481873,False,0.3555026054382324,1.2278865575790405,True,control_5step
offline_pretrain,231,0,1.0,32,0,160,0,56.73583221435547,230.2557373046875,0.16138888895511627,47.44457244873047,56.73583221435547,230.2557373046875,0.16138888895511627,0.00047444572555832565,287.1534423828125,0.7190141677856445,False,0.33282098174095154,1.2073171138763428,True,control_5step
offline_pretrain,232,0,1.0,32,0,160,0,134.3940887451172,134.39642333984375,0.14023089408874512,47.451229095458984,134.3940887451172,134.39642333984375,0.14023089408874512,0.0004745122860185802,268.9312438964844,0.6650861501693726,False,0.3350945711135864,1.2073839902877808,True,control_5step
offline_pretrain,233,0,1.0,32,0,160,0,59.452152252197266,239.66021728515625,0.13199779391288757,47.45759963989258,59.452152252197266,239.66021728515625,0.13199779391288757,0.00047457599430345,299.2448425292969,0.7826660871505737,False,0.34016740322113037,1.207463264465332,True,control_5step
offline_pretrain,234,0,1.0,32,0,160,0,132.41079711914062,148.20541381835938,0.10893861949443817,47.46430206298828,132.41079711914062,148.20541381835938,0.10893861949443817,0.00047464302042499185,280.72564697265625,0.734082043170929,False,0.3569968342781067,1.2075276374816895,True,control_5step
offline_pretrain,235,0,1.0,32,0,160,0,178.94866943359375,195.37802124023438,0.1437227725982666,47.47123336791992,178.94866943359375,195.37802124023438,0.1437227725982666,0.00047471231664530933,374.4709167480469,0.6623450517654419,False,0.35946086049079895,1.2073907852172852,True,control_5step
offline_pretrain,236,0,1.0,32,0,160,0,104.48049926757812,104.9298095703125,0.11246831715106964,47.47864532470703,104.48049926757812,104.9298095703125,0.11246831715106964,0.00047478644410148263,209.52325439453125,0.69481360912323,False,0.3550253212451935,1.2082469463348389,True,control_5step
offline_pretrain,237,0,1.0,32,0,160,0,173.29458618164062,528.619384765625,0.12507712841033936,47.48594284057617,173.29458618164062,528.619384765625,0.12507712841033936,0.00047485940740443766,702.0394897460938,0.7014291286468506,False,0.3768857717514038,1.2088605165481567,True,control_5step
offline_pretrain,238,0,1.0,32,0,160,0,82.92122650146484,99.45655059814453,0.1431409865617752,47.49357223510742,82.92122650146484,99.45655059814453,0.1431409865617752,0.0004749357176478952,182.52139282226562,0.9078477025032043,False,0.33611977100372314,1.2103450298309326,True,control_5step
offline_pretrain,239,0,1.0,32,0,160,0,123.59442138671875,470.8998718261719,0.10162728279829025,47.50157928466797,123.59442138671875,470.8998718261719,0.10162728279829025,0.0004750157822854817,594.5963745117188,0.8815856575965881,False,0.36057665944099426,1.211639404296875,True,control_5step
offline_pretrain,240,0,1.0,32,0,160,0,175.7435302734375,364.69927978515625,0.07735373824834824,47.51015090942383,175.7435302734375,364.69927978515625,0.07735373824834824,0.00047510149306617677,540.5206298828125,0.7034525275230408,False,0.36190494894981384,1.2214820384979248,True,control_5step
offline_pretrain,241,0,1.0,32,0,160,0,103.51165008544922,150.51760864257812,0.10602904856204987,47.51827621459961,103.51165008544922,150.51760864257812,0.10602904856204987,0.00047518275096081197,254.13577270507812,0.8268641233444214,False,0.33995673060417175,1.2141258716583252,True,control_5step
offline_pretrain,242,0,1.0,32,0,160,0,94.12126159667969,252.29286193847656,0.16291436553001404,47.5266227722168,94.12126159667969,252.29286193847656,0.16291436553001404,0.0004752662207465619,346.5775146484375,0.8929367661476135,False,0.36016443371772766,1.2150418758392334,True,control_5step
offline_pretrain,243,0,1.0,32,0,160,0,66.81031799316406,392.534912109375,0.15727417171001434,47.53410720825195,66.81031799316406,392.534912109375,0.15727417171001434,0.00047534104669466615,459.50299072265625,0.6358632445335388,False,0.35891181230545044,1.2140506505966187,True,control_5step
offline_pretrain,244,0,1.0,32,0,160,0,127.51374053955078,444.5318908691406,0.11457064747810364,47.541404724121094,127.51374053955078,444.5318908691406,0.11457064747810364,0.00047541403910145164,572.1607055664062,0.6594358086585999,False,0.37337303161621094,1.2130465507507324,True,control_5step
offline_pretrain,245,0,1.0,32,0,160,0,104.84809875488281,277.68603515625,0.14306940138339996,47.54806137084961,104.84809875488281,277.68603515625,0.14306940138339996,0.0004754805995617062,382.67767333984375,0.6615532636642456,False,0.3609682321548462,1.2141858339309692,True,control_5step
offline_pretrain,246,0,1.0,32,0,160,0,155.27584838867188,339.87933349609375,0.12417346239089966,47.554569244384766,155.27584838867188,339.87933349609375,0.12417346239089966,0.00047554567572660744,495.27984619140625,0.5920518040657043,False,0.3744073510169983,1.2110073566436768,True,control_5step
offline_pretrain,247,0,1.0,32,0,160,0,64.89420318603516,230.59609985351562,0.1095525324344635,47.56101608276367,64.89420318603516,230.59609985351562,0.1095525324344635,0.0004756101407110691,295.600341796875,0.9006165862083435,False,0.36864736676216125,1.2101247310638428,True,control_5step
offline_pretrain,248,0,1.0,32,0,160,0,112.32746887207031,135.92501831054688,0.12076884508132935,47.56755447387695,112.32746887207031,135.92501831054688,0.12076884508132935,0.0004756755370181054,248.3737335205078,0.7575288414955139,False,0.3708457946777344,1.2085435390472412,True,control_5step
offline_pretrain,249,0,1.0,32,0,160,0,154.19253540039062,155.08416748046875,0.09071438014507294,47.57352066040039,154.19253540039062,155.08416748046875,0.09071438014507294,0.0004757351998705417,309.367919921875,0.5930483937263489,False,0.3780513405799866,1.2066699266433716,True,control_5step
offline_pretrain,250,0,1.0,32,0,160,0,24.215150833129883,351.2928161621094,0.06931149959564209,47.57927703857422,24.215150833129883,351.2928161621094,0.06931149959564209,0.0004757927672471851,375.5777587890625,0.917851984500885,False,0.3665721118450165,1.205001950263977,True,control_5step
offline_pretrain,251,0,1.0,32,0,160,0,84.01329803466797,249.67050170898438,0.13434842228889465,47.58449172973633,84.01329803466797,249.67050170898438,0.13434842228889465,0.0004758448922075331,333.8186340332031,0.7109088897705078,False,0.3836630880832672,1.2029608488082886,True,control_5step
offline_pretrain,252,0,1.0,32,0,160,0,74.88490295410156,247.21014404296875,0.13628685474395752,47.58946990966797,74.88490295410156,247.21014404296875,0.13628685474395752,0.0004758946888614446,322.2318115234375,0.6224249005317688,False,0.3691923916339874,1.20115065574646,True,control_5step
offline_pretrain,253,0,1.0,32,0,160,0,87.89190673828125,410.2121887207031,0.12038794904947281,47.594635009765625,87.89190673828125,410.2121887207031,0.12038794904947281,0.0004759463481605053,498.2249755859375,0.6530292630195618,False,0.37588274478912354,1.1994279623031616,True,control_5step
offline_pretrain,254,0,1.0,32,0,160,0,136.61605834960938,144.7330322265625,0.13294357061386108,47.59974670410156,136.61605834960938,144.7330322265625,0.13294357061386108,0.0004759974544867873,281.4825134277344,0.6526098251342773,False,0.39736273884773254,1.1979432106018066,True,control_5step
offline_pretrain,255,0,1.0,32,0,160,0,84.95538330078125,102.19389343261719,0.11991749703884125,47.604679107666016,84.95538330078125,102.19389343261719,0.11991749703884125,0.0004760467854794115,187.26966857910156,0.7040008306503296,False,0.3726440668106079,1.1968532800674438,True,control_5step
offline_pretrain,256,0,1.0,32,0,160,0,57.67942810058594,97.45578002929688,0.06687366217374802,47.609779357910156,57.67942810058594,97.45578002929688,0.06687366217374802,0.0004760977753903717,155.2025604248047,0.9463348984718323,False,0.37060198187828064,1.1955852508544922,True,control_5step
offline_pretrain,257,0,1.0,32,0,160,0,54.10444259643555,236.2132568359375,0.07991799712181091,47.61477279663086,54.10444259643555,236.2132568359375,0.07991799712181091,0.00047614771756343544,290.3981018066406,0.9296593070030212,False,0.40447622537612915,1.1937850713729858,True,control_5step
offline_pretrain,258,0,1.0,32,0,160,0,147.05963134765625,303.4403076171875,0.08559612929821014,47.61932373046875,147.05963134765625,303.4403076171875,0.08559612929821014,0.00047619323595426977,450.5860290527344,0.6369622349739075,False,0.3973192274570465,1.19109308719635,True,control_5step
offline_pretrain,259,0,1.0,32,0,160,0,61.64021301269531,85.05970764160156,0.15346291661262512,47.624351501464844,61.64021301269531,85.05970764160156,0.15346291661262512,0.00047624349826946855,146.85385131835938,0.7524563670158386,False,0.37374699115753174,1.1893571615219116,True,control_5step
offline_pretrain,260,0,1.0,32,0,160,0,97.1189956665039,112.90731811523438,0.09354869276285172,47.630008697509766,97.1189956665039,112.90731811523438,0.09354869276285172,0.00047630007611587644,210.12033081054688,0.6547877192497253,False,0.3920383155345917,1.1876674890518188,True,control_5step
offline_pretrain,261,0,1.0,32,0,160,0,146.40557861328125,146.41136169433594,0.07990486919879913,47.63591003417969,146.40557861328125,146.41136169433594,0.07990486919879913,0.0004763590986840427,292.8973388671875,0.6044368147850037,False,0.43075233697891235,1.1860054731369019,True,control_5step
offline_pretrain,262,0,1.0,32,0,160,0,135.8858642578125,182.9389190673828,0.18028604984283447,47.64175796508789,135.8858642578125,182.9389190673828,0.18028604984283447,0.00047641756827943027,319.00555419921875,0.7090927362442017,False,0.3934653401374817,1.185113549232483,True,control_5step
offline_pretrain,263,0,1.0,32,0,160,0,174.83306884765625,191.6278533935547,0.07096309214830399,47.6482048034668,174.83306884765625,191.6278533935547,0.07096309214830399,0.00047648203326389194,366.5323791503906,0.7539912462234497,False,0.41830259561538696,1.1847070455551147,True,control_5step
offline_pretrain,264,0,1.0,32,0,160,0,161.98545837402344,163.30516052246094,0.11422502994537354,47.65503692626953,161.98545837402344,163.30516052246094,0.11422502994537354,0.00047655036905780435,325.40533447265625,0.5904303193092346,False,0.4002437889575958,1.1849145889282227,True,control_5step
offline_pretrain,265,0,1.0,32,0,160,0,146.10214233398438,472.1347351074219,0.04982861876487732,47.6619873046875,146.10214233398438,472.1347351074219,0.04982861876487732,0.000476619869004935,618.2871704101562,0.6145203709602356,False,0.4122270345687866,1.1856242418289185,True,control_5step
offline_pretrain,266,0,1.0,32,0,160,0,75.14492797851562,233.9228515625,0.07938076555728912,47.668800354003906,75.14492797851562,233.9228515625,0.07938076555728912,0.00047668800107203424,309.14764404296875,0.6616959571838379,False,0.3892425298690796,1.1859928369522095,True,control_5step
offline_pretrain,267,0,1.0,32,0,160,0,60.20562744140625,60.207462310791016,0.0936855748295784,47.675865173339844,60.20562744140625,60.207462310791016,0.0936855748295784,0.00047675863606855273,120.50724792480469,0.8735787272453308,False,0.38994404673576355,1.1861846446990967,True,control_5step
offline_pretrain,268,0,1.0,32,0,160,0,107.68769073486328,123.10079193115234,0.1374988555908203,47.68236541748047,107.68769073486328,123.10079193115234,0.1374988555908203,0.0004768236540257931,230.92645263671875,0.6114920973777771,False,0.4044875502586365,1.185003399848938,True,control_5step
offline_pretrain,269,0,1.0,32,0,160,0,83.30044555664062,242.72630310058594,0.11959080398082733,47.68917465209961,83.30044555664062,242.72630310058594,0.11959080398082733,0.0004768917278852314,326.1468200683594,0.6799737811088562,False,0.41566744446754456,1.1840845346450806,True,control_5step
offline_pretrain,270,0,1.0,32,0,160,0,194.0690460205078,212.3854217529297,0.08213119208812714,47.69606018066406,194.0690460205078,212.3854217529297,0.08213119208812714,0.000476960587548092,406.5370788574219,0.6006813049316406,False,0.4290562868118286,1.1833455562591553,True,control_5step
offline_pretrain,271,0,1.0,32,0,160,0,61.51821517944336,86.3883056640625,0.14256945252418518,47.7032470703125,61.51821517944336,86.3883056640625,0.14256945252418518,0.0004770324449054897,148.049560546875,0.7080065608024597,False,0.39197611808776855,1.183013916015625,True,control_5step
offline_pretrain,272,0,1.0,32,0,160,0,177.64122009277344,194.36534118652344,0.12754365801811218,47.7109260559082,177.64122009277344,194.36534118652344,0.12754365801811218,0.000477109249914065,372.13458251953125,0.7566728591918945,False,0.4133901596069336,1.182908058166504,True,control_5step
offline_pretrain,273,0,1.0,32,0,160,0,81.55231475830078,97.34012603759766,0.10046330094337463,47.719078063964844,81.55231475830078,97.34012603759766,0.10046330094337463,0.0004771907697431743,178.99337768554688,0.7353907227516174,False,0.3814421594142914,1.1832571029663086,True,control_5step
offline_pretrain,274,0,1.0,32,0,160,0,82.49494171142578,106.95455932617188,0.13080230355262756,47.727569580078125,82.49494171142578,106.95455932617188,0.13080230355262756,0.00047727569472044706,189.5807647705078,0.8061502575874329,False,0.42275190353393555,1.1836433410644531,True,control_5step
offline_pretrain,275,0,1.0,32,0,160,0,85.44222259521484,269.78765869140625,0.09229099750518799,47.73613739013672,85.44222259521484,269.78765869140625,0.09229099750518799,0.00047736134729348123,355.3226623535156,0.7240887880325317,False,0.4165154695510864,1.183895230293274,True,control_5step
offline_pretrain,276,0,1.0,32,0,160,0,203.8723602294922,379.9026184082031,0.08845639228820801,47.744873046875,203.8723602294922,379.9026184082031,0.08845639228820801,0.00047744871699251235,583.8638916015625,0.5973346829414368,False,0.4522399306297302,1.1840896606445312,True,control_5step
offline_pretrain,277,0,1.0,32,0,160,0,151.97413635253906,207.14332580566406,0.09877829253673553,47.75392150878906,151.97413635253906,207.14332580566406,0.09877829253673553,0.00047753920080140233,359.21673583984375,0.6328097581863403,False,0.40625321865081787,1.185332179069519,True,control_5step
offline_pretrain,278,0,1.0,32,0,160,0,93.02361297607422,265.5758361816406,0.1096905767917633,47.76285934448242,93.02361297607422,265.5758361816406,0.1096905767917633,0.00047762857866473496,358.7096252441406,0.64250248670578,False,0.4515901207923889,1.186427116394043,True,control_5step
offline_pretrain,279,0,1.0,32,0,160,0,72.97164916992188,264.2403564453125,0.07766079157590866,47.771820068359375,72.97164916992188,264.2403564453125,0.07766079157590866,0.00047771818935871124,337.2901611328125,0.766095757484436,False,0.42053332924842834,1.1870898008346558,True,control_5step
offline_pretrain,280,0,1.0,32,0,160,0,84.98004150390625,109.24163055419922,0.12900760769844055,47.780967712402344,84.98004150390625,109.24163055419922,0.12900760769844055,0.00047780966269783676,194.35116577148438,0.8364865779876709,False,0.41721367835998535,1.1875771284103394,True,control_5step
offline_pretrain,281,0,1.0,32,0,160,0,106.65989685058594,146.51455688476562,0.0999014675617218,47.790748596191406,106.65989685058594,146.51455688476562,0.0999014675617218,0.00047790748067200184,253.2748260498047,0.8428778052330017,False,0.42343267798423767,1.188447117805481,True,control_5step
offline_pretrain,282,0,1.0,32,0,160,0,124.29623413085938,290.37890625,0.05038001388311386,47.79998779296875,124.29623413085938,290.37890625,0.05038001388311386,0.0004779998562298715,414.72601318359375,0.6210184693336487,False,0.4411674439907074,1.1892073154449463,True,control_5step
offline_pretrain,283,0,1.0,32,0,160,0,167.76812744140625,349.153076171875,0.09499485790729523,47.80894470214844,167.76812744140625,349.153076171875,0.09499485790729523,0.00047808943782001734,517.0166625976562,0.5702104568481445,False,0.43330612778663635,1.1898176670074463,True,control_5step
offline_pretrain,284,0,1.0,32,0,160,0,122.55608367919922,138.4238739013672,0.07694876194000244,47.81794738769531,122.55608367919922,138.4238739013672,0.07694876194000244,0.00047817945596762,261.057373046875,0.7218707799911499,False,0.43329980969429016,1.191079020500183,True,control_5step
offline_pretrain,285,0,1.0,32,0,160,0,85.31362915039062,94.74705505371094,0.07538368552923203,47.82645034790039,85.31362915039062,94.74705505371094,0.07538368552923203,0.0004782644973602146,180.13653564453125,0.7983207106590271,False,0.4422464072704315,1.1915946006774902,True,control_5step
offline_pretrain,286,0,1.0,32,0,160,0,130.02732849121094,184.400634765625,0.09729807078838348,47.83450698852539,130.02732849121094,184.400634765625,0.09729807078838348,0.00047834505676291883,314.5257568359375,0.8074595928192139,False,0.4502992033958435,1.1912288665771484,True,control_5step
offline_pretrain,287,0,1.0,32,0,160,0,57.76692199707031,241.71200561523438,0.08328615128993988,47.84244918823242,57.76692199707031,241.71200561523438,0.08328615128993988,0.00047842448111623526,299.5627136230469,0.8137177228927612,False,0.4317493438720703,1.1900752782821655,True,control_5step
offline_pretrain,288,0,1.0,32,0,160,0,36.76565170288086,231.20013427734375,0.09043050557374954,47.85034942626953,36.76565170288086,231.20013427734375,0.09043050557374954,0.00047850346891209483,268.05670166015625,0.7244048714637756,False,0.4324099123477936,1.1880987882614136,True,control_5step
offline_pretrain,289,0,1.0,32,0,160,0,130.17919921875,475.4952087402344,0.13429246842861176,47.85843276977539,130.17919921875,475.4952087402344,0.13429246842861176,0.00047858431935310364,605.8092041015625,0.6539296507835388,False,0.4538985788822174,1.1858234405517578,True,control_5step
offline_pretrain,290,0,1.0,32,0,160,0,95.7264404296875,263.0917663574219,0.16441693902015686,47.866668701171875,95.7264404296875,263.0917663574219,0.16441693902015686,0.0004786666831932962,358.9831237792969,0.6522976756095886,False,0.4282808303833008,1.1839443445205688,True,control_5step
offline_pretrain,291,0,1.0,32,0,160,0,202.6141357421875,202.61668395996094,0.08007315546274185,47.875328063964844,202.6141357421875,202.61668395996094,0.08007315546274185,0.000478753267088905,405.3114013671875,0.6136252284049988,False,0.45376431941986084,1.1823846101760864,True,control_5step
offline_pretrain,292,0,1.0,32,0,160,0,150.80601501464844,159.38575744628906,0.0914553627371788,47.884193420410156,150.80601501464844,159.38575744628906,0.0914553627371788,0.0004788419173564762,310.2837219238281,0.6736149787902832,False,0.45129960775375366,1.182116985321045,True,control_5step
offline_pretrain,293,0,1.0,32,0,160,0,74.76371002197266,90.63550567626953,0.11784158647060394,47.89324188232422,74.76371002197266,90.63550567626953,0.11784158647060394,0.00047893240116536617,165.5175323486328,0.7573818564414978,False,0.4544527232646942,1.18189537525177,True,control_5step
offline_pretrain,294,0,1.0,32,0,160,0,81.27125549316406,104.4583740234375,0.09862679243087769,47.902164459228516,81.27125549316406,104.4583740234375,0.09862679243087769,0.0004790216335095465,185.8287353515625,0.7071353793144226,False,0.42640411853790283,1.1808631420135498,True,control_5step
offline_pretrain,295,0,1.0,32,0,160,0,73.95450592041016,556.9723510742188,0.05143949016928673,47.91105270385742,73.95450592041016,556.9723510742188,0.05143949016928673,0.0004791105166077614,630.9788208007812,0.8376744389533997,False,0.46329233050346375,1.1803574562072754,True,control_5step
offline_pretrain,296,0,1.0,32,0,160,0,79.76288604736328,411.6261901855469,0.09971265494823456,47.9202880859375,79.76288604736328,411.6261901855469,0.09971265494823456,0.0004792028630618006,491.4892578125,0.6631761193275452,False,0.4558086395263672,1.1802585124969482,True,control_5step
offline_pretrain,297,0,1.0,32,0,160,0,111.57140350341797,431.8552551269531,0.12250856310129166,47.929969787597656,111.57140350341797,431.8552551269531,0.12250856310129166,0.00047929969150573015,543.5496215820312,0.5748752355575562,False,0.5014256238937378,1.1807141304016113,True,control_5step
offline_pretrain,298,0,1.0,32,0,160,0,56.6846809387207,235.3657684326172,0.08859257400035858,47.93958282470703,56.6846809387207,235.3657684326172,0.08859257400035858,0.00047939582145772874,292.1395263671875,0.6755583882331848,False,0.45547735691070557,1.1819214820861816,True,control_5step
offline_pretrain,299,0,1.0,32,0,160,0,104.01773071289062,290.4956970214844,0.11534557491540909,47.9491081237793,104.01773071289062,290.4956970214844,0.11534557491540909,0.00047949107829481363,394.6292724609375,0.6140919923782349,False,0.47371265292167664,1.1828222274780273,True,control_5step
offline_pretrain,300,0,1.0,32,0,160,0,153.04202270507812,486.5098876953125,0.08097882568836212,47.95850372314453,153.04202270507812,486.5098876953125,0.08097882568836212,0.00047958502545952797,639.6333618164062,0.5536959767341614,False,0.5034372210502625,1.1841256618499756,True,control_5step
offline_pretrain,301,0,1.0,32,0,160,0,123.23249816894531,132.46604919433594,0.10319509357213974,47.968040466308594,123.23249816894531,132.46604919433594,0.10319509357213974,0.0004796803987119347,255.80221557617188,0.6896110773086548,False,0.4953618049621582,1.185954213142395,True,control_5step
offline_pretrain,302,0,1.0,32,0,160,0,134.77587890625,306.97418212890625,0.10901027917861938,47.97732162475586,134.77587890625,306.97418212890625,0.10901027917861938,0.0004797732108272612,441.85955810546875,0.5804203152656555,False,0.4971216022968292,1.187696933746338,True,control_5step
offline_pretrain,303,0,1.0,32,0,160,0,109.77389526367188,158.40704345703125,0.11017856001853943,47.98679733276367,109.77389526367188,158.40704345703125,0.11017856001853943,0.00047986797289922833,268.2915954589844,0.811436653137207,False,0.48350852727890015,1.1896419525146484,True,control_5step
offline_pretrain,304,0,1.0,32,0,160,0,244.07325744628906,401.7157897949219,0.0668422281742096,47.99715042114258,244.07325744628906,401.7157897949219,0.0668422281742096,0.00047997149522416294,645.8563842773438,0.5179641842842102,False,0.5436713695526123,1.192232370376587,True,control_5step
offline_pretrain,305,0,1.0,32,0,160,0,107.8746566772461,268.828369140625,0.07841068506240845,48.0073127746582,107.8746566772461,268.828369140625,0.07841068506240845,0.00048007312580011785,376.78192138671875,0.6499466896057129,False,0.4875811040401459,1.1952515840530396,True,control_5step
offline_pretrain,306,0,1.0,32,0,160,0,146.12060546875,470.6214904785156,0.10060388594865799,48.01741409301758,146.12060546875,470.6214904785156,0.10060388594865799,0.0004801741160918027,616.8431396484375,0.726710855960846,False,0.48447349667549133,1.1986958980560303,True,control_5step
offline_pretrain,307,0,1.0,32,0,160,0,64.29655456542969,244.0560302734375,0.09167499095201492,48.028076171875,64.29655456542969,244.0560302734375,0.09167499095201492,0.0004802807525265962,308.44476318359375,0.6480514407157898,False,0.48520100116729736,1.202581763267517,True,control_5step
offline_pretrain,308,0,1.0,32,0,160,0,153.1122589111328,318.9418029785156,0.09318096190690994,48.03843307495117,153.1122589111328,318.9418029785156,0.09318096190690994,0.0004803843330591917,472.1477355957031,0.6248363852500916,False,0.5214136838912964,1.2055375576019287,True,control_5step
offline_pretrain,309,0,1.0,32,0,160,0,139.1681365966797,312.48980712890625,0.1266549527645111,48.04878616333008,139.1681365966797,312.48980712890625,0.1266549527645111,0.0004804878553841263,451.78509521484375,0.6333993673324585,False,0.49205726385116577,1.2090407609939575,True,control_5step
offline_pretrain,310,0,1.0,32,0,160,0,61.41452407836914,398.42926025390625,0.09133631736040115,48.05903244018555,61.41452407836914,398.42926025390625,0.09133631736040115,0.000480590300867334,459.93560791015625,0.9615727066993713,False,0.5125424265861511,1.2127859592437744,True,control_5step
offline_pretrain,311,0,1.0,32,0,160,0,130.0424346923828,146.22434997558594,0.054113999009132385,48.06826400756836,130.0424346923828,146.22434997558594,0.054113999009132385,0.00048068261821754277,276.3213806152344,0.6752811074256897,False,0.5079314708709717,1.2150342464447021,True,control_5step
offline_pretrain,312,0,1.0,32,0,160,0,62.37681579589844,248.25613403320312,0.09497130662202835,48.07710647583008,62.37681579589844,248.25613403320312,0.09497130662202835,0.0004807710647583008,310.7283935546875,0.7181698679924011,False,0.48637765645980835,1.2173842191696167,True,control_5step
offline_pretrain,313,0,1.0,32,0,160,0,118.82090759277344,299.13409423828125,0.06784313917160034,48.08601760864258,118.82090759277344,299.13409423828125,0.06784313917160034,0.00048086015158332884,418.0233459472656,0.6106225252151489,False,0.5043675303459167,1.2191224098205566,True,control_5step
offline_pretrain,314,0,1.0,32,0,160,0,112.1498031616211,143.178466796875,0.10984403640031815,48.09469223022461,112.1498031616211,143.178466796875,0.10984403640031815,0.00048094691010192037,255.43861389160156,0.6784138679504395,False,0.5062063932418823,1.2204504013061523,True,control_5step
offline_pretrain,315,0,1.0,32,0,160,0,126.2933120727539,280.0144958496094,0.04725377634167671,48.10345458984375,126.2933120727539,280.0144958496094,0.04725377634167671,0.0004810345417354256,406.35552978515625,0.5166003108024597,False,0.5059476494789124,1.2219839096069336,True,control_5step
offline_pretrain,316,0,1.0,32,0,160,0,123.00614166259766,123.43379974365234,0.10307937115430832,48.11194610595703,123.00614166259766,123.43379974365234,0.10307937115430832,0.0004811194376088679,246.5435028076172,0.6249423027038574,False,0.5089393854141235,1.2235788106918335,True,control_5step
offline_pretrain,317,0,1.0,32,0,160,0,174.3498077392578,488.25860595703125,0.08205718547105789,48.12079620361328,174.3498077392578,488.25860595703125,0.08205718547105789,0.0004812079423572868,662.69091796875,0.769683837890625,False,0.5215580463409424,1.2254831790924072,True,control_5step
offline_pretrain,318,0,1.0,32,0,160,0,199.87437438964844,208.0846405029297,0.10638842731714249,48.130435943603516,199.87437438964844,208.0846405029297,0.10638842731714249,0.0004813043342437595,408.0658874511719,0.5541860461235046,False,0.5398172736167908,1.2285197973251343,True,control_5step
offline_pretrain,319,0,1.0,32,0,160,0,76.71589660644531,93.11839294433594,0.07589375227689743,48.13987731933594,76.71589660644531,93.11839294433594,0.07589375227689743,0.00048139874706976116,169.91067504882812,0.8241389989852905,False,0.5070850849151611,1.2315200567245483,True,control_5step
offline_pretrain,320,0,1.0,32,0,160,0,78.78968048095703,80.54893493652344,0.05001356452703476,48.148643493652344,78.78968048095703,80.54893493652344,0.05001356452703476,0.0004814864369109273,159.38912963867188,0.7009815573692322,False,0.5397832989692688,1.2331660985946655,True,control_5step
offline_pretrain,321,0,1.0,32,0,160,0,131.4581756591797,288.80181884765625,0.08303297311067581,48.157196044921875,131.4581756591797,288.80181884765625,0.08303297311067581,0.0004815719439648092,420.3435363769531,0.6019086241722107,False,0.5413185954093933,1.2342222929000854,True,control_5step
offline_pretrain,322,0,1.0,32,0,160,0,119.77534484863281,299.192138671875,0.034652695059776306,48.165889739990234,119.77534484863281,299.192138671875,0.034652695059776306,0.00048165887710638344,419.0025939941406,0.6633605360984802,False,0.5368144512176514,1.2350993156433105,True,control_5step
offline_pretrain,323,0,1.0,32,0,160,0,28.946430206298828,37.84205627441406,0.05043474957346916,48.17498779296875,28.946430206298828,37.84205627441406,0.05043474957346916,0.0004817498556803912,66.83940124511719,0.6691500544548035,False,0.4892975389957428,1.2371023893356323,True,control_5step
offline_pretrain,324,0,1.0,32,0,160,0,150.60313415527344,329.6118469238281,0.06263880431652069,48.18398666381836,150.60313415527344,329.6118469238281,0.06263880431652069,0.0004818398447241634,480.2781066894531,0.5186365246772766,False,0.5485155582427979,1.238489031791687,True,control_5step
offline_pretrain,325,0,1.0,32,0,160,0,85.28369140625,132.5817413330078,0.10967083275318146,48.19294357299805,85.28369140625,132.5817413330078,0.10967083275318146,0.00048192942631430924,217.9755859375,0.7021353840827942,False,0.5076726078987122,1.2396776676177979,True,control_5step
offline_pretrain,326,0,1.0,32,0,160,0,33.79693603515625,74.19204711914062,0.10442733764648438,48.202266693115234,33.79693603515625,74.19204711914062,0.10442733764648438,0.00048202264588326216,108.0938949584961,0.7728392481803894,False,0.4868065416812897,1.255507469177246,True,control_5step
offline_pretrain,327,0,1.0,32,0,160,0,134.82952880859375,158.5641326904297,0.12488237768411636,48.211891174316406,134.82952880859375,158.5641326904297,0.12488237768411636,0.0004821188922505826,293.51904296875,0.7361735105514526,False,0.5205218195915222,1.2409895658493042,True,control_5step
offline_pretrain,328,0,1.0,32,0,160,0,10.350064277648926,502.34759521484375,0.07099378108978271,48.221466064453125,10.350064277648926,502.34759521484375,0.07099378108978271,0.00048221464385278523,512.7691040039062,0.7037080526351929,False,0.5300674438476562,1.2062275409698486,True,control_5step
offline_pretrain,329,0,1.0,32,0,160,0,90.41557312011719,98.94127655029297,0.10808726400136948,48.230812072753906,90.41557312011719,98.94127655029297,0.10808726400136948,0.0004823080962523818,189.46542358398438,0.5132486820220947,False,0.5095112323760986,1.2415058612823486,True,control_5step
offline_pretrain,330,0,1.0,32,0,160,0,169.6959686279297,177.96128845214844,0.06332316994667053,48.240047454833984,169.6959686279297,177.96128845214844,0.06332316994667053,0.0004824004718102515,347.7210693359375,0.5631910562515259,False,0.5711613893508911,1.241756796836853,True,control_5step
offline_pretrain,331,0,1.0,32,0,160,0,106.51367950439453,416.39794921875,0.15096595883369446,48.249202728271484,106.51367950439453,416.39794921875,0.15096595883369446,0.0004824920033570379,523.0630493164062,0.5904476046562195,False,0.5426527857780457,1.281944751739502,True,control_5step
offline_pretrain,332,0,1.0,32,0,160,0,147.9812774658203,335.7032775878906,0.10283626616001129,48.25838851928711,147.9812774658203,335.7032775878906,0.10283626616001129,0.0004825838841497898,483.78790283203125,0.7342333793640137,False,0.528634786605835,1.2430520057678223,True,control_5step
offline_pretrain,333,0,1.0,32,0,160,0,64.34619140625,88.2469711303711,0.1026228666305542,48.26848602294922,64.34619140625,88.2469711303711,0.1026228666305542,0.0004826848453376442,152.69627380371094,0.7414922714233398,False,0.5169847011566162,1.2446272373199463,True,control_5step
offline_pretrain,334,0,1.0,32,0,160,0,63.139801025390625,385.91595458984375,0.0871129184961319,48.27841567993164,63.139801025390625,385.91595458984375,0.0871129184961319,0.0004827841476071626,449.14337158203125,0.6288533210754395,False,0.5256688594818115,1.2953593730926514,True,control_5step
offline_pretrain,335,0,1.0,32,0,160,0,105.922119140625,136.98765563964844,0.10031090676784515,48.2883415222168,105.922119140625,136.98765563964844,0.10031090676784515,0.00048288339166902006,243.0105743408203,0.654366672039032,False,0.5424765944480896,1.2449238300323486,True,control_5step
offline_pretrain,336,0,1.0,32,0,160,0,131.2469482421875,630.2067260742188,0.11524651944637299,48.298118591308594,131.2469482421875,630.2067260742188,0.11524651944637299,0.0004829811805393547,761.5693969726562,0.6221839785575867,False,0.5721364617347717,1.2442512512207031,True,control_5step
offline_pretrain,337,0,1.0,32,0,160,0,178.6898193359375,179.55313110351562,0.0766223818063736,48.30757141113281,178.6898193359375,179.55313110351562,0.0766223818063736,0.00048307570978067815,358.320068359375,0.6783514618873596,False,0.5885505080223083,1.3077523708343506,True,control_5step
offline_pretrain,338,0,1.0,32,0,160,0,65.15959167480469,682.22705078125,0.11415177583694458,48.3165397644043,65.15959167480469,682.22705078125,0.11415177583694458,0.00048316537868231535,747.5012817382812,0.542009174823761,False,0.5758025646209717,1.2452242374420166,True,control_5step
offline_pretrain,339,0,1.0,32,0,160,0,76.73247528076172,393.2008056640625,0.05463460832834244,48.32571029663086,76.73247528076172,393.2008056640625,0.05463460832834244,0.0004832570848520845,469.9884033203125,0.6417571306228638,False,0.5741914510726929,1.2457330226898193,True,control_5step
offline_pretrain,340,0,1.0,32,0,160,0,63.1845703125,247.70249938964844,0.08292114734649658,48.33503341674805,63.1845703125,247.70249938964844,0.08292114734649658,0.0004833503335248679,310.9704895019531,0.6184166669845581,False,0.5403835773468018,1.2459713220596313,True,control_5step
offline_pretrain,341,0,1.0,32,0,160,0,173.0721893310547,188.52699279785156,0.06993173807859421,48.34446716308594,173.0721893310547,188.52699279785156,0.06993173807859421,0.00048344465903937817,361.66961669921875,0.7375273704528809,False,0.6071293354034424,1.2458747625350952,True,control_5step
offline_pretrain,342,0,1.0,32,0,160,0,98.10870361328125,269.8660888671875,0.04083317518234253,48.35446548461914,98.10870361328125,269.8660888671875,0.04083317518234253,0.00048354463069699705,368.01611328125,0.5168366432189941,False,0.5554627776145935,1.2469017505645752,True,control_5step
offline_pretrain,343,0,1.0,32,0,160,0,145.3487091064453,153.17857360839844,0.07252229005098343,48.364501953125,145.3487091064453,153.17857360839844,0.07252229005098343,0.0004836450098082423,298.60028076171875,0.49857258796691895,False,0.5884274244308472,1.2478575706481934,True,control_5step
offline_pretrain,344,0,1.0,32,0,160,0,74.63854217529297,237.1682586669922,0.04641475901007652,48.37427520751953,74.63854217529297,237.1682586669922,0.04641475901007652,0.00048374274047091603,311.85369873046875,0.4651208519935608,False,0.5647350549697876,1.2486284971237183,True,control_5step
offline_pretrain,345,0,1.0,32,0,160,0,44.46229934692383,222.0435333251953,0.11714184284210205,48.38410568237305,44.46229934692383,222.0435333251953,0.11714184284210205,0.0004838410532101989,266.62347412109375,0.7020277976989746,False,0.5422604084014893,1.2492940425872803,True,control_5step
offline_pretrain,346,0,1.0,32,0,160,0,77.70857238769531,94.73834228515625,0.06945784389972687,48.39398956298828,77.70857238769531,94.73834228515625,0.06945784389972687,0.00048393988981842995,172.51686096191406,0.7969355583190918,False,0.5571162700653076,1.2497526407241821,True,control_5step
offline_pretrain,347,0,1.0,32,0,160,0,118.25885772705078,295.13958740234375,0.07625872641801834,48.40366744995117,118.25885772705078,295.13958740234375,0.07625872641801834,0.0004840366600546986,413.4751892089844,0.5708620548248291,False,0.5868274569511414,1.2497977018356323,True,control_5step
offline_pretrain,348,0,1.0,32,0,160,0,120.00150299072266,152.33331298828125,0.12469042092561722,48.41336441040039,120.00150299072266,152.33331298828125,0.12469042092561722,0.0004841336340177804,272.4599914550781,0.6378728747367859,False,0.586327850818634,1.2498832941055298,True,control_5step
offline_pretrain,349,0,1.0,32,0,160,0,40.276729583740234,515.3274536132812,0.10506317019462585,48.423423767089844,40.276729583740234,515.3274536132812,0.10506317019462585,0.0004842342168558389,555.709716796875,0.6044727563858032,False,0.5791962146759033,1.25043523311615,True,control_5step
offline_pretrain,350,0,1.0,32,0,160,0,18.53015899658203,80.55245971679688,0.12238547205924988,48.43354415893555,18.53015899658203,80.55245971679688,0.12238547205924988,0.0004843354399781674,99.20548248291016,0.9057410955429077,False,0.5448711514472961,0.9167196154594421,True,control_5step
offline_pretrain,351,0,1.0,32,0,160,0,65.2590560913086,254.0350341796875,0.0919233113527298,48.44345474243164,65.2590560913086,254.0350341796875,0.0919233113527298,0.0004844345385208726,319.3865051269531,1.0304559469223022,False,0.5513761639595032,1.2494970560073853,True,control_5step
offline_pretrain,352,0,1.0,32,0,160,0,188.6201171875,196.77415466308594,0.05549051985144615,48.4525146484375,188.6201171875,196.77415466308594,0.05549051985144615,0.0004845251387450844,385.45025634765625,0.6735070943832397,False,0.5962930917739868,1.2475087642669678,True,control_5step
offline_pretrain,353,0,1.0,32,0,160,0,172.24798583984375,172.68531799316406,0.054191283881664276,48.4622917175293,172.24798583984375,172.68531799316406,0.054191283881664276,0.0004846228985115886,344.98797607421875,0.6169644594192505,False,0.6007273197174072,1.247382402420044,True,control_5step
offline_pretrain,354,0,1.0,32,0,160,0,182.88983154296875,356.59124755859375,0.10153414309024811,48.47261428833008,182.88983154296875,356.59124755859375,0.10153414309024811,0.0004847261297982186,539.5831298828125,0.7754882574081421,False,0.5978536605834961,1.2485334873199463,True,control_5step
offline_pretrain,355,0,1.0,32,0,160,0,127.84369659423828,453.2803039550781,0.063839390873909,48.48393630981445,127.84369659423828,453.2803039550781,0.063839390873909,0.0004848393436986953,581.1883544921875,0.48012518882751465,False,0.6150224804878235,1.251046895980835,True,control_5step
offline_pretrain,356,0,1.0,32,0,160,0,102.38011169433594,110.54281616210938,0.10129090398550034,48.494964599609375,102.38011169433594,110.54281616210938,0.10129090398550034,0.0004849496472161263,213.0247039794922,0.6093034148216248,False,0.5853291153907776,1.253629446029663,True,control_5step
offline_pretrain,357,0,1.0,32,0,160,0,87.39883422851562,103.2164535522461,0.09902892261743546,48.5059814453125,87.39883422851562,103.2164535522461,0.09902892261743546,0.00048505980521440506,190.71481323242188,0.5578713417053223,False,0.5899337530136108,1.2558726072311401,True,control_5step
offline_pretrain,358,0,1.0,32,0,160,0,177.02572631835938,208.74044799804688,0.08953701704740524,48.51712417602539,177.02572631835938,208.74044799804688,0.08953701704740524,0.0004851712437812239,385.856201171875,0.626190721988678,False,0.6090953350067139,1.2581982612609863,True,control_5step
offline_pretrain,359,0,1.0,32,0,160,0,123.98519134521484,139.46307373046875,0.08578518033027649,48.528160095214844,123.98519134521484,139.46307373046875,0.08578518033027649,0.00048528157640248537,263.5345458984375,0.5793271064758301,False,0.6156785488128662,1.261064887046814,True,control_5step
offline_pretrain,360,0,1.0,32,0,160,0,122.08576965332031,131.83348083496094,0.07469320297241211,48.53913879394531,122.08576965332031,131.83348083496094,0.07469320297241211,0.0004853913851547986,253.9944305419922,0.6429611444473267,False,0.5896456241607666,1.2638676166534424,True,control_5step
offline_pretrain,361,0,1.0,32,0,160,0,86.2042465209961,103.25198364257812,0.1164354681968689,48.55023193359375,86.2042465209961,103.25198364257812,0.1164354681968689,0.00048550229985266924,189.5731658935547,0.9272486567497253,False,0.5795211791992188,1.2666900157928467,True,control_5step
offline_pretrain,362,0,1.0,32,0,160,0,80.65508270263672,112.30342864990234,0.10260040313005447,48.56079864501953,80.65508270263672,112.30342864990234,0.10260040313005447,0.00048560797586105764,193.0615997314453,0.7364969849586487,False,0.5712995529174805,1.268685221672058,True,control_5step
offline_pretrain,363,0,1.0,32,0,160,0,112.47525787353516,128.60252380371094,0.10319877415895462,48.571136474609375,112.47525787353516,128.60252380371094,0.10319877415895462,0.00048571135266683996,241.1814727783203,0.660285234451294,False,0.5921293497085571,1.2694073915481567,True,control_5step
offline_pretrain,364,0,1.0,32,0,160,0,129.5448455810547,458.68768310546875,0.13502664864063263,48.58135223388672,129.5448455810547,458.68768310546875,0.13502664864063263,0.0004858135071117431,588.3680419921875,0.4891428053379059,False,0.6353541016578674,1.3253471851348877,True,control_5step
offline_pretrain,365,0,1.0,32,0,160,0,168.64126586914062,176.47096252441406,0.055875714868307114,48.59203338623047,168.64126586914062,176.47096252441406,0.055875714868307114,0.0004859203181695193,345.1686096191406,0.4153251051902771,False,0.6304821372032166,1.2716139554977417,True,control_5step
offline_pretrain,366,0,1.0,32,0,160,0,211.25604248046875,533.8171997070312,0.0600455142557621,48.60268020629883,211.25604248046875,533.8171997070312,0.0600455142557621,0.00048602677998133004,745.1337890625,0.5006382465362549,False,0.6608641147613525,1.3336741924285889,True,control_5step
offline_pretrain,367,0,1.0,32,0,160,0,125.63121795654297,157.09071350097656,0.07426802814006805,48.6134147644043,125.63121795654297,157.09071350097656,0.07426802814006805,0.00048613414401188493,282.79669189453125,0.5538347363471985,False,0.6133012175559998,1.2774003744125366,True,control_5step
offline_pretrain,368,0,1.0,32,0,160,0,72.57524108886719,222.58596801757812,0.03654896095395088,48.6240234375,72.57524108886719,222.58596801757812,0.03654896095395088,0.0004862402274738997,295.1982421875,0.5260564088821411,False,0.5793644189834595,1.2806082963943481,True,control_5step
offline_pretrain,369,0,1.0,32,0,160,0,104.36062622070312,120.78142547607422,0.13807281851768494,48.63434600830078,104.36062622070312,120.78142547607422,0.13807281851768494,0.00048634345876052976,225.28062438964844,0.5583179593086243,False,0.5865739583969116,1.2828540802001953,True,control_5step
offline_pretrain,370,0,1.0,32,0,160,0,141.78341674804688,319.5973205566406,0.03602062910795212,48.644832611083984,141.78341674804688,319.5973205566406,0.03602062910795212,0.00048644831986166537,461.417236328125,0.4794273376464844,False,0.6271363496780396,1.348204255104065,True,control_5step
offline_pretrain,371,0,1.0,32,0,160,0,146.25241088867188,300.0983581542969,0.09032779186964035,48.655296325683594,146.25241088867188,300.0983581542969,0.09032779186964035,0.0004865529481321573,446.44158935546875,0.5399553775787354,False,0.6435673832893372,1.2867411375045776,True,control_5step
offline_pretrain,372,0,1.0,32,0,160,0,61.109622955322266,249.4990234375,0.12433046102523804,48.66617965698242,61.109622955322266,249.4990234375,0.12433046102523804,0.0004866617964580655,310.73345947265625,0.6491252779960632,False,0.6143243312835693,1.290013074874878,True,control_5step
offline_pretrain,373,0,1.0,32,0,160,0,76.04994201660156,99.98088073730469,0.06376641988754272,48.67706298828125,76.04994201660156,99.98088073730469,0.06376641988754272,0.00048677061568014324,176.09507751464844,0.6305472254753113,False,0.6133801937103271,1.2922261953353882,True,control_5step
offline_pretrain,374,0,1.0,32,0,160,0,92.841796875,124.34190368652344,0.025570625439286232,48.68819046020508,92.841796875,124.34190368652344,0.025570625439286232,0.00048688187962397933,217.2097625732422,0.5173856019973755,False,0.6239045858383179,1.2939977645874023,True,control_5step
offline_pretrain,375,0,1.0,32,0,160,0,143.11546325683594,487.3719787597656,0.049114830791950226,48.69892120361328,143.11546325683594,487.3719787597656,0.049114830791950226,0.0004869891854468733,630.5370483398438,0.5677129626274109,False,0.638725757598877,1.295160174369812,True,control_5step
offline_pretrain,376,0,1.0,32,0,160,0,130.9420928955078,307.79718017578125,0.12489953637123108,48.7097282409668,130.9420928955078,307.79718017578125,0.12489953637123108,0.0004870972770731896,438.8646545410156,0.5164461135864258,False,0.6597018837928772,1.2959794998168945,True,control_5step
offline_pretrain,377,0,1.0,32,0,160,0,38.87434768676758,215.75628662109375,0.10990707576274872,48.7208251953125,38.87434768676758,215.75628662109375,0.10990707576274872,0.00048720824997872114,254.74102783203125,0.7891147136688232,False,0.6073980927467346,1.2967748641967773,True,control_5step
offline_pretrain,378,0,1.0,32,0,160,0,69.22476196289062,101.2069320678711,0.14247365295886993,48.731719970703125,69.22476196289062,101.2069320678711,0.14247365295886993,0.0004873171856161207,170.5746612548828,0.560928225517273,False,0.6297481060028076,1.2964460849761963,True,control_5step
offline_pretrain,379,0,1.0,32,0,160,0,83.10250854492188,107.39710235595703,0.07525794208049774,48.742801666259766,83.10250854492188,107.39710235595703,0.07525794208049774,0.00048742801300249994,190.57534790039062,0.43302929401397705,False,0.6059119701385498,1.2961914539337158,True,control_5step
offline_pretrain,380,0,1.0,32,0,160,0,123.29857635498047,140.17527770996094,0.06356114149093628,48.753883361816406,123.29857635498047,140.17527770996094,0.06356114149093628,0.0004875388112850487,263.53790283203125,0.5385432243347168,False,0.6155917048454285,1.2962857484817505,True,control_5step
offline_pretrain,381,0,1.0,32,0,160,0,39.95180892944336,205.04200744628906,0.07717463374137878,48.76494216918945,39.95180892944336,205.04200744628906,0.07717463374137878,0.0004876494058407843,245.0714874267578,0.7151780724525452,False,0.6535236835479736,1.2962253093719482,True,control_5step
offline_pretrain,382,0,1.0,32,0,160,0,102.2796630859375,133.90255737304688,0.08461272716522217,48.77531814575195,102.2796630859375,133.90255737304688,0.08461272716522217,0.00048775316099636257,236.26731872558594,0.5790011882781982,False,0.6484460830688477,1.295941710472107,True,control_5step
offline_pretrain,383,0,1.0,32,0,160,0,107.50565338134766,262.416259765625,0.12049175053834915,48.78611755371094,107.50565338134766,262.416259765625,0.12049175053834915,0.0004878611653111875,370.0428771972656,0.47463613748550415,False,0.6487820744514465,1.3861677646636963,True,control_5step
offline_pretrain,384,0,1.0,32,0,160,0,132.93191528320312,132.93104553222656,0.11220408231019974,48.797264099121094,132.93191528320312,132.93104553222656,0.11220408231019974,0.0004879726329818368,265.9756774902344,0.4438508450984955,False,0.639999270439148,1.2965110540390015,True,control_5step
offline_pretrain,385,0,1.0,32,0,160,0,60.49501419067383,60.929229736328125,0.0679069310426712,48.808563232421875,60.49501419067383,60.929229736328125,0.0679069310426712,0.00048808561405166984,121.49263763427734,0.46645990014076233,False,0.613754391670227,1.297903060913086,True,control_5step
offline_pretrain,386,0,1.0,32,0,160,0,96.56961822509766,432.6268310546875,0.06014404073357582,48.82001876831055,96.56961822509766,432.6268310546875,0.06014404073357582,0.00048820016672834754,529.257080078125,0.4866718649864197,False,0.6695082783699036,1.2991403341293335,True,control_5step
offline_pretrain,387,0,1.0,32,0,160,0,140.86488342285156,157.65066528320312,0.08741917461156845,48.83152770996094,140.86488342285156,157.65066528320312,0.08741917461156845,0.0004883152432739735,298.6034851074219,0.5041267275810242,False,0.6660861968994141,1.5061649084091187,True,control_5step
offline_pretrain,388,0,1.0,32,0,160,0,111.43095397949219,266.46185302734375,0.09179038554430008,48.842891693115234,111.43095397949219,266.46185302734375,0.09179038554430008,0.0004884289228357375,377.985107421875,0.3768991231918335,False,0.7022085189819336,1.5106006860733032,True,control_5step
offline_pretrain,389,0,1.0,32,0,160,0,86.44136810302734,103.06658935546875,0.1631283015012741,48.85427474975586,86.44136810302734,103.06658935546875,0.1631283015012741,0.0004885427188128233,189.6715850830078,0.6451146006584167,False,0.6523143649101257,1.3056142330169678,True,control_5step
offline_pretrain,390,0,1.0,32,0,160,0,35.79731750488281,206.41603088378906,0.08459826558828354,48.8659782409668,35.79731750488281,206.41603088378906,0.08459826558828354,0.0004886597744189203,242.29843139648438,0.5496852397918701,False,0.6318957209587097,1.4112412929534912,True,control_5step
offline_pretrain,391,0,1.0,32,0,160,0,83.05009460449219,83.47671508789062,0.06925605237483978,48.87725830078125,83.05009460449219,83.47671508789062,0.06925605237483978,0.0004887725808657706,166.5965576171875,0.5478306412696838,False,0.6345074772834778,1.3095353841781616,True,control_5step
offline_pretrain,392,0,1.0,32,0,160,0,99.75584411621094,123.93310546875,0.11385948210954666,48.88880157470703,99.75584411621094,123.93310546875,0.11385948210954666,0.000488888006657362,223.8032989501953,0.6321024298667908,False,0.6615269184112549,1.530019998550415,True,control_5step
offline_pretrain,393,0,1.0,32,0,160,0,29.37883186340332,197.83767700195312,0.06497582048177719,48.90071487426758,29.37883186340332,197.83767700195312,0.06497582048177719,0.0004890071577392519,227.28196716308594,0.5440635085105896,False,0.6260761022567749,1.3132619857788086,True,control_5step
offline_pretrain,394,0,1.0,32,0,160,0,57.87253189086914,73.97708892822266,0.06367181241512299,48.912357330322266,57.87253189086914,73.97708892822266,0.06367181241512299,0.0004891235730610788,131.91378784179688,0.7111456990242004,False,0.658216118812561,1.3141920566558838,True,control_5step
offline_pretrain,395,0,1.0,32,0,160,0,36.53757095336914,60.21417236328125,0.09313180297613144,48.92310333251953,36.53757095336914,60.21417236328125,0.09313180297613144,0.000489231024403125,96.8453598022461,0.4588754177093506,False,0.6392166614532471,1.3137023448944092,True,control_5step
offline_pretrain,396,0,1.0,32,0,160,0,123.25735473632812,147.84689331054688,0.05848437175154686,48.93386459350586,123.25735473632812,147.84689331054688,0.05848437175154686,0.000489338650368154,271.1632080078125,0.5060833692550659,False,0.6792079210281372,1.3132383823394775,True,control_5step
offline_pretrain,397,0,1.0,32,0,160,0,97.74935913085938,407.9530944824219,0.09219212830066681,48.94488525390625,97.74935913085938,407.9530944824219,0.09219212830066681,0.0004894488374702632,505.7951354980469,0.6350756883621216,False,0.6745992302894592,1.3131054639816284,True,control_5step
offline_pretrain,398,0,1.0,32,0,160,0,100.94497680664062,117.02692413330078,0.07745050638914108,48.9554443359375,100.94497680664062,117.02692413330078,0.07745050638914108,0.0004895544261671603,218.04983520507812,0.41125476360321045,False,0.6937772035598755,1.5558205842971802,True,control_5step
offline_pretrain,399,0,1.0,32,0,160,0,191.2035369873047,371.94342041015625,0.0640360414981842,48.965675354003906,191.2035369873047,371.94342041015625,0.0640360414981842,0.0004896567552350461,563.2114868164062,0.5694370269775391,False,0.7013146877288818,1.3120367527008057,True,control_5step
offline_pretrain,400,0,1.0,32,0,160,0,202.0601806640625,202.06077575683594,0.10235361754894257,48.976234436035156,202.0601806640625,202.06077575683594,0.10235361754894257,0.0004897623439319432,404.22381591796875,0.5640888214111328,False,0.680527925491333,1.3131046295166016,True,control_5step
offline_pretrain,401,0,1.0,32,0,160,0,185.55496215820312,362.6628112792969,0.043159566819667816,48.98706817626953,185.55496215820312,362.6628112792969,0.043159566819667816,0.0004898706683889031,548.2614135742188,0.45697498321533203,False,0.7201197147369385,1.3161441087722778,True,control_5step
offline_pretrain,402,0,1.0,32,0,160,0,65.01983642578125,65.88140106201172,0.092762790620327,48.99812316894531,65.01983642578125,65.88140106201172,0.092762790620327,0.0004899812047369778,130.99449157714844,0.35514622926712036,False,0.6650329232215881,1.319924235343933,True,control_5step
offline_pretrain,403,0,1.0,32,0,160,0,53.492454528808594,233.15765380859375,0.04184817522764206,49.00906753540039,53.492454528808594,233.15765380859375,0.04184817522764206,0.0004900906351394951,286.69244384765625,0.47009631991386414,False,0.6875820159912109,1.456707239151001,True,control_5step
offline_pretrain,404,0,1.0,32,0,160,0,138.38650512695312,341.1141357421875,0.04218107461929321,49.019676208496094,138.38650512695312,341.1141357421875,0.04218107461929321,0.0004901967477053404,479.5433044433594,0.6485195755958557,False,0.7111809849739075,1.4590797424316406,True,control_5step
offline_pretrain,405,0,1.0,32,0,160,0,80.3568115234375,408.5387878417969,0.07061067968606949,49.030033111572266,80.3568115234375,408.5387878417969,0.07061067968606949,0.0004903002991341054,488.9667053222656,0.6698171496391296,False,0.7021854519844055,1.4613275527954102,True,control_5step
offline_pretrain,406,0,1.0,32,0,160,0,126.13395690917969,277.7994384765625,0.055971480906009674,49.04073715209961,126.13395690917969,277.7994384765625,0.055971480906009674,0.0004904073430225253,403.9898681640625,0.4032595753669739,False,0.7131854295730591,1.331915259361267,True,control_5step
offline_pretrain,407,0,1.0,32,0,160,0,101.29344940185547,435.441162109375,0.05904827266931534,49.051429748535156,101.29344940185547,435.441162109375,0.05904827266931534,0.0004905142704956234,536.7941284179688,0.5122694969177246,False,0.6951724290847778,1.4653249979019165,True,control_5step
offline_pretrain,408,0,1.0,32,0,160,0,133.8994903564453,318.71673583984375,0.1023913025856018,49.06226348876953,133.8994903564453,318.71673583984375,0.1023913025856018,0.0004906225949525833,452.7190856933594,0.4645421504974365,False,0.7703605890274048,1.5863457918167114,True,control_5step
offline_pretrain,409,0,1.0,32,0,160,0,48.681976318359375,81.60108184814453,0.13109786808490753,49.07319641113281,48.681976318359375,81.60108184814453,0.13109786808490753,0.0004907319671474397,130.41464233398438,0.7036484479904175,False,0.6517502069473267,1.3430888652801514,True,control_5step
offline_pretrain,410,0,1.0,32,0,160,0,77.70157623291016,78.55949401855469,0.04386387765407562,49.08433532714844,77.70157623291016,78.55949401855469,0.04386387765407562,0.0004908433184027672,156.30543518066406,0.4936394989490509,False,0.6605514883995056,1.3463609218597412,True,control_5step
offline_pretrain,411,0,1.0,32,0,160,0,70.43648529052734,389.4784240722656,0.01991126500070095,49.09536361694336,70.43648529052734,389.4784240722656,0.01991126500070095,0.0004909536219201982,459.935302734375,0.3718177378177643,False,0.6964943408966064,1.3497278690338135,True,control_5step
offline_pretrain,412,0,1.0,32,0,160,0,119.85264587402344,324.16375732421875,0.04465571790933609,49.10615158081055,119.85264587402344,324.16375732421875,0.04465571790933609,0.0004910614807158709,444.0615539550781,0.6238481998443604,False,0.7350865006446838,1.3531569242477417,True,control_5step
offline_pretrain,413,0,1.0,32,0,160,0,144.251708984375,328.5710144042969,0.04784506931900978,49.11704635620117,144.251708984375,328.5710144042969,0.04784506931900978,0.0004911704454571009,472.8710632324219,0.5231387615203857,False,0.7329171895980835,1.3569300174713135,True,control_5step
offline_pretrain,414,0,1.0,32,0,160,0,129.9685516357422,317.18548583984375,0.09270523488521576,49.128047943115234,129.9685516357422,317.18548583984375,0.09270523488521576,0.0004912804579362273,447.24725341796875,0.5253521800041199,False,0.7400214076042175,1.482458233833313,True,control_5step
offline_pretrain,415,0,1.0,32,0,160,0,181.35476684570312,361.2549133300781,0.0384589321911335,49.13923645019531,181.35476684570312,361.2549133300781,0.0384589321911335,0.000491392333060503,542.6486206054688,0.5791183710098267,False,0.7430515885353088,1.365390419960022,True,control_5step
offline_pretrain,416,0,1.0,32,0,160,0,88.10143280029297,128.838623046875,0.13111673295497894,49.15095138549805,88.10143280029297,128.838623046875,0.13111673295497894,0.0004915095050819218,217.07167053222656,0.8196533918380737,False,0.6862109303474426,1.3708739280700684,True,control_5step
offline_pretrain,417,0,1.0,32,0,160,0,113.31620025634766,318.8846130371094,0.011398034170269966,49.163902282714844,113.31620025634766,318.8846130371094,0.011398034170269966,0.0004916390171274543,432.2126770019531,0.7103060483932495,False,0.719826877117157,1.3766217231750488,True,control_5step
offline_pretrain,418,0,1.0,32,0,160,0,85.92477416992188,86.35128021240234,0.09469899535179138,49.17668533325195,85.92477416992188,86.35128021240234,0.09469899535179138,0.0004917668411508203,172.37124633789062,0.44807106256484985,False,0.6974126100540161,1.381217360496521,True,control_5step
offline_pretrain,419,0,1.0,32,0,160,0,150.84417724609375,159.69351196289062,0.12196125090122223,49.189422607421875,150.84417724609375,159.69351196289062,0.12196125090122223,0.0004918941995128989,310.6601257324219,0.47344350814819336,False,0.7182862758636475,1.3850685358047485,True,control_5step
offline_pretrain,420,0,1.0,32,0,160,0,126.65739440917969,158.88092041015625,0.13942787051200867,49.20262908935547,126.65739440917969,158.88092041015625,0.13942787051200867,0.0004920262726955116,285.6782531738281,0.6385275721549988,False,0.7435669302940369,1.6193712949752808,True,control_5step
offline_pretrain,421,0,1.0,32,0,160,0,123.97541046142578,139.9713592529297,0.06847890466451645,49.21611404418945,123.97541046142578,139.9713592529297,0.06847890466451645,0.0004921611398458481,264.0157470703125,0.3492971658706665,False,0.7500505447387695,1.3946571350097656,True,control_5step
offline_pretrain,422,0,1.0,32,0,160,0,128.76910400390625,128.76889038085938,0.11596550047397614,49.22919845581055,128.76910400390625,128.76889038085938,0.11596550047397614,0.0004922919906675816,257.6544494628906,0.29073166847229004,False,0.7521635890007019,1.3997611999511719,True,control_5step
offline_pretrain,423,0,1.0,32,0,160,0,92.96639251708984,266.7209777832031,0.04299283027648926,49.24186325073242,92.96639251708984,266.7209777832031,0.04299283027648926,0.0004924185923300683,359.7308654785156,0.4077357053756714,False,0.7362492084503174,1.6279927492141724,True,control_5step
offline_pretrain,424,0,1.0,32,0,160,0,142.63621520996094,158.7302703857422,0.10824835300445557,49.25413131713867,142.63621520996094,158.7302703857422,0.10824835300445557,0.0004925412940792739,301.4752197265625,0.43691468238830566,False,0.7431249618530273,1.4090150594711304,True,control_5step
offline_pretrain,425,0,1.0,32,0,160,0,100.81533813476562,442.66912841796875,0.051395121961832047,49.266361236572266,100.81533813476562,442.66912841796875,0.051395121961832047,0.0004926635883748531,543.536376953125,0.4942993223667145,False,0.7350242137908936,1.528672218322754,True,control_5step
offline_pretrain,426,0,1.0,32,0,160,0,187.71453857421875,203.22662353515625,0.0782436653971672,49.27828598022461,187.71453857421875,203.22662353515625,0.0782436653971672,0.0004927828558720648,391.0198974609375,0.42561912536621094,False,0.7507697939872742,1.4186666011810303,True,control_5step
offline_pretrain,427,0,1.0,32,0,160,0,180.93064880371094,188.74546813964844,0.20904971659183502,49.29005813598633,180.93064880371094,188.74546813964844,0.20904971659183502,0.0004929005517624319,369.8856506347656,0.6340175867080688,False,0.7778368592262268,1.4234753847122192,True,control_5step
offline_pretrain,428,0,1.0,32,0,160,0,171.55540466308594,194.76486206054688,0.07612580806016922,49.302066802978516,171.55540466308594,194.76486206054688,0.07612580806016922,0.0004930206341668963,366.3968505859375,0.5440488457679749,False,0.7430189251899719,1.4282439947128296,True,control_5step
offline_pretrain,429,0,1.0,32,0,160,0,108.8192138671875,124.70346069335938,0.08309298753738403,49.31377029418945,108.8192138671875,124.70346069335938,0.08309298753738403,0.0004931376897729933,233.60626220703125,0.527600884437561,False,0.7406516075134277,1.4327267408370972,True,control_5step
offline_pretrain,430,0,1.0,32,0,160,0,141.65045166015625,173.25125122070312,0.028621677309274673,49.32554626464844,141.65045166015625,173.25125122070312,0.028621677309274673,0.0004932554438710213,314.9308166503906,0.4877867102622986,False,0.7548540234565735,1.647206425666809,True,control_5step
offline_pretrain,431,0,1.0,32,0,160,0,66.97000122070312,236.10279846191406,0.1143866777420044,49.33698272705078,66.97000122070312,236.10279846191406,0.1143866777420044,0.0004933698219247162,303.18768310546875,0.37727972865104675,False,0.7447229623794556,1.4419803619384766,True,control_5step
offline_pretrain,432,0,1.0,32,0,160,0,106.53166961669922,123.21759033203125,0.08498861640691757,49.3485107421875,106.53166961669922,123.21759033203125,0.08498861640691757,0.0004934850730933249,229.83474731445312,0.4410701394081116,False,0.7339245080947876,1.446204662322998,True,control_5step
offline_pretrain,433,0,1.0,32,0,160,0,96.68639373779297,573.5608520507812,0.056773677468299866,49.35995864868164,96.68639373779297,573.5608520507812,0.056773677468299866,0.0004935995675623417,670.3045043945312,0.32728755474090576,False,0.7825536727905273,1.6579525470733643,True,control_5step
offline_pretrain,434,0,1.0,32,0,160,0,76.8106689453125,261.4668884277344,0.08288726955652237,49.37111282348633,76.8106689453125,261.4668884277344,0.08288726955652237,0.0004937110934406519,338.3609313964844,0.437468558549881,False,0.7474878430366516,1.5543900728225708,True,control_5step
offline_pretrain,435,0,1.0,32,0,160,0,123.42340850830078,310.0361328125,0.07040226459503174,49.38212585449219,123.42340850830078,310.0361328125,0.07040226459503174,0.0004938212223351002,433.5304260253906,0.6013675928115845,False,0.7626574635505676,1.556391954421997,True,control_5step
offline_pretrain,436,0,1.0,32,0,160,0,76.37731170654297,238.5338592529297,0.09006769955158234,49.39308166503906,76.37731170654297,238.5338592529297,0.09006769955158234,0.0004939308273606002,315.001708984375,0.3592805862426758,False,0.7315358519554138,1.5583566427230835,True,control_5step
offline_pretrain,437,0,1.0,32,0,160,0,134.9487762451172,286.71661376953125,0.10774412006139755,49.40354919433594,134.9487762451172,286.71661376953125,0.10774412006139755,0.0004940354847349226,421.7736511230469,0.4086027443408966,False,0.7740719318389893,1.4658823013305664,True,control_5step
offline_pretrain,438,0,1.0,32,0,160,0,97.4913330078125,128.824951171875,0.04658163711428642,49.414283752441406,97.4913330078125,128.824951171875,0.04658163711428642,0.0004941428196616471,226.3633575439453,0.5740660429000854,False,0.7742487788200378,1.6760493516921997,True,control_5step
offline_pretrain,439,0,1.0,32,0,160,0,83.3726577758789,407.2850036621094,0.09167883545160294,49.42436218261719,83.3726577758789,407.2850036621094,0.09167883545160294,0.0004942436353303492,490.74981689453125,0.398696631193161,False,0.7331567406654358,1.5637712478637695,True,control_5step
offline_pretrain,440,0,1.0,32,0,160,0,64.97232818603516,103.98065185546875,0.12222890555858612,49.43452072143555,64.97232818603516,103.98065185546875,0.12222890555858612,0.0004943452076986432,169.07568359375,0.5385376811027527,False,0.7336685657501221,1.4735199213027954,True,control_5step
offline_pretrain,441,0,1.0,32,0,160,0,51.01148223876953,535.4597778320312,0.1340322196483612,49.44476318359375,51.01148223876953,535.4597778320312,0.1340322196483612,0.00049444759497419,586.6057739257812,0.4706711769104004,False,0.7427399158477783,1.5668935775756836,True,control_5step
offline_pretrain,442,0,1.0,32,0,160,0,87.284912109375,407.7347106933594,0.160798117518425,49.45511245727539,87.284912109375,407.7347106933594,0.160798117518425,0.0004945510881952941,495.180908203125,0.4594244956970215,False,0.8282302021980286,1.5683244466781616,True,control_5step
offline_pretrain,443,0,1.0,32,0,160,0,101.13013458251953,274.429443359375,0.05393807217478752,49.465553283691406,101.13013458251953,274.429443359375,0.05393807217478752,0.0004946555127389729,375.6139831542969,0.3184162974357605,False,0.8018584847450256,1.6906929016113281,True,control_5step
offline_pretrain,444,0,1.0,32,0,160,0,150.42160034179688,212.364501953125,0.05654143542051315,49.47563171386719,150.42160034179688,212.364501953125,0.05654143542051315,0.000494756328407675,362.8431396484375,0.5785267353057861,False,0.7985393404960632,1.479716420173645,True,control_5step
offline_pretrain,445,0,1.0,32,0,160,0,106.19855499267578,123.02751922607422,0.12426943331956863,49.485897064208984,106.19855499267578,123.02751922607422,0.12426943331956863,0.0004948589485138655,229.350830078125,0.450947105884552,False,0.7748308181762695,1.4823857545852661,True,control_5step
offline_pretrain,446,0,1.0,32,0,160,0,106.08130645751953,254.66773986816406,0.06563109904527664,49.4967041015625,106.08130645751953,254.66773986816406,0.06563109904527664,0.0004949670401401818,360.815185546875,0.36426958441734314,False,0.8077915906906128,1.4852900505065918,True,control_5step
offline_pretrain,447,0,1.0,32,0,160,0,145.83609008789062,163.32815551757812,0.10394063591957092,49.507232666015625,145.83609008789062,163.32815551757812,0.10394063591957092,0.0004950723377987742,309.2686767578125,0.5374462604522705,False,0.7366161942481995,1.4884086847305298,True,control_5step
offline_pretrain,448,0,1.0,32,0,160,0,124.25081634521484,420.0964050292969,0.1067359447479248,49.5184326171875,124.25081634521484,420.0964050292969,0.1067359447479248,0.0004951843293383718,544.4544677734375,0.32720232009887695,False,0.8384484648704529,1.4924085140228271,True,control_5step
offline_pretrain,449,0,1.0,32,0,160,0,122.34809875488281,283.4612731933594,0.040914151817560196,49.52951431274414,122.34809875488281,283.4612731933594,0.040914151817560196,0.000495295156724751,405.8507995605469,0.6382789611816406,False,0.8144057989120483,1.7104454040527344,True,control_5step
offline_pretrain,450,0,1.0,32,0,160,0,63.81673049926758,234.331787109375,0.1187872588634491,49.54066848754883,63.81673049926758,234.331787109375,0.1187872588634491,0.0004954066826030612,298.2677917480469,0.3990488648414612,False,0.8247944712638855,1.578704833984375,True,control_5step
offline_pretrain,451,0,1.0,32,0,160,0,154.61610412597656,171.42288208007812,0.11703816056251526,49.551544189453125,154.61610412597656,171.42288208007812,0.11703816056251526,0.0004955154145136476,326.1565246582031,0.5956916213035583,False,0.7824931740760803,1.505768060684204,True,control_5step
offline_pretrain,452,0,1.0,32,0,160,0,83.00037384033203,107.67510986328125,0.07640669494867325,49.562808990478516,83.00037384033203,107.67510986328125,0.07640669494867325,0.000495628104545176,190.7523651123047,0.5053446292877197,False,0.7665921449661255,1.5096547603607178,True,control_5step
offline_pretrain,453,0,1.0,32,0,160,0,147.2260284423828,162.63009643554688,0.11734524369239807,49.574092864990234,147.2260284423828,162.63009643554688,0.11734524369239807,0.0004957409109920263,309.9739685058594,0.42869672179222107,False,0.7572729587554932,1.5135045051574707,True,control_5step
offline_pretrain,454,0,1.0,32,0,160,0,51.88914489746094,376.0028076171875,0.10923904180526733,49.58557891845703,51.88914489746094,376.0028076171875,0.10923904180526733,0.0004958557547070086,428.001708984375,0.401093453168869,False,0.7848589420318604,1.5864194631576538,True,control_5step
offline_pretrain,455,0,1.0,32,0,160,0,157.43051147460938,165.3516082763672,0.12995001673698425,49.59686279296875,157.43051147460938,165.3516082763672,0.12995001673698425,0.0004959686193615198,322.91253662109375,0.4315275549888611,False,0.8093207478523254,1.731238842010498,True,control_5step
offline_pretrain,456,0,1.0,32,0,160,0,155.86331176757812,156.29934692382812,0.14523933827877045,49.608428955078125,155.86331176757812,156.29934692382812,0.14523933827877045,0.0004960842779837549,312.3083801269531,0.4367696940898895,False,0.8436371684074402,1.7344894409179688,True,control_5step
offline_pretrain,457,0,1.0,32,0,160,0,132.265380859375,299.59039306640625,0.11200889945030212,49.62030792236328,132.265380859375,299.59039306640625,0.11200889945030212,0.0004962030798196793,431.96826171875,0.6396071910858154,False,0.8499580025672913,1.5304338932037354,True,control_5step
offline_pretrain,458,0,1.0,32,0,160,0,53.87522506713867,69.49492645263672,0.06767601519823074,49.63279724121094,53.87522506713867,69.49492645263672,0.06767601519823074,0.0004963279352523386,123.43831634521484,0.295758455991745,False,0.8212671875953674,1.5366185903549194,True,control_5step
offline_pretrain,459,0,1.0,32,0,160,0,71.78136444091797,125.57621765136719,0.04433557763695717,49.644622802734375,71.78136444091797,125.57621765136719,0.04433557763695717,0.0004964462132193148,197.4024200439453,0.36295387148857117,False,0.7651346921920776,1.541601538658142,True,control_5step
offline_pretrain,460,0,1.0,32,0,160,0,35.16131591796875,51.73246383666992,0.10281778126955032,49.65605545043945,35.16131591796875,51.73246383666992,0.10281778126955032,0.0004965605330653489,86.99710083007812,0.5116055011749268,False,0.7499223947525024,1.546020269393921,True,control_5step
offline_pretrain,461,0,1.0,32,0,160,0,96.74882507324219,258.0292663574219,0.07821305096149445,49.66786193847656,96.74882507324219,258.0292663574219,0.07821305096149445,0.0004966785782016814,354.8567810058594,0.4215185046195984,False,0.7705128192901611,1.550162672996521,True,control_5step
offline_pretrain,462,0,1.0,32,0,160,0,58.501094818115234,222.92831420898438,0.08030635118484497,49.67967987060547,58.501094818115234,222.92831420898438,0.08030635118484497,0.0004967967979609966,281.51019287109375,0.4878292679786682,False,0.8291129469871521,1.5549700260162354,True,control_5step
offline_pretrain,463,0,1.0,32,0,160,0,106.69718170166016,276.2672119140625,0.08830046653747559,49.691070556640625,106.69718170166016,276.2672119140625,0.08830046653747559,0.0004969107103534043,383.05316162109375,0.3346576392650604,False,0.8397659063339233,1.7576115131378174,True,control_5step
offline_pretrain,464,0,1.0,32,0,160,0,108.84088897705078,417.8262023925781,0.13617302477359772,49.70232009887695,108.84088897705078,417.8262023925781,0.13617302477359772,0.0004970231675542891,526.8037719726562,0.44264623522758484,False,0.8267170786857605,1.5633392333984375,True,control_5step
offline_pretrain,465,0,1.0,32,0,160,0,129.877197265625,280.98016357421875,0.15966227650642395,49.71381759643555,129.877197265625,280.98016357421875,0.15966227650642395,0.0004971381858922541,411.01751708984375,0.5110598206520081,False,0.8165403604507446,1.5671980381011963,True,control_5step
offline_pretrain,466,0,1.0,32,0,160,0,130.55001831054688,153.6112060546875,0.07888893038034439,49.72523498535156,130.55001831054688,153.6112060546875,0.07888893038034439,0.0004972523311153054,284.2406005859375,0.3568563759326935,False,0.8450548648834229,1.5696964263916016,True,control_5step
offline_pretrain,467,0,1.0,32,0,160,0,101.42430114746094,141.70492553710938,0.12506107985973358,49.73665237426758,101.42430114746094,141.70492553710938,0.12506107985973358,0.0004973665345460176,243.25479125976562,0.47168728709220886,False,0.8284106850624084,1.572949767112732,True,control_5step
offline_pretrain,468,0,1.0,32,0,160,0,90.37520599365234,90.37513732910156,0.11745218187570572,49.74866485595703,90.37520599365234,90.37513732910156,0.11745218187570572,0.0004974866169504821,180.8682861328125,0.4466496407985687,False,0.7657732367515564,1.7749254703521729,True,control_5step
offline_pretrain,469,0,1.0,32,0,160,0,190.8726348876953,191.72036743164062,0.0970294252038002,49.76045227050781,190.8726348876953,191.72036743164062,0.0970294252038002,0.0004976044874638319,382.6905212402344,0.4259592890739441,False,0.9165366291999817,1.57762610912323,True,control_5step
offline_pretrain,470,0,1.0,32,0,160,0,98.94407653808594,259.7588806152344,0.0894467756152153,49.77212905883789,98.94407653808594,259.7588806152344,0.0894467756152153,0.0004977212520316243,358.7928771972656,0.2864986062049866,False,0.8254439234733582,1.5813428163528442,True,control_5step
offline_pretrain,471,0,1.0,32,0,160,0,112.41765594482422,263.4461975097656,0.1372375786304474,49.783546447753906,112.41765594482422,263.4461975097656,0.1372375786304474,0.0004978354554623365,376.0015869140625,0.357565313577652,False,0.816863477230072,1.5853874683380127,True,control_5step
offline_pretrain,472,0,1.0,32,0,160,0,131.01681518554688,285.0634765625,0.19101856648921967,49.794986724853516,131.01681518554688,285.0634765625,0.19101856648921967,0.0004979498335160315,416.27178955078125,0.7175912857055664,False,0.8162156343460083,1.5897600650787354,True,control_5step
offline_pretrain,473,0,1.0,32,0,160,0,81.17705535888672,418.13031005859375,0.08316157013177872,49.80649185180664,81.17705535888672,418.13031005859375,0.08316157013177872,0.0004980649100616574,499.3910217285156,0.36980119347572327,False,0.8153465986251831,1.5935180187225342,True,control_5step
offline_pretrain,474,0,1.0,32,0,160,0,56.087398529052734,87.54096984863281,0.06851142644882202,49.81829833984375,56.087398529052734,87.54096984863281,0.06851142644882202,0.0004981829551979899,143.6973876953125,0.5686289072036743,False,0.7644092440605164,1.5972317457199097,True,control_5step
offline_pretrain,475,0,1.0,32,0,160,0,42.067256927490234,361.3876647949219,0.0978519394993782,49.82978439331055,42.067256927490234,361.3876647949219,0.0978519394993782,0.0004982978571206331,403.5532531738281,0.3431667685508728,False,0.829409122467041,1.6027406454086304,True,control_5step
offline_pretrain,476,0,1.0,32,0,160,0,104.21709442138672,120.3248291015625,0.07146546989679337,49.841556549072266,104.21709442138672,120.3248291015625,0.07146546989679337,0.0004984155530110002,224.61390686035156,0.4063323438167572,False,0.7809625864028931,1.6031466722488403,True,control_5step
offline_pretrain,477,0,1.0,32,0,160,0,190.02589416503906,206.41702270507812,0.053319498896598816,49.8535041809082,190.02589416503906,206.41702270507812,0.053319498896598816,0.0004985350533388555,396.4967346191406,0.45185932517051697,False,0.8829755783081055,1.611677885055542,True,control_5step
offline_pretrain,478,0,1.0,32,0,160,0,148.24676513671875,445.93994140625,0.07136978209018707,49.86555480957031,148.24676513671875,445.93994140625,0.07136978209018707,0.0004986555431969464,594.258544921875,0.45249438285827637,False,0.8939287662506104,1.8068941831588745,True,control_5step
offline_pretrain,479,0,1.0,32,0,160,0,50.01677703857422,382.3736877441406,0.05232396721839905,49.87751388549805,50.01677703857422,382.3736877441406,0.05232396721839905,0.0004987751017324626,432.44329833984375,0.29468002915382385,False,0.8129470348358154,1.6180928945541382,True,control_5step
offline_pretrain,480,0,1.0,32,0,160,0,114.38868713378906,285.3064270019531,0.12533840537071228,49.88887405395508,114.38868713378906,285.3064270019531,0.12533840537071228,0.0004988887230865657,399.8209533691406,0.42884886264801025,False,0.8533740639686584,1.6232001781463623,True,control_5step
offline_pretrain,481,0,1.0,32,0,160,0,56.996116638183594,95.86315155029297,0.0918462723493576,49.900699615478516,56.996116638183594,95.86315155029297,0.0918462723493576,0.0004990070010535419,152.9516143798828,0.43876713514328003,False,0.8375229239463806,1.8142443895339966,True,control_5step
offline_pretrain,482,0,1.0,32,0,160,0,142.42996215820312,318.18585205078125,0.08509914577007294,49.91282653808594,142.42996215820312,318.18585205078125,0.08509914577007294,0.0004991282476112247,460.701416015625,0.3360423743724823,False,0.8600655198097229,1.6573985815048218,True,control_5step
offline_pretrain,483,0,1.0,32,0,160,0,91.07299041748047,106.95978546142578,0.057572681456804276,49.924949645996094,91.07299041748047,106.95978546142578,0.057572681456804276,0.0004992494941689074,198.09085083007812,0.2880336046218872,False,0.8161252737045288,1.6370112895965576,True,control_5step
offline_pretrain,484,0,1.0,32,0,160,0,148.36573791503906,172.9618682861328,0.10014554858207703,49.93668746948242,148.36573791503906,172.9618682861328,0.10014554858207703,0.000499366840813309,321.4282531738281,0.5974537134170532,False,0.8540768623352051,1.6419250965118408,True,control_5step
offline_pretrain,485,0,1.0,32,0,160,0,119.1622085571289,317.55841064453125,0.03479285538196564,49.9487190246582,119.1622085571289,317.55841064453125,0.03479285538196564,0.0004994871560484171,436.7558898925781,0.8657770752906799,False,0.8348076343536377,1.665305733680725,True,control_5step
offline_pretrain,486,0,1.0,32,0,160,0,129.8199005126953,314.30902099609375,0.10141671448945999,49.96154022216797,129.8199005126953,314.30902099609375,0.10141671448945999,0.0004996153875254095,444.2308044433594,0.495021790266037,False,0.882896900177002,1.6533170938491821,True,control_5step
offline_pretrain,487,0,1.0,32,0,160,0,75.24407196044922,525.168701171875,0.09000687301158905,49.9745979309082,75.24407196044922,525.168701171875,0.09000687301158905,0.0004997459473088384,600.5032958984375,0.254845529794693,False,0.8312749862670898,1.6594324111938477,True,control_5step
offline_pretrain,488,0,1.0,32,0,160,0,38.68619918823242,198.43540954589844,0.11311493813991547,49.98698043823242,38.68619918823242,198.43540954589844,0.11311493813991547,0.0004998698132112622,237.2352294921875,0.3884601593017578,False,0.8588718175888062,1.665270209312439,True,control_5step
offline_pretrain,489,0,1.0,32,0,160,0,123.2653579711914,284.5902404785156,0.06212596967816353,49.99927520751953,123.2653579711914,284.5902404785156,0.06212596967816353,0.0004999927477911115,407.918212890625,0.460811048746109,False,0.8797656297683716,1.6783878803253174,True,control_5step
offline_pretrain,490,0,1.0,32,0,160,0,99.33553314208984,269.0071105957031,0.04250485822558403,50.01176452636719,99.33553314208984,269.0071105957031,0.04250485822558403,0.0005001176614314318,368.3856506347656,0.27045390009880066,False,0.9070786237716675,1.6811467409133911,True,control_5step
offline_pretrain,491,0,1.0,32,0,160,0,125.12136840820312,132.80905151367188,0.11084359884262085,50.023624420166016,125.12136840820312,132.80905151367188,0.11084359884262085,0.0005002362304367125,258.041748046875,0.32618093490600586,False,0.8978317975997925,1.6820241212844849,True,control_5step
offline_pretrain,492,0,1.0,32,0,160,0,77.043212890625,123.10725402832031,0.08442696183919907,50.03549575805664,77.043212890625,123.10725402832031,0.08442696183919907,0.0005003549158573151,200.2353973388672,0.4096721112728119,False,0.8624414801597595,1.6876946687698364,True,control_5step
offline_pretrain,493,0,1.0,32,0,160,0,169.83358764648438,335.7027282714844,0.09681149572134018,50.04726791381836,169.83358764648438,335.7027282714844,0.09681149572134018,0.000500472669955343,505.63360595703125,0.41080746054649353,False,0.8854784369468689,1.8412587642669678,True,control_5step
offline_pretrain,494,0,1.0,32,0,160,0,113.59674072265625,113.59487915039062,0.02999112941324711,50.059059143066406,113.59674072265625,113.59487915039062,0.02999112941324711,0.0005005905986763537,227.22210693359375,0.2379416674375534,False,0.8493378758430481,1.6989469528198242,True,control_5step
offline_pretrain,495,0,1.0,32,0,160,0,62.75458526611328,678.869140625,0.11460808664560318,50.070106506347656,62.75458526611328,678.869140625,0.11460808664560318,0.0005007010768167675,741.7388305664062,0.4802587330341339,False,0.9457973837852478,1.7047123908996582,True,control_5step
offline_pretrain,496,0,1.0,32,0,160,0,132.58322143554688,170.14662170410156,0.09534049034118652,50.08092498779297,132.58322143554688,170.14662170410156,0.09534049034118652,0.0005008092266507447,302.82568359375,0.5113250613212585,False,0.9058945178985596,1.7101613283157349,True,control_5step
offline_pretrain,497,0,1.0,32,0,160,0,78.18963623046875,124.3282241821289,0.07983235269784927,50.092227935791016,78.18963623046875,124.3282241821289,0.07983235269784927,0.0005009222659282386,202.5981903076172,0.4606941342353821,False,0.8145650029182434,1.7165836095809937,True,control_5step
offline_pretrain,498,0,1.0,32,0,160,0,74.71902465820312,98.14313507080078,0.0687297135591507,50.10344696044922,74.71902465820312,98.14313507080078,0.0687297135591507,0.0005010344320908189,172.93138122558594,0.7037146091461182,False,0.8460431098937988,1.7227442264556885,True,control_5step
offline_pretrain,499,0,1.0,32,0,160,0,78.41421508789062,110.59954833984375,0.12733696401119232,50.11396026611328,78.41421508789062,110.59954833984375,0.12733696401119232,0.0005011396133340895,189.1416015625,0.43429502844810486,False,0.8810653686523438,1.7258204221725464,True,control_5step
offline_pretrain,500,0,1.0,32,0,160,0,97.35482025146484,113.44731903076172,0.06980297714471817,50.125152587890625,97.35482025146484,113.44731903076172,0.06980297714471817,0.0005012514884583652,210.87245178222656,0.30320411920547485,False,0.8376127481460571,1.7278223037719727,True,control_5step
offline_pretrain,501,0,1.0,32,0,160,0,153.2766876220703,336.3898010253906,0.11364074796438217,50.136070251464844,153.2766876220703,336.3898010253906,0.11364074796438217,0.0005013606860302389,489.7806396484375,0.49336397647857666,False,0.9355881810188293,1.7303308248519897,True,control_5step
offline_pretrain,502,0,1.0,32,0,160,0,36.29962921142578,44.945526123046875,0.07254424691200256,50.1475715637207,36.29962921142578,44.945526123046875,0.07254424691200256,0.0005014757043682039,81.31820678710938,0.37981775403022766,False,0.8863956928253174,1.7340939044952393,True,control_5step
offline_pretrain,503,0,1.0,32,0,160,0,79.45098876953125,104.86456298828125,0.060453128069639206,50.15875244140625,79.45098876953125,104.86456298828125,0.060453128069639206,0.0005015875212848186,184.3765106201172,0.3608483672142029,False,0.9008051753044128,1.7378714084625244,True,control_5step
offline_pretrain,504,0,1.0,32,0,160,0,152.28414916992188,167.58648681640625,0.10719729214906693,50.17006301879883,152.28414916992188,167.58648681640625,0.10719729214906693,0.0005017006187699735,319.97833251953125,0.3993605673313141,False,0.8853989839553833,1.7419536113739014,True,control_5step
offline_pretrain,505,0,1.0,32,0,160,0,78.41559600830078,222.97669982910156,0.1700448840856552,50.18172073364258,78.41559600830078,222.97669982910156,0.1700448840856552,0.0005018172087147832,301.5628356933594,0.6036953330039978,False,0.8117132782936096,1.7473915815353394,True,control_5step
offline_pretrain,506,0,1.0,32,0,160,0,49.77349090576172,247.87451171875,0.029887007549405098,50.193302154541016,49.77349090576172,247.87451171875,0.029887007549405098,0.0005019329837523401,297.6783752441406,0.30156397819519043,False,0.8780532479286194,1.7507485151290894,True,control_5step
offline_pretrain,507,0,1.0,32,0,160,0,141.74005126953125,157.5360870361328,0.027537159621715546,50.204429626464844,141.74005126953125,157.5360870361328,0.027537159621715546,0.0005020442768000066,299.30413818359375,0.5156954526901245,False,0.901849091053009,1.7537174224853516,True,control_5step
offline_pretrain,508,0,1.0,32,0,160,0,71.59434509277344,102.77743530273438,0.019550779834389687,50.215538024902344,71.59434509277344,102.77743530273438,0.019550779834389687,0.0005021553952246904,174.39183044433594,0.4105176329612732,False,0.8938547968864441,1.7572263479232788,True,control_5step
offline_pretrain,509,0,1.0,32,0,160,0,81.648681640625,408.517578125,0.0725799947977066,50.22621536254883,81.648681640625,408.517578125,0.0725799947977066,0.0005022621480748057,490.23931884765625,0.43683093786239624,False,0.9024351835250854,1.7588872909545898,True,control_5step
offline_pretrain,510,0,1.0,32,0,160,0,104.92329406738281,268.76715087890625,0.08278942108154297,50.237060546875,104.92329406738281,268.76715087890625,0.08278942108154297,0.0005023705889470875,373.7737121582031,0.45275384187698364,False,0.8386595249176025,1.7602635622024536,True,control_5step
offline_pretrain,511,0,1.0,32,0,160,0,125.04931640625,133.76144409179688,0.08027947694063187,50.24826431274414,125.04931640625,133.76144409179688,0.08027947694063187,0.000502482638694346,258.89154052734375,0.32345351576805115,False,0.9002711772918701,1.763156533241272,True,control_5step
offline_pretrain,512,0,1.0,32,0,160,0,129.11709594726562,144.85000610351562,0.09419392794370651,50.25945281982422,129.11709594726562,144.85000610351562,0.09419392794370651,0.0005025945138186216,274.0617980957031,0.38912808895111084,False,0.9143833518028259,1.7664719820022583,True,control_5step
offline_pretrain,513,0,1.0,32,0,160,0,102.45494842529297,277.64373779296875,0.08213575929403305,50.27058029174805,102.45494842529297,277.64373779296875,0.08213575929403305,0.0005027058068662882,380.1813049316406,0.5065357685089111,False,0.9103624820709229,1.7706466913223267,True,control_5step
offline_pretrain,514,0,1.0,32,0,160,0,120.47280883789062,143.1050567626953,0.09807228296995163,50.28187942504883,120.47280883789062,143.1050567626953,0.09807228296995163,0.0005028187879361212,263.67645263671875,0.4078844487667084,False,0.9094693660736084,1.7739338874816895,True,control_5step
offline_pretrain,515,0,1.0,32,0,160,0,168.22824096679688,190.67291259765625,0.06554701924324036,50.29337692260742,168.22824096679688,190.67291259765625,0.06554701924324036,0.0005029337480664253,358.9671936035156,0.34844258427619934,False,0.9274899959564209,1.778121829032898,True,control_5step
offline_pretrain,516,0,1.0,32,0,160,0,96.33451843261719,392.84161376953125,0.02786966972053051,50.30474853515625,96.33451843261719,392.84161376953125,0.02786966972053051,0.0005030474858358502,489.2044982910156,0.34523820877075195,False,0.9056655168533325,1.7831357717514038,True,control_5step
offline_pretrain,517,0,1.0,32,0,160,0,129.75404357910156,281.0974426269531,0.06958292424678802,50.31560516357422,129.75404357910156,281.0974426269531,0.06958292424678802,0.0005031560431234539,410.92156982421875,0.3015519678592682,False,0.9409083127975464,1.7886086702346802,True,control_5step
offline_pretrain,518,0,1.0,32,0,160,0,117.04036712646484,274.9334411621094,0.044271696358919144,50.32643127441406,117.04036712646484,274.9334411621094,0.044271696358919144,0.0005032643093727529,392.0185852050781,0.34472891688346863,False,0.9091883897781372,1.7943308353424072,True,control_5step
offline_pretrain,519,0,1.0,32,0,160,0,105.19926452636719,286.32574462890625,0.11539476364850998,50.33686447143555,105.19926452636719,286.32574462890625,0.11539476364850998,0.0005033686175011098,391.6408996582031,0.5566487908363342,False,0.9347909092903137,1.7991955280303955,True,control_5step
offline_pretrain,520,0,1.0,32,0,160,0,11.956483840942383,194.39747619628906,0.11305315792560577,50.347442626953125,11.956483840942383,194.39747619628906,0.11305315792560577,0.0005034744390286505,206.46751403808594,0.5648842453956604,False,0.8499579429626465,1.7553733587265015,True,control_5step
offline_pretrain,521,0,1.0,32,0,160,0,64.89666748046875,88.79241180419922,0.13563132286071777,50.3582878112793,64.89666748046875,88.79241180419922,0.13563132286071777,0.0005035828799009323,153.82522583007812,0.4335944354534149,False,0.911072850227356,1.8052961826324463,True,control_5step
offline_pretrain,522,0,1.0,32,0,160,0,243.90087890625,252.24623107910156,0.11304424703121185,50.36983108520508,243.90087890625,252.24623107910156,0.11304424703121185,0.0005036983056925237,496.2606506347656,0.4489617943763733,False,0.9929734468460083,1.9030705690383911,True,control_5step
offline_pretrain,523,0,1.0,32,0,160,0,108.039794921875,296.5486145019531,0.11695796251296997,50.3818359375,108.039794921875,296.5486145019531,0.11695796251296997,0.0005038183298893273,404.70587158203125,0.6195047497749329,False,0.9789228439331055,1.8127691745758057,True,control_5step
offline_pretrain,524,0,1.0,32,0,160,0,44.64952087402344,223.97496032714844,0.17030519247055054,50.394039154052734,44.64952087402344,223.97496032714844,0.17030519247055054,0.0005039403913542628,268.7953186035156,0.5073641538619995,False,0.8617522716522217,1.816985845565796,True,control_5step
offline_pretrain,525,0,1.0,32,0,160,0,143.19692993164062,157.98138427734375,0.05921173840761185,50.406959533691406,143.19692993164062,157.98138427734375,0.05921173840761185,0.0005040695541538298,301.238037109375,0.3779674470424652,False,0.9310063123703003,1.8198769092559814,True,control_5step
offline_pretrain,526,0,1.0,32,0,160,0,75.94970703125,265.64190673828125,0.04283185303211212,50.41970443725586,75.94970703125,265.64190673828125,0.04283185303211212,0.0005041970289312303,341.6349792480469,0.4719351530075073,False,0.9549511671066284,1.823954701423645,True,control_5step
offline_pretrain,527,0,1.0,32,0,160,0,100.62930297851562,281.2003479003906,0.05991493538022041,50.43212127685547,100.62930297851562,281.2003479003906,0.05991493538022041,0.0005043211858719587,381.89007568359375,0.45744776725769043,False,0.9231907725334167,1.8289703130722046,True,control_5step
offline_pretrain,528,0,1.0,32,0,160,0,121.18174743652344,277.7272033691406,0.04394007846713066,50.44462203979492,121.18174743652344,277.7272033691406,0.04394007846713066,0.0005044462159276009,398.9533996582031,0.4110090732574463,False,0.9175391793251038,1.8345177173614502,True,control_5step
offline_pretrain,529,0,1.0,32,0,160,0,65.01822662353516,223.65736389160156,0.1316700130701065,50.456729888916016,65.01822662353516,223.65736389160156,0.1316700130701065,0.0005045672878623009,288.80780029296875,0.343095064163208,False,0.9283260703086853,1.8410558700561523,True,control_5step
offline_pretrain,530,0,1.0,32,0,160,0,117.54155731201172,118.75931549072266,0.028256606310606003,50.46919631958008,117.54155731201172,118.75931549072266,0.028256606310606003,0.0005046919686719775,236.3296356201172,0.24436788260936737,False,0.9643723964691162,1.8471646308898926,True,control_5step
offline_pretrain,531,0,1.0,32,0,160,0,149.45211791992188,157.33395385742188,0.07289505004882812,50.480960845947266,149.45211791992188,157.33395385742188,0.07289505004882812,0.0005048096063546836,306.8594970703125,0.45009106397628784,False,0.9358588457107544,1.852473258972168,True,control_5step
offline_pretrain,532,0,1.0,32,0,160,0,169.1310272216797,169.1335906982422,0.08299892395734787,50.4927864074707,169.1310272216797,169.1335906982422,0.08299892395734787,0.0005049278261139989,338.34814453125,0.6702404022216797,False,0.9728578925132751,1.8588134050369263,True,control_5step
offline_pretrain,533,0,1.0,32,0,160,0,78.54483032226562,378.95111083984375,0.1180429682135582,50.504356384277344,78.54483032226562,378.95111083984375,0.1180429682135582,0.0005050435429438949,457.614501953125,0.38778626918792725,False,0.9595560431480408,1.9423710107803345,True,control_5step
offline_pretrain,534,0,1.0,32,0,160,0,188.1551971435547,361.0596618652344,0.07831980288028717,50.515647888183594,188.1551971435547,361.0596618652344,0.07831980288028717,0.000505156465806067,549.2936401367188,0.5341954231262207,False,0.9966142177581787,1.8730368614196777,True,control_5step
offline_pretrain,535,0,1.0,32,0,160,0,121.31562042236328,158.44032287597656,0.07376663386821747,50.52729797363281,121.31562042236328,158.44032287597656,0.07376663386821747,0.0005052729393355548,279.8302307128906,0.3267958164215088,False,1.0222258567810059,1.8805932998657227,True,control_5step
offline_pretrain,536,0,1.0,32,0,160,0,110.24834442138672,267.1619873046875,0.12521645426750183,50.538639068603516,110.24834442138672,267.1619873046875,0.12521645426750183,0.0005053863860666752,377.53607177734375,0.3884822726249695,False,0.9669119715690613,1.888440489768982,True,control_5step
offline_pretrain,537,0,1.0,32,0,160,0,48.88859939575195,360.646728515625,0.013948262669146061,50.55036544799805,48.88859939575195,360.646728515625,0.013948262669146061,0.0005055036162957549,409.5498046875,0.17376531660556793,False,0.915328323841095,1.8958356380462646,True,control_5step
offline_pretrain,538,0,1.0,32,0,160,0,111.4271469116211,555.176025390625,0.09780295938253403,50.561187744140625,111.4271469116211,555.176025390625,0.09780295938253403,0.000505611882545054,666.701416015625,0.2991388142108917,False,1.0123916864395142,1.9023828506469727,True,control_5step
offline_pretrain,539,0,1.0,32,0,160,0,74.83645629882812,233.20484924316406,0.09532243013381958,50.571998596191406,74.83645629882812,233.20484924316406,0.09532243013381958,0.0005057199741713703,308.1371765136719,0.23863892257213593,False,0.948235809803009,1.959019660949707,True,control_5step
offline_pretrain,540,0,1.0,32,0,160,0,56.1241569519043,198.08401489257812,0.06940630078315735,50.58253479003906,56.1241569519043,198.08401489257812,0.06940630078315735,0.0005058253300376236,254.27809143066406,0.5123324394226074,False,0.8983253836631775,1.91645348072052,True,control_5step
offline_pretrain,541,0,1.0,32,0,160,0,82.48995208740234,98.36270141601562,0.1208963543176651,50.592796325683594,82.48995208740234,98.36270141601562,0.1208963543176651,0.0005059279501438141,180.97406005859375,0.5633589029312134,False,0.9738423228263855,1.9217976331710815,True,control_5step
offline_pretrain,542,0,1.0,32,0,160,0,105.7274169921875,277.77423095703125,0.07737866789102554,50.60300064086914,105.7274169921875,277.77423095703125,0.07737866789102554,0.0005060299881733954,383.5795593261719,0.6029716730117798,False,0.9686119556427002,1.9254075288772583,True,control_5step
offline_pretrain,543,0,1.0,32,0,160,0,147.27667236328125,453.49615478515625,0.06866621971130371,50.61392593383789,147.27667236328125,453.49615478515625,0.06866621971130371,0.00050613924395293,600.8419799804688,0.44568002223968506,False,0.9865076541900635,1.9303562641143799,True,control_5step
offline_pretrain,544,0,1.0,32,0,160,0,126.46348571777344,1018.975830078125,0.08776218444108963,50.6248664855957,126.46348571777344,1018.975830078125,0.08776218444108963,0.0005062486743554473,1145.527587890625,0.45846205949783325,False,1.0414698123931885,1.9347676038742065,True,control_5step
offline_pretrain,545,0,1.0,32,0,160,0,75.52642822265625,90.22309875488281,0.08020607382059097,50.63588333129883,75.52642822265625,90.22309875488281,0.08020607382059097,0.0005063588032498956,165.83023071289062,0.3136075437068939,False,0.9306460618972778,1.9403753280639648,True,control_5step
offline_pretrain,546,0,1.0,32,0,160,0,100.22956848144531,101.44937133789062,0.0697881430387497,50.64673614501953,100.22956848144531,101.44937133789062,0.0697881430387497,0.0005064673605374992,201.74923706054688,0.3874281048774719,False,0.9324636459350586,1.9464558362960815,True,control_5step
offline_pretrain,547,0,1.0,32,0,160,0,75.16145324707031,113.82083892822266,0.13733191788196564,50.657447814941406,75.16145324707031,113.82083892822266,0.13733191788196564,0.00050657446263358,189.12013244628906,0.4266985058784485,False,0.9958504438400269,1.9527287483215332,True,control_5step
offline_pretrain,548,0,1.0,32,0,160,0,140.29183959960938,155.88751220703125,0.02911166101694107,50.66864776611328,140.29183959960938,155.88751220703125,0.02911166101694107,0.0005066864541731775,296.208984375,0.3829635679721832,False,1.0516916513442993,1.9863343238830566,True,control_5step
offline_pretrain,549,0,1.0,32,0,160,0,65.29655456542969,216.47811889648438,0.1616317480802536,50.679481506347656,65.29655456542969,216.47811889648438,0.1616317480802536,0.0005067947786301374,281.9367980957031,0.34343627095222473,False,1.0021073818206787,1.9658725261688232,True,control_5step
offline_pretrain,550,0,1.0,32,0,160,0,60.40825271606445,238.89279174804688,0.07414381951093674,50.69047164916992,60.40825271606445,238.89279174804688,0.07414381951093674,0.0005069046746939421,299.375732421875,0.4674464166164398,False,0.9789034724235535,1.972475528717041,True,control_5step
offline_pretrain,551,0,1.0,32,0,160,0,123.99874877929688,294.1398620605469,0.04556596279144287,50.70102310180664,123.99874877929688,294.1398620605469,0.04556596279144287,0.0005070102051831782,418.1846923828125,0.39927321672439575,False,0.9735329747200012,1.9773781299591064,True,control_5step
offline_pretrain,552,0,1.0,32,0,160,0,119.1962661743164,268.89410400390625,0.05890502408146858,50.711509704589844,119.1962661743164,268.89410400390625,0.05890502408146858,0.0005071150953881443,388.1497802734375,0.5628829598426819,False,0.9619122743606567,1.9833003282546997,True,control_5step
offline_pretrain,553,0,1.0,32,0,160,0,117.53487396240234,275.40802001953125,0.03418240323662758,50.722068786621094,117.53487396240234,275.40802001953125,0.03418240323662758,0.0005072206840850413,392.97760009765625,0.3791489899158478,False,0.9812943935394287,1.9900107383728027,True,control_5step
offline_pretrain,554,0,1.0,32,0,160,0,156.54061889648438,165.08517456054688,0.1935376524925232,50.732418060302734,156.54061889648438,165.08517456054688,0.1935376524925232,0.0005073241773061454,321.8198547363281,0.6848156452178955,False,1.0118948221206665,1.9974678754806519,True,control_5step
offline_pretrain,555,0,1.0,32,0,160,0,178.5991973876953,335.2512512207031,0.0913546234369278,50.743675231933594,178.5991973876953,335.2512512207031,0.0913546234369278,0.0005074367509223521,513.9423217773438,0.47355392575263977,False,0.9866310954093933,2.0051167011260986,True,control_5step
offline_pretrain,556,0,1.0,32,0,160,0,76.32101440429688,365.40087890625,0.10264810174703598,50.755645751953125,76.32101440429688,365.40087890625,0.10264810174703598,0.0005075564258731902,441.8250732421875,0.299942284822464,False,0.9521266222000122,2.0139520168304443,True,control_5step
offline_pretrain,557,0,1.0,32,0,160,0,64.95622253417969,81.18022155761719,0.13274982571601868,50.767539978027344,64.95622253417969,81.18022155761719,0.13274982571601868,0.0005076754023320973,146.2696990966797,0.7984240055084229,False,0.9731410145759583,2.0224924087524414,True,control_5step
offline_pretrain,558,0,1.0,32,0,160,0,105.81480407714844,269.3874206542969,0.07293903082609177,50.77915954589844,105.81480407714844,269.3874206542969,0.07293903082609177,0.0005077915848232806,375.2756652832031,0.3981195390224457,False,1.013030767440796,2.028202533721924,True,control_5step
offline_pretrain,559,0,1.0,32,0,160,0,22.863239288330078,39.19149398803711,0.03440472483634949,50.79043197631836,22.863239288330078,39.19149398803711,0.03440472483634949,0.00050790433306247,62.08964538574219,0.31915387511253357,False,0.8941681385040283,2.032318115234375,True,control_5step
offline_pretrain,560,0,1.0,32,0,160,0,129.19383239746094,440.05267333984375,0.0918695405125618,50.801490783691406,129.19383239746094,440.05267333984375,0.0918695405125618,0.0005080148694105446,569.3388671875,0.43833398818969727,False,1.0255522727966309,2.0358049869537354,True,control_5step
offline_pretrain,561,0,1.0,32,0,160,0,149.46319580078125,149.4651641845703,0.06983114033937454,50.8128547668457,149.46319580078125,149.4651641845703,0.06983114033937454,0.0005081285489723086,298.9986877441406,0.8202798962593079,False,1.0200177431106567,2.0402777194976807,True,control_5step
offline_pretrain,562,0,1.0,32,0,160,0,86.37140655517578,94.04120635986328,0.13281551003456116,50.823829650878906,86.37140655517578,94.04120635986328,0.13281551003456116,0.0005082382704131305,180.54592895507812,0.29364848136901855,False,0.993058443069458,2.0472259521484375,True,control_5step
offline_pretrain,563,0,1.0,32,0,160,0,103.02312469482422,266.12890625,0.10470494627952576,50.834861755371094,103.02312469482422,266.12890625,0.10470494627952576,0.0005083486321382225,369.25726318359375,0.3727232813835144,False,1.0026143789291382,2.0541510581970215,True,control_5step
offline_pretrain,564,0,1.0,32,0,160,0,215.6090545654297,238.7138214111328,0.1203424483537674,50.84625244140625,215.6090545654297,238.7138214111328,0.1203424483537674,0.0005084624863229692,454.4437255859375,0.652056097984314,False,1.0366387367248535,2.062094211578369,True,control_5step
offline_pretrain,565,0,1.0,32,0,160,0,128.29859924316406,136.23196411132812,0.07360812276601791,50.85844039916992,128.29859924316406,136.23196411132812,0.07360812276601791,0.000508584373164922,264.6047058105469,0.33359000086784363,False,0.9855312705039978,2.0723748207092285,True,control_5step
offline_pretrain,566,0,1.0,32,0,160,0,99.99429321289062,115.8109359741211,0.11910615861415863,50.87052917480469,99.99429321289062,115.8109359741211,0.11910615861415863,0.0005087052704766393,215.9248504638672,0.34608325362205505,False,0.9654502868652344,2.0823140144348145,True,control_5step
offline_pretrain,567,0,1.0,32,0,160,0,75.84677124023438,83.64693450927734,0.044462986290454865,50.88253402709961,75.84677124023438,83.64693450927734,0.044462986290454865,0.0005088253528811038,159.53868103027344,0.3624984323978424,False,0.9919631481170654,2.0916552543640137,True,control_5step
offline_pretrain,568,0,1.0,32,0,160,0,143.92405700683594,294.1181640625,0.08155041933059692,50.89393997192383,143.92405700683594,294.1181640625,0.08155041933059692,0.0005089393816888332,438.1242980957031,0.3415113091468811,False,1.0211728811264038,2.1007437705993652,True,control_5step
offline_pretrain,569,0,1.0,32,0,160,0,56.972023010253906,88.11366271972656,0.09016762673854828,50.905521392822266,56.972023010253906,88.11366271972656,0.09016762673854828,0.000509055214934051,145.17636108398438,0.5236944556236267,False,0.9986254572868347,2.1100101470947266,True,control_5step
offline_pretrain,570,0,1.0,32,0,160,0,165.20037841796875,313.36114501953125,0.030057057738304138,50.91695785522461,165.20037841796875,313.36114501953125,0.030057057738304138,0.000509169592987746,478.59210205078125,0.45014530420303345,False,1.0510895252227783,2.1186697483062744,True,control_5step
offline_pretrain,571,0,1.0,32,0,160,0,186.29403686523438,186.2930145263672,0.0993133932352066,50.92826461791992,186.29403686523438,186.2930145263672,0.0993133932352066,0.00050928263226524,372.6868591308594,0.5495911836624146,False,1.0824633836746216,2.127925395965576,True,control_5step
offline_pretrain,572,0,1.0,32,0,160,0,171.64512634277344,334.78271484375,0.06156803295016289,50.939823150634766,171.64512634277344,334.78271484375,0.06156803295016289,0.0005093982326798141,506.48992919921875,0.4238749146461487,False,1.0086417198181152,2.1383113861083984,True,control_5step
offline_pretrain,573,0,1.0,32,0,160,0,185.9547119140625,194.18594360351562,0.16576923429965973,50.951725006103516,185.9547119140625,194.18594360351562,0.16576923429965973,0.0005095172091387212,380.30694580078125,0.6104000210762024,False,1.097602367401123,2.149306297302246,True,control_5step
offline_pretrain,574,0,1.0,32,0,160,0,148.04530334472656,186.40728759765625,0.07824394106864929,50.96419906616211,148.04530334472656,186.40728759765625,0.07824394106864929,0.0005096420063637197,334.5313415527344,0.4252921938896179,False,1.0144972801208496,2.1589958667755127,True,control_5step
offline_pretrain,575,0,1.0,32,0,160,0,113.57454681396484,151.00758361816406,0.14115339517593384,50.976905822753906,113.57454681396484,151.00758361816406,0.14115339517593384,0.0005097690736874938,264.7237854003906,0.7106632590293884,False,1.0075993537902832,2.1690433025360107,True,control_5step
offline_pretrain,576,0,1.0,32,0,160,0,145.89178466796875,308.8363342285156,0.0587557889521122,50.9899787902832,145.89178466796875,308.8363342285156,0.0587557889521122,0.0005098997498862445,454.7873840332031,0.5308079719543457,False,1.079282522201538,2.1787784099578857,True,control_5step
offline_pretrain,577,0,1.0,32,0,160,0,148.39125061035156,316.5928955078125,0.10144205391407013,51.002689361572266,148.39125061035156,316.5928955078125,0.10144205391407013,0.0005100268754176795,465.0860900878906,0.4833233654499054,False,1.0585789680480957,2.188817024230957,True,control_5step
offline_pretrain,578,0,1.0,32,0,160,0,96.79718017578125,252.33827209472656,0.08364114910364151,51.01545715332031,96.79718017578125,252.33827209472656,0.08364114910364151,0.0005101545830257237,349.2196044921875,0.3474363386631012,False,1.0100226402282715,2.1999309062957764,True,control_5step
offline_pretrain,579,0,1.0,32,0,160,0,127.62043762207031,296.5351257324219,0.09149907529354095,51.028045654296875,127.62043762207031,296.5351257324219,0.09149907529354095,0.0005102804279886186,424.2475891113281,0.39073067903518677,False,1.006693959236145,2.2106096744537354,True,control_5step
offline_pretrain,580,0,1.0,32,0,160,0,126.82430267333984,142.68621826171875,0.07494335621595383,51.041011810302734,126.82430267333984,142.68621826171875,0.07494335621595383,0.0005104101146571338,269.58599853515625,0.35016733407974243,False,1.0373886823654175,2.220935344696045,True,control_5step
offline_pretrain,581,0,1.0,32,0,160,0,167.64132690429688,182.99478149414062,0.12335744500160217,51.054073333740234,167.64132690429688,182.99478149414062,0.12335744500160217,0.0005105407326482236,350.7599792480469,0.49562180042266846,False,1.0393426418304443,2.231642484664917,True,control_5step
offline_pretrain,582,0,1.0,32,0,160,0,194.19424438476562,194.59751892089844,0.05945181846618652,51.06732940673828,194.19424438476562,194.59751892089844,0.05945181846618652,0.0005106732714921236,388.8517150878906,0.6665019392967224,False,1.0520168542861938,2.243919610977173,True,control_5step
offline_pretrain,583,0,1.0,32,0,160,0,97.59930419921875,127.12831115722656,0.09749767184257507,51.08075714111328,97.59930419921875,127.12831115722656,0.09749767184257507,0.000510807556565851,224.82562255859375,0.3824387788772583,False,0.9974486231803894,2.258021593093872,True,control_5step
offline_pretrain,584,0,1.0,32,0,160,0,152.43927001953125,174.5971221923828,0.07695021480321884,51.09408187866211,152.43927001953125,174.5971221923828,0.07695021480321884,0.0005109407939016819,327.1138610839844,0.45715317130088806,False,1.090991735458374,2.271523952484131,True,control_5step
offline_pretrain,585,0,1.0,32,0,160,0,189.83187866210938,228.69775390625,0.06820029020309448,51.10746765136719,189.83187866210938,228.69775390625,0.06820029020309448,0.0005110746715217829,418.5983581542969,0.6162812113761902,False,1.1082406044006348,2.285663604736328,True,control_5step
offline_pretrain,586,0,1.0,32,0,160,0,99.6208267211914,260.59967041015625,0.13554143905639648,51.121463775634766,99.6208267211914,260.59967041015625,0.13554143905639648,0.0005112146027386189,360.3565368652344,0.40605348348617554,False,1.0702691078186035,2.3009305000305176,True,control_5step
offline_pretrain,587,0,1.0,32,0,160,0,152.0430450439453,329.7449645996094,0.09670726209878922,51.13572692871094,152.0430450439453,329.7449645996094,0.09670726209878922,0.0005113572697155178,481.88525390625,0.44499412178993225,False,1.1056126356124878,2.3159942626953125,True,control_5step
offline_pretrain,588,0,1.0,32,0,160,0,79.61233520507812,224.7633819580078,0.05855439230799675,51.150238037109375,79.61233520507812,224.7633819580078,0.05855439230799675,0.000511502381414175,304.434814453125,0.3082265555858612,False,1.0258253812789917,2.3315048217773438,True,control_5step
offline_pretrain,589,0,1.0,32,0,160,0,142.12576293945312,157.74160766601562,0.06715383380651474,51.164039611816406,142.12576293945312,157.74160766601562,0.06715383380651474,0.0005116403917782009,299.9350280761719,0.4082697033882141,False,1.0412087440490723,2.3459737300872803,True,control_5step
offline_pretrain,590,0,1.0,32,0,160,0,147.29820251464844,317.5708923339844,0.11482217162847519,51.17792892456055,147.29820251464844,317.5708923339844,0.11482217162847519,0.0005117792752571404,464.9844055175781,0.6809942126274109,False,1.1215455532073975,2.3608145713806152,True,control_5step
offline_pretrain,591,0,1.0,32,0,160,0,57.587677001953125,195.54949951171875,0.07444633543491364,51.192020416259766,57.587677001953125,195.54949951171875,0.07444633543491364,0.0005119201960042119,253.21214294433594,0.20644515752792358,False,0.9838473200798035,2.374767780303955,True,control_5step
offline_pretrain,592,0,1.0,32,0,160,0,166.73760986328125,636.4229736328125,0.07064725458621979,51.205474853515625,166.73760986328125,636.4229736328125,0.07064725458621979,0.0005120547139085829,803.231689453125,0.4129214286804199,False,1.1175177097320557,2.387789487838745,True,control_5step
offline_pretrain,593,0,1.0,32,0,160,0,168.8737030029297,227.1251220703125,0.06612993776798248,51.21917724609375,168.8737030029297,227.1251220703125,0.06612993776798248,0.0005121917347423732,396.06549072265625,0.5287023782730103,False,1.101310133934021,2.401373863220215,True,control_5step
offline_pretrain,594,0,1.0,32,0,160,0,100.70420837402344,520.1478881835938,0.06609272956848145,51.23301696777344,100.70420837402344,520.1478881835938,0.06609272956848145,0.0005123301525600255,620.918701171875,0.32178378105163574,False,1.044805884361267,2.4154205322265625,True,control_5step
offline_pretrain,595,0,1.0,32,0,160,0,227.47157287597656,243.55943298339844,0.0016472312854602933,51.24612808227539,227.47157287597656,243.55943298339844,0.0016472312854602933,0.0005124612944200635,471.0331726074219,0.6314610838890076,False,1.1078143119812012,2.4272878170013428,True,control_5step
offline_pretrain,596,0,1.0,32,0,160,0,127.90458679199219,302.884765625,0.14377573132514954,51.25934600830078,127.90458679199219,302.884765625,0.14377573132514954,0.0005125934258103371,430.93365478515625,0.8608075380325317,False,1.1459288597106934,2.439955472946167,True,control_5step
offline_pretrain,597,0,1.0,32,0,160,0,96.93373107910156,265.0351867675781,0.09946200996637344,51.27257537841797,96.93373107910156,265.0351867675781,0.09946200996637344,0.0005127257318235934,362.06890869140625,0.4783056080341339,False,1.0552984476089478,2.449094295501709,True,control_5step
offline_pretrain,598,0,1.0,32,0,160,0,143.8535919189453,426.8464660644531,0.046637602150440216,51.28544616699219,143.8535919189453,426.8464660644531,0.046637602150440216,0.0005128544289618731,570.7471923828125,0.3548121452331543,False,1.0668176412582397,2.4556047916412354,True,control_5step
offline_pretrain,599,0,1.0,32,0,160,0,63.91547393798828,65.555908203125,0.09020856767892838,51.29813003540039,63.91547393798828,65.555908203125,0.09020856767892838,0.0005129812634550035,129.56210327148438,0.31036409735679626,False,1.08217453956604,2.4632515907287598,True,control_5step
offline_pretrain,600,0,1.0,32,0,160,0,102.53655242919922,398.14276123046875,0.0889187604188919,51.31081008911133,102.53655242919922,398.14276123046875,0.0889187604188919,0.0005131080979481339,500.7687683105469,0.29203030467033386,False,1.0531461238861084,2.470081329345703,True,control_5step
offline_pretrain,601,0,1.0,32,0,160,0,149.93923950195312,179.948486328125,0.10383908450603485,51.323272705078125,149.93923950195312,179.948486328125,0.10383908450603485,0.0005132327205501497,329.9920959472656,0.4811830222606659,False,1.044267177581787,2.4771900177001953,True,control_5step
offline_pretrain,602,0,1.0,32,0,160,0,119.23420715332031,415.5783996582031,0.056310076266527176,51.336490631103516,119.23420715332031,415.5783996582031,0.056310076266527176,0.0005133649101480842,534.8694458007812,0.42160284519195557,False,1.0833526849746704,2.486304998397827,True,control_5step
offline_pretrain,603,0,1.0,32,0,160,0,131.5177001953125,278.9111022949219,0.09276311099529266,51.349308013916016,131.5177001953125,278.9111022949219,0.09276311099529266,0.0005134930834174156,410.5220947265625,0.3163785934448242,False,1.1440715789794922,2.4970383644104004,True,control_5step
offline_pretrain,604,0,1.0,32,0,160,0,125.62547302246094,271.1860046386719,0.11658351123332977,51.36213684082031,125.62547302246094,271.1860046386719,0.11658351123332977,0.0005136213731020689,396.9285583496094,0.4718952178955078,False,1.1301015615463257,2.5069406032562256,True,control_5step
offline_pretrain,605,0,1.0,32,0,160,0,196.89083862304688,339.78875732421875,0.09094986319541931,51.37522506713867,196.89083862304688,339.78875732421875,0.09094986319541931,0.0005137522239238024,536.77099609375,0.6061233878135681,False,1.104522705078125,2.5179309844970703,True,control_5step
offline_pretrain,606,0,1.0,32,0,160,0,61.761695861816406,211.2841033935547,0.17706646025180817,51.388675689697266,61.761695861816406,211.2841033935547,0.17706646025180817,0.0005138867418281734,273.223388671875,0.34768712520599365,False,1.0434622764587402,2.531405210494995,True,control_5step
offline_pretrain,607,0,1.0,32,0,160,0,22.714139938354492,187.74307250976562,0.0,51.402244567871094,22.714139938354492,187.74307250976562,0.0,0.0005140224238857627,210.45773315429688,0.63737553358078,False,1.0982038974761963,2.5438919067382812,True,control_5step
offline_pretrain,608,0,1.0,32,0,160,0,145.16241455078125,175.9776611328125,0.04898008704185486,51.41449737548828,145.16241455078125,175.9776611328125,0.04898008704185486,0.0005141449510119855,321.1895751953125,0.48625263571739197,False,1.076601505279541,2.5552237033843994,True,control_5step
offline_pretrain,609,0,1.0,32,0,160,0,58.27120590209961,486.5472717285156,0.06423164159059525,51.426673889160156,58.27120590209961,486.5472717285156,0.06423164159059525,0.0005142667214386165,544.8831787109375,0.44732949137687683,False,1.0512422323226929,2.5648066997528076,True,control_5step
offline_pretrain,610,0,1.0,32,0,160,0,49.4091796875,71.74665069580078,0.07810050249099731,51.43852996826172,49.4091796875,71.74665069580078,0.07810050249099731,0.0005143852904438972,121.23444366455078,0.3797200322151184,False,1.0662436485290527,2.5734457969665527,True,control_5step
offline_pretrain,611,0,1.0,32,0,160,0,60.86449432373047,356.5791015625,0.1367776095867157,51.4499397277832,60.86449432373047,356.5791015625,0.1367776095867157,0.0005144993774592876,417.5809020996094,0.3100237250328064,False,1.0793242454528809,2.581364154815674,True,control_5step
offline_pretrain,612,0,1.0,32,0,160,0,160.671142578125,437.71990966796875,0.12507478892803192,51.46176528930664,160.671142578125,437.71990966796875,0.12507478892803192,0.0005146176554262638,598.5166015625,0.5770344138145447,False,1.1533547639846802,2.588545799255371,True,control_5step
offline_pretrain,613,0,1.0,32,0,160,0,164.66708374023438,461.8670654296875,0.09266650676727295,51.474090576171875,164.66708374023438,461.8670654296875,0.09266650676727295,0.0005147408810444176,626.6273193359375,0.47765660285949707,False,1.1320490837097168,2.597252607345581,True,control_5step
offline_pretrain,614,0,1.0,32,0,160,0,78.02902221679688,228.43548583984375,0.11861033737659454,51.48674392700195,78.02902221679688,228.43548583984375,0.11861033737659454,0.0005148674244992435,306.5836486816406,0.598637044429779,False,1.087746262550354,2.607926368713379,True,control_5step
offline_pretrain,615,0,1.0,32,0,160,0,99.98897552490234,386.0794372558594,0.049393750727176666,51.499351501464844,99.98897552490234,386.0794372558594,0.049393750727176666,0.0005149935022927821,486.11834716796875,0.5371266603469849,False,1.0883684158325195,2.61482572555542,True,control_5step
offline_pretrain,616,0,1.0,32,0,160,0,63.391021728515625,347.6695251464844,0.11350220441818237,51.51137161254883,63.391021728515625,347.6695251464844,0.11350220441818237,0.0005151137011125684,411.174560546875,0.4351261258125305,False,1.0316038131713867,2.6191565990448,True,control_5step
offline_pretrain,617,0,1.0,32,0,160,0,66.1223373413086,216.4927215576172,0.11340393871068954,51.523414611816406,66.1223373413086,216.4927215576172,0.11340393871068954,0.0005152341327629983,282.7289733886719,0.45890140533447266,False,1.1122357845306396,2.6230032444000244,True,control_5step
offline_pretrain,618,0,1.0,32,0,160,0,209.69863891601562,225.4207763671875,0.03396022319793701,51.53560256958008,209.69863891601562,225.4207763671875,0.03396022319793701,0.0005153560196049511,435.1539001464844,0.5860189199447632,False,1.1725696325302124,2.623990058898926,True,control_5step
offline_pretrain,619,0,1.0,32,0,160,0,98.59724426269531,262.4439392089844,0.04500339925289154,51.54814147949219,98.59724426269531,262.4439392089844,0.04500339925289154,0.0005154813989065588,361.08673095703125,0.3145223557949066,False,1.0839375257492065,2.627246379852295,True,control_5step
offline_pretrain,620,0,1.0,32,0,160,0,104.22297668457031,104.6235580444336,0.08524604141712189,51.560359954833984,104.22297668457031,104.6235580444336,0.08524604141712189,0.0005156035767868161,208.9322967529297,0.3551620543003082,False,1.074206829071045,2.631580352783203,True,control_5step
offline_pretrain,621,0,1.0,32,0,160,0,72.31843566894531,233.33633422851562,0.032392192631959915,51.57257080078125,72.31843566894531,233.33633422851562,0.032392192631959915,0.0005157256964594126,305.68768310546875,0.38097140192985535,False,1.0831774473190308,2.6369423866271973,True,control_5step
offline_pretrain,622,0,1.0,32,0,160,0,66.30265808105469,117.68272399902344,0.1542237550020218,51.584476470947266,66.30265808105469,117.68272399902344,0.1542237550020218,0.0005158447311259806,184.14012145996094,0.6478147506713867,False,1.1296026706695557,2.6431498527526855,True,control_5step
offline_pretrain,623,0,1.0,32,0,160,0,121.34405517578125,543.051513671875,0.04531437158584595,51.59688186645508,121.34405517578125,543.051513671875,0.04531437158584595,0.0005159688298590481,664.4413452148438,0.6603761315345764,False,1.1414761543273926,2.649409294128418,True,control_5step
offline_pretrain,624,0,1.0,32,0,160,0,90.00859832763672,239.97613525390625,0.2057596743106842,51.608821868896484,90.00859832763672,239.97613525390625,0.2057596743106842,0.0005160882137715816,330.1910095214844,0.5787578821182251,False,1.1417381763458252,2.6573972702026367,True,control_5step
offline_pretrain,625,0,1.0,32,0,160,0,121.3374252319336,400.3254699707031,0.07895790785551071,51.621803283691406,121.3374252319336,400.3254699707031,0.07895790785551071,0.0005162180168554187,521.7423706054688,0.4065385162830353,False,1.0894699096679688,2.666062355041504,True,control_5step
offline_pretrain,626,0,1.0,32,0,160,0,98.21353149414062,135.34573364257812,0.03267591446638107,51.6346435546875,98.21353149414062,135.34573364257812,0.03267591446638107,0.0005163464229553938,233.5924530029297,0.39479169249534607,False,1.1150380373001099,2.675474166870117,True,control_5step
offline_pretrain,627,0,1.0,32,0,160,0,91.17125701904297,105.76620483398438,0.15088310837745667,51.647159576416016,91.17125701904297,105.76620483398438,0.15088310837745667,0.0005164715694263577,197.0888671875,0.3524439334869385,False,1.058585286140442,2.6846539974212646,True,control_5step
offline_pretrain,628,0,1.0,32,0,160,0,92.29535675048828,114.59428405761719,0.137477308511734,51.6599006652832,92.29535675048828,114.59428405761719,0.137477308511734,0.0005165989859960973,207.02764892578125,0.3724062442779541,False,1.1533019542694092,2.6920270919799805,True,control_5step
offline_pretrain,629,0,1.0,32,0,160,0,34.12017059326172,81.04817199707031,0.06891646236181259,51.673187255859375,34.12017059326172,81.04817199707031,0.06891646236181259,0.0005167318740859628,115.23777770996094,1.1820200681686401,False,1.0535670518875122,2.6991090774536133,True,control_5step
offline_pretrain,630,0,1.0,32,0,160,0,165.20603942871094,165.62733459472656,0.0877983421087265,51.686092376708984,165.20603942871094,165.62733459472656,0.0877983421087265,0.0005168609204702079,330.92169189453125,0.6393451690673828,False,1.1703917980194092,2.7042815685272217,True,control_5step
offline_pretrain,631,0,1.0,32,0,160,0,138.10586547851562,302.37109375,0.018138382583856583,51.699256896972656,138.10586547851562,302.37109375,0.018138382583856583,0.0005169925279915333,440.49560546875,0.42561134696006775,False,1.1660370826721191,2.7115912437438965,True,control_5step
offline_pretrain,632,0,1.0,32,0,160,0,121.34964752197266,411.31787109375,0.08291879296302795,51.71205139160156,121.34964752197266,411.31787109375,0.08291879296302795,0.000517120526637882,532.7509765625,0.3496240973472595,False,1.1927704811096191,2.7206475734710693,True,control_5step
offline_pretrain,633,0,1.0,32,0,160,0,126.82291412353516,186.57554626464844,0.09291663020849228,51.72478485107422,126.82291412353516,186.57554626464844,0.09291663020849228,0.0005172478267922997,313.4919128417969,0.6403049230575562,False,1.196164608001709,2.728951930999756,True,control_5step
offline_pretrain,634,0,1.0,32,0,160,0,84.20368194580078,91.98240661621094,0.13128168880939484,51.73802947998047,84.20368194580078,91.98240661621094,0.13128168880939484,0.0005173803074285388,176.31790161132812,0.45002996921539307,False,1.1046298742294312,2.738083600997925,True,control_5step
offline_pretrain,635,0,1.0,32,0,160,0,96.54784393310547,707.5863647460938,0.03388479724526405,51.75126647949219,96.54784393310547,707.5863647460938,0.03388479724526405,0.000517512671649456,804.1685791015625,0.48271259665489197,False,1.115537405014038,2.7454094886779785,True,control_5step
offline_pretrain,636,0,1.0,32,0,160,0,76.44315338134766,92.63345336914062,0.10929514467716217,51.764644622802734,76.44315338134766,92.63345336914062,0.10929514467716217,0.0005176464328542352,169.18641662597656,0.33172109723091125,False,1.0583916902542114,2.753114938735962,True,control_5step
offline_pretrain,637,0,1.0,32,0,160,0,70.32588195800781,225.03518676757812,0.04534740746021271,51.77816390991211,70.32588195800781,225.03518676757812,0.04534740746021271,0.0005177816492505372,295.4069519042969,0.34165817499160767,False,1.1022868156433105,2.76011061668396,True,control_5step
offline_pretrain,638,0,1.0,32,0,160,0,144.5047607421875,278.2841796875,0.12455251812934875,51.79098129272461,144.5047607421875,278.2841796875,0.12455251812934875,0.0005179098225198686,422.91400146484375,0.5818340182304382,False,1.1762707233428955,2.7667410373687744,True,control_5step
offline_pretrain,639,0,1.0,32,0,160,0,38.63806915283203,67.72261047363281,0.1279691457748413,51.80447769165039,38.63806915283203,67.72261047363281,0.1279691457748413,0.000518044747877866,106.48916625976562,0.4214272201061249,False,1.000343680381775,2.7761294841766357,True,control_5step
offline_pretrain,640,0,1.0,32,0,160,0,108.85224914550781,139.3536376953125,0.13827301561832428,51.81822967529297,108.85224914550781,139.3536376953125,0.13827301561832428,0.0005181822925806046,248.3446807861328,0.3933752477169037,False,1.1805673837661743,2.7838633060455322,True,control_5step
offline_pretrain,641,0,1.0,32,0,160,0,121.35319519042969,143.61293029785156,0.07355344295501709,51.83232879638672,121.35319519042969,143.61293029785156,0.07355344295501709,0.000518323271535337,265.0401916503906,0.41178542375564575,False,1.040252447128296,2.792370557785034,True,control_5step
offline_pretrain,642,0,1.0,32,0,160,0,74.42877197265625,236.49160766601562,0.14797064661979675,51.84628677368164,74.42877197265625,236.49160766601562,0.14797064661979675,0.0005184628535062075,311.0688781738281,0.8083385229110718,False,1.1444883346557617,2.8023760318756104,True,control_5step
offline_pretrain,643,0,1.0,32,0,160,0,173.6182861328125,322.9825744628906,0.08358313143253326,51.8603630065918,173.6182861328125,322.9825744628906,0.08358313143253326,0.0005186035996302962,496.6849670410156,0.4470844268798828,False,1.1709017753601074,2.808931589126587,True,control_5step
offline_pretrain,644,0,1.0,32,0,160,0,60.140594482421875,60.56135177612305,0.17069074511528015,51.87479019165039,60.140594482421875,60.56135177612305,0.17069074511528015,0.0005187478964217007,120.87316131591797,0.3552359640598297,False,1.1145185232162476,2.81681227684021,True,control_5step
offline_pretrain,645,0,1.0,32,0,160,0,144.22134399414062,278.0491027832031,0.05033101141452789,51.889366149902344,144.22134399414062,278.0491027832031,0.05033101141452789,0.000518893648404628,422.3212890625,0.7800034284591675,False,1.1806011199951172,2.8244106769561768,True,control_5step
offline_pretrain,646,0,1.0,32,0,160,0,218.7574462890625,242.0545196533203,0.0693126693367958,51.9035530090332,218.7574462890625,242.0545196533203,0.0693126693367958,0.0005190355004742742,460.88177490234375,0.7750594615936279,False,1.2423858642578125,2.833730697631836,True,control_5step
offline_pretrain,647,0,1.0,32,0,160,0,100.50334167480469,676.7133178710938,0.10704820603132248,51.91867446899414,100.50334167480469,676.7133178710938,0.10704820603132248,0.0005191867239773273,777.3242797851562,0.3626421093940735,False,1.1796079874038696,2.8459038734436035,True,control_5step
offline_pretrain,648,0,1.0,32,0,160,0,119.86721801757812,414.5868835449219,0.04854729771614075,51.93373489379883,119.86721801757812,414.5868835449219,0.04854729771614075,0.0005193373071961105,534.503173828125,0.6493840217590332,False,1.2297989130020142,2.8584365844726562,True,control_5step
offline_pretrain,649,0,1.0,32,0,160,0,113.54995727539062,245.33349609375,0.13500800728797913,51.9483528137207,113.54995727539062,245.33349609375,0.13500800728797913,0.0005194835248403251,359.01898193359375,0.45848920941352844,False,1.180441975593567,2.871107816696167,True,control_5step
offline_pretrain,650,0,1.0,32,0,160,0,73.90789794921875,231.49642944335938,0.06311208009719849,51.96311569213867,73.90789794921875,231.49642944335938,0.06311208009719849,0.0005196311394684017,305.46795654296875,0.738071620464325,False,1.1566991806030273,2.8838722705841064,True,control_5step
offline_pretrain,651,0,1.0,32,0,160,0,74.29051971435547,244.20028686523438,0.07067941129207611,51.976905822753906,74.29051971435547,244.20028686523438,0.07067941129207611,0.0005197690334171057,318.56201171875,0.2790167033672333,False,1.13555109500885,2.8918039798736572,True,control_5step
offline_pretrain,652,0,1.0,32,0,160,0,122.17276000976562,691.945068359375,0.06787782907485962,51.990386962890625,122.17276000976562,691.945068359375,0.06787782907485962,0.0005199038423597813,814.1862182617188,0.4345536530017853,False,1.2676620483398438,2.8986284732818604,True,control_5step
offline_pretrain,653,0,1.0,32,0,160,0,129.22695922851562,286.51300048828125,0.10231897234916687,52.00373840332031,129.22695922851562,286.51300048828125,0.10231897234916687,0.0005200373707339168,415.8428039550781,0.3834474980831146,False,1.2078924179077148,2.906109571456909,True,control_5step
offline_pretrain,654,0,1.0,32,0,160,0,206.10653686523438,364.224853515625,0.015115134418010712,52.01701354980469,206.10653686523438,364.224853515625,0.015115134418010712,0.0005201701424084604,570.3471069335938,0.3679601848125458,False,1.1711711883544922,2.9113731384277344,True,control_5step
offline_pretrain,655,0,1.0,32,0,160,0,79.67521667480469,87.38933563232422,0.09747973084449768,52.03001403808594,79.67521667480469,87.38933563232422,0.09747973084449768,0.0005203001201152802,167.16253662109375,0.466384619474411,False,1.122581124305725,2.917264699935913,True,control_5step
offline_pretrain,656,0,1.0,32,0,160,0,97.02641296386719,105.57110595703125,0.05177692696452141,52.042789459228516,97.02641296386719,105.57110595703125,0.05177692696452141,0.0005204278859309852,202.64981079101562,0.694726288318634,False,1.1498334407806396,2.9194629192352295,True,control_5step
offline_pretrain,657,0,1.0,32,0,160,0,53.223731994628906,228.71873474121094,0.051564112305641174,52.055660247802734,53.223731994628906,228.71873474121094,0.051564112305641174,0.0005205565830692649,281.99456787109375,0.3088974952697754,False,1.1176111698150635,2.923903465270996,True,control_5step
offline_pretrain,658,0,1.0,32,0,160,0,148.0543670654297,171.38546752929688,0.10191027075052261,52.068111419677734,148.0543670654297,171.38546752929688,0.10191027075052261,0.0005206810892559588,319.542236328125,0.5381094217300415,False,1.2010960578918457,2.9280505180358887,True,control_5step
offline_pretrain,659,0,1.0,32,0,160,0,80.33512878417969,117.50303649902344,0.12538492679595947,52.08121871948242,80.33512878417969,117.50303649902344,0.12538492679595947,0.0005208121729083359,197.9640655517578,0.7026019096374512,False,1.1310701370239258,2.9359240531921387,True,control_5step
offline_pretrain,660,0,1.0,32,0,160,0,106.1871337890625,260.12872314453125,0.14192698895931244,52.09452438354492,106.1871337890625,260.12872314453125,0.14192698895931244,0.0005209452356211841,366.45831298828125,0.8095268607139587,False,1.2230253219604492,2.9449751377105713,True,control_5step
offline_pretrain,661,0,1.0,32,0,160,0,114.06682586669922,121.77588653564453,0.17489132285118103,52.107574462890625,114.06682586669922,121.77588653564453,0.17489132285118103,0.0005210757371969521,236.01812744140625,0.5929118990898132,False,1.190584421157837,2.9477033615112305,True,control_5step
offline_pretrain,662,0,1.0,32,0,160,0,130.6435546875,393.2449035644531,0.11033236980438232,52.12120819091797,130.6435546875,393.2449035644531,0.11033236980438232,0.0005212120595388114,523.9993286132812,0.5960428714752197,False,1.2734452486038208,2.950268268585205,True,control_5step
offline_pretrain,663,0,1.0,32,0,160,0,97.55975341796875,384.7012939453125,0.0976911336183548,52.13511276245117,97.55975341796875,384.7012939453125,0.0976911336183548,0.0005213511176407337,482.3592529296875,0.29904401302337646,False,1.2142726182937622,2.956066131591797,True,control_5step
offline_pretrain,664,0,1.0,32,0,160,0,126.16427612304688,169.3374481201172,0.06778073310852051,52.148590087890625,126.16427612304688,169.3374481201172,0.06778073310852051,0.0005214858683757484,295.57000732421875,0.4221343696117401,False,1.2070939540863037,2.9606943130493164,True,control_5step
offline_pretrain,665,0,1.0,32,0,160,0,104.99151611328125,119.30374145507812,0.0700899288058281,52.16204071044922,104.99151611328125,119.30374145507812,0.0700899288058281,0.0005216203862801194,224.36585998535156,0.44358253479003906,False,1.179336667060852,2.9655580520629883,True,control_5step
offline_pretrain,666,0,1.0,32,0,160,0,8.108208656311035,31.06536865234375,0.09184755384922028,52.175384521484375,8.108208656311035,31.06536865234375,0.09184755384922028,0.000521753856446594,39.26594543457031,0.22798898816108704,False,1.1127220392227173,2.472879409790039,True,control_5step
offline_pretrain,667,0,1.0,32,0,160,0,185.070556640625,646.42041015625,0.017595991492271423,52.18816375732422,185.070556640625,646.42041015625,0.017595991492271423,0.0005218816222622991,831.5090942382812,0.6288358569145203,False,1.343611717224121,2.978118896484375,True,control_5step
offline_pretrain,668,0,1.0,32,0,160,0,145.58474731445312,296.1495361328125,0.10598719865083694,52.200923919677734,145.58474731445312,296.1495361328125,0.10598719865083694,0.0005220092134550214,441.8407897949219,0.4877043068408966,False,1.1550925970077515,2.9873647689819336,True,control_5step
offline_pretrain,669,0,1.0,32,0,160,0,121.0865249633789,136.1352996826172,0.04841165989637375,52.21410369873047,121.0865249633789,136.1352996826172,0.04841165989637375,0.0005221409955993295,257.270751953125,0.3858971893787384,False,1.103804111480713,2.9979255199432373,True,control_5step
offline_pretrain,670,0,1.0,32,0,160,0,125.36148071289062,125.36476135253906,0.09176427870988846,52.22722244262695,125.36148071289062,125.36476135253906,0.09176427870988846,0.0005222721956670284,250.8185272216797,0.6582662463188171,False,1.1542742252349854,3.008553981781006,True,control_5step
offline_pretrain,671,0,1.0,32,0,160,0,75.61054229736328,207.21168518066406,0.06336253881454468,52.24036407470703,75.61054229736328,207.21168518066406,0.06336253881454468,0.000522403628565371,282.8861083984375,0.22298575937747955,False,1.127701997756958,3.020491600036621,True,control_5step
offline_pretrain,672,0,1.0,32,0,160,0,161.4867706298828,301.649169921875,0.01551075093448162,52.253143310546875,161.4867706298828,301.649169921875,0.01551075093448162,0.0005225313943810761,463.1519470214844,0.5325440764427185,False,1.1627707481384277,3.0319786071777344,True,control_5step
offline_pretrain,673,0,1.0,32,0,160,0,146.44461059570312,146.8791961669922,0.15315206348896027,52.26581954956055,146.44461059570312,146.8791961669922,0.15315206348896027,0.0005226581706665456,293.4774475097656,0.5258228182792664,False,1.2282675504684448,3.0436949729919434,True,control_5step
offline_pretrain,674,0,1.0,32,0,160,0,103.59127044677734,111.97941589355469,0.06975171715021133,52.27910232543945,103.59127044677734,111.97941589355469,0.06975171715021133,0.0005227910005487502,215.6409454345703,0.5627732872962952,False,1.2128095626831055,3.0536210536956787,True,control_5step
offline_pretrain,675,0,1.0,32,0,160,0,184.40870666503906,200.51690673828125,0.07349827885627747,52.29242706298828,184.40870666503906,200.51690673828125,0.07349827885627747,0.0005229242378845811,384.9996032714844,0.5541943907737732,False,1.1788554191589355,3.0645627975463867,True,control_5step
offline_pretrain,676,0,1.0,32,0,160,0,35.84975814819336,43.99799346923828,0.13396508991718292,52.3066291809082,35.84975814819336,43.99799346923828,0.13396508991718292,0.00052306626457721,79.98223876953125,0.31533533334732056,False,1.1238369941711426,3.0771217346191406,True,control_5step
offline_pretrain,677,0,1.0,32,0,160,0,96.3685073852539,281.3717956542969,0.03771577775478363,52.32060241699219,96.3685073852539,281.3717956542969,0.03771577775478363,0.0005232060211710632,377.7785339355469,1.0400065183639526,False,1.2065435647964478,3.088733434677124,True,control_5step
offline_pretrain,678,0,1.0,32,0,160,0,145.92605590820312,432.9585266113281,0.06527798622846603,52.33402633666992,145.92605590820312,432.9585266113281,0.06527798622846603,0.0005233402480371296,578.950439453125,0.7244184017181396,False,1.1813712120056152,3.097724437713623,True,control_5step
offline_pretrain,679,0,1.0,32,0,160,0,110.74465942382812,256.4263916015625,0.13356897234916687,52.3476448059082,110.74465942382812,256.4263916015625,0.13356897234916687,0.0005234764539636672,367.3051452636719,0.4019741415977478,False,1.2329332828521729,3.104466676712036,True,control_5step
offline_pretrain,680,0,1.0,32,0,160,0,76.2345962524414,234.51844787597656,0.09876295179128647,52.3617057800293,76.2345962524414,234.51844787597656,0.09876295179128647,0.0005236170254647732,310.8523254394531,0.3650819957256317,False,1.2313998937606812,3.1109538078308105,True,control_5step
offline_pretrain,681,0,1.0,32,0,160,0,138.41612243652344,426.3309631347656,0.019950730726122856,52.37582778930664,138.41612243652344,426.3309631347656,0.019950730726122856,0.0005237582372501493,564.767578125,0.8500155806541443,False,1.2497841119766235,3.1177260875701904,True,control_5step
offline_pretrain,682,0,1.0,32,0,160,0,59.31393051147461,213.71759033203125,0.11105500161647797,52.3895378112793,59.31393051147461,213.71759033203125,0.11105500161647797,0.0005238953744992614,273.1430969238281,0.2676847279071808,False,1.1863740682601929,3.127577066421509,True,control_5step
offline_pretrain,683,0,1.0,32,0,160,0,148.4083251953125,148.40838623046875,0.16176004707813263,52.40311050415039,148.4083251953125,148.40838623046875,0.16176004707813263,0.0005240311147645116,296.97900390625,0.5695492625236511,False,1.188921332359314,3.1376938819885254,True,control_5step
offline_pretrain,684,0,1.0,32,0,160,0,128.3138427734375,128.7166290283203,0.09425004571676254,52.417449951171875,128.3138427734375,128.7166290283203,0.09425004571676254,0.0005241744802333415,257.1252136230469,0.674919068813324,False,1.2790923118591309,3.150465965270996,True,control_5step
offline_pretrain,685,0,1.0,32,0,160,0,154.06056213378906,307.8385009765625,0.13446952402591705,52.4318962097168,154.06056213378906,307.8385009765625,0.13446952402591705,0.0005243189516477287,462.0340270996094,0.46845632791519165,False,1.2645114660263062,3.164882183074951,True,control_5step
offline_pretrain,686,0,1.0,32,0,160,0,79.62610626220703,88.51182556152344,0.10819694399833679,52.446922302246094,79.62610626220703,88.51182556152344,0.10819694399833679,0.0005244691856205463,168.2466583251953,0.5704495310783386,False,1.1498712301254272,3.180403709411621,True,control_5step
offline_pretrain,687,0,1.0,32,0,160,0,122.6990737915039,174.66165161132812,0.05276733636856079,52.46198272705078,122.6990737915039,174.66165161132812,0.05276733636856079,0.0005246198270469904,297.41400146484375,0.4757101535797119,False,1.2778921127319336,3.19454288482666,True,control_5step
offline_pretrain,688,0,1.0,32,0,160,0,146.09242248535156,435.37109375,0.06998804211616516,52.47690963745117,146.09242248535156,435.37109375,0.06998804211616516,0.0005247690714895725,581.5340576171875,0.44412562251091003,False,1.289827823638916,3.2054800987243652,True,control_5step
offline_pretrain,689,0,1.0,32,0,160,0,151.87692260742188,167.1267547607422,0.1099662110209465,52.49174880981445,151.87692260742188,167.1267547607422,0.1099662110209465,0.0005249175010249019,319.1141357421875,0.4365612268447876,False,1.2620182037353516,3.215181589126587,True,control_5step
offline_pretrain,690,0,1.0,32,0,160,0,141.93435668945312,156.62887573242188,0.03921706974506378,52.50716018676758,141.93435668945312,156.62887573242188,0.03921706974506378,0.0005250715767033398,298.60296630859375,0.4321376085281372,False,1.215799331665039,3.224665880203247,True,control_5step
offline_pretrain,691,0,1.0,32,0,160,0,123.55975341796875,417.6904602050781,0.10746828466653824,52.52260971069336,123.55975341796875,417.6904602050781,0.10746828466653824,0.0005252260598354042,541.3582763671875,0.48751896619796753,False,1.2757186889648438,3.2350385189056396,True,control_5step
offline_pretrain,692,0,1.0,32,0,160,0,96.78146362304688,250.3015899658203,0.09514765441417694,52.53810119628906,96.78146362304688,250.3015899658203,0.09514765441417694,0.0005253810086287558,347.1787414550781,0.4288262128829956,False,1.1795129776000977,3.247687339782715,True,control_5step
offline_pretrain,693,0,1.0,32,0,160,0,103.04446411132812,292.73126220703125,0.09291522204875946,52.55338668823242,103.04446411132812,292.73126220703125,0.09291522204875946,0.0005255338619463146,395.8691711425781,0.5230370759963989,False,1.2427194118499756,3.2604939937591553,True,control_5step
offline_pretrain,694,0,1.0,32,0,160,0,30.760337829589844,67.28152465820312,0.10011374205350876,52.56907653808594,30.760337829589844,67.28152465820312,0.10011374205350876,0.0005256907315924764,98.14250183105469,0.24745629727840424,False,1.2410590648651123,3.2743613719940186,True,control_5step
offline_pretrain,695,0,1.0,32,0,160,0,148.3480682373047,305.39202880859375,0.11951389163732529,52.584197998046875,148.3480682373047,305.39202880859375,0.11951389163732529,0.0005258419550955296,453.8601379394531,0.5240787863731384,False,1.3189489841461182,3.287313938140869,True,control_5step
offline_pretrain,696,0,1.0,32,0,160,0,96.61378479003906,364.8487854003906,0.07989031076431274,52.59983825683594,96.61378479003906,364.8487854003906,0.07989031076431274,0.000525998359080404,461.5429992675781,0.3249322772026062,False,1.276736855506897,3.3012189865112305,True,control_5step
offline_pretrain,697,0,1.0,32,0,160,0,87.18415069580078,109.05709838867188,0.23355261981487274,52.61479568481445,87.18415069580078,109.05709838867188,0.23355261981487274,0.0005261479527689517,196.47531127929688,0.5537317991256714,False,1.2238922119140625,3.312936544418335,True,control_5step
offline_pretrain,698,0,1.0,32,0,160,0,127.253173828125,386.22393798828125,0.1979210376739502,52.630767822265625,127.253173828125,386.22393798828125,0.1979210376739502,0.0005263076745904982,513.6755981445312,0.5020881295204163,False,1.3104498386383057,3.324794054031372,True,control_5step
offline_pretrain,699,0,1.0,32,0,160,0,120.02460479736328,256.4381408691406,0.05332893133163452,52.6475715637207,120.02460479736328,256.4381408691406,0.05332893133163452,0.0005264757201075554,376.5165710449219,0.45296043157577515,False,1.2316234111785889,3.3377292156219482,True,control_5step
offline_pretrain,700,0,1.0,32,0,160,0,119.51929473876953,293.45123291015625,0.03476957976818085,52.66412353515625,119.51929473876953,293.45123291015625,0.03476957976818085,0.0005266412044875324,413.00579833984375,0.3946274220943451,False,1.2260072231292725,3.350804328918457,True,control_5step
offline_pretrain,701,0,1.0,32,0,160,0,125.24920654296875,521.8629760742188,0.10261990129947662,52.680267333984375,125.24920654296875,521.8629760742188,0.10261990129947662,0.0005268026725389063,647.21533203125,0.5506570935249329,False,1.3227496147155762,3.364675998687744,True,control_5step
offline_pretrain,702,0,1.0,32,0,160,0,87.56880950927734,258.2767333984375,0.13650645315647125,52.69650650024414,87.56880950927734,258.2767333984375,0.13650645315647125,0.0005269650719128549,345.9825744628906,0.4301486313343048,False,1.318927526473999,3.379138231277466,True,control_5step
offline_pretrain,703,0,1.0,32,0,160,0,85.48277282714844,372.5839538574219,0.1472197324037552,52.713417053222656,85.48277282714844,372.5839538574219,0.1472197324037552,0.0005271341651678085,458.2144470214844,0.3447614014148712,False,1.2830314636230469,3.3935251235961914,True,control_5step
offline_pretrain,704,0,1.0,32,0,160,0,131.47679138183594,274.864501953125,0.16577498614788055,52.73049545288086,131.47679138183594,274.864501953125,0.16577498614788055,0.0005273049464449286,406.5075988769531,0.498737096786499,False,1.3491809368133545,3.4076738357543945,True,control_5step
offline_pretrain,705,0,1.0,32,0,160,0,60.42919158935547,220.0718994140625,0.09447143226861954,52.74812698364258,60.42919158935547,220.0718994140625,0.09447143226861954,0.0005274812574498355,280.5960998535156,0.4540911018848419,False,1.1500537395477295,3.4229307174682617,True,control_5step
offline_pretrain,706,0,1.0,32,0,160,0,106.10809326171875,106.93181610107422,0.16415460407733917,52.765724182128906,106.10809326171875,106.93181610107422,0.16415460407733917,0.000527657219208777,213.20460510253906,0.4177576005458832,False,1.2663359642028809,3.4367663860321045,True,control_5step
offline_pretrain,707,0,1.0,32,0,160,0,123.5967788696289,283.5133056640625,0.10945224016904831,52.78373718261719,123.5967788696289,283.5133056640625,0.10945224016904831,0.0005278373719193041,407.2200622558594,0.45461583137512207,False,1.29502272605896,3.4506590366363525,True,control_5step
offline_pretrain,708,0,1.0,32,0,160,0,104.50209045410156,112.04259490966797,0.09158901870250702,52.80185317993164,104.50209045410156,112.04259490966797,0.09158901870250702,0.0005280185141600668,216.6367950439453,0.6351961493492126,False,1.3060598373413086,3.4656503200531006,True,control_5step
offline_pretrain,709,0,1.0,32,0,160,0,144.18057250976562,317.950927734375,0.09976386278867722,52.81914520263672,144.18057250976562,317.950927734375,0.09976386278867722,0.0005281914491206408,462.2317810058594,0.701267659664154,False,1.3295568227767944,3.4781832695007324,True,control_5step
offline_pretrain,710,0,1.0,32,0,160,0,59.67147445678711,206.655029296875,0.12503081560134888,52.83701705932617,59.67147445678711,206.655029296875,0.12503081560134888,0.0005283701466396451,266.4520568847656,0.40129202604293823,False,1.3078888654708862,3.4918439388275146,True,control_5step
offline_pretrain,711,0,1.0,32,0,160,0,25.30601692199707,167.00390625,0.08727367967367172,52.85447311401367,25.30601692199707,167.00390625,0.08727367967367172,0.0005285447114147246,192.39773559570312,0.6426401138305664,False,1.2305423021316528,3.5052077770233154,True,control_5step
offline_pretrain,712,0,1.0,32,0,160,0,79.76058197021484,359.64117431640625,0.09963096678256989,52.87059020996094,79.76058197021484,359.64117431640625,0.09963096678256989,0.000528705888427794,439.5019226074219,0.2781268060207367,False,1.2667607069015503,3.5127015113830566,True,control_5step
offline_pretrain,713,0,1.0,32,0,160,0,159.88052368164062,167.58135986328125,0.30478644371032715,52.8865852355957,159.88052368164062,167.58135986328125,0.30478644371032715,0.0005288658430799842,327.7671813964844,0.8995569944381714,False,1.4091987609863281,3.52010440826416,True,control_5step
offline_pretrain,714,0,1.0,32,0,160,0,106.00691986083984,244.19976806640625,0.10051748156547546,52.904720306396484,106.00691986083984,244.19976806640625,0.10051748156547546,0.0005290472181513906,350.3077392578125,0.4896976053714752,False,1.3427726030349731,3.5302813053131104,True,control_5step
offline_pretrain,715,0,1.0,32,0,160,0,49.77845764160156,191.4791259765625,0.03284618258476257,52.9227180480957,49.77845764160156,191.4791259765625,0.03284618258476257,0.0005292271380312741,241.2909698486328,0.3647053837776184,False,1.2062410116195679,3.542062759399414,True,control_5step
offline_pretrain,716,0,1.0,32,0,160,0,119.26245880126953,127.18087005615234,0.06960147619247437,52.939598083496094,119.26245880126953,127.18087005615234,0.06960147619247437,0.0005293959402479231,246.51345825195312,0.5156884789466858,False,1.3093305826187134,3.5523130893707275,True,control_5step
offline_pretrain,717,0,1.0,32,0,160,0,78.35636901855469,100.72227478027344,0.14519646763801575,52.95613098144531,78.35636901855469,100.72227478027344,0.14519646763801575,0.0005295613082125783,179.22438049316406,0.4267479181289673,False,1.2532511949539185,3.5628669261932373,True,control_5step
offline_pretrain,718,0,1.0,32,0,160,0,130.22323608398438,274.8619384765625,0.09910563379526138,52.97290802001953,130.22323608398438,274.8619384765625,0.09910563379526138,0.0005297290626913309,405.1847839355469,0.48727020621299744,False,1.3717527389526367,3.5737297534942627,True,control_5step
offline_pretrain,719,0,1.0,32,0,160,0,64.11712646484375,79.79425048828125,0.15828441083431244,52.989662170410156,64.11712646484375,79.79425048828125,0.15828441083431244,0.0005298965843394399,144.0701904296875,0.6238729357719421,False,1.3034323453903198,3.5827832221984863,True,control_5step
offline_pretrain,720,0,1.0,32,0,160,0,186.6320343017578,613.3695068359375,0.169352188706398,53.00620651245117,186.6320343017578,613.3695068359375,0.169352188706398,0.0005300620687194169,800.1714477539062,0.6770605444908142,False,1.4051278829574585,3.5867526531219482,True,control_5step
offline_pretrain,721,0,1.0,32,0,160,0,76.0428237915039,90.7659683227539,0.08139646798372269,53.02396011352539,76.0428237915039,90.7659683227539,0.08139646798372269,0.0005302396020852029,166.89071655273438,0.349494606256485,False,1.190084457397461,3.59468150138855,True,control_5step
offline_pretrain,722,0,1.0,32,0,160,0,101.13774108886719,248.5029754638672,0.14710204303264618,53.04120635986328,101.13774108886719,248.5029754638672,0.14710204303264618,0.0005304120713844895,349.788330078125,0.6031896471977234,False,1.297385573387146,3.603731155395508,True,control_5step
offline_pretrain,723,0,1.0,32,0,160,0,77.21829986572266,77.6069564819336,0.05553201586008072,53.05906677246094,77.21829986572266,77.6069564819336,0.05553201586008072,0.0005305906524881721,154.88131713867188,0.8546860218048096,False,1.3098831176757812,3.613542318344116,True,control_5step
offline_pretrain,724,0,1.0,32,0,160,0,214.09335327148438,393.82928466796875,0.0611957386136055,53.07600021362305,214.09335327148438,393.82928466796875,0.0611957386136055,0.0005307599785737693,607.984375,0.4893074035644531,False,1.4899797439575195,3.6210272312164307,True,control_5step
offline_pretrain,725,0,1.0,32,0,160,0,64.22687530517578,214.1927032470703,0.16055065393447876,53.09312057495117,64.22687530517578,214.1927032470703,0.16055065393447876,0.0005309311673045158,278.5806579589844,0.563227117061615,False,1.2733328342437744,3.629436492919922,True,control_5step
offline_pretrain,726,0,1.0,32,0,160,0,55.346065521240234,127.35227966308594,0.07472043484449387,53.11045837402344,55.346065521240234,127.35227966308594,0.07472043484449387,0.0005311045679263771,182.7736053466797,0.3887083828449249,False,1.32325279712677,3.6369171142578125,True,control_5step
offline_pretrain,727,0,1.0,32,0,160,0,117.54031372070312,276.69036865234375,0.17231643199920654,53.12738037109375,117.54031372070312,276.69036865234375,0.17231643199920654,0.0005312737775966525,394.40350341796875,0.49622592329978943,False,1.4092726707458496,3.644688844680786,True,control_5step
offline_pretrain,728,0,1.0,32,0,160,0,115.64476013183594,680.47119140625,0.016630366444587708,53.145469665527344,115.64476013183594,680.47119140625,0.016630366444587708,0.0005314546870067716,796.1331176757812,0.3954695463180542,False,1.3238990306854248,3.6522419452667236,True,control_5step
offline_pretrain,729,0,1.0,32,0,160,0,147.1348876953125,191.92845153808594,0.08341614156961441,53.162933349609375,147.1348876953125,191.92845153808594,0.08341614156961441,0.000531629309989512,339.14727783203125,0.9735332131385803,False,1.4196898937225342,3.6615803241729736,True,control_5step
offline_pretrain,730,0,1.0,32,0,160,0,102.05509185791016,245.44635009765625,0.16170945763587952,53.180870056152344,102.05509185791016,245.44635009765625,0.16170945763587952,0.0005318087060004473,347.6636657714844,0.4290098547935486,False,1.3123843669891357,3.6739447116851807,True,control_5step
offline_pretrain,731,0,1.0,32,0,160,0,102.53606414794922,153.42613220214844,0.17301197350025177,53.19908142089844,102.53606414794922,153.42613220214844,0.17301197350025177,0.0005319907795637846,256.1357116699219,0.6898253560066223,False,1.4176830053329468,3.6857354640960693,True,control_5step
offline_pretrain,732,0,1.0,32,0,160,0,80.29057312011719,347.8696594238281,0.0976678654551506,53.2178840637207,80.29057312011719,347.8696594238281,0.0976678654551506,0.000532178848516196,428.2583923339844,1.2021527290344238,False,1.2852970361709595,3.694567918777466,True,control_5step
offline_pretrain,733,0,1.0,32,0,160,0,85.4219741821289,116.64176177978516,0.11605523526668549,53.235252380371094,85.4219741821289,116.64176177978516,0.11605523526668549,0.0005323524819687009,202.18032836914062,0.5202203989028931,False,1.3057838678359985,3.691838502883911,True,control_5step
offline_pretrain,734,0,1.0,32,0,160,0,163.90773010253906,290.4542236328125,0.039222028106451035,53.252681732177734,163.90773010253906,290.4542236328125,0.039222028106451035,0.0005325268139131367,454.40167236328125,0.7330616116523743,False,1.3996862173080444,3.6908376216888428,True,control_5step
offline_pretrain,735,0,1.0,32,0,160,0,59.39574432373047,208.4000701904297,0.1355268359184265,53.269615173339844,59.39574432373047,208.4000701904297,0.1355268359184265,0.000532696139998734,267.9318542480469,0.7436208724975586,False,1.2826170921325684,3.6917388439178467,True,control_5step
offline_pretrain,736,0,1.0,32,0,160,0,142.0321807861328,150.84205627441406,0.08416786044836044,53.286155700683594,142.0321807861328,150.84205627441406,0.08416786044836044,0.0005328615661710501,292.95892333984375,0.4115746021270752,False,1.3086203336715698,3.694540500640869,True,control_5step
offline_pretrain,737,0,1.0,32,0,160,0,31.483789443969727,441.2003173828125,0.0795864686369896,53.30291748046875,31.483789443969727,441.2003173828125,0.0795864686369896,0.0005330291460268199,472.76422119140625,0.29531553387641907,False,1.3497004508972168,3.696392297744751,True,control_5step
offline_pretrain,738,0,1.0,32,0,160,0,82.0057144165039,236.0416259765625,0.1262255609035492,53.31910705566406,82.0057144165039,236.0416259765625,0.1262255609035492,0.0005331910797394812,318.174072265625,0.4046176075935364,False,1.341262698173523,3.698824167251587,True,control_5step
offline_pretrain,739,0,1.0,32,0,160,0,140.42356872558594,403.33233642578125,0.0451701283454895,53.33511734008789,140.42356872558594,403.33233642578125,0.0451701283454895,0.0005333511508069932,543.8016357421875,0.2838875353336334,False,1.3254990577697754,3.6991634368896484,True,control_5step
offline_pretrain,740,0,1.0,32,0,160,0,74.95722961425781,360.595947265625,0.09737466275691986,53.35057067871094,74.95722961425781,360.595947265625,0.09737466275691986,0.0005335056921467185,435.65106201171875,0.7805195450782776,False,1.34464430809021,3.70042085647583,True,control_5step
offline_pretrain,741,0,1.0,32,0,160,0,152.3505401611328,295.12615966796875,0.13368892669677734,53.36511993408203,152.3505401611328,295.12615966796875,0.13368892669677734,0.0005336512112990022,447.61090087890625,0.5569900870323181,False,1.4494651556015015,3.6954567432403564,True,control_5step
offline_pretrain,742,0,1.0,32,0,160,0,207.6177978515625,345.76568603515625,0.020501550287008286,53.38054275512695,207.6177978515625,345.76568603515625,0.020501550287008286,0.0005338054033927619,553.404541015625,1.010255217552185,False,1.4257087707519531,3.694437026977539,True,control_5step
offline_pretrain,743,0,1.0,32,0,160,0,101.20882415771484,253.71485900878906,0.12910597026348114,53.396087646484375,101.20882415771484,253.71485900878906,0.12910597026348114,0.0005339608760550618,355.0533142089844,0.9685150980949402,False,1.4026421308517456,3.7015411853790283,True,control_5step
offline_pretrain,744,0,1.0,32,0,160,0,53.38516616821289,76.7882308959961,0.06232751905918121,53.411041259765625,53.38516616821289,76.7882308959961,0.06232751905918121,0.0005341104115359485,130.23626708984375,0.5297843813896179,False,1.2893495559692383,3.699829578399658,True,control_5step
offline_pretrain,745,0,1.0,32,0,160,0,99.54625701904297,248.1016845703125,0.10959824174642563,53.42583084106445,99.54625701904297,248.1016845703125,0.10959824174642563,0.0005342583172023296,347.7580871582031,0.5244719982147217,False,1.3334534168243408,3.699589490890503,True,control_5step
offline_pretrain,746,0,1.0,32,0,160,0,150.33216857910156,179.43182373046875,0.1862664669752121,53.440528869628906,150.33216857910156,179.43182373046875,0.1862664669752121,0.0005344052915461361,329.9508056640625,0.4436285197734833,False,1.4450937509536743,3.7006704807281494,True,control_5step
offline_pretrain,747,0,1.0,32,0,160,0,64.14250946044922,204.18215942382812,0.11762575805187225,53.45600128173828,64.14250946044922,204.18215942382812,0.11762575805187225,0.0005345600075088441,268.4428405761719,0.53421550989151,False,1.4101676940917969,3.703073024749756,True,control_5step
offline_pretrain,748,0,1.0,32,0,160,0,82.67342376708984,382.6098327636719,0.14255674183368683,53.47145080566406,82.67342376708984,382.6098327636719,0.14255674183368683,0.0005347144906409085,465.4263610839844,0.43680956959724426,False,1.3854429721832275,3.7084054946899414,True,control_5step
offline_pretrain,749,0,1.0,32,0,160,0,72.51243591308594,360.932373046875,0.09361714869737625,53.48733901977539,72.51243591308594,360.932373046875,0.09361714869737625,0.0005348733975552022,433.53900146484375,0.39214393496513367,False,1.379851222038269,3.7155895233154297,True,control_5step
offline_pretrain,750,0,1.0,32,0,160,0,99.0663070678711,142.27001953125,0.14984332025051117,53.503170013427734,99.0663070678711,142.27001953125,0.14984332025051117,0.000535031664185226,241.48670959472656,0.7104372382164001,False,1.3170154094696045,3.7242507934570312,True,control_5step
offline_pretrain,751,0,1.0,32,0,160,0,120.27855682373047,135.7860870361328,0.15262345969676971,53.51942443847656,120.27855682373047,135.7860870361328,0.15262345969676971,0.0005351942381821573,256.2178039550781,0.6628034114837646,False,1.2469403743743896,3.734893560409546,True,control_5step
offline_pretrain,752,0,1.0,32,0,160,0,149.03225708007812,294.7623596191406,0.08040916919708252,53.536224365234375,149.03225708007812,294.7623596191406,0.08040916919708252,0.0005353622254915535,443.8755798339844,0.7029426097869873,False,1.4724125862121582,3.7475626468658447,True,control_5step
offline_pretrain,753,0,1.0,32,0,160,0,87.10330200195312,261.5332946777344,0.17323601245880127,53.553184509277344,87.10330200195312,261.5332946777344,0.17323601245880127,0.0005355318426154554,348.8103942871094,0.7859909534454346,False,1.409013271331787,3.7642459869384766,True,control_5step
offline_pretrain,754,0,1.0,32,0,160,0,31.95992660522461,75.65264892578125,0.06565717607736588,53.570526123046875,31.95992660522461,75.65264892578125,0.06565717607736588,0.0005357052432373166,107.67877197265625,0.31291016936302185,False,1.2497272491455078,3.774681806564331,True,control_5step
offline_pretrain,755,0,1.0,32,0,160,0,58.428104400634766,186.51068115234375,0.13423195481300354,53.58694839477539,58.428104400634766,186.51068115234375,0.13423195481300354,0.0005358694470487535,245.07354736328125,0.39202991127967834,False,1.2974263429641724,3.785343885421753,True,control_5step
offline_pretrain,756,0,1.0,32,0,160,0,169.25865173339844,321.5346984863281,0.1070491373538971,53.60321807861328,169.25865173339844,321.5346984863281,0.1070491373538971,0.0005360321956686676,490.90093994140625,0.6448884606361389,False,1.4462796449661255,3.7926743030548096,True,control_5step
offline_pretrain,757,0,1.0,32,0,160,0,129.20193481445312,278.8682861328125,0.15446946024894714,53.62013626098633,129.20193481445312,278.8682861328125,0.15446946024894714,0.0005362013471312821,408.2252502441406,0.4950847029685974,False,1.433948278427124,3.8019020557403564,True,control_5step
offline_pretrain,758,0,1.0,32,0,160,0,103.04792785644531,237.62124633789062,0.13364744186401367,53.63774871826172,103.04792785644531,237.62124633789062,0.13364744186401367,0.0005363774835132062,340.8033752441406,0.749992847442627,False,1.3935272693634033,3.8124148845672607,True,control_5step
offline_pretrain,759,0,1.0,32,0,160,0,90.45223236083984,216.38555908203125,0.17754322290420532,53.65524673461914,90.45223236083984,216.38555908203125,0.17754322290420532,0.0005365524557419121,307.0158996582031,0.5029506683349609,False,1.4320622682571411,3.822939395904541,True,control_5step
offline_pretrain,760,0,1.0,32,0,160,0,120.5818099975586,135.45529174804688,0.08993374556303024,53.67339324951172,120.5818099975586,135.45529174804688,0.08993374556303024,0.0005367339472286403,256.1275939941406,0.5064082145690918,False,1.4253177642822266,3.8332600593566895,True,control_5step
offline_pretrain,761,0,1.0,32,0,160,0,154.53878784179688,183.8450469970703,0.12082341313362122,53.6912956237793,154.53878784179688,183.8450469970703,0.12082341313362122,0.0005369129357859492,338.5052185058594,0.5740340948104858,False,1.4219117164611816,3.8451850414276123,True,control_5step
offline_pretrain,762,0,1.0,32,0,160,0,109.27413177490234,376.61767578125,0.12737080454826355,53.7097282409668,109.27413177490234,376.61767578125,0.12737080454826355,0.0005370972794480622,486.0197448730469,0.4343836009502411,False,1.5178067684173584,3.859138011932373,True,control_5step
offline_pretrain,763,0,1.0,32,0,160,0,212.62567138671875,344.7666931152344,0.11353912949562073,53.72840118408203,212.62567138671875,344.7666931152344,0.11353912949562073,0.0005372840096242726,557.5064086914062,0.7883455157279968,False,1.4979448318481445,3.8735079765319824,True,control_5step
offline_pretrain,764,0,1.0,32,0,160,0,96.38130187988281,249.45767211914062,0.04567469656467438,53.74789047241211,96.38130187988281,249.45767211914062,0.04567469656467438,0.0005374788888730109,345.8852233886719,0.28724533319473267,False,1.359277606010437,3.8913326263427734,True,control_5step
offline_pretrain,765,0,1.0,32,0,160,0,143.7281951904297,281.07037353515625,0.06359611451625824,53.766448974609375,143.7281951904297,281.07037353515625,0.06359611451625824,0.000537664454896003,424.86273193359375,0.43991711735725403,False,1.4142473936080933,3.9078123569488525,True,control_5step
offline_pretrain,766,0,1.0,32,0,160,0,47.84293746948242,436.078125,0.06568783521652222,53.784759521484375,47.84293746948242,436.078125,0.06568783521652222,0.0005378475761972368,483.9872741699219,0.3943811058998108,False,1.3886326551437378,3.925222158432007,True,control_5step
offline_pretrain,767,0,1.0,32,0,160,0,73.21131896972656,81.20018005371094,0.22742483019828796,53.80185317993164,73.21131896972656,81.20018005371094,0.22742483019828796,0.0005380185320973396,154.63946533203125,0.8191602230072021,False,1.3740835189819336,3.9392752647399902,True,control_5step
offline_pretrain,768,0,1.0,32,0,160,0,100.96887969970703,101.78323364257812,0.16021662950515747,53.81985855102539,100.96887969970703,101.78323364257812,0.16021662950515747,0.000538198568392545,202.91285705566406,0.6310356855392456,False,1.3792781829833984,3.9503042697906494,True,control_5step
offline_pretrain,769,0,1.0,32,0,160,0,191.54611206054688,466.8750305175781,0.07576890289783478,53.838504791259766,191.54611206054688,466.8750305175781,0.07576890289783478,0.0005383850075304508,658.4974365234375,0.4883202910423279,False,1.4488186836242676,3.9599711894989014,True,control_5step
offline_pretrain,770,0,1.0,32,0,160,0,77.22093200683594,92.09801483154297,0.061658263206481934,53.85730743408203,77.22093200683594,92.09801483154297,0.061658263206481934,0.0005385730764828622,169.38113403320312,0.28090769052505493,False,1.2898571491241455,3.9702584743499756,True,control_5step
offline_pretrain,771,0,1.0,32,0,160,0,99.89796447753906,233.62034606933594,0.06826209276914597,53.87556076049805,99.89796447753906,233.62034606933594,0.06826209276914597,0.0005387556157074869,333.5871276855469,0.3826194107532501,False,1.387754201889038,3.9804491996765137,True,control_5step
offline_pretrain,772,0,1.0,32,0,160,0,123.11592102050781,264.32061767578125,0.12239772826433182,53.89341735839844,123.11592102050781,264.32061767578125,0.12239772826433182,0.0005389341386035085,387.5594787597656,0.5579652786254883,False,1.410628080368042,3.991204261779785,True,control_5step
offline_pretrain,773,0,1.0,32,0,160,0,146.18780517578125,403.607177734375,0.1260092854499817,53.91156768798828,146.18780517578125,403.607177734375,0.1260092854499817,0.0005391156882978976,549.9215698242188,0.6871228814125061,False,1.5206986665725708,4.004081726074219,True,control_5step
offline_pretrain,774,0,1.0,32,0,160,0,129.92556762695312,524.7982177734375,0.10624128580093384,53.92996597290039,129.92556762695312,524.7982177734375,0.10624128580093384,0.0005392996245063841,654.83056640625,0.4707649350166321,False,1.5728789567947388,4.019626140594482,True,control_5step
offline_pretrain,775,0,1.0,32,0,160,0,127.816162109375,143.00718688964844,0.15629351139068604,53.94829559326172,127.816162109375,143.00718688964844,0.15629351139068604,0.0005394829204306006,270.9801940917969,0.5404442548751831,False,1.374335527420044,4.032326698303223,True,control_5step
offline_pretrain,776,0,1.0,32,0,160,0,174.45138549804688,308.4247741699219,0.17865000665187836,53.96725082397461,174.45138549804688,308.4247741699219,0.17865000665187836,0.0005396725027821958,483.05535888671875,0.7801735997200012,False,1.564338207244873,4.04648494720459,True,control_5step
offline_pretrain,777,0,1.0,32,0,160,0,189.35191345214844,452.8232116699219,0.10218575596809387,53.98683166503906,189.35191345214844,452.8232116699219,0.10218575596809387,0.0005398683133535087,642.27783203125,0.5151892304420471,False,1.4970779418945312,4.056992530822754,True,control_5step
offline_pretrain,778,0,1.0,32,0,160,0,55.77415466308594,63.78107452392578,0.17611286044120789,54.00667190551758,55.77415466308594,63.78107452392578,0.17611286044120789,0.0005400666850619018,119.73188018798828,0.5577487945556641,False,1.4224481582641602,4.069053649902344,True,control_5step
offline_pretrain,779,0,1.0,32,0,160,0,129.09889221191406,403.44757080078125,0.17123165726661682,54.02644348144531,129.09889221191406,403.44757080078125,0.17123165726661682,0.0005402644164860249,532.7182006835938,0.6203670501708984,False,1.4808322191238403,4.081401348114014,True,control_5step
offline_pretrain,780,0,1.0,32,0,160,0,114.8941650390625,172.62478637695312,0.25755223631858826,54.04680633544922,114.8941650390625,172.62478637695312,0.25755223631858826,0.0005404680268839002,287.77703857421875,0.9661325812339783,False,1.5849518775939941,4.097243309020996,True,control_5step
offline_pretrain,781,0,1.0,32,0,160,0,131.0867156982422,152.60964965820312,0.15745705366134644,54.068546295166016,131.0867156982422,152.60964965820312,0.15745705366134644,0.000540685432497412,283.8543701171875,0.6967042088508606,False,1.5190331935882568,4.114551067352295,True,control_5step
offline_pretrain,782,0,1.0,32,0,160,0,189.7755584716797,212.14447021484375,0.07392248511314392,54.09090805053711,189.7755584716797,212.14447021484375,0.07392248511314392,0.0005409090663306415,401.9945068359375,0.7498648166656494,False,1.561087727546692,4.13191032409668,True,control_5step
offline_pretrain,783,0,1.0,32,0,160,0,74.16536712646484,96.45242309570312,0.10209422558546066,54.11330795288086,74.16536712646484,96.45242309570312,0.10209422558546066,0.0005411330494098365,170.72042846679688,0.46729913353919983,False,1.4294449090957642,4.148883819580078,True,control_5step
offline_pretrain,784,0,1.0,32,0,160,0,118.80938720703125,126.69273376464844,0.24390065670013428,54.135040283203125,118.80938720703125,126.69273376464844,0.24390065670013428,0.0005413503968156874,245.74655151367188,0.6912325620651245,False,1.5587191581726074,4.164076805114746,True,control_5step
offline_pretrain,785,0,1.0,32,0,160,0,150.1425018310547,291.7231140136719,0.16902382671833038,54.15809631347656,150.1425018310547,291.7231140136719,0.16902382671833038,0.0005415809573605657,442.0351867675781,0.6411653161048889,False,1.424975872039795,4.17705774307251,True,control_5step
offline_pretrain,786,0,1.0,32,0,160,0,149.4385528564453,171.9473876953125,0.11467728018760681,54.181644439697266,149.4385528564453,171.9473876953125,0.11467728018760681,0.0005418164073489606,321.50115966796875,0.7413309216499329,False,1.5803664922714233,4.191169738769531,True,control_5step
offline_pretrain,787,0,1.0,32,0,160,0,178.3802947998047,340.5144348144531,0.18033908307552338,54.205101013183594,178.3802947998047,340.5144348144531,0.18033908307552338,0.0005420509842224419,519.0756225585938,0.7761829495429993,False,1.573310375213623,4.207810878753662,True,control_5step
offline_pretrain,788,0,1.0,32,0,160,0,70.06857299804688,84.99345397949219,0.0263738501816988,54.229549407958984,70.06857299804688,84.99345397949219,0.0263738501816988,0.0005422954563982785,155.0889434814453,0.6683984994888306,False,1.4402204751968384,4.227142333984375,True,control_5step
offline_pretrain,789,0,1.0,32,0,160,0,108.17063903808594,130.51687622070312,0.16257420182228088,54.25259780883789,108.17063903808594,130.51687622070312,0.16257420182228088,0.0005425259587354958,238.8506317138672,0.46683934330940247,False,1.5876914262771606,4.245764255523682,True,control_5step
offline_pretrain,790,0,1.0,32,0,160,0,95.04615020751953,95.43473052978516,0.10129138827323914,54.27570724487305,95.04615020751953,95.43473052978516,0.10129138827323914,0.0005427570431493223,190.5827178955078,0.5987154841423035,False,1.4102599620819092,4.265194892883301,True,control_5step
offline_pretrain,791,0,1.0,32,0,160,0,83.60858154296875,462.9954833984375,0.1753104031085968,54.29759216308594,83.60858154296875,462.9954833984375,0.1753104031085968,0.0005429759039543569,546.7799072265625,0.4175998270511627,False,1.5221669673919678,4.2819504737854,True,control_5step
offline_pretrain,792,0,1.0,32,0,160,0,182.0982208251953,321.8006896972656,0.29032233357429504,54.319488525390625,182.0982208251953,321.8006896972656,0.29032233357429504,0.0005431948811747134,504.1897888183594,0.8530229926109314,False,1.6397747993469238,4.298678874969482,True,control_5step
offline_pretrain,793,0,1.0,32,0,160,0,105.0973892211914,262.8816223144531,0.13888469338417053,54.34347915649414,105.0973892211914,262.8816223144531,0.13888469338417053,0.0005434347549453378,368.1184387207031,0.7860783934593201,False,1.4846129417419434,4.318243980407715,True,control_5step
offline_pretrain,794,0,1.0,32,0,160,0,128.56752014160156,311.22906494140625,0.13880236446857452,54.36740493774414,128.56752014160156,311.22906494140625,0.13880236446857452,0.000543674046639353,439.9359130859375,0.6087005734443665,False,1.5551748275756836,4.3361430168151855,True,control_5step
offline_pretrain,795,0,1.0,32,0,160,0,54.01734924316406,463.1545715332031,0.15883882343769073,54.3918571472168,54.01734924316406,463.1545715332031,0.15883882343769073,0.0005439185770228505,517.331298828125,0.46293070912361145,False,1.5443674325942993,4.355572700500488,True,control_5step
offline_pretrain,796,0,1.0,32,0,160,0,74.2677993774414,610.0404052734375,0.08078762143850327,54.41643142700195,74.2677993774414,610.0404052734375,0.08078762143850327,0.0005441642715595663,684.3895874023438,0.34401237964630127,False,1.5949535369873047,4.373281955718994,True,control_5step
offline_pretrain,797,0,1.0,32,0,160,0,75.6345443725586,89.82344055175781,0.2678215205669403,54.43996810913086,75.6345443725586,89.82344055175781,0.2678215205669403,0.0005443996633403003,165.72634887695312,0.49662598967552185,False,1.553741455078125,4.39088249206543,True,control_5step
offline_pretrain,798,0,1.0,32,0,160,0,107.51361083984375,264.7870178222656,0.1984393298625946,54.46434020996094,107.51361083984375,264.7870178222656,0.1984393298625946,0.000544643378816545,372.4996032714844,0.9384506344795227,False,1.5407309532165527,4.407028675079346,True,control_5step
offline_pretrain,799,0,1.0,32,0,160,0,70.60973358154297,78.08673095703125,0.0581217035651207,54.48915481567383,70.60973358154297,78.08673095703125,0.0581217035651207,0.0005448915180750191,148.75514221191406,1.517059564590454,False,1.3620178699493408,4.422595977783203,True,control_5step
offline_pretrain,800,0,1.0,32,0,160,0,62.674312591552734,93.48023986816406,0.201267808675766,54.51176071166992,62.674312591552734,93.48023986816406,0.201267808675766,0.000545117596630007,156.3563690185547,0.8389230966567993,False,1.5164456367492676,4.424053192138672,True,control_5step
offline_pretrain,801,0,1.0,32,0,160,0,47.72197341918945,182.47103881835938,0.05043570697307587,54.534095764160156,47.72197341918945,182.47103881835938,0.05043570697307587,0.000545340939424932,230.24398803710938,0.5989876389503479,False,1.4335445165634155,4.4203572273254395,True,control_5step
offline_pretrain,802,0,1.0,32,0,160,0,94.23379516601562,375.1860656738281,0.024239175021648407,54.55491638183594,94.23379516601562,375.1860656738281,0.024239175021648407,0.0005455491482280195,469.44464111328125,0.5215782523155212,False,1.4773962497711182,4.41469144821167,True,control_5step
offline_pretrain,803,0,1.0,32,0,160,0,129.58944702148438,158.78945922851562,0.25335797667503357,54.575439453125,129.58944702148438,158.78945922851562,0.25335797667503357,0.0005457543884404004,288.6328125,1.1272779703140259,False,1.5280778408050537,4.412886619567871,True,control_5step
offline_pretrain,804,0,1.0,32,0,160,0,170.42538452148438,185.44027709960938,0.1765560507774353,54.59700012207031,170.42538452148438,185.44027709960938,0.1765560507774353,0.0005459699896164238,356.0427551269531,0.8594303727149963,False,1.6299395561218262,4.409785747528076,True,control_5step
offline_pretrain,805,0,1.0,32,0,160,0,153.78317260742188,291.559326171875,0.17405743896961212,54.61933517456055,153.78317260742188,291.559326171875,0.17405743896961212,0.0005461933324113488,445.5171203613281,0.8318191766738892,False,1.6746798753738403,4.414762020111084,True,control_5step
offline_pretrain,806,0,1.0,32,0,160,0,119.95305633544922,385.10858154296875,0.10971590131521225,54.64229965209961,119.95305633544922,385.10858154296875,0.10971590131521225,0.0005464229616336524,505.1719055175781,0.7484695911407471,False,1.6500285863876343,4.425557613372803,True,control_5step
offline_pretrain,807,0,1.0,32,0,160,0,71.62821197509766,472.24072265625,0.024014100432395935,54.664981842041016,71.62821197509766,472.24072265625,0.024014100432395935,0.0005466497968882322,543.8934936523438,0.3454468250274658,False,1.4819273948669434,4.440609455108643,True,control_5step
offline_pretrain,808,0,1.0,32,0,160,0,38.075050354003906,53.37981414794922,0.22291354835033417,54.6862678527832,38.075050354003906,53.37981414794922,0.22291354835033417,0.0005468626623041928,91.67832946777344,0.8588339686393738,False,1.5013313293457031,4.456639766693115,True,control_5step
offline_pretrain,809,0,1.0,32,0,160,0,107.35684204101562,137.158203125,0.15592622756958008,54.70793914794922,107.35684204101562,137.158203125,0.15592622756958008,0.0005470793694257736,244.67152404785156,0.5143844485282898,False,1.566947102546692,4.4655561447143555,True,control_5step
offline_pretrain,810,0,1.0,32,0,160,0,126.06346893310547,257.8929443359375,0.09257683157920837,54.73033905029297,126.06346893310547,257.8929443359375,0.09257683157920837,0.0005473033525049686,384.049560546875,0.6884235143661499,False,1.5026596784591675,4.472218990325928,True,control_5step
offline_pretrain,811,0,1.0,32,0,160,0,124.90496826171875,140.244873046875,0.10310997068881989,54.75259017944336,124.90496826171875,140.244873046875,0.10310997068881989,0.0005475258803926408,265.2535095214844,0.43978437781333923,False,1.5651097297668457,4.482879161834717,True,control_5step
offline_pretrain,812,0,1.0,32,0,160,0,108.1253662109375,380.4666442871094,0.1398351490497589,54.77475357055664,108.1253662109375,380.4666442871094,0.1398351490497589,0.0005477475351653993,488.7323913574219,0.831077516078949,False,1.6360348463058472,4.493983268737793,True,control_5step
offline_pretrain,813,0,1.0,32,0,160,0,138.1431427001953,291.5555419921875,0.019649088382720947,54.79659652709961,138.1431427001953,291.5555419921875,0.019649088382720947,0.0005479659303091466,429.7188720703125,0.6247423887252808,False,1.4855848550796509,4.4991984367370605,True,control_5step
offline_pretrain,814,0,1.0,32,0,160,0,105.64897155761719,234.06707763671875,0.11276441812515259,54.817840576171875,105.64897155761719,234.06707763671875,0.11276441812515259,0.0005481783882714808,339.8293762207031,0.4293301999568939,False,1.5639177560806274,4.508877754211426,True,control_5step
offline_pretrain,815,0,1.0,32,0,160,0,63.70234680175781,254.26065063476562,0.1764819324016571,54.83896255493164,63.70234680175781,254.26065063476562,0.1764819324016571,0.0005483896238729358,318.1400451660156,0.6195381879806519,False,1.6517455577850342,4.516900062561035,True,control_5step
offline_pretrain,816,0,1.0,32,0,160,0,149.90101623535156,394.6661376953125,0.13240721821784973,54.86063003540039,149.90101623535156,394.6661376953125,0.13240721821784973,0.0005486062727868557,544.7000732421875,1.0414586067199707,False,1.637939214706421,4.526339530944824,True,control_5step
offline_pretrain,817,0,1.0,32,0,160,0,122.5667724609375,395.4557189941406,0.09510466456413269,54.88267517089844,122.5667724609375,395.4557189941406,0.09510466456413269,0.0005488267634063959,518.1181030273438,0.7848142385482788,False,1.6979600191116333,4.539797782897949,True,control_5step
offline_pretrain,818,0,1.0,32,0,160,0,83.9729232788086,84.39414978027344,0.18455731868743896,54.90437698364258,83.9729232788086,84.39414978027344,0.18455731868743896,0.0005490437615662813,168.5521697998047,0.598873496055603,False,1.4706120491027832,4.552361965179443,True,control_5step
offline_pretrain,819,0,1.0,32,0,160,0,72.34136962890625,361.1996154785156,0.03969497233629227,54.926475524902344,72.34136962890625,361.1996154785156,0.03969497233629227,0.0005492647178471088,433.58123779296875,0.5984485745429993,False,1.5671908855438232,4.566431522369385,True,control_5step
offline_pretrain,820,0,1.0,32,0,160,0,100.938232421875,248.25827026367188,0.10875695943832397,54.94742202758789,100.938232421875,248.25827026367188,0.10875695943832397,0.0005494742072187364,349.3058166503906,0.6191341280937195,False,1.6126822233200073,4.581124782562256,True,control_5step
offline_pretrain,821,0,1.0,32,0,160,0,154.5401153564453,198.0743865966797,0.20162691175937653,54.96791458129883,154.5401153564453,198.0743865966797,0.20162691175937653,0.0005496791563928127,352.8166809082031,0.8329561948776245,False,1.6858035326004028,4.593142032623291,True,control_5step
offline_pretrain,822,0,1.0,32,0,160,0,146.19931030273438,468.056640625,0.12494073808193207,54.98977279663086,146.19931030273438,468.056640625,0.12494073808193207,0.0005498977261595428,614.3814697265625,0.7340876460075378,False,1.696315050125122,4.607172012329102,True,control_5step
offline_pretrain,823,0,1.0,32,0,160,0,88.25180053710938,340.566650390625,0.20780177414417267,55.01176452636719,88.25180053710938,340.566650390625,0.20780177414417267,0.0005501176347024739,429.02679443359375,0.4561869204044342,False,1.6053318977355957,4.619974613189697,True,control_5step
offline_pretrain,824,0,1.0,32,0,160,0,141.57579040527344,155.9322967529297,0.053378019481897354,55.03424835205078,141.57579040527344,155.9322967529297,0.053378019481897354,0.0005503424908965826,297.56201171875,0.6876164078712463,False,1.577135682106018,4.631901741027832,True,control_5step
offline_pretrain,825,0,1.0,32,0,160,0,52.335697174072266,438.9472961425781,0.13223440945148468,55.05630111694336,52.335697174072266,438.9472961425781,0.13223440945148468,0.0005505629815161228,491.415771484375,0.4158461391925812,False,1.4999576807022095,4.64639139175415,True,control_5step
offline_pretrain,826,0,1.0,32,0,160,0,115.35899353027344,130.60015869140625,0.02015264704823494,55.077903747558594,115.35899353027344,130.60015869140625,0.02015264704823494,0.0005507790483534336,245.9798583984375,0.8914440274238586,False,1.4980686902999878,4.6607232093811035,True,control_5step
offline_pretrain,827,0,1.0,32,0,160,0,136.16683959960938,284.9018249511719,0.19076909124851227,55.09804153442383,136.16683959960938,284.9018249511719,0.19076909124851227,0.0005509803886525333,421.2599792480469,0.6563730835914612,False,1.7557399272918701,4.669314384460449,True,control_5step
offline_pretrain,828,0,1.0,32,0,160,0,79.8366928100586,240.9591522216797,0.18623220920562744,55.11949157714844,79.8366928100586,240.9591522216797,0.18623220920562744,0.0005511948838829994,320.98260498046875,0.4589828848838806,False,1.7147409915924072,4.680427551269531,True,control_5step
offline_pretrain,829,0,1.0,32,0,160,0,121.10455322265625,260.91009521484375,0.08262043446302414,55.141143798828125,121.10455322265625,260.91009521484375,0.08262043446302414,0.0005514114163815975,382.0978088378906,0.5224520564079285,False,1.6029133796691895,4.691925525665283,True,control_5step
offline_pretrain,830,0,1.0,32,0,160,0,170.6729278564453,312.3681945800781,0.11518646776676178,55.16253662109375,170.6729278564453,312.3681945800781,0.11518646776676178,0.0005516253295354545,483.1568603515625,0.8045229911804199,False,1.7256567478179932,4.7055439949035645,True,control_5step
offline_pretrain,831,0,1.0,32,0,160,0,143.7064208984375,281.90753173828125,0.07491602003574371,55.18455123901367,143.7064208984375,281.90753173828125,0.07491602003574371,0.0005518454709090292,425.6894226074219,0.6605411171913147,False,1.5966706275939941,4.723336696624756,True,control_5step
offline_pretrain,832,0,1.0,32,0,160,0,34.34060287475586,193.76693725585938,0.14729668200016022,55.2067985534668,34.34060287475586,193.76693725585938,0.14729668200016022,0.0005520679987967014,228.25538635253906,0.35245469212532043,False,1.5815576314926147,4.744173049926758,True,control_5step
offline_pretrain,833,0,1.0,32,0,160,0,87.47232055664062,247.7485809326172,0.1596045047044754,55.2286491394043,87.47232055664062,247.7485809326172,0.1596045047044754,0.0005522864521481097,335.38104248046875,0.5642591118812561,False,1.6487228870391846,4.762704372406006,True,control_5step
offline_pretrain,834,0,1.0,32,0,160,0,127.01248931884766,249.63327026367188,0.12182530760765076,55.250423431396484,127.01248931884766,249.63327026367188,0.12182530760765076,0.000552504207007587,376.76812744140625,0.9783992767333984,False,1.7017284631729126,4.777754306793213,True,control_5step
offline_pretrain,835,0,1.0,32,0,160,0,64.1567611694336,200.7176513671875,0.2039709985256195,55.272010803222656,64.1567611694336,200.7176513671875,0.2039709985256195,0.000552720099221915,265.0789489746094,0.6003067493438721,False,1.6971313953399658,4.792083263397217,True,control_5step
offline_pretrain,836,0,1.0,32,0,160,0,51.08576965332031,197.06301879882812,0.05518493056297302,55.29362487792969,51.08576965332031,197.06301879882812,0.05518493056297302,0.0005529362242668867,248.20452880859375,0.9242108464241028,False,1.629840612411499,4.80285120010376,True,control_5step
offline_pretrain,837,0,1.0,32,0,160,0,48.054256439208984,78.26250457763672,0.1727169156074524,55.31365966796875,48.054256439208984,78.26250457763672,0.1727169156074524,0.0005531365750357509,126.49002838134766,0.4772845506668091,False,1.5432792901992798,4.813488960266113,True,control_5step
offline_pretrain,838,0,1.0,32,0,160,0,81.5803451538086,248.3443145751953,0.13189440965652466,55.33399963378906,81.5803451538086,248.3443145751953,0.13189440965652466,0.0005533400108106434,330.0570983886719,0.5911688804626465,False,1.683685302734375,4.823946952819824,True,control_5step
offline_pretrain,839,0,1.0,32,0,160,0,168.96759033203125,428.21112060546875,0.1943788230419159,55.35389709472656,168.96759033203125,428.21112060546875,0.1943788230419159,0.0005535389645956457,597.3736572265625,0.809904158115387,False,1.7289153337478638,4.83108377456665,True,control_5step
offline_pretrain,840,0,1.0,32,0,160,0,146.1011199951172,276.87127685546875,0.10670545697212219,55.375022888183594,146.1011199951172,276.87127685546875,0.10670545697212219,0.0005537502001971006,423.0796813964844,0.6096298098564148,False,1.7257779836654663,4.843934535980225,True,control_5step
offline_pretrain,841,0,1.0,32,0,160,0,189.36607360839844,690.9160766601562,0.07723523676395416,55.39613342285156,189.36607360839844,690.9160766601562,0.07723523676395416,0.0005539613193832338,880.3599243164062,0.5644922256469727,False,1.7358578443527222,4.856548309326172,True,control_5step
offline_pretrain,842,0,1.0,32,0,160,0,145.8135528564453,154.41848754882812,0.09844110161066055,55.417476654052734,145.8135528564453,154.41848754882812,0.09844110161066055,0.0005541747668758035,300.3310546875,0.6598694324493408,False,1.59384024143219,4.870812892913818,True,control_5step
offline_pretrain,843,0,1.0,32,0,160,0,82.18067169189453,466.1429443359375,0.1993265300989151,55.439109802246094,82.18067169189453,466.1429443359375,0.1993265300989151,0.0005543910665437579,548.5234985351562,0.43472564220428467,False,1.7379754781723022,4.888283729553223,True,control_5step
offline_pretrain,844,0,1.0,32,0,160,0,111.64071655273438,140.4140167236328,0.293390154838562,55.46126937866211,111.64071655273438,140.4140167236328,0.293390154838562,0.0005546126631088555,252.3486785888672,0.852837860584259,False,1.7447935342788696,4.904545783996582,True,control_5step
offline_pretrain,845,0,1.0,32,0,160,0,166.26126098632812,406.33245849609375,0.14361359179019928,55.48501205444336,166.26126098632812,406.33245849609375,0.14361359179019928,0.0005548500921577215,572.7379150390625,0.9434499144554138,False,1.6623667478561401,4.9228835105896,True,control_5step
offline_pretrain,846,0,1.0,32,0,160,0,13.691656112670898,145.13018798828125,0.12678223848342896,55.50914001464844,13.691656112670898,145.13018798828125,0.12678223848342896,0.0005550913629122078,158.9491729736328,0.6985654830932617,False,1.538389801979065,3.9574527740478516,True,control_5step
offline_pretrain,847,0,1.0,32,0,160,0,93.16157531738281,115.24078369140625,0.11156615614891052,55.53176498413086,93.16157531738281,115.24078369140625,0.11156615614891052,0.0005553176160901785,208.5144805908203,0.57171231508255,False,1.52781081199646,4.95839786529541,True,control_5step
offline_pretrain,848,0,1.0,32,0,160,0,96.7348861694336,126.7484359741211,0.1389506310224533,55.55402374267578,96.7348861694336,126.7484359741211,0.1389506310224533,0.0005555402021855116,223.62281799316406,0.5305508375167847,False,1.691051959991455,4.97311544418335,True,control_5step
offline_pretrain,849,0,1.0,32,0,160,0,233.09727478027344,248.41619873046875,0.14018556475639343,55.57622528076172,233.09727478027344,248.41619873046875,0.14018556475639343,0.0005557622644118965,481.65423583984375,1.0062932968139648,False,1.8506234884262085,4.989093780517578,True,control_5step
offline_pretrain,850,0,1.0,32,0,160,0,129.69383239746094,400.68304443359375,0.21706578135490417,55.59980392456055,129.69383239746094,400.68304443359375,0.21706578135490417,0.000555998005438596,530.594482421875,0.8582636713981628,False,1.7961249351501465,5.010313510894775,True,control_5step
offline_pretrain,851,0,1.0,32,0,160,0,102.13067626953125,116.17271423339844,0.09763339906930923,55.62443923950195,102.13067626953125,116.17271423339844,0.09763339906930923,0.0005562443984672427,218.40158081054688,0.3881051540374756,False,1.6320340633392334,5.032912731170654,True,control_5step
offline_pretrain,852,0,1.0,32,0,160,0,119.42203521728516,523.4098510742188,0.17431192100048065,55.64864730834961,119.42203521728516,523.4098510742188,0.17431192100048065,0.0005564864841289818,643.0067749023438,0.9055084586143494,False,1.754765272140503,5.054880142211914,True,control_5step
offline_pretrain,853,0,1.0,32,0,160,0,32.30094909667969,165.67103576660156,0.10931895673274994,55.67300033569336,32.30094909667969,165.67103576660156,0.10931895673274994,0.0005567299667745829,198.08184814453125,1.0766595602035522,False,1.5445866584777832,5.0729079246521,True,control_5step
offline_pretrain,854,0,1.0,32,0,160,0,81.69498443603516,111.46212005615234,0.18697692453861237,55.696022033691406,81.69498443603516,111.46212005615234,0.18697692453861237,0.0005569601780734956,193.3446502685547,1.216507911682129,False,1.78164541721344,5.0827412605285645,True,control_5step
offline_pretrain,855,0,1.0,32,0,160,0,177.73570251464844,444.5147705078125,0.15348510444164276,55.71889114379883,177.73570251464844,444.5147705078125,0.15348510444164276,0.0005571888759732246,622.404541015625,1.0779001712799072,False,1.8539875745773315,5.084591865539551,True,control_5step
offline_pretrain,856,0,1.0,32,0,160,0,105.85281372070312,507.171875,0.1934281289577484,55.7427978515625,105.85281372070312,507.171875,0.1934281289577484,0.0005574279930442572,613.2186279296875,0.5663915872573853,False,1.8079177141189575,5.091325283050537,True,control_5step
offline_pretrain,857,0,1.0,32,0,160,0,72.82772827148438,223.59634399414062,0.12785427272319794,55.767215728759766,72.82772827148438,223.59634399414062,0.12785427272319794,0.0005576721159741282,296.552490234375,0.6550090909004211,False,1.5963889360427856,5.100026607513428,True,control_5step
offline_pretrain,858,0,1.0,32,0,160,0,162.9822235107422,298.8212585449219,0.09473104029893875,55.79112243652344,162.9822235107422,298.8212585449219,0.09473104029893875,0.0005579112330451608,461.89874267578125,0.6451002359390259,False,1.679228663444519,5.108983516693115,True,control_5step
offline_pretrain,859,0,1.0,32,0,160,0,64.18573760986328,196.0553741455078,0.1962798833847046,55.814964294433594,64.18573760986328,196.0553741455078,0.1962798833847046,0.0005581496516242623,260.4379577636719,0.562308669090271,False,1.647386074066162,5.121261119842529,True,control_5step
offline_pretrain,860,0,1.0,32,0,160,0,119.37184143066406,398.0942687988281,0.08235614746809006,55.83890914916992,119.37184143066406,398.0942687988281,0.08235614746809006,0.0005583890597335994,517.5490112304688,0.6798065304756165,False,1.7147685289382935,5.1313652992248535,True,control_5step
offline_pretrain,861,0,1.0,32,0,160,0,121.07121276855469,171.54835510253906,0.08988034725189209,55.86205291748047,121.07121276855469,171.54835510253906,0.08988034725189209,0.0005586204933933914,292.7099914550781,0.6248270869255066,False,1.7199795246124268,5.141269683837891,True,control_5step
offline_pretrain,862,0,1.0,32,0,160,0,151.07110595703125,187.15762329101562,0.16920746862888336,55.88492202758789,151.07110595703125,187.15762329101562,0.16920746862888336,0.0005588491912931204,338.39849853515625,0.7587704062461853,False,1.7386890649795532,5.150431156158447,True,control_5step
offline_pretrain,863,0,1.0,32,0,160,0,187.9822540283203,433.6494140625,0.14317995309829712,55.90858840942383,187.9822540283203,433.6494140625,0.14317995309829712,0.0005590858636423945,621.775390625,1.0825072526931763,False,1.7762895822525024,5.165480136871338,True,control_5step
offline_pretrain,864,0,1.0,32,0,160,0,124.48775482177734,493.77496337890625,0.19649679958820343,55.932987213134766,124.48775482177734,493.77496337890625,0.19649679958820343,0.0005593298701569438,618.459716796875,0.6991844177246094,False,1.850914478302002,5.188436031341553,True,control_5step
offline_pretrain,865,0,1.0,32,0,160,0,146.412353515625,528.2838134765625,0.14548556506633759,55.95802307128906,146.412353515625,528.2838134765625,0.14548556506633759,0.0005595802213065326,674.8422241210938,0.7436745762825012,False,1.7724714279174805,5.21442174911499,True,control_5step
offline_pretrain,866,0,1.0,32,0,160,0,45.33411407470703,170.08712768554688,0.28585168719291687,55.983367919921875,45.33411407470703,170.08712768554688,0.28585168719291687,0.0005598336574621499,215.70765686035156,0.8594940304756165,False,1.7814432382583618,5.2422099113464355,True,control_5step
offline_pretrain,867,0,1.0,32,0,160,0,35.13029479980469,71.54283905029297,0.19446158409118652,56.009063720703125,35.13029479980469,71.54283905029297,0.19446158409118652,0.0005600906442850828,106.86814880371094,1.1523092985153198,False,1.7113169431686401,5.260617256164551,True,control_5step
offline_pretrain,868,0,1.0,32,0,160,0,100.75358581542969,507.0142517089844,0.11295939236879349,56.03375244140625,100.75358581542969,507.0142517089844,0.11295939236879349,0.0005603375029750168,607.88134765625,0.49630114436149597,False,1.824250340461731,5.26922082901001,True,control_5step
offline_pretrain,869,0,1.0,32,0,160,0,122.2186050415039,152.2873077392578,0.11699788272380829,56.05826187133789,122.2186050415039,152.2873077392578,0.11699788272380829,0.0005605826154351234,274.62347412109375,0.7729952335357666,False,1.768537998199463,5.279792785644531,True,control_5step
offline_pretrain,870,0,1.0,32,0,160,0,162.41371154785156,279.5596923828125,0.028307022526860237,56.08262634277344,162.41371154785156,279.5596923828125,0.028307022526860237,0.0005608262727037072,442.00225830078125,0.8125401139259338,False,1.7653164863586426,5.293490886688232,True,control_5step
offline_pretrain,871,0,1.0,32,0,160,0,129.2276611328125,373.89056396484375,0.16534771025180817,56.106468200683594,129.2276611328125,373.89056396484375,0.16534771025180817,0.0005610646912828088,503.28411865234375,0.5027878284454346,False,1.7149323225021362,5.309607982635498,True,control_5step
offline_pretrain,872,0,1.0,32,0,160,0,109.20271301269531,259.3161315917969,0.15749520063400269,56.130828857421875,109.20271301269531,259.3161315917969,0.15749520063400269,0.0005613082903437316,368.6769104003906,0.573593258857727,False,1.7347800731658936,5.324663162231445,True,control_5step
offline_pretrain,873,0,1.0,32,0,160,0,91.23390197753906,113.3585205078125,0.28311392664909363,56.155582427978516,91.23390197753906,113.3585205078125,0.28311392664909363,0.0005615557893179357,204.8760986328125,0.7591615319252014,False,1.7790565490722656,5.341357231140137,True,control_5step
offline_pretrain,874,0,1.0,32,0,160,0,142.2313232421875,675.498779296875,0.12149234861135483,56.181583404541016,142.2313232421875,675.498779296875,0.12149234861135483,0.0005618158029392362,817.8521728515625,0.9309830069541931,False,1.9408615827560425,5.357558250427246,True,control_5step
offline_pretrain,875,0,1.0,32,0,160,0,120.39081573486328,128.12484741210938,0.1480252742767334,56.207462310791016,120.39081573486328,128.12484741210938,0.1480252742767334,0.0005620745941996574,248.66424560546875,0.5364047288894653,False,1.784005045890808,5.377079486846924,True,control_5step
offline_pretrain,876,0,1.0,32,0,160,0,101.94967651367188,364.4771423339844,0.26352864503860474,56.23349380493164,101.94967651367188,364.4771423339844,0.26352864503860474,0.0005623348988592625,466.6908874511719,0.8597782850265503,False,1.8572802543640137,5.396944046020508,True,control_5step
offline_pretrain,877,0,1.0,32,0,160,0,112.68419647216797,247.87266540527344,0.34396523237228394,56.259544372558594,112.68419647216797,247.87266540527344,0.34396523237228394,0.0005625954363495111,360.9013671875,0.8357640504837036,False,1.9605318307876587,5.414340972900391,True,control_5step
offline_pretrain,878,0,1.0,32,0,160,0,54.889739990234375,90.86067962646484,0.11380185186862946,56.287139892578125,54.889739990234375,90.86067962646484,0.11380185186862946,0.0005628713988699019,145.8647918701172,0.45500248670578003,False,1.6456269025802612,5.433130264282227,True,control_5step
offline_pretrain,879,0,1.0,32,0,160,0,151.4812774658203,416.19293212890625,0.1760212928056717,56.31372833251953,151.4812774658203,416.19293212890625,0.1760212928056717,0.0005631372914649546,567.8507690429688,0.6805734634399414,False,1.7851186990737915,5.451468467712402,True,control_5step
offline_pretrain,880,0,1.0,32,0,160,0,36.463253021240234,327.08489990234375,0.1571650207042694,56.34103012084961,36.463253021240234,327.08489990234375,0.1571650207042694,0.0005634102853946388,363.70587158203125,0.46603691577911377,False,1.9105877876281738,5.472092151641846,True,control_5step
offline_pretrain,881,0,1.0,32,0,160,0,76.96359252929688,218.15505981445312,0.1843279004096985,56.36729431152344,76.96359252929688,218.15505981445312,0.1843279004096985,0.0005636729183606803,295.30352783203125,0.6925314664840698,False,1.8190144300460815,5.491097450256348,True,control_5step
offline_pretrain,882,0,1.0,32,0,160,0,18.763301849365234,308.280029296875,0.1625097543001175,56.392799377441406,18.763301849365234,308.280029296875,0.1625097543001175,0.0005639279843308032,327.2063903808594,0.7466061115264893,False,1.8140273094177246,4.424124717712402,True,control_5step
offline_pretrain,883,0,1.0,32,0,160,0,97.3178482055664,231.91587829589844,0.14189152419567108,56.41682052612305,97.3178482055664,231.91587829589844,0.14189152419567108,0.000564168207347393,329.3761901855469,0.44034162163734436,False,1.7460875511169434,5.514266490936279,True,control_5step
offline_pretrain,884,0,1.0,32,0,160,0,121.24420928955078,396.41485595703125,0.09663465619087219,56.44078063964844,121.24420928955078,396.41485595703125,0.09663465619087219,0.0005644077900797129,517.7562255859375,0.7166553735733032,False,1.8357402086257935,5.522537708282471,True,control_5step
offline_pretrain,885,0,1.0,32,0,160,0,210.37416076660156,452.7212219238281,0.07938598096370697,56.46455001831055,210.37416076660156,452.7212219238281,0.07938598096370697,0.0005646455101668835,663.1753540039062,0.7252995371818542,False,1.725565791130066,5.535301685333252,True,control_5step
offline_pretrain,886,0,1.0,32,0,160,0,138.43109130859375,300.6231384277344,0.16147980093955994,56.48823547363281,138.43109130859375,300.6231384277344,0.16147980093955994,0.0005648823571391404,439.2162780761719,0.6794122457504272,False,1.800445318222046,5.546692848205566,True,control_5step
offline_pretrain,887,0,1.0,32,0,160,0,190.49911499023438,330.9680480957031,0.08259603381156921,56.51226806640625,190.49911499023438,330.9680480957031,0.08259603381156921,0.0005651226383633912,521.55029296875,0.6659120321273804,False,1.8086678981781006,5.5580620765686035,True,control_5step
offline_pretrain,888,0,1.0,32,0,160,0,93.08447265625,220.2524871826172,0.25691619515419006,56.53629684448242,93.08447265625,220.2524871826172,0.25691619515419006,0.0005653629777953029,313.594482421875,0.5872135758399963,False,1.9928597211837769,5.571919918060303,True,control_5step
offline_pretrain,889,0,1.0,32,0,160,0,95.24727630615234,593.6497192382812,0.05736793205142021,56.561527252197266,95.24727630615234,593.6497192382812,0.05736793205142021,0.0005656152497977018,688.9548950195312,0.7053142786026001,False,1.935353398323059,5.58563232421875,True,control_5step
offline_pretrain,890,0,1.0,32,0,160,0,122.61096954345703,412.1242980957031,0.18008646368980408,56.58597946166992,122.61096954345703,412.1242980957031,0.18008646368980408,0.0005658597801811993,534.9159545898438,0.719141960144043,False,1.824228286743164,5.597698211669922,True,control_5step
offline_pretrain,891,0,1.0,32,0,160,0,53.81827926635742,308.06268310546875,0.1533893346786499,56.61067581176758,53.81827926635742,308.06268310546875,0.1533893346786499,0.0005661067552864552,362.034912109375,2.182077169418335,False,1.8762626647949219,5.608707904815674,True,control_5step
offline_pretrain,892,0,1.0,32,0,160,0,86.95305633544922,116.4594497680664,0.255767822265625,56.633907318115234,86.95305633544922,116.4594497680664,0.255767822265625,0.0005663390620611608,203.66883850097656,0.6819342970848083,False,1.8949977159500122,5.619862079620361,True,control_5step
offline_pretrain,893,0,1.0,32,0,160,0,143.18478393554688,383.7298583984375,0.09316723793745041,56.65818405151367,143.18478393554688,383.7298583984375,0.09316723793745041,0.0005665818462148309,527.0083618164062,0.6843106746673584,False,1.80811607837677,5.633942604064941,True,control_5step
offline_pretrain,894,0,1.0,32,0,160,0,53.79541778564453,338.1313781738281,0.12339283525943756,56.68241882324219,53.79541778564453,338.1313781738281,0.12339283525943756,0.0005668241647072136,392.0507507324219,0.4047695994377136,False,1.8892173767089844,5.650152206420898,True,control_5step
offline_pretrain,895,0,1.0,32,0,160,0,102.4402847290039,249.7563018798828,0.19955922663211823,56.70557403564453,102.4402847290039,249.7563018798828,0.19955922663211823,0.0005670557147823274,352.396728515625,0.6310778856277466,False,1.837989330291748,5.662343978881836,True,control_5step
offline_pretrain,896,0,1.0,32,0,160,0,171.3046417236328,321.8606262207031,0.14942918717861176,56.72948455810547,171.3046417236328,321.8606262207031,0.14942918717861176,0.0005672948318533599,493.3152770996094,0.9038531184196472,False,1.8621450662612915,5.67426872253418,True,control_5step
offline_pretrain,897,0,1.0,32,0,160,0,59.805484771728516,213.8402099609375,0.36633723974227905,56.75458908081055,59.805484771728516,213.8402099609375,0.36633723974227905,0.0005675458814948797,274.0126037597656,0.6642664670944214,False,1.8939306735992432,5.691585063934326,True,control_5step
offline_pretrain,898,0,1.0,32,0,160,0,34.654449462890625,286.95758056640625,0.2221693992614746,56.7811393737793,34.654449462890625,286.95758056640625,0.2221693992614746,0.000567811366636306,321.83477783203125,0.4495558440685272,False,1.7911978960037231,5.708410263061523,True,control_5step
offline_pretrain,899,0,1.0,32,0,160,0,119.28681945800781,385.9413757324219,0.12256681174039841,56.807472229003906,119.28681945800781,385.9413757324219,0.12256681174039841,0.0005680746980942786,505.3513488769531,0.6076584458351135,False,1.9743512868881226,5.723361015319824,True,control_5step
offline_pretrain,900,0,1.0,32,0,160,0,146.26950073242188,210.39529418945312,0.1936507523059845,56.834083557128906,146.26950073242188,210.39529418945312,0.1936507523059845,0.000568340823519975,356.8590393066406,1.0851595401763916,False,1.978983998298645,5.73947811126709,True,control_5step
offline_pretrain,901,0,1.0,32,0,160,0,105.80278015136719,127.37738037109375,0.22032621502876282,56.86156463623047,105.80278015136719,127.37738037109375,0.22032621502876282,0.0005686156218871474,233.4010467529297,0.5783177614212036,False,1.952903151512146,5.7583818435668945,True,control_5step
offline_pretrain,902,0,1.0,32,0,160,0,11.005043983459473,83.0621337890625,0.18886259198188782,56.88968276977539,11.005043983459473,83.0621337890625,0.18886259198188782,0.0005688968230970204,94.2566146850586,0.638889729976654,False,1.9785706996917725,4.6351494789123535,True,control_5step
offline_pretrain,903,0,1.0,32,0,160,0,185.57763671875,326.0029602050781,0.0489024743437767,56.91746520996094,185.57763671875,326.0029602050781,0.0489024743437767,0.0005691746482625604,511.63006591796875,0.8456639647483826,False,1.8149765729904175,5.794349670410156,True,control_5step
offline_pretrain,904,0,1.0,32,0,160,0,84.56168365478516,235.52529907226562,0.2117486298084259,56.945430755615234,84.56168365478516,235.52529907226562,0.2117486298084259,0.0005694542778655887,320.29931640625,0.5460611581802368,False,1.978150486946106,5.81463623046875,True,control_5step
offline_pretrain,905,0,1.0,32,0,160,0,58.32257080078125,65.68144226074219,0.11835257709026337,56.97371292114258,58.32257080078125,65.68144226074219,0.11835257709026337,0.0005697371088899672,124.12294006347656,0.5897805690765381,False,1.9802327156066895,5.834901332855225,True,control_5step
offline_pretrain,906,0,1.0,32,0,160,0,116.04244995117188,256.1861877441406,0.16240859031677246,57.00076675415039,116.04244995117188,256.1861877441406,0.16240859031677246,0.000570007658097893,372.3916320800781,0.5895457863807678,False,1.7882009744644165,5.851395130157471,True,control_5step
offline_pretrain,907,0,1.0,32,0,160,0,183.302978515625,205.33273315429688,0.2558698058128357,57.02788543701172,183.302978515625,205.33273315429688,0.2558698058128357,0.0005702788475900888,388.89215087890625,0.9622394442558289,False,2.0020155906677246,5.868478298187256,True,control_5step
offline_pretrain,908,0,1.0,32,0,160,0,130.34425354003906,256.09442138671875,0.19165684282779694,57.05664825439453,130.34425354003906,256.09442138671875,0.19165684282779694,0.0005705664516426623,386.6308898925781,0.551031231880188,False,2.0909855365753174,5.8835248947143555,True,control_5step
offline_pretrain,909,0,1.0,32,0,160,0,49.70749282836914,185.03541564941406,0.060928959399461746,57.08543395996094,49.70749282836914,185.03541564941406,0.060928959399461746,0.0005708543467335403,234.8043975830078,1.0294296741485596,False,1.8765748739242554,5.8978271484375,True,control_5step
offline_pretrain,910,0,1.0,32,0,160,0,148.99761962890625,183.62152099609375,0.1669599413871765,57.11238098144531,148.99761962890625,183.62152099609375,0.1669599413871765,0.0005711237899959087,332.78668212890625,1.2285089492797852,False,2.072610378265381,5.912582874298096,True,control_5step
offline_pretrain,911,0,1.0,32,0,160,0,118.0119857788086,239.63368225097656,0.08424320816993713,57.13970184326172,118.0119857788086,239.63368225097656,0.08424320816993713,0.0005713970167562366,357.73046875,0.7649663090705872,False,1.84030020236969,5.932553768157959,True,control_5step
offline_pretrain,912,0,1.0,32,0,160,0,103.830810546875,111.8364028930664,0.2741801142692566,57.16619110107422,103.830810546875,111.8364028930664,0.2741801142692566,0.0005716619198210537,215.94195556640625,0.6757286190986633,False,1.9605094194412231,5.947627067565918,True,control_5step
offline_pretrain,913,0,1.0,32,0,160,0,189.45608520507812,438.88189697265625,0.14160281419754028,57.193580627441406,189.45608520507812,438.88189697265625,0.14160281419754028,0.0005719357868656516,628.4801635742188,1.0376657247543335,False,2.046116828918457,5.964811325073242,True,control_5step
offline_pretrain,914,0,1.0,32,0,160,0,127.02008819580078,612.7430419921875,0.2621830105781555,57.221351623535156,127.02008819580078,612.7430419921875,0.2621830105781555,0.0005722134956158698,740.02587890625,0.9084448218345642,False,2.2681546211242676,5.988698959350586,True,control_5step
offline_pretrain,915,0,1.0,32,0,160,0,78.92884826660156,455.3049011230469,0.1076616495847702,57.25025177001953,78.92884826660156,455.3049011230469,0.1076616495847702,0.0005725024966523051,534.3419799804688,0.9499432444572449,False,2.1451451778411865,6.0153374671936035,True,control_5step
offline_pretrain,916,0,1.0,32,0,160,0,12.185561180114746,140.32366943359375,0.2696264386177063,57.277381896972656,12.185561180114746,140.32366943359375,0.2696264386177063,0.0005727738025598228,152.77943420410156,1.30487060546875,False,1.9409972429275513,6.00319242477417,True,control_5step
offline_pretrain,917,0,1.0,32,0,160,0,127.43098449707031,135.6660919189453,0.22498062252998352,57.304317474365234,127.43098449707031,135.6660919189453,0.22498062252998352,0.0005730431876145303,263.3226318359375,0.9330430626869202,False,1.914623737335205,6.035921573638916,True,control_5step
offline_pretrain,918,0,1.0,32,0,160,0,63.91449737548828,192.35235595703125,0.3853449523448944,57.332061767578125,63.91449737548828,192.35235595703125,0.3853449523448944,0.0005733206053264439,256.65277099609375,0.8821253180503845,False,1.9353455305099487,6.045539855957031,True,control_5step
offline_pretrain,919,0,1.0,32,0,160,0,117.98216247558594,484.28692626953125,0.1221577376127243,57.361305236816406,117.98216247558594,484.28692626953125,0.1221577376127243,0.0005736130406148732,602.3917846679688,0.4536342918872833,False,2.097426176071167,6.055853366851807,True,control_5step
offline_pretrain,920,0,1.0,32,0,160,0,61.449501037597656,194.26687622070312,0.18141832947731018,57.38985061645508,61.449501037597656,194.26687622070312,0.18141832947731018,0.0005738984909839928,255.8983612060547,0.4505786597728729,False,1.8918317556381226,6.065640926361084,True,control_5step
offline_pretrain,921,0,1.0,32,0,160,0,134.85328674316406,295.0412902832031,0.2740478515625,57.418495178222656,134.85328674316406,295.0412902832031,0.2740478515625,0.000574184930883348,430.1692199707031,1.2495023012161255,False,1.993288278579712,6.075223445892334,True,control_5step
offline_pretrain,922,0,1.0,32,0,160,0,186.72494506835938,217.4607391357422,0.05916163697838783,57.44856643676758,186.72494506835938,217.4607391357422,0.05916163697838783,0.000574485631659627,404.24542236328125,1.049044132232666,False,2.039255380630493,6.088377475738525,True,control_5step
offline_pretrain,923,0,1.0,32,0,160,0,145.6539306640625,665.888671875,0.09182676672935486,57.478599548339844,145.6539306640625,665.888671875,0.09182676672935486,0.0005747859831899405,811.6349487304688,0.8466704487800598,False,1.9869914054870605,6.109052658081055,True,control_5step
offline_pretrain,924,0,1.0,32,0,160,0,174.0311737060547,312.242431640625,0.16410745680332184,57.50822448730469,174.0311737060547,312.242431640625,0.16410745680332184,0.0005750822019763291,486.43829345703125,0.9315138459205627,False,2.2131779193878174,6.132540225982666,True,control_5step
offline_pretrain,925,0,1.0,32,0,160,0,208.05740356445312,229.76406860351562,0.06426481902599335,57.53821563720703,208.05740356445312,229.76406860351562,0.06426481902599335,0.0005753821460530162,437.8863220214844,1.471442461013794,False,2.1139233112335205,6.155892372131348,True,control_5step
offline_pretrain,926,0,1.0,32,0,160,0,33.22392654418945,282.9436950683594,0.19618254899978638,57.56790542602539,33.22392654418945,282.9436950683594,0.19618254899978638,0.0005756790633313358,316.3644104003906,0.7204182147979736,False,1.729282021522522,6.183846473693848,True,control_5step
offline_pretrain,927,0,1.0,32,0,160,0,105.80772399902344,477.1622314453125,0.16501230001449585,57.5974235534668,105.80772399902344,477.1622314453125,0.16501230001449585,0.000575974234379828,583.1355590820312,0.6269393563270569,False,2.128852605819702,6.205541133880615,True,control_5step
offline_pretrain,928,0,1.0,32,0,160,0,70.94397735595703,93.66191864013672,0.3206813931465149,57.62687683105469,70.94397735595703,93.66191864013672,0.3206813931465149,0.0005762687651440501,164.92715454101562,0.9483394026756287,False,2.100226402282715,6.22620964050293,True,control_5step
offline_pretrain,929,0,1.0,32,0,160,0,104.47640228271484,235.62399291992188,0.21823269128799438,57.65744400024414,104.47640228271484,235.62399291992188,0.21823269128799438,0.0005765744135715067,340.3192138671875,0.6641760468482971,False,2.1506221294403076,6.246706962585449,True,control_5step
offline_pretrain,930,0,1.0,32,0,160,0,121.91067504882812,122.70396423339844,0.1806236058473587,57.687618255615234,121.91067504882812,122.70396423339844,0.1806236058473587,0.0005768761620856822,244.79583740234375,1.4976252317428589,False,2.013575553894043,6.264156818389893,True,control_5step
offline_pretrain,931,0,1.0,32,0,160,0,49.695274353027344,57.44742202758789,0.06553011387586594,57.717960357666016,49.695274353027344,57.44742202758789,0.06553011387586594,0.0005771795986220241,107.20880889892578,0.43033599853515625,False,1.8356581926345825,6.2846598625183105,True,control_5step
offline_pretrain,932,0,1.0,32,0,160,0,121.16545104980469,248.62393188476562,0.10039951652288437,57.74626922607422,121.16545104980469,248.62393188476562,0.10039951652288437,0.0005774626624770463,369.8903503417969,1.1339625120162964,False,2.0635087490081787,6.301204204559326,True,control_5step
offline_pretrain,933,0,1.0,32,0,160,0,105.57598114013672,235.38510131835938,0.16809017956256866,57.77358627319336,105.57598114013672,235.38510131835938,0.16809017956256866,0.0005777358310297132,341.1297607421875,0.5490580201148987,False,2.0176010131835938,6.316951274871826,True,control_5step
offline_pretrain,934,0,1.0,32,0,160,0,93.44486999511719,736.538330078125,0.07637892663478851,57.8010368347168,93.44486999511719,736.538330078125,0.07637892663478851,0.0005780103383585811,830.0601196289062,0.5726897716522217,False,2.0664799213409424,6.333785057067871,True,control_5step
offline_pretrain,935,0,1.0,32,0,160,0,76.22415924072266,104.78231048583984,0.2508183419704437,57.827491760253906,76.22415924072266,104.78231048583984,0.2508183419704437,0.0005782748921774328,181.25787353515625,0.5855939984321594,False,2.0580921173095703,6.352515697479248,True,control_5step
offline_pretrain,936,0,1.0,32,0,160,0,62.60367965698242,121.54483032226562,0.1976087987422943,57.85432052612305,62.60367965698242,121.54483032226562,0.1976087987422943,0.000578543171286583,184.34669494628906,0.5493134260177612,False,2.1081972122192383,6.370604038238525,True,control_5step
offline_pretrain,937,0,1.0,32,0,160,0,81.79342651367188,213.16249084472656,0.21267695724964142,57.881324768066406,81.79342651367188,213.16249084472656,0.21267695724964142,0.0005788132548332214,295.169189453125,2.200617790222168,False,1.9596543312072754,6.388235569000244,True,control_5step
offline_pretrain,938,0,1.0,32,0,160,0,59.16731643676758,212.36280822753906,0.2524845004081726,57.90797424316406,59.16731643676758,212.36280822753906,0.2524845004081726,0.0005790797295048833,271.7831726074219,0.7986932992935181,False,2.028949737548828,6.388615131378174,True,control_5step
offline_pretrain,939,0,1.0,32,0,160,0,171.33978271484375,419.3081359863281,0.24539968371391296,57.93440246582031,171.33978271484375,419.3081359863281,0.24539968371391296,0.0005793439922854304,590.8939208984375,1.0661864280700684,False,2.0839452743530273,6.3840155601501465,True,control_5step
offline_pretrain,940,0,1.0,32,0,160,0,148.04310607910156,293.56085205078125,0.21038836240768433,57.96225357055664,148.04310607910156,293.56085205078125,0.21038836240768433,0.0005796225159429014,441.8149108886719,0.9020943641662598,False,2.2282629013061523,6.381157875061035,True,control_5step
offline_pretrain,941,0,1.0,32,0,160,0,146.4252471923828,314.2470703125,0.23361432552337646,57.99085998535156,146.4252471923828,314.2470703125,0.23361432552337646,0.0005799086065962911,460.906494140625,1.1902318000793457,False,2.2689266204833984,6.38699197769165,True,control_5step
offline_pretrain,942,0,1.0,32,0,160,0,188.66026306152344,202.08900451660156,0.29779767990112305,58.02022171020508,188.66026306152344,202.08900451660156,0.29779767990112305,0.0005802022060379386,391.0476379394531,1.2688920497894287,False,2.151341199874878,6.4004411697387695,True,control_5step
offline_pretrain,943,0,1.0,32,0,160,0,40.31633377075195,310.9258728027344,0.23669978976249695,58.0511474609375,40.31633377075195,310.9258728027344,0.23669978976249695,0.0005805114633403718,351.4794921875,0.6563006043434143,False,2.0831942558288574,6.424018383026123,True,control_5step
offline_pretrain,944,0,1.0,32,0,160,0,29.563913345336914,542.0115356445312,0.09506316483020782,58.08127975463867,29.563913345336914,542.0115356445312,0.09506316483020782,0.0005808128044009209,571.671142578125,0.8564247488975525,False,2.227651834487915,6.440032482147217,True,control_5step
offline_pretrain,945,0,1.0,32,0,160,0,32.853240966796875,68.00637817382812,0.16666001081466675,58.10953140258789,32.853240966796875,68.00637817382812,0.16666001081466675,0.0005810952861793339,101.02685546875,0.8286597728729248,False,2.124908208847046,6.447549343109131,True,control_5step
offline_pretrain,946,0,1.0,32,0,160,0,112.40794372558594,352.06988525390625,0.2983432412147522,58.13683319091797,112.40794372558594,352.06988525390625,0.2983432412147522,0.000581368338316679,464.7767639160156,0.6047611236572266,False,2.3284170627593994,6.455332279205322,True,control_5step
offline_pretrain,947,0,1.0,32,0,160,0,123.51678466796875,123.52037811279297,0.17223858833312988,58.16524124145508,123.51678466796875,123.52037811279297,0.17223858833312988,0.0005816523917019367,247.20999145507812,1.5092113018035889,False,2.0271615982055664,6.462963581085205,True,control_5step
offline_pretrain,948,0,1.0,32,0,160,0,124.11405181884766,500.5990295410156,0.19321461021900177,58.19349670410156,124.11405181884766,500.5990295410156,0.19321461021900177,0.0005819349316880107,624.9069213867188,0.9088428616523743,False,2.264228343963623,6.4776763916015625,True,control_5step
offline_pretrain,949,0,1.0,32,0,160,0,96.60779571533203,111.7689437866211,0.21765820682048798,58.22187042236328,96.60779571533203,111.7689437866211,0.21765820682048798,0.0005822186940349638,208.594970703125,0.583135187625885,False,2.1772189140319824,6.498107433319092,True,control_5step
offline_pretrain,950,0,1.0,32,0,160,0,71.90655517578125,224.90582275390625,0.07286103069782257,58.25022888183594,71.90655517578125,224.90582275390625,0.07286103069782257,0.0005825022817589343,296.8858337402344,0.9129065871238708,False,2.0375194549560547,6.519108772277832,True,control_5step
offline_pretrain,951,0,1.0,32,0,160,0,55.4730224609375,63.16819381713867,0.19925856590270996,58.27723693847656,55.4730224609375,63.16819381713867,0.19925856590270996,0.0005827723653055727,118.84105682373047,0.9208187460899353,False,2.0182628631591797,6.542028427124023,True,control_5step
offline_pretrain,952,0,1.0,32,0,160,0,87.41053771972656,206.06178283691406,0.23305363953113556,58.30390548706055,87.41053771972656,206.06178283691406,0.23305363953113556,0.0005830390146002173,293.7059631347656,0.9168967604637146,False,2.2090346813201904,6.564661979675293,True,control_5step
offline_pretrain,953,0,1.0,32,0,160,0,165.30946350097656,305.7514343261719,0.11658820509910583,58.3311767578125,165.30946350097656,305.7514343261719,0.11658820509910583,0.0005833117756992579,471.1780700683594,1.0425688028335571,False,2.107560634613037,6.586533069610596,True,control_5step
offline_pretrain,954,0,1.0,32,0,160,0,77.61930847167969,196.22506713867188,0.13797597587108612,58.35873031616211,77.61930847167969,196.22506713867188,0.13797597587108612,0.0005835872725583613,273.98291015625,0.6536523103713989,False,2.110551118850708,6.612670421600342,True,control_5step
offline_pretrain,955,0,1.0,32,0,160,0,98.35919952392578,107.51805877685547,0.10712340474128723,58.38579177856445,98.35919952392578,107.51805877685547,0.10712340474128723,0.000583857879973948,205.98495483398438,0.8589481711387634,False,1.881669521331787,6.634112358093262,True,control_5step
offline_pretrain,956,0,1.0,32,0,160,0,120.0567398071289,127.55084991455078,0.114474818110466,58.412574768066406,120.0567398071289,127.55084991455078,0.114474818110466,0.0005841257516294718,247.72264099121094,0.9895980358123779,False,2.145355463027954,6.655503273010254,True,control_5step
offline_pretrain,957,0,1.0,32,0,160,0,76.70162200927734,199.78590393066406,0.16503006219863892,58.43893814086914,76.70162200927734,199.78590393066406,0.16503006219863892,0.0005843893741257489,276.65313720703125,0.8744924664497375,False,2.076575994491577,6.6722493171691895,True,control_5step
offline_pretrain,958,0,1.0,32,0,160,0,98.10298156738281,141.03392028808594,0.19208811223506927,58.46531677246094,98.10298156738281,141.03392028808594,0.19208811223506927,0.0005846531712450087,239.32957458496094,0.7671868205070496,False,2.236732244491577,6.68936824798584,True,control_5step
offline_pretrain,959,0,1.0,32,0,160,0,123.54647064208984,146.29568481445312,0.21844613552093506,58.491878509521484,123.54647064208984,146.29568481445312,0.21844613552093506,0.0005849187728017569,270.0611877441406,0.9400153160095215,False,2.0470685958862305,6.70333194732666,True,control_5step
offline_pretrain,960,0,1.0,32,0,160,0,142.23233032226562,258.08392333984375,0.2662298083305359,58.519309997558594,142.23233032226562,258.08392333984375,0.2662298083305359,0.000585193105507642,400.58306884765625,0.7328803539276123,False,2.26265549659729,6.719891548156738,True,control_5step
offline_pretrain,961,0,1.0,32,0,160,0,74.47517395019531,139.14706420898438,0.11633040010929108,58.548030853271484,74.47517395019531,139.14706420898438,0.11633040010929108,0.0005854803021065891,213.73915100097656,0.6100980043411255,False,2.2045347690582275,6.735479831695557,True,control_5step
offline_pretrain,962,0,1.0,32,0,160,0,103.79154968261719,364.2651062011719,0.1781715601682663,58.57595443725586,103.79154968261719,364.2651062011719,0.1781715601682663,0.000585759524255991,468.2353820800781,0.627768337726593,False,2.209658145904541,6.751189231872559,True,control_5step
offline_pretrain,963,0,1.0,32,0,160,0,17.101200103759766,161.75100708007812,0.4754782021045685,58.60425567626953,17.101200103759766,161.75100708007812,0.4754782021045685,0.0005860425299033523,179.32826232910156,0.9032458662986755,False,2.159158229827881,5.660238265991211,True,control_5step
offline_pretrain,964,0,1.0,32,0,160,0,145.76832580566406,167.87843322753906,0.1544266939163208,58.63417053222656,145.76832580566406,167.87843322753906,0.1544266939163208,0.0005863417172804475,313.8017578125,0.9222193360328674,False,2.3377795219421387,6.78283166885376,True,control_5step
offline_pretrain,965,0,1.0,32,0,160,0,164.9657745361328,187.59353637695312,0.18429723381996155,58.6641845703125,164.9657745361328,187.59353637695312,0.18429723381996155,0.0005866418359801173,352.74420166015625,0.9494951963424683,False,2.2731504440307617,6.800099849700928,True,control_5step
offline_pretrain,966,0,1.0,32,0,160,0,106.2041015625,464.03338623046875,0.26249921321868896,58.69477081298828,106.2041015625,464.03338623046875,0.26249921321868896,0.0005869477172382176,570.5006103515625,0.700910747051239,False,2.2204267978668213,6.823751449584961,True,control_5step
offline_pretrain,967,0,1.0,32,0,160,0,101.94305419921875,109.1155014038086,0.1487518548965454,58.7259407043457,101.94305419921875,109.1155014038086,0.1487518548965454,0.0005872594192624092,211.20790100097656,0.9459238648414612,False,2.0244572162628174,6.850255012512207,True,control_5step
offline_pretrain,968,0,1.0,32,0,160,0,144.80563354492188,160.04345703125,0.2243386209011078,58.756370544433594,144.80563354492188,160.04345703125,0.2243386209011078,0.0005875636707060039,305.0740051269531,0.8931545615196228,False,2.2249462604522705,6.86945915222168,True,control_5step
offline_pretrain,969,0,1.0,32,0,160,0,163.37307739257812,301.34014892578125,0.43918123841285706,58.78770065307617,163.37307739257812,301.34014892578125,0.43918123841285706,0.0005878770025447011,465.1529846191406,1.0897103548049927,False,2.5038344860076904,6.893043041229248,True,control_5step
offline_pretrain,970,0,1.0,32,0,160,0,76.2232666015625,106.34846496582031,0.11263887584209442,58.821861267089844,76.2232666015625,106.34846496582031,0.11263887584209442,0.0005882186233066022,182.68496704101562,0.6329640746116638,False,2.13318133354187,6.920170307159424,True,control_5step
offline_pretrain,971,0,1.0,32,0,160,0,169.84713745117188,343.5386657714844,0.23284170031547546,58.85439682006836,169.84713745117188,343.5386657714844,0.23284170031547546,0.0005885439459234476,513.6192626953125,0.9034038186073303,False,2.3959994316101074,6.941192626953125,True,control_5step
offline_pretrain,972,0,1.0,32,0,160,0,117.84934997558594,356.6059875488281,0.1293952614068985,58.887638092041016,117.84934997558594,356.6059875488281,0.1293952614068985,0.0005888763698749244,474.5852966308594,0.8846395611763,False,2.2429580688476562,6.9623332023620605,True,control_5step
offline_pretrain,973,0,1.0,32,0,160,0,104.84196472167969,355.4326171875,0.28217095136642456,58.920066833496094,104.84196472167969,355.4326171875,0.28217095136642456,0.0005892006447538733,460.5573425292969,0.7828307151794434,False,2.33752179145813,6.983611583709717,True,control_5step
offline_pretrain,974,0,1.0,32,0,160,0,122.30164337158203,389.75640869140625,0.1722821593284607,58.953086853027344,122.30164337158203,389.75640869140625,0.1722821593284607,0.0005895308568142354,512.23095703125,0.663317859172821,False,2.2374823093414307,7.007619857788086,True,control_5step
offline_pretrain,975,0,1.0,32,0,160,0,129.1544189453125,272.98504638671875,0.24386203289031982,58.985660552978516,129.1544189453125,272.98504638671875,0.24386203289031982,0.0005898565868847072,402.3839111328125,0.6894964575767517,False,2.4052622318267822,7.028619289398193,True,control_5step
offline_pretrain,976,0,1.0,32,0,160,0,87.50906372070312,344.62213134765625,0.3048984110355377,59.018314361572266,87.50906372070312,344.62213134765625,0.3048984110355377,0.0005901831318624318,432.4366760253906,0.8500574231147766,False,2.218621253967285,7.047062873840332,True,control_5step
offline_pretrain,977,0,1.0,32,0,160,0,108.69383239746094,255.26243591308594,0.31314048171043396,59.051475524902344,108.69383239746094,255.26243591308594,0.31314048171043396,0.0005905147409066558,364.2699890136719,0.8520692586898804,False,2.5250566005706787,7.060500144958496,True,control_5step
offline_pretrain,978,0,1.0,32,0,160,0,99.29532623291016,231.2805633544922,0.27950841188430786,59.08574295043945,99.29532623291016,231.2805633544922,0.27950841188430786,0.0005908574094064534,330.8559875488281,0.5501579642295837,False,2.2346787452697754,7.074658393859863,True,control_5step
offline_pretrain,979,0,1.0,32,0,160,0,83.35491180419922,443.30938720703125,0.20944158732891083,59.120216369628906,83.35491180419922,443.30938720703125,0.20944158732891083,0.0005912021733820438,526.8743286132812,0.512701153755188,False,2.2601020336151123,7.08712911605835,True,control_5step
offline_pretrain,980,0,1.0,32,0,160,0,35.53188705444336,92.07496643066406,0.1630084216594696,59.154117584228516,35.53188705444336,92.07496643066406,0.1630084216594696,0.0005915411747992039,127.77046203613281,0.7278986573219299,False,2.3260409832000732,7.100586891174316,True,control_5step
offline_pretrain,981,0,1.0,32,0,160,0,146.48779296875,288.1824645996094,0.11660343408584595,59.18663024902344,146.48779296875,288.1824645996094,0.11660343408584595,0.0005918662645854056,434.7874450683594,0.7462009787559509,False,2.316612720489502,7.117062091827393,True,control_5step
offline_pretrain,982,0,1.0,32,0,160,0,33.59693145751953,167.90476989746094,0.20288735628128052,59.21876525878906,33.59693145751953,167.90476989746094,0.20288735628128052,0.0005921876290813088,201.70518493652344,0.508725106716156,False,2.0093278884887695,7.138103485107422,True,control_5step
offline_pretrain,983,0,1.0,32,0,160,0,123.49415588378906,575.6444702148438,0.16281042993068695,59.249786376953125,123.49415588378906,575.6444702148438,0.16281042993068695,0.0005924978759139776,699.302001953125,0.5471463799476624,False,2.2202677726745605,7.156564712524414,True,control_5step
offline_pretrain,984,0,1.0,32,0,160,0,127.01935577392578,453.989990234375,0.35995399951934814,59.28049087524414,127.01935577392578,453.989990234375,0.35995399951934814,0.0005928049213252962,581.369873046875,0.7367583513259888,False,2.4252007007598877,7.172988414764404,True,control_5step
offline_pretrain,985,0,1.0,32,0,160,0,124.33496856689453,351.4530029296875,0.18876740336418152,59.31245803833008,124.33496856689453,351.4530029296875,0.18876740336418152,0.000593124539591372,475.9773254394531,1.143605351448059,False,2.2856881618499756,7.1886444091796875,True,control_5step
offline_pretrain,986,0,1.0,32,0,160,0,110.11853790283203,385.9516906738281,0.27419233322143555,59.344764709472656,110.11853790283203,385.9516906738281,0.27419233322143555,0.0005934476503171027,496.3450012207031,0.665175199508667,False,2.3984196186065674,7.2094011306762695,True,control_5step
offline_pretrain,987,0,1.0,32,0,160,0,113.88946533203125,135.09619140625,0.4128752648830414,59.37794876098633,113.88946533203125,135.09619140625,0.4128752648830414,0.0005937794921919703,249.3991241455078,0.8929837346076965,False,2.3190298080444336,7.231238842010498,True,control_5step
offline_pretrain,988,0,1.0,32,0,160,0,77.19578552246094,105.60232543945312,0.1275285929441452,59.413429260253906,77.19578552246094,105.60232543945312,0.1275285929441452,0.0005941342678852379,182.92623901367188,1.2958040237426758,False,2.360452890396118,7.2533860206604,True,control_5step
offline_pretrain,989,0,1.0,32,0,160,0,76.39102172851562,440.66162109375,0.15818718075752258,59.447410583496094,76.39102172851562,440.66162109375,0.15818718075752258,0.0005944740842096508,517.21142578125,0.7707584500312805,False,2.4664649963378906,7.276741981506348,True,control_5step
offline_pretrain,990,0,1.0,32,0,160,0,79.2434310913086,191.9197235107422,0.3367846608161926,59.48014450073242,79.2434310913086,191.9197235107422,0.3367846608161926,0.0005948014440946281,271.5005187988281,0.9872956871986389,False,2.194380760192871,7.296350479125977,True,control_5step
offline_pretrain,991,0,1.0,32,0,160,0,51.95155334472656,303.6622009277344,0.12763071060180664,59.51325988769531,51.95155334472656,303.6622009277344,0.12763071060180664,0.0005951325874775648,355.74200439453125,0.7183300256729126,False,2.2925832271575928,7.309761047363281,True,control_5step
offline_pretrain,992,0,1.0,32,0,160,0,161.1741943359375,199.03250122070312,0.030821431428194046,59.54499053955078,161.1741943359375,199.03250122070312,0.030821431428194046,0.0005954498774372041,360.2381286621094,0.9298335313796997,False,2.3418562412261963,7.324047565460205,True,control_5step
offline_pretrain,993,0,1.0,32,0,160,0,58.912010192871094,194.6097412109375,0.20975913107395172,59.576324462890625,58.912010192871094,194.6097412109375,0.20975913107395172,0.0005957632092759013,253.73211669921875,0.5462992787361145,False,2.4223029613494873,7.342448711395264,True,control_5step
offline_pretrain,994,0,1.0,32,0,160,0,146.09359741210938,376.350341796875,0.11317799985408783,59.60673522949219,146.09359741210938,376.350341796875,0.11317799985408783,0.0005960673443041742,522.5577392578125,0.7954835295677185,False,2.467848062515259,7.35593843460083,True,control_5step
offline_pretrain,995,0,1.0,32,0,160,0,83.62490844726562,234.19386291503906,0.3416481018066406,59.63716506958008,83.62490844726562,234.19386291503906,0.3416481018066406,0.0005963716539554298,318.1610412597656,0.967197060585022,False,2.3603708744049072,7.373666763305664,True,control_5step
offline_pretrain,996,0,1.0,32,0,160,0,95.32291412353516,102.4185562133789,0.26932239532470703,59.668792724609375,95.32291412353516,102.4185562133789,0.26932239532470703,0.0005966878961771727,198.01138305664062,0.9111303091049194,False,2.388906955718994,7.391234874725342,True,control_5step
offline_pretrain,997,0,1.0,32,0,160,0,30.784404754638672,246.7469482421875,0.12220890074968338,59.70097351074219,30.784404754638672,246.7469482421875,0.12220890074968338,0.0005970097263343632,277.6541748046875,1.8130824565887451,False,2.4173295497894287,7.41159725189209,True,control_5step
offline_pretrain,998,0,1.0,32,0,160,0,92.35383605957031,141.95509338378906,0.31946510076522827,59.73136520385742,92.35383605957031,141.95509338378906,0.31946510076522827,0.0005973136285319924,234.6289825439453,1.057861328125,False,2.4735400676727295,7.419834613800049,True,control_5step
offline_pretrain,999,0,1.0,32,0,160,0,110.10600280761719,218.76625061035156,0.4413801431655884,59.762977600097656,110.10600280761719,218.76625061035156,0.4413801431655884,0.0005976297543384135,329.3142395019531,0.8610203862190247,False,2.4168310165405273,7.427734851837158,True,control_5step
offline_pretrain,1000,0,1.0,32,0,160,0,126.92855834960938,355.0994567871094,0.19557932019233704,59.797142028808594,126.92855834960938,355.0994567871094,0.19557932019233704,0.0005979714333079755,482.2242126464844,0.7744100689888,False,2.563277006149292,7.439840793609619,True,control_5step
offline_pretrain,1,0,1.0,32,0,160,0,16.07904052734375,2818.156005859375,0.8909876942634583,46.983375549316406,16.07904052734375,2818.156005859375,0.8909876942634583,0.0004698337579611689,2835.12646484375,3.403867721557617,False,0.09288226068019867,0.30315396189689636,True,treatment_full_return_to_go
offline_pretrain,2,0,1.0,32,0,160,0,15.890592575073242,2523.61474609375,0.820212185382843,46.97331619262695,15.890592575073242,2523.61474609375,0.820212185382843,0.00046973314601927996,2540.326171875,3.064770460128784,False,0.09491345286369324,0.3015352189540863,True,treatment_full_return_to_go
offline_pretrain,3,0,1.0,32,0,160,0,192.65609741210938,2519.15966796875,0.770117461681366,46.965850830078125,192.65609741210938,2519.15966796875,0.770117461681366,0.00046965849469415843,2712.586181640625,3.0735058784484863,False,0.08825283497571945,0.31290218234062195,True,treatment_full_return_to_go
offline_pretrain,4,0,1.0,32,0,160,0,143.0101776123047,2210.1455078125,0.6626841425895691,46.95880126953125,143.0101776123047,2210.1455078125,0.6626841425895691,0.0004695880052167922,2353.81884765625,2.641021251678467,False,0.10579503327608109,0.3281499743461609,True,treatment_full_return_to_go
offline_pretrain,5,0,1.0,32,0,160,0,153.09237670898438,1593.7017822265625,0.5970147848129272,46.95206069946289,153.09237670898438,1593.7017822265625,0.5970147848129272,0.00046952060074545443,1747.3917236328125,2.373589515686035,False,0.10546690970659256,0.35537660121917725,True,treatment_full_return_to_go
offline_pretrain,6,0,1.0,32,0,160,0,100.63404846191406,2163.158447265625,0.6762839555740356,46.9454231262207,100.63404846191406,2163.158447265625,0.6762839555740356,0.0004694542149081826,2264.46923828125,2.705332040786743,False,0.10796625167131424,0.30595269799232483,True,treatment_full_return_to_go
offline_pretrain,7,0,1.0,32,0,160,0,118.94574737548828,2186.39453125,0.679214596748352,46.93898010253906,118.94574737548828,2186.39453125,0.679214596748352,0.0004693897790275514,2306.02001953125,2.8045871257781982,False,0.1089911088347435,0.30355221033096313,True,treatment_full_return_to_go
offline_pretrain,8,0,1.0,32,0,160,0,191.8809051513672,2136.060302734375,0.5964090824127197,46.93280792236328,191.8809051513672,2136.060302734375,0.5964090824127197,0.00046932807890698314,2328.5380859375,2.876945734024048,False,0.1259755939245224,0.47172480821609497,True,treatment_full_return_to_go
offline_pretrain,9,0,1.0,32,0,160,0,115.58599853515625,2346.571533203125,0.6732505559921265,46.92727279663086,115.58599853515625,2346.571533203125,0.6732505559921265,0.00046927272342145443,2462.831298828125,2.756380558013916,False,0.1087077334523201,0.33220699429512024,True,treatment_full_return_to_go
offline_pretrain,10,0,1.0,32,0,160,0,106.38893127441406,2540.777587890625,0.6184894442558289,46.92205047607422,106.38893127441406,2540.777587890625,0.6184894442558289,0.0004692204820457846,2647.785400390625,2.6136553287506104,False,0.10482057929039001,0.3417729437351227,True,treatment_full_return_to_go
offline_pretrain,11,0,1.0,32,0,160,0,131.37384033203125,2238.009765625,0.5999376773834229,46.916893005371094,131.37384033203125,2238.009765625,0.5999376773834229,0.00046916891005821526,2369.98388671875,2.3281378746032715,False,0.10465182363986969,0.34113502502441406,True,treatment_full_return_to_go
offline_pretrain,12,0,1.0,32,0,160,0,119.38658142089844,2441.112548828125,0.6876130104064941,46.912147521972656,119.38658142089844,2441.112548828125,0.6876130104064941,0.0004691214708145708,2561.18701171875,2.9334657192230225,False,0.11897870153188705,0.6705670356750488,True,treatment_full_return_to_go
offline_pretrain,13,0,1.0,32,0,160,0,171.6276092529297,2081.75537109375,0.5596354603767395,46.90785598754883,171.6276092529297,2081.75537109375,0.5596354603767395,0.0004690785426646471,2253.943115234375,2.2601535320281982,False,0.11279434710741043,0.2952096164226532,True,treatment_full_return_to_go
offline_pretrain,14,0,1.0,32,0,160,0,52.91436767578125,2316.11865234375,0.7095428109169006,46.90367889404297,52.91436767578125,2316.11865234375,0.7095428109169006,0.0004690367786679417,2369.742919921875,2.8729145526885986,False,0.10263840109109879,0.30302247405052185,True,treatment_full_return_to_go
offline_pretrain,15,0,1.0,32,0,160,0,145.40176391601562,2021.7149658203125,0.5853036046028137,46.8996696472168,145.40176391601562,2021.7149658203125,0.5853036046028137,0.0004689966735895723,2167.702392578125,2.382756471633911,False,0.10446635633707047,0.3107636570930481,True,treatment_full_return_to_go
offline_pretrain,16,0,1.0,32,0,160,0,120.60027313232422,2410.3974609375,0.6418330073356628,46.89578628540039,120.60027313232422,2410.3974609375,0.6418330073356628,0.00046895784907974303,2531.64013671875,2.7991034984588623,False,0.12050359696149826,0.6504554152488708,True,treatment_full_return_to_go
offline_pretrain,17,0,1.0,32,0,160,0,195.62933349609375,1729.8980712890625,0.5179542303085327,46.89262008666992,195.62933349609375,1729.8980712890625,0.5179542303085327,0.0004689261841122061,1926.0457763671875,2.1676008701324463,False,0.11868005245923996,0.32610103487968445,True,treatment_full_return_to_go
offline_pretrain,18,0,1.0,32,0,160,0,118.94668579101562,1894.6788330078125,0.6247172951698303,46.88946533203125,118.94668579101562,1894.6788330078125,0.6247172951698303,0.000468894635559991,2014.250732421875,2.813370704650879,False,0.1123887151479721,0.3338720500469208,True,treatment_full_return_to_go
offline_pretrain,19,0,1.0,32,0,160,0,143.23947143554688,2004.1923828125,0.5894556045532227,46.886592864990234,143.23947143554688,2004.1923828125,0.5894556045532227,0.0004688659100793302,2148.021728515625,2.5347654819488525,False,0.10642209649085999,0.43269017338752747,True,treatment_full_return_to_go
offline_pretrain,20,0,1.0,32,0,160,0,147.56668090820312,1905.539306640625,0.5559037923812866,46.88380432128906,147.56668090820312,1905.539306640625,0.5559037923812866,0.00046883802860975266,2053.662353515625,2.3444671630859375,False,0.10990095883607864,0.38391217589378357,True,treatment_full_return_to_go
offline_pretrain,21,0,1.0,32,0,160,0,107.30621337890625,1917.2633056640625,0.5962188243865967,46.88117218017578,107.30621337890625,1917.2633056640625,0.5962188243865967,0.00046881171874701977,2025.166259765625,2.475658655166626,False,0.11165564507246017,0.6259156465530396,True,treatment_full_return_to_go
offline_pretrain,22,0,1.0,32,0,160,0,100.63329315185547,2217.881103515625,0.6095172166824341,46.87876510620117,100.63329315185547,2217.881103515625,0.6095172166824341,0.00046878764987923205,2319.12451171875,2.674060344696045,False,0.10890775173902512,0.36426857113838196,True,treatment_full_return_to_go
offline_pretrain,23,0,1.0,32,0,160,0,98.70307922363281,2006.002197265625,0.6126829981803894,46.87653732299805,98.70307922363281,2006.002197265625,0.6126829981803894,0.0004687653563451022,2105.318603515625,2.7897591590881348,False,0.11827749758958817,0.615916907787323,True,treatment_full_return_to_go
offline_pretrain,24,0,1.0,32,0,160,0,171.6314239501953,1369.456787109375,0.5255073308944702,46.874473571777344,171.6314239501953,1369.456787109375,0.5255073308944702,0.00046874472172930837,1541.6142578125,2.319495916366577,False,0.11237999051809311,0.3794483542442322,True,treatment_full_return_to_go
offline_pretrain,25,0,1.0,32,0,160,0,93.55355834960938,1823.6416015625,0.6372246742248535,46.872581481933594,93.55355834960938,1823.6416015625,0.6372246742248535,0.0004687258042395115,1917.8328857421875,2.8285152912139893,False,0.10673561692237854,0.3868076503276825,True,treatment_full_return_to_go
offline_pretrain,26,0,1.0,32,0,160,0,28.395357131958008,2658.302734375,0.6957195401191711,46.8712158203125,28.395357131958008,2658.302734375,0.6957195401191711,0.0004687121545430273,2687.394287109375,2.9494190216064453,False,0.09571705013513565,0.4417370855808258,True,treatment_full_return_to_go
offline_pretrain,27,0,1.0,32,0,160,0,54.85380935668945,2098.7294921875,0.6505938768386841,46.86990737915039,54.85380935668945,2098.7294921875,0.6505938768386841,0.00046869905781932175,2154.234375,2.6823973655700684,False,0.10632013529539108,0.5954945087432861,True,treatment_full_return_to_go
offline_pretrain,28,0,1.0,32,0,160,0,111.58450317382812,2451.81201171875,0.5304802060127258,46.868682861328125,111.58450317382812,2451.81201171875,0.5304802060127258,0.00046868680510669947,2563.927490234375,2.435537099838257,False,0.10980779677629471,0.4087105989456177,True,treatment_full_return_to_go
offline_pretrain,29,0,1.0,32,0,160,0,54.62522506713867,2280.610595703125,0.6502429246902466,46.867469787597656,54.62522506713867,2280.610595703125,0.6502429246902466,0.00046867469791322947,2335.886474609375,2.7151527404785156,False,0.10113205760717392,0.5857083201408386,True,treatment_full_return_to_go
offline_pretrain,30,0,1.0,32,0,160,0,171.37179565429688,1544.754150390625,0.5178312063217163,46.866424560546875,171.37179565429688,1544.754150390625,0.5178312063217163,0.00046866422053426504,1716.644287109375,2.3962018489837646,False,0.11775536090135574,0.4799928069114685,True,treatment_full_return_to_go
offline_pretrain,31,0,1.0,32,0,160,0,153.89706420898438,1326.04736328125,0.5444558262825012,46.86559295654297,153.89706420898438,1326.04736328125,0.5444558262825012,0.00046865592594258487,1480.4893798828125,2.1517996788024902,False,0.11312285810709,0.4312470853328705,True,treatment_full_return_to_go
offline_pretrain,32,0,1.0,32,0,160,0,241.69540405273438,1205.3482666015625,0.4202713072299957,46.86495590209961,241.69540405273438,1205.3482666015625,0.4202713072299957,0.00046864955220371485,1447.4644775390625,1.9013605117797852,False,0.12675565481185913,0.43849706649780273,True,treatment_full_return_to_go
offline_pretrain,33,0,1.0,32,0,160,0,106.11460876464844,1694.9033203125,0.5319262146949768,46.864437103271484,106.11460876464844,1694.9033203125,0.5319262146949768,0.00046864437172189355,1801.5504150390625,2.0966596603393555,False,0.10330960154533386,0.4456462562084198,True,treatment_full_return_to_go
offline_pretrain,34,0,1.0,32,0,160,0,78.72927856445312,2339.369140625,0.571650505065918,46.86397171020508,78.72927856445312,2339.369140625,0.571650505065918,0.00046863971510902047,2418.67041015625,2.272468328475952,False,0.10217233747243881,0.45268720388412476,True,treatment_full_return_to_go
offline_pretrain,35,0,1.0,32,0,160,0,127.77067565917969,1935.244873046875,0.5272380709648132,46.86351776123047,127.77067565917969,1935.244873046875,0.5272380709648132,0.0004686351749114692,2063.54345703125,2.2273595333099365,False,0.10558873414993286,0.4598608613014221,True,treatment_full_return_to_go
offline_pretrain,36,0,1.0,32,0,160,0,77.26666259765625,1935.1502685546875,0.571671724319458,46.86327362060547,77.26666259765625,1935.1502685546875,0.571671724319458,0.00046863273018971086,2012.9891357421875,2.7500839233398438,False,0.10807739198207855,0.5350720882415771,True,treatment_full_return_to_go
offline_pretrain,37,0,1.0,32,0,160,0,72.93508911132812,2361.931884765625,0.5877026319503784,46.863162994384766,72.93508911132812,2361.931884765625,0.5877026319503784,0.0004686316242441535,2435.455078125,2.9569153785705566,False,0.11664649844169617,0.5443208813667297,True,treatment_full_return_to_go
offline_pretrain,38,0,1.0,32,0,160,0,141.40341186523438,1854.269287109375,0.5230164527893066,46.86322021484375,141.40341186523438,1854.269287109375,0.5230164527893066,0.0004686321772169322,1996.1962890625,2.6829628944396973,False,0.12297051399946213,0.5540464520454407,True,treatment_full_return_to_go
offline_pretrain,39,0,1.0,32,0,160,0,74.13873291015625,1832.8397216796875,0.5649222135543823,46.86344528198242,74.13873291015625,1832.8397216796875,0.5649222135543823,0.0004686344473157078,1907.5439453125,2.677222728729248,False,0.1104460135102272,0.489134281873703,True,treatment_full_return_to_go
offline_pretrain,40,0,1.0,32,0,160,0,134.6746063232422,1812.3145751953125,0.48997122049331665,46.86387252807617,134.6746063232422,1812.3145751953125,0.48997122049331665,0.00046863872557878494,1947.4796142578125,1.986361026763916,False,0.10423770546913147,0.49660205841064453,True,treatment_full_return_to_go
offline_pretrain,41,0,1.0,32,0,160,0,215.510009765625,1812.751220703125,0.4409788250923157,46.86429977416992,215.510009765625,1812.751220703125,0.4409788250923157,0.0004686429747380316,2028.70263671875,2.0409724712371826,False,0.11849907040596008,0.5039690732955933,True,treatment_full_return_to_go
offline_pretrain,42,0,1.0,32,0,160,0,79.450439453125,2138.026123046875,0.5600972175598145,46.864784240722656,79.450439453125,2138.026123046875,0.5600972175598145,0.0004686478350777179,2218.037109375,2.4950199127197266,False,0.10351219773292542,0.5114115476608276,True,treatment_full_return_to_go
offline_pretrain,43,0,1.0,32,0,160,0,52.88197326660156,2074.955810546875,0.5735993981361389,46.865413665771484,52.88197326660156,2074.955810546875,0.5735993981361389,0.00046865412150509655,2128.411865234375,3.079155206680298,False,0.1214049756526947,0.6077475547790527,True,treatment_full_return_to_go
offline_pretrain,44,0,1.0,32,0,160,0,133.20599365234375,1672.6158447265625,0.4665801525115967,46.8662223815918,133.20599365234375,1672.6158447265625,0.4665801525115967,0.0004686622123699635,1806.288818359375,2.1711649894714355,False,0.11261338740587234,0.5262849926948547,True,treatment_full_return_to_go
offline_pretrain,45,0,1.0,32,0,160,0,81.52984619140625,2083.556396484375,0.521881639957428,46.86712646484375,81.52984619140625,2083.556396484375,0.521881639957428,0.00046867126366123557,2165.608642578125,2.605313301086426,False,0.11482734233140945,0.5831674933433533,True,treatment_full_return_to_go
offline_pretrain,46,0,1.0,32,0,160,0,56.842098236083984,1840.19384765625,0.5292314887046814,46.868228912353516,56.842098236083984,1840.19384765625,0.5292314887046814,0.0004686822649091482,1897.5655517578125,2.3444085121154785,False,0.09990313649177551,0.541239857673645,True,treatment_full_return_to_go
offline_pretrain,47,0,1.0,32,0,160,0,157.39076232910156,1879.6463623046875,0.4357089400291443,46.869422912597656,157.39076232910156,1879.6463623046875,0.4357089400291443,0.00046869422658346593,2037.4732666015625,1.856900691986084,False,0.11072851717472076,0.5485138297080994,True,treatment_full_return_to_go
offline_pretrain,48,0,1.0,32,0,160,0,168.32762145996094,1872.573974609375,0.4498406946659088,46.87057876586914,168.32762145996094,1872.573974609375,0.4498406946659088,0.00046870578080415726,2041.3519287109375,2.4816298484802246,False,0.12421408295631409,0.5558619499206543,True,treatment_full_return_to_go
offline_pretrain,49,0,1.0,32,0,160,0,122.9266357421875,1826.64013671875,0.4680964946746826,46.871944427490234,122.9266357421875,1826.64013671875,0.4680964946746826,0.00046871943050064147,1950.035400390625,2.382239818572998,False,0.12077678740024567,0.6573410034179688,True,treatment_full_return_to_go
offline_pretrain,50,0,1.0,32,0,160,0,141.77996826171875,2333.994140625,0.468479722738266,46.87344741821289,141.77996826171875,2333.994140625,0.468479722738266,0.00046873444807715714,2476.2431640625,2.5394909381866455,False,0.12480391561985016,0.6229525208473206,True,treatment_full_return_to_go
offline_pretrain,51,0,1.0,32,0,160,0,125.4576187133789,1935.0076904296875,0.4738008677959442,46.87508773803711,125.4576187133789,1935.0076904296875,0.4738008677959442,0.00046875086263753474,2060.939697265625,2.4842894077301025,False,0.12288101762533188,0.6865791082382202,True,treatment_full_return_to_go
offline_pretrain,52,0,1.0,32,0,160,0,60.58596420288086,2124.09619140625,0.5133360624313354,46.87685775756836,60.58596420288086,2124.09619140625,0.5133360624313354,0.00046876855776645243,2185.196044921875,2.264653205871582,False,0.10140861570835114,0.5873521566390991,True,treatment_full_return_to_go
offline_pretrain,53,0,1.0,32,0,160,0,74.2722396850586,2095.980712890625,0.5268111824989319,46.878658294677734,74.2722396850586,2095.980712890625,0.5268111824989319,0.00046878657303750515,2170.7802734375,2.382935047149658,False,0.11231371015310287,0.595632016658783,True,treatment_full_return_to_go
offline_pretrain,54,0,1.0,32,0,160,0,124.61917114257812,2045.9136962890625,0.4776022732257843,46.88076400756836,124.61917114257812,2045.9136962890625,0.4776022732257843,0.00046880761510692537,2171.010986328125,2.3311164379119873,False,0.11057891696691513,0.6039735674858093,True,treatment_full_return_to_go
offline_pretrain,55,0,1.0,32,0,160,0,120.0665512084961,1506.65234375,0.4667165279388428,46.88297653198242,120.0665512084961,1506.65234375,0.4667165279388428,0.00046882976312190294,1627.18603515625,2.741853952407837,False,0.1264188140630722,0.7264811992645264,True,treatment_full_return_to_go
offline_pretrain,56,0,1.0,32,0,160,0,104.64566802978516,1545.93505859375,0.4362747371196747,46.88547134399414,104.64566802978516,1545.93505859375,0.4362747371196747,0.00046885470510460436,1651.0174560546875,3.006673812866211,False,0.1313270926475525,0.6260395050048828,True,treatment_full_return_to_go
offline_pretrain,57,0,1.0,32,0,160,0,150.49566650390625,2062.9453125,0.4378773868083954,46.8881721496582,150.49566650390625,2062.9453125,0.4378773868083954,0.0004688817134592682,2213.87939453125,2.3879940509796143,False,0.12257038056850433,0.6287227272987366,True,treatment_full_return_to_go
offline_pretrain,58,0,1.0,32,0,160,0,144.4096221923828,2301.29443359375,0.44488948583602905,46.89095687866211,144.4096221923828,2301.29443359375,0.44488948583602905,0.0004689095658250153,2446.1494140625,2.431626319885254,False,0.12246441841125488,0.6903721690177917,True,treatment_full_return_to_go
offline_pretrain,59,0,1.0,32,0,160,0,128.98989868164062,1657.384521484375,0.43966397643089294,46.893733978271484,128.98989868164062,1657.384521484375,0.43966397643089294,0.00046893733087927103,1786.8145751953125,2.049024820327759,False,0.10825293511152267,0.6462022662162781,True,treatment_full_return_to_go
offline_pretrain,60,0,1.0,32,0,160,0,115.45269775390625,1569.675048828125,0.407310426235199,46.896602630615234,115.45269775390625,1569.675048828125,0.407310426235199,0.00046896602725610137,1685.5355224609375,2.183591604232788,False,0.11857305467128754,0.7080699801445007,True,treatment_full_return_to_go
offline_pretrain,61,0,1.0,32,0,160,0,156.21328735351562,1947.689697265625,0.39358460903167725,46.899532318115234,156.21328735351562,1947.689697265625,0.39358460903167725,0.00046899530570954084,2104.297119140625,2.2287960052490234,False,0.12160658836364746,0.6637133955955505,True,treatment_full_return_to_go
offline_pretrain,62,0,1.0,32,0,160,0,127.32323455810547,2213.96435546875,0.43592673540115356,46.902503967285156,127.32323455810547,2213.96435546875,0.43592673540115356,0.00046902502072043717,2341.72412109375,2.266630172729492,False,0.11172881722450256,0.6727428436279297,True,treatment_full_return_to_go
offline_pretrain,63,0,1.0,32,0,160,0,102.46165466308594,2337.836669921875,0.4337148666381836,46.9055061340332,102.46165466308594,2337.836669921875,0.4337148666381836,0.0004690550558734685,2440.732421875,2.465658187866211,False,0.11507046222686768,0.6818104386329651,True,treatment_full_return_to_go
offline_pretrain,64,0,1.0,32,0,160,0,77.72579956054688,2184.530517578125,0.4351308047771454,46.908546447753906,77.72579956054688,2184.530517578125,0.4351308047771454,0.00046908544027246535,2262.69189453125,2.533517837524414,False,0.12020247429609299,0.7445824146270752,True,treatment_full_return_to_go
offline_pretrain,65,0,1.0,32,0,160,0,149.63973999023438,1634.8555908203125,0.40380173921585083,46.91178512573242,149.63973999023438,1634.8555908203125,0.40380173921585083,0.0004691178328357637,1784.899658203125,2.365363836288452,False,0.11835204064846039,0.700253427028656,True,treatment_full_return_to_go
offline_pretrain,66,0,1.0,32,0,160,0,82.65283203125,2189.299560546875,0.4383350908756256,46.91534423828125,82.65283203125,2189.299560546875,0.4383350908756256,0.0004691534268204123,2272.39111328125,2.569589138031006,False,0.1183294728398323,0.8377680778503418,True,treatment_full_return_to_go
offline_pretrain,67,0,1.0,32,0,160,0,124.90214538574219,2021.311767578125,0.38904643058776855,46.919132232666016,124.90214538574219,2021.311767578125,0.38904643058776855,0.00046919132000766695,2146.603515625,2.656870126724243,False,0.14160925149917603,0.848423182964325,True,treatment_full_return_to_go
offline_pretrain,68,0,1.0,32,0,160,0,83.4155502319336,1779.9600830078125,0.44203439354896545,46.92318344116211,83.4155502319336,1779.9600830078125,0.44203439354896545,0.0004692318325396627,1863.818115234375,2.440270185470581,False,0.10402622073888779,0.7279245853424072,True,treatment_full_return_to_go
offline_pretrain,69,0,1.0,32,0,160,0,132.67959594726562,2104.61572265625,0.405615895986557,46.92742919921875,132.67959594726562,2104.61572265625,0.405615895986557,0.00046927426592446864,2237.701416015625,2.233705520629883,False,0.11585421115159988,0.7371097207069397,True,treatment_full_return_to_go
offline_pretrain,70,0,1.0,32,0,160,0,197.08999633789062,1487.39501953125,0.34358516335487366,46.93163299560547,197.08999633789062,1487.39501953125,0.34358516335487366,0.0004693163209594786,1684.8291015625,2.2701292037963867,False,0.13091471791267395,0.74638432264328,True,treatment_full_return_to_go
offline_pretrain,71,0,1.0,32,0,160,0,36.567874908447266,2278.091796875,0.41095206141471863,46.93605422973633,36.567874908447266,2278.091796875,0.41095206141471863,0.0004693605296779424,2315.071044921875,2.6342873573303223,False,0.12556053698062897,0.8946275115013123,True,treatment_full_return_to_go
offline_pretrain,72,0,1.0,32,0,160,0,146.07337951660156,2096.255859375,0.39243948459625244,46.940670013427734,146.07337951660156,2096.255859375,0.39243948459625244,0.0004694066883530468,2242.72216796875,2.4135825634002686,False,0.11983326077461243,0.7647983431816101,True,treatment_full_return_to_go
offline_pretrain,73,0,1.0,32,0,160,0,122.94294738769531,1686.3209228515625,0.34139466285705566,46.94588851928711,122.94294738769531,1686.3209228515625,0.34139466285705566,0.0004694588715210557,1809.6058349609375,2.0217676162719727,False,0.12060156464576721,0.8292144536972046,True,treatment_full_return_to_go
offline_pretrain,74,0,1.0,32,0,160,0,76.73820495605469,1720.31298828125,0.4025048315525055,46.951087951660156,76.73820495605469,1720.31298828125,0.4025048315525055,0.0004695108800660819,1797.4541015625,2.6013450622558594,False,0.12244132906198502,0.791074812412262,True,treatment_full_return_to_go
offline_pretrain,75,0,1.0,32,0,160,0,96.78462982177734,2091.932861328125,0.42293599247932434,46.956581115722656,96.78462982177734,2091.932861328125,0.42293599247932434,0.00046956579899415374,2189.140869140625,2.470470905303955,False,0.12317293137311935,0.8484061360359192,True,treatment_full_return_to_go
offline_pretrain,76,0,1.0,32,0,160,0,62.64448547363281,2467.0703125,0.3881757855415344,46.96220779418945,62.64448547363281,2467.0703125,0.3881757855415344,0.0004696220566984266,2530.103515625,2.5575287342071533,False,0.11851566284894943,0.8902677893638611,True,treatment_full_return_to_go
offline_pretrain,77,0,1.0,32,0,160,0,102.76020050048828,2054.11669921875,0.36666834354400635,46.96786880493164,102.76020050048828,2054.11669921875,0.36666834354400635,0.00046967866364866495,2157.244140625,2.331258773803711,False,0.12125705182552338,0.8116043210029602,True,treatment_full_return_to_go
offline_pretrain,78,0,1.0,32,0,160,0,56.4271240234375,2060.208984375,0.3806189000606537,46.973609924316406,56.4271240234375,2060.208984375,0.3806189000606537,0.0004697360855061561,2117.017333984375,2.860755205154419,False,0.12346373498439789,0.8284751176834106,True,treatment_full_return_to_go
offline_pretrain,79,0,1.0,32,0,160,0,56.641658782958984,2374.90966796875,0.4362240433692932,46.97963333129883,56.641658782958984,2374.90966796875,0.4362240433692932,0.0004697963304352015,2431.988037109375,2.532050848007202,False,0.1115293800830841,0.8309987187385559,True,treatment_full_return_to_go
offline_pretrain,80,0,1.0,32,0,160,0,105.92723846435547,2017.7603759765625,0.36320391297340393,46.98571014404297,105.92723846435547,2017.7603759765625,0.36320391297340393,0.0004698570992331952,2124.05126953125,2.5971906185150146,False,0.12277594953775406,0.8406464457511902,True,treatment_full_return_to_go
offline_pretrain,81,0,1.0,32,0,160,0,51.40732192993164,2437.25927734375,0.37853801250457764,46.99192810058594,51.40732192993164,2437.25927734375,0.37853801250457764,0.00046991926501505077,2489.04541015625,2.917701244354248,False,0.12645286321640015,1.0046261548995972,True,treatment_full_return_to_go
offline_pretrain,82,0,1.0,32,0,160,0,123.88602447509766,1736.1409912109375,0.30730140209198,46.998416900634766,123.88602447509766,1736.1409912109375,0.30730140209198,0.0004699841665569693,1860.334716796875,2.0543577671051025,False,0.12325862795114517,0.9185804128646851,True,treatment_full_return_to_go
offline_pretrain,83,0,1.0,32,0,160,0,152.84120178222656,1909.8642578125,0.3302607536315918,47.005069732666016,152.84120178222656,1909.8642578125,0.3302607536315918,0.0004700506979133934,2063.036376953125,2.369199275970459,False,0.1271909922361374,0.8699196577072144,True,treatment_full_return_to_go
offline_pretrain,84,0,1.0,32,0,160,0,76.18502044677734,2232.88232421875,0.3583056330680847,47.01192855834961,76.18502044677734,2232.88232421875,0.3583056330680847,0.00047011926653794944,2309.42626953125,2.800248384475708,False,0.12891246378421783,1.037348747253418,True,treatment_full_return_to_go
offline_pretrain,85,0,1.0,32,0,160,0,130.16714477539062,1970.8802490234375,0.2816413342952728,47.01905059814453,130.16714477539062,1970.8802490234375,0.2816413342952728,0.00047019048361107707,2101.32958984375,2.518803834915161,False,0.14956559240818024,1.0492485761642456,True,treatment_full_return_to_go
offline_pretrain,86,0,1.0,32,0,160,0,74.97286224365234,2534.05908203125,0.3516327440738678,47.02626419067383,74.97286224365234,2534.05908203125,0.3516327440738678,0.0004702626320067793,2609.384033203125,2.8187882900238037,False,0.12723854184150696,0.8996726870536804,True,treatment_full_return_to_go
offline_pretrain,87,0,1.0,32,0,160,0,52.77389144897461,1867.1732177734375,0.33540478348731995,47.03369903564453,52.77389144897461,1867.1732177734375,0.33540478348731995,0.00047033699229359627,1920.2830810546875,3.0426621437072754,False,0.12761618196964264,0.9173210263252258,True,treatment_full_return_to_go
offline_pretrain,88,0,1.0,32,0,160,0,82.77638244628906,1923.528564453125,0.3228747546672821,47.041446685791016,82.77638244628906,1923.528564453125,0.3228747546672821,0.0004704144666902721,2006.6282958984375,2.566484212875366,False,0.12665006518363953,0.980597734451294,True,treatment_full_return_to_go
offline_pretrain,89,0,1.0,32,0,160,0,78.39688873291016,2145.9658203125,0.37786081433296204,47.049293518066406,78.39688873291016,2145.9658203125,0.37786081433296204,0.00047049293061718345,2224.7412109375,2.749260902404785,False,0.11610358208417892,0.9305170774459839,True,treatment_full_return_to_go
offline_pretrain,90,0,1.0,32,0,160,0,142.36514282226562,2258.771240234375,0.29951873421669006,47.057315826416016,142.36514282226562,2258.771240234375,0.29951873421669006,0.0004705731407739222,2401.4365234375,2.5646443367004395,False,0.1428229957818985,0.9473788142204285,True,treatment_full_return_to_go
offline_pretrain,91,0,1.0,32,0,160,0,104.40074157714844,2022.4490966796875,0.3121565282344818,47.0654296875,104.40074157714844,2022.4490966796875,0.3121565282344818,0.0004706542822532356,2127.16259765625,2.613672971725464,False,0.12761560082435608,0.9505926370620728,True,treatment_full_return_to_go
offline_pretrain,92,0,1.0,32,0,160,0,81.6866455078125,1337.6898193359375,0.2823895812034607,47.07364273071289,81.6866455078125,1337.6898193359375,0.2823895812034607,0.0004707364132627845,1419.6593017578125,2.671992301940918,False,0.13696609437465668,1.0481688976287842,True,treatment_full_return_to_go
offline_pretrain,93,0,1.0,32,0,160,0,86.2091064453125,1829.29638671875,0.31746891140937805,47.08201599121094,86.2091064453125,1829.29638671875,0.31746891140937805,0.0004708201449830085,1915.823486328125,2.31500244140625,False,0.12132534384727478,0.9702403545379639,True,treatment_full_return_to_go
offline_pretrain,94,0,1.0,32,0,160,0,171.59474182128906,2288.8095703125,0.2669374346733093,47.090389251708984,171.59474182128906,2288.8095703125,0.2669374346733093,0.0004709038767032325,2460.671630859375,2.0329091548919678,False,0.14671142399311066,0.9861304759979248,True,treatment_full_return_to_go
offline_pretrain,95,0,1.0,32,0,160,0,122.17347717285156,1778.173583984375,0.2974761724472046,47.098472595214844,122.17347717285156,1778.173583984375,0.2974761724472046,0.00047098472714424133,1900.64501953125,2.647601842880249,False,0.13687653839588165,0.9894187450408936,True,treatment_full_return_to_go
offline_pretrain,96,0,1.0,32,0,160,0,95.69347381591797,2033.61962890625,0.273603618144989,47.10680389404297,95.69347381591797,2033.61962890625,0.273603618144989,0.0004710680223070085,2129.587158203125,1.984124779701233,False,0.13270659744739532,1.0885602235794067,True,treatment_full_return_to_go
offline_pretrain,97,0,1.0,32,0,160,0,104.73470306396484,1900.1639404296875,0.29122141003608704,47.114891052246094,104.73470306396484,1900.1639404296875,0.29122141003608704,0.00047114890185184777,2005.1904296875,2.1227242946624756,False,0.12917563319206238,1.0145295858383179,True,treatment_full_return_to_go
offline_pretrain,98,0,1.0,32,0,160,0,104.46995544433594,1995.2984619140625,0.2632603049278259,47.122894287109375,104.46995544433594,1995.2984619140625,0.2632603049278259,0.0004712289373856038,2100.031982421875,1.9790819883346558,False,0.15393556654453278,1.1988149881362915,True,treatment_full_return_to_go
offline_pretrain,99,0,1.0,32,0,160,0,15.948802947998047,2083.19189453125,0.2894750237464905,47.130897521972656,15.948802947998047,2083.19189453125,0.2894750237464905,0.0004713089729193598,2099.4306640625,2.8009250164031982,False,0.12541192770004272,0.7798591256141663,True,treatment_full_return_to_go
offline_pretrain,100,0,1.0,32,0,160,0,50.4808235168457,2040.2578125,0.2931053340435028,47.13922882080078,50.4808235168457,2040.2578125,0.2931053340435028,0.000471392268082127,2091.0322265625,2.0775139331817627,False,0.12688368558883667,1.0369330644607544,True,treatment_full_return_to_go
offline_pretrain,101,0,1.0,32,0,160,0,80.70721435546875,2308.1552734375,0.2777566909790039,47.14746856689453,80.70721435546875,2308.1552734375,0.2777566909790039,0.00047147466102615,2389.140869140625,2.562526226043701,False,0.1294306218624115,1.0459688901901245,True,treatment_full_return_to_go
offline_pretrain,102,0,1.0,32,0,160,0,95.49560546875,1880.107177734375,0.2856263518333435,47.1558952331543,95.49560546875,1880.107177734375,0.2856263518333435,0.0004715589457191527,1975.888916015625,2.6596519947052,False,0.13987216353416443,1.055203914642334,True,treatment_full_return_to_go
offline_pretrain,103,0,1.0,32,0,160,0,106.78362274169922,1841.0738525390625,0.20870602130889893,47.164695739746094,106.78362274169922,1841.0738525390625,0.20870602130889893,0.00047164695570245385,1948.066650390625,2.2967495918273926,False,0.15383270382881165,1.1248819828033447,True,treatment_full_return_to_go
offline_pretrain,104,0,1.0,32,0,160,0,34.08525466918945,1593.268310546875,0.23950040340423584,47.17361831665039,34.08525466918945,1593.268310546875,0.23950040340423584,0.00047173615894280374,1627.593505859375,2.681145191192627,False,0.13549931347370148,1.0736196041107178,True,treatment_full_return_to_go
offline_pretrain,105,0,1.0,32,0,160,0,81.57722473144531,2006.4915771484375,0.23227904736995697,47.18281555175781,81.57722473144531,2006.4915771484375,0.23227904736995697,0.0004718281561508775,2088.301513671875,2.3878092765808105,False,0.14704012870788574,1.2684955596923828,True,treatment_full_return_to_go
offline_pretrain,106,0,1.0,32,0,160,0,86.10821533203125,1778.9105224609375,0.267642617225647,47.19203567504883,86.10821533203125,1778.9105224609375,0.267642617225647,0.0004719203570857644,1865.2869873046875,2.204674243927002,False,0.13502466678619385,1.0910825729370117,True,treatment_full_return_to_go
offline_pretrain,107,0,1.0,32,0,160,0,110.98260498046875,2017.0150146484375,0.22207482159137726,47.20121383666992,110.98260498046875,2017.0150146484375,0.22207482159137726,0.0004720121214631945,2128.22021484375,2.1686642169952393,False,0.14258089661598206,1.1025985479354858,True,treatment_full_return_to_go
offline_pretrain,108,0,1.0,32,0,160,0,62.150142669677734,1636.2059326171875,0.26072850823402405,47.210323333740234,62.150142669677734,1636.2059326171875,0.26072850823402405,0.00047210321645252407,1698.6173095703125,2.3477909564971924,False,0.13316017389297485,1.108341097831726,True,treatment_full_return_to_go
offline_pretrain,109,0,1.0,32,0,160,0,138.30157470703125,1647.90478515625,0.19358448684215546,47.21959686279297,138.30157470703125,1647.90478515625,0.19358448684215546,0.0004721959703601897,1786.400390625,2.2689523696899414,False,0.15366113185882568,1.1166177988052368,True,treatment_full_return_to_go
offline_pretrain,110,0,1.0,32,0,160,0,136.0127410888672,1995.234130859375,0.2489856779575348,47.228851318359375,136.0127410888672,1995.234130859375,0.2489856779575348,0.00047228849143721163,2131.496337890625,1.8905072212219238,False,0.15124957263469696,1.3151745796203613,True,treatment_full_return_to_go
offline_pretrain,111,0,1.0,32,0,160,0,185.22653198242188,1775.646728515625,0.2200639396905899,47.23805618286133,185.22653198242188,1775.646728515625,0.2200639396905899,0.0004723805468529463,1961.0938720703125,1.814010500907898,False,0.14742617309093475,1.1338005065917969,True,treatment_full_return_to_go
offline_pretrain,112,0,1.0,32,0,160,0,175.8963623046875,1899.3134765625,0.20292913913726807,47.247032165527344,175.8963623046875,1899.3134765625,0.20292913913726807,0.00047247030306607485,2075.413330078125,1.5611307621002197,False,0.16988597810268402,1.3340505361557007,True,treatment_full_return_to_go
offline_pretrain,113,0,1.0,32,0,160,0,115.49800872802734,1842.2901611328125,0.19377504289150238,47.2557373046875,115.49800872802734,1842.2901611328125,0.19377504289150238,0.00047255735262297094,1957.982421875,1.693132996559143,False,0.15507394075393677,1.2103736400604248,True,treatment_full_return_to_go
offline_pretrain,114,0,1.0,32,0,160,0,148.99249267578125,2151.468017578125,0.23746588826179504,47.264286041259766,148.99249267578125,2151.468017578125,0.23746588826179504,0.0004726428596768528,2300.698486328125,1.808800220489502,False,0.15399616956710815,1.160478949546814,True,treatment_full_return_to_go
offline_pretrain,115,0,1.0,32,0,160,0,62.390350341796875,2334.21533203125,0.20061750710010529,47.272743225097656,62.390350341796875,2334.21533203125,0.20061750710010529,0.00047272740630432963,2396.806884765625,2.128411293029785,False,0.14693675935268402,1.2276058197021484,True,treatment_full_return_to_go
offline_pretrain,116,0,1.0,32,0,160,0,108.38427734375,1968.6119384765625,0.21717999875545502,47.28120422363281,108.38427734375,1968.6119384765625,0.21717999875545502,0.0004728120402432978,2077.2138671875,2.2375247478485107,False,0.14411437511444092,1.178471326828003,True,treatment_full_return_to_go
offline_pretrain,117,0,1.0,32,0,160,0,55.15746307373047,2264.010986328125,0.21436890959739685,47.28973388671875,55.15746307373047,2264.010986328125,0.21436890959739685,0.00047289731446653605,2319.38330078125,2.669985294342041,False,0.1386444866657257,1.187445878982544,True,treatment_full_return_to_go
offline_pretrain,118,0,1.0,32,0,160,0,71.98209381103516,1809.8035888671875,0.23241764307022095,47.29851531982422,71.98209381103516,1809.8035888671875,0.23241764307022095,0.00047298514982685447,1882.0185546875,1.6686967611312866,False,0.13960255682468414,1.1962358951568604,True,treatment_full_return_to_go
offline_pretrain,119,0,1.0,32,0,160,0,84.39079284667969,2285.05517578125,0.13866719603538513,47.30712127685547,84.39079284667969,2285.05517578125,0.13866719603538513,0.00047307120985351503,2369.585205078125,1.7779850959777832,False,0.17114213109016418,1.2048040628433228,True,treatment_full_return_to_go
offline_pretrain,120,0,1.0,32,0,160,0,85.04244232177734,2208.521484375,0.17549027502536774,47.315696716308594,85.04244232177734,2208.521484375,0.17549027502536774,0.00047315694973804057,2293.739990234375,2.222136974334717,False,0.14782780408859253,1.213309407234192,True,treatment_full_return_to_go
offline_pretrain,121,0,1.0,32,0,160,0,34.326629638671875,2096.6083984375,0.18994620442390442,47.324676513671875,34.326629638671875,2096.6083984375,0.18994620442390442,0.00047324676415883005,2131.12548828125,2.161824941635132,False,0.14520779252052307,1.2219009399414062,True,treatment_full_return_to_go
offline_pretrain,122,0,1.0,32,0,160,0,138.14849853515625,1799.212646484375,0.16319602727890015,47.33371353149414,138.14849853515625,1799.212646484375,0.16319602727890015,0.0004733371315523982,1937.5247802734375,1.6261099576950073,False,0.17103666067123413,1.3295962810516357,True,treatment_full_return_to_go
offline_pretrain,123,0,1.0,32,0,160,0,152.97393798828125,1954.681640625,0.15251746773719788,47.34260940551758,152.97393798828125,1954.681640625,0.15251746773719788,0.000473426072858274,2107.80859375,1.94914710521698,False,0.17570172250270844,1.238806128501892,True,treatment_full_return_to_go
offline_pretrain,124,0,1.0,32,0,160,0,111.02289581298828,2363.911376953125,0.1865103840827942,47.35148620605469,111.02289581298828,2363.911376953125,0.1865103840827942,0.000473514839541167,2475.121337890625,1.9451850652694702,False,0.16092784702777863,1.2478249073028564,True,treatment_full_return_to_go
offline_pretrain,125,0,1.0,32,0,160,0,105.2083740234375,1850.762939453125,0.1482388824224472,47.360313415527344,105.2083740234375,1850.762939453125,0.1482388824224472,0.0004736031114589423,1956.1199951171875,1.9460408687591553,False,0.16839773952960968,1.2571040391921997,True,treatment_full_return_to_go
offline_pretrain,126,0,1.0,32,0,160,0,62.01043701171875,2076.552978515625,0.20312298834323883,47.3692741394043,62.01043701171875,2076.552978515625,0.20312298834323883,0.0004736927221529186,2138.76708984375,1.4985469579696655,False,0.16324976086616516,1.324951410293579,True,treatment_full_return_to_go
offline_pretrain,127,0,1.0,32,0,160,0,202.47445678710938,1807.6826171875,0.19552816450595856,47.37806701660156,202.47445678710938,1807.6826171875,0.19552816450595856,0.00047378064482472837,2010.3531494140625,1.6888442039489746,False,0.17572733759880066,1.2752798795700073,True,treatment_full_return_to_go
offline_pretrain,128,0,1.0,32,0,160,0,82.72003936767578,2525.0439453125,0.21794328093528748,47.38676452636719,82.72003936767578,2525.0439453125,0.21794328093528748,0.00047386763617396355,2607.982421875,2.0788419246673584,False,0.15137827396392822,1.2845394611358643,True,treatment_full_return_to_go
offline_pretrain,129,0,1.0,32,0,160,0,139.41464233398438,1808.6524658203125,0.17415131628513336,47.395450592041016,139.41464233398438,1808.6524658203125,0.17415131628513336,0.00047395448200404644,1948.2418212890625,1.532433032989502,False,0.17550979554653168,1.2940107583999634,True,treatment_full_return_to_go
offline_pretrain,130,0,1.0,32,0,160,0,109.66251373291016,1835.768310546875,0.14068612456321716,47.4039306640625,109.66251373291016,1835.768310546875,0.14068612456321716,0.00047403929056599736,1945.572021484375,1.4155220985412598,False,0.1836566925048828,1.3033936023712158,True,treatment_full_return_to_go
offline_pretrain,131,0,1.0,32,0,160,0,98.41146850585938,2063.13427734375,0.08737977594137192,47.41225814819336,98.41146850585938,2063.13427734375,0.08737977594137192,0.0004741225566249341,2161.633544921875,1.4888768196105957,False,0.18338064849376678,1.3125044107437134,True,treatment_full_return_to_go
offline_pretrain,132,0,1.0,32,0,160,0,61.123634338378906,1800.6456298828125,0.16147057712078094,47.420494079589844,61.123634338378906,1800.6456298828125,0.16147057712078094,0.00047420492046512663,1861.9312744140625,1.6645944118499756,False,0.16567032039165497,1.3213810920715332,True,treatment_full_return_to_go
offline_pretrain,133,0,1.0,32,0,160,0,114.54935455322266,1891.4754638671875,0.12761619687080383,47.42866897583008,114.54935455322266,1891.4754638671875,0.12761619687080383,0.0004742866731248796,2006.15283203125,1.6956164836883545,False,0.17918935418128967,1.329955816268921,True,treatment_full_return_to_go
offline_pretrain,134,0,1.0,32,0,160,0,176.4173126220703,2066.25439453125,0.16650865972042084,47.43689727783203,176.4173126220703,2066.25439453125,0.16650865972042084,0.0004743689496535808,2242.838623046875,1.207490086555481,False,0.19590337574481964,1.3974603414535522,True,treatment_full_return_to_go
offline_pretrain,135,0,1.0,32,0,160,0,109.5482406616211,2259.6845703125,0.117620550096035,47.444801330566406,109.5482406616211,2259.6845703125,0.117620550096035,0.0004744479956571013,2369.35107421875,1.717387318611145,False,0.18312114477157593,1.3467618227005005,True,treatment_full_return_to_go
offline_pretrain,136,0,1.0,32,0,160,0,65.72720336914062,2334.003173828125,0.1586488038301468,47.452545166015625,65.72720336914062,2334.003173828125,0.1586488038301468,0.00047452544094994664,2399.8896484375,1.673418402671814,False,0.16321533918380737,1.3553236722946167,True,treatment_full_return_to_go
offline_pretrain,137,0,1.0,32,0,160,0,86.87206268310547,2310.220947265625,0.17589068412780762,47.46015548706055,86.87206268310547,2310.220947265625,0.17589068412780762,0.000474601547466591,2397.269287109375,1.8700958490371704,False,0.16784320771694183,1.3638310432434082,True,treatment_full_return_to_go
offline_pretrain,138,0,1.0,32,0,160,0,57.19551467895508,2039.8192138671875,0.14333365857601166,47.46791458129883,57.19551467895508,2039.8192138671875,0.14333365857601166,0.00047467913827858865,2097.158447265625,1.637281060218811,False,0.1708652228116989,1.3722366094589233,True,treatment_full_return_to_go
offline_pretrain,139,0,1.0,32,0,160,0,135.71266174316406,1726.17333984375,0.12716497480869293,47.475711822509766,135.71266174316406,1726.17333984375,0.12716497480869293,0.00047475710744038224,1862.013671875,1.3408411741256714,False,0.19604359567165375,1.3803741931915283,True,treatment_full_return_to_go
offline_pretrain,140,0,1.0,32,0,160,0,186.58782958984375,1706.5948486328125,0.14430831372737885,47.483280181884766,186.58782958984375,1706.5948486328125,0.14430831372737885,0.00047483277739956975,1893.327392578125,1.3647422790527344,False,0.19226568937301636,1.388536810874939,True,treatment_full_return_to_go
offline_pretrain,141,0,1.0,32,0,160,0,252.25149536132812,1410.5609130859375,0.11909849941730499,47.49070739746094,252.25149536132812,1410.5609130859375,0.11909849941730499,0.00047490705037489533,1662.9320068359375,1.3986949920654297,False,0.21842986345291138,1.396885633468628,True,treatment_full_return_to_go
offline_pretrain,142,0,1.0,32,0,160,0,100.48423767089844,2047.2138671875,0.13198170065879822,47.49810028076172,100.48423767089844,2047.2138671875,0.13198170065879822,0.0004749810032080859,2147.83056640625,1.8747215270996094,False,0.18694812059402466,1.4639369249343872,True,treatment_full_return_to_go
offline_pretrain,143,0,1.0,32,0,160,0,82.06411743164062,2678.150634765625,0.09919723123311996,47.50562286376953,82.06411743164062,2678.150634765625,0.09919723123311996,0.0004750562075059861,2760.314453125,1.470192790031433,False,0.19378912448883057,1.472327470779419,True,treatment_full_return_to_go
offline_pretrain,144,0,1.0,32,0,160,0,82.04566192626953,2134.517333984375,0.1411553919315338,47.51302719116211,82.04566192626953,2134.517333984375,0.1411553919315338,0.000475130247650668,2216.70458984375,1.5697561502456665,False,0.1811252385377884,1.4223359823226929,True,treatment_full_return_to_go
offline_pretrain,145,0,1.0,32,0,160,0,135.6615753173828,2144.86181640625,0.12426601350307465,47.52054214477539,135.6615753173828,2144.86181640625,0.12426601350307465,0.00047520542284473777,2280.648193359375,1.4676218032836914,False,0.18575966358184814,1.4304378032684326,True,treatment_full_return_to_go
offline_pretrain,146,0,1.0,32,0,160,0,179.81814575195312,1621.1146240234375,0.137399822473526,47.52806854248047,179.81814575195312,1621.1146240234375,0.137399822473526,0.0004752806853502989,1801.0706787109375,1.3240100145339966,False,0.20938104391098022,1.648616909980774,True,treatment_full_return_to_go
offline_pretrain,147,0,1.0,32,0,160,0,53.696388244628906,2489.70458984375,0.08950989693403244,47.53535079956055,53.696388244628906,2489.70458984375,0.08950989693403244,0.00047535350313410163,2543.490966796875,1.619354248046875,False,0.19366766512393951,1.4467743635177612,True,treatment_full_return_to_go
offline_pretrain,148,0,1.0,32,0,160,0,112.30355072021484,2048.22802734375,0.14333601295948029,47.54264450073242,112.30355072021484,2048.22802734375,0.14333601295948029,0.0004754264373332262,2160.67529296875,1.2796658277511597,False,0.1910344362258911,1.4549238681793213,True,treatment_full_return_to_go
offline_pretrain,149,0,1.0,32,0,160,0,7.172338485717773,2358.751953125,0.09094522893428802,47.549861907958984,7.172338485717773,2358.751953125,0.09094522893428802,0.0004754986148327589,2366.015869140625,1.631649374961853,False,0.1841278076171875,1.4952064752578735,True,treatment_full_return_to_go
offline_pretrain,150,0,1.0,32,0,160,0,62.55571746826172,1761.4810791015625,0.11216818541288376,47.557098388671875,62.55571746826172,1761.4810791015625,0.11216818541288376,0.00047557096695527434,1824.1494140625,1.348192811012268,False,0.2050616294145584,1.4999207258224487,True,treatment_full_return_to_go
offline_pretrain,151,0,1.0,32,0,160,0,87.84805297851562,1819.16650390625,0.11248639971017838,47.56427764892578,87.84805297851562,1819.16650390625,0.11248639971017838,0.0004756427661050111,1907.12744140625,1.3431955575942993,False,0.20263594388961792,1.5350738763809204,True,treatment_full_return_to_go
offline_pretrain,152,0,1.0,32,0,160,0,36.05207061767578,1865.3033447265625,0.17056232690811157,47.57137680053711,36.05207061767578,1865.3033447265625,0.17056232690811157,0.0004757137503474951,1901.5264892578125,1.5821284055709839,False,0.17959481477737427,1.509310007095337,True,treatment_full_return_to_go
offline_pretrain,153,0,1.0,32,0,160,0,185.24874877929688,1698.9403076171875,0.08857569843530655,47.57857894897461,185.24874877929688,1698.9403076171875,0.08857569843530655,0.0004757857823278755,1884.2781982421875,1.1543606519699097,False,0.22119854390621185,1.4926155805587769,True,treatment_full_return_to_go
offline_pretrain,154,0,1.0,32,0,160,0,200.12338256835938,1578.1197509765625,0.09482257068157196,47.585655212402344,200.12338256835938,1578.1197509765625,0.09482257068157196,0.0004758565337397158,1778.3385009765625,0.8676882982254028,False,0.2384999394416809,1.5559862852096558,True,treatment_full_return_to_go
offline_pretrain,155,0,1.0,32,0,160,0,110.97795104980469,1872.0543212890625,0.1382904052734375,47.592350006103516,110.97795104980469,1872.0543212890625,0.1382904052734375,0.00047592350165359676,1983.1710205078125,1.4205114841461182,False,0.1968516707420349,1.5075654983520508,True,treatment_full_return_to_go
offline_pretrain,156,0,1.0,32,0,160,0,64.20011901855469,1787.2294921875,0.09595288336277008,47.59912872314453,64.20011901855469,1787.2294921875,0.09595288336277008,0.0004759912844747305,1851.5260009765625,1.0995970964431763,False,0.21510209143161774,1.7344801425933838,True,treatment_full_return_to_go
offline_pretrain,157,0,1.0,32,0,160,0,89.64814758300781,1954.538330078125,0.12138590216636658,47.60577392578125,89.64814758300781,1954.538330078125,0.12138590216636658,0.0004760577285196632,2044.308349609375,1.173426866531372,False,0.20002718269824982,1.5221045017242432,True,treatment_full_return_to_go
offline_pretrain,158,0,1.0,32,0,160,0,116.91911315917969,1866.3497314453125,0.13180018961429596,47.612220764160156,116.91911315917969,1866.3497314453125,0.13180018961429596,0.0004761221935041249,1983.401123046875,0.9434531927108765,False,0.21013352274894714,1.5290859937667847,True,treatment_full_return_to_go
offline_pretrain,159,0,1.0,32,0,160,0,134.82781982421875,2195.31103515625,0.12465818226337433,47.618465423583984,134.82781982421875,2195.31103515625,0.12465818226337433,0.00047618465032428503,2330.26416015625,1.4940683841705322,False,0.21442832052707672,1.757928490638733,True,treatment_full_return_to_go
offline_pretrain,160,0,1.0,32,0,160,0,82.78299713134766,1842.46533203125,0.10122747719287872,47.62467575073242,82.78299713134766,1842.46533203125,0.10122747719287872,0.0004762467578984797,1925.3499755859375,1.4558145999908447,False,0.2080787867307663,1.7657277584075928,True,treatment_full_return_to_go
offline_pretrain,161,0,1.0,32,0,160,0,62.5312614440918,2404.99609375,0.13221704959869385,47.631080627441406,62.5312614440918,2404.99609375,0.13221704959869385,0.0004763107863254845,2467.66015625,0.5443931221961975,False,0.21202224493026733,1.5498696565628052,True,treatment_full_return_to_go
offline_pretrain,162,0,1.0,32,0,160,0,161.8970184326172,1829.6575927734375,0.062130264937877655,47.63691711425781,161.8970184326172,1829.6575927734375,0.062130264937877655,0.0004763691686093807,1991.6171875,1.1781736612319946,False,0.22869423031806946,1.5563316345214844,True,treatment_full_return_to_go
offline_pretrain,163,0,1.0,32,0,160,0,194.0105743408203,1517.897216796875,0.17612040042877197,47.64278030395508,194.0105743408203,1517.897216796875,0.17612040042877197,0.0004764277837239206,1712.08447265625,0.9199024438858032,False,0.22497786581516266,1.5629876852035522,True,treatment_full_return_to_go
offline_pretrain,164,0,1.0,32,0,160,0,234.98057556152344,1793.2021484375,0.05501837283372879,47.64838409423828,234.98057556152344,1793.2021484375,0.05501837283372879,0.00047648383770138025,2028.23828125,1.0014129877090454,False,0.25977063179016113,1.6234257221221924,True,treatment_full_return_to_go
offline_pretrain,165,0,1.0,32,0,160,0,87.31429290771484,1995.012451171875,0.09206618368625641,47.654052734375,87.31429290771484,1995.012451171875,0.09206618368625641,0.0004765405028592795,2082.419189453125,1.311161756515503,False,0.19435933232307434,1.5771416425704956,True,treatment_full_return_to_go
offline_pretrain,166,0,1.0,32,0,160,0,86.74706268310547,2164.46875,0.09793657064437866,47.6598014831543,86.74706268310547,2164.46875,0.09793657064437866,0.000476598012028262,2251.314208984375,1.0688468217849731,False,0.20194528996944427,1.5842397212982178,True,treatment_full_return_to_go
offline_pretrain,167,0,1.0,32,0,160,0,86.22041320800781,1864.45751953125,0.06144716963171959,47.66545486450195,86.22041320800781,1864.45751953125,0.06144716963171959,0.000476654531667009,1950.7398681640625,0.5801126956939697,False,0.2391452193260193,1.8186136484146118,True,treatment_full_return_to_go
offline_pretrain,168,0,1.0,32,0,160,0,130.12106323242188,1651.0445556640625,0.06403549760580063,47.670772552490234,130.12106323242188,1651.0445556640625,0.06403549760580063,0.00047670770436525345,1781.230224609375,0.7925955057144165,False,0.23367388546466827,1.597938895225525,True,treatment_full_return_to_go
offline_pretrain,169,0,1.0,32,0,160,0,68.64656066894531,1277.93359375,0.12487634271383286,47.675968170166016,68.64656066894531,1277.93359375,0.12487634271383286,0.0004767596838064492,1346.70556640625,0.581716775894165,False,0.2257881760597229,1.6046854257583618,True,treatment_full_return_to_go
offline_pretrain,170,0,1.0,32,0,160,0,57.739437103271484,2096.796875,0.05784972012042999,47.68080139160156,57.739437103271484,2096.796875,0.05784972012042999,0.00047680799616500735,2154.5947265625,1.3120514154434204,False,0.20409828424453735,1.6111273765563965,True,treatment_full_return_to_go
offline_pretrain,171,0,1.0,32,0,160,0,102.672119140625,1885.145263671875,0.17492647469043732,47.685829162597656,102.672119140625,1885.145263671875,0.17492647469043732,0.0004768582875840366,1987.9927978515625,0.33545368909835815,False,0.2384960651397705,1.6174356937408447,True,treatment_full_return_to_go
offline_pretrain,172,0,1.0,32,0,160,0,55.76478958129883,2006.59814453125,0.1464465707540512,47.690208435058594,55.76478958129883,2006.59814453125,0.1464465707540512,0.0004769020597450435,2062.510009765625,0.7980862855911255,False,0.22565242648124695,1.8535223007202148,True,treatment_full_return_to_go
offline_pretrain,173,0,1.0,32,0,160,0,129.56741333007812,2357.720947265625,0.06249169632792473,47.69447708129883,129.56741333007812,2357.720947265625,0.06249169632792473,0.00047694475506432354,2487.351318359375,0.9363235831260681,False,0.2285967618227005,1.6293485164642334,True,treatment_full_return_to_go
offline_pretrain,174,0,1.0,32,0,160,0,101.1345443725586,2260.50390625,0.10057872533798218,47.6988525390625,101.1345443725586,2260.50390625,0.10057872533798218,0.00047698852722533047,2361.739501953125,0.9923593997955322,False,0.2249181866645813,1.6352877616882324,True,treatment_full_return_to_go
offline_pretrain,175,0,1.0,32,0,160,0,98.95231628417969,1323.8956298828125,0.14132703840732574,47.70331573486328,98.95231628417969,1323.8956298828125,0.14132703840732574,0.00047703314339742064,1422.98974609375,0.4784025251865387,False,0.2280835062265396,1.6412467956542969,True,treatment_full_return_to_go
offline_pretrain,176,0,1.0,32,0,160,0,63.39505386352539,1755.8807373046875,0.11760744452476501,47.70744323730469,63.39505386352539,1755.8807373046875,0.11760744452476501,0.0004770744126290083,1819.393798828125,0.6473165154457092,False,0.20844891667366028,1.647034764289856,True,treatment_full_return_to_go
offline_pretrain,177,0,1.0,32,0,160,0,206.08175659179688,1799.5953369140625,0.07410850375890732,47.71141052246094,206.08175659179688,1799.5953369140625,0.07410850375890732,0.0004771140811499208,2005.751708984375,0.5500433444976807,False,0.265034556388855,1.652547001838684,True,treatment_full_return_to_go
offline_pretrain,178,0,1.0,32,0,160,0,140.72348022460938,2018.5609130859375,0.057428400963544846,47.71521759033203,140.72348022460938,2018.5609130859375,0.057428400963544846,0.0004771521780639887,2159.34228515625,0.7309288382530212,False,0.24476607143878937,1.891123652458191,True,treatment_full_return_to_go
offline_pretrain,179,0,1.0,32,0,160,0,59.89717102050781,2450.589111328125,0.07454653829336166,47.71900177001953,59.89717102050781,2450.589111328125,0.07454653829336166,0.00047719001304358244,2510.561279296875,0.9110584259033203,False,0.2195897400379181,1.8973331451416016,True,treatment_full_return_to_go
offline_pretrain,180,0,1.0,32,0,160,0,180.93675231933594,1531.48974609375,0.07635258883237839,47.72282409667969,180.93675231933594,1531.48974609375,0.07635258883237839,0.00047722822637297213,1712.5032958984375,0.9955888986587524,False,0.24805228412151337,1.6702804565429688,True,treatment_full_return_to_go
offline_pretrain,181,0,1.0,32,0,160,0,77.05742645263672,2154.1669921875,0.052311621606349945,47.72687530517578,77.05742645263672,2154.1669921875,0.052311621606349945,0.0004772687389049679,2231.277099609375,1.3179610967636108,False,0.21335341036319733,1.6764216423034668,True,treatment_full_return_to_go
offline_pretrain,182,0,1.0,32,0,160,0,104.7847671508789,1690.3743896484375,0.07131847739219666,47.7312126159668,104.7847671508789,1690.3743896484375,0.07131847739219666,0.00047731210361234844,1795.23095703125,0.9209113121032715,False,0.22382177412509918,1.6825305223464966,True,treatment_full_return_to_go
offline_pretrain,183,0,1.0,32,0,160,0,54.21389389038086,2658.63134765625,0.021668896079063416,47.735660552978516,54.21389389038086,2658.63134765625,0.021668896079063416,0.0004773566033691168,2712.867431640625,0.7812164425849915,False,0.2325441539287567,1.6886357069015503,True,treatment_full_return_to_go
offline_pretrain,184,0,1.0,32,0,160,0,55.313232421875,2059.291748046875,0.07707623392343521,47.74004364013672,55.313232421875,2059.291748046875,0.07707623392343521,0.0004774004337377846,2114.6826171875,0.647572934627533,False,0.23353822529315948,1.694549322128296,True,treatment_full_return_to_go
offline_pretrain,185,0,1.0,32,0,160,0,105.3118896484375,2544.00146484375,0.03689233213663101,47.744232177734375,105.3118896484375,2544.00146484375,0.03689233213663101,0.00047744231414981186,2649.350830078125,0.6014306545257568,False,0.2679500877857208,1.9353195428848267,True,treatment_full_return_to_go
offline_pretrain,186,0,1.0,32,0,160,0,184.4603271484375,1969.39794921875,0.05016877502202988,47.74825668334961,184.4603271484375,1969.39794921875,0.05016877502202988,0.0004774825647473335,2153.908935546875,0.7317027449607849,False,0.27247440814971924,1.7060002088546753,True,treatment_full_return_to_go
offline_pretrain,187,0,1.0,32,0,160,0,91.26221466064453,2374.8056640625,0.10255014896392822,47.75230407714844,91.26221466064453,2374.8056640625,0.10255014896392822,0.0004775230190716684,2466.1708984375,0.7016540765762329,False,0.22399234771728516,1.7120537757873535,True,treatment_full_return_to_go
offline_pretrain,188,0,1.0,32,0,160,0,59.19118118286133,2335.61962890625,0.08087192475795746,47.75632858276367,59.19118118286133,2335.61962890625,0.08087192475795746,0.00047756326966919005,2394.89208984375,0.7529974579811096,False,0.22877952456474304,1.7643849849700928,True,treatment_full_return_to_go
offline_pretrain,189,0,1.0,32,0,160,0,56.214874267578125,2389.56005859375,0.06560930609703064,47.76033020019531,56.214874267578125,2389.56005859375,0.06560930609703064,0.00047760328743606806,2445.841064453125,1.24296236038208,False,0.20196717977523804,1.7237036228179932,True,treatment_full_return_to_go
offline_pretrain,190,0,1.0,32,0,160,0,113.81503295898438,2171.096435546875,0.07963338494300842,47.76467514038086,113.81503295898438,2171.096435546875,0.07963338494300842,0.00047764673945493996,2284.991455078125,0.449469655752182,False,0.2523101568222046,1.729322910308838,True,treatment_full_return_to_go
offline_pretrain,191,0,1.0,32,0,160,0,91.92915344238281,1867.2808837890625,0.13623207807540894,47.76874923706055,91.92915344238281,1867.2808837890625,0.13623207807540894,0.0004776874848175794,1959.3468017578125,0.45544078946113586,False,0.24514351785182953,1.9720277786254883,True,treatment_full_return_to_go
offline_pretrain,192,0,1.0,32,0,160,0,141.34385681152344,1493.90283203125,0.0724356397986412,47.77256774902344,141.34385681152344,1493.90283203125,0.0724356397986412,0.0004777256690431386,1635.319580078125,0.556150496006012,False,0.25037166476249695,1.740422010421753,True,treatment_full_return_to_go
offline_pretrain,193,0,1.0,32,0,160,0,159.84458923339844,1705.714599609375,0.10630285739898682,47.77626419067383,159.84458923339844,1705.714599609375,0.10630285739898682,0.0004777626309078187,1865.666015625,0.6754500865936279,False,0.24163712561130524,1.746031403541565,True,treatment_full_return_to_go
offline_pretrain,194,0,1.0,32,0,160,0,113.86419677734375,1761.8133544921875,0.1300845891237259,47.77995681762695,113.86419677734375,1761.8133544921875,0.1300845891237259,0.00047779956366866827,1875.80810546875,0.341670423746109,False,0.24891148507595062,1.796491265296936,True,treatment_full_return_to_go
offline_pretrain,195,0,1.0,32,0,160,0,79.63845825195312,1777.65966796875,0.043450694531202316,47.783348083496094,79.63845825195312,1777.65966796875,0.043450694531202316,0.00047783346963115036,1857.342041015625,0.7637455463409424,False,0.23948433995246887,1.7576818466186523,True,treatment_full_return_to_go
offline_pretrain,196,0,1.0,32,0,160,0,100.5210952758789,2795.8115234375,0.00955196749418974,47.786800384521484,100.5210952758789,2795.8115234375,0.00955196749418974,0.00047786798677407205,2896.342529296875,0.8253799080848694,False,0.2505205273628235,2.0019149780273438,True,treatment_full_return_to_go
offline_pretrain,197,0,1.0,32,0,160,0,84.59097290039062,2189.409912109375,0.07774527370929718,47.7903938293457,84.59097290039062,2189.409912109375,0.07774527370929718,0.0004779039300046861,2274.0791015625,0.7655993700027466,False,0.22790104150772095,1.769203782081604,True,treatment_full_return_to_go
offline_pretrain,198,0,1.0,32,0,160,0,57.46855545043945,2166.126953125,0.06584086269140244,47.79402542114258,57.46855545043945,2166.126953125,0.06584086269140244,0.0004779402515850961,2223.661865234375,0.4451472759246826,False,0.2288680374622345,1.7749035358428955,True,treatment_full_return_to_go
offline_pretrain,199,0,1.0,32,0,160,0,42.672279357910156,2099.76416015625,0.07333116978406906,47.797481536865234,42.672279357910156,2099.76416015625,0.07333116978406906,0.00047797479783184826,2142.51025390625,0.44388478994369507,False,0.24220439791679382,1.7804067134857178,True,treatment_full_return_to_go
offline_pretrain,200,0,1.0,32,0,160,0,84.60810852050781,1720.837646484375,0.11442552506923676,47.80070495605469,84.60810852050781,1720.837646484375,0.11442552506923676,0.0004780070448759943,1805.5606689453125,0.7047891020774841,False,0.23082062602043152,1.7856011390686035,True,treatment_full_return_to_go
offline_pretrain,201,0,1.0,32,0,160,0,62.658817291259766,2093.572509765625,0.12268895655870438,47.803951263427734,62.658817291259766,2093.572509765625,0.12268895655870438,0.0004780394956469536,2156.354736328125,0.4052848815917969,False,0.2349843978881836,1.8332901000976562,True,treatment_full_return_to_go
offline_pretrain,202,0,1.0,32,0,160,0,163.7200927734375,1705.1533203125,0.06743750721216202,47.806941986083984,163.7200927734375,1705.1533203125,0.06743750721216202,0.0004780694143846631,1868.9412841796875,0.7167284488677979,False,0.26149505376815796,1.7957755327224731,True,treatment_full_return_to_go
offline_pretrain,203,0,1.0,32,0,160,0,59.819461822509766,1708.30419921875,0.10702931880950928,47.81006622314453,59.819461822509766,1708.30419921875,0.10702931880950928,0.0004781006427947432,1768.231201171875,0.4565211236476898,False,0.24015569686889648,1.8011116981506348,True,treatment_full_return_to_go
offline_pretrain,204,0,1.0,32,0,160,0,185.30258178710938,1879.47900390625,0.07352858781814575,47.81299591064453,185.30258178710938,1879.47900390625,0.07352858781814575,0.0004781299503520131,2064.85546875,0.5949797034263611,False,0.2649742364883423,1.8062725067138672,True,treatment_full_return_to_go
offline_pretrain,205,0,1.0,32,0,160,0,118.36700439453125,1648.43212890625,0.08828811347484589,47.81599807739258,118.36700439453125,1648.43212890625,0.08828811347484589,0.000478159956401214,1766.8878173828125,0.34173962473869324,False,0.25260135531425476,1.811861276626587,True,treatment_full_return_to_go
offline_pretrain,206,0,1.0,32,0,160,0,116.79300689697266,1415.58642578125,0.1621997207403183,47.8187370300293,116.79300689697266,1415.58642578125,0.1621997207403183,0.00047818737220950425,1532.5421142578125,0.5266711115837097,False,0.24727259576320648,1.8174858093261719,True,treatment_full_return_to_go
offline_pretrain,207,0,1.0,32,0,160,0,111.65973663330078,1895.6124267578125,0.08636144548654556,47.82140350341797,111.65973663330078,1895.6124267578125,0.08636144548654556,0.0004782140313182026,2007.3590087890625,0.5251767039299011,False,0.25706326961517334,1.8231518268585205,True,treatment_full_return_to_go
offline_pretrain,208,0,1.0,32,0,160,0,72.29364013671875,1611.9669189453125,0.16400353610515594,47.82405090332031,72.29364013671875,1611.9669189453125,0.16400353610515594,0.0004782404867000878,1684.425048828125,0.3126336336135864,False,0.24189907312393188,1.8693090677261353,True,treatment_full_return_to_go
offline_pretrain,209,0,1.0,32,0,160,0,109.22820281982422,1860.150146484375,0.08605814725160599,47.82640838623047,109.22820281982422,1860.150146484375,0.08605814725160599,0.00047826406080275774,1969.46484375,0.83489590883255,False,0.23294228315353394,1.8343291282653809,True,treatment_full_return_to_go
offline_pretrain,210,0,1.0,32,0,160,0,82.44229125976562,1981.3795166015625,0.0935477614402771,47.82917404174805,82.44229125976562,1981.3795166015625,0.0935477614402771,0.0004782917385455221,2063.915771484375,0.41161835193634033,False,0.2457101047039032,1.8399070501327515,True,treatment_full_return_to_go
offline_pretrain,211,0,1.0,32,0,160,0,82.51123809814453,1837.186767578125,0.1160484105348587,47.831851959228516,82.51123809814453,1837.186767578125,0.1160484105348587,0.0004783185140695423,1919.8145751953125,0.7178069949150085,False,0.24272441864013672,1.845385193824768,True,treatment_full_return_to_go
offline_pretrain,212,0,1.0,32,0,160,0,139.2041778564453,2076.19775390625,0.09815824031829834,47.83457565307617,139.2041778564453,2076.19775390625,0.09815824031829834,0.0004783457552548498,2215.50048828125,0.7123125195503235,False,0.24915067851543427,1.8508325815200806,True,treatment_full_return_to_go
offline_pretrain,213,0,1.0,32,0,160,0,33.27153396606445,1883.994873046875,0.12158915400505066,47.83747100830078,33.27153396606445,1883.994873046875,0.12158915400505066,0.0004783746844623238,1917.388427734375,0.49260205030441284,False,0.22678619623184204,1.8565003871917725,True,treatment_full_return_to_go
offline_pretrain,214,0,1.0,32,0,160,0,90.77841186523438,1476.7750244140625,0.10124879330396652,47.84026336669922,90.77841186523438,1476.7750244140625,0.10124879330396652,0.00047840262413956225,1567.6551513671875,0.41978445649147034,False,0.24280664324760437,1.8618361949920654,True,treatment_full_return_to_go
offline_pretrain,215,0,1.0,32,0,160,0,36.920257568359375,2251.40380859375,0.09780284017324448,47.842952728271484,36.920257568359375,2251.40380859375,0.09780284017324448,0.00047842951607890427,2288.42236328125,0.3836189806461334,False,0.22132758796215057,1.8671278953552246,True,treatment_full_return_to_go
offline_pretrain,216,0,1.0,32,0,160,0,82.22450256347656,2103.281982421875,0.05917145311832428,47.845458984375,82.22450256347656,2103.281982421875,0.05917145311832428,0.0004784545744769275,2185.566162109375,0.3960302472114563,False,0.2486371397972107,1.872230887413025,True,treatment_full_return_to_go
offline_pretrain,217,0,1.0,32,0,160,0,65.45148468017578,1906.1597900390625,0.08798092603683472,47.847877502441406,65.45148468017578,1906.1597900390625,0.08798092603683472,0.00047847875976003706,1971.6998291015625,0.24383820593357086,False,0.2571616768836975,2.1193912029266357,True,treatment_full_return_to_go
offline_pretrain,218,0,1.0,32,0,160,0,183.26031494140625,1908.5599365234375,0.049514833837747574,47.850059509277344,183.26031494140625,1908.5599365234375,0.049514833837747574,0.0004785005876328796,2091.870361328125,0.5245924592018127,False,0.29006943106651306,2.1245908737182617,True,treatment_full_return_to_go
offline_pretrain,219,0,1.0,32,0,160,0,167.5539093017578,1941.343994140625,0.07380292564630508,47.852294921875,167.5539093017578,1941.343994140625,0.07380292564630508,0.0004785229393746704,2108.97216796875,0.4380963146686554,False,0.2732385993003845,1.8878700733184814,True,treatment_full_return_to_go
offline_pretrain,220,0,1.0,32,0,160,0,51.59333801269531,1990.4322509765625,0.08924481272697449,47.85448455810547,51.59333801269531,1990.4322509765625,0.08924481272697449,0.00047854482545517385,2042.1153564453125,0.44612473249435425,False,0.23647849261760712,1.8938146829605103,True,treatment_full_return_to_go
offline_pretrain,221,0,1.0,32,0,160,0,87.04694366455078,1926.4339599609375,0.08021630346775055,47.856632232666016,87.04694366455078,1926.4339599609375,0.08021630346775055,0.0004785663040820509,2013.5616455078125,0.5610845685005188,False,0.26345425844192505,1.935692310333252,True,treatment_full_return_to_go
offline_pretrain,222,0,1.0,32,0,160,0,83.96634674072266,2841.87646484375,0.02807934209704399,47.858890533447266,83.96634674072266,2841.87646484375,0.02807934209704399,0.00047858888865448534,2925.871337890625,0.3207069933414459,False,0.2608812153339386,1.9052248001098633,True,treatment_full_return_to_go
offline_pretrain,223,0,1.0,32,0,160,0,64.39154052734375,2040.108642578125,0.11183977127075195,47.86101150512695,64.39154052734375,2040.108642578125,0.11183977127075195,0.0004786101053468883,2104.612548828125,0.4304804801940918,False,0.24266205728054047,1.9109019041061401,True,treatment_full_return_to_go
offline_pretrain,224,0,1.0,32,0,160,0,136.86439514160156,1699.962890625,0.08123721182346344,47.863094329833984,136.86439514160156,1699.962890625,0.08123721182346344,0.0004786309436894953,1836.908935546875,0.4163958430290222,False,0.2842559218406677,1.9164159297943115,True,treatment_full_return_to_go
offline_pretrain,225,0,1.0,32,0,160,0,120.0020980834961,2079.200439453125,0.10763394832611084,47.865169525146484,120.0020980834961,2079.200439453125,0.10763394832611084,0.000478651694720611,2199.310791015625,0.487322598695755,False,0.254781037569046,1.9221608638763428,True,treatment_full_return_to_go
offline_pretrain,226,0,1.0,32,0,160,0,116.04182434082031,1677.3717041015625,0.09346484392881393,47.867279052734375,116.04182434082031,1677.3717041015625,0.09346484392881393,0.00047867276589386165,1793.507568359375,0.3321234881877899,False,0.2596927881240845,1.928024411201477,True,treatment_full_return_to_go
offline_pretrain,227,0,1.0,32,0,160,0,80.0140151977539,2091.08740234375,0.026720507070422173,47.869258880615234,80.0140151977539,2091.08740234375,0.026720507070422173,0.0004786925856024027,2171.12841796875,0.867722749710083,False,0.24503809213638306,1.933967113494873,True,treatment_full_return_to_go
offline_pretrain,228,0,1.0,32,0,160,0,113.2537841796875,2086.40234375,0.15443094074726105,47.871639251708984,113.2537841796875,2086.40234375,0.15443094074726105,0.0004787163925357163,2199.811279296875,0.3594836890697479,False,0.26188233494758606,1.939937710762024,True,treatment_full_return_to_go
offline_pretrain,229,0,1.0,32,0,160,0,154.56787109375,1984.0555419921875,0.026658909395337105,47.87384796142578,154.56787109375,1984.0555419921875,0.026658909395337105,0.0004787384532392025,2138.650634765625,0.6887932419776917,False,0.281455397605896,1.945962905883789,True,treatment_full_return_to_go
offline_pretrain,230,0,1.0,32,0,160,0,166.4248809814453,2040.1346435546875,0.10897885262966156,47.876319885253906,166.4248809814453,2040.1346435546875,0.10897885262966156,0.0004787631914950907,2206.6689453125,0.5392910838127136,False,0.2838756740093231,1.9523942470550537,True,treatment_full_return_to_go
offline_pretrain,231,0,1.0,32,0,160,0,54.50566101074219,1782.3441162109375,0.06915517896413803,47.87882995605469,54.50566101074219,1782.3441162109375,0.06915517896413803,0.00047878827899694443,1836.91943359375,0.22223974764347076,False,0.2564620077610016,1.959163784980774,True,treatment_full_return_to_go
offline_pretrain,232,0,1.0,32,0,160,0,114.0137939453125,2193.30908203125,0.08829856663942337,47.88113021850586,114.0137939453125,2193.30908203125,0.08829856663942337,0.0004788113001268357,2307.41162109375,0.4048983156681061,False,0.26096412539482117,2.206364154815674,True,treatment_full_return_to_go
offline_pretrain,233,0,1.0,32,0,160,0,40.37471008300781,1726.957763671875,0.08753668516874313,47.88340377807617,40.37471008300781,1726.957763671875,0.08753668516874313,0.0004788340302184224,1767.4205322265625,0.3360326886177063,False,0.24417880177497864,1.9720613956451416,True,treatment_full_return_to_go
offline_pretrain,234,0,1.0,32,0,160,0,138.01559448242188,1739.1724853515625,0.12135154008865356,47.885562896728516,138.01559448242188,1739.1724853515625,0.12135154008865356,0.0004788556252606213,1877.3099365234375,0.3706573247909546,False,0.26620420813560486,1.9781038761138916,True,treatment_full_return_to_go
offline_pretrain,235,0,1.0,32,0,160,0,192.5420379638672,1523.859375,0.08498065918684006,47.88765335083008,192.5420379638672,1523.859375,0.08498065918684006,0.00047887652181088924,1716.48681640625,0.5514315366744995,False,0.2682473957538605,1.9843418598175049,True,treatment_full_return_to_go
offline_pretrain,236,0,1.0,32,0,160,0,78.7909927368164,2045.6033935546875,0.020455144345760345,47.88987350463867,78.7909927368164,2045.6033935546875,0.020455144345760345,0.00047889872803352773,2124.415283203125,0.46797364950180054,False,0.26759621500968933,1.9911108016967773,True,treatment_full_return_to_go
offline_pretrain,237,0,1.0,32,0,160,0,157.97042846679688,2027.4339599609375,0.014536472968757153,47.89215087890625,157.97042846679688,2027.4339599609375,0.014536472968757153,0.0004789214872289449,2185.41943359375,0.5861240029335022,False,0.2897569239139557,2.025580883026123,True,treatment_full_return_to_go
offline_pretrain,238,0,1.0,32,0,160,0,58.782840728759766,2133.007080078125,0.031065620481967926,47.894657135009766,58.782840728759766,2133.007080078125,0.031065620481967926,0.00047894654562696815,2191.821533203125,0.6587636470794678,False,0.24474120140075684,2.2433815002441406,True,treatment_full_return_to_go
offline_pretrain,239,0,1.0,32,0,160,0,134.82012939453125,2053.11767578125,0.06544481962919235,47.897361755371094,134.82012939453125,2053.11767578125,0.06544481962919235,0.0004789736121892929,2188.003662109375,0.5100553631782532,False,0.2750350832939148,2.011695623397827,True,treatment_full_return_to_go
offline_pretrain,240,0,1.0,32,0,160,0,186.7401123046875,2626.70703125,0.031335875391960144,47.900115966796875,186.7401123046875,2626.70703125,0.031335875391960144,0.000479001144412905,2813.47900390625,0.48627063632011414,False,0.30409252643585205,2.0187134742736816,True,treatment_full_return_to_go
offline_pretrain,241,0,1.0,32,0,160,0,104.17481231689453,2247.3154296875,0.01924017444252968,47.90287399291992,104.17481231689453,2247.3154296875,0.01924017444252968,0.00047902873484417796,2351.510009765625,0.5160803198814392,False,0.25763943791389465,2.0262322425842285,True,treatment_full_return_to_go
offline_pretrain,242,0,1.0,32,0,160,0,68.4847640991211,2195.067626953125,0.13508981466293335,47.90571975708008,68.4847640991211,2195.067626953125,0.13508981466293335,0.00047905719839036465,2263.68798828125,0.2204856276512146,False,0.26563093066215515,2.270426034927368,True,treatment_full_return_to_go
offline_pretrain,243,0,1.0,32,0,160,0,71.43718719482422,1966.0257568359375,0.1075400561094284,47.90822219848633,71.43718719482422,1966.0257568359375,0.1075400561094284,0.000479082198580727,2037.5709228515625,0.2738693356513977,False,0.26019880175590515,2.0648844242095947,True,treatment_full_return_to_go
offline_pretrain,244,0,1.0,32,0,160,0,135.1247100830078,2251.810791015625,0.0771574005484581,47.91048049926758,135.1247100830078,2251.810791015625,0.0771574005484581,0.0004791047831531614,2387.01318359375,0.38015657663345337,False,0.28368762135505676,2.047741174697876,True,treatment_full_return_to_go
offline_pretrain,245,0,1.0,32,0,160,0,113.6359634399414,2156.442626953125,0.09822004288434982,47.912696838378906,113.6359634399414,2156.442626953125,0.09822004288434982,0.00047912696027196944,2270.17724609375,0.3624235689640045,False,0.25511741638183594,2.0547728538513184,True,treatment_full_return_to_go
offline_pretrain,246,0,1.0,32,0,160,0,110.6112060546875,2226.141357421875,0.04651854932308197,47.91489791870117,110.6112060546875,2226.141357421875,0.04651854932308197,0.00047914896276779473,2336.799560546875,0.6023659110069275,False,0.2797777056694031,2.0838704109191895,True,treatment_full_return_to_go
offline_pretrain,247,0,1.0,32,0,160,0,59.93746566772461,2118.02001953125,0.0627036765217781,47.917335510253906,59.93746566772461,2118.02001953125,0.0627036765217781,0.00047917335177771747,2178.020751953125,0.313292533159256,False,0.25815293192863464,2.0689713954925537,True,treatment_full_return_to_go
offline_pretrain,248,0,1.0,32,0,160,0,97.78022003173828,1810.2127685546875,0.10295914113521576,47.919673919677734,97.78022003173828,1810.2127685546875,0.10295914113521576,0.00047919672215357423,1908.096435546875,0.3228195607662201,False,0.2599261701107025,2.0758142471313477,True,treatment_full_return_to_go
offline_pretrain,249,0,1.0,32,0,160,0,139.99905395507812,2101.413330078125,0.08854533731937408,47.921836853027344,139.99905395507812,2101.413330078125,0.08854533731937408,0.0004792183462996036,2241.50146484375,0.3540205657482147,False,0.28017622232437134,2.082526206970215,True,treatment_full_return_to_go
offline_pretrain,250,0,1.0,32,0,160,0,26.371919631958008,2288.679443359375,0.02778168022632599,47.923919677734375,26.371919631958008,2288.679443359375,0.02778168022632599,0.0004792391846422106,2315.07958984375,0.21143776178359985,False,0.25251898169517517,2.0894572734832764,True,treatment_full_return_to_go
offline_pretrain,251,0,1.0,32,0,160,0,86.1606216430664,1861.82763671875,0.045612774789333344,47.92585372924805,86.1606216430664,1861.82763671875,0.045612774789333344,0.00047925853868946433,1948.034423828125,0.3092725872993469,False,0.2708026170730591,2.095959186553955,True,treatment_full_return_to_go
offline_pretrain,252,0,1.0,32,0,160,0,48.90211486816406,1822.762939453125,0.15074598789215088,47.92772674560547,48.90211486816406,1822.762939453125,0.15074598789215088,0.000479277252452448,1871.8162841796875,0.24986512959003448,False,0.2572874426841736,2.333437204360962,True,treatment_full_return_to_go
offline_pretrain,253,0,1.0,32,0,160,0,97.52970123291016,2108.2177734375,0.08502055704593658,47.92925262451172,97.52970123291016,2108.2177734375,0.08502055704593658,0.00047929250285960734,2205.8330078125,0.3325873017311096,False,0.2663381099700928,2.1260437965393066,True,treatment_full_return_to_go
offline_pretrain,254,0,1.0,32,0,160,0,117.00731658935547,1598.93359375,0.15468473732471466,47.93071365356445,117.00731658935547,1598.93359375,0.15468473732471466,0.0004793071129824966,1716.0960693359375,0.3564109802246094,False,0.2801952362060547,2.114417552947998,True,treatment_full_return_to_go
offline_pretrain,255,0,1.0,32,0,160,0,85.18928527832031,1901.2781982421875,0.04568811133503914,47.93212127685547,85.18928527832031,1901.2781982421875,0.04568811133503914,0.0004793211992364377,1986.513671875,0.473977655172348,False,0.2599157691001892,2.120525360107422,True,treatment_full_return_to_go
offline_pretrain,256,0,1.0,32,0,160,0,57.5942268371582,2401.790771484375,0.03145122900605202,47.93370056152344,57.5942268371582,2401.790771484375,0.03145122900605202,0.0004793370026163757,2459.4169921875,0.3667529225349426,False,0.2653258144855499,2.1266322135925293,True,treatment_full_return_to_go
offline_pretrain,257,0,1.0,32,0,160,0,58.80324172973633,1978.18798828125,0.1270935833454132,47.935333251953125,58.80324172973633,1978.18798828125,0.1270935833454132,0.0004793533298652619,2037.1187744140625,0.24810148775577545,False,0.280597984790802,2.1325771808624268,True,treatment_full_return_to_go
offline_pretrain,258,0,1.0,32,0,160,0,108.31909942626953,2302.64990234375,0.037876516580581665,47.93672561645508,108.31909942626953,2302.64990234375,0.037876516580581665,0.00047936724149622023,2411.00732421875,0.6885046362876892,False,0.27919769287109375,2.1382997035980225,True,treatment_full_return_to_go
offline_pretrain,259,0,1.0,32,0,160,0,68.5633316040039,2197.308349609375,0.07240723073482513,47.93853759765625,68.5633316040039,2197.308349609375,0.07240723073482513,0.0004793853731825948,2265.944580078125,0.22175370156764984,False,0.26789534091949463,2.1443030834198,True,treatment_full_return_to_go
offline_pretrain,260,0,1.0,32,0,160,0,81.88430786132812,2277.1806640625,0.06506428867578506,47.940216064453125,81.88430786132812,2277.1806640625,0.06506428867578506,0.00047940213698893785,2359.130615234375,0.2981850206851959,False,0.287312388420105,2.3769936561584473,True,treatment_full_return_to_go
offline_pretrain,261,0,1.0,32,0,160,0,155.86358642578125,1391.539306640625,0.043850649148225784,47.941837310791016,155.86358642578125,1391.539306640625,0.043850649148225784,0.00047941834782250226,1547.4471435546875,0.42386239767074585,False,0.2910735011100769,2.155947685241699,True,treatment_full_return_to_go
offline_pretrain,262,0,1.0,32,0,160,0,144.42855834960938,1604.177001953125,0.13180848956108093,47.94359588623047,144.42855834960938,1604.177001953125,0.13180848956108093,0.0004794359556399286,1748.7379150390625,0.32600104808807373,False,0.28222647309303284,2.162281036376953,True,treatment_full_return_to_go
offline_pretrain,263,0,1.0,32,0,160,0,189.51112365722656,1838.232666015625,0.09625320136547089,47.94524383544922,189.51112365722656,1838.232666015625,0.09625320136547089,0.0004794524284079671,2027.840576171875,0.5183049440383911,False,0.29349178075790405,2.1688830852508545,True,treatment_full_return_to_go
offline_pretrain,264,0,1.0,32,0,160,0,118.08323669433594,2034.214599609375,0.07296884804964066,47.9470100402832,118.08323669433594,2034.214599609375,0.07296884804964066,0.00047947009443305433,2152.371337890625,0.418183296918869,False,0.28168773651123047,2.189664602279663,True,treatment_full_return_to_go
offline_pretrain,265,0,1.0,32,0,160,0,136.02024841308594,2628.2333984375,0.028690800070762634,47.948909759521484,136.02024841308594,2628.2333984375,0.028690800070762634,0.0004794890992343426,2764.282958984375,0.36354494094848633,False,0.3112390339374542,2.1835060119628906,True,treatment_full_return_to_go
offline_pretrain,266,0,1.0,32,0,160,0,86.80267333984375,2235.86572265625,0.09038345515727997,47.95083999633789,86.80267333984375,2235.86572265625,0.09038345515727997,0.0004795083950739354,2322.75927734375,0.24335452914237976,False,0.2664472162723541,2.1910934448242188,True,treatment_full_return_to_go
offline_pretrain,267,0,1.0,32,0,160,0,60.52629470825195,2326.550048828125,0.07221800833940506,47.95259475708008,60.52629470825195,2326.550048828125,0.07221800833940506,0.0004795259446837008,2387.149169921875,0.19060343503952026,False,0.2624920606613159,2.1985182762145996,True,treatment_full_return_to_go
offline_pretrain,268,0,1.0,32,0,160,0,113.57648468017578,1673.8538818359375,0.06422717869281769,47.95421600341797,113.57648468017578,1673.8538818359375,0.06422717869281769,0.0004795421555172652,1787.4951171875,0.48552536964416504,False,0.26620155572891235,2.2056007385253906,True,treatment_full_return_to_go
offline_pretrain,269,0,1.0,32,0,160,0,92.89774322509766,1825.928955078125,0.07452238351106644,47.956016540527344,92.89774322509766,1825.928955078125,0.07452238351106644,0.00047956014168448746,1918.901611328125,0.24082346260547638,False,0.27042779326438904,2.21282958984375,True,treatment_full_return_to_go
offline_pretrain,270,0,1.0,32,0,160,0,185.47897338867188,1871.1796875,0.03239409253001213,47.957637786865234,185.47897338867188,1871.1796875,0.03239409253001213,0.00047957635251805186,2056.691650390625,0.6487938761711121,False,0.29996350407600403,2.23107647895813,True,treatment_full_return_to_go
offline_pretrain,271,0,1.0,32,0,160,0,64.32131958007812,1745.83203125,0.0919020026922226,47.95969772338867,64.32131958007812,1745.83203125,0.0919020026922226,0.00047959695803001523,1810.2457275390625,0.29507219791412354,False,0.24751676619052887,2.227747917175293,True,treatment_full_return_to_go
offline_pretrain,272,0,1.0,32,0,160,0,137.26255798339844,2217.784423828125,0.07563278079032898,47.961669921875,137.26255798339844,2217.784423828125,0.07563278079032898,0.0004796166904270649,2355.123046875,0.3763188123703003,False,0.30539172887802124,2.4517979621887207,True,treatment_full_return_to_go
offline_pretrain,273,0,1.0,32,0,160,0,88.2602767944336,2415.18505859375,0.06181489676237106,47.96367645263672,88.2602767944336,2415.18505859375,0.06181489676237106,0.0004796367429662496,2503.507568359375,0.3857259750366211,False,0.2571074962615967,2.242901563644409,True,treatment_full_return_to_go
offline_pretrain,274,0,1.0,32,0,160,0,89.98806762695312,1871.5657958984375,0.1139567494392395,47.96573257446289,89.98806762695312,1871.5657958984375,0.1139567494392395,0.0004796573193743825,1961.6683349609375,0.2796025574207306,False,0.2823750078678131,2.2504897117614746,True,treatment_full_return_to_go
offline_pretrain,275,0,1.0,32,0,160,0,90.18002319335938,1929.561767578125,0.09024135768413544,47.96763610839844,90.18002319335938,1929.561767578125,0.09024135768413544,0.0004796763532795012,2019.83251953125,0.34596550464630127,False,0.2717250883579254,2.2579445838928223,True,treatment_full_return_to_go
offline_pretrain,276,0,1.0,32,0,160,0,184.2466583251953,1981.439208984375,0.060046225786209106,47.96957778930664,184.2466583251953,1981.439208984375,0.060046225786209106,0.00047969576553441584,2165.746337890625,0.4922422170639038,False,0.3207416832447052,2.4782066345214844,True,treatment_full_return_to_go
offline_pretrain,277,0,1.0,32,0,160,0,160.31500244140625,2276.377197265625,0.030884863808751106,47.97168731689453,160.31500244140625,2276.377197265625,0.030884863808751106,0.000479716865811497,2436.7236328125,0.6583763957023621,False,0.2851352095603943,2.2732794284820557,True,treatment_full_return_to_go
offline_pretrain,278,0,1.0,32,0,160,0,79.73748016357422,1579.2178955078125,0.1428745985031128,47.97420883178711,79.73748016357422,1579.2178955078125,0.1428745985031128,0.0004797420697286725,1659.0986328125,0.20091375708580017,False,0.28065046668052673,2.4925146102905273,True,treatment_full_return_to_go
offline_pretrain,279,0,1.0,32,0,160,0,52.331363677978516,2412.84814453125,0.02828994393348694,47.97638702392578,52.331363677978516,2412.84814453125,0.02828994393348694,0.0004797638684976846,2465.208251953125,0.24924446642398834,False,0.27554309368133545,2.499448299407959,True,treatment_full_return_to_go
offline_pretrain,280,0,1.0,32,0,160,0,86.80804443359375,1770.2904052734375,0.07911474257707596,47.978492736816406,86.80804443359375,1770.2904052734375,0.07911474257707596,0.0004797849105671048,1857.177978515625,0.2594096064567566,False,0.25867176055908203,2.2973344326019287,True,treatment_full_return_to_go
offline_pretrain,281,0,1.0,32,0,160,0,114.10626983642578,1955.48974609375,0.08738873153924942,47.98047637939453,114.10626983642578,1955.48974609375,0.08738873153924942,0.0004798047593794763,2069.683837890625,0.2939741015434265,False,0.27237921953201294,2.304857015609741,True,treatment_full_return_to_go
offline_pretrain,282,0,1.0,32,0,160,0,131.12094116210938,2165.173828125,0.08693763613700867,47.98240661621094,131.12094116210938,2165.173828125,0.08693763613700867,0.0004798240552190691,2296.382080078125,0.4120115637779236,False,0.2974817454814911,2.312437057495117,True,treatment_full_return_to_go
offline_pretrain,283,0,1.0,32,0,160,0,158.3981475830078,2237.79541015625,0.0915617123246193,47.984378814697266,158.3981475830078,2237.79541015625,0.0915617123246193,0.0004798437876161188,2396.28564453125,0.43336808681488037,False,0.2953300476074219,2.525899648666382,True,treatment_full_return_to_go
offline_pretrain,284,0,1.0,32,0,160,0,111.82630157470703,2483.099609375,0.04770193621516228,47.98646926879883,111.82630157470703,2483.099609375,0.04770193621516228,0.0004798646841663867,2594.97412109375,0.31096503138542175,False,0.2956025004386902,2.532940149307251,True,treatment_full_return_to_go
offline_pretrain,285,0,1.0,32,0,160,0,68.38521575927734,2057.326416015625,0.08319481462240219,47.988521575927734,68.38521575927734,2057.326416015625,0.08319481462240219,0.0004798852023668587,2125.79541015625,0.24974502623081207,False,0.27046334743499756,2.33693265914917,True,treatment_full_return_to_go
offline_pretrain,286,0,1.0,32,0,160,0,141.79986572265625,1918.1240234375,0.07755357027053833,47.99042892456055,141.79986572265625,1918.1240234375,0.07755357027053833,0.0004799042653758079,2060.001953125,0.3642747700214386,False,0.3022063970565796,2.3448853492736816,True,treatment_full_return_to_go
offline_pretrain,287,0,1.0,32,0,160,0,39.952392578125,2455.948486328125,0.07548285275697708,47.99235153198242,39.952392578125,2455.948486328125,0.07548285275697708,0.0004799235030077398,2495.976806640625,0.12750369310379028,False,0.28518012166023254,2.553670883178711,True,treatment_full_return_to_go
offline_pretrain,288,0,1.0,32,0,160,0,28.385223388671875,2094.687744140625,0.015923673287034035,47.9940299987793,28.385223388671875,2094.687744140625,0.015923673287034035,0.0004799402959179133,2123.08935546875,0.21702058613300323,False,0.25977277755737305,2.360729217529297,True,treatment_full_return_to_go
offline_pretrain,289,0,1.0,32,0,160,0,118.31761932373047,2251.835693359375,0.10199175029993057,47.995628356933594,118.31761932373047,2251.835693359375,0.10199175029993057,0.00047995627392083406,2370.255859375,0.29191023111343384,False,0.2927802801132202,2.566189765930176,True,treatment_full_return_to_go
offline_pretrain,290,0,1.0,32,0,160,0,104.6800765991211,2066.2626953125,0.11718640476465225,47.99717330932617,104.6800765991211,2066.2626953125,0.11718640476465225,0.0004799717280548066,2171.060546875,0.30237245559692383,False,0.2606877088546753,2.3751466274261475,True,treatment_full_return_to_go
offline_pretrain,291,0,1.0,32,0,160,0,196.00650024414062,2205.10009765625,0.09129363298416138,47.998653411865234,196.00650024414062,2205.10009765625,0.09129363298416138,0.0004799865128006786,2401.198486328125,0.5149739980697632,False,0.30868861079216003,2.5785114765167236,True,treatment_full_return_to_go
offline_pretrain,292,0,1.0,32,0,160,0,162.9011688232422,2218.1259765625,0.02768545225262642,48.000343322753906,162.9011688232422,2218.1259765625,0.02768545225262642,0.000480003422126174,2381.05517578125,0.4897432327270508,False,0.30715155601501465,2.3904104232788086,True,treatment_full_return_to_go
offline_pretrain,293,0,1.0,32,0,160,0,77.30492401123047,2345.72412109375,0.02806764654815197,48.00228500366211,77.30492401123047,2345.72412109375,0.02806764654815197,0.0004800228343810886,2423.0576171875,0.2931143045425415,False,0.29040420055389404,2.398939847946167,True,treatment_full_return_to_go
offline_pretrain,294,0,1.0,32,0,160,0,64.46083068847656,2373.0234375,0.05732392519712448,48.00425720214844,64.46083068847656,2373.0234375,0.05732392519712448,0.0004800425667781383,2437.542236328125,0.3016473650932312,False,0.2642461657524109,2.40730357170105,True,treatment_full_return_to_go
offline_pretrain,295,0,1.0,32,0,160,0,55.972503662109375,2560.27099609375,0.013571832329034805,48.0062141418457,55.972503662109375,2560.27099609375,0.013571832329034805,0.0004800621245522052,2616.257568359375,0.2510966956615448,False,0.2877925932407379,2.6063764095306396,True,treatment_full_return_to_go
offline_pretrain,296,0,1.0,32,0,160,0,88.7886962890625,1965.70166015625,0.10510654747486115,48.00813293457031,88.7886962890625,1965.70166015625,0.10510654747486115,0.0004800813039764762,2054.595947265625,0.2513675093650818,False,0.27855274081230164,2.4230399131774902,True,treatment_full_return_to_go
offline_pretrain,297,0,1.0,32,0,160,0,94.62515258789062,1728.4591064453125,0.10479477792978287,48.0099983215332,94.62515258789062,1728.4591064453125,0.10479477792978287,0.00048009995953179896,1823.189453125,0.2312602996826172,False,0.29730334877967834,2.619425058364868,True,treatment_full_return_to_go
offline_pretrain,298,0,1.0,32,0,160,0,36.85714340209961,2373.418212890625,0.042183198034763336,48.011653900146484,36.85714340209961,2373.418212890625,0.042183198034763336,0.00048011651961132884,2410.318115234375,0.10749568045139313,False,0.28296518325805664,2.625739097595215,True,treatment_full_return_to_go
offline_pretrain,299,0,1.0,32,0,160,0,83.79440307617188,1934.8662109375,0.05655865743756294,48.01307678222656,83.79440307617188,1934.8662109375,0.05655865743756294,0.0004801307513844222,2018.7176513671875,0.2502819895744324,False,0.28267019987106323,2.445143938064575,True,treatment_full_return_to_go
offline_pretrain,300,0,1.0,32,0,160,0,146.3540496826172,2043.5936279296875,0.11018715798854828,48.014522552490234,146.3540496826172,2043.5936279296875,0.11018715798854828,0.0004801452159881592,2190.058349609375,0.3623307943344116,False,0.3208279311656952,2.6374752521514893,True,treatment_full_return_to_go
offline_pretrain,301,0,1.0,32,0,160,0,110.28072357177734,2036.2607421875,0.029627826064825058,48.01593017578125,110.28072357177734,2036.2607421875,0.029627826064825058,0.00048015930224210024,2146.571533203125,0.35887593030929565,False,0.29836347699165344,2.6436033248901367,True,treatment_full_return_to_go
offline_pretrain,302,0,1.0,32,0,160,0,142.506591796875,1661.3067626953125,0.057928167283535004,48.017494201660156,142.506591796875,1661.3067626953125,0.057928167283535004,0.0004801749309990555,1803.871826171875,0.5050188302993774,False,0.29542550444602966,2.467066764831543,True,treatment_full_return_to_go
offline_pretrain,303,0,1.0,32,0,160,0,123.12460327148438,1500.654052734375,0.08779988437891006,48.01940155029297,123.12460327148438,1500.654052734375,0.08779988437891006,0.00048019399400800467,1623.866943359375,0.32173487544059753,False,0.2724393606185913,2.475046157836914,True,treatment_full_return_to_go
offline_pretrain,304,0,1.0,32,0,160,0,273.3753356933594,1708.797119140625,0.07265988737344742,48.02129364013672,273.3753356933594,1708.797119140625,0.07265988737344742,0.00048021291149780154,1982.24560546875,0.6769255995750427,False,0.3606733977794647,2.483161211013794,True,treatment_full_return_to_go
offline_pretrain,305,0,1.0,32,0,160,0,94.72032165527344,2060.89794921875,0.10699886828660965,48.023597717285156,94.72032165527344,2060.89794921875,0.10699886828660965,0.0004802359617315233,2155.7255859375,0.2760221064090729,False,0.2829842269420624,2.4926555156707764,True,treatment_full_return_to_go
offline_pretrain,306,0,1.0,32,0,160,0,83.18008422851562,2628.01318359375,0.09334321320056915,48.02574157714844,83.18008422851562,2628.01318359375,0.09334321320056915,0.0004802574112545699,2711.287109375,0.2340860217809677,False,0.31196677684783936,2.678877592086792,True,treatment_full_return_to_go
offline_pretrain,307,0,1.0,32,0,160,0,39.17689895629883,2112.702392578125,0.059574928134679794,48.02777862548828,39.17689895629883,2112.702392578125,0.059574928134679794,0.0004802777839358896,2151.939453125,0.19579967856407166,False,0.27296438813209534,2.6862735748291016,True,treatment_full_return_to_go
offline_pretrain,308,0,1.0,32,0,160,0,111.02198791503906,1987.176513671875,0.0470031201839447,48.02965545654297,111.02198791503906,1987.176513671875,0.0470031201839447,0.0004802965559065342,2098.24609375,0.32950109243392944,False,0.3092874586582184,2.69319748878479,True,treatment_full_return_to_go
offline_pretrain,309,0,1.0,32,0,160,0,121.2690200805664,1943.81591796875,0.12411226332187653,48.031585693359375,121.2690200805664,1943.81591796875,0.12411226332187653,0.000480315851746127,2065.20947265625,0.33699098229408264,False,0.29350948333740234,2.527789831161499,True,treatment_full_return_to_go
offline_pretrain,310,0,1.0,32,0,160,0,69.58729553222656,1971.009521484375,0.09003086388111115,48.033504486083984,69.58729553222656,1971.009521484375,0.09003086388111115,0.000480335031170398,2040.6873779296875,0.2111722081899643,False,0.28707703948020935,2.5363845825195312,True,treatment_full_return_to_go
offline_pretrain,311,0,1.0,32,0,160,0,137.83932495117188,1763.8597412109375,0.06097378581762314,48.0352897644043,137.83932495117188,1763.8597412109375,0.06097378581762314,0.000480352871818468,1901.760498046875,0.36718568205833435,False,0.29385054111480713,2.544630765914917,True,treatment_full_return_to_go
offline_pretrain,312,0,1.0,32,0,160,0,66.67982482910156,2053.743896484375,0.09210506081581116,48.03715133666992,66.67982482910156,2053.743896484375,0.09210506081581116,0.0004803714982699603,2120.516357421875,0.21939557790756226,False,0.27419817447662354,2.553230047225952,True,treatment_full_return_to_go
offline_pretrain,313,0,1.0,32,0,160,0,131.150390625,2050.831298828125,0.04865298047661781,48.038902282714844,131.150390625,2050.831298828125,0.04865298047661781,0.00048038901877589524,2182.03076171875,0.39164382219314575,False,0.30451905727386475,2.561490774154663,True,treatment_full_return_to_go
offline_pretrain,314,0,1.0,32,0,160,0,122.29976654052734,1554.78125,0.08671426773071289,48.04081726074219,122.29976654052734,1554.78125,0.08671426773071289,0.00048040816909633577,1677.168212890625,0.31710633635520935,False,0.27767056226730347,2.57011342048645,True,treatment_full_return_to_go
offline_pretrain,315,0,1.0,32,0,160,0,143.61990356445312,2173.337158203125,0.05841141939163208,48.04273223876953,143.61990356445312,2173.337158203125,0.05841141939163208,0.0004804273194167763,2317.015869140625,0.3665993809700012,False,0.3026418685913086,2.5788326263427734,True,treatment_full_return_to_go
offline_pretrain,316,0,1.0,32,0,160,0,136.51673889160156,1839.71337890625,0.045345451682806015,48.04469680786133,136.51673889160156,1839.71337890625,0.045345451682806015,0.0004804469645023346,1976.27587890625,0.39746859669685364,False,0.2944052517414093,2.5878827571868896,True,treatment_full_return_to_go
offline_pretrain,317,0,1.0,32,0,160,0,159.41384887695312,2144.369140625,0.06432266533374786,48.04682159423828,159.41384887695312,2144.369140625,0.06432266533374786,0.000480468210298568,2303.84765625,0.5121592879295349,False,0.3191974461078644,2.597248077392578,True,treatment_full_return_to_go
offline_pretrain,318,0,1.0,32,0,160,0,187.2672882080078,1823.8365478515625,0.04887761175632477,48.049259185791016,187.2672882080078,1823.8365478515625,0.04887761175632477,0.0004804925702046603,2011.1531982421875,0.6257497072219849,False,0.3333422839641571,2.607139825820923,True,treatment_full_return_to_go
offline_pretrain,319,0,1.0,32,0,160,0,88.97409057617188,1897.5306396484375,0.12070351839065552,48.05215072631836,88.97409057617188,1897.5306396484375,0.12070351839065552,0.0004805214994121343,1986.6259765625,0.22881020605564117,False,0.2762311100959778,2.617743730545044,True,treatment_full_return_to_go
offline_pretrain,320,0,1.0,32,0,160,0,90.12238311767578,1789.448486328125,0.07692763954401016,48.05476379394531,90.12238311767578,1789.448486328125,0.07692763954401016,0.00048054763465188444,1879.6483154296875,0.22802779078483582,False,0.2979303300380707,2.627985715866089,True,treatment_full_return_to_go
offline_pretrain,321,0,1.0,32,0,160,0,137.4720916748047,1721.555908203125,0.04341263696551323,48.05718994140625,137.4720916748047,1721.555908203125,0.04341263696551323,0.0004805718781426549,1859.0718994140625,0.41033506393432617,False,0.3081027567386627,2.637963056564331,True,treatment_full_return_to_go
offline_pretrain,322,0,1.0,32,0,160,0,132.89707946777344,2017.3046875,0.015434042550623417,48.05976486206055,132.89707946777344,2017.3046875,0.015434042550623417,0.0004805976350326091,2150.217529296875,0.48881229758262634,False,0.3117498457431793,2.6481733322143555,True,treatment_full_return_to_go
offline_pretrain,323,0,1.0,32,0,160,0,30.2735538482666,2246.93310546875,0.014280121773481369,48.06260681152344,30.2735538482666,2246.93310546875,0.014280121773481369,0.00048062606947496533,2277.22119140625,0.31998664140701294,False,0.26319992542266846,2.6586639881134033,True,treatment_full_return_to_go
offline_pretrain,324,0,1.0,32,0,160,0,109.80326080322266,2200.787841796875,0.031359922140836716,48.065406799316406,109.80326080322266,2200.787841796875,0.031359922140836716,0.0004806540673598647,2310.622802734375,0.4386958181858063,False,0.32844915986061096,2.6684622764587402,True,treatment_full_return_to_go
offline_pretrain,325,0,1.0,32,0,160,0,93.41909790039062,1930.9056396484375,0.07295286655426025,48.068389892578125,93.41909790039062,1930.9056396484375,0.07295286655426025,0.00048068389878608286,2024.398193359375,0.2481907159090042,False,0.27674826979637146,2.6783370971679688,True,treatment_full_return_to_go
offline_pretrain,326,0,1.0,32,0,160,0,41.88137435913086,2095.776611328125,0.10375041514635086,48.071224212646484,41.88137435913086,2095.776611328125,0.10375041514635086,0.00048071221681311727,2137.76220703125,0.4015848636627197,False,0.2555711567401886,2.6879940032958984,True,treatment_full_return_to_go
offline_pretrain,327,0,1.0,32,0,160,0,115.54373168945312,2159.12939453125,0.09383953362703323,48.074100494384766,115.54373168945312,2159.12939453125,0.09383953362703323,0.000480741000501439,2274.767333984375,0.30253365635871887,False,0.3091326653957367,2.840472459793091,True,treatment_full_return_to_go
offline_pretrain,328,0,1.0,32,0,160,0,3.0516245365142822,2210.6103515625,0.01688988320529461,48.076881408691406,3.0516245365142822,2210.6103515625,0.01688988320529461,0.00048076879465952516,2213.67919921875,0.28923702239990234,False,0.2833906412124634,2.574138879776001,True,treatment_full_return_to_go
offline_pretrain,329,0,1.0,32,0,160,0,75.48479461669922,1751.933837890625,0.1271039843559265,48.079505920410156,75.48479461669922,1751.933837890625,0.1271039843559265,0.00048079504631459713,1827.546142578125,0.2102890908718109,False,0.25712576508522034,2.855445623397827,True,treatment_full_return_to_go
offline_pretrain,330,0,1.0,32,0,160,0,164.05545043945312,1752.860107421875,0.046452756971120834,48.08182907104492,164.05545043945312,1752.860107421875,0.046452756971120834,0.0004808182711713016,1916.9625244140625,0.45707330107688904,False,0.33148106932640076,2.86224102973938,True,treatment_full_return_to_go
offline_pretrain,331,0,1.0,32,0,160,0,121.59889221191406,2164.539306640625,0.15025128424167633,48.084354400634766,121.59889221191406,2164.539306640625,0.15025128424167633,0.00048084353329613805,2286.288818359375,0.31283658742904663,False,0.30968010425567627,2.731055974960327,True,treatment_full_return_to_go
offline_pretrain,332,0,1.0,32,0,160,0,111.4012680053711,2325.666015625,0.07994583249092102,48.08673095703125,111.4012680053711,2325.666015625,0.07994583249092102,0.0004808673111256212,2437.147705078125,0.3596908748149872,False,0.3137573003768921,2.8769147396087646,True,treatment_full_return_to_go
offline_pretrain,333,0,1.0,32,0,160,0,72.99951934814453,1961.9942626953125,0.12124243378639221,48.0892219543457,72.99951934814453,1961.9942626953125,0.12124243378639221,0.0004808921949006617,2035.115478515625,0.24310104548931122,False,0.2649877965450287,2.748781204223633,True,treatment_full_return_to_go
offline_pretrain,334,0,1.0,32,0,160,0,72.49462890625,2417.5263671875,0.08660383522510529,48.09137725830078,72.49462890625,2417.5263671875,0.08660383522510529,0.00048091376083903015,2490.108154296875,0.1907886564731598,False,0.305219829082489,2.7573533058166504,True,treatment_full_return_to_go
offline_pretrain,335,0,1.0,32,0,160,0,94.80744934082031,2084.689453125,0.07116930186748505,48.09327697753906,94.80744934082031,2084.689453125,0.07116930186748505,0.0004809327656403184,2179.568603515625,0.2856651246547699,False,0.2948552966117859,2.898237705230713,True,treatment_full_return_to_go
offline_pretrain,336,0,1.0,32,0,160,0,117.00858306884766,2127.07861328125,0.07484563440084457,48.09516906738281,117.00858306884766,2127.07861328125,0.07484563440084457,0.00048095168313011527,2244.16259765625,0.3435496389865875,False,0.3318534195423126,2.9050631523132324,True,treatment_full_return_to_go
offline_pretrain,337,0,1.0,32,0,160,0,171.54205322265625,1719.83056640625,0.07074678689241409,48.09717559814453,171.54205322265625,1719.83056640625,0.07074678689241409,0.00048097173566929996,1891.44384765625,0.4560451805591583,False,0.32551637291908264,2.7823684215545654,True,treatment_full_return_to_go
offline_pretrain,338,0,1.0,32,0,160,0,58.558189392089844,2293.975830078125,0.028993621468544006,48.099395751953125,58.558189392089844,2293.975830078125,0.028993621468544006,0.00048099394189193845,2352.5634765625,0.20518167316913605,False,0.30385473370552063,2.7915828227996826,True,treatment_full_return_to_go
offline_pretrain,339,0,1.0,32,0,160,0,58.60929870605469,2349.95849609375,0.02930452488362789,48.10154724121094,58.60929870605469,2349.95849609375,0.02930452488362789,0.000481015449622646,2408.59765625,0.22972027957439423,False,0.30375728011131287,2.8004560470581055,True,treatment_full_return_to_go
offline_pretrain,340,0,1.0,32,0,160,0,68.05960845947266,1916.595458984375,0.17403791844844818,48.1036376953125,68.05960845947266,1916.595458984375,0.17403791844844818,0.00048103637527674437,1984.82958984375,0.3018304705619812,False,0.2754567563533783,2.809016704559326,True,treatment_full_return_to_go
offline_pretrain,341,0,1.0,32,0,160,0,176.347412109375,1431.0625,0.0730719119310379,48.105445861816406,176.347412109375,1431.0625,0.0730719119310379,0.000481054448755458,1607.4835205078125,0.45230913162231445,False,0.3285617232322693,2.817265510559082,True,treatment_full_return_to_go
offline_pretrain,342,0,1.0,32,0,160,0,84.3753890991211,2395.16455078125,0.02863103710114956,48.10744094848633,84.3753890991211,2395.16455078125,0.02863103710114956,0.00048107438487932086,2479.569091796875,0.31150197982788086,False,0.3136679232120514,2.8263115882873535,True,treatment_full_return_to_go
offline_pretrain,343,0,1.0,32,0,160,0,131.1663360595703,2016.511474609375,0.01640556938946247,48.10951614379883,131.1663360595703,2016.511474609375,0.01640556938946247,0.0004810951359104365,2147.694580078125,0.4899667501449585,False,0.3240875005722046,2.835317373275757,True,treatment_full_return_to_go
offline_pretrain,344,0,1.0,32,0,160,0,86.70177459716797,2044.41357421875,0.04550217092037201,48.1119499206543,86.70177459716797,2044.41357421875,0.04550217092037201,0.0004811194958165288,2131.1611328125,0.3061203062534332,False,0.28597918152809143,2.8448166847229004,True,treatment_full_return_to_go
offline_pretrain,345,0,1.0,32,0,160,0,40.16221237182617,1994.8885498046875,0.0745164006948471,48.11441421508789,40.16221237182617,1994.8885498046875,0.0745164006948471,0.0004811441176570952,2035.125732421875,0.12268969416618347,False,0.26242730021476746,2.8542490005493164,True,treatment_full_return_to_go
offline_pretrain,346,0,1.0,32,0,160,0,90.1434326171875,2065.19921875,0.06962689757347107,48.11663818359375,90.1434326171875,2065.19921875,0.06962689757347107,0.0004811663820873946,2155.412841796875,0.28872817754745483,False,0.2962242662906647,2.863049268722534,True,treatment_full_return_to_go
offline_pretrain,347,0,1.0,32,0,160,0,110.15133666992188,2126.38037109375,0.05846031755208969,48.118892669677734,110.15133666992188,2126.38037109375,0.05846031755208969,0.0004811889084521681,2236.590576171875,0.3758968114852905,False,0.3204208016395569,2.986481189727783,True,treatment_full_return_to_go
offline_pretrain,348,0,1.0,32,0,160,0,124.43492889404297,1415.5975341796875,0.08425993472337723,48.12134552001953,124.43492889404297,1415.5975341796875,0.08425993472337723,0.00048121344298124313,1540.1171875,0.3447358310222626,False,0.27788618206977844,2.8808693885803223,True,treatment_full_return_to_go
offline_pretrain,349,0,1.0,32,0,160,0,43.906944274902344,2123.036376953125,0.1002727597951889,48.123817443847656,43.906944274902344,2123.036376953125,0.1002727597951889,0.0004812381521333009,2167.044189453125,0.15037491917610168,False,0.2861706018447876,2.8902056217193604,True,treatment_full_return_to_go
offline_pretrain,350,0,1.0,32,0,160,0,13.280306816101074,1930.4307861328125,0.10242598503828049,48.12592315673828,13.280306816101074,1930.4307861328125,0.10242598503828049,0.0004812592233065516,1943.81396484375,0.14514398574829102,False,0.2468852400779724,2.0548553466796875,True,treatment_full_return_to_go
offline_pretrain,351,0,1.0,32,0,160,0,78.78298950195312,2135.974365234375,0.1485300362110138,48.12766647338867,78.78298950195312,2135.974365234375,0.1485300362110138,0.00048127665650099516,2214.90625,0.27045685052871704,False,0.2785375118255615,2.9066596031188965,True,treatment_full_return_to_go
offline_pretrain,352,0,1.0,32,0,160,0,138.1381378173828,2193.14599609375,0.04389515891671181,48.12909698486328,138.1381378173828,2193.14599609375,0.04389515891671181,0.0004812909464817494,2331.32861328125,0.464656800031662,False,0.34171026945114136,3.021656036376953,True,treatment_full_return_to_go
offline_pretrain,353,0,1.0,32,0,160,0,165.44241333007812,2009.031494140625,0.02690153196454048,48.13088607788086,165.44241333007812,2009.031494140625,0.02690153196454048,0.0004813088453374803,2174.501220703125,0.48745080828666687,False,0.3415449559688568,2.922544002532959,True,treatment_full_return_to_go
offline_pretrain,354,0,1.0,32,0,160,0,130.3475799560547,2334.76904296875,0.05811172351241112,48.13300323486328,130.3475799560547,2334.76904296875,0.05811172351241112,0.0004813300329260528,2465.17529296875,0.451761931180954,False,0.3572372794151306,3.0362112522125244,True,treatment_full_return_to_go
offline_pretrain,355,0,1.0,32,0,160,0,132.25759887695312,2089.60107421875,0.01553898211568594,48.13544845581055,132.25759887695312,2089.60107421875,0.01553898211568594,0.00048135448014363647,2221.874755859375,0.41550198197364807,False,0.3331746757030487,2.941624164581299,True,treatment_full_return_to_go
offline_pretrain,356,0,1.0,32,0,160,0,113.44124603271484,1896.10888671875,0.06134520471096039,48.13808822631836,113.44124603271484,1896.10888671875,0.06134520471096039,0.0004813808773178607,2009.612060546875,0.4255819022655487,False,0.2926270365715027,2.951960802078247,True,treatment_full_return_to_go
offline_pretrain,357,0,1.0,32,0,160,0,86.35310363769531,1873.7698974609375,0.02659117989242077,48.140899658203125,86.35310363769531,1873.7698974609375,0.02659117989242077,0.00048140899161808193,1960.150146484375,0.26440733671188354,False,0.2914750277996063,2.9625208377838135,True,treatment_full_return_to_go
offline_pretrain,358,0,1.0,32,0,160,0,170.58973693847656,1816.2723388671875,0.10606412589550018,48.14366912841797,170.58973693847656,1816.2723388671875,0.10606412589550018,0.0004814366693608463,1986.9686279296875,0.4752688407897949,False,0.3377649188041687,2.972979784011841,True,treatment_full_return_to_go
offline_pretrain,359,0,1.0,32,0,160,0,143.01283264160156,1706.9556884765625,0.07434515655040741,48.146644592285156,143.01283264160156,1706.9556884765625,0.07434515655040741,0.0004814664425794035,1850.0433349609375,0.3919551372528076,False,0.32339760661125183,2.9841814041137695,True,treatment_full_return_to_go
offline_pretrain,360,0,1.0,32,0,160,0,142.2650909423828,1865.2579345703125,0.11044501513242722,48.1496467590332,142.2650909423828,1865.2579345703125,0.11044501513242722,0.0004814964486286044,2007.634033203125,0.42431214451789856,False,0.3019348978996277,2.995769739151001,True,treatment_full_return_to_go
offline_pretrain,361,0,1.0,32,0,160,0,57.287078857421875,2220.545654296875,0.09744833409786224,48.15278625488281,57.287078857421875,2220.545654296875,0.09744833409786224,0.00048152785166166723,2277.9306640625,0.2523144483566284,False,0.285481333732605,3.007730484008789,True,treatment_full_return_to_go
offline_pretrain,362,0,1.0,32,0,160,0,84.49786376953125,2327.90771484375,0.06318755447864532,48.155765533447266,84.49786376953125,2327.90771484375,0.06318755447864532,0.0004815576539840549,2412.46923828125,0.4335700273513794,False,0.29040634632110596,3.0191400051116943,True,treatment_full_return_to_go
offline_pretrain,363,0,1.0,32,0,160,0,125.9634017944336,1633.99267578125,0.16744095087051392,48.15890884399414,125.9634017944336,1633.99267578125,0.16744095087051392,0.0004815890861209482,1760.1240234375,0.3374851942062378,False,0.28328102827072144,3.0304064750671387,True,treatment_full_return_to_go
offline_pretrain,364,0,1.0,32,0,160,0,144.94883728027344,1644.18212890625,0.10109572857618332,48.16195297241211,144.94883728027344,1644.18212890625,0.10109572857618332,0.00048161952872760594,1789.2325439453125,0.40123414993286133,False,0.32041728496551514,3.041757345199585,True,treatment_full_return_to_go
offline_pretrain,365,0,1.0,32,0,160,0,138.5157470703125,1763.460205078125,0.07659796625375748,48.16513442993164,138.5157470703125,1763.460205078125,0.07659796625375748,0.00048165133921429515,1902.052978515625,0.4087824821472168,False,0.33307746052742004,3.053492784500122,True,treatment_full_return_to_go
offline_pretrain,366,0,1.0,32,0,160,0,184.80210876464844,2195.547119140625,0.013150780461728573,48.16840744018555,184.80210876464844,2195.547119140625,0.013150780461728573,0.0004816840519197285,2380.36279296875,0.5941094160079956,False,0.379502534866333,3.0656116008758545,True,treatment_full_return_to_go
offline_pretrain,367,0,1.0,32,0,160,0,141.25721740722656,1862.13427734375,0.07513286173343658,48.17206954956055,141.25721740722656,1862.13427734375,0.07513286173343658,0.00048172069364227355,2003.467041015625,0.4221521019935608,False,0.30987340211868286,3.078707456588745,True,treatment_full_return_to_go
offline_pretrain,368,0,1.0,32,0,160,0,82.73242950439453,2593.125,0.03071511536836624,48.17582702636719,82.73242950439453,2593.125,0.03071511536836624,0.0004817582666873932,2675.888671875,0.2728871703147888,False,0.31854355335235596,3.092099666595459,True,treatment_full_return_to_go
offline_pretrain,369,0,1.0,32,0,160,0,115.71397399902344,2091.80810546875,0.10040295124053955,48.17947006225586,115.71397399902344,2091.80810546875,0.10040295124053955,0.00048179467557929456,2207.622802734375,0.3230048418045044,False,0.29813018441200256,3.1051583290100098,True,treatment_full_return_to_go
offline_pretrain,370,0,1.0,32,0,160,0,106.1457290649414,2324.965576171875,0.01522095873951912,48.183082580566406,106.1457290649414,2324.965576171875,0.01522095873951912,0.0004818308225367218,2431.126953125,0.37794095277786255,False,0.32648274302482605,3.1181328296661377,True,treatment_full_return_to_go
offline_pretrain,371,0,1.0,32,0,160,0,119.09652709960938,1968.20947265625,0.07200422137975693,48.1867790222168,119.09652709960938,1968.20947265625,0.07200422137975693,0.0004818677844014019,2087.37841796875,0.34048280119895935,False,0.33277761936187744,3.2005457878112793,True,treatment_full_return_to_go
offline_pretrain,372,0,1.0,32,0,160,0,37.261470794677734,2103.97900390625,0.07044929265975952,48.190406799316406,37.261470794677734,2103.97900390625,0.07044929265975952,0.00048190404777415097,2141.3115234375,0.11875788867473602,False,0.30349108576774597,3.1441476345062256,True,treatment_full_return_to_go
offline_pretrain,373,0,1.0,32,0,160,0,54.83735275268555,2196.418212890625,0.04913672059774399,48.19370651245117,54.83735275268555,2196.418212890625,0.04913672059774399,0.0004819370515178889,2251.30517578125,0.34831979870796204,False,0.311237096786499,3.156190872192383,True,treatment_full_return_to_go
offline_pretrain,374,0,1.0,32,0,160,0,81.15635681152344,2463.50439453125,0.015474162995815277,48.197025299072266,81.15635681152344,2463.50439453125,0.015474162995815277,0.0004819702298846096,2544.676513671875,0.25682446360588074,False,0.33674877882003784,3.230663537979126,True,treatment_full_return_to_go
offline_pretrain,375,0,1.0,32,0,160,0,163.25439453125,2373.16796875,0.027638209983706474,48.200252532958984,163.25439453125,2373.16796875,0.027638209983706474,0.0004820025060325861,2536.450439453125,0.7244548201560974,False,0.3649860918521881,3.179158926010132,True,treatment_full_return_to_go
offline_pretrain,376,0,1.0,32,0,160,0,144.02978515625,1744.9720458984375,0.1403254270553589,48.20414352416992,144.02978515625,1744.9720458984375,0.1403254270553589,0.00048204141785390675,1889.1427001953125,0.45917192101478577,False,0.33301571011543274,3.191493272781372,True,treatment_full_return_to_go
offline_pretrain,377,0,1.0,32,0,160,0,38.39167785644531,2237.542236328125,0.09271768480539322,48.20805740356445,38.39167785644531,2237.542236328125,0.09271768480539322,0.00048208056250587106,2276.027099609375,0.17765304446220398,False,0.27464011311531067,3.204244375228882,True,treatment_full_return_to_go
offline_pretrain,378,0,1.0,32,0,160,0,69.88444519042969,1714.136962890625,0.0995699018239975,48.211578369140625,69.88444519042969,1714.136962890625,0.0995699018239975,0.0004821157781407237,1784.1214599609375,0.18876563012599945,False,0.27538979053497314,3.21610426902771,True,treatment_full_return_to_go
offline_pretrain,379,0,1.0,32,0,160,0,93.19828796386719,1943.37158203125,0.05496201664209366,48.21482467651367,93.19828796386719,1943.37158203125,0.05496201664209366,0.00048214822891168296,2036.625244140625,0.2745155096054077,False,0.27752941846847534,3.227445125579834,True,treatment_full_return_to_go
offline_pretrain,380,0,1.0,32,0,160,0,135.87771606445312,2246.627685546875,0.028355203568935394,48.218013763427734,135.87771606445312,2246.627685546875,0.028355203568935394,0.00048218012670986354,2382.5341796875,0.5226163268089294,False,0.32399851083755493,3.2386906147003174,True,treatment_full_return_to_go
offline_pretrain,381,0,1.0,32,0,160,0,44.28964614868164,1817.76708984375,0.07113972306251526,48.2215690612793,44.28964614868164,1817.76708984375,0.07113972306251526,0.00048221569159068167,1862.12841796875,0.14633312821388245,False,0.2719777822494507,3.250537395477295,True,treatment_full_return_to_go
offline_pretrain,382,0,1.0,32,0,160,0,86.27708435058594,2045.71728515625,0.026208091527223587,48.2247314453125,86.27708435058594,2045.71728515625,0.026208091527223587,0.0004822472983505577,2132.02099609375,0.2880481481552124,False,0.31896889209747314,3.308732032775879,True,treatment_full_return_to_go
offline_pretrain,383,0,1.0,32,0,160,0,124.01156616210938,1845.1158447265625,0.09775354713201523,48.22788619995117,124.01156616210938,1845.1158447265625,0.09775354713201523,0.0004822788469027728,1969.2257080078125,0.33499106764793396,False,0.3111162781715393,3.2725813388824463,True,treatment_full_return_to_go
offline_pretrain,384,0,1.0,32,0,160,0,92.93494415283203,2329.54833984375,0.08397602289915085,48.23103713989258,92.93494415283203,2329.54833984375,0.08397602289915085,0.0004823103663511574,2422.56787109375,0.28446274995803833,False,0.3399829864501953,3.2838191986083984,True,treatment_full_return_to_go
offline_pretrain,385,0,1.0,32,0,160,0,65.21370697021484,2279.306640625,0.05654535070061684,48.23417663574219,65.21370697021484,2279.306640625,0.05654535070061684,0.0004823417402803898,2344.577392578125,0.18653550744056702,False,0.30112242698669434,3.2949414253234863,True,treatment_full_return_to_go
offline_pretrain,386,0,1.0,32,0,160,0,106.69794464111328,1871.70947265625,0.01535247452557087,48.23707962036133,106.69794464111328,1871.70947265625,0.01535247452557087,0.0004823707859031856,1978.42333984375,0.3523710370063782,False,0.33430013060569763,3.305662155151367,True,treatment_full_return_to_go
offline_pretrain,387,0,1.0,32,0,160,0,159.20901489257812,2067.8486328125,0.04478312283754349,48.2401008605957,159.20901489257812,2067.8486328125,0.04478312283754349,0.0004824009956791997,2227.102783203125,0.5215295553207397,False,0.34883540868759155,3.3167176246643066,True,treatment_full_return_to_go
offline_pretrain,388,0,1.0,32,0,160,0,91.04814910888672,1677.3262939453125,0.05653369426727295,48.24350357055664,91.04814910888672,1677.3262939453125,0.05653369426727295,0.0004824350180570036,1768.431396484375,0.26719778776168823,False,0.3247774839401245,3.328730583190918,True,treatment_full_return_to_go
offline_pretrain,389,0,1.0,32,0,160,0,97.5062026977539,1702.422607421875,0.08480705320835114,48.246829986572266,97.5062026977539,1702.422607421875,0.08480705320835114,0.00048246828373521566,1800.01416015625,0.284284383058548,False,0.29591578245162964,3.340613842010498,True,treatment_full_return_to_go
offline_pretrain,390,0,1.0,32,0,160,0,33.26983642578125,2331.092529296875,0.06135602295398712,48.25007629394531,33.26983642578125,2331.092529296875,0.06135602295398712,0.0004825007636100054,2364.424072265625,0.16080226004123688,False,0.3025040328502655,3.352379083633423,True,treatment_full_return_to_go
offline_pretrain,391,0,1.0,32,0,160,0,71.88751983642578,2109.347412109375,0.10074851661920547,48.253089904785156,71.88751983642578,2109.347412109375,0.10074851661920547,0.0004825308860745281,2181.336181640625,0.2203938066959381,False,0.29440826177597046,3.3927438259124756,True,treatment_full_return_to_go
offline_pretrain,392,0,1.0,32,0,160,0,88.2295913696289,1944.11865234375,0.09383557736873627,48.255855560302734,88.2295913696289,1944.11865234375,0.09383557736873627,0.000482558534713462,2032.442626953125,0.27504628896713257,False,0.3088747262954712,3.3739781379699707,True,treatment_full_return_to_go
offline_pretrain,393,0,1.0,32,0,160,0,36.56092071533203,2430.61181640625,0.0936938002705574,48.25856018066406,36.56092071533203,2430.61181640625,0.0936938002705574,0.00048258560127578676,2467.26708984375,0.16411982476711273,False,0.3016011714935303,3.384598970413208,True,treatment_full_return_to_go
offline_pretrain,394,0,1.0,32,0,160,0,67.4199447631836,2166.742919921875,0.10803522914648056,48.260887145996094,67.4199447631836,2166.742919921875,0.10803522914648056,0.0004826088552363217,2234.271484375,0.21893224120140076,False,0.3198639154434204,3.3945064544677734,True,treatment_full_return_to_go
offline_pretrain,395,0,1.0,32,0,160,0,37.59251022338867,2101.77099609375,0.0417625866830349,48.262943267822266,37.59251022338867,2101.77099609375,0.0417625866830349,0.0004826294316444546,2139.40576171875,0.10891500860452652,False,0.2897440493106842,3.4041314125061035,True,treatment_full_return_to_go
offline_pretrain,396,0,1.0,32,0,160,0,141.3044891357422,1700.9110107421875,0.0912097841501236,48.26479721069336,141.3044891357422,1700.9110107421875,0.0912097841501236,0.00048264797078445554,1842.30712890625,0.4299631416797638,False,0.325839638710022,3.4131808280944824,True,treatment_full_return_to_go
offline_pretrain,397,0,1.0,32,0,160,0,81.50942993164062,2585.809814453125,0.0772981122136116,48.26695251464844,81.50942993164062,2585.809814453125,0.0772981122136116,0.0004826695076189935,2667.397216796875,0.2678214907646179,False,0.35142210125923157,3.42311954498291,True,treatment_full_return_to_go
offline_pretrain,398,0,1.0,32,0,160,0,87.11814880371094,1977.81298828125,0.044610846787691116,48.2691764831543,87.11814880371094,1977.81298828125,0.044610846787691116,0.00048269174294546247,2064.976318359375,0.3239816725254059,False,0.3323770761489868,3.4331414699554443,True,treatment_full_return_to_go
offline_pretrain,399,0,1.0,32,0,160,0,188.4917755126953,2106.044189453125,0.06058523803949356,48.271575927734375,188.4917755126953,2106.044189453125,0.06058523803949356,0.00048271575360558927,2294.596923828125,0.6309074759483337,False,0.3804958462715149,3.4576611518859863,True,treatment_full_return_to_go
offline_pretrain,400,0,1.0,32,0,160,0,174.9388885498047,2179.370361328125,0.0974898636341095,48.274600982666016,174.9388885498047,2179.370361328125,0.0974898636341095,0.0004827459924854338,2354.4072265625,0.51747727394104,False,0.3668736517429352,3.4550364017486572,True,treatment_full_return_to_go
offline_pretrain,401,0,1.0,32,0,160,0,213.06195068359375,2151.8828125,0.04560365155339241,48.278045654296875,213.06195068359375,2151.8828125,0.04560365155339241,0.0004827804514206946,2364.990966796875,0.7015185952186584,False,0.4177277982234955,3.467740535736084,True,treatment_full_return_to_go
offline_pretrain,402,0,1.0,32,0,160,0,69.48112487792969,1927.551025390625,0.08975054323673248,48.282081604003906,69.48112487792969,1927.551025390625,0.08975054323673248,0.0004828207893297076,1997.122314453125,0.2198115587234497,False,0.28417301177978516,3.4820845127105713,True,treatment_full_return_to_go
offline_pretrain,403,0,1.0,32,0,160,0,9.931659698486328,2359.2041015625,0.04395947605371475,48.28575134277344,9.931659698486328,2359.2041015625,0.04395947605371475,0.00048285748925991356,2369.18017578125,0.08340524137020111,False,0.3098565340042114,3.4432213306427,True,treatment_full_return_to_go
offline_pretrain,404,0,1.0,32,0,160,0,107.98767852783203,2379.28369140625,0.015246913768351078,48.28886413574219,107.98767852783203,2379.28369140625,0.015246913768351078,0.00048288863035850227,2487.287109375,0.3724971413612366,False,0.37226545810699463,3.5080907344818115,True,treatment_full_return_to_go
offline_pretrain,405,0,1.0,32,0,160,0,95.16236877441406,2109.192626953125,0.1216336041688919,48.29214096069336,95.16236877441406,2109.192626953125,0.1216336041688919,0.00048292140127159655,2204.47705078125,0.25646859407424927,False,0.34305575489997864,3.5207324028015137,True,treatment_full_return_to_go
offline_pretrain,406,0,1.0,32,0,160,0,141.8057403564453,1856.050537109375,0.05855505168437958,48.29526138305664,141.8057403564453,1856.050537109375,0.05855505168437958,0.00048295260057784617,1997.9154052734375,0.43613821268081665,False,0.35429131984710693,3.5332140922546387,True,treatment_full_return_to_go
offline_pretrain,407,0,1.0,32,0,160,0,113.472900390625,2359.7900390625,0.04336799308657646,48.298583984375,113.472900390625,2359.7900390625,0.04336799308657646,0.00048298583715222776,2473.306884765625,0.3907448649406433,False,0.35397374629974365,3.5463356971740723,True,treatment_full_return_to_go
offline_pretrain,408,0,1.0,32,0,160,0,148.8427734375,1531.7530517578125,0.0664747804403305,48.30208206176758,148.8427734375,1531.7530517578125,0.0664747804403305,0.00048302081995643675,1680.662841796875,0.4813240170478821,False,0.3648720979690552,3.5597026348114014,True,treatment_full_return_to_go
offline_pretrain,409,0,1.0,32,0,160,0,58.128047943115234,2183.5166015625,0.15065798163414001,48.305850982666016,58.128047943115234,2183.5166015625,0.15065798163414001,0.0004830585094168782,2241.795654296875,0.253204345703125,False,0.28547558188438416,3.573671817779541,True,treatment_full_return_to_go
offline_pretrain,410,0,1.0,32,0,160,0,88.58781433105469,2021.6622314453125,0.04078522324562073,48.3094482421875,88.58781433105469,2021.6622314453125,0.04078522324562073,0.00048309448175132275,2110.291259765625,0.2861536741256714,False,0.3020345866680145,3.586901903152466,True,treatment_full_return_to_go
offline_pretrain,411,0,1.0,32,0,160,0,55.085723876953125,2420.81201171875,0.015460291877388954,48.31302261352539,55.085723876953125,2420.81201171875,0.015460291877388954,0.0004831302212551236,2475.91357421875,0.26120197772979736,False,0.3392986059188843,3.5999903678894043,True,treatment_full_return_to_go
offline_pretrain,412,0,1.0,32,0,160,0,112.46377563476562,1746.059814453125,0.0753755122423172,48.3165397644043,112.46377563476562,1746.059814453125,0.0753755122423172,0.00048316537868231535,1858.599365234375,0.34761908650398254,False,0.33497893810272217,3.612612009048462,True,treatment_full_return_to_go
offline_pretrain,413,0,1.0,32,0,160,0,134.97557067871094,2119.47607421875,0.0619695782661438,48.32011795043945,134.97557067871094,2119.47607421875,0.0619695782661438,0.00048320117639377713,2254.51416015625,0.46312418580055237,False,0.3795817196369171,3.62549090385437,True,treatment_full_return_to_go
offline_pretrain,414,0,1.0,32,0,160,0,125.32472229003906,1495.719482421875,0.11845286935567856,48.323936462402344,125.32472229003906,1495.719482421875,0.11845286935567856,0.00048323936061933637,1621.1630859375,0.3782954514026642,False,0.335477352142334,3.639036178588867,True,treatment_full_return_to_go
offline_pretrain,415,0,1.0,32,0,160,0,158.4066619873047,2069.2548828125,0.04721098020672798,48.32769012451172,158.4066619873047,2069.2548828125,0.04721098020672798,0.0004832768754567951,2227.709228515625,0.6199886202812195,False,0.39703816175460815,3.6527750492095947,True,treatment_full_return_to_go
offline_pretrain,416,0,1.0,32,0,160,0,95.05824279785156,1768.1202392578125,0.06940223276615143,48.33197021484375,95.05824279785156,1768.1202392578125,0.06940223276615143,0.00048331968719139695,1863.2484130859375,0.4422024190425873,False,0.2820807099342346,3.6675217151641846,True,treatment_full_return_to_go
offline_pretrain,417,0,1.0,32,0,160,0,104.56378173828125,2638.494384765625,0.00021401606500148773,48.336456298828125,104.56378173828125,2638.494384765625,0.00021401606500148773,0.00048336456529796124,2743.058837890625,0.48097923398017883,False,0.3913334608078003,3.6820666790008545,True,treatment_full_return_to_go
offline_pretrain,418,0,1.0,32,0,160,0,68.66596984863281,2143.3515625,0.08744805306196213,48.34116744995117,68.66596984863281,2143.3515625,0.08744805306196213,0.00048341165529564023,2212.10546875,0.2426794022321701,False,0.31223902106285095,3.6968281269073486,True,treatment_full_return_to_go
offline_pretrain,419,0,1.0,32,0,160,0,142.1106414794922,1825.0595703125,0.1496666520833969,48.345611572265625,142.1106414794922,1825.0595703125,0.1496666520833969,0.00048345609684474766,1967.3203125,0.44267332553863525,False,0.3497154414653778,3.710947275161743,True,treatment_full_return_to_go
offline_pretrain,420,0,1.0,32,0,160,0,142.21115112304688,1343.5628662109375,0.1053307056427002,48.35019302368164,142.21115112304688,1343.5628662109375,0.1053307056427002,0.00048350190627388656,1485.8798828125,0.47797176241874695,False,0.3289855718612671,3.725531578063965,True,treatment_full_return_to_go
offline_pretrain,421,0,1.0,32,0,160,0,116.17081451416016,1714.51953125,0.15611879527568817,48.355010986328125,116.17081451416016,1714.51953125,0.15611879527568817,0.0004835501022171229,1830.846923828125,0.38225576281547546,False,0.3510192632675171,3.740633010864258,True,treatment_full_return_to_go
offline_pretrain,422,0,1.0,32,0,160,0,115.84837341308594,1764.185302734375,0.07649554312229156,48.35961151123047,115.84837341308594,1764.185302734375,0.07649554312229156,0.000483596115373075,1880.1107177734375,0.3613330125808716,False,0.3566712737083435,3.755758762359619,True,treatment_full_return_to_go
offline_pretrain,423,0,1.0,32,0,160,0,82.42697143554688,2206.75927734375,0.07773858308792114,48.364131927490234,82.42697143554688,2206.75927734375,0.07773858308792114,0.0004836413136217743,2289.264404296875,0.2749951183795929,False,0.3709653615951538,3.771022081375122,True,treatment_full_return_to_go
offline_pretrain,424,0,1.0,32,0,160,0,135.4416961669922,1775.03466796875,0.07472452521324158,48.36852264404297,135.4416961669922,1775.03466796875,0.07472452521324158,0.00048368520219810307,1910.551513671875,0.45773619413375854,False,0.3543648421764374,3.785964012145996,True,treatment_full_return_to_go
offline_pretrain,425,0,1.0,32,0,160,0,109.11141967773438,2146.780029296875,0.0314079150557518,48.37310791015625,109.11141967773438,2146.780029296875,0.0314079150557518,0.0004837310698349029,2255.92333984375,0.437105655670166,False,0.36447763442993164,3.8014307022094727,True,treatment_full_return_to_go
offline_pretrain,426,0,1.0,32,0,160,0,162.4124298095703,2263.05029296875,0.027559848502278328,48.377872467041016,162.4124298095703,2263.05029296875,0.027559848502278328,0.00048377871280536056,2425.49072265625,0.5686992406845093,False,0.41482067108154297,3.8170604705810547,True,treatment_full_return_to_go
offline_pretrain,427,0,1.0,32,0,160,0,173.94064331054688,1725.690185546875,0.08598615229129791,48.38298797607422,173.94064331054688,1725.690185546875,0.08598615229129791,0.0004838298773393035,1899.71728515625,0.6266796588897705,False,0.37367331981658936,3.833616256713867,True,treatment_full_return_to_go
offline_pretrain,428,0,1.0,32,0,160,0,166.81234741210938,2297.88720703125,0.07300424575805664,48.388519287109375,166.81234741210938,2297.88720703125,0.07300424575805664,0.0004838851746171713,2464.77294921875,0.5887631773948669,False,0.4065140187740326,3.851060152053833,True,treatment_full_return_to_go
offline_pretrain,429,0,1.0,32,0,160,0,117.21334075927734,1883.9058837890625,0.08840715885162354,48.39434814453125,117.21334075927734,1883.9058837890625,0.08840715885162354,0.0004839434695895761,2001.2081298828125,0.4464682340621948,False,0.33165889978408813,3.8692963123321533,True,treatment_full_return_to_go
offline_pretrain,430,0,1.0,32,0,160,0,110.36398315429688,2224.699462890625,0.030562587082386017,48.400238037109375,110.36398315429688,2224.699462890625,0.030562587082386017,0.00048400237574242055,2335.094482421875,0.46132296323776245,False,0.3903457820415497,3.8874542713165283,True,treatment_full_return_to_go
offline_pretrain,431,0,1.0,32,0,160,0,66.42031860351562,1755.197021484375,0.10586181282997131,48.40620803833008,66.42031860351562,1755.197021484375,0.10586181282997131,0.0004840620676986873,1821.7236328125,0.29762643575668335,False,0.2930549383163452,3.905578136444092,True,treatment_full_return_to_go
offline_pretrain,432,0,1.0,32,0,160,0,117.93910217285156,1936.7421875,0.07283975183963776,48.41195297241211,117.93910217285156,1936.7421875,0.07283975183963776,0.0004841195186600089,2054.754638671875,0.4365212619304657,False,0.3297797739505768,3.9228355884552,True,treatment_full_return_to_go
offline_pretrain,433,0,1.0,32,0,160,0,109.70482635498047,2350.319580078125,0.030138123780488968,48.41774368286133,109.70482635498047,2350.319580078125,0.030138123780488968,0.0004841774352826178,2460.054931640625,0.3912074565887451,False,0.40458399057388306,3.940141201019287,True,treatment_full_return_to_go
offline_pretrain,434,0,1.0,32,0,160,0,83.19525146484375,2076.43994140625,0.02971186861395836,48.423500061035156,83.19525146484375,2076.43994140625,0.02971186861395836,0.0004842350026592612,2159.66552734375,0.4059790074825287,False,0.3235667049884796,3.957482099533081,True,treatment_full_return_to_go
offline_pretrain,435,0,1.0,32,0,160,0,116.2398681640625,2415.03173828125,0.07106276601552963,48.429283142089844,116.2398681640625,2415.03173828125,0.07106276601552963,0.00048429283197037876,2531.343017578125,0.37581878900527954,False,0.3761537969112396,3.9745020866394043,True,treatment_full_return_to_go
offline_pretrain,436,0,1.0,32,0,160,0,88.83192443847656,2051.083740234375,0.07345910370349884,48.434993743896484,88.83192443847656,2051.083740234375,0.07345910370349884,0.00048434993368573487,2139.98974609375,0.2711753249168396,False,0.3486613929271698,3.9915544986724854,True,treatment_full_return_to_go
offline_pretrain,437,0,1.0,32,0,160,0,127.95785522460938,1947.26025390625,0.09948795288801193,48.44043731689453,127.95785522460938,1947.26025390625,0.09948795288801193,0.00048440435784868896,2075.318115234375,0.41832101345062256,False,0.3712712228298187,4.008199214935303,True,treatment_full_return_to_go
offline_pretrain,438,0,1.0,32,0,160,0,111.85725402832031,2171.028564453125,0.04533364251255989,48.44589614868164,111.85725402832031,2171.028564453125,0.04533364251255989,0.0004844589566346258,2282.931640625,0.4358888864517212,False,0.3735969364643097,4.024982452392578,True,treatment_full_return_to_go
offline_pretrain,439,0,1.0,32,0,160,0,90.54572296142578,2179.3662109375,0.07677710056304932,48.451419830322266,90.54572296142578,2179.3662109375,0.07677710056304932,0.0004845141957048327,2269.989013671875,0.34653177857398987,False,0.33068522810935974,4.041897773742676,True,treatment_full_return_to_go
offline_pretrain,440,0,1.0,32,0,160,0,71.97502899169922,1935.486328125,0.18117502331733704,48.45689010620117,71.97502899169922,1935.486328125,0.18117502331733704,0.0004845688818022609,2007.6429443359375,0.31217122077941895,False,0.29919183254241943,4.058526039123535,True,treatment_full_return_to_go
offline_pretrain,441,0,1.0,32,0,160,0,55.21229553222656,2517.38720703125,0.014883614145219326,48.46179962158203,55.21229553222656,2517.38720703125,0.014883614145219326,0.0004846179799642414,2572.614990234375,0.28490200638771057,False,0.3545888662338257,4.074289321899414,True,treatment_full_return_to_go
offline_pretrain,442,0,1.0,32,0,160,0,37.7209587097168,2200.1611328125,0.07263559848070145,48.46662139892578,37.7209587097168,2200.1611328125,0.07263559848070145,0.0004846662050113082,2237.955322265625,0.18810440599918365,False,0.3650888204574585,4.089470386505127,True,treatment_full_return_to_go
offline_pretrain,443,0,1.0,32,0,160,0,111.5369873046875,1731.9005126953125,0.0879468321800232,48.47109603881836,111.5369873046875,1731.9005126953125,0.0879468321800232,0.0004847109375987202,1843.52587890625,0.37874680757522583,False,0.3531007170677185,4.103675842285156,True,treatment_full_return_to_go
offline_pretrain,444,0,1.0,32,0,160,0,122.91131591796875,1837.2313232421875,0.06665921956300735,48.47581100463867,122.91131591796875,1837.2313232421875,0.06665921956300735,0.0004847580858040601,1960.209716796875,0.43974122405052185,False,0.36958083510398865,4.11816930770874,True,treatment_full_return_to_go
offline_pretrain,445,0,1.0,32,0,160,0,115.70179748535156,1836.0091552734375,0.10145214945077896,48.48073196411133,115.70179748535156,1836.0091552734375,0.10145214945077896,0.00048480730038136244,1951.8128662109375,0.4664773941040039,False,0.34226861596107483,4.13308048248291,True,treatment_full_return_to_go
offline_pretrain,446,0,1.0,32,0,160,0,118.8580322265625,1886.87109375,0.052849192172288895,48.485931396484375,118.8580322265625,1886.87109375,0.052849192172288895,0.0004848593089263886,2005.782470703125,0.46452462673187256,False,0.36768221855163574,4.148308753967285,True,treatment_full_return_to_go
offline_pretrain,447,0,1.0,32,0,160,0,172.78533935546875,2128.68017578125,0.1332114189863205,48.49134063720703,172.78533935546875,2128.68017578125,0.1332114189863205,0.00048491338384337723,2301.599365234375,0.5516052842140198,False,0.39725980162620544,4.163915157318115,True,treatment_full_return_to_go
offline_pretrain,448,0,1.0,32,0,160,0,140.36070251464844,2064.361083984375,0.04239307716488838,48.49696350097656,140.36070251464844,2064.361083984375,0.04239307716488838,0.00048496961244381964,2204.7646484375,0.5142879486083984,False,0.4048183262348175,4.180612564086914,True,treatment_full_return_to_go
offline_pretrain,449,0,1.0,32,0,160,0,81.2628173828125,2108.5712890625,0.015743538737297058,48.50281524658203,81.2628173828125,2108.5712890625,0.015743538737297058,0.00048502814024686813,2189.85009765625,0.3965017795562744,False,0.39785537123680115,4.198043346405029,True,treatment_full_return_to_go
offline_pretrain,450,0,1.0,32,0,160,0,42.993045806884766,1888.501708984375,0.13298273086547852,48.508697509765625,42.993045806884766,1888.501708984375,0.13298273086547852,0.0004850869590882212,1931.628173828125,0.2665115296840668,False,0.3507266938686371,4.215261936187744,True,treatment_full_return_to_go
offline_pretrain,451,0,1.0,32,0,160,0,177.1712188720703,2157.8046875,0.06672900170087814,48.514320373535156,177.1712188720703,2157.8046875,0.06672900170087814,0.0004851431876886636,2335.04296875,0.5966856479644775,False,0.4391680359840393,4.231294631958008,True,treatment_full_return_to_go
offline_pretrain,452,0,1.0,32,0,160,0,104.18160247802734,1480.51611328125,0.14567381143569946,48.52024841308594,104.18160247802734,1480.51611328125,0.14567381143569946,0.00048520247219130397,1584.8438720703125,0.3242916166782379,False,0.3146849572658539,4.2485833168029785,True,treatment_full_return_to_go
offline_pretrain,453,0,1.0,32,0,160,0,138.5355224609375,2574.567138671875,0.025316260755062103,48.52582550048828,138.5355224609375,2574.567138671875,0.025316260755062103,0.00048525823513045907,2713.12841796875,0.5223595499992371,False,0.42677420377731323,4.265474796295166,True,treatment_full_return_to_go
offline_pretrain,454,0,1.0,32,0,160,0,61.82696533203125,1983.8935546875,0.07478354126214981,48.531681060791016,61.82696533203125,1983.8935546875,0.07478354126214981,0.000485316792037338,2045.7957763671875,0.20816200971603394,False,0.3327048718929291,4.283109188079834,True,treatment_full_return_to_go
offline_pretrain,455,0,1.0,32,0,160,0,176.8354949951172,1725.0865478515625,0.09985096752643585,48.537147521972656,176.8354949951172,1725.0865478515625,0.09985096752643585,0.00048537144903093576,1902.0223388671875,0.6091734766960144,False,0.4023975133895874,4.299962997436523,True,treatment_full_return_to_go
offline_pretrain,456,0,1.0,32,0,160,0,148.69151306152344,1570.561767578125,0.12942902743816376,48.54303741455078,148.69151306152344,1570.561767578125,0.12942902743816376,0.0004854303551837802,1719.3831787109375,0.4869424104690552,False,0.38863733410835266,4.31802225112915,True,treatment_full_return_to_go
offline_pretrain,457,0,1.0,32,0,160,0,121.61819458007812,1656.3603515625,0.08244729042053223,48.549015045166016,121.61819458007812,1656.3603515625,0.08244729042053223,0.0004854901344515383,1778.0614013671875,0.4104677140712738,False,0.379101037979126,4.336626052856445,True,treatment_full_return_to_go
offline_pretrain,458,0,1.0,32,0,160,0,34.00587844848633,2180.432861328125,0.027780592441558838,48.55497741699219,34.00587844848633,2180.432861328125,0.027780592441558838,0.00048554976820014417,2214.467041015625,0.1077929139137268,False,0.35707685351371765,4.355340003967285,True,treatment_full_return_to_go
offline_pretrain,459,0,1.0,32,0,160,0,59.70155334472656,2265.026611328125,0.05819350853562355,48.5604133605957,59.70155334472656,2265.026611328125,0.05819350853562355,0.00048560413415543735,2324.786865234375,0.2355366349220276,False,0.35796335339546204,4.372747898101807,True,treatment_full_return_to_go
offline_pretrain,460,0,1.0,32,0,160,0,40.978858947753906,1995.07275390625,0.1047690212726593,48.565677642822266,40.978858947753906,1995.07275390625,0.1047690212726593,0.0004856567538809031,2036.1568603515625,0.13099044561386108,False,0.3046663999557495,4.3893914222717285,True,treatment_full_return_to_go
offline_pretrain,461,0,1.0,32,0,160,0,115.3849868774414,2192.300537109375,0.07118256390094757,48.57050323486328,115.3849868774414,2192.300537109375,0.07118256390094757,0.0004857050080318004,2307.75732421875,0.403795450925827,False,0.36878731846809387,4.4048943519592285,True,treatment_full_return_to_go
offline_pretrain,462,0,1.0,32,0,160,0,67.96524047851562,1724.1129150390625,0.05354464426636696,48.57541275024414,67.96524047851562,1724.1129150390625,0.05354464426636696,0.0004857541061937809,1792.1322021484375,0.2827968895435333,False,0.3287723660469055,4.420844078063965,True,treatment_full_return_to_go
offline_pretrain,463,0,1.0,32,0,160,0,99.05160522460938,2007.09765625,0.1035463958978653,48.580230712890625,99.05160522460938,2007.09765625,0.1035463958978653,0.00048580230213701725,2106.253173828125,0.3327026665210724,False,0.40148818492889404,4.436286926269531,True,treatment_full_return_to_go
offline_pretrain,464,0,1.0,32,0,160,0,95.65400695800781,2161.173828125,0.06745108217000961,48.584861755371094,95.65400695800781,2161.173828125,0.06745108217000961,0.0004858486063312739,2256.895751953125,0.38335803151130676,False,0.3944607377052307,4.451700210571289,True,treatment_full_return_to_go
offline_pretrain,465,0,1.0,32,0,160,0,121.5262222290039,2223.884521484375,0.07006923109292984,48.58967208862305,121.5262222290039,2223.884521484375,0.07006923109292984,0.0004858967149630189,2345.481201171875,0.4087268114089966,False,0.4457821249961853,4.467188835144043,True,treatment_full_return_to_go
offline_pretrain,466,0,1.0,32,0,160,0,99.82054901123047,1716.67138671875,0.08030736446380615,48.594573974609375,99.82054901123047,1716.67138671875,0.08030736446380615,0.00048594572581350803,1816.57275390625,0.3393435776233673,False,0.3858088552951813,4.483193397521973,True,treatment_full_return_to_go
offline_pretrain,467,0,1.0,32,0,160,0,118.87825012207031,1736.576171875,0.07252691686153412,48.599491119384766,118.87825012207031,1736.576171875,0.07252691686153412,0.0004859949112869799,1855.5274658203125,0.4508504569530487,False,0.3587420880794525,4.499171257019043,True,treatment_full_return_to_go
offline_pretrain,468,0,1.0,32,0,160,0,67.05028533935547,2552.3154296875,0.0722072646021843,48.60462188720703,67.05028533935547,2552.3154296875,0.0722072646021843,0.0004860461922362447,2619.4384765625,0.22899192571640015,False,0.39721956849098206,4.515660285949707,True,treatment_full_return_to_go
offline_pretrain,469,0,1.0,32,0,160,0,192.95960998535156,1565.5244140625,0.05576051026582718,48.60948944091797,192.95960998535156,1565.5244140625,0.05576051026582718,0.0004860948829445988,1758.540283203125,0.7334763407707214,False,0.45722314715385437,4.531566619873047,True,treatment_full_return_to_go
offline_pretrain,470,0,1.0,32,0,160,0,115.57000732421875,2051.58203125,0.039788857102394104,48.615116119384766,115.57000732421875,2051.58203125,0.039788857102394104,0.00048615114064887166,2167.1923828125,0.4629696309566498,False,0.3834912180900574,4.549472332000732,True,treatment_full_return_to_go
offline_pretrain,471,0,1.0,32,0,160,0,98.31282806396484,2083.60986328125,0.08297785371541977,48.62098693847656,98.31282806396484,2083.60986328125,0.08297785371541977,0.0004862098430749029,2182.006103515625,0.3252425193786621,False,0.3765150308609009,4.567777633666992,True,treatment_full_return_to_go
offline_pretrain,472,0,1.0,32,0,160,0,120.85367584228516,2273.3759765625,0.1353229284286499,48.62670135498047,120.85367584228516,2273.3759765625,0.1353229284286499,0.0004862670029979199,2394.365478515625,0.4498259127140045,False,0.4264642298221588,4.5858306884765625,True,treatment_full_return_to_go
offline_pretrain,473,0,1.0,32,0,160,0,64.72396087646484,2249.777099609375,0.08827753365039825,48.63230895996094,64.72396087646484,2249.777099609375,0.08827753365039825,0.00048632308607921004,2314.58984375,0.2842358946800232,False,0.3661634624004364,4.60415506362915,True,treatment_full_return_to_go
offline_pretrain,474,0,1.0,32,0,160,0,62.73756790161133,2358.4189453125,0.08865944296121597,48.637794494628906,62.73756790161133,2358.4189453125,0.08865944296121597,0.000486377946799621,2421.24560546875,0.2228768914937973,False,0.3524949252605438,4.621801853179932,True,treatment_full_return_to_go
offline_pretrain,475,0,1.0,32,0,160,0,44.84872055053711,1963.738525390625,0.08516199886798859,48.64297103881836,44.84872055053711,1963.738525390625,0.08516199886798859,0.00048642969341017306,2008.6729736328125,0.14963719248771667,False,0.3157616853713989,4.638706684112549,True,treatment_full_return_to_go
offline_pretrain,476,0,1.0,32,0,160,0,94.87140655517578,2235.859130859375,0.09943388402462006,48.6478271484375,94.87140655517578,2235.859130859375,0.09943388402462006,0.00048647826770320535,2330.830322265625,0.3123362958431244,False,0.3640449047088623,4.654505252838135,True,treatment_full_return_to_go
offline_pretrain,477,0,1.0,32,0,160,0,200.39102172851562,1718.9542236328125,0.10457517951726913,48.65266799926758,200.39102172851562,1718.9542236328125,0.10457517951726913,0.0004865266673732549,1919.4503173828125,0.7153240442276001,False,0.47262170910835266,4.670290470123291,True,treatment_full_return_to_go
offline_pretrain,478,0,1.0,32,0,160,0,144.13331604003906,2307.209716796875,0.05605404078960419,48.65818786621094,144.13331604003906,2307.209716796875,0.05605404078960419,0.0004865818773396313,2451.399658203125,0.5395527482032776,False,0.4937903583049774,4.688171863555908,True,treatment_full_return_to_go
offline_pretrain,479,0,1.0,32,0,160,0,29.84096336364746,2503.5380859375,0.04639171063899994,48.66401672363281,29.84096336364746,2503.5380859375,0.04639171063899994,0.0004866401432082057,2533.426025390625,0.1255466192960739,False,0.4042162299156189,4.707010746002197,True,treatment_full_return_to_go
offline_pretrain,480,0,1.0,32,0,160,0,103.87319946289062,1760.3087158203125,0.14314375817775726,48.669376373291016,103.87319946289062,1760.3087158203125,0.14314375817775726,0.000486693752463907,1864.3255615234375,0.33419492840766907,False,0.3600096106529236,4.724555015563965,True,treatment_full_return_to_go
offline_pretrain,481,0,1.0,32,0,160,0,39.98778533935547,1966.9989013671875,0.08569839596748352,48.674747467041016,39.98778533935547,1966.9989013671875,0.08569839596748352,0.0004867474490310997,2007.0728759765625,0.17185257375240326,False,0.31720685958862305,4.741950511932373,True,treatment_full_return_to_go
offline_pretrain,482,0,1.0,32,0,160,0,109.26239776611328,2324.850341796875,0.04383938014507294,48.67977523803711,109.26239776611328,2324.850341796875,0.04383938014507294,0.0004867977404501289,2434.1572265625,0.4876495897769928,False,0.43413883447647095,4.758206367492676,True,treatment_full_return_to_go
offline_pretrain,483,0,1.0,32,0,160,0,79.66405487060547,2390.57666015625,0.03113151527941227,48.685184478759766,79.66405487060547,2390.57666015625,0.03113151527941227,0.000486851844470948,2470.2724609375,0.3354833424091339,False,0.4011843204498291,4.775111198425293,True,treatment_full_return_to_go
offline_pretrain,484,0,1.0,32,0,160,0,140.38279724121094,1942.10693359375,0.10307001322507858,48.690574645996094,140.38279724121094,1942.10693359375,0.10307001322507858,0.00048690574476495385,2082.59326171875,0.5291322469711304,False,0.4111705720424652,4.792027473449707,True,treatment_full_return_to_go
offline_pretrain,485,0,1.0,32,0,160,0,91.65925598144531,2555.048095703125,0.06731117516756058,48.69635772705078,91.65925598144531,2555.048095703125,0.06731117516756058,0.0004869635740760714,2646.775146484375,0.31843101978302,False,0.441793292760849,4.809961318969727,True,treatment_full_return_to_go
offline_pretrain,486,0,1.0,32,0,160,0,98.07042694091797,2031.24609375,0.099616140127182,48.702083587646484,98.07042694091797,2031.24609375,0.099616140127182,0.0004870208213105798,2129.41650390625,0.352033406496048,False,0.4183906614780426,4.827732086181641,True,treatment_full_return_to_go
offline_pretrain,487,0,1.0,32,0,160,0,55.608795166015625,2517.5361328125,0.015598929487168789,48.7076530456543,55.608795166015625,2517.5361328125,0.015598929487168789,0.00048707652604207397,2573.1611328125,0.28886765241622925,False,0.42617267370224,4.845442295074463,True,treatment_full_return_to_go
offline_pretrain,488,0,1.0,32,0,160,0,42.38208770751953,1941.126953125,0.06781580299139023,48.71312713623047,42.38208770751953,1941.126953125,0.06781580299139023,0.0004871312703471631,1983.577392578125,0.1559930443763733,False,0.3446953296661377,4.8626275062561035,True,treatment_full_return_to_go
offline_pretrain,489,0,1.0,32,0,160,0,140.7635498046875,1800.0128173828125,0.06053768843412399,48.71806716918945,140.7635498046875,1800.0128173828125,0.06053768843412399,0.00048718065954744816,1940.83740234375,0.6930655837059021,False,0.40033280849456787,4.878685474395752,True,treatment_full_return_to_go
offline_pretrain,490,0,1.0,32,0,160,0,62.34248352050781,2092.609130859375,0.04283120110630989,48.72374725341797,62.34248352050781,2092.609130859375,0.04283120110630989,0.0004872374702244997,2154.994873046875,0.4125522971153259,False,0.41492417454719543,4.8960747718811035,True,treatment_full_return_to_go
offline_pretrain,491,0,1.0,32,0,160,0,118.47281646728516,1580.457275390625,0.08454391360282898,48.729408264160156,118.47281646728516,1580.457275390625,0.08454391360282898,0.00048729407717473805,1699.01513671875,0.4308418333530426,False,0.40539711713790894,4.91305685043335,True,treatment_full_return_to_go
offline_pretrain,492,0,1.0,32,0,160,0,62.460609436035156,1967.3836669921875,0.057327717542648315,48.73516845703125,62.460609436035156,1967.3836669921875,0.057327717542648315,0.0004873516736552119,2029.902099609375,0.2576152980327606,False,0.3409630060195923,4.930643558502197,True,treatment_full_return_to_go
offline_pretrain,493,0,1.0,32,0,160,0,195.91270446777344,2178.328369140625,0.07382094115018845,48.74070358276367,195.91270446777344,2178.328369140625,0.07382094115018845,0.00048740702914074063,2374.315185546875,0.767645537853241,False,0.5418709516525269,4.947699069976807,True,treatment_full_return_to_go
offline_pretrain,494,0,1.0,32,0,160,0,78.7306137084961,2369.306396484375,0.0005673509440384805,48.74696350097656,78.7306137084961,2369.306396484375,0.0005673509440384805,0.00048746963148005307,2448.0380859375,0.5613930821418762,False,0.3957068622112274,4.9670634269714355,True,treatment_full_return_to_go
offline_pretrain,495,0,1.0,32,0,160,0,42.384315490722656,2082.882080078125,0.11592987179756165,48.75349044799805,42.384315490722656,2082.882080078125,0.11592987179756165,0.00048753488226793706,2125.3828125,0.25047171115875244,False,0.390068918466568,4.986411094665527,True,treatment_full_return_to_go
offline_pretrain,496,0,1.0,32,0,160,0,124.2505874633789,1548.37060546875,0.08240587264299393,48.7593879699707,124.2505874633789,1548.37060546875,0.08240587264299393,0.00048759387573227286,1672.7041015625,0.5265891551971436,False,0.38071081042289734,5.00437593460083,True,treatment_full_return_to_go
offline_pretrain,497,0,1.0,32,0,160,0,88.12242889404297,2121.4267578125,0.0426301509141922,48.7656135559082,88.12242889404297,2121.4267578125,0.0426301509141922,0.0004876561288256198,2209.59228515625,0.34324130415916443,False,0.36594918370246887,5.0229997634887695,True,treatment_full_return_to_go
offline_pretrain,498,0,1.0,32,0,160,0,84.71636962890625,2309.09326171875,0.06133386120200157,48.77177429199219,84.71636962890625,2309.09326171875,0.06133386120200157,0.0004877177416346967,2393.871337890625,0.3758082389831543,False,0.428131639957428,5.041575908660889,True,treatment_full_return_to_go
offline_pretrain,499,0,1.0,32,0,160,0,95.82384490966797,1669.0621337890625,0.14718827605247498,48.77796173095703,95.82384490966797,1669.0621337890625,0.14718827605247498,0.00048777961637824774,1765.03369140625,0.33614471554756165,False,0.34966471791267395,5.060094833374023,True,treatment_full_return_to_go
offline_pretrain,500,0,1.0,32,0,160,0,63.3876953125,2399.575927734375,0.059587959200143814,48.78396224975586,63.3876953125,2399.575927734375,0.059587959200143814,0.00048783959937281907,2463.023681640625,0.2772022783756256,False,0.39824506640434265,5.0784912109375,True,treatment_full_return_to_go
offline_pretrain,501,0,1.0,32,0,160,0,117.0816879272461,1954.5919189453125,0.0872977077960968,48.78974533081055,117.0816879272461,1954.5919189453125,0.0872977077960968,0.0004878974286839366,2071.761474609375,0.444858193397522,False,0.465777724981308,5.096319198608398,True,treatment_full_return_to_go
offline_pretrain,502,0,1.0,32,0,160,0,9.82011604309082,1913.3812255859375,0.040435753762722015,48.79566192626953,9.82011604309082,1913.3812255859375,0.040435753762722015,0.00048795659677125514,1923.2421875,0.07760487496852875,False,0.29140782356262207,4.8846659660339355,True,treatment_full_return_to_go
offline_pretrain,503,0,1.0,32,0,160,0,96.99774169921875,1545.2379150390625,0.11305767297744751,48.80092239379883,96.99774169921875,1545.2379150390625,0.11305767297744751,0.0004880092164967209,1642.34912109375,0.33102086186408997,False,0.37478119134902954,5.13146448135376,True,treatment_full_return_to_go
offline_pretrain,504,0,1.0,32,0,160,0,118.03144836425781,2021.6761474609375,0.05328086391091347,48.80613327026367,118.03144836425781,2021.6761474609375,0.05328086391091347,0.00048806131235323846,2139.76123046875,0.46493932604789734,False,0.4531863033771515,5.148227214813232,True,treatment_full_return_to_go
offline_pretrain,505,0,1.0,32,0,160,0,89.40330505371094,2582.4375,0.039219971746206284,48.8116340637207,89.40330505371094,2582.4375,0.039219971746206284,0.0004881163185928017,2671.880615234375,0.4436763525009155,False,0.44367003440856934,5.165806293487549,True,treatment_full_return_to_go
offline_pretrain,506,0,1.0,32,0,160,0,38.460784912109375,2105.470703125,0.057398103177547455,48.817344665527344,38.460784912109375,2105.470703125,0.057398103177547455,0.0004881734203081578,2143.9892578125,0.14289410412311554,False,0.38886579871177673,5.183566570281982,True,treatment_full_return_to_go
offline_pretrain,507,0,1.0,32,0,160,0,115.90119171142578,2200.0185546875,0.04127073287963867,48.82262420654297,115.90119171142578,2200.0185546875,0.04127073287963867,0.0004882262437604368,2315.96142578125,0.5706815719604492,False,0.47193241119384766,5.200194358825684,True,treatment_full_return_to_go
offline_pretrain,508,0,1.0,32,0,160,0,31.965835571289062,2160.22607421875,0.031677961349487305,48.828369140625,31.965835571289062,2160.22607421875,0.031677961349487305,0.0004882836947217584,2192.22412109375,0.30028438568115234,False,0.39205479621887207,5.217754364013672,True,treatment_full_return_to_go
offline_pretrain,509,0,1.0,32,0,160,0,62.394195556640625,2336.138671875,0.07208173722028732,48.83396530151367,62.394195556640625,2336.138671875,0.07208173722028732,0.0004883396322838962,2398.60546875,0.2189791202545166,False,0.4018580913543701,5.23429536819458,True,treatment_full_return_to_go
offline_pretrain,510,0,1.0,32,0,160,0,107.5102310180664,2395.25537109375,0.04548443853855133,48.83933639526367,107.5102310180664,2395.25537109375,0.04548443853855133,0.0004883933579549193,2502.8115234375,0.611750602722168,False,0.4187666177749634,5.2503814697265625,True,treatment_full_return_to_go
offline_pretrain,511,0,1.0,32,0,160,0,111.80963134765625,2161.813720703125,0.029035037383437157,48.84537124633789,111.80963134765625,2161.813720703125,0.029035037383437157,0.0004884537192992866,2273.65283203125,0.607864499092102,False,0.458964079618454,5.267476558685303,True,treatment_full_return_to_go
offline_pretrain,512,0,1.0,32,0,160,0,93.66328430175781,2055.921630859375,0.05007518455386162,48.85190963745117,93.66328430175781,2055.921630859375,0.05007518455386162,0.0004885190865024924,2149.635498046875,0.3653687834739685,False,0.42885807156562805,5.2855377197265625,True,treatment_full_return_to_go
offline_pretrain,513,0,1.0,32,0,160,0,112.20600891113281,2109.80322265625,0.059407494962215424,48.85844421386719,112.20600891113281,2109.80322265625,0.059407494962215424,0.0004885844537056983,2222.069091796875,0.5195742249488831,False,0.46549320220947266,5.30374813079834,True,treatment_full_return_to_go
offline_pretrain,514,0,1.0,32,0,160,0,133.77804565429688,1802.1263427734375,0.07680744677782059,48.86530303955078,133.77804565429688,1802.1263427734375,0.07680744677782059,0.0004886530223302543,1935.981689453125,0.563860297203064,False,0.44791051745414734,5.322717666625977,True,treatment_full_return_to_go
offline_pretrain,515,0,1.0,32,0,160,0,105.56008911132812,2510.691650390625,0.0011914153583347797,48.87252426147461,105.56008911132812,2510.691650390625,0.0011914153583347797,0.0004887252580374479,2616.25341796875,0.6305416822433472,False,0.518640398979187,5.342897891998291,True,treatment_full_return_to_go
offline_pretrain,516,0,1.0,32,0,160,0,57.42831039428711,2472.378173828125,0.012110765092074871,48.880149841308594,57.42831039428711,2472.378173828125,0.012110765092074871,0.0004888015100732446,2529.819091796875,0.2508462965488434,False,0.4663393199443817,5.3638200759887695,True,treatment_full_return_to_go
offline_pretrain,517,0,1.0,32,0,160,0,144.3582000732422,1977.604248046875,0.05422406271100044,48.887451171875,144.3582000732422,1977.604248046875,0.05422406271100044,0.0004888745024800301,2122.01708984375,0.6700904369354248,False,0.45805156230926514,5.384033679962158,True,treatment_full_return_to_go
offline_pretrain,518,0,1.0,32,0,160,0,105.60726928710938,2378.99658203125,0.03155584633350372,48.89530944824219,105.60726928710938,2378.99658203125,0.03155584633350372,0.0004889530828222632,2484.6357421875,0.5310956835746765,False,0.478400856256485,5.4055609703063965,True,treatment_full_return_to_go
offline_pretrain,519,0,1.0,32,0,160,0,65.13410186767578,2182.6240234375,0.11827358603477478,48.90342712402344,65.13410186767578,2182.6240234375,0.11827358603477478,0.0004890342825092375,2247.876708984375,0.2494998574256897,False,0.45123761892318726,5.427561283111572,True,treatment_full_return_to_go
offline_pretrain,520,0,1.0,32,0,160,0,15.017975807189941,2089.393310546875,0.10140764713287354,48.9110107421875,15.017975807189941,2089.393310546875,0.10140764713287354,0.0004891100688837469,2104.51318359375,0.18014006316661835,False,0.30402299761772156,4.712765693664551,True,treatment_full_return_to_go
offline_pretrain,521,0,1.0,32,0,160,0,50.68138885498047,1806.536376953125,0.14407360553741455,48.917640686035156,50.68138885498047,1806.536376953125,0.14407360553741455,0.0004891763674095273,1857.3623046875,0.2704761028289795,False,0.32851922512054443,5.467435836791992,True,treatment_full_return_to_go
offline_pretrain,522,0,1.0,32,0,160,0,247.9430389404297,1787.9962158203125,0.11692440509796143,48.9235725402832,247.9430389404297,1787.9962158203125,0.11692440509796143,0.000489235739223659,2036.056640625,1.0588786602020264,False,0.5744593143463135,5.48504114151001,True,treatment_full_return_to_go
offline_pretrain,523,0,1.0,32,0,160,0,129.02760314941406,1763.3056640625,0.1255439817905426,48.930965423583984,129.02760314941406,1763.3056640625,0.1255439817905426,0.0004893096629530191,1892.459228515625,0.48827847838401794,False,0.4398382306098938,5.506650924682617,True,treatment_full_return_to_go
offline_pretrain,524,0,1.0,32,0,160,0,49.695804595947266,2402.2216796875,0.12675762176513672,48.93833923339844,49.695804595947266,2402.2216796875,0.12675762176513672,0.0004893833538517356,2452.044677734375,0.22655417025089264,False,0.409659206867218,5.528776168823242,True,treatment_full_return_to_go
offline_pretrain,525,0,1.0,32,0,160,0,110.4656982421875,2337.076416015625,0.043517373502254486,48.94501495361328,110.4656982421875,2337.076416015625,0.043517373502254486,0.0004894501180388033,2447.5859375,0.4700030982494354,False,0.5156073570251465,5.5493574142456055,True,treatment_full_return_to_go
offline_pretrain,526,0,1.0,32,0,160,0,85.6155776977539,1675.6474609375,0.059051159769296646,48.95192337036133,85.6155776977539,1675.6474609375,0.059051159769296646,0.0004895192105323076,1761.3226318359375,0.4176808297634125,False,0.3739526569843292,5.570529460906982,True,treatment_full_return_to_go
offline_pretrain,527,0,1.0,32,0,160,0,85.06812286376953,2420.325439453125,0.09183884412050247,48.95892333984375,85.06812286376953,2420.325439453125,0.09183884412050247,0.0004895892343483865,2505.48583984375,0.3341691493988037,False,0.4813648760318756,5.591650009155273,True,treatment_full_return_to_go
offline_pretrain,528,0,1.0,32,0,160,0,113.99087524414062,2043.405029296875,0.04108693450689316,48.96578598022461,113.99087524414062,2043.405029296875,0.04108693450689316,0.0004896578611806035,2157.4375,0.5010442733764648,False,0.43830740451812744,5.612550735473633,True,treatment_full_return_to_go
offline_pretrain,529,0,1.0,32,0,160,0,34.913177490234375,2112.977294921875,0.07616174966096878,48.97290802001953,34.913177490234375,2112.977294921875,0.07616174966096878,0.0004897290491499007,2147.967041015625,0.17966406047344208,False,0.38786551356315613,5.634167671203613,True,treatment_full_return_to_go
offline_pretrain,530,0,1.0,32,0,160,0,135.07994079589844,1928.5029296875,0.015396772883832455,48.97957992553711,135.07994079589844,1928.5029296875,0.015396772883832455,0.0004897958133369684,2063.5986328125,0.6273261904716492,False,0.4877903163433075,5.6543707847595215,True,treatment_full_return_to_go
offline_pretrain,531,0,1.0,32,0,160,0,141.32232666015625,2104.438720703125,0.05861552059650421,48.986759185791016,141.32232666015625,2104.438720703125,0.05861552059650421,0.0004898675833828747,2245.820068359375,0.6325032711029053,False,0.49964776635169983,5.676079750061035,True,treatment_full_return_to_go
offline_pretrain,532,0,1.0,32,0,160,0,137.7346649169922,1883.6217041015625,0.025806952267885208,48.994415283203125,137.7346649169922,1883.6217041015625,0.025806952267885208,0.0004899441264569759,2021.382568359375,0.6231690645217896,False,0.5144305229187012,5.6991286277771,True,treatment_full_return_to_go
offline_pretrain,533,0,1.0,32,0,160,0,95.0912857055664,2072.986572265625,0.09967786073684692,49.00249481201172,95.0912857055664,2072.986572265625,0.09967786073684692,0.0004900249186903238,2168.177978515625,0.4503956437110901,False,0.4731068015098572,5.72340726852417,True,treatment_full_return_to_go
offline_pretrain,534,0,1.0,32,0,160,0,201.53724670410156,1705.992919921875,0.12094986438751221,49.01055908203125,201.53724670410156,1705.992919921875,0.12094986438751221,0.0004901055945083499,1907.651611328125,0.849393904209137,False,0.5530956983566284,5.747474670410156,True,treatment_full_return_to_go
offline_pretrain,535,0,1.0,32,0,160,0,116.42838287353516,1639.0616455078125,0.06989622116088867,49.01930618286133,116.42838287353516,1639.0616455078125,0.06989622116088867,0.0004901930224150419,1755.5604248046875,0.4917446970939636,False,0.457385390996933,5.774011135101318,True,treatment_full_return_to_go
offline_pretrain,536,0,1.0,32,0,160,0,100.80060577392578,1914.2491455078125,0.1397659182548523,49.02810287475586,100.80060577392578,1914.2491455078125,0.1397659182548523,0.0004902810323983431,2015.1900634765625,0.368427574634552,False,0.4577692449092865,5.800751209259033,True,treatment_full_return_to_go
offline_pretrain,537,0,1.0,32,0,160,0,60.37206268310547,2306.228515625,0.027454691007733345,49.0367546081543,60.37206268310547,2306.228515625,0.027454691007733345,0.0004903675289824605,2366.62841796875,0.2615717649459839,False,0.42804667353630066,5.826803207397461,True,treatment_full_return_to_go
offline_pretrain,538,0,1.0,32,0,160,0,126.74088287353516,1639.470458984375,0.1078907772898674,49.04502487182617,126.74088287353516,1639.470458984375,0.1078907772898674,0.0004904502420686185,1766.3197021484375,0.48876431584358215,False,0.4690358340740204,5.851783275604248,True,treatment_full_return_to_go
offline_pretrain,539,0,1.0,32,0,160,0,86.68678283691406,1931.1583251953125,0.04284152761101723,49.05342102050781,86.68678283691406,1931.1583251953125,0.04284152761101723,0.0004905341775156558,2017.888427734375,0.3846248686313629,False,0.4178500175476074,5.8770952224731445,True,treatment_full_return_to_go
offline_pretrain,540,0,1.0,32,0,160,0,58.29944610595703,2430.21923828125,0.06017698720097542,49.061702728271484,58.29944610595703,2430.21923828125,0.06017698720097542,0.0004906170070171356,2488.579345703125,0.2472216933965683,False,0.4380456209182739,5.902128219604492,True,treatment_full_return_to_go
offline_pretrain,541,0,1.0,32,0,160,0,65.08824920654297,1752.78466796875,0.11546529829502106,49.06965637207031,65.08824920654297,1752.78466796875,0.11546529829502106,0.0004906965768896043,1817.9888916015625,0.26457253098487854,False,0.42642587423324585,5.926097869873047,True,treatment_full_return_to_go
offline_pretrain,542,0,1.0,32,0,160,0,120.60246276855469,1845.805908203125,0.07205615937709808,49.07728576660156,120.60246276855469,1845.805908203125,0.07205615937709808,0.000490772828925401,1966.4808349609375,0.4994144141674042,False,0.4342959225177765,5.949116230010986,True,treatment_full_return_to_go
offline_pretrain,543,0,1.0,32,0,160,0,149.94747924804688,2390.05322265625,0.07968790084123611,49.08503341674805,149.94747924804688,2390.05322265625,0.07968790084123611,0.0004908503033220768,2540.080810546875,0.6171967387199402,False,0.5803658962249756,5.972805976867676,True,treatment_full_return_to_go
offline_pretrain,544,0,1.0,32,0,160,0,151.54600524902344,2058.468994140625,0.06369516253471375,49.09324264526367,151.54600524902344,2058.468994140625,0.06369516253471375,0.0004909324343316257,2210.0791015625,0.6826025247573853,False,0.6119129061698914,5.997758865356445,True,treatment_full_return_to_go
offline_pretrain,545,0,1.0,32,0,160,0,79.2270278930664,2031.683837890625,0.03164508566260338,49.101871490478516,79.2270278930664,2031.683837890625,0.03164508566260338,0.0004910186980850995,2110.943115234375,0.4593029320240021,False,0.4245222508907318,6.024016380310059,True,treatment_full_return_to_go
offline_pretrain,546,0,1.0,32,0,160,0,111.77071380615234,2106.265380859375,0.02546844631433487,49.11056900024414,111.77071380615234,2106.265380859375,0.02546844631433487,0.0004911056603305042,2218.06201171875,0.522280752658844,False,0.48772308230400085,6.04991340637207,True,treatment_full_return_to_go
offline_pretrain,547,0,1.0,32,0,160,0,63.00886154174805,1781.827880859375,0.09050744026899338,49.11941146850586,63.00886154174805,1781.827880859375,0.09050744026899338,0.0004911940777674317,1844.927734375,0.4742765724658966,False,0.4133028984069824,6.076300621032715,True,treatment_full_return_to_go
offline_pretrain,548,0,1.0,32,0,160,0,134.97354125976562,1513.2071533203125,0.014565573073923588,49.12815856933594,134.97354125976562,1513.2071533203125,0.014565573073923588,0.0004912815638817847,1648.1956787109375,0.7176246047019958,False,0.5330543518066406,6.101746559143066,True,treatment_full_return_to_go
offline_pretrain,549,0,1.0,32,0,160,0,64.69286346435547,2063.3896484375,0.08559180796146393,49.13747787475586,64.69286346435547,2063.3896484375,0.08559180796146393,0.0004913747543469071,2128.168701171875,0.45568031072616577,False,0.42574799060821533,6.128586292266846,True,treatment_full_return_to_go
offline_pretrain,550,0,1.0,32,0,160,0,59.71379470825195,2243.911376953125,0.02730761468410492,49.14663314819336,59.71379470825195,2243.911376953125,0.02730761468410492,0.000491466314997524,2303.653076171875,0.6557149887084961,False,0.45025599002838135,6.154475688934326,True,treatment_full_return_to_go
offline_pretrain,551,0,1.0,32,0,160,0,90.05662536621094,2256.019775390625,0.07105659693479538,49.155887603759766,90.05662536621094,2256.019775390625,0.07105659693479538,0.0004915588651783764,2346.14794921875,0.4033752381801605,False,0.5150501728057861,6.179541110992432,True,treatment_full_return_to_go
offline_pretrain,552,0,1.0,32,0,160,0,140.26914978027344,2127.986083984375,0.02747427113354206,49.16507339477539,140.26914978027344,2127.986083984375,0.02747427113354206,0.0004916507168672979,2268.283203125,0.662095844745636,False,0.5370357036590576,6.204391002655029,True,treatment_full_return_to_go
offline_pretrain,553,0,1.0,32,0,160,0,114.28399658203125,2026.8974609375,0.044729895889759064,49.17462158203125,114.28399658203125,2026.8974609375,0.044729895889759064,0.000491746177431196,2141.2265625,0.5254979729652405,False,0.5303308963775635,6.230722904205322,True,treatment_full_return_to_go
offline_pretrain,554,0,1.0,32,0,160,0,146.9094696044922,1964.6939697265625,0.130424365401268,49.184207916259766,146.9094696044922,1964.6939697265625,0.130424365401268,0.0004918420454487205,2111.734375,0.666012167930603,False,0.5441914200782776,6.257618427276611,True,treatment_full_return_to_go
offline_pretrain,555,0,1.0,32,0,160,0,153.8870086669922,2245.72509765625,0.09484770894050598,49.194114685058594,153.8870086669922,2245.72509765625,0.09484770894050598,0.0004919411148875952,2399.707275390625,0.643926203250885,False,0.6137568950653076,6.2857747077941895,True,treatment_full_return_to_go
offline_pretrain,556,0,1.0,32,0,160,0,82.77345275878906,2211.76953125,0.04455287382006645,49.2042350769043,82.77345275878906,2211.76953125,0.04455287382006645,0.0004920423380099237,2294.587890625,0.40353843569755554,False,0.4584241509437561,6.315028667449951,True,treatment_full_return_to_go
offline_pretrain,557,0,1.0,32,0,160,0,71.6268081665039,1832.583740234375,0.1137843132019043,49.214111328125,71.6268081665039,1832.583740234375,0.1137843132019043,0.0004921411164104939,1904.3248291015625,0.28604575991630554,False,0.4009491205215454,6.343839645385742,True,treatment_full_return_to_go
offline_pretrain,558,0,1.0,32,0,160,0,96.68278503417969,2052.238525390625,0.11120587587356567,49.22342300415039,96.68278503417969,2052.238525390625,0.11120587587356567,0.0004922341904602945,2149.032958984375,0.42519375681877136,False,0.5286005735397339,6.371397972106934,True,treatment_full_return_to_go
offline_pretrain,559,0,1.0,32,0,160,0,5.595757484436035,2434.123046875,0.07372893393039703,49.23267364501953,5.595757484436035,2434.123046875,0.07372893393039703,0.0004923267406411469,2439.79296875,0.14128586649894714,False,0.3641541004180908,5.928472995758057,True,treatment_full_return_to_go
offline_pretrain,560,0,1.0,32,0,160,0,95.33412170410156,2138.557861328125,0.06453029066324234,49.240901947021484,95.33412170410156,2138.557861328125,0.06453029066324234,0.0004924089880660176,2233.95703125,0.4075108468532562,False,0.5488224029541016,6.422818660736084,True,treatment_full_return_to_go
offline_pretrain,561,0,1.0,32,0,160,0,111.49507141113281,1865.008056640625,0.02766486443579197,49.249046325683594,111.49507141113281,1865.008056640625,0.02766486443579197,0.0004924904787912965,1976.5313720703125,0.5894791483879089,False,0.4941045939922333,6.447209358215332,True,treatment_full_return_to_go
offline_pretrain,562,0,1.0,32,0,160,0,61.68678665161133,2129.787841796875,0.05380663648247719,49.257591247558594,61.68678665161133,2129.787841796875,0.05380663648247719,0.0004925759276375175,2191.52880859375,0.283657044172287,False,0.42871665954589844,6.472515106201172,True,treatment_full_return_to_go
offline_pretrain,563,0,1.0,32,0,160,0,84.36251068115234,1980.0535888671875,0.062089309096336365,49.265846252441406,84.36251068115234,1980.0535888671875,0.062089309096336365,0.0004926584661006927,2064.478515625,0.5059443712234497,False,0.4580257833003998,6.496997833251953,True,treatment_full_return_to_go
offline_pretrain,564,0,1.0,32,0,160,0,221.54331970214844,1775.2548828125,0.11640872061252594,49.27431106567383,221.54331970214844,1775.2548828125,0.11640872061252594,0.0004927431000396609,1996.9151611328125,1.0796382427215576,False,0.5932464599609375,6.521538734436035,True,treatment_full_return_to_go
offline_pretrain,565,0,1.0,32,0,160,0,139.1989288330078,2036.6083984375,0.02799220010638237,49.284210205078125,139.1989288330078,2036.6083984375,0.02799220010638237,0.0004928421112708747,2175.8359375,0.7410544753074646,False,0.5420180559158325,6.55005407333374,True,treatment_full_return_to_go
offline_pretrain,566,0,1.0,32,0,160,0,92.97122192382812,2000.954345703125,0.10445636510848999,49.29466247558594,92.97122192382812,2000.954345703125,0.10445636510848999,0.0004929465940222144,2094.030517578125,0.41299134492874146,False,0.49565041065216064,6.579973220825195,True,treatment_full_return_to_go
offline_pretrain,567,0,1.0,32,0,160,0,87.46142578125,1721.682373046875,0.04469360411167145,49.304744720458984,87.46142578125,1721.682373046875,0.04469360411167145,0.0004930474096909165,1809.18896484375,0.4215303063392639,False,0.4528423845767975,6.609419345855713,True,treatment_full_return_to_go
offline_pretrain,568,0,1.0,32,0,160,0,167.23843383789062,1983.57666015625,0.07242396473884583,49.31463623046875,167.23843383789062,1983.57666015625,0.07242396473884583,0.0004931463627144694,2150.88818359375,0.9408034086227417,False,0.5685582160949707,6.638549327850342,True,treatment_full_return_to_go
offline_pretrain,569,0,1.0,32,0,160,0,33.69086456298828,1914.22265625,0.06049647927284241,49.325504302978516,33.69086456298828,1914.22265625,0.06049647927284241,0.0004932550364173949,1947.974609375,0.31281396746635437,False,0.3649269938468933,6.669939041137695,True,treatment_full_return_to_go
offline_pretrain,570,0,1.0,32,0,160,0,188.37171936035156,1762.61474609375,0.011728602461516857,49.3358268737793,188.37171936035156,1762.61474609375,0.011728602461516857,0.0004933582386001945,1950.9986572265625,1.004940390586853,False,0.5951182842254639,6.699146270751953,True,treatment_full_return_to_go
offline_pretrain,571,0,1.0,32,0,160,0,165.3184814453125,1870.4862060546875,0.07378944754600525,49.34719467163086,165.3184814453125,1870.4862060546875,0.07378944754600525,0.0004934719181619585,2035.87890625,0.9026949405670166,False,0.6284257769584656,6.731410503387451,True,treatment_full_return_to_go
offline_pretrain,572,0,1.0,32,0,160,0,167.47813415527344,2195.003173828125,0.10461835563182831,49.359317779541016,167.47813415527344,2195.003173828125,0.10461835563182831,0.0004935931647196412,2362.58642578125,0.8214614391326904,False,0.6735345125198364,6.765664577484131,True,treatment_full_return_to_go
offline_pretrain,573,0,1.0,32,0,160,0,96.09121704101562,2163.5712890625,0.09835208207368851,49.37197494506836,96.09121704101562,2163.5712890625,0.09835208207368851,0.0004937197081744671,2259.761474609375,0.41834187507629395,False,0.6079410314559937,6.801427841186523,True,treatment_full_return_to_go
offline_pretrain,574,0,1.0,32,0,160,0,120.00531005859375,2045.04541015625,0.1016806811094284,49.38420867919922,120.00531005859375,2045.04541015625,0.1016806811094284,0.0004938420606777072,2165.15283203125,0.5311984419822693,False,0.59324049949646,6.836280822753906,True,treatment_full_return_to_go
offline_pretrain,575,0,1.0,32,0,160,0,71.0416488647461,2253.70849609375,0.09239299595355988,49.396263122558594,71.0416488647461,2253.70849609375,0.09239299595355988,0.000493962608743459,2324.843017578125,0.32015910744667053,False,0.5066732168197632,6.871038913726807,True,treatment_full_return_to_go
offline_pretrain,576,0,1.0,32,0,160,0,142.69070434570312,1767.54248046875,0.0391816645860672,49.407779693603516,142.69070434570312,1767.54248046875,0.0391816645860672,0.0004940778017044067,1910.2728271484375,0.7648273706436157,False,0.5681505799293518,6.9041948318481445,True,treatment_full_return_to_go
offline_pretrain,577,0,1.0,32,0,160,0,169.7953338623047,1914.8843994140625,0.05466921627521515,49.41971969604492,169.7953338623047,1914.8843994140625,0.05466921627521515,0.0004941971856169403,2084.73486328125,0.8999730944633484,False,0.5441281199455261,6.9385457038879395,True,treatment_full_return_to_go
offline_pretrain,578,0,1.0,32,0,160,0,110.9091567993164,1958.4453125,0.031015124171972275,49.43235397338867,110.9091567993164,1958.4453125,0.031015124171972275,0.0004943235544487834,2069.385986328125,0.5804485082626343,False,0.5283687114715576,6.974841117858887,True,treatment_full_return_to_go
offline_pretrain,579,0,1.0,32,0,160,0,124.64949798583984,2121.10009765625,0.08173292130231857,49.44490051269531,124.64949798583984,2121.10009765625,0.08173292130231857,0.0004944489919580519,2245.831787109375,0.5638419985771179,False,0.600196123123169,7.011159896850586,True,treatment_full_return_to_go
offline_pretrain,580,0,1.0,32,0,160,0,84.15264892578125,2078.065185546875,0.03114328719675541,49.457275390625,84.15264892578125,2078.065185546875,0.03114328719675541,0.000494572741445154,2162.24951171875,0.4796961843967438,False,0.517749547958374,7.0474853515625,True,treatment_full_return_to_go
offline_pretrain,581,0,1.0,32,0,160,0,66.42813873291016,2224.4140625,0.07477322220802307,49.46944046020508,66.42813873291016,2224.4140625,0.07477322220802307,0.0004946943954564631,2290.91748046875,0.35004469752311707,False,0.5880559086799622,7.083019733428955,True,treatment_full_return_to_go
offline_pretrain,582,0,1.0,32,0,160,0,165.75660705566406,2011.4683837890625,0.023566775023937225,49.480934143066406,165.75660705566406,2011.4683837890625,0.023566775023937225,0.0004948093555867672,2177.249267578125,0.9488379955291748,False,0.6170637607574463,7.116961479187012,True,treatment_full_return_to_go
offline_pretrain,583,0,1.0,32,0,160,0,114.37443542480469,2008.1729736328125,0.023452218621969223,49.493324279785156,114.37443542480469,2008.1729736328125,0.023452218621969223,0.0004949332214891911,2122.5712890625,0.5954518914222717,False,0.4735223054885864,7.153079986572266,True,treatment_full_return_to_go
offline_pretrain,584,0,1.0,32,0,160,0,151.85400390625,1789.2657470703125,0.06092502549290657,49.50572204589844,151.85400390625,1789.2657470703125,0.06092502549290657,0.0004950572038069367,1941.18115234375,0.7614278197288513,False,0.5791761875152588,7.189365863800049,True,treatment_full_return_to_go
offline_pretrain,585,0,1.0,32,0,160,0,229.24990844726562,1140.012451171875,0.09968251734972,49.51850128173828,229.24990844726562,1140.012451171875,0.09968251734972,0.0004951850278303027,1369.362548828125,1.2030051946640015,False,0.5776277780532837,7.2267537117004395,True,treatment_full_return_to_go
offline_pretrain,586,0,1.0,32,0,160,0,120.76415252685547,1712.336181640625,0.13219374418258667,49.53235626220703,120.76415252685547,1712.336181640625,0.13219374418258667,0.0004953235620632768,1833.2330322265625,0.5987706780433655,False,0.5272752046585083,7.268183708190918,True,treatment_full_return_to_go
offline_pretrain,587,0,1.0,32,0,160,0,157.2181854248047,1568.7049560546875,0.09185050427913666,49.546112060546875,157.2181854248047,1568.7049560546875,0.09185050427913666,0.0004954611067660153,1726.015380859375,0.732570230960846,False,0.5801588296890259,7.309418201446533,True,treatment_full_return_to_go
offline_pretrain,588,0,1.0,32,0,160,0,36.72080612182617,2281.9443359375,0.04265687242150307,49.55992889404297,36.72080612182617,2281.9443359375,0.04265687242150307,0.0004955992917530239,2318.708251953125,0.15251268446445465,False,0.544731080532074,7.351479530334473,True,treatment_full_return_to_go
offline_pretrain,589,0,1.0,32,0,160,0,140.11415100097656,1895.790283203125,0.04531773179769516,49.57262420654297,140.11415100097656,1895.790283203125,0.04531773179769516,0.0004957262426614761,2035.9501953125,0.793285608291626,False,0.6328070163726807,7.390464782714844,True,treatment_full_return_to_go
offline_pretrain,590,0,1.0,32,0,160,0,80.24993133544922,1967.626708984375,0.09400556981563568,49.58561325073242,80.24993133544922,1967.626708984375,0.09400556981563568,0.0004958561039529741,2047.9710693359375,0.5535485148429871,False,0.5862205028533936,7.430624008178711,True,treatment_full_return_to_go
offline_pretrain,591,0,1.0,32,0,160,0,59.952392578125,2359.710205078125,0.02503656968474388,49.598514556884766,59.952392578125,2359.710205078125,0.02503656968474388,0.0004959851503372192,2419.688232421875,0.3041383624076843,False,0.474385529756546,7.469795227050781,True,treatment_full_return_to_go
offline_pretrain,592,0,1.0,32,0,160,0,146.99598693847656,2253.682861328125,0.05026988685131073,49.610755920410156,146.99598693847656,2253.682861328125,0.05026988685131073,0.0004961075610481203,2400.729736328125,0.8057408332824707,False,0.7434871196746826,7.507197380065918,True,treatment_full_return_to_go
offline_pretrain,593,0,1.0,32,0,160,0,183.95584106445312,1797.818603515625,0.08760616183280945,49.62348175048828,183.95584106445312,1797.818603515625,0.08760616183280945,0.0004962348029948771,1981.862548828125,0.9061212539672852,False,0.6480117440223694,7.5459113121032715,True,treatment_full_return_to_go
offline_pretrain,594,0,1.0,32,0,160,0,64.43598175048828,2492.0615234375,0.05651404708623886,49.636756896972656,64.43598175048828,2492.0615234375,0.05651404708623886,0.0004963675746694207,2556.554443359375,0.323594331741333,False,0.6479137539863586,7.586773872375488,True,treatment_full_return_to_go
offline_pretrain,595,0,1.0,32,0,160,0,217.35043334960938,1871.0169677734375,0.04669211059808731,49.649375915527344,217.35043334960938,1871.0169677734375,0.04669211059808731,0.0004964937688782811,2088.41455078125,1.3223066329956055,False,0.7405898571014404,7.625759124755859,True,treatment_full_return_to_go
offline_pretrain,596,0,1.0,32,0,160,0,125.9390640258789,1707.28466796875,0.11110079288482666,49.663597106933594,125.9390640258789,1707.28466796875,0.11110079288482666,0.0004966359701938927,1833.3353271484375,0.6191620230674744,False,0.6130948662757874,7.668875217437744,True,treatment_full_return_to_go
offline_pretrain,597,0,1.0,32,0,160,0,91.25785827636719,2129.5283203125,0.10015714168548584,49.677635192871094,91.25785827636719,2129.5283203125,0.10015714168548584,0.000496776367072016,2220.88671875,0.46258240938186646,False,0.5699559450149536,7.7118821144104,True,treatment_full_return_to_go
offline_pretrain,598,0,1.0,32,0,160,0,162.01809692382812,2167.710205078125,0.011753947474062443,49.691139221191406,162.01809692382812,2167.710205078125,0.011753947474062443,0.0004969113506376743,2329.740478515625,0.9975379109382629,False,0.698400616645813,7.753720283508301,True,treatment_full_return_to_go
offline_pretrain,599,0,1.0,32,0,160,0,57.463645935058594,1737.572998046875,0.011554564349353313,49.7054443359375,57.463645935058594,1737.572998046875,0.011554564349353313,0.0004970544250681996,1795.0487060546875,0.32686835527420044,False,0.4261130094528198,7.797632694244385,True,treatment_full_return_to_go
offline_pretrain,600,0,1.0,32,0,160,0,117.70603942871094,2263.473388671875,0.1035473644733429,49.719017028808594,117.70603942871094,2263.473388671875,0.1035473644733429,0.0004971901653334498,2381.283447265625,0.5784119963645935,False,0.6111891865730286,7.839431285858154,True,treatment_full_return_to_go
offline_pretrain,601,0,1.0,32,0,160,0,169.2696075439453,2058.901611328125,0.05607163533568382,49.73249816894531,169.2696075439453,2058.901611328125,0.05607163533568382,0.0004973249742761254,2228.227783203125,0.9677741527557373,False,0.6244409680366516,7.8810296058654785,True,treatment_full_return_to_go
offline_pretrain,602,0,1.0,32,0,160,0,61.90271759033203,2098.744384765625,0.14678004384040833,49.74671173095703,61.90271759033203,2098.744384765625,0.14678004384040833,0.0004974671173840761,2160.79443359375,0.3168151378631592,False,0.5815335512161255,7.924778461456299,True,treatment_full_return_to_go
offline_pretrain,603,0,1.0,32,0,160,0,38.709197998046875,2153.974365234375,0.03704914450645447,49.760005950927734,38.709197998046875,2153.974365234375,0.03704914450645447,0.0004976000636816025,2192.72119140625,0.23775523900985718,False,0.6172839403152466,7.9658942222595215,True,treatment_full_return_to_go
offline_pretrain,604,0,1.0,32,0,160,0,92.25553131103516,1960.1741943359375,0.08276422321796417,49.772361755371094,92.25553131103516,1960.1741943359375,0.08276422321796417,0.0004977235803380609,2052.512939453125,0.47766542434692383,False,0.5968849658966064,8.004201889038086,True,treatment_full_return_to_go
offline_pretrain,605,0,1.0,32,0,160,0,192.2637176513672,1952.640869140625,0.09217111021280289,49.78440856933594,192.2637176513672,1952.640869140625,0.09217111021280289,0.0004978440701961517,2144.997314453125,1.0802448987960815,False,0.7082372307777405,8.04197883605957,True,treatment_full_return_to_go
offline_pretrain,606,0,1.0,32,0,160,0,67.00886535644531,2034.1522216796875,0.08330363035202026,49.797611236572266,67.00886535644531,2034.1522216796875,0.08330363035202026,0.0004979760851711035,2101.244873046875,0.3041459321975708,False,0.4689572751522064,8.083172798156738,True,treatment_full_return_to_go
offline_pretrain,607,0,1.0,32,0,160,0,36.77660369873047,1997.2449951171875,0.040802985429763794,49.810115814208984,36.77660369873047,1997.2449951171875,0.040802985429763794,0.0004981011734344065,2034.0628662109375,0.16697798669338226,False,0.4567156434059143,8.122387886047363,True,treatment_full_return_to_go
offline_pretrain,608,0,1.0,32,0,160,0,149.45053100585938,2029.266845703125,0.06321791559457779,49.82167434692383,149.45053100585938,2029.266845703125,0.06321791559457779,0.0004982167156413198,2178.781005859375,0.7933274507522583,False,0.6397306323051453,8.158867835998535,True,treatment_full_return_to_go
offline_pretrain,609,0,1.0,32,0,160,0,69.3602294921875,2189.11767578125,0.06303420662879944,49.83374786376953,69.3602294921875,2189.11767578125,0.06303420662879944,0.0004983374383300543,2258.54150390625,0.35088658332824707,False,0.563610315322876,8.197190284729004,True,treatment_full_return_to_go
offline_pretrain,610,0,1.0,32,0,160,0,57.61235427856445,1946.205810546875,0.041905615478754044,49.84539031982422,57.61235427856445,1946.205810546875,0.041905615478754044,0.0004984539118595421,2003.8604736328125,0.33231428265571594,False,0.4242617189884186,8.234050750732422,True,treatment_full_return_to_go
offline_pretrain,611,0,1.0,32,0,160,0,47.69203186035156,2163.3359375,0.07914255559444427,49.85657501220703,47.69203186035156,2163.3359375,0.07914255559444427,0.0004985657287761569,2211.107666015625,0.19901089370250702,False,0.5112131834030151,8.269556999206543,True,treatment_full_return_to_go
offline_pretrain,612,0,1.0,32,0,160,0,147.9794921875,2142.03271484375,0.04763876646757126,49.86689376831055,147.9794921875,2142.03271484375,0.04763876646757126,0.0004986689309589565,2290.060302734375,0.8198511004447937,False,0.7293250560760498,8.302663803100586,True,treatment_full_return_to_go
offline_pretrain,613,0,1.0,32,0,160,0,113.36516571044922,2211.37353515625,0.05750561133027077,49.877960205078125,113.36516571044922,2211.37353515625,0.05750561133027077,0.000498779583722353,2324.796875,0.6408438086509705,False,0.7056006789207458,8.338103294372559,True,treatment_full_return_to_go
offline_pretrain,614,0,1.0,32,0,160,0,95.79218292236328,1907.163330078125,0.13006290793418884,49.889278411865234,95.79218292236328,1907.163330078125,0.13006290793418884,0.0004988927976228297,2003.0860595703125,0.49277231097221375,False,0.5756504535675049,8.374520301818848,True,treatment_full_return_to_go
offline_pretrain,615,0,1.0,32,0,160,0,59.389949798583984,2599.436279296875,0.0794437825679779,49.900474548339844,59.389949798583984,2599.436279296875,0.0794437825679779,0.0004990047309547663,2658.906005859375,0.3063138723373413,False,0.7050707340240479,8.410677909851074,True,treatment_full_return_to_go
offline_pretrain,616,0,1.0,32,0,160,0,34.874637603759766,2526.2802734375,0.0420985072851181,49.91119384765625,34.874637603759766,2526.2802734375,0.0420985072851181,0.0004991119494661689,2561.197509765625,0.20864462852478027,False,0.5058879852294922,8.44528865814209,True,treatment_full_return_to_go
offline_pretrain,617,0,1.0,32,0,160,0,62.960174560546875,1868.314453125,0.07566487789154053,49.92128372192383,62.960174560546875,1868.314453125,0.07566487789154053,0.0004992128233425319,1931.350830078125,0.4224652349948883,False,0.4466007947921753,8.477723121643066,True,treatment_full_return_to_go
offline_pretrain,618,0,1.0,32,0,160,0,222.08656311035156,1678.2103271484375,0.055564988404512405,49.93123245239258,222.08656311035156,1678.2103271484375,0.055564988404512405,0.000499312300235033,1900.3529052734375,1.326463222503662,False,0.7692247629165649,8.509238243103027,True,treatment_full_return_to_go
offline_pretrain,619,0,1.0,32,0,160,0,110.10823059082031,2180.29150390625,0.011946440674364567,49.943016052246094,110.10823059082031,2180.29150390625,0.011946440674364567,0.0004994301707483828,2290.412109375,0.7438092827796936,False,0.641202449798584,8.546647071838379,True,treatment_full_return_to_go
offline_pretrain,620,0,1.0,32,0,160,0,69.95953369140625,2194.422607421875,0.06648017466068268,49.955265045166016,69.95953369140625,2194.422607421875,0.06648017466068268,0.0004995526396669447,2264.448974609375,0.410940021276474,False,0.6373267769813538,8.585041046142578,True,treatment_full_return_to_go
offline_pretrain,621,0,1.0,32,0,160,0,84.86652374267578,1934.5966796875,0.09629080444574356,49.967124938964844,84.86652374267578,1934.5966796875,0.09629080444574356,0.0004996712086722255,2019.56005859375,0.4822428226470947,False,0.5183154940605164,8.62211799621582,True,treatment_full_return_to_go
offline_pretrain,622,0,1.0,32,0,160,0,75.12104034423828,1879.248046875,0.10200074315071106,49.97890853881836,75.12104034423828,1879.248046875,0.10200074315071106,0.0004997890791855752,1954.4716796875,0.3634536564350128,False,0.45747819542884827,8.658797264099121,True,treatment_full_return_to_go
offline_pretrain,623,0,1.0,32,0,160,0,111.18079376220703,2283.23779296875,0.011653229594230652,49.990352630615234,111.18079376220703,2283.23779296875,0.011653229594230652,0.0004999035154469311,2394.430908203125,0.8221153616905212,False,0.7387554049491882,8.694245338439941,True,treatment_full_return_to_go
offline_pretrain,624,0,1.0,32,0,160,0,88.28873443603516,1939.168701171875,0.08302861452102661,50.00239562988281,88.28873443603516,1939.168701171875,0.08302861452102661,0.0005000239470973611,2027.5408935546875,0.5095313787460327,False,0.4964940845966339,8.731070518493652,True,treatment_full_return_to_go
offline_pretrain,625,0,1.0,32,0,160,0,85.68905639648438,2490.681640625,0.026435967534780502,50.01428985595703,85.68905639648438,2490.681640625,0.026435967534780502,0.0005001428653486073,2576.3974609375,0.5130835175514221,False,0.7136526703834534,8.767802238464355,True,treatment_full_return_to_go
offline_pretrain,626,0,1.0,32,0,160,0,94.6709213256836,1916.08642578125,0.08308268338441849,50.02611541748047,94.6709213256836,1916.08642578125,0.08308268338441849,0.0005002611433155835,2010.8409423828125,0.5172757506370544,False,0.5578233003616333,8.804557800292969,True,treatment_full_return_to_go
offline_pretrain,627,0,1.0,32,0,160,0,62.94707107543945,2346.2529296875,0.0770171582698822,50.03798294067383,62.94707107543945,2346.2529296875,0.0770171582698822,0.000500379828736186,2409.27734375,0.35488593578338623,False,0.5250113606452942,8.841192245483398,True,treatment_full_return_to_go
offline_pretrain,628,0,1.0,32,0,160,0,73.69524383544922,1924.56396484375,0.07408832758665085,50.04948043823242,73.69524383544922,1924.56396484375,0.07408832758665085,0.0005004947888664901,1998.333740234375,0.45216041803359985,False,0.5645606517791748,8.876513481140137,True,treatment_full_return_to_go
offline_pretrain,629,0,1.0,32,0,160,0,15.578670501708984,2034.876220703125,0.07186754792928696,50.060855865478516,15.578670501708984,2034.876220703125,0.07186754792928696,0.000500608526635915,2050.527099609375,0.15417370200157166,False,0.4797646105289459,8.200708389282227,True,treatment_full_return_to_go
offline_pretrain,630,0,1.0,32,0,160,0,137.53671264648438,1863.349853515625,0.05650310218334198,50.07094192504883,137.53671264648438,1863.349853515625,0.05650310218334198,0.0005007094005122781,2000.943603515625,0.8607197999954224,False,0.7320500612258911,8.941902160644531,True,treatment_full_return_to_go
offline_pretrain,631,0,1.0,32,0,160,0,142.29185485839844,1622.997802734375,0.022614534944295883,50.08191680908203,142.29185485839844,1622.997802734375,0.022614534944295883,0.0005008191801607609,1765.312744140625,0.8769590258598328,False,0.6756933331489563,8.975913047790527,True,treatment_full_return_to_go
offline_pretrain,632,0,1.0,32,0,160,0,110.69546508789062,1766.636962890625,0.07533859461545944,50.09373474121094,110.69546508789062,1766.636962890625,0.07533859461545944,0.0005009373417124152,1877.408203125,0.6963265538215637,False,0.730911135673523,9.012763977050781,True,treatment_full_return_to_go
offline_pretrain,633,0,1.0,32,0,160,0,159.55055236816406,1246.0374755859375,0.08298847079277039,50.105979919433594,159.55055236816406,1246.0374755859375,0.08298847079277039,0.0005010598106309772,1405.6715087890625,0.8668949007987976,False,0.5515261292457581,9.05076789855957,True,treatment_full_return_to_go
offline_pretrain,634,0,1.0,32,0,160,0,90.22940063476562,2123.72216796875,0.037860993295907974,50.118900299072266,90.22940063476562,2123.72216796875,0.037860993295907974,0.0005011889734305441,2213.989990234375,0.5384538173675537,False,0.5158796310424805,9.091219902038574,True,treatment_full_return_to_go
offline_pretrain,635,0,1.0,32,0,160,0,124.26622772216797,2182.05712890625,0.06495997309684753,50.13179397583008,124.26622772216797,2182.05712890625,0.06495997309684753,0.0005013179033994675,2306.388671875,0.6896395683288574,False,0.7249271869659424,9.131489753723145,True,treatment_full_return_to_go
offline_pretrain,636,0,1.0,32,0,160,0,88.8995361328125,2194.142578125,0.037209220230579376,50.1448974609375,88.8995361328125,2194.142578125,0.037209220230579376,0.0005014489870518446,2283.07958984375,0.5295128226280212,False,0.585673987865448,9.172774314880371,True,treatment_full_return_to_go
offline_pretrain,637,0,1.0,32,0,160,0,86.66938018798828,2054.578125,0.05836658552289009,50.157901763916016,86.66938018798828,2054.578125,0.05836658552289009,0.0005015790229663253,2141.306396484375,0.5570140480995178,False,0.6283585429191589,9.213828086853027,True,treatment_full_return_to_go
offline_pretrain,638,0,1.0,32,0,160,0,141.11094665527344,1902.121337890625,0.11981014907360077,50.17091751098633,141.11094665527344,1902.121337890625,0.11981014907360077,0.0005017091752961278,2043.3525390625,0.8500363826751709,False,0.7479631304740906,9.254565238952637,True,treatment_full_return_to_go
offline_pretrain,639,0,1.0,32,0,160,0,15.127389907836914,2643.181396484375,0.051603130996227264,50.18451690673828,15.127389907836914,2643.181396484375,0.051603130996227264,0.0005018451483920217,2658.36083984375,0.12550508975982666,False,0.5492058396339417,9.057119369506836,True,treatment_full_return_to_go
offline_pretrain,640,0,1.0,32,0,160,0,122.10165405273438,1800.359619140625,0.06564676761627197,50.196659088134766,122.10165405273438,1800.359619140625,0.06564676761627197,0.0005019665695726871,1922.5274658203125,0.7980690598487854,False,0.5712873935699463,9.336050033569336,True,treatment_full_return_to_go
offline_pretrain,641,0,1.0,32,0,160,0,89.92642211914062,2518.29931640625,0.04328639432787895,50.20941162109375,89.92642211914062,2518.29931640625,0.04328639432787895,0.0005020941025577486,2608.26953125,0.5754667520523071,False,0.6857519745826721,9.376116752624512,True,treatment_full_return_to_go
offline_pretrain,642,0,1.0,32,0,160,0,66.58709716796875,2169.095947265625,0.15910467505455017,50.222206115722656,66.58709716796875,2169.095947265625,0.15910467505455017,0.0005022220429964364,2235.8427734375,0.47519728541374207,False,0.7334109544754028,9.416219711303711,True,treatment_full_return_to_go
offline_pretrain,643,0,1.0,32,0,160,0,144.65884399414062,2226.8818359375,0.05006798729300499,50.23430633544922,144.65884399414062,2226.8818359375,0.05006798729300499,0.0005023430567234755,2371.59130859375,0.8988491892814636,False,0.8392782211303711,9.454853057861328,True,treatment_full_return_to_go
offline_pretrain,644,0,1.0,32,0,160,0,65.7369384765625,1992.244140625,0.08772525191307068,50.247230529785156,65.7369384765625,1992.244140625,0.08772525191307068,0.0005024722777307034,2058.069091796875,0.33721205592155457,False,0.4743172228336334,9.49617862701416,True,treatment_full_return_to_go
offline_pretrain,645,0,1.0,32,0,160,0,159.0286407470703,1977.60546875,0.0009285126579925418,50.2596321105957,159.0286407470703,1977.60546875,0.0009285126579925418,0.00050259631825611,2136.635498046875,1.2274971008300781,False,0.7980042099952698,9.535888671875,True,treatment_full_return_to_go
offline_pretrain,646,0,1.0,32,0,160,0,146.44821166992188,1891.74462890625,0.054455891251564026,50.27350997924805,146.44821166992188,1891.74462890625,0.054455891251564026,0.0005027350853197277,2038.247802734375,0.9960848689079285,False,0.8362922072410583,9.579687118530273,True,treatment_full_return_to_go
offline_pretrain,647,0,1.0,32,0,160,0,116.17698669433594,2168.088623046875,0.07367528975009918,50.28826141357422,116.17698669433594,2168.088623046875,0.07367528975009918,0.0005028825835324824,2284.33984375,0.7296960353851318,False,0.7762801647186279,9.625809669494629,True,treatment_full_return_to_go
offline_pretrain,648,0,1.0,32,0,160,0,120.86543273925781,1774.816162109375,0.07140810787677765,50.303192138671875,120.86543273925781,1774.816162109375,0.07140810787677765,0.0005030318861827254,1895.7535400390625,0.7200759053230286,False,0.7241293787956238,9.672619819641113,True,treatment_full_return_to_go
offline_pretrain,649,0,1.0,32,0,160,0,116.38095092773438,2017.072509765625,0.0755067765712738,50.31822204589844,116.38095092773438,2017.072509765625,0.0755067765712738,0.0005031822365708649,2133.529296875,0.7353827357292175,False,0.6990324258804321,9.720142364501953,True,treatment_full_return_to_go
offline_pretrain,650,0,1.0,32,0,160,0,68.01546478271484,2183.040771484375,0.05088367313146591,50.333534240722656,68.01546478271484,2183.040771484375,0.05088367313146591,0.0005033353227190673,2251.107421875,0.3616223633289337,False,0.7453792095184326,9.768267631530762,True,treatment_full_return_to_go
offline_pretrain,651,0,1.0,32,0,160,0,94.18185424804688,2066.079345703125,0.08347515761852264,50.348114013671875,94.18185424804688,2066.079345703125,0.08347515761852264,0.0005034811329096556,2160.34521484375,0.5619946718215942,False,0.7190111875534058,9.814431190490723,True,treatment_full_return_to_go
offline_pretrain,652,0,1.0,32,0,160,0,113.2327651977539,2158.668212890625,0.026654552668333054,50.36249542236328,113.2327651977539,2158.668212890625,0.026654552668333054,0.0005036249640397727,2271.927978515625,0.7414403557777405,False,0.8450764417648315,9.860182762145996,True,treatment_full_return_to_go
offline_pretrain,653,0,1.0,32,0,160,0,118.54873657226562,2149.26904296875,0.05323714762926102,50.377113342285156,118.54873657226562,2149.26904296875,0.05323714762926102,0.0005037711234763265,2267.87158203125,0.7734982967376709,False,0.8324828743934631,9.906905174255371,True,treatment_full_return_to_go
offline_pretrain,654,0,1.0,32,0,160,0,215.10047912597656,2274.134765625,0.01087858248502016,50.392093658447266,215.10047912597656,2274.134765625,0.01087858248502016,0.0005039209499955177,2489.246826171875,1.51157808303833,False,1.0100518465042114,9.95458698272705,True,treatment_full_return_to_go
offline_pretrain,655,0,1.0,32,0,160,0,83.05726623535156,2274.81103515625,0.012929198332130909,50.408966064453125,83.05726623535156,2274.81103515625,0.012929198332130909,0.000504089635796845,2357.8818359375,0.5746471881866455,False,0.7152687907218933,10.008344650268555,True,treatment_full_return_to_go
offline_pretrain,656,0,1.0,32,0,160,0,54.005210876464844,2152.108642578125,0.03068234771490097,50.425472259521484,54.005210876464844,2152.108642578125,0.03068234771490097,0.0005042547127231956,2206.14501953125,0.45477205514907837,False,0.6212255358695984,10.061071395874023,True,treatment_full_return_to_go
offline_pretrain,657,0,1.0,32,0,160,0,65.15263366699219,2104.4599609375,0.035496100783348083,50.44133758544922,65.15263366699219,2104.4599609375,0.035496100783348083,0.0005044133868068457,2169.6484375,0.4177812933921814,False,0.634821891784668,10.111581802368164,True,treatment_full_return_to_go
offline_pretrain,658,0,1.0,32,0,160,0,149.7210693359375,1786.08203125,0.0639558658003807,50.45663833618164,149.7210693359375,1786.08203125,0.0639558658003807,0.0005045663565397263,1935.8675537109375,0.940883457660675,False,0.7248598337173462,10.1600923538208,True,treatment_full_return_to_go
offline_pretrain,659,0,1.0,32,0,160,0,94.1008529663086,2038.783935546875,0.08129497617483139,50.47252655029297,94.1008529663086,2038.783935546875,0.08129497617483139,0.00050472526345402,2132.966552734375,0.5801913142204285,False,0.622627854347229,10.210875511169434,True,treatment_full_return_to_go
offline_pretrain,660,0,1.0,32,0,160,0,120.22270202636719,1923.1195068359375,0.05062041059136391,50.48821258544922,120.22270202636719,1923.1195068359375,0.05062041059136391,0.0005048821331001818,2043.393310546875,0.7548931837081909,False,0.7504227161407471,10.260988235473633,True,treatment_full_return_to_go
offline_pretrain,661,0,1.0,32,0,160,0,120.17848205566406,1834.084228515625,0.047662679105997086,50.504058837890625,120.17848205566406,1834.084228515625,0.047662679105997086,0.0005050405743531883,1954.310791015625,0.7626571655273438,False,0.7222054600715637,10.311884880065918,True,treatment_full_return_to_go
offline_pretrain,662,0,1.0,32,0,160,0,125.8960952758789,1790.8924560546875,0.11225646734237671,50.52009201049805,125.8960952758789,1790.8924560546875,0.11225646734237671,0.000505200878251344,1916.9013671875,0.7281036972999573,False,0.779089629650116,10.36355209350586,True,treatment_full_return_to_go
offline_pretrain,663,0,1.0,32,0,160,0,95.66219329833984,1975.565673828125,0.09978646039962769,50.53619384765625,95.66219329833984,1975.565673828125,0.09978646039962769,0.0005053619388490915,2071.328125,0.590632975101471,False,0.7586579918861389,10.415690422058105,True,treatment_full_return_to_go
offline_pretrain,664,0,1.0,32,0,160,0,123.97711944580078,1955.3353271484375,0.04431353136897087,50.551979064941406,123.97711944580078,1955.3353271484375,0.04431353136897087,0.0005055197980254889,2079.357421875,0.8111377358436584,False,0.7749038934707642,10.467110633850098,True,treatment_full_return_to_go
offline_pretrain,665,0,1.0,32,0,160,0,121.72682189941406,1781.25244140625,0.048564471304416656,50.5681266784668,121.72682189941406,1781.25244140625,0.048564471304416656,0.0005056812660768628,1903.0283203125,0.771805465221405,False,0.6630215644836426,10.519411087036133,True,treatment_full_return_to_go
offline_pretrain,666,0,1.0,32,0,160,0,13.146161079406738,2126.94873046875,0.05205228924751282,50.5844612121582,13.146161079406738,2126.94873046875,0.05205228924751282,0.000505844596773386,2140.1474609375,0.11568320542573929,False,0.5401894450187683,5.930440425872803,True,treatment_full_return_to_go
offline_pretrain,667,0,1.0,32,0,160,0,177.43743896484375,1639.1788330078125,0.06693795323371887,50.599098205566406,177.43743896484375,1639.1788330078125,0.06693795323371887,0.0005059909890405834,1816.68359375,1.2094581127166748,False,0.9756506681442261,10.620346069335938,True,treatment_full_return_to_go
offline_pretrain,668,0,1.0,32,0,160,0,112.34949493408203,2287.9755859375,0.048215314745903015,50.61506271362305,112.34949493408203,2287.9755859375,0.048215314745903015,0.0005061505944468081,2400.373779296875,0.8124020099639893,False,0.9097201228141785,10.672420501708984,True,treatment_full_return_to_go
offline_pretrain,669,0,1.0,32,0,160,0,135.46900939941406,2142.572265625,0.08433055132627487,50.6313362121582,135.46900939941406,2142.572265625,0.08433055132627487,0.0005063133430667222,2278.1259765625,0.9307438731193542,False,0.771919310092926,10.725292205810547,True,treatment_full_return_to_go
offline_pretrain,670,0,1.0,32,0,160,0,89.50306701660156,2247.62744140625,0.03932420164346695,50.64817428588867,89.50306701660156,2247.62744140625,0.03932420164346695,0.0005064817378297448,2337.17041015625,0.6322853565216064,False,0.7716475129127502,10.779998779296875,True,treatment_full_return_to_go
offline_pretrain,671,0,1.0,32,0,160,0,83.05608367919922,2267.20458984375,0.015821188688278198,50.664825439453125,83.05608367919922,2267.20458984375,0.015821188688278198,0.0005066482699476182,2350.277099609375,0.5998596549034119,False,0.7632796168327332,10.83394718170166,True,treatment_full_return_to_go
offline_pretrain,672,0,1.0,32,0,160,0,164.8677215576172,2378.57568359375,0.04066331684589386,50.68119812011719,164.8677215576172,2378.57568359375,0.04066331684589386,0.0005068119498901069,2543.484619140625,1.2032341957092285,False,1.0206053256988525,10.887223243713379,True,treatment_full_return_to_go
offline_pretrain,673,0,1.0,32,0,160,0,107.6219482421875,2032.3013916015625,0.059384785592556,50.698699951171875,107.6219482421875,2032.3013916015625,0.059384785592556,0.0005069869803264737,2139.983154296875,0.8011823296546936,False,0.8855148553848267,10.944324493408203,True,treatment_full_return_to_go
offline_pretrain,674,0,1.0,32,0,160,0,84.42562866210938,1953.591064453125,0.049305059015750885,50.7162971496582,84.42562866210938,1953.591064453125,0.049305059015750885,0.0005071629420854151,2038.0665283203125,0.7228572368621826,False,0.6555224657058716,11.001947402954102,True,treatment_full_return_to_go
offline_pretrain,675,0,1.0,32,0,160,0,193.00303649902344,1978.866455078125,0.047461509704589844,50.7337646484375,193.00303649902344,1978.866455078125,0.047461509704589844,0.0005073376232758164,2171.917236328125,1.4109135866165161,False,1.0025498867034912,11.058564186096191,True,treatment_full_return_to_go
offline_pretrain,676,0,1.0,32,0,160,0,35.325927734375,2149.8876953125,0.07866447418928146,50.75266647338867,35.325927734375,2149.8876953125,0.07866447418928146,0.0005075266235508025,2185.292724609375,0.24745038151741028,False,0.5138251781463623,11.120155334472656,True,treatment_full_return_to_go
offline_pretrain,677,0,1.0,32,0,160,0,68.84156799316406,1956.759521484375,0.07209057360887527,50.77017593383789,68.84156799316406,1956.759521484375,0.07209057360887527,0.0005077017704024911,2025.6737060546875,0.4190652072429657,False,0.7356797456741333,11.177218437194824,True,treatment_full_return_to_go
offline_pretrain,678,0,1.0,32,0,160,0,142.7801055908203,2446.64404296875,0.07239686697721481,50.78692626953125,142.7801055908203,2446.64404296875,0.07239686697721481,0.0005078692338429391,2589.4970703125,0.992043673992157,False,1.0202455520629883,11.231893539428711,True,treatment_full_return_to_go
offline_pretrain,679,0,1.0,32,0,160,0,113.89668273925781,1920.0750732421875,0.04185114800930023,50.80436706542969,113.89668273925781,1920.0750732421875,0.04185114800930023,0.0005080436822026968,2034.01416015625,0.8621617555618286,False,0.7298673391342163,11.288830757141113,True,treatment_full_return_to_go
offline_pretrain,680,0,1.0,32,0,160,0,59.87628173828125,2073.399169921875,0.028942503035068512,50.822147369384766,59.87628173828125,2073.399169921875,0.028942503035068512,0.0005082214483991265,2133.304931640625,0.4701550006866455,False,0.8299069404602051,11.346601486206055,True,treatment_full_return_to_go
offline_pretrain,681,0,1.0,32,0,160,0,167.60231018066406,2010.8009033203125,0.02694573998451233,50.839210510253906,167.60231018066406,2010.8009033203125,0.02694573998451233,0.0005083921132609248,2178.4306640625,1.2584019899368286,False,0.9260298609733582,11.402050971984863,True,treatment_full_return_to_go
offline_pretrain,682,0,1.0,32,0,160,0,74.93476867675781,1855.5108642578125,0.13790354132652283,50.857460021972656,74.93476867675781,1855.5108642578125,0.13790354132652283,0.0005085745942778885,1930.5841064453125,0.4040898382663727,False,0.607105553150177,11.46165657043457,True,treatment_full_return_to_go
offline_pretrain,683,0,1.0,32,0,160,0,112.63507080078125,2085.20068359375,0.09859941899776459,50.8747444152832,112.63507080078125,2085.20068359375,0.09859941899776459,0.0005087474128231406,2197.934814453125,0.8212702870368958,False,0.8364090919494629,11.518369674682617,True,treatment_full_return_to_go
offline_pretrain,684,0,1.0,32,0,160,0,90.39987182617188,1986.7088623046875,0.04067924991250038,50.8922119140625,90.39987182617188,1986.7088623046875,0.04067924991250038,0.0005089220940135419,2077.14990234375,0.6594664454460144,False,0.7948029637336731,11.57578182220459,True,treatment_full_return_to_go
offline_pretrain,685,0,1.0,32,0,160,0,119.03805541992188,2091.6708984375,0.032406073063611984,50.909488677978516,119.03805541992188,2091.6708984375,0.032406073063611984,0.0005090948543511331,2210.741943359375,0.8390364646911621,False,0.8925273418426514,11.632575035095215,True,treatment_full_return_to_go
offline_pretrain,686,0,1.0,32,0,160,0,88.57318878173828,2037.621337890625,0.07480724155902863,50.92707443237305,88.57318878173828,2037.621337890625,0.07480724155902863,0.0005092707579024136,2126.269775390625,0.6409401297569275,False,0.7189404368400574,11.690348625183105,True,treatment_full_return_to_go
offline_pretrain,687,0,1.0,32,0,160,0,99.84720611572266,1931.7374267578125,0.059334032237529755,50.944435119628906,99.84720611572266,1931.7374267578125,0.059334032237529755,0.0005094443331472576,2031.6444091796875,0.6259602308273315,False,0.781916618347168,11.747464179992676,True,treatment_full_return_to_go
offline_pretrain,688,0,1.0,32,0,160,0,90.2930679321289,2170.15966796875,0.03615386411547661,50.961551666259766,90.2930679321289,2170.15966796875,0.03615386411547661,0.0005096155218780041,2260.4892578125,0.6363462209701538,False,1.0196402072906494,11.803970336914062,True,treatment_full_return_to_go
offline_pretrain,689,0,1.0,32,0,160,0,119.41482543945312,2019.2537841796875,0.09264178574085236,50.978485107421875,119.41482543945312,2019.2537841796875,0.09264178574085236,0.0005097848479636014,2138.76171875,0.8467846512794495,False,0.9064202904701233,11.859983444213867,True,treatment_full_return_to_go
offline_pretrain,690,0,1.0,32,0,160,0,141.71600341796875,2109.33349609375,0.023773949593305588,50.995765686035156,141.71600341796875,2109.33349609375,0.023773949593305588,0.0005099576665088534,2251.07373046875,1.0828263759613037,False,1.0011744499206543,11.917057037353516,True,treatment_full_return_to_go
offline_pretrain,691,0,1.0,32,0,160,0,63.59203338623047,2174.6591796875,0.022811342030763626,51.01386260986328,63.59203338623047,2174.6591796875,0.022811342030763626,0.0005101386341266334,2238.2744140625,0.4820898175239563,False,0.9014496207237244,11.977017402648926,True,treatment_full_return_to_go
offline_pretrain,692,0,1.0,32,0,160,0,109.0522689819336,2146.3017578125,0.016193987801671028,51.03130340576172,109.0522689819336,2146.3017578125,0.016193987801671028,0.0005103130242787302,2255.37060546875,0.9247459173202515,False,0.8441073894500732,12.034650802612305,True,treatment_full_return_to_go
offline_pretrain,693,0,1.0,32,0,160,0,67.71749877929688,2074.25927734375,0.046981073915958405,51.04916763305664,67.71749877929688,2074.25927734375,0.046981073915958405,0.0005104916635900736,2142.024169921875,0.42773258686065674,False,0.7741181254386902,12.093534469604492,True,treatment_full_return_to_go
offline_pretrain,694,0,1.0,32,0,160,0,44.00730514526367,1711.034912109375,0.09817808866500854,51.066261291503906,44.00730514526367,1711.034912109375,0.09817808866500854,0.0005106626194901764,1755.140869140625,0.3117659091949463,False,0.5287456512451172,12.150142669677734,True,treatment_full_return_to_go
offline_pretrain,695,0,1.0,32,0,160,0,143.08975219726562,1864.80517578125,0.03729401156306267,51.082271575927734,143.08975219726562,1864.80517578125,0.03729401156306267,0.0005108226905576885,2007.9327392578125,1.1290174722671509,False,0.8798443078994751,12.202997207641602,True,treatment_full_return_to_go
offline_pretrain,696,0,1.0,32,0,160,0,110.09764099121094,1875.2130126953125,0.05419646203517914,51.09938430786133,110.09764099121094,1875.2130126953125,0.05419646203517914,0.0005109938210807741,1985.3653564453125,0.8891939520835876,False,0.8429169654846191,12.259401321411133,True,treatment_full_return_to_go
offline_pretrain,697,0,1.0,32,0,160,0,88.549072265625,2174.2783203125,0.023139558732509613,51.11692428588867,88.549072265625,2174.2783203125,0.023139558732509613,0.0005111692589707673,2262.85107421875,0.7817782163619995,False,0.7412254810333252,12.317086219787598,True,treatment_full_return_to_go
offline_pretrain,698,0,1.0,32,0,160,0,136.0366668701172,1962.719482421875,0.046189017593860626,51.134521484375,136.0366668701172,1962.719482421875,0.046189017593860626,0.0005113452207297087,2098.802734375,1.1419267654418945,False,0.8810412883758545,12.374579429626465,True,treatment_full_return_to_go
offline_pretrain,699,0,1.0,32,0,160,0,111.96237182617188,2094.728759765625,0.028592491522431374,51.153053283691406,111.96237182617188,2094.728759765625,0.028592491522431374,0.0005115304957143962,2206.72021484375,0.9362589120864868,False,0.9795000553131104,12.435245513916016,True,treatment_full_return_to_go
offline_pretrain,700,0,1.0,32,0,160,0,97.2256851196289,2032.675048828125,0.06978930532932281,51.17198944091797,97.2256851196289,2032.675048828125,0.06978930532932281,0.0005117199034430087,2129.970947265625,0.6465750336647034,False,0.9331745505332947,12.497118949890137,True,treatment_full_return_to_go
offline_pretrain,701,0,1.0,32,0,160,0,112.06420135498047,2181.90625,0.010916066356003284,51.19052505493164,112.06420135498047,2181.90625,0.010916066356003284,0.0005119052366353571,2293.98193359375,0.9026346802711487,False,1.0404133796691895,12.558246612548828,True,treatment_full_return_to_go
offline_pretrain,702,0,1.0,32,0,160,0,74.66787719726562,1619.7584228515625,0.0919027104973793,51.20937728881836,74.66787719726562,1619.7584228515625,0.0919027104973793,0.0005120937712490559,1694.5186767578125,0.44686606526374817,False,0.6030828952789307,12.620627403259277,True,treatment_full_return_to_go
offline_pretrain,703,0,1.0,32,0,160,0,68.2116470336914,1984.6060791015625,0.04742803797125816,51.22732162475586,68.2116470336914,1984.6060791015625,0.04742803797125816,0.0005122732254676521,2052.865478515625,0.4896753430366516,False,0.8951225280761719,12.680468559265137,True,treatment_full_return_to_go
offline_pretrain,704,0,1.0,32,0,160,0,109.62416076660156,1730.703857421875,0.01334825437515974,51.244686126708984,109.62416076660156,1730.703857421875,0.01334825437515974,0.000512446858920157,1840.341796875,1.016810417175293,False,0.8334732055664062,12.738222122192383,True,treatment_full_return_to_go
offline_pretrain,705,0,1.0,32,0,160,0,39.93579864501953,2416.936767578125,0.058668509125709534,51.26277160644531,39.93579864501953,2416.936767578125,0.058668509125709534,0.0005126277101226151,2456.931640625,0.2279644012451172,False,0.7677980661392212,12.797828674316406,True,treatment_full_return_to_go
offline_pretrain,706,0,1.0,32,0,160,0,61.80803680419922,2139.956787109375,0.053499214351177216,51.27951431274414,61.80803680419922,2139.956787109375,0.053499214351177216,0.0005127951153554022,2201.81884765625,0.44678643345832825,False,0.815338671207428,12.853428840637207,True,treatment_full_return_to_go
offline_pretrain,707,0,1.0,32,0,160,0,140.1317596435547,1882.233154296875,0.09127451479434967,51.2956428527832,140.1317596435547,1882.233154296875,0.09127451479434967,0.0005129564087837934,2022.4566650390625,1.1167666912078857,False,0.8461077809333801,12.907329559326172,True,treatment_full_return_to_go
offline_pretrain,708,0,1.0,32,0,160,0,68.04432678222656,1921.8865966796875,0.050698842853307724,51.31297302246094,68.04432678222656,1921.8865966796875,0.050698842853307724,0.0005131296929903328,1989.9820556640625,0.44730573892593384,False,0.8180150389671326,12.964961051940918,True,treatment_full_return_to_go
offline_pretrain,709,0,1.0,32,0,160,0,95.2222900390625,1937.1754150390625,0.10567056387662888,51.329654693603516,95.2222900390625,1937.1754150390625,0.10567056387662888,0.0005132965161465108,2032.50390625,0.6589030623435974,False,0.9728588461875916,13.020719528198242,True,treatment_full_return_to_go
offline_pretrain,710,0,1.0,32,0,160,0,45.814422607421875,1827.02685546875,0.12104906886816025,51.346282958984375,45.814422607421875,1827.02685546875,0.12104906886816025,0.0005134628154337406,1872.962890625,0.2717636227607727,False,0.7339323163032532,13.076393127441406,True,treatment_full_return_to_go
offline_pretrain,711,0,1.0,32,0,160,0,35.13562774658203,2038.177978515625,0.05649130791425705,51.361595153808594,35.13562774658203,2038.177978515625,0.05649130791425705,0.000513615959789604,2073.37060546875,0.22921331226825714,False,0.7192196846008301,13.12819766998291,True,treatment_full_return_to_go
offline_pretrain,712,0,1.0,32,0,160,0,70.25791931152344,2081.869384765625,0.0869615375995636,51.37586212158203,70.25791931152344,2081.869384765625,0.0869615375995636,0.0005137586267665029,2152.214599609375,0.4235455095767975,False,0.955424427986145,13.176817893981934,True,treatment_full_return_to_go
offline_pretrain,713,0,1.0,32,0,160,0,137.92578125,1639.75146484375,0.0700039193034172,51.38972854614258,137.92578125,1639.75146484375,0.0700039193034172,0.0005138972774147987,1777.7476806640625,1.150045394897461,False,0.877539336681366,13.22420883178711,True,treatment_full_return_to_go
offline_pretrain,714,0,1.0,32,0,160,0,93.20149230957031,1758.36767578125,0.11174726486206055,51.40501022338867,93.20149230957031,1758.36767578125,0.11174726486206055,0.0005140500725246966,1851.681396484375,0.7008146047592163,False,0.8501304984092712,13.276449203491211,True,treatment_full_return_to_go
offline_pretrain,715,0,1.0,32,0,160,0,40.00776290893555,2298.742919921875,0.09686751663684845,51.420448303222656,40.00776290893555,2298.742919921875,0.09686751663684845,0.0005142044974491,2338.84814453125,0.22229041159152985,False,0.718280017375946,13.329266548156738,True,treatment_full_return_to_go
offline_pretrain,716,0,1.0,32,0,160,0,112.57805633544922,2032.446044921875,0.04046684131026268,51.434749603271484,112.57805633544922,2032.446044921875,0.04046684131026268,0.0005143474554643035,2145.065185546875,0.9317411780357361,False,1.0453823804855347,13.378515243530273,True,treatment_full_return_to_go
offline_pretrain,717,0,1.0,32,0,160,0,94.33920288085938,1741.228759765625,0.07990285754203796,51.44989013671875,94.33920288085938,1741.228759765625,0.07990285754203796,0.0005144989117980003,1835.6484375,0.6848233342170715,False,0.7181749939918518,13.430776596069336,True,treatment_full_return_to_go
offline_pretrain,718,0,1.0,32,0,160,0,88.16224670410156,1865.044677734375,0.023562610149383545,51.465171813964844,88.16224670410156,1865.044677734375,0.023562610149383545,0.0005146517069078982,1953.23095703125,0.7060031294822693,False,0.9957118630409241,13.483771324157715,True,treatment_full_return_to_go
offline_pretrain,719,0,1.0,32,0,160,0,64.8878173828125,1998.4449462890625,0.04088079184293747,51.48065948486328,64.8878173828125,1998.4449462890625,0.04088079184293747,0.0005148065974935889,2063.3740234375,0.5235506892204285,False,0.7104963660240173,13.537467002868652,True,treatment_full_return_to_go
offline_pretrain,720,0,1.0,32,0,160,0,88.55670166015625,2466.97705078125,0.024201808497309685,51.49583053588867,88.55670166015625,2466.97705078125,0.024201808497309685,0.0005149582866579294,2555.558349609375,0.810764491558075,False,1.2314178943634033,13.589945793151855,True,treatment_full_return_to_go
offline_pretrain,721,0,1.0,32,0,160,0,58.55569076538086,2301.0615234375,0.010822138749063015,51.51148986816406,58.55569076538086,2301.0615234375,0.010822138749063015,0.0005151148652657866,2359.62841796875,0.4823237657546997,False,0.7518913149833679,13.64343547821045,True,treatment_full_return_to_go
offline_pretrain,722,0,1.0,32,0,160,0,113.09465026855469,1881.68798828125,0.05909647047519684,51.52680587768555,113.09465026855469,1881.68798828125,0.05909647047519684,0.0005152680678293109,1994.8421630859375,0.9675533771514893,False,0.7789207696914673,13.695759773254395,True,treatment_full_return_to_go
offline_pretrain,723,0,1.0,32,0,160,0,34.06782531738281,2142.510498046875,0.061666764318943024,51.54293441772461,34.06782531738281,2142.510498046875,0.061666764318943024,0.0005154293030500412,2176.640625,0.23898595571517944,False,0.8173688650131226,13.750948905944824,True,treatment_full_return_to_go
offline_pretrain,724,0,1.0,32,0,160,0,122.21635437011719,1968.1998291015625,0.05189955234527588,51.55790710449219,122.21635437011719,1968.1998291015625,0.05189955234527588,0.0005155790713615716,2090.46875,1.027119517326355,False,1.18118417263031,13.802727699279785,True,treatment_full_return_to_go
offline_pretrain,725,0,1.0,32,0,160,0,42.27269744873047,2152.025146484375,0.07425998896360397,51.57390213012695,42.27269744873047,2152.025146484375,0.07425998896360397,0.0005157390260137618,2194.37255859375,0.30312618613243103,False,0.7471266388893127,13.85758113861084,True,treatment_full_return_to_go
offline_pretrain,726,0,1.0,32,0,160,0,75.77288818359375,1744.215087890625,0.06826066970825195,51.58884811401367,75.77288818359375,1744.215087890625,0.06826066970825195,0.0005158884450793266,1820.0567626953125,0.4799332320690155,False,0.6515459418296814,13.909101486206055,True,treatment_full_return_to_go
offline_pretrain,727,0,1.0,32,0,160,0,87.07398223876953,2093.106689453125,0.02667100355029106,51.60347366333008,87.07398223876953,2093.106689453125,0.02667100355029106,0.0005160347209312022,2180.207763671875,0.7220379710197449,False,0.771795928478241,13.959661483764648,True,treatment_full_return_to_go
offline_pretrain,728,0,1.0,32,0,160,0,119.85002136230469,2408.1083984375,0.03425285592675209,51.618446350097656,119.85002136230469,2408.1083984375,0.03425285592675209,0.0005161844310350716,2527.9931640625,0.9652488231658936,False,1.3487821817398071,14.011434555053711,True,treatment_full_return_to_go
offline_pretrain,729,0,1.0,32,0,160,0,101.03704833984375,1676.669189453125,0.07352547347545624,51.63432693481445,101.03704833984375,1676.669189453125,0.07352547347545624,0.0005163432797417045,1777.7802734375,0.7476710081100464,False,0.9361022114753723,14.06640625,True,treatment_full_return_to_go
offline_pretrain,730,0,1.0,32,0,160,0,110.52520751953125,2156.85546875,0.04572460800409317,51.6505012512207,110.52520751953125,2156.85546875,0.04572460800409317,0.0005165049806237221,2267.4267578125,1.0052491426467896,False,0.9429022669792175,14.122241973876953,True,treatment_full_return_to_go
offline_pretrain,731,0,1.0,32,0,160,0,96.73649597167969,1848.2391357421875,0.11347171664237976,51.66757583618164,96.73649597167969,1848.2391357421875,0.11347171664237976,0.0005166757619008422,1945.089599609375,0.6869457960128784,False,0.9328358173370361,14.181001663208008,True,treatment_full_return_to_go
offline_pretrain,732,0,1.0,32,0,160,0,65.47789764404297,2379.8232421875,0.05686132609844208,51.684688568115234,65.47789764404297,2379.8232421875,0.05686132609844208,0.0005168468924239278,2445.3583984375,0.478284627199173,False,1.0954457521438599,14.239978790283203,True,treatment_full_return_to_go
offline_pretrain,733,0,1.0,32,0,160,0,62.26039505004883,2074.698486328125,0.06696416437625885,51.70123291015625,62.26039505004883,2074.698486328125,0.06696416437625885,0.0005170123185962439,2137.0263671875,0.4908486306667328,False,0.7455761432647705,14.29736614227295,True,treatment_full_return_to_go
offline_pretrain,734,0,1.0,32,0,160,0,138.54856872558594,2026.2303466796875,0.04571554809808731,51.71731948852539,138.54856872558594,2026.2303466796875,0.04571554809808731,0.0005171732045710087,2164.824951171875,1.2344599962234497,False,1.2474299669265747,14.353387832641602,True,treatment_full_return_to_go
offline_pretrain,735,0,1.0,32,0,160,0,68.12549591064453,2181.371337890625,0.09255284816026688,51.73482894897461,68.12549591064453,2181.371337890625,0.09255284816026688,0.0005173482932150364,2249.58984375,0.44987472891807556,False,0.7937638759613037,14.414481163024902,True,treatment_full_return_to_go
offline_pretrain,736,0,1.0,32,0,160,0,162.96238708496094,2093.947509765625,0.04530106484889984,51.751708984375,162.96238708496094,2093.947509765625,0.04530106484889984,0.0005175170954316854,2256.955810546875,1.5279455184936523,False,1.1750952005386353,14.473544120788574,True,treatment_full_return_to_go
offline_pretrain,737,0,1.0,32,0,160,0,14.673090934753418,1982.010986328125,0.06909634917974472,51.770687103271484,14.673090934753418,1982.010986328125,0.06909634917974472,0.0005177068524062634,1996.753662109375,0.17519287765026093,False,0.7659342288970947,13.087175369262695,True,treatment_full_return_to_go
offline_pretrain,738,0,1.0,32,0,160,0,66.47294616699219,2157.02685546875,0.06815798580646515,51.78767776489258,66.47294616699219,2157.02685546875,0.06815798580646515,0.0005178767605684698,2223.568359375,0.5130308270454407,False,0.9018764495849609,14.59915542602539,True,treatment_full_return_to_go
offline_pretrain,739,0,1.0,32,0,160,0,84.91268157958984,2377.37158203125,0.013856550678610802,51.80424499511719,84.91268157958984,2377.37158203125,0.013856550678610802,0.0005180424195714295,2462.298583984375,0.8877705335617065,False,1.3322696685791016,14.657255172729492,True,treatment_full_return_to_go
offline_pretrain,740,0,1.0,32,0,160,0,73.89759826660156,2081.957763671875,0.07793298363685608,51.82125473022461,73.89759826660156,2081.957763671875,0.07793298363685608,0.0005182125605642796,2155.933837890625,0.4885064363479614,False,1.0937556028366089,14.716401100158691,True,treatment_full_return_to_go
offline_pretrain,741,0,1.0,32,0,160,0,144.46600341796875,1814.450439453125,0.0345955491065979,51.837730407714844,144.46600341796875,1814.450439453125,0.0345955491065979,0.0005183772882446647,1958.9515380859375,1.3540421724319458,False,1.0611544847488403,14.774065971374512,True,treatment_full_return_to_go
offline_pretrain,742,0,1.0,32,0,160,0,140.25140380859375,1921.496826171875,0.06111803278326988,51.855979919433594,140.25140380859375,1921.496826171875,0.06111803278326988,0.0005185597692616284,2061.809814453125,1.2490112781524658,False,1.3360906839370728,14.837116241455078,True,treatment_full_return_to_go
offline_pretrain,743,0,1.0,32,0,160,0,95.60275268554688,2183.60986328125,0.07947619259357452,51.87547302246094,95.60275268554688,2183.60986328125,0.07947619259357452,0.0005187547067180276,2279.292724609375,0.7662080526351929,False,1.1891083717346191,14.904854774475098,True,treatment_full_return_to_go
offline_pretrain,744,0,1.0,32,0,160,0,70.65668487548828,2003.809326171875,0.0957653820514679,51.89494705200195,70.65668487548828,2003.809326171875,0.0957653820514679,0.000518949469551444,2074.562255859375,0.5112912654876709,False,0.7864354848861694,14.972626686096191,True,treatment_full_return_to_go
offline_pretrain,745,0,1.0,32,0,160,0,97.40701293945312,2122.862060546875,0.06187145411968231,51.91376495361328,97.40701293945312,2122.862060546875,0.06187145411968231,0.0005191376549191773,2220.331298828125,0.7497431635856628,False,1.0886585712432861,15.038217544555664,True,treatment_full_return_to_go
offline_pretrain,746,0,1.0,32,0,160,0,94.48495483398438,2028.130859375,0.050260454416275024,51.9326171875,94.48495483398438,2028.130859375,0.050260454416275024,0.0005193261313252151,2122.66650390625,0.8521595597267151,False,1.1617927551269531,15.104072570800781,True,treatment_full_return_to_go
offline_pretrain,747,0,1.0,32,0,160,0,65.61993408203125,1879.0400390625,0.06634233891963959,51.951698303222656,65.61993408203125,1879.0400390625,0.06634233891963959,0.0005195169942453504,1944.7266845703125,0.529089629650116,False,0.812880277633667,15.170354843139648,True,treatment_full_return_to_go
offline_pretrain,748,0,1.0,32,0,160,0,94.42457580566406,1983.802734375,0.0939592719078064,51.97029113769531,94.42457580566406,1983.802734375,0.0939592719078064,0.000519702909514308,2078.32177734375,0.7549251317977905,False,0.793526291847229,15.234745979309082,True,treatment_full_return_to_go
offline_pretrain,749,0,1.0,32,0,160,0,60.24435806274414,1934.8912353515625,0.05748886615037918,51.988956451416016,60.24435806274414,1934.8912353515625,0.05748886615037918,0.0005198895232751966,1995.193603515625,0.5039328336715698,False,0.8989087343215942,15.299388885498047,True,treatment_full_return_to_go
offline_pretrain,750,0,1.0,32,0,160,0,102.03094482421875,2018.76318359375,0.08848407864570618,52.00698471069336,102.03094482421875,2018.76318359375,0.08848407864570618,0.0005200698506087065,2120.883056640625,0.7636365294456482,False,0.9774229526519775,15.362290382385254,True,treatment_full_return_to_go
offline_pretrain,751,0,1.0,32,0,160,0,97.21184539794922,2244.93359375,0.07182852178812027,52.02513885498047,97.21184539794922,2244.93359375,0.07182852178812027,0.0005202514003030956,2342.2177734375,0.7704623937606812,False,0.9642151594161987,15.425939559936523,True,treatment_full_return_to_go
offline_pretrain,752,0,1.0,32,0,160,0,116.19625854492188,1853.6917724609375,0.021219469606876373,52.043373107910156,116.19625854492188,1853.6917724609375,0.021219469606876373,0.0005204337066970766,1969.9097900390625,1.0466110706329346,False,1.092313289642334,15.490304946899414,True,treatment_full_return_to_go
offline_pretrain,753,0,1.0,32,0,160,0,35.333065032958984,2276.59326171875,0.02714589610695839,52.062469482421875,35.333065032958984,2276.59326171875,0.02714589610695839,0.0005206246860325336,2311.953857421875,0.4233625531196594,False,0.8984661102294922,15.557632446289062,True,treatment_full_return_to_go
offline_pretrain,754,0,1.0,32,0,160,0,41.93873977661133,2346.312744140625,0.03210350126028061,52.080570220947266,41.93873977661133,2346.312744140625,0.03210350126028061,0.0005208057118579745,2388.283935546875,0.3234507441520691,False,1.0879111289978027,15.620944023132324,True,treatment_full_return_to_go
offline_pretrain,755,0,1.0,32,0,160,0,63.97146224975586,2397.270751953125,0.02146551012992859,52.09765625,63.97146224975586,2397.270751953125,0.02146551012992859,0.0005209765513427556,2461.26416015625,0.5705552697181702,False,1.0798680782318115,15.6805419921875,True,treatment_full_return_to_go
offline_pretrain,756,0,1.0,32,0,160,0,89.37257385253906,2232.96435546875,0.023058980703353882,52.114540100097656,89.37257385253906,2232.96435546875,0.023058980703353882,0.0005211454117670655,2322.3603515625,0.7935051918029785,False,1.363135814666748,15.73930835723877,True,treatment_full_return_to_go
offline_pretrain,757,0,1.0,32,0,160,0,145.73838806152344,1726.4105224609375,0.055002279579639435,52.13176727294922,145.73838806152344,1726.4105224609375,0.055002279579639435,0.0005213176482357085,1872.2044677734375,1.3450403213500977,False,1.0173410177230835,15.799562454223633,True,treatment_full_return_to_go
offline_pretrain,758,0,1.0,32,0,160,0,83.96907043457031,2195.149169921875,0.013141371309757233,52.150718688964844,83.96907043457031,2195.149169921875,0.013141371309757233,0.0005215071723796427,2279.1318359375,0.8936567306518555,False,1.2140179872512817,15.865825653076172,True,treatment_full_return_to_go
offline_pretrain,759,0,1.0,32,0,160,0,35.410648345947266,2017.1444091796875,0.05543159693479538,52.170082092285156,35.410648345947266,2017.1444091796875,0.05543159693479538,0.0005217008292675018,2052.611083984375,0.46008679270744324,False,0.900579035282135,15.93300724029541,True,treatment_full_return_to_go
offline_pretrain,760,0,1.0,32,0,160,0,85.98445892333984,1801.078125,0.03998956084251404,52.18852996826172,85.98445892333984,1801.078125,0.03998956084251404,0.0005218852893449366,1887.1031494140625,0.8327267169952393,False,1.0362389087677002,15.996281623840332,True,treatment_full_return_to_go
offline_pretrain,761,0,1.0,32,0,160,0,97.99864196777344,2055.09033203125,0.06564326584339142,52.20729064941406,97.99864196777344,2055.09033203125,0.06564326584339142,0.0005220728926360607,2153.155029296875,0.7869314551353455,False,1.1255536079406738,16.060779571533203,True,treatment_full_return_to_go
offline_pretrain,762,0,1.0,32,0,160,0,116.53904724121094,1788.710693359375,0.038873691111803055,52.22618103027344,116.53904724121094,1788.710693359375,0.038873691111803055,0.0005222617764957249,1905.2890625,1.0669585466384888,False,1.0355372428894043,16.126266479492188,True,treatment_full_return_to_go
offline_pretrain,763,0,1.0,32,0,160,0,137.76039123535156,2171.58203125,0.043016061186790466,52.24592208862305,137.76039123535156,2171.58203125,0.043016061186790466,0.0005224592168815434,2309.385986328125,1.387699007987976,False,1.5390400886535645,16.195104598999023,True,treatment_full_return_to_go
offline_pretrain,764,0,1.0,32,0,160,0,99.67300415039062,2057.53759765625,0.060186926275491714,52.267208099365234,99.67300415039062,2057.53759765625,0.060186926275491714,0.000522672082297504,2157.271484375,0.796267569065094,False,1.164929986000061,16.269472122192383,True,treatment_full_return_to_go
offline_pretrain,765,0,1.0,32,0,160,0,137.96160888671875,1908.589111328125,0.057949766516685486,52.28842544555664,137.96160888671875,1908.589111328125,0.057949766516685486,0.0005228842492215335,2046.6092529296875,1.3279610872268677,False,1.2714285850524902,16.3439884185791,True,treatment_full_return_to_go
offline_pretrain,766,0,1.0,32,0,160,0,59.59881591796875,2137.38525390625,0.039400894194841385,52.31090545654297,59.59881591796875,2137.38525390625,0.039400894194841385,0.0005231090472079813,2197.02392578125,0.6983358860015869,False,0.9640946984291077,16.423254013061523,True,treatment_full_return_to_go
offline_pretrain,767,0,1.0,32,0,160,0,32.74211502075195,2316.027587890625,0.010531670413911343,52.3326416015625,32.74211502075195,2316.027587890625,0.010531670413911343,0.0005233263946138322,2348.78076171875,0.276551216840744,False,0.8390836715698242,16.49985694885254,True,treatment_full_return_to_go
offline_pretrain,768,0,1.0,32,0,160,0,86.0401840209961,1894.885498046875,0.08144739270210266,52.352943420410156,86.0401840209961,1894.885498046875,0.08144739270210266,0.0005235294229350984,1981.007568359375,0.7772207260131836,False,1.028642177581787,16.57159423828125,True,treatment_full_return_to_go
offline_pretrain,769,0,1.0,32,0,160,0,150.23562622070312,2302.24560546875,0.05346231162548065,52.373252868652344,150.23562622070312,2302.24560546875,0.05346231162548065,0.0005237325094640255,2452.53515625,1.3741376399993896,False,1.6313955783843994,16.643598556518555,True,treatment_full_return_to_go
offline_pretrain,770,0,1.0,32,0,160,0,65.77839660644531,2343.31640625,0.036996711045503616,52.39502716064453,65.77839660644531,2343.31640625,0.036996711045503616,0.0005239502643235028,2409.13232421875,0.5429064035415649,False,0.8954232335090637,16.72113609313965,True,treatment_full_return_to_go
offline_pretrain,771,0,1.0,32,0,160,0,113.30177307128906,1862.3416748046875,0.02516636624932289,52.41606140136719,113.30177307128906,1862.3416748046875,0.02516636624932289,0.000524160626810044,1975.6690673828125,1.113921046257019,False,1.111138105392456,16.79623794555664,True,treatment_full_return_to_go
offline_pretrain,772,0,1.0,32,0,160,0,115.96133422851562,2126.821533203125,0.021015092730522156,52.437843322753906,115.96133422851562,2126.821533203125,0.021015092730522156,0.0005243784398771822,2242.804443359375,1.1179522275924683,False,1.0566514730453491,16.87428092956543,True,treatment_full_return_to_go
offline_pretrain,773,0,1.0,32,0,160,0,144.51242065429688,1694.4190673828125,0.10277418792247772,52.46037292480469,144.51242065429688,1694.4190673828125,0.10277418792247772,0.0005246037035249174,1839.0347900390625,1.334918737411499,False,1.2351218461990356,16.954980850219727,True,treatment_full_return_to_go
offline_pretrain,774,0,1.0,32,0,160,0,62.415618896484375,2024.4010009765625,0.026403386145830154,52.48403549194336,62.415618896484375,2024.4010009765625,0.026403386145830154,0.0005248403176665306,2086.843505859375,0.5555309057235718,False,1.2902908325195312,17.040109634399414,True,treatment_full_return_to_go
offline_pretrain,775,0,1.0,32,0,160,0,141.02467346191406,2144.038330078125,0.02298055589199066,52.506805419921875,141.02467346191406,2144.038330078125,0.02298055589199066,0.0005250680260360241,2285.08642578125,1.4113541841506958,False,1.2645115852355957,17.12220001220703,True,treatment_full_return_to_go
offline_pretrain,776,0,1.0,32,0,160,0,197.54705810546875,1676.37158203125,0.1252506971359253,52.53092956542969,197.54705810546875,1676.37158203125,0.1252506971359253,0.0005253092967905104,1874.04443359375,1.913503646850586,False,1.3188637495040894,17.209177017211914,True,treatment_full_return_to_go
offline_pretrain,777,0,1.0,32,0,160,0,167.87831115722656,2099.960693359375,0.010607656091451645,52.55743408203125,167.87831115722656,2099.960693359375,0.010607656091451645,0.0005255743162706494,2267.85009765625,1.7361273765563965,False,1.650209903717041,17.30504035949707,True,treatment_full_return_to_go
offline_pretrain,778,0,1.0,32,0,160,0,44.99251174926758,1770.795654296875,0.08697305619716644,52.58564758300781,44.99251174926758,1770.795654296875,0.08697305619716644,0.000525856448803097,1815.8756103515625,0.30318206548690796,False,0.7159191370010376,17.407136917114258,True,treatment_full_return_to_go
offline_pretrain,779,0,1.0,32,0,160,0,117.37648010253906,2127.703857421875,0.04234880208969116,52.611637115478516,117.37648010253906,2127.703857421875,0.04234880208969116,0.0005261163460090756,2245.123046875,1.134437918663025,False,1.2909058332443237,17.501882553100586,True,treatment_full_return_to_go
offline_pretrain,780,0,1.0,32,0,160,0,102.38531494140625,1582.0753173828125,0.10900615155696869,52.637935638427734,102.38531494140625,1582.0753173828125,0.10900615155696869,0.0005263793282210827,1684.5701904296875,0.8670402765274048,False,0.9113589525222778,17.59787940979004,True,treatment_full_return_to_go
offline_pretrain,781,0,1.0,32,0,160,0,96.07958221435547,1870.6177978515625,0.047067392617464066,52.66402816772461,96.07958221435547,1870.6177978515625,0.047067392617464066,0.0005266402731649578,1966.7449951171875,0.880268394947052,False,1.0770796537399292,17.692279815673828,True,treatment_full_return_to_go
offline_pretrain,782,0,1.0,32,0,160,0,148.58116149902344,1952.2177734375,0.049307189881801605,52.689876556396484,148.58116149902344,1952.2177734375,0.049307189881801605,0.0005268987733870745,2100.8486328125,1.4389934539794922,False,1.4601783752441406,17.78557014465332,True,treatment_full_return_to_go
offline_pretrain,783,0,1.0,32,0,160,0,62.693031311035156,1942.6424560546875,0.09730305522680283,52.716827392578125,62.693031311035156,1942.6424560546875,0.09730305522680283,0.0005271682748571038,2005.4332275390625,0.5686612129211426,False,1.0729411840438843,17.883045196533203,True,treatment_full_return_to_go
offline_pretrain,784,0,1.0,32,0,160,0,87.9500732421875,1879.909423828125,0.06600078195333481,52.742584228515625,87.9500732421875,1879.909423828125,0.06600078195333481,0.0005274258437566459,1967.926025390625,0.8316376805305481,False,0.9645877480506897,17.976242065429688,True,treatment_full_return_to_go
offline_pretrain,785,0,1.0,32,0,160,0,84.25238037109375,2343.22314453125,0.01993539370596409,52.76800537109375,84.25238037109375,2343.22314453125,0.01993539370596409,0.000527680036611855,2427.49609375,0.9232827425003052,False,1.4158291816711426,18.068222045898438,True,treatment_full_return_to_go
offline_pretrain,786,0,1.0,32,0,160,0,155.32546997070312,1404.376708984375,0.10750797390937805,52.793209075927734,155.32546997070312,1404.376708984375,0.10750797390937805,0.0005279320757836103,1559.8101806640625,1.438143014907837,False,1.059394359588623,18.159500122070312,True,treatment_full_return_to_go
offline_pretrain,787,0,1.0,32,0,160,0,116.72257995605469,1878.644287109375,0.0384705550968647,52.81952667236328,116.72257995605469,1878.644287109375,0.0384705550968647,0.0005281952326186001,1995.40576171875,1.168371319770813,False,1.2655750513076782,18.25531005859375,True,treatment_full_return_to_go
offline_pretrain,788,0,1.0,32,0,160,0,60.78507614135742,1843.0771484375,0.07451169192790985,52.846248626708984,60.78507614135742,1843.0771484375,0.07451169192790985,0.0005284624639898539,1903.9371337890625,0.5894738435745239,False,1.0429747104644775,18.352731704711914,True,treatment_full_return_to_go
offline_pretrain,789,0,1.0,32,0,160,0,101.30873107910156,1552.0003662109375,0.07388611882925034,52.871856689453125,101.30873107910156,1552.0003662109375,0.07388611882925034,0.0005287185776978731,1653.3834228515625,0.9394000768661499,False,1.0137659311294556,18.446006774902344,True,treatment_full_return_to_go
offline_pretrain,790,0,1.0,32,0,160,0,91.82565307617188,2023.4896240234375,0.08165271580219269,52.89748001098633,91.82565307617188,2023.4896240234375,0.08165271580219269,0.0005289748078212142,2115.397216796875,0.9272942543029785,False,1.305220365524292,18.538732528686523,True,treatment_full_return_to_go
offline_pretrain,791,0,1.0,32,0,160,0,60.93397521972656,2129.369873046875,0.05731514096260071,52.92302703857422,60.93397521972656,2129.369873046875,0.05731514096260071,0.0005292302812449634,2190.36181640625,0.7098051309585571,False,1.299731731414795,18.63067054748535,True,treatment_full_return_to_go
offline_pretrain,792,0,1.0,32,0,160,0,116.21070098876953,1927.28515625,0.04106944054365158,52.94791793823242,116.21070098876953,1927.28515625,0.04106944054365158,0.0005294791772030294,2043.537353515625,1.2413710355758667,False,1.394919991493225,18.719539642333984,True,treatment_full_return_to_go
offline_pretrain,793,0,1.0,32,0,160,0,96.02275085449219,2094.9443359375,0.04907612130045891,52.97355651855469,96.02275085449219,2094.9443359375,0.04907612130045891,0.0005297355237416923,2191.0166015625,0.8909194469451904,False,1.404356598854065,18.811138153076172,True,treatment_full_return_to_go
offline_pretrain,794,0,1.0,32,0,160,0,153.63348388671875,1967.174072265625,0.053675439208745956,52.99898147583008,153.63348388671875,1967.174072265625,0.053675439208745956,0.0005299897748045623,2120.86181640625,1.5024611949920654,False,1.3432527780532837,18.902416229248047,True,treatment_full_return_to_go
offline_pretrain,795,0,1.0,32,0,160,0,66.1706771850586,2068.9091796875,0.05305620655417442,53.02582931518555,66.1706771850586,2068.9091796875,0.05305620655417442,0.0005302582867443562,2135.13330078125,0.6010199785232544,False,1.2064337730407715,18.99895668029785,True,treatment_full_return_to_go
offline_pretrain,796,0,1.0,32,0,160,0,99.6008071899414,1782.7899169921875,0.09680963307619095,53.05155563354492,99.6008071899414,1782.7899169921875,0.09680963307619095,0.0005305155646055937,1882.488037109375,0.8938261866569519,False,1.3064111471176147,19.091941833496094,True,treatment_full_return_to_go
offline_pretrain,797,0,1.0,32,0,160,0,61.3858528137207,1969.8914794921875,0.02846498228609562,53.07698059082031,61.3858528137207,1969.8914794921875,0.02846498228609562,0.0005307698156684637,2031.3062744140625,0.6501295566558838,False,0.8719024658203125,19.184431076049805,True,treatment_full_return_to_go
offline_pretrain,798,0,1.0,32,0,160,0,92.77024841308594,1904.555419921875,0.03301909565925598,53.10157012939453,92.77024841308594,1904.555419921875,0.03301909565925598,0.0005310156848281622,1997.359130859375,0.9607177972793579,False,1.2202584743499756,19.27390480041504,True,treatment_full_return_to_go
offline_pretrain,799,0,1.0,32,0,160,0,68.21698760986328,2544.099609375,0.037031084299087524,53.126277923583984,68.21698760986328,2544.099609375,0.037031084299087524,0.0005312627763487399,2612.354248046875,0.6090502738952637,False,1.5391093492507935,19.363649368286133,True,treatment_full_return_to_go
offline_pretrain,800,0,1.0,32,0,160,0,69.39450073242188,1829.780029296875,0.063112273812294,53.15012741088867,69.39450073242188,1829.780029296875,0.063112273812294,0.0005315012531355023,1899.2381591796875,0.6087265610694885,False,0.9137489795684814,19.45064926147461,True,treatment_full_return_to_go
offline_pretrain,801,0,1.0,32,0,160,0,47.416343688964844,2059.51123046875,0.08778835833072662,53.17320251464844,47.416343688964844,2059.51123046875,0.08778835833072662,0.0005317319883033633,2107.015869140625,0.3004474937915802,False,1.2057446241378784,19.53513526916504,True,treatment_full_return_to_go
offline_pretrain,802,0,1.0,32,0,160,0,109.8595199584961,2014.380859375,0.01682763174176216,53.19473648071289,109.8595199584961,2014.380859375,0.01682763174176216,0.0005319473566487432,2124.2578125,1.2822273969650269,False,1.3610987663269043,19.614044189453125,True,treatment_full_return_to_go
offline_pretrain,803,0,1.0,32,0,160,0,87.79242706298828,2084.23583984375,0.053104057908058167,53.217430114746094,87.79242706298828,2084.23583984375,0.053104057908058167,0.0005321743083186448,2172.08203125,0.9271575808525085,False,1.4155175685882568,19.69723129272461,True,treatment_full_return_to_go
offline_pretrain,804,0,1.0,32,0,160,0,89.94586944580078,1848.197265625,0.0855836570262909,53.240291595458984,89.94586944580078,1848.197265625,0.0855836570262909,0.000532402889803052,1938.229248046875,0.923051655292511,False,1.3215889930725098,19.781391143798828,True,treatment_full_return_to_go
offline_pretrain,805,0,1.0,32,0,160,0,118.93262481689453,1766.697265625,0.0351979024708271,53.263362884521484,118.93262481689453,1766.697265625,0.0351979024708271,0.0005326336249709129,1885.66552734375,1.4430700540542603,False,1.318405032157898,19.86612319946289,True,treatment_full_return_to_go
offline_pretrain,806,0,1.0,32,0,160,0,117.4540023803711,1754.041748046875,0.04078373312950134,53.28797149658203,117.4540023803711,1754.041748046875,0.04078373312950134,0.0005328797269612551,1871.5369873046875,1.3399592638015747,False,1.3045716285705566,19.955060958862305,True,treatment_full_return_to_go
offline_pretrain,807,0,1.0,32,0,160,0,63.488773345947266,2181.912353515625,0.022544456645846367,53.31367874145508,63.488773345947266,2181.912353515625,0.022544456645846367,0.0005331367719918489,2245.424072265625,0.6295965909957886,False,1.5005590915679932,20.047670364379883,True,treatment_full_return_to_go
offline_pretrain,808,0,1.0,32,0,160,0,18.704160690307617,2117.152587890625,0.07286959886550903,53.33852005004883,18.704160690307617,2117.152587890625,0.07286959886550903,0.0005333852022886276,2135.929931640625,0.17856156826019287,False,1.0333116054534912,19.59918975830078,True,treatment_full_return_to_go
offline_pretrain,809,0,1.0,32,0,160,0,91.86024475097656,2052.09130859375,0.03653385862708092,53.360809326171875,91.86024475097656,2052.09130859375,0.03653385862708092,0.0005336080794222653,2143.98876953125,0.9730733633041382,False,1.0896761417388916,20.218505859375,True,treatment_full_return_to_go
offline_pretrain,810,0,1.0,32,0,160,0,134.23828125,2101.269287109375,0.045335959643125534,53.383506774902344,134.23828125,2101.269287109375,0.045335959643125534,0.0005338350310921669,2235.553466796875,1.5589866638183594,False,1.3606367111206055,20.300975799560547,True,treatment_full_return_to_go
offline_pretrain,811,0,1.0,32,0,160,0,143.0010528564453,1885.7569580078125,0.08202003687620163,53.40805435180664,143.0010528564453,1885.7569580078125,0.08202003687620163,0.0005340805510058999,2028.840576171875,1.552809476852417,False,1.5933574438095093,20.39048194885254,True,treatment_full_return_to_go
offline_pretrain,812,0,1.0,32,0,160,0,91.13557434082031,1990.6884765625,0.07531210780143738,53.434261322021484,91.13557434082031,1990.6884765625,0.07531210780143738,0.0005343426018953323,2081.899658203125,0.9640770554542542,False,1.5135877132415771,20.486352920532227,True,treatment_full_return_to_go
offline_pretrain,813,0,1.0,32,0,160,0,138.3185577392578,2189.307373046875,0.08783266693353653,53.4603271484375,138.3185577392578,2189.307373046875,0.08783266693353653,0.0005346032558009028,2327.71435546875,1.6185822486877441,False,1.793138027191162,20.582199096679688,True,treatment_full_return_to_go
offline_pretrain,814,0,1.0,32,0,160,0,89.68758392333984,2060.203369140625,0.04408818855881691,53.487918853759766,89.68758392333984,2060.203369140625,0.04408818855881691,0.0005348791601136327,2149.935546875,0.9580260515213013,False,1.457502841949463,20.684476852416992,True,treatment_full_return_to_go
offline_pretrain,815,0,1.0,32,0,160,0,22.84412956237793,1860.5986328125,0.07521557062864304,53.51524353027344,22.84412956237793,1860.5986328125,0.07521557062864304,0.0005351524450816214,1883.5184326171875,0.18427865207195282,False,0.9854700565338135,20.204864501953125,True,treatment_full_return_to_go
offline_pretrain,816,0,1.0,32,0,160,0,89.89118957519531,2185.0791015625,0.026480812579393387,53.539794921875,89.89118957519531,2185.0791015625,0.026480812579393387,0.0005353979067876935,2274.9970703125,1.0203969478607178,False,1.724294662475586,20.878026962280273,True,treatment_full_return_to_go
offline_pretrain,817,0,1.0,32,0,160,0,70.321044921875,1945.4886474609375,0.0708760917186737,53.56458282470703,70.321044921875,1945.4886474609375,0.0708760917186737,0.000535645813215524,2015.881103515625,0.6375728249549866,False,1.3044170141220093,20.970600128173828,True,treatment_full_return_to_go
offline_pretrain,818,0,1.0,32,0,160,0,85.03693389892578,2133.768798828125,0.016223160549998283,53.588504791259766,85.03693389892578,2133.768798828125,0.016223160549998283,0.0005358850467018783,2218.822265625,0.9962234497070312,False,1.1085773706436157,21.0605411529541,True,treatment_full_return_to_go
offline_pretrain,819,0,1.0,32,0,160,0,69.00635528564453,1846.982666015625,0.06099313870072365,53.612632751464844,69.00635528564453,1846.982666015625,0.06099313870072365,0.0005361263174563646,1916.050537109375,0.666619598865509,False,1.348159670829773,21.151609420776367,True,treatment_full_return_to_go
offline_pretrain,820,0,1.0,32,0,160,0,39.01729202270508,1954.365234375,0.034655146300792694,53.6360969543457,39.01729202270508,1954.365234375,0.034655146300792694,0.0005363609525375068,1993.417724609375,0.3288862407207489,False,1.2847113609313965,21.240358352661133,True,treatment_full_return_to_go
offline_pretrain,821,0,1.0,32,0,160,0,176.13601684570312,1735.8306884765625,0.06061326712369919,53.65811538696289,176.13601684570312,1735.8306884765625,0.06061326712369919,0.0005365811521187425,1912.02783203125,1.9658962488174438,False,1.4609535932540894,21.32377815246582,True,treatment_full_return_to_go
offline_pretrain,822,0,1.0,32,0,160,0,173.8794403076172,1756.068115234375,0.04852510243654251,53.68310546875,173.8794403076172,1756.068115234375,0.04852510243654251,0.000536831037607044,1929.99658203125,2.008216142654419,False,1.5700346231460571,21.418363571166992,True,treatment_full_return_to_go
offline_pretrain,823,0,1.0,32,0,160,0,63.113739013671875,2273.1552734375,0.026313621550798416,53.710872650146484,63.113739013671875,2273.1552734375,0.026313621550798416,0.0005371086881496012,2336.2958984375,0.6624642014503479,False,1.4753618240356445,21.52309226989746,True,treatment_full_return_to_go
offline_pretrain,824,0,1.0,32,0,160,0,167.59266662597656,1704.3160400390625,0.026305122300982475,53.73766326904297,167.59266662597656,1704.3160400390625,0.026305122300982475,0.0005373766180127859,1871.9354248046875,2.042593002319336,False,1.5223504304885864,21.62432289123535,True,treatment_full_return_to_go
offline_pretrain,825,0,1.0,32,0,160,0,64.08374786376953,2223.60888671875,0.14939725399017334,53.76708221435547,64.08374786376953,2223.60888671875,0.14939725399017334,0.0005376707995310426,2287.842529296875,0.5965165495872498,False,1.4231153726577759,21.73525047302246,True,treatment_full_return_to_go
offline_pretrain,826,0,1.0,32,0,160,0,100.40047454833984,2216.06298828125,0.10843107104301453,53.79511260986328,100.40047454833984,2216.06298828125,0.10843107104301453,0.0005379511276260018,2316.572265625,0.9518278241157532,False,1.7630634307861328,21.841218948364258,True,treatment_full_return_to_go
offline_pretrain,827,0,1.0,32,0,160,0,66.77854919433594,2046.449951171875,0.032552748918533325,53.822933197021484,66.77854919433594,2046.449951171875,0.032552748918533325,0.0005382293020375073,2113.261474609375,0.7019296288490295,False,1.3484597206115723,21.946483612060547,True,treatment_full_return_to_go
offline_pretrain,828,0,1.0,32,0,160,0,62.54926300048828,1665.6927490234375,0.04406382516026497,53.849971771240234,62.54926300048828,1665.6927490234375,0.04406382516026497,0.0005384996766224504,1728.28662109375,0.7404962182044983,False,1.1052064895629883,22.048402786254883,True,treatment_full_return_to_go
offline_pretrain,829,0,1.0,32,0,160,0,123.00825500488281,1812.066162109375,0.0961717963218689,53.87635040283203,123.00825500488281,1812.066162109375,0.0961717963218689,0.0005387634737417102,1935.171142578125,1.3369725942611694,False,1.531229853630066,22.1473331451416,True,treatment_full_return_to_go
offline_pretrain,830,0,1.0,32,0,160,0,142.99844360351562,1793.5994873046875,0.11801792681217194,53.90372085571289,142.99844360351562,1793.5994873046875,0.11801792681217194,0.0005390371661633253,1936.7164306640625,1.6508594751358032,False,1.5506361722946167,22.249820709228516,True,treatment_full_return_to_go
offline_pretrain,831,0,1.0,32,0,160,0,70.46925354003906,2244.54541015625,0.0809669941663742,53.932701110839844,70.46925354003906,2244.54541015625,0.0809669941663742,0.0005393269821070135,2315.09619140625,0.663129448890686,False,1.5930813550949097,22.358549118041992,True,treatment_full_return_to_go
offline_pretrain,832,0,1.0,32,0,160,0,31.649169921875,1944.78857421875,0.012066463939845562,53.96052551269531,31.649169921875,1944.78857421875,0.012066463939845562,0.0005396052147261798,1976.4503173828125,0.39573007822036743,False,1.0429036617279053,22.46352195739746,True,treatment_full_return_to_go
offline_pretrain,833,0,1.0,32,0,160,0,66.96549224853516,2201.76904296875,0.049980178475379944,53.98665237426758,66.96549224853516,2201.76904296875,0.049980178475379944,0.0005398665089160204,2268.78515625,0.7005448341369629,False,1.155824065208435,22.561965942382812,True,treatment_full_return_to_go
offline_pretrain,834,0,1.0,32,0,160,0,120.07955932617188,1958.4727783203125,0.03698309138417244,54.01215744018555,120.07955932617188,1958.4727783203125,0.03698309138417244,0.0005401215748861432,2078.589599609375,1.422472357749939,False,1.6699752807617188,22.6579647064209,True,treatment_full_return_to_go
offline_pretrain,835,0,1.0,32,0,160,0,10.90554141998291,1953.463623046875,0.06865459680557251,54.038883209228516,10.90554141998291,1953.463623046875,0.06865459680557251,0.0005403888062573969,1964.438232421875,0.18325375020503998,False,1.098940134048462,21.07147789001465,True,treatment_full_return_to_go
offline_pretrain,836,0,1.0,32,0,160,0,73.42755889892578,1670.050537109375,0.05870668590068817,54.06285858154297,73.42755889892578,1670.050537109375,0.05870668590068817,0.0005406285636126995,1743.537353515625,0.682854413986206,False,1.1748782396316528,22.849740982055664,True,treatment_full_return_to_go
offline_pretrain,837,0,1.0,32,0,160,0,48.7230339050293,2037.222412109375,0.073222316801548,54.0863037109375,48.7230339050293,2037.222412109375,0.073222316801548,0.000540863024070859,2086.019287109375,0.3675309121608734,False,1.2129056453704834,22.93895721435547,True,treatment_full_return_to_go
offline_pretrain,838,0,1.0,32,0,160,0,42.20230484008789,2257.757568359375,0.033538512885570526,54.10832977294922,42.20230484008789,2257.757568359375,0.033538512885570526,0.0005410832818597555,2299.993896484375,0.44820767641067505,False,1.2653985023498535,23.02303123474121,True,treatment_full_return_to_go
offline_pretrain,839,0,1.0,32,0,160,0,114.55997467041016,1801.490234375,0.07592062652111053,54.12939453125,114.55997467041016,1801.490234375,0.07592062652111053,0.0005412939353846014,1916.1265869140625,1.3540581464767456,False,1.719547152519226,23.10270118713379,True,treatment_full_return_to_go
offline_pretrain,840,0,1.0,32,0,160,0,118.26866149902344,1823.1953125,0.038087304681539536,54.1519889831543,118.26866149902344,1823.1953125,0.038087304681539536,0.0005415198975242674,1941.5025634765625,1.403013825416565,False,1.6751704216003418,23.1886043548584,True,treatment_full_return_to_go
offline_pretrain,841,0,1.0,32,0,160,0,122.53153228759766,2197.193115234375,0.054683297872543335,54.17606735229492,122.53153228759766,2197.193115234375,0.054683297872543335,0.0005417606444098055,2319.77978515625,1.4329586029052734,False,2.3575124740600586,23.28060531616211,True,treatment_full_return_to_go
offline_pretrain,842,0,1.0,32,0,160,0,141.68075561523438,1987.457763671875,0.06999555230140686,54.20154571533203,141.68075561523438,1987.457763671875,0.06999555230140686,0.0005420154193416238,2129.208984375,1.7251472473144531,False,1.5124233961105347,23.37815284729004,True,treatment_full_return_to_go
offline_pretrain,843,0,1.0,32,0,160,0,42.51882553100586,2044.6011962890625,0.12179829180240631,54.22911071777344,42.51882553100586,2044.6011962890625,0.12179829180240631,0.00054229109082371,2087.242431640625,0.3543672263622284,False,1.5444508790969849,23.483861923217773,True,treatment_full_return_to_go
offline_pretrain,844,0,1.0,32,0,160,0,123.94152069091797,1793.331298828125,0.0682462751865387,54.25490951538086,123.94152069091797,1793.331298828125,0.0682462751865387,0.0005425490671768785,1917.341552734375,1.4044862985610962,False,1.2869467735290527,23.58252716064453,True,treatment_full_return_to_go
offline_pretrain,845,0,1.0,32,0,160,0,147.62379455566406,2101.401123046875,0.037410035729408264,54.28182601928711,147.62379455566406,2101.401123046875,0.037410035729408264,0.0005428182194009423,2249.062744140625,1.8296250104904175,False,2.244236707687378,23.686115264892578,True,treatment_full_return_to_go
offline_pretrain,846,0,1.0,32,0,160,0,7.698662281036377,2130.36328125,0.15429820120334625,54.310890197753906,7.698662281036377,2130.36328125,0.15429820120334625,0.0005431089084595442,2138.216796875,0.35264265537261963,False,1.006189227104187,19.027589797973633,True,treatment_full_return_to_go
offline_pretrain,847,0,1.0,32,0,160,0,94.27973937988281,1993.670166015625,0.03218397498130798,54.33676528930664,94.27973937988281,1993.670166015625,0.03218397498130798,0.0005433676415123045,2087.982666015625,1.0818949937820435,False,1.5474324226379395,23.89742088317871,True,treatment_full_return_to_go
offline_pretrain,848,0,1.0,32,0,160,0,65.86122131347656,1741.250732421875,0.04726357012987137,54.363006591796875,65.86122131347656,1741.250732421875,0.04726357012987137,0.0005436300416477025,1807.15966796875,0.7177747488021851,False,1.390838861465454,23.998558044433594,True,treatment_full_return_to_go
offline_pretrain,849,0,1.0,32,0,160,0,199.7342987060547,1480.3265380859375,0.09879304468631744,54.38858413696289,199.7342987060547,1480.3265380859375,0.09879304468631744,0.0005438858061097562,1680.1600341796875,2.5098750591278076,False,1.9894896745681763,24.097492218017578,True,treatment_full_return_to_go
offline_pretrain,850,0,1.0,32,0,160,0,92.95628356933594,1992.3349609375,0.05177944153547287,54.418216705322266,92.95628356933594,1992.3349609375,0.05177944153547287,0.0005441821413114667,2085.343505859375,1.08400297164917,False,1.5218126773834229,24.212112426757812,True,treatment_full_return_to_go
offline_pretrain,851,0,1.0,32,0,160,0,60.70188522338867,2246.466796875,0.009980824775993824,54.44778060913086,60.70188522338867,2246.466796875,0.009980824775993824,0.0005444777780212462,2307.17919921875,0.7336195707321167,False,1.5583012104034424,24.326976776123047,True,treatment_full_return_to_go
offline_pretrain,852,0,1.0,32,0,160,0,86.17703247070312,2027.97802734375,0.012981395237147808,54.47639465332031,86.17703247070312,2027.97802734375,0.012981395237147808,0.0005447639268822968,2114.16845703125,1.1904582977294922,False,1.9687252044677734,24.438405990600586,True,treatment_full_return_to_go
offline_pretrain,853,0,1.0,32,0,160,0,33.89187240600586,2285.599609375,0.009933045133948326,54.505428314208984,33.89187240600586,2285.599609375,0.009933045133948326,0.0005450542666949332,2319.501953125,0.3672296106815338,False,1.328355312347412,24.550718307495117,True,treatment_full_return_to_go
offline_pretrain,854,0,1.0,32,0,160,0,68.84886932373047,1671.6158447265625,0.12908072769641876,54.53260803222656,68.84886932373047,1671.6158447265625,0.12908072769641876,0.0005453260382637382,1740.59423828125,0.748157799243927,False,1.2918983697891235,24.656070709228516,True,treatment_full_return_to_go
offline_pretrain,855,0,1.0,32,0,160,0,76.07882690429688,2014.8062744140625,0.08784544467926025,54.55915069580078,76.07882690429688,2014.8062744140625,0.08784544467926025,0.0005455914651975036,2090.973388671875,0.7646284699440002,False,2.053436040878296,24.75890350341797,True,treatment_full_return_to_go
offline_pretrain,856,0,1.0,32,0,160,0,62.57700729370117,2057.071044921875,0.06268498301506042,54.58512496948242,62.57700729370117,2057.071044921875,0.06268498301506042,0.0005458512459881604,2119.711181640625,0.9291930794715881,False,1.5948607921600342,24.8594913482666,True,treatment_full_return_to_go
offline_pretrain,857,0,1.0,32,0,160,0,59.406890869140625,2093.536865234375,0.016132604330778122,54.61087417602539,59.406890869140625,2093.536865234375,0.016132604330778122,0.0005461087566800416,2152.96044921875,0.7860613465309143,False,1.445631980895996,24.958335876464844,True,treatment_full_return_to_go
offline_pretrain,858,0,1.0,32,0,160,0,192.615234375,1852.3238525390625,0.046094343066215515,54.6361083984375,192.615234375,1852.3238525390625,0.046094343066215515,0.0005463610868901014,2044.9857177734375,2.6513166427612305,False,2.017280101776123,25.055461883544922,True,treatment_full_return_to_go
offline_pretrain,859,0,1.0,32,0,160,0,69.90814971923828,2019.04931640625,0.07423017919063568,54.66570281982422,69.90814971923828,2019.04931640625,0.07423017919063568,0.0005466570146381855,2089.0322265625,0.7428941130638123,False,1.2627934217453003,25.16973114013672,True,treatment_full_return_to_go
offline_pretrain,860,0,1.0,32,0,160,0,95.21675109863281,2023.25048828125,0.10442499071359634,54.6943473815918,95.21675109863281,2023.25048828125,0.10442499071359634,0.0005469434545375407,2118.572265625,1.0926028490066528,False,1.850511074066162,25.280702590942383,True,treatment_full_return_to_go
offline_pretrain,861,0,1.0,32,0,160,0,91.107666015625,2130.989501953125,0.11724714189767838,54.72311019897461,91.107666015625,2130.989501953125,0.11724714189767838,0.000547231116797775,2222.21484375,1.0617274045944214,False,1.7368460893630981,25.39223861694336,True,treatment_full_return_to_go
offline_pretrain,862,0,1.0,32,0,160,0,143.00003051757812,1862.3619384765625,0.1096198782324791,54.751869201660156,143.00003051757812,1862.3619384765625,0.1096198782324791,0.0005475186626426876,2005.4720458984375,1.8241636753082275,False,1.66647469997406,25.50425910949707,True,treatment_full_return_to_go
offline_pretrain,863,0,1.0,32,0,160,0,145.22772216796875,1963.76953125,0.020056607201695442,54.782596588134766,145.22772216796875,1963.76953125,0.020056607201695442,0.0005478259408846498,2109.017822265625,1.9057037830352783,False,2.279007911682129,25.624242782592773,True,treatment_full_return_to_go
offline_pretrain,864,0,1.0,32,0,160,0,144.7339324951172,1654.2061767578125,0.03797789663076401,54.815311431884766,144.7339324951172,1654.2061767578125,0.03797789663076401,0.0005481531261466444,1798.978515625,1.899865984916687,False,1.8652689456939697,25.752365112304688,True,treatment_full_return_to_go
offline_pretrain,865,0,1.0,32,0,160,0,167.86505126953125,1788.2763671875,0.028569746762514114,54.849754333496094,167.86505126953125,1788.2763671875,0.028569746762514114,0.0005484975408762693,1956.17041015625,2.342154026031494,False,2.1111669540405273,25.887773513793945,True,treatment_full_return_to_go
offline_pretrain,866,0,1.0,32,0,160,0,36.07136154174805,2004.4613037109375,0.021867923438549042,54.88685607910156,36.07136154174805,2004.4613037109375,0.021867923438549042,0.0005488685565069318,2040.5550537109375,0.41480371356010437,False,1.2434903383255005,26.03370475769043,True,treatment_full_return_to_go
offline_pretrain,867,0,1.0,32,0,160,0,40.6497917175293,2146.7392578125,0.1369515210390091,54.9214973449707,40.6497917175293,2146.7392578125,0.1369515210390091,0.0005492149502970278,2187.526611328125,0.3514622747898102,False,1.1226062774658203,26.16975975036621,True,treatment_full_return_to_go
offline_pretrain,868,0,1.0,32,0,160,0,83.04645538330078,2053.478515625,0.03221310302615166,54.95368957519531,83.04645538330078,2053.478515625,0.03221310302615166,0.0005495368968695402,2136.5576171875,1.2509404420852661,False,1.7677949666976929,26.295759201049805,True,treatment_full_return_to_go
offline_pretrain,869,0,1.0,32,0,160,0,144.05276489257812,1774.709716796875,0.03428741171956062,54.9859504699707,144.05276489257812,1774.709716796875,0.03428741171956062,0.0005498594837263227,1918.79736328125,1.9738688468933105,False,1.6575690507888794,26.421977996826172,True,treatment_full_return_to_go
offline_pretrain,870,0,1.0,32,0,160,0,170.0994873046875,1861.400634765625,0.02213549055159092,55.020240783691406,170.0994873046875,1861.400634765625,0.02213549055159092,0.0005502023850567639,2031.5228271484375,2.3589401245117188,False,2.1744656562805176,26.55626106262207,True,treatment_full_return_to_go
offline_pretrain,871,0,1.0,32,0,160,0,110.2727279663086,2295.181396484375,0.05079837888479233,55.05722427368164,110.2727279663086,2295.181396484375,0.05079837888479233,0.0005505722365342081,2405.50537109375,1.5669610500335693,False,2.1297929286956787,26.70176887512207,True,treatment_full_return_to_go
offline_pretrain,872,0,1.0,32,0,160,0,64.94249725341797,2153.9130859375,0.04444441199302673,55.09468460083008,64.94249725341797,2153.9130859375,0.04444441199302673,0.0005509468610398471,2218.900390625,0.773607611656189,False,1.7932343482971191,26.849178314208984,True,treatment_full_return_to_go
offline_pretrain,873,0,1.0,32,0,160,0,88.02206420898438,1950.588134765625,0.05935508385300636,55.13047409057617,88.02206420898438,1950.588134765625,0.05935508385300636,0.0005513047217391431,2038.670166015625,1.23976731300354,False,1.5145630836486816,26.99064826965332,True,treatment_full_return_to_go
offline_pretrain,874,0,1.0,32,0,160,0,144.65383911132812,1888.9420166015625,0.02020977810025215,55.16594696044922,144.65383911132812,1888.9420166015625,0.02020977810025215,0.0005516594392247498,2033.61669921875,1.9843672513961792,False,2.1889536380767822,27.130878448486328,True,treatment_full_return_to_go
offline_pretrain,875,0,1.0,32,0,160,0,116.87568664550781,1588.03564453125,0.022289440035820007,55.203102111816406,116.87568664550781,1588.03564453125,0.022289440035820007,0.0005520309787243605,1704.934326171875,1.5986249446868896,False,1.9221992492675781,27.278173446655273,True,treatment_full_return_to_go
offline_pretrain,876,0,1.0,32,0,160,0,113.33596801757812,1830.31591796875,0.06405466049909592,55.24078369140625,113.33596801757812,1830.31591796875,0.06405466049909592,0.0005524078151211143,1943.716552734375,1.5971243381500244,False,2.0079989433288574,27.428007125854492,True,treatment_full_return_to_go
offline_pretrain,877,0,1.0,32,0,160,0,100.2192153930664,1630.6251220703125,0.08720923215150833,55.27898406982422,100.2192153930664,1630.6251220703125,0.08720923215150833,0.0005527898319996893,1730.93212890625,1.1722536087036133,False,1.501044511795044,27.579805374145508,True,treatment_full_return_to_go
offline_pretrain,878,0,1.0,32,0,160,0,15.635905265808105,2163.23828125,0.04640085622668266,55.3165283203125,15.635905265808105,2163.23828125,0.04640085622668266,0.0005531652714125812,2178.921142578125,0.16202503442764282,False,1.3814163208007812,26.98299789428711,True,treatment_full_return_to_go
offline_pretrain,879,0,1.0,32,0,160,0,145.2747039794922,2147.29833984375,0.03836583346128464,55.350364685058594,145.2747039794922,2147.29833984375,0.03836583346128464,0.0005535036325454712,2292.61181640625,2.009133815765381,False,2.206841230392456,27.864797592163086,True,treatment_full_return_to_go
offline_pretrain,880,0,1.0,32,0,160,0,38.29843521118164,1768.481201171875,0.0671728178858757,55.3860969543457,38.29843521118164,1768.481201171875,0.0671728178858757,0.000553860969375819,1806.847412109375,0.4079623222351074,False,1.198568344116211,28.008052825927734,True,treatment_full_return_to_go
offline_pretrain,881,0,1.0,32,0,160,0,63.643768310546875,1962.6986083984375,0.07428993284702301,55.419403076171875,63.643768310546875,1962.6986083984375,0.07428993284702301,0.0005541940336115658,2026.4173583984375,0.7938312292098999,False,1.6723867654800415,28.141765594482422,True,treatment_full_return_to_go
offline_pretrain,882,0,1.0,32,0,160,0,13.541017532348633,2037.464599609375,0.1086331307888031,55.45160675048828,13.541017532348633,2037.464599609375,0.1086331307888031,0.0005545160383917391,2051.11474609375,0.22169558703899384,False,1.1480615139007568,22.644763946533203,True,treatment_full_return_to_go
offline_pretrain,883,0,1.0,32,0,160,0,62.31608963012695,2129.004150390625,0.0907222181558609,55.48042297363281,62.31608963012695,2129.004150390625,0.0907222181558609,0.0005548042245209217,2191.41162109375,0.7585785388946533,False,1.9881880283355713,28.386577606201172,True,treatment_full_return_to_go
offline_pretrain,884,0,1.0,32,0,160,0,121.48876953125,1795.8079833984375,0.04635673761367798,55.50844955444336,121.48876953125,1795.8079833984375,0.04635673761367798,0.00055508449440822,1917.34375,1.6323707103729248,False,2.009906053543091,28.499433517456055,True,treatment_full_return_to_go
offline_pretrain,885,0,1.0,32,0,160,0,219.8235321044922,2229.96630859375,0.028776073828339577,55.538055419921875,219.8235321044922,2229.96630859375,0.028776073828339577,0.000555380538571626,2449.819091796875,3.343296766281128,False,3.1501340866088867,28.6189022064209,True,treatment_full_return_to_go
offline_pretrain,886,0,1.0,32,0,160,0,86.59086608886719,2090.8515625,0.012062757275998592,55.57321548461914,86.59086608886719,2090.8515625,0.012062757275998592,0.0005557321128435433,2177.454833984375,1.2455743551254272,False,2.116196870803833,28.76132583618164,True,treatment_full_return_to_go
offline_pretrain,887,0,1.0,32,0,160,0,189.83726501464844,2055.3623046875,0.0,55.608177185058594,189.83726501464844,2055.3623046875,0.0,0.0005560817662626505,2245.199951171875,2.9345626831054688,False,2.6086301803588867,28.903261184692383,True,treatment_full_return_to_go
offline_pretrain,888,0,1.0,32,0,160,0,34.68667221069336,1698.549560546875,0.0851835086941719,55.647090911865234,34.68667221069336,1698.549560546875,0.0851835086941719,0.000556470884475857,1733.322021484375,0.3652843236923218,False,1.250986933708191,29.061546325683594,True,treatment_full_return_to_go
offline_pretrain,889,0,1.0,32,0,160,0,49.4471549987793,2011.319580078125,0.05773229897022247,55.68308639526367,49.4471549987793,2011.319580078125,0.05773229897022247,0.0005568308406509459,2060.824951171875,0.4304097294807434,False,2.1315276622772217,29.208391189575195,True,treatment_full_return_to_go
offline_pretrain,890,0,1.0,32,0,160,0,111.18818664550781,2337.40673828125,0.028358571231365204,55.71672439575195,111.18818664550781,2337.40673828125,0.028358571231365204,0.0005571672227233648,2448.623779296875,1.6796940565109253,False,2.395374298095703,29.345623016357422,True,treatment_full_return_to_go
offline_pretrain,891,0,1.0,32,0,160,0,18.69768714904785,2004.0355224609375,0.11223471909761429,55.75140380859375,18.69768714904785,2004.0355224609375,0.11223471909761429,0.0005575140239670873,2022.845947265625,0.2087131291627884,False,1.477024793624878,27.321121215820312,True,treatment_full_return_to_go
offline_pretrain,892,0,1.0,32,0,160,0,44.626338958740234,2010.35693359375,0.07454141974449158,55.78268051147461,44.626338958740234,2010.35693359375,0.07454141974449158,0.0005578267737291753,2055.05810546875,0.4393886625766754,False,1.5467932224273682,29.61490249633789,True,treatment_full_return_to_go
offline_pretrain,893,0,1.0,32,0,160,0,114.6406478881836,2093.919189453125,0.09931108355522156,55.81191635131836,114.6406478881836,2093.919189453125,0.09931108355522156,0.0005581191508099437,2208.65966796875,1.6778514385223389,False,2.243306875228882,29.73450469970703,True,treatment_full_return_to_go
offline_pretrain,894,0,1.0,32,0,160,0,40.651912689208984,1990.316162109375,0.10093985497951508,55.84269332885742,40.651912689208984,1990.316162109375,0.10093985497951508,0.0005584268947131932,2031.069580078125,0.40485769510269165,False,1.5603289604187012,29.86026954650879,True,treatment_full_return_to_go
offline_pretrain,895,0,1.0,32,0,160,0,95.50801086425781,1838.1827392578125,0.10106401890516281,55.87162399291992,95.50801086425781,1838.1827392578125,0.10106401890516281,0.000558716244995594,1933.79248046875,1.247713565826416,False,2.116359233856201,29.977901458740234,True,treatment_full_return_to_go
offline_pretrain,896,0,1.0,32,0,160,0,171.37173461914062,1955.659423828125,0.02222004346549511,55.900997161865234,171.37173461914062,1955.659423828125,0.02222004346549511,0.0005590099608525634,2127.053955078125,2.6030280590057373,False,2.300466299057007,30.097593307495117,True,treatment_full_return_to_go
offline_pretrain,897,0,1.0,32,0,160,0,16.76746368408203,2056.726806640625,0.053567491471767426,55.9342041015625,16.76746368408203,2056.726806640625,0.053567491471767426,0.0005593420355580747,2073.54833984375,0.24898670613765717,False,1.3042362928390503,29.387096405029297,True,treatment_full_return_to_go
offline_pretrain,898,0,1.0,32,0,160,0,48.653175354003906,1982.1368408203125,0.05846302956342697,55.96440887451172,48.653175354003906,1982.1368408203125,0.05846302956342697,0.0005596440751105547,2030.84912109375,0.4225660264492035,False,1.753049612045288,30.355682373046875,True,treatment_full_return_to_go
offline_pretrain,899,0,1.0,32,0,160,0,101.40164184570312,2007.818603515625,0.04051860794425011,55.99274444580078,101.40164184570312,2007.818603515625,0.04051860794425011,0.0005599274300038815,2109.26123046875,1.2918756008148193,False,2.1373651027679443,30.470849990844727,True,treatment_full_return_to_go
offline_pretrain,900,0,1.0,32,0,160,0,137.232421875,1744.8355712890625,0.016645779833197594,56.02177810668945,137.232421875,1744.8355712890625,0.016645779833197594,0.0005602177698165178,1882.085205078125,2.2149171829223633,False,1.71109938621521,30.588932037353516,True,treatment_full_return_to_go
offline_pretrain,901,0,1.0,32,0,160,0,117.90953826904297,1677.05810546875,0.09650307148694992,56.05365753173828,117.90953826904297,1677.05810546875,0.09650307148694992,0.0005605365731753409,1795.0648193359375,1.6651819944381714,False,1.5214269161224365,30.718904495239258,True,treatment_full_return_to_go
offline_pretrain,902,0,1.0,32,0,160,0,9.651068687438965,1789.1934814453125,0.08940958231687546,56.08674621582031,9.651068687438965,1789.1934814453125,0.08940958231687546,0.000560867425519973,1798.9345703125,0.2019934505224228,False,0.657189667224884,17.095720291137695,True,treatment_full_return_to_go
offline_pretrain,903,0,1.0,32,0,160,0,135.23681640625,2105.918212890625,0.006064457818865776,56.11647415161133,135.23681640625,2105.918212890625,0.006064457818865776,0.000561164750251919,2241.16162109375,2.2072317600250244,False,2.6639459133148193,30.975793838500977,True,treatment_full_return_to_go
offline_pretrain,904,0,1.0,32,0,160,0,93.58922576904297,1914.619384765625,0.0321214497089386,56.148948669433594,93.58922576904297,1914.619384765625,0.0321214497089386,0.0005614894907921553,2008.2413330078125,1.3421298265457153,False,1.793953776359558,31.108789443969727,True,treatment_full_return_to_go
offline_pretrain,905,0,1.0,32,0,160,0,14.267229080200195,1804.9053955078125,0.03659262880682945,56.181827545166016,14.267229080200195,1804.9053955078125,0.03659262880682945,0.0005618182476609945,1819.2098388671875,0.10019620507955551,False,1.1998577117919922,30.39727210998535,True,treatment_full_return_to_go
offline_pretrain,906,0,1.0,32,0,160,0,83.61042785644531,2100.701171875,0.0005413871258497238,56.211421966552734,83.61042785644531,2100.701171875,0.0005413871258497238,0.0005621142336167395,2184.3125,1.382068157196045,False,2.0122528076171875,31.36453628540039,True,treatment_full_return_to_go
offline_pretrain,907,0,1.0,32,0,160,0,143.36322021484375,2070.15869140625,0.02625071257352829,56.24168014526367,143.36322021484375,2070.15869140625,0.02625071257352829,0.0005624167970381677,2213.548828125,2.2055418491363525,False,2.538390636444092,31.488609313964844,True,treatment_full_return_to_go
offline_pretrain,908,0,1.0,32,0,160,0,114.19538879394531,1631.446044921875,0.03182336688041687,56.2746696472168,114.19538879394531,1631.446044921875,0.03182336688041687,0.0005627466598525643,1745.6739501953125,1.7815382480621338,False,1.9553498029708862,31.6243896484375,True,treatment_full_return_to_go
offline_pretrain,909,0,1.0,32,0,160,0,65.87151336669922,1785.763916015625,0.03761279582977295,56.30900955200195,65.87151336669922,1785.763916015625,0.03761279582977295,0.0005630900850519538,1851.673583984375,0.9619333744049072,False,1.429413080215454,31.76591682434082,True,treatment_full_return_to_go
offline_pretrain,910,0,1.0,32,0,160,0,146.06898498535156,1816.0130615234375,0.03642532601952553,56.34247589111328,146.06898498535156,1816.0130615234375,0.03642532601952553,0.0005634247208945453,1962.1190185546875,2.2530789375305176,False,2.0096864700317383,31.903446197509766,True,treatment_full_return_to_go
offline_pretrain,911,0,1.0,32,0,160,0,93.36869049072266,2178.001953125,0.10679405182600021,56.378562927246094,93.36869049072266,2178.001953125,0.10679405182600021,0.0005637856083922088,2271.477783203125,1.2884697914123535,False,2.4517152309417725,32.051666259765625,True,treatment_full_return_to_go
offline_pretrain,912,0,1.0,32,0,160,0,97.61091613769531,1703.7088623046875,0.09421830624341965,56.414546966552734,97.61091613769531,1703.7088623046875,0.09421830624341965,0.0005641454481519759,1801.4146728515625,1.3458545207977295,False,1.811552882194519,32.1997184753418,True,treatment_full_return_to_go
offline_pretrain,913,0,1.0,32,0,160,0,163.02647399902344,1834.8984375,0.0,56.45050048828125,163.02647399902344,1834.8984375,0.0,0.0005645049968734384,1997.925537109375,2.7324414253234863,False,2.4636588096618652,32.348121643066406,True,treatment_full_return_to_go
offline_pretrain,914,0,1.0,32,0,160,0,77.83598327636719,1666.619384765625,0.07481592148542404,56.4898567199707,77.83598327636719,1666.619384765625,0.07481592148542404,0.0005648985388688743,1744.53076171875,0.8814932107925415,False,2.103733539581299,32.511192321777344,True,treatment_full_return_to_go
offline_pretrain,915,0,1.0,32,0,160,0,78.01934051513672,1832.3167724609375,0.14197732508182526,56.527645111083984,78.01934051513672,1832.3167724609375,0.14197732508182526,0.0005652764230035245,1910.4786376953125,0.8596638441085815,False,1.974804401397705,32.668277740478516,True,treatment_full_return_to_go
offline_pretrain,916,0,1.0,32,0,160,0,28.586894989013672,1902.6591796875,0.0848720520734787,56.56411361694336,28.586894989013672,1902.6591796875,0.0848720520734787,0.0005656410939991474,1931.33154296875,0.23168331384658813,False,1.4862582683563232,28.663694381713867,True,treatment_full_return_to_go
offline_pretrain,917,0,1.0,32,0,160,0,61.95406723022461,1999.427734375,0.02829558029770851,56.59691619873047,61.95406723022461,1999.427734375,0.02829558029770851,0.0005659691523760557,2061.41064453125,0.9523659348487854,False,1.815987467765808,32.95578384399414,True,treatment_full_return_to_go
offline_pretrain,918,0,1.0,32,0,160,0,71.00364685058594,1953.80126953125,0.0667625218629837,56.62895202636719,71.00364685058594,1953.80126953125,0.0667625218629837,0.0005662895273417234,2024.872314453125,0.8969047665596008,False,1.5855690240859985,33.08899688720703,True,treatment_full_return_to_go
offline_pretrain,919,0,1.0,32,0,160,0,122.52180480957031,1718.333740234375,0.14514325559139252,56.66017532348633,122.52180480957031,1718.333740234375,0.14514325559139252,0.0005666017532348633,1841.0013427734375,1.7542582750320435,False,2.4593067169189453,33.21931838989258,True,treatment_full_return_to_go
offline_pretrain,920,0,1.0,32,0,160,0,63.39708709716797,2003.356201171875,0.08232297748327255,56.69300842285156,63.39708709716797,2003.356201171875,0.08232297748327255,0.0005669300444424152,2066.8359375,0.8546916246414185,False,1.58939790725708,33.35648727416992,True,treatment_full_return_to_go
offline_pretrain,921,0,1.0,32,0,160,0,87.388427734375,2071.541015625,0.16103357076644897,56.72489929199219,87.388427734375,2071.541015625,0.16103357076644897,0.0005672489642165601,2159.091064453125,1.2976338863372803,False,2.2790958881378174,33.48993682861328,True,treatment_full_return_to_go
offline_pretrain,922,0,1.0,32,0,160,0,94.749755859375,1909.476806640625,0.03854234516620636,56.75705337524414,94.749755859375,1909.476806640625,0.03854234516620636,0.0005675705033354461,2004.2657470703125,1.3951472043991089,False,2.3898096084594727,33.62456512451172,True,treatment_full_return_to_go
offline_pretrain,923,0,1.0,32,0,160,0,91.12995147705078,2161.26025390625,0.05661025643348694,56.78971862792969,91.12995147705078,2161.26025390625,0.05661025643348694,0.0005678971647284925,2252.447265625,1.3753911256790161,False,2.9395952224731445,33.76173782348633,True,treatment_full_return_to_go
offline_pretrain,924,0,1.0,32,0,160,0,126.19908905029297,1833.831787109375,0.059575311839580536,56.82277297973633,126.19908905029297,1833.831787109375,0.059575311839580536,0.0005682277260348201,1960.091064453125,1.8669750690460205,False,2.5004029273986816,33.90105056762695,True,treatment_full_return_to_go
offline_pretrain,925,0,1.0,32,0,160,0,151.99166870117188,1798.4708251953125,0.09808612614870071,56.85757064819336,151.99166870117188,1798.4708251953125,0.09808612614870071,0.0005685756914317608,1950.561279296875,2.299923896789551,False,2.616236686706543,34.04745864868164,True,treatment_full_return_to_go
offline_pretrain,926,0,1.0,32,0,160,0,8.126184463500977,2408.994384765625,0.13298679888248444,56.89509201049805,8.126184463500977,2408.994384765625,0.13298679888248444,0.000568950898014009,2417.254150390625,0.2921232283115387,False,1.9093199968338013,29.604333877563477,True,treatment_full_return_to_go
offline_pretrain,927,0,1.0,32,0,160,0,122.55718994140625,1676.820068359375,0.054409027099609375,56.92869567871094,122.55718994140625,1676.820068359375,0.054409027099609375,0.0005692869308404624,1799.4322509765625,1.8724334239959717,False,2.3817636966705322,34.345603942871094,True,treatment_full_return_to_go
offline_pretrain,928,0,1.0,32,0,160,0,53.47557067871094,1737.051513671875,0.20028237998485565,56.96387481689453,53.47557067871094,1737.051513671875,0.20028237998485565,0.0005696387379430234,1790.72802734375,0.44930022954940796,False,1.4362467527389526,34.49363708496094,True,treatment_full_return_to_go
offline_pretrain,929,0,1.0,32,0,160,0,87.6221923828125,1707.7864990234375,0.09478508681058884,56.99656295776367,87.6221923828125,1707.7864990234375,0.09478508681058884,0.0005699656321667135,1795.5040283203125,1.4190995693206787,False,1.9785932302474976,34.63107681274414,True,treatment_full_return_to_go
offline_pretrain,930,0,1.0,32,0,160,0,152.76077270507812,1761.927490234375,0.04394617676734924,57.02995681762695,152.76077270507812,1761.927490234375,0.04394617676734924,0.000570299569517374,1914.7327880859375,2.4440884590148926,False,2.2594659328460693,34.77046203613281,True,treatment_full_return_to_go
offline_pretrain,931,0,1.0,32,0,160,0,62.962257385253906,2155.644287109375,0.010458007454872131,57.066490173339844,62.962257385253906,2155.644287109375,0.010458007454872131,0.000570664880797267,2218.617431640625,1.0163854360580444,False,2.188000202178955,34.922908782958984,True,treatment_full_return_to_go
offline_pretrain,932,0,1.0,32,0,160,0,99.33422088623047,1850.430908203125,0.048305951058864594,57.10211944580078,99.33422088623047,1850.430908203125,0.048305951058864594,0.0005710211698897183,1949.8140869140625,1.4377632141113281,False,2.4298527240753174,35.071529388427734,True,treatment_full_return_to_go
offline_pretrain,933,0,1.0,32,0,160,0,93.24263000488281,1882.3951416015625,0.04247307777404785,57.13805389404297,93.24263000488281,1882.3951416015625,0.04247307777404785,0.000571380543988198,1975.680908203125,1.429003119468689,False,2.1284635066986084,35.22199630737305,True,treatment_full_return_to_go
offline_pretrain,934,0,1.0,32,0,160,0,61.11763000488281,2080.665771484375,0.0160919688642025,57.17417526245117,61.11763000488281,2080.665771484375,0.0160919688642025,0.0005717417225241661,2141.800048828125,1.0047640800476074,False,2.5460751056671143,35.37401580810547,True,treatment_full_return_to_go
offline_pretrain,935,0,1.0,32,0,160,0,66.8016586303711,1735.763427734375,0.03357710316777229,57.2093391418457,66.8016586303711,1735.763427734375,0.03357710316777229,0.0005720933550037444,1802.5992431640625,0.9622829556465149,False,1.9109047651290894,35.52234649658203,True,treatment_full_return_to_go
offline_pretrain,936,0,1.0,32,0,160,0,41.66120910644531,1834.9168701171875,0.10752615332603455,57.24363327026367,41.66120910644531,1834.9168701171875,0.10752615332603455,0.0005724363145418465,1876.686279296875,0.5315634608268738,False,1.411773920059204,35.66735076904297,True,treatment_full_return_to_go
offline_pretrain,937,0,1.0,32,0,160,0,64.55441284179688,2169.982177734375,0.03285693749785423,57.276119232177734,64.55441284179688,2169.982177734375,0.03285693749785423,0.0005727611714974046,2234.570068359375,0.9673629403114319,False,2.63091778755188,35.803287506103516,True,treatment_full_return_to_go
offline_pretrain,938,0,1.0,32,0,160,0,46.96605682373047,2024.48486328125,0.06487208604812622,57.307899475097656,46.96605682373047,2024.48486328125,0.06487208604812622,0.0005730789853259921,2071.516357421875,0.49668797850608826,False,1.799174427986145,35.93711471557617,True,treatment_full_return_to_go
offline_pretrain,939,0,1.0,32,0,160,0,119.29411315917969,2025.294189453125,0.08418820053339005,57.33793258666992,119.29411315917969,2025.294189453125,0.08418820053339005,0.0005733793368563056,2144.673095703125,1.9645944833755493,False,3.203808307647705,36.063453674316406,True,treatment_full_return_to_go
offline_pretrain,940,0,1.0,32,0,160,0,120.16480255126953,1693.788818359375,0.036482930183410645,57.37033462524414,120.16480255126953,1693.788818359375,0.036482930183410645,0.00057370332069695,1813.99072265625,2.008408784866333,False,2.1830337047576904,36.19906997680664,True,treatment_full_return_to_go
offline_pretrain,941,0,1.0,32,0,160,0,99.3123779296875,1603.0386962890625,0.06217845156788826,57.40496826171875,99.3123779296875,1603.0386962890625,0.06217845156788826,0.0005740496562793851,1702.413818359375,1.4679011106491089,False,2.3183603286743164,36.34379577636719,True,treatment_full_return_to_go
offline_pretrain,942,0,1.0,32,0,160,0,149.5194854736328,1892.2872314453125,0.04980701953172684,57.44011306762695,149.5194854736328,1892.2872314453125,0.04980701953172684,0.0005744011141359806,2041.857177734375,2.454540491104126,False,2.8666038513183594,36.491336822509766,True,treatment_full_return_to_go
offline_pretrain,943,0,1.0,32,0,160,0,40.19892883300781,2012.431640625,0.04326704517006874,57.47821044921875,40.19892883300781,2012.431640625,0.04326704517006874,0.0005747820832766593,2052.67431640625,0.5947306156158447,False,1.8605223894119263,36.652244567871094,True,treatment_full_return_to_go
offline_pretrain,944,0,1.0,32,0,160,0,35.69464111328125,1865.61083984375,0.03819436952471733,57.51399612426758,35.69464111328125,1865.61083984375,0.03819436952471733,0.0005751399439759552,1901.34423828125,0.48773008584976196,False,1.9403711557388306,36.80336380004883,True,treatment_full_return_to_go
offline_pretrain,945,0,1.0,32,0,160,0,7.6892991065979,1780.9044189453125,0.06759046018123627,57.54755783081055,7.6892991065979,1780.9044189453125,0.06759046018123627,0.0005754755693487823,1788.6619873046875,0.15050937235355377,False,1.1924595832824707,35.94032669067383,True,treatment_full_return_to_go
offline_pretrain,946,0,1.0,32,0,160,0,47.62591552734375,1862.48876953125,0.07419561594724655,57.57769012451172,47.62591552734375,1862.48876953125,0.07419561594724655,0.0005757769104093313,1910.1895751953125,0.48874640464782715,False,2.3360466957092285,37.073150634765625,True,treatment_full_return_to_go
offline_pretrain,947,0,1.0,32,0,160,0,32.53505325317383,2083.188232421875,0.0004763790057040751,57.60614013671875,32.53505325317383,2083.188232421875,0.0004763790057040751,0.0005760613712482154,2115.724365234375,0.5658344626426697,False,2.5435853004455566,37.19401168823242,True,treatment_full_return_to_go
offline_pretrain,948,0,1.0,32,0,160,0,112.2105712890625,1784.64306640625,0.04429683834314346,57.63323211669922,112.2105712890625,1784.64306640625,0.04429683834314346,0.0005763323279097676,1896.8985595703125,2.026607036590576,False,2.1969473361968994,37.30902099609375,True,treatment_full_return_to_go
offline_pretrain,949,0,1.0,32,0,160,0,127.49488830566406,1590.693603515625,0.08424773067235947,57.662986755371094,127.49488830566406,1590.693603515625,0.08424773067235947,0.0005766298272646964,1718.2733154296875,2.0039305686950684,False,2.1721420288085938,37.435943603515625,True,treatment_full_return_to_go
offline_pretrain,950,0,1.0,32,0,160,0,65.0677261352539,1925.353759765625,0.054463133215904236,57.6952018737793,65.0677261352539,1925.353759765625,0.054463133215904236,0.0005769520066678524,1990.4765625,0.986142098903656,False,2.275393486022949,37.57374954223633,True,treatment_full_return_to_go
offline_pretrain,951,0,1.0,32,0,160,0,42.624141693115234,2036.003173828125,0.06823970377445221,57.72686767578125,42.624141693115234,2036.003173828125,0.06823970377445221,0.0005772686563432217,2078.696044921875,0.5120326280593872,False,2.034794330596924,37.70977020263672,True,treatment_full_return_to_go
offline_pretrain,952,0,1.0,32,0,160,0,104.72460174560547,1693.6788330078125,0.08715807646512985,57.75674819946289,104.72460174560547,1693.6788330078125,0.08715807646512985,0.0005775674944743514,1798.4912109375,1.4811491966247559,False,2.286533832550049,37.83842468261719,True,treatment_full_return_to_go
offline_pretrain,953,0,1.0,32,0,160,0,142.58230590820312,2009.6256103515625,0.0270200427621603,57.78766632080078,142.58230590820312,2009.6256103515625,0.0270200427621603,0.0005778766353614628,2152.235595703125,2.535780668258667,False,3.150099039077759,37.97194290161133,True,treatment_full_return_to_go
offline_pretrain,954,0,1.0,32,0,160,0,61.96347427368164,1773.92431640625,0.06883976608514786,57.822200775146484,61.96347427368164,1773.92431640625,0.06883976608514786,0.0005782219814136624,1835.957275390625,1.0319446325302124,False,2.1742732524871826,38.12125015258789,True,treatment_full_return_to_go
offline_pretrain,955,0,1.0,32,0,160,0,114.27039337158203,2097.7666015625,0.016498910263180733,57.856204986572266,114.27039337158203,2097.7666015625,0.016498910263180733,0.0005785620305687189,2212.05419921875,2.060988187789917,False,2.539752721786499,38.267417907714844,True,treatment_full_return_to_go
offline_pretrain,956,0,1.0,32,0,160,0,87.96040344238281,1749.119140625,0.07193512469530106,57.892269134521484,87.96040344238281,1749.119140625,0.07193512469530106,0.0005789226852357388,1837.152099609375,1.5603621006011963,False,2.69541597366333,38.42312240600586,True,treatment_full_return_to_go
offline_pretrain,957,0,1.0,32,0,160,0,71.95011901855469,1843.4552001953125,0.10319320857524872,57.929012298583984,71.95011901855469,1843.4552001953125,0.10319320857524872,0.0005792900919914246,1915.509033203125,0.9611471891403198,False,2.087290048599243,38.580970764160156,True,treatment_full_return_to_go
offline_pretrain,958,0,1.0,32,0,160,0,128.92747497558594,1495.2811279296875,0.1044679507613182,57.96482849121094,128.92747497558594,1495.2811279296875,0.1044679507613182,0.0005796482437290251,1624.313720703125,2.0291738510131836,False,2.0649588108062744,38.734859466552734,True,treatment_full_return_to_go
offline_pretrain,959,0,1.0,32,0,160,0,88.01435852050781,2065.005859375,0.07169412821531296,58.002506256103516,88.01435852050781,2065.005859375,0.07169412821531296,0.000580025021918118,2153.092529296875,1.5571292638778687,False,2.835651397705078,38.897483825683594,True,treatment_full_return_to_go
offline_pretrain,960,0,1.0,32,0,160,0,127.65237426757812,1732.49267578125,0.05458194017410278,58.040802001953125,127.65237426757812,1732.49267578125,0.05458194017410278,0.0005804080283269286,1860.2001953125,2.0602617263793945,False,2.8565287590026855,39.06180191040039,True,treatment_full_return_to_go
offline_pretrain,961,0,1.0,32,0,160,0,64.14653015136719,1795.3621826171875,0.05061747133731842,58.08086395263672,64.14653015136719,1795.3621826171875,0.05061747133731842,0.0005808086134493351,1859.5599365234375,1.0991270542144775,False,1.996995449066162,39.23414611816406,True,treatment_full_return_to_go
offline_pretrain,962,0,1.0,32,0,160,0,106.1650390625,1719.6661376953125,0.0747106522321701,58.119991302490234,106.1650390625,1719.6661376953125,0.0747106522321701,0.0005811998853459954,1825.906494140625,1.5586951971054077,False,2.406630516052246,39.402095794677734,True,treatment_full_return_to_go
offline_pretrain,963,0,1.0,32,0,160,0,18.386878967285156,1873.6005859375,0.1259508728981018,58.15943908691406,18.386878967285156,1873.6005859375,0.1259508728981018,0.000581594358664006,1892.114013671875,0.24240362644195557,False,1.397131085395813,27.009912490844727,True,treatment_full_return_to_go
offline_pretrain,964,0,1.0,32,0,160,0,152.66285705566406,1779.76513671875,0.04842378944158554,58.19504165649414,152.66285705566406,1779.76513671875,0.04842378944158554,0.0005819504149258137,1932.47705078125,2.66422963142395,False,2.387925148010254,39.72489547729492,True,treatment_full_return_to_go
offline_pretrain,965,0,1.0,32,0,160,0,115.7075424194336,1927.801513671875,0.010535790584981441,58.23417282104492,115.7075424194336,1927.801513671875,0.010535790584981441,0.000582341686822474,2043.5201416015625,2.1952710151672363,False,2.985811710357666,39.89372253417969,True,treatment_full_return_to_go
offline_pretrain,966,0,1.0,32,0,160,0,72.7302474975586,2059.736083984375,0.047384195029735565,58.275386810302734,72.7302474975586,2059.736083984375,0.047384195029735565,0.0005827538552694023,2132.51416015625,1.0616000890731812,False,2.845004081726074,40.07081985473633,True,treatment_full_return_to_go
offline_pretrain,967,0,1.0,32,0,160,0,89.37763977050781,1974.5301513671875,0.010274309664964676,58.31547546386719,89.37763977050781,1974.5301513671875,0.010274309664964676,0.0005831547314301133,2063.91845703125,1.6347994804382324,False,2.795966386795044,40.24318313598633,True,treatment_full_return_to_go
offline_pretrain,968,0,1.0,32,0,160,0,92.40113067626953,1769.177490234375,0.13993385434150696,58.355979919433594,92.40113067626953,1769.177490234375,0.13993385434150696,0.0005835597985424101,1861.7191162109375,1.5218321084976196,False,2.3319509029388428,40.41753387451172,True,treatment_full_return_to_go
offline_pretrain,969,0,1.0,32,0,160,0,99.79969024658203,1725.67138671875,0.09217329323291779,58.39664840698242,99.79969024658203,1725.67138671875,0.09217329323291779,0.0005839664954692125,1825.5638427734375,1.5606701374053955,False,2.2467665672302246,40.59296798706055,True,treatment_full_return_to_go
offline_pretrain,970,0,1.0,32,0,160,0,95.65556335449219,1988.7901611328125,0.03106769546866417,58.43742370605469,95.65556335449219,1988.7901611328125,0.03106769546866417,0.0005843742401339114,2084.477294921875,1.6037677526474,False,2.3739044666290283,40.76993179321289,True,treatment_full_return_to_go
offline_pretrain,971,0,1.0,32,0,160,0,111.56617736816406,1990.035888671875,0.033179137855768204,58.47853469848633,111.56617736816406,1990.035888671875,0.033179137855768204,0.0005847853608429432,2101.6357421875,2.2169859409332275,False,2.987978219985962,40.948753356933594,True,treatment_full_return_to_go
offline_pretrain,972,0,1.0,32,0,160,0,113.94441986083984,1787.535400390625,0.015560701489448547,58.521427154541016,113.94441986083984,1787.535400390625,0.015560701489448547,0.0005852142348885536,1901.4959716796875,2.163567304611206,False,3.026620626449585,41.13551330566406,True,treatment_full_return_to_go
offline_pretrain,973,0,1.0,32,0,160,0,69.75594329833984,1810.6051025390625,0.05432187393307686,58.56576919555664,69.75594329833984,1810.6051025390625,0.05432187393307686,0.0005856576608493924,1880.416015625,1.0572386980056763,False,2.40390682220459,41.32912826538086,True,treatment_full_return_to_go
offline_pretrain,974,0,1.0,32,0,160,0,93.28762817382812,1976.4967041015625,0.09902127832174301,58.6085319519043,93.28762817382812,1976.4967041015625,0.09902127832174301,0.0005860853125341237,2069.884033203125,1.5542595386505127,False,2.8955161571502686,41.51663589477539,True,treatment_full_return_to_go
offline_pretrain,975,0,1.0,32,0,160,0,112.17170715332031,1748.5594482421875,0.016540318727493286,58.651309967041016,112.17170715332031,1748.5594482421875,0.016540318727493286,0.0005865130806341767,1860.748291015625,2.16937255859375,False,2.4687135219573975,41.7042350769043,True,treatment_full_return_to_go
offline_pretrain,976,0,1.0,32,0,160,0,97.87882232666016,1978.848876953125,0.05235302820801735,58.69554138183594,97.87882232666016,1978.848876953125,0.05235302820801735,0.0005869554006494582,2076.780517578125,1.6135107278823853,False,2.5393550395965576,41.899070739746094,True,treatment_full_return_to_go
offline_pretrain,977,0,1.0,32,0,160,0,49.217166900634766,1793.1151123046875,0.05719291791319847,58.73966598510742,49.217166900634766,1793.1151123046875,0.05719291791319847,0.0005873966729268432,1842.39013671875,0.5364341139793396,False,2.1300604343414307,42.09421920776367,True,treatment_full_return_to_go
offline_pretrain,978,0,1.0,32,0,160,0,66.18098449707031,1980.368408203125,0.040151990950107574,58.78091812133789,66.18098449707031,1980.368408203125,0.040151990950107574,0.0005878091906197369,2046.5902099609375,1.0905839204788208,False,2.4155421257019043,42.27693557739258,True,treatment_full_return_to_go
offline_pretrain,979,0,1.0,32,0,160,0,35.6298828125,2033.1400146484375,0.011699402704834938,58.82101821899414,35.6298828125,2033.1400146484375,0.011699402704834938,0.0005882101831957698,2068.7822265625,0.5502907037734985,False,2.708710193634033,42.4550895690918,True,treatment_full_return_to_go
offline_pretrain,980,0,1.0,32,0,160,0,55.22676086425781,1752.1888427734375,0.08331915736198425,58.85866165161133,55.22676086425781,1752.1888427734375,0.08331915736198425,0.0005885866121388972,1807.4996337890625,0.5573153495788574,False,1.8048673868179321,42.62269973754883,True,treatment_full_return_to_go
offline_pretrain,981,0,1.0,32,0,160,0,97.23377227783203,1740.082275390625,0.05928633734583855,58.89421844482422,97.23377227783203,1740.082275390625,0.05928633734583855,0.0005889421445317566,1837.3759765625,1.6366254091262817,False,3.0472347736358643,42.780521392822266,True,treatment_full_return_to_go
offline_pretrain,982,0,1.0,32,0,160,0,17.22910499572754,2019.110595703125,0.08053556829690933,58.930564880371094,17.22910499572754,2019.110595703125,0.08053556829690933,0.0005893056513741612,2036.4208984375,0.16084402799606323,False,2.5197458267211914,41.749576568603516,True,treatment_full_return_to_go
offline_pretrain,983,0,1.0,32,0,160,0,95.21078491210938,2116.0361328125,0.02125459536910057,58.963348388671875,95.21078491210938,2116.0361328125,0.02125459536910057,0.0005896334769204259,2211.2685546875,1.6756172180175781,False,3.962503671646118,43.088932037353516,True,treatment_full_return_to_go
offline_pretrain,984,0,1.0,32,0,160,0,145.8743133544922,1874.812744140625,0.03571104630827904,58.9974479675293,145.8743133544922,1874.812744140625,0.03571104630827904,0.000589974457398057,2020.723388671875,2.8190667629241943,False,3.4840497970581055,43.241207122802734,True,treatment_full_return_to_go
offline_pretrain,985,0,1.0,32,0,160,0,142.18563842773438,1797.97265625,0.06615004688501358,59.03571701049805,142.18563842773438,1797.97265625,0.06615004688501358,0.000590357172768563,1940.22509765625,2.8060481548309326,False,3.1043617725372314,43.411861419677734,True,treatment_full_return_to_go
offline_pretrain,986,0,1.0,32,0,160,0,124.63871765136719,1735.9676513671875,0.08071842789649963,59.07773971557617,124.63871765136719,1735.9676513671875,0.08071842789649963,0.0005907773738726974,1860.6876220703125,2.242220163345337,False,2.865852117538452,43.5990104675293,True,treatment_full_return_to_go
offline_pretrain,987,0,1.0,32,0,160,0,113.59614562988281,1875.5416259765625,0.08029714226722717,59.1215705871582,113.59614562988281,1875.5416259765625,0.08029714226722717,0.0005912156775593758,1989.21875,2.211071729660034,False,2.737511157989502,43.79458236694336,True,treatment_full_return_to_go
offline_pretrain,988,0,1.0,32,0,160,0,60.66991424560547,1824.073974609375,0.009453046135604382,59.1670036315918,60.66991424560547,1824.073974609375,0.009453046135604382,0.0005916700465604663,1884.75390625,1.1282364130020142,False,1.8099462985992432,43.9971923828125,True,treatment_full_return_to_go
offline_pretrain,989,0,1.0,32,0,160,0,66.8841552734375,1871.82470703125,0.04695998504757881,59.21101379394531,66.8841552734375,1871.82470703125,0.04695998504757881,0.0005921100964769721,1938.7564697265625,1.1143091917037964,False,2.5353171825408936,44.19386291503906,True,treatment_full_return_to_go
offline_pretrain,990,0,1.0,32,0,160,0,97.99541473388672,1993.66552734375,0.04962851479649544,59.253746032714844,97.99541473388672,1993.66552734375,0.04962851479649544,0.0005925374571233988,2091.7109375,1.704878807067871,False,2.8333847522735596,44.3851203918457,True,treatment_full_return_to_go
offline_pretrain,991,0,1.0,32,0,160,0,40.425262451171875,1823.599609375,0.0428914837539196,59.296836853027344,40.425262451171875,1823.599609375,0.0428914837539196,0.0005929683684371412,1864.068359375,0.6418084502220154,False,2.2379958629608154,44.578487396240234,True,treatment_full_return_to_go
offline_pretrain,992,0,1.0,32,0,160,0,137.69239807128906,1849.2078857421875,0.028644157573580742,59.337310791015625,137.69239807128906,1849.2078857421875,0.028644157573580742,0.0005933730863034725,1986.9295654296875,2.8969388008117676,False,3.1925604343414307,44.760215759277344,True,treatment_full_return_to_go
offline_pretrain,993,0,1.0,32,0,160,0,33.89398956298828,1793.9041748046875,0.01620584912598133,59.38140106201172,33.89398956298828,1793.9041748046875,0.01620584912598133,0.000593814009334892,1827.8150634765625,0.6182693243026733,False,2.1003549098968506,44.958465576171875,True,treatment_full_return_to_go
offline_pretrain,994,0,1.0,32,0,160,0,74.0550537109375,1751.6455078125,0.04727349802851677,59.42274475097656,74.0550537109375,1751.6455078125,0.04727349802851677,0.0005942274583503604,1825.7484130859375,1.1388002634048462,False,3.3197286128997803,45.14467239379883,True,treatment_full_return_to_go
offline_pretrain,995,0,1.0,32,0,160,0,62.766693115234375,2081.825927734375,0.00988859310746193,59.46309280395508,62.766693115234375,2081.825927734375,0.00988859310746193,0.0005946308956481516,2144.60302734375,1.199234962463379,False,2.658808946609497,45.32683563232422,True,treatment_full_return_to_go
offline_pretrain,996,0,1.0,32,0,160,0,46.85820770263672,1847.0924072265625,0.039966881275177,59.502708435058594,46.85820770263672,1847.0924072265625,0.039966881275177,0.0005950270569883287,1893.9910888671875,0.5717278718948364,False,2.1575257778167725,45.50560760498047,True,treatment_full_return_to_go
offline_pretrain,997,0,1.0,32,0,160,0,41.17197036743164,2051.24951171875,0.03358398377895355,59.540035247802734,41.17197036743164,2051.24951171875,0.03358398377895355,0.0005954003427177668,2092.45556640625,0.6442620158195496,False,2.2930805683135986,45.67412185668945,True,treatment_full_return_to_go
offline_pretrain,998,0,1.0,32,0,160,0,45.930870056152344,1930.142578125,0.06571874022483826,59.57563018798828,45.930870056152344,1930.142578125,0.06571874022483826,0.0005957562825642526,1976.1397705078125,0.571412205696106,False,2.211197853088379,45.83360290527344,True,treatment_full_return_to_go
offline_pretrain,999,0,1.0,32,0,160,0,117.8403091430664,1750.482421875,0.07315576076507568,59.609169006347656,117.8403091430664,1750.482421875,0.07315576076507568,0.000596091675106436,1868.396484375,2.312795877456665,False,2.3456499576568604,45.9845085144043,True,treatment_full_return_to_go
offline_pretrain,1000,0,1.0,32,0,160,0,90.9647445678711,1640.156494140625,0.12871651351451874,59.64551544189453,90.9647445678711,1640.156494140625,0.12871651351451874,0.0005964551237411797,1731.25048828125,1.6763241291046143,False,2.7353806495666504,46.14905548095703,True,treatment_full_return_to_go
