station_code,site,year,step,dap,teacher_tier,candidate_id,teacher_action_index,teacher_irrigation_mm,teacher_nitrogen_kg_ha,is_nonzero_action_day,sample_weight
SYA,SY,2014,0,0,strong_all3,W240_mid_late__N240_three80,0,0.0,0.0,False,0.2
SYA,SY,2014,1,0,strong_all3,W240_mid_late__N240_three80,0,0.0,0.0,False,0.2
SYA,SY,2014,2,0,strong_all3,W240_mid_late__N240_three80,0,0.0,0.0,False,0.2
SYA,SY,2014,3,0,strong_all3,W240_mid_late__N240_three80,0,0.0,0.0,False,0.2
SYA,SY,2014,4,0,strong_all3,W240_mid_late__N240_three80,0,0.0,0.0,False,0.2
SYA,SY,2014,5,1,strong_all3,W240_mid_late__N240_three80,1,0.0,80.0,True,1.0
SYA,SY,2014,6,2,strong_all3,W240_mid_late__N240_three80,0,0.0,0.0,False,0.2
SYA,SY,2014,7,3,strong_all3,W240_mid_late__N240_three80,0,0.0,0.0,False,0.2
SYA,SY,2014,8,4,strong_all3,W240_mid_late__N240_three80,0,0.0,0.0,False,0.2
SYA,SY,2014,9,5,strong_all3,W240_mid_late__N240_three80,0,0.0,0.0,False,0.2
SYA,SY,2014,10,6,strong_all3,W240_mid_late__N240_three80,0,0.0,0.0,False,0.2
SYA,SY,2014,11,7,strong_all3,W240_mid_late__N240_three80,0,0.0,0.0,False,0.2
SYA,SY,2014,12,8,strong_all3,W240_mid_late__N240_three80,0,0.0,0.0,False,0.2
SYA,SY,2014,13,9,strong_all3,W240_mid_late__N240_three80,0,0.0,0.0,False,0.2
SYA,SY,2014,14,10,strong_all3,W240_mid_late__N240_three80,0,0.0,0.0,False,0.2
SYA,SY,2014,15,11,strong_all3,W240_mid_late__N240_three80,0,0.0,0.0,False,0.2
SYA,SY,2014,16,12,strong_all3,W240_mid_late__N240_three80,0,0.0,0.0,False,0.2
SYA,SY,2014,17,13,strong_all3,W240_mid_late__N240_three80,0,0.0,0.0,False,0.2
SYA,SY,2014,18,14,strong_all3,W240_mid_late__N240_three80,0,0.0,0.0,False,0.2
SYA,SY,2014,19,15,strong_all3,W240_mid_late__N240_three80,0,0.0,0.0,False,0.2
SYA,SY,2014,20,16,strong_all3,W240_mid_late__N240_three80,0,0.0,0.0,False,0.2
SYA,SY,2014,21,17,strong_all3,W240_mid_late__N240_three80,0,0.0,0.0,False,0.2
SYA,SY,2014,22,18,strong_all3,W240_mid_late__N240_three80,0,0.0,0.0,False,0.2
SYA,SY,2014,23,19,strong_all3,W240_mid_late__N240_three80,0,0.0,0.0,False,0.2
SYA,SY,2014,24,20,strong_all3,W240_mid_late__N240_three80,0,0.0,0.0,False,0.2
SYA,SY,2014,25,21,strong_all3,W240_mid_late__N240_three80,0,0.0,0.0,False,0.2
SYA,SY,2014,26,22,strong_all3,W240_mid_late__N240_three80,0,0.0,0.0,False,0.2
SYA,SY,2014,27,23,strong_all3,W240_mid_late__N240_three80,0,0.0,0.0,False,0.2
SYA,SY,2014,28,24,strong_all3,W240_mid_late__N240_three80,0,0.0,0.0,False,0.2
SYA,SY,2014,29,25,strong_all3,W240_mid_late__N240_three80,0,0.0,0.0,False,0.2
SYA,SY,2014,30,26,strong_all3,W240_mid_late__N240_three80,0,0.0,0.0,False,0.2
SYA,SY,2014,31,27,strong_all3,W240_mid_late__N240_three80,0,0.0,0.0,False,0.2
SYA,SY,2014,32,28,strong_all3,W240_mid_late__N240_three80,0,0.0,0.0,False,0.2
SYA,SY,2014,33,29,strong_all3,W240_mid_late__N240_three80,0,0.0,0.0,False,0.2
SYA,SY,2014,34,30,strong_all3,W240_mid_late__N240_three80,6,45.0,0.0,True,1.0
SYA,SY,2014,35,31,strong_all3,W240_mid_late__N240_three80,0,0.0,0.0,False,0.2
SYA,SY,2014,36,32,strong_all3,W240_mid_late__N240_three80,0,0.0,0.0,False,0.2
SYA,SY,2014,37,33,strong_all3,W240_mid_late__N240_three80,0,0.0,0.0,False,0.2
SYA,SY,2014,38,34,strong_all3,W240_mid_late__N240_three80,0,0.0,0.0,False,0.2
SYA,SY,2014,39,35,strong_all3,W240_mid_late__N240_three80,0,0.0,0.0,False,0.2
SYA,SY,2014,40,36,strong_all3,W240_mid_late__N240_three80,0,0.0,0.0,False,0.2
SYA,SY,2014,41,37,strong_all3,W240_mid_late__N240_three80,0,0.0,0.0,False,0.2
SYA,SY,2014,42,38,strong_all3,W240_mid_late__N240_three80,0,0.0,0.0,False,0.2
SYA,SY,2014,43,39,strong_all3,W240_mid_late__N240_three80,0,0.0,0.0,False,0.2
SYA,SY,2014,44,40,strong_all3,W240_mid_late__N240_three80,0,0.0,0.0,False,0.2
SYA,SY,2014,45,41,strong_all3,W240_mid_late__N240_three80,0,0.0,0.0,False,0.2
SYA,SY,2014,46,42,strong_all3,W240_mid_late__N240_three80,0,0.0,0.0,False,0.2
SYA,SY,2014,47,43,strong_all3,W240_mid_late__N240_three80,1,0.0,80.0,True,1.0
SYA,SY,2014,48,44,strong_all3,W240_mid_late__N240_three80,0,0.0,0.0,False,0.2
SYA,SY,2014,49,45,strong_all3,W240_mid_late__N240_three80,6,45.0,0.0,True,1.0
SYA,SY,2014,50,46,strong_all3,W240_mid_late__N240_three80,0,0.0,0.0,False,0.2
SYA,SY,2014,51,47,strong_all3,W240_mid_late__N240_three80,0,0.0,0.0,False,0.2
SYA,SY,2014,52,48,strong_all3,W240_mid_late__N240_three80,0,0.0,0.0,False,0.2
SYA,SY,2014,53,49,strong_all3,W240_mid_late__N240_three80,0,0.0,0.0,False,0.2
SYA,SY,2014,54,50,strong_all3,W240_mid_late__N240_three80,0,0.0,0.0,False,0.2
SYA,SY,2014,55,51,strong_all3,W240_mid_late__N240_three80,0,0.0,0.0,False,0.2
SYA,SY,2014,56,52,strong_all3,W240_mid_late__N240_three80,0,0.0,0.0,False,0.2
SYA,SY,2014,57,53,strong_all3,W240_mid_late__N240_three80,0,0.0,0.0,False,0.2
SYA,SY,2014,58,54,strong_all3,W240_mid_late__N240_three80,0,0.0,0.0,False,0.2
SYA,SY,2014,59,55,strong_all3,W240_mid_late__N240_three80,0,0.0,0.0,False,0.2
SYA,SY,2014,60,56,strong_all3,W240_mid_late__N240_three80,0,0.0,0.0,False,0.2
SYA,SY,2014,61,57,strong_all3,W240_mid_late__N240_three80,0,0.0,0.0,False,0.2
SYA,SY,2014,62,58,strong_all3,W240_mid_late__N240_three80,0,0.0,0.0,False,0.2
SYA,SY,2014,63,59,strong_all3,W240_mid_late__N240_three80,0,0.0,0.0,False,0.2
SYA,SY,2014,64,60,strong_all3,W240_mid_late__N240_three80,6,45.0,0.0,True,1.0
SYA,SY,2014,65,61,strong_all3,W240_mid_late__N240_three80,1,0.0,80.0,True,1.0
SYA,SY,2014,66,62,strong_all3,W240_mid_late__N240_three80,0,0.0,0.0,False,0.2
SYA,SY,2014,67,63,strong_all3,W240_mid_late__N240_three80,0,0.0,0.0,False,0.2
SYA,SY,2014,68,64,strong_all3,W240_mid_late__N240_three80,0,0.0,0.0,False,0.2
SYA,SY,2014,69,65,strong_all3,W240_mid_late__N240_three80,0,0.0,0.0,False,0.2
SYA,SY,2014,70,66,strong_all3,W240_mid_late__N240_three80,0,0.0,0.0,False,0.2
SYA,SY,2014,71,67,strong_all3,W240_mid_late__N240_three80,0,0.0,0.0,False,0.2
SYA,SY,2014,72,68,strong_all3,W240_mid_late__N240_three80,0,0.0,0.0,False,0.2
SYA,SY,2014,73,69,strong_all3,W240_mid_late__N240_three80,0,0.0,0.0,False,0.2
SYA,SY,2014,74,70,strong_all3,W240_mid_late__N240_three80,0,0.0,0.0,False,0.2
SYA,SY,2014,75,71,strong_all3,W240_mid_late__N240_three80,0,0.0,0.0,False,0.2
SYA,SY,2014,76,72,strong_all3,W240_mid_late__N240_three80,0,0.0,0.0,False,0.2
SYA,SY,2014,77,73,strong_all3,W240_mid_late__N240_three80,0,0.0,0.0,False,0.2
SYA,SY,2014,78,74,strong_all3,W240_mid_late__N240_three80,0,0.0,0.0,False,0.2
SYA,SY,2014,79,75,strong_all3,W240_mid_late__N240_three80,3,30.0,0.0,True,1.0
SYA,SY,2014,80,76,strong_all3,W240_mid_late__N240_three80,0,0.0,0.0,False,0.2
SYA,SY,2014,81,77,strong_all3,W240_mid_late__N240_three80,0,0.0,0.0,False,0.2
SYA,SY,2014,82,78,strong_all3,W240_mid_late__N240_three80,0,0.0,0.0,False,0.2
SYA,SY,2014,83,79,strong_all3,W240_mid_late__N240_three80,0,0.0,0.0,False,0.2
SYA,SY,2014,84,80,strong_all3,W240_mid_late__N240_three80,0,0.0,0.0,False,0.2
SYA,SY,2014,85,81,strong_all3,W240_mid_late__N240_three80,0,0.0,0.0,False,0.2
SYA,SY,2014,86,82,strong_all3,W240_mid_late__N240_three80,0,0.0,0.0,False,0.2
SYA,SY,2014,87,83,strong_all3,W240_mid_late__N240_three80,0,0.0,0.0,False,0.2
SYA,SY,2014,88,84,strong_all3,W240_mid_late__N240_three80,0,0.0,0.0,False,0.2
SYA,SY,2014,89,85,strong_all3,W240_mid_late__N240_three80,0,0.0,0.0,False,0.2
SYA,SY,2014,90,86,strong_all3,W240_mid_late__N240_three80,0,0.0,0.0,False,0.2
SYA,SY,2014,91,87,strong_all3,W240_mid_late__N240_three80,0,0.0,0.0,False,0.2
SYA,SY,2014,92,88,strong_all3,W240_mid_late__N240_three80,0,0.0,0.0,False,0.2
SYA,SY,2014,93,89,strong_all3,W240_mid_late__N240_three80,0,0.0,0.0,False,0.2
SYA,SY,2014,94,90,strong_all3,W240_mid_late__N240_three80,0,0.0,0.0,False,0.2
SYA,SY,2014,95,91,strong_all3,W240_mid_late__N240_three80,0,0.0,0.0,False,0.2
SYA,SY,2014,96,92,strong_all3,W240_mid_late__N240_three80,0,0.0,0.0,False,0.2
SYA,SY,2014,97,93,strong_all3,W240_mid_late__N240_three80,0,0.0,0.0,False,0.2
SYA,SY,2014,98,94,strong_all3,W240_mid_late__N240_three80,0,0.0,0.0,False,0.2
SYA,SY,2014,99,95,strong_all3,W240_mid_late__N240_three80,6,45.0,0.0,True,1.0
SYA,SY,2014,100,96,strong_all3,W240_mid_late__N240_three80,0,0.0,0.0,False,0.2
SYA,SY,2014,101,97,strong_all3,W240_mid_late__N240_three80,0,0.0,0.0,False,0.2
SYA,SY,2014,102,98,strong_all3,W240_mid_late__N240_three80,0,0.0,0.0,False,0.2
SYA,SY,2014,103,99,strong_all3,W240_mid_late__N240_three80,0,0.0,0.0,False,0.2
SYA,SY,2014,104,100,strong_all3,W240_mid_late__N240_three80,0,0.0,0.0,False,0.2
SYA,SY,2014,105,101,strong_all3,W240_mid_late__N240_three80,0,0.0,0.0,False,0.2
SYA,SY,2014,106,102,strong_all3,W240_mid_late__N240_three80,0,0.0,0.0,False,0.2
SYA,SY,2014,107,103,strong_all3,W240_mid_late__N240_three80,0,0.0,0.0,False,0.2
SYA,SY,2014,108,104,strong_all3,W240_mid_late__N240_three80,0,0.0,0.0,False,0.2
SYA,SY,2014,109,105,strong_all3,W240_mid_late__N240_three80,0,0.0,0.0,False,0.2
SYA,SY,2014,110,106,strong_all3,W240_mid_late__N240_three80,0,0.0,0.0,False,0.2
SYA,SY,2014,111,107,strong_all3,W240_mid_late__N240_three80,0,0.0,0.0,False,0.2
SYA,SY,2014,112,108,strong_all3,W240_mid_late__N240_three80,0,0.0,0.0,False,0.2
SYA,SY,2014,113,109,strong_all3,W240_mid_late__N240_three80,0,0.0,0.0,False,0.2
SYA,SY,2014,114,110,strong_all3,W240_mid_late__N240_three80,3,30.0,0.0,True,1.0
SYA,SY,2014,115,111,strong_all3,W240_mid_late__N240_three80,0,0.0,0.0,False,0.2
SYA,SY,2014,116,112,strong_all3,W240_mid_late__N240_three80,0,0.0,0.0,False,0.2
SYA,SY,2014,117,113,strong_all3,W240_mid_late__N240_three80,0,0.0,0.0,False,0.2
SYA,SY,2014,118,114,strong_all3,W240_mid_late__N240_three80,0,0.0,0.0,False,0.2
SYA,SY,2014,119,115,strong_all3,W240_mid_late__N240_three80,0,0.0,0.0,False,0.2
SYA,SY,2014,120,116,strong_all3,W240_mid_late__N240_three80,0,0.0,0.0,False,0.2
SYA,SY,2014,121,117,strong_all3,W240_mid_late__N240_three80,0,0.0,0.0,False,0.2
SYA,SY,2014,122,118,strong_all3,W240_mid_late__N240_three80,0,0.0,0.0,False,0.2
SYA,SY,2014,123,119,strong_all3,W240_mid_late__N240_three80,0,0.0,0.0,False,0.2
SYA,SY,2014,124,120,strong_all3,W240_mid_late__N240_three80,0,0.0,0.0,False,0.2
SYA,SY,2014,125,121,strong_all3,W240_mid_late__N240_three80,0,0.0,0.0,False,0.2
SYA,SY,2014,126,122,strong_all3,W240_mid_late__N240_three80,0,0.0,0.0,False,0.2
SYA,SY,2014,127,123,strong_all3,W240_mid_late__N240_three80,0,0.0,0.0,False,0.2
SYA,SY,2014,128,124,strong_all3,W240_mid_late__N240_three80,0,0.0,0.0,False,0.2
SYA,SY,2014,129,125,strong_all3,W240_mid_late__N240_three80,0,0.0,0.0,False,0.2
SYA,SY,2014,130,126,strong_all3,W240_mid_late__N240_three80,0,0.0,0.0,False,0.2
SYA,SY,2014,131,127,strong_all3,W240_mid_late__N240_three80,0,0.0,0.0,False,0.2
SYA,SY,2014,132,128,strong_all3,W240_mid_late__N240_three80,0,0.0,0.0,False,0.2
SYA,SY,2014,133,129,strong_all3,W240_mid_late__N240_three80,0,0.0,0.0,False,0.2
SYA,SY,2014,134,130,strong_all3,W240_mid_late__N240_three80,0,0.0,0.0,False,0.2
SYA,SY,2014,135,131,strong_all3,W240_mid_late__N240_three80,0,0.0,0.0,False,0.2
SYA,SY,2014,136,132,strong_all3,W240_mid_late__N240_three80,0,0.0,0.0,False,0.2
SYA,SY,2014,137,133,strong_all3,W240_mid_late__N240_three80,0,0.0,0.0,False,0.2
SYA,SY,2014,138,134,strong_all3,W240_mid_late__N240_three80,0,0.0,0.0,False,0.2
SYA,SY,2014,139,135,strong_all3,W240_mid_late__N240_three80,0,0.0,0.0,False,0.2
SYA,SY,2014,140,136,strong_all3,W240_mid_late__N240_three80,0,0.0,0.0,False,0.2
SYA,SY,2014,141,137,strong_all3,W240_mid_late__N240_three80,0,0.0,0.0,False,0.2
SYA,SY,2014,142,138,strong_all3,W240_mid_late__N240_three80,0,0.0,0.0,False,0.2
SYA,SY,2014,143,139,strong_all3,W240_mid_late__N240_three80,0,0.0,0.0,False,0.2
SYA,SY,2014,144,140,strong_all3,W240_mid_late__N240_three80,0,0.0,0.0,False,0.2
SYA,SY,2014,145,141,strong_all3,W240_mid_late__N240_three80,0,0.0,0.0,False,0.2
SYA,SY,2014,146,142,strong_all3,W240_mid_late__N240_three80,0,0.0,0.0,False,0.2
SYA,SY,2014,147,143,strong_all3,W240_mid_late__N240_three80,0,0.0,0.0,False,0.2
SYA,SY,2014,148,144,strong_all3,W240_mid_late__N240_three80,0,0.0,0.0,False,0.2
SYA,SY,2014,149,145,strong_all3,W240_mid_late__N240_three80,0,0.0,0.0,False,0.2
SYA,SY,2014,150,146,strong_all3,W240_mid_late__N240_three80,0,0.0,0.0,False,0.2
SYA,SY,2014,151,147,strong_all3,W240_mid_late__N240_three80,0,0.0,0.0,False,0.2
SYA,SY,2015,0,0,near_miss,W210_drop_dap8__N240_three80,0,0.0,0.0,False,0.1
SYA,SY,2015,1,0,near_miss,W210_drop_dap8__N240_three80,0,0.0,0.0,False,0.1
SYA,SY,2015,2,0,near_miss,W210_drop_dap8__N240_three80,0,0.0,0.0,False,0.1
SYA,SY,2015,3,0,near_miss,W210_drop_dap8__N240_three80,0,0.0,0.0,False,0.1
SYA,SY,2015,4,0,near_miss,W210_drop_dap8__N240_three80,0,0.0,0.0,False,0.1
SYA,SY,2015,5,1,near_miss,W210_drop_dap8__N240_three80,7,45.0,80.0,True,0.5
SYA,SY,2015,6,2,near_miss,W210_drop_dap8__N240_three80,0,0.0,0.0,False,0.1
SYA,SY,2015,7,3,near_miss,W210_drop_dap8__N240_three80,0,0.0,0.0,False,0.1
SYA,SY,2015,8,4,near_miss,W210_drop_dap8__N240_three80,0,0.0,0.0,False,0.1
SYA,SY,2015,9,5,near_miss,W210_drop_dap8__N240_three80,0,0.0,0.0,False,0.1
SYA,SY,2015,10,6,near_miss,W210_drop_dap8__N240_three80,0,0.0,0.0,False,0.1
SYA,SY,2015,11,7,near_miss,W210_drop_dap8__N240_three80,0,0.0,0.0,False,0.1
SYA,SY,2015,12,8,near_miss,W210_drop_dap8__N240_three80,0,0.0,0.0,False,0.1
SYA,SY,2015,13,9,near_miss,W210_drop_dap8__N240_three80,0,0.0,0.0,False,0.1
SYA,SY,2015,14,10,near_miss,W210_drop_dap8__N240_three80,0,0.0,0.0,False,0.1
SYA,SY,2015,15,11,near_miss,W210_drop_dap8__N240_three80,0,0.0,0.0,False,0.1
SYA,SY,2015,16,12,near_miss,W210_drop_dap8__N240_three80,0,0.0,0.0,False,0.1
SYA,SY,2015,17,13,near_miss,W210_drop_dap8__N240_three80,0,0.0,0.0,False,0.1
SYA,SY,2015,18,14,near_miss,W210_drop_dap8__N240_three80,0,0.0,0.0,False,0.1
SYA,SY,2015,19,15,near_miss,W210_drop_dap8__N240_three80,0,0.0,0.0,False,0.1
SYA,SY,2015,20,16,near_miss,W210_drop_dap8__N240_three80,0,0.0,0.0,False,0.1
SYA,SY,2015,21,17,near_miss,W210_drop_dap8__N240_three80,0,0.0,0.0,False,0.1
SYA,SY,2015,22,18,near_miss,W210_drop_dap8__N240_three80,0,0.0,0.0,False,0.1
SYA,SY,2015,23,19,near_miss,W210_drop_dap8__N240_three80,0,0.0,0.0,False,0.1
SYA,SY,2015,24,20,near_miss,W210_drop_dap8__N240_three80,0,0.0,0.0,False,0.1
SYA,SY,2015,25,21,near_miss,W210_drop_dap8__N240_three80,0,0.0,0.0,False,0.1
SYA,SY,2015,26,22,near_miss,W210_drop_dap8__N240_three80,0,0.0,0.0,False,0.1
SYA,SY,2015,27,23,near_miss,W210_drop_dap8__N240_three80,0,0.0,0.0,False,0.1
SYA,SY,2015,28,24,near_miss,W210_drop_dap8__N240_three80,0,0.0,0.0,False,0.1
SYA,SY,2015,29,25,near_miss,W210_drop_dap8__N240_three80,0,0.0,0.0,False,0.1
SYA,SY,2015,30,26,near_miss,W210_drop_dap8__N240_three80,0,0.0,0.0,False,0.1
SYA,SY,2015,31,27,near_miss,W210_drop_dap8__N240_three80,0,0.0,0.0,False,0.1
SYA,SY,2015,32,28,near_miss,W210_drop_dap8__N240_three80,0,0.0,0.0,False,0.1
SYA,SY,2015,33,29,near_miss,W210_drop_dap8__N240_three80,0,0.0,0.0,False,0.1
SYA,SY,2015,34,30,near_miss,W210_drop_dap8__N240_three80,0,0.0,0.0,False,0.1
SYA,SY,2015,35,31,near_miss,W210_drop_dap8__N240_three80,6,45.0,0.0,True,0.5
SYA,SY,2015,36,32,near_miss,W210_drop_dap8__N240_three80,0,0.0,0.0,False,0.1
SYA,SY,2015,37,33,near_miss,W210_drop_dap8__N240_three80,0,0.0,0.0,False,0.1
SYA,SY,2015,38,34,near_miss,W210_drop_dap8__N240_three80,0,0.0,0.0,False,0.1
SYA,SY,2015,39,35,near_miss,W210_drop_dap8__N240_three80,0,0.0,0.0,False,0.1
SYA,SY,2015,40,36,near_miss,W210_drop_dap8__N240_three80,0,0.0,0.0,False,0.1
SYA,SY,2015,41,37,near_miss,W210_drop_dap8__N240_three80,0,0.0,0.0,False,0.1
SYA,SY,2015,42,38,near_miss,W210_drop_dap8__N240_three80,3,30.0,0.0,True,0.5
SYA,SY,2015,43,39,near_miss,W210_drop_dap8__N240_three80,0,0.0,0.0,False,0.1
SYA,SY,2015,44,40,near_miss,W210_drop_dap8__N240_three80,0,0.0,0.0,False,0.1
SYA,SY,2015,45,41,near_miss,W210_drop_dap8__N240_three80,0,0.0,0.0,False,0.1
SYA,SY,2015,46,42,near_miss,W210_drop_dap8__N240_three80,0,0.0,0.0,False,0.1
SYA,SY,2015,47,43,near_miss,W210_drop_dap8__N240_three80,1,0.0,80.0,True,0.5
SYA,SY,2015,48,44,near_miss,W210_drop_dap8__N240_three80,0,0.0,0.0,False,0.1
SYA,SY,2015,49,45,near_miss,W210_drop_dap8__N240_three80,0,0.0,0.0,False,0.1
SYA,SY,2015,50,46,near_miss,W210_drop_dap8__N240_three80,0,0.0,0.0,False,0.1
SYA,SY,2015,51,47,near_miss,W210_drop_dap8__N240_three80,0,0.0,0.0,False,0.1
SYA,SY,2015,52,48,near_miss,W210_drop_dap8__N240_three80,0,0.0,0.0,False,0.1
SYA,SY,2015,53,49,near_miss,W210_drop_dap8__N240_three80,0,0.0,0.0,False,0.1
SYA,SY,2015,54,50,near_miss,W210_drop_dap8__N240_three80,0,0.0,0.0,False,0.1
SYA,SY,2015,55,51,near_miss,W210_drop_dap8__N240_three80,0,0.0,0.0,False,0.1
SYA,SY,2015,56,52,near_miss,W210_drop_dap8__N240_three80,0,0.0,0.0,False,0.1
SYA,SY,2015,57,53,near_miss,W210_drop_dap8__N240_three80,0,0.0,0.0,False,0.1
SYA,SY,2015,58,54,near_miss,W210_drop_dap8__N240_three80,0,0.0,0.0,False,0.1
SYA,SY,2015,59,55,near_miss,W210_drop_dap8__N240_three80,0,0.0,0.0,False,0.1
SYA,SY,2015,60,56,near_miss,W210_drop_dap8__N240_three80,0,0.0,0.0,False,0.1
SYA,SY,2015,61,57,near_miss,W210_drop_dap8__N240_three80,0,0.0,0.0,False,0.1
SYA,SY,2015,62,58,near_miss,W210_drop_dap8__N240_three80,0,0.0,0.0,False,0.1
SYA,SY,2015,63,59,near_miss,W210_drop_dap8__N240_three80,0,0.0,0.0,False,0.1
SYA,SY,2015,64,60,near_miss,W210_drop_dap8__N240_three80,0,0.0,0.0,False,0.1
SYA,SY,2015,65,61,near_miss,W210_drop_dap8__N240_three80,7,45.0,80.0,True,0.5
SYA,SY,2015,66,62,near_miss,W210_drop_dap8__N240_three80,0,0.0,0.0,False,0.1
SYA,SY,2015,67,63,near_miss,W210_drop_dap8__N240_three80,0,0.0,0.0,False,0.1
SYA,SY,2015,68,64,near_miss,W210_drop_dap8__N240_three80,0,0.0,0.0,False,0.1
SYA,SY,2015,69,65,near_miss,W210_drop_dap8__N240_three80,0,0.0,0.0,False,0.1
SYA,SY,2015,70,66,near_miss,W210_drop_dap8__N240_three80,0,0.0,0.0,False,0.1
SYA,SY,2015,71,67,near_miss,W210_drop_dap8__N240_three80,0,0.0,0.0,False,0.1
SYA,SY,2015,72,68,near_miss,W210_drop_dap8__N240_three80,0,0.0,0.0,False,0.1
SYA,SY,2015,73,69,near_miss,W210_drop_dap8__N240_three80,0,0.0,0.0,False,0.1
SYA,SY,2015,74,70,near_miss,W210_drop_dap8__N240_three80,0,0.0,0.0,False,0.1
SYA,SY,2015,75,71,near_miss,W210_drop_dap8__N240_three80,0,0.0,0.0,False,0.1
SYA,SY,2015,76,72,near_miss,W210_drop_dap8__N240_three80,0,0.0,0.0,False,0.1
SYA,SY,2015,77,73,near_miss,W210_drop_dap8__N240_three80,0,0.0,0.0,False,0.1
SYA,SY,2015,78,74,near_miss,W210_drop_dap8__N240_three80,0,0.0,0.0,False,0.1
SYA,SY,2015,79,75,near_miss,W210_drop_dap8__N240_three80,0,0.0,0.0,False,0.1
SYA,SY,2015,80,76,near_miss,W210_drop_dap8__N240_three80,0,0.0,0.0,False,0.1
SYA,SY,2015,81,77,near_miss,W210_drop_dap8__N240_three80,0,0.0,0.0,False,0.1
SYA,SY,2015,82,78,near_miss,W210_drop_dap8__N240_three80,0,0.0,0.0,False,0.1
SYA,SY,2015,83,79,near_miss,W210_drop_dap8__N240_three80,0,0.0,0.0,False,0.1
SYA,SY,2015,84,80,near_miss,W210_drop_dap8__N240_three80,0,0.0,0.0,False,0.1
SYA,SY,2015,85,81,near_miss,W210_drop_dap8__N240_three80,0,0.0,0.0,False,0.1
SYA,SY,2015,86,82,near_miss,W210_drop_dap8__N240_three80,0,0.0,0.0,False,0.1
SYA,SY,2015,87,83,near_miss,W210_drop_dap8__N240_three80,0,0.0,0.0,False,0.1
SYA,SY,2015,88,84,near_miss,W210_drop_dap8__N240_three80,0,0.0,0.0,False,0.1
SYA,SY,2015,89,85,near_miss,W210_drop_dap8__N240_three80,0,0.0,0.0,False,0.1
SYA,SY,2015,90,86,near_miss,W210_drop_dap8__N240_three80,0,0.0,0.0,False,0.1
SYA,SY,2015,91,87,near_miss,W210_drop_dap8__N240_three80,0,0.0,0.0,False,0.1
SYA,SY,2015,92,88,near_miss,W210_drop_dap8__N240_three80,0,0.0,0.0,False,0.1
SYA,SY,2015,93,89,near_miss,W210_drop_dap8__N240_three80,0,0.0,0.0,False,0.1
SYA,SY,2015,94,90,near_miss,W210_drop_dap8__N240_three80,0,0.0,0.0,False,0.1
SYA,SY,2015,95,91,near_miss,W210_drop_dap8__N240_three80,6,45.0,0.0,True,0.5
SYA,SY,2015,96,92,near_miss,W210_drop_dap8__N240_three80,0,0.0,0.0,False,0.1
SYA,SY,2015,97,93,near_miss,W210_drop_dap8__N240_three80,0,0.0,0.0,False,0.1
SYA,SY,2015,98,94,near_miss,W210_drop_dap8__N240_three80,0,0.0,0.0,False,0.1
SYA,SY,2015,99,95,near_miss,W210_drop_dap8__N240_three80,0,0.0,0.0,False,0.1
SYA,SY,2015,100,96,near_miss,W210_drop_dap8__N240_three80,0,0.0,0.0,False,0.1
SYA,SY,2015,101,97,near_miss,W210_drop_dap8__N240_three80,0,0.0,0.0,False,0.1
SYA,SY,2015,102,98,near_miss,W210_drop_dap8__N240_three80,0,0.0,0.0,False,0.1
SYA,SY,2015,103,99,near_miss,W210_drop_dap8__N240_three80,0,0.0,0.0,False,0.1
SYA,SY,2015,104,100,near_miss,W210_drop_dap8__N240_three80,0,0.0,0.0,False,0.1
SYA,SY,2015,105,101,near_miss,W210_drop_dap8__N240_three80,0,0.0,0.0,False,0.1
SYA,SY,2015,106,102,near_miss,W210_drop_dap8__N240_three80,0,0.0,0.0,False,0.1
SYA,SY,2015,107,103,near_miss,W210_drop_dap8__N240_three80,0,0.0,0.0,False,0.1
SYA,SY,2015,108,104,near_miss,W210_drop_dap8__N240_three80,0,0.0,0.0,False,0.1
SYA,SY,2015,109,105,near_miss,W210_drop_dap8__N240_three80,0,0.0,0.0,False,0.1
SYA,SY,2015,110,106,near_miss,W210_drop_dap8__N240_three80,0,0.0,0.0,False,0.1
SYA,SY,2015,111,107,near_miss,W210_drop_dap8__N240_three80,0,0.0,0.0,False,0.1
SYA,SY,2015,112,108,near_miss,W210_drop_dap8__N240_three80,0,0.0,0.0,False,0.1
SYA,SY,2015,113,109,near_miss,W210_drop_dap8__N240_three80,0,0.0,0.0,False,0.1
SYA,SY,2015,114,110,near_miss,W210_drop_dap8__N240_three80,0,0.0,0.0,False,0.1
SYA,SY,2015,115,111,near_miss,W210_drop_dap8__N240_three80,0,0.0,0.0,False,0.1
SYA,SY,2015,116,112,near_miss,W210_drop_dap8__N240_three80,0,0.0,0.0,False,0.1
SYA,SY,2015,117,113,near_miss,W210_drop_dap8__N240_three80,0,0.0,0.0,False,0.1
SYA,SY,2015,118,114,near_miss,W210_drop_dap8__N240_three80,0,0.0,0.0,False,0.1
SYA,SY,2015,119,115,near_miss,W210_drop_dap8__N240_three80,0,0.0,0.0,False,0.1
SYA,SY,2015,120,116,near_miss,W210_drop_dap8__N240_three80,0,0.0,0.0,False,0.1
SYA,SY,2015,121,117,near_miss,W210_drop_dap8__N240_three80,0,0.0,0.0,False,0.1
SYA,SY,2015,122,118,near_miss,W210_drop_dap8__N240_three80,0,0.0,0.0,False,0.1
SYA,SY,2015,123,119,near_miss,W210_drop_dap8__N240_three80,0,0.0,0.0,False,0.1
SYA,SY,2015,124,120,near_miss,W210_drop_dap8__N240_three80,0,0.0,0.0,False,0.1
SYA,SY,2015,125,121,near_miss,W210_drop_dap8__N240_three80,0,0.0,0.0,False,0.1
SYA,SY,2015,126,122,near_miss,W210_drop_dap8__N240_three80,0,0.0,0.0,False,0.1
SYA,SY,2015,127,123,near_miss,W210_drop_dap8__N240_three80,0,0.0,0.0,False,0.1
SYA,SY,2015,128,124,near_miss,W210_drop_dap8__N240_three80,0,0.0,0.0,False,0.1
SYA,SY,2015,129,125,near_miss,W210_drop_dap8__N240_three80,0,0.0,0.0,False,0.1
SYA,SY,2015,130,126,near_miss,W210_drop_dap8__N240_three80,0,0.0,0.0,False,0.1
SYA,SY,2015,131,127,near_miss,W210_drop_dap8__N240_three80,0,0.0,0.0,False,0.1
SYA,SY,2015,132,128,near_miss,W210_drop_dap8__N240_three80,0,0.0,0.0,False,0.1
SYA,SY,2015,133,129,near_miss,W210_drop_dap8__N240_three80,0,0.0,0.0,False,0.1
SYA,SY,2015,134,130,near_miss,W210_drop_dap8__N240_three80,0,0.0,0.0,False,0.1
SYA,SY,2015,135,131,near_miss,W210_drop_dap8__N240_three80,0,0.0,0.0,False,0.1
SYA,SY,2015,136,132,near_miss,W210_drop_dap8__N240_three80,0,0.0,0.0,False,0.1
SYA,SY,2015,137,133,near_miss,W210_drop_dap8__N240_three80,0,0.0,0.0,False,0.1
SYA,SY,2015,138,134,near_miss,W210_drop_dap8__N240_three80,0,0.0,0.0,False,0.1
SYA,SY,2015,139,135,near_miss,W210_drop_dap8__N240_three80,0,0.0,0.0,False,0.1
SYA,SY,2015,140,136,near_miss,W210_drop_dap8__N240_three80,0,0.0,0.0,False,0.1
SYA,SY,2016,0,0,strong_all3,W150_late_saving__N160_two80,0,0.0,0.0,False,0.2
SYA,SY,2016,1,0,strong_all3,W150_late_saving__N160_two80,0,0.0,0.0,False,0.2
SYA,SY,2016,2,0,strong_all3,W150_late_saving__N160_two80,0,0.0,0.0,False,0.2
SYA,SY,2016,3,0,strong_all3,W150_late_saving__N160_two80,0,0.0,0.0,False,0.2
SYA,SY,2016,4,0,strong_all3,W150_late_saving__N160_two80,0,0.0,0.0,False,0.2
SYA,SY,2016,5,1,strong_all3,W150_late_saving__N160_two80,1,0.0,80.0,True,1.0
SYA,SY,2016,6,2,strong_all3,W150_late_saving__N160_two80,0,0.0,0.0,False,0.2
SYA,SY,2016,7,3,strong_all3,W150_late_saving__N160_two80,0,0.0,0.0,False,0.2
SYA,SY,2016,8,4,strong_all3,W150_late_saving__N160_two80,0,0.0,0.0,False,0.2
SYA,SY,2016,9,5,strong_all3,W150_late_saving__N160_two80,0,0.0,0.0,False,0.2
SYA,SY,2016,10,6,strong_all3,W150_late_saving__N160_two80,0,0.0,0.0,False,0.2
SYA,SY,2016,11,7,strong_all3,W150_late_saving__N160_two80,0,0.0,0.0,False,0.2
SYA,SY,2016,12,8,strong_all3,W150_late_saving__N160_two80,0,0.0,0.0,False,0.2
SYA,SY,2016,13,9,strong_all3,W150_late_saving__N160_two80,0,0.0,0.0,False,0.2
SYA,SY,2016,14,10,strong_all3,W150_late_saving__N160_two80,0,0.0,0.0,False,0.2
SYA,SY,2016,15,11,strong_all3,W150_late_saving__N160_two80,0,0.0,0.0,False,0.2
SYA,SY,2016,16,12,strong_all3,W150_late_saving__N160_two80,0,0.0,0.0,False,0.2
SYA,SY,2016,17,13,strong_all3,W150_late_saving__N160_two80,0,0.0,0.0,False,0.2
SYA,SY,2016,18,14,strong_all3,W150_late_saving__N160_two80,0,0.0,0.0,False,0.2
SYA,SY,2016,19,15,strong_all3,W150_late_saving__N160_two80,0,0.0,0.0,False,0.2
SYA,SY,2016,20,16,strong_all3,W150_late_saving__N160_two80,0,0.0,0.0,False,0.2
SYA,SY,2016,21,17,strong_all3,W150_late_saving__N160_two80,0,0.0,0.0,False,0.2
SYA,SY,2016,22,18,strong_all3,W150_late_saving__N160_two80,0,0.0,0.0,False,0.2
SYA,SY,2016,23,19,strong_all3,W150_late_saving__N160_two80,0,0.0,0.0,False,0.2
SYA,SY,2016,24,20,strong_all3,W150_late_saving__N160_two80,0,0.0,0.0,False,0.2
SYA,SY,2016,25,21,strong_all3,W150_late_saving__N160_two80,0,0.0,0.0,False,0.2
SYA,SY,2016,26,22,strong_all3,W150_late_saving__N160_two80,0,0.0,0.0,False,0.2
SYA,SY,2016,27,23,strong_all3,W150_late_saving__N160_two80,0,0.0,0.0,False,0.2
SYA,SY,2016,28,24,strong_all3,W150_late_saving__N160_two80,0,0.0,0.0,False,0.2
SYA,SY,2016,29,25,strong_all3,W150_late_saving__N160_two80,0,0.0,0.0,False,0.2
SYA,SY,2016,30,26,strong_all3,W150_late_saving__N160_two80,0,0.0,0.0,False,0.2
SYA,SY,2016,31,27,strong_all3,W150_late_saving__N160_two80,0,0.0,0.0,False,0.2
SYA,SY,2016,32,28,strong_all3,W150_late_saving__N160_two80,0,0.0,0.0,False,0.2
SYA,SY,2016,33,29,strong_all3,W150_late_saving__N160_two80,0,0.0,0.0,False,0.2
SYA,SY,2016,34,30,strong_all3,W150_late_saving__N160_two80,0,0.0,0.0,False,0.2
SYA,SY,2016,35,31,strong_all3,W150_late_saving__N160_two80,0,0.0,0.0,False,0.2
SYA,SY,2016,36,32,strong_all3,W150_late_saving__N160_two80,0,0.0,0.0,False,0.2
SYA,SY,2016,37,33,strong_all3,W150_late_saving__N160_two80,0,0.0,0.0,False,0.2
SYA,SY,2016,38,34,strong_all3,W150_late_saving__N160_two80,0,0.0,0.0,False,0.2
SYA,SY,2016,39,35,strong_all3,W150_late_saving__N160_two80,0,0.0,0.0,False,0.2
SYA,SY,2016,40,36,strong_all3,W150_late_saving__N160_two80,0,0.0,0.0,False,0.2
SYA,SY,2016,41,37,strong_all3,W150_late_saving__N160_two80,0,0.0,0.0,False,0.2
SYA,SY,2016,42,38,strong_all3,W150_late_saving__N160_two80,0,0.0,0.0,False,0.2
SYA,SY,2016,43,39,strong_all3,W150_late_saving__N160_two80,0,0.0,0.0,False,0.2
SYA,SY,2016,44,40,strong_all3,W150_late_saving__N160_two80,0,0.0,0.0,False,0.2
SYA,SY,2016,45,41,strong_all3,W150_late_saving__N160_two80,0,0.0,0.0,False,0.2
SYA,SY,2016,46,42,strong_all3,W150_late_saving__N160_two80,0,0.0,0.0,False,0.2
SYA,SY,2016,47,43,strong_all3,W150_late_saving__N160_two80,1,0.0,80.0,True,1.0
SYA,SY,2016,48,44,strong_all3,W150_late_saving__N160_two80,0,0.0,0.0,False,0.2
SYA,SY,2016,49,45,strong_all3,W150_late_saving__N160_two80,3,30.0,0.0,True,1.0
SYA,SY,2016,50,46,strong_all3,W150_late_saving__N160_two80,0,0.0,0.0,False,0.2
SYA,SY,2016,51,47,strong_all3,W150_late_saving__N160_two80,0,0.0,0.0,False,0.2
SYA,SY,2016,52,48,strong_all3,W150_late_saving__N160_two80,0,0.0,0.0,False,0.2
SYA,SY,2016,53,49,strong_all3,W150_late_saving__N160_two80,0,0.0,0.0,False,0.2
SYA,SY,2016,54,50,strong_all3,W150_late_saving__N160_two80,0,0.0,0.0,False,0.2
SYA,SY,2016,55,51,strong_all3,W150_late_saving__N160_two80,0,0.0,0.0,False,0.2
SYA,SY,2016,56,52,strong_all3,W150_late_saving__N160_two80,0,0.0,0.0,False,0.2
SYA,SY,2016,57,53,strong_all3,W150_late_saving__N160_two80,0,0.0,0.0,False,0.2
SYA,SY,2016,58,54,strong_all3,W150_late_saving__N160_two80,0,0.0,0.0,False,0.2
SYA,SY,2016,59,55,strong_all3,W150_late_saving__N160_two80,0,0.0,0.0,False,0.2
SYA,SY,2016,60,56,strong_all3,W150_late_saving__N160_two80,0,0.0,0.0,False,0.2
SYA,SY,2016,61,57,strong_all3,W150_late_saving__N160_two80,0,0.0,0.0,False,0.2
SYA,SY,2016,62,58,strong_all3,W150_late_saving__N160_two80,0,0.0,0.0,False,0.2
SYA,SY,2016,63,59,strong_all3,W150_late_saving__N160_two80,0,0.0,0.0,False,0.2
SYA,SY,2016,64,60,strong_all3,W150_late_saving__N160_two80,0,0.0,0.0,False,0.2
SYA,SY,2016,65,61,strong_all3,W150_late_saving__N160_two80,0,0.0,0.0,False,0.2
SYA,SY,2016,66,62,strong_all3,W150_late_saving__N160_two80,0,0.0,0.0,False,0.2
SYA,SY,2016,67,63,strong_all3,W150_late_saving__N160_two80,0,0.0,0.0,False,0.2
SYA,SY,2016,68,64,strong_all3,W150_late_saving__N160_two80,0,0.0,0.0,False,0.2
SYA,SY,2016,69,65,strong_all3,W150_late_saving__N160_two80,0,0.0,0.0,False,0.2
SYA,SY,2016,70,66,strong_all3,W150_late_saving__N160_two80,0,0.0,0.0,False,0.2
SYA,SY,2016,71,67,strong_all3,W150_late_saving__N160_two80,0,0.0,0.0,False,0.2
SYA,SY,2016,72,68,strong_all3,W150_late_saving__N160_two80,0,0.0,0.0,False,0.2
SYA,SY,2016,73,69,strong_all3,W150_late_saving__N160_two80,0,0.0,0.0,False,0.2
SYA,SY,2016,74,70,strong_all3,W150_late_saving__N160_two80,0,0.0,0.0,False,0.2
SYA,SY,2016,75,71,strong_all3,W150_late_saving__N160_two80,0,0.0,0.0,False,0.2
SYA,SY,2016,76,72,strong_all3,W150_late_saving__N160_two80,0,0.0,0.0,False,0.2
SYA,SY,2016,77,73,strong_all3,W150_late_saving__N160_two80,0,0.0,0.0,False,0.2
SYA,SY,2016,78,74,strong_all3,W150_late_saving__N160_two80,0,0.0,0.0,False,0.2
SYA,SY,2016,79,75,strong_all3,W150_late_saving__N160_two80,6,45.0,0.0,True,1.0
SYA,SY,2016,80,76,strong_all3,W150_late_saving__N160_two80,0,0.0,0.0,False,0.2
SYA,SY,2016,81,77,strong_all3,W150_late_saving__N160_two80,0,0.0,0.0,False,0.2
SYA,SY,2016,82,78,strong_all3,W150_late_saving__N160_two80,0,0.0,0.0,False,0.2
SYA,SY,2016,83,79,strong_all3,W150_late_saving__N160_two80,0,0.0,0.0,False,0.2
SYA,SY,2016,84,80,strong_all3,W150_late_saving__N160_two80,0,0.0,0.0,False,0.2
SYA,SY,2016,85,81,strong_all3,W150_late_saving__N160_two80,0,0.0,0.0,False,0.2
SYA,SY,2016,86,82,strong_all3,W150_late_saving__N160_two80,0,0.0,0.0,False,0.2
SYA,SY,2016,87,83,strong_all3,W150_late_saving__N160_two80,0,0.0,0.0,False,0.2
SYA,SY,2016,88,84,strong_all3,W150_late_saving__N160_two80,0,0.0,0.0,False,0.2
SYA,SY,2016,89,85,strong_all3,W150_late_saving__N160_two80,0,0.0,0.0,False,0.2
SYA,SY,2016,90,86,strong_all3,W150_late_saving__N160_two80,0,0.0,0.0,False,0.2
SYA,SY,2016,91,87,strong_all3,W150_late_saving__N160_two80,0,0.0,0.0,False,0.2
SYA,SY,2016,92,88,strong_all3,W150_late_saving__N160_two80,0,0.0,0.0,False,0.2
SYA,SY,2016,93,89,strong_all3,W150_late_saving__N160_two80,0,0.0,0.0,False,0.2
SYA,SY,2016,94,90,strong_all3,W150_late_saving__N160_two80,0,0.0,0.0,False,0.2
SYA,SY,2016,95,91,strong_all3,W150_late_saving__N160_two80,0,0.0,0.0,False,0.2
SYA,SY,2016,96,92,strong_all3,W150_late_saving__N160_two80,0,0.0,0.0,False,0.2
SYA,SY,2016,97,93,strong_all3,W150_late_saving__N160_two80,0,0.0,0.0,False,0.2
SYA,SY,2016,98,94,strong_all3,W150_late_saving__N160_two80,0,0.0,0.0,False,0.2
SYA,SY,2016,99,95,strong_all3,W150_late_saving__N160_two80,6,45.0,0.0,True,1.0
SYA,SY,2016,100,96,strong_all3,W150_late_saving__N160_two80,0,0.0,0.0,False,0.2
SYA,SY,2016,101,97,strong_all3,W150_late_saving__N160_two80,0,0.0,0.0,False,0.2
SYA,SY,2016,102,98,strong_all3,W150_late_saving__N160_two80,0,0.0,0.0,False,0.2
SYA,SY,2016,103,99,strong_all3,W150_late_saving__N160_two80,0,0.0,0.0,False,0.2
SYA,SY,2016,104,100,strong_all3,W150_late_saving__N160_two80,0,0.0,0.0,False,0.2
SYA,SY,2016,105,101,strong_all3,W150_late_saving__N160_two80,0,0.0,0.0,False,0.2
SYA,SY,2016,106,102,strong_all3,W150_late_saving__N160_two80,0,0.0,0.0,False,0.2
SYA,SY,2016,107,103,strong_all3,W150_late_saving__N160_two80,0,0.0,0.0,False,0.2
SYA,SY,2016,108,104,strong_all3,W150_late_saving__N160_two80,0,0.0,0.0,False,0.2
SYA,SY,2016,109,105,strong_all3,W150_late_saving__N160_two80,0,0.0,0.0,False,0.2
SYA,SY,2016,110,106,strong_all3,W150_late_saving__N160_two80,0,0.0,0.0,False,0.2
SYA,SY,2016,111,107,strong_all3,W150_late_saving__N160_two80,0,0.0,0.0,False,0.2
SYA,SY,2016,112,108,strong_all3,W150_late_saving__N160_two80,0,0.0,0.0,False,0.2
SYA,SY,2016,113,109,strong_all3,W150_late_saving__N160_two80,0,0.0,0.0,False,0.2
SYA,SY,2016,114,110,strong_all3,W150_late_saving__N160_two80,0,0.0,0.0,False,0.2
SYA,SY,2016,115,111,strong_all3,W150_late_saving__N160_two80,0,0.0,0.0,False,0.2
SYA,SY,2016,116,112,strong_all3,W150_late_saving__N160_two80,0,0.0,0.0,False,0.2
SYA,SY,2016,117,113,strong_all3,W150_late_saving__N160_two80,0,0.0,0.0,False,0.2
SYA,SY,2016,118,114,strong_all3,W150_late_saving__N160_two80,0,0.0,0.0,False,0.2
SYA,SY,2016,119,115,strong_all3,W150_late_saving__N160_two80,3,30.0,0.0,True,1.0
SYA,SY,2016,120,116,strong_all3,W150_late_saving__N160_two80,0,0.0,0.0,False,0.2
SYA,SY,2016,121,117,strong_all3,W150_late_saving__N160_two80,0,0.0,0.0,False,0.2
SYA,SY,2016,122,118,strong_all3,W150_late_saving__N160_two80,0,0.0,0.0,False,0.2
SYA,SY,2016,123,119,strong_all3,W150_late_saving__N160_two80,0,0.0,0.0,False,0.2
SYA,SY,2016,124,120,strong_all3,W150_late_saving__N160_two80,0,0.0,0.0,False,0.2
SYA,SY,2016,125,121,strong_all3,W150_late_saving__N160_two80,0,0.0,0.0,False,0.2
SYA,SY,2016,126,122,strong_all3,W150_late_saving__N160_two80,0,0.0,0.0,False,0.2
SYA,SY,2016,127,123,strong_all3,W150_late_saving__N160_two80,0,0.0,0.0,False,0.2
SYA,SY,2016,128,124,strong_all3,W150_late_saving__N160_two80,0,0.0,0.0,False,0.2
SYA,SY,2016,129,125,strong_all3,W150_late_saving__N160_two80,0,0.0,0.0,False,0.2
SYA,SY,2016,130,126,strong_all3,W150_late_saving__N160_two80,0,0.0,0.0,False,0.2
SYA,SY,2016,131,127,strong_all3,W150_late_saving__N160_two80,0,0.0,0.0,False,0.2
SYA,SY,2016,132,128,strong_all3,W150_late_saving__N160_two80,0,0.0,0.0,False,0.2
SYA,SY,2016,133,129,strong_all3,W150_late_saving__N160_two80,0,0.0,0.0,False,0.2
SYA,SY,2016,134,130,strong_all3,W150_late_saving__N160_two80,0,0.0,0.0,False,0.2
SYA,SY,2016,135,131,strong_all3,W150_late_saving__N160_two80,0,0.0,0.0,False,0.2
SYA,SY,2016,136,132,strong_all3,W150_late_saving__N160_two80,0,0.0,0.0,False,0.2
SYA,SY,2016,137,133,strong_all3,W150_late_saving__N160_two80,0,0.0,0.0,False,0.2
SYA,SY,2016,138,134,strong_all3,W150_late_saving__N160_two80,0,0.0,0.0,False,0.2
SYA,SY,2016,139,135,strong_all3,W150_late_saving__N160_two80,0,0.0,0.0,False,0.2
SYA,SY,2016,140,136,strong_all3,W150_late_saving__N160_two80,0,0.0,0.0,False,0.2
SYA,SY,2017,0,0,near_miss,W240_mid_late__N240_three80,0,0.0,0.0,False,0.1
SYA,SY,2017,1,0,near_miss,W240_mid_late__N240_three80,0,0.0,0.0,False,0.1
SYA,SY,2017,2,0,near_miss,W240_mid_late__N240_three80,0,0.0,0.0,False,0.1
SYA,SY,2017,3,0,near_miss,W240_mid_late__N240_three80,0,0.0,0.0,False,0.1
SYA,SY,2017,4,0,near_miss,W240_mid_late__N240_three80,0,0.0,0.0,False,0.1
SYA,SY,2017,5,1,near_miss,W240_mid_late__N240_three80,1,0.0,80.0,True,0.5
SYA,SY,2017,6,2,near_miss,W240_mid_late__N240_three80,0,0.0,0.0,False,0.1
SYA,SY,2017,7,3,near_miss,W240_mid_late__N240_three80,0,0.0,0.0,False,0.1
SYA,SY,2017,8,4,near_miss,W240_mid_late__N240_three80,0,0.0,0.0,False,0.1
SYA,SY,2017,9,5,near_miss,W240_mid_late__N240_three80,0,0.0,0.0,False,0.1
SYA,SY,2017,10,6,near_miss,W240_mid_late__N240_three80,0,0.0,0.0,False,0.1
SYA,SY,2017,11,7,near_miss,W240_mid_late__N240_three80,0,0.0,0.0,False,0.1
SYA,SY,2017,12,8,near_miss,W240_mid_late__N240_three80,0,0.0,0.0,False,0.1
SYA,SY,2017,13,9,near_miss,W240_mid_late__N240_three80,0,0.0,0.0,False,0.1
SYA,SY,2017,14,10,near_miss,W240_mid_late__N240_three80,0,0.0,0.0,False,0.1
SYA,SY,2017,15,11,near_miss,W240_mid_late__N240_three80,0,0.0,0.0,False,0.1
SYA,SY,2017,16,12,near_miss,W240_mid_late__N240_three80,0,0.0,0.0,False,0.1
SYA,SY,2017,17,13,near_miss,W240_mid_late__N240_three80,0,0.0,0.0,False,0.1
SYA,SY,2017,18,14,near_miss,W240_mid_late__N240_three80,0,0.0,0.0,False,0.1
SYA,SY,2017,19,15,near_miss,W240_mid_late__N240_three80,0,0.0,0.0,False,0.1
SYA,SY,2017,20,16,near_miss,W240_mid_late__N240_three80,0,0.0,0.0,False,0.1
SYA,SY,2017,21,17,near_miss,W240_mid_late__N240_three80,0,0.0,0.0,False,0.1
SYA,SY,2017,22,18,near_miss,W240_mid_late__N240_three80,0,0.0,0.0,False,0.1
SYA,SY,2017,23,19,near_miss,W240_mid_late__N240_three80,0,0.0,0.0,False,0.1
SYA,SY,2017,24,20,near_miss,W240_mid_late__N240_three80,0,0.0,0.0,False,0.1
SYA,SY,2017,25,21,near_miss,W240_mid_late__N240_three80,0,0.0,0.0,False,0.1
SYA,SY,2017,26,22,near_miss,W240_mid_late__N240_three80,0,0.0,0.0,False,0.1
SYA,SY,2017,27,23,near_miss,W240_mid_late__N240_three80,0,0.0,0.0,False,0.1
SYA,SY,2017,28,24,near_miss,W240_mid_late__N240_three80,0,0.0,0.0,False,0.1
SYA,SY,2017,29,25,near_miss,W240_mid_late__N240_three80,0,0.0,0.0,False,0.1
SYA,SY,2017,30,26,near_miss,W240_mid_late__N240_three80,0,0.0,0.0,False,0.1
SYA,SY,2017,31,27,near_miss,W240_mid_late__N240_three80,0,0.0,0.0,False,0.1
SYA,SY,2017,32,28,near_miss,W240_mid_late__N240_three80,0,0.0,0.0,False,0.1
SYA,SY,2017,33,29,near_miss,W240_mid_late__N240_three80,0,0.0,0.0,False,0.1
SYA,SY,2017,34,30,near_miss,W240_mid_late__N240_three80,6,45.0,0.0,True,0.5
SYA,SY,2017,35,31,near_miss,W240_mid_late__N240_three80,0,0.0,0.0,False,0.1
SYA,SY,2017,36,32,near_miss,W240_mid_late__N240_three80,0,0.0,0.0,False,0.1
SYA,SY,2017,37,33,near_miss,W240_mid_late__N240_three80,0,0.0,0.0,False,0.1
SYA,SY,2017,38,34,near_miss,W240_mid_late__N240_three80,0,0.0,0.0,False,0.1
SYA,SY,2017,39,35,near_miss,W240_mid_late__N240_three80,0,0.0,0.0,False,0.1
SYA,SY,2017,40,36,near_miss,W240_mid_late__N240_three80,0,0.0,0.0,False,0.1
SYA,SY,2017,41,37,near_miss,W240_mid_late__N240_three80,0,0.0,0.0,False,0.1
SYA,SY,2017,42,38,near_miss,W240_mid_late__N240_three80,0,0.0,0.0,False,0.1
SYA,SY,2017,43,39,near_miss,W240_mid_late__N240_three80,0,0.0,0.0,False,0.1
SYA,SY,2017,44,40,near_miss,W240_mid_late__N240_three80,0,0.0,0.0,False,0.1
SYA,SY,2017,45,41,near_miss,W240_mid_late__N240_three80,0,0.0,0.0,False,0.1
SYA,SY,2017,46,42,near_miss,W240_mid_late__N240_three80,0,0.0,0.0,False,0.1
SYA,SY,2017,47,43,near_miss,W240_mid_late__N240_three80,1,0.0,80.0,True,0.5
SYA,SY,2017,48,44,near_miss,W240_mid_late__N240_three80,0,0.0,0.0,False,0.1
SYA,SY,2017,49,45,near_miss,W240_mid_late__N240_three80,6,45.0,0.0,True,0.5
SYA,SY,2017,50,46,near_miss,W240_mid_late__N240_three80,0,0.0,0.0,False,0.1
SYA,SY,2017,51,47,near_miss,W240_mid_late__N240_three80,0,0.0,0.0,False,0.1
SYA,SY,2017,52,48,near_miss,W240_mid_late__N240_three80,0,0.0,0.0,False,0.1
SYA,SY,2017,53,49,near_miss,W240_mid_late__N240_three80,0,0.0,0.0,False,0.1
SYA,SY,2017,54,50,near_miss,W240_mid_late__N240_three80,0,0.0,0.0,False,0.1
SYA,SY,2017,55,51,near_miss,W240_mid_late__N240_three80,0,0.0,0.0,False,0.1
SYA,SY,2017,56,52,near_miss,W240_mid_late__N240_three80,0,0.0,0.0,False,0.1
SYA,SY,2017,57,53,near_miss,W240_mid_late__N240_three80,0,0.0,0.0,False,0.1
SYA,SY,2017,58,54,near_miss,W240_mid_late__N240_three80,0,0.0,0.0,False,0.1
SYA,SY,2017,59,55,near_miss,W240_mid_late__N240_three80,0,0.0,0.0,False,0.1
SYA,SY,2017,60,56,near_miss,W240_mid_late__N240_three80,0,0.0,0.0,False,0.1
SYA,SY,2017,61,57,near_miss,W240_mid_late__N240_three80,0,0.0,0.0,False,0.1
SYA,SY,2017,62,58,near_miss,W240_mid_late__N240_three80,0,0.0,0.0,False,0.1
SYA,SY,2017,63,59,near_miss,W240_mid_late__N240_three80,0,0.0,0.0,False,0.1
SYA,SY,2017,64,60,near_miss,W240_mid_late__N240_three80,6,45.0,0.0,True,0.5
SYA,SY,2017,65,61,near_miss,W240_mid_late__N240_three80,1,0.0,80.0,True,0.5
SYA,SY,2017,66,62,near_miss,W240_mid_late__N240_three80,0,0.0,0.0,False,0.1
SYA,SY,2017,67,63,near_miss,W240_mid_late__N240_three80,0,0.0,0.0,False,0.1
SYA,SY,2017,68,64,near_miss,W240_mid_late__N240_three80,0,0.0,0.0,False,0.1
SYA,SY,2017,69,65,near_miss,W240_mid_late__N240_three80,0,0.0,0.0,False,0.1
SYA,SY,2017,70,66,near_miss,W240_mid_late__N240_three80,0,0.0,0.0,False,0.1
SYA,SY,2017,71,67,near_miss,W240_mid_late__N240_three80,0,0.0,0.0,False,0.1
SYA,SY,2017,72,68,near_miss,W240_mid_late__N240_three80,0,0.0,0.0,False,0.1
SYA,SY,2017,73,69,near_miss,W240_mid_late__N240_three80,0,0.0,0.0,False,0.1
SYA,SY,2017,74,70,near_miss,W240_mid_late__N240_three80,0,0.0,0.0,False,0.1
SYA,SY,2017,75,71,near_miss,W240_mid_late__N240_three80,0,0.0,0.0,False,0.1
SYA,SY,2017,76,72,near_miss,W240_mid_late__N240_three80,0,0.0,0.0,False,0.1
SYA,SY,2017,77,73,near_miss,W240_mid_late__N240_three80,0,0.0,0.0,False,0.1
SYA,SY,2017,78,74,near_miss,W240_mid_late__N240_three80,0,0.0,0.0,False,0.1
SYA,SY,2017,79,75,near_miss,W240_mid_late__N240_three80,3,30.0,0.0,True,0.5
SYA,SY,2017,80,76,near_miss,W240_mid_late__N240_three80,0,0.0,0.0,False,0.1
SYA,SY,2017,81,77,near_miss,W240_mid_late__N240_three80,0,0.0,0.0,False,0.1
SYA,SY,2017,82,78,near_miss,W240_mid_late__N240_three80,0,0.0,0.0,False,0.1
SYA,SY,2017,83,79,near_miss,W240_mid_late__N240_three80,0,0.0,0.0,False,0.1
SYA,SY,2017,84,80,near_miss,W240_mid_late__N240_three80,0,0.0,0.0,False,0.1
SYA,SY,2017,85,81,near_miss,W240_mid_late__N240_three80,0,0.0,0.0,False,0.1
SYA,SY,2017,86,82,near_miss,W240_mid_late__N240_three80,0,0.0,0.0,False,0.1
SYA,SY,2017,87,83,near_miss,W240_mid_late__N240_three80,0,0.0,0.0,False,0.1
SYA,SY,2017,88,84,near_miss,W240_mid_late__N240_three80,0,0.0,0.0,False,0.1
SYA,SY,2017,89,85,near_miss,W240_mid_late__N240_three80,0,0.0,0.0,False,0.1
SYA,SY,2017,90,86,near_miss,W240_mid_late__N240_three80,0,0.0,0.0,False,0.1
SYA,SY,2017,91,87,near_miss,W240_mid_late__N240_three80,0,0.0,0.0,False,0.1
SYA,SY,2017,92,88,near_miss,W240_mid_late__N240_three80,0,0.0,0.0,False,0.1
SYA,SY,2017,93,89,near_miss,W240_mid_late__N240_three80,0,0.0,0.0,False,0.1
SYA,SY,2017,94,90,near_miss,W240_mid_late__N240_three80,0,0.0,0.0,False,0.1
SYA,SY,2017,95,91,near_miss,W240_mid_late__N240_three80,0,0.0,0.0,False,0.1
SYA,SY,2017,96,92,near_miss,W240_mid_late__N240_three80,0,0.0,0.0,False,0.1
SYA,SY,2017,97,93,near_miss,W240_mid_late__N240_three80,0,0.0,0.0,False,0.1
SYA,SY,2017,98,94,near_miss,W240_mid_late__N240_three80,0,0.0,0.0,False,0.1
SYA,SY,2017,99,95,near_miss,W240_mid_late__N240_three80,6,45.0,0.0,True,0.5
SYA,SY,2017,100,96,near_miss,W240_mid_late__N240_three80,0,0.0,0.0,False,0.1
SYA,SY,2017,101,97,near_miss,W240_mid_late__N240_three80,0,0.0,0.0,False,0.1
SYA,SY,2017,102,98,near_miss,W240_mid_late__N240_three80,0,0.0,0.0,False,0.1
SYA,SY,2017,103,99,near_miss,W240_mid_late__N240_three80,0,0.0,0.0,False,0.1
SYA,SY,2017,104,100,near_miss,W240_mid_late__N240_three80,0,0.0,0.0,False,0.1
SYA,SY,2017,105,101,near_miss,W240_mid_late__N240_three80,0,0.0,0.0,False,0.1
SYA,SY,2017,106,102,near_miss,W240_mid_late__N240_three80,0,0.0,0.0,False,0.1
SYA,SY,2017,107,103,near_miss,W240_mid_late__N240_three80,0,0.0,0.0,False,0.1
SYA,SY,2017,108,104,near_miss,W240_mid_late__N240_three80,0,0.0,0.0,False,0.1
SYA,SY,2017,109,105,near_miss,W240_mid_late__N240_three80,0,0.0,0.0,False,0.1
SYA,SY,2017,110,106,near_miss,W240_mid_late__N240_three80,0,0.0,0.0,False,0.1
SYA,SY,2017,111,107,near_miss,W240_mid_late__N240_three80,0,0.0,0.0,False,0.1
SYA,SY,2017,112,108,near_miss,W240_mid_late__N240_three80,0,0.0,0.0,False,0.1
SYA,SY,2017,113,109,near_miss,W240_mid_late__N240_three80,0,0.0,0.0,False,0.1
SYA,SY,2017,114,110,near_miss,W240_mid_late__N240_three80,3,30.0,0.0,True,0.5
SYA,SY,2017,115,111,near_miss,W240_mid_late__N240_three80,0,0.0,0.0,False,0.1
SYA,SY,2017,116,112,near_miss,W240_mid_late__N240_three80,0,0.0,0.0,False,0.1
SYA,SY,2017,117,113,near_miss,W240_mid_late__N240_three80,0,0.0,0.0,False,0.1
SYA,SY,2017,118,114,near_miss,W240_mid_late__N240_three80,0,0.0,0.0,False,0.1
SYA,SY,2017,119,115,near_miss,W240_mid_late__N240_three80,0,0.0,0.0,False,0.1
SYA,SY,2017,120,116,near_miss,W240_mid_late__N240_three80,0,0.0,0.0,False,0.1
SYA,SY,2017,121,117,near_miss,W240_mid_late__N240_three80,0,0.0,0.0,False,0.1
SYA,SY,2017,122,118,near_miss,W240_mid_late__N240_three80,0,0.0,0.0,False,0.1
SYA,SY,2017,123,119,near_miss,W240_mid_late__N240_three80,0,0.0,0.0,False,0.1
SYA,SY,2017,124,120,near_miss,W240_mid_late__N240_three80,0,0.0,0.0,False,0.1
SYA,SY,2017,125,121,near_miss,W240_mid_late__N240_three80,0,0.0,0.0,False,0.1
SYA,SY,2017,126,122,near_miss,W240_mid_late__N240_three80,0,0.0,0.0,False,0.1
SYA,SY,2017,127,123,near_miss,W240_mid_late__N240_three80,0,0.0,0.0,False,0.1
SYA,SY,2017,128,124,near_miss,W240_mid_late__N240_three80,0,0.0,0.0,False,0.1
SYA,SY,2017,129,125,near_miss,W240_mid_late__N240_three80,0,0.0,0.0,False,0.1
SYA,SY,2017,130,126,near_miss,W240_mid_late__N240_three80,0,0.0,0.0,False,0.1
SYA,SY,2017,131,127,near_miss,W240_mid_late__N240_three80,0,0.0,0.0,False,0.1
SYA,SY,2017,132,128,near_miss,W240_mid_late__N240_three80,0,0.0,0.0,False,0.1
SYA,SY,2017,133,129,near_miss,W240_mid_late__N240_three80,0,0.0,0.0,False,0.1
SYA,SY,2017,134,130,near_miss,W240_mid_late__N240_three80,0,0.0,0.0,False,0.1
SYA,SY,2017,135,131,near_miss,W240_mid_late__N240_three80,0,0.0,0.0,False,0.1
SYA,SY,2017,136,132,near_miss,W240_mid_late__N240_three80,0,0.0,0.0,False,0.1
SYA,SY,2017,137,133,near_miss,W240_mid_late__N240_three80,0,0.0,0.0,False,0.1
SYA,SY,2017,138,134,near_miss,W240_mid_late__N240_three80,0,0.0,0.0,False,0.1
SYA,SY,2018,0,0,strong_all3,W240_late_balanced__N200_mid_late,0,0.0,0.0,False,0.2
SYA,SY,2018,1,0,strong_all3,W240_late_balanced__N200_mid_late,0,0.0,0.0,False,0.2
SYA,SY,2018,2,0,strong_all3,W240_late_balanced__N200_mid_late,0,0.0,0.0,False,0.2
SYA,SY,2018,3,0,strong_all3,W240_late_balanced__N200_mid_late,0,0.0,0.0,False,0.2
SYA,SY,2018,4,0,strong_all3,W240_late_balanced__N200_mid_late,0,0.0,0.0,False,0.2
SYA,SY,2018,5,1,strong_all3,W240_late_balanced__N200_mid_late,3,30.0,0.0,True,1.0
SYA,SY,2018,6,2,strong_all3,W240_late_balanced__N200_mid_late,0,0.0,0.0,False,0.2
SYA,SY,2018,7,3,strong_all3,W240_late_balanced__N200_mid_late,0,0.0,0.0,False,0.2
SYA,SY,2018,8,4,strong_all3,W240_late_balanced__N200_mid_late,0,0.0,0.0,False,0.2
SYA,SY,2018,9,5,strong_all3,W240_late_balanced__N200_mid_late,0,0.0,0.0,False,0.2
SYA,SY,2018,10,6,strong_all3,W240_late_balanced__N200_mid_late,0,0.0,0.0,False,0.2
SYA,SY,2018,11,7,strong_all3,W240_late_balanced__N200_mid_late,0,0.0,0.0,False,0.2
SYA,SY,2018,12,8,strong_all3,W240_late_balanced__N200_mid_late,0,0.0,0.0,False,0.2
SYA,SY,2018,13,9,strong_all3,W240_late_balanced__N200_mid_late,0,0.0,0.0,False,0.2
SYA,SY,2018,14,10,strong_all3,W240_late_balanced__N200_mid_late,0,0.0,0.0,False,0.2
SYA,SY,2018,15,11,strong_all3,W240_late_balanced__N200_mid_late,0,0.0,0.0,False,0.2
SYA,SY,2018,16,12,strong_all3,W240_late_balanced__N200_mid_late,0,0.0,0.0,False,0.2
SYA,SY,2018,17,13,strong_all3,W240_late_balanced__N200_mid_late,0,0.0,0.0,False,0.2
SYA,SY,2018,18,14,strong_all3,W240_late_balanced__N200_mid_late,0,0.0,0.0,False,0.2
SYA,SY,2018,19,15,strong_all3,W240_late_balanced__N200_mid_late,0,0.0,0.0,False,0.2
SYA,SY,2018,20,16,strong_all3,W240_late_balanced__N200_mid_late,0,0.0,0.0,False,0.2
SYA,SY,2018,21,17,strong_all3,W240_late_balanced__N200_mid_late,0,0.0,0.0,False,0.2
SYA,SY,2018,22,18,strong_all3,W240_late_balanced__N200_mid_late,0,0.0,0.0,False,0.2
SYA,SY,2018,23,19,strong_all3,W240_late_balanced__N200_mid_late,0,0.0,0.0,False,0.2
SYA,SY,2018,24,20,strong_all3,W240_late_balanced__N200_mid_late,0,0.0,0.0,False,0.2
SYA,SY,2018,25,21,strong_all3,W240_late_balanced__N200_mid_late,0,0.0,0.0,False,0.2
SYA,SY,2018,26,22,strong_all3,W240_late_balanced__N200_mid_late,0,0.0,0.0,False,0.2
SYA,SY,2018,27,23,strong_all3,W240_late_balanced__N200_mid_late,0,0.0,0.0,False,0.2
SYA,SY,2018,28,24,strong_all3,W240_late_balanced__N200_mid_late,0,0.0,0.0,False,0.2
SYA,SY,2018,29,25,strong_all3,W240_late_balanced__N200_mid_late,0,0.0,0.0,False,0.2
SYA,SY,2018,30,26,strong_all3,W240_late_balanced__N200_mid_late,0,0.0,0.0,False,0.2
SYA,SY,2018,31,27,strong_all3,W240_late_balanced__N200_mid_late,0,0.0,0.0,False,0.2
SYA,SY,2018,32,28,strong_all3,W240_late_balanced__N200_mid_late,0,0.0,0.0,False,0.2
SYA,SY,2018,33,29,strong_all3,W240_late_balanced__N200_mid_late,0,0.0,0.0,False,0.2
SYA,SY,2018,34,30,strong_all3,W240_late_balanced__N200_mid_late,6,45.0,0.0,True,1.0
SYA,SY,2018,35,31,strong_all3,W240_late_balanced__N200_mid_late,0,0.0,0.0,False,0.2
SYA,SY,2018,36,32,strong_all3,W240_late_balanced__N200_mid_late,0,0.0,0.0,False,0.2
SYA,SY,2018,37,33,strong_all3,W240_late_balanced__N200_mid_late,0,0.0,0.0,False,0.2
SYA,SY,2018,38,34,strong_all3,W240_late_balanced__N200_mid_late,0,0.0,0.0,False,0.2
SYA,SY,2018,39,35,strong_all3,W240_late_balanced__N200_mid_late,0,0.0,0.0,False,0.2
SYA,SY,2018,40,36,strong_all3,W240_late_balanced__N200_mid_late,0,0.0,0.0,False,0.2
SYA,SY,2018,41,37,strong_all3,W240_late_balanced__N200_mid_late,0,0.0,0.0,False,0.2
SYA,SY,2018,42,38,strong_all3,W240_late_balanced__N200_mid_late,0,0.0,0.0,False,0.2
SYA,SY,2018,43,39,strong_all3,W240_late_balanced__N200_mid_late,0,0.0,0.0,False,0.2
SYA,SY,2018,44,40,strong_all3,W240_late_balanced__N200_mid_late,0,0.0,0.0,False,0.2
SYA,SY,2018,45,41,strong_all3,W240_late_balanced__N200_mid_late,0,0.0,0.0,False,0.2
SYA,SY,2018,46,42,strong_all3,W240_late_balanced__N200_mid_late,0,0.0,0.0,False,0.2
SYA,SY,2018,47,43,strong_all3,W240_late_balanced__N200_mid_late,1,0.0,80.0,True,1.0
SYA,SY,2018,48,44,strong_all3,W240_late_balanced__N200_mid_late,0,0.0,0.0,False,0.2
SYA,SY,2018,49,45,strong_all3,W240_late_balanced__N200_mid_late,0,0.0,0.0,False,0.2
SYA,SY,2018,50,46,strong_all3,W240_late_balanced__N200_mid_late,0,0.0,0.0,False,0.2
SYA,SY,2018,51,47,strong_all3,W240_late_balanced__N200_mid_late,0,0.0,0.0,False,0.2
SYA,SY,2018,52,48,strong_all3,W240_late_balanced__N200_mid_late,0,0.0,0.0,False,0.2
SYA,SY,2018,53,49,strong_all3,W240_late_balanced__N200_mid_late,0,0.0,0.0,False,0.2
SYA,SY,2018,54,50,strong_all3,W240_late_balanced__N200_mid_late,0,0.0,0.0,False,0.2
SYA,SY,2018,55,51,strong_all3,W240_late_balanced__N200_mid_late,0,0.0,0.0,False,0.2
SYA,SY,2018,56,52,strong_all3,W240_late_balanced__N200_mid_late,0,0.0,0.0,False,0.2
SYA,SY,2018,57,53,strong_all3,W240_late_balanced__N200_mid_late,0,0.0,0.0,False,0.2
SYA,SY,2018,58,54,strong_all3,W240_late_balanced__N200_mid_late,0,0.0,0.0,False,0.2
SYA,SY,2018,59,55,strong_all3,W240_late_balanced__N200_mid_late,0,0.0,0.0,False,0.2
SYA,SY,2018,60,56,strong_all3,W240_late_balanced__N200_mid_late,0,0.0,0.0,False,0.2
SYA,SY,2018,61,57,strong_all3,W240_late_balanced__N200_mid_late,0,0.0,0.0,False,0.2
SYA,SY,2018,62,58,strong_all3,W240_late_balanced__N200_mid_late,0,0.0,0.0,False,0.2
SYA,SY,2018,63,59,strong_all3,W240_late_balanced__N200_mid_late,0,0.0,0.0,False,0.2
SYA,SY,2018,64,60,strong_all3,W240_late_balanced__N200_mid_late,6,45.0,0.0,True,1.0
SYA,SY,2018,65,61,strong_all3,W240_late_balanced__N200_mid_late,2,0.0,120.0,True,1.0
SYA,SY,2018,66,62,strong_all3,W240_late_balanced__N200_mid_late,0,0.0,0.0,False,0.2
SYA,SY,2018,67,63,strong_all3,W240_late_balanced__N200_mid_late,0,0.0,0.0,False,0.2
SYA,SY,2018,68,64,strong_all3,W240_late_balanced__N200_mid_late,0,0.0,0.0,False,0.2
SYA,SY,2018,69,65,strong_all3,W240_late_balanced__N200_mid_late,0,0.0,0.0,False,0.2
SYA,SY,2018,70,66,strong_all3,W240_late_balanced__N200_mid_late,0,0.0,0.0,False,0.2
SYA,SY,2018,71,67,strong_all3,W240_late_balanced__N200_mid_late,0,0.0,0.0,False,0.2
SYA,SY,2018,72,68,strong_all3,W240_late_balanced__N200_mid_late,0,0.0,0.0,False,0.2
SYA,SY,2018,73,69,strong_all3,W240_late_balanced__N200_mid_late,0,0.0,0.0,False,0.2
SYA,SY,2018,74,70,strong_all3,W240_late_balanced__N200_mid_late,0,0.0,0.0,False,0.2
SYA,SY,2018,75,71,strong_all3,W240_late_balanced__N200_mid_late,0,0.0,0.0,False,0.2
SYA,SY,2018,76,72,strong_all3,W240_late_balanced__N200_mid_late,0,0.0,0.0,False,0.2
SYA,SY,2018,77,73,strong_all3,W240_late_balanced__N200_mid_late,0,0.0,0.0,False,0.2
SYA,SY,2018,78,74,strong_all3,W240_late_balanced__N200_mid_late,0,0.0,0.0,False,0.2
SYA,SY,2018,79,75,strong_all3,W240_late_balanced__N200_mid_late,0,0.0,0.0,False,0.2
SYA,SY,2018,80,76,strong_all3,W240_late_balanced__N200_mid_late,0,0.0,0.0,False,0.2
SYA,SY,2018,81,77,strong_all3,W240_late_balanced__N200_mid_late,0,0.0,0.0,False,0.2
SYA,SY,2018,82,78,strong_all3,W240_late_balanced__N200_mid_late,0,0.0,0.0,False,0.2
SYA,SY,2018,83,79,strong_all3,W240_late_balanced__N200_mid_late,0,0.0,0.0,False,0.2
SYA,SY,2018,84,80,strong_all3,W240_late_balanced__N200_mid_late,0,0.0,0.0,False,0.2
SYA,SY,2018,85,81,strong_all3,W240_late_balanced__N200_mid_late,0,0.0,0.0,False,0.2
SYA,SY,2018,86,82,strong_all3,W240_late_balanced__N200_mid_late,0,0.0,0.0,False,0.2
SYA,SY,2018,87,83,strong_all3,W240_late_balanced__N200_mid_late,0,0.0,0.0,False,0.2
SYA,SY,2018,88,84,strong_all3,W240_late_balanced__N200_mid_late,0,0.0,0.0,False,0.2
SYA,SY,2018,89,85,strong_all3,W240_late_balanced__N200_mid_late,0,0.0,0.0,False,0.2
SYA,SY,2018,90,86,strong_all3,W240_late_balanced__N200_mid_late,0,0.0,0.0,False,0.2
SYA,SY,2018,91,87,strong_all3,W240_late_balanced__N200_mid_late,0,0.0,0.0,False,0.2
SYA,SY,2018,92,88,strong_all3,W240_late_balanced__N200_mid_late,0,0.0,0.0,False,0.2
SYA,SY,2018,93,89,strong_all3,W240_late_balanced__N200_mid_late,0,0.0,0.0,False,0.2
SYA,SY,2018,94,90,strong_all3,W240_late_balanced__N200_mid_late,6,45.0,0.0,True,1.0
SYA,SY,2018,95,91,strong_all3,W240_late_balanced__N200_mid_late,0,0.0,0.0,False,0.2
SYA,SY,2018,96,92,strong_all3,W240_late_balanced__N200_mid_late,0,0.0,0.0,False,0.2
SYA,SY,2018,97,93,strong_all3,W240_late_balanced__N200_mid_late,0,0.0,0.0,False,0.2
SYA,SY,2018,98,94,strong_all3,W240_late_balanced__N200_mid_late,0,0.0,0.0,False,0.2
SYA,SY,2018,99,95,strong_all3,W240_late_balanced__N200_mid_late,0,0.0,0.0,False,0.2
SYA,SY,2018,100,96,strong_all3,W240_late_balanced__N200_mid_late,0,0.0,0.0,False,0.2
SYA,SY,2018,101,97,strong_all3,W240_late_balanced__N200_mid_late,0,0.0,0.0,False,0.2
SYA,SY,2018,102,98,strong_all3,W240_late_balanced__N200_mid_late,0,0.0,0.0,False,0.2
SYA,SY,2018,103,99,strong_all3,W240_late_balanced__N200_mid_late,0,0.0,0.0,False,0.2
SYA,SY,2018,104,100,strong_all3,W240_late_balanced__N200_mid_late,0,0.0,0.0,False,0.2
SYA,SY,2018,105,101,strong_all3,W240_late_balanced__N200_mid_late,0,0.0,0.0,False,0.2
SYA,SY,2018,106,102,strong_all3,W240_late_balanced__N200_mid_late,0,0.0,0.0,False,0.2
SYA,SY,2018,107,103,strong_all3,W240_late_balanced__N200_mid_late,0,0.0,0.0,False,0.2
SYA,SY,2018,108,104,strong_all3,W240_late_balanced__N200_mid_late,0,0.0,0.0,False,0.2
SYA,SY,2018,109,105,strong_all3,W240_late_balanced__N200_mid_late,6,45.0,0.0,True,1.0
SYA,SY,2018,110,106,strong_all3,W240_late_balanced__N200_mid_late,0,0.0,0.0,False,0.2
SYA,SY,2018,111,107,strong_all3,W240_late_balanced__N200_mid_late,0,0.0,0.0,False,0.2
SYA,SY,2018,112,108,strong_all3,W240_late_balanced__N200_mid_late,0,0.0,0.0,False,0.2
SYA,SY,2018,113,109,strong_all3,W240_late_balanced__N200_mid_late,0,0.0,0.0,False,0.2
SYA,SY,2018,114,110,strong_all3,W240_late_balanced__N200_mid_late,0,0.0,0.0,False,0.2
SYA,SY,2018,115,111,strong_all3,W240_late_balanced__N200_mid_late,0,0.0,0.0,False,0.2
SYA,SY,2018,116,112,strong_all3,W240_late_balanced__N200_mid_late,0,0.0,0.0,False,0.2
SYA,SY,2018,117,113,strong_all3,W240_late_balanced__N200_mid_late,0,0.0,0.0,False,0.2
SYA,SY,2018,118,114,strong_all3,W240_late_balanced__N200_mid_late,0,0.0,0.0,False,0.2
SYA,SY,2018,119,115,strong_all3,W240_late_balanced__N200_mid_late,0,0.0,0.0,False,0.2
SYA,SY,2018,120,116,strong_all3,W240_late_balanced__N200_mid_late,0,0.0,0.0,False,0.2
SYA,SY,2018,121,117,strong_all3,W240_late_balanced__N200_mid_late,0,0.0,0.0,False,0.2
SYA,SY,2018,122,118,strong_all3,W240_late_balanced__N200_mid_late,0,0.0,0.0,False,0.2
SYA,SY,2018,123,119,strong_all3,W240_late_balanced__N200_mid_late,0,0.0,0.0,False,0.2
SYA,SY,2018,124,120,strong_all3,W240_late_balanced__N200_mid_late,3,30.0,0.0,True,1.0
SYA,SY,2018,125,121,strong_all3,W240_late_balanced__N200_mid_late,0,0.0,0.0,False,0.2
SYA,SY,2018,126,122,strong_all3,W240_late_balanced__N200_mid_late,0,0.0,0.0,False,0.2
SYA,SY,2018,127,123,strong_all3,W240_late_balanced__N200_mid_late,0,0.0,0.0,False,0.2
SYA,SY,2018,128,124,strong_all3,W240_late_balanced__N200_mid_late,0,0.0,0.0,False,0.2
SYA,SY,2019,0,0,near_miss,W225_ppo_like__N240_three80,0,0.0,0.0,False,0.1
SYA,SY,2019,1,0,near_miss,W225_ppo_like__N240_three80,0,0.0,0.0,False,0.1
SYA,SY,2019,2,0,near_miss,W225_ppo_like__N240_three80,0,0.0,0.0,False,0.1
SYA,SY,2019,3,0,near_miss,W225_ppo_like__N240_three80,0,0.0,0.0,False,0.1
SYA,SY,2019,4,0,near_miss,W225_ppo_like__N240_three80,0,0.0,0.0,False,0.1
SYA,SY,2019,5,1,near_miss,W225_ppo_like__N240_three80,7,45.0,80.0,True,0.5
SYA,SY,2019,6,2,near_miss,W225_ppo_like__N240_three80,0,0.0,0.0,False,0.1
SYA,SY,2019,7,3,near_miss,W225_ppo_like__N240_three80,0,0.0,0.0,False,0.1
SYA,SY,2019,8,4,near_miss,W225_ppo_like__N240_three80,0,0.0,0.0,False,0.1
SYA,SY,2019,9,5,near_miss,W225_ppo_like__N240_three80,0,0.0,0.0,False,0.1
SYA,SY,2019,10,6,near_miss,W225_ppo_like__N240_three80,0,0.0,0.0,False,0.1
SYA,SY,2019,11,7,near_miss,W225_ppo_like__N240_three80,0,0.0,0.0,False,0.1
SYA,SY,2019,12,8,near_miss,W225_ppo_like__N240_three80,3,30.0,0.0,True,0.5
SYA,SY,2019,13,9,near_miss,W225_ppo_like__N240_three80,0,0.0,0.0,False,0.1
SYA,SY,2019,14,10,near_miss,W225_ppo_like__N240_three80,0,0.0,0.0,False,0.1
SYA,SY,2019,15,11,near_miss,W225_ppo_like__N240_three80,0,0.0,0.0,False,0.1
SYA,SY,2019,16,12,near_miss,W225_ppo_like__N240_three80,0,0.0,0.0,False,0.1
SYA,SY,2019,17,13,near_miss,W225_ppo_like__N240_three80,0,0.0,0.0,False,0.1
SYA,SY,2019,18,14,near_miss,W225_ppo_like__N240_three80,0,0.0,0.0,False,0.1
SYA,SY,2019,19,15,near_miss,W225_ppo_like__N240_three80,0,0.0,0.0,False,0.1
SYA,SY,2019,20,16,near_miss,W225_ppo_like__N240_three80,0,0.0,0.0,False,0.1
SYA,SY,2019,21,17,near_miss,W225_ppo_like__N240_three80,0,0.0,0.0,False,0.1
SYA,SY,2019,22,18,near_miss,W225_ppo_like__N240_three80,0,0.0,0.0,False,0.1
SYA,SY,2019,23,19,near_miss,W225_ppo_like__N240_three80,0,0.0,0.0,False,0.1
SYA,SY,2019,24,20,near_miss,W225_ppo_like__N240_three80,0,0.0,0.0,False,0.1
SYA,SY,2019,25,21,near_miss,W225_ppo_like__N240_three80,0,0.0,0.0,False,0.1
SYA,SY,2019,26,22,near_miss,W225_ppo_like__N240_three80,0,0.0,0.0,False,0.1
SYA,SY,2019,27,23,near_miss,W225_ppo_like__N240_three80,0,0.0,0.0,False,0.1
SYA,SY,2019,28,24,near_miss,W225_ppo_like__N240_three80,0,0.0,0.0,False,0.1
SYA,SY,2019,29,25,near_miss,W225_ppo_like__N240_three80,0,0.0,0.0,False,0.1
SYA,SY,2019,30,26,near_miss,W225_ppo_like__N240_three80,0,0.0,0.0,False,0.1
SYA,SY,2019,31,27,near_miss,W225_ppo_like__N240_three80,0,0.0,0.0,False,0.1
SYA,SY,2019,32,28,near_miss,W225_ppo_like__N240_three80,0,0.0,0.0,False,0.1
SYA,SY,2019,33,29,near_miss,W225_ppo_like__N240_three80,0,0.0,0.0,False,0.1
SYA,SY,2019,34,30,near_miss,W225_ppo_like__N240_three80,0,0.0,0.0,False,0.1
SYA,SY,2019,35,31,near_miss,W225_ppo_like__N240_three80,6,45.0,0.0,True,0.5
SYA,SY,2019,36,32,near_miss,W225_ppo_like__N240_three80,0,0.0,0.0,False,0.1
SYA,SY,2019,37,33,near_miss,W225_ppo_like__N240_three80,0,0.0,0.0,False,0.1
SYA,SY,2019,38,34,near_miss,W225_ppo_like__N240_three80,0,0.0,0.0,False,0.1
SYA,SY,2019,39,35,near_miss,W225_ppo_like__N240_three80,0,0.0,0.0,False,0.1
SYA,SY,2019,40,36,near_miss,W225_ppo_like__N240_three80,0,0.0,0.0,False,0.1
SYA,SY,2019,41,37,near_miss,W225_ppo_like__N240_three80,0,0.0,0.0,False,0.1
SYA,SY,2019,42,38,near_miss,W225_ppo_like__N240_three80,3,30.0,0.0,True,0.5
SYA,SY,2019,43,39,near_miss,W225_ppo_like__N240_three80,0,0.0,0.0,False,0.1
SYA,SY,2019,44,40,near_miss,W225_ppo_like__N240_three80,0,0.0,0.0,False,0.1
SYA,SY,2019,45,41,near_miss,W225_ppo_like__N240_three80,0,0.0,0.0,False,0.1
SYA,SY,2019,46,42,near_miss,W225_ppo_like__N240_three80,0,0.0,0.0,False,0.1
SYA,SY,2019,47,43,near_miss,W225_ppo_like__N240_three80,1,0.0,80.0,True,0.5
SYA,SY,2019,48,44,near_miss,W225_ppo_like__N240_three80,0,0.0,0.0,False,0.1
SYA,SY,2019,49,45,near_miss,W225_ppo_like__N240_three80,0,0.0,0.0,False,0.1
SYA,SY,2019,50,46,near_miss,W225_ppo_like__N240_three80,0,0.0,0.0,False,0.1
SYA,SY,2019,51,47,near_miss,W225_ppo_like__N240_three80,0,0.0,0.0,False,0.1
SYA,SY,2019,52,48,near_miss,W225_ppo_like__N240_three80,0,0.0,0.0,False,0.1
SYA,SY,2019,53,49,near_miss,W225_ppo_like__N240_three80,0,0.0,0.0,False,0.1
SYA,SY,2019,54,50,near_miss,W225_ppo_like__N240_three80,0,0.0,0.0,False,0.1
SYA,SY,2019,55,51,near_miss,W225_ppo_like__N240_three80,0,0.0,0.0,False,0.1
SYA,SY,2019,56,52,near_miss,W225_ppo_like__N240_three80,0,0.0,0.0,False,0.1
SYA,SY,2019,57,53,near_miss,W225_ppo_like__N240_three80,0,0.0,0.0,False,0.1
SYA,SY,2019,58,54,near_miss,W225_ppo_like__N240_three80,0,0.0,0.0,False,0.1
SYA,SY,2019,59,55,near_miss,W225_ppo_like__N240_three80,0,0.0,0.0,False,0.1
SYA,SY,2019,60,56,near_miss,W225_ppo_like__N240_three80,0,0.0,0.0,False,0.1
SYA,SY,2019,61,57,near_miss,W225_ppo_like__N240_three80,0,0.0,0.0,False,0.1
SYA,SY,2019,62,58,near_miss,W225_ppo_like__N240_three80,0,0.0,0.0,False,0.1
SYA,SY,2019,63,59,near_miss,W225_ppo_like__N240_three80,0,0.0,0.0,False,0.1
SYA,SY,2019,64,60,near_miss,W225_ppo_like__N240_three80,0,0.0,0.0,False,0.1
SYA,SY,2019,65,61,near_miss,W225_ppo_like__N240_three80,7,45.0,80.0,True,0.5
SYA,SY,2019,66,62,near_miss,W225_ppo_like__N240_three80,0,0.0,0.0,False,0.1
SYA,SY,2019,67,63,near_miss,W225_ppo_like__N240_three80,0,0.0,0.0,False,0.1
SYA,SY,2019,68,64,near_miss,W225_ppo_like__N240_three80,0,0.0,0.0,False,0.1
SYA,SY,2019,69,65,near_miss,W225_ppo_like__N240_three80,0,0.0,0.0,False,0.1
SYA,SY,2019,70,66,near_miss,W225_ppo_like__N240_three80,0,0.0,0.0,False,0.1
SYA,SY,2019,71,67,near_miss,W225_ppo_like__N240_three80,0,0.0,0.0,False,0.1
SYA,SY,2019,72,68,near_miss,W225_ppo_like__N240_three80,0,0.0,0.0,False,0.1
SYA,SY,2019,73,69,near_miss,W225_ppo_like__N240_three80,0,0.0,0.0,False,0.1
SYA,SY,2019,74,70,near_miss,W225_ppo_like__N240_three80,0,0.0,0.0,False,0.1
SYA,SY,2019,75,71,near_miss,W225_ppo_like__N240_three80,0,0.0,0.0,False,0.1
SYA,SY,2019,76,72,near_miss,W225_ppo_like__N240_three80,0,0.0,0.0,False,0.1
SYA,SY,2019,77,73,near_miss,W225_ppo_like__N240_three80,0,0.0,0.0,False,0.1
SYA,SY,2019,78,74,near_miss,W225_ppo_like__N240_three80,0,0.0,0.0,False,0.1
SYA,SY,2019,79,75,near_miss,W225_ppo_like__N240_three80,0,0.0,0.0,False,0.1
SYA,SY,2019,80,76,near_miss,W225_ppo_like__N240_three80,0,0.0,0.0,False,0.1
SYA,SY,2019,81,77,near_miss,W225_ppo_like__N240_three80,0,0.0,0.0,False,0.1
SYA,SY,2019,82,78,near_miss,W225_ppo_like__N240_three80,0,0.0,0.0,False,0.1
SYA,SY,2019,83,79,near_miss,W225_ppo_like__N240_three80,0,0.0,0.0,False,0.1
SYA,SY,2019,84,80,near_miss,W225_ppo_like__N240_three80,0,0.0,0.0,False,0.1
SYA,SY,2019,85,81,near_miss,W225_ppo_like__N240_three80,0,0.0,0.0,False,0.1
SYA,SY,2019,86,82,near_miss,W225_ppo_like__N240_three80,0,0.0,0.0,False,0.1
SYA,SY,2019,87,83,near_miss,W225_ppo_like__N240_three80,0,0.0,0.0,False,0.1
SYA,SY,2019,88,84,near_miss,W225_ppo_like__N240_three80,0,0.0,0.0,False,0.1
SYA,SY,2019,89,85,near_miss,W225_ppo_like__N240_three80,0,0.0,0.0,False,0.1
SYA,SY,2019,90,86,near_miss,W225_ppo_like__N240_three80,0,0.0,0.0,False,0.1
SYA,SY,2019,91,87,near_miss,W225_ppo_like__N240_three80,0,0.0,0.0,False,0.1
SYA,SY,2019,92,88,near_miss,W225_ppo_like__N240_three80,0,0.0,0.0,False,0.1
SYA,SY,2019,93,89,near_miss,W225_ppo_like__N240_three80,0,0.0,0.0,False,0.1
SYA,SY,2019,94,90,near_miss,W225_ppo_like__N240_three80,0,0.0,0.0,False,0.1
SYA,SY,2019,95,91,near_miss,W225_ppo_like__N240_three80,3,30.0,0.0,True,0.5
SYA,SY,2019,96,92,near_miss,W225_ppo_like__N240_three80,0,0.0,0.0,False,0.1
SYA,SY,2019,97,93,near_miss,W225_ppo_like__N240_three80,0,0.0,0.0,False,0.1
SYA,SY,2019,98,94,near_miss,W225_ppo_like__N240_three80,0,0.0,0.0,False,0.1
SYA,SY,2019,99,95,near_miss,W225_ppo_like__N240_three80,0,0.0,0.0,False,0.1
SYA,SY,2019,100,96,near_miss,W225_ppo_like__N240_three80,0,0.0,0.0,False,0.1
SYA,SY,2019,101,97,near_miss,W225_ppo_like__N240_three80,0,0.0,0.0,False,0.1
SYA,SY,2019,102,98,near_miss,W225_ppo_like__N240_three80,0,0.0,0.0,False,0.1
SYA,SY,2019,103,99,near_miss,W225_ppo_like__N240_three80,0,0.0,0.0,False,0.1
SYA,SY,2019,104,100,near_miss,W225_ppo_like__N240_three80,0,0.0,0.0,False,0.1
SYA,SY,2019,105,101,near_miss,W225_ppo_like__N240_three80,0,0.0,0.0,False,0.1
SYA,SY,2019,106,102,near_miss,W225_ppo_like__N240_three80,0,0.0,0.0,False,0.1
SYA,SY,2019,107,103,near_miss,W225_ppo_like__N240_three80,0,0.0,0.0,False,0.1
SYA,SY,2019,108,104,near_miss,W225_ppo_like__N240_three80,0,0.0,0.0,False,0.1
SYA,SY,2019,109,105,near_miss,W225_ppo_like__N240_three80,0,0.0,0.0,False,0.1
SYA,SY,2019,110,106,near_miss,W225_ppo_like__N240_three80,0,0.0,0.0,False,0.1
SYA,SY,2019,111,107,near_miss,W225_ppo_like__N240_three80,0,0.0,0.0,False,0.1
SYA,SY,2019,112,108,near_miss,W225_ppo_like__N240_three80,0,0.0,0.0,False,0.1
SYA,SY,2019,113,109,near_miss,W225_ppo_like__N240_three80,0,0.0,0.0,False,0.1
SYA,SY,2019,114,110,near_miss,W225_ppo_like__N240_three80,0,0.0,0.0,False,0.1
SYA,SY,2019,115,111,near_miss,W225_ppo_like__N240_three80,0,0.0,0.0,False,0.1
SYA,SY,2019,116,112,near_miss,W225_ppo_like__N240_three80,0,0.0,0.0,False,0.1
SYA,SY,2019,117,113,near_miss,W225_ppo_like__N240_three80,0,0.0,0.0,False,0.1
SYA,SY,2019,118,114,near_miss,W225_ppo_like__N240_three80,0,0.0,0.0,False,0.1
SYA,SY,2019,119,115,near_miss,W225_ppo_like__N240_three80,0,0.0,0.0,False,0.1
SYA,SY,2019,120,116,near_miss,W225_ppo_like__N240_three80,0,0.0,0.0,False,0.1
SYA,SY,2019,121,117,near_miss,W225_ppo_like__N240_three80,0,0.0,0.0,False,0.1
SYA,SY,2019,122,118,near_miss,W225_ppo_like__N240_three80,0,0.0,0.0,False,0.1
SYA,SY,2019,123,119,near_miss,W225_ppo_like__N240_three80,0,0.0,0.0,False,0.1
SYA,SY,2019,124,120,near_miss,W225_ppo_like__N240_three80,0,0.0,0.0,False,0.1
SYA,SY,2019,125,121,near_miss,W225_ppo_like__N240_three80,0,0.0,0.0,False,0.1
SYA,SY,2019,126,122,near_miss,W225_ppo_like__N240_three80,0,0.0,0.0,False,0.1
SYA,SY,2019,127,123,near_miss,W225_ppo_like__N240_three80,0,0.0,0.0,False,0.1
SYA,SY,2019,128,124,near_miss,W225_ppo_like__N240_three80,0,0.0,0.0,False,0.1
SYA,SY,2019,129,125,near_miss,W225_ppo_like__N240_three80,0,0.0,0.0,False,0.1
SYA,SY,2019,130,126,near_miss,W225_ppo_like__N240_three80,0,0.0,0.0,False,0.1
SYA,SY,2019,131,127,near_miss,W225_ppo_like__N240_three80,0,0.0,0.0,False,0.1
SYA,SY,2019,132,128,near_miss,W225_ppo_like__N240_three80,0,0.0,0.0,False,0.1
SYA,SY,2019,133,129,near_miss,W225_ppo_like__N240_three80,0,0.0,0.0,False,0.1
SYA,SY,2019,134,130,near_miss,W225_ppo_like__N240_three80,0,0.0,0.0,False,0.1
SYA,SY,2019,135,131,near_miss,W225_ppo_like__N240_three80,0,0.0,0.0,False,0.1
SYA,SY,2019,136,132,near_miss,W225_ppo_like__N240_three80,0,0.0,0.0,False,0.1
SYA,SY,2019,137,133,near_miss,W225_ppo_like__N240_three80,0,0.0,0.0,False,0.1
SYA,SY,2019,138,134,near_miss,W225_ppo_like__N240_three80,0,0.0,0.0,False,0.1
SYA,SY,2019,139,135,near_miss,W225_ppo_like__N240_three80,0,0.0,0.0,False,0.1
SYA,SY,2020,0,0,strong_all3,W240_mid_late__N200_mid_late,0,0.0,0.0,False,0.2
SYA,SY,2020,1,0,strong_all3,W240_mid_late__N200_mid_late,0,0.0,0.0,False,0.2
SYA,SY,2020,2,0,strong_all3,W240_mid_late__N200_mid_late,0,0.0,0.0,False,0.2
SYA,SY,2020,3,0,strong_all3,W240_mid_late__N200_mid_late,0,0.0,0.0,False,0.2
SYA,SY,2020,4,0,strong_all3,W240_mid_late__N200_mid_late,0,0.0,0.0,False,0.2
SYA,SY,2020,5,1,strong_all3,W240_mid_late__N200_mid_late,0,0.0,0.0,False,0.2
SYA,SY,2020,6,2,strong_all3,W240_mid_late__N200_mid_late,0,0.0,0.0,False,0.2
SYA,SY,2020,7,3,strong_all3,W240_mid_late__N200_mid_late,0,0.0,0.0,False,0.2
SYA,SY,2020,8,4,strong_all3,W240_mid_late__N200_mid_late,0,0.0,0.0,False,0.2
SYA,SY,2020,9,5,strong_all3,W240_mid_late__N200_mid_late,0,0.0,0.0,False,0.2
SYA,SY,2020,10,6,strong_all3,W240_mid_late__N200_mid_late,0,0.0,0.0,False,0.2
SYA,SY,2020,11,7,strong_all3,W240_mid_late__N200_mid_late,0,0.0,0.0,False,0.2
SYA,SY,2020,12,8,strong_all3,W240_mid_late__N200_mid_late,0,0.0,0.0,False,0.2
SYA,SY,2020,13,9,strong_all3,W240_mid_late__N200_mid_late,0,0.0,0.0,False,0.2
SYA,SY,2020,14,10,strong_all3,W240_mid_late__N200_mid_late,0,0.0,0.0,False,0.2
SYA,SY,2020,15,11,strong_all3,W240_mid_late__N200_mid_late,0,0.0,0.0,False,0.2
SYA,SY,2020,16,12,strong_all3,W240_mid_late__N200_mid_late,0,0.0,0.0,False,0.2
SYA,SY,2020,17,13,strong_all3,W240_mid_late__N200_mid_late,0,0.0,0.0,False,0.2
SYA,SY,2020,18,14,strong_all3,W240_mid_late__N200_mid_late,0,0.0,0.0,False,0.2
SYA,SY,2020,19,15,strong_all3,W240_mid_late__N200_mid_late,0,0.0,0.0,False,0.2
SYA,SY,2020,20,16,strong_all3,W240_mid_late__N200_mid_late,0,0.0,0.0,False,0.2
SYA,SY,2020,21,17,strong_all3,W240_mid_late__N200_mid_late,0,0.0,0.0,False,0.2
SYA,SY,2020,22,18,strong_all3,W240_mid_late__N200_mid_late,0,0.0,0.0,False,0.2
SYA,SY,2020,23,19,strong_all3,W240_mid_late__N200_mid_late,0,0.0,0.0,False,0.2
SYA,SY,2020,24,20,strong_all3,W240_mid_late__N200_mid_late,0,0.0,0.0,False,0.2
SYA,SY,2020,25,21,strong_all3,W240_mid_late__N200_mid_late,0,0.0,0.0,False,0.2
SYA,SY,2020,26,22,strong_all3,W240_mid_late__N200_mid_late,0,0.0,0.0,False,0.2
SYA,SY,2020,27,23,strong_all3,W240_mid_late__N200_mid_late,0,0.0,0.0,False,0.2
SYA,SY,2020,28,24,strong_all3,W240_mid_late__N200_mid_late,0,0.0,0.0,False,0.2
SYA,SY,2020,29,25,strong_all3,W240_mid_late__N200_mid_late,0,0.0,0.0,False,0.2
SYA,SY,2020,30,26,strong_all3,W240_mid_late__N200_mid_late,0,0.0,0.0,False,0.2
SYA,SY,2020,31,27,strong_all3,W240_mid_late__N200_mid_late,0,0.0,0.0,False,0.2
SYA,SY,2020,32,28,strong_all3,W240_mid_late__N200_mid_late,0,0.0,0.0,False,0.2
SYA,SY,2020,33,29,strong_all3,W240_mid_late__N200_mid_late,0,0.0,0.0,False,0.2
SYA,SY,2020,34,30,strong_all3,W240_mid_late__N200_mid_late,6,45.0,0.0,True,1.0
SYA,SY,2020,35,31,strong_all3,W240_mid_late__N200_mid_late,0,0.0,0.0,False,0.2
SYA,SY,2020,36,32,strong_all3,W240_mid_late__N200_mid_late,0,0.0,0.0,False,0.2
SYA,SY,2020,37,33,strong_all3,W240_mid_late__N200_mid_late,0,0.0,0.0,False,0.2
SYA,SY,2020,38,34,strong_all3,W240_mid_late__N200_mid_late,0,0.0,0.0,False,0.2
SYA,SY,2020,39,35,strong_all3,W240_mid_late__N200_mid_late,0,0.0,0.0,False,0.2
SYA,SY,2020,40,36,strong_all3,W240_mid_late__N200_mid_late,0,0.0,0.0,False,0.2
SYA,SY,2020,41,37,strong_all3,W240_mid_late__N200_mid_late,0,0.0,0.0,False,0.2
SYA,SY,2020,42,38,strong_all3,W240_mid_late__N200_mid_late,0,0.0,0.0,False,0.2
SYA,SY,2020,43,39,strong_all3,W240_mid_late__N200_mid_late,0,0.0,0.0,False,0.2
SYA,SY,2020,44,40,strong_all3,W240_mid_late__N200_mid_late,0,0.0,0.0,False,0.2
SYA,SY,2020,45,41,strong_all3,W240_mid_late__N200_mid_late,0,0.0,0.0,False,0.2
SYA,SY,2020,46,42,strong_all3,W240_mid_late__N200_mid_late,0,0.0,0.0,False,0.2
SYA,SY,2020,47,43,strong_all3,W240_mid_late__N200_mid_late,1,0.0,80.0,True,1.0
SYA,SY,2020,48,44,strong_all3,W240_mid_late__N200_mid_late,0,0.0,0.0,False,0.2
SYA,SY,2020,49,45,strong_all3,W240_mid_late__N200_mid_late,6,45.0,0.0,True,1.0
SYA,SY,2020,50,46,strong_all3,W240_mid_late__N200_mid_late,0,0.0,0.0,False,0.2
SYA,SY,2020,51,47,strong_all3,W240_mid_late__N200_mid_late,0,0.0,0.0,False,0.2
SYA,SY,2020,52,48,strong_all3,W240_mid_late__N200_mid_late,0,0.0,0.0,False,0.2
SYA,SY,2020,53,49,strong_all3,W240_mid_late__N200_mid_late,0,0.0,0.0,False,0.2
SYA,SY,2020,54,50,strong_all3,W240_mid_late__N200_mid_late,0,0.0,0.0,False,0.2
SYA,SY,2020,55,51,strong_all3,W240_mid_late__N200_mid_late,0,0.0,0.0,False,0.2
SYA,SY,2020,56,52,strong_all3,W240_mid_late__N200_mid_late,0,0.0,0.0,False,0.2
SYA,SY,2020,57,53,strong_all3,W240_mid_late__N200_mid_late,0,0.0,0.0,False,0.2
SYA,SY,2020,58,54,strong_all3,W240_mid_late__N200_mid_late,0,0.0,0.0,False,0.2
SYA,SY,2020,59,55,strong_all3,W240_mid_late__N200_mid_late,0,0.0,0.0,False,0.2
SYA,SY,2020,60,56,strong_all3,W240_mid_late__N200_mid_late,0,0.0,0.0,False,0.2
SYA,SY,2020,61,57,strong_all3,W240_mid_late__N200_mid_late,0,0.0,0.0,False,0.2
SYA,SY,2020,62,58,strong_all3,W240_mid_late__N200_mid_late,0,0.0,0.0,False,0.2
SYA,SY,2020,63,59,strong_all3,W240_mid_late__N200_mid_late,0,0.0,0.0,False,0.2
SYA,SY,2020,64,60,strong_all3,W240_mid_late__N200_mid_late,6,45.0,0.0,True,1.0
SYA,SY,2020,65,61,strong_all3,W240_mid_late__N200_mid_late,2,0.0,120.0,True,1.0
SYA,SY,2020,66,62,strong_all3,W240_mid_late__N200_mid_late,0,0.0,0.0,False,0.2
SYA,SY,2020,67,63,strong_all3,W240_mid_late__N200_mid_late,0,0.0,0.0,False,0.2
SYA,SY,2020,68,64,strong_all3,W240_mid_late__N200_mid_late,0,0.0,0.0,False,0.2
SYA,SY,2020,69,65,strong_all3,W240_mid_late__N200_mid_late,0,0.0,0.0,False,0.2
SYA,SY,2020,70,66,strong_all3,W240_mid_late__N200_mid_late,0,0.0,0.0,False,0.2
SYA,SY,2020,71,67,strong_all3,W240_mid_late__N200_mid_late,0,0.0,0.0,False,0.2
SYA,SY,2020,72,68,strong_all3,W240_mid_late__N200_mid_late,0,0.0,0.0,False,0.2
SYA,SY,2020,73,69,strong_all3,W240_mid_late__N200_mid_late,0,0.0,0.0,False,0.2
SYA,SY,2020,74,70,strong_all3,W240_mid_late__N200_mid_late,0,0.0,0.0,False,0.2
SYA,SY,2020,75,71,strong_all3,W240_mid_late__N200_mid_late,0,0.0,0.0,False,0.2
SYA,SY,2020,76,72,strong_all3,W240_mid_late__N200_mid_late,0,0.0,0.0,False,0.2
SYA,SY,2020,77,73,strong_all3,W240_mid_late__N200_mid_late,0,0.0,0.0,False,0.2
SYA,SY,2020,78,74,strong_all3,W240_mid_late__N200_mid_late,0,0.0,0.0,False,0.2
SYA,SY,2020,79,75,strong_all3,W240_mid_late__N200_mid_late,3,30.0,0.0,True,1.0
SYA,SY,2020,80,76,strong_all3,W240_mid_late__N200_mid_late,0,0.0,0.0,False,0.2
SYA,SY,2020,81,77,strong_all3,W240_mid_late__N200_mid_late,0,0.0,0.0,False,0.2
SYA,SY,2020,82,78,strong_all3,W240_mid_late__N200_mid_late,0,0.0,0.0,False,0.2
SYA,SY,2020,83,79,strong_all3,W240_mid_late__N200_mid_late,0,0.0,0.0,False,0.2
SYA,SY,2020,84,80,strong_all3,W240_mid_late__N200_mid_late,0,0.0,0.0,False,0.2
SYA,SY,2020,85,81,strong_all3,W240_mid_late__N200_mid_late,0,0.0,0.0,False,0.2
SYA,SY,2020,86,82,strong_all3,W240_mid_late__N200_mid_late,0,0.0,0.0,False,0.2
SYA,SY,2020,87,83,strong_all3,W240_mid_late__N200_mid_late,0,0.0,0.0,False,0.2
SYA,SY,2020,88,84,strong_all3,W240_mid_late__N200_mid_late,0,0.0,0.0,False,0.2
SYA,SY,2020,89,85,strong_all3,W240_mid_late__N200_mid_late,0,0.0,0.0,False,0.2
SYA,SY,2020,90,86,strong_all3,W240_mid_late__N200_mid_late,0,0.0,0.0,False,0.2
SYA,SY,2020,91,87,strong_all3,W240_mid_late__N200_mid_late,0,0.0,0.0,False,0.2
SYA,SY,2020,92,88,strong_all3,W240_mid_late__N200_mid_late,0,0.0,0.0,False,0.2
SYA,SY,2020,93,89,strong_all3,W240_mid_late__N200_mid_late,0,0.0,0.0,False,0.2
SYA,SY,2020,94,90,strong_all3,W240_mid_late__N200_mid_late,0,0.0,0.0,False,0.2
SYA,SY,2020,95,91,strong_all3,W240_mid_late__N200_mid_late,0,0.0,0.0,False,0.2
SYA,SY,2020,96,92,strong_all3,W240_mid_late__N200_mid_late,0,0.0,0.0,False,0.2
SYA,SY,2020,97,93,strong_all3,W240_mid_late__N200_mid_late,0,0.0,0.0,False,0.2
SYA,SY,2020,98,94,strong_all3,W240_mid_late__N200_mid_late,0,0.0,0.0,False,0.2
SYA,SY,2020,99,95,strong_all3,W240_mid_late__N200_mid_late,6,45.0,0.0,True,1.0
SYA,SY,2020,100,96,strong_all3,W240_mid_late__N200_mid_late,0,0.0,0.0,False,0.2
SYA,SY,2020,101,97,strong_all3,W240_mid_late__N200_mid_late,0,0.0,0.0,False,0.2
SYA,SY,2020,102,98,strong_all3,W240_mid_late__N200_mid_late,0,0.0,0.0,False,0.2
SYA,SY,2020,103,99,strong_all3,W240_mid_late__N200_mid_late,0,0.0,0.0,False,0.2
SYA,SY,2020,104,100,strong_all3,W240_mid_late__N200_mid_late,0,0.0,0.0,False,0.2
SYA,SY,2020,105,101,strong_all3,W240_mid_late__N200_mid_late,0,0.0,0.0,False,0.2
SYA,SY,2020,106,102,strong_all3,W240_mid_late__N200_mid_late,0,0.0,0.0,False,0.2
SYA,SY,2020,107,103,strong_all3,W240_mid_late__N200_mid_late,0,0.0,0.0,False,0.2
SYA,SY,2020,108,104,strong_all3,W240_mid_late__N200_mid_late,0,0.0,0.0,False,0.2
SYA,SY,2020,109,105,strong_all3,W240_mid_late__N200_mid_late,0,0.0,0.0,False,0.2
SYA,SY,2020,110,106,strong_all3,W240_mid_late__N200_mid_late,0,0.0,0.0,False,0.2
SYA,SY,2020,111,107,strong_all3,W240_mid_late__N200_mid_late,0,0.0,0.0,False,0.2
SYA,SY,2020,112,108,strong_all3,W240_mid_late__N200_mid_late,0,0.0,0.0,False,0.2
SYA,SY,2020,113,109,strong_all3,W240_mid_late__N200_mid_late,0,0.0,0.0,False,0.2
SYA,SY,2020,114,110,strong_all3,W240_mid_late__N200_mid_late,3,30.0,0.0,True,1.0
SYA,SY,2020,115,111,strong_all3,W240_mid_late__N200_mid_late,0,0.0,0.0,False,0.2
SYA,SY,2020,116,112,strong_all3,W240_mid_late__N200_mid_late,0,0.0,0.0,False,0.2
SYA,SY,2020,117,113,strong_all3,W240_mid_late__N200_mid_late,0,0.0,0.0,False,0.2
SYA,SY,2020,118,114,strong_all3,W240_mid_late__N200_mid_late,0,0.0,0.0,False,0.2
SYA,SY,2020,119,115,strong_all3,W240_mid_late__N200_mid_late,0,0.0,0.0,False,0.2
SYA,SY,2020,120,116,strong_all3,W240_mid_late__N200_mid_late,0,0.0,0.0,False,0.2
SYA,SY,2020,121,117,strong_all3,W240_mid_late__N200_mid_late,0,0.0,0.0,False,0.2
SYA,SY,2020,122,118,strong_all3,W240_mid_late__N200_mid_late,0,0.0,0.0,False,0.2
SYA,SY,2020,123,119,strong_all3,W240_mid_late__N200_mid_late,0,0.0,0.0,False,0.2
SYA,SY,2020,124,120,strong_all3,W240_mid_late__N200_mid_late,0,0.0,0.0,False,0.2
SYA,SY,2020,125,121,strong_all3,W240_mid_late__N200_mid_late,0,0.0,0.0,False,0.2
SYA,SY,2020,126,122,strong_all3,W240_mid_late__N200_mid_late,0,0.0,0.0,False,0.2
SYA,SY,2020,127,123,strong_all3,W240_mid_late__N200_mid_late,0,0.0,0.0,False,0.2
SYA,SY,2020,128,124,strong_all3,W240_mid_late__N200_mid_late,0,0.0,0.0,False,0.2
SYA,SY,2020,129,125,strong_all3,W240_mid_late__N200_mid_late,0,0.0,0.0,False,0.2
SYA,SY,2020,130,126,strong_all3,W240_mid_late__N200_mid_late,0,0.0,0.0,False,0.2
SYA,SY,2020,131,127,strong_all3,W240_mid_late__N200_mid_late,0,0.0,0.0,False,0.2
SYA,SY,2020,132,128,strong_all3,W240_mid_late__N200_mid_late,0,0.0,0.0,False,0.2
SYA,SY,2020,133,129,strong_all3,W240_mid_late__N200_mid_late,0,0.0,0.0,False,0.2
SYA,SY,2020,134,130,strong_all3,W240_mid_late__N200_mid_late,0,0.0,0.0,False,0.2
SYA,SY,2020,135,131,strong_all3,W240_mid_late__N200_mid_late,0,0.0,0.0,False,0.2
SYA,SY,2020,136,132,strong_all3,W240_mid_late__N200_mid_late,0,0.0,0.0,False,0.2
SYA,SY,2020,137,133,strong_all3,W240_mid_late__N200_mid_late,0,0.0,0.0,False,0.2
SYA,SY,2021,0,0,strong_all3,W150_late_saving__N240_three80,0,0.0,0.0,False,0.2
SYA,SY,2021,1,0,strong_all3,W150_late_saving__N240_three80,0,0.0,0.0,False,0.2
SYA,SY,2021,2,0,strong_all3,W150_late_saving__N240_three80,0,0.0,0.0,False,0.2
SYA,SY,2021,3,0,strong_all3,W150_late_saving__N240_three80,0,0.0,0.0,False,0.2
SYA,SY,2021,4,0,strong_all3,W150_late_saving__N240_three80,0,0.0,0.0,False,0.2
SYA,SY,2021,5,1,strong_all3,W150_late_saving__N240_three80,1,0.0,80.0,True,1.0
SYA,SY,2021,6,2,strong_all3,W150_late_saving__N240_three80,0,0.0,0.0,False,0.2
SYA,SY,2021,7,3,strong_all3,W150_late_saving__N240_three80,0,0.0,0.0,False,0.2
SYA,SY,2021,8,4,strong_all3,W150_late_saving__N240_three80,0,0.0,0.0,False,0.2
SYA,SY,2021,9,5,strong_all3,W150_late_saving__N240_three80,0,0.0,0.0,False,0.2
SYA,SY,2021,10,6,strong_all3,W150_late_saving__N240_three80,0,0.0,0.0,False,0.2
SYA,SY,2021,11,7,strong_all3,W150_late_saving__N240_three80,0,0.0,0.0,False,0.2
SYA,SY,2021,12,8,strong_all3,W150_late_saving__N240_three80,0,0.0,0.0,False,0.2
SYA,SY,2021,13,9,strong_all3,W150_late_saving__N240_three80,0,0.0,0.0,False,0.2
SYA,SY,2021,14,10,strong_all3,W150_late_saving__N240_three80,0,0.0,0.0,False,0.2
SYA,SY,2021,15,11,strong_all3,W150_late_saving__N240_three80,0,0.0,0.0,False,0.2
SYA,SY,2021,16,12,strong_all3,W150_late_saving__N240_three80,0,0.0,0.0,False,0.2
SYA,SY,2021,17,13,strong_all3,W150_late_saving__N240_three80,0,0.0,0.0,False,0.2
SYA,SY,2021,18,14,strong_all3,W150_late_saving__N240_three80,0,0.0,0.0,False,0.2
SYA,SY,2021,19,15,strong_all3,W150_late_saving__N240_three80,0,0.0,0.0,False,0.2
SYA,SY,2021,20,16,strong_all3,W150_late_saving__N240_three80,0,0.0,0.0,False,0.2
SYA,SY,2021,21,17,strong_all3,W150_late_saving__N240_three80,0,0.0,0.0,False,0.2
SYA,SY,2021,22,18,strong_all3,W150_late_saving__N240_three80,0,0.0,0.0,False,0.2
SYA,SY,2021,23,19,strong_all3,W150_late_saving__N240_three80,0,0.0,0.0,False,0.2
SYA,SY,2021,24,20,strong_all3,W150_late_saving__N240_three80,0,0.0,0.0,False,0.2
SYA,SY,2021,25,21,strong_all3,W150_late_saving__N240_three80,0,0.0,0.0,False,0.2
SYA,SY,2021,26,22,strong_all3,W150_late_saving__N240_three80,0,0.0,0.0,False,0.2
SYA,SY,2021,27,23,strong_all3,W150_late_saving__N240_three80,0,0.0,0.0,False,0.2
SYA,SY,2021,28,24,strong_all3,W150_late_saving__N240_three80,0,0.0,0.0,False,0.2
SYA,SY,2021,29,25,strong_all3,W150_late_saving__N240_three80,0,0.0,0.0,False,0.2
SYA,SY,2021,30,26,strong_all3,W150_late_saving__N240_three80,0,0.0,0.0,False,0.2
SYA,SY,2021,31,27,strong_all3,W150_late_saving__N240_three80,0,0.0,0.0,False,0.2
SYA,SY,2021,32,28,strong_all3,W150_late_saving__N240_three80,0,0.0,0.0,False,0.2
SYA,SY,2021,33,29,strong_all3,W150_late_saving__N240_three80,0,0.0,0.0,False,0.2
SYA,SY,2021,34,30,strong_all3,W150_late_saving__N240_three80,0,0.0,0.0,False,0.2
SYA,SY,2021,35,31,strong_all3,W150_late_saving__N240_three80,0,0.0,0.0,False,0.2
SYA,SY,2021,36,32,strong_all3,W150_late_saving__N240_three80,0,0.0,0.0,False,0.2
SYA,SY,2021,37,33,strong_all3,W150_late_saving__N240_three80,0,0.0,0.0,False,0.2
SYA,SY,2021,38,34,strong_all3,W150_late_saving__N240_three80,0,0.0,0.0,False,0.2
SYA,SY,2021,39,35,strong_all3,W150_late_saving__N240_three80,0,0.0,0.0,False,0.2
SYA,SY,2021,40,36,strong_all3,W150_late_saving__N240_three80,0,0.0,0.0,False,0.2
SYA,SY,2021,41,37,strong_all3,W150_late_saving__N240_three80,0,0.0,0.0,False,0.2
SYA,SY,2021,42,38,strong_all3,W150_late_saving__N240_three80,0,0.0,0.0,False,0.2
SYA,SY,2021,43,39,strong_all3,W150_late_saving__N240_three80,0,0.0,0.0,False,0.2
SYA,SY,2021,44,40,strong_all3,W150_late_saving__N240_three80,0,0.0,0.0,False,0.2
SYA,SY,2021,45,41,strong_all3,W150_late_saving__N240_three80,0,0.0,0.0,False,0.2
SYA,SY,2021,46,42,strong_all3,W150_late_saving__N240_three80,0,0.0,0.0,False,0.2
SYA,SY,2021,47,43,strong_all3,W150_late_saving__N240_three80,1,0.0,80.0,True,1.0
SYA,SY,2021,48,44,strong_all3,W150_late_saving__N240_three80,0,0.0,0.0,False,0.2
SYA,SY,2021,49,45,strong_all3,W150_late_saving__N240_three80,3,30.0,0.0,True,1.0
SYA,SY,2021,50,46,strong_all3,W150_late_saving__N240_three80,0,0.0,0.0,False,0.2
SYA,SY,2021,51,47,strong_all3,W150_late_saving__N240_three80,0,0.0,0.0,False,0.2
SYA,SY,2021,52,48,strong_all3,W150_late_saving__N240_three80,0,0.0,0.0,False,0.2
SYA,SY,2021,53,49,strong_all3,W150_late_saving__N240_three80,0,0.0,0.0,False,0.2
SYA,SY,2021,54,50,strong_all3,W150_late_saving__N240_three80,0,0.0,0.0,False,0.2
SYA,SY,2021,55,51,strong_all3,W150_late_saving__N240_three80,0,0.0,0.0,False,0.2
SYA,SY,2021,56,52,strong_all3,W150_late_saving__N240_three80,0,0.0,0.0,False,0.2
SYA,SY,2021,57,53,strong_all3,W150_late_saving__N240_three80,0,0.0,0.0,False,0.2
SYA,SY,2021,58,54,strong_all3,W150_late_saving__N240_three80,0,0.0,0.0,False,0.2
SYA,SY,2021,59,55,strong_all3,W150_late_saving__N240_three80,0,0.0,0.0,False,0.2
SYA,SY,2021,60,56,strong_all3,W150_late_saving__N240_three80,0,0.0,0.0,False,0.2
SYA,SY,2021,61,57,strong_all3,W150_late_saving__N240_three80,0,0.0,0.0,False,0.2
SYA,SY,2021,62,58,strong_all3,W150_late_saving__N240_three80,0,0.0,0.0,False,0.2
SYA,SY,2021,63,59,strong_all3,W150_late_saving__N240_three80,0,0.0,0.0,False,0.2
SYA,SY,2021,64,60,strong_all3,W150_late_saving__N240_three80,0,0.0,0.0,False,0.2
SYA,SY,2021,65,61,strong_all3,W150_late_saving__N240_three80,1,0.0,80.0,True,1.0
SYA,SY,2021,66,62,strong_all3,W150_late_saving__N240_three80,0,0.0,0.0,False,0.2
SYA,SY,2021,67,63,strong_all3,W150_late_saving__N240_three80,0,0.0,0.0,False,0.2
SYA,SY,2021,68,64,strong_all3,W150_late_saving__N240_three80,0,0.0,0.0,False,0.2
SYA,SY,2021,69,65,strong_all3,W150_late_saving__N240_three80,0,0.0,0.0,False,0.2
SYA,SY,2021,70,66,strong_all3,W150_late_saving__N240_three80,0,0.0,0.0,False,0.2
SYA,SY,2021,71,67,strong_all3,W150_late_saving__N240_three80,0,0.0,0.0,False,0.2
SYA,SY,2021,72,68,strong_all3,W150_late_saving__N240_three80,0,0.0,0.0,False,0.2
SYA,SY,2021,73,69,strong_all3,W150_late_saving__N240_three80,0,0.0,0.0,False,0.2
SYA,SY,2021,74,70,strong_all3,W150_late_saving__N240_three80,0,0.0,0.0,False,0.2
SYA,SY,2021,75,71,strong_all3,W150_late_saving__N240_three80,0,0.0,0.0,False,0.2
SYA,SY,2021,76,72,strong_all3,W150_late_saving__N240_three80,0,0.0,0.0,False,0.2
SYA,SY,2021,77,73,strong_all3,W150_late_saving__N240_three80,0,0.0,0.0,False,0.2
SYA,SY,2021,78,74,strong_all3,W150_late_saving__N240_three80,0,0.0,0.0,False,0.2
SYA,SY,2021,79,75,strong_all3,W150_late_saving__N240_three80,6,45.0,0.0,True,1.0
SYA,SY,2021,80,76,strong_all3,W150_late_saving__N240_three80,0,0.0,0.0,False,0.2
SYA,SY,2021,81,77,strong_all3,W150_late_saving__N240_three80,0,0.0,0.0,False,0.2
SYA,SY,2021,82,78,strong_all3,W150_late_saving__N240_three80,0,0.0,0.0,False,0.2
SYA,SY,2021,83,79,strong_all3,W150_late_saving__N240_three80,0,0.0,0.0,False,0.2
SYA,SY,2021,84,80,strong_all3,W150_late_saving__N240_three80,0,0.0,0.0,False,0.2
SYA,SY,2021,85,81,strong_all3,W150_late_saving__N240_three80,0,0.0,0.0,False,0.2
SYA,SY,2021,86,82,strong_all3,W150_late_saving__N240_three80,0,0.0,0.0,False,0.2
SYA,SY,2021,87,83,strong_all3,W150_late_saving__N240_three80,0,0.0,0.0,False,0.2
SYA,SY,2021,88,84,strong_all3,W150_late_saving__N240_three80,0,0.0,0.0,False,0.2
SYA,SY,2021,89,85,strong_all3,W150_late_saving__N240_three80,0,0.0,0.0,False,0.2
SYA,SY,2021,90,86,strong_all3,W150_late_saving__N240_three80,0,0.0,0.0,False,0.2
SYA,SY,2021,91,87,strong_all3,W150_late_saving__N240_three80,0,0.0,0.0,False,0.2
SYA,SY,2021,92,88,strong_all3,W150_late_saving__N240_three80,0,0.0,0.0,False,0.2
SYA,SY,2021,93,89,strong_all3,W150_late_saving__N240_three80,0,0.0,0.0,False,0.2
SYA,SY,2021,94,90,strong_all3,W150_late_saving__N240_three80,0,0.0,0.0,False,0.2
SYA,SY,2021,95,91,strong_all3,W150_late_saving__N240_three80,0,0.0,0.0,False,0.2
SYA,SY,2021,96,92,strong_all3,W150_late_saving__N240_three80,0,0.0,0.0,False,0.2
SYA,SY,2021,97,93,strong_all3,W150_late_saving__N240_three80,0,0.0,0.0,False,0.2
SYA,SY,2021,98,94,strong_all3,W150_late_saving__N240_three80,0,0.0,0.0,False,0.2
SYA,SY,2021,99,95,strong_all3,W150_late_saving__N240_three80,6,45.0,0.0,True,1.0
SYA,SY,2021,100,96,strong_all3,W150_late_saving__N240_three80,0,0.0,0.0,False,0.2
SYA,SY,2021,101,97,strong_all3,W150_late_saving__N240_three80,0,0.0,0.0,False,0.2
SYA,SY,2021,102,98,strong_all3,W150_late_saving__N240_three80,0,0.0,0.0,False,0.2
SYA,SY,2021,103,99,strong_all3,W150_late_saving__N240_three80,0,0.0,0.0,False,0.2
SYA,SY,2021,104,100,strong_all3,W150_late_saving__N240_three80,0,0.0,0.0,False,0.2
SYA,SY,2021,105,101,strong_all3,W150_late_saving__N240_three80,0,0.0,0.0,False,0.2
SYA,SY,2021,106,102,strong_all3,W150_late_saving__N240_three80,0,0.0,0.0,False,0.2
SYA,SY,2021,107,103,strong_all3,W150_late_saving__N240_three80,0,0.0,0.0,False,0.2
SYA,SY,2021,108,104,strong_all3,W150_late_saving__N240_three80,0,0.0,0.0,False,0.2
SYA,SY,2021,109,105,strong_all3,W150_late_saving__N240_three80,0,0.0,0.0,False,0.2
SYA,SY,2021,110,106,strong_all3,W150_late_saving__N240_three80,0,0.0,0.0,False,0.2
SYA,SY,2021,111,107,strong_all3,W150_late_saving__N240_three80,0,0.0,0.0,False,0.2
SYA,SY,2021,112,108,strong_all3,W150_late_saving__N240_three80,0,0.0,0.0,False,0.2
SYA,SY,2021,113,109,strong_all3,W150_late_saving__N240_three80,0,0.0,0.0,False,0.2
SYA,SY,2021,114,110,strong_all3,W150_late_saving__N240_three80,0,0.0,0.0,False,0.2
SYA,SY,2021,115,111,strong_all3,W150_late_saving__N240_three80,0,0.0,0.0,False,0.2
SYA,SY,2021,116,112,strong_all3,W150_late_saving__N240_three80,0,0.0,0.0,False,0.2
SYA,SY,2021,117,113,strong_all3,W150_late_saving__N240_three80,0,0.0,0.0,False,0.2
SYA,SY,2021,118,114,strong_all3,W150_late_saving__N240_three80,0,0.0,0.0,False,0.2
SYA,SY,2021,119,115,strong_all3,W150_late_saving__N240_three80,3,30.0,0.0,True,1.0
SYA,SY,2021,120,116,strong_all3,W150_late_saving__N240_three80,0,0.0,0.0,False,0.2
SYA,SY,2021,121,117,strong_all3,W150_late_saving__N240_three80,0,0.0,0.0,False,0.2
SYA,SY,2021,122,118,strong_all3,W150_late_saving__N240_three80,0,0.0,0.0,False,0.2
SYA,SY,2021,123,119,strong_all3,W150_late_saving__N240_three80,0,0.0,0.0,False,0.2
SYA,SY,2021,124,120,strong_all3,W150_late_saving__N240_three80,0,0.0,0.0,False,0.2
SYA,SY,2021,125,121,strong_all3,W150_late_saving__N240_three80,0,0.0,0.0,False,0.2
SYA,SY,2021,126,122,strong_all3,W150_late_saving__N240_three80,0,0.0,0.0,False,0.2
SYA,SY,2021,127,123,strong_all3,W150_late_saving__N240_three80,0,0.0,0.0,False,0.2
SYA,SY,2021,128,124,strong_all3,W150_late_saving__N240_three80,0,0.0,0.0,False,0.2
SYA,SY,2021,129,125,strong_all3,W150_late_saving__N240_three80,0,0.0,0.0,False,0.2
SYA,SY,2021,130,126,strong_all3,W150_late_saving__N240_three80,0,0.0,0.0,False,0.2
SYA,SY,2021,131,127,strong_all3,W150_late_saving__N240_three80,0,0.0,0.0,False,0.2
SYA,SY,2021,132,128,strong_all3,W150_late_saving__N240_three80,0,0.0,0.0,False,0.2
SYA,SY,2021,133,129,strong_all3,W150_late_saving__N240_three80,0,0.0,0.0,False,0.2
SYA,SY,2021,134,130,strong_all3,W150_late_saving__N240_three80,0,0.0,0.0,False,0.2
SYA,SY,2021,135,131,strong_all3,W150_late_saving__N240_three80,0,0.0,0.0,False,0.2
SYA,SY,2021,136,132,strong_all3,W150_late_saving__N240_three80,0,0.0,0.0,False,0.2
SYA,SY,2021,137,133,strong_all3,W150_late_saving__N240_three80,0,0.0,0.0,False,0.2
SYA,SY,2022,0,0,near_miss,W195_no_dap8_late_save__N240_two120,0,0.0,0.0,False,0.1
SYA,SY,2022,1,0,near_miss,W195_no_dap8_late_save__N240_two120,0,0.0,0.0,False,0.1
SYA,SY,2022,2,0,near_miss,W195_no_dap8_late_save__N240_two120,0,0.0,0.0,False,0.1
SYA,SY,2022,3,0,near_miss,W195_no_dap8_late_save__N240_two120,0,0.0,0.0,False,0.1
SYA,SY,2022,4,0,near_miss,W195_no_dap8_late_save__N240_two120,0,0.0,0.0,False,0.1
SYA,SY,2022,5,1,near_miss,W195_no_dap8_late_save__N240_two120,8,45.0,120.0,True,0.5
SYA,SY,2022,6,2,near_miss,W195_no_dap8_late_save__N240_two120,0,0.0,0.0,False,0.1
SYA,SY,2022,7,3,near_miss,W195_no_dap8_late_save__N240_two120,0,0.0,0.0,False,0.1
SYA,SY,2022,8,4,near_miss,W195_no_dap8_late_save__N240_two120,0,0.0,0.0,False,0.1
SYA,SY,2022,9,5,near_miss,W195_no_dap8_late_save__N240_two120,0,0.0,0.0,False,0.1
SYA,SY,2022,10,6,near_miss,W195_no_dap8_late_save__N240_two120,0,0.0,0.0,False,0.1
SYA,SY,2022,11,7,near_miss,W195_no_dap8_late_save__N240_two120,0,0.0,0.0,False,0.1
SYA,SY,2022,12,8,near_miss,W195_no_dap8_late_save__N240_two120,0,0.0,0.0,False,0.1
SYA,SY,2022,13,9,near_miss,W195_no_dap8_late_save__N240_two120,0,0.0,0.0,False,0.1
SYA,SY,2022,14,10,near_miss,W195_no_dap8_late_save__N240_two120,0,0.0,0.0,False,0.1
SYA,SY,2022,15,11,near_miss,W195_no_dap8_late_save__N240_two120,0,0.0,0.0,False,0.1
SYA,SY,2022,16,12,near_miss,W195_no_dap8_late_save__N240_two120,0,0.0,0.0,False,0.1
SYA,SY,2022,17,13,near_miss,W195_no_dap8_late_save__N240_two120,0,0.0,0.0,False,0.1
SYA,SY,2022,18,14,near_miss,W195_no_dap8_late_save__N240_two120,0,0.0,0.0,False,0.1
SYA,SY,2022,19,15,near_miss,W195_no_dap8_late_save__N240_two120,0,0.0,0.0,False,0.1
SYA,SY,2022,20,16,near_miss,W195_no_dap8_late_save__N240_two120,0,0.0,0.0,False,0.1
SYA,SY,2022,21,17,near_miss,W195_no_dap8_late_save__N240_two120,0,0.0,0.0,False,0.1
SYA,SY,2022,22,18,near_miss,W195_no_dap8_late_save__N240_two120,0,0.0,0.0,False,0.1
SYA,SY,2022,23,19,near_miss,W195_no_dap8_late_save__N240_two120,0,0.0,0.0,False,0.1
SYA,SY,2022,24,20,near_miss,W195_no_dap8_late_save__N240_two120,0,0.0,0.0,False,0.1
SYA,SY,2022,25,21,near_miss,W195_no_dap8_late_save__N240_two120,0,0.0,0.0,False,0.1
SYA,SY,2022,26,22,near_miss,W195_no_dap8_late_save__N240_two120,0,0.0,0.0,False,0.1
SYA,SY,2022,27,23,near_miss,W195_no_dap8_late_save__N240_two120,0,0.0,0.0,False,0.1
SYA,SY,2022,28,24,near_miss,W195_no_dap8_late_save__N240_two120,0,0.0,0.0,False,0.1
SYA,SY,2022,29,25,near_miss,W195_no_dap8_late_save__N240_two120,0,0.0,0.0,False,0.1
SYA,SY,2022,30,26,near_miss,W195_no_dap8_late_save__N240_two120,0,0.0,0.0,False,0.1
SYA,SY,2022,31,27,near_miss,W195_no_dap8_late_save__N240_two120,0,0.0,0.0,False,0.1
SYA,SY,2022,32,28,near_miss,W195_no_dap8_late_save__N240_two120,0,0.0,0.0,False,0.1
SYA,SY,2022,33,29,near_miss,W195_no_dap8_late_save__N240_two120,0,0.0,0.0,False,0.1
SYA,SY,2022,34,30,near_miss,W195_no_dap8_late_save__N240_two120,0,0.0,0.0,False,0.1
SYA,SY,2022,35,31,near_miss,W195_no_dap8_late_save__N240_two120,6,45.0,0.0,True,0.5
SYA,SY,2022,36,32,near_miss,W195_no_dap8_late_save__N240_two120,0,0.0,0.0,False,0.1
SYA,SY,2022,37,33,near_miss,W195_no_dap8_late_save__N240_two120,0,0.0,0.0,False,0.1
SYA,SY,2022,38,34,near_miss,W195_no_dap8_late_save__N240_two120,0,0.0,0.0,False,0.1
SYA,SY,2022,39,35,near_miss,W195_no_dap8_late_save__N240_two120,0,0.0,0.0,False,0.1
SYA,SY,2022,40,36,near_miss,W195_no_dap8_late_save__N240_two120,0,0.0,0.0,False,0.1
SYA,SY,2022,41,37,near_miss,W195_no_dap8_late_save__N240_two120,0,0.0,0.0,False,0.1
SYA,SY,2022,42,38,near_miss,W195_no_dap8_late_save__N240_two120,0,0.0,0.0,False,0.1
SYA,SY,2022,43,39,near_miss,W195_no_dap8_late_save__N240_two120,0,0.0,0.0,False,0.1
SYA,SY,2022,44,40,near_miss,W195_no_dap8_late_save__N240_two120,0,0.0,0.0,False,0.1
SYA,SY,2022,45,41,near_miss,W195_no_dap8_late_save__N240_two120,0,0.0,0.0,False,0.1
SYA,SY,2022,46,42,near_miss,W195_no_dap8_late_save__N240_two120,0,0.0,0.0,False,0.1
SYA,SY,2022,47,43,near_miss,W195_no_dap8_late_save__N240_two120,2,0.0,120.0,True,0.5
SYA,SY,2022,48,44,near_miss,W195_no_dap8_late_save__N240_two120,0,0.0,0.0,False,0.1
SYA,SY,2022,49,45,near_miss,W195_no_dap8_late_save__N240_two120,0,0.0,0.0,False,0.1
SYA,SY,2022,50,46,near_miss,W195_no_dap8_late_save__N240_two120,0,0.0,0.0,False,0.1
SYA,SY,2022,51,47,near_miss,W195_no_dap8_late_save__N240_two120,0,0.0,0.0,False,0.1
SYA,SY,2022,52,48,near_miss,W195_no_dap8_late_save__N240_two120,0,0.0,0.0,False,0.1
SYA,SY,2022,53,49,near_miss,W195_no_dap8_late_save__N240_two120,0,0.0,0.0,False,0.1
SYA,SY,2022,54,50,near_miss,W195_no_dap8_late_save__N240_two120,0,0.0,0.0,False,0.1
SYA,SY,2022,55,51,near_miss,W195_no_dap8_late_save__N240_two120,0,0.0,0.0,False,0.1
SYA,SY,2022,56,52,near_miss,W195_no_dap8_late_save__N240_two120,0,0.0,0.0,False,0.1
SYA,SY,2022,57,53,near_miss,W195_no_dap8_late_save__N240_two120,0,0.0,0.0,False,0.1
SYA,SY,2022,58,54,near_miss,W195_no_dap8_late_save__N240_two120,0,0.0,0.0,False,0.1
SYA,SY,2022,59,55,near_miss,W195_no_dap8_late_save__N240_two120,0,0.0,0.0,False,0.1
SYA,SY,2022,60,56,near_miss,W195_no_dap8_late_save__N240_two120,0,0.0,0.0,False,0.1
SYA,SY,2022,61,57,near_miss,W195_no_dap8_late_save__N240_two120,0,0.0,0.0,False,0.1
SYA,SY,2022,62,58,near_miss,W195_no_dap8_late_save__N240_two120,0,0.0,0.0,False,0.1
SYA,SY,2022,63,59,near_miss,W195_no_dap8_late_save__N240_two120,0,0.0,0.0,False,0.1
SYA,SY,2022,64,60,near_miss,W195_no_dap8_late_save__N240_two120,0,0.0,0.0,False,0.1
SYA,SY,2022,65,61,near_miss,W195_no_dap8_late_save__N240_two120,6,45.0,0.0,True,0.5
SYA,SY,2022,66,62,near_miss,W195_no_dap8_late_save__N240_two120,0,0.0,0.0,False,0.1
SYA,SY,2022,67,63,near_miss,W195_no_dap8_late_save__N240_two120,0,0.0,0.0,False,0.1
SYA,SY,2022,68,64,near_miss,W195_no_dap8_late_save__N240_two120,0,0.0,0.0,False,0.1
SYA,SY,2022,69,65,near_miss,W195_no_dap8_late_save__N240_two120,0,0.0,0.0,False,0.1
SYA,SY,2022,70,66,near_miss,W195_no_dap8_late_save__N240_two120,0,0.0,0.0,False,0.1
SYA,SY,2022,71,67,near_miss,W195_no_dap8_late_save__N240_two120,0,0.0,0.0,False,0.1
SYA,SY,2022,72,68,near_miss,W195_no_dap8_late_save__N240_two120,0,0.0,0.0,False,0.1
SYA,SY,2022,73,69,near_miss,W195_no_dap8_late_save__N240_two120,0,0.0,0.0,False,0.1
SYA,SY,2022,74,70,near_miss,W195_no_dap8_late_save__N240_two120,0,0.0,0.0,False,0.1
SYA,SY,2022,75,71,near_miss,W195_no_dap8_late_save__N240_two120,0,0.0,0.0,False,0.1
SYA,SY,2022,76,72,near_miss,W195_no_dap8_late_save__N240_two120,0,0.0,0.0,False,0.1
SYA,SY,2022,77,73,near_miss,W195_no_dap8_late_save__N240_two120,0,0.0,0.0,False,0.1
SYA,SY,2022,78,74,near_miss,W195_no_dap8_late_save__N240_two120,0,0.0,0.0,False,0.1
SYA,SY,2022,79,75,near_miss,W195_no_dap8_late_save__N240_two120,0,0.0,0.0,False,0.1
SYA,SY,2022,80,76,near_miss,W195_no_dap8_late_save__N240_two120,0,0.0,0.0,False,0.1
SYA,SY,2022,81,77,near_miss,W195_no_dap8_late_save__N240_two120,0,0.0,0.0,False,0.1
SYA,SY,2022,82,78,near_miss,W195_no_dap8_late_save__N240_two120,0,0.0,0.0,False,0.1
SYA,SY,2022,83,79,near_miss,W195_no_dap8_late_save__N240_two120,0,0.0,0.0,False,0.1
SYA,SY,2022,84,80,near_miss,W195_no_dap8_late_save__N240_two120,0,0.0,0.0,False,0.1
SYA,SY,2022,85,81,near_miss,W195_no_dap8_late_save__N240_two120,0,0.0,0.0,False,0.1
SYA,SY,2022,86,82,near_miss,W195_no_dap8_late_save__N240_two120,0,0.0,0.0,False,0.1
SYA,SY,2022,87,83,near_miss,W195_no_dap8_late_save__N240_two120,0,0.0,0.0,False,0.1
SYA,SY,2022,88,84,near_miss,W195_no_dap8_late_save__N240_two120,0,0.0,0.0,False,0.1
SYA,SY,2022,89,85,near_miss,W195_no_dap8_late_save__N240_two120,0,0.0,0.0,False,0.1
SYA,SY,2022,90,86,near_miss,W195_no_dap8_late_save__N240_two120,0,0.0,0.0,False,0.1
SYA,SY,2022,91,87,near_miss,W195_no_dap8_late_save__N240_two120,0,0.0,0.0,False,0.1
SYA,SY,2022,92,88,near_miss,W195_no_dap8_late_save__N240_two120,0,0.0,0.0,False,0.1
SYA,SY,2022,93,89,near_miss,W195_no_dap8_late_save__N240_two120,0,0.0,0.0,False,0.1
SYA,SY,2022,94,90,near_miss,W195_no_dap8_late_save__N240_two120,0,0.0,0.0,False,0.1
SYA,SY,2022,95,91,near_miss,W195_no_dap8_late_save__N240_two120,3,30.0,0.0,True,0.5
SYA,SY,2022,96,92,near_miss,W195_no_dap8_late_save__N240_two120,0,0.0,0.0,False,0.1
SYA,SY,2022,97,93,near_miss,W195_no_dap8_late_save__N240_two120,0,0.0,0.0,False,0.1
SYA,SY,2022,98,94,near_miss,W195_no_dap8_late_save__N240_two120,0,0.0,0.0,False,0.1
SYA,SY,2022,99,95,near_miss,W195_no_dap8_late_save__N240_two120,0,0.0,0.0,False,0.1
SYA,SY,2022,100,96,near_miss,W195_no_dap8_late_save__N240_two120,0,0.0,0.0,False,0.1
SYA,SY,2022,101,97,near_miss,W195_no_dap8_late_save__N240_two120,0,0.0,0.0,False,0.1
SYA,SY,2022,102,98,near_miss,W195_no_dap8_late_save__N240_two120,0,0.0,0.0,False,0.1
SYA,SY,2022,103,99,near_miss,W195_no_dap8_late_save__N240_two120,0,0.0,0.0,False,0.1
SYA,SY,2022,104,100,near_miss,W195_no_dap8_late_save__N240_two120,0,0.0,0.0,False,0.1
SYA,SY,2022,105,101,near_miss,W195_no_dap8_late_save__N240_two120,0,0.0,0.0,False,0.1
SYA,SY,2022,106,102,near_miss,W195_no_dap8_late_save__N240_two120,0,0.0,0.0,False,0.1
SYA,SY,2022,107,103,near_miss,W195_no_dap8_late_save__N240_two120,0,0.0,0.0,False,0.1
SYA,SY,2022,108,104,near_miss,W195_no_dap8_late_save__N240_two120,0,0.0,0.0,False,0.1
SYA,SY,2022,109,105,near_miss,W195_no_dap8_late_save__N240_two120,0,0.0,0.0,False,0.1
SYA,SY,2022,110,106,near_miss,W195_no_dap8_late_save__N240_two120,0,0.0,0.0,False,0.1
SYA,SY,2022,111,107,near_miss,W195_no_dap8_late_save__N240_two120,0,0.0,0.0,False,0.1
SYA,SY,2022,112,108,near_miss,W195_no_dap8_late_save__N240_two120,0,0.0,0.0,False,0.1
SYA,SY,2022,113,109,near_miss,W195_no_dap8_late_save__N240_two120,0,0.0,0.0,False,0.1
SYA,SY,2022,114,110,near_miss,W195_no_dap8_late_save__N240_two120,3,30.0,0.0,True,0.5
SYA,SY,2022,115,111,near_miss,W195_no_dap8_late_save__N240_two120,0,0.0,0.0,False,0.1
SYA,SY,2022,116,112,near_miss,W195_no_dap8_late_save__N240_two120,0,0.0,0.0,False,0.1
SYA,SY,2022,117,113,near_miss,W195_no_dap8_late_save__N240_two120,0,0.0,0.0,False,0.1
SYA,SY,2022,118,114,near_miss,W195_no_dap8_late_save__N240_two120,0,0.0,0.0,False,0.1
SYA,SY,2022,119,115,near_miss,W195_no_dap8_late_save__N240_two120,0,0.0,0.0,False,0.1
SYA,SY,2022,120,116,near_miss,W195_no_dap8_late_save__N240_two120,0,0.0,0.0,False,0.1
SYA,SY,2022,121,117,near_miss,W195_no_dap8_late_save__N240_two120,0,0.0,0.0,False,0.1
SYA,SY,2022,122,118,near_miss,W195_no_dap8_late_save__N240_two120,0,0.0,0.0,False,0.1
SYA,SY,2022,123,119,near_miss,W195_no_dap8_late_save__N240_two120,0,0.0,0.0,False,0.1
SYA,SY,2022,124,120,near_miss,W195_no_dap8_late_save__N240_two120,0,0.0,0.0,False,0.1
SYA,SY,2022,125,121,near_miss,W195_no_dap8_late_save__N240_two120,0,0.0,0.0,False,0.1
SYA,SY,2022,126,122,near_miss,W195_no_dap8_late_save__N240_two120,0,0.0,0.0,False,0.1
SYA,SY,2022,127,123,near_miss,W195_no_dap8_late_save__N240_two120,0,0.0,0.0,False,0.1
SYA,SY,2022,128,124,near_miss,W195_no_dap8_late_save__N240_two120,0,0.0,0.0,False,0.1
SYA,SY,2022,129,125,near_miss,W195_no_dap8_late_save__N240_two120,0,0.0,0.0,False,0.1
SYA,SY,2022,130,126,near_miss,W195_no_dap8_late_save__N240_two120,0,0.0,0.0,False,0.1
SYA,SY,2022,131,127,near_miss,W195_no_dap8_late_save__N240_two120,0,0.0,0.0,False,0.1
SYA,SY,2022,132,128,near_miss,W195_no_dap8_late_save__N240_two120,0,0.0,0.0,False,0.1
SYA,SY,2022,133,129,near_miss,W195_no_dap8_late_save__N240_two120,0,0.0,0.0,False,0.1
SYA,SY,2022,134,130,near_miss,W195_no_dap8_late_save__N240_two120,0,0.0,0.0,False,0.1
SYA,SY,2022,135,131,near_miss,W195_no_dap8_late_save__N240_two120,0,0.0,0.0,False,0.1
SYA,SY,2022,136,132,near_miss,W195_no_dap8_late_save__N240_two120,0,0.0,0.0,False,0.1
SYA,SY,2022,137,133,near_miss,W195_no_dap8_late_save__N240_two120,0,0.0,0.0,False,0.1
SYA,SY,2022,138,134,near_miss,W195_no_dap8_late_save__N240_two120,0,0.0,0.0,False,0.1
SYA,SY,2022,139,135,near_miss,W195_no_dap8_late_save__N240_two120,0,0.0,0.0,False,0.1
SYA,SY,2022,140,136,near_miss,W195_no_dap8_late_save__N240_two120,0,0.0,0.0,False,0.1
SYA,SY,2022,141,137,near_miss,W195_no_dap8_late_save__N240_two120,0,0.0,0.0,False,0.1
SYA,SY,2023,0,0,near_miss,W240_ppo_plus_late__N240_three80,0,0.0,0.0,False,0.1
SYA,SY,2023,1,0,near_miss,W240_ppo_plus_late__N240_three80,0,0.0,0.0,False,0.1
SYA,SY,2023,2,0,near_miss,W240_ppo_plus_late__N240_three80,0,0.0,0.0,False,0.1
SYA,SY,2023,3,0,near_miss,W240_ppo_plus_late__N240_three80,0,0.0,0.0,False,0.1
SYA,SY,2023,4,0,near_miss,W240_ppo_plus_late__N240_three80,0,0.0,0.0,False,0.1
SYA,SY,2023,5,1,near_miss,W240_ppo_plus_late__N240_three80,7,45.0,80.0,True,0.5
SYA,SY,2023,6,2,near_miss,W240_ppo_plus_late__N240_three80,0,0.0,0.0,False,0.1
SYA,SY,2023,7,3,near_miss,W240_ppo_plus_late__N240_three80,0,0.0,0.0,False,0.1
SYA,SY,2023,8,4,near_miss,W240_ppo_plus_late__N240_three80,0,0.0,0.0,False,0.1
SYA,SY,2023,9,5,near_miss,W240_ppo_plus_late__N240_three80,0,0.0,0.0,False,0.1
SYA,SY,2023,10,6,near_miss,W240_ppo_plus_late__N240_three80,0,0.0,0.0,False,0.1
SYA,SY,2023,11,7,near_miss,W240_ppo_plus_late__N240_three80,0,0.0,0.0,False,0.1
SYA,SY,2023,12,8,near_miss,W240_ppo_plus_late__N240_three80,3,30.0,0.0,True,0.5
SYA,SY,2023,13,9,near_miss,W240_ppo_plus_late__N240_three80,0,0.0,0.0,False,0.1
SYA,SY,2023,14,10,near_miss,W240_ppo_plus_late__N240_three80,0,0.0,0.0,False,0.1
SYA,SY,2023,15,11,near_miss,W240_ppo_plus_late__N240_three80,0,0.0,0.0,False,0.1
SYA,SY,2023,16,12,near_miss,W240_ppo_plus_late__N240_three80,0,0.0,0.0,False,0.1
SYA,SY,2023,17,13,near_miss,W240_ppo_plus_late__N240_three80,0,0.0,0.0,False,0.1
SYA,SY,2023,18,14,near_miss,W240_ppo_plus_late__N240_three80,0,0.0,0.0,False,0.1
SYA,SY,2023,19,15,near_miss,W240_ppo_plus_late__N240_three80,0,0.0,0.0,False,0.1
SYA,SY,2023,20,16,near_miss,W240_ppo_plus_late__N240_three80,0,0.0,0.0,False,0.1
SYA,SY,2023,21,17,near_miss,W240_ppo_plus_late__N240_three80,0,0.0,0.0,False,0.1
SYA,SY,2023,22,18,near_miss,W240_ppo_plus_late__N240_three80,0,0.0,0.0,False,0.1
SYA,SY,2023,23,19,near_miss,W240_ppo_plus_late__N240_three80,0,0.0,0.0,False,0.1
SYA,SY,2023,24,20,near_miss,W240_ppo_plus_late__N240_three80,0,0.0,0.0,False,0.1
SYA,SY,2023,25,21,near_miss,W240_ppo_plus_late__N240_three80,0,0.0,0.0,False,0.1
SYA,SY,2023,26,22,near_miss,W240_ppo_plus_late__N240_three80,0,0.0,0.0,False,0.1
SYA,SY,2023,27,23,near_miss,W240_ppo_plus_late__N240_three80,0,0.0,0.0,False,0.1
SYA,SY,2023,28,24,near_miss,W240_ppo_plus_late__N240_three80,0,0.0,0.0,False,0.1
SYA,SY,2023,29,25,near_miss,W240_ppo_plus_late__N240_three80,0,0.0,0.0,False,0.1
SYA,SY,2023,30,26,near_miss,W240_ppo_plus_late__N240_three80,0,0.0,0.0,False,0.1
SYA,SY,2023,31,27,near_miss,W240_ppo_plus_late__N240_three80,0,0.0,0.0,False,0.1
SYA,SY,2023,32,28,near_miss,W240_ppo_plus_late__N240_three80,0,0.0,0.0,False,0.1
SYA,SY,2023,33,29,near_miss,W240_ppo_plus_late__N240_three80,0,0.0,0.0,False,0.1
SYA,SY,2023,34,30,near_miss,W240_ppo_plus_late__N240_three80,0,0.0,0.0,False,0.1
SYA,SY,2023,35,31,near_miss,W240_ppo_plus_late__N240_three80,6,45.0,0.0,True,0.5
SYA,SY,2023,36,32,near_miss,W240_ppo_plus_late__N240_three80,0,0.0,0.0,False,0.1
SYA,SY,2023,37,33,near_miss,W240_ppo_plus_late__N240_three80,0,0.0,0.0,False,0.1
SYA,SY,2023,38,34,near_miss,W240_ppo_plus_late__N240_three80,0,0.0,0.0,False,0.1
SYA,SY,2023,39,35,near_miss,W240_ppo_plus_late__N240_three80,0,0.0,0.0,False,0.1
SYA,SY,2023,40,36,near_miss,W240_ppo_plus_late__N240_three80,0,0.0,0.0,False,0.1
SYA,SY,2023,41,37,near_miss,W240_ppo_plus_late__N240_three80,0,0.0,0.0,False,0.1
SYA,SY,2023,42,38,near_miss,W240_ppo_plus_late__N240_three80,3,30.0,0.0,True,0.5
SYA,SY,2023,43,39,near_miss,W240_ppo_plus_late__N240_three80,0,0.0,0.0,False,0.1
SYA,SY,2023,44,40,near_miss,W240_ppo_plus_late__N240_three80,0,0.0,0.0,False,0.1
SYA,SY,2023,45,41,near_miss,W240_ppo_plus_late__N240_three80,0,0.0,0.0,False,0.1
SYA,SY,2023,46,42,near_miss,W240_ppo_plus_late__N240_three80,0,0.0,0.0,False,0.1
SYA,SY,2023,47,43,near_miss,W240_ppo_plus_late__N240_three80,1,0.0,80.0,True,0.5
SYA,SY,2023,48,44,near_miss,W240_ppo_plus_late__N240_three80,0,0.0,0.0,False,0.1
SYA,SY,2023,49,45,near_miss,W240_ppo_plus_late__N240_three80,0,0.0,0.0,False,0.1
SYA,SY,2023,50,46,near_miss,W240_ppo_plus_late__N240_three80,0,0.0,0.0,False,0.1
SYA,SY,2023,51,47,near_miss,W240_ppo_plus_late__N240_three80,0,0.0,0.0,False,0.1
SYA,SY,2023,52,48,near_miss,W240_ppo_plus_late__N240_three80,0,0.0,0.0,False,0.1
SYA,SY,2023,53,49,near_miss,W240_ppo_plus_late__N240_three80,0,0.0,0.0,False,0.1
SYA,SY,2023,54,50,near_miss,W240_ppo_plus_late__N240_three80,0,0.0,0.0,False,0.1
SYA,SY,2023,55,51,near_miss,W240_ppo_plus_late__N240_three80,0,0.0,0.0,False,0.1
SYA,SY,2023,56,52,near_miss,W240_ppo_plus_late__N240_three80,0,0.0,0.0,False,0.1
SYA,SY,2023,57,53,near_miss,W240_ppo_plus_late__N240_three80,0,0.0,0.0,False,0.1
SYA,SY,2023,58,54,near_miss,W240_ppo_plus_late__N240_three80,0,0.0,0.0,False,0.1
SYA,SY,2023,59,55,near_miss,W240_ppo_plus_late__N240_three80,0,0.0,0.0,False,0.1
SYA,SY,2023,60,56,near_miss,W240_ppo_plus_late__N240_three80,0,0.0,0.0,False,0.1
SYA,SY,2023,61,57,near_miss,W240_ppo_plus_late__N240_three80,0,0.0,0.0,False,0.1
SYA,SY,2023,62,58,near_miss,W240_ppo_plus_late__N240_three80,0,0.0,0.0,False,0.1
SYA,SY,2023,63,59,near_miss,W240_ppo_plus_late__N240_three80,0,0.0,0.0,False,0.1
SYA,SY,2023,64,60,near_miss,W240_ppo_plus_late__N240_three80,0,0.0,0.0,False,0.1
SYA,SY,2023,65,61,near_miss,W240_ppo_plus_late__N240_three80,7,45.0,80.0,True,0.5
SYA,SY,2023,66,62,near_miss,W240_ppo_plus_late__N240_three80,0,0.0,0.0,False,0.1
SYA,SY,2023,67,63,near_miss,W240_ppo_plus_late__N240_three80,0,0.0,0.0,False,0.1
SYA,SY,2023,68,64,near_miss,W240_ppo_plus_late__N240_three80,0,0.0,0.0,False,0.1
SYA,SY,2023,69,65,near_miss,W240_ppo_plus_late__N240_three80,0,0.0,0.0,False,0.1
SYA,SY,2023,70,66,near_miss,W240_ppo_plus_late__N240_three80,0,0.0,0.0,False,0.1
SYA,SY,2023,71,67,near_miss,W240_ppo_plus_late__N240_three80,0,0.0,0.0,False,0.1
SYA,SY,2023,72,68,near_miss,W240_ppo_plus_late__N240_three80,0,0.0,0.0,False,0.1
SYA,SY,2023,73,69,near_miss,W240_ppo_plus_late__N240_three80,0,0.0,0.0,False,0.1
SYA,SY,2023,74,70,near_miss,W240_ppo_plus_late__N240_three80,0,0.0,0.0,False,0.1
SYA,SY,2023,75,71,near_miss,W240_ppo_plus_late__N240_three80,0,0.0,0.0,False,0.1
SYA,SY,2023,76,72,near_miss,W240_ppo_plus_late__N240_three80,0,0.0,0.0,False,0.1
SYA,SY,2023,77,73,near_miss,W240_ppo_plus_late__N240_three80,0,0.0,0.0,False,0.1
SYA,SY,2023,78,74,near_miss,W240_ppo_plus_late__N240_three80,0,0.0,0.0,False,0.1
SYA,SY,2023,79,75,near_miss,W240_ppo_plus_late__N240_three80,0,0.0,0.0,False,0.1
SYA,SY,2023,80,76,near_miss,W240_ppo_plus_late__N240_three80,0,0.0,0.0,False,0.1
SYA,SY,2023,81,77,near_miss,W240_ppo_plus_late__N240_three80,0,0.0,0.0,False,0.1
SYA,SY,2023,82,78,near_miss,W240_ppo_plus_late__N240_three80,0,0.0,0.0,False,0.1
SYA,SY,2023,83,79,near_miss,W240_ppo_plus_late__N240_three80,0,0.0,0.0,False,0.1
SYA,SY,2023,84,80,near_miss,W240_ppo_plus_late__N240_three80,0,0.0,0.0,False,0.1
SYA,SY,2023,85,81,near_miss,W240_ppo_plus_late__N240_three80,0,0.0,0.0,False,0.1
SYA,SY,2023,86,82,near_miss,W240_ppo_plus_late__N240_three80,0,0.0,0.0,False,0.1
SYA,SY,2023,87,83,near_miss,W240_ppo_plus_late__N240_three80,0,0.0,0.0,False,0.1
SYA,SY,2023,88,84,near_miss,W240_ppo_plus_late__N240_three80,0,0.0,0.0,False,0.1
SYA,SY,2023,89,85,near_miss,W240_ppo_plus_late__N240_three80,0,0.0,0.0,False,0.1
SYA,SY,2023,90,86,near_miss,W240_ppo_plus_late__N240_three80,0,0.0,0.0,False,0.1
SYA,SY,2023,91,87,near_miss,W240_ppo_plus_late__N240_three80,0,0.0,0.0,False,0.1
SYA,SY,2023,92,88,near_miss,W240_ppo_plus_late__N240_three80,0,0.0,0.0,False,0.1
SYA,SY,2023,93,89,near_miss,W240_ppo_plus_late__N240_three80,0,0.0,0.0,False,0.1
SYA,SY,2023,94,90,near_miss,W240_ppo_plus_late__N240_three80,0,0.0,0.0,False,0.1
SYA,SY,2023,95,91,near_miss,W240_ppo_plus_late__N240_three80,6,45.0,0.0,True,0.5
SYA,SY,2023,96,92,near_miss,W240_ppo_plus_late__N240_three80,0,0.0,0.0,False,0.1
SYA,SY,2023,97,93,near_miss,W240_ppo_plus_late__N240_three80,0,0.0,0.0,False,0.1
SYA,SY,2023,98,94,near_miss,W240_ppo_plus_late__N240_three80,0,0.0,0.0,False,0.1
SYA,SY,2023,99,95,near_miss,W240_ppo_plus_late__N240_three80,0,0.0,0.0,False,0.1
SYA,SY,2023,100,96,near_miss,W240_ppo_plus_late__N240_three80,0,0.0,0.0,False,0.1
SYA,SY,2023,101,97,near_miss,W240_ppo_plus_late__N240_three80,0,0.0,0.0,False,0.1
SYA,SY,2023,102,98,near_miss,W240_ppo_plus_late__N240_three80,0,0.0,0.0,False,0.1
SYA,SY,2023,103,99,near_miss,W240_ppo_plus_late__N240_three80,0,0.0,0.0,False,0.1
SYA,SY,2023,104,100,near_miss,W240_ppo_plus_late__N240_three80,0,0.0,0.0,False,0.1
SYA,SY,2023,105,101,near_miss,W240_ppo_plus_late__N240_three80,0,0.0,0.0,False,0.1
SYA,SY,2023,106,102,near_miss,W240_ppo_plus_late__N240_three80,0,0.0,0.0,False,0.1
SYA,SY,2023,107,103,near_miss,W240_ppo_plus_late__N240_three80,0,0.0,0.0,False,0.1
SYA,SY,2023,108,104,near_miss,W240_ppo_plus_late__N240_three80,0,0.0,0.0,False,0.1
SYA,SY,2023,109,105,near_miss,W240_ppo_plus_late__N240_three80,0,0.0,0.0,False,0.1
SYA,SY,2023,110,106,near_miss,W240_ppo_plus_late__N240_three80,0,0.0,0.0,False,0.1
SYA,SY,2023,111,107,near_miss,W240_ppo_plus_late__N240_three80,0,0.0,0.0,False,0.1
SYA,SY,2023,112,108,near_miss,W240_ppo_plus_late__N240_three80,0,0.0,0.0,False,0.1
SYA,SY,2023,113,109,near_miss,W240_ppo_plus_late__N240_three80,0,0.0,0.0,False,0.1
SYA,SY,2023,114,110,near_miss,W240_ppo_plus_late__N240_three80,0,0.0,0.0,False,0.1
SYA,SY,2023,115,111,near_miss,W240_ppo_plus_late__N240_three80,0,0.0,0.0,False,0.1
SYA,SY,2023,116,112,near_miss,W240_ppo_plus_late__N240_three80,0,0.0,0.0,False,0.1
SYA,SY,2023,117,113,near_miss,W240_ppo_plus_late__N240_three80,0,0.0,0.0,False,0.1
SYA,SY,2023,118,114,near_miss,W240_ppo_plus_late__N240_three80,0,0.0,0.0,False,0.1
SYA,SY,2023,119,115,near_miss,W240_ppo_plus_late__N240_three80,0,0.0,0.0,False,0.1
SYA,SY,2023,120,116,near_miss,W240_ppo_plus_late__N240_three80,0,0.0,0.0,False,0.1
SYA,SY,2023,121,117,near_miss,W240_ppo_plus_late__N240_three80,0,0.0,0.0,False,0.1
SYA,SY,2023,122,118,near_miss,W240_ppo_plus_late__N240_three80,0,0.0,0.0,False,0.1
SYA,SY,2023,123,119,near_miss,W240_ppo_plus_late__N240_three80,0,0.0,0.0,False,0.1
SYA,SY,2023,124,120,near_miss,W240_ppo_plus_late__N240_three80,0,0.0,0.0,False,0.1
SYA,SY,2023,125,121,near_miss,W240_ppo_plus_late__N240_three80,0,0.0,0.0,False,0.1
SYA,SY,2023,126,122,near_miss,W240_ppo_plus_late__N240_three80,0,0.0,0.0,False,0.1
SYA,SY,2023,127,123,near_miss,W240_ppo_plus_late__N240_three80,0,0.0,0.0,False,0.1
SYA,SY,2023,128,124,near_miss,W240_ppo_plus_late__N240_three80,0,0.0,0.0,False,0.1
SYA,SY,2023,129,125,near_miss,W240_ppo_plus_late__N240_three80,0,0.0,0.0,False,0.1
SYA,SY,2023,130,126,near_miss,W240_ppo_plus_late__N240_three80,0,0.0,0.0,False,0.1
SYA,SY,2023,131,127,near_miss,W240_ppo_plus_late__N240_three80,0,0.0,0.0,False,0.1
SYA,SY,2023,132,128,near_miss,W240_ppo_plus_late__N240_three80,0,0.0,0.0,False,0.1
SYA,SY,2023,133,129,near_miss,W240_ppo_plus_late__N240_three80,0,0.0,0.0,False,0.1
SYA,SY,2023,134,130,near_miss,W240_ppo_plus_late__N240_three80,0,0.0,0.0,False,0.1
SYA,SY,2023,135,131,near_miss,W240_ppo_plus_late__N240_three80,0,0.0,0.0,False,0.1
SYA,SY,2023,136,132,near_miss,W240_ppo_plus_late__N240_three80,0,0.0,0.0,False,0.1
SYA,SY,2023,137,133,near_miss,W240_ppo_plus_late__N240_three80,0,0.0,0.0,False,0.1
