site,station,requested_year,algorithm,seed,checkpoint,scenario,year_out,doy,das,rainfall_mm,tmax_c,tmin_c,dap,grain_yield_kg_ha,biomass_kg_ha,water_stress_index_wspd,nitrogen_stress_index_nstd,soil_water_mm,irrigation_executed_mm,nitrogen_executed_kg_ha,common_reward_step,cumulative_common_reward,date,temperature_source_qc,reward_provenance
LC,Luancheng,2010,Mask-aware DQN,,,null,2010,121,1,0.0,29.5,6.1,0.0,0.0,0.0,0.0,0.0,372,0.0,0.0,-0.0,-0.0,2010-05-01,pass,"counterfactual_common_baseline_relative=max(0,final_yield-null)-I-5N"
LC,Luancheng,2010,Mask-aware DQN,,,null,2010,122,2,0.0,31.1,12.9,0.0,0.0,0.0,0.0,0.0,371,0.0,0.0,-0.0,-0.0,2010-05-02,pass,"counterfactual_common_baseline_relative=max(0,final_yield-null)-I-5N"
LC,Luancheng,2010,Mask-aware DQN,,,null,2010,123,3,0.0,24.2,17.5,0.0,0.0,0.0,0.0,0.0,369,0.0,0.0,-0.0,-0.0,2010-05-03,pass,"counterfactual_common_baseline_relative=max(0,final_yield-null)-I-5N"
LC,Luancheng,2010,Mask-aware DQN,,,null,2010,124,4,0.6,23.4,15.2,0.0,0.0,0.0,0.0,0.0,369,0.0,0.0,-0.0,-0.0,2010-05-04,pass,"counterfactual_common_baseline_relative=max(0,final_yield-null)-I-5N"
LC,Luancheng,2010,Mask-aware DQN,,,null,2010,125,5,2.6,28.7,14.4,0.0,0.0,0.0,0.0,0.0,369,0.0,0.0,-0.0,-0.0,2010-05-05,pass,"counterfactual_common_baseline_relative=max(0,final_yield-null)-I-5N"
LC,Luancheng,2010,Mask-aware DQN,,,null,2010,126,6,0.0,28.1,7.7,0.0,0.0,0.0,0.0,0.0,368,0.0,0.0,-0.0,-0.0,2010-05-06,pass,"counterfactual_common_baseline_relative=max(0,final_yield-null)-I-5N"
LC,Luancheng,2010,Mask-aware DQN,,,null,2010,127,7,0.0,31.6,9.2,0.0,0.0,0.0,0.0,0.0,367,0.0,0.0,-0.0,-0.0,2010-05-07,pass,"counterfactual_common_baseline_relative=max(0,final_yield-null)-I-5N"
LC,Luancheng,2010,Mask-aware DQN,,,null,2010,128,8,0.0,25.0,14.2,0.0,0.0,0.0,0.0,0.0,367,0.0,0.0,-0.0,-0.0,2010-05-08,pass,"counterfactual_common_baseline_relative=max(0,final_yield-null)-I-5N"
LC,Luancheng,2010,Mask-aware DQN,,,null,2010,129,9,0.0,23.0,13.5,0.0,0.0,0.0,0.0,0.0,366,0.0,0.0,-0.0,-0.0,2010-05-09,pass,"counterfactual_common_baseline_relative=max(0,final_yield-null)-I-5N"
LC,Luancheng,2010,Mask-aware DQN,,,null,2010,130,10,0.0,27.0,5.3,0.0,0.0,0.0,0.0,0.0,365,0.0,0.0,-0.0,-0.0,2010-05-10,pass,"counterfactual_common_baseline_relative=max(0,final_yield-null)-I-5N"
LC,Luancheng,2010,Mask-aware DQN,,,null,2010,131,11,0.0,23.5,6.8,0.0,0.0,0.0,0.0,0.0,365,0.0,0.0,-0.0,-0.0,2010-05-11,pass,"counterfactual_common_baseline_relative=max(0,final_yield-null)-I-5N"
LC,Luancheng,2010,Mask-aware DQN,,,null,2010,132,12,0.0,23.3,8.1,0.0,0.0,0.0,0.0,0.0,364,0.0,0.0,-0.0,-0.0,2010-05-12,pass,"counterfactual_common_baseline_relative=max(0,final_yield-null)-I-5N"
LC,Luancheng,2010,Mask-aware DQN,,,null,2010,133,13,0.0,24.2,10.9,0.0,0.0,0.0,0.0,0.0,364,0.0,0.0,-0.0,-0.0,2010-05-13,pass,"counterfactual_common_baseline_relative=max(0,final_yield-null)-I-5N"
LC,Luancheng,2010,Mask-aware DQN,,,null,2010,134,14,0.0,21.5,11.7,0.0,0.0,0.0,0.0,0.0,363,0.0,0.0,-0.0,-0.0,2010-05-14,pass,"counterfactual_common_baseline_relative=max(0,final_yield-null)-I-5N"
LC,Luancheng,2010,Mask-aware DQN,,,null,2010,135,15,0.0,25.3,12.2,0.0,0.0,0.0,0.0,0.0,363,0.0,0.0,-0.0,-0.0,2010-05-15,pass,"counterfactual_common_baseline_relative=max(0,final_yield-null)-I-5N"
LC,Luancheng,2010,Mask-aware DQN,,,null,2010,136,16,0.8,18.4,14.5,0.0,0.0,0.0,0.0,0.0,363,0.0,0.0,-0.0,-0.0,2010-05-16,pass,"counterfactual_common_baseline_relative=max(0,final_yield-null)-I-5N"
LC,Luancheng,2010,Mask-aware DQN,,,null,2010,137,17,1.0,23.2,14.3,0.0,0.0,0.0,0.0,0.0,363,0.0,0.0,-0.0,-0.0,2010-05-17,pass,"counterfactual_common_baseline_relative=max(0,final_yield-null)-I-5N"
LC,Luancheng,2010,Mask-aware DQN,,,null,2010,138,18,0.4,28.1,13.0,0.0,0.0,0.0,0.0,0.0,363,0.0,0.0,-0.0,-0.0,2010-05-18,pass,"counterfactual_common_baseline_relative=max(0,final_yield-null)-I-5N"
LC,Luancheng,2010,Mask-aware DQN,,,null,2010,139,19,0.0,32.8,10.8,0.0,0.0,0.0,0.0,0.0,362,0.0,0.0,-0.0,-0.0,2010-05-19,pass,"counterfactual_common_baseline_relative=max(0,final_yield-null)-I-5N"
LC,Luancheng,2010,Mask-aware DQN,,,null,2010,140,20,0.0,33.4,10.3,0.0,0.0,0.0,0.0,0.0,362,0.0,0.0,-0.0,-0.0,2010-05-20,pass,"counterfactual_common_baseline_relative=max(0,final_yield-null)-I-5N"
LC,Luancheng,2010,Mask-aware DQN,,,null,2010,141,21,0.0,27.8,14.9,0.0,0.0,0.0,0.0,0.0,361,0.0,0.0,-0.0,-0.0,2010-05-21,pass,"counterfactual_common_baseline_relative=max(0,final_yield-null)-I-5N"
LC,Luancheng,2010,Mask-aware DQN,,,null,2010,142,22,0.0,28.9,12.7,0.0,0.0,0.0,0.0,0.0,361,0.0,0.0,-0.0,-0.0,2010-05-22,pass,"counterfactual_common_baseline_relative=max(0,final_yield-null)-I-5N"
LC,Luancheng,2010,Mask-aware DQN,,,null,2010,143,23,0.0,32.1,13.5,0.0,0.0,0.0,0.0,0.0,360,0.0,0.0,-0.0,-0.0,2010-05-23,pass,"counterfactual_common_baseline_relative=max(0,final_yield-null)-I-5N"
LC,Luancheng,2010,Mask-aware DQN,,,null,2010,144,24,0.0,30.7,17.6,0.0,0.0,0.0,0.0,0.0,360,0.0,0.0,-0.0,-0.0,2010-05-24,pass,"counterfactual_common_baseline_relative=max(0,final_yield-null)-I-5N"
LC,Luancheng,2010,Mask-aware DQN,,,null,2010,145,25,0.0,30.6,12.0,0.0,0.0,0.0,0.0,0.0,360,0.0,0.0,-0.0,-0.0,2010-05-25,pass,"counterfactual_common_baseline_relative=max(0,final_yield-null)-I-5N"
LC,Luancheng,2010,Mask-aware DQN,,,null,2010,146,26,0.0,27.7,16.0,0.0,0.0,0.0,0.0,0.0,359,0.0,0.0,-0.0,-0.0,2010-05-26,pass,"counterfactual_common_baseline_relative=max(0,final_yield-null)-I-5N"
LC,Luancheng,2010,Mask-aware DQN,,,null,2010,147,27,1.4,21.5,18.1,0.0,0.0,0.0,0.0,0.0,360,0.0,0.0,-0.0,-0.0,2010-05-27,pass,"counterfactual_common_baseline_relative=max(0,final_yield-null)-I-5N"
LC,Luancheng,2010,Mask-aware DQN,,,null,2010,148,28,0.0,27.6,16.3,0.0,0.0,0.0,0.0,0.0,360,0.0,0.0,-0.0,-0.0,2010-05-28,pass,"counterfactual_common_baseline_relative=max(0,final_yield-null)-I-5N"
LC,Luancheng,2010,Mask-aware DQN,,,null,2010,149,29,0.0,35.1,13.5,0.0,0.0,0.0,0.0,0.0,359,0.0,0.0,-0.0,-0.0,2010-05-29,pass,"counterfactual_common_baseline_relative=max(0,final_yield-null)-I-5N"
LC,Luancheng,2010,Mask-aware DQN,,,null,2010,150,30,0.0,30.6,13.6,0.0,0.0,0.0,0.0,0.0,359,0.0,0.0,-0.0,-0.0,2010-05-30,pass,"counterfactual_common_baseline_relative=max(0,final_yield-null)-I-5N"
LC,Luancheng,2010,Mask-aware DQN,,,null,2010,151,31,0.0,26.5,15.0,0.0,0.0,0.0,0.0,0.0,359,0.0,0.0,-0.0,-0.0,2010-05-31,pass,"counterfactual_common_baseline_relative=max(0,final_yield-null)-I-5N"
LC,Luancheng,2010,Mask-aware DQN,,,null,2010,152,32,0.0,27.6,14.7,0.0,0.0,0.0,0.0,0.0,358,0.0,0.0,-0.0,-0.0,2010-06-01,pass,"counterfactual_common_baseline_relative=max(0,final_yield-null)-I-5N"
LC,Luancheng,2010,Mask-aware DQN,,,null,2010,153,33,2.8,24.5,15.6,0.0,0.0,0.0,0.0,0.0,360,0.0,0.0,-0.0,-0.0,2010-06-02,pass,"counterfactual_common_baseline_relative=max(0,final_yield-null)-I-5N"
LC,Luancheng,2010,Mask-aware DQN,,,null,2010,154,34,0.2,26.8,16.3,0.0,0.0,0.0,0.0,0.0,360,0.0,0.0,-0.0,-0.0,2010-06-03,pass,"counterfactual_common_baseline_relative=max(0,final_yield-null)-I-5N"
LC,Luancheng,2010,Mask-aware DQN,,,null,2010,155,35,0.0,28.8,15.7,0.0,0.0,0.0,0.0,0.0,359,0.0,0.0,-0.0,-0.0,2010-06-04,pass,"counterfactual_common_baseline_relative=max(0,final_yield-null)-I-5N"
LC,Luancheng,2010,Mask-aware DQN,,,null,2010,156,36,0.0,29.3,15.2,0.0,0.0,0.0,0.0,0.0,359,0.0,0.0,-0.0,-0.0,2010-06-05,pass,"counterfactual_common_baseline_relative=max(0,final_yield-null)-I-5N"
LC,Luancheng,2010,Mask-aware DQN,,,null,2010,157,37,0.0,29.8,15.8,0.0,0.0,0.0,0.0,0.0,359,0.0,0.0,-0.0,-0.0,2010-06-06,pass,"counterfactual_common_baseline_relative=max(0,final_yield-null)-I-5N"
LC,Luancheng,2010,Mask-aware DQN,,,null,2010,158,38,0.0,29.6,17.5,0.0,0.0,0.0,0.0,0.0,358,0.0,0.0,-0.0,-0.0,2010-06-07,pass,"counterfactual_common_baseline_relative=max(0,final_yield-null)-I-5N"
LC,Luancheng,2010,Mask-aware DQN,,,null,2010,159,39,0.0,29.6,15.2,0.0,0.0,0.0,0.0,0.0,358,0.0,0.0,-0.0,-0.0,2010-06-08,pass,"counterfactual_common_baseline_relative=max(0,final_yield-null)-I-5N"
LC,Luancheng,2010,Mask-aware DQN,,,null,2010,160,40,0.0,26.1,19.0,0.0,0.0,0.0,0.0,0.0,358,0.0,0.0,-0.0,-0.0,2010-06-09,pass,"counterfactual_common_baseline_relative=max(0,final_yield-null)-I-5N"
LC,Luancheng,2010,Mask-aware DQN,,,null,2010,161,41,0.0,27.5,18.3,0.0,0.0,0.0,0.0,0.0,357,0.0,0.0,-0.0,-0.0,2010-06-10,pass,"counterfactual_common_baseline_relative=max(0,final_yield-null)-I-5N"
LC,Luancheng,2010,Mask-aware DQN,,,null,2010,162,42,0.0,27.9,14.2,0.0,0.0,0.0,0.0,0.0,357,0.0,0.0,-0.0,-0.0,2010-06-11,pass,"counterfactual_common_baseline_relative=max(0,final_yield-null)-I-5N"
LC,Luancheng,2010,Mask-aware DQN,,,null,2010,163,43,0.0,31.8,17.0,0.0,0.0,0.0,0.0,0.0,357,0.0,0.0,-0.0,-0.0,2010-06-12,pass,"counterfactual_common_baseline_relative=max(0,final_yield-null)-I-5N"
LC,Luancheng,2010,Mask-aware DQN,,,null,2010,164,44,0.0,34.1,18.9,0.0,0.0,0.0,0.0,0.0,356,0.0,0.0,-0.0,-0.0,2010-06-13,pass,"counterfactual_common_baseline_relative=max(0,final_yield-null)-I-5N"
LC,Luancheng,2010,Mask-aware DQN,,,null,2010,165,45,0.0,31.4,19.1,0.0,0.0,0.0,0.0,0.0,356,0.0,0.0,-0.0,-0.0,2010-06-14,pass,"counterfactual_common_baseline_relative=max(0,final_yield-null)-I-5N"
LC,Luancheng,2010,Mask-aware DQN,,,null,2010,166,46,0.0,38.2,19.9,0.0,0.0,0.0,0.0,0.0,356,0.0,0.0,-0.0,-0.0,2010-06-15,pass,"counterfactual_common_baseline_relative=max(0,final_yield-null)-I-5N"
LC,Luancheng,2010,Mask-aware DQN,,,null,2010,167,47,0.0,37.2,21.1,0.0,0.0,0.0,0.0,0.0,355,0.0,0.0,-0.0,-0.0,2010-06-16,pass,"counterfactual_common_baseline_relative=max(0,final_yield-null)-I-5N"
LC,Luancheng,2010,Mask-aware DQN,,,null,2010,168,48,0.0,32.0,20.3,0.0,0.0,0.0,0.0,0.0,355,0.0,0.0,-0.0,-0.0,2010-06-17,pass,"counterfactual_common_baseline_relative=max(0,final_yield-null)-I-5N"
LC,Luancheng,2010,Mask-aware DQN,,,null,2010,169,49,2.6,29.6,19.4,0.0,0.0,0.0,0.0,0.0,357,0.0,0.0,-0.0,-0.0,2010-06-18,pass,"counterfactual_common_baseline_relative=max(0,final_yield-null)-I-5N"
LC,Luancheng,2010,Mask-aware DQN,,,null,2010,170,50,0.0,36.7,16.9,0.0,0.0,0.0,0.0,0.0,357,0.0,0.0,-0.0,-0.0,2010-06-19,pass,"counterfactual_common_baseline_relative=max(0,final_yield-null)-I-5N"
LC,Luancheng,2010,Mask-aware DQN,,,null,2010,171,51,0.0,37.4,19.6,0.0,0.0,0.0,0.0,0.0,356,0.0,0.0,-0.0,-0.0,2010-06-20,pass,"counterfactual_common_baseline_relative=max(0,final_yield-null)-I-5N"
LC,Luancheng,2010,Mask-aware DQN,,,null,2010,172,52,0.0,41.4,21.0,1.0,0.0,0.0,0.0,0.0,356,0.0,0.0,-0.0,-0.0,2010-06-21,pass,"counterfactual_common_baseline_relative=max(0,final_yield-null)-I-5N"
LC,Luancheng,2010,Mask-aware DQN,,,null,2010,173,53,0.0,35.7,24.1,2.0,0.0,0.0,0.0,0.0,356,0.0,0.0,-0.0,-0.0,2010-06-22,pass,"counterfactual_common_baseline_relative=max(0,final_yield-null)-I-5N"
LC,Luancheng,2010,Mask-aware DQN,,,null,2010,174,54,0.0,31.8,19.5,3.0,0.0,0.0,0.0,0.0,355,0.0,0.0,-0.0,-0.0,2010-06-23,pass,"counterfactual_common_baseline_relative=max(0,final_yield-null)-I-5N"
LC,Luancheng,2010,Mask-aware DQN,,,null,2010,175,55,0.0,33.9,17.7,4.0,0.0,0.0,0.0,0.0,355,0.0,0.0,-0.0,-0.0,2010-06-24,pass,"counterfactual_common_baseline_relative=max(0,final_yield-null)-I-5N"
LC,Luancheng,2010,Mask-aware DQN,,,null,2010,176,56,0.0,32.3,21.1,5.0,0.0,29.0,0.0,0.012,355,0.0,0.0,-0.0,-0.0,2010-06-25,pass,"counterfactual_common_baseline_relative=max(0,final_yield-null)-I-5N"
LC,Luancheng,2010,Mask-aware DQN,,,null,2010,177,57,0.0,34.1,21.2,6.0,0.0,29.0,0.0,0.009,355,0.0,0.0,-0.0,-0.0,2010-06-26,pass,"counterfactual_common_baseline_relative=max(0,final_yield-null)-I-5N"
LC,Luancheng,2010,Mask-aware DQN,,,null,2010,178,58,0.0,38.2,19.6,7.0,0.0,29.0,0.0,0.0,354,0.0,0.0,-0.0,-0.0,2010-06-27,pass,"counterfactual_common_baseline_relative=max(0,final_yield-null)-I-5N"
LC,Luancheng,2010,Mask-aware DQN,,,null,2010,179,59,0.0,40.4,21.5,8.0,0.0,32.0,0.0,0.0,354,0.0,0.0,-0.0,-0.0,2010-06-28,pass,"counterfactual_common_baseline_relative=max(0,final_yield-null)-I-5N"
LC,Luancheng,2010,Mask-aware DQN,,,null,2010,180,60,0.0,34.6,23.8,9.0,0.0,49.0,0.0,0.0,353,0.0,0.0,-0.0,-0.0,2010-06-29,pass,"counterfactual_common_baseline_relative=max(0,final_yield-null)-I-5N"
LC,Luancheng,2010,Mask-aware DQN,,,null,2010,181,61,0.0,31.6,24.9,10.0,0.0,58.0,0.0,0.019,353,0.0,0.0,-0.0,-0.0,2010-06-30,pass,"counterfactual_common_baseline_relative=max(0,final_yield-null)-I-5N"
LC,Luancheng,2010,Mask-aware DQN,,,null,2010,182,62,3.6,27.4,23.3,11.0,0.0,60.0,0.0,0.0,356,0.0,0.0,-0.0,-0.0,2010-07-01,pass,"counterfactual_common_baseline_relative=max(0,final_yield-null)-I-5N"
LC,Luancheng,2010,Mask-aware DQN,,,null,2010,183,63,0.0,36.8,21.3,12.0,0.0,96.0,0.0,0.0,355,0.0,0.0,-0.0,-0.0,2010-07-02,pass,"counterfactual_common_baseline_relative=max(0,final_yield-null)-I-5N"
LC,Luancheng,2010,Mask-aware DQN,,,null,2010,184,64,0.0,39.6,22.1,13.0,0.0,140.0,0.0,0.0,353,0.0,0.0,-0.0,-0.0,2010-07-03,pass,"counterfactual_common_baseline_relative=max(0,final_yield-null)-I-5N"
LC,Luancheng,2010,Mask-aware DQN,,,null,2010,185,65,0.0,39.9,23.8,14.0,0.0,181.0,0.0,0.0,352,0.0,0.0,-0.0,-0.0,2010-07-04,pass,"counterfactual_common_baseline_relative=max(0,final_yield-null)-I-5N"
LC,Luancheng,2010,Mask-aware DQN,,,null,2010,186,66,0.0,40.3,25.6,15.0,0.0,230.0,0.038,0.01,350,0.0,0.0,-0.0,-0.0,2010-07-05,pass,"counterfactual_common_baseline_relative=max(0,final_yield-null)-I-5N"
LC,Luancheng,2010,Mask-aware DQN,,,null,2010,187,67,0.0,41.1,21.9,16.0,0.0,273.0,0.318,0.0,347,0.0,0.0,-0.0,-0.0,2010-07-06,pass,"counterfactual_common_baseline_relative=max(0,final_yield-null)-I-5N"
LC,Luancheng,2010,Mask-aware DQN,,,null,2010,188,68,0.0,35.5,22.6,17.0,0.0,317.0,0.0,0.0,346,0.0,0.0,-0.0,-0.0,2010-07-07,pass,"counterfactual_common_baseline_relative=max(0,final_yield-null)-I-5N"
LC,Luancheng,2010,Mask-aware DQN,,,null,2010,189,69,0.0,34.6,22.9,18.0,0.0,419.0,0.0,0.0,344,0.0,0.0,-0.0,-0.0,2010-07-08,pass,"counterfactual_common_baseline_relative=max(0,final_yield-null)-I-5N"
LC,Luancheng,2010,Mask-aware DQN,,,null,2010,190,70,28.0,31.1,21.5,19.0,0.0,460.0,0.0,0.0,368,0.0,0.0,-0.0,-0.0,2010-07-09,pass,"counterfactual_common_baseline_relative=max(0,final_yield-null)-I-5N"
LC,Luancheng,2010,Mask-aware DQN,,,null,2010,191,71,5.6,29.0,21.1,20.0,0.0,552.0,0.0,0.0,371,0.0,0.0,-0.0,-0.0,2010-07-10,pass,"counterfactual_common_baseline_relative=max(0,final_yield-null)-I-5N"
LC,Luancheng,2010,Mask-aware DQN,,,null,2010,192,72,0.0,32.6,21.2,21.0,0.0,709.0,0.0,0.0,366,0.0,0.0,-0.0,-0.0,2010-07-11,pass,"counterfactual_common_baseline_relative=max(0,final_yield-null)-I-5N"
LC,Luancheng,2010,Mask-aware DQN,,,null,2010,193,73,0.0,31.5,24.1,22.0,0.0,795.0,0.0,0.0,364,0.0,0.0,-0.0,-0.0,2010-07-12,pass,"counterfactual_common_baseline_relative=max(0,final_yield-null)-I-5N"
LC,Luancheng,2010,Mask-aware DQN,,,null,2010,194,74,0.0,31.6,23.9,23.0,0.0,929.0,0.0,0.0,361,0.0,0.0,-0.0,-0.0,2010-07-13,pass,"counterfactual_common_baseline_relative=max(0,final_yield-null)-I-5N"
LC,Luancheng,2010,Mask-aware DQN,,,null,2010,195,75,0.0,31.3,23.7,24.0,0.0,1070.0,0.0,0.0,358,0.0,0.0,-0.0,-0.0,2010-07-14,pass,"counterfactual_common_baseline_relative=max(0,final_yield-null)-I-5N"
LC,Luancheng,2010,Mask-aware DQN,,,null,2010,196,76,0.4,30.1,23.4,25.0,0.0,1160.0,0.0,0.0,356,0.0,0.0,-0.0,-0.0,2010-07-15,pass,"counterfactual_common_baseline_relative=max(0,final_yield-null)-I-5N"
LC,Luancheng,2010,Mask-aware DQN,,,null,2010,197,77,0.0,33.3,21.9,26.0,0.0,1405.0,0.0,0.0,350,0.0,0.0,-0.0,-0.0,2010-07-16,pass,"counterfactual_common_baseline_relative=max(0,final_yield-null)-I-5N"
LC,Luancheng,2010,Mask-aware DQN,,,null,2010,198,78,0.0,32.1,23.5,27.0,0.0,1572.0,0.0,0.0,347,0.0,0.0,-0.0,-0.0,2010-07-17,pass,"counterfactual_common_baseline_relative=max(0,final_yield-null)-I-5N"
LC,Luancheng,2010,Mask-aware DQN,,,null,2010,199,79,0.2,34.3,20.6,28.0,0.0,1863.0,0.0,0.0,342,0.0,0.0,-0.0,-0.0,2010-07-18,pass,"counterfactual_common_baseline_relative=max(0,final_yield-null)-I-5N"
LC,Luancheng,2010,Mask-aware DQN,,,null,2010,200,80,1.6,28.9,23.4,29.0,0.0,1923.0,0.0,0.0,343,0.0,0.0,-0.0,-0.0,2010-07-19,pass,"counterfactual_common_baseline_relative=max(0,final_yield-null)-I-5N"
LC,Luancheng,2010,Mask-aware DQN,,,null,2010,201,81,0.0,32.4,19.1,30.0,0.0,2236.0,0.0,0.0,336,0.0,0.0,-0.0,-0.0,2010-07-20,pass,"counterfactual_common_baseline_relative=max(0,final_yield-null)-I-5N"
LC,Luancheng,2010,Mask-aware DQN,,,null,2010,202,82,0.0,33.9,20.6,31.0,0.0,2585.0,0.0,0.0,331,0.0,0.0,-0.0,-0.0,2010-07-21,pass,"counterfactual_common_baseline_relative=max(0,final_yield-null)-I-5N"
LC,Luancheng,2010,Mask-aware DQN,,,null,2010,203,83,0.0,33.3,23.3,32.0,0.0,2834.0,0.0,0.0,327,0.0,0.0,-0.0,-0.0,2010-07-22,pass,"counterfactual_common_baseline_relative=max(0,final_yield-null)-I-5N"
LC,Luancheng,2010,Mask-aware DQN,,,null,2010,204,84,0.0,33.9,23.3,33.0,0.0,3171.0,0.0,0.0,322,0.0,0.0,-0.0,-0.0,2010-07-23,pass,"counterfactual_common_baseline_relative=max(0,final_yield-null)-I-5N"
LC,Luancheng,2010,Mask-aware DQN,,,null,2010,205,85,0.0,34.0,23.0,34.0,0.0,3507.0,0.0,0.0,317,0.0,0.0,-0.0,-0.0,2010-07-24,pass,"counterfactual_common_baseline_relative=max(0,final_yield-null)-I-5N"
LC,Luancheng,2010,Mask-aware DQN,,,null,2010,206,86,0.0,35.3,23.2,35.0,0.0,3891.0,0.0,0.0,311,0.0,0.0,-0.0,-0.0,2010-07-25,pass,"counterfactual_common_baseline_relative=max(0,final_yield-null)-I-5N"
LC,Luancheng,2010,Mask-aware DQN,,,null,2010,207,87,0.0,34.8,23.5,36.0,0.0,4200.0,0.0,0.0,306,0.0,0.0,-0.0,-0.0,2010-07-26,pass,"counterfactual_common_baseline_relative=max(0,final_yield-null)-I-5N"
LC,Luancheng,2010,Mask-aware DQN,,,null,2010,208,88,0.0,33.8,24.2,37.0,0.0,4526.0,0.0,0.0,302,0.0,0.0,-0.0,-0.0,2010-07-27,pass,"counterfactual_common_baseline_relative=max(0,final_yield-null)-I-5N"
LC,Luancheng,2010,Mask-aware DQN,,,null,2010,209,89,0.0,34.7,24.5,38.0,0.0,4866.0,0.0,0.0,297,0.0,0.0,-0.0,-0.0,2010-07-28,pass,"counterfactual_common_baseline_relative=max(0,final_yield-null)-I-5N"
LC,Luancheng,2010,Mask-aware DQN,,,null,2010,210,90,0.0,36.5,25.5,39.0,0.0,5228.0,0.0,0.0,292,0.0,0.0,-0.0,-0.0,2010-07-29,pass,"counterfactual_common_baseline_relative=max(0,final_yield-null)-I-5N"
LC,Luancheng,2010,Mask-aware DQN,,,null,2010,211,91,0.0,36.4,27.1,40.0,0.0,5453.0,0.0,0.0,288,0.0,0.0,-0.0,-0.0,2010-07-30,pass,"counterfactual_common_baseline_relative=max(0,final_yield-null)-I-5N"
LC,Luancheng,2010,Mask-aware DQN,,,null,2010,212,92,0.2,37.3,25.5,41.0,0.0,5723.0,0.0,0.0,283,0.0,0.0,-0.0,-0.0,2010-07-31,pass,"counterfactual_common_baseline_relative=max(0,final_yield-null)-I-5N"
LC,Luancheng,2010,Mask-aware DQN,,,null,2010,213,93,0.2,28.0,24.3,42.0,0.0,5888.0,0.0,0.0,281,0.0,0.0,-0.0,-0.0,2010-08-01,pass,"counterfactual_common_baseline_relative=max(0,final_yield-null)-I-5N"
LC,Luancheng,2010,Mask-aware DQN,,,null,2010,214,94,0.0,31.3,22.1,43.0,0.0,6224.0,0.0,0.0,277,0.0,0.0,-0.0,-0.0,2010-08-02,pass,"counterfactual_common_baseline_relative=max(0,final_yield-null)-I-5N"
LC,Luancheng,2010,Mask-aware DQN,,,null,2010,215,95,0.2,32.7,21.6,44.0,0.0,6531.0,0.0,0.0,273,0.0,0.0,-0.0,-0.0,2010-08-03,pass,"counterfactual_common_baseline_relative=max(0,final_yield-null)-I-5N"
LC,Luancheng,2010,Mask-aware DQN,,,null,2010,216,96,0.2,32.9,23.5,45.0,0.0,6622.0,0.0,0.0,272,0.0,0.0,-0.0,-0.0,2010-08-04,pass,"counterfactual_common_baseline_relative=max(0,final_yield-null)-I-5N"
LC,Luancheng,2010,Mask-aware DQN,,,null,2010,217,97,0.2,33.0,22.4,46.0,0.0,6853.0,0.0,0.0,269,0.0,0.0,-0.0,-0.0,2010-08-05,pass,"counterfactual_common_baseline_relative=max(0,final_yield-null)-I-5N"
LC,Luancheng,2010,Mask-aware DQN,,,null,2010,218,98,0.0,30.9,20.3,47.0,0.0,7209.0,0.0,0.0,263,0.0,0.0,-0.0,-0.0,2010-08-06,pass,"counterfactual_common_baseline_relative=max(0,final_yield-null)-I-5N"
LC,Luancheng,2010,Mask-aware DQN,,,null,2010,219,99,0.2,31.5,18.7,48.0,0.0,7523.0,0.0,0.0,259,0.0,0.0,-0.0,-0.0,2010-08-07,pass,"counterfactual_common_baseline_relative=max(0,final_yield-null)-I-5N"
LC,Luancheng,2010,Mask-aware DQN,,,null,2010,220,100,0.0,32.2,22.4,49.0,0.0,7796.0,0.0,0.0,255,0.0,0.0,-0.0,-0.0,2010-08-08,pass,"counterfactual_common_baseline_relative=max(0,final_yield-null)-I-5N"
LC,Luancheng,2010,Mask-aware DQN,,,null,2010,221,101,0.2,31.1,24.5,50.0,0.0,7893.0,0.0,0.0,253,0.0,0.0,-0.0,-0.0,2010-08-09,pass,"counterfactual_common_baseline_relative=max(0,final_yield-null)-I-5N"
LC,Luancheng,2010,Mask-aware DQN,,,null,2010,222,102,0.2,28.8,22.1,51.0,0.0,7941.0,0.0,0.0,252,0.0,0.0,-0.0,-0.0,2010-08-10,pass,"counterfactual_common_baseline_relative=max(0,final_yield-null)-I-5N"
LC,Luancheng,2010,Mask-aware DQN,,,null,2010,223,103,0.0,25.5,21.5,52.0,0.0,7918.0,0.0,0.0,252,0.0,0.0,-0.0,-0.0,2010-08-11,pass,"counterfactual_common_baseline_relative=max(0,final_yield-null)-I-5N"
LC,Luancheng,2010,Mask-aware DQN,,,null,2010,224,104,0.2,33.2,20.7,53.0,0.0,8236.0,0.0,0.0,247,0.0,0.0,-0.0,-0.0,2010-08-12,pass,"counterfactual_common_baseline_relative=max(0,final_yield-null)-I-5N"
LC,Luancheng,2010,Mask-aware DQN,,,null,2010,225,105,0.2,28.5,23.8,54.0,0.0,8269.0,0.0,0.0,246,0.0,0.0,-0.0,-0.0,2010-08-13,pass,"counterfactual_common_baseline_relative=max(0,final_yield-null)-I-5N"
LC,Luancheng,2010,Mask-aware DQN,,,null,2010,226,106,0.0,32.1,22.6,55.0,0.0,8475.0,0.0,0.0,242,0.0,0.0,-0.0,-0.0,2010-08-14,pass,"counterfactual_common_baseline_relative=max(0,final_yield-null)-I-5N"
LC,Luancheng,2010,Mask-aware DQN,,,null,2010,227,107,0.0,35.4,16.4,56.0,264.0,8739.0,0.0,0.0,236,0.0,0.0,-0.0,-0.0,2010-08-15,pass,"counterfactual_common_baseline_relative=max(0,final_yield-null)-I-5N"
LC,Luancheng,2010,Mask-aware DQN,,,null,2010,228,108,0.2,33.3,17.8,57.0,528.0,9003.0,0.0,0.0,231,0.0,0.0,-0.0,-0.0,2010-08-16,pass,"counterfactual_common_baseline_relative=max(0,final_yield-null)-I-5N"
LC,Luancheng,2010,Mask-aware DQN,,,null,2010,229,109,0.0,32.5,18.7,58.0,792.0,9267.0,0.0,0.0,227,0.0,0.0,-0.0,-0.0,2010-08-17,pass,"counterfactual_common_baseline_relative=max(0,final_yield-null)-I-5N"
LC,Luancheng,2010,Mask-aware DQN,,,null,2010,230,110,0.0,30.3,21.7,59.0,1055.0,9453.0,0.0,0.0,225,0.0,0.0,-0.0,-0.0,2010-08-18,pass,"counterfactual_common_baseline_relative=max(0,final_yield-null)-I-5N"
LC,Luancheng,2010,Mask-aware DQN,,,null,2010,231,111,0.2,28.0,20.4,60.0,1319.0,9633.0,0.0,0.0,223,0.0,0.0,-0.0,-0.0,2010-08-19,pass,"counterfactual_common_baseline_relative=max(0,final_yield-null)-I-5N"
LC,Luancheng,2010,Mask-aware DQN,,,null,2010,232,112,0.0,26.6,22.5,61.0,1583.0,9727.0,0.0,0.0,222,0.0,0.0,-0.0,-0.0,2010-08-20,pass,"counterfactual_common_baseline_relative=max(0,final_yield-null)-I-5N"
LC,Luancheng,2010,Mask-aware DQN,,,null,2010,233,113,0.2,23.5,19.9,62.0,1847.0,9768.0,0.0,0.0,221,0.0,0.0,-0.0,-0.0,2010-08-21,pass,"counterfactual_common_baseline_relative=max(0,final_yield-null)-I-5N"
LC,Luancheng,2010,Mask-aware DQN,,,null,2010,234,114,0.2,29.8,18.3,63.0,2111.0,10086.0,0.0,0.0,217,0.0,0.0,-0.0,-0.0,2010-08-22,pass,"counterfactual_common_baseline_relative=max(0,final_yield-null)-I-5N"
LC,Luancheng,2010,Mask-aware DQN,,,null,2010,235,115,0.0,27.1,19.5,64.0,2375.0,10261.0,0.0,0.0,215,0.0,0.0,-0.0,-0.0,2010-08-23,pass,"counterfactual_common_baseline_relative=max(0,final_yield-null)-I-5N"
LC,Luancheng,2010,Mask-aware DQN,,,null,2010,236,116,0.2,26.2,18.1,65.0,2639.0,10574.0,0.0,0.0,212,0.0,0.0,-0.0,-0.0,2010-08-24,pass,"counterfactual_common_baseline_relative=max(0,final_yield-null)-I-5N"
LC,Luancheng,2010,Mask-aware DQN,,,null,2010,237,117,0.0,30.2,13.9,66.0,2902.0,10913.0,0.0,0.0,207,0.0,0.0,-0.0,-0.0,2010-08-25,pass,"counterfactual_common_baseline_relative=max(0,final_yield-null)-I-5N"
LC,Luancheng,2010,Mask-aware DQN,,,null,2010,238,118,0.2,30.2,19.9,67.0,3166.0,11195.0,0.0,0.0,204,0.0,0.0,-0.0,-0.0,2010-08-26,pass,"counterfactual_common_baseline_relative=max(0,final_yield-null)-I-5N"
LC,Luancheng,2010,Mask-aware DQN,,,null,2010,239,119,0.2,28.9,17.1,68.0,3430.0,11430.0,0.0,0.0,201,0.0,0.0,-0.0,-0.0,2010-08-27,pass,"counterfactual_common_baseline_relative=max(0,final_yield-null)-I-5N"
LC,Luancheng,2010,Mask-aware DQN,,,null,2010,240,120,0.2,31.2,15.3,69.0,3694.0,11769.0,0.0,0.0,197,0.0,0.0,-0.0,-0.0,2010-08-28,pass,"counterfactual_common_baseline_relative=max(0,final_yield-null)-I-5N"
LC,Luancheng,2010,Mask-aware DQN,,,null,2010,241,121,0.4,32.0,16.2,70.0,3958.0,12103.0,0.0,0.0,192,0.0,0.0,-0.0,-0.0,2010-08-29,pass,"counterfactual_common_baseline_relative=max(0,final_yield-null)-I-5N"
LC,Luancheng,2010,Mask-aware DQN,,,null,2010,242,122,0.2,31.7,18.7,71.0,4222.0,12390.0,0.0,0.0,189,0.0,0.0,-0.0,-0.0,2010-08-30,pass,"counterfactual_common_baseline_relative=max(0,final_yield-null)-I-5N"
LC,Luancheng,2010,Mask-aware DQN,,,null,2010,243,123,0.4,29.3,20.5,72.0,4486.0,12595.0,0.0,0.0,187,0.0,0.0,-0.0,-0.0,2010-08-31,pass,"counterfactual_common_baseline_relative=max(0,final_yield-null)-I-5N"
LC,Luancheng,2010,Mask-aware DQN,,,null,2010,244,124,0.2,28.9,18.1,73.0,4749.0,12885.0,0.0,0.0,183,0.0,0.0,-0.0,-0.0,2010-09-01,pass,"counterfactual_common_baseline_relative=max(0,final_yield-null)-I-5N"
LC,Luancheng,2010,Mask-aware DQN,,,null,2010,245,125,0.2,29.3,19.4,74.0,5013.0,13121.0,0.0,0.0,180,0.0,0.0,-0.0,-0.0,2010-09-02,pass,"counterfactual_common_baseline_relative=max(0,final_yield-null)-I-5N"
LC,Luancheng,2010,Mask-aware DQN,,,null,2010,246,126,0.2,28.3,19.5,75.0,5268.0,13330.0,0.062,0.0,178,0.0,0.0,-0.0,-0.0,2010-09-03,pass,"counterfactual_common_baseline_relative=max(0,final_yield-null)-I-5N"
LC,Luancheng,2010,Mask-aware DQN,,,null,2010,247,127,0.2,28.4,16.7,76.0,5491.0,13509.0,0.284,0.0,176,0.0,0.0,-0.0,-0.0,2010-09-04,pass,"counterfactual_common_baseline_relative=max(0,final_yield-null)-I-5N"
LC,Luancheng,2010,Mask-aware DQN,,,null,2010,248,128,0.0,27.5,19.0,77.0,5742.0,13663.0,0.086,0.0,174,0.0,0.0,-0.0,-0.0,2010-09-05,pass,"counterfactual_common_baseline_relative=max(0,final_yield-null)-I-5N"
LC,Luancheng,2010,Mask-aware DQN,,,null,2010,249,129,0.2,27.1,18.5,78.0,5997.0,13802.0,0.062,0.0,173,0.0,0.0,-0.0,-0.0,2010-09-06,pass,"counterfactual_common_baseline_relative=max(0,final_yield-null)-I-5N"
LC,Luancheng,2010,Mask-aware DQN,,,null,2010,250,130,21.0,24.0,20.4,79.0,6261.0,13880.0,0.0,0.0,193,0.0,0.0,-0.0,-0.0,2010-09-07,pass,"counterfactual_common_baseline_relative=max(0,final_yield-null)-I-5N"
LC,Luancheng,2010,Mask-aware DQN,,,null,2010,251,131,0.2,25.2,19.0,80.0,6525.0,14089.0,0.0,0.0,191,0.0,0.0,-0.0,-0.0,2010-09-08,pass,"counterfactual_common_baseline_relative=max(0,final_yield-null)-I-5N"
LC,Luancheng,2010,Mask-aware DQN,,,null,2010,252,132,0.0,24.7,17.8,81.0,6686.0,14176.0,0.0,0.0,189,0.0,0.0,-0.0,-0.0,2010-09-09,pass,"counterfactual_common_baseline_relative=max(0,final_yield-null)-I-5N"
LC,Luancheng,2010,Mask-aware DQN,,,null,2010,253,133,0.0,31.7,14.2,82.0,6947.0,14478.0,0.019,0.0,184,0.0,0.0,-0.0,-0.0,2010-09-10,pass,"counterfactual_common_baseline_relative=max(0,final_yield-null)-I-5N"
LC,Luancheng,2010,Mask-aware DQN,,,null,2010,254,134,0.0,31.0,15.5,83.0,7189.0,14743.0,0.151,0.0,180,0.0,0.0,-0.0,-0.0,2010-09-11,pass,"counterfactual_common_baseline_relative=max(0,final_yield-null)-I-5N"
LC,Luancheng,2010,Mask-aware DQN,,,null,2010,255,135,0.0,31.9,13.9,84.0,7409.0,14972.0,0.296,0.0,176,0.0,0.0,-0.0,-0.0,2010-09-12,pass,"counterfactual_common_baseline_relative=max(0,final_yield-null)-I-5N"
LC,Luancheng,2010,Mask-aware DQN,,,null,2010,256,136,0.0,31.6,15.5,85.0,7630.0,15191.0,0.297,0.0,173,0.0,0.0,-0.0,-0.0,2010-09-13,pass,"counterfactual_common_baseline_relative=max(0,final_yield-null)-I-5N"
LC,Luancheng,2010,Mask-aware DQN,,,null,2010,257,137,0.0,30.9,17.5,86.0,7863.0,15389.0,0.217,0.0,170,0.0,0.0,-0.0,-0.0,2010-09-14,pass,"counterfactual_common_baseline_relative=max(0,final_yield-null)-I-5N"
LC,Luancheng,2010,Mask-aware DQN,,,null,2010,258,138,0.0,29.4,17.6,87.0,7965.0,15455.0,0.504,0.0,168,0.0,0.0,-0.0,-0.0,2010-09-15,pass,"counterfactual_common_baseline_relative=max(0,final_yield-null)-I-5N"
LC,Luancheng,2010,Mask-aware DQN,,,null,2010,259,139,0.0,28.7,20.9,88.0,8051.0,15541.0,0.446,0.0,167,0.0,0.0,-0.0,-0.0,2010-09-16,pass,"counterfactual_common_baseline_relative=max(0,final_yield-null)-I-5N"
LC,Luancheng,2010,Mask-aware DQN,,,null,2010,260,140,1.6,26.4,15.1,89.0,8051.0,15541.0,0.0,0.0,168,0.0,0.0,-0.0,-0.0,2010-09-17,pass,"counterfactual_common_baseline_relative=max(0,final_yield-null)-I-5N"
LC,Luancheng,2010,Mask-aware DQN,,,null,2010,261,141,2.2,15.4,14.0,90.0,8051.0,15541.0,0.0,0.0,170,0.0,0.0,-0.0,-0.0,2010-09-18,pass,"counterfactual_common_baseline_relative=max(0,final_yield-null)-I-5N"
LC,Luancheng,2010,Mask-aware DQN,,,null,2010,262,142,18.2,20.8,15.2,91.0,8051.0,15541.0,0.0,0.0,187,0.0,0.0,-0.0,-0.0,2010-09-19,pass,"counterfactual_common_baseline_relative=max(0,final_yield-null)-I-5N"
LC,Luancheng,2010,Mask-aware DQN,,,null,2010,263,143,0.0,23.1,16.9,92.0,8051.0,15541.0,0.0,0.0,185,0.0,0.0,-0.0,-0.0,2010-09-20,pass,"counterfactual_common_baseline_relative=max(0,final_yield-null)-I-5N"
LC,Luancheng,2010,Mask-aware DQN,,,null,2010,264,144,9.6,18.7,12.9,93.0,8051.0,15541.0,0.0,0.0,194,0.0,0.0,0.0,0.0,2010-09-21,pass,"counterfactual_common_baseline_relative=max(0,final_yield-null)-I-5N"
LC,Luancheng,2010,Mask-aware DQN,,,recorded_farmer,2010,121,1,0.0,29.5,6.1,0.0,0.0,0.0,0.0,0.0,372,0.0,0.0,-0.0,-0.0,2010-05-01,pass,"counterfactual_common_baseline_relative=max(0,final_yield-null)-I-5N"
LC,Luancheng,2010,Mask-aware DQN,,,recorded_farmer,2010,122,2,0.0,31.1,12.9,0.0,0.0,0.0,0.0,0.0,371,0.0,0.0,-0.0,-0.0,2010-05-02,pass,"counterfactual_common_baseline_relative=max(0,final_yield-null)-I-5N"
LC,Luancheng,2010,Mask-aware DQN,,,recorded_farmer,2010,123,3,0.0,24.2,17.5,0.0,0.0,0.0,0.0,0.0,369,0.0,0.0,-0.0,-0.0,2010-05-03,pass,"counterfactual_common_baseline_relative=max(0,final_yield-null)-I-5N"
LC,Luancheng,2010,Mask-aware DQN,,,recorded_farmer,2010,124,4,0.6,23.4,15.2,0.0,0.0,0.0,0.0,0.0,369,0.0,0.0,-0.0,-0.0,2010-05-04,pass,"counterfactual_common_baseline_relative=max(0,final_yield-null)-I-5N"
LC,Luancheng,2010,Mask-aware DQN,,,recorded_farmer,2010,125,5,2.6,28.7,14.4,0.0,0.0,0.0,0.0,0.0,369,0.0,0.0,-0.0,-0.0,2010-05-05,pass,"counterfactual_common_baseline_relative=max(0,final_yield-null)-I-5N"
LC,Luancheng,2010,Mask-aware DQN,,,recorded_farmer,2010,126,6,0.0,28.1,7.7,0.0,0.0,0.0,0.0,0.0,368,0.0,0.0,-0.0,-0.0,2010-05-06,pass,"counterfactual_common_baseline_relative=max(0,final_yield-null)-I-5N"
LC,Luancheng,2010,Mask-aware DQN,,,recorded_farmer,2010,127,7,0.0,31.6,9.2,0.0,0.0,0.0,0.0,0.0,367,0.0,0.0,-0.0,-0.0,2010-05-07,pass,"counterfactual_common_baseline_relative=max(0,final_yield-null)-I-5N"
LC,Luancheng,2010,Mask-aware DQN,,,recorded_farmer,2010,128,8,0.0,25.0,14.2,0.0,0.0,0.0,0.0,0.0,367,0.0,0.0,-0.0,-0.0,2010-05-08,pass,"counterfactual_common_baseline_relative=max(0,final_yield-null)-I-5N"
LC,Luancheng,2010,Mask-aware DQN,,,recorded_farmer,2010,129,9,0.0,23.0,13.5,0.0,0.0,0.0,0.0,0.0,366,0.0,0.0,-0.0,-0.0,2010-05-09,pass,"counterfactual_common_baseline_relative=max(0,final_yield-null)-I-5N"
LC,Luancheng,2010,Mask-aware DQN,,,recorded_farmer,2010,130,10,0.0,27.0,5.3,0.0,0.0,0.0,0.0,0.0,365,0.0,0.0,-0.0,-0.0,2010-05-10,pass,"counterfactual_common_baseline_relative=max(0,final_yield-null)-I-5N"
LC,Luancheng,2010,Mask-aware DQN,,,recorded_farmer,2010,131,11,0.0,23.5,6.8,0.0,0.0,0.0,0.0,0.0,365,0.0,0.0,-0.0,-0.0,2010-05-11,pass,"counterfactual_common_baseline_relative=max(0,final_yield-null)-I-5N"
LC,Luancheng,2010,Mask-aware DQN,,,recorded_farmer,2010,132,12,0.0,23.3,8.1,0.0,0.0,0.0,0.0,0.0,364,0.0,0.0,-0.0,-0.0,2010-05-12,pass,"counterfactual_common_baseline_relative=max(0,final_yield-null)-I-5N"
LC,Luancheng,2010,Mask-aware DQN,,,recorded_farmer,2010,133,13,0.0,24.2,10.9,0.0,0.0,0.0,0.0,0.0,364,0.0,0.0,-0.0,-0.0,2010-05-13,pass,"counterfactual_common_baseline_relative=max(0,final_yield-null)-I-5N"
LC,Luancheng,2010,Mask-aware DQN,,,recorded_farmer,2010,134,14,0.0,21.5,11.7,0.0,0.0,0.0,0.0,0.0,363,0.0,0.0,-0.0,-0.0,2010-05-14,pass,"counterfactual_common_baseline_relative=max(0,final_yield-null)-I-5N"
LC,Luancheng,2010,Mask-aware DQN,,,recorded_farmer,2010,135,15,0.0,25.3,12.2,0.0,0.0,0.0,0.0,0.0,363,0.0,0.0,-0.0,-0.0,2010-05-15,pass,"counterfactual_common_baseline_relative=max(0,final_yield-null)-I-5N"
LC,Luancheng,2010,Mask-aware DQN,,,recorded_farmer,2010,136,16,0.8,18.4,14.5,0.0,0.0,0.0,0.0,0.0,363,0.0,0.0,-0.0,-0.0,2010-05-16,pass,"counterfactual_common_baseline_relative=max(0,final_yield-null)-I-5N"
LC,Luancheng,2010,Mask-aware DQN,,,recorded_farmer,2010,137,17,1.0,23.2,14.3,0.0,0.0,0.0,0.0,0.0,363,0.0,0.0,-0.0,-0.0,2010-05-17,pass,"counterfactual_common_baseline_relative=max(0,final_yield-null)-I-5N"
LC,Luancheng,2010,Mask-aware DQN,,,recorded_farmer,2010,138,18,0.4,28.1,13.0,0.0,0.0,0.0,0.0,0.0,363,0.0,0.0,-0.0,-0.0,2010-05-18,pass,"counterfactual_common_baseline_relative=max(0,final_yield-null)-I-5N"
LC,Luancheng,2010,Mask-aware DQN,,,recorded_farmer,2010,139,19,0.0,32.8,10.8,0.0,0.0,0.0,0.0,0.0,362,0.0,0.0,-0.0,-0.0,2010-05-19,pass,"counterfactual_common_baseline_relative=max(0,final_yield-null)-I-5N"
LC,Luancheng,2010,Mask-aware DQN,,,recorded_farmer,2010,140,20,0.0,33.4,10.3,0.0,0.0,0.0,0.0,0.0,362,0.0,0.0,-0.0,-0.0,2010-05-20,pass,"counterfactual_common_baseline_relative=max(0,final_yield-null)-I-5N"
LC,Luancheng,2010,Mask-aware DQN,,,recorded_farmer,2010,141,21,0.0,27.8,14.9,0.0,0.0,0.0,0.0,0.0,361,0.0,0.0,-0.0,-0.0,2010-05-21,pass,"counterfactual_common_baseline_relative=max(0,final_yield-null)-I-5N"
LC,Luancheng,2010,Mask-aware DQN,,,recorded_farmer,2010,142,22,0.0,28.9,12.7,0.0,0.0,0.0,0.0,0.0,361,0.0,0.0,-0.0,-0.0,2010-05-22,pass,"counterfactual_common_baseline_relative=max(0,final_yield-null)-I-5N"
LC,Luancheng,2010,Mask-aware DQN,,,recorded_farmer,2010,143,23,0.0,32.1,13.5,0.0,0.0,0.0,0.0,0.0,360,0.0,0.0,-0.0,-0.0,2010-05-23,pass,"counterfactual_common_baseline_relative=max(0,final_yield-null)-I-5N"
LC,Luancheng,2010,Mask-aware DQN,,,recorded_farmer,2010,144,24,0.0,30.7,17.6,0.0,0.0,0.0,0.0,0.0,360,0.0,0.0,-0.0,-0.0,2010-05-24,pass,"counterfactual_common_baseline_relative=max(0,final_yield-null)-I-5N"
LC,Luancheng,2010,Mask-aware DQN,,,recorded_farmer,2010,145,25,0.0,30.6,12.0,0.0,0.0,0.0,0.0,0.0,360,0.0,0.0,-0.0,-0.0,2010-05-25,pass,"counterfactual_common_baseline_relative=max(0,final_yield-null)-I-5N"
LC,Luancheng,2010,Mask-aware DQN,,,recorded_farmer,2010,146,26,0.0,27.7,16.0,0.0,0.0,0.0,0.0,0.0,359,0.0,0.0,-0.0,-0.0,2010-05-26,pass,"counterfactual_common_baseline_relative=max(0,final_yield-null)-I-5N"
LC,Luancheng,2010,Mask-aware DQN,,,recorded_farmer,2010,147,27,1.4,21.5,18.1,0.0,0.0,0.0,0.0,0.0,360,0.0,0.0,-0.0,-0.0,2010-05-27,pass,"counterfactual_common_baseline_relative=max(0,final_yield-null)-I-5N"
LC,Luancheng,2010,Mask-aware DQN,,,recorded_farmer,2010,148,28,0.0,27.6,16.3,0.0,0.0,0.0,0.0,0.0,360,0.0,0.0,-0.0,-0.0,2010-05-28,pass,"counterfactual_common_baseline_relative=max(0,final_yield-null)-I-5N"
LC,Luancheng,2010,Mask-aware DQN,,,recorded_farmer,2010,149,29,0.0,35.1,13.5,0.0,0.0,0.0,0.0,0.0,359,0.0,0.0,-0.0,-0.0,2010-05-29,pass,"counterfactual_common_baseline_relative=max(0,final_yield-null)-I-5N"
LC,Luancheng,2010,Mask-aware DQN,,,recorded_farmer,2010,150,30,0.0,30.6,13.6,0.0,0.0,0.0,0.0,0.0,359,0.0,0.0,-0.0,-0.0,2010-05-30,pass,"counterfactual_common_baseline_relative=max(0,final_yield-null)-I-5N"
LC,Luancheng,2010,Mask-aware DQN,,,recorded_farmer,2010,151,31,0.0,26.5,15.0,0.0,0.0,0.0,0.0,0.0,359,0.0,0.0,-0.0,-0.0,2010-05-31,pass,"counterfactual_common_baseline_relative=max(0,final_yield-null)-I-5N"
LC,Luancheng,2010,Mask-aware DQN,,,recorded_farmer,2010,152,32,0.0,27.6,14.7,0.0,0.0,0.0,0.0,0.0,358,0.0,0.0,-0.0,-0.0,2010-06-01,pass,"counterfactual_common_baseline_relative=max(0,final_yield-null)-I-5N"
LC,Luancheng,2010,Mask-aware DQN,,,recorded_farmer,2010,153,33,2.8,24.5,15.6,0.0,0.0,0.0,0.0,0.0,360,0.0,0.0,-0.0,-0.0,2010-06-02,pass,"counterfactual_common_baseline_relative=max(0,final_yield-null)-I-5N"
LC,Luancheng,2010,Mask-aware DQN,,,recorded_farmer,2010,154,34,0.2,26.8,16.3,0.0,0.0,0.0,0.0,0.0,360,0.0,0.0,-0.0,-0.0,2010-06-03,pass,"counterfactual_common_baseline_relative=max(0,final_yield-null)-I-5N"
LC,Luancheng,2010,Mask-aware DQN,,,recorded_farmer,2010,155,35,0.0,28.8,15.7,0.0,0.0,0.0,0.0,0.0,359,0.0,0.0,-0.0,-0.0,2010-06-04,pass,"counterfactual_common_baseline_relative=max(0,final_yield-null)-I-5N"
LC,Luancheng,2010,Mask-aware DQN,,,recorded_farmer,2010,156,36,0.0,29.3,15.2,0.0,0.0,0.0,0.0,0.0,359,0.0,0.0,-0.0,-0.0,2010-06-05,pass,"counterfactual_common_baseline_relative=max(0,final_yield-null)-I-5N"
LC,Luancheng,2010,Mask-aware DQN,,,recorded_farmer,2010,157,37,0.0,29.8,15.8,0.0,0.0,0.0,0.0,0.0,359,0.0,0.0,-0.0,-0.0,2010-06-06,pass,"counterfactual_common_baseline_relative=max(0,final_yield-null)-I-5N"
LC,Luancheng,2010,Mask-aware DQN,,,recorded_farmer,2010,158,38,0.0,29.6,17.5,0.0,0.0,0.0,0.0,0.0,358,0.0,50.0,-250.0,-250.0,2010-06-07,pass,"counterfactual_common_baseline_relative=max(0,final_yield-null)-I-5N"
LC,Luancheng,2010,Mask-aware DQN,,,recorded_farmer,2010,159,39,0.0,29.6,15.2,0.0,0.0,0.0,0.0,0.0,358,0.0,0.0,-0.0,-250.0,2010-06-08,pass,"counterfactual_common_baseline_relative=max(0,final_yield-null)-I-5N"
LC,Luancheng,2010,Mask-aware DQN,,,recorded_farmer,2010,160,40,0.0,26.1,19.0,0.0,0.0,0.0,0.0,0.0,358,0.0,0.0,-0.0,-250.0,2010-06-09,pass,"counterfactual_common_baseline_relative=max(0,final_yield-null)-I-5N"
LC,Luancheng,2010,Mask-aware DQN,,,recorded_farmer,2010,161,41,0.0,27.5,18.3,0.0,0.0,0.0,0.0,0.0,357,0.0,0.0,-0.0,-250.0,2010-06-10,pass,"counterfactual_common_baseline_relative=max(0,final_yield-null)-I-5N"
LC,Luancheng,2010,Mask-aware DQN,,,recorded_farmer,2010,162,42,0.0,27.9,14.2,0.0,0.0,0.0,0.0,0.0,357,0.0,0.0,-0.0,-250.0,2010-06-11,pass,"counterfactual_common_baseline_relative=max(0,final_yield-null)-I-5N"
LC,Luancheng,2010,Mask-aware DQN,,,recorded_farmer,2010,163,43,0.0,31.8,17.0,0.0,0.0,0.0,0.0,0.0,357,0.0,0.0,-0.0,-250.0,2010-06-12,pass,"counterfactual_common_baseline_relative=max(0,final_yield-null)-I-5N"
LC,Luancheng,2010,Mask-aware DQN,,,recorded_farmer,2010,164,44,0.0,34.1,18.9,0.0,0.0,0.0,0.0,0.0,356,0.0,0.0,-0.0,-250.0,2010-06-13,pass,"counterfactual_common_baseline_relative=max(0,final_yield-null)-I-5N"
LC,Luancheng,2010,Mask-aware DQN,,,recorded_farmer,2010,165,45,0.0,31.4,19.1,0.0,0.0,0.0,0.0,0.0,356,0.0,0.0,-0.0,-250.0,2010-06-14,pass,"counterfactual_common_baseline_relative=max(0,final_yield-null)-I-5N"
LC,Luancheng,2010,Mask-aware DQN,,,recorded_farmer,2010,166,46,0.0,38.2,19.9,0.0,0.0,0.0,0.0,0.0,356,0.0,0.0,-0.0,-250.0,2010-06-15,pass,"counterfactual_common_baseline_relative=max(0,final_yield-null)-I-5N"
LC,Luancheng,2010,Mask-aware DQN,,,recorded_farmer,2010,167,47,0.0,37.2,21.1,0.0,0.0,0.0,0.0,0.0,355,0.0,0.0,-0.0,-250.0,2010-06-16,pass,"counterfactual_common_baseline_relative=max(0,final_yield-null)-I-5N"
LC,Luancheng,2010,Mask-aware DQN,,,recorded_farmer,2010,168,48,0.0,32.0,20.3,0.0,0.0,0.0,0.0,0.0,355,0.0,0.0,-0.0,-250.0,2010-06-17,pass,"counterfactual_common_baseline_relative=max(0,final_yield-null)-I-5N"
LC,Luancheng,2010,Mask-aware DQN,,,recorded_farmer,2010,169,49,2.6,29.6,19.4,0.0,0.0,0.0,0.0,0.0,357,0.0,0.0,-0.0,-250.0,2010-06-18,pass,"counterfactual_common_baseline_relative=max(0,final_yield-null)-I-5N"
LC,Luancheng,2010,Mask-aware DQN,,,recorded_farmer,2010,170,50,0.0,36.7,16.9,0.0,0.0,0.0,0.0,0.0,357,0.0,0.0,-0.0,-250.0,2010-06-19,pass,"counterfactual_common_baseline_relative=max(0,final_yield-null)-I-5N"
LC,Luancheng,2010,Mask-aware DQN,,,recorded_farmer,2010,171,51,0.0,37.4,19.6,0.0,0.0,0.0,0.0,0.0,356,0.0,0.0,-0.0,-250.0,2010-06-20,pass,"counterfactual_common_baseline_relative=max(0,final_yield-null)-I-5N"
LC,Luancheng,2010,Mask-aware DQN,,,recorded_farmer,2010,172,52,0.0,41.4,21.0,1.0,0.0,0.0,0.0,0.0,356,0.0,0.0,-0.0,-250.0,2010-06-21,pass,"counterfactual_common_baseline_relative=max(0,final_yield-null)-I-5N"
LC,Luancheng,2010,Mask-aware DQN,,,recorded_farmer,2010,173,53,0.0,35.7,24.1,2.0,0.0,0.0,0.0,0.0,424,70.0,0.0,-70.0,-320.0,2010-06-22,pass,"counterfactual_common_baseline_relative=max(0,final_yield-null)-I-5N"
LC,Luancheng,2010,Mask-aware DQN,,,recorded_farmer,2010,174,54,0.0,31.8,19.5,3.0,0.0,0.0,0.0,0.0,419,0.0,0.0,-0.0,-320.0,2010-06-23,pass,"counterfactual_common_baseline_relative=max(0,final_yield-null)-I-5N"
LC,Luancheng,2010,Mask-aware DQN,,,recorded_farmer,2010,175,55,0.0,33.9,17.7,4.0,0.0,0.0,0.0,0.0,416,0.0,0.0,-0.0,-320.0,2010-06-24,pass,"counterfactual_common_baseline_relative=max(0,final_yield-null)-I-5N"
LC,Luancheng,2010,Mask-aware DQN,,,recorded_farmer,2010,176,56,0.0,32.3,21.1,5.0,0.0,29.0,0.0,0.012,415,0.0,0.0,-0.0,-320.0,2010-06-25,pass,"counterfactual_common_baseline_relative=max(0,final_yield-null)-I-5N"
LC,Luancheng,2010,Mask-aware DQN,,,recorded_farmer,2010,177,57,0.0,34.1,21.2,6.0,0.0,29.0,0.0,0.009,414,0.0,0.0,-0.0,-320.0,2010-06-26,pass,"counterfactual_common_baseline_relative=max(0,final_yield-null)-I-5N"
LC,Luancheng,2010,Mask-aware DQN,,,recorded_farmer,2010,178,58,0.0,38.2,19.6,7.0,0.0,29.0,0.0,0.0,413,0.0,0.0,-0.0,-320.0,2010-06-27,pass,"counterfactual_common_baseline_relative=max(0,final_yield-null)-I-5N"
LC,Luancheng,2010,Mask-aware DQN,,,recorded_farmer,2010,179,59,0.0,40.4,21.5,8.0,0.0,32.0,0.0,0.0,412,0.0,0.0,-0.0,-320.0,2010-06-28,pass,"counterfactual_common_baseline_relative=max(0,final_yield-null)-I-5N"
LC,Luancheng,2010,Mask-aware DQN,,,recorded_farmer,2010,180,60,0.0,34.6,23.8,9.0,0.0,49.0,0.0,0.0,411,0.0,0.0,-0.0,-320.0,2010-06-29,pass,"counterfactual_common_baseline_relative=max(0,final_yield-null)-I-5N"
LC,Luancheng,2010,Mask-aware DQN,,,recorded_farmer,2010,181,61,0.0,31.6,24.9,10.0,0.0,58.0,0.0,0.019,410,0.0,0.0,-0.0,-320.0,2010-06-30,pass,"counterfactual_common_baseline_relative=max(0,final_yield-null)-I-5N"
LC,Luancheng,2010,Mask-aware DQN,,,recorded_farmer,2010,182,62,3.6,27.4,23.3,11.0,0.0,60.0,0.0,0.0,413,0.0,0.0,-0.0,-320.0,2010-07-01,pass,"counterfactual_common_baseline_relative=max(0,final_yield-null)-I-5N"
LC,Luancheng,2010,Mask-aware DQN,,,recorded_farmer,2010,183,63,0.0,36.8,21.3,12.0,0.0,96.0,0.0,0.0,412,0.0,0.0,-0.0,-320.0,2010-07-02,pass,"counterfactual_common_baseline_relative=max(0,final_yield-null)-I-5N"
LC,Luancheng,2010,Mask-aware DQN,,,recorded_farmer,2010,184,64,0.0,39.6,22.1,13.0,0.0,140.0,0.0,0.0,409,0.0,0.0,-0.0,-320.0,2010-07-03,pass,"counterfactual_common_baseline_relative=max(0,final_yield-null)-I-5N"
LC,Luancheng,2010,Mask-aware DQN,,,recorded_farmer,2010,185,65,0.0,39.9,23.8,14.0,0.0,184.0,0.0,0.0,407,0.0,0.0,-0.0,-320.0,2010-07-04,pass,"counterfactual_common_baseline_relative=max(0,final_yield-null)-I-5N"
LC,Luancheng,2010,Mask-aware DQN,,,recorded_farmer,2010,186,66,0.0,40.3,25.6,15.0,0.0,233.0,0.0,0.01,405,0.0,0.0,-0.0,-320.0,2010-07-05,pass,"counterfactual_common_baseline_relative=max(0,final_yield-null)-I-5N"
LC,Luancheng,2010,Mask-aware DQN,,,recorded_farmer,2010,187,67,0.0,41.1,21.9,16.0,0.0,305.0,0.0,0.0,401,0.0,0.0,-0.0,-320.0,2010-07-06,pass,"counterfactual_common_baseline_relative=max(0,final_yield-null)-I-5N"
LC,Luancheng,2010,Mask-aware DQN,,,recorded_farmer,2010,188,68,0.0,35.5,22.6,17.0,0.0,352.0,0.0,0.0,400,0.0,0.0,-0.0,-320.0,2010-07-07,pass,"counterfactual_common_baseline_relative=max(0,final_yield-null)-I-5N"
LC,Luancheng,2010,Mask-aware DQN,,,recorded_farmer,2010,189,69,0.0,34.6,22.9,18.0,0.0,463.0,0.0,0.0,397,0.0,0.0,-0.0,-320.0,2010-07-08,pass,"counterfactual_common_baseline_relative=max(0,final_yield-null)-I-5N"
LC,Luancheng,2010,Mask-aware DQN,,,recorded_farmer,2010,190,70,28.0,31.1,21.5,19.0,0.0,506.0,0.0,0.0,419,0.0,0.0,-0.0,-320.0,2010-07-09,pass,"counterfactual_common_baseline_relative=max(0,final_yield-null)-I-5N"
LC,Luancheng,2010,Mask-aware DQN,,,recorded_farmer,2010,191,71,5.6,29.0,21.1,20.0,0.0,603.0,0.0,0.0,421,0.0,0.0,-0.0,-320.0,2010-07-10,pass,"counterfactual_common_baseline_relative=max(0,final_yield-null)-I-5N"
LC,Luancheng,2010,Mask-aware DQN,,,recorded_farmer,2010,192,72,0.0,32.6,21.2,21.0,0.0,769.0,0.0,0.0,417,0.0,0.0,-0.0,-320.0,2010-07-11,pass,"counterfactual_common_baseline_relative=max(0,final_yield-null)-I-5N"
LC,Luancheng,2010,Mask-aware DQN,,,recorded_farmer,2010,193,73,0.0,31.5,24.1,22.0,0.0,859.0,0.0,0.0,414,0.0,0.0,-0.0,-320.0,2010-07-12,pass,"counterfactual_common_baseline_relative=max(0,final_yield-null)-I-5N"
LC,Luancheng,2010,Mask-aware DQN,,,recorded_farmer,2010,194,74,0.0,31.6,23.9,23.0,0.0,998.0,0.0,0.0,411,0.0,0.0,-0.0,-320.0,2010-07-13,pass,"counterfactual_common_baseline_relative=max(0,final_yield-null)-I-5N"
LC,Luancheng,2010,Mask-aware DQN,,,recorded_farmer,2010,195,75,0.0,31.3,23.7,24.0,0.0,1144.0,0.0,0.0,408,0.0,0.0,-0.0,-320.0,2010-07-14,pass,"counterfactual_common_baseline_relative=max(0,final_yield-null)-I-5N"
LC,Luancheng,2010,Mask-aware DQN,,,recorded_farmer,2010,196,76,0.4,30.1,23.4,25.0,0.0,1237.0,0.0,0.0,407,0.0,0.0,-0.0,-320.0,2010-07-15,pass,"counterfactual_common_baseline_relative=max(0,final_yield-null)-I-5N"
LC,Luancheng,2010,Mask-aware DQN,,,recorded_farmer,2010,197,77,0.0,33.3,21.9,26.0,0.0,1485.0,0.0,0.0,401,0.0,0.0,-0.0,-320.0,2010-07-16,pass,"counterfactual_common_baseline_relative=max(0,final_yield-null)-I-5N"
LC,Luancheng,2010,Mask-aware DQN,,,recorded_farmer,2010,198,78,0.0,32.1,23.5,27.0,0.0,1656.0,0.0,0.0,398,0.0,0.0,-0.0,-320.0,2010-07-17,pass,"counterfactual_common_baseline_relative=max(0,final_yield-null)-I-5N"
LC,Luancheng,2010,Mask-aware DQN,,,recorded_farmer,2010,199,79,0.2,34.3,20.6,28.0,0.0,1950.0,0.0,0.0,452,60.0,200.0,-1060.0,-1380.0,2010-07-18,pass,"counterfactual_common_baseline_relative=max(0,final_yield-null)-I-5N"
LC,Luancheng,2010,Mask-aware DQN,,,recorded_farmer,2010,200,80,1.6,28.9,23.4,29.0,0.0,2011.0,0.0,0.0,453,0.0,0.0,-0.0,-1380.0,2010-07-19,pass,"counterfactual_common_baseline_relative=max(0,final_yield-null)-I-5N"
LC,Luancheng,2010,Mask-aware DQN,,,recorded_farmer,2010,201,81,0.0,32.4,19.1,30.0,0.0,2298.0,0.0,0.0,447,0.0,0.0,-0.0,-1380.0,2010-07-20,pass,"counterfactual_common_baseline_relative=max(0,final_yield-null)-I-5N"
LC,Luancheng,2010,Mask-aware DQN,,,recorded_farmer,2010,202,82,0.0,33.9,20.6,31.0,0.0,2651.0,0.0,0.0,441,0.0,0.0,-0.0,-1380.0,2010-07-21,pass,"counterfactual_common_baseline_relative=max(0,final_yield-null)-I-5N"
LC,Luancheng,2010,Mask-aware DQN,,,recorded_farmer,2010,203,83,0.0,33.3,23.3,32.0,0.0,2902.0,0.0,0.0,437,0.0,0.0,-0.0,-1380.0,2010-07-22,pass,"counterfactual_common_baseline_relative=max(0,final_yield-null)-I-5N"
LC,Luancheng,2010,Mask-aware DQN,,,recorded_farmer,2010,204,84,0.0,33.9,23.3,33.0,0.0,3241.0,0.0,0.0,432,0.0,0.0,-0.0,-1380.0,2010-07-23,pass,"counterfactual_common_baseline_relative=max(0,final_yield-null)-I-5N"
LC,Luancheng,2010,Mask-aware DQN,,,recorded_farmer,2010,205,85,0.0,34.0,23.0,34.0,0.0,3580.0,0.0,0.0,427,0.0,0.0,-0.0,-1380.0,2010-07-24,pass,"counterfactual_common_baseline_relative=max(0,final_yield-null)-I-5N"
LC,Luancheng,2010,Mask-aware DQN,,,recorded_farmer,2010,206,86,0.0,35.3,23.2,35.0,0.0,3966.0,0.0,0.0,421,0.0,0.0,-0.0,-1380.0,2010-07-25,pass,"counterfactual_common_baseline_relative=max(0,final_yield-null)-I-5N"
LC,Luancheng,2010,Mask-aware DQN,,,recorded_farmer,2010,207,87,0.0,34.8,23.5,36.0,0.0,4278.0,0.0,0.0,416,0.0,0.0,-0.0,-1380.0,2010-07-26,pass,"counterfactual_common_baseline_relative=max(0,final_yield-null)-I-5N"
LC,Luancheng,2010,Mask-aware DQN,,,recorded_farmer,2010,208,88,0.0,33.8,24.2,37.0,0.0,4605.0,0.0,0.0,412,0.0,0.0,-0.0,-1380.0,2010-07-27,pass,"counterfactual_common_baseline_relative=max(0,final_yield-null)-I-5N"
LC,Luancheng,2010,Mask-aware DQN,,,recorded_farmer,2010,209,89,0.0,34.7,24.5,38.0,0.0,4946.0,0.0,0.0,407,0.0,0.0,-0.0,-1380.0,2010-07-28,pass,"counterfactual_common_baseline_relative=max(0,final_yield-null)-I-5N"
LC,Luancheng,2010,Mask-aware DQN,,,recorded_farmer,2010,210,90,0.0,36.5,25.5,39.0,0.0,5310.0,0.0,0.0,401,0.0,0.0,-0.0,-1380.0,2010-07-29,pass,"counterfactual_common_baseline_relative=max(0,final_yield-null)-I-5N"
LC,Luancheng,2010,Mask-aware DQN,,,recorded_farmer,2010,211,91,0.0,36.4,27.1,40.0,0.0,5536.0,0.0,0.0,397,0.0,0.0,-0.0,-1380.0,2010-07-30,pass,"counterfactual_common_baseline_relative=max(0,final_yield-null)-I-5N"
LC,Luancheng,2010,Mask-aware DQN,,,recorded_farmer,2010,212,92,0.2,37.3,25.5,41.0,0.0,5807.0,0.0,0.0,392,0.0,0.0,-0.0,-1380.0,2010-07-31,pass,"counterfactual_common_baseline_relative=max(0,final_yield-null)-I-5N"
LC,Luancheng,2010,Mask-aware DQN,,,recorded_farmer,2010,213,93,0.2,28.0,24.3,42.0,0.0,5973.0,0.0,0.0,390,0.0,0.0,-0.0,-1380.0,2010-08-01,pass,"counterfactual_common_baseline_relative=max(0,final_yield-null)-I-5N"
LC,Luancheng,2010,Mask-aware DQN,,,recorded_farmer,2010,214,94,0.0,31.3,22.1,43.0,0.0,6310.0,0.0,0.0,385,0.0,0.0,-0.0,-1380.0,2010-08-02,pass,"counterfactual_common_baseline_relative=max(0,final_yield-null)-I-5N"
LC,Luancheng,2010,Mask-aware DQN,,,recorded_farmer,2010,215,95,0.2,32.7,21.6,44.0,0.0,6617.0,0.0,0.0,381,0.0,0.0,-0.0,-1380.0,2010-08-03,pass,"counterfactual_common_baseline_relative=max(0,final_yield-null)-I-5N"
LC,Luancheng,2010,Mask-aware DQN,,,recorded_farmer,2010,216,96,0.2,32.9,23.5,45.0,0.0,6709.0,0.0,0.0,380,0.0,0.0,-0.0,-1380.0,2010-08-04,pass,"counterfactual_common_baseline_relative=max(0,final_yield-null)-I-5N"
LC,Luancheng,2010,Mask-aware DQN,,,recorded_farmer,2010,217,97,0.2,33.0,22.4,46.0,0.0,6940.0,0.0,0.0,377,0.0,0.0,-0.0,-1380.0,2010-08-05,pass,"counterfactual_common_baseline_relative=max(0,final_yield-null)-I-5N"
LC,Luancheng,2010,Mask-aware DQN,,,recorded_farmer,2010,218,98,0.0,30.9,20.3,47.0,0.0,7296.0,0.0,0.0,372,0.0,0.0,-0.0,-1380.0,2010-08-06,pass,"counterfactual_common_baseline_relative=max(0,final_yield-null)-I-5N"
LC,Luancheng,2010,Mask-aware DQN,,,recorded_farmer,2010,219,99,0.2,31.5,18.7,48.0,0.0,7611.0,0.0,0.0,367,0.0,0.0,-0.0,-1380.0,2010-08-07,pass,"counterfactual_common_baseline_relative=max(0,final_yield-null)-I-5N"
LC,Luancheng,2010,Mask-aware DQN,,,recorded_farmer,2010,220,100,0.0,32.2,22.4,49.0,0.0,7885.0,0.0,0.0,363,0.0,0.0,-0.0,-1380.0,2010-08-08,pass,"counterfactual_common_baseline_relative=max(0,final_yield-null)-I-5N"
LC,Luancheng,2010,Mask-aware DQN,,,recorded_farmer,2010,221,101,0.2,31.1,24.5,50.0,0.0,7981.0,0.0,0.0,361,0.0,0.0,-0.0,-1380.0,2010-08-09,pass,"counterfactual_common_baseline_relative=max(0,final_yield-null)-I-5N"
LC,Luancheng,2010,Mask-aware DQN,,,recorded_farmer,2010,222,102,0.2,28.8,22.1,51.0,0.0,8028.0,0.0,0.0,360,0.0,0.0,-0.0,-1380.0,2010-08-10,pass,"counterfactual_common_baseline_relative=max(0,final_yield-null)-I-5N"
LC,Luancheng,2010,Mask-aware DQN,,,recorded_farmer,2010,223,103,0.0,25.5,21.5,52.0,0.0,8005.0,0.0,0.0,360,0.0,0.0,-0.0,-1380.0,2010-08-11,pass,"counterfactual_common_baseline_relative=max(0,final_yield-null)-I-5N"
LC,Luancheng,2010,Mask-aware DQN,,,recorded_farmer,2010,224,104,0.2,33.2,20.7,53.0,0.0,8323.0,0.0,0.0,355,0.0,0.0,-0.0,-1380.0,2010-08-12,pass,"counterfactual_common_baseline_relative=max(0,final_yield-null)-I-5N"
LC,Luancheng,2010,Mask-aware DQN,,,recorded_farmer,2010,225,105,0.2,28.5,23.8,54.0,0.0,8355.0,0.0,0.0,354,0.0,0.0,-0.0,-1380.0,2010-08-13,pass,"counterfactual_common_baseline_relative=max(0,final_yield-null)-I-5N"
LC,Luancheng,2010,Mask-aware DQN,,,recorded_farmer,2010,226,106,0.0,32.1,22.6,55.0,0.0,8561.0,0.0,0.0,350,0.0,0.0,-0.0,-1380.0,2010-08-14,pass,"counterfactual_common_baseline_relative=max(0,final_yield-null)-I-5N"
LC,Luancheng,2010,Mask-aware DQN,,,recorded_farmer,2010,227,107,0.0,35.4,16.4,56.0,265.0,8826.0,0.0,0.0,344,0.0,0.0,-0.0,-1380.0,2010-08-15,pass,"counterfactual_common_baseline_relative=max(0,final_yield-null)-I-5N"
LC,Luancheng,2010,Mask-aware DQN,,,recorded_farmer,2010,228,108,0.2,33.3,17.8,57.0,529.0,9091.0,0.0,0.0,339,0.0,0.0,-0.0,-1380.0,2010-08-16,pass,"counterfactual_common_baseline_relative=max(0,final_yield-null)-I-5N"
LC,Luancheng,2010,Mask-aware DQN,,,recorded_farmer,2010,229,109,0.0,32.5,18.7,58.0,794.0,9355.0,0.0,0.0,334,0.0,0.0,-0.0,-1380.0,2010-08-17,pass,"counterfactual_common_baseline_relative=max(0,final_yield-null)-I-5N"
LC,Luancheng,2010,Mask-aware DQN,,,recorded_farmer,2010,230,110,0.0,30.3,21.7,59.0,1058.0,9542.0,0.0,0.0,332,0.0,0.0,-0.0,-1380.0,2010-08-18,pass,"counterfactual_common_baseline_relative=max(0,final_yield-null)-I-5N"
LC,Luancheng,2010,Mask-aware DQN,,,recorded_farmer,2010,231,111,0.2,28.0,20.4,60.0,1323.0,9723.0,0.0,0.0,330,0.0,0.0,-0.0,-1380.0,2010-08-19,pass,"counterfactual_common_baseline_relative=max(0,final_yield-null)-I-5N"
LC,Luancheng,2010,Mask-aware DQN,,,recorded_farmer,2010,232,112,0.0,26.6,22.5,61.0,1588.0,9817.0,0.0,0.0,329,0.0,0.0,-0.0,-1380.0,2010-08-20,pass,"counterfactual_common_baseline_relative=max(0,final_yield-null)-I-5N"
LC,Luancheng,2010,Mask-aware DQN,,,recorded_farmer,2010,233,113,0.2,23.5,19.9,62.0,1852.0,9858.0,0.0,0.0,328,0.0,0.0,-0.0,-1380.0,2010-08-21,pass,"counterfactual_common_baseline_relative=max(0,final_yield-null)-I-5N"
LC,Luancheng,2010,Mask-aware DQN,,,recorded_farmer,2010,234,114,0.2,29.8,18.3,63.0,2117.0,10178.0,0.0,0.0,324,0.0,0.0,-0.0,-1380.0,2010-08-22,pass,"counterfactual_common_baseline_relative=max(0,final_yield-null)-I-5N"
LC,Luancheng,2010,Mask-aware DQN,,,recorded_farmer,2010,235,115,0.0,27.1,19.5,64.0,2381.0,10354.0,0.0,0.0,322,0.0,0.0,-0.0,-1380.0,2010-08-23,pass,"counterfactual_common_baseline_relative=max(0,final_yield-null)-I-5N"
LC,Luancheng,2010,Mask-aware DQN,,,recorded_farmer,2010,236,116,0.2,26.2,18.1,65.0,2646.0,10667.0,0.0,0.0,318,0.0,0.0,-0.0,-1380.0,2010-08-24,pass,"counterfactual_common_baseline_relative=max(0,final_yield-null)-I-5N"
LC,Luancheng,2010,Mask-aware DQN,,,recorded_farmer,2010,237,117,0.0,30.2,13.9,66.0,2911.0,11008.0,0.0,0.0,313,0.0,0.0,-0.0,-1380.0,2010-08-25,pass,"counterfactual_common_baseline_relative=max(0,final_yield-null)-I-5N"
LC,Luancheng,2010,Mask-aware DQN,,,recorded_farmer,2010,238,118,0.2,30.2,19.9,67.0,3175.0,11290.0,0.0,0.0,310,0.0,0.0,-0.0,-1380.0,2010-08-26,pass,"counterfactual_common_baseline_relative=max(0,final_yield-null)-I-5N"
LC,Luancheng,2010,Mask-aware DQN,,,recorded_farmer,2010,239,119,0.2,28.9,17.1,68.0,3440.0,11526.0,0.0,0.0,307,0.0,0.0,-0.0,-1380.0,2010-08-27,pass,"counterfactual_common_baseline_relative=max(0,final_yield-null)-I-5N"
LC,Luancheng,2010,Mask-aware DQN,,,recorded_farmer,2010,240,120,0.2,31.2,15.3,69.0,3704.0,11867.0,0.0,0.0,303,0.0,0.0,-0.0,-1380.0,2010-08-28,pass,"counterfactual_common_baseline_relative=max(0,final_yield-null)-I-5N"
LC,Luancheng,2010,Mask-aware DQN,,,recorded_farmer,2010,241,121,0.4,32.0,16.2,70.0,3969.0,12202.0,0.0,0.0,298,0.0,0.0,-0.0,-1380.0,2010-08-29,pass,"counterfactual_common_baseline_relative=max(0,final_yield-null)-I-5N"
LC,Luancheng,2010,Mask-aware DQN,,,recorded_farmer,2010,242,122,0.2,31.7,18.7,71.0,4233.0,12491.0,0.0,0.0,294,0.0,0.0,-0.0,-1380.0,2010-08-30,pass,"counterfactual_common_baseline_relative=max(0,final_yield-null)-I-5N"
LC,Luancheng,2010,Mask-aware DQN,,,recorded_farmer,2010,243,123,0.4,29.3,20.5,72.0,4498.0,12697.0,0.0,0.0,292,0.0,0.0,-0.0,-1380.0,2010-08-31,pass,"counterfactual_common_baseline_relative=max(0,final_yield-null)-I-5N"
LC,Luancheng,2010,Mask-aware DQN,,,recorded_farmer,2010,244,124,0.2,28.9,18.1,73.0,4763.0,12988.0,0.0,0.0,289,0.0,0.0,-0.0,-1380.0,2010-09-01,pass,"counterfactual_common_baseline_relative=max(0,final_yield-null)-I-5N"
LC,Luancheng,2010,Mask-aware DQN,,,recorded_farmer,2010,245,125,0.2,29.3,19.4,74.0,5027.0,13225.0,0.0,0.0,286,0.0,0.0,-0.0,-1380.0,2010-09-02,pass,"counterfactual_common_baseline_relative=max(0,final_yield-null)-I-5N"
LC,Luancheng,2010,Mask-aware DQN,,,recorded_farmer,2010,246,126,0.2,28.3,19.5,75.0,5292.0,13448.0,0.0,0.0,283,0.0,0.0,-0.0,-1380.0,2010-09-03,pass,"counterfactual_common_baseline_relative=max(0,final_yield-null)-I-5N"
LC,Luancheng,2010,Mask-aware DQN,,,recorded_farmer,2010,247,127,0.2,28.4,16.7,76.0,5556.0,13700.0,0.0,0.0,280,0.0,0.0,-0.0,-1380.0,2010-09-04,pass,"counterfactual_common_baseline_relative=max(0,final_yield-null)-I-5N"
LC,Luancheng,2010,Mask-aware DQN,,,recorded_farmer,2010,248,128,0.0,27.5,19.0,77.0,5821.0,13870.0,0.0,0.0,278,0.0,0.0,-0.0,-1380.0,2010-09-05,pass,"counterfactual_common_baseline_relative=max(0,final_yield-null)-I-5N"
LC,Luancheng,2010,Mask-aware DQN,,,recorded_farmer,2010,249,129,0.2,27.1,18.5,78.0,6086.0,14018.0,0.0,0.0,277,0.0,0.0,-0.0,-1380.0,2010-09-06,pass,"counterfactual_common_baseline_relative=max(0,final_yield-null)-I-5N"
LC,Luancheng,2010,Mask-aware DQN,,,recorded_farmer,2010,250,130,21.0,24.0,20.4,79.0,6350.0,14097.0,0.0,0.0,296,0.0,0.0,-0.0,-1380.0,2010-09-07,pass,"counterfactual_common_baseline_relative=max(0,final_yield-null)-I-5N"
LC,Luancheng,2010,Mask-aware DQN,,,recorded_farmer,2010,251,131,0.2,25.2,19.0,80.0,6615.0,14308.0,0.0,0.0,294,0.0,0.0,-0.0,-1380.0,2010-09-08,pass,"counterfactual_common_baseline_relative=max(0,final_yield-null)-I-5N"
LC,Luancheng,2010,Mask-aware DQN,,,recorded_farmer,2010,252,132,0.0,24.7,17.8,81.0,6879.0,14485.0,0.0,0.0,292,0.0,0.0,-0.0,-1380.0,2010-09-09,pass,"counterfactual_common_baseline_relative=max(0,final_yield-null)-I-5N"
LC,Luancheng,2010,Mask-aware DQN,,,recorded_farmer,2010,253,133,0.0,31.7,14.2,82.0,7144.0,14793.0,0.0,0.0,287,0.0,0.0,-0.0,-1380.0,2010-09-10,pass,"counterfactual_common_baseline_relative=max(0,final_yield-null)-I-5N"
LC,Luancheng,2010,Mask-aware DQN,,,recorded_farmer,2010,254,134,0.0,31.0,15.5,83.0,7409.0,15096.0,0.0,0.0,283,0.0,0.0,-0.0,-1380.0,2010-09-11,pass,"counterfactual_common_baseline_relative=max(0,final_yield-null)-I-5N"
LC,Luancheng,2010,Mask-aware DQN,,,recorded_farmer,2010,255,135,0.0,31.9,13.9,84.0,7673.0,15399.0,0.0,0.0,278,0.0,0.0,-0.0,-1380.0,2010-09-12,pass,"counterfactual_common_baseline_relative=max(0,final_yield-null)-I-5N"
LC,Luancheng,2010,Mask-aware DQN,,,recorded_farmer,2010,256,136,0.0,31.6,15.5,85.0,7938.0,15678.0,0.0,0.0,274,0.0,0.0,-0.0,-1380.0,2010-09-13,pass,"counterfactual_common_baseline_relative=max(0,final_yield-null)-I-5N"
LC,Luancheng,2010,Mask-aware DQN,,,recorded_farmer,2010,257,137,0.0,30.9,17.5,86.0,8202.0,15929.0,0.0,0.0,270,0.0,0.0,-0.0,-1380.0,2010-09-14,pass,"counterfactual_common_baseline_relative=max(0,final_yield-null)-I-5N"
LC,Luancheng,2010,Mask-aware DQN,,,recorded_farmer,2010,258,138,0.0,29.4,17.6,87.0,8467.0,16152.0,0.0,0.0,267,0.0,0.0,-0.0,-1380.0,2010-09-15,pass,"counterfactual_common_baseline_relative=max(0,final_yield-null)-I-5N"
LC,Luancheng,2010,Mask-aware DQN,,,recorded_farmer,2010,259,139,0.0,28.7,20.9,88.0,8732.0,16324.0,0.0,0.0,265,0.0,0.0,-0.0,-1380.0,2010-09-16,pass,"counterfactual_common_baseline_relative=max(0,final_yield-null)-I-5N"
LC,Luancheng,2010,Mask-aware DQN,,,recorded_farmer,2010,260,140,1.6,26.4,15.1,89.0,8732.0,16324.0,0.0,0.0,266,0.0,0.0,-0.0,-1380.0,2010-09-17,pass,"counterfactual_common_baseline_relative=max(0,final_yield-null)-I-5N"
LC,Luancheng,2010,Mask-aware DQN,,,recorded_farmer,2010,261,141,2.2,15.4,14.0,90.0,8732.0,16324.0,0.0,0.0,268,0.0,0.0,-0.0,-1380.0,2010-09-18,pass,"counterfactual_common_baseline_relative=max(0,final_yield-null)-I-5N"
LC,Luancheng,2010,Mask-aware DQN,,,recorded_farmer,2010,262,142,18.2,20.8,15.2,91.0,8732.0,16324.0,0.0,0.0,284,0.0,0.0,-0.0,-1380.0,2010-09-19,pass,"counterfactual_common_baseline_relative=max(0,final_yield-null)-I-5N"
LC,Luancheng,2010,Mask-aware DQN,,,recorded_farmer,2010,263,143,0.0,23.1,16.9,92.0,8732.0,16324.0,0.0,0.0,283,0.0,0.0,-0.0,-1380.0,2010-09-20,pass,"counterfactual_common_baseline_relative=max(0,final_yield-null)-I-5N"
LC,Luancheng,2010,Mask-aware DQN,,,recorded_farmer,2010,264,144,9.6,18.7,12.9,93.0,8732.0,16324.0,0.0,0.0,292,0.0,0.0,681.0,-699.0,2010-09-21,pass,"counterfactual_common_baseline_relative=max(0,final_yield-null)-I-5N"
LC,Luancheng,2010,Mask-aware DQN,,,dssat_auto,2010,121,1,0.0,29.5,6.1,0.0,0.0,0.0,0.0,0.0,372,0.0,0.0,-0.0,-0.0,2010-05-01,pass,"counterfactual_common_baseline_relative=max(0,final_yield-null)-I-5N"
LC,Luancheng,2010,Mask-aware DQN,,,dssat_auto,2010,122,2,0.0,31.1,12.9,0.0,0.0,0.0,0.0,0.0,371,0.0,0.0,-0.0,-0.0,2010-05-02,pass,"counterfactual_common_baseline_relative=max(0,final_yield-null)-I-5N"
LC,Luancheng,2010,Mask-aware DQN,,,dssat_auto,2010,123,3,0.0,24.2,17.5,0.0,0.0,0.0,0.0,0.0,369,0.0,0.0,-0.0,-0.0,2010-05-03,pass,"counterfactual_common_baseline_relative=max(0,final_yield-null)-I-5N"
LC,Luancheng,2010,Mask-aware DQN,,,dssat_auto,2010,124,4,0.6,23.4,15.2,0.0,0.0,0.0,0.0,0.0,369,0.0,0.0,-0.0,-0.0,2010-05-04,pass,"counterfactual_common_baseline_relative=max(0,final_yield-null)-I-5N"
LC,Luancheng,2010,Mask-aware DQN,,,dssat_auto,2010,125,5,2.6,28.7,14.4,0.0,0.0,0.0,0.0,0.0,369,0.0,0.0,-0.0,-0.0,2010-05-05,pass,"counterfactual_common_baseline_relative=max(0,final_yield-null)-I-5N"
LC,Luancheng,2010,Mask-aware DQN,,,dssat_auto,2010,126,6,0.0,28.1,7.7,0.0,0.0,0.0,0.0,0.0,368,0.0,0.0,-0.0,-0.0,2010-05-06,pass,"counterfactual_common_baseline_relative=max(0,final_yield-null)-I-5N"
LC,Luancheng,2010,Mask-aware DQN,,,dssat_auto,2010,127,7,0.0,31.6,9.2,0.0,0.0,0.0,0.0,0.0,367,0.0,0.0,-0.0,-0.0,2010-05-07,pass,"counterfactual_common_baseline_relative=max(0,final_yield-null)-I-5N"
LC,Luancheng,2010,Mask-aware DQN,,,dssat_auto,2010,128,8,0.0,25.0,14.2,0.0,0.0,0.0,0.0,0.0,367,0.0,0.0,-0.0,-0.0,2010-05-08,pass,"counterfactual_common_baseline_relative=max(0,final_yield-null)-I-5N"
LC,Luancheng,2010,Mask-aware DQN,,,dssat_auto,2010,129,9,0.0,23.0,13.5,0.0,0.0,0.0,0.0,0.0,366,0.0,0.0,-0.0,-0.0,2010-05-09,pass,"counterfactual_common_baseline_relative=max(0,final_yield-null)-I-5N"
LC,Luancheng,2010,Mask-aware DQN,,,dssat_auto,2010,130,10,0.0,27.0,5.3,0.0,0.0,0.0,0.0,0.0,365,0.0,0.0,-0.0,-0.0,2010-05-10,pass,"counterfactual_common_baseline_relative=max(0,final_yield-null)-I-5N"
LC,Luancheng,2010,Mask-aware DQN,,,dssat_auto,2010,131,11,0.0,23.5,6.8,0.0,0.0,0.0,0.0,0.0,365,0.0,0.0,-0.0,-0.0,2010-05-11,pass,"counterfactual_common_baseline_relative=max(0,final_yield-null)-I-5N"
LC,Luancheng,2010,Mask-aware DQN,,,dssat_auto,2010,132,12,0.0,23.3,8.1,0.0,0.0,0.0,0.0,0.0,364,0.0,0.0,-0.0,-0.0,2010-05-12,pass,"counterfactual_common_baseline_relative=max(0,final_yield-null)-I-5N"
LC,Luancheng,2010,Mask-aware DQN,,,dssat_auto,2010,133,13,0.0,24.2,10.9,0.0,0.0,0.0,0.0,0.0,364,0.0,0.0,-0.0,-0.0,2010-05-13,pass,"counterfactual_common_baseline_relative=max(0,final_yield-null)-I-5N"
LC,Luancheng,2010,Mask-aware DQN,,,dssat_auto,2010,134,14,0.0,21.5,11.7,0.0,0.0,0.0,0.0,0.0,363,0.0,0.0,-0.0,-0.0,2010-05-14,pass,"counterfactual_common_baseline_relative=max(0,final_yield-null)-I-5N"
LC,Luancheng,2010,Mask-aware DQN,,,dssat_auto,2010,135,15,0.0,25.3,12.2,0.0,0.0,0.0,0.0,0.0,363,0.0,0.0,-0.0,-0.0,2010-05-15,pass,"counterfactual_common_baseline_relative=max(0,final_yield-null)-I-5N"
LC,Luancheng,2010,Mask-aware DQN,,,dssat_auto,2010,136,16,0.8,18.4,14.5,0.0,0.0,0.0,0.0,0.0,363,0.0,0.0,-0.0,-0.0,2010-05-16,pass,"counterfactual_common_baseline_relative=max(0,final_yield-null)-I-5N"
LC,Luancheng,2010,Mask-aware DQN,,,dssat_auto,2010,137,17,1.0,23.2,14.3,0.0,0.0,0.0,0.0,0.0,363,0.0,0.0,-0.0,-0.0,2010-05-17,pass,"counterfactual_common_baseline_relative=max(0,final_yield-null)-I-5N"
LC,Luancheng,2010,Mask-aware DQN,,,dssat_auto,2010,138,18,0.4,28.1,13.0,0.0,0.0,0.0,0.0,0.0,363,0.0,0.0,-0.0,-0.0,2010-05-18,pass,"counterfactual_common_baseline_relative=max(0,final_yield-null)-I-5N"
LC,Luancheng,2010,Mask-aware DQN,,,dssat_auto,2010,139,19,0.0,32.8,10.8,0.0,0.0,0.0,0.0,0.0,362,0.0,0.0,-0.0,-0.0,2010-05-19,pass,"counterfactual_common_baseline_relative=max(0,final_yield-null)-I-5N"
LC,Luancheng,2010,Mask-aware DQN,,,dssat_auto,2010,140,20,0.0,33.4,10.3,0.0,0.0,0.0,0.0,0.0,362,0.0,0.0,-0.0,-0.0,2010-05-20,pass,"counterfactual_common_baseline_relative=max(0,final_yield-null)-I-5N"
LC,Luancheng,2010,Mask-aware DQN,,,dssat_auto,2010,141,21,0.0,27.8,14.9,0.0,0.0,0.0,0.0,0.0,361,0.0,0.0,-0.0,-0.0,2010-05-21,pass,"counterfactual_common_baseline_relative=max(0,final_yield-null)-I-5N"
LC,Luancheng,2010,Mask-aware DQN,,,dssat_auto,2010,142,22,0.0,28.9,12.7,0.0,0.0,0.0,0.0,0.0,361,0.0,0.0,-0.0,-0.0,2010-05-22,pass,"counterfactual_common_baseline_relative=max(0,final_yield-null)-I-5N"
LC,Luancheng,2010,Mask-aware DQN,,,dssat_auto,2010,143,23,0.0,32.1,13.5,0.0,0.0,0.0,0.0,0.0,360,0.0,0.0,-0.0,-0.0,2010-05-23,pass,"counterfactual_common_baseline_relative=max(0,final_yield-null)-I-5N"
LC,Luancheng,2010,Mask-aware DQN,,,dssat_auto,2010,144,24,0.0,30.7,17.6,0.0,0.0,0.0,0.0,0.0,360,0.0,0.0,-0.0,-0.0,2010-05-24,pass,"counterfactual_common_baseline_relative=max(0,final_yield-null)-I-5N"
LC,Luancheng,2010,Mask-aware DQN,,,dssat_auto,2010,145,25,0.0,30.6,12.0,0.0,0.0,0.0,0.0,0.0,360,0.0,0.0,-0.0,-0.0,2010-05-25,pass,"counterfactual_common_baseline_relative=max(0,final_yield-null)-I-5N"
LC,Luancheng,2010,Mask-aware DQN,,,dssat_auto,2010,146,26,0.0,27.7,16.0,0.0,0.0,0.0,0.0,0.0,359,0.0,0.0,-0.0,-0.0,2010-05-26,pass,"counterfactual_common_baseline_relative=max(0,final_yield-null)-I-5N"
LC,Luancheng,2010,Mask-aware DQN,,,dssat_auto,2010,147,27,1.4,21.5,18.1,0.0,0.0,0.0,0.0,0.0,360,0.0,0.0,-0.0,-0.0,2010-05-27,pass,"counterfactual_common_baseline_relative=max(0,final_yield-null)-I-5N"
LC,Luancheng,2010,Mask-aware DQN,,,dssat_auto,2010,148,28,0.0,27.6,16.3,0.0,0.0,0.0,0.0,0.0,360,0.0,0.0,-0.0,-0.0,2010-05-28,pass,"counterfactual_common_baseline_relative=max(0,final_yield-null)-I-5N"
LC,Luancheng,2010,Mask-aware DQN,,,dssat_auto,2010,149,29,0.0,35.1,13.5,0.0,0.0,0.0,0.0,0.0,359,0.0,0.0,-0.0,-0.0,2010-05-29,pass,"counterfactual_common_baseline_relative=max(0,final_yield-null)-I-5N"
LC,Luancheng,2010,Mask-aware DQN,,,dssat_auto,2010,150,30,0.0,30.6,13.6,0.0,0.0,0.0,0.0,0.0,359,0.0,0.0,-0.0,-0.0,2010-05-30,pass,"counterfactual_common_baseline_relative=max(0,final_yield-null)-I-5N"
LC,Luancheng,2010,Mask-aware DQN,,,dssat_auto,2010,151,31,0.0,26.5,15.0,0.0,0.0,0.0,0.0,0.0,359,0.0,0.0,-0.0,-0.0,2010-05-31,pass,"counterfactual_common_baseline_relative=max(0,final_yield-null)-I-5N"
LC,Luancheng,2010,Mask-aware DQN,,,dssat_auto,2010,152,32,0.0,27.6,14.7,0.0,0.0,0.0,0.0,0.0,358,0.0,0.0,-0.0,-0.0,2010-06-01,pass,"counterfactual_common_baseline_relative=max(0,final_yield-null)-I-5N"
LC,Luancheng,2010,Mask-aware DQN,,,dssat_auto,2010,153,33,2.8,24.5,15.6,0.0,0.0,0.0,0.0,0.0,360,0.0,0.0,-0.0,-0.0,2010-06-02,pass,"counterfactual_common_baseline_relative=max(0,final_yield-null)-I-5N"
LC,Luancheng,2010,Mask-aware DQN,,,dssat_auto,2010,154,34,0.2,26.8,16.3,0.0,0.0,0.0,0.0,0.0,360,0.0,0.0,-0.0,-0.0,2010-06-03,pass,"counterfactual_common_baseline_relative=max(0,final_yield-null)-I-5N"
LC,Luancheng,2010,Mask-aware DQN,,,dssat_auto,2010,155,35,0.0,28.8,15.7,0.0,0.0,0.0,0.0,0.0,359,0.0,0.0,-0.0,-0.0,2010-06-04,pass,"counterfactual_common_baseline_relative=max(0,final_yield-null)-I-5N"
LC,Luancheng,2010,Mask-aware DQN,,,dssat_auto,2010,156,36,0.0,29.3,15.2,0.0,0.0,0.0,0.0,0.0,359,0.0,0.0,-0.0,-0.0,2010-06-05,pass,"counterfactual_common_baseline_relative=max(0,final_yield-null)-I-5N"
LC,Luancheng,2010,Mask-aware DQN,,,dssat_auto,2010,157,37,0.0,29.8,15.8,0.0,0.0,0.0,0.0,0.0,359,0.0,0.0,-0.0,-0.0,2010-06-06,pass,"counterfactual_common_baseline_relative=max(0,final_yield-null)-I-5N"
LC,Luancheng,2010,Mask-aware DQN,,,dssat_auto,2010,158,38,0.0,29.6,17.5,0.0,0.0,0.0,0.0,0.0,358,0.0,0.0,-0.0,-0.0,2010-06-07,pass,"counterfactual_common_baseline_relative=max(0,final_yield-null)-I-5N"
LC,Luancheng,2010,Mask-aware DQN,,,dssat_auto,2010,159,39,0.0,29.6,15.2,0.0,0.0,0.0,0.0,0.0,358,0.0,0.0,-0.0,-0.0,2010-06-08,pass,"counterfactual_common_baseline_relative=max(0,final_yield-null)-I-5N"
LC,Luancheng,2010,Mask-aware DQN,,,dssat_auto,2010,160,40,0.0,26.1,19.0,0.0,0.0,0.0,0.0,0.0,358,0.0,0.0,-0.0,-0.0,2010-06-09,pass,"counterfactual_common_baseline_relative=max(0,final_yield-null)-I-5N"
LC,Luancheng,2010,Mask-aware DQN,,,dssat_auto,2010,161,41,0.0,27.5,18.3,0.0,0.0,0.0,0.0,0.0,357,0.0,0.0,-0.0,-0.0,2010-06-10,pass,"counterfactual_common_baseline_relative=max(0,final_yield-null)-I-5N"
LC,Luancheng,2010,Mask-aware DQN,,,dssat_auto,2010,162,42,0.0,27.9,14.2,0.0,0.0,0.0,0.0,0.0,357,0.0,0.0,-0.0,-0.0,2010-06-11,pass,"counterfactual_common_baseline_relative=max(0,final_yield-null)-I-5N"
LC,Luancheng,2010,Mask-aware DQN,,,dssat_auto,2010,163,43,0.0,31.8,17.0,0.0,0.0,0.0,0.0,0.0,357,0.0,0.0,-0.0,-0.0,2010-06-12,pass,"counterfactual_common_baseline_relative=max(0,final_yield-null)-I-5N"
LC,Luancheng,2010,Mask-aware DQN,,,dssat_auto,2010,164,44,0.0,34.1,18.9,0.0,0.0,0.0,0.0,0.0,356,0.0,0.0,-0.0,-0.0,2010-06-13,pass,"counterfactual_common_baseline_relative=max(0,final_yield-null)-I-5N"
LC,Luancheng,2010,Mask-aware DQN,,,dssat_auto,2010,165,45,0.0,31.4,19.1,0.0,0.0,0.0,0.0,0.0,356,0.0,0.0,-0.0,-0.0,2010-06-14,pass,"counterfactual_common_baseline_relative=max(0,final_yield-null)-I-5N"
LC,Luancheng,2010,Mask-aware DQN,,,dssat_auto,2010,166,46,0.0,38.2,19.9,0.0,0.0,0.0,0.0,0.0,356,0.0,0.0,-0.0,-0.0,2010-06-15,pass,"counterfactual_common_baseline_relative=max(0,final_yield-null)-I-5N"
LC,Luancheng,2010,Mask-aware DQN,,,dssat_auto,2010,167,47,0.0,37.2,21.1,0.0,0.0,0.0,0.0,0.0,355,0.0,0.0,-0.0,-0.0,2010-06-16,pass,"counterfactual_common_baseline_relative=max(0,final_yield-null)-I-5N"
LC,Luancheng,2010,Mask-aware DQN,,,dssat_auto,2010,168,48,0.0,32.0,20.3,0.0,0.0,0.0,0.0,0.0,355,0.0,0.0,-0.0,-0.0,2010-06-17,pass,"counterfactual_common_baseline_relative=max(0,final_yield-null)-I-5N"
LC,Luancheng,2010,Mask-aware DQN,,,dssat_auto,2010,169,49,2.6,29.6,19.4,0.0,0.0,0.0,0.0,0.0,357,0.0,0.0,-0.0,-0.0,2010-06-18,pass,"counterfactual_common_baseline_relative=max(0,final_yield-null)-I-5N"
LC,Luancheng,2010,Mask-aware DQN,,,dssat_auto,2010,170,50,0.0,36.7,16.9,0.0,0.0,0.0,0.0,0.0,357,0.0,0.0,-0.0,-0.0,2010-06-19,pass,"counterfactual_common_baseline_relative=max(0,final_yield-null)-I-5N"
LC,Luancheng,2010,Mask-aware DQN,,,dssat_auto,2010,171,51,0.0,37.4,19.6,0.0,0.0,0.0,0.0,0.0,408,53.9,0.0,-53.9,-53.9,2010-06-20,pass,"counterfactual_common_baseline_relative=max(0,final_yield-null)-I-5N"
LC,Luancheng,2010,Mask-aware DQN,,,dssat_auto,2010,172,52,0.0,41.4,21.0,1.0,0.0,0.0,0.0,0.0,401,0.0,0.0,-0.0,-53.9,2010-06-21,pass,"counterfactual_common_baseline_relative=max(0,final_yield-null)-I-5N"
LC,Luancheng,2010,Mask-aware DQN,,,dssat_auto,2010,173,53,0.0,35.7,24.1,2.0,0.0,0.0,0.0,0.0,400,0.0,0.0,-0.0,-53.9,2010-06-22,pass,"counterfactual_common_baseline_relative=max(0,final_yield-null)-I-5N"
LC,Luancheng,2010,Mask-aware DQN,,,dssat_auto,2010,174,54,0.0,31.8,19.5,3.0,0.0,0.0,0.0,0.0,399,0.0,0.0,-0.0,-53.9,2010-06-23,pass,"counterfactual_common_baseline_relative=max(0,final_yield-null)-I-5N"
LC,Luancheng,2010,Mask-aware DQN,,,dssat_auto,2010,175,55,0.0,33.9,17.7,4.0,0.0,0.0,0.0,0.0,398,0.0,0.0,-0.0,-53.9,2010-06-24,pass,"counterfactual_common_baseline_relative=max(0,final_yield-null)-I-5N"
LC,Luancheng,2010,Mask-aware DQN,,,dssat_auto,2010,176,56,0.0,32.3,21.1,5.0,0.0,29.0,0.0,0.012,397,0.0,0.0,-0.0,-53.9,2010-06-25,pass,"counterfactual_common_baseline_relative=max(0,final_yield-null)-I-5N"
LC,Luancheng,2010,Mask-aware DQN,,,dssat_auto,2010,177,57,0.0,34.1,21.2,6.0,0.0,29.0,0.0,0.009,396,0.0,0.0,-0.0,-53.9,2010-06-26,pass,"counterfactual_common_baseline_relative=max(0,final_yield-null)-I-5N"
LC,Luancheng,2010,Mask-aware DQN,,,dssat_auto,2010,178,58,0.0,38.2,19.6,7.0,0.0,29.0,0.0,0.0,395,0.0,0.0,-0.0,-53.9,2010-06-27,pass,"counterfactual_common_baseline_relative=max(0,final_yield-null)-I-5N"
LC,Luancheng,2010,Mask-aware DQN,,,dssat_auto,2010,179,59,0.0,40.4,21.5,8.0,0.0,32.0,0.0,0.0,395,0.0,0.0,-0.0,-53.9,2010-06-28,pass,"counterfactual_common_baseline_relative=max(0,final_yield-null)-I-5N"
LC,Luancheng,2010,Mask-aware DQN,,,dssat_auto,2010,180,60,0.0,34.6,23.8,9.0,0.0,49.0,0.0,0.0,394,0.0,0.0,-0.0,-53.9,2010-06-29,pass,"counterfactual_common_baseline_relative=max(0,final_yield-null)-I-5N"
LC,Luancheng,2010,Mask-aware DQN,,,dssat_auto,2010,181,61,0.0,31.6,24.9,10.0,0.0,58.0,0.0,0.019,393,0.0,0.0,-0.0,-53.9,2010-06-30,pass,"counterfactual_common_baseline_relative=max(0,final_yield-null)-I-5N"
LC,Luancheng,2010,Mask-aware DQN,,,dssat_auto,2010,182,62,3.6,27.4,23.3,11.0,0.0,60.0,0.0,0.0,396,0.0,0.0,-0.0,-53.9,2010-07-01,pass,"counterfactual_common_baseline_relative=max(0,final_yield-null)-I-5N"
LC,Luancheng,2010,Mask-aware DQN,,,dssat_auto,2010,183,63,0.0,36.8,21.3,12.0,0.0,96.0,0.0,0.0,395,0.0,0.0,-0.0,-53.9,2010-07-02,pass,"counterfactual_common_baseline_relative=max(0,final_yield-null)-I-5N"
LC,Luancheng,2010,Mask-aware DQN,,,dssat_auto,2010,184,64,0.0,39.6,22.1,13.0,0.0,140.0,0.0,0.0,393,0.0,0.0,-0.0,-53.9,2010-07-03,pass,"counterfactual_common_baseline_relative=max(0,final_yield-null)-I-5N"
LC,Luancheng,2010,Mask-aware DQN,,,dssat_auto,2010,185,65,0.0,39.9,23.8,14.0,0.0,184.0,0.0,0.0,391,0.0,0.0,-0.0,-53.9,2010-07-04,pass,"counterfactual_common_baseline_relative=max(0,final_yield-null)-I-5N"
LC,Luancheng,2010,Mask-aware DQN,,,dssat_auto,2010,186,66,0.0,40.3,25.6,15.0,0.0,233.0,0.0,0.01,388,0.0,0.0,-0.0,-53.9,2010-07-05,pass,"counterfactual_common_baseline_relative=max(0,final_yield-null)-I-5N"
LC,Luancheng,2010,Mask-aware DQN,,,dssat_auto,2010,187,67,0.0,41.1,21.9,16.0,0.0,305.0,0.0,0.0,385,0.0,0.0,-0.0,-53.9,2010-07-06,pass,"counterfactual_common_baseline_relative=max(0,final_yield-null)-I-5N"
LC,Luancheng,2010,Mask-aware DQN,,,dssat_auto,2010,188,68,0.0,35.5,22.6,17.0,0.0,353.0,0.0,0.0,383,0.0,0.0,-0.0,-53.9,2010-07-07,pass,"counterfactual_common_baseline_relative=max(0,final_yield-null)-I-5N"
LC,Luancheng,2010,Mask-aware DQN,,,dssat_auto,2010,189,69,0.0,34.6,22.9,18.0,0.0,464.0,0.0,0.0,381,0.0,0.0,-0.0,-53.9,2010-07-08,pass,"counterfactual_common_baseline_relative=max(0,final_yield-null)-I-5N"
LC,Luancheng,2010,Mask-aware DQN,,,dssat_auto,2010,190,70,28.0,31.1,21.5,19.0,0.0,507.0,0.0,0.0,403,0.0,0.0,-0.0,-53.9,2010-07-09,pass,"counterfactual_common_baseline_relative=max(0,final_yield-null)-I-5N"
LC,Luancheng,2010,Mask-aware DQN,,,dssat_auto,2010,191,71,5.6,29.0,21.1,20.0,0.0,604.0,0.0,0.0,405,0.0,0.0,-0.0,-53.9,2010-07-10,pass,"counterfactual_common_baseline_relative=max(0,final_yield-null)-I-5N"
LC,Luancheng,2010,Mask-aware DQN,,,dssat_auto,2010,192,72,0.0,32.6,21.2,21.0,0.0,770.0,0.0,0.0,401,0.0,0.0,-0.0,-53.9,2010-07-11,pass,"counterfactual_common_baseline_relative=max(0,final_yield-null)-I-5N"
LC,Luancheng,2010,Mask-aware DQN,,,dssat_auto,2010,193,73,0.0,31.5,24.1,22.0,0.0,860.0,0.0,0.0,398,0.0,0.0,-0.0,-53.9,2010-07-12,pass,"counterfactual_common_baseline_relative=max(0,final_yield-null)-I-5N"
LC,Luancheng,2010,Mask-aware DQN,,,dssat_auto,2010,194,74,0.0,31.6,23.9,23.0,0.0,999.0,0.0,0.0,395,0.0,0.0,-0.0,-53.9,2010-07-13,pass,"counterfactual_common_baseline_relative=max(0,final_yield-null)-I-5N"
LC,Luancheng,2010,Mask-aware DQN,,,dssat_auto,2010,195,75,0.0,31.3,23.7,24.0,0.0,1145.0,0.0,0.0,392,0.0,0.0,-0.0,-53.9,2010-07-14,pass,"counterfactual_common_baseline_relative=max(0,final_yield-null)-I-5N"
LC,Luancheng,2010,Mask-aware DQN,,,dssat_auto,2010,196,76,0.4,30.1,23.4,25.0,0.0,1238.0,0.0,0.0,391,0.0,0.0,-0.0,-53.9,2010-07-15,pass,"counterfactual_common_baseline_relative=max(0,final_yield-null)-I-5N"
LC,Luancheng,2010,Mask-aware DQN,,,dssat_auto,2010,197,77,0.0,33.3,21.9,26.0,0.0,1486.0,0.0,0.0,385,0.0,0.0,-0.0,-53.9,2010-07-16,pass,"counterfactual_common_baseline_relative=max(0,final_yield-null)-I-5N"
LC,Luancheng,2010,Mask-aware DQN,,,dssat_auto,2010,198,78,0.0,32.1,23.5,27.0,0.0,1657.0,0.0,0.0,382,0.0,0.0,-0.0,-53.9,2010-07-17,pass,"counterfactual_common_baseline_relative=max(0,final_yield-null)-I-5N"
LC,Luancheng,2010,Mask-aware DQN,,,dssat_auto,2010,199,79,0.2,34.3,20.6,28.0,0.0,1952.0,0.0,0.0,377,0.0,0.0,-0.0,-53.9,2010-07-18,pass,"counterfactual_common_baseline_relative=max(0,final_yield-null)-I-5N"
LC,Luancheng,2010,Mask-aware DQN,,,dssat_auto,2010,200,80,1.6,28.9,23.4,29.0,0.0,2012.0,0.0,0.0,377,0.0,0.0,-0.0,-53.9,2010-07-19,pass,"counterfactual_common_baseline_relative=max(0,final_yield-null)-I-5N"
LC,Luancheng,2010,Mask-aware DQN,,,dssat_auto,2010,201,81,0.0,32.4,19.1,30.0,0.0,2329.0,0.0,0.0,371,0.0,0.0,-0.0,-53.9,2010-07-20,pass,"counterfactual_common_baseline_relative=max(0,final_yield-null)-I-5N"
LC,Luancheng,2010,Mask-aware DQN,,,dssat_auto,2010,202,82,0.0,33.9,20.6,31.0,0.0,2683.0,0.0,0.0,365,0.0,0.0,-0.0,-53.9,2010-07-21,pass,"counterfactual_common_baseline_relative=max(0,final_yield-null)-I-5N"
LC,Luancheng,2010,Mask-aware DQN,,,dssat_auto,2010,203,83,0.0,33.3,23.3,32.0,0.0,2935.0,0.0,0.0,361,0.0,0.0,-0.0,-53.9,2010-07-22,pass,"counterfactual_common_baseline_relative=max(0,final_yield-null)-I-5N"
LC,Luancheng,2010,Mask-aware DQN,,,dssat_auto,2010,204,84,0.0,33.9,23.3,33.0,0.0,3275.0,0.0,0.0,399,42.8,0.0,-42.8,-96.69999999999999,2010-07-23,pass,"counterfactual_common_baseline_relative=max(0,final_yield-null)-I-5N"
LC,Luancheng,2010,Mask-aware DQN,,,dssat_auto,2010,205,85,0.0,34.0,23.0,34.0,0.0,3614.0,0.0,0.0,394,0.0,0.0,-0.0,-96.69999999999999,2010-07-24,pass,"counterfactual_common_baseline_relative=max(0,final_yield-null)-I-5N"
LC,Luancheng,2010,Mask-aware DQN,,,dssat_auto,2010,206,86,0.0,35.3,23.2,35.0,0.0,4001.0,0.0,0.0,388,0.0,0.0,-0.0,-96.69999999999999,2010-07-25,pass,"counterfactual_common_baseline_relative=max(0,final_yield-null)-I-5N"
LC,Luancheng,2010,Mask-aware DQN,,,dssat_auto,2010,207,87,0.0,34.8,23.5,36.0,0.0,4313.0,0.0,0.0,383,0.0,0.0,-0.0,-96.69999999999999,2010-07-26,pass,"counterfactual_common_baseline_relative=max(0,final_yield-null)-I-5N"
LC,Luancheng,2010,Mask-aware DQN,,,dssat_auto,2010,208,88,0.0,33.8,24.2,37.0,0.0,4641.0,0.0,0.0,379,0.0,0.0,-0.0,-96.69999999999999,2010-07-27,pass,"counterfactual_common_baseline_relative=max(0,final_yield-null)-I-5N"
LC,Luancheng,2010,Mask-aware DQN,,,dssat_auto,2010,209,89,0.0,34.7,24.5,38.0,0.0,4982.0,0.0,0.0,374,0.0,0.0,-0.0,-96.69999999999999,2010-07-28,pass,"counterfactual_common_baseline_relative=max(0,final_yield-null)-I-5N"
LC,Luancheng,2010,Mask-aware DQN,,,dssat_auto,2010,210,90,0.0,36.5,25.5,39.0,0.0,5347.0,0.0,0.0,368,0.0,0.0,-0.0,-96.69999999999999,2010-07-29,pass,"counterfactual_common_baseline_relative=max(0,final_yield-null)-I-5N"
LC,Luancheng,2010,Mask-aware DQN,,,dssat_auto,2010,211,91,0.0,36.4,27.1,40.0,0.0,5573.0,0.0,0.0,364,0.0,0.0,-0.0,-96.69999999999999,2010-07-30,pass,"counterfactual_common_baseline_relative=max(0,final_yield-null)-I-5N"
LC,Luancheng,2010,Mask-aware DQN,,,dssat_auto,2010,212,92,0.2,37.3,25.5,41.0,0.0,5844.0,0.0,0.0,359,0.0,0.0,-0.0,-96.69999999999999,2010-07-31,pass,"counterfactual_common_baseline_relative=max(0,final_yield-null)-I-5N"
LC,Luancheng,2010,Mask-aware DQN,,,dssat_auto,2010,213,93,0.2,28.0,24.3,42.0,0.0,6010.0,0.0,0.0,357,0.0,0.0,-0.0,-96.69999999999999,2010-08-01,pass,"counterfactual_common_baseline_relative=max(0,final_yield-null)-I-5N"
LC,Luancheng,2010,Mask-aware DQN,,,dssat_auto,2010,214,94,0.0,31.3,22.1,43.0,0.0,6348.0,0.0,0.0,352,0.0,0.0,-0.0,-96.69999999999999,2010-08-02,pass,"counterfactual_common_baseline_relative=max(0,final_yield-null)-I-5N"
LC,Luancheng,2010,Mask-aware DQN,,,dssat_auto,2010,215,95,0.2,32.7,21.6,44.0,0.0,6655.0,0.0,0.0,348,0.0,0.0,-0.0,-96.69999999999999,2010-08-03,pass,"counterfactual_common_baseline_relative=max(0,final_yield-null)-I-5N"
LC,Luancheng,2010,Mask-aware DQN,,,dssat_auto,2010,216,96,0.2,32.9,23.5,45.0,0.0,6747.0,0.0,0.0,347,0.0,0.0,-0.0,-96.69999999999999,2010-08-04,pass,"counterfactual_common_baseline_relative=max(0,final_yield-null)-I-5N"
LC,Luancheng,2010,Mask-aware DQN,,,dssat_auto,2010,217,97,0.2,33.0,22.4,46.0,0.0,6978.0,0.0,0.0,344,0.0,0.0,-0.0,-96.69999999999999,2010-08-05,pass,"counterfactual_common_baseline_relative=max(0,final_yield-null)-I-5N"
LC,Luancheng,2010,Mask-aware DQN,,,dssat_auto,2010,218,98,0.0,30.9,20.3,47.0,0.0,7335.0,0.0,0.0,339,0.0,0.0,-0.0,-96.69999999999999,2010-08-06,pass,"counterfactual_common_baseline_relative=max(0,final_yield-null)-I-5N"
LC,Luancheng,2010,Mask-aware DQN,,,dssat_auto,2010,219,99,0.2,31.5,18.7,48.0,0.0,7649.0,0.0,0.0,334,0.0,0.0,-0.0,-96.69999999999999,2010-08-07,pass,"counterfactual_common_baseline_relative=max(0,final_yield-null)-I-5N"
LC,Luancheng,2010,Mask-aware DQN,,,dssat_auto,2010,220,100,0.0,32.2,22.4,49.0,0.0,7923.0,0.0,0.0,330,0.0,0.0,-0.0,-96.69999999999999,2010-08-08,pass,"counterfactual_common_baseline_relative=max(0,final_yield-null)-I-5N"
LC,Luancheng,2010,Mask-aware DQN,,,dssat_auto,2010,221,101,0.2,31.1,24.5,50.0,0.0,8020.0,0.0,0.0,328,0.0,0.0,-0.0,-96.69999999999999,2010-08-09,pass,"counterfactual_common_baseline_relative=max(0,final_yield-null)-I-5N"
LC,Luancheng,2010,Mask-aware DQN,,,dssat_auto,2010,222,102,0.2,28.8,22.1,51.0,0.0,8067.0,0.0,0.0,327,0.0,0.0,-0.0,-96.69999999999999,2010-08-10,pass,"counterfactual_common_baseline_relative=max(0,final_yield-null)-I-5N"
LC,Luancheng,2010,Mask-aware DQN,,,dssat_auto,2010,223,103,0.0,25.5,21.5,52.0,0.0,8043.0,0.0,0.0,327,0.0,0.0,-0.0,-96.69999999999999,2010-08-11,pass,"counterfactual_common_baseline_relative=max(0,final_yield-null)-I-5N"
LC,Luancheng,2010,Mask-aware DQN,,,dssat_auto,2010,224,104,0.2,33.2,20.7,53.0,0.0,8361.0,0.0,0.0,322,0.0,0.0,-0.0,-96.69999999999999,2010-08-12,pass,"counterfactual_common_baseline_relative=max(0,final_yield-null)-I-5N"
LC,Luancheng,2010,Mask-aware DQN,,,dssat_auto,2010,225,105,0.2,28.5,23.8,54.0,0.0,8393.0,0.0,0.0,321,0.0,0.0,-0.0,-96.69999999999999,2010-08-13,pass,"counterfactual_common_baseline_relative=max(0,final_yield-null)-I-5N"
LC,Luancheng,2010,Mask-aware DQN,,,dssat_auto,2010,226,106,0.0,32.1,22.6,55.0,0.0,8599.0,0.0,0.0,317,0.0,0.0,-0.0,-96.69999999999999,2010-08-14,pass,"counterfactual_common_baseline_relative=max(0,final_yield-null)-I-5N"
LC,Luancheng,2010,Mask-aware DQN,,,dssat_auto,2010,227,107,0.0,35.4,16.4,56.0,265.0,8864.0,0.0,0.0,311,0.0,0.0,-0.0,-96.69999999999999,2010-08-15,pass,"counterfactual_common_baseline_relative=max(0,final_yield-null)-I-5N"
LC,Luancheng,2010,Mask-aware DQN,,,dssat_auto,2010,228,108,0.2,33.3,17.8,57.0,530.0,9129.0,0.0,0.0,306,0.0,0.0,-0.0,-96.69999999999999,2010-08-16,pass,"counterfactual_common_baseline_relative=max(0,final_yield-null)-I-5N"
LC,Luancheng,2010,Mask-aware DQN,,,dssat_auto,2010,229,109,0.0,32.5,18.7,58.0,794.0,9394.0,0.0,0.0,301,0.0,0.0,-0.0,-96.69999999999999,2010-08-17,pass,"counterfactual_common_baseline_relative=max(0,final_yield-null)-I-5N"
LC,Luancheng,2010,Mask-aware DQN,,,dssat_auto,2010,230,110,0.0,30.3,21.7,59.0,1059.0,9581.0,0.0,0.0,340,41.8,0.0,-41.8,-138.5,2010-08-18,pass,"counterfactual_common_baseline_relative=max(0,final_yield-null)-I-5N"
LC,Luancheng,2010,Mask-aware DQN,,,dssat_auto,2010,231,111,0.2,28.0,20.4,60.0,1324.0,9762.0,0.0,0.0,339,0.0,0.0,-0.0,-138.5,2010-08-19,pass,"counterfactual_common_baseline_relative=max(0,final_yield-null)-I-5N"
LC,Luancheng,2010,Mask-aware DQN,,,dssat_auto,2010,232,112,0.0,26.6,22.5,61.0,1589.0,9856.0,0.0,0.0,337,0.0,0.0,-0.0,-138.5,2010-08-20,pass,"counterfactual_common_baseline_relative=max(0,final_yield-null)-I-5N"
LC,Luancheng,2010,Mask-aware DQN,,,dssat_auto,2010,233,113,0.2,23.5,19.9,62.0,1854.0,9897.0,0.0,0.0,337,0.0,0.0,-0.0,-138.5,2010-08-21,pass,"counterfactual_common_baseline_relative=max(0,final_yield-null)-I-5N"
LC,Luancheng,2010,Mask-aware DQN,,,dssat_auto,2010,234,114,0.2,29.8,18.3,63.0,2118.0,10217.0,0.0,0.0,333,0.0,0.0,-0.0,-138.5,2010-08-22,pass,"counterfactual_common_baseline_relative=max(0,final_yield-null)-I-5N"
LC,Luancheng,2010,Mask-aware DQN,,,dssat_auto,2010,235,115,0.0,27.1,19.5,64.0,2383.0,10393.0,0.0,0.0,331,0.0,0.0,-0.0,-138.5,2010-08-23,pass,"counterfactual_common_baseline_relative=max(0,final_yield-null)-I-5N"
LC,Luancheng,2010,Mask-aware DQN,,,dssat_auto,2010,236,116,0.2,26.2,18.1,65.0,2648.0,10707.0,0.0,0.0,327,0.0,0.0,-0.0,-138.5,2010-08-24,pass,"counterfactual_common_baseline_relative=max(0,final_yield-null)-I-5N"
LC,Luancheng,2010,Mask-aware DQN,,,dssat_auto,2010,237,117,0.0,30.2,13.9,66.0,2913.0,11048.0,0.0,0.0,322,0.0,0.0,-0.0,-138.5,2010-08-25,pass,"counterfactual_common_baseline_relative=max(0,final_yield-null)-I-5N"
LC,Luancheng,2010,Mask-aware DQN,,,dssat_auto,2010,238,118,0.2,30.2,19.9,67.0,3178.0,11331.0,0.0,0.0,319,0.0,0.0,-0.0,-138.5,2010-08-26,pass,"counterfactual_common_baseline_relative=max(0,final_yield-null)-I-5N"
LC,Luancheng,2010,Mask-aware DQN,,,dssat_auto,2010,239,119,0.2,28.9,17.1,68.0,3442.0,11567.0,0.0,0.0,316,0.0,0.0,-0.0,-138.5,2010-08-27,pass,"counterfactual_common_baseline_relative=max(0,final_yield-null)-I-5N"
LC,Luancheng,2010,Mask-aware DQN,,,dssat_auto,2010,240,120,0.2,31.2,15.3,69.0,3707.0,11909.0,0.0,0.0,311,0.0,0.0,-0.0,-138.5,2010-08-28,pass,"counterfactual_common_baseline_relative=max(0,final_yield-null)-I-5N"
LC,Luancheng,2010,Mask-aware DQN,,,dssat_auto,2010,241,121,0.4,32.0,16.2,70.0,3972.0,12244.0,0.0,0.0,307,0.0,0.0,-0.0,-138.5,2010-08-29,pass,"counterfactual_common_baseline_relative=max(0,final_yield-null)-I-5N"
LC,Luancheng,2010,Mask-aware DQN,,,dssat_auto,2010,242,122,0.2,31.7,18.7,71.0,4237.0,12533.0,0.0,0.0,303,0.0,0.0,-0.0,-138.5,2010-08-30,pass,"counterfactual_common_baseline_relative=max(0,final_yield-null)-I-5N"
LC,Luancheng,2010,Mask-aware DQN,,,dssat_auto,2010,243,123,0.4,29.3,20.5,72.0,4502.0,12739.0,0.0,0.0,301,0.0,0.0,-0.0,-138.5,2010-08-31,pass,"counterfactual_common_baseline_relative=max(0,final_yield-null)-I-5N"
LC,Luancheng,2010,Mask-aware DQN,,,dssat_auto,2010,244,124,0.2,28.9,18.1,73.0,4766.0,13030.0,0.0,0.0,297,0.0,0.0,-0.0,-138.5,2010-09-01,pass,"counterfactual_common_baseline_relative=max(0,final_yield-null)-I-5N"
LC,Luancheng,2010,Mask-aware DQN,,,dssat_auto,2010,245,125,0.2,29.3,19.4,74.0,5031.0,13268.0,0.0,0.0,294,0.0,0.0,-0.0,-138.5,2010-09-02,pass,"counterfactual_common_baseline_relative=max(0,final_yield-null)-I-5N"
LC,Luancheng,2010,Mask-aware DQN,,,dssat_auto,2010,246,126,0.2,28.3,19.5,75.0,5296.0,13492.0,0.0,0.0,292,0.0,0.0,-0.0,-138.5,2010-09-03,pass,"counterfactual_common_baseline_relative=max(0,final_yield-null)-I-5N"
LC,Luancheng,2010,Mask-aware DQN,,,dssat_auto,2010,247,127,0.2,28.4,16.7,76.0,5561.0,13744.0,0.0,0.0,289,0.0,0.0,-0.0,-138.5,2010-09-04,pass,"counterfactual_common_baseline_relative=max(0,final_yield-null)-I-5N"
LC,Luancheng,2010,Mask-aware DQN,,,dssat_auto,2010,248,128,0.0,27.5,19.0,77.0,5826.0,13914.0,0.0,0.0,287,0.0,0.0,-0.0,-138.5,2010-09-05,pass,"counterfactual_common_baseline_relative=max(0,final_yield-null)-I-5N"
LC,Luancheng,2010,Mask-aware DQN,,,dssat_auto,2010,249,129,0.2,27.1,18.5,78.0,6090.0,14063.0,0.0,0.0,285,0.0,0.0,-0.0,-138.5,2010-09-06,pass,"counterfactual_common_baseline_relative=max(0,final_yield-null)-I-5N"
LC,Luancheng,2010,Mask-aware DQN,,,dssat_auto,2010,250,130,21.0,24.0,20.4,79.0,6355.0,14142.0,0.0,0.0,303,0.0,0.0,-0.0,-138.5,2010-09-07,pass,"counterfactual_common_baseline_relative=max(0,final_yield-null)-I-5N"
LC,Luancheng,2010,Mask-aware DQN,,,dssat_auto,2010,251,131,0.2,25.2,19.0,80.0,6620.0,14353.0,0.0,0.0,301,0.0,0.0,-0.0,-138.5,2010-09-08,pass,"counterfactual_common_baseline_relative=max(0,final_yield-null)-I-5N"
LC,Luancheng,2010,Mask-aware DQN,,,dssat_auto,2010,252,132,0.0,24.7,17.8,81.0,6885.0,14531.0,0.0,0.0,299,0.0,0.0,-0.0,-138.5,2010-09-09,pass,"counterfactual_common_baseline_relative=max(0,final_yield-null)-I-5N"
LC,Luancheng,2010,Mask-aware DQN,,,dssat_auto,2010,253,133,0.0,31.7,14.2,82.0,7150.0,14839.0,0.0,0.0,295,0.0,0.0,-0.0,-138.5,2010-09-10,pass,"counterfactual_common_baseline_relative=max(0,final_yield-null)-I-5N"
LC,Luancheng,2010,Mask-aware DQN,,,dssat_auto,2010,254,134,0.0,31.0,15.5,83.0,7414.0,15143.0,0.0,0.0,290,0.0,0.0,-0.0,-138.5,2010-09-11,pass,"counterfactual_common_baseline_relative=max(0,final_yield-null)-I-5N"
LC,Luancheng,2010,Mask-aware DQN,,,dssat_auto,2010,255,135,0.0,31.9,13.9,84.0,7679.0,15446.0,0.0,0.0,285,0.0,0.0,-0.0,-138.5,2010-09-12,pass,"counterfactual_common_baseline_relative=max(0,final_yield-null)-I-5N"
LC,Luancheng,2010,Mask-aware DQN,,,dssat_auto,2010,256,136,0.0,31.6,15.5,85.0,7944.0,15725.0,0.0,0.0,281,0.0,0.0,-0.0,-138.5,2010-09-13,pass,"counterfactual_common_baseline_relative=max(0,final_yield-null)-I-5N"
LC,Luancheng,2010,Mask-aware DQN,,,dssat_auto,2010,257,137,0.0,30.9,17.5,86.0,8209.0,15977.0,0.0,0.0,278,0.0,0.0,-0.0,-138.5,2010-09-14,pass,"counterfactual_common_baseline_relative=max(0,final_yield-null)-I-5N"
LC,Luancheng,2010,Mask-aware DQN,,,dssat_auto,2010,258,138,0.0,29.4,17.6,87.0,8474.0,16200.0,0.0,0.0,274,0.0,0.0,-0.0,-138.5,2010-09-15,pass,"counterfactual_common_baseline_relative=max(0,final_yield-null)-I-5N"
LC,Luancheng,2010,Mask-aware DQN,,,dssat_auto,2010,259,139,0.0,28.7,20.9,88.0,8738.0,16373.0,0.0,0.0,272,0.0,0.0,-0.0,-138.5,2010-09-16,pass,"counterfactual_common_baseline_relative=max(0,final_yield-null)-I-5N"
LC,Luancheng,2010,Mask-aware DQN,,,dssat_auto,2010,260,140,1.6,26.4,15.1,89.0,8738.0,16373.0,0.0,0.0,273,0.0,0.0,-0.0,-138.5,2010-09-17,pass,"counterfactual_common_baseline_relative=max(0,final_yield-null)-I-5N"
LC,Luancheng,2010,Mask-aware DQN,,,dssat_auto,2010,261,141,2.2,15.4,14.0,90.0,8738.0,16373.0,0.0,0.0,275,0.0,0.0,-0.0,-138.5,2010-09-18,pass,"counterfactual_common_baseline_relative=max(0,final_yield-null)-I-5N"
LC,Luancheng,2010,Mask-aware DQN,,,dssat_auto,2010,262,142,18.2,20.8,15.2,91.0,8738.0,16373.0,0.0,0.0,290,0.0,0.0,-0.0,-138.5,2010-09-19,pass,"counterfactual_common_baseline_relative=max(0,final_yield-null)-I-5N"
LC,Luancheng,2010,Mask-aware DQN,,,dssat_auto,2010,263,143,0.0,23.1,16.9,92.0,8738.0,16373.0,0.0,0.0,289,0.0,0.0,-0.0,-138.5,2010-09-20,pass,"counterfactual_common_baseline_relative=max(0,final_yield-null)-I-5N"
LC,Luancheng,2010,Mask-aware DQN,,,dssat_auto,2010,264,144,9.6,18.7,12.9,93.0,8738.0,16373.0,0.0,0.0,298,0.0,0.0,687.0,548.5,2010-09-21,pass,"counterfactual_common_baseline_relative=max(0,final_yield-null)-I-5N"
LC,Luancheng,2010,Mask-aware DQN,,,official_extension_expert,2010,121,1,0.0,29.5,6.1,0.0,0.0,0.0,0.0,0.0,372,0.0,0.0,-0.0,-0.0,2010-05-01,pass,"counterfactual_common_baseline_relative=max(0,final_yield-null)-I-5N"
LC,Luancheng,2010,Mask-aware DQN,,,official_extension_expert,2010,122,2,0.0,31.1,12.9,0.0,0.0,0.0,0.0,0.0,371,0.0,0.0,-0.0,-0.0,2010-05-02,pass,"counterfactual_common_baseline_relative=max(0,final_yield-null)-I-5N"
LC,Luancheng,2010,Mask-aware DQN,,,official_extension_expert,2010,123,3,0.0,24.2,17.5,0.0,0.0,0.0,0.0,0.0,369,0.0,0.0,-0.0,-0.0,2010-05-03,pass,"counterfactual_common_baseline_relative=max(0,final_yield-null)-I-5N"
LC,Luancheng,2010,Mask-aware DQN,,,official_extension_expert,2010,124,4,0.6,23.4,15.2,0.0,0.0,0.0,0.0,0.0,369,0.0,0.0,-0.0,-0.0,2010-05-04,pass,"counterfactual_common_baseline_relative=max(0,final_yield-null)-I-5N"
LC,Luancheng,2010,Mask-aware DQN,,,official_extension_expert,2010,125,5,2.6,28.7,14.4,0.0,0.0,0.0,0.0,0.0,369,0.0,0.0,-0.0,-0.0,2010-05-05,pass,"counterfactual_common_baseline_relative=max(0,final_yield-null)-I-5N"
LC,Luancheng,2010,Mask-aware DQN,,,official_extension_expert,2010,126,6,0.0,28.1,7.7,0.0,0.0,0.0,0.0,0.0,368,0.0,0.0,-0.0,-0.0,2010-05-06,pass,"counterfactual_common_baseline_relative=max(0,final_yield-null)-I-5N"
LC,Luancheng,2010,Mask-aware DQN,,,official_extension_expert,2010,127,7,0.0,31.6,9.2,0.0,0.0,0.0,0.0,0.0,367,0.0,0.0,-0.0,-0.0,2010-05-07,pass,"counterfactual_common_baseline_relative=max(0,final_yield-null)-I-5N"
LC,Luancheng,2010,Mask-aware DQN,,,official_extension_expert,2010,128,8,0.0,25.0,14.2,0.0,0.0,0.0,0.0,0.0,367,0.0,0.0,-0.0,-0.0,2010-05-08,pass,"counterfactual_common_baseline_relative=max(0,final_yield-null)-I-5N"
LC,Luancheng,2010,Mask-aware DQN,,,official_extension_expert,2010,129,9,0.0,23.0,13.5,0.0,0.0,0.0,0.0,0.0,366,0.0,0.0,-0.0,-0.0,2010-05-09,pass,"counterfactual_common_baseline_relative=max(0,final_yield-null)-I-5N"
LC,Luancheng,2010,Mask-aware DQN,,,official_extension_expert,2010,130,10,0.0,27.0,5.3,0.0,0.0,0.0,0.0,0.0,365,0.0,0.0,-0.0,-0.0,2010-05-10,pass,"counterfactual_common_baseline_relative=max(0,final_yield-null)-I-5N"
LC,Luancheng,2010,Mask-aware DQN,,,official_extension_expert,2010,131,11,0.0,23.5,6.8,0.0,0.0,0.0,0.0,0.0,365,0.0,0.0,-0.0,-0.0,2010-05-11,pass,"counterfactual_common_baseline_relative=max(0,final_yield-null)-I-5N"
LC,Luancheng,2010,Mask-aware DQN,,,official_extension_expert,2010,132,12,0.0,23.3,8.1,0.0,0.0,0.0,0.0,0.0,364,0.0,0.0,-0.0,-0.0,2010-05-12,pass,"counterfactual_common_baseline_relative=max(0,final_yield-null)-I-5N"
LC,Luancheng,2010,Mask-aware DQN,,,official_extension_expert,2010,133,13,0.0,24.2,10.9,0.0,0.0,0.0,0.0,0.0,364,0.0,0.0,-0.0,-0.0,2010-05-13,pass,"counterfactual_common_baseline_relative=max(0,final_yield-null)-I-5N"
LC,Luancheng,2010,Mask-aware DQN,,,official_extension_expert,2010,134,14,0.0,21.5,11.7,0.0,0.0,0.0,0.0,0.0,363,0.0,0.0,-0.0,-0.0,2010-05-14,pass,"counterfactual_common_baseline_relative=max(0,final_yield-null)-I-5N"
LC,Luancheng,2010,Mask-aware DQN,,,official_extension_expert,2010,135,15,0.0,25.3,12.2,0.0,0.0,0.0,0.0,0.0,363,0.0,0.0,-0.0,-0.0,2010-05-15,pass,"counterfactual_common_baseline_relative=max(0,final_yield-null)-I-5N"
LC,Luancheng,2010,Mask-aware DQN,,,official_extension_expert,2010,136,16,0.8,18.4,14.5,0.0,0.0,0.0,0.0,0.0,363,0.0,0.0,-0.0,-0.0,2010-05-16,pass,"counterfactual_common_baseline_relative=max(0,final_yield-null)-I-5N"
LC,Luancheng,2010,Mask-aware DQN,,,official_extension_expert,2010,137,17,1.0,23.2,14.3,0.0,0.0,0.0,0.0,0.0,363,0.0,0.0,-0.0,-0.0,2010-05-17,pass,"counterfactual_common_baseline_relative=max(0,final_yield-null)-I-5N"
LC,Luancheng,2010,Mask-aware DQN,,,official_extension_expert,2010,138,18,0.4,28.1,13.0,0.0,0.0,0.0,0.0,0.0,363,0.0,0.0,-0.0,-0.0,2010-05-18,pass,"counterfactual_common_baseline_relative=max(0,final_yield-null)-I-5N"
LC,Luancheng,2010,Mask-aware DQN,,,official_extension_expert,2010,139,19,0.0,32.8,10.8,0.0,0.0,0.0,0.0,0.0,362,0.0,0.0,-0.0,-0.0,2010-05-19,pass,"counterfactual_common_baseline_relative=max(0,final_yield-null)-I-5N"
LC,Luancheng,2010,Mask-aware DQN,,,official_extension_expert,2010,140,20,0.0,33.4,10.3,0.0,0.0,0.0,0.0,0.0,362,0.0,0.0,-0.0,-0.0,2010-05-20,pass,"counterfactual_common_baseline_relative=max(0,final_yield-null)-I-5N"
LC,Luancheng,2010,Mask-aware DQN,,,official_extension_expert,2010,141,21,0.0,27.8,14.9,0.0,0.0,0.0,0.0,0.0,361,0.0,0.0,-0.0,-0.0,2010-05-21,pass,"counterfactual_common_baseline_relative=max(0,final_yield-null)-I-5N"
LC,Luancheng,2010,Mask-aware DQN,,,official_extension_expert,2010,142,22,0.0,28.9,12.7,0.0,0.0,0.0,0.0,0.0,361,0.0,0.0,-0.0,-0.0,2010-05-22,pass,"counterfactual_common_baseline_relative=max(0,final_yield-null)-I-5N"
LC,Luancheng,2010,Mask-aware DQN,,,official_extension_expert,2010,143,23,0.0,32.1,13.5,0.0,0.0,0.0,0.0,0.0,360,0.0,0.0,-0.0,-0.0,2010-05-23,pass,"counterfactual_common_baseline_relative=max(0,final_yield-null)-I-5N"
LC,Luancheng,2010,Mask-aware DQN,,,official_extension_expert,2010,144,24,0.0,30.7,17.6,0.0,0.0,0.0,0.0,0.0,360,0.0,0.0,-0.0,-0.0,2010-05-24,pass,"counterfactual_common_baseline_relative=max(0,final_yield-null)-I-5N"
LC,Luancheng,2010,Mask-aware DQN,,,official_extension_expert,2010,145,25,0.0,30.6,12.0,0.0,0.0,0.0,0.0,0.0,360,0.0,0.0,-0.0,-0.0,2010-05-25,pass,"counterfactual_common_baseline_relative=max(0,final_yield-null)-I-5N"
LC,Luancheng,2010,Mask-aware DQN,,,official_extension_expert,2010,146,26,0.0,27.7,16.0,0.0,0.0,0.0,0.0,0.0,359,0.0,0.0,-0.0,-0.0,2010-05-26,pass,"counterfactual_common_baseline_relative=max(0,final_yield-null)-I-5N"
LC,Luancheng,2010,Mask-aware DQN,,,official_extension_expert,2010,147,27,1.4,21.5,18.1,0.0,0.0,0.0,0.0,0.0,360,0.0,0.0,-0.0,-0.0,2010-05-27,pass,"counterfactual_common_baseline_relative=max(0,final_yield-null)-I-5N"
LC,Luancheng,2010,Mask-aware DQN,,,official_extension_expert,2010,148,28,0.0,27.6,16.3,0.0,0.0,0.0,0.0,0.0,360,0.0,0.0,-0.0,-0.0,2010-05-28,pass,"counterfactual_common_baseline_relative=max(0,final_yield-null)-I-5N"
LC,Luancheng,2010,Mask-aware DQN,,,official_extension_expert,2010,149,29,0.0,35.1,13.5,0.0,0.0,0.0,0.0,0.0,359,0.0,0.0,-0.0,-0.0,2010-05-29,pass,"counterfactual_common_baseline_relative=max(0,final_yield-null)-I-5N"
LC,Luancheng,2010,Mask-aware DQN,,,official_extension_expert,2010,150,30,0.0,30.6,13.6,0.0,0.0,0.0,0.0,0.0,359,0.0,0.0,-0.0,-0.0,2010-05-30,pass,"counterfactual_common_baseline_relative=max(0,final_yield-null)-I-5N"
LC,Luancheng,2010,Mask-aware DQN,,,official_extension_expert,2010,151,31,0.0,26.5,15.0,0.0,0.0,0.0,0.0,0.0,359,0.0,0.0,-0.0,-0.0,2010-05-31,pass,"counterfactual_common_baseline_relative=max(0,final_yield-null)-I-5N"
LC,Luancheng,2010,Mask-aware DQN,,,official_extension_expert,2010,152,32,0.0,27.6,14.7,0.0,0.0,0.0,0.0,0.0,358,0.0,0.0,-0.0,-0.0,2010-06-01,pass,"counterfactual_common_baseline_relative=max(0,final_yield-null)-I-5N"
LC,Luancheng,2010,Mask-aware DQN,,,official_extension_expert,2010,153,33,2.8,24.5,15.6,0.0,0.0,0.0,0.0,0.0,360,0.0,0.0,-0.0,-0.0,2010-06-02,pass,"counterfactual_common_baseline_relative=max(0,final_yield-null)-I-5N"
LC,Luancheng,2010,Mask-aware DQN,,,official_extension_expert,2010,154,34,0.2,26.8,16.3,0.0,0.0,0.0,0.0,0.0,360,0.0,0.0,-0.0,-0.0,2010-06-03,pass,"counterfactual_common_baseline_relative=max(0,final_yield-null)-I-5N"
LC,Luancheng,2010,Mask-aware DQN,,,official_extension_expert,2010,155,35,0.0,28.8,15.7,0.0,0.0,0.0,0.0,0.0,359,0.0,0.0,-0.0,-0.0,2010-06-04,pass,"counterfactual_common_baseline_relative=max(0,final_yield-null)-I-5N"
LC,Luancheng,2010,Mask-aware DQN,,,official_extension_expert,2010,156,36,0.0,29.3,15.2,0.0,0.0,0.0,0.0,0.0,359,0.0,0.0,-0.0,-0.0,2010-06-05,pass,"counterfactual_common_baseline_relative=max(0,final_yield-null)-I-5N"
LC,Luancheng,2010,Mask-aware DQN,,,official_extension_expert,2010,157,37,0.0,29.8,15.8,0.0,0.0,0.0,0.0,0.0,359,0.0,0.0,-0.0,-0.0,2010-06-06,pass,"counterfactual_common_baseline_relative=max(0,final_yield-null)-I-5N"
LC,Luancheng,2010,Mask-aware DQN,,,official_extension_expert,2010,158,38,0.0,29.6,17.5,0.0,0.0,0.0,0.0,0.0,358,0.0,0.0,-0.0,-0.0,2010-06-07,pass,"counterfactual_common_baseline_relative=max(0,final_yield-null)-I-5N"
LC,Luancheng,2010,Mask-aware DQN,,,official_extension_expert,2010,159,39,0.0,29.6,15.2,0.0,0.0,0.0,0.0,0.0,358,0.0,0.0,-0.0,-0.0,2010-06-08,pass,"counterfactual_common_baseline_relative=max(0,final_yield-null)-I-5N"
LC,Luancheng,2010,Mask-aware DQN,,,official_extension_expert,2010,160,40,0.0,26.1,19.0,0.0,0.0,0.0,0.0,0.0,358,0.0,0.0,-0.0,-0.0,2010-06-09,pass,"counterfactual_common_baseline_relative=max(0,final_yield-null)-I-5N"
LC,Luancheng,2010,Mask-aware DQN,,,official_extension_expert,2010,161,41,0.0,27.5,18.3,0.0,0.0,0.0,0.0,0.0,357,0.0,0.0,-0.0,-0.0,2010-06-10,pass,"counterfactual_common_baseline_relative=max(0,final_yield-null)-I-5N"
LC,Luancheng,2010,Mask-aware DQN,,,official_extension_expert,2010,162,42,0.0,27.9,14.2,0.0,0.0,0.0,0.0,0.0,357,0.0,0.0,-0.0,-0.0,2010-06-11,pass,"counterfactual_common_baseline_relative=max(0,final_yield-null)-I-5N"
LC,Luancheng,2010,Mask-aware DQN,,,official_extension_expert,2010,163,43,0.0,31.8,17.0,0.0,0.0,0.0,0.0,0.0,357,0.0,0.0,-0.0,-0.0,2010-06-12,pass,"counterfactual_common_baseline_relative=max(0,final_yield-null)-I-5N"
LC,Luancheng,2010,Mask-aware DQN,,,official_extension_expert,2010,164,44,0.0,34.1,18.9,0.0,0.0,0.0,0.0,0.0,356,0.0,0.0,-0.0,-0.0,2010-06-13,pass,"counterfactual_common_baseline_relative=max(0,final_yield-null)-I-5N"
LC,Luancheng,2010,Mask-aware DQN,,,official_extension_expert,2010,165,45,0.0,31.4,19.1,0.0,0.0,0.0,0.0,0.0,356,0.0,0.0,-0.0,-0.0,2010-06-14,pass,"counterfactual_common_baseline_relative=max(0,final_yield-null)-I-5N"
LC,Luancheng,2010,Mask-aware DQN,,,official_extension_expert,2010,166,46,0.0,38.2,19.9,0.0,0.0,0.0,0.0,0.0,356,0.0,0.0,-0.0,-0.0,2010-06-15,pass,"counterfactual_common_baseline_relative=max(0,final_yield-null)-I-5N"
LC,Luancheng,2010,Mask-aware DQN,,,official_extension_expert,2010,167,47,0.0,37.2,21.1,0.0,0.0,0.0,0.0,0.0,355,0.0,0.0,-0.0,-0.0,2010-06-16,pass,"counterfactual_common_baseline_relative=max(0,final_yield-null)-I-5N"
LC,Luancheng,2010,Mask-aware DQN,,,official_extension_expert,2010,168,48,0.0,32.0,20.3,0.0,0.0,0.0,0.0,0.0,355,0.0,0.0,-0.0,-0.0,2010-06-17,pass,"counterfactual_common_baseline_relative=max(0,final_yield-null)-I-5N"
LC,Luancheng,2010,Mask-aware DQN,,,official_extension_expert,2010,169,49,2.6,29.6,19.4,0.0,0.0,0.0,0.0,0.0,357,0.0,0.0,-0.0,-0.0,2010-06-18,pass,"counterfactual_common_baseline_relative=max(0,final_yield-null)-I-5N"
LC,Luancheng,2010,Mask-aware DQN,,,official_extension_expert,2010,170,50,0.0,36.7,16.9,0.0,0.0,0.0,0.0,0.0,357,0.0,0.0,-0.0,-0.0,2010-06-19,pass,"counterfactual_common_baseline_relative=max(0,final_yield-null)-I-5N"
LC,Luancheng,2010,Mask-aware DQN,,,official_extension_expert,2010,171,51,0.0,37.4,19.6,0.0,0.0,0.0,0.0,0.0,356,0.0,0.0,-0.0,-0.0,2010-06-20,pass,"counterfactual_common_baseline_relative=max(0,final_yield-null)-I-5N"
LC,Luancheng,2010,Mask-aware DQN,,,official_extension_expert,2010,172,52,0.0,41.4,21.0,1.0,0.0,0.0,0.0,0.0,356,0.0,0.0,-0.0,-0.0,2010-06-21,pass,"counterfactual_common_baseline_relative=max(0,final_yield-null)-I-5N"
LC,Luancheng,2010,Mask-aware DQN,,,official_extension_expert,2010,173,53,0.0,35.7,24.1,2.0,0.0,0.0,0.0,0.0,356,0.0,0.0,-0.0,-0.0,2010-06-22,pass,"counterfactual_common_baseline_relative=max(0,final_yield-null)-I-5N"
LC,Luancheng,2010,Mask-aware DQN,,,official_extension_expert,2010,174,54,0.0,31.8,19.5,3.0,0.0,0.0,0.0,0.0,355,0.0,0.0,-0.0,-0.0,2010-06-23,pass,"counterfactual_common_baseline_relative=max(0,final_yield-null)-I-5N"
LC,Luancheng,2010,Mask-aware DQN,,,official_extension_expert,2010,175,55,0.0,33.9,17.7,4.0,0.0,0.0,0.0,0.0,355,0.0,0.0,-0.0,-0.0,2010-06-24,pass,"counterfactual_common_baseline_relative=max(0,final_yield-null)-I-5N"
LC,Luancheng,2010,Mask-aware DQN,,,official_extension_expert,2010,176,56,0.0,32.3,21.1,5.0,0.0,29.0,0.0,0.012,355,0.0,0.0,-0.0,-0.0,2010-06-25,pass,"counterfactual_common_baseline_relative=max(0,final_yield-null)-I-5N"
LC,Luancheng,2010,Mask-aware DQN,,,official_extension_expert,2010,177,57,0.0,34.1,21.2,6.0,0.0,29.0,0.0,0.009,355,0.0,0.0,-0.0,-0.0,2010-06-26,pass,"counterfactual_common_baseline_relative=max(0,final_yield-null)-I-5N"
LC,Luancheng,2010,Mask-aware DQN,,,official_extension_expert,2010,178,58,0.0,38.2,19.6,7.0,0.0,29.0,0.0,0.0,375,22.5,82.0,-432.5,-432.5,2010-06-27,pass,"counterfactual_common_baseline_relative=max(0,final_yield-null)-I-5N"
LC,Luancheng,2010,Mask-aware DQN,,,official_extension_expert,2010,179,59,0.0,40.4,21.5,8.0,0.0,32.0,0.0,0.0,372,0.0,0.0,-0.0,-432.5,2010-06-28,pass,"counterfactual_common_baseline_relative=max(0,final_yield-null)-I-5N"
LC,Luancheng,2010,Mask-aware DQN,,,official_extension_expert,2010,180,60,0.0,34.6,23.8,9.0,0.0,49.0,0.0,0.0,370,0.0,0.0,-0.0,-432.5,2010-06-29,pass,"counterfactual_common_baseline_relative=max(0,final_yield-null)-I-5N"
LC,Luancheng,2010,Mask-aware DQN,,,official_extension_expert,2010,181,61,0.0,31.6,24.9,10.0,0.0,58.0,0.0,0.019,369,0.0,0.0,-0.0,-432.5,2010-06-30,pass,"counterfactual_common_baseline_relative=max(0,final_yield-null)-I-5N"
LC,Luancheng,2010,Mask-aware DQN,,,official_extension_expert,2010,182,62,3.6,27.4,23.3,11.0,0.0,60.0,0.0,0.0,372,0.0,0.0,-0.0,-432.5,2010-07-01,pass,"counterfactual_common_baseline_relative=max(0,final_yield-null)-I-5N"
LC,Luancheng,2010,Mask-aware DQN,,,official_extension_expert,2010,183,63,0.0,36.8,21.3,12.0,0.0,96.0,0.0,0.0,370,0.0,0.0,-0.0,-432.5,2010-07-02,pass,"counterfactual_common_baseline_relative=max(0,final_yield-null)-I-5N"
LC,Luancheng,2010,Mask-aware DQN,,,official_extension_expert,2010,184,64,0.0,39.6,22.1,13.0,0.0,140.0,0.0,0.0,367,0.0,0.0,-0.0,-432.5,2010-07-03,pass,"counterfactual_common_baseline_relative=max(0,final_yield-null)-I-5N"
LC,Luancheng,2010,Mask-aware DQN,,,official_extension_expert,2010,185,65,0.0,39.9,23.8,14.0,0.0,184.0,0.0,0.0,365,0.0,0.0,-0.0,-432.5,2010-07-04,pass,"counterfactual_common_baseline_relative=max(0,final_yield-null)-I-5N"
LC,Luancheng,2010,Mask-aware DQN,,,official_extension_expert,2010,186,66,0.0,40.3,25.6,15.0,0.0,233.0,0.0,0.01,362,0.0,0.0,-0.0,-432.5,2010-07-05,pass,"counterfactual_common_baseline_relative=max(0,final_yield-null)-I-5N"
LC,Luancheng,2010,Mask-aware DQN,,,official_extension_expert,2010,187,67,0.0,41.1,21.9,16.0,0.0,306.0,0.0,0.0,358,0.0,0.0,-0.0,-432.5,2010-07-06,pass,"counterfactual_common_baseline_relative=max(0,final_yield-null)-I-5N"
LC,Luancheng,2010,Mask-aware DQN,,,official_extension_expert,2010,188,68,0.0,35.5,22.6,17.0,0.0,354.0,0.0,0.0,357,0.0,0.0,-0.0,-432.5,2010-07-07,pass,"counterfactual_common_baseline_relative=max(0,final_yield-null)-I-5N"
LC,Luancheng,2010,Mask-aware DQN,,,official_extension_expert,2010,189,69,0.0,34.6,22.9,18.0,0.0,464.0,0.0,0.0,354,0.0,0.0,-0.0,-432.5,2010-07-08,pass,"counterfactual_common_baseline_relative=max(0,final_yield-null)-I-5N"
LC,Luancheng,2010,Mask-aware DQN,,,official_extension_expert,2010,190,70,28.0,31.1,21.5,19.0,0.0,508.0,0.0,0.0,378,0.0,0.0,-0.0,-432.5,2010-07-09,pass,"counterfactual_common_baseline_relative=max(0,final_yield-null)-I-5N"
LC,Luancheng,2010,Mask-aware DQN,,,official_extension_expert,2010,191,71,5.6,29.0,21.1,20.0,0.0,605.0,0.0,0.0,380,0.0,0.0,-0.0,-432.5,2010-07-10,pass,"counterfactual_common_baseline_relative=max(0,final_yield-null)-I-5N"
LC,Luancheng,2010,Mask-aware DQN,,,official_extension_expert,2010,192,72,0.0,32.6,21.2,21.0,0.0,771.0,0.0,0.0,375,0.0,0.0,-0.0,-432.5,2010-07-11,pass,"counterfactual_common_baseline_relative=max(0,final_yield-null)-I-5N"
LC,Luancheng,2010,Mask-aware DQN,,,official_extension_expert,2010,193,73,0.0,31.5,24.1,22.0,0.0,862.0,0.0,0.0,373,0.0,0.0,-0.0,-432.5,2010-07-12,pass,"counterfactual_common_baseline_relative=max(0,final_yield-null)-I-5N"
LC,Luancheng,2010,Mask-aware DQN,,,official_extension_expert,2010,194,74,0.0,31.6,23.9,23.0,0.0,1001.0,0.0,0.0,370,0.0,0.0,-0.0,-432.5,2010-07-13,pass,"counterfactual_common_baseline_relative=max(0,final_yield-null)-I-5N"
LC,Luancheng,2010,Mask-aware DQN,,,official_extension_expert,2010,195,75,0.0,31.3,23.7,24.0,0.0,1147.0,0.0,0.0,367,0.0,0.0,-0.0,-432.5,2010-07-14,pass,"counterfactual_common_baseline_relative=max(0,final_yield-null)-I-5N"
LC,Luancheng,2010,Mask-aware DQN,,,official_extension_expert,2010,196,76,0.4,30.1,23.4,25.0,0.0,1240.0,0.0,0.0,366,0.0,0.0,-0.0,-432.5,2010-07-15,pass,"counterfactual_common_baseline_relative=max(0,final_yield-null)-I-5N"
LC,Luancheng,2010,Mask-aware DQN,,,official_extension_expert,2010,197,77,0.0,33.3,21.9,26.0,0.0,1488.0,0.0,0.0,360,0.0,0.0,-0.0,-432.5,2010-07-16,pass,"counterfactual_common_baseline_relative=max(0,final_yield-null)-I-5N"
LC,Luancheng,2010,Mask-aware DQN,,,official_extension_expert,2010,198,78,0.0,32.1,23.5,27.0,0.0,1659.0,0.0,0.0,357,0.0,0.0,-0.0,-432.5,2010-07-17,pass,"counterfactual_common_baseline_relative=max(0,final_yield-null)-I-5N"
LC,Luancheng,2010,Mask-aware DQN,,,official_extension_expert,2010,199,79,0.2,34.3,20.6,28.0,0.0,1954.0,0.0,0.0,351,0.0,0.0,-0.0,-432.5,2010-07-18,pass,"counterfactual_common_baseline_relative=max(0,final_yield-null)-I-5N"
LC,Luancheng,2010,Mask-aware DQN,,,official_extension_expert,2010,200,80,1.6,28.9,23.4,29.0,0.0,2014.0,0.0,0.0,352,0.0,0.0,-0.0,-432.5,2010-07-19,pass,"counterfactual_common_baseline_relative=max(0,final_yield-null)-I-5N"
LC,Luancheng,2010,Mask-aware DQN,,,official_extension_expert,2010,201,81,0.0,32.4,19.1,30.0,0.0,2331.0,0.0,0.0,383,37.5,41.0,-242.5,-675.0,2010-07-20,pass,"counterfactual_common_baseline_relative=max(0,final_yield-null)-I-5N"
LC,Luancheng,2010,Mask-aware DQN,,,official_extension_expert,2010,202,82,0.0,33.9,20.6,31.0,0.0,2685.0,0.0,0.0,378,0.0,0.0,-0.0,-675.0,2010-07-21,pass,"counterfactual_common_baseline_relative=max(0,final_yield-null)-I-5N"
LC,Luancheng,2010,Mask-aware DQN,,,official_extension_expert,2010,203,83,0.0,33.3,23.3,32.0,0.0,2937.0,0.0,0.0,374,0.0,0.0,-0.0,-675.0,2010-07-22,pass,"counterfactual_common_baseline_relative=max(0,final_yield-null)-I-5N"
LC,Luancheng,2010,Mask-aware DQN,,,official_extension_expert,2010,204,84,0.0,33.9,23.3,33.0,0.0,3277.0,0.0,0.0,369,0.0,0.0,-0.0,-675.0,2010-07-23,pass,"counterfactual_common_baseline_relative=max(0,final_yield-null)-I-5N"
LC,Luancheng,2010,Mask-aware DQN,,,official_extension_expert,2010,205,85,0.0,34.0,23.0,34.0,0.0,3616.0,0.0,0.0,363,0.0,0.0,-0.0,-675.0,2010-07-24,pass,"counterfactual_common_baseline_relative=max(0,final_yield-null)-I-5N"
LC,Luancheng,2010,Mask-aware DQN,,,official_extension_expert,2010,206,86,0.0,35.3,23.2,35.0,0.0,4003.0,0.0,0.0,358,0.0,0.0,-0.0,-675.0,2010-07-25,pass,"counterfactual_common_baseline_relative=max(0,final_yield-null)-I-5N"
LC,Luancheng,2010,Mask-aware DQN,,,official_extension_expert,2010,207,87,0.0,34.8,23.5,36.0,0.0,4316.0,0.0,0.0,353,0.0,0.0,-0.0,-675.0,2010-07-26,pass,"counterfactual_common_baseline_relative=max(0,final_yield-null)-I-5N"
LC,Luancheng,2010,Mask-aware DQN,,,official_extension_expert,2010,208,88,0.0,33.8,24.2,37.0,0.0,4644.0,0.0,0.0,348,0.0,0.0,-0.0,-675.0,2010-07-27,pass,"counterfactual_common_baseline_relative=max(0,final_yield-null)-I-5N"
LC,Luancheng,2010,Mask-aware DQN,,,official_extension_expert,2010,209,89,0.0,34.7,24.5,38.0,0.0,4985.0,0.0,0.0,343,0.0,0.0,-0.0,-675.0,2010-07-28,pass,"counterfactual_common_baseline_relative=max(0,final_yield-null)-I-5N"
LC,Luancheng,2010,Mask-aware DQN,,,official_extension_expert,2010,210,90,0.0,36.5,25.5,39.0,0.0,5350.0,0.0,0.0,337,0.0,0.0,-0.0,-675.0,2010-07-29,pass,"counterfactual_common_baseline_relative=max(0,final_yield-null)-I-5N"
LC,Luancheng,2010,Mask-aware DQN,,,official_extension_expert,2010,211,91,0.0,36.4,27.1,40.0,0.0,5576.0,0.0,0.0,333,0.0,0.0,-0.0,-675.0,2010-07-30,pass,"counterfactual_common_baseline_relative=max(0,final_yield-null)-I-5N"
LC,Luancheng,2010,Mask-aware DQN,,,official_extension_expert,2010,212,92,0.2,37.3,25.5,41.0,0.0,5847.0,0.0,0.0,328,0.0,0.0,-0.0,-675.0,2010-07-31,pass,"counterfactual_common_baseline_relative=max(0,final_yield-null)-I-5N"
LC,Luancheng,2010,Mask-aware DQN,,,official_extension_expert,2010,213,93,0.2,28.0,24.3,42.0,0.0,6013.0,0.0,0.0,326,0.0,0.0,-0.0,-675.0,2010-08-01,pass,"counterfactual_common_baseline_relative=max(0,final_yield-null)-I-5N"
LC,Luancheng,2010,Mask-aware DQN,,,official_extension_expert,2010,214,94,0.0,31.3,22.1,43.0,0.0,6350.0,0.0,0.0,322,0.0,0.0,-0.0,-675.0,2010-08-02,pass,"counterfactual_common_baseline_relative=max(0,final_yield-null)-I-5N"
LC,Luancheng,2010,Mask-aware DQN,,,official_extension_expert,2010,215,95,0.2,32.7,21.6,44.0,0.0,6658.0,0.0,0.0,318,0.0,0.0,-0.0,-675.0,2010-08-03,pass,"counterfactual_common_baseline_relative=max(0,final_yield-null)-I-5N"
LC,Luancheng,2010,Mask-aware DQN,,,official_extension_expert,2010,216,96,0.2,32.9,23.5,45.0,0.0,6750.0,0.0,0.0,365,48.8,56.0,-328.8,-1003.8,2010-08-04,pass,"counterfactual_common_baseline_relative=max(0,final_yield-null)-I-5N"
LC,Luancheng,2010,Mask-aware DQN,,,official_extension_expert,2010,217,97,0.2,33.0,22.4,46.0,0.0,6981.0,0.0,0.0,362,0.0,0.0,-0.0,-1003.8,2010-08-05,pass,"counterfactual_common_baseline_relative=max(0,final_yield-null)-I-5N"
LC,Luancheng,2010,Mask-aware DQN,,,official_extension_expert,2010,218,98,0.0,30.9,20.3,47.0,0.0,7337.0,0.0,0.0,357,0.0,0.0,-0.0,-1003.8,2010-08-06,pass,"counterfactual_common_baseline_relative=max(0,final_yield-null)-I-5N"
LC,Luancheng,2010,Mask-aware DQN,,,official_extension_expert,2010,219,99,0.2,31.5,18.7,48.0,0.0,7652.0,0.0,0.0,353,0.0,0.0,-0.0,-1003.8,2010-08-07,pass,"counterfactual_common_baseline_relative=max(0,final_yield-null)-I-5N"
LC,Luancheng,2010,Mask-aware DQN,,,official_extension_expert,2010,220,100,0.0,32.2,22.4,49.0,0.0,7926.0,0.0,0.0,348,0.0,0.0,-0.0,-1003.8,2010-08-08,pass,"counterfactual_common_baseline_relative=max(0,final_yield-null)-I-5N"
LC,Luancheng,2010,Mask-aware DQN,,,official_extension_expert,2010,221,101,0.2,31.1,24.5,50.0,0.0,8022.0,0.0,0.0,346,0.0,0.0,-0.0,-1003.8,2010-08-09,pass,"counterfactual_common_baseline_relative=max(0,final_yield-null)-I-5N"
LC,Luancheng,2010,Mask-aware DQN,,,official_extension_expert,2010,222,102,0.2,28.8,22.1,51.0,0.0,8069.0,0.0,0.0,345,0.0,0.0,-0.0,-1003.8,2010-08-10,pass,"counterfactual_common_baseline_relative=max(0,final_yield-null)-I-5N"
LC,Luancheng,2010,Mask-aware DQN,,,official_extension_expert,2010,223,103,0.0,25.5,21.5,52.0,0.0,8046.0,0.0,0.0,345,0.0,0.0,-0.0,-1003.8,2010-08-11,pass,"counterfactual_common_baseline_relative=max(0,final_yield-null)-I-5N"
LC,Luancheng,2010,Mask-aware DQN,,,official_extension_expert,2010,224,104,0.2,33.2,20.7,53.0,0.0,8364.0,0.0,0.0,340,0.0,0.0,-0.0,-1003.8,2010-08-12,pass,"counterfactual_common_baseline_relative=max(0,final_yield-null)-I-5N"
LC,Luancheng,2010,Mask-aware DQN,,,official_extension_expert,2010,225,105,0.2,28.5,23.8,54.0,0.0,8395.0,0.0,0.0,339,0.0,0.0,-0.0,-1003.8,2010-08-13,pass,"counterfactual_common_baseline_relative=max(0,final_yield-null)-I-5N"
LC,Luancheng,2010,Mask-aware DQN,,,official_extension_expert,2010,226,106,0.0,32.1,22.6,55.0,0.0,8602.0,0.0,0.0,335,0.0,0.0,-0.0,-1003.8,2010-08-14,pass,"counterfactual_common_baseline_relative=max(0,final_yield-null)-I-5N"
LC,Luancheng,2010,Mask-aware DQN,,,official_extension_expert,2010,227,107,0.0,35.4,16.4,56.0,265.0,8867.0,0.0,0.0,329,0.0,0.0,-0.0,-1003.8,2010-08-15,pass,"counterfactual_common_baseline_relative=max(0,final_yield-null)-I-5N"
LC,Luancheng,2010,Mask-aware DQN,,,official_extension_expert,2010,228,108,0.2,33.3,17.8,57.0,530.0,9132.0,0.0,0.0,324,0.0,0.0,-0.0,-1003.8,2010-08-16,pass,"counterfactual_common_baseline_relative=max(0,final_yield-null)-I-5N"
LC,Luancheng,2010,Mask-aware DQN,,,official_extension_expert,2010,229,109,0.0,32.5,18.7,58.0,794.0,9396.0,0.0,0.0,319,0.0,0.0,-0.0,-1003.8,2010-08-17,pass,"counterfactual_common_baseline_relative=max(0,final_yield-null)-I-5N"
LC,Luancheng,2010,Mask-aware DQN,,,official_extension_expert,2010,230,110,0.0,30.3,21.7,59.0,1059.0,9583.0,0.0,0.0,317,0.0,0.0,-0.0,-1003.8,2010-08-18,pass,"counterfactual_common_baseline_relative=max(0,final_yield-null)-I-5N"
LC,Luancheng,2010,Mask-aware DQN,,,official_extension_expert,2010,231,111,0.2,28.0,20.4,60.0,1324.0,9764.0,0.0,0.0,364,48.8,34.0,-218.8,-1222.6,2010-08-19,pass,"counterfactual_common_baseline_relative=max(0,final_yield-null)-I-5N"
LC,Luancheng,2010,Mask-aware DQN,,,official_extension_expert,2010,232,112,0.0,26.6,22.5,61.0,1589.0,9859.0,0.0,0.0,363,0.0,0.0,-0.0,-1222.6,2010-08-20,pass,"counterfactual_common_baseline_relative=max(0,final_yield-null)-I-5N"
LC,Luancheng,2010,Mask-aware DQN,,,official_extension_expert,2010,233,113,0.2,23.5,19.9,62.0,1854.0,9900.0,0.0,0.0,362,0.0,0.0,-0.0,-1222.6,2010-08-21,pass,"counterfactual_common_baseline_relative=max(0,final_yield-null)-I-5N"
LC,Luancheng,2010,Mask-aware DQN,,,official_extension_expert,2010,234,114,0.2,29.8,18.3,63.0,2119.0,10220.0,0.0,0.0,358,0.0,0.0,-0.0,-1222.6,2010-08-22,pass,"counterfactual_common_baseline_relative=max(0,final_yield-null)-I-5N"
LC,Luancheng,2010,Mask-aware DQN,,,official_extension_expert,2010,235,115,0.0,27.1,19.5,64.0,2383.0,10396.0,0.0,0.0,356,0.0,0.0,-0.0,-1222.6,2010-08-23,pass,"counterfactual_common_baseline_relative=max(0,final_yield-null)-I-5N"
LC,Luancheng,2010,Mask-aware DQN,,,official_extension_expert,2010,236,116,0.2,26.2,18.1,65.0,2648.0,10710.0,0.0,0.0,352,0.0,0.0,-0.0,-1222.6,2010-08-24,pass,"counterfactual_common_baseline_relative=max(0,final_yield-null)-I-5N"
LC,Luancheng,2010,Mask-aware DQN,,,official_extension_expert,2010,237,117,0.0,30.2,13.9,66.0,2913.0,11051.0,0.0,0.0,347,0.0,0.0,-0.0,-1222.6,2010-08-25,pass,"counterfactual_common_baseline_relative=max(0,final_yield-null)-I-5N"
LC,Luancheng,2010,Mask-aware DQN,,,official_extension_expert,2010,238,118,0.2,30.2,19.9,67.0,3178.0,11334.0,0.0,0.0,344,0.0,0.0,-0.0,-1222.6,2010-08-26,pass,"counterfactual_common_baseline_relative=max(0,final_yield-null)-I-5N"
LC,Luancheng,2010,Mask-aware DQN,,,official_extension_expert,2010,239,119,0.2,28.9,17.1,68.0,3443.0,11570.0,0.0,0.0,341,0.0,0.0,-0.0,-1222.6,2010-08-27,pass,"counterfactual_common_baseline_relative=max(0,final_yield-null)-I-5N"
LC,Luancheng,2010,Mask-aware DQN,,,official_extension_expert,2010,240,120,0.2,31.2,15.3,69.0,3707.0,11911.0,0.0,0.0,336,0.0,0.0,-0.0,-1222.6,2010-08-28,pass,"counterfactual_common_baseline_relative=max(0,final_yield-null)-I-5N"
LC,Luancheng,2010,Mask-aware DQN,,,official_extension_expert,2010,241,121,0.4,32.0,16.2,70.0,3972.0,12247.0,0.0,0.0,332,0.0,0.0,-0.0,-1222.6,2010-08-29,pass,"counterfactual_common_baseline_relative=max(0,final_yield-null)-I-5N"
LC,Luancheng,2010,Mask-aware DQN,,,official_extension_expert,2010,242,122,0.2,31.7,18.7,71.0,4237.0,12536.0,0.0,0.0,328,0.0,0.0,-0.0,-1222.6,2010-08-30,pass,"counterfactual_common_baseline_relative=max(0,final_yield-null)-I-5N"
LC,Luancheng,2010,Mask-aware DQN,,,official_extension_expert,2010,243,123,0.4,29.3,20.5,72.0,4502.0,12742.0,0.0,0.0,326,0.0,0.0,-0.0,-1222.6,2010-08-31,pass,"counterfactual_common_baseline_relative=max(0,final_yield-null)-I-5N"
LC,Luancheng,2010,Mask-aware DQN,,,official_extension_expert,2010,244,124,0.2,28.9,18.1,73.0,4767.0,13033.0,0.0,0.0,322,0.0,0.0,-0.0,-1222.6,2010-09-01,pass,"counterfactual_common_baseline_relative=max(0,final_yield-null)-I-5N"
LC,Luancheng,2010,Mask-aware DQN,,,official_extension_expert,2010,245,125,0.2,29.3,19.4,74.0,5032.0,13271.0,0.0,0.0,320,0.0,0.0,-0.0,-1222.6,2010-09-02,pass,"counterfactual_common_baseline_relative=max(0,final_yield-null)-I-5N"
LC,Luancheng,2010,Mask-aware DQN,,,official_extension_expert,2010,246,126,0.2,28.3,19.5,75.0,5296.0,13495.0,0.0,0.0,317,0.0,0.0,-0.0,-1222.6,2010-09-03,pass,"counterfactual_common_baseline_relative=max(0,final_yield-null)-I-5N"
LC,Luancheng,2010,Mask-aware DQN,,,official_extension_expert,2010,247,127,0.2,28.4,16.7,76.0,5561.0,13747.0,0.0,0.0,314,0.0,0.0,-0.0,-1222.6,2010-09-04,pass,"counterfactual_common_baseline_relative=max(0,final_yield-null)-I-5N"
LC,Luancheng,2010,Mask-aware DQN,,,official_extension_expert,2010,248,128,0.0,27.5,19.0,77.0,5826.0,13917.0,0.0,0.0,312,0.0,0.0,-0.0,-1222.6,2010-09-05,pass,"counterfactual_common_baseline_relative=max(0,final_yield-null)-I-5N"
LC,Luancheng,2010,Mask-aware DQN,,,official_extension_expert,2010,249,129,0.2,27.1,18.5,78.0,6091.0,14066.0,0.0,0.0,310,0.0,0.0,-0.0,-1222.6,2010-09-06,pass,"counterfactual_common_baseline_relative=max(0,final_yield-null)-I-5N"
LC,Luancheng,2010,Mask-aware DQN,,,official_extension_expert,2010,250,130,21.0,24.0,20.4,79.0,6356.0,14145.0,0.0,0.0,329,0.0,0.0,-0.0,-1222.6,2010-09-07,pass,"counterfactual_common_baseline_relative=max(0,final_yield-null)-I-5N"
LC,Luancheng,2010,Mask-aware DQN,,,official_extension_expert,2010,251,131,0.2,25.2,19.0,80.0,6620.0,14356.0,0.0,0.0,368,41.2,34.0,-211.2,-1433.8,2010-09-08,pass,"counterfactual_common_baseline_relative=max(0,final_yield-null)-I-5N"
LC,Luancheng,2010,Mask-aware DQN,,,official_extension_expert,2010,252,132,0.0,24.7,17.8,81.0,6885.0,14534.0,0.0,0.0,365,0.0,0.0,-0.0,-1433.8,2010-09-09,pass,"counterfactual_common_baseline_relative=max(0,final_yield-null)-I-5N"
LC,Luancheng,2010,Mask-aware DQN,,,official_extension_expert,2010,253,133,0.0,31.7,14.2,82.0,7150.0,14842.0,0.0,0.0,361,0.0,0.0,-0.0,-1433.8,2010-09-10,pass,"counterfactual_common_baseline_relative=max(0,final_yield-null)-I-5N"
LC,Luancheng,2010,Mask-aware DQN,,,official_extension_expert,2010,254,134,0.0,31.0,15.5,83.0,7415.0,15146.0,0.0,0.0,356,0.0,0.0,-0.0,-1433.8,2010-09-11,pass,"counterfactual_common_baseline_relative=max(0,final_yield-null)-I-5N"
LC,Luancheng,2010,Mask-aware DQN,,,official_extension_expert,2010,255,135,0.0,31.9,13.9,84.0,7680.0,15449.0,0.0,0.0,351,0.0,0.0,-0.0,-1433.8,2010-09-12,pass,"counterfactual_common_baseline_relative=max(0,final_yield-null)-I-5N"
LC,Luancheng,2010,Mask-aware DQN,,,official_extension_expert,2010,256,136,0.0,31.6,15.5,85.0,7945.0,15729.0,0.0,0.0,347,0.0,0.0,-0.0,-1433.8,2010-09-13,pass,"counterfactual_common_baseline_relative=max(0,final_yield-null)-I-5N"
LC,Luancheng,2010,Mask-aware DQN,,,official_extension_expert,2010,257,137,0.0,30.9,17.5,86.0,8209.0,15980.0,0.0,0.0,344,0.0,0.0,-0.0,-1433.8,2010-09-14,pass,"counterfactual_common_baseline_relative=max(0,final_yield-null)-I-5N"
LC,Luancheng,2010,Mask-aware DQN,,,official_extension_expert,2010,258,138,0.0,29.4,17.6,87.0,8474.0,16204.0,0.0,0.0,341,0.0,0.0,-0.0,-1433.8,2010-09-15,pass,"counterfactual_common_baseline_relative=max(0,final_yield-null)-I-5N"
LC,Luancheng,2010,Mask-aware DQN,,,official_extension_expert,2010,259,139,0.0,28.7,20.9,88.0,8739.0,16376.0,0.0,0.0,338,0.0,0.0,-0.0,-1433.8,2010-09-16,pass,"counterfactual_common_baseline_relative=max(0,final_yield-null)-I-5N"
LC,Luancheng,2010,Mask-aware DQN,,,official_extension_expert,2010,260,140,1.6,26.4,15.1,89.0,8739.0,16376.0,0.0,0.0,339,0.0,0.0,-0.0,-1433.8,2010-09-17,pass,"counterfactual_common_baseline_relative=max(0,final_yield-null)-I-5N"
LC,Luancheng,2010,Mask-aware DQN,,,official_extension_expert,2010,261,141,2.2,15.4,14.0,90.0,8739.0,16376.0,0.0,0.0,341,0.0,0.0,-0.0,-1433.8,2010-09-18,pass,"counterfactual_common_baseline_relative=max(0,final_yield-null)-I-5N"
LC,Luancheng,2010,Mask-aware DQN,,,official_extension_expert,2010,262,142,18.2,20.8,15.2,91.0,8739.0,16376.0,0.0,0.0,355,0.0,0.0,-0.0,-1433.8,2010-09-19,pass,"counterfactual_common_baseline_relative=max(0,final_yield-null)-I-5N"
LC,Luancheng,2010,Mask-aware DQN,,,official_extension_expert,2010,263,143,0.0,23.1,16.9,92.0,8739.0,16376.0,0.0,0.0,354,0.0,0.0,-0.0,-1433.8,2010-09-20,pass,"counterfactual_common_baseline_relative=max(0,final_yield-null)-I-5N"
LC,Luancheng,2010,Mask-aware DQN,,,official_extension_expert,2010,264,144,9.6,18.7,12.9,93.0,8739.0,16376.0,0.0,0.0,362,0.0,0.0,688.0,-745.8,2010-09-21,pass,"counterfactual_common_baseline_relative=max(0,final_yield-null)-I-5N"
LC,Luancheng,2010,Mask-aware DQN,1.0,180.0,rl_candidate,2010,121,1,0.0,29.5,6.1,0.0,0.0,0.0,0.0,0.0,372,0.0,0.0,-0.0,-0.0,2010-05-01,pass,"counterfactual_common_baseline_relative=max(0,final_yield-null)-I-5N"
LC,Luancheng,2010,Mask-aware DQN,1.0,180.0,rl_candidate,2010,122,2,0.0,31.1,12.9,0.0,0.0,0.0,0.0,0.0,371,0.0,0.0,-0.0,-0.0,2010-05-02,pass,"counterfactual_common_baseline_relative=max(0,final_yield-null)-I-5N"
LC,Luancheng,2010,Mask-aware DQN,1.0,180.0,rl_candidate,2010,123,3,0.0,24.2,17.5,0.0,0.0,0.0,0.0,0.0,369,0.0,0.0,-0.0,-0.0,2010-05-03,pass,"counterfactual_common_baseline_relative=max(0,final_yield-null)-I-5N"
LC,Luancheng,2010,Mask-aware DQN,1.0,180.0,rl_candidate,2010,124,4,0.6,23.4,15.2,0.0,0.0,0.0,0.0,0.0,369,0.0,0.0,-0.0,-0.0,2010-05-04,pass,"counterfactual_common_baseline_relative=max(0,final_yield-null)-I-5N"
LC,Luancheng,2010,Mask-aware DQN,1.0,180.0,rl_candidate,2010,125,5,2.6,28.7,14.4,0.0,0.0,0.0,0.0,0.0,369,0.0,0.0,-0.0,-0.0,2010-05-05,pass,"counterfactual_common_baseline_relative=max(0,final_yield-null)-I-5N"
LC,Luancheng,2010,Mask-aware DQN,1.0,180.0,rl_candidate,2010,126,6,0.0,28.1,7.7,0.0,0.0,0.0,0.0,0.0,368,0.0,0.0,-0.0,-0.0,2010-05-06,pass,"counterfactual_common_baseline_relative=max(0,final_yield-null)-I-5N"
LC,Luancheng,2010,Mask-aware DQN,1.0,180.0,rl_candidate,2010,127,7,0.0,31.6,9.2,0.0,0.0,0.0,0.0,0.0,367,0.0,0.0,-0.0,-0.0,2010-05-07,pass,"counterfactual_common_baseline_relative=max(0,final_yield-null)-I-5N"
LC,Luancheng,2010,Mask-aware DQN,1.0,180.0,rl_candidate,2010,128,8,0.0,25.0,14.2,0.0,0.0,0.0,0.0,0.0,367,0.0,0.0,-0.0,-0.0,2010-05-08,pass,"counterfactual_common_baseline_relative=max(0,final_yield-null)-I-5N"
LC,Luancheng,2010,Mask-aware DQN,1.0,180.0,rl_candidate,2010,129,9,0.0,23.0,13.5,0.0,0.0,0.0,0.0,0.0,366,0.0,0.0,-0.0,-0.0,2010-05-09,pass,"counterfactual_common_baseline_relative=max(0,final_yield-null)-I-5N"
LC,Luancheng,2010,Mask-aware DQN,1.0,180.0,rl_candidate,2010,130,10,0.0,27.0,5.3,0.0,0.0,0.0,0.0,0.0,365,0.0,0.0,-0.0,-0.0,2010-05-10,pass,"counterfactual_common_baseline_relative=max(0,final_yield-null)-I-5N"
LC,Luancheng,2010,Mask-aware DQN,1.0,180.0,rl_candidate,2010,131,11,0.0,23.5,6.8,0.0,0.0,0.0,0.0,0.0,365,0.0,0.0,-0.0,-0.0,2010-05-11,pass,"counterfactual_common_baseline_relative=max(0,final_yield-null)-I-5N"
LC,Luancheng,2010,Mask-aware DQN,1.0,180.0,rl_candidate,2010,132,12,0.0,23.3,8.1,0.0,0.0,0.0,0.0,0.0,364,0.0,0.0,-0.0,-0.0,2010-05-12,pass,"counterfactual_common_baseline_relative=max(0,final_yield-null)-I-5N"
LC,Luancheng,2010,Mask-aware DQN,1.0,180.0,rl_candidate,2010,133,13,0.0,24.2,10.9,0.0,0.0,0.0,0.0,0.0,364,0.0,0.0,-0.0,-0.0,2010-05-13,pass,"counterfactual_common_baseline_relative=max(0,final_yield-null)-I-5N"
LC,Luancheng,2010,Mask-aware DQN,1.0,180.0,rl_candidate,2010,134,14,0.0,21.5,11.7,0.0,0.0,0.0,0.0,0.0,363,0.0,0.0,-0.0,-0.0,2010-05-14,pass,"counterfactual_common_baseline_relative=max(0,final_yield-null)-I-5N"
LC,Luancheng,2010,Mask-aware DQN,1.0,180.0,rl_candidate,2010,135,15,0.0,25.3,12.2,0.0,0.0,0.0,0.0,0.0,363,0.0,0.0,-0.0,-0.0,2010-05-15,pass,"counterfactual_common_baseline_relative=max(0,final_yield-null)-I-5N"
LC,Luancheng,2010,Mask-aware DQN,1.0,180.0,rl_candidate,2010,136,16,0.8,18.4,14.5,0.0,0.0,0.0,0.0,0.0,363,0.0,0.0,-0.0,-0.0,2010-05-16,pass,"counterfactual_common_baseline_relative=max(0,final_yield-null)-I-5N"
LC,Luancheng,2010,Mask-aware DQN,1.0,180.0,rl_candidate,2010,137,17,1.0,23.2,14.3,0.0,0.0,0.0,0.0,0.0,363,0.0,0.0,-0.0,-0.0,2010-05-17,pass,"counterfactual_common_baseline_relative=max(0,final_yield-null)-I-5N"
LC,Luancheng,2010,Mask-aware DQN,1.0,180.0,rl_candidate,2010,138,18,0.4,28.1,13.0,0.0,0.0,0.0,0.0,0.0,363,0.0,0.0,-0.0,-0.0,2010-05-18,pass,"counterfactual_common_baseline_relative=max(0,final_yield-null)-I-5N"
LC,Luancheng,2010,Mask-aware DQN,1.0,180.0,rl_candidate,2010,139,19,0.0,32.8,10.8,0.0,0.0,0.0,0.0,0.0,362,0.0,0.0,-0.0,-0.0,2010-05-19,pass,"counterfactual_common_baseline_relative=max(0,final_yield-null)-I-5N"
LC,Luancheng,2010,Mask-aware DQN,1.0,180.0,rl_candidate,2010,140,20,0.0,33.4,10.3,0.0,0.0,0.0,0.0,0.0,362,0.0,0.0,-0.0,-0.0,2010-05-20,pass,"counterfactual_common_baseline_relative=max(0,final_yield-null)-I-5N"
LC,Luancheng,2010,Mask-aware DQN,1.0,180.0,rl_candidate,2010,141,21,0.0,27.8,14.9,0.0,0.0,0.0,0.0,0.0,361,0.0,0.0,-0.0,-0.0,2010-05-21,pass,"counterfactual_common_baseline_relative=max(0,final_yield-null)-I-5N"
LC,Luancheng,2010,Mask-aware DQN,1.0,180.0,rl_candidate,2010,142,22,0.0,28.9,12.7,0.0,0.0,0.0,0.0,0.0,361,0.0,0.0,-0.0,-0.0,2010-05-22,pass,"counterfactual_common_baseline_relative=max(0,final_yield-null)-I-5N"
LC,Luancheng,2010,Mask-aware DQN,1.0,180.0,rl_candidate,2010,143,23,0.0,32.1,13.5,0.0,0.0,0.0,0.0,0.0,360,0.0,0.0,-0.0,-0.0,2010-05-23,pass,"counterfactual_common_baseline_relative=max(0,final_yield-null)-I-5N"
LC,Luancheng,2010,Mask-aware DQN,1.0,180.0,rl_candidate,2010,144,24,0.0,30.7,17.6,0.0,0.0,0.0,0.0,0.0,360,0.0,0.0,-0.0,-0.0,2010-05-24,pass,"counterfactual_common_baseline_relative=max(0,final_yield-null)-I-5N"
LC,Luancheng,2010,Mask-aware DQN,1.0,180.0,rl_candidate,2010,145,25,0.0,30.6,12.0,0.0,0.0,0.0,0.0,0.0,360,0.0,0.0,-0.0,-0.0,2010-05-25,pass,"counterfactual_common_baseline_relative=max(0,final_yield-null)-I-5N"
LC,Luancheng,2010,Mask-aware DQN,1.0,180.0,rl_candidate,2010,146,26,0.0,27.7,16.0,0.0,0.0,0.0,0.0,0.0,359,0.0,0.0,-0.0,-0.0,2010-05-26,pass,"counterfactual_common_baseline_relative=max(0,final_yield-null)-I-5N"
LC,Luancheng,2010,Mask-aware DQN,1.0,180.0,rl_candidate,2010,147,27,1.4,21.5,18.1,0.0,0.0,0.0,0.0,0.0,360,0.0,0.0,-0.0,-0.0,2010-05-27,pass,"counterfactual_common_baseline_relative=max(0,final_yield-null)-I-5N"
LC,Luancheng,2010,Mask-aware DQN,1.0,180.0,rl_candidate,2010,148,28,0.0,27.6,16.3,0.0,0.0,0.0,0.0,0.0,360,0.0,0.0,-0.0,-0.0,2010-05-28,pass,"counterfactual_common_baseline_relative=max(0,final_yield-null)-I-5N"
LC,Luancheng,2010,Mask-aware DQN,1.0,180.0,rl_candidate,2010,149,29,0.0,35.1,13.5,0.0,0.0,0.0,0.0,0.0,359,0.0,0.0,-0.0,-0.0,2010-05-29,pass,"counterfactual_common_baseline_relative=max(0,final_yield-null)-I-5N"
LC,Luancheng,2010,Mask-aware DQN,1.0,180.0,rl_candidate,2010,150,30,0.0,30.6,13.6,0.0,0.0,0.0,0.0,0.0,359,0.0,0.0,-0.0,-0.0,2010-05-30,pass,"counterfactual_common_baseline_relative=max(0,final_yield-null)-I-5N"
LC,Luancheng,2010,Mask-aware DQN,1.0,180.0,rl_candidate,2010,151,31,0.0,26.5,15.0,0.0,0.0,0.0,0.0,0.0,359,0.0,0.0,-0.0,-0.0,2010-05-31,pass,"counterfactual_common_baseline_relative=max(0,final_yield-null)-I-5N"
LC,Luancheng,2010,Mask-aware DQN,1.0,180.0,rl_candidate,2010,152,32,0.0,27.6,14.7,0.0,0.0,0.0,0.0,0.0,358,0.0,0.0,-0.0,-0.0,2010-06-01,pass,"counterfactual_common_baseline_relative=max(0,final_yield-null)-I-5N"
LC,Luancheng,2010,Mask-aware DQN,1.0,180.0,rl_candidate,2010,153,33,2.8,24.5,15.6,0.0,0.0,0.0,0.0,0.0,360,0.0,0.0,-0.0,-0.0,2010-06-02,pass,"counterfactual_common_baseline_relative=max(0,final_yield-null)-I-5N"
LC,Luancheng,2010,Mask-aware DQN,1.0,180.0,rl_candidate,2010,154,34,0.2,26.8,16.3,0.0,0.0,0.0,0.0,0.0,360,0.0,0.0,-0.0,-0.0,2010-06-03,pass,"counterfactual_common_baseline_relative=max(0,final_yield-null)-I-5N"
LC,Luancheng,2010,Mask-aware DQN,1.0,180.0,rl_candidate,2010,155,35,0.0,28.8,15.7,0.0,0.0,0.0,0.0,0.0,359,0.0,0.0,-0.0,-0.0,2010-06-04,pass,"counterfactual_common_baseline_relative=max(0,final_yield-null)-I-5N"
LC,Luancheng,2010,Mask-aware DQN,1.0,180.0,rl_candidate,2010,156,36,0.0,29.3,15.2,0.0,0.0,0.0,0.0,0.0,359,0.0,0.0,-0.0,-0.0,2010-06-05,pass,"counterfactual_common_baseline_relative=max(0,final_yield-null)-I-5N"
LC,Luancheng,2010,Mask-aware DQN,1.0,180.0,rl_candidate,2010,157,37,0.0,29.8,15.8,0.0,0.0,0.0,0.0,0.0,359,0.0,0.0,-0.0,-0.0,2010-06-06,pass,"counterfactual_common_baseline_relative=max(0,final_yield-null)-I-5N"
LC,Luancheng,2010,Mask-aware DQN,1.0,180.0,rl_candidate,2010,158,38,0.0,29.6,17.5,0.0,0.0,0.0,0.0,0.0,358,0.0,0.0,-0.0,-0.0,2010-06-07,pass,"counterfactual_common_baseline_relative=max(0,final_yield-null)-I-5N"
LC,Luancheng,2010,Mask-aware DQN,1.0,180.0,rl_candidate,2010,159,39,0.0,29.6,15.2,0.0,0.0,0.0,0.0,0.0,358,0.0,0.0,-0.0,-0.0,2010-06-08,pass,"counterfactual_common_baseline_relative=max(0,final_yield-null)-I-5N"
LC,Luancheng,2010,Mask-aware DQN,1.0,180.0,rl_candidate,2010,160,40,0.0,26.1,19.0,0.0,0.0,0.0,0.0,0.0,358,0.0,0.0,-0.0,-0.0,2010-06-09,pass,"counterfactual_common_baseline_relative=max(0,final_yield-null)-I-5N"
LC,Luancheng,2010,Mask-aware DQN,1.0,180.0,rl_candidate,2010,161,41,0.0,27.5,18.3,0.0,0.0,0.0,0.0,0.0,357,0.0,0.0,-0.0,-0.0,2010-06-10,pass,"counterfactual_common_baseline_relative=max(0,final_yield-null)-I-5N"
LC,Luancheng,2010,Mask-aware DQN,1.0,180.0,rl_candidate,2010,162,42,0.0,27.9,14.2,0.0,0.0,0.0,0.0,0.0,357,0.0,0.0,-0.0,-0.0,2010-06-11,pass,"counterfactual_common_baseline_relative=max(0,final_yield-null)-I-5N"
LC,Luancheng,2010,Mask-aware DQN,1.0,180.0,rl_candidate,2010,163,43,0.0,31.8,17.0,0.0,0.0,0.0,0.0,0.0,357,0.0,0.0,-0.0,-0.0,2010-06-12,pass,"counterfactual_common_baseline_relative=max(0,final_yield-null)-I-5N"
LC,Luancheng,2010,Mask-aware DQN,1.0,180.0,rl_candidate,2010,164,44,0.0,34.1,18.9,0.0,0.0,0.0,0.0,0.0,356,0.0,0.0,-0.0,-0.0,2010-06-13,pass,"counterfactual_common_baseline_relative=max(0,final_yield-null)-I-5N"
LC,Luancheng,2010,Mask-aware DQN,1.0,180.0,rl_candidate,2010,165,45,0.0,31.4,19.1,0.0,0.0,0.0,0.0,0.0,356,0.0,0.0,-0.0,-0.0,2010-06-14,pass,"counterfactual_common_baseline_relative=max(0,final_yield-null)-I-5N"
LC,Luancheng,2010,Mask-aware DQN,1.0,180.0,rl_candidate,2010,166,46,0.0,38.2,19.9,0.0,0.0,0.0,0.0,0.0,356,0.0,0.0,-0.0,-0.0,2010-06-15,pass,"counterfactual_common_baseline_relative=max(0,final_yield-null)-I-5N"
LC,Luancheng,2010,Mask-aware DQN,1.0,180.0,rl_candidate,2010,167,47,0.0,37.2,21.1,0.0,0.0,0.0,0.0,0.0,355,0.0,0.0,-0.0,-0.0,2010-06-16,pass,"counterfactual_common_baseline_relative=max(0,final_yield-null)-I-5N"
LC,Luancheng,2010,Mask-aware DQN,1.0,180.0,rl_candidate,2010,168,48,0.0,32.0,20.3,0.0,0.0,0.0,0.0,0.0,355,0.0,0.0,-0.0,-0.0,2010-06-17,pass,"counterfactual_common_baseline_relative=max(0,final_yield-null)-I-5N"
LC,Luancheng,2010,Mask-aware DQN,1.0,180.0,rl_candidate,2010,169,49,2.6,29.6,19.4,0.0,0.0,0.0,0.0,0.0,357,0.0,0.0,-0.0,-0.0,2010-06-18,pass,"counterfactual_common_baseline_relative=max(0,final_yield-null)-I-5N"
LC,Luancheng,2010,Mask-aware DQN,1.0,180.0,rl_candidate,2010,170,50,0.0,36.7,16.9,0.0,0.0,0.0,0.0,0.0,357,0.0,0.0,-0.0,-0.0,2010-06-19,pass,"counterfactual_common_baseline_relative=max(0,final_yield-null)-I-5N"
LC,Luancheng,2010,Mask-aware DQN,1.0,180.0,rl_candidate,2010,171,51,0.0,37.4,19.6,0.0,0.0,0.0,0.0,0.0,356,0.0,0.0,-0.0,-0.0,2010-06-20,pass,"counterfactual_common_baseline_relative=max(0,final_yield-null)-I-5N"
LC,Luancheng,2010,Mask-aware DQN,1.0,180.0,rl_candidate,2010,172,52,0.0,41.4,21.0,1.0,0.0,0.0,0.0,0.0,356,0.0,0.0,-0.0,-0.0,2010-06-21,pass,"counterfactual_common_baseline_relative=max(0,final_yield-null)-I-5N"
LC,Luancheng,2010,Mask-aware DQN,1.0,180.0,rl_candidate,2010,173,53,0.0,35.7,24.1,2.0,0.0,0.0,0.0,0.0,356,0.0,0.0,-0.0,-0.0,2010-06-22,pass,"counterfactual_common_baseline_relative=max(0,final_yield-null)-I-5N"
LC,Luancheng,2010,Mask-aware DQN,1.0,180.0,rl_candidate,2010,174,54,0.0,31.8,19.5,3.0,0.0,0.0,0.0,0.0,355,0.0,0.0,-0.0,-0.0,2010-06-23,pass,"counterfactual_common_baseline_relative=max(0,final_yield-null)-I-5N"
LC,Luancheng,2010,Mask-aware DQN,1.0,180.0,rl_candidate,2010,175,55,0.0,33.9,17.7,4.0,0.0,0.0,0.0,0.0,355,0.0,0.0,-0.0,-0.0,2010-06-24,pass,"counterfactual_common_baseline_relative=max(0,final_yield-null)-I-5N"
LC,Luancheng,2010,Mask-aware DQN,1.0,180.0,rl_candidate,2010,176,56,0.0,32.3,21.1,5.0,0.0,29.0,0.0,0.012,355,0.0,0.0,-0.0,-0.0,2010-06-25,pass,"counterfactual_common_baseline_relative=max(0,final_yield-null)-I-5N"
LC,Luancheng,2010,Mask-aware DQN,1.0,180.0,rl_candidate,2010,177,57,0.0,34.1,21.2,6.0,0.0,29.0,0.0,0.009,355,0.0,0.0,-0.0,-0.0,2010-06-26,pass,"counterfactual_common_baseline_relative=max(0,final_yield-null)-I-5N"
LC,Luancheng,2010,Mask-aware DQN,1.0,180.0,rl_candidate,2010,178,58,0.0,38.2,19.6,7.0,0.0,29.0,0.0,0.0,368,15.0,0.0,-15.0,-15.0,2010-06-27,pass,"counterfactual_common_baseline_relative=max(0,final_yield-null)-I-5N"
LC,Luancheng,2010,Mask-aware DQN,1.0,180.0,rl_candidate,2010,179,59,0.0,40.4,21.5,8.0,0.0,32.0,0.0,0.0,367,0.0,0.0,-0.0,-15.0,2010-06-28,pass,"counterfactual_common_baseline_relative=max(0,final_yield-null)-I-5N"
LC,Luancheng,2010,Mask-aware DQN,1.0,180.0,rl_candidate,2010,180,60,0.0,34.6,23.8,9.0,0.0,49.0,0.0,0.0,366,0.0,0.0,-0.0,-15.0,2010-06-29,pass,"counterfactual_common_baseline_relative=max(0,final_yield-null)-I-5N"
LC,Luancheng,2010,Mask-aware DQN,1.0,180.0,rl_candidate,2010,181,61,0.0,31.6,24.9,10.0,0.0,58.0,0.0,0.019,365,0.0,0.0,-0.0,-15.0,2010-06-30,pass,"counterfactual_common_baseline_relative=max(0,final_yield-null)-I-5N"
LC,Luancheng,2010,Mask-aware DQN,1.0,180.0,rl_candidate,2010,182,62,3.6,27.4,23.3,11.0,0.0,60.0,0.0,0.0,368,0.0,0.0,-0.0,-15.0,2010-07-01,pass,"counterfactual_common_baseline_relative=max(0,final_yield-null)-I-5N"
LC,Luancheng,2010,Mask-aware DQN,1.0,180.0,rl_candidate,2010,183,63,0.0,36.8,21.3,12.0,0.0,96.0,0.0,0.0,367,0.0,0.0,-0.0,-15.0,2010-07-02,pass,"counterfactual_common_baseline_relative=max(0,final_yield-null)-I-5N"
LC,Luancheng,2010,Mask-aware DQN,1.0,180.0,rl_candidate,2010,184,64,0.0,39.6,22.1,13.0,0.0,140.0,0.0,0.0,365,0.0,0.0,-0.0,-15.0,2010-07-03,pass,"counterfactual_common_baseline_relative=max(0,final_yield-null)-I-5N"
LC,Luancheng,2010,Mask-aware DQN,1.0,180.0,rl_candidate,2010,185,65,0.0,39.9,23.8,14.0,0.0,184.0,0.0,0.0,363,0.0,0.0,-0.0,-15.0,2010-07-04,pass,"counterfactual_common_baseline_relative=max(0,final_yield-null)-I-5N"
LC,Luancheng,2010,Mask-aware DQN,1.0,180.0,rl_candidate,2010,186,66,0.0,40.3,25.6,15.0,0.0,233.0,0.0,0.01,360,0.0,0.0,-0.0,-15.0,2010-07-05,pass,"counterfactual_common_baseline_relative=max(0,final_yield-null)-I-5N"
LC,Luancheng,2010,Mask-aware DQN,1.0,180.0,rl_candidate,2010,187,67,0.0,41.1,21.9,16.0,0.0,306.0,0.0,0.0,357,0.0,0.0,-0.0,-15.0,2010-07-06,pass,"counterfactual_common_baseline_relative=max(0,final_yield-null)-I-5N"
LC,Luancheng,2010,Mask-aware DQN,1.0,180.0,rl_candidate,2010,188,68,0.0,35.5,22.6,17.0,0.0,354.0,0.0,0.0,355,0.0,0.0,-0.0,-15.0,2010-07-07,pass,"counterfactual_common_baseline_relative=max(0,final_yield-null)-I-5N"
LC,Luancheng,2010,Mask-aware DQN,1.0,180.0,rl_candidate,2010,189,69,0.0,34.6,22.9,18.0,0.0,464.0,0.0,0.0,353,0.0,0.0,-0.0,-15.0,2010-07-08,pass,"counterfactual_common_baseline_relative=max(0,final_yield-null)-I-5N"
LC,Luancheng,2010,Mask-aware DQN,1.0,180.0,rl_candidate,2010,190,70,28.0,31.1,21.5,19.0,0.0,508.0,0.0,0.0,376,0.0,0.0,-0.0,-15.0,2010-07-09,pass,"counterfactual_common_baseline_relative=max(0,final_yield-null)-I-5N"
LC,Luancheng,2010,Mask-aware DQN,1.0,180.0,rl_candidate,2010,191,71,5.6,29.0,21.1,20.0,0.0,605.0,0.0,0.0,379,0.0,0.0,-0.0,-15.0,2010-07-10,pass,"counterfactual_common_baseline_relative=max(0,final_yield-null)-I-5N"
LC,Luancheng,2010,Mask-aware DQN,1.0,180.0,rl_candidate,2010,192,72,0.0,32.6,21.2,21.0,0.0,771.0,0.0,0.0,374,0.0,0.0,-0.0,-15.0,2010-07-11,pass,"counterfactual_common_baseline_relative=max(0,final_yield-null)-I-5N"
LC,Luancheng,2010,Mask-aware DQN,1.0,180.0,rl_candidate,2010,193,73,0.0,31.5,24.1,22.0,0.0,861.0,0.0,0.0,372,0.0,0.0,-0.0,-15.0,2010-07-12,pass,"counterfactual_common_baseline_relative=max(0,final_yield-null)-I-5N"
LC,Luancheng,2010,Mask-aware DQN,1.0,180.0,rl_candidate,2010,194,74,0.0,31.6,23.9,23.0,0.0,1000.0,0.0,0.0,368,0.0,0.0,-0.0,-15.0,2010-07-13,pass,"counterfactual_common_baseline_relative=max(0,final_yield-null)-I-5N"
LC,Luancheng,2010,Mask-aware DQN,1.0,180.0,rl_candidate,2010,195,75,0.0,31.3,23.7,24.0,0.0,1146.0,0.0,0.0,365,0.0,0.0,-0.0,-15.0,2010-07-14,pass,"counterfactual_common_baseline_relative=max(0,final_yield-null)-I-5N"
LC,Luancheng,2010,Mask-aware DQN,1.0,180.0,rl_candidate,2010,196,76,0.4,30.1,23.4,25.0,0.0,1239.0,0.0,0.0,364,0.0,0.0,-0.0,-15.0,2010-07-15,pass,"counterfactual_common_baseline_relative=max(0,final_yield-null)-I-5N"
LC,Luancheng,2010,Mask-aware DQN,1.0,180.0,rl_candidate,2010,197,77,0.0,33.3,21.9,26.0,0.0,1487.0,0.0,0.0,358,0.0,0.0,-0.0,-15.0,2010-07-16,pass,"counterfactual_common_baseline_relative=max(0,final_yield-null)-I-5N"
LC,Luancheng,2010,Mask-aware DQN,1.0,180.0,rl_candidate,2010,198,78,0.0,32.1,23.5,27.0,0.0,1658.0,0.0,0.0,355,0.0,0.0,-0.0,-15.0,2010-07-17,pass,"counterfactual_common_baseline_relative=max(0,final_yield-null)-I-5N"
LC,Luancheng,2010,Mask-aware DQN,1.0,180.0,rl_candidate,2010,199,79,0.2,34.3,20.6,28.0,0.0,1953.0,0.0,0.0,350,0.0,0.0,-0.0,-15.0,2010-07-18,pass,"counterfactual_common_baseline_relative=max(0,final_yield-null)-I-5N"
LC,Luancheng,2010,Mask-aware DQN,1.0,180.0,rl_candidate,2010,200,80,1.6,28.9,23.4,29.0,0.0,2013.0,0.0,0.0,350,0.0,0.0,-0.0,-15.0,2010-07-19,pass,"counterfactual_common_baseline_relative=max(0,final_yield-null)-I-5N"
LC,Luancheng,2010,Mask-aware DQN,1.0,180.0,rl_candidate,2010,201,81,0.0,32.4,19.1,30.0,0.0,2330.0,0.0,0.0,359,15.0,0.0,-15.0,-30.0,2010-07-20,pass,"counterfactual_common_baseline_relative=max(0,final_yield-null)-I-5N"
LC,Luancheng,2010,Mask-aware DQN,1.0,180.0,rl_candidate,2010,202,82,0.0,33.9,20.6,31.0,0.0,2684.0,0.0,0.0,353,0.0,0.0,-0.0,-30.0,2010-07-21,pass,"counterfactual_common_baseline_relative=max(0,final_yield-null)-I-5N"
LC,Luancheng,2010,Mask-aware DQN,1.0,180.0,rl_candidate,2010,203,83,0.0,33.3,23.3,32.0,0.0,2936.0,0.0,0.0,350,0.0,0.0,-0.0,-30.0,2010-07-22,pass,"counterfactual_common_baseline_relative=max(0,final_yield-null)-I-5N"
LC,Luancheng,2010,Mask-aware DQN,1.0,180.0,rl_candidate,2010,204,84,0.0,33.9,23.3,33.0,0.0,3276.0,0.0,0.0,344,0.0,0.0,-0.0,-30.0,2010-07-23,pass,"counterfactual_common_baseline_relative=max(0,final_yield-null)-I-5N"
LC,Luancheng,2010,Mask-aware DQN,1.0,180.0,rl_candidate,2010,205,85,0.0,34.0,23.0,34.0,0.0,3616.0,0.0,0.0,339,0.0,0.0,-0.0,-30.0,2010-07-24,pass,"counterfactual_common_baseline_relative=max(0,final_yield-null)-I-5N"
LC,Luancheng,2010,Mask-aware DQN,1.0,180.0,rl_candidate,2010,206,86,0.0,35.3,23.2,35.0,0.0,4002.0,0.0,0.0,333,0.0,0.0,-0.0,-30.0,2010-07-25,pass,"counterfactual_common_baseline_relative=max(0,final_yield-null)-I-5N"
LC,Luancheng,2010,Mask-aware DQN,1.0,180.0,rl_candidate,2010,207,87,0.0,34.8,23.5,36.0,0.0,4315.0,0.0,0.0,329,0.0,0.0,-0.0,-30.0,2010-07-26,pass,"counterfactual_common_baseline_relative=max(0,final_yield-null)-I-5N"
LC,Luancheng,2010,Mask-aware DQN,1.0,180.0,rl_candidate,2010,208,88,0.0,33.8,24.2,37.0,0.0,4643.0,0.0,0.0,324,0.0,0.0,-0.0,-30.0,2010-07-27,pass,"counterfactual_common_baseline_relative=max(0,final_yield-null)-I-5N"
LC,Luancheng,2010,Mask-aware DQN,1.0,180.0,rl_candidate,2010,209,89,0.0,34.7,24.5,38.0,0.0,4984.0,0.0,0.0,319,0.0,0.0,-0.0,-30.0,2010-07-28,pass,"counterfactual_common_baseline_relative=max(0,final_yield-null)-I-5N"
LC,Luancheng,2010,Mask-aware DQN,1.0,180.0,rl_candidate,2010,210,90,0.0,36.5,25.5,39.0,0.0,5348.0,0.0,0.0,313,0.0,0.0,-0.0,-30.0,2010-07-29,pass,"counterfactual_common_baseline_relative=max(0,final_yield-null)-I-5N"
LC,Luancheng,2010,Mask-aware DQN,1.0,180.0,rl_candidate,2010,211,91,0.0,36.4,27.1,40.0,0.0,5575.0,0.0,0.0,309,0.0,0.0,-0.0,-30.0,2010-07-30,pass,"counterfactual_common_baseline_relative=max(0,final_yield-null)-I-5N"
LC,Luancheng,2010,Mask-aware DQN,1.0,180.0,rl_candidate,2010,212,92,0.2,37.3,25.5,41.0,0.0,5846.0,0.0,0.0,304,0.0,0.0,-0.0,-30.0,2010-07-31,pass,"counterfactual_common_baseline_relative=max(0,final_yield-null)-I-5N"
LC,Luancheng,2010,Mask-aware DQN,1.0,180.0,rl_candidate,2010,213,93,0.2,28.0,24.3,42.0,0.0,6012.0,0.0,0.0,302,0.0,0.0,-0.0,-30.0,2010-08-01,pass,"counterfactual_common_baseline_relative=max(0,final_yield-null)-I-5N"
LC,Luancheng,2010,Mask-aware DQN,1.0,180.0,rl_candidate,2010,214,94,0.0,31.3,22.1,43.0,0.0,6349.0,0.0,0.0,298,0.0,0.0,-0.0,-30.0,2010-08-02,pass,"counterfactual_common_baseline_relative=max(0,final_yield-null)-I-5N"
LC,Luancheng,2010,Mask-aware DQN,1.0,180.0,rl_candidate,2010,215,95,0.2,32.7,21.6,44.0,0.0,6657.0,0.0,0.0,294,0.0,0.0,-0.0,-30.0,2010-08-03,pass,"counterfactual_common_baseline_relative=max(0,final_yield-null)-I-5N"
LC,Luancheng,2010,Mask-aware DQN,1.0,180.0,rl_candidate,2010,216,96,0.2,32.9,23.5,45.0,0.0,6748.0,0.0,0.0,308,15.0,0.0,-15.0,-45.0,2010-08-04,pass,"counterfactual_common_baseline_relative=max(0,final_yield-null)-I-5N"
LC,Luancheng,2010,Mask-aware DQN,1.0,180.0,rl_candidate,2010,217,97,0.2,33.0,22.4,46.0,0.0,6980.0,0.0,0.0,304,0.0,0.0,-0.0,-45.0,2010-08-05,pass,"counterfactual_common_baseline_relative=max(0,final_yield-null)-I-5N"
LC,Luancheng,2010,Mask-aware DQN,1.0,180.0,rl_candidate,2010,218,98,0.0,30.9,20.3,47.0,0.0,7336.0,0.0,0.0,299,0.0,0.0,-0.0,-45.0,2010-08-06,pass,"counterfactual_common_baseline_relative=max(0,final_yield-null)-I-5N"
LC,Luancheng,2010,Mask-aware DQN,1.0,180.0,rl_candidate,2010,219,99,0.2,31.5,18.7,48.0,0.0,7651.0,0.0,0.0,295,0.0,0.0,-0.0,-45.0,2010-08-07,pass,"counterfactual_common_baseline_relative=max(0,final_yield-null)-I-5N"
LC,Luancheng,2010,Mask-aware DQN,1.0,180.0,rl_candidate,2010,220,100,0.0,32.2,22.4,49.0,0.0,7925.0,0.0,0.0,290,0.0,0.0,-0.0,-45.0,2010-08-08,pass,"counterfactual_common_baseline_relative=max(0,final_yield-null)-I-5N"
LC,Luancheng,2010,Mask-aware DQN,1.0,180.0,rl_candidate,2010,221,101,0.2,31.1,24.5,50.0,0.0,8021.0,0.0,0.0,289,0.0,0.0,-0.0,-45.0,2010-08-09,pass,"counterfactual_common_baseline_relative=max(0,final_yield-null)-I-5N"
LC,Luancheng,2010,Mask-aware DQN,1.0,180.0,rl_candidate,2010,222,102,0.2,28.8,22.1,51.0,0.0,8068.0,0.0,0.0,288,0.0,0.0,-0.0,-45.0,2010-08-10,pass,"counterfactual_common_baseline_relative=max(0,final_yield-null)-I-5N"
LC,Luancheng,2010,Mask-aware DQN,1.0,180.0,rl_candidate,2010,223,103,0.0,25.5,21.5,52.0,0.0,8044.0,0.0,0.0,287,0.0,0.0,-0.0,-45.0,2010-08-11,pass,"counterfactual_common_baseline_relative=max(0,final_yield-null)-I-5N"
LC,Luancheng,2010,Mask-aware DQN,1.0,180.0,rl_candidate,2010,224,104,0.2,33.2,20.7,53.0,0.0,8363.0,0.0,0.0,282,0.0,0.0,-0.0,-45.0,2010-08-12,pass,"counterfactual_common_baseline_relative=max(0,final_yield-null)-I-5N"
LC,Luancheng,2010,Mask-aware DQN,1.0,180.0,rl_candidate,2010,225,105,0.2,28.5,23.8,54.0,0.0,8394.0,0.0,0.0,281,0.0,0.0,-0.0,-45.0,2010-08-13,pass,"counterfactual_common_baseline_relative=max(0,final_yield-null)-I-5N"
LC,Luancheng,2010,Mask-aware DQN,1.0,180.0,rl_candidate,2010,226,106,0.0,32.1,22.6,55.0,0.0,8601.0,0.0,0.0,278,0.0,0.0,-0.0,-45.0,2010-08-14,pass,"counterfactual_common_baseline_relative=max(0,final_yield-null)-I-5N"
LC,Luancheng,2010,Mask-aware DQN,1.0,180.0,rl_candidate,2010,227,107,0.0,35.4,16.4,56.0,265.0,8866.0,0.0,0.0,271,0.0,0.0,-0.0,-45.0,2010-08-15,pass,"counterfactual_common_baseline_relative=max(0,final_yield-null)-I-5N"
LC,Luancheng,2010,Mask-aware DQN,1.0,180.0,rl_candidate,2010,228,108,0.2,33.3,17.8,57.0,530.0,9131.0,0.0,0.0,266,0.0,0.0,-0.0,-45.0,2010-08-16,pass,"counterfactual_common_baseline_relative=max(0,final_yield-null)-I-5N"
LC,Luancheng,2010,Mask-aware DQN,1.0,180.0,rl_candidate,2010,229,109,0.0,32.5,18.7,58.0,794.0,9395.0,0.0,0.0,261,0.0,0.0,-0.0,-45.0,2010-08-17,pass,"counterfactual_common_baseline_relative=max(0,final_yield-null)-I-5N"
LC,Luancheng,2010,Mask-aware DQN,1.0,180.0,rl_candidate,2010,230,110,0.0,30.3,21.7,59.0,1059.0,9582.0,0.0,0.0,259,0.0,0.0,-0.0,-45.0,2010-08-18,pass,"counterfactual_common_baseline_relative=max(0,final_yield-null)-I-5N"
LC,Luancheng,2010,Mask-aware DQN,1.0,180.0,rl_candidate,2010,231,111,0.2,28.0,20.4,60.0,1324.0,9763.0,0.0,0.0,272,15.0,0.0,-15.0,-60.0,2010-08-19,pass,"counterfactual_common_baseline_relative=max(0,final_yield-null)-I-5N"
LC,Luancheng,2010,Mask-aware DQN,1.0,180.0,rl_candidate,2010,232,112,0.0,26.6,22.5,61.0,1589.0,9857.0,0.0,0.0,271,0.0,0.0,-0.0,-60.0,2010-08-20,pass,"counterfactual_common_baseline_relative=max(0,final_yield-null)-I-5N"
LC,Luancheng,2010,Mask-aware DQN,1.0,180.0,rl_candidate,2010,233,113,0.2,23.5,19.9,62.0,1854.0,9899.0,0.0,0.0,271,0.0,0.0,-0.0,-60.0,2010-08-21,pass,"counterfactual_common_baseline_relative=max(0,final_yield-null)-I-5N"
LC,Luancheng,2010,Mask-aware DQN,1.0,180.0,rl_candidate,2010,234,114,0.2,29.8,18.3,63.0,2118.0,10219.0,0.0,0.0,266,0.0,0.0,-0.0,-60.0,2010-08-22,pass,"counterfactual_common_baseline_relative=max(0,final_yield-null)-I-5N"
LC,Luancheng,2010,Mask-aware DQN,1.0,180.0,rl_candidate,2010,235,115,0.0,27.1,19.5,64.0,2383.0,10395.0,0.0,0.0,264,0.0,0.0,-0.0,-60.0,2010-08-23,pass,"counterfactual_common_baseline_relative=max(0,final_yield-null)-I-5N"
LC,Luancheng,2010,Mask-aware DQN,1.0,180.0,rl_candidate,2010,236,116,0.2,26.2,18.1,65.0,2648.0,10709.0,0.0,0.0,261,0.0,0.0,-0.0,-60.0,2010-08-24,pass,"counterfactual_common_baseline_relative=max(0,final_yield-null)-I-5N"
LC,Luancheng,2010,Mask-aware DQN,1.0,180.0,rl_candidate,2010,237,117,0.0,30.2,13.9,66.0,2913.0,11050.0,0.0,0.0,256,0.0,0.0,-0.0,-60.0,2010-08-25,pass,"counterfactual_common_baseline_relative=max(0,final_yield-null)-I-5N"
LC,Luancheng,2010,Mask-aware DQN,1.0,180.0,rl_candidate,2010,238,118,0.2,30.2,19.9,67.0,3178.0,11333.0,0.0,0.0,252,0.0,0.0,-0.0,-60.0,2010-08-26,pass,"counterfactual_common_baseline_relative=max(0,final_yield-null)-I-5N"
LC,Luancheng,2010,Mask-aware DQN,1.0,180.0,rl_candidate,2010,239,119,0.2,28.9,17.1,68.0,3443.0,11569.0,0.0,0.0,250,0.0,0.0,-0.0,-60.0,2010-08-27,pass,"counterfactual_common_baseline_relative=max(0,final_yield-null)-I-5N"
LC,Luancheng,2010,Mask-aware DQN,1.0,180.0,rl_candidate,2010,240,120,0.2,31.2,15.3,69.0,3707.0,11910.0,0.0,0.0,245,0.0,0.0,-0.0,-60.0,2010-08-28,pass,"counterfactual_common_baseline_relative=max(0,final_yield-null)-I-5N"
LC,Luancheng,2010,Mask-aware DQN,1.0,180.0,rl_candidate,2010,241,121,0.4,32.0,16.2,70.0,3972.0,12246.0,0.0,0.0,240,0.0,0.0,-0.0,-60.0,2010-08-29,pass,"counterfactual_common_baseline_relative=max(0,final_yield-null)-I-5N"
LC,Luancheng,2010,Mask-aware DQN,1.0,180.0,rl_candidate,2010,242,122,0.2,31.7,18.7,71.0,4237.0,12535.0,0.0,0.0,237,0.0,0.0,-0.0,-60.0,2010-08-30,pass,"counterfactual_common_baseline_relative=max(0,final_yield-null)-I-5N"
LC,Luancheng,2010,Mask-aware DQN,1.0,180.0,rl_candidate,2010,243,123,0.4,29.3,20.5,72.0,4502.0,12741.0,0.0,0.0,235,0.0,0.0,-0.0,-60.0,2010-08-31,pass,"counterfactual_common_baseline_relative=max(0,final_yield-null)-I-5N"
LC,Luancheng,2010,Mask-aware DQN,1.0,180.0,rl_candidate,2010,244,124,0.2,28.9,18.1,73.0,4767.0,13032.0,0.0,0.0,231,0.0,0.0,-0.0,-60.0,2010-09-01,pass,"counterfactual_common_baseline_relative=max(0,final_yield-null)-I-5N"
LC,Luancheng,2010,Mask-aware DQN,1.0,180.0,rl_candidate,2010,245,125,0.2,29.3,19.4,74.0,5031.0,13270.0,0.0,0.0,228,0.0,0.0,-0.0,-60.0,2010-09-02,pass,"counterfactual_common_baseline_relative=max(0,final_yield-null)-I-5N"
LC,Luancheng,2010,Mask-aware DQN,1.0,180.0,rl_candidate,2010,246,126,0.2,28.3,19.5,75.0,5296.0,13494.0,0.0,0.0,226,0.0,0.0,-0.0,-60.0,2010-09-03,pass,"counterfactual_common_baseline_relative=max(0,final_yield-null)-I-5N"
LC,Luancheng,2010,Mask-aware DQN,1.0,180.0,rl_candidate,2010,247,127,0.2,28.4,16.7,76.0,5561.0,13745.0,0.0,0.0,223,0.0,0.0,-0.0,-60.0,2010-09-04,pass,"counterfactual_common_baseline_relative=max(0,final_yield-null)-I-5N"
LC,Luancheng,2010,Mask-aware DQN,1.0,180.0,rl_candidate,2010,248,128,0.0,27.5,19.0,77.0,5826.0,13916.0,0.0,0.0,221,0.0,0.0,-0.0,-60.0,2010-09-05,pass,"counterfactual_common_baseline_relative=max(0,final_yield-null)-I-5N"
LC,Luancheng,2010,Mask-aware DQN,1.0,180.0,rl_candidate,2010,249,129,0.2,27.1,18.5,78.0,6091.0,14064.0,0.0,0.0,219,0.0,0.0,-0.0,-60.0,2010-09-06,pass,"counterfactual_common_baseline_relative=max(0,final_yield-null)-I-5N"
LC,Luancheng,2010,Mask-aware DQN,1.0,180.0,rl_candidate,2010,250,130,21.0,24.0,20.4,79.0,6355.0,14143.0,0.0,0.0,238,0.0,0.0,-0.0,-60.0,2010-09-07,pass,"counterfactual_common_baseline_relative=max(0,final_yield-null)-I-5N"
LC,Luancheng,2010,Mask-aware DQN,1.0,180.0,rl_candidate,2010,251,131,0.2,25.2,19.0,80.0,6620.0,14355.0,0.0,0.0,251,15.0,0.0,-15.0,-75.0,2010-09-08,pass,"counterfactual_common_baseline_relative=max(0,final_yield-null)-I-5N"
LC,Luancheng,2010,Mask-aware DQN,1.0,180.0,rl_candidate,2010,252,132,0.0,24.7,17.8,81.0,6885.0,14532.0,0.0,0.0,249,0.0,0.0,-0.0,-75.0,2010-09-09,pass,"counterfactual_common_baseline_relative=max(0,final_yield-null)-I-5N"
LC,Luancheng,2010,Mask-aware DQN,1.0,180.0,rl_candidate,2010,253,133,0.0,31.7,14.2,82.0,7150.0,14841.0,0.0,0.0,244,0.0,0.0,-0.0,-75.0,2010-09-10,pass,"counterfactual_common_baseline_relative=max(0,final_yield-null)-I-5N"
LC,Luancheng,2010,Mask-aware DQN,1.0,180.0,rl_candidate,2010,254,134,0.0,31.0,15.5,83.0,7415.0,15145.0,0.0,0.0,240,0.0,0.0,-0.0,-75.0,2010-09-11,pass,"counterfactual_common_baseline_relative=max(0,final_yield-null)-I-5N"
LC,Luancheng,2010,Mask-aware DQN,1.0,180.0,rl_candidate,2010,255,135,0.0,31.9,13.9,84.0,7679.0,15448.0,0.0,0.0,235,0.0,0.0,-0.0,-75.0,2010-09-12,pass,"counterfactual_common_baseline_relative=max(0,final_yield-null)-I-5N"
LC,Luancheng,2010,Mask-aware DQN,1.0,180.0,rl_candidate,2010,256,136,0.0,31.6,15.5,85.0,7944.0,15727.0,0.0,0.0,231,0.0,0.0,-0.0,-75.0,2010-09-13,pass,"counterfactual_common_baseline_relative=max(0,final_yield-null)-I-5N"
LC,Luancheng,2010,Mask-aware DQN,1.0,180.0,rl_candidate,2010,257,137,0.0,30.9,17.5,86.0,8209.0,15978.0,0.0,0.0,227,0.0,0.0,-0.0,-75.0,2010-09-14,pass,"counterfactual_common_baseline_relative=max(0,final_yield-null)-I-5N"
LC,Luancheng,2010,Mask-aware DQN,1.0,180.0,rl_candidate,2010,258,138,0.0,29.4,17.6,87.0,8474.0,16202.0,0.0,0.0,224,0.0,0.0,-0.0,-75.0,2010-09-15,pass,"counterfactual_common_baseline_relative=max(0,final_yield-null)-I-5N"
LC,Luancheng,2010,Mask-aware DQN,1.0,180.0,rl_candidate,2010,259,139,0.0,28.7,20.9,88.0,8739.0,16375.0,0.0,0.0,222,0.0,0.0,-0.0,-75.0,2010-09-16,pass,"counterfactual_common_baseline_relative=max(0,final_yield-null)-I-5N"
LC,Luancheng,2010,Mask-aware DQN,1.0,180.0,rl_candidate,2010,260,140,1.6,26.4,15.1,89.0,8739.0,16375.0,0.0,0.0,223,0.0,0.0,-0.0,-75.0,2010-09-17,pass,"counterfactual_common_baseline_relative=max(0,final_yield-null)-I-5N"
LC,Luancheng,2010,Mask-aware DQN,1.0,180.0,rl_candidate,2010,261,141,2.2,15.4,14.0,90.0,8739.0,16375.0,0.0,0.0,225,0.0,0.0,-0.0,-75.0,2010-09-18,pass,"counterfactual_common_baseline_relative=max(0,final_yield-null)-I-5N"
LC,Luancheng,2010,Mask-aware DQN,1.0,180.0,rl_candidate,2010,262,142,18.2,20.8,15.2,91.0,8739.0,16375.0,0.0,0.0,241,0.0,0.0,-0.0,-75.0,2010-09-19,pass,"counterfactual_common_baseline_relative=max(0,final_yield-null)-I-5N"
LC,Luancheng,2010,Mask-aware DQN,1.0,180.0,rl_candidate,2010,263,143,0.0,23.1,16.9,92.0,8739.0,16375.0,0.0,0.0,239,0.0,0.0,-0.0,-75.0,2010-09-20,pass,"counterfactual_common_baseline_relative=max(0,final_yield-null)-I-5N"
LC,Luancheng,2010,Mask-aware DQN,1.0,180.0,rl_candidate,2010,264,144,9.6,18.7,12.9,93.0,8739.0,16375.0,0.0,0.0,248,0.0,0.0,688.0,613.0,2010-09-21,pass,"counterfactual_common_baseline_relative=max(0,final_yield-null)-I-5N"
