station_code,year,seed,checkpoint_step,algorithm,date,doy,dap,rain,srad,tmax,tmin,swfac,nstres,topwt,grnwt,xlai,reward,discrete_action_index,requested_discrete_action_index,mask_forced_noop,raw_action_amir,raw_action_anfer,safe_action_amir,safe_action_anfer,season_cumulative_irrigation,season_cumulative_n,action_safety_triggered,mask_valid_action_count,yield_component,resource_cost,water_stress_relief,nitrogen_stress_relief,stress_relief_bonus,reward_unscaled,reward_scale,reward_stress_aware,previous_cumulative_irrigation,previous_cumulative_n,i240_staged_irrigation_reserve_enabled,early_dap_end,mid_dap_end,early_cum_irrigation_cap_mm,mid_cum_irrigation_cap_mm,season_irrigation_cap_mm,irrigation_before_action_mm,irrigation_after_action_mm,active_stage_for_irrigation_mask,early_remaining_before_action_mm,mid_remaining_before_action_mm,late_reserved_reference_before_action_mm,swfac_guardrail_enabled,swfac_guardrail_threshold,swfac_guardrail_coef,swfac_after_step,swfac_guardrail_excess,swfac_guardrail_penalty_unscaled,swfac_guardrail_penalty_scaled,reward_before_swfac_guardrail,reward_after_swfac_guardrail,late_irrigation_reserve_mask_enabled,late_reserve_dap_end,pre_late_cum_irrigation_cap_mm,late_reserved_irrigation_mm,late_reserve_active_before_action,late_reserve_irrigation_before_action_mm,late_reserve_irrigation_after_action_mm,late_reserve_remaining_before_action_mm,done,info
SYA,2022,0,1000,MaskablePPO,2022-04-21,111,1,0.0,18.274,23.6,13.8,0.0,0.0,0.0,0.0,0.0,0.015749998122453684,2,2,False,45.0,0.0,45.0,0.0,45.0,0.0,,2,0.0,49.50000000000001,0.14499999582767487,0.0,65.24999812245369,15.749998122453682,0.001,0.015749998122453684,0.0,0.0,True,30,60,75.0,150.0,240.0,0.0,45.0,early,75.0,150.0,90.0,True,0.05,50.0,0.0,0.0,0.0,0.0,0.015749998122453684,0.015749998122453684,True,90,195.0,45.0,True,0.0,45.0,195.0,False,"{""sat"": ""[0.43000001 0.42500001 0.41999999 0.46999997 0.43000001 0.41999999\n 0.41999999 0.46999997 0.46999997]"", ""dul"": ""[0.37       0.34499997 0.31999999 0.31       0.31999999 0.31\n 0.31       0.34999999 0.34999999]"", ""ll"": ""[0.14       0.14500001 0.15000001 0.16       0.14       0.13\n 0.13       0.13       0.13      ]"", ""dlayr"": ""[ 5. 10.  5. 10. 10. 10. 10. 20. 20.]""}"
SYA,2022,0,1000,MaskablePPO,2022-04-22,112,2,2.6,26.243,18.5,7.4,0.0,0.0,0.0,0.0,0.0,-0.1264,1,1,False,0.0,80.0,0.0,80.0,45.0,80.0,,1,0.0,126.4,0.0,0.0,0.0,-126.4,0.001,-0.1264,45.0,0.0,True,30,60,75.0,150.0,240.0,45.0,45.0,early,30.0,105.0,90.0,True,0.05,50.0,0.0,0.0,0.0,0.0,-0.1264,-0.1264,True,90,195.0,45.0,True,45.0,45.0,150.0,False,"{""sat"": ""[0.43000001 0.42500001 0.41999999 0.46999997 0.43000001 0.41999999\n 0.41999999 0.46999997 0.46999997]"", ""dul"": ""[0.37       0.34499997 0.31999999 0.31       0.31999999 0.31\n 0.31       0.34999999 0.34999999]"", ""ll"": ""[0.14       0.14500001 0.15000001 0.16       0.14       0.13\n 0.13       0.13       0.13      ]"", ""dlayr"": ""[ 5. 10.  5. 10. 10. 10. 10. 20. 20.]""}"
SYA,2022,0,1000,MaskablePPO,2022-04-23,113,3,0.0,22.572,25.6,8.1,0.0,0.0,0.0,0.0,0.0,0.0,0,0,False,0.0,0.0,0.0,0.0,45.0,80.0,,1,0.0,0.0,0.0,0.0,0.0,0.0,0.001,0.0,45.0,80.0,True,30,60,75.0,150.0,240.0,45.0,45.0,early,30.0,105.0,90.0,True,0.05,50.0,0.0,0.0,0.0,0.0,0.0,0.0,True,90,195.0,45.0,True,45.0,45.0,150.0,False,"{""sat"": ""[0.43000001 0.42500001 0.41999999 0.46999997 0.43000001 0.41999999\n 0.41999999 0.46999997 0.46999997]"", ""dul"": ""[0.37       0.34499997 0.31999999 0.31       0.31999999 0.31\n 0.31       0.34999999 0.34999999]"", ""ll"": ""[0.14       0.14500001 0.15000001 0.16       0.14       0.13\n 0.13       0.13       0.13      ]"", ""dlayr"": ""[ 5. 10.  5. 10. 10. 10. 10. 20. 20.]""}"
SYA,2022,0,1000,MaskablePPO,2022-04-24,114,4,0.0,21.982,24.2,11.5,0.0,0.0,0.0,0.0,0.0,0.0,0,0,False,0.0,0.0,0.0,0.0,45.0,80.0,,1,0.0,0.0,0.0,0.0,0.0,0.0,0.001,0.0,45.0,80.0,True,30,60,75.0,150.0,240.0,45.0,45.0,early,30.0,105.0,90.0,True,0.05,50.0,0.0,0.0,0.0,0.0,0.0,0.0,True,90,195.0,45.0,True,45.0,45.0,150.0,False,"{""sat"": ""[0.43000001 0.42500001 0.41999999 0.46999997 0.43000001 0.41999999\n 0.41999999 0.46999997 0.46999997]"", ""dul"": ""[0.37       0.34499997 0.31999999 0.31       0.31999999 0.31\n 0.31       0.34999999 0.34999999]"", ""ll"": ""[0.14       0.14500001 0.15000001 0.16       0.14       0.13\n 0.13       0.13       0.13      ]"", ""dlayr"": ""[ 5. 10.  5. 10. 10. 10. 10. 20. 20.]""}"
SYA,2022,0,1000,MaskablePPO,2022-04-25,115,5,0.0,20.679,25.6,10.2,0.0,0.0,0.0,0.0,0.0,0.0,0,0,False,0.0,0.0,0.0,0.0,45.0,80.0,,1,0.0,0.0,0.0,0.0,0.0,0.0,0.001,0.0,45.0,80.0,True,30,60,75.0,150.0,240.0,45.0,45.0,early,30.0,105.0,90.0,True,0.05,50.0,0.0,0.0,0.0,0.0,0.0,0.0,True,90,195.0,45.0,True,45.0,45.0,150.0,False,"{""sat"": ""[0.43000001 0.42500001 0.41999999 0.46999997 0.43000001 0.41999999\n 0.41999999 0.46999997 0.46999997]"", ""dul"": ""[0.37       0.34499997 0.31999999 0.31       0.31999999 0.31\n 0.31       0.34999999 0.34999999]"", ""ll"": ""[0.14       0.14500001 0.15000001 0.16       0.14       0.13\n 0.13       0.13       0.13      ]"", ""dlayr"": ""[ 5. 10.  5. 10. 10. 10. 10. 20. 20.]""}"
SYA,2022,0,1000,MaskablePPO,2022-04-21,111,1,0.0,18.274,23.6,13.8,0.0,0.0,0.0,0.0,0.0,0.0,0,0,False,0.0,0.0,0.0,0.0,45.0,80.0,,1,0.0,0.0,0.0,0.0,0.0,0.0,0.001,0.0,45.0,80.0,True,30,60,75.0,150.0,240.0,45.0,45.0,early,30.0,105.0,90.0,True,0.05,50.0,0.0,0.0,0.0,0.0,0.0,0.0,True,90,195.0,45.0,True,45.0,45.0,150.0,False,"{""sat"": ""[0.43000001 0.42500001 0.41999999 0.46999997 0.43000001 0.41999999\n 0.41999999 0.46999997 0.46999997]"", ""dul"": ""[0.37       0.34499997 0.31999999 0.31       0.31999999 0.31\n 0.31       0.34999999 0.34999999]"", ""ll"": ""[0.14       0.14500001 0.15000001 0.16       0.14       0.13\n 0.13       0.13       0.13      ]"", ""dlayr"": ""[ 5. 10.  5. 10. 10. 10. 10. 20. 20.]""}"
SYA,2022,0,1000,MaskablePPO,2022-04-22,112,2,2.6,26.243,18.5,7.4,0.0,0.0,0.0,0.0,0.0,0.0,0,0,False,0.0,0.0,0.0,0.0,45.0,80.0,,1,0.0,0.0,0.0,0.0,0.0,0.0,0.001,0.0,45.0,80.0,True,30,60,75.0,150.0,240.0,45.0,45.0,early,30.0,105.0,90.0,True,0.05,50.0,0.0,0.0,0.0,0.0,0.0,0.0,True,90,195.0,45.0,True,45.0,45.0,150.0,False,"{""sat"": ""[0.43000001 0.42500001 0.41999999 0.46999997 0.43000001 0.41999999\n 0.41999999 0.46999997 0.46999997]"", ""dul"": ""[0.37       0.34499997 0.31999999 0.31       0.31999999 0.31\n 0.31       0.34999999 0.34999999]"", ""ll"": ""[0.14       0.14500001 0.15000001 0.16       0.14       0.13\n 0.13       0.13       0.13      ]"", ""dlayr"": ""[ 5. 10.  5. 10. 10. 10. 10. 20. 20.]""}"
SYA,2022,0,1000,MaskablePPO,2022-04-23,113,3,0.0,22.572,25.6,8.1,0.0,0.0,0.0,0.0,0.0,0.0,0,0,False,0.0,0.0,0.0,0.0,45.0,80.0,,1,0.0,0.0,0.0,0.0,0.0,0.0,0.001,0.0,45.0,80.0,True,30,60,75.0,150.0,240.0,45.0,45.0,early,30.0,105.0,90.0,True,0.05,50.0,0.0,0.0,0.0,0.0,0.0,0.0,True,90,195.0,45.0,True,45.0,45.0,150.0,False,"{""sat"": ""[0.43000001 0.42500001 0.41999999 0.46999997 0.43000001 0.41999999\n 0.41999999 0.46999997 0.46999997]"", ""dul"": ""[0.37       0.34499997 0.31999999 0.31       0.31999999 0.31\n 0.31       0.34999999 0.34999999]"", ""ll"": ""[0.14       0.14500001 0.15000001 0.16       0.14       0.13\n 0.13       0.13       0.13      ]"", ""dlayr"": ""[ 5. 10.  5. 10. 10. 10. 10. 20. 20.]""}"
SYA,2022,0,1000,MaskablePPO,2022-04-24,114,4,0.0,21.982,24.2,11.5,0.0,0.0,0.0,0.0,0.0,0.0,0,0,False,0.0,0.0,0.0,0.0,45.0,80.0,,1,0.0,0.0,0.0,0.0,0.0,0.0,0.001,0.0,45.0,80.0,True,30,60,75.0,150.0,240.0,45.0,45.0,early,30.0,105.0,90.0,True,0.05,50.0,0.0,0.0,0.0,0.0,0.0,0.0,True,90,195.0,45.0,True,45.0,45.0,150.0,False,"{""sat"": ""[0.43000001 0.42500001 0.41999999 0.46999997 0.43000001 0.41999999\n 0.41999999 0.46999997 0.46999997]"", ""dul"": ""[0.37       0.34499997 0.31999999 0.31       0.31999999 0.31\n 0.31       0.34999999 0.34999999]"", ""ll"": ""[0.14       0.14500001 0.15000001 0.16       0.14       0.13\n 0.13       0.13       0.13      ]"", ""dlayr"": ""[ 5. 10.  5. 10. 10. 10. 10. 20. 20.]""}"
SYA,2022,0,1000,MaskablePPO,2022-04-25,115,5,0.0,20.679,25.6,10.2,0.0,0.0,0.0,0.0,0.0,0.0,0,0,False,0.0,0.0,0.0,0.0,45.0,80.0,,1,0.0,0.0,0.0,0.0,0.0,0.0,0.001,0.0,45.0,80.0,True,30,60,75.0,150.0,240.0,45.0,45.0,early,30.0,105.0,90.0,True,0.05,50.0,0.0,0.0,0.0,0.0,0.0,0.0,True,90,195.0,45.0,True,45.0,45.0,150.0,False,"{""sat"": ""[0.43000001 0.42500001 0.41999999 0.46999997 0.43000001 0.41999999\n 0.41999999 0.46999997 0.46999997]"", ""dul"": ""[0.37       0.34499997 0.31999999 0.31       0.31999999 0.31\n 0.31       0.34999999 0.34999999]"", ""ll"": ""[0.14       0.14500001 0.15000001 0.16       0.14       0.13\n 0.13       0.13       0.13      ]"", ""dlayr"": ""[ 5. 10.  5. 10. 10. 10. 10. 20. 20.]""}"
SYA,2022,0,1000,MaskablePPO,2022-04-26,116,6,0.0,19.182,19.3,13.0,0.0,0.0,0.0,0.0,0.0,0.0,0,0,False,0.0,0.0,0.0,0.0,45.0,80.0,,1,0.0,0.0,0.0,0.0,0.0,0.0,0.001,0.0,45.0,80.0,True,30,60,75.0,150.0,240.0,45.0,45.0,early,30.0,105.0,90.0,True,0.05,50.0,0.0,0.0,0.0,0.0,0.0,0.0,True,90,195.0,45.0,True,45.0,45.0,150.0,False,"{""sat"": ""[0.43000001 0.42500001 0.41999999 0.46999997 0.43000001 0.41999999\n 0.41999999 0.46999997 0.46999997]"", ""dul"": ""[0.37       0.34499997 0.31999999 0.31       0.31999999 0.31\n 0.31       0.34999999 0.34999999]"", ""ll"": ""[0.14       0.14500001 0.15000001 0.16       0.14       0.13\n 0.13       0.13       0.13      ]"", ""dlayr"": ""[ 5. 10.  5. 10. 10. 10. 10. 20. 20.]""}"
SYA,2022,0,1000,MaskablePPO,2022-04-27,117,7,0.0,21.188,17.1,2.4,0.0,0.0,0.0,0.0,0.0,0.0,0,0,False,0.0,0.0,0.0,0.0,45.0,80.0,,2,0.0,0.0,0.0,0.0,0.0,0.0,0.001,0.0,45.0,80.0,True,30,60,75.0,150.0,240.0,45.0,45.0,early,30.0,105.0,90.0,True,0.05,50.0,0.0,0.0,0.0,0.0,0.0,0.0,True,90,195.0,45.0,True,45.0,45.0,150.0,False,"{""sat"": ""[0.43000001 0.42500001 0.41999999 0.46999997 0.43000001 0.41999999\n 0.41999999 0.46999997 0.46999997]"", ""dul"": ""[0.37       0.34499997 0.31999999 0.31       0.31999999 0.31\n 0.31       0.34999999 0.34999999]"", ""ll"": ""[0.14       0.14500001 0.15000001 0.16       0.14       0.13\n 0.13       0.13       0.13      ]"", ""dlayr"": ""[ 5. 10.  5. 10. 10. 10. 10. 20. 20.]""}"
SYA,2022,0,1000,MaskablePPO,2022-04-28,118,8,0.0,9.491,16.5,7.5,0.0,0.0,0.0,0.0,0.0,-0.1264,1,1,False,0.0,80.0,0.0,80.0,45.0,160.0,,1,0.0,126.4,0.0,0.0,0.0,-126.4,0.001,-0.1264,45.0,80.0,True,30,60,75.0,150.0,240.0,45.0,45.0,early,30.0,105.0,90.0,True,0.05,50.0,0.0,0.0,0.0,0.0,-0.1264,-0.1264,True,90,195.0,45.0,True,45.0,45.0,150.0,False,"{""sat"": ""[0.43000001 0.42500001 0.41999999 0.46999997 0.43000001 0.41999999\n 0.41999999 0.46999997 0.46999997]"", ""dul"": ""[0.37       0.34499997 0.31999999 0.31       0.31999999 0.31\n 0.31       0.34999999 0.34999999]"", ""ll"": ""[0.14       0.14500001 0.15000001 0.16       0.14       0.13\n 0.13       0.13       0.13      ]"", ""dlayr"": ""[ 5. 10.  5. 10. 10. 10. 10. 20. 20.]""}"
SYA,2022,0,1000,MaskablePPO,2022-04-29,119,9,0.0,24.218,22.0,1.2,0.0,0.0,0.0,0.0,0.0,0.0,0,0,False,0.0,0.0,0.0,0.0,45.0,160.0,,1,0.0,0.0,0.0,0.0,0.0,0.0,0.001,0.0,45.0,160.0,True,30,60,75.0,150.0,240.0,45.0,45.0,early,30.0,105.0,90.0,True,0.05,50.0,0.0,0.0,0.0,0.0,0.0,0.0,True,90,195.0,45.0,True,45.0,45.0,150.0,False,"{""sat"": ""[0.43000001 0.42500001 0.41999999 0.46999997 0.43000001 0.41999999\n 0.41999999 0.46999997 0.46999997]"", ""dul"": ""[0.37       0.34499997 0.31999999 0.31       0.31999999 0.31\n 0.31       0.34999999 0.34999999]"", ""ll"": ""[0.14       0.14500001 0.15000001 0.16       0.14       0.13\n 0.13       0.13       0.13      ]"", ""dlayr"": ""[ 5. 10.  5. 10. 10. 10. 10. 20. 20.]""}"
SYA,2022,0,1000,MaskablePPO,2022-04-30,120,10,0.0,24.242,17.1,7.6,0.0,0.0,0.0,0.0,0.0,0.0,0,0,False,0.0,0.0,0.0,0.0,45.0,160.0,,1,0.0,0.0,0.0,0.0,0.0,0.0,0.001,0.0,45.0,160.0,True,30,60,75.0,150.0,240.0,45.0,45.0,early,30.0,105.0,90.0,True,0.05,50.0,0.0,0.0,0.0,0.0,0.0,0.0,True,90,195.0,45.0,True,45.0,45.0,150.0,False,"{""sat"": ""[0.43000001 0.42500001 0.41999999 0.46999997 0.43000001 0.41999999\n 0.41999999 0.46999997 0.46999997]"", ""dul"": ""[0.37       0.34499997 0.31999999 0.31       0.31999999 0.31\n 0.31       0.34999999 0.34999999]"", ""ll"": ""[0.14       0.14500001 0.15000001 0.16       0.14       0.13\n 0.13       0.13       0.13      ]"", ""dlayr"": ""[ 5. 10.  5. 10. 10. 10. 10. 20. 20.]""}"
SYA,2022,0,1000,MaskablePPO,2022-05-01,121,11,0.0,21.098,18.3,7.5,0.0,0.0,0.0,0.0,0.0,0.0,0,0,False,0.0,0.0,0.0,0.0,45.0,160.0,,1,0.0,0.0,0.0,0.0,0.0,0.0,0.001,0.0,45.0,160.0,True,30,60,75.0,150.0,240.0,45.0,45.0,early,30.0,105.0,90.0,True,0.05,50.0,0.0,0.0,0.0,0.0,0.0,0.0,True,90,195.0,45.0,True,45.0,45.0,150.0,False,"{""sat"": ""[0.43000001 0.42500001 0.41999999 0.46999997 0.43000001 0.41999999\n 0.41999999 0.46999997 0.46999997]"", ""dul"": ""[0.37       0.34499997 0.31999999 0.31       0.31999999 0.31\n 0.31       0.34999999 0.34999999]"", ""ll"": ""[0.14       0.14500001 0.15000001 0.16       0.14       0.13\n 0.13       0.13       0.13      ]"", ""dlayr"": ""[ 5. 10.  5. 10. 10. 10. 10. 20. 20.]""}"
SYA,2022,0,1000,MaskablePPO,2022-05-02,122,12,0.0,26.974,18.5,1.6,0.0,0.012191057205200195,17.600001096725464,0.0,0.0018071295926347375,0.0,0,0,False,0.0,0.0,0.0,0.0,45.0,160.0,,1,0.0,0.0,0.0,0.0,0.0,0.0,0.001,0.0,45.0,160.0,True,30,60,75.0,150.0,240.0,45.0,45.0,early,30.0,105.0,90.0,True,0.05,50.0,0.0,0.0,0.0,0.0,0.0,0.0,True,90,195.0,45.0,True,45.0,45.0,150.0,False,"{""sat"": ""[0.43000001 0.42500001 0.41999999 0.46999997 0.43000001 0.41999999\n 0.41999999 0.46999997 0.46999997]"", ""dul"": ""[0.37       0.34499997 0.31999999 0.31       0.31999999 0.31\n 0.31       0.34999999 0.34999999]"", ""ll"": ""[0.14       0.14500001 0.15000001 0.16       0.14       0.13\n 0.13       0.13       0.13      ]"", ""dlayr"": ""[ 5. 10.  5. 10. 10. 10. 10. 20. 20.]""}"
SYA,2022,0,1000,MaskablePPO,2022-05-03,123,13,0.0,23.959,28.7,12.0,0.0,0.012173771858215332,17.600001096725464,0.0,0.0035581050906330347,0.0,0,0,False,0.0,0.0,0.0,0.0,45.0,160.0,,1,0.0,0.0,0.0,1.728534698486328e-05,0.0,0.0,0.001,0.0,45.0,160.0,True,30,60,75.0,150.0,240.0,45.0,45.0,early,30.0,105.0,90.0,True,0.05,50.0,0.0,0.0,0.0,0.0,0.0,0.0,True,90,195.0,45.0,True,45.0,45.0,150.0,False,"{""sat"": ""[0.43000001 0.42500001 0.41999999 0.46999997 0.43000001 0.41999999\n 0.41999999 0.46999997 0.46999997]"", ""dul"": ""[0.37       0.34499997 0.31999999 0.31       0.31999999 0.31\n 0.31       0.34999999 0.34999999]"", ""ll"": ""[0.14       0.14500001 0.15000001 0.16       0.14       0.13\n 0.13       0.13       0.13      ]"", ""dlayr"": ""[ 5. 10.  5. 10. 10. 10. 10. 20. 20.]""}"
SYA,2022,0,1000,MaskablePPO,2022-05-04,124,14,0.0,23.939,29.2,14.5,0.0,0.0065042972564697266,17.600001096725464,0.0,0.005638398230075836,0.0,0,0,False,0.0,0.0,0.0,0.0,45.0,160.0,,2,0.0,0.0,0.0,0.0056694746017456055,0.0,0.0,0.001,0.0,45.0,160.0,True,30,60,75.0,150.0,240.0,45.0,45.0,early,30.0,105.0,90.0,True,0.05,50.0,0.0,0.0,0.0,0.0,0.0,0.0,True,90,195.0,45.0,True,45.0,45.0,150.0,False,"{""sat"": ""[0.43000001 0.42500001 0.41999999 0.46999997 0.43000001 0.41999999\n 0.41999999 0.46999997 0.46999997]"", ""dul"": ""[0.37       0.34499997 0.31999999 0.31       0.31999999 0.31\n 0.31       0.34999999 0.34999999]"", ""ll"": ""[0.14       0.14500001 0.15000001 0.16       0.14       0.13\n 0.13       0.13       0.13      ]"", ""dlayr"": ""[ 5. 10.  5. 10. 10. 10. 10. 20. 20.]""}"
SYA,2022,0,1000,MaskablePPO,2022-05-05,125,15,0.0,22.201,29.0,16.8,0.0,0.0034595727920532227,17.600001096725464,0.0,0.006789481267333031,-0.1251821102142334,1,1,False,0.0,80.0,0.0,80.0,45.0,240.0,,1,0.0,126.4,0.0,0.003044724464416504,1.2178897857666016,-125.1821102142334,0.001,-0.1251821102142334,45.0,160.0,True,30,60,75.0,150.0,240.0,45.0,45.0,early,30.0,105.0,90.0,True,0.05,50.0,0.0,0.0,0.0,0.0,-0.1251821102142334,-0.1251821102142334,True,90,195.0,45.0,True,45.0,45.0,150.0,False,"{""sat"": ""[0.43000001 0.42500001 0.41999999 0.46999997 0.43000001 0.41999999\n 0.41999999 0.46999997 0.46999997]"", ""dul"": ""[0.37       0.34499997 0.31999999 0.31       0.31999999 0.31\n 0.31       0.34999999 0.34999999]"", ""ll"": ""[0.14       0.14500001 0.15000001 0.16       0.14       0.13\n 0.13       0.13       0.13      ]"", ""dlayr"": ""[ 5. 10.  5. 10. 10. 10. 10. 20. 20.]""}"
SYA,2022,0,1000,MaskablePPO,2022-05-06,126,16,0.0,15.723,21.7,10.0,0.0,0.0012050867080688477,17.600001096725464,0.0,0.007667071186006069,0.0,0,0,False,0.0,0.0,0.0,0.0,45.0,240.0,,1,0.0,0.0,0.0,0.002254486083984375,0.0,0.0,0.001,0.0,45.0,240.0,True,30,60,75.0,150.0,240.0,45.0,45.0,early,30.0,105.0,90.0,True,0.05,50.0,0.0,0.0,0.0,0.0,0.0,0.0,True,90,195.0,45.0,True,45.0,45.0,150.0,False,"{""sat"": ""[0.43000001 0.42500001 0.41999999 0.46999997 0.43000001 0.41999999\n 0.41999999 0.46999997 0.46999997]"", ""dul"": ""[0.37       0.34499997 0.31999999 0.31       0.31999999 0.31\n 0.31       0.34999999 0.34999999]"", ""ll"": ""[0.14       0.14500001 0.15000001 0.16       0.14       0.13\n 0.13       0.13       0.13      ]"", ""dlayr"": ""[ 5. 10.  5. 10. 10. 10. 10. 20. 20.]""}"
SYA,2022,0,1000,MaskablePPO,2022-05-07,127,17,0.0,29.334,18.9,6.4,0.0,0.0,17.600001096725464,0.0,0.008713029325008392,0.0,0,0,False,0.0,0.0,0.0,0.0,45.0,240.0,,1,0.0,0.0,0.0,0.0012050867080688477,0.0,0.0,0.001,0.0,45.0,240.0,True,30,60,75.0,150.0,240.0,45.0,45.0,early,30.0,105.0,90.0,True,0.05,50.0,0.0,0.0,0.0,0.0,0.0,0.0,True,90,195.0,45.0,True,45.0,45.0,150.0,False,"{""sat"": ""[0.43000001 0.42500001 0.41999999 0.46999997 0.43000001 0.41999999\n 0.41999999 0.46999997 0.46999997]"", ""dul"": ""[0.37       0.34499997 0.31999999 0.31       0.31999999 0.31\n 0.31       0.34999999 0.34999999]"", ""ll"": ""[0.14       0.14500001 0.15000001 0.16       0.14       0.13\n 0.13       0.13       0.13      ]"", ""dlayr"": ""[ 5. 10.  5. 10. 10. 10. 10. 20. 20.]""}"
SYA,2022,0,1000,MaskablePPO,2022-05-08,128,18,0.0,21.208,20.7,7.3,0.0,0.0,17.600001096725464,0.0,0.01011063065379858,0.0,0,0,False,0.0,0.0,0.0,0.0,45.0,240.0,,1,0.0,0.0,0.0,0.0,0.0,0.0,0.001,0.0,45.0,240.0,True,30,60,75.0,150.0,240.0,45.0,45.0,early,30.0,105.0,90.0,True,0.05,50.0,0.0,0.0,0.0,0.0,0.0,0.0,True,90,195.0,45.0,True,45.0,45.0,150.0,False,"{""sat"": ""[0.43000001 0.42500001 0.41999999 0.46999997 0.43000001 0.41999999\n 0.41999999 0.46999997 0.46999997]"", ""dul"": ""[0.37       0.34499997 0.31999999 0.31       0.31999999 0.31\n 0.31       0.34999999 0.34999999]"", ""ll"": ""[0.14       0.14500001 0.15000001 0.16       0.14       0.13\n 0.13       0.13       0.13      ]"", ""dlayr"": ""[ 5. 10.  5. 10. 10. 10. 10. 20. 20.]""}"
SYA,2022,0,1000,MaskablePPO,2022-05-09,129,19,0.0,28.577,24.0,5.7,0.0,0.0,17.600001096725464,0.0,0.011507073417305946,0.0,0,0,False,0.0,0.0,0.0,0.0,45.0,240.0,,1,0.0,0.0,0.0,0.0,0.0,0.0,0.001,0.0,45.0,240.0,True,30,60,75.0,150.0,240.0,45.0,45.0,early,30.0,105.0,90.0,True,0.05,50.0,0.0,0.0,0.0,0.0,0.0,0.0,True,90,195.0,45.0,True,45.0,45.0,150.0,False,"{""sat"": ""[0.43000001 0.42500001 0.41999999 0.46999997 0.43000001 0.41999999\n 0.41999999 0.46999997 0.46999997]"", ""dul"": ""[0.37       0.34499997 0.31999999 0.31       0.31999999 0.31\n 0.31       0.34999999 0.34999999]"", ""ll"": ""[0.14       0.14500001 0.15000001 0.16       0.14       0.13\n 0.13       0.13       0.13      ]"", ""dlayr"": ""[ 5. 10.  5. 10. 10. 10. 10. 20. 20.]""}"
SYA,2022,0,1000,MaskablePPO,2022-05-10,130,20,10.0,20.102,22.7,8.5,0.0,0.0,17.600001096725464,0.0,0.01246832124888897,0.0,0,0,False,0.0,0.0,0.0,0.0,45.0,240.0,,1,0.0,0.0,0.0,0.0,0.0,0.0,0.001,0.0,45.0,240.0,True,30,60,75.0,150.0,240.0,45.0,45.0,early,30.0,105.0,90.0,True,0.05,50.0,0.0,0.0,0.0,0.0,0.0,0.0,True,90,195.0,45.0,True,45.0,45.0,150.0,False,"{""sat"": ""[0.43000001 0.42500001 0.41999999 0.46999997 0.43000001 0.41999999\n 0.41999999 0.46999997 0.46999997]"", ""dul"": ""[0.37       0.34499997 0.31999999 0.31       0.31999999 0.31\n 0.31       0.34999999 0.34999999]"", ""ll"": ""[0.14       0.14500001 0.15000001 0.16       0.14       0.13\n 0.13       0.13       0.13      ]"", ""dlayr"": ""[ 5. 10.  5. 10. 10. 10. 10. 20. 20.]""}"
SYA,2022,0,1000,MaskablePPO,2022-05-11,131,21,0.0,16.426,17.9,8.8,0.0,0.0,17.600001096725464,0.0,0.015375849790871143,0.0,0,0,False,0.0,0.0,0.0,0.0,45.0,240.0,,1,0.0,0.0,0.0,0.0,0.0,0.0,0.001,0.0,45.0,240.0,True,30,60,75.0,150.0,240.0,45.0,45.0,early,30.0,105.0,90.0,True,0.05,50.0,0.0,0.0,0.0,0.0,0.0,0.0,True,90,195.0,45.0,True,45.0,45.0,150.0,False,"{""sat"": ""[0.43000001 0.42500001 0.41999999 0.46999997 0.43000001 0.41999999\n 0.41999999 0.46999997 0.46999997]"", ""dul"": ""[0.37       0.34499997 0.31999999 0.31       0.31999999 0.31\n 0.31       0.34999999 0.34999999]"", ""ll"": ""[0.14       0.14500001 0.15000001 0.16       0.14       0.13\n 0.13       0.13       0.13      ]"", ""dlayr"": ""[ 5. 10.  5. 10. 10. 10. 10. 20. 20.]""}"
SYA,2022,0,1000,MaskablePPO,2022-05-12,132,22,0.0,16.851,18.6,7.5,0.0,0.0,17.600001096725464,0.0,0.01917397975921631,0.0,0,0,False,0.0,0.0,0.0,0.0,45.0,240.0,,1,0.0,0.0,0.0,0.0,0.0,0.0,0.001,0.0,45.0,240.0,True,30,60,75.0,150.0,240.0,45.0,45.0,early,30.0,105.0,90.0,True,0.05,50.0,0.0,0.0,0.0,0.0,0.0,0.0,True,90,195.0,45.0,True,45.0,45.0,150.0,False,"{""sat"": ""[0.43000001 0.42500001 0.41999999 0.46999997 0.43000001 0.41999999\n 0.41999999 0.46999997 0.46999997]"", ""dul"": ""[0.37       0.34499997 0.31999999 0.31       0.31999999 0.31\n 0.31       0.34999999 0.34999999]"", ""ll"": ""[0.14       0.14500001 0.15000001 0.16       0.14       0.13\n 0.13       0.13       0.13      ]"", ""dlayr"": ""[ 5. 10.  5. 10. 10. 10. 10. 20. 20.]""}"
SYA,2022,0,1000,MaskablePPO,2022-05-13,133,23,0.0,25.875,21.2,5.5,0.0,0.0,17.600001096725464,0.0,0.022767286747694016,0.0,0,0,False,0.0,0.0,0.0,0.0,45.0,240.0,,1,0.0,0.0,0.0,0.0,0.0,0.0,0.001,0.0,45.0,240.0,True,30,60,75.0,150.0,240.0,45.0,45.0,early,30.0,105.0,90.0,True,0.05,50.0,0.0,0.0,0.0,0.0,0.0,0.0,True,90,195.0,45.0,True,45.0,45.0,150.0,False,"{""sat"": ""[0.43000001 0.42500001 0.41999999 0.46999997 0.43000001 0.41999999\n 0.41999999 0.46999997 0.46999997]"", ""dul"": ""[0.37       0.34499997 0.31999999 0.31       0.31999999 0.31\n 0.31       0.34999999 0.34999999]"", ""ll"": ""[0.14       0.14500001 0.15000001 0.16       0.14       0.13\n 0.13       0.13       0.13      ]"", ""dlayr"": ""[ 5. 10.  5. 10. 10. 10. 10. 20. 20.]""}"
SYA,2022,0,1000,MaskablePPO,2022-05-14,134,24,0.0,21.153,19.7,6.6,0.0,0.0,17.600001096725464,0.0,0.02903447113931179,0.0,0,0,False,0.0,0.0,0.0,0.0,45.0,240.0,,1,0.0,0.0,0.0,0.0,0.0,0.0,0.001,0.0,45.0,240.0,True,30,60,75.0,150.0,240.0,45.0,45.0,early,30.0,105.0,90.0,True,0.05,50.0,0.0,0.0,0.0,0.0,0.0,0.0,True,90,195.0,45.0,True,45.0,45.0,150.0,False,"{""sat"": ""[0.43000001 0.42500001 0.41999999 0.46999997 0.43000001 0.41999999\n 0.41999999 0.46999997 0.46999997]"", ""dul"": ""[0.37       0.34499997 0.31999999 0.31       0.31999999 0.31\n 0.31       0.34999999 0.34999999]"", ""ll"": ""[0.14       0.14500001 0.15000001 0.16       0.14       0.13\n 0.13       0.13       0.13      ]"", ""dlayr"": ""[ 5. 10.  5. 10. 10. 10. 10. 20. 20.]""}"
SYA,2022,0,1000,MaskablePPO,2022-05-15,135,25,0.0,26.05,24.3,8.1,0.0,0.0,19.940943717956543,0.0,0.0363943949341774,0.0,0,0,False,0.0,0.0,0.0,0.0,45.0,240.0,,1,0.0,0.0,0.0,0.0,0.0,0.0,0.001,0.0,45.0,240.0,True,30,60,75.0,150.0,240.0,45.0,45.0,early,30.0,105.0,90.0,True,0.05,50.0,0.0,0.0,0.0,0.0,0.0,0.0,True,90,195.0,45.0,True,45.0,45.0,150.0,False,"{""sat"": ""[0.43000001 0.42500001 0.41999999 0.46999997 0.43000001 0.41999999\n 0.41999999 0.46999997 0.46999997]"", ""dul"": ""[0.37       0.34499997 0.31999999 0.31       0.31999999 0.31\n 0.31       0.34999999 0.34999999]"", ""ll"": ""[0.14       0.14500001 0.15000001 0.16       0.14       0.13\n 0.13       0.13       0.13      ]"", ""dlayr"": ""[ 5. 10.  5. 10. 10. 10. 10. 20. 20.]""}"
SYA,2022,0,1000,MaskablePPO,2022-05-16,136,26,0.0,27.939,24.9,10.2,0.0,0.0,23.856077194213867,0.0,0.04625685140490532,0.0,0,0,False,0.0,0.0,0.0,0.0,45.0,240.0,,1,0.0,0.0,0.0,0.0,0.0,0.0,0.001,0.0,45.0,240.0,True,30,60,75.0,150.0,240.0,45.0,45.0,early,30.0,105.0,90.0,True,0.05,50.0,0.0,0.0,0.0,0.0,0.0,0.0,True,90,195.0,45.0,True,45.0,45.0,150.0,False,"{""sat"": ""[0.43000001 0.42500001 0.41999999 0.46999997 0.43000001 0.41999999\n 0.41999999 0.46999997 0.46999997]"", ""dul"": ""[0.37       0.34499997 0.31999999 0.31       0.31999999 0.31\n 0.31       0.34999999 0.34999999]"", ""ll"": ""[0.14       0.14500001 0.15000001 0.16       0.14       0.13\n 0.13       0.13       0.13      ]"", ""dlayr"": ""[ 5. 10.  5. 10. 10. 10. 10. 20. 20.]""}"
SYA,2022,0,1000,MaskablePPO,2022-05-17,137,27,0.0,23.947,27.8,11.6,0.0,0.0,28.457961082458496,0.0,0.05719241872429848,0.0,0,0,False,0.0,0.0,0.0,0.0,45.0,240.0,,1,0.0,0.0,0.0,0.0,0.0,0.0,0.001,0.0,45.0,240.0,True,30,60,75.0,150.0,240.0,45.0,45.0,early,30.0,105.0,90.0,True,0.05,50.0,0.0,0.0,0.0,0.0,0.0,0.0,True,90,195.0,45.0,True,45.0,45.0,150.0,False,"{""sat"": ""[0.43000001 0.42500001 0.41999999 0.46999997 0.43000001 0.41999999\n 0.41999999 0.46999997 0.46999997]"", ""dul"": ""[0.37       0.34499997 0.31999999 0.31       0.31999999 0.31\n 0.31       0.34999999 0.34999999]"", ""ll"": ""[0.14       0.14500001 0.15000001 0.16       0.14       0.13\n 0.13       0.13       0.13      ]"", ""dlayr"": ""[ 5. 10.  5. 10. 10. 10. 10. 20. 20.]""}"
SYA,2022,0,1000,MaskablePPO,2022-05-18,138,28,0.0,24.683,27.8,12.0,0.0,0.0,34.61930990219116,0.0,0.07103708386421204,0.0,0,0,False,0.0,0.0,0.0,0.0,45.0,240.0,,1,0.0,0.0,0.0,0.0,0.0,0.0,0.001,0.0,45.0,240.0,True,30,60,75.0,150.0,240.0,45.0,45.0,early,30.0,105.0,90.0,True,0.05,50.0,0.0,0.0,0.0,0.0,0.0,0.0,True,90,195.0,45.0,True,45.0,45.0,150.0,False,"{""sat"": ""[0.43000001 0.42500001 0.41999999 0.46999997 0.43000001 0.41999999\n 0.41999999 0.46999997 0.46999997]"", ""dul"": ""[0.37       0.34499997 0.31999999 0.31       0.31999999 0.31\n 0.31       0.34999999 0.34999999]"", ""ll"": ""[0.14       0.14500001 0.15000001 0.16       0.14       0.13\n 0.13       0.13       0.13      ]"", ""dlayr"": ""[ 5. 10.  5. 10. 10. 10. 10. 20. 20.]""}"
SYA,2022,0,1000,MaskablePPO,2022-05-19,139,29,0.0,20.322,29.2,15.9,0.0,0.0,41.75690174102783,0.0,0.08623819053173065,0.0,0,0,False,0.0,0.0,0.0,0.0,45.0,240.0,,1,0.0,0.0,0.0,0.0,0.0,0.0,0.001,0.0,45.0,240.0,True,30,60,75.0,150.0,240.0,45.0,45.0,early,30.0,105.0,90.0,True,0.05,50.0,0.0,0.0,0.0,0.0,0.0,0.0,True,90,195.0,45.0,True,45.0,45.0,150.0,False,"{""sat"": ""[0.43000001 0.42500001 0.41999999 0.46999997 0.43000001 0.41999999\n 0.41999999 0.46999997 0.46999997]"", ""dul"": ""[0.37       0.34499997 0.31999999 0.31       0.31999999 0.31\n 0.31       0.34999999 0.34999999]"", ""ll"": ""[0.14       0.14500001 0.15000001 0.16       0.14       0.13\n 0.13       0.13       0.13      ]"", ""dlayr"": ""[ 5. 10.  5. 10. 10. 10. 10. 20. 20.]""}"
SYA,2022,0,1000,MaskablePPO,2022-05-20,140,30,0.0,27.518,30.2,13.3,0.0,0.0,50.91094493865967,0.0,0.1047612652182579,0.0,0,0,False,0.0,0.0,0.0,0.0,45.0,240.0,,2,0.0,0.0,0.0,0.0,0.0,0.0,0.001,0.0,45.0,240.0,True,30,60,75.0,150.0,240.0,45.0,45.0,early,30.0,105.0,90.0,True,0.05,50.0,0.0,0.0,0.0,0.0,0.0,0.0,True,90,195.0,45.0,True,45.0,45.0,150.0,False,"{""sat"": ""[0.43000001 0.42500001 0.41999999 0.46999997 0.43000001 0.41999999\n 0.41999999 0.46999997 0.46999997]"", ""dul"": ""[0.37       0.34499997 0.31999999 0.31       0.31999999 0.31\n 0.31       0.34999999 0.34999999]"", ""ll"": ""[0.14       0.14500001 0.15000001 0.16       0.14       0.13\n 0.13       0.13       0.13      ]"", ""dlayr"": ""[ 5. 10.  5. 10. 10. 10. 10. 20. 20.]""}"
SYA,2022,0,1000,MaskablePPO,2022-05-21,141,31,0.0,23.014,30.2,18.7,0.0,0.0,61.37800216674805,0.0,0.12493212521076202,-0.04950000000000001,2,2,False,45.0,0.0,45.0,0.0,90.0,240.0,,1,0.0,49.50000000000001,0.0,0.0,0.0,-49.50000000000001,0.001,-0.04950000000000001,45.0,240.0,True,30,60,75.0,150.0,240.0,45.0,90.0,mid,,105.0,90.0,True,0.05,50.0,0.0,0.0,0.0,0.0,-0.04950000000000001,-0.04950000000000001,True,90,195.0,45.0,True,45.0,90.0,150.0,False,"{""sat"": ""[0.43000001 0.42500001 0.41999999 0.46999997 0.43000001 0.41999999\n 0.41999999 0.46999997 0.46999997]"", ""dul"": ""[0.37       0.34499997 0.31999999 0.31       0.31999999 0.31\n 0.31       0.34999999 0.34999999]"", ""ll"": ""[0.14       0.14500001 0.15000001 0.16       0.14       0.13\n 0.13       0.13       0.13      ]"", ""dlayr"": ""[ 5. 10.  5. 10. 10. 10. 10. 20. 20.]""}"
SYA,2022,0,1000,MaskablePPO,2022-05-22,142,32,0.0,27.88,30.8,16.1,0.0,0.0,74.87233638763428,0.0,0.14973238110542297,0.0,0,0,False,0.0,0.0,0.0,0.0,90.0,240.0,,1,0.0,0.0,0.0,0.0,0.0,0.0,0.001,0.0,90.0,240.0,True,30,60,75.0,150.0,240.0,90.0,90.0,mid,,60.0,90.0,True,0.05,50.0,0.0,0.0,0.0,0.0,0.0,0.0,True,90,195.0,45.0,True,90.0,90.0,105.0,False,"{""sat"": ""[0.43000001 0.42500001 0.41999999 0.46999997 0.43000001 0.41999999\n 0.41999999 0.46999997 0.46999997]"", ""dul"": ""[0.37       0.34499997 0.31999999 0.31       0.31999999 0.31\n 0.31       0.34999999 0.34999999]"", ""ll"": ""[0.14       0.14500001 0.15000001 0.16       0.14       0.13\n 0.13       0.13       0.13      ]"", ""dlayr"": ""[ 5. 10.  5. 10. 10. 10. 10. 20. 20.]""}"
SYA,2022,0,1000,MaskablePPO,2022-05-23,143,33,0.0,24.1,32.9,18.2,0.0,0.0,86.83048248291016,0.0,0.1824638843536377,0.0,0,0,False,0.0,0.0,0.0,0.0,90.0,240.0,,1,0.0,0.0,0.0,0.0,0.0,0.0,0.001,0.0,90.0,240.0,True,30,60,75.0,150.0,240.0,90.0,90.0,mid,,60.0,90.0,True,0.05,50.0,0.0,0.0,0.0,0.0,0.0,0.0,True,90,195.0,45.0,True,90.0,90.0,105.0,False,"{""sat"": ""[0.43000001 0.42500001 0.41999999 0.46999997 0.43000001 0.41999999\n 0.41999999 0.46999997 0.46999997]"", ""dul"": ""[0.37       0.34499997 0.31999999 0.31       0.31999999 0.31\n 0.31       0.34999999 0.34999999]"", ""ll"": ""[0.14       0.14500001 0.15000001 0.16       0.14       0.13\n 0.13       0.13       0.13      ]"", ""dlayr"": ""[ 5. 10.  5. 10. 10. 10. 10. 20. 20.]""}"
SYA,2022,0,1000,MaskablePPO,2022-05-24,144,34,0.0,23.461,32.3,21.4,0.0,0.005654454231262207,97.02438354492188,0.0,0.20109036564826965,0.0,0,0,False,0.0,0.0,0.0,0.0,90.0,240.0,,1,0.0,0.0,0.0,0.0,0.0,0.0,0.001,0.0,90.0,240.0,True,30,60,75.0,150.0,240.0,90.0,90.0,mid,,60.0,90.0,True,0.05,50.0,0.0,0.0,0.0,0.0,0.0,0.0,True,90,195.0,45.0,True,90.0,90.0,105.0,False,"{""sat"": ""[0.43000001 0.42500001 0.41999999 0.46999997 0.43000001 0.41999999\n 0.41999999 0.46999997 0.46999997]"", ""dul"": ""[0.37       0.34499997 0.31999999 0.31       0.31999999 0.31\n 0.31       0.34999999 0.34999999]"", ""ll"": ""[0.14       0.14500001 0.15000001 0.16       0.14       0.13\n 0.13       0.13       0.13      ]"", ""dlayr"": ""[ 5. 10.  5. 10. 10. 10. 10. 20. 20.]""}"
SYA,2022,0,1000,MaskablePPO,2022-05-25,145,35,25.5,18.847,25.1,11.9,0.0,0.0,103.16567420959473,0.0,0.21208734810352325,0.0,0,0,False,0.0,0.0,0.0,0.0,90.0,240.0,,1,0.0,0.0,0.0,0.005654454231262207,0.0,0.0,0.001,0.0,90.0,240.0,True,30,60,75.0,150.0,240.0,90.0,90.0,mid,,60.0,90.0,True,0.05,50.0,0.0,0.0,0.0,0.0,0.0,0.0,True,90,195.0,45.0,True,90.0,90.0,105.0,False,"{""sat"": ""[0.43000001 0.42500001 0.41999999 0.46999997 0.43000001 0.41999999\n 0.41999999 0.46999997 0.46999997]"", ""dul"": ""[0.37       0.34499997 0.31999999 0.31       0.31999999 0.31\n 0.31       0.34999999 0.34999999]"", ""ll"": ""[0.14       0.14500001 0.15000001 0.16       0.14       0.13\n 0.13       0.13       0.13      ]"", ""dlayr"": ""[ 5. 10.  5. 10. 10. 10. 10. 20. 20.]""}"
SYA,2022,0,1000,MaskablePPO,2022-05-26,146,36,1.0,11.976,16.2,12.8,0.0,0.0,116.22632026672363,0.0,0.23497265577316284,0.0,0,0,False,0.0,0.0,0.0,0.0,90.0,240.0,,1,0.0,0.0,0.0,0.0,0.0,0.0,0.001,0.0,90.0,240.0,True,30,60,75.0,150.0,240.0,90.0,90.0,mid,,60.0,90.0,True,0.05,50.0,0.0,0.0,0.0,0.0,0.0,0.0,True,90,195.0,45.0,True,90.0,90.0,105.0,False,"{""sat"": ""[0.43000001 0.42500001 0.41999999 0.46999997 0.43000001 0.41999999\n 0.41999999 0.46999997 0.46999997]"", ""dul"": ""[0.37       0.34499997 0.31999999 0.31       0.31999999 0.31\n 0.31       0.34999999 0.34999999]"", ""ll"": ""[0.14       0.14500001 0.15000001 0.16       0.14       0.13\n 0.13       0.13       0.13      ]"", ""dlayr"": ""[ 5. 10.  5. 10. 10. 10. 10. 20. 20.]""}"
SYA,2022,0,1000,MaskablePPO,2022-05-27,147,37,0.0,29.324,27.1,12.9,0.0,0.0,137.7477741241455,0.0,0.27147698402404785,0.0,0,0,False,0.0,0.0,0.0,0.0,90.0,240.0,,2,0.0,0.0,0.0,0.0,0.0,0.0,0.001,0.0,90.0,240.0,True,30,60,75.0,150.0,240.0,90.0,90.0,mid,,60.0,90.0,True,0.05,50.0,0.0,0.0,0.0,0.0,0.0,0.0,True,90,195.0,45.0,True,90.0,90.0,105.0,False,"{""sat"": ""[0.43000001 0.42500001 0.41999999 0.46999997 0.43000001 0.41999999\n 0.41999999 0.46999997 0.46999997]"", ""dul"": ""[0.37       0.34499997 0.31999999 0.31       0.31999999 0.31\n 0.31       0.34999999 0.34999999]"", ""ll"": ""[0.14       0.14500001 0.15000001 0.16       0.14       0.13\n 0.13       0.13       0.13      ]"", ""dlayr"": ""[ 5. 10.  5. 10. 10. 10. 10. 20. 20.]""}"
SYA,2022,0,1000,MaskablePPO,2022-05-28,148,38,0.0,24.068,30.4,20.1,0.0,0.0,155.2818202972412,0.0,0.30023711919784546,-0.04950000000000001,2,2,False,45.0,0.0,45.0,0.0,135.0,240.0,,1,0.0,49.50000000000001,0.0,0.0,0.0,-49.50000000000001,0.001,-0.04950000000000001,90.0,240.0,True,30,60,75.0,150.0,240.0,90.0,135.0,mid,,60.0,90.0,True,0.05,50.0,0.0,0.0,0.0,0.0,-0.04950000000000001,-0.04950000000000001,True,90,195.0,45.0,True,90.0,135.0,105.0,False,"{""sat"": ""[0.43000001 0.42500001 0.41999999 0.46999997 0.43000001 0.41999999\n 0.41999999 0.46999997 0.46999997]"", ""dul"": ""[0.37       0.34499997 0.31999999 0.31       0.31999999 0.31\n 0.31       0.34999999 0.34999999]"", ""ll"": ""[0.14       0.14500001 0.15000001 0.16       0.14       0.13\n 0.13       0.13       0.13      ]"", ""dlayr"": ""[ 5. 10.  5. 10. 10. 10. 10. 20. 20.]""}"
SYA,2022,0,1000,MaskablePPO,2022-05-29,149,39,19.0,18.843,28.4,14.0,0.0,0.0,168.90613555908203,0.0,0.3220711648464203,0.0,0,0,False,0.0,0.0,0.0,0.0,135.0,240.0,,1,0.0,0.0,0.0,0.0,0.0,0.0,0.001,0.0,135.0,240.0,True,30,60,75.0,150.0,240.0,135.0,135.0,mid,,15.0,90.0,True,0.05,50.0,0.0,0.0,0.0,0.0,0.0,0.0,True,90,195.0,45.0,True,135.0,135.0,60.0,False,"{""sat"": ""[0.43000001 0.42500001 0.41999999 0.46999997 0.43000001 0.41999999\n 0.41999999 0.46999997 0.46999997]"", ""dul"": ""[0.37       0.34499997 0.31999999 0.31       0.31999999 0.31\n 0.31       0.34999999 0.34999999]"", ""ll"": ""[0.14       0.14500001 0.15000001 0.16       0.14       0.13\n 0.13       0.13       0.13      ]"", ""dlayr"": ""[ 5. 10.  5. 10. 10. 10. 10. 20. 20.]""}"
SYA,2022,0,1000,MaskablePPO,2022-05-30,150,40,4.6,25.812,22.3,12.2,0.0,0.0,180.68275451660156,0.0,0.3405533730983734,0.0,0,0,False,0.0,0.0,0.0,0.0,135.0,240.0,,1,0.0,0.0,0.0,0.0,0.0,0.0,0.001,0.0,135.0,240.0,True,30,60,75.0,150.0,240.0,135.0,135.0,mid,,15.0,90.0,True,0.05,50.0,0.0,0.0,0.0,0.0,0.0,0.0,True,90,195.0,45.0,True,135.0,135.0,60.0,False,"{""sat"": ""[0.43000001 0.42500001 0.41999999 0.46999997 0.43000001 0.41999999\n 0.41999999 0.46999997 0.46999997]"", ""dul"": ""[0.37       0.34499997 0.31999999 0.31       0.31999999 0.31\n 0.31       0.34999999 0.34999999]"", ""ll"": ""[0.14       0.14500001 0.15000001 0.16       0.14       0.13\n 0.13       0.13       0.13      ]"", ""dlayr"": ""[ 5. 10.  5. 10. 10. 10. 10. 20. 20.]""}"
SYA,2022,0,1000,MaskablePPO,2022-05-31,151,41,0.0,24.101,24.1,11.6,0.0,0.0,202.8535270690918,0.0,0.37474656105041504,0.0,0,0,False,0.0,0.0,0.0,0.0,135.0,240.0,,1,0.0,0.0,0.0,0.0,0.0,0.0,0.001,0.0,135.0,240.0,True,30,60,75.0,150.0,240.0,135.0,135.0,mid,,15.0,90.0,True,0.05,50.0,0.0,0.0,0.0,0.0,0.0,0.0,True,90,195.0,45.0,True,135.0,135.0,60.0,False,"{""sat"": ""[0.43000001 0.42500001 0.41999999 0.46999997 0.43000001 0.41999999\n 0.41999999 0.46999997 0.46999997]"", ""dul"": ""[0.37       0.34499997 0.31999999 0.31       0.31999999 0.31\n 0.31       0.34999999 0.34999999]"", ""ll"": ""[0.14       0.14500001 0.15000001 0.16       0.14       0.13\n 0.13       0.13       0.13      ]"", ""dlayr"": ""[ 5. 10.  5. 10. 10. 10. 10. 20. 20.]""}"
SYA,2022,0,1000,MaskablePPO,2022-06-01,152,42,0.0,29.695,27.9,14.4,0.0,0.0,230.5875587463379,0.0,0.4164007306098938,0.0,0,0,False,0.0,0.0,0.0,0.0,135.0,240.0,,1,0.0,0.0,0.0,0.0,0.0,0.0,0.001,0.0,135.0,240.0,True,30,60,75.0,150.0,240.0,135.0,135.0,mid,,15.0,90.0,True,0.05,50.0,0.0,0.0,0.0,0.0,0.0,0.0,True,90,195.0,45.0,True,135.0,135.0,60.0,False,"{""sat"": ""[0.43000001 0.42500001 0.41999999 0.46999997 0.43000001 0.41999999\n 0.41999999 0.46999997 0.46999997]"", ""dul"": ""[0.37       0.34499997 0.31999999 0.31       0.31999999 0.31\n 0.31       0.34999999 0.34999999]"", ""ll"": ""[0.14       0.14500001 0.15000001 0.16       0.14       0.13\n 0.13       0.13       0.13      ]"", ""dlayr"": ""[ 5. 10.  5. 10. 10. 10. 10. 20. 20.]""}"
SYA,2022,0,1000,MaskablePPO,2022-06-02,153,43,0.0,23.87,28.9,15.6,0.0,0.0,260.41051864624023,0.0,0.4577636122703552,0.0,0,0,False,0.0,0.0,0.0,0.0,135.0,240.0,,1,0.0,0.0,0.0,0.0,0.0,0.0,0.001,0.0,135.0,240.0,True,30,60,75.0,150.0,240.0,135.0,135.0,mid,,15.0,90.0,True,0.05,50.0,0.0,0.0,0.0,0.0,0.0,0.0,True,90,195.0,45.0,True,135.0,135.0,60.0,False,"{""sat"": ""[0.43000001 0.42500001 0.41999999 0.46999997 0.43000001 0.41999999\n 0.41999999 0.46999997 0.46999997]"", ""dul"": ""[0.37       0.34499997 0.31999999 0.31       0.31999999 0.31\n 0.31       0.34999999 0.34999999]"", ""ll"": ""[0.14       0.14500001 0.15000001 0.16       0.14       0.13\n 0.13       0.13       0.13      ]"", ""dlayr"": ""[ 5. 10.  5. 10. 10. 10. 10. 20. 20.]""}"
SYA,2022,0,1000,MaskablePPO,2022-06-03,154,44,0.0,23.885,26.4,17.1,0.0,0.0,279.4406509399414,0.0,0.48609983921051025,0.0,0,0,False,0.0,0.0,0.0,0.0,135.0,240.0,,1,0.0,0.0,0.0,0.0,0.0,0.0,0.001,0.0,135.0,240.0,True,30,60,75.0,150.0,240.0,135.0,135.0,mid,,15.0,90.0,True,0.05,50.0,0.0,0.0,0.0,0.0,0.0,0.0,True,90,195.0,45.0,True,135.0,135.0,60.0,False,"{""sat"": ""[0.43000001 0.42500001 0.41999999 0.46999997 0.43000001 0.41999999\n 0.41999999 0.46999997 0.46999997]"", ""dul"": ""[0.37       0.34499997 0.31999999 0.31       0.31999999 0.31\n 0.31       0.34999999 0.34999999]"", ""ll"": ""[0.14       0.14500001 0.15000001 0.16       0.14       0.13\n 0.13       0.13       0.13      ]"", ""dlayr"": ""[ 5. 10.  5. 10. 10. 10. 10. 20. 20.]""}"
SYA,2022,0,1000,MaskablePPO,2022-06-04,155,45,9.0,3.453,21.5,17.3,0.0,0.0,310.5114936828613,0.0,0.5312548279762268,0.0,0,0,False,0.0,0.0,0.0,0.0,135.0,240.0,,1,0.0,0.0,0.0,0.0,0.0,0.0,0.001,0.0,135.0,240.0,True,30,60,75.0,150.0,240.0,135.0,135.0,mid,,15.0,90.0,True,0.05,50.0,0.0,0.0,0.0,0.0,0.0,0.0,True,90,195.0,45.0,True,135.0,135.0,60.0,False,"{""sat"": ""[0.43000001 0.42500001 0.41999999 0.46999997 0.43000001 0.41999999\n 0.41999999 0.46999997 0.46999997]"", ""dul"": ""[0.37       0.34499997 0.31999999 0.31       0.31999999 0.31\n 0.31       0.34999999 0.34999999]"", ""ll"": ""[0.14       0.14500001 0.15000001 0.16       0.14       0.13\n 0.13       0.13       0.13      ]"", ""dlayr"": ""[ 5. 10.  5. 10. 10. 10. 10. 20. 20.]""}"
SYA,2022,0,1000,MaskablePPO,2022-06-05,156,46,16.5,15.616,25.3,15.7,0.0,0.0,336.72462463378906,0.0,0.5683910846710205,0.0,0,0,False,0.0,0.0,0.0,0.0,135.0,240.0,,1,0.0,0.0,0.0,0.0,0.0,0.0,0.001,0.0,135.0,240.0,True,30,60,75.0,150.0,240.0,135.0,135.0,mid,,15.0,90.0,True,0.05,50.0,0.0,0.0,0.0,0.0,0.0,0.0,True,90,195.0,45.0,True,135.0,135.0,60.0,False,"{""sat"": ""[0.43000001 0.42500001 0.41999999 0.46999997 0.43000001 0.41999999\n 0.41999999 0.46999997 0.46999997]"", ""dul"": ""[0.37       0.34499997 0.31999999 0.31       0.31999999 0.31\n 0.31       0.34999999 0.34999999]"", ""ll"": ""[0.14       0.14500001 0.15000001 0.16       0.14       0.13\n 0.13       0.13       0.13      ]"", ""dlayr"": ""[ 5. 10.  5. 10. 10. 10. 10. 20. 20.]""}"
SYA,2022,0,1000,MaskablePPO,2022-06-06,157,47,20.8,12.398,21.3,14.8,0.0,0.0,349.8891830444336,0.0,0.586677610874176,0.0,0,0,False,0.0,0.0,0.0,0.0,135.0,240.0,,1,0.0,0.0,0.0,0.0,0.0,0.0,0.001,0.0,135.0,240.0,True,30,60,75.0,150.0,240.0,135.0,135.0,mid,,15.0,90.0,True,0.05,50.0,0.0,0.0,0.0,0.0,0.0,0.0,True,90,195.0,45.0,True,135.0,135.0,60.0,False,"{""sat"": ""[0.43000001 0.42500001 0.41999999 0.46999997 0.43000001 0.41999999\n 0.41999999 0.46999997 0.46999997]"", ""dul"": ""[0.37       0.34499997 0.31999999 0.31       0.31999999 0.31\n 0.31       0.34999999 0.34999999]"", ""ll"": ""[0.14       0.14500001 0.15000001 0.16       0.14       0.13\n 0.13       0.13       0.13      ]"", ""dlayr"": ""[ 5. 10.  5. 10. 10. 10. 10. 20. 20.]""}"
SYA,2022,0,1000,MaskablePPO,2022-06-07,158,48,5.4,16.092,20.9,13.8,0.0,0.0,360.6804656982422,0.0,0.601421058177948,0.0,0,0,False,0.0,0.0,0.0,0.0,135.0,240.0,,1,0.0,0.0,0.0,0.0,0.0,0.0,0.001,0.0,135.0,240.0,True,30,60,75.0,150.0,240.0,135.0,135.0,mid,,15.0,90.0,True,0.05,50.0,0.0,0.0,0.0,0.0,0.0,0.0,True,90,195.0,45.0,True,135.0,135.0,60.0,False,"{""sat"": ""[0.43000001 0.42500001 0.41999999 0.46999997 0.43000001 0.41999999\n 0.41999999 0.46999997 0.46999997]"", ""dul"": ""[0.37       0.34499997 0.31999999 0.31       0.31999999 0.31\n 0.31       0.34999999 0.34999999]"", ""ll"": ""[0.14       0.14500001 0.15000001 0.16       0.14       0.13\n 0.13       0.13       0.13      ]"", ""dlayr"": ""[ 5. 10.  5. 10. 10. 10. 10. 20. 20.]""}"
SYA,2022,0,1000,MaskablePPO,2022-06-08,159,49,4.2,19.341,24.1,12.9,0.0,0.0,377.4201965332031,0.0,0.6238512396812439,0.0,0,0,False,0.0,0.0,0.0,0.0,135.0,240.0,,1,0.0,0.0,0.0,0.0,0.0,0.0,0.001,0.0,135.0,240.0,True,30,60,75.0,150.0,240.0,135.0,135.0,mid,,15.0,90.0,True,0.05,50.0,0.0,0.0,0.0,0.0,0.0,0.0,True,90,195.0,45.0,True,135.0,135.0,60.0,False,"{""sat"": ""[0.43000001 0.42500001 0.41999999 0.46999997 0.43000001 0.41999999\n 0.41999999 0.46999997 0.46999997]"", ""dul"": ""[0.37       0.34499997 0.31999999 0.31       0.31999999 0.31\n 0.31       0.34999999 0.34999999]"", ""ll"": ""[0.14       0.14500001 0.15000001 0.16       0.14       0.13\n 0.13       0.13       0.13      ]"", ""dlayr"": ""[ 5. 10.  5. 10. 10. 10. 10. 20. 20.]""}"
SYA,2022,0,1000,MaskablePPO,2022-06-09,160,50,0.0,24.127,24.1,14.6,0.0,0.0,400.4885482788086,0.0,0.653975784778595,0.0,0,0,False,0.0,0.0,0.0,0.0,135.0,240.0,,1,0.0,0.0,0.0,0.0,0.0,0.0,0.001,0.0,135.0,240.0,True,30,60,75.0,150.0,240.0,135.0,135.0,mid,,15.0,90.0,True,0.05,50.0,0.0,0.0,0.0,0.0,0.0,0.0,True,90,195.0,45.0,True,135.0,135.0,60.0,False,"{""sat"": ""[0.43000001 0.42500001 0.41999999 0.46999997 0.43000001 0.41999999\n 0.41999999 0.46999997 0.46999997]"", ""dul"": ""[0.37       0.34499997 0.31999999 0.31       0.31999999 0.31\n 0.31       0.34999999 0.34999999]"", ""ll"": ""[0.14       0.14500001 0.15000001 0.16       0.14       0.13\n 0.13       0.13       0.13      ]"", ""dlayr"": ""[ 5. 10.  5. 10. 10. 10. 10. 20. 20.]""}"
SYA,2022,0,1000,MaskablePPO,2022-06-10,161,51,7.0,15.121,24.6,17.1,0.0,0.0,421.8106460571289,0.0,0.681014895439148,0.0,0,0,False,0.0,0.0,0.0,0.0,135.0,240.0,,1,0.0,0.0,0.0,0.0,0.0,0.0,0.001,0.0,135.0,240.0,True,30,60,75.0,150.0,240.0,135.0,135.0,mid,,15.0,90.0,True,0.05,50.0,0.0,0.0,0.0,0.0,0.0,0.0,True,90,195.0,45.0,True,135.0,135.0,60.0,False,"{""sat"": ""[0.43000001 0.42500001 0.41999999 0.46999997 0.43000001 0.41999999\n 0.41999999 0.46999997 0.46999997]"", ""dul"": ""[0.37       0.34499997 0.31999999 0.31       0.31999999 0.31\n 0.31       0.34999999 0.34999999]"", ""ll"": ""[0.14       0.14500001 0.15000001 0.16       0.14       0.13\n 0.13       0.13       0.13      ]"", ""dlayr"": ""[ 5. 10.  5. 10. 10. 10. 10. 20. 20.]""}"
SYA,2022,0,1000,MaskablePPO,2022-06-11,162,52,16.7,17.189,25.8,17.3,0.0,0.0,447.9545211791992,0.0,0.7131779193878174,0.0,0,0,False,0.0,0.0,0.0,0.0,135.0,240.0,,1,0.0,0.0,0.0,0.0,0.0,0.0,0.001,0.0,135.0,240.0,True,30,60,75.0,150.0,240.0,135.0,135.0,mid,,15.0,90.0,True,0.05,50.0,0.0,0.0,0.0,0.0,0.0,0.0,True,90,195.0,45.0,True,135.0,135.0,60.0,False,"{""sat"": ""[0.43000001 0.42500001 0.41999999 0.46999997 0.43000001 0.41999999\n 0.41999999 0.46999997 0.46999997]"", ""dul"": ""[0.37       0.34499997 0.31999999 0.31       0.31999999 0.31\n 0.31       0.34999999 0.34999999]"", ""ll"": ""[0.14       0.14500001 0.15000001 0.16       0.14       0.13\n 0.13       0.13       0.13      ]"", ""dlayr"": ""[ 5. 10.  5. 10. 10. 10. 10. 20. 20.]""}"
SYA,2022,0,1000,MaskablePPO,2022-06-12,163,53,0.0,8.606,24.2,17.8,0.0,0.0,483.20404052734375,0.0,0.7550910711288452,0.0,0,0,False,0.0,0.0,0.0,0.0,135.0,240.0,,1,0.0,0.0,0.0,0.0,0.0,0.0,0.001,0.0,135.0,240.0,True,30,60,75.0,150.0,240.0,135.0,135.0,mid,,15.0,90.0,True,0.05,50.0,0.0,0.0,0.0,0.0,0.0,0.0,True,90,195.0,45.0,True,135.0,135.0,60.0,False,"{""sat"": ""[0.43000001 0.42500001 0.41999999 0.46999997 0.43000001 0.41999999\n 0.41999999 0.46999997 0.46999997]"", ""dul"": ""[0.37       0.34499997 0.31999999 0.31       0.31999999 0.31\n 0.31       0.34999999 0.34999999]"", ""ll"": ""[0.14       0.14500001 0.15000001 0.16       0.14       0.13\n 0.13       0.13       0.13      ]"", ""dlayr"": ""[ 5. 10.  5. 10. 10. 10. 10. 20. 20.]""}"
SYA,2022,0,1000,MaskablePPO,2022-06-13,164,54,0.0,13.321,24.4,17.5,0.0,0.0,527.5223922729492,0.0,0.8058793544769287,0.0,0,0,False,0.0,0.0,0.0,0.0,135.0,240.0,,1,0.0,0.0,0.0,0.0,0.0,0.0,0.001,0.0,135.0,240.0,True,30,60,75.0,150.0,240.0,135.0,135.0,mid,,15.0,90.0,True,0.05,50.0,0.0,0.0,0.0,0.0,0.0,0.0,True,90,195.0,45.0,True,135.0,135.0,60.0,False,"{""sat"": ""[0.43000001 0.42500001 0.41999999 0.46999997 0.43000001 0.41999999\n 0.41999999 0.46999997 0.46999997]"", ""dul"": ""[0.37       0.34499997 0.31999999 0.31       0.31999999 0.31\n 0.31       0.34999999 0.34999999]"", ""ll"": ""[0.14       0.14500001 0.15000001 0.16       0.14       0.13\n 0.13       0.13       0.13      ]"", ""dlayr"": ""[ 5. 10.  5. 10. 10. 10. 10. 20. 20.]""}"
SYA,2022,0,1000,MaskablePPO,2022-06-14,165,55,0.0,13.127,23.7,16.9,0.0,0.0,580.6613159179688,0.0,0.8643203973770142,0.0,0,0,False,0.0,0.0,0.0,0.0,135.0,240.0,,1,0.0,0.0,0.0,0.0,0.0,0.0,0.001,0.0,135.0,240.0,True,30,60,75.0,150.0,240.0,135.0,135.0,mid,,15.0,90.0,True,0.05,50.0,0.0,0.0,0.0,0.0,0.0,0.0,True,90,195.0,45.0,True,135.0,135.0,60.0,False,"{""sat"": ""[0.43000001 0.42500001 0.41999999 0.46999997 0.43000001 0.41999999\n 0.41999999 0.46999997 0.46999997]"", ""dul"": ""[0.37       0.34499997 0.31999999 0.31       0.31999999 0.31\n 0.31       0.34999999 0.34999999]"", ""ll"": ""[0.14       0.14500001 0.15000001 0.16       0.14       0.13\n 0.13       0.13       0.13      ]"", ""dlayr"": ""[ 5. 10.  5. 10. 10. 10. 10. 20. 20.]""}"
SYA,2022,0,1000,MaskablePPO,2022-06-15,166,56,0.0,15.108,24.6,17.3,0.0,0.0,642.2600555419922,0.0,0.9291348457336426,0.0,0,0,False,0.0,0.0,0.0,0.0,135.0,240.0,,1,0.0,0.0,0.0,0.0,0.0,0.0,0.001,0.0,135.0,240.0,True,30,60,75.0,150.0,240.0,135.0,135.0,mid,,15.0,90.0,True,0.05,50.0,0.0,0.0,0.0,0.0,0.0,0.0,True,90,195.0,45.0,True,135.0,135.0,60.0,False,"{""sat"": ""[0.43000001 0.42500001 0.41999999 0.46999997 0.43000001 0.41999999\n 0.41999999 0.46999997 0.46999997]"", ""dul"": ""[0.37       0.34499997 0.31999999 0.31       0.31999999 0.31\n 0.31       0.34999999 0.34999999]"", ""ll"": ""[0.14       0.14500001 0.15000001 0.16       0.14       0.13\n 0.13       0.13       0.13      ]"", ""dlayr"": ""[ 5. 10.  5. 10. 10. 10. 10. 20. 20.]""}"
SYA,2022,0,1000,MaskablePPO,2022-06-16,167,57,0.0,27.716,26.5,16.1,0.0,0.0,725.606689453125,0.0,1.0122300386428833,0.0,0,0,False,0.0,0.0,0.0,0.0,135.0,240.0,,1,0.0,0.0,0.0,0.0,0.0,0.0,0.001,0.0,135.0,240.0,True,30,60,75.0,150.0,240.0,135.0,135.0,mid,,15.0,90.0,True,0.05,50.0,0.0,0.0,0.0,0.0,0.0,0.0,True,90,195.0,45.0,True,135.0,135.0,60.0,False,"{""sat"": ""[0.43000001 0.42500001 0.41999999 0.46999997 0.43000001 0.41999999\n 0.41999999 0.46999997 0.46999997]"", ""dul"": ""[0.37       0.34499997 0.31999999 0.31       0.31999999 0.31\n 0.31       0.34999999 0.34999999]"", ""ll"": ""[0.14       0.14500001 0.15000001 0.16       0.14       0.13\n 0.13       0.13       0.13      ]"", ""dlayr"": ""[ 5. 10.  5. 10. 10. 10. 10. 20. 20.]""}"
SYA,2022,0,1000,MaskablePPO,2022-06-17,168,58,0.0,26.524,29.7,18.8,0.0,0.0,807.3755645751953,0.0,1.089534878730774,0.0,0,0,False,0.0,0.0,0.0,0.0,135.0,240.0,,1,0.0,0.0,0.0,0.0,0.0,0.0,0.001,0.0,135.0,240.0,True,30,60,75.0,150.0,240.0,135.0,135.0,mid,,15.0,90.0,True,0.05,50.0,0.0,0.0,0.0,0.0,0.0,0.0,True,90,195.0,45.0,True,135.0,135.0,60.0,False,"{""sat"": ""[0.43000001 0.42500001 0.41999999 0.46999997 0.43000001 0.41999999\n 0.41999999 0.46999997 0.46999997]"", ""dul"": ""[0.37       0.34499997 0.31999999 0.31       0.31999999 0.31\n 0.31       0.34999999 0.34999999]"", ""ll"": ""[0.14       0.14500001 0.15000001 0.16       0.14       0.13\n 0.13       0.13       0.13      ]"", ""dlayr"": ""[ 5. 10.  5. 10. 10. 10. 10. 20. 20.]""}"
SYA,2022,0,1000,MaskablePPO,2022-06-18,169,59,2.7,10.443,26.3,19.7,0.0,0.0,901.2779235839844,0.0,1.1734856367111206,0.0,0,0,False,0.0,0.0,0.0,0.0,135.0,240.0,,1,0.0,0.0,0.0,0.0,0.0,0.0,0.001,0.0,135.0,240.0,True,30,60,75.0,150.0,240.0,135.0,135.0,mid,,15.0,90.0,True,0.05,50.0,0.0,0.0,0.0,0.0,0.0,0.0,True,90,195.0,45.0,True,135.0,135.0,60.0,False,"{""sat"": ""[0.43000001 0.42500001 0.41999999 0.46999997 0.43000001 0.41999999\n 0.41999999 0.46999997 0.46999997]"", ""dul"": ""[0.37       0.34499997 0.31999999 0.31       0.31999999 0.31\n 0.31       0.34999999 0.34999999]"", ""ll"": ""[0.14       0.14500001 0.15000001 0.16       0.14       0.13\n 0.13       0.13       0.13      ]"", ""dlayr"": ""[ 5. 10.  5. 10. 10. 10. 10. 20. 20.]""}"
SYA,2022,0,1000,MaskablePPO,2022-06-19,170,60,0.0,20.91,29.8,18.6,0.0,0.0,1007.4431610107422,0.0,1.262887716293335,0.0,0,0,False,0.0,0.0,0.0,0.0,135.0,240.0,,2,0.0,0.0,0.0,0.0,0.0,0.0,0.001,0.0,135.0,240.0,True,30,60,75.0,150.0,240.0,135.0,135.0,mid,,15.0,90.0,True,0.05,50.0,0.0,0.0,0.0,0.0,0.0,0.0,True,90,195.0,45.0,True,135.0,135.0,60.0,False,"{""sat"": ""[0.43000001 0.42500001 0.41999999 0.46999997 0.43000001 0.41999999\n 0.41999999 0.46999997 0.46999997]"", ""dul"": ""[0.37       0.34499997 0.31999999 0.31       0.31999999 0.31\n 0.31       0.34999999 0.34999999]"", ""ll"": ""[0.14       0.14500001 0.15000001 0.16       0.14       0.13\n 0.13       0.13       0.13      ]"", ""dlayr"": ""[ 5. 10.  5. 10. 10. 10. 10. 20. 20.]""}"
SYA,2022,0,1000,MaskablePPO,2022-06-20,171,61,0.0,28.487,31.6,18.9,0.0,0.0,1053.6148834228516,0.0,1.2996939420700073,-0.04950000000000001,2,2,False,45.0,0.0,45.0,0.0,180.0,240.0,,1,0.0,49.50000000000001,0.0,0.0,0.0,-49.50000000000001,0.001,-0.04950000000000001,135.0,240.0,True,30,60,75.0,150.0,240.0,135.0,180.0,late,,,,True,0.05,50.0,0.0,0.0,0.0,0.0,-0.04950000000000001,-0.04950000000000001,True,90,195.0,45.0,True,135.0,180.0,60.0,False,"{""sat"": ""[0.43000001 0.42500001 0.41999999 0.46999997 0.43000001 0.41999999\n 0.41999999 0.46999997 0.46999997]"", ""dul"": ""[0.37       0.34499997 0.31999999 0.31       0.31999999 0.31\n 0.31       0.34999999 0.34999999]"", ""ll"": ""[0.14       0.14500001 0.15000001 0.16       0.14       0.13\n 0.13       0.13       0.13      ]"", ""dlayr"": ""[ 5. 10.  5. 10. 10. 10. 10. 20. 20.]""}"
SYA,2022,0,1000,MaskablePPO,2022-06-21,172,62,0.0,4.018,26.0,23.0,0.0,0.0,1108.8563537597656,0.0,1.341690182685852,0.0,0,0,False,0.0,0.0,0.0,0.0,180.0,240.0,,1,0.0,0.0,0.0,0.0,0.0,0.0,0.001,0.0,180.0,240.0,True,30,60,75.0,150.0,240.0,180.0,180.0,late,,,,True,0.05,50.0,0.0,0.0,0.0,0.0,0.0,0.0,True,90,195.0,45.0,True,180.0,180.0,15.0,False,"{""sat"": ""[0.43000001 0.42500001 0.41999999 0.46999997 0.43000001 0.41999999\n 0.41999999 0.46999997 0.46999997]"", ""dul"": ""[0.37       0.34499997 0.31999999 0.31       0.31999999 0.31\n 0.31       0.34999999 0.34999999]"", ""ll"": ""[0.14       0.14500001 0.15000001 0.16       0.14       0.13\n 0.13       0.13       0.13      ]"", ""dlayr"": ""[ 5. 10.  5. 10. 10. 10. 10. 20. 20.]""}"
SYA,2022,0,1000,MaskablePPO,2022-06-22,173,63,8.6,4.741,26.6,20.9,0.0,0.0,1160.5360412597656,0.0,1.3791309595108032,0.0,0,0,False,0.0,0.0,0.0,0.0,180.0,240.0,,1,0.0,0.0,0.0,0.0,0.0,0.0,0.001,0.0,180.0,240.0,True,30,60,75.0,150.0,240.0,180.0,180.0,late,,,,True,0.05,50.0,0.0,0.0,0.0,0.0,0.0,0.0,True,90,195.0,45.0,True,180.0,180.0,15.0,False,"{""sat"": ""[0.43000001 0.42500001 0.41999999 0.46999997 0.43000001 0.41999999\n 0.41999999 0.46999997 0.46999997]"", ""dul"": ""[0.37       0.34499997 0.31999999 0.31       0.31999999 0.31\n 0.31       0.34999999 0.34999999]"", ""ll"": ""[0.14       0.14500001 0.15000001 0.16       0.14       0.13\n 0.13       0.13       0.13      ]"", ""dlayr"": ""[ 5. 10.  5. 10. 10. 10. 10. 20. 20.]""}"
SYA,2022,0,1000,MaskablePPO,2022-06-23,174,64,6.0,13.38,27.4,19.8,0.0,0.0,1200.95458984375,0.0,1.4070818424224854,0.0,0,0,False,0.0,0.0,0.0,0.0,180.0,240.0,,1,0.0,0.0,0.0,0.0,0.0,0.0,0.001,0.0,180.0,240.0,True,30,60,75.0,150.0,240.0,180.0,180.0,late,,,,True,0.05,50.0,0.0,0.0,0.0,0.0,0.0,0.0,True,90,195.0,45.0,True,180.0,180.0,15.0,False,"{""sat"": ""[0.43000001 0.42500001 0.41999999 0.46999997 0.43000001 0.41999999\n 0.41999999 0.46999997 0.46999997]"", ""dul"": ""[0.37       0.34499997 0.31999999 0.31       0.31999999 0.31\n 0.31       0.34999999 0.34999999]"", ""ll"": ""[0.14       0.14500001 0.15000001 0.16       0.14       0.13\n 0.13       0.13       0.13      ]"", ""dlayr"": ""[ 5. 10.  5. 10. 10. 10. 10. 20. 20.]""}"
SYA,2022,0,1000,MaskablePPO,2022-06-24,175,65,8.2,19.349,26.3,19.8,0.0,0.0,1261.7975616455078,0.0,1.4472496509552002,0.0,0,0,False,0.0,0.0,0.0,0.0,180.0,240.0,,1,0.0,0.0,0.0,0.0,0.0,0.0,0.001,0.0,180.0,240.0,True,30,60,75.0,150.0,240.0,180.0,180.0,late,,,,True,0.05,50.0,0.0,0.0,0.0,0.0,0.0,0.0,True,90,195.0,45.0,True,180.0,180.0,15.0,False,"{""sat"": ""[0.43000001 0.42500001 0.41999999 0.46999997 0.43000001 0.41999999\n 0.41999999 0.46999997 0.46999997]"", ""dul"": ""[0.37       0.34499997 0.31999999 0.31       0.31999999 0.31\n 0.31       0.34999999 0.34999999]"", ""ll"": ""[0.14       0.14500001 0.15000001 0.16       0.14       0.13\n 0.13       0.13       0.13      ]"", ""dlayr"": ""[ 5. 10.  5. 10. 10. 10. 10. 20. 20.]""}"
SYA,2022,0,1000,MaskablePPO,2022-06-25,176,66,0.0,15.268,29.8,17.4,0.0,0.0,1334.7439575195312,0.0,1.4930059909820557,0.0,0,0,False,0.0,0.0,0.0,0.0,180.0,240.0,,1,0.0,0.0,0.0,0.0,0.0,0.0,0.001,0.0,180.0,240.0,True,30,60,75.0,150.0,240.0,180.0,180.0,late,,,,True,0.05,50.0,0.0,0.0,0.0,0.0,0.0,0.0,True,90,195.0,45.0,True,180.0,180.0,15.0,False,"{""sat"": ""[0.43000001 0.42500001 0.41999999 0.46999997 0.43000001 0.41999999\n 0.41999999 0.46999997 0.46999997]"", ""dul"": ""[0.37       0.34499997 0.31999999 0.31       0.31999999 0.31\n 0.31       0.34999999 0.34999999]"", ""ll"": ""[0.14       0.14500001 0.15000001 0.16       0.14       0.13\n 0.13       0.13       0.13      ]"", ""dlayr"": ""[ 5. 10.  5. 10. 10. 10. 10. 20. 20.]""}"
SYA,2022,0,1000,MaskablePPO,2022-06-26,177,67,6.2,27.967,31.0,17.9,0.0,0.0,1388.5357666015625,0.0,1.5250334739685059,0.0,0,0,False,0.0,0.0,0.0,0.0,180.0,240.0,,1,0.0,0.0,0.0,0.0,0.0,0.0,0.001,0.0,180.0,240.0,True,30,60,75.0,150.0,240.0,180.0,180.0,late,,,,True,0.05,50.0,0.0,0.0,0.0,0.0,0.0,0.0,True,90,195.0,45.0,True,180.0,180.0,15.0,False,"{""sat"": ""[0.43000001 0.42500001 0.41999999 0.46999997 0.43000001 0.41999999\n 0.41999999 0.46999997 0.46999997]"", ""dul"": ""[0.37       0.34499997 0.31999999 0.31       0.31999999 0.31\n 0.31       0.34999999 0.34999999]"", ""ll"": ""[0.14       0.14500001 0.15000001 0.16       0.14       0.13\n 0.13       0.13       0.13      ]"", ""dlayr"": ""[ 5. 10.  5. 10. 10. 10. 10. 20. 20.]""}"
SYA,2022,0,1000,MaskablePPO,2022-06-27,178,68,28.0,5.043,26.8,22.1,0.0,0.0,1443.2228088378906,0.0,1.5560474395751953,0.0,0,0,False,0.0,0.0,0.0,0.0,180.0,240.0,,1,0.0,0.0,0.0,0.0,0.0,0.0,0.001,0.0,180.0,240.0,True,30,60,75.0,150.0,240.0,180.0,180.0,late,,,,True,0.05,50.0,0.0,0.0,0.0,0.0,0.0,0.0,True,90,195.0,45.0,True,180.0,180.0,15.0,False,"{""sat"": ""[0.43000001 0.42500001 0.41999999 0.46999997 0.43000001 0.41999999\n 0.41999999 0.46999997 0.46999997]"", ""dul"": ""[0.37       0.34499997 0.31999999 0.31       0.31999999 0.31\n 0.31       0.34999999 0.34999999]"", ""ll"": ""[0.14       0.14500001 0.15000001 0.16       0.14       0.13\n 0.13       0.13       0.13      ]"", ""dlayr"": ""[ 5. 10.  5. 10. 10. 10. 10. 20. 20.]""}"
SYA,2022,0,1000,MaskablePPO,2022-06-28,179,69,3.6,11.515,25.9,22.1,0.0,0.0,1513.1379699707031,0.0,1.5937813520431519,0.0,0,0,False,0.0,0.0,0.0,0.0,180.0,240.0,,1,0.0,0.0,0.0,0.0,0.0,0.0,0.001,0.0,180.0,240.0,True,30,60,75.0,150.0,240.0,180.0,180.0,late,,,,True,0.05,50.0,0.0,0.0,0.0,0.0,0.0,0.0,True,90,195.0,45.0,True,180.0,180.0,15.0,False,"{""sat"": ""[0.43000001 0.42500001 0.41999999 0.46999997 0.43000001 0.41999999\n 0.41999999 0.46999997 0.46999997]"", ""dul"": ""[0.37       0.34499997 0.31999999 0.31       0.31999999 0.31\n 0.31       0.34999999 0.34999999]"", ""ll"": ""[0.14       0.14500001 0.15000001 0.16       0.14       0.13\n 0.13       0.13       0.13      ]"", ""dlayr"": ""[ 5. 10.  5. 10. 10. 10. 10. 20. 20.]""}"
SYA,2022,0,1000,MaskablePPO,2022-06-29,180,70,0.0,14.646,27.3,21.8,0.0,0.0,1719.2189025878906,0.0,1.720747470855713,0.0,0,0,False,0.0,0.0,0.0,0.0,180.0,240.0,,1,0.0,0.0,0.0,0.0,0.0,0.0,0.001,0.0,180.0,240.0,True,30,60,75.0,150.0,240.0,180.0,180.0,late,,,,True,0.05,50.0,0.0,0.0,0.0,0.0,0.0,0.0,True,90,195.0,45.0,True,180.0,180.0,15.0,False,"{""sat"": ""[0.43000001 0.42500001 0.41999999 0.46999997 0.43000001 0.41999999\n 0.41999999 0.46999997 0.46999997]"", ""dul"": ""[0.37       0.34499997 0.31999999 0.31       0.31999999 0.31\n 0.31       0.34999999 0.34999999]"", ""ll"": ""[0.14       0.14500001 0.15000001 0.16       0.14       0.13\n 0.13       0.13       0.13      ]"", ""dlayr"": ""[ 5. 10.  5. 10. 10. 10. 10. 20. 20.]""}"
SYA,2022,0,1000,MaskablePPO,2022-06-30,181,71,0.0,18.218,30.4,22.5,0.0,0.0,1816.9187927246094,0.0,1.7679731845855713,0.0,0,0,False,0.0,0.0,0.0,0.0,180.0,240.0,,1,0.0,0.0,0.0,0.0,0.0,0.0,0.001,0.0,180.0,240.0,True,30,60,75.0,150.0,240.0,180.0,180.0,late,,,,True,0.05,50.0,0.0,0.0,0.0,0.0,0.0,0.0,True,90,195.0,45.0,True,180.0,180.0,15.0,False,"{""sat"": ""[0.43000001 0.42500001 0.41999999 0.46999997 0.43000001 0.41999999\n 0.41999999 0.46999997 0.46999997]"", ""dul"": ""[0.37       0.34499997 0.31999999 0.31       0.31999999 0.31\n 0.31       0.34999999 0.34999999]"", ""ll"": ""[0.14       0.14500001 0.15000001 0.16       0.14       0.13\n 0.13       0.13       0.13      ]"", ""dlayr"": ""[ 5. 10.  5. 10. 10. 10. 10. 20. 20.]""}"
SYA,2022,0,1000,MaskablePPO,2022-07-01,182,72,35.5,7.352,26.3,22.3,0.0,0.0,1887.8742980957031,0.0,1.7977534532546997,0.0,0,0,False,0.0,0.0,0.0,0.0,180.0,240.0,,1,0.0,0.0,0.0,0.0,0.0,0.0,0.001,0.0,180.0,240.0,True,30,60,75.0,150.0,240.0,180.0,180.0,late,,,,True,0.05,50.0,0.0,0.0,0.0,0.0,0.0,0.0,True,90,195.0,45.0,True,180.0,180.0,15.0,False,"{""sat"": ""[0.43000001 0.42500001 0.41999999 0.46999997 0.43000001 0.41999999\n 0.41999999 0.46999997 0.46999997]"", ""dul"": ""[0.37       0.34499997 0.31999999 0.31       0.31999999 0.31\n 0.31       0.34999999 0.34999999]"", ""ll"": ""[0.14       0.14500001 0.15000001 0.16       0.14       0.13\n 0.13       0.13       0.13      ]"", ""dlayr"": ""[ 5. 10.  5. 10. 10. 10. 10. 20. 20.]""}"
SYA,2022,0,1000,MaskablePPO,2022-07-02,183,73,53.5,5.072,26.4,21.5,0.0,0.0,1978.6346435546875,0.0,1.8319569826126099,0.0,0,0,False,0.0,0.0,0.0,0.0,180.0,240.0,,1,0.0,0.0,0.0,0.0,0.0,0.0,0.001,0.0,180.0,240.0,True,30,60,75.0,150.0,240.0,180.0,180.0,late,,,,True,0.05,50.0,0.0,0.0,0.0,0.0,0.0,0.0,True,90,195.0,45.0,True,180.0,180.0,15.0,False,"{""sat"": ""[0.43000001 0.42500001 0.41999999 0.46999997 0.43000001 0.41999999\n 0.41999999 0.46999997 0.46999997]"", ""dul"": ""[0.37       0.34499997 0.31999999 0.31       0.31999999 0.31\n 0.31       0.34999999 0.34999999]"", ""ll"": ""[0.14       0.14500001 0.15000001 0.16       0.14       0.13\n 0.13       0.13       0.13      ]"", ""dlayr"": ""[ 5. 10.  5. 10. 10. 10. 10. 20. 20.]""}"
SYA,2022,0,1000,MaskablePPO,2022-07-03,184,74,0.0,15.918,29.2,21.0,0.0,0.0,2098.175048828125,0.0,1.873294472694397,0.0,0,0,False,0.0,0.0,0.0,0.0,180.0,240.0,,1,0.0,0.0,0.0,0.0,0.0,0.0,0.001,0.0,180.0,240.0,True,30,60,75.0,150.0,240.0,180.0,180.0,late,,,,True,0.05,50.0,0.0,0.0,0.0,0.0,0.0,0.0,True,90,195.0,45.0,True,180.0,180.0,15.0,False,"{""sat"": ""[0.43000001 0.42500001 0.41999999 0.46999997 0.43000001 0.41999999\n 0.41999999 0.46999997 0.46999997]"", ""dul"": ""[0.37       0.34499997 0.31999999 0.31       0.31999999 0.31\n 0.31       0.34999999 0.34999999]"", ""ll"": ""[0.14       0.14500001 0.15000001 0.16       0.14       0.13\n 0.13       0.13       0.13      ]"", ""dlayr"": ""[ 5. 10.  5. 10. 10. 10. 10. 20. 20.]""}"
SYA,2022,0,1000,MaskablePPO,2022-07-04,185,75,0.0,15.772,29.6,21.2,0.0,0.0,2226.573028564453,0.0,1.9145199060440063,0.0,0,0,False,0.0,0.0,0.0,0.0,180.0,240.0,,1,0.0,0.0,0.0,0.0,0.0,0.0,0.001,0.0,180.0,240.0,True,30,60,75.0,150.0,240.0,180.0,180.0,late,,,,True,0.05,50.0,0.0,0.0,0.0,0.0,0.0,0.0,True,90,195.0,45.0,True,180.0,180.0,15.0,False,"{""sat"": ""[0.43000001 0.42500001 0.41999999 0.46999997 0.43000001 0.41999999\n 0.41999999 0.46999997 0.46999997]"", ""dul"": ""[0.37       0.34499997 0.31999999 0.31       0.31999999 0.31\n 0.31       0.34999999 0.34999999]"", ""ll"": ""[0.14       0.14500001 0.15000001 0.16       0.14       0.13\n 0.13       0.13       0.13      ]"", ""dlayr"": ""[ 5. 10.  5. 10. 10. 10. 10. 20. 20.]""}"
SYA,2022,0,1000,MaskablePPO,2022-07-05,186,76,5.5,17.486,30.9,21.2,0.0,0.0,2362.670135498047,0.0,1.955578088760376,0.0,0,0,False,0.0,0.0,0.0,0.0,180.0,240.0,,1,0.0,0.0,0.0,0.0,0.0,0.0,0.001,0.0,180.0,240.0,True,30,60,75.0,150.0,240.0,180.0,180.0,late,,,,True,0.05,50.0,0.0,0.0,0.0,0.0,0.0,0.0,True,90,195.0,45.0,True,180.0,180.0,15.0,False,"{""sat"": ""[0.43000001 0.42500001 0.41999999 0.46999997 0.43000001 0.41999999\n 0.41999999 0.46999997 0.46999997]"", ""dul"": ""[0.37       0.34499997 0.31999999 0.31       0.31999999 0.31\n 0.31       0.34999999 0.34999999]"", ""ll"": ""[0.14       0.14500001 0.15000001 0.16       0.14       0.13\n 0.13       0.13       0.13      ]"", ""dlayr"": ""[ 5. 10.  5. 10. 10. 10. 10. 20. 20.]""}"
SYA,2022,0,1000,MaskablePPO,2022-07-06,187,77,0.0,9.377,28.4,23.2,0.0,0.0,2437.537078857422,0.0,1.9770022630691528,0.0,0,0,False,0.0,0.0,0.0,0.0,180.0,240.0,,1,0.0,0.0,0.0,0.0,0.0,0.0,0.001,0.0,180.0,240.0,True,30,60,75.0,150.0,240.0,180.0,180.0,late,,,,True,0.05,50.0,0.0,0.0,0.0,0.0,0.0,0.0,True,90,195.0,45.0,True,180.0,180.0,15.0,False,"{""sat"": ""[0.43000001 0.42500001 0.41999999 0.46999997 0.43000001 0.41999999\n 0.41999999 0.46999997 0.46999997]"", ""dul"": ""[0.37       0.34499997 0.31999999 0.31       0.31999999 0.31\n 0.31       0.34999999 0.34999999]"", ""ll"": ""[0.14       0.14500001 0.15000001 0.16       0.14       0.13\n 0.13       0.13       0.13      ]"", ""dlayr"": ""[ 5. 10.  5. 10. 10. 10. 10. 20. 20.]""}"
SYA,2022,0,1000,MaskablePPO,2022-07-07,188,78,87.5,14.007,27.4,20.0,0.0,0.0,2544.9781799316406,0.0,2.0064268112182617,0.0,0,0,False,0.0,0.0,0.0,0.0,180.0,240.0,,1,0.0,0.0,0.0,0.0,0.0,0.0,0.001,0.0,180.0,240.0,True,30,60,75.0,150.0,240.0,180.0,180.0,late,,,,True,0.05,50.0,0.0,0.0,0.0,0.0,0.0,0.0,True,90,195.0,45.0,True,180.0,180.0,15.0,False,"{""sat"": ""[0.43000001 0.42500001 0.41999999 0.46999997 0.43000001 0.41999999\n 0.41999999 0.46999997 0.46999997]"", ""dul"": ""[0.37       0.34499997 0.31999999 0.31       0.31999999 0.31\n 0.31       0.34999999 0.34999999]"", ""ll"": ""[0.14       0.14500001 0.15000001 0.16       0.14       0.13\n 0.13       0.13       0.13      ]"", ""dlayr"": ""[ 5. 10.  5. 10. 10. 10. 10. 20. 20.]""}"
SYA,2022,0,1000,MaskablePPO,2022-07-08,189,79,0.0,25.523,31.0,19.2,0.0,0.0,2686.4910888671875,0.0,2.0434186458587646,0.0,0,0,False,0.0,0.0,0.0,0.0,180.0,240.0,,1,0.0,0.0,0.0,0.0,0.0,0.0,0.001,0.0,180.0,240.0,True,30,60,75.0,150.0,240.0,180.0,180.0,late,,,,True,0.05,50.0,0.0,0.0,0.0,0.0,0.0,0.0,True,90,195.0,45.0,True,180.0,180.0,15.0,False,"{""sat"": ""[0.43000001 0.42500001 0.41999999 0.46999997 0.43000001 0.41999999\n 0.41999999 0.46999997 0.46999997]"", ""dul"": ""[0.37       0.34499997 0.31999999 0.31       0.31999999 0.31\n 0.31       0.34999999 0.34999999]"", ""ll"": ""[0.14       0.14500001 0.15000001 0.16       0.14       0.13\n 0.13       0.13       0.13      ]"", ""dlayr"": ""[ 5. 10.  5. 10. 10. 10. 10. 20. 20.]""}"
SYA,2022,0,1000,MaskablePPO,2022-07-09,190,80,0.0,24.269,32.2,22.9,0.0,0.0,2839.3896484375,0.0,2.081879138946533,0.0,0,0,False,0.0,0.0,0.0,0.0,180.0,240.0,,1,0.0,0.0,0.0,0.0,0.0,0.0,0.001,0.0,180.0,240.0,True,30,60,75.0,150.0,240.0,180.0,180.0,late,,,,True,0.05,50.0,0.0,0.0,0.0,0.0,0.0,0.0,True,90,195.0,45.0,True,180.0,180.0,15.0,False,"{""sat"": ""[0.43000001 0.42500001 0.41999999 0.46999997 0.43000001 0.41999999\n 0.41999999 0.46999997 0.46999997]"", ""dul"": ""[0.37       0.34499997 0.31999999 0.31       0.31999999 0.31\n 0.31       0.34999999 0.34999999]"", ""ll"": ""[0.14       0.14500001 0.15000001 0.16       0.14       0.13\n 0.13       0.13       0.13      ]"", ""dlayr"": ""[ 5. 10.  5. 10. 10. 10. 10. 20. 20.]""}"
SYA,2022,0,1000,MaskablePPO,2022-07-10,191,81,0.0,13.344,28.5,22.0,0.0,0.0,3012.9281616210938,0.0,2.1255035400390625,0.0,0,0,False,0.0,0.0,0.0,0.0,180.0,240.0,,1,0.0,0.0,0.0,0.0,0.0,0.0,0.001,0.0,180.0,240.0,True,30,60,75.0,150.0,240.0,180.0,180.0,late,,,,True,0.05,50.0,0.0,0.0,0.0,0.0,0.0,0.0,True,90,195.0,45.0,True,180.0,180.0,15.0,False,"{""sat"": ""[0.43000001 0.42500001 0.41999999 0.46999997 0.43000001 0.41999999\n 0.41999999 0.46999997 0.46999997]"", ""dul"": ""[0.37       0.34499997 0.31999999 0.31       0.31999999 0.31\n 0.31       0.34999999 0.34999999]"", ""ll"": ""[0.14       0.14500001 0.15000001 0.16       0.14       0.13\n 0.13       0.13       0.13      ]"", ""dlayr"": ""[ 5. 10.  5. 10. 10. 10. 10. 20. 20.]""}"
SYA,2022,0,1000,MaskablePPO,2022-07-11,192,82,0.0,28.011,31.8,18.9,0.0,0.0,3205.3070068359375,0.0,2.173818349838257,0.0,0,0,False,0.0,0.0,0.0,0.0,180.0,240.0,,1,0.0,0.0,0.0,0.0,0.0,0.0,0.001,0.0,180.0,240.0,True,30,60,75.0,150.0,240.0,180.0,180.0,late,,,,True,0.05,50.0,0.0,0.0,0.0,0.0,0.0,0.0,True,90,195.0,45.0,True,180.0,180.0,15.0,False,"{""sat"": ""[0.43000001 0.42500001 0.41999999 0.46999997 0.43000001 0.41999999\n 0.41999999 0.46999997 0.46999997]"", ""dul"": ""[0.37       0.34499997 0.31999999 0.31       0.31999999 0.31\n 0.31       0.34999999 0.34999999]"", ""ll"": ""[0.14       0.14500001 0.15000001 0.16       0.14       0.13\n 0.13       0.13       0.13      ]"", ""dlayr"": ""[ 5. 10.  5. 10. 10. 10. 10. 20. 20.]""}"
SYA,2022,0,1000,MaskablePPO,2022-07-12,193,83,7.5,20.061,31.5,22.0,0.0,0.0,3398.02978515625,0.0,2.2221519947052,0.0,0,0,False,0.0,0.0,0.0,0.0,180.0,240.0,,1,0.0,0.0,0.0,0.0,0.0,0.0,0.001,0.0,180.0,240.0,True,30,60,75.0,150.0,240.0,180.0,180.0,late,,,,True,0.05,50.0,0.0,0.0,0.0,0.0,0.0,0.0,True,90,195.0,45.0,True,180.0,180.0,15.0,False,"{""sat"": ""[0.43000001 0.42500001 0.41999999 0.46999997 0.43000001 0.41999999\n 0.41999999 0.46999997 0.46999997]"", ""dul"": ""[0.37       0.34499997 0.31999999 0.31       0.31999999 0.31\n 0.31       0.34999999 0.34999999]"", ""ll"": ""[0.14       0.14500001 0.15000001 0.16       0.14       0.13\n 0.13       0.13       0.13      ]"", ""dlayr"": ""[ 5. 10.  5. 10. 10. 10. 10. 20. 20.]""}"
SYA,2022,0,1000,MaskablePPO,2022-07-13,194,84,4.0,17.286,30.3,22.6,0.0,0.0,3547.3001098632812,0.0,2.259493827819824,0.0,0,0,False,0.0,0.0,0.0,0.0,180.0,240.0,,1,0.0,0.0,0.0,0.0,0.0,0.0,0.001,0.0,180.0,240.0,True,30,60,75.0,150.0,240.0,180.0,180.0,late,,,,True,0.05,50.0,0.0,0.0,0.0,0.0,0.0,0.0,True,90,195.0,45.0,True,180.0,180.0,15.0,False,"{""sat"": ""[0.43000001 0.42500001 0.41999999 0.46999997 0.43000001 0.41999999\n 0.41999999 0.46999997 0.46999997]"", ""dul"": ""[0.37       0.34499997 0.31999999 0.31       0.31999999 0.31\n 0.31       0.34999999 0.34999999]"", ""ll"": ""[0.14       0.14500001 0.15000001 0.16       0.14       0.13\n 0.13       0.13       0.13      ]"", ""dlayr"": ""[ 5. 10.  5. 10. 10. 10. 10. 20. 20.]""}"
SYA,2022,0,1000,MaskablePPO,2022-07-14,195,85,6.6,26.208,29.3,19.6,0.0,0.0,3684.4876098632812,0.0,2.2937586307525635,0.0,0,0,False,0.0,0.0,0.0,0.0,180.0,240.0,,1,0.0,0.0,0.0,0.0,0.0,0.0,0.001,0.0,180.0,240.0,True,30,60,75.0,150.0,240.0,180.0,180.0,late,,,,True,0.05,50.0,0.0,0.0,0.0,0.0,0.0,0.0,True,90,195.0,45.0,True,180.0,180.0,15.0,False,"{""sat"": ""[0.43000001 0.42500001 0.41999999 0.46999997 0.43000001 0.41999999\n 0.41999999 0.46999997 0.46999997]"", ""dul"": ""[0.37       0.34499997 0.31999999 0.31       0.31999999 0.31\n 0.31       0.34999999 0.34999999]"", ""ll"": ""[0.14       0.14500001 0.15000001 0.16       0.14       0.13\n 0.13       0.13       0.13      ]"", ""dlayr"": ""[ 5. 10.  5. 10. 10. 10. 10. 20. 20.]""}"
SYA,2022,0,1000,MaskablePPO,2022-07-15,196,86,9.0,17.027,27.6,19.4,0.0,0.0,3837.1853637695312,0.0,2.3318843841552734,0.0,0,0,False,0.0,0.0,0.0,0.0,180.0,240.0,,1,0.0,0.0,0.0,0.0,0.0,0.0,0.001,0.0,180.0,240.0,True,30,60,75.0,150.0,240.0,180.0,180.0,late,,,,True,0.05,50.0,0.0,0.0,0.0,0.0,0.0,0.0,True,90,195.0,45.0,True,180.0,180.0,15.0,False,"{""sat"": ""[0.43000001 0.42500001 0.41999999 0.46999997 0.43000001 0.41999999\n 0.41999999 0.46999997 0.46999997]"", ""dul"": ""[0.37       0.34499997 0.31999999 0.31       0.31999999 0.31\n 0.31       0.34999999 0.34999999]"", ""ll"": ""[0.14       0.14500001 0.15000001 0.16       0.14       0.13\n 0.13       0.13       0.13      ]"", ""dlayr"": ""[ 5. 10.  5. 10. 10. 10. 10. 20. 20.]""}"
SYA,2022,0,1000,MaskablePPO,2022-07-16,197,87,0.0,22.473,28.3,20.3,0.0,0.0,4242.3138427734375,0.0,2.224785327911377,0.0,0,0,False,0.0,0.0,0.0,0.0,180.0,240.0,,1,0.0,0.0,0.0,0.0,0.0,0.0,0.001,0.0,180.0,240.0,True,30,60,75.0,150.0,240.0,180.0,180.0,late,,,,True,0.05,50.0,0.0,0.0,0.0,0.0,0.0,0.0,True,90,195.0,45.0,True,180.0,180.0,15.0,False,"{""sat"": ""[0.43000001 0.42500001 0.41999999 0.46999997 0.43000001 0.41999999\n 0.41999999 0.46999997 0.46999997]"", ""dul"": ""[0.37       0.34499997 0.31999999 0.31       0.31999999 0.31\n 0.31       0.34999999 0.34999999]"", ""ll"": ""[0.14       0.14500001 0.15000001 0.16       0.14       0.13\n 0.13       0.13       0.13      ]"", ""dlayr"": ""[ 5. 10.  5. 10. 10. 10. 10. 20. 20.]""}"
SYA,2022,0,1000,MaskablePPO,2022-07-17,198,88,0.0,26.401,30.1,19.9,0.0,0.0,4562.06298828125,0.0,2.2150697708129883,0.0,0,0,False,0.0,0.0,0.0,0.0,180.0,240.0,,1,0.0,0.0,0.0,0.0,0.0,0.0,0.001,0.0,180.0,240.0,True,30,60,75.0,150.0,240.0,180.0,180.0,late,,,,True,0.05,50.0,0.0,0.0,0.0,0.0,0.0,0.0,True,90,195.0,45.0,True,180.0,180.0,15.0,False,"{""sat"": ""[0.43000001 0.42500001 0.41999999 0.46999997 0.43000001 0.41999999\n 0.41999999 0.46999997 0.46999997]"", ""dul"": ""[0.37       0.34499997 0.31999999 0.31       0.31999999 0.31\n 0.31       0.34999999 0.34999999]"", ""ll"": ""[0.14       0.14500001 0.15000001 0.16       0.14       0.13\n 0.13       0.13       0.13      ]"", ""dlayr"": ""[ 5. 10.  5. 10. 10. 10. 10. 20. 20.]""}"
SYA,2022,0,1000,MaskablePPO,2022-07-18,199,89,78.5,21.576,29.5,19.6,0.0,0.0,4974.356384277344,0.0,2.2050607204437256,0.0,0,0,False,0.0,0.0,0.0,0.0,180.0,240.0,,1,0.0,0.0,0.0,0.0,0.0,0.0,0.001,0.0,180.0,240.0,True,30,60,75.0,150.0,240.0,180.0,180.0,late,,,,True,0.05,50.0,0.0,0.0,0.0,0.0,0.0,0.0,True,90,195.0,45.0,True,180.0,180.0,15.0,False,"{""sat"": ""[0.43000001 0.42500001 0.41999999 0.46999997 0.43000001 0.41999999\n 0.41999999 0.46999997 0.46999997]"", ""dul"": ""[0.37       0.34499997 0.31999999 0.31       0.31999999 0.31\n 0.31       0.34999999 0.34999999]"", ""ll"": ""[0.14       0.14500001 0.15000001 0.16       0.14       0.13\n 0.13       0.13       0.13      ]"", ""dlayr"": ""[ 5. 10.  5. 10. 10. 10. 10. 20. 20.]""}"
SYA,2022,0,1000,MaskablePPO,2022-07-19,200,90,0.0,27.6,30.5,19.6,0.0,0.0,5172.7362060546875,0.0,2.1945526599884033,0.0,0,0,False,0.0,0.0,0.0,0.0,180.0,240.0,,2,0.0,0.0,0.0,0.0,0.0,0.0,0.001,0.0,180.0,240.0,True,30,60,75.0,150.0,240.0,180.0,180.0,late,,,,True,0.05,50.0,0.0,0.0,0.0,0.0,0.0,0.0,True,90,195.0,45.0,True,180.0,180.0,15.0,False,"{""sat"": ""[0.43000001 0.42500001 0.41999999 0.46999997 0.43000001 0.41999999\n 0.41999999 0.46999997 0.46999997]"", ""dul"": ""[0.37       0.34499997 0.31999999 0.31       0.31999999 0.31\n 0.31       0.34999999 0.34999999]"", ""ll"": ""[0.14       0.14500001 0.15000001 0.16       0.14       0.13\n 0.13       0.13       0.13      ]"", ""dlayr"": ""[ 5. 10.  5. 10. 10. 10. 10. 20. 20.]""}"
SYA,2022,0,1000,MaskablePPO,2022-07-20,201,91,0.0,14.192,30.1,21.7,0.0,0.0,5361.126708984375,0.0,2.184455394744873,0.0,0,0,False,0.0,0.0,0.0,0.0,180.0,240.0,,2,0.0,0.0,0.0,0.0,0.0,0.0,0.001,0.0,180.0,240.0,True,30,60,75.0,150.0,240.0,180.0,180.0,late,,,,True,0.05,50.0,0.0,0.0,0.0,0.0,0.0,0.0,True,90,195.0,45.0,False,180.0,180.0,,False,"{""sat"": ""[0.43000001 0.42500001 0.41999999 0.46999997 0.43000001 0.41999999\n 0.41999999 0.46999997 0.46999997]"", ""dul"": ""[0.37       0.34499997 0.31999999 0.31       0.31999999 0.31\n 0.31       0.34999999 0.34999999]"", ""ll"": ""[0.14       0.14500001 0.15000001 0.16       0.14       0.13\n 0.13       0.13       0.13      ]"", ""dlayr"": ""[ 5. 10.  5. 10. 10. 10. 10. 20. 20.]""}"
SYA,2022,0,1000,MaskablePPO,2022-07-21,202,92,0.0,13.657,28.6,21.8,0.0,0.0,5710.77392578125,0.0,2.1739180088043213,0.0,0,0,False,0.0,0.0,0.0,0.0,180.0,240.0,,2,0.0,0.0,0.0,0.0,0.0,0.0,0.001,0.0,180.0,240.0,True,30,60,75.0,150.0,240.0,180.0,180.0,late,,,,True,0.05,50.0,0.0,0.0,0.0,0.0,0.0,0.0,True,90,195.0,45.0,False,180.0,180.0,,False,"{""sat"": ""[0.43000001 0.42500001 0.41999999 0.46999997 0.43000001 0.41999999\n 0.41999999 0.46999997 0.46999997]"", ""dul"": ""[0.37       0.34499997 0.31999999 0.31       0.31999999 0.31\n 0.31       0.34999999 0.34999999]"", ""ll"": ""[0.14       0.14500001 0.15000001 0.16       0.14       0.13\n 0.13       0.13       0.13      ]"", ""dlayr"": ""[ 5. 10.  5. 10. 10. 10. 10. 20. 20.]""}"
SYA,2022,0,1000,MaskablePPO,2022-07-22,203,93,0.0,24.122,32.2,19.7,0.0,0.0,5800.8648681640625,0.0,2.1642022132873535,0.0,0,0,False,0.0,0.0,0.0,0.0,180.0,240.0,,2,0.0,0.0,0.0,0.0,0.0,0.0,0.001,0.0,180.0,240.0,True,30,60,75.0,150.0,240.0,180.0,180.0,late,,,,True,0.05,50.0,0.0,0.0,0.0,0.0,0.0,0.0,True,90,195.0,45.0,False,180.0,180.0,,False,"{""sat"": ""[0.43000001 0.42500001 0.41999999 0.46999997 0.43000001 0.41999999\n 0.41999999 0.46999997 0.46999997]"", ""dul"": ""[0.37       0.34499997 0.31999999 0.31       0.31999999 0.31\n 0.31       0.34999999 0.34999999]"", ""ll"": ""[0.14       0.14500001 0.15000001 0.16       0.14       0.13\n 0.13       0.13       0.13      ]"", ""dlayr"": ""[ 5. 10.  5. 10. 10. 10. 10. 20. 20.]""}"
SYA,2022,0,1000,MaskablePPO,2022-07-23,204,94,5.5,7.734,27.8,21.3,0.0,0.0,6158.333740234375,0.0,2.1543986797332764,0.0,0,0,False,0.0,0.0,0.0,0.0,180.0,240.0,,2,0.0,0.0,0.0,0.0,0.0,0.0,0.001,0.0,180.0,240.0,True,30,60,75.0,150.0,240.0,180.0,180.0,late,,,,True,0.05,50.0,0.0,0.0,0.0,0.0,0.0,0.0,True,90,195.0,45.0,False,180.0,180.0,,False,"{""sat"": ""[0.43000001 0.42500001 0.41999999 0.46999997 0.43000001 0.41999999\n 0.41999999 0.46999997 0.46999997]"", ""dul"": ""[0.37       0.34499997 0.31999999 0.31       0.31999999 0.31\n 0.31       0.34999999 0.34999999]"", ""ll"": ""[0.14       0.14500001 0.15000001 0.16       0.14       0.13\n 0.13       0.13       0.13      ]"", ""dlayr"": ""[ 5. 10.  5. 10. 10. 10. 10. 20. 20.]""}"
SYA,2022,0,1000,MaskablePPO,2022-07-24,205,95,0.0,24.866,28.7,20.7,0.0,0.0,6414.83154296875,0.0,2.143538475036621,0.0,0,0,False,0.0,0.0,0.0,0.0,180.0,240.0,,2,0.0,0.0,0.0,0.0,0.0,0.0,0.001,0.0,180.0,240.0,True,30,60,75.0,150.0,240.0,180.0,180.0,late,,,,True,0.05,50.0,0.0,0.0,0.0,0.0,0.0,0.0,True,90,195.0,45.0,False,180.0,180.0,,False,"{""sat"": ""[0.43000001 0.42500001 0.41999999 0.46999997 0.43000001 0.41999999\n 0.41999999 0.46999997 0.46999997]"", ""dul"": ""[0.37       0.34499997 0.31999999 0.31       0.31999999 0.31\n 0.31       0.34999999 0.34999999]"", ""ll"": ""[0.14       0.14500001 0.15000001 0.16       0.14       0.13\n 0.13       0.13       0.13      ]"", ""dlayr"": ""[ 5. 10.  5. 10. 10. 10. 10. 20. 20.]""}"
SYA,2022,0,1000,MaskablePPO,2022-07-25,206,96,2.0,18.575,32.0,21.0,0.0,0.0,6781.0626220703125,0.0,2.132061719894409,0.0,0,0,False,0.0,0.0,0.0,0.0,180.0,240.0,,2,0.0,0.0,0.0,0.0,0.0,0.0,0.001,0.0,180.0,240.0,True,30,60,75.0,150.0,240.0,180.0,180.0,late,,,,True,0.05,50.0,0.0,0.0,0.0,0.0,0.0,0.0,True,90,195.0,45.0,False,180.0,180.0,,False,"{""sat"": ""[0.43000001 0.42500001 0.41999999 0.46999997 0.43000001 0.41999999\n 0.41999999 0.46999997 0.46999997]"", ""dul"": ""[0.37       0.34499997 0.31999999 0.31       0.31999999 0.31\n 0.31       0.34999999 0.34999999]"", ""ll"": ""[0.14       0.14500001 0.15000001 0.16       0.14       0.13\n 0.13       0.13       0.13      ]"", ""dlayr"": ""[ 5. 10.  5. 10. 10. 10. 10. 20. 20.]""}"
SYA,2022,0,1000,MaskablePPO,2022-07-26,207,97,0.0,25.825,31.9,23.2,0.0,0.0,7103.1768798828125,322.11463928222656,2.094621181488037,0.0,0,0,False,0.0,0.0,0.0,0.0,180.0,240.0,,2,0.0,0.0,0.0,0.0,0.0,0.0,0.001,0.0,180.0,240.0,True,30,60,75.0,150.0,240.0,180.0,180.0,late,,,,True,0.05,50.0,0.0,0.0,0.0,0.0,0.0,0.0,True,90,195.0,45.0,False,180.0,180.0,,False,"{""sat"": ""[0.43000001 0.42500001 0.41999999 0.46999997 0.43000001 0.41999999\n 0.41999999 0.46999997 0.46999997]"", ""dul"": ""[0.37       0.34499997 0.31999999 0.31       0.31999999 0.31\n 0.31       0.34999999 0.34999999]"", ""ll"": ""[0.14       0.14500001 0.15000001 0.16       0.14       0.13\n 0.13       0.13       0.13      ]"", ""dlayr"": ""[ 5. 10.  5. 10. 10. 10. 10. 20. 20.]""}"
SYA,2022,0,1000,MaskablePPO,2022-07-27,208,98,0.0,23.376,32.7,21.5,0.0,0.0,7272.6824951171875,648.3067321777344,2.0883917808532715,0.0,0,0,False,0.0,0.0,0.0,0.0,180.0,240.0,,2,0.0,0.0,0.0,0.0,0.0,0.0,0.001,0.0,180.0,240.0,True,30,60,75.0,150.0,240.0,180.0,180.0,late,,,,True,0.05,50.0,0.0,0.0,0.0,0.0,0.0,0.0,True,90,195.0,45.0,False,180.0,180.0,,False,"{""sat"": ""[0.43000001 0.42500001 0.41999999 0.46999997 0.43000001 0.41999999\n 0.41999999 0.46999997 0.46999997]"", ""dul"": ""[0.37       0.34499997 0.31999999 0.31       0.31999999 0.31\n 0.31       0.34999999 0.34999999]"", ""ll"": ""[0.14       0.14500001 0.15000001 0.16       0.14       0.13\n 0.13       0.13       0.13      ]"", ""dlayr"": ""[ 5. 10.  5. 10. 10. 10. 10. 20. 20.]""}"
SYA,2022,0,1000,MaskablePPO,2022-07-28,209,99,2.2,10.062,29.8,23.8,0.0,0.0,7452.0294189453125,974.4988250732422,2.081367254257202,0.0,0,0,False,0.0,0.0,0.0,0.0,180.0,240.0,,2,0.0,0.0,0.0,0.0,0.0,0.0,0.001,0.0,180.0,240.0,True,30,60,75.0,150.0,240.0,180.0,180.0,late,,,,True,0.05,50.0,0.0,0.0,0.0,0.0,0.0,0.0,True,90,195.0,45.0,False,180.0,180.0,,False,"{""sat"": ""[0.43000001 0.42500001 0.41999999 0.46999997 0.43000001 0.41999999\n 0.41999999 0.46999997 0.46999997]"", ""dul"": ""[0.37       0.34499997 0.31999999 0.31       0.31999999 0.31\n 0.31       0.34999999 0.34999999]"", ""ll"": ""[0.14       0.14500001 0.15000001 0.16       0.14       0.13\n 0.13       0.13       0.13      ]"", ""dlayr"": ""[ 5. 10.  5. 10. 10. 10. 10. 20. 20.]""}"
SYA,2022,0,1000,MaskablePPO,2022-07-29,210,100,24.5,10.666,29.1,22.4,0.0,0.0,7651.20361328125,1296.6134643554688,2.0724573135375977,0.0,0,0,False,0.0,0.0,0.0,0.0,180.0,240.0,,2,0.0,0.0,0.0,0.0,0.0,0.0,0.001,0.0,180.0,240.0,True,30,60,75.0,150.0,240.0,180.0,180.0,late,,,,True,0.05,50.0,0.0,0.0,0.0,0.0,0.0,0.0,True,90,195.0,45.0,False,180.0,180.0,,False,"{""sat"": ""[0.43000001 0.42500001 0.41999999 0.46999997 0.43000001 0.41999999\n 0.41999999 0.46999997 0.46999997]"", ""dul"": ""[0.37       0.34499997 0.31999999 0.31       0.31999999 0.31\n 0.31       0.34999999 0.34999999]"", ""ll"": ""[0.14       0.14500001 0.15000001 0.16       0.14       0.13\n 0.13       0.13       0.13      ]"", ""dlayr"": ""[ 5. 10.  5. 10. 10. 10. 10. 20. 20.]""}"
SYA,2022,0,1000,MaskablePPO,2022-07-30,211,101,2.0,11.853,31.0,23.2,0.0,0.0,7964.686279296875,1586.1088562011719,2.061558246612549,0.0,0,0,False,0.0,0.0,0.0,0.0,180.0,240.0,,2,0.0,0.0,0.0,0.0,0.0,0.0,0.001,0.0,180.0,240.0,True,30,60,75.0,150.0,240.0,180.0,180.0,late,,,,True,0.05,50.0,0.0,0.0,0.0,0.0,0.0,0.0,True,90,195.0,45.0,False,180.0,180.0,,False,"{""sat"": ""[0.43000001 0.42500001 0.41999999 0.46999997 0.43000001 0.41999999\n 0.41999999 0.46999997 0.46999997]"", ""dul"": ""[0.37       0.34499997 0.31999999 0.31       0.31999999 0.31\n 0.31       0.34999999 0.34999999]"", ""ll"": ""[0.14       0.14500001 0.15000001 0.16       0.14       0.13\n 0.13       0.13       0.13      ]"", ""dlayr"": ""[ 5. 10.  5. 10. 10. 10. 10. 20. 20.]""}"
SYA,2022,0,1000,MaskablePPO,2022-07-31,212,102,11.0,20.213,33.0,22.8,0.0,0.0,8306.577758789062,1853.1785583496094,2.048499584197998,0.0,0,0,False,0.0,0.0,0.0,0.0,180.0,240.0,,2,0.0,0.0,0.0,0.0,0.0,0.0,0.001,0.0,180.0,240.0,True,30,60,75.0,150.0,240.0,180.0,180.0,late,,,,True,0.05,50.0,0.0,0.0,0.0,0.0,0.0,0.0,True,90,195.0,45.0,False,180.0,180.0,,False,"{""sat"": ""[0.43000001 0.42500001 0.41999999 0.46999997 0.43000001 0.41999999\n 0.41999999 0.46999997 0.46999997]"", ""dul"": ""[0.37       0.34499997 0.31999999 0.31       0.31999999 0.31\n 0.31       0.34999999 0.34999999]"", ""ll"": ""[0.14       0.14500001 0.15000001 0.16       0.14       0.13\n 0.13       0.13       0.13      ]"", ""dlayr"": ""[ 5. 10.  5. 10. 10. 10. 10. 20. 20.]""}"
SYA,2022,0,1000,MaskablePPO,2022-08-01,213,103,0.0,25.001,33.3,23.6,0.0,0.0,8616.6259765625,2087.6292419433594,2.0327823162078857,0.0,0,0,False,0.0,0.0,0.0,0.0,180.0,240.0,,2,0.0,0.0,0.0,0.0,0.0,0.0,0.001,0.0,180.0,240.0,True,30,60,75.0,150.0,240.0,180.0,180.0,late,,,,True,0.05,50.0,0.0,0.0,0.0,0.0,0.0,0.0,True,90,195.0,45.0,False,180.0,180.0,,False,"{""sat"": ""[0.43000001 0.42500001 0.41999999 0.46999997 0.43000001 0.41999999\n 0.41999999 0.46999997 0.46999997]"", ""dul"": ""[0.37       0.34499997 0.31999999 0.31       0.31999999 0.31\n 0.31       0.34999999 0.34999999]"", ""ll"": ""[0.14       0.14500001 0.15000001 0.16       0.14       0.13\n 0.13       0.13       0.13      ]"", ""dlayr"": ""[ 5. 10.  5. 10. 10. 10. 10. 20. 20.]""}"
SYA,2022,0,1000,MaskablePPO,2022-08-02,214,104,0.0,23.213,34.1,24.4,0.0,0.0,8899.01123046875,2307.808837890625,2.0143892765045166,-0.04950000000000001,2,2,False,45.0,0.0,45.0,0.0,225.0,240.0,,1,0.0,49.50000000000001,0.0,0.0,0.0,-49.50000000000001,0.001,-0.04950000000000001,180.0,240.0,True,30,60,75.0,150.0,240.0,180.0,225.0,late,,,,True,0.05,50.0,0.0,0.0,0.0,0.0,-0.04950000000000001,-0.04950000000000001,True,90,195.0,45.0,False,180.0,225.0,,False,"{""sat"": ""[0.43000001 0.42500001 0.41999999 0.46999997 0.43000001 0.41999999\n 0.41999999 0.46999997 0.46999997]"", ""dul"": ""[0.37       0.34499997 0.31999999 0.31       0.31999999 0.31\n 0.31       0.34999999 0.34999999]"", ""ll"": ""[0.14       0.14500001 0.15000001 0.16       0.14       0.13\n 0.13       0.13       0.13      ]"", ""dlayr"": ""[ 5. 10.  5. 10. 10. 10. 10. 20. 20.]""}"
SYA,2022,0,1000,MaskablePPO,2022-08-03,215,105,0.0,20.824,32.9,26.3,0.0,0.0,9171.776733398438,2503.5240173339844,1.9927728176116943,0.0,0,0,False,0.0,0.0,0.0,0.0,225.0,240.0,,1,0.0,0.0,0.0,0.0,0.0,0.0,0.001,0.0,225.0,240.0,True,30,60,75.0,150.0,240.0,225.0,225.0,late,,,,True,0.05,50.0,0.0,0.0,0.0,0.0,0.0,0.0,True,90,195.0,45.0,False,225.0,225.0,,False,"{""sat"": ""[0.43000001 0.42500001 0.41999999 0.46999997 0.43000001 0.41999999\n 0.41999999 0.46999997 0.46999997]"", ""dul"": ""[0.37       0.34499997 0.31999999 0.31       0.31999999 0.31\n 0.31       0.34999999 0.34999999]"", ""ll"": ""[0.14       0.14500001 0.15000001 0.16       0.14       0.13\n 0.13       0.13       0.13      ]"", ""dlayr"": ""[ 5. 10.  5. 10. 10. 10. 10. 20. 20.]""}"
SYA,2022,0,1000,MaskablePPO,2022-08-04,216,106,5.1,21.247,34.1,26.3,0.0,0.0,9360.628051757812,2772.6324462890625,1.970318078994751,0.0,0,0,False,0.0,0.0,0.0,0.0,225.0,240.0,,1,0.0,0.0,0.0,0.0,0.0,0.0,0.001,0.0,225.0,240.0,True,30,60,75.0,150.0,240.0,225.0,225.0,late,,,,True,0.05,50.0,0.0,0.0,0.0,0.0,0.0,0.0,True,90,195.0,45.0,False,225.0,225.0,,False,"{""sat"": ""[0.43000001 0.42500001 0.41999999 0.46999997 0.43000001 0.41999999\n 0.41999999 0.46999997 0.46999997]"", ""dul"": ""[0.37       0.34499997 0.31999999 0.31       0.31999999 0.31\n 0.31       0.34999999 0.34999999]"", ""ll"": ""[0.14       0.14500001 0.15000001 0.16       0.14       0.13\n 0.13       0.13       0.13      ]"", ""dlayr"": ""[ 5. 10.  5. 10. 10. 10. 10. 20. 20.]""}"
SYA,2022,0,1000,MaskablePPO,2022-08-05,217,107,3.2,11.459,31.6,25.2,0.0,0.0,9672.652587890625,3051.9345092773438,1.9455597400665283,0.0,0,0,False,0.0,0.0,0.0,0.0,225.0,240.0,,1,0.0,0.0,0.0,0.0,0.0,0.0,0.001,0.0,225.0,240.0,True,30,60,75.0,150.0,240.0,225.0,225.0,late,,,,True,0.05,50.0,0.0,0.0,0.0,0.0,0.0,0.0,True,90,195.0,45.0,False,225.0,225.0,,False,"{""sat"": ""[0.43000001 0.42500001 0.41999999 0.46999997 0.43000001 0.41999999\n 0.41999999 0.46999997 0.46999997]"", ""dul"": ""[0.37       0.34499997 0.31999999 0.31       0.31999999 0.31\n 0.31       0.34999999 0.34999999]"", ""ll"": ""[0.14       0.14500001 0.15000001 0.16       0.14       0.13\n 0.13       0.13       0.13      ]"", ""dlayr"": ""[ 5. 10.  5. 10. 10. 10. 10. 20. 20.]""}"
SYA,2022,0,1000,MaskablePPO,2022-08-06,218,108,0.0,21.105,33.5,22.8,0.0,0.0,9739.258422851562,3378.1265258789062,1.9205222129821777,0.0,0,0,False,0.0,0.0,0.0,0.0,225.0,240.0,,1,0.0,0.0,0.0,0.0,0.0,0.0,0.001,0.0,225.0,240.0,True,30,60,75.0,150.0,240.0,225.0,225.0,late,,,,True,0.05,50.0,0.0,0.0,0.0,0.0,0.0,0.0,True,90,195.0,45.0,False,225.0,225.0,,False,"{""sat"": ""[0.43000001 0.42500001 0.41999999 0.46999997 0.43000001 0.41999999\n 0.41999999 0.46999997 0.46999997]"", ""dul"": ""[0.37       0.34499997 0.31999999 0.31       0.31999999 0.31\n 0.31       0.34999999 0.34999999]"", ""ll"": ""[0.14       0.14500001 0.15000001 0.16       0.14       0.13\n 0.13       0.13       0.13      ]"", ""dlayr"": ""[ 5. 10.  5. 10. 10. 10. 10. 20. 20.]""}"
SYA,2022,0,1000,MaskablePPO,2022-08-07,219,109,19.3,4.127,27.9,25.0,0.0,0.0,10088.878784179688,3704.3185424804688,1.8955844640731812,0.0,0,0,False,0.0,0.0,0.0,0.0,225.0,240.0,,1,0.0,0.0,0.0,0.0,0.0,0.0,0.001,0.0,225.0,240.0,True,30,60,75.0,150.0,240.0,225.0,225.0,late,,,,True,0.05,50.0,0.0,0.0,0.0,0.0,0.0,0.0,True,90,195.0,45.0,False,225.0,225.0,,False,"{""sat"": ""[0.43000001 0.42500001 0.41999999 0.46999997 0.43000001 0.41999999\n 0.41999999 0.46999997 0.46999997]"", ""dul"": ""[0.37       0.34499997 0.31999999 0.31       0.31999999 0.31\n 0.31       0.34999999 0.34999999]"", ""ll"": ""[0.14       0.14500001 0.15000001 0.16       0.14       0.13\n 0.13       0.13       0.13      ]"", ""dlayr"": ""[ 5. 10.  5. 10. 10. 10. 10. 20. 20.]""}"
SYA,2022,0,1000,MaskablePPO,2022-08-08,220,110,0.0,23.149,28.5,21.2,0.0,0.0,10381.021728515625,4030.5105590820312,1.871321439743042,0.0,0,0,False,0.0,0.0,0.0,0.0,225.0,240.0,,1,0.0,0.0,0.0,0.0,0.0,0.0,0.001,0.0,225.0,240.0,True,30,60,75.0,150.0,240.0,225.0,225.0,late,,,,True,0.05,50.0,0.0,0.0,0.0,0.0,0.0,0.0,True,90,195.0,45.0,False,225.0,225.0,,False,"{""sat"": ""[0.43000001 0.42500001 0.41999999 0.46999997 0.43000001 0.41999999\n 0.41999999 0.46999997 0.46999997]"", ""dul"": ""[0.37       0.34499997 0.31999999 0.31       0.31999999 0.31\n 0.31       0.34999999 0.34999999]"", ""ll"": ""[0.14       0.14500001 0.15000001 0.16       0.14       0.13\n 0.13       0.13       0.13      ]"", ""dlayr"": ""[ 5. 10.  5. 10. 10. 10. 10. 20. 20.]""}"
SYA,2022,0,1000,MaskablePPO,2022-08-09,221,111,0.0,18.23,28.6,17.8,0.0,0.0,10757.918701171875,4356.7022705078125,1.8434582948684692,0.0,0,0,False,0.0,0.0,0.0,0.0,225.0,240.0,,1,0.0,0.0,0.0,0.0,0.0,0.0,0.001,0.0,225.0,240.0,True,30,60,75.0,150.0,240.0,225.0,225.0,late,,,,True,0.05,50.0,0.0,0.0,0.0,0.0,0.0,0.0,True,90,195.0,45.0,False,225.0,225.0,,False,"{""sat"": ""[0.43000001 0.42500001 0.41999999 0.46999997 0.43000001 0.41999999\n 0.41999999 0.46999997 0.46999997]"", ""dul"": ""[0.37       0.34499997 0.31999999 0.31       0.31999999 0.31\n 0.31       0.34999999 0.34999999]"", ""ll"": ""[0.14       0.14500001 0.15000001 0.16       0.14       0.13\n 0.13       0.13       0.13      ]"", ""dlayr"": ""[ 5. 10.  5. 10. 10. 10. 10. 20. 20.]""}"
SYA,2022,0,1000,MaskablePPO,2022-08-10,222,112,0.0,26.849,30.5,18.0,0.0,0.0,11106.36962890625,4682.894287109375,1.8146772384643555,0.0,0,0,False,0.0,0.0,0.0,0.0,225.0,240.0,,1,0.0,0.0,0.0,0.0,0.0,0.0,0.001,0.0,225.0,240.0,True,30,60,75.0,150.0,240.0,225.0,225.0,late,,,,True,0.05,50.0,0.0,0.0,0.0,0.0,0.0,0.0,True,90,195.0,45.0,False,225.0,225.0,,False,"{""sat"": ""[0.43000001 0.42500001 0.41999999 0.46999997 0.43000001 0.41999999\n 0.41999999 0.46999997 0.46999997]"", ""dul"": ""[0.37       0.34499997 0.31999999 0.31       0.31999999 0.31\n 0.31       0.34999999 0.34999999]"", ""ll"": ""[0.14       0.14500001 0.15000001 0.16       0.14       0.13\n 0.13       0.13       0.13      ]"", ""dlayr"": ""[ 5. 10.  5. 10. 10. 10. 10. 20. 20.]""}"
SYA,2022,0,1000,MaskablePPO,2022-08-11,223,113,0.0,23.351,29.6,17.7,0.0,0.0,11258.885498046875,5009.0863037109375,1.7806612253189087,0.0,0,0,False,0.0,0.0,0.0,0.0,225.0,240.0,,1,0.0,0.0,0.0,0.0,0.0,0.0,0.001,0.0,225.0,240.0,True,30,60,75.0,150.0,240.0,225.0,225.0,late,,,,True,0.05,50.0,0.0,0.0,0.0,0.0,0.0,0.0,True,90,195.0,45.0,False,225.0,225.0,,False,"{""sat"": ""[0.43000001 0.42500001 0.41999999 0.46999997 0.43000001 0.41999999\n 0.41999999 0.46999997 0.46999997]"", ""dul"": ""[0.37       0.34499997 0.31999999 0.31       0.31999999 0.31\n 0.31       0.34999999 0.34999999]"", ""ll"": ""[0.14       0.14500001 0.15000001 0.16       0.14       0.13\n 0.13       0.13       0.13      ]"", ""dlayr"": ""[ 5. 10.  5. 10. 10. 10. 10. 20. 20.]""}"
SYA,2022,0,1000,MaskablePPO,2022-08-12,224,114,7.8,9.687,29.4,21.1,0.0,0.0,11575.142822265625,5335.2783203125,1.7438271045684814,0.0,0,0,False,0.0,0.0,0.0,0.0,225.0,240.0,,1,0.0,0.0,0.0,0.0,0.0,0.0,0.001,0.0,225.0,240.0,True,30,60,75.0,150.0,240.0,225.0,225.0,late,,,,True,0.05,50.0,0.0,0.0,0.0,0.0,0.0,0.0,True,90,195.0,45.0,False,225.0,225.0,,False,"{""sat"": ""[0.43000001 0.42500001 0.41999999 0.46999997 0.43000001 0.41999999\n 0.41999999 0.46999997 0.46999997]"", ""dul"": ""[0.37       0.34499997 0.31999999 0.31       0.31999999 0.31\n 0.31       0.34999999 0.34999999]"", ""ll"": ""[0.14       0.14500001 0.15000001 0.16       0.14       0.13\n 0.13       0.13       0.13      ]"", ""dlayr"": ""[ 5. 10.  5. 10. 10. 10. 10. 20. 20.]""}"
SYA,2022,0,1000,MaskablePPO,2022-08-13,225,115,0.0,20.26,29.6,21.2,0.0,0.0,11704.66552734375,5661.4697265625,1.7096232175827026,0.0,0,0,False,0.0,0.0,0.0,0.0,225.0,240.0,,1,0.0,0.0,0.0,0.0,0.0,0.0,0.001,0.0,225.0,240.0,True,30,60,75.0,150.0,240.0,225.0,225.0,late,,,,True,0.05,50.0,0.0,0.0,0.0,0.0,0.0,0.0,True,90,195.0,45.0,False,225.0,225.0,,False,"{""sat"": ""[0.43000001 0.42500001 0.41999999 0.46999997 0.43000001 0.41999999\n 0.41999999 0.46999997 0.46999997]"", ""dul"": ""[0.37       0.34499997 0.31999999 0.31       0.31999999 0.31\n 0.31       0.34999999 0.34999999]"", ""ll"": ""[0.14       0.14500001 0.15000001 0.16       0.14       0.13\n 0.13       0.13       0.13      ]"", ""dlayr"": ""[ 5. 10.  5. 10. 10. 10. 10. 20. 20.]""}"
SYA,2022,0,1000,MaskablePPO,2022-08-14,226,116,0.0,8.434,28.2,18.1,0.0,0.0,11758.09814453125,5987.6617431640625,1.6766859292984009,0.0,0,0,False,0.0,0.0,0.0,0.0,225.0,240.0,,1,0.0,0.0,0.0,0.0,0.0,0.0,0.001,0.0,225.0,240.0,True,30,60,75.0,150.0,240.0,225.0,225.0,late,,,,True,0.05,50.0,0.0,0.0,0.0,0.0,0.0,0.0,True,90,195.0,45.0,False,225.0,225.0,,False,"{""sat"": ""[0.43000001 0.42500001 0.41999999 0.46999997 0.43000001 0.41999999\n 0.41999999 0.46999997 0.46999997]"", ""dul"": ""[0.37       0.34499997 0.31999999 0.31       0.31999999 0.31\n 0.31       0.34999999 0.34999999]"", ""ll"": ""[0.14       0.14500001 0.15000001 0.16       0.14       0.13\n 0.13       0.13       0.13      ]"", ""dlayr"": ""[ 5. 10.  5. 10. 10. 10. 10. 20. 20.]""}"
SYA,2022,0,1000,MaskablePPO,2022-08-15,227,117,21.3,3.499,23.6,20.0,0.0,0.0,12116.195068359375,6313.853759765625,1.6394224166870117,0.0,0,0,False,0.0,0.0,0.0,0.0,225.0,240.0,,1,0.0,0.0,0.0,0.0,0.0,0.0,0.001,0.0,225.0,240.0,True,30,60,75.0,150.0,240.0,225.0,225.0,late,,,,True,0.05,50.0,0.0,0.0,0.0,0.0,0.0,0.0,True,90,195.0,45.0,False,225.0,225.0,,False,"{""sat"": ""[0.43000001 0.42500001 0.41999999 0.46999997 0.43000001 0.41999999\n 0.41999999 0.46999997 0.46999997]"", ""dul"": ""[0.37       0.34499997 0.31999999 0.31       0.31999999 0.31\n 0.31       0.34999999 0.34999999]"", ""ll"": ""[0.14       0.14500001 0.15000001 0.16       0.14       0.13\n 0.13       0.13       0.13      ]"", ""dlayr"": ""[ 5. 10.  5. 10. 10. 10. 10. 20. 20.]""}"
SYA,2022,0,1000,MaskablePPO,2022-08-16,228,118,0.0,25.755,28.7,16.9,0.0,0.0,12472.7880859375,6640.0457763671875,1.5970903635025024,0.0,0,0,False,0.0,0.0,0.0,0.0,225.0,240.0,,1,0.0,0.0,0.0,0.0,0.0,0.0,0.001,0.0,225.0,240.0,True,30,60,75.0,150.0,240.0,225.0,225.0,late,,,,True,0.05,50.0,0.0,0.0,0.0,0.0,0.0,0.0,True,90,195.0,45.0,False,225.0,225.0,,False,"{""sat"": ""[0.43000001 0.42500001 0.41999999 0.46999997 0.43000001 0.41999999\n 0.41999999 0.46999997 0.46999997]"", ""dul"": ""[0.37       0.34499997 0.31999999 0.31       0.31999999 0.31\n 0.31       0.34999999 0.34999999]"", ""ll"": ""[0.14       0.14500001 0.15000001 0.16       0.14       0.13\n 0.13       0.13       0.13      ]"", ""dlayr"": ""[ 5. 10.  5. 10. 10. 10. 10. 20. 20.]""}"
SYA,2022,0,1000,MaskablePPO,2022-08-17,229,119,0.0,25.85,30.6,17.2,0.0,0.0,12699.74853515625,6966.23779296875,1.550571084022522,0.0,0,0,False,0.0,0.0,0.0,0.0,225.0,240.0,,1,0.0,0.0,0.0,0.0,0.0,0.0,0.001,0.0,225.0,240.0,True,30,60,75.0,150.0,240.0,225.0,225.0,late,,,,True,0.05,50.0,0.0,0.0,0.0,0.0,0.0,0.0,True,90,195.0,45.0,False,225.0,225.0,,False,"{""sat"": ""[0.43000001 0.42500001 0.41999999 0.46999997 0.43000001 0.41999999\n 0.41999999 0.46999997 0.46999997]"", ""dul"": ""[0.37       0.34499997 0.31999999 0.31       0.31999999 0.31\n 0.31       0.34999999 0.34999999]"", ""ll"": ""[0.14       0.14500001 0.15000001 0.16       0.14       0.13\n 0.13       0.13       0.13      ]"", ""dlayr"": ""[ 5. 10.  5. 10. 10. 10. 10. 20. 20.]""}"
SYA,2022,0,1000,MaskablePPO,2022-08-18,230,120,0.0,15.384,29.1,19.9,0.0,0.0,12710.335693359375,7057.6263427734375,1.508366346359253,0.0,0,0,False,0.0,0.0,0.0,0.0,225.0,240.0,,1,0.0,0.0,0.0,0.0,0.0,0.0,0.001,0.0,225.0,240.0,True,30,60,75.0,150.0,240.0,225.0,225.0,late,,,,True,0.05,50.0,0.0,0.0,0.0,0.0,0.0,0.0,True,90,195.0,45.0,False,225.0,225.0,,False,"{""sat"": ""[0.43000001 0.42500001 0.41999999 0.46999997 0.43000001 0.41999999\n 0.41999999 0.46999997 0.46999997]"", ""dul"": ""[0.37       0.34499997 0.31999999 0.31       0.31999999 0.31\n 0.31       0.34999999 0.34999999]"", ""ll"": ""[0.14       0.14500001 0.15000001 0.16       0.14       0.13\n 0.13       0.13       0.13      ]"", ""dlayr"": ""[ 5. 10.  5. 10. 10. 10. 10. 20. 20.]""}"
SYA,2022,0,1000,MaskablePPO,2022-08-19,231,121,53.3,6.292,25.2,19.2,0.0,0.0,13059.903564453125,7383.8177490234375,1.4666519165039062,0.0,0,0,False,0.0,0.0,0.0,0.0,225.0,240.0,,1,0.0,0.0,0.0,0.0,0.0,0.0,0.001,0.0,225.0,240.0,True,30,60,75.0,150.0,240.0,225.0,225.0,late,,,,True,0.05,50.0,0.0,0.0,0.0,0.0,0.0,0.0,True,90,195.0,45.0,False,225.0,225.0,,False,"{""sat"": ""[0.43000001 0.42500001 0.41999999 0.46999997 0.43000001 0.41999999\n 0.41999999 0.46999997 0.46999997]"", ""dul"": ""[0.37       0.34499997 0.31999999 0.31       0.31999999 0.31\n 0.31       0.34999999 0.34999999]"", ""ll"": ""[0.14       0.14500001 0.15000001 0.16       0.14       0.13\n 0.13       0.13       0.13      ]"", ""dlayr"": ""[ 5. 10.  5. 10. 10. 10. 10. 20. 20.]""}"
SYA,2022,0,1000,MaskablePPO,2022-08-20,232,122,0.0,26.096,28.0,14.8,0.0,0.0,13395.33203125,7710.009765625,1.4173970222473145,0.0,0,0,False,0.0,0.0,0.0,0.0,225.0,240.0,,1,0.0,0.0,0.0,0.0,0.0,0.0,0.001,0.0,225.0,240.0,True,30,60,75.0,150.0,240.0,225.0,225.0,late,,,,True,0.05,50.0,0.0,0.0,0.0,0.0,0.0,0.0,True,90,195.0,45.0,False,225.0,225.0,,False,"{""sat"": ""[0.43000001 0.42500001 0.41999999 0.46999997 0.43000001 0.41999999\n 0.41999999 0.46999997 0.46999997]"", ""dul"": ""[0.37       0.34499997 0.31999999 0.31       0.31999999 0.31\n 0.31       0.34999999 0.34999999]"", ""ll"": ""[0.14       0.14500001 0.15000001 0.16       0.14       0.13\n 0.13       0.13       0.13      ]"", ""dlayr"": ""[ 5. 10.  5. 10. 10. 10. 10. 20. 20.]""}"
SYA,2022,0,1000,MaskablePPO,2022-08-21,233,123,0.0,24.486,30.4,15.8,0.0,0.0,13448.267822265625,7795.5584716796875,1.3739101886749268,0.0,0,0,False,0.0,0.0,0.0,0.0,225.0,240.0,,1,0.0,0.0,0.0,0.0,0.0,0.0,0.001,0.0,225.0,240.0,True,30,60,75.0,150.0,240.0,225.0,225.0,late,,,,True,0.05,50.0,0.0,0.0,0.0,0.0,0.0,0.0,True,90,195.0,45.0,False,225.0,225.0,,False,"{""sat"": ""[0.43000001 0.42500001 0.41999999 0.46999997 0.43000001 0.41999999\n 0.41999999 0.46999997 0.46999997]"", ""dul"": ""[0.37       0.34499997 0.31999999 0.31       0.31999999 0.31\n 0.31       0.34999999 0.34999999]"", ""ll"": ""[0.14       0.14500001 0.15000001 0.16       0.14       0.13\n 0.13       0.13       0.13      ]"", ""dlayr"": ""[ 5. 10.  5. 10. 10. 10. 10. 20. 20.]""}"
SYA,2022,0,1000,MaskablePPO,2022-08-22,234,124,3.0,6.213,24.8,16.7,0.0,0.0,13788.892822265625,8121.75048828125,1.3335261344909668,0.0,0,0,False,0.0,0.0,0.0,0.0,225.0,240.0,,1,0.0,0.0,0.0,0.0,0.0,0.0,0.001,0.0,225.0,240.0,True,30,60,75.0,150.0,240.0,225.0,225.0,late,,,,True,0.05,50.0,0.0,0.0,0.0,0.0,0.0,0.0,True,90,195.0,45.0,False,225.0,225.0,,False,"{""sat"": ""[0.43000001 0.42500001 0.41999999 0.46999997 0.43000001 0.41999999\n 0.41999999 0.46999997 0.46999997]"", ""dul"": ""[0.37       0.34499997 0.31999999 0.31       0.31999999 0.31\n 0.31       0.34999999 0.34999999]"", ""ll"": ""[0.14       0.14500001 0.15000001 0.16       0.14       0.13\n 0.13       0.13       0.13      ]"", ""dlayr"": ""[ 5. 10.  5. 10. 10. 10. 10. 20. 20.]""}"
SYA,2022,0,1000,MaskablePPO,2022-08-23,235,125,0.0,26.185,26.7,12.1,0.0,0.0,14111.033935546875,8447.942504882812,1.2877717018127441,0.0,0,0,False,0.0,0.0,0.0,0.0,225.0,240.0,,1,0.0,0.0,0.0,0.0,0.0,0.0,0.001,0.0,225.0,240.0,True,30,60,75.0,150.0,240.0,225.0,225.0,late,,,,True,0.05,50.0,0.0,0.0,0.0,0.0,0.0,0.0,True,90,195.0,45.0,False,225.0,225.0,,False,"{""sat"": ""[0.43000001 0.42500001 0.41999999 0.46999997 0.43000001 0.41999999\n 0.41999999 0.46999997 0.46999997]"", ""dul"": ""[0.37       0.34499997 0.31999999 0.31       0.31999999 0.31\n 0.31       0.34999999 0.34999999]"", ""ll"": ""[0.14       0.14500001 0.15000001 0.16       0.14       0.13\n 0.13       0.13       0.13      ]"", ""dlayr"": ""[ 5. 10.  5. 10. 10. 10. 10. 20. 20.]""}"
SYA,2022,0,1000,MaskablePPO,2022-08-24,236,126,0.0,23.585,27.3,13.6,0.0,0.0,14407.09716796875,8754.388427734375,1.239289402961731,0.0,0,0,False,0.0,0.0,0.0,0.0,225.0,240.0,,1,0.0,0.0,0.0,0.0,0.0,0.0,0.001,0.0,225.0,240.0,True,30,60,75.0,150.0,240.0,225.0,225.0,late,,,,True,0.05,50.0,0.0,0.0,0.0,0.0,0.0,0.0,True,90,195.0,45.0,False,225.0,225.0,,False,"{""sat"": ""[0.43000001 0.42500001 0.41999999 0.46999997 0.43000001 0.41999999\n 0.41999999 0.46999997 0.46999997]"", ""dul"": ""[0.37       0.34499997 0.31999999 0.31       0.31999999 0.31\n 0.31       0.34999999 0.34999999]"", ""ll"": ""[0.14       0.14500001 0.15000001 0.16       0.14       0.13\n 0.13       0.13       0.13      ]"", ""dlayr"": ""[ 5. 10.  5. 10. 10. 10. 10. 20. 20.]""}"
SYA,2022,0,1000,MaskablePPO,2022-08-25,237,127,0.0,23.525,27.0,14.4,0.0,0.0,14575.23681640625,8922.529907226562,1.2008073329925537,0.0,0,0,False,0.0,0.0,0.0,0.0,225.0,240.0,,1,0.0,0.0,0.0,0.0,0.0,0.0,0.001,0.0,225.0,240.0,True,30,60,75.0,150.0,240.0,225.0,225.0,late,,,,True,0.05,50.0,0.0,0.0,0.0,0.0,0.0,0.0,True,90,195.0,45.0,False,225.0,225.0,,False,"{""sat"": ""[0.43000001 0.42500001 0.41999999 0.46999997 0.43000001 0.41999999\n 0.41999999 0.46999997 0.46999997]"", ""dul"": ""[0.37       0.34499997 0.31999999 0.31       0.31999999 0.31\n 0.31       0.34999999 0.34999999]"", ""ll"": ""[0.14       0.14500001 0.15000001 0.16       0.14       0.13\n 0.13       0.13       0.13      ]"", ""dlayr"": ""[ 5. 10.  5. 10. 10. 10. 10. 20. 20.]""}"
SYA,2022,0,1000,MaskablePPO,2022-08-26,238,128,4.5,13.239,22.4,13.1,0.0,0.0,14902.87841796875,9248.721313476562,1.1618297100067139,0.0,0,0,False,0.0,0.0,0.0,0.0,225.0,240.0,,1,0.0,0.0,0.0,0.0,0.0,0.0,0.001,0.0,225.0,240.0,True,30,60,75.0,150.0,240.0,225.0,225.0,late,,,,True,0.05,50.0,0.0,0.0,0.0,0.0,0.0,0.0,True,90,195.0,45.0,False,225.0,225.0,,False,"{""sat"": ""[0.43000001 0.42500001 0.41999999 0.46999997 0.43000001 0.41999999\n 0.41999999 0.46999997 0.46999997]"", ""dul"": ""[0.37       0.34499997 0.31999999 0.31       0.31999999 0.31\n 0.31       0.34999999 0.34999999]"", ""ll"": ""[0.14       0.14500001 0.15000001 0.16       0.14       0.13\n 0.13       0.13       0.13      ]"", ""dlayr"": ""[ 5. 10.  5. 10. 10. 10. 10. 20. 20.]""}"
SYA,2022,0,1000,MaskablePPO,2022-08-27,239,129,0.0,25.643,24.9,10.3,0.0,0.0,15127.728271484375,9475.02197265625,1.11836838722229,0.0,0,0,False,0.0,0.0,0.0,0.0,225.0,240.0,,1,0.0,0.0,0.0,0.0,0.0,0.0,0.001,0.0,225.0,240.0,True,30,60,75.0,150.0,240.0,225.0,225.0,late,,,,True,0.05,50.0,0.0,0.0,0.0,0.0,0.0,0.0,True,90,195.0,45.0,False,225.0,225.0,,False,"{""sat"": ""[0.43000001 0.42500001 0.41999999 0.46999997 0.43000001 0.41999999\n 0.41999999 0.46999997 0.46999997]"", ""dul"": ""[0.37       0.34499997 0.31999999 0.31       0.31999999 0.31\n 0.31       0.34999999 0.34999999]"", ""ll"": ""[0.14       0.14500001 0.15000001 0.16       0.14       0.13\n 0.13       0.13       0.13      ]"", ""dlayr"": ""[ 5. 10.  5. 10. 10. 10. 10. 20. 20.]""}"
SYA,2022,0,1000,MaskablePPO,2022-08-28,240,130,0.0,18.458,25.4,11.4,0.0,0.0,15170.70068359375,9517.991943359375,1.075567603111267,0.0,0,0,False,0.0,0.0,0.0,0.0,225.0,240.0,,1,0.0,0.0,0.0,0.0,0.0,0.0,0.001,0.0,225.0,240.0,True,30,60,75.0,150.0,240.0,225.0,225.0,late,,,,True,0.05,50.0,0.0,0.0,0.0,0.0,0.0,0.0,True,90,195.0,45.0,False,225.0,225.0,,False,"{""sat"": ""[0.43000001 0.42500001 0.41999999 0.46999997 0.43000001 0.41999999\n 0.41999999 0.46999997 0.46999997]"", ""dul"": ""[0.37       0.34499997 0.31999999 0.31       0.31999999 0.31\n 0.31       0.34999999 0.34999999]"", ""ll"": ""[0.14       0.14500001 0.15000001 0.16       0.14       0.13\n 0.13       0.13       0.13      ]"", ""dlayr"": ""[ 5. 10.  5. 10. 10. 10. 10. 20. 20.]""}"
SYA,2022,0,1000,MaskablePPO,2022-08-29,241,131,4.2,3.569,19.7,16.2,0.0,0.0,15425.5078125,9772.799072265625,1.0162376165390015,0.0,0,0,False,0.0,0.0,0.0,0.0,225.0,240.0,,1,0.0,0.0,0.0,0.0,0.0,0.0,0.001,0.0,225.0,240.0,True,30,60,75.0,150.0,240.0,225.0,225.0,late,,,,True,0.05,50.0,0.0,0.0,0.0,0.0,0.0,0.0,True,90,195.0,45.0,False,225.0,225.0,,False,"{""sat"": ""[0.43000001 0.42500001 0.41999999 0.46999997 0.43000001 0.41999999\n 0.41999999 0.46999997 0.46999997]"", ""dul"": ""[0.37       0.34499997 0.31999999 0.31       0.31999999 0.31\n 0.31       0.34999999 0.34999999]"", ""ll"": ""[0.14       0.14500001 0.15000001 0.16       0.14       0.13\n 0.13       0.13       0.13      ]"", ""dlayr"": ""[ 5. 10.  5. 10. 10. 10. 10. 20. 20.]""}"
SYA,2022,0,1000,MaskablePPO,2022-08-30,242,132,0.0,21.875,27.0,15.7,0.0,0.0,15685.390625,10032.684326171875,0.9579709768295288,0.0,0,0,False,0.0,0.0,0.0,0.0,225.0,240.0,,1,0.0,0.0,0.0,0.0,0.0,0.0,0.001,0.0,225.0,240.0,True,30,60,75.0,150.0,240.0,225.0,225.0,late,,,,True,0.05,50.0,0.0,0.0,0.0,0.0,0.0,0.0,True,90,195.0,45.0,False,225.0,225.0,,False,"{""sat"": ""[0.43000001 0.42500001 0.41999999 0.46999997 0.43000001 0.41999999\n 0.41999999 0.46999997 0.46999997]"", ""dul"": ""[0.37       0.34499997 0.31999999 0.31       0.31999999 0.31\n 0.31       0.34999999 0.34999999]"", ""ll"": ""[0.14       0.14500001 0.15000001 0.16       0.14       0.13\n 0.13       0.13       0.13      ]"", ""dlayr"": ""[ 5. 10.  5. 10. 10. 10. 10. 20. 20.]""}"
SYA,2022,0,1000,MaskablePPO,2022-08-31,243,133,0.0,23.22,28.2,13.1,0.0,0.0,15957.57080078125,10304.86328125,0.9099965691566467,0.0,0,0,False,0.0,0.0,0.0,0.0,225.0,240.0,,1,0.0,0.0,0.0,0.0,0.0,0.0,0.001,0.0,225.0,240.0,True,30,60,75.0,150.0,240.0,225.0,225.0,late,,,,True,0.05,50.0,0.0,0.0,0.0,0.0,0.0,0.0,True,90,195.0,45.0,False,225.0,225.0,,False,"{""sat"": ""[0.43000001 0.42500001 0.41999999 0.46999997 0.43000001 0.41999999\n 0.41999999 0.46999997 0.46999997]"", ""dul"": ""[0.37       0.34499997 0.31999999 0.31       0.31999999 0.31\n 0.31       0.34999999 0.34999999]"", ""ll"": ""[0.14       0.14500001 0.15000001 0.16       0.14       0.13\n 0.13       0.13       0.13      ]"", ""dlayr"": ""[ 5. 10.  5. 10. 10. 10. 10. 20. 20.]""}"
SYA,2022,0,1000,MaskablePPO,2022-09-01,244,134,0.0,25.276,24.4,11.8,0.0,0.0,15957.57080078125,10304.86328125,0.9099965691566467,0.0,0,0,False,0.0,0.0,0.0,0.0,225.0,240.0,,1,0.0,0.0,0.0,0.0,0.0,0.0,0.001,0.0,225.0,240.0,True,30,60,75.0,150.0,240.0,225.0,225.0,late,,,,True,0.05,50.0,0.0,0.0,0.0,0.0,0.0,0.0,True,90,195.0,45.0,False,225.0,225.0,,False,"{""sat"": ""[0.43000001 0.42500001 0.41999999 0.46999997 0.43000001 0.41999999\n 0.41999999 0.46999997 0.46999997]"", ""dul"": ""[0.37       0.34499997 0.31999999 0.31       0.31999999 0.31\n 0.31       0.34999999 0.34999999]"", ""ll"": ""[0.14       0.14500001 0.15000001 0.16       0.14       0.13\n 0.13       0.13       0.13      ]"", ""dlayr"": ""[ 5. 10.  5. 10. 10. 10. 10. 20. 20.]""}"
SYA,2022,0,1000,MaskablePPO,2022-09-02,245,135,0.0,24.542,27.8,9.5,0.0,0.0,15957.57080078125,10304.86328125,0.9099965691566467,0.0,0,0,False,0.0,0.0,0.0,0.0,225.0,240.0,,1,0.0,0.0,0.0,0.0,0.0,0.0,0.001,0.0,225.0,240.0,True,30,60,75.0,150.0,240.0,225.0,225.0,late,,,,True,0.05,50.0,0.0,0.0,0.0,0.0,0.0,0.0,True,90,195.0,45.0,False,225.0,225.0,,False,"{""sat"": ""[0.43000001 0.42500001 0.41999999 0.46999997 0.43000001 0.41999999\n 0.41999999 0.46999997 0.46999997]"", ""dul"": ""[0.37       0.34499997 0.31999999 0.31       0.31999999 0.31\n 0.31       0.34999999 0.34999999]"", ""ll"": ""[0.14       0.14500001 0.15000001 0.16       0.14       0.13\n 0.13       0.13       0.13      ]"", ""dlayr"": ""[ 5. 10.  5. 10. 10. 10. 10. 20. 20.]""}"
SYA,2022,0,1000,MaskablePPO,2022-09-03,246,136,0.0,22.487,29.5,13.4,0.0,0.0,15957.57080078125,10304.86328125,0.9099965691566467,0.0,0,0,False,0.0,0.0,0.0,0.0,225.0,240.0,,1,0.0,0.0,0.0,0.0,0.0,0.0,0.001,0.0,225.0,240.0,True,30,60,75.0,150.0,240.0,225.0,225.0,late,,,,True,0.05,50.0,0.0,0.0,0.0,0.0,0.0,0.0,True,90,195.0,45.0,False,225.0,225.0,,False,"{""sat"": ""[0.43000001 0.42500001 0.41999999 0.46999997 0.43000001 0.41999999\n 0.41999999 0.46999997 0.46999997]"", ""dul"": ""[0.37       0.34499997 0.31999999 0.31       0.31999999 0.31\n 0.31       0.34999999 0.34999999]"", ""ll"": ""[0.14       0.14500001 0.15000001 0.16       0.14       0.13\n 0.13       0.13       0.13      ]"", ""dlayr"": ""[ 5. 10.  5. 10. 10. 10. 10. 20. 20.]""}"
SYA,2022,0,1000,MaskablePPO,2022-09-04,247,137,8.0,8.87,23.7,17.5,0.0,0.0,15957.57080078125,10304.86328125,0.9099965691566467,1.6281683984375,0,0,False,0.0,0.0,0.0,0.0,225.0,240.0,,1,1628.1683984375,0.0,0.0,0.0,0.0,1628.1683984375,0.001,1.6281683984375,225.0,240.0,True,30,60,75.0,150.0,240.0,225.0,225.0,late,,,,True,0.05,50.0,0.0,0.0,0.0,0.0,1.6281683984375,1.6281683984375,True,90,195.0,45.0,False,225.0,225.0,,True,"{""sat"": ""[0.43000001 0.42500001 0.41999999 0.46999997 0.43000001 0.41999999\n 0.41999999 0.46999997 0.46999997]"", ""dul"": ""[0.37       0.34499997 0.31999999 0.31       0.31999999 0.31\n 0.31       0.34999999 0.34999999]"", ""ll"": ""[0.14       0.14500001 0.15000001 0.16       0.14       0.13\n 0.13       0.13       0.13      ]"", ""dlayr"": ""[ 5. 10.  5. 10. 10. 10. 10. 20. 20.]""}"
