site,station,requested_year,algorithm,seed,checkpoint,scenario,year_out,doy,das,rainfall_mm,tmax_c,tmin_c,dap,grain_yield_kg_ha,biomass_kg_ha,water_stress_index_wspd,nitrogen_stress_index_nstd,soil_water_mm,irrigation_executed_mm,nitrogen_executed_kg_ha,common_reward_step,cumulative_common_reward,date,temperature_source_qc,reward_provenance
HLA,Hailun,2010,DQN,,,null,2010,125,1,8.6,13.7,6.2,0.0,0.0,0.0,0.0,0.0,238,0.0,0.0,-0.0,-0.0,2010-05-05,pass,"counterfactual_common_baseline_relative=max(0,final_yield-null)-I-5N"
HLA,Hailun,2010,DQN,,,null,2010,126,2,48.3,6.6,5.3,1.0,0.0,0.0,0.0,0.0,269,0.0,0.0,-0.0,-0.0,2010-05-06,pass,"counterfactual_common_baseline_relative=max(0,final_yield-null)-I-5N"
HLA,Hailun,2010,DQN,,,null,2010,127,3,1.1,11.8,4.3,2.0,0.0,0.0,0.0,0.0,267,0.0,0.0,-0.0,-0.0,2010-05-07,pass,"counterfactual_common_baseline_relative=max(0,final_yield-null)-I-5N"
HLA,Hailun,2010,DQN,,,null,2010,128,4,0.0,11.0,2.5,3.0,0.0,0.0,0.0,0.0,264,0.0,0.0,-0.0,-0.0,2010-05-08,pass,"counterfactual_common_baseline_relative=max(0,final_yield-null)-I-5N"
HLA,Hailun,2010,DQN,,,null,2010,129,5,1.8,12.1,1.8,4.0,0.0,0.0,0.0,0.0,264,0.0,0.0,-0.0,-0.0,2010-05-09,pass,"counterfactual_common_baseline_relative=max(0,final_yield-null)-I-5N"
HLA,Hailun,2010,DQN,,,null,2010,130,6,11.0,10.5,6.3,5.0,0.0,0.0,0.0,0.0,273,0.0,0.0,-0.0,-0.0,2010-05-10,pass,"counterfactual_common_baseline_relative=max(0,final_yield-null)-I-5N"
HLA,Hailun,2010,DQN,,,null,2010,131,7,0.4,13.3,6.5,6.0,0.0,0.0,0.0,0.0,271,0.0,0.0,-0.0,-0.0,2010-05-11,pass,"counterfactual_common_baseline_relative=max(0,final_yield-null)-I-5N"
HLA,Hailun,2010,DQN,,,null,2010,132,8,0.0,15.7,6.1,7.0,0.0,0.0,0.0,0.0,268,0.0,0.0,-0.0,-0.0,2010-05-12,pass,"counterfactual_common_baseline_relative=max(0,final_yield-null)-I-5N"
HLA,Hailun,2010,DQN,,,null,2010,133,9,0.0,20.2,4.2,8.0,0.0,0.0,0.0,0.0,265,0.0,0.0,-0.0,-0.0,2010-05-13,pass,"counterfactual_common_baseline_relative=max(0,final_yield-null)-I-5N"
HLA,Hailun,2010,DQN,,,null,2010,134,10,0.0,20.7,8.2,9.0,0.0,0.0,0.0,0.0,263,0.0,0.0,-0.0,-0.0,2010-05-14,pass,"counterfactual_common_baseline_relative=max(0,final_yield-null)-I-5N"
HLA,Hailun,2010,DQN,,,null,2010,135,11,2.0,20.9,11.0,10.0,0.0,0.0,0.0,0.0,264,0.0,0.0,-0.0,-0.0,2010-05-15,pass,"counterfactual_common_baseline_relative=max(0,final_yield-null)-I-5N"
HLA,Hailun,2010,DQN,,,null,2010,136,12,0.0,24.8,8.1,11.0,0.0,0.0,0.0,0.0,262,0.0,0.0,-0.0,-0.0,2010-05-16,pass,"counterfactual_common_baseline_relative=max(0,final_yield-null)-I-5N"
HLA,Hailun,2010,DQN,,,null,2010,137,13,2.9,21.9,13.0,12.0,0.0,0.0,0.0,0.0,263,0.0,0.0,-0.0,-0.0,2010-05-17,pass,"counterfactual_common_baseline_relative=max(0,final_yield-null)-I-5N"
HLA,Hailun,2010,DQN,,,null,2010,138,14,0.0,20.0,12.7,13.0,0.0,0.0,0.0,0.0,262,0.0,0.0,-0.0,-0.0,2010-05-18,pass,"counterfactual_common_baseline_relative=max(0,final_yield-null)-I-5N"
HLA,Hailun,2010,DQN,,,null,2010,139,15,9.2,19.2,12.3,14.0,0.0,0.0,0.0,0.0,267,0.0,0.0,-0.0,-0.0,2010-05-19,pass,"counterfactual_common_baseline_relative=max(0,final_yield-null)-I-5N"
HLA,Hailun,2010,DQN,,,null,2010,140,16,7.1,20.3,11.8,15.0,0.0,20.0,0.0,0.012,271,0.0,0.0,-0.0,-0.0,2010-05-20,pass,"counterfactual_common_baseline_relative=max(0,final_yield-null)-I-5N"
HLA,Hailun,2010,DQN,,,null,2010,141,17,1.5,25.7,12.3,16.0,0.0,20.0,0.0,0.016,266,0.0,0.0,-0.0,-0.0,2010-05-21,pass,"counterfactual_common_baseline_relative=max(0,final_yield-null)-I-5N"
HLA,Hailun,2010,DQN,,,null,2010,142,18,0.0,27.1,14.4,17.0,0.0,20.0,0.0,0.011,264,0.0,0.0,-0.0,-0.0,2010-05-22,pass,"counterfactual_common_baseline_relative=max(0,final_yield-null)-I-5N"
HLA,Hailun,2010,DQN,,,null,2010,143,19,0.0,32.1,14.4,18.0,0.0,20.0,0.0,0.004,263,0.0,0.0,-0.0,-0.0,2010-05-23,pass,"counterfactual_common_baseline_relative=max(0,final_yield-null)-I-5N"
HLA,Hailun,2010,DQN,,,null,2010,144,20,0.0,27.6,19.5,19.0,0.0,20.0,0.0,0.0,262,0.0,0.0,-0.0,-0.0,2010-05-24,pass,"counterfactual_common_baseline_relative=max(0,final_yield-null)-I-5N"
HLA,Hailun,2010,DQN,,,null,2010,145,21,0.0,26.6,14.4,20.0,0.0,20.0,0.0,0.0,261,0.0,0.0,-0.0,-0.0,2010-05-25,pass,"counterfactual_common_baseline_relative=max(0,final_yield-null)-I-5N"
HLA,Hailun,2010,DQN,,,null,2010,146,22,0.0,25.6,10.8,21.0,0.0,20.0,0.0,0.0,260,0.0,0.0,-0.0,-0.0,2010-05-26,pass,"counterfactual_common_baseline_relative=max(0,final_yield-null)-I-5N"
HLA,Hailun,2010,DQN,,,null,2010,147,23,0.0,27.3,7.3,22.0,0.0,24.0,0.0,0.0,259,0.0,0.0,-0.0,-0.0,2010-05-27,pass,"counterfactual_common_baseline_relative=max(0,final_yield-null)-I-5N"
HLA,Hailun,2010,DQN,,,null,2010,148,24,0.0,27.2,13.5,23.0,0.0,30.0,0.0,0.0,258,0.0,0.0,-0.0,-0.0,2010-05-28,pass,"counterfactual_common_baseline_relative=max(0,final_yield-null)-I-5N"
HLA,Hailun,2010,DQN,,,null,2010,149,25,4.4,23.4,13.8,24.0,0.0,36.0,0.0,0.0,259,0.0,0.0,-0.0,-0.0,2010-05-29,pass,"counterfactual_common_baseline_relative=max(0,final_yield-null)-I-5N"
HLA,Hailun,2010,DQN,,,null,2010,150,26,0.0,25.5,13.8,25.0,0.0,44.0,0.0,0.0,258,0.0,0.0,-0.0,-0.0,2010-05-30,pass,"counterfactual_common_baseline_relative=max(0,final_yield-null)-I-5N"
HLA,Hailun,2010,DQN,,,null,2010,151,27,0.0,28.3,11.7,26.0,0.0,53.0,0.0,0.0,257,0.0,0.0,-0.0,-0.0,2010-05-31,pass,"counterfactual_common_baseline_relative=max(0,final_yield-null)-I-5N"
HLA,Hailun,2010,DQN,,,null,2010,152,28,0.0,28.9,14.3,27.0,0.0,65.0,0.0,0.0,256,0.0,0.0,-0.0,-0.0,2010-06-01,pass,"counterfactual_common_baseline_relative=max(0,final_yield-null)-I-5N"
HLA,Hailun,2010,DQN,,,null,2010,153,29,0.0,154.3,15.5,28.0,0.0,65.0,0.416,0.0,252,0.0,0.0,-0.0,-0.0,2010-06-02,source_anomaly_preserved_not_imputed,"counterfactual_common_baseline_relative=max(0,final_yield-null)-I-5N"
HLA,Hailun,2010,DQN,,,null,2010,154,30,0.0,30.8,14.2,29.0,0.0,89.0,0.0,0.0,251,0.0,0.0,-0.0,-0.0,2010-06-03,pass,"counterfactual_common_baseline_relative=max(0,final_yield-null)-I-5N"
HLA,Hailun,2010,DQN,,,null,2010,155,31,0.0,34.3,16.7,30.0,0.0,117.0,0.0,0.0,249,0.0,0.0,-0.0,-0.0,2010-06-04,pass,"counterfactual_common_baseline_relative=max(0,final_yield-null)-I-5N"
HLA,Hailun,2010,DQN,,,null,2010,156,32,0.0,31.5,18.7,31.0,0.0,141.0,0.0,0.0,248,0.0,0.0,-0.0,-0.0,2010-06-05,pass,"counterfactual_common_baseline_relative=max(0,final_yield-null)-I-5N"
HLA,Hailun,2010,DQN,,,null,2010,157,33,0.0,27.3,12.7,32.0,0.0,168.0,0.0,0.004,246,0.0,0.0,-0.0,-0.0,2010-06-06,pass,"counterfactual_common_baseline_relative=max(0,final_yield-null)-I-5N"
HLA,Hailun,2010,DQN,,,null,2010,158,34,0.0,33.1,18.0,33.0,0.0,213.0,0.0,0.0,244,0.0,0.0,-0.0,-0.0,2010-06-07,pass,"counterfactual_common_baseline_relative=max(0,final_yield-null)-I-5N"
HLA,Hailun,2010,DQN,,,null,2010,159,35,0.0,34.8,21.1,34.0,0.0,272.0,0.0,0.0,242,0.0,0.0,-0.0,-0.0,2010-06-08,pass,"counterfactual_common_baseline_relative=max(0,final_yield-null)-I-5N"
HLA,Hailun,2010,DQN,,,null,2010,160,36,0.0,32.3,15.5,35.0,0.0,328.0,0.0,0.0,240,0.0,0.0,-0.0,-0.0,2010-06-09,pass,"counterfactual_common_baseline_relative=max(0,final_yield-null)-I-5N"
HLA,Hailun,2010,DQN,,,null,2010,161,37,0.0,36.4,18.9,36.0,0.0,406.0,0.0,0.0,237,0.0,0.0,-0.0,-0.0,2010-06-10,pass,"counterfactual_common_baseline_relative=max(0,final_yield-null)-I-5N"
HLA,Hailun,2010,DQN,,,null,2010,162,38,0.0,36.7,20.3,37.0,0.0,498.0,0.0,0.0,234,0.0,0.0,-0.0,-0.0,2010-06-11,pass,"counterfactual_common_baseline_relative=max(0,final_yield-null)-I-5N"
HLA,Hailun,2010,DQN,,,null,2010,163,39,1.5,26.8,19.4,38.0,0.0,567.0,0.0,0.0,233,0.0,0.0,-0.0,-0.0,2010-06-12,pass,"counterfactual_common_baseline_relative=max(0,final_yield-null)-I-5N"
HLA,Hailun,2010,DQN,,,null,2010,164,40,0.0,29.4,18.2,39.0,0.0,657.0,0.0,0.0,230,0.0,0.0,-0.0,-0.0,2010-06-13,pass,"counterfactual_common_baseline_relative=max(0,final_yield-null)-I-5N"
HLA,Hailun,2010,DQN,,,null,2010,165,41,0.0,30.3,18.6,40.0,0.0,755.0,0.0,0.0,227,0.0,0.0,-0.0,-0.0,2010-06-14,pass,"counterfactual_common_baseline_relative=max(0,final_yield-null)-I-5N"
HLA,Hailun,2010,DQN,,,null,2010,166,42,0.0,26.8,18.0,41.0,0.0,845.0,0.0,0.0,224,0.0,0.0,-0.0,-0.0,2010-06-15,pass,"counterfactual_common_baseline_relative=max(0,final_yield-null)-I-5N"
HLA,Hailun,2010,DQN,,,null,2010,167,43,16.0,28.7,16.3,42.0,0.0,939.0,0.0,0.0,235,0.0,0.0,-0.0,-0.0,2010-06-16,pass,"counterfactual_common_baseline_relative=max(0,final_yield-null)-I-5N"
HLA,Hailun,2010,DQN,,,null,2010,168,44,0.0,30.7,15.9,43.0,0.0,1044.0,0.0,0.0,230,0.0,0.0,-0.0,-0.0,2010-06-17,pass,"counterfactual_common_baseline_relative=max(0,final_yield-null)-I-5N"
HLA,Hailun,2010,DQN,,,null,2010,169,45,0.0,32.0,18.8,44.0,0.0,1169.0,0.0,0.0,224,0.0,0.0,-0.0,-0.0,2010-06-18,pass,"counterfactual_common_baseline_relative=max(0,final_yield-null)-I-5N"
HLA,Hailun,2010,DQN,,,null,2010,170,46,6.2,33.4,19.9,45.0,0.0,1312.0,0.0,0.0,225,0.0,0.0,-0.0,-0.0,2010-06-19,pass,"counterfactual_common_baseline_relative=max(0,final_yield-null)-I-5N"
HLA,Hailun,2010,DQN,,,null,2010,171,47,0.0,22.4,15.2,46.0,0.0,1399.0,0.0,0.0,219,0.0,0.0,-0.0,-0.0,2010-06-20,pass,"counterfactual_common_baseline_relative=max(0,final_yield-null)-I-5N"
HLA,Hailun,2010,DQN,,,null,2010,172,48,5.3,19.8,11.0,47.0,0.0,1461.0,0.0,0.0,222,0.0,0.0,-0.0,-0.0,2010-06-21,pass,"counterfactual_common_baseline_relative=max(0,final_yield-null)-I-5N"
HLA,Hailun,2010,DQN,,,null,2010,173,49,0.0,26.7,9.9,48.0,0.0,1549.0,0.0,0.0,216,0.0,0.0,-0.0,-0.0,2010-06-22,pass,"counterfactual_common_baseline_relative=max(0,final_yield-null)-I-5N"
HLA,Hailun,2010,DQN,,,null,2010,174,50,0.0,33.3,14.9,49.0,0.0,1696.0,0.0,0.0,209,0.0,0.0,-0.0,-0.0,2010-06-23,pass,"counterfactual_common_baseline_relative=max(0,final_yield-null)-I-5N"
HLA,Hailun,2010,DQN,,,null,2010,175,51,0.0,37.4,19.7,50.0,0.0,1891.0,0.0,0.0,201,0.0,0.0,-0.0,-0.0,2010-06-24,pass,"counterfactual_common_baseline_relative=max(0,final_yield-null)-I-5N"
HLA,Hailun,2010,DQN,,,null,2010,176,52,0.0,35.4,19.9,51.0,0.0,2097.0,0.0,0.0,193,0.0,0.0,-0.0,-0.0,2010-06-25,pass,"counterfactual_common_baseline_relative=max(0,final_yield-null)-I-5N"
HLA,Hailun,2010,DQN,,,null,2010,177,53,0.0,37.1,20.7,52.0,0.0,2331.0,0.0,0.0,186,0.0,0.0,-0.0,-0.0,2010-06-26,pass,"counterfactual_common_baseline_relative=max(0,final_yield-null)-I-5N"
HLA,Hailun,2010,DQN,,,null,2010,178,54,0.0,35.9,20.7,53.0,0.0,2581.0,0.0,0.0,179,0.0,0.0,-0.0,-0.0,2010-06-27,pass,"counterfactual_common_baseline_relative=max(0,final_yield-null)-I-5N"
HLA,Hailun,2010,DQN,,,null,2010,179,55,0.0,32.6,21.7,54.0,0.0,2840.0,0.0,0.0,173,0.0,0.0,-0.0,-0.0,2010-06-28,pass,"counterfactual_common_baseline_relative=max(0,final_yield-null)-I-5N"
HLA,Hailun,2010,DQN,,,null,2010,180,56,3.8,31.0,20.1,55.0,0.0,3094.0,0.0,0.0,171,0.0,0.0,-0.0,-0.0,2010-06-29,pass,"counterfactual_common_baseline_relative=max(0,final_yield-null)-I-5N"
HLA,Hailun,2010,DQN,,,null,2010,181,57,2.6,28.8,21.6,56.0,0.0,3354.0,0.0,0.0,170,0.0,0.0,-0.0,-0.0,2010-06-30,pass,"counterfactual_common_baseline_relative=max(0,final_yield-null)-I-5N"
HLA,Hailun,2010,DQN,,,null,2010,182,58,0.0,29.2,21.6,57.0,0.0,3644.0,0.0,0.0,165,0.0,0.0,-0.0,-0.0,2010-07-01,pass,"counterfactual_common_baseline_relative=max(0,final_yield-null)-I-5N"
HLA,Hailun,2010,DQN,,,null,2010,183,59,15.3,29.0,19.7,58.0,0.0,3935.0,0.0,0.0,176,0.0,0.0,-0.0,-0.0,2010-07-02,pass,"counterfactual_common_baseline_relative=max(0,final_yield-null)-I-5N"
HLA,Hailun,2010,DQN,,,null,2010,184,60,0.0,30.5,19.5,59.0,0.0,4258.0,0.0,0.0,170,0.0,0.0,-0.0,-0.0,2010-07-03,pass,"counterfactual_common_baseline_relative=max(0,final_yield-null)-I-5N"
HLA,Hailun,2010,DQN,,,null,2010,185,61,13.1,26.1,16.7,60.0,0.0,4431.0,0.0,0.0,180,0.0,0.0,-0.0,-0.0,2010-07-04,pass,"counterfactual_common_baseline_relative=max(0,final_yield-null)-I-5N"
HLA,Hailun,2010,DQN,,,null,2010,186,62,4.4,22.7,15.8,61.0,0.0,4675.0,0.0,0.0,182,0.0,0.0,-0.0,-0.0,2010-07-05,pass,"counterfactual_common_baseline_relative=max(0,final_yield-null)-I-5N"
HLA,Hailun,2010,DQN,,,null,2010,187,63,0.0,20.3,14.9,62.0,0.0,4904.0,0.0,0.0,179,0.0,0.0,-0.0,-0.0,2010-07-06,pass,"counterfactual_common_baseline_relative=max(0,final_yield-null)-I-5N"
HLA,Hailun,2010,DQN,,,null,2010,188,64,0.0,21.9,15.3,63.0,0.0,5130.0,0.0,0.0,176,0.0,0.0,-0.0,-0.0,2010-07-07,pass,"counterfactual_common_baseline_relative=max(0,final_yield-null)-I-5N"
HLA,Hailun,2010,DQN,,,null,2010,189,65,0.0,26.6,14.5,64.0,0.0,5377.0,0.0,0.0,171,0.0,0.0,-0.0,-0.0,2010-07-08,pass,"counterfactual_common_baseline_relative=max(0,final_yield-null)-I-5N"
HLA,Hailun,2010,DQN,,,null,2010,190,66,0.0,27.9,17.5,65.0,0.0,5649.0,0.0,0.0,165,0.0,0.0,-0.0,-0.0,2010-07-09,pass,"counterfactual_common_baseline_relative=max(0,final_yield-null)-I-5N"
HLA,Hailun,2010,DQN,,,null,2010,191,67,0.0,28.1,16.6,66.0,0.0,5905.0,0.0,0.0,160,0.0,0.0,-0.0,-0.0,2010-07-10,pass,"counterfactual_common_baseline_relative=max(0,final_yield-null)-I-5N"
HLA,Hailun,2010,DQN,,,null,2010,192,68,0.0,30.5,16.0,67.0,0.0,6168.0,0.0,0.0,155,0.0,0.0,-0.0,-0.0,2010-07-11,pass,"counterfactual_common_baseline_relative=max(0,final_yield-null)-I-5N"
HLA,Hailun,2010,DQN,,,null,2010,193,69,0.0,30.0,16.2,68.0,0.0,6422.0,0.0,0.0,148,0.0,0.0,-0.0,-0.0,2010-07-12,pass,"counterfactual_common_baseline_relative=max(0,final_yield-null)-I-5N"
HLA,Hailun,2010,DQN,,,null,2010,194,70,0.0,29.0,18.6,69.0,0.0,6682.0,0.0,0.0,142,0.0,0.0,-0.0,-0.0,2010-07-13,pass,"counterfactual_common_baseline_relative=max(0,final_yield-null)-I-5N"
HLA,Hailun,2010,DQN,,,null,2010,195,71,0.0,30.4,13.8,70.0,0.0,6910.0,0.0,0.0,136,0.0,0.0,-0.0,-0.0,2010-07-14,pass,"counterfactual_common_baseline_relative=max(0,final_yield-null)-I-5N"
HLA,Hailun,2010,DQN,,,null,2010,196,72,4.1,28.8,18.8,71.0,0.0,7163.0,0.0,0.0,135,0.0,0.0,-0.0,-0.0,2010-07-15,pass,"counterfactual_common_baseline_relative=max(0,final_yield-null)-I-5N"
HLA,Hailun,2010,DQN,,,null,2010,197,73,31.2,24.1,19.8,72.0,0.0,7234.0,0.0,0.0,161,0.0,0.0,-0.0,-0.0,2010-07-16,pass,"counterfactual_common_baseline_relative=max(0,final_yield-null)-I-5N"
HLA,Hailun,2010,DQN,,,null,2010,198,74,0.0,26.4,22.3,73.0,0.0,7495.0,0.0,0.0,156,0.0,0.0,-0.0,-0.0,2010-07-17,pass,"counterfactual_common_baseline_relative=max(0,final_yield-null)-I-5N"
HLA,Hailun,2010,DQN,,,null,2010,199,75,0.0,28.0,19.1,74.0,0.0,7744.0,0.0,0.0,153,0.0,0.0,-0.0,-0.0,2010-07-18,pass,"counterfactual_common_baseline_relative=max(0,final_yield-null)-I-5N"
HLA,Hailun,2010,DQN,,,null,2010,200,76,6.3,27.4,16.1,75.0,0.0,7964.0,0.0,0.0,155,0.0,0.0,-0.0,-0.0,2010-07-19,pass,"counterfactual_common_baseline_relative=max(0,final_yield-null)-I-5N"
HLA,Hailun,2010,DQN,,,null,2010,201,77,0.2,24.7,19.1,76.0,0.0,8147.0,0.0,0.0,153,0.0,0.0,-0.0,-0.0,2010-07-20,pass,"counterfactual_common_baseline_relative=max(0,final_yield-null)-I-5N"
HLA,Hailun,2010,DQN,,,null,2010,202,78,1.3,27.9,17.8,77.0,0.0,8386.0,0.0,0.0,149,0.0,0.0,-0.0,-0.0,2010-07-21,pass,"counterfactual_common_baseline_relative=max(0,final_yield-null)-I-5N"
HLA,Hailun,2010,DQN,,,null,2010,203,79,0.2,28.3,17.5,78.0,0.0,8854.0,0.0,0.0,143,0.0,0.0,-0.0,-0.0,2010-07-22,pass,"counterfactual_common_baseline_relative=max(0,final_yield-null)-I-5N"
HLA,Hailun,2010,DQN,,,null,2010,204,80,0.3,29.6,17.0,79.0,0.0,9323.0,0.0,0.0,137,0.0,0.0,-0.0,-0.0,2010-07-23,pass,"counterfactual_common_baseline_relative=max(0,final_yield-null)-I-5N"
HLA,Hailun,2010,DQN,,,null,2010,205,81,0.0,29.8,19.1,80.0,0.0,9744.0,0.0,0.0,131,0.0,0.0,-0.0,-0.0,2010-07-24,pass,"counterfactual_common_baseline_relative=max(0,final_yield-null)-I-5N"
HLA,Hailun,2010,DQN,,,null,2010,206,82,0.0,29.7,19.1,81.0,0.0,10168.0,0.0,0.0,126,0.0,0.0,-0.0,-0.0,2010-07-25,pass,"counterfactual_common_baseline_relative=max(0,final_yield-null)-I-5N"
HLA,Hailun,2010,DQN,,,null,2010,207,83,9.8,27.9,17.4,82.0,0.0,10432.0,0.0,0.0,132,0.0,0.0,-0.0,-0.0,2010-07-26,pass,"counterfactual_common_baseline_relative=max(0,final_yield-null)-I-5N"
HLA,Hailun,2010,DQN,,,null,2010,208,84,0.0,26.8,13.2,83.0,0.0,10688.0,0.0,0.0,128,0.0,0.0,-0.0,-0.0,2010-07-27,pass,"counterfactual_common_baseline_relative=max(0,final_yield-null)-I-5N"
HLA,Hailun,2010,DQN,,,null,2010,209,85,0.0,23.5,11.1,84.0,0.0,11085.0,0.0,0.0,123,0.0,0.0,-0.0,-0.0,2010-07-28,pass,"counterfactual_common_baseline_relative=max(0,final_yield-null)-I-5N"
HLA,Hailun,2010,DQN,,,null,2010,210,86,0.0,27.2,12.5,85.0,0.0,11465.0,0.0,0.0,118,0.0,0.0,-0.0,-0.0,2010-07-29,pass,"counterfactual_common_baseline_relative=max(0,final_yield-null)-I-5N"
HLA,Hailun,2010,DQN,,,null,2010,211,87,4.2,27.9,17.0,86.0,0.0,11764.0,0.0,0.0,118,0.0,0.0,-0.0,-0.0,2010-07-30,pass,"counterfactual_common_baseline_relative=max(0,final_yield-null)-I-5N"
HLA,Hailun,2010,DQN,,,null,2010,212,88,0.0,25.1,16.4,87.0,0.0,12091.0,0.0,0.0,113,0.0,0.0,-0.0,-0.0,2010-07-31,pass,"counterfactual_common_baseline_relative=max(0,final_yield-null)-I-5N"
HLA,Hailun,2010,DQN,,,null,2010,213,89,0.0,23.9,11.4,88.0,0.0,12425.0,0.0,0.0,109,0.0,0.0,-0.0,-0.0,2010-08-01,pass,"counterfactual_common_baseline_relative=max(0,final_yield-null)-I-5N"
HLA,Hailun,2010,DQN,,,null,2010,214,90,0.0,26.7,14.0,89.0,0.0,12589.0,0.532,0.0,106,0.0,0.0,-0.0,-0.0,2010-08-02,pass,"counterfactual_common_baseline_relative=max(0,final_yield-null)-I-5N"
HLA,Hailun,2010,DQN,,,null,2010,215,91,0.0,27.2,16.7,90.0,0.0,12682.0,0.332,0.0,104,0.0,0.0,-0.0,-0.0,2010-08-03,pass,"counterfactual_common_baseline_relative=max(0,final_yield-null)-I-5N"
HLA,Hailun,2010,DQN,,,null,2010,216,92,0.0,23.5,16.3,91.0,211.0,12800.0,0.0,0.0,103,0.0,0.0,-0.0,-0.0,2010-08-04,pass,"counterfactual_common_baseline_relative=max(0,final_yield-null)-I-5N"
HLA,Hailun,2010,DQN,,,null,2010,217,93,0.0,22.8,19.6,92.0,406.0,12931.0,0.135,0.0,102,0.0,0.0,-0.0,-0.0,2010-08-05,pass,"counterfactual_common_baseline_relative=max(0,final_yield-null)-I-5N"
HLA,Hailun,2010,DQN,,,null,2010,218,94,0.0,20.1,14.5,93.0,616.0,13042.0,0.0,0.0,101,0.0,0.0,-0.0,-0.0,2010-08-06,pass,"counterfactual_common_baseline_relative=max(0,final_yield-null)-I-5N"
HLA,Hailun,2010,DQN,,,null,2010,219,95,0.0,26.8,13.0,94.0,740.0,13144.0,0.751,0.0,99,0.0,0.0,-0.0,-0.0,2010-08-07,pass,"counterfactual_common_baseline_relative=max(0,final_yield-null)-I-5N"
HLA,Hailun,2010,DQN,,,null,2010,220,96,0.6,20.4,15.0,95.0,950.0,13241.0,0.0,0.0,99,0.0,0.0,-0.0,-0.0,2010-08-08,pass,"counterfactual_common_baseline_relative=max(0,final_yield-null)-I-5N"
HLA,Hailun,2010,DQN,,,null,2010,221,97,16.0,25.3,17.1,96.0,1071.0,13286.0,0.776,0.0,115,0.0,0.0,-0.0,-0.0,2010-08-09,pass,"counterfactual_common_baseline_relative=max(0,final_yield-null)-I-5N"
HLA,Hailun,2010,DQN,,,null,2010,222,98,4.4,23.6,15.2,97.0,1281.0,13615.0,0.0,0.0,114,0.0,0.0,-0.0,-0.0,2010-08-10,pass,"counterfactual_common_baseline_relative=max(0,final_yield-null)-I-5N"
HLA,Hailun,2010,DQN,,,null,2010,223,99,0.0,26.3,13.4,98.0,1492.0,13939.0,0.0,0.0,110,0.0,0.0,-0.0,-0.0,2010-08-11,pass,"counterfactual_common_baseline_relative=max(0,final_yield-null)-I-5N"
HLA,Hailun,2010,DQN,,,null,2010,224,100,0.0,25.1,14.6,99.0,1703.0,14275.0,0.0,0.0,105,0.0,0.0,-0.0,-0.0,2010-08-12,pass,"counterfactual_common_baseline_relative=max(0,final_yield-null)-I-5N"
HLA,Hailun,2010,DQN,,,null,2010,225,101,0.0,26.0,10.8,100.0,1913.0,14572.0,0.0,0.0,101,0.0,0.0,-0.0,-0.0,2010-08-13,pass,"counterfactual_common_baseline_relative=max(0,final_yield-null)-I-5N"
HLA,Hailun,2010,DQN,,,null,2010,226,102,34.7,22.7,15.9,101.0,2098.0,14667.0,0.224,0.0,130,0.0,0.0,-0.0,-0.0,2010-08-14,pass,"counterfactual_common_baseline_relative=max(0,final_yield-null)-I-5N"
HLA,Hailun,2010,DQN,,,null,2010,227,103,10.5,22.5,15.3,102.0,2308.0,14937.0,0.0,0.0,137,0.0,0.0,-0.0,-0.0,2010-08-15,pass,"counterfactual_common_baseline_relative=max(0,final_yield-null)-I-5N"
HLA,Hailun,2010,DQN,,,null,2010,228,104,0.0,25.7,11.7,103.0,2519.0,15201.0,0.0,0.0,132,0.0,0.0,-0.0,-0.0,2010-08-16,pass,"counterfactual_common_baseline_relative=max(0,final_yield-null)-I-5N"
HLA,Hailun,2010,DQN,,,null,2010,229,105,0.0,27.9,14.5,104.0,2729.0,15412.0,0.0,0.0,127,0.0,0.0,-0.0,-0.0,2010-08-17,pass,"counterfactual_common_baseline_relative=max(0,final_yield-null)-I-5N"
HLA,Hailun,2010,DQN,,,null,2010,230,106,0.0,27.8,17.8,105.0,2940.0,15622.0,0.0,0.0,122,0.0,0.0,-0.0,-0.0,2010-08-18,pass,"counterfactual_common_baseline_relative=max(0,final_yield-null)-I-5N"
HLA,Hailun,2010,DQN,,,null,2010,231,107,0.8,23.9,18.6,106.0,3151.0,15730.0,0.0,0.0,122,0.0,0.0,-0.0,-0.0,2010-08-19,pass,"counterfactual_common_baseline_relative=max(0,final_yield-null)-I-5N"
HLA,Hailun,2010,DQN,,,null,2010,232,108,0.0,29.1,19.3,107.0,3361.0,15976.0,0.0,0.0,119,0.0,0.0,-0.0,-0.0,2010-08-20,pass,"counterfactual_common_baseline_relative=max(0,final_yield-null)-I-5N"
HLA,Hailun,2010,DQN,,,null,2010,233,109,0.0,24.9,12.9,108.0,3572.0,16254.0,0.0,0.0,114,0.0,0.0,-0.0,-0.0,2010-08-21,pass,"counterfactual_common_baseline_relative=max(0,final_yield-null)-I-5N"
HLA,Hailun,2010,DQN,,,null,2010,234,110,0.0,25.1,14.1,109.0,3782.0,16465.0,0.0,0.0,112,0.0,0.0,-0.0,-0.0,2010-08-22,pass,"counterfactual_common_baseline_relative=max(0,final_yield-null)-I-5N"
HLA,Hailun,2010,DQN,,,null,2010,235,111,16.2,22.9,15.6,110.0,3993.0,16675.0,0.0,0.0,125,0.0,0.0,-0.0,-0.0,2010-08-23,pass,"counterfactual_common_baseline_relative=max(0,final_yield-null)-I-5N"
HLA,Hailun,2010,DQN,,,null,2010,236,112,0.0,23.9,14.7,111.0,4203.0,16886.0,0.0,0.0,122,0.0,0.0,-0.0,-0.0,2010-08-24,pass,"counterfactual_common_baseline_relative=max(0,final_yield-null)-I-5N"
HLA,Hailun,2010,DQN,,,null,2010,237,113,0.0,27.8,11.2,112.0,4414.0,17096.0,0.0,0.0,117,0.0,0.0,-0.0,-0.0,2010-08-25,pass,"counterfactual_common_baseline_relative=max(0,final_yield-null)-I-5N"
HLA,Hailun,2010,DQN,,,null,2010,238,114,0.0,29.9,12.6,113.0,4625.0,17307.0,0.0,0.0,112,0.0,0.0,-0.0,-0.0,2010-08-26,pass,"counterfactual_common_baseline_relative=max(0,final_yield-null)-I-5N"
HLA,Hailun,2010,DQN,,,null,2010,239,115,0.0,29.4,15.7,114.0,4835.0,17517.0,0.0,0.0,108,0.0,0.0,-0.0,-0.0,2010-08-27,pass,"counterfactual_common_baseline_relative=max(0,final_yield-null)-I-5N"
HLA,Hailun,2010,DQN,,,null,2010,240,116,5.7,21.1,18.2,115.0,5046.0,17584.0,0.0,0.0,113,0.0,0.0,-0.0,-0.0,2010-08-28,pass,"counterfactual_common_baseline_relative=max(0,final_yield-null)-I-5N"
HLA,Hailun,2010,DQN,,,null,2010,241,117,0.2,23.0,18.1,116.0,5256.0,17797.0,0.0,0.014,110,0.0,0.0,-0.0,-0.0,2010-08-29,pass,"counterfactual_common_baseline_relative=max(0,final_yield-null)-I-5N"
HLA,Hailun,2010,DQN,,,null,2010,242,118,5.7,21.6,13.7,117.0,5467.0,17965.0,0.0,0.019,114,0.0,0.0,-0.0,-0.0,2010-08-30,pass,"counterfactual_common_baseline_relative=max(0,final_yield-null)-I-5N"
HLA,Hailun,2010,DQN,,,null,2010,243,119,2.9,20.8,10.5,118.0,5670.0,18190.0,0.0,0.038,114,0.0,0.0,-0.0,-0.0,2010-08-31,pass,"counterfactual_common_baseline_relative=max(0,final_yield-null)-I-5N"
HLA,Hailun,2010,DQN,,,null,2010,244,120,0.0,24.2,8.0,119.0,5881.0,18473.0,0.0,0.054,110,0.0,0.0,-0.0,-0.0,2010-09-01,pass,"counterfactual_common_baseline_relative=max(0,final_yield-null)-I-5N"
HLA,Hailun,2010,DQN,,,null,2010,245,121,0.0,26.4,11.1,120.0,6092.0,18752.0,0.0,0.073,106,0.0,0.0,-0.0,-0.0,2010-09-02,pass,"counterfactual_common_baseline_relative=max(0,final_yield-null)-I-5N"
HLA,Hailun,2010,DQN,,,null,2010,246,122,0.0,27.7,11.9,121.0,6302.0,18984.0,0.0,0.096,103,0.0,0.0,-0.0,-0.0,2010-09-03,pass,"counterfactual_common_baseline_relative=max(0,final_yield-null)-I-5N"
HLA,Hailun,2010,DQN,,,null,2010,247,123,0.0,28.7,15.2,122.0,6439.0,19095.0,0.638,0.116,101,0.0,0.0,-0.0,-0.0,2010-09-04,pass,"counterfactual_common_baseline_relative=max(0,final_yield-null)-I-5N"
HLA,Hailun,2010,DQN,,,null,2010,248,124,0.2,25.9,14.3,123.0,6571.0,19159.0,0.678,0.128,100,0.0,0.0,-0.0,-0.0,2010-09-05,pass,"counterfactual_common_baseline_relative=max(0,final_yield-null)-I-5N"
HLA,Hailun,2010,DQN,,,null,2010,249,125,0.2,23.2,11.5,124.0,6686.0,19220.0,0.82,0.137,99,0.0,0.0,-0.0,-0.0,2010-09-06,pass,"counterfactual_common_baseline_relative=max(0,final_yield-null)-I-5N"
HLA,Hailun,2010,DQN,,,null,2010,250,126,0.0,20.4,2.3,125.0,6747.0,19268.0,0.874,0.145,98,0.0,0.0,-0.0,-0.0,2010-09-07,pass,"counterfactual_common_baseline_relative=max(0,final_yield-null)-I-5N"
HLA,Hailun,2010,DQN,,,null,2010,251,127,0.0,24.4,6.1,126.0,6850.0,19314.0,0.863,0.145,98,0.0,0.0,-0.0,-0.0,2010-09-08,pass,"counterfactual_common_baseline_relative=max(0,final_yield-null)-I-5N"
HLA,Hailun,2010,DQN,,,null,2010,252,128,0.0,27.9,8.8,127.0,6956.0,19344.0,0.899,0.153,98,0.0,0.0,-0.0,-0.0,2010-09-09,pass,"counterfactual_common_baseline_relative=max(0,final_yield-null)-I-5N"
HLA,Hailun,2010,DQN,,,null,2010,253,129,0.0,29.6,11.2,128.0,6956.0,19344.0,0.913,0.157,97,0.0,0.0,-0.0,-0.0,2010-09-10,pass,"counterfactual_common_baseline_relative=max(0,final_yield-null)-I-5N"
HLA,Hailun,2010,DQN,,,null,2010,254,130,0.0,31.2,13.9,129.0,6956.0,19344.0,0.919,0.157,97,0.0,0.0,-0.0,-0.0,2010-09-11,pass,"counterfactual_common_baseline_relative=max(0,final_yield-null)-I-5N"
HLA,Hailun,2010,DQN,,,null,2010,255,131,0.0,31.6,14.0,130.0,6956.0,19344.0,0.0,0.157,97,0.0,0.0,0.0,0.0,2010-09-12,pass,"counterfactual_common_baseline_relative=max(0,final_yield-null)-I-5N"
HLA,Hailun,2010,DQN,,,recorded_farmer,2010,125,1,8.6,13.7,6.2,0.0,0.0,0.0,0.0,0.0,238,0.0,165.0,-825.0,-825.0,2010-05-05,pass,"counterfactual_common_baseline_relative=max(0,final_yield-null)-I-5N"
HLA,Hailun,2010,DQN,,,recorded_farmer,2010,126,2,48.3,6.6,5.3,1.0,0.0,0.0,0.0,0.0,269,0.0,0.0,-0.0,-825.0,2010-05-06,pass,"counterfactual_common_baseline_relative=max(0,final_yield-null)-I-5N"
HLA,Hailun,2010,DQN,,,recorded_farmer,2010,127,3,1.1,11.8,4.3,2.0,0.0,0.0,0.0,0.0,267,0.0,0.0,-0.0,-825.0,2010-05-07,pass,"counterfactual_common_baseline_relative=max(0,final_yield-null)-I-5N"
HLA,Hailun,2010,DQN,,,recorded_farmer,2010,128,4,0.0,11.0,2.5,3.0,0.0,0.0,0.0,0.0,264,0.0,0.0,-0.0,-825.0,2010-05-08,pass,"counterfactual_common_baseline_relative=max(0,final_yield-null)-I-5N"
HLA,Hailun,2010,DQN,,,recorded_farmer,2010,129,5,1.8,12.1,1.8,4.0,0.0,0.0,0.0,0.0,264,0.0,0.0,-0.0,-825.0,2010-05-09,pass,"counterfactual_common_baseline_relative=max(0,final_yield-null)-I-5N"
HLA,Hailun,2010,DQN,,,recorded_farmer,2010,130,6,11.0,10.5,6.3,5.0,0.0,0.0,0.0,0.0,273,0.0,0.0,-0.0,-825.0,2010-05-10,pass,"counterfactual_common_baseline_relative=max(0,final_yield-null)-I-5N"
HLA,Hailun,2010,DQN,,,recorded_farmer,2010,131,7,0.4,13.3,6.5,6.0,0.0,0.0,0.0,0.0,271,0.0,0.0,-0.0,-825.0,2010-05-11,pass,"counterfactual_common_baseline_relative=max(0,final_yield-null)-I-5N"
HLA,Hailun,2010,DQN,,,recorded_farmer,2010,132,8,0.0,15.7,6.1,7.0,0.0,0.0,0.0,0.0,268,0.0,0.0,-0.0,-825.0,2010-05-12,pass,"counterfactual_common_baseline_relative=max(0,final_yield-null)-I-5N"
HLA,Hailun,2010,DQN,,,recorded_farmer,2010,133,9,0.0,20.2,4.2,8.0,0.0,0.0,0.0,0.0,265,0.0,0.0,-0.0,-825.0,2010-05-13,pass,"counterfactual_common_baseline_relative=max(0,final_yield-null)-I-5N"
HLA,Hailun,2010,DQN,,,recorded_farmer,2010,134,10,0.0,20.7,8.2,9.0,0.0,0.0,0.0,0.0,263,0.0,0.0,-0.0,-825.0,2010-05-14,pass,"counterfactual_common_baseline_relative=max(0,final_yield-null)-I-5N"
HLA,Hailun,2010,DQN,,,recorded_farmer,2010,135,11,2.0,20.9,11.0,10.0,0.0,0.0,0.0,0.0,264,0.0,0.0,-0.0,-825.0,2010-05-15,pass,"counterfactual_common_baseline_relative=max(0,final_yield-null)-I-5N"
HLA,Hailun,2010,DQN,,,recorded_farmer,2010,136,12,0.0,24.8,8.1,11.0,0.0,0.0,0.0,0.0,262,0.0,0.0,-0.0,-825.0,2010-05-16,pass,"counterfactual_common_baseline_relative=max(0,final_yield-null)-I-5N"
HLA,Hailun,2010,DQN,,,recorded_farmer,2010,137,13,2.9,21.9,13.0,12.0,0.0,0.0,0.0,0.0,263,0.0,0.0,-0.0,-825.0,2010-05-17,pass,"counterfactual_common_baseline_relative=max(0,final_yield-null)-I-5N"
HLA,Hailun,2010,DQN,,,recorded_farmer,2010,138,14,0.0,20.0,12.7,13.0,0.0,0.0,0.0,0.0,262,0.0,0.0,-0.0,-825.0,2010-05-18,pass,"counterfactual_common_baseline_relative=max(0,final_yield-null)-I-5N"
HLA,Hailun,2010,DQN,,,recorded_farmer,2010,139,15,9.2,19.2,12.3,14.0,0.0,0.0,0.0,0.0,267,0.0,0.0,-0.0,-825.0,2010-05-19,pass,"counterfactual_common_baseline_relative=max(0,final_yield-null)-I-5N"
HLA,Hailun,2010,DQN,,,recorded_farmer,2010,140,16,7.1,20.3,11.8,15.0,0.0,20.0,0.0,0.012,271,0.0,0.0,-0.0,-825.0,2010-05-20,pass,"counterfactual_common_baseline_relative=max(0,final_yield-null)-I-5N"
HLA,Hailun,2010,DQN,,,recorded_farmer,2010,141,17,1.5,25.7,12.3,16.0,0.0,20.0,0.0,0.016,266,0.0,0.0,-0.0,-825.0,2010-05-21,pass,"counterfactual_common_baseline_relative=max(0,final_yield-null)-I-5N"
HLA,Hailun,2010,DQN,,,recorded_farmer,2010,142,18,0.0,27.1,14.4,17.0,0.0,20.0,0.0,0.011,264,0.0,0.0,-0.0,-825.0,2010-05-22,pass,"counterfactual_common_baseline_relative=max(0,final_yield-null)-I-5N"
HLA,Hailun,2010,DQN,,,recorded_farmer,2010,143,19,0.0,32.1,14.4,18.0,0.0,20.0,0.0,0.004,263,0.0,0.0,-0.0,-825.0,2010-05-23,pass,"counterfactual_common_baseline_relative=max(0,final_yield-null)-I-5N"
HLA,Hailun,2010,DQN,,,recorded_farmer,2010,144,20,0.0,27.6,19.5,19.0,0.0,20.0,0.0,0.0,262,0.0,0.0,-0.0,-825.0,2010-05-24,pass,"counterfactual_common_baseline_relative=max(0,final_yield-null)-I-5N"
HLA,Hailun,2010,DQN,,,recorded_farmer,2010,145,21,0.0,26.6,14.4,20.0,0.0,20.0,0.0,0.0,261,0.0,0.0,-0.0,-825.0,2010-05-25,pass,"counterfactual_common_baseline_relative=max(0,final_yield-null)-I-5N"
HLA,Hailun,2010,DQN,,,recorded_farmer,2010,146,22,0.0,25.6,10.8,21.0,0.0,20.0,0.0,0.0,260,0.0,0.0,-0.0,-825.0,2010-05-26,pass,"counterfactual_common_baseline_relative=max(0,final_yield-null)-I-5N"
HLA,Hailun,2010,DQN,,,recorded_farmer,2010,147,23,0.0,27.3,7.3,22.0,0.0,24.0,0.0,0.0,259,0.0,0.0,-0.0,-825.0,2010-05-27,pass,"counterfactual_common_baseline_relative=max(0,final_yield-null)-I-5N"
HLA,Hailun,2010,DQN,,,recorded_farmer,2010,148,24,0.0,27.2,13.5,23.0,0.0,30.0,0.0,0.0,258,0.0,0.0,-0.0,-825.0,2010-05-28,pass,"counterfactual_common_baseline_relative=max(0,final_yield-null)-I-5N"
HLA,Hailun,2010,DQN,,,recorded_farmer,2010,149,25,4.4,23.4,13.8,24.0,0.0,36.0,0.0,0.0,259,0.0,0.0,-0.0,-825.0,2010-05-29,pass,"counterfactual_common_baseline_relative=max(0,final_yield-null)-I-5N"
HLA,Hailun,2010,DQN,,,recorded_farmer,2010,150,26,0.0,25.5,13.8,25.0,0.0,44.0,0.0,0.0,258,0.0,0.0,-0.0,-825.0,2010-05-30,pass,"counterfactual_common_baseline_relative=max(0,final_yield-null)-I-5N"
HLA,Hailun,2010,DQN,,,recorded_farmer,2010,151,27,0.0,28.3,11.7,26.0,0.0,53.0,0.0,0.0,257,0.0,0.0,-0.0,-825.0,2010-05-31,pass,"counterfactual_common_baseline_relative=max(0,final_yield-null)-I-5N"
HLA,Hailun,2010,DQN,,,recorded_farmer,2010,152,28,0.0,28.9,14.3,27.0,0.0,65.0,0.0,0.0,256,0.0,0.0,-0.0,-825.0,2010-06-01,pass,"counterfactual_common_baseline_relative=max(0,final_yield-null)-I-5N"
HLA,Hailun,2010,DQN,,,recorded_farmer,2010,153,29,0.0,154.3,15.5,28.0,0.0,65.0,0.415,0.0,252,0.0,0.0,-0.0,-825.0,2010-06-02,source_anomaly_preserved_not_imputed,"counterfactual_common_baseline_relative=max(0,final_yield-null)-I-5N"
HLA,Hailun,2010,DQN,,,recorded_farmer,2010,154,30,0.0,30.8,14.2,29.0,0.0,89.0,0.0,0.0,251,0.0,0.0,-0.0,-825.0,2010-06-03,pass,"counterfactual_common_baseline_relative=max(0,final_yield-null)-I-5N"
HLA,Hailun,2010,DQN,,,recorded_farmer,2010,155,31,0.0,34.3,16.7,30.0,0.0,117.0,0.0,0.0,249,0.0,0.0,-0.0,-825.0,2010-06-04,pass,"counterfactual_common_baseline_relative=max(0,final_yield-null)-I-5N"
HLA,Hailun,2010,DQN,,,recorded_farmer,2010,156,32,0.0,31.5,18.7,31.0,0.0,141.0,0.0,0.0,248,0.0,0.0,-0.0,-825.0,2010-06-05,pass,"counterfactual_common_baseline_relative=max(0,final_yield-null)-I-5N"
HLA,Hailun,2010,DQN,,,recorded_farmer,2010,157,33,0.0,27.3,12.7,32.0,0.0,168.0,0.0,0.004,246,0.0,0.0,-0.0,-825.0,2010-06-06,pass,"counterfactual_common_baseline_relative=max(0,final_yield-null)-I-5N"
HLA,Hailun,2010,DQN,,,recorded_farmer,2010,158,34,0.0,33.1,18.0,33.0,0.0,213.0,0.0,0.0,244,0.0,0.0,-0.0,-825.0,2010-06-07,pass,"counterfactual_common_baseline_relative=max(0,final_yield-null)-I-5N"
HLA,Hailun,2010,DQN,,,recorded_farmer,2010,159,35,0.0,34.8,21.1,34.0,0.0,272.0,0.0,0.0,242,0.0,0.0,-0.0,-825.0,2010-06-08,pass,"counterfactual_common_baseline_relative=max(0,final_yield-null)-I-5N"
HLA,Hailun,2010,DQN,,,recorded_farmer,2010,160,36,0.0,32.3,15.5,35.0,0.0,328.0,0.0,0.0,240,0.0,0.0,-0.0,-825.0,2010-06-09,pass,"counterfactual_common_baseline_relative=max(0,final_yield-null)-I-5N"
HLA,Hailun,2010,DQN,,,recorded_farmer,2010,161,37,0.0,36.4,18.9,36.0,0.0,406.0,0.0,0.0,237,0.0,0.0,-0.0,-825.0,2010-06-10,pass,"counterfactual_common_baseline_relative=max(0,final_yield-null)-I-5N"
HLA,Hailun,2010,DQN,,,recorded_farmer,2010,162,38,0.0,36.7,20.3,37.0,0.0,498.0,0.0,0.0,234,0.0,0.0,-0.0,-825.0,2010-06-11,pass,"counterfactual_common_baseline_relative=max(0,final_yield-null)-I-5N"
HLA,Hailun,2010,DQN,,,recorded_farmer,2010,163,39,1.5,26.8,19.4,38.0,0.0,567.0,0.0,0.0,233,0.0,0.0,-0.0,-825.0,2010-06-12,pass,"counterfactual_common_baseline_relative=max(0,final_yield-null)-I-5N"
HLA,Hailun,2010,DQN,,,recorded_farmer,2010,164,40,0.0,29.4,18.2,39.0,0.0,657.0,0.0,0.0,230,0.0,0.0,-0.0,-825.0,2010-06-13,pass,"counterfactual_common_baseline_relative=max(0,final_yield-null)-I-5N"
HLA,Hailun,2010,DQN,,,recorded_farmer,2010,165,41,0.0,30.3,18.6,40.0,0.0,755.0,0.0,0.0,227,0.0,0.0,-0.0,-825.0,2010-06-14,pass,"counterfactual_common_baseline_relative=max(0,final_yield-null)-I-5N"
HLA,Hailun,2010,DQN,,,recorded_farmer,2010,166,42,0.0,26.8,18.0,41.0,0.0,845.0,0.0,0.0,224,0.0,0.0,-0.0,-825.0,2010-06-15,pass,"counterfactual_common_baseline_relative=max(0,final_yield-null)-I-5N"
HLA,Hailun,2010,DQN,,,recorded_farmer,2010,167,43,16.0,28.7,16.3,42.0,0.0,939.0,0.0,0.0,235,0.0,0.0,-0.0,-825.0,2010-06-16,pass,"counterfactual_common_baseline_relative=max(0,final_yield-null)-I-5N"
HLA,Hailun,2010,DQN,,,recorded_farmer,2010,168,44,0.0,30.7,15.9,43.0,0.0,1044.0,0.0,0.0,230,0.0,0.0,-0.0,-825.0,2010-06-17,pass,"counterfactual_common_baseline_relative=max(0,final_yield-null)-I-5N"
HLA,Hailun,2010,DQN,,,recorded_farmer,2010,169,45,0.0,32.0,18.8,44.0,0.0,1169.0,0.0,0.0,224,0.0,0.0,-0.0,-825.0,2010-06-18,pass,"counterfactual_common_baseline_relative=max(0,final_yield-null)-I-5N"
HLA,Hailun,2010,DQN,,,recorded_farmer,2010,170,46,6.2,33.4,19.9,45.0,0.0,1312.0,0.0,0.0,225,0.0,0.0,-0.0,-825.0,2010-06-19,pass,"counterfactual_common_baseline_relative=max(0,final_yield-null)-I-5N"
HLA,Hailun,2010,DQN,,,recorded_farmer,2010,171,47,0.0,22.4,15.2,46.0,0.0,1399.0,0.0,0.0,219,0.0,0.0,-0.0,-825.0,2010-06-20,pass,"counterfactual_common_baseline_relative=max(0,final_yield-null)-I-5N"
HLA,Hailun,2010,DQN,,,recorded_farmer,2010,172,48,5.3,19.8,11.0,47.0,0.0,1461.0,0.0,0.0,222,0.0,0.0,-0.0,-825.0,2010-06-21,pass,"counterfactual_common_baseline_relative=max(0,final_yield-null)-I-5N"
HLA,Hailun,2010,DQN,,,recorded_farmer,2010,173,49,0.0,26.7,9.9,48.0,0.0,1549.0,0.0,0.0,216,0.0,0.0,-0.0,-825.0,2010-06-22,pass,"counterfactual_common_baseline_relative=max(0,final_yield-null)-I-5N"
HLA,Hailun,2010,DQN,,,recorded_farmer,2010,174,50,0.0,33.3,14.9,49.0,0.0,1696.0,0.0,0.0,219,10.0,0.0,-10.0,-835.0,2010-06-23,pass,"counterfactual_common_baseline_relative=max(0,final_yield-null)-I-5N"
HLA,Hailun,2010,DQN,,,recorded_farmer,2010,175,51,0.0,37.4,19.7,50.0,0.0,1891.0,0.0,0.0,210,0.0,0.0,-0.0,-835.0,2010-06-24,pass,"counterfactual_common_baseline_relative=max(0,final_yield-null)-I-5N"
HLA,Hailun,2010,DQN,,,recorded_farmer,2010,176,52,0.0,35.4,19.9,51.0,0.0,2097.0,0.0,0.0,202,0.0,0.0,-0.0,-835.0,2010-06-25,pass,"counterfactual_common_baseline_relative=max(0,final_yield-null)-I-5N"
HLA,Hailun,2010,DQN,,,recorded_farmer,2010,177,53,0.0,37.1,20.7,52.0,0.0,2331.0,0.0,0.0,195,0.0,0.0,-0.0,-835.0,2010-06-26,pass,"counterfactual_common_baseline_relative=max(0,final_yield-null)-I-5N"
HLA,Hailun,2010,DQN,,,recorded_farmer,2010,178,54,0.0,35.9,20.7,53.0,0.0,2581.0,0.0,0.0,188,0.0,0.0,-0.0,-835.0,2010-06-27,pass,"counterfactual_common_baseline_relative=max(0,final_yield-null)-I-5N"
HLA,Hailun,2010,DQN,,,recorded_farmer,2010,179,55,0.0,32.6,21.7,54.0,0.0,2840.0,0.0,0.0,182,0.0,0.0,-0.0,-835.0,2010-06-28,pass,"counterfactual_common_baseline_relative=max(0,final_yield-null)-I-5N"
HLA,Hailun,2010,DQN,,,recorded_farmer,2010,180,56,3.8,31.0,20.1,55.0,0.0,3094.0,0.0,0.0,180,0.0,0.0,-0.0,-835.0,2010-06-29,pass,"counterfactual_common_baseline_relative=max(0,final_yield-null)-I-5N"
HLA,Hailun,2010,DQN,,,recorded_farmer,2010,181,57,2.6,28.8,21.6,56.0,0.0,3354.0,0.0,0.0,179,0.0,0.0,-0.0,-835.0,2010-06-30,pass,"counterfactual_common_baseline_relative=max(0,final_yield-null)-I-5N"
HLA,Hailun,2010,DQN,,,recorded_farmer,2010,182,58,0.0,29.2,21.6,57.0,0.0,3644.0,0.0,0.0,173,0.0,0.0,-0.0,-835.0,2010-07-01,pass,"counterfactual_common_baseline_relative=max(0,final_yield-null)-I-5N"
HLA,Hailun,2010,DQN,,,recorded_farmer,2010,183,59,15.3,29.0,19.7,58.0,0.0,3935.0,0.0,0.0,184,0.0,0.0,-0.0,-835.0,2010-07-02,pass,"counterfactual_common_baseline_relative=max(0,final_yield-null)-I-5N"
HLA,Hailun,2010,DQN,,,recorded_farmer,2010,184,60,0.0,30.5,19.5,59.0,0.0,4258.0,0.0,0.0,178,0.0,0.0,-0.0,-835.0,2010-07-03,pass,"counterfactual_common_baseline_relative=max(0,final_yield-null)-I-5N"
HLA,Hailun,2010,DQN,,,recorded_farmer,2010,185,61,13.1,26.1,16.7,60.0,0.0,4431.0,0.0,0.0,189,0.0,0.0,-0.0,-835.0,2010-07-04,pass,"counterfactual_common_baseline_relative=max(0,final_yield-null)-I-5N"
HLA,Hailun,2010,DQN,,,recorded_farmer,2010,186,62,4.4,22.7,15.8,61.0,0.0,4675.0,0.0,0.0,190,0.0,0.0,-0.0,-835.0,2010-07-05,pass,"counterfactual_common_baseline_relative=max(0,final_yield-null)-I-5N"
HLA,Hailun,2010,DQN,,,recorded_farmer,2010,187,63,0.0,20.3,14.9,62.0,0.0,4904.0,0.0,0.0,187,0.0,0.0,-0.0,-835.0,2010-07-06,pass,"counterfactual_common_baseline_relative=max(0,final_yield-null)-I-5N"
HLA,Hailun,2010,DQN,,,recorded_farmer,2010,188,64,0.0,21.9,15.3,63.0,0.0,5130.0,0.0,0.0,184,0.0,0.0,-0.0,-835.0,2010-07-07,pass,"counterfactual_common_baseline_relative=max(0,final_yield-null)-I-5N"
HLA,Hailun,2010,DQN,,,recorded_farmer,2010,189,65,0.0,26.6,14.5,64.0,0.0,5377.0,0.0,0.0,180,0.0,0.0,-0.0,-835.0,2010-07-08,pass,"counterfactual_common_baseline_relative=max(0,final_yield-null)-I-5N"
HLA,Hailun,2010,DQN,,,recorded_farmer,2010,190,66,0.0,27.9,17.5,65.0,0.0,5649.0,0.0,0.0,174,0.0,0.0,-0.0,-835.0,2010-07-09,pass,"counterfactual_common_baseline_relative=max(0,final_yield-null)-I-5N"
HLA,Hailun,2010,DQN,,,recorded_farmer,2010,191,67,0.0,28.1,16.6,66.0,0.0,5905.0,0.0,0.0,169,0.0,0.0,-0.0,-835.0,2010-07-10,pass,"counterfactual_common_baseline_relative=max(0,final_yield-null)-I-5N"
HLA,Hailun,2010,DQN,,,recorded_farmer,2010,192,68,0.0,30.5,16.0,67.0,0.0,6168.0,0.0,0.0,163,0.0,0.0,-0.0,-835.0,2010-07-11,pass,"counterfactual_common_baseline_relative=max(0,final_yield-null)-I-5N"
HLA,Hailun,2010,DQN,,,recorded_farmer,2010,193,69,0.0,30.0,16.2,68.0,0.0,6422.0,0.0,0.0,157,0.0,0.0,-0.0,-835.0,2010-07-12,pass,"counterfactual_common_baseline_relative=max(0,final_yield-null)-I-5N"
HLA,Hailun,2010,DQN,,,recorded_farmer,2010,194,70,0.0,29.0,18.6,69.0,0.0,6682.0,0.0,0.0,150,0.0,0.0,-0.0,-835.0,2010-07-13,pass,"counterfactual_common_baseline_relative=max(0,final_yield-null)-I-5N"
HLA,Hailun,2010,DQN,,,recorded_farmer,2010,195,71,0.0,30.4,13.8,70.0,0.0,6910.0,0.0,0.0,154,10.0,0.0,-10.0,-845.0,2010-07-14,pass,"counterfactual_common_baseline_relative=max(0,final_yield-null)-I-5N"
HLA,Hailun,2010,DQN,,,recorded_farmer,2010,196,72,4.1,28.8,18.8,71.0,0.0,7163.0,0.0,0.0,154,0.0,0.0,-0.0,-845.0,2010-07-15,pass,"counterfactual_common_baseline_relative=max(0,final_yield-null)-I-5N"
HLA,Hailun,2010,DQN,,,recorded_farmer,2010,197,73,31.2,24.1,19.8,72.0,0.0,7234.0,0.0,0.0,177,0.0,0.0,-0.0,-845.0,2010-07-16,pass,"counterfactual_common_baseline_relative=max(0,final_yield-null)-I-5N"
HLA,Hailun,2010,DQN,,,recorded_farmer,2010,198,74,0.0,26.4,22.3,73.0,0.0,7495.0,0.0,0.0,173,0.0,0.0,-0.0,-845.0,2010-07-17,pass,"counterfactual_common_baseline_relative=max(0,final_yield-null)-I-5N"
HLA,Hailun,2010,DQN,,,recorded_farmer,2010,199,75,0.0,28.0,19.1,74.0,0.0,7744.0,0.0,0.0,169,0.0,0.0,-0.0,-845.0,2010-07-18,pass,"counterfactual_common_baseline_relative=max(0,final_yield-null)-I-5N"
HLA,Hailun,2010,DQN,,,recorded_farmer,2010,200,76,6.3,27.4,16.1,75.0,0.0,7964.0,0.0,0.0,172,0.0,0.0,-0.0,-845.0,2010-07-19,pass,"counterfactual_common_baseline_relative=max(0,final_yield-null)-I-5N"
HLA,Hailun,2010,DQN,,,recorded_farmer,2010,201,77,0.2,24.7,19.1,76.0,0.0,8147.0,0.0,0.0,170,0.0,0.0,-0.0,-845.0,2010-07-20,pass,"counterfactual_common_baseline_relative=max(0,final_yield-null)-I-5N"
HLA,Hailun,2010,DQN,,,recorded_farmer,2010,202,78,1.3,27.9,17.8,77.0,0.0,8386.0,0.0,0.0,165,0.0,0.0,-0.0,-845.0,2010-07-21,pass,"counterfactual_common_baseline_relative=max(0,final_yield-null)-I-5N"
HLA,Hailun,2010,DQN,,,recorded_farmer,2010,203,79,0.2,28.3,17.5,78.0,0.0,8854.0,0.0,0.0,160,0.0,0.0,-0.0,-845.0,2010-07-22,pass,"counterfactual_common_baseline_relative=max(0,final_yield-null)-I-5N"
HLA,Hailun,2010,DQN,,,recorded_farmer,2010,204,80,0.3,29.6,17.0,79.0,0.0,9323.0,0.0,0.0,154,0.0,0.0,-0.0,-845.0,2010-07-23,pass,"counterfactual_common_baseline_relative=max(0,final_yield-null)-I-5N"
HLA,Hailun,2010,DQN,,,recorded_farmer,2010,205,81,0.0,29.8,19.1,80.0,0.0,9744.0,0.0,0.0,148,0.0,0.0,-0.0,-845.0,2010-07-24,pass,"counterfactual_common_baseline_relative=max(0,final_yield-null)-I-5N"
HLA,Hailun,2010,DQN,,,recorded_farmer,2010,206,82,0.0,29.7,19.1,81.0,0.0,10168.0,0.0,0.0,142,0.0,0.0,-0.0,-845.0,2010-07-25,pass,"counterfactual_common_baseline_relative=max(0,final_yield-null)-I-5N"
HLA,Hailun,2010,DQN,,,recorded_farmer,2010,207,83,9.8,27.9,17.4,82.0,0.0,10432.0,0.0,0.0,148,0.0,0.0,-0.0,-845.0,2010-07-26,pass,"counterfactual_common_baseline_relative=max(0,final_yield-null)-I-5N"
HLA,Hailun,2010,DQN,,,recorded_farmer,2010,208,84,0.0,26.8,13.2,83.0,0.0,10688.0,0.0,0.0,144,0.0,0.0,-0.0,-845.0,2010-07-27,pass,"counterfactual_common_baseline_relative=max(0,final_yield-null)-I-5N"
HLA,Hailun,2010,DQN,,,recorded_farmer,2010,209,85,0.0,23.5,11.1,84.0,0.0,11085.0,0.0,0.0,140,0.0,0.0,-0.0,-845.0,2010-07-28,pass,"counterfactual_common_baseline_relative=max(0,final_yield-null)-I-5N"
HLA,Hailun,2010,DQN,,,recorded_farmer,2010,210,86,0.0,27.2,12.5,85.0,0.0,11465.0,0.0,0.0,135,0.0,0.0,-0.0,-845.0,2010-07-29,pass,"counterfactual_common_baseline_relative=max(0,final_yield-null)-I-5N"
HLA,Hailun,2010,DQN,,,recorded_farmer,2010,211,87,4.2,27.9,17.0,86.0,0.0,11764.0,0.0,0.0,134,0.0,0.0,-0.0,-845.0,2010-07-30,pass,"counterfactual_common_baseline_relative=max(0,final_yield-null)-I-5N"
HLA,Hailun,2010,DQN,,,recorded_farmer,2010,212,88,0.0,25.1,16.4,87.0,0.0,12091.0,0.0,0.0,130,0.0,0.0,-0.0,-845.0,2010-07-31,pass,"counterfactual_common_baseline_relative=max(0,final_yield-null)-I-5N"
HLA,Hailun,2010,DQN,,,recorded_farmer,2010,213,89,0.0,23.9,11.4,88.0,0.0,12425.0,0.0,0.0,126,0.0,0.0,-0.0,-845.0,2010-08-01,pass,"counterfactual_common_baseline_relative=max(0,final_yield-null)-I-5N"
HLA,Hailun,2010,DQN,,,recorded_farmer,2010,214,90,0.0,26.7,14.0,89.0,0.0,12856.0,0.0,0.0,120,0.0,0.0,-0.0,-845.0,2010-08-02,pass,"counterfactual_common_baseline_relative=max(0,final_yield-null)-I-5N"
HLA,Hailun,2010,DQN,,,recorded_farmer,2010,215,91,0.0,27.2,16.7,90.0,0.0,13032.0,0.0,0.0,117,0.0,0.0,-0.0,-845.0,2010-08-03,pass,"counterfactual_common_baseline_relative=max(0,final_yield-null)-I-5N"
HLA,Hailun,2010,DQN,,,recorded_farmer,2010,216,92,0.0,23.5,16.3,91.0,215.0,13151.0,0.0,0.0,116,0.0,0.0,-0.0,-845.0,2010-08-04,pass,"counterfactual_common_baseline_relative=max(0,final_yield-null)-I-5N"
HLA,Hailun,2010,DQN,,,recorded_farmer,2010,217,93,0.0,22.8,19.6,92.0,431.0,13303.0,0.0,0.0,114,0.0,0.0,-0.0,-845.0,2010-08-05,pass,"counterfactual_common_baseline_relative=max(0,final_yield-null)-I-5N"
HLA,Hailun,2010,DQN,,,recorded_farmer,2010,218,94,0.0,20.1,14.5,93.0,646.0,13414.0,0.0,0.0,113,0.0,0.0,-0.0,-845.0,2010-08-06,pass,"counterfactual_common_baseline_relative=max(0,final_yield-null)-I-5N"
HLA,Hailun,2010,DQN,,,recorded_farmer,2010,219,95,0.0,26.8,13.0,94.0,854.0,13710.0,0.062,0.0,109,0.0,0.0,-0.0,-845.0,2010-08-07,pass,"counterfactual_common_baseline_relative=max(0,final_yield-null)-I-5N"
HLA,Hailun,2010,DQN,,,recorded_farmer,2010,220,96,0.6,20.4,15.0,95.0,1070.0,13808.0,0.0,0.0,118,10.0,0.0,-10.0,-855.0,2010-08-08,pass,"counterfactual_common_baseline_relative=max(0,final_yield-null)-I-5N"
HLA,Hailun,2010,DQN,,,recorded_farmer,2010,221,97,16.0,25.3,17.1,96.0,1285.0,14010.0,0.0,0.0,132,0.0,0.0,-0.0,-855.0,2010-08-09,pass,"counterfactual_common_baseline_relative=max(0,final_yield-null)-I-5N"
HLA,Hailun,2010,DQN,,,recorded_farmer,2010,222,98,4.4,23.6,15.2,97.0,1501.0,14345.0,0.0,0.0,132,0.0,0.0,-0.0,-855.0,2010-08-10,pass,"counterfactual_common_baseline_relative=max(0,final_yield-null)-I-5N"
HLA,Hailun,2010,DQN,,,recorded_farmer,2010,223,99,0.0,26.3,13.4,98.0,1716.0,14674.0,0.0,0.0,127,0.0,0.0,-0.0,-855.0,2010-08-11,pass,"counterfactual_common_baseline_relative=max(0,final_yield-null)-I-5N"
HLA,Hailun,2010,DQN,,,recorded_farmer,2010,224,100,0.0,25.1,14.6,99.0,1932.0,14964.0,0.0,0.0,122,0.0,0.0,-0.0,-855.0,2010-08-12,pass,"counterfactual_common_baseline_relative=max(0,final_yield-null)-I-5N"
HLA,Hailun,2010,DQN,,,recorded_farmer,2010,225,101,0.0,26.0,10.8,100.0,2147.0,15180.0,0.0,0.0,118,0.0,0.0,-0.0,-855.0,2010-08-13,pass,"counterfactual_common_baseline_relative=max(0,final_yield-null)-I-5N"
HLA,Hailun,2010,DQN,,,recorded_farmer,2010,226,102,34.7,22.7,15.9,101.0,2363.0,15302.0,0.0,0.0,145,0.0,0.0,-0.0,-855.0,2010-08-14,pass,"counterfactual_common_baseline_relative=max(0,final_yield-null)-I-5N"
HLA,Hailun,2010,DQN,,,recorded_farmer,2010,227,103,10.5,22.5,15.3,102.0,2578.0,15577.0,0.0,0.0,152,0.0,0.0,-0.0,-855.0,2010-08-15,pass,"counterfactual_common_baseline_relative=max(0,final_yield-null)-I-5N"
HLA,Hailun,2010,DQN,,,recorded_farmer,2010,228,104,0.0,25.7,11.7,103.0,2793.0,15826.0,0.0,0.0,146,0.0,0.0,-0.0,-855.0,2010-08-16,pass,"counterfactual_common_baseline_relative=max(0,final_yield-null)-I-5N"
HLA,Hailun,2010,DQN,,,recorded_farmer,2010,229,105,0.0,27.9,14.5,104.0,3009.0,16041.0,0.0,0.0,141,0.0,0.0,-0.0,-855.0,2010-08-17,pass,"counterfactual_common_baseline_relative=max(0,final_yield-null)-I-5N"
HLA,Hailun,2010,DQN,,,recorded_farmer,2010,230,106,0.0,27.8,17.8,105.0,3224.0,16257.0,0.0,0.0,137,0.0,0.0,-0.0,-855.0,2010-08-18,pass,"counterfactual_common_baseline_relative=max(0,final_yield-null)-I-5N"
HLA,Hailun,2010,DQN,,,recorded_farmer,2010,231,107,0.8,23.9,18.6,106.0,3440.0,16364.0,0.0,0.0,137,0.0,0.0,-0.0,-855.0,2010-08-19,pass,"counterfactual_common_baseline_relative=max(0,final_yield-null)-I-5N"
HLA,Hailun,2010,DQN,,,recorded_farmer,2010,232,108,0.0,29.1,19.3,107.0,3655.0,16613.0,0.0,0.0,133,0.0,0.0,-0.0,-855.0,2010-08-20,pass,"counterfactual_common_baseline_relative=max(0,final_yield-null)-I-5N"
HLA,Hailun,2010,DQN,,,recorded_farmer,2010,233,109,0.0,24.9,12.9,108.0,3871.0,16903.0,0.0,0.0,129,0.0,0.0,-0.0,-855.0,2010-08-21,pass,"counterfactual_common_baseline_relative=max(0,final_yield-null)-I-5N"
HLA,Hailun,2010,DQN,,,recorded_farmer,2010,234,110,0.0,25.1,14.1,109.0,4086.0,17119.0,0.0,0.0,126,0.0,0.0,-0.0,-855.0,2010-08-22,pass,"counterfactual_common_baseline_relative=max(0,final_yield-null)-I-5N"
HLA,Hailun,2010,DQN,,,recorded_farmer,2010,235,111,16.2,22.9,15.6,110.0,4302.0,17334.0,0.0,0.0,140,0.0,0.0,-0.0,-855.0,2010-08-23,pass,"counterfactual_common_baseline_relative=max(0,final_yield-null)-I-5N"
HLA,Hailun,2010,DQN,,,recorded_farmer,2010,236,112,0.0,23.9,14.7,111.0,4517.0,17549.0,0.0,0.0,136,0.0,0.0,-0.0,-855.0,2010-08-24,pass,"counterfactual_common_baseline_relative=max(0,final_yield-null)-I-5N"
HLA,Hailun,2010,DQN,,,recorded_farmer,2010,237,113,0.0,27.8,11.2,112.0,4733.0,17765.0,0.0,0.0,131,0.0,0.0,-0.0,-855.0,2010-08-25,pass,"counterfactual_common_baseline_relative=max(0,final_yield-null)-I-5N"
HLA,Hailun,2010,DQN,,,recorded_farmer,2010,238,114,0.0,29.9,12.6,113.0,4948.0,17980.0,0.0,0.0,126,0.0,0.0,-0.0,-855.0,2010-08-26,pass,"counterfactual_common_baseline_relative=max(0,final_yield-null)-I-5N"
HLA,Hailun,2010,DQN,,,recorded_farmer,2010,239,115,0.0,29.4,15.7,114.0,5163.0,18196.0,0.0,0.0,122,0.0,0.0,-0.0,-855.0,2010-08-27,pass,"counterfactual_common_baseline_relative=max(0,final_yield-null)-I-5N"
HLA,Hailun,2010,DQN,,,recorded_farmer,2010,240,116,5.7,21.1,18.2,115.0,5379.0,18263.0,0.0,0.0,127,0.0,0.0,-0.0,-855.0,2010-08-28,pass,"counterfactual_common_baseline_relative=max(0,final_yield-null)-I-5N"
HLA,Hailun,2010,DQN,,,recorded_farmer,2010,241,117,0.2,23.0,18.1,116.0,5594.0,18479.0,0.0,0.0,125,0.0,0.0,-0.0,-855.0,2010-08-29,pass,"counterfactual_common_baseline_relative=max(0,final_yield-null)-I-5N"
HLA,Hailun,2010,DQN,,,recorded_farmer,2010,242,118,5.7,21.6,13.7,117.0,5810.0,18650.0,0.0,0.0,128,0.0,0.0,-0.0,-855.0,2010-08-30,pass,"counterfactual_common_baseline_relative=max(0,final_yield-null)-I-5N"
HLA,Hailun,2010,DQN,,,recorded_farmer,2010,243,119,2.9,20.8,10.5,118.0,6018.0,18883.0,0.0,0.0,129,0.0,0.0,-0.0,-855.0,2010-08-31,pass,"counterfactual_common_baseline_relative=max(0,final_yield-null)-I-5N"
HLA,Hailun,2010,DQN,,,recorded_farmer,2010,244,120,0.0,24.2,8.0,119.0,6234.0,19178.0,0.0,0.0,124,0.0,0.0,-0.0,-855.0,2010-09-01,pass,"counterfactual_common_baseline_relative=max(0,final_yield-null)-I-5N"
HLA,Hailun,2010,DQN,,,recorded_farmer,2010,245,121,0.0,26.4,11.1,120.0,6449.0,19473.0,0.0,0.0,120,0.0,0.0,-0.0,-855.0,2010-09-02,pass,"counterfactual_common_baseline_relative=max(0,final_yield-null)-I-5N"
HLA,Hailun,2010,DQN,,,recorded_farmer,2010,246,122,0.0,27.7,11.9,121.0,6664.0,19697.0,0.0,0.0,116,0.0,0.0,-0.0,-855.0,2010-09-03,pass,"counterfactual_common_baseline_relative=max(0,final_yield-null)-I-5N"
HLA,Hailun,2010,DQN,,,recorded_farmer,2010,247,123,0.0,28.7,15.2,122.0,6880.0,19912.0,0.0,0.0,112,0.0,0.0,-0.0,-855.0,2010-09-04,pass,"counterfactual_common_baseline_relative=max(0,final_yield-null)-I-5N"
HLA,Hailun,2010,DQN,,,recorded_farmer,2010,248,124,0.2,25.9,14.3,123.0,7095.0,20111.0,0.0,0.0,110,0.0,0.0,-0.0,-855.0,2010-09-05,pass,"counterfactual_common_baseline_relative=max(0,final_yield-null)-I-5N"
HLA,Hailun,2010,DQN,,,recorded_farmer,2010,249,125,0.2,23.2,11.5,124.0,7311.0,20343.0,0.0,0.0,106,0.0,0.0,-0.0,-855.0,2010-09-06,pass,"counterfactual_common_baseline_relative=max(0,final_yield-null)-I-5N"
HLA,Hailun,2010,DQN,,,recorded_farmer,2010,250,126,0.0,20.4,2.3,125.0,7409.0,20441.0,0.328,0.0,103,0.0,0.0,-0.0,-855.0,2010-09-07,pass,"counterfactual_common_baseline_relative=max(0,final_yield-null)-I-5N"
HLA,Hailun,2010,DQN,,,recorded_farmer,2010,251,127,0.0,24.4,6.1,126.0,7550.0,20582.0,0.539,0.0,100,0.0,0.0,-0.0,-855.0,2010-09-08,pass,"counterfactual_common_baseline_relative=max(0,final_yield-null)-I-5N"
HLA,Hailun,2010,DQN,,,recorded_farmer,2010,252,128,0.0,27.9,8.8,127.0,7679.0,20665.0,0.726,0.0,99,0.0,0.0,-0.0,-855.0,2010-09-09,pass,"counterfactual_common_baseline_relative=max(0,final_yield-null)-I-5N"
HLA,Hailun,2010,DQN,,,recorded_farmer,2010,253,129,0.0,29.6,11.2,128.0,7679.0,20665.0,0.777,0.0,99,0.0,0.0,-0.0,-855.0,2010-09-10,pass,"counterfactual_common_baseline_relative=max(0,final_yield-null)-I-5N"
HLA,Hailun,2010,DQN,,,recorded_farmer,2010,254,130,0.0,31.2,13.9,129.0,7679.0,20665.0,0.811,0.0,98,0.0,0.0,-0.0,-855.0,2010-09-11,pass,"counterfactual_common_baseline_relative=max(0,final_yield-null)-I-5N"
HLA,Hailun,2010,DQN,,,recorded_farmer,2010,255,131,0.0,31.6,14.0,130.0,7679.0,20665.0,0.0,0.0,98,0.0,0.0,723.0,-132.0,2010-09-12,pass,"counterfactual_common_baseline_relative=max(0,final_yield-null)-I-5N"
HLA,Hailun,2010,DQN,,,dssat_auto,2010,125,1,8.6,13.7,6.2,0.0,0.0,0.0,0.0,0.0,238,0.0,0.0,-0.0,-0.0,2010-05-05,pass,"counterfactual_common_baseline_relative=max(0,final_yield-null)-I-5N"
HLA,Hailun,2010,DQN,,,dssat_auto,2010,126,2,48.3,6.6,5.3,1.0,0.0,0.0,0.0,0.0,269,0.0,0.0,-0.0,-0.0,2010-05-06,pass,"counterfactual_common_baseline_relative=max(0,final_yield-null)-I-5N"
HLA,Hailun,2010,DQN,,,dssat_auto,2010,127,3,1.1,11.8,4.3,2.0,0.0,0.0,0.0,0.0,267,0.0,0.0,-0.0,-0.0,2010-05-07,pass,"counterfactual_common_baseline_relative=max(0,final_yield-null)-I-5N"
HLA,Hailun,2010,DQN,,,dssat_auto,2010,128,4,0.0,11.0,2.5,3.0,0.0,0.0,0.0,0.0,264,0.0,0.0,-0.0,-0.0,2010-05-08,pass,"counterfactual_common_baseline_relative=max(0,final_yield-null)-I-5N"
HLA,Hailun,2010,DQN,,,dssat_auto,2010,129,5,1.8,12.1,1.8,4.0,0.0,0.0,0.0,0.0,264,0.0,0.0,-0.0,-0.0,2010-05-09,pass,"counterfactual_common_baseline_relative=max(0,final_yield-null)-I-5N"
HLA,Hailun,2010,DQN,,,dssat_auto,2010,130,6,11.0,10.5,6.3,5.0,0.0,0.0,0.0,0.0,273,0.0,0.0,-0.0,-0.0,2010-05-10,pass,"counterfactual_common_baseline_relative=max(0,final_yield-null)-I-5N"
HLA,Hailun,2010,DQN,,,dssat_auto,2010,131,7,0.4,13.3,6.5,6.0,0.0,0.0,0.0,0.0,271,0.0,0.0,-0.0,-0.0,2010-05-11,pass,"counterfactual_common_baseline_relative=max(0,final_yield-null)-I-5N"
HLA,Hailun,2010,DQN,,,dssat_auto,2010,132,8,0.0,15.7,6.1,7.0,0.0,0.0,0.0,0.0,268,0.0,0.0,-0.0,-0.0,2010-05-12,pass,"counterfactual_common_baseline_relative=max(0,final_yield-null)-I-5N"
HLA,Hailun,2010,DQN,,,dssat_auto,2010,133,9,0.0,20.2,4.2,8.0,0.0,0.0,0.0,0.0,265,0.0,0.0,-0.0,-0.0,2010-05-13,pass,"counterfactual_common_baseline_relative=max(0,final_yield-null)-I-5N"
HLA,Hailun,2010,DQN,,,dssat_auto,2010,134,10,0.0,20.7,8.2,9.0,0.0,0.0,0.0,0.0,263,0.0,0.0,-0.0,-0.0,2010-05-14,pass,"counterfactual_common_baseline_relative=max(0,final_yield-null)-I-5N"
HLA,Hailun,2010,DQN,,,dssat_auto,2010,135,11,2.0,20.9,11.0,10.0,0.0,0.0,0.0,0.0,264,0.0,0.0,-0.0,-0.0,2010-05-15,pass,"counterfactual_common_baseline_relative=max(0,final_yield-null)-I-5N"
HLA,Hailun,2010,DQN,,,dssat_auto,2010,136,12,0.0,24.8,8.1,11.0,0.0,0.0,0.0,0.0,262,0.0,0.0,-0.0,-0.0,2010-05-16,pass,"counterfactual_common_baseline_relative=max(0,final_yield-null)-I-5N"
HLA,Hailun,2010,DQN,,,dssat_auto,2010,137,13,2.9,21.9,13.0,12.0,0.0,0.0,0.0,0.0,263,0.0,0.0,-0.0,-0.0,2010-05-17,pass,"counterfactual_common_baseline_relative=max(0,final_yield-null)-I-5N"
HLA,Hailun,2010,DQN,,,dssat_auto,2010,138,14,0.0,20.0,12.7,13.0,0.0,0.0,0.0,0.0,262,0.0,0.0,-0.0,-0.0,2010-05-18,pass,"counterfactual_common_baseline_relative=max(0,final_yield-null)-I-5N"
HLA,Hailun,2010,DQN,,,dssat_auto,2010,139,15,9.2,19.2,12.3,14.0,0.0,0.0,0.0,0.0,267,0.0,0.0,-0.0,-0.0,2010-05-19,pass,"counterfactual_common_baseline_relative=max(0,final_yield-null)-I-5N"
HLA,Hailun,2010,DQN,,,dssat_auto,2010,140,16,7.1,20.3,11.8,15.0,0.0,20.0,0.0,0.012,271,0.0,0.0,-0.0,-0.0,2010-05-20,pass,"counterfactual_common_baseline_relative=max(0,final_yield-null)-I-5N"
HLA,Hailun,2010,DQN,,,dssat_auto,2010,141,17,1.5,25.7,12.3,16.0,0.0,20.0,0.0,0.016,266,0.0,0.0,-0.0,-0.0,2010-05-21,pass,"counterfactual_common_baseline_relative=max(0,final_yield-null)-I-5N"
HLA,Hailun,2010,DQN,,,dssat_auto,2010,142,18,0.0,27.1,14.4,17.0,0.0,20.0,0.0,0.011,264,0.0,0.0,-0.0,-0.0,2010-05-22,pass,"counterfactual_common_baseline_relative=max(0,final_yield-null)-I-5N"
HLA,Hailun,2010,DQN,,,dssat_auto,2010,143,19,0.0,32.1,14.4,18.0,0.0,20.0,0.0,0.004,263,0.0,0.0,-0.0,-0.0,2010-05-23,pass,"counterfactual_common_baseline_relative=max(0,final_yield-null)-I-5N"
HLA,Hailun,2010,DQN,,,dssat_auto,2010,144,20,0.0,27.6,19.5,19.0,0.0,20.0,0.0,0.0,262,0.0,0.0,-0.0,-0.0,2010-05-24,pass,"counterfactual_common_baseline_relative=max(0,final_yield-null)-I-5N"
HLA,Hailun,2010,DQN,,,dssat_auto,2010,145,21,0.0,26.6,14.4,20.0,0.0,20.0,0.0,0.0,261,0.0,0.0,-0.0,-0.0,2010-05-25,pass,"counterfactual_common_baseline_relative=max(0,final_yield-null)-I-5N"
HLA,Hailun,2010,DQN,,,dssat_auto,2010,146,22,0.0,25.6,10.8,21.0,0.0,20.0,0.0,0.0,260,0.0,0.0,-0.0,-0.0,2010-05-26,pass,"counterfactual_common_baseline_relative=max(0,final_yield-null)-I-5N"
HLA,Hailun,2010,DQN,,,dssat_auto,2010,147,23,0.0,27.3,7.3,22.0,0.0,24.0,0.0,0.0,259,0.0,0.0,-0.0,-0.0,2010-05-27,pass,"counterfactual_common_baseline_relative=max(0,final_yield-null)-I-5N"
HLA,Hailun,2010,DQN,,,dssat_auto,2010,148,24,0.0,27.2,13.5,23.0,0.0,30.0,0.0,0.0,258,0.0,0.0,-0.0,-0.0,2010-05-28,pass,"counterfactual_common_baseline_relative=max(0,final_yield-null)-I-5N"
HLA,Hailun,2010,DQN,,,dssat_auto,2010,149,25,4.4,23.4,13.8,24.0,0.0,36.0,0.0,0.0,259,0.0,0.0,-0.0,-0.0,2010-05-29,pass,"counterfactual_common_baseline_relative=max(0,final_yield-null)-I-5N"
HLA,Hailun,2010,DQN,,,dssat_auto,2010,150,26,0.0,25.5,13.8,25.0,0.0,44.0,0.0,0.0,258,0.0,0.0,-0.0,-0.0,2010-05-30,pass,"counterfactual_common_baseline_relative=max(0,final_yield-null)-I-5N"
HLA,Hailun,2010,DQN,,,dssat_auto,2010,151,27,0.0,28.3,11.7,26.0,0.0,53.0,0.0,0.0,257,0.0,0.0,-0.0,-0.0,2010-05-31,pass,"counterfactual_common_baseline_relative=max(0,final_yield-null)-I-5N"
HLA,Hailun,2010,DQN,,,dssat_auto,2010,152,28,0.0,28.9,14.3,27.0,0.0,65.0,0.0,0.0,256,0.0,0.0,-0.0,-0.0,2010-06-01,pass,"counterfactual_common_baseline_relative=max(0,final_yield-null)-I-5N"
HLA,Hailun,2010,DQN,,,dssat_auto,2010,153,29,0.0,154.3,15.5,28.0,0.0,65.0,0.416,0.0,252,0.0,0.0,-0.0,-0.0,2010-06-02,source_anomaly_preserved_not_imputed,"counterfactual_common_baseline_relative=max(0,final_yield-null)-I-5N"
HLA,Hailun,2010,DQN,,,dssat_auto,2010,154,30,0.0,30.8,14.2,29.0,0.0,89.0,0.0,0.0,251,0.0,0.0,-0.0,-0.0,2010-06-03,pass,"counterfactual_common_baseline_relative=max(0,final_yield-null)-I-5N"
HLA,Hailun,2010,DQN,,,dssat_auto,2010,155,31,0.0,34.3,16.7,30.0,0.0,117.0,0.0,0.0,249,0.0,0.0,-0.0,-0.0,2010-06-04,pass,"counterfactual_common_baseline_relative=max(0,final_yield-null)-I-5N"
HLA,Hailun,2010,DQN,,,dssat_auto,2010,156,32,0.0,31.5,18.7,31.0,0.0,141.0,0.0,0.0,248,0.0,0.0,-0.0,-0.0,2010-06-05,pass,"counterfactual_common_baseline_relative=max(0,final_yield-null)-I-5N"
HLA,Hailun,2010,DQN,,,dssat_auto,2010,157,33,0.0,27.3,12.7,32.0,0.0,168.0,0.0,0.004,246,0.0,0.0,-0.0,-0.0,2010-06-06,pass,"counterfactual_common_baseline_relative=max(0,final_yield-null)-I-5N"
HLA,Hailun,2010,DQN,,,dssat_auto,2010,158,34,0.0,33.1,18.0,33.0,0.0,213.0,0.0,0.0,244,0.0,0.0,-0.0,-0.0,2010-06-07,pass,"counterfactual_common_baseline_relative=max(0,final_yield-null)-I-5N"
HLA,Hailun,2010,DQN,,,dssat_auto,2010,159,35,0.0,34.8,21.1,34.0,0.0,272.0,0.0,0.0,242,0.0,0.0,-0.0,-0.0,2010-06-08,pass,"counterfactual_common_baseline_relative=max(0,final_yield-null)-I-5N"
HLA,Hailun,2010,DQN,,,dssat_auto,2010,160,36,0.0,32.3,15.5,35.0,0.0,328.0,0.0,0.0,240,0.0,0.0,-0.0,-0.0,2010-06-09,pass,"counterfactual_common_baseline_relative=max(0,final_yield-null)-I-5N"
HLA,Hailun,2010,DQN,,,dssat_auto,2010,161,37,0.0,36.4,18.9,36.0,0.0,406.0,0.0,0.0,237,0.0,0.0,-0.0,-0.0,2010-06-10,pass,"counterfactual_common_baseline_relative=max(0,final_yield-null)-I-5N"
HLA,Hailun,2010,DQN,,,dssat_auto,2010,162,38,0.0,36.7,20.3,37.0,0.0,498.0,0.0,0.0,277,47.8,0.0,-47.8,-47.8,2010-06-11,pass,"counterfactual_common_baseline_relative=max(0,final_yield-null)-I-5N"
HLA,Hailun,2010,DQN,,,dssat_auto,2010,163,39,1.5,26.8,19.4,38.0,0.0,567.0,0.0,0.0,276,0.0,0.0,-0.0,-47.8,2010-06-12,pass,"counterfactual_common_baseline_relative=max(0,final_yield-null)-I-5N"
HLA,Hailun,2010,DQN,,,dssat_auto,2010,164,40,0.0,29.4,18.2,39.0,0.0,657.0,0.0,0.0,271,0.0,0.0,-0.0,-47.8,2010-06-13,pass,"counterfactual_common_baseline_relative=max(0,final_yield-null)-I-5N"
HLA,Hailun,2010,DQN,,,dssat_auto,2010,165,41,0.0,30.3,18.6,40.0,0.0,755.0,0.0,0.0,266,0.0,0.0,-0.0,-47.8,2010-06-14,pass,"counterfactual_common_baseline_relative=max(0,final_yield-null)-I-5N"
HLA,Hailun,2010,DQN,,,dssat_auto,2010,166,42,0.0,26.8,18.0,41.0,0.0,845.0,0.0,0.0,262,0.0,0.0,-0.0,-47.8,2010-06-15,pass,"counterfactual_common_baseline_relative=max(0,final_yield-null)-I-5N"
HLA,Hailun,2010,DQN,,,dssat_auto,2010,167,43,16.0,28.7,16.3,42.0,0.0,939.0,0.0,0.0,272,0.0,0.0,-0.0,-47.8,2010-06-16,pass,"counterfactual_common_baseline_relative=max(0,final_yield-null)-I-5N"
HLA,Hailun,2010,DQN,,,dssat_auto,2010,168,44,0.0,30.7,15.9,43.0,0.0,1044.0,0.0,0.0,266,0.0,0.0,-0.0,-47.8,2010-06-17,pass,"counterfactual_common_baseline_relative=max(0,final_yield-null)-I-5N"
HLA,Hailun,2010,DQN,,,dssat_auto,2010,169,45,0.0,32.0,18.8,44.0,0.0,1169.0,0.0,0.0,259,0.0,0.0,-0.0,-47.8,2010-06-18,pass,"counterfactual_common_baseline_relative=max(0,final_yield-null)-I-5N"
HLA,Hailun,2010,DQN,,,dssat_auto,2010,170,46,6.2,33.4,19.9,45.0,0.0,1312.0,0.0,0.0,260,0.0,0.0,-0.0,-47.8,2010-06-19,pass,"counterfactual_common_baseline_relative=max(0,final_yield-null)-I-5N"
HLA,Hailun,2010,DQN,,,dssat_auto,2010,171,47,0.0,22.4,15.2,46.0,0.0,1399.0,0.0,0.0,254,0.0,0.0,-0.0,-47.8,2010-06-20,pass,"counterfactual_common_baseline_relative=max(0,final_yield-null)-I-5N"
HLA,Hailun,2010,DQN,,,dssat_auto,2010,172,48,5.3,19.8,11.0,47.0,0.0,1461.0,0.0,0.0,257,0.0,0.0,-0.0,-47.8,2010-06-21,pass,"counterfactual_common_baseline_relative=max(0,final_yield-null)-I-5N"
HLA,Hailun,2010,DQN,,,dssat_auto,2010,173,49,0.0,26.7,9.9,48.0,0.0,1549.0,0.0,0.0,251,0.0,0.0,-0.0,-47.8,2010-06-22,pass,"counterfactual_common_baseline_relative=max(0,final_yield-null)-I-5N"
HLA,Hailun,2010,DQN,,,dssat_auto,2010,174,50,0.0,33.3,14.9,49.0,0.0,1696.0,0.0,0.0,244,0.0,0.0,-0.0,-47.8,2010-06-23,pass,"counterfactual_common_baseline_relative=max(0,final_yield-null)-I-5N"
HLA,Hailun,2010,DQN,,,dssat_auto,2010,175,51,0.0,37.4,19.7,50.0,0.0,1891.0,0.0,0.0,235,0.0,0.0,-0.0,-47.8,2010-06-24,pass,"counterfactual_common_baseline_relative=max(0,final_yield-null)-I-5N"
HLA,Hailun,2010,DQN,,,dssat_auto,2010,176,52,0.0,35.4,19.9,51.0,0.0,2097.0,0.0,0.0,227,0.0,0.0,-0.0,-47.8,2010-06-25,pass,"counterfactual_common_baseline_relative=max(0,final_yield-null)-I-5N"
HLA,Hailun,2010,DQN,,,dssat_auto,2010,177,53,0.0,37.1,20.7,52.0,0.0,2331.0,0.0,0.0,219,0.0,0.0,-0.0,-47.8,2010-06-26,pass,"counterfactual_common_baseline_relative=max(0,final_yield-null)-I-5N"
HLA,Hailun,2010,DQN,,,dssat_auto,2010,178,54,0.0,35.9,20.7,53.0,0.0,2581.0,0.0,0.0,259,46.6,0.0,-46.6,-94.4,2010-06-27,pass,"counterfactual_common_baseline_relative=max(0,final_yield-null)-I-5N"
HLA,Hailun,2010,DQN,,,dssat_auto,2010,179,55,0.0,32.6,21.7,54.0,0.0,2840.0,0.0,0.0,253,0.0,0.0,-0.0,-94.4,2010-06-28,pass,"counterfactual_common_baseline_relative=max(0,final_yield-null)-I-5N"
HLA,Hailun,2010,DQN,,,dssat_auto,2010,180,56,3.8,31.0,20.1,55.0,0.0,3094.0,0.0,0.0,251,0.0,0.0,-0.0,-94.4,2010-06-29,pass,"counterfactual_common_baseline_relative=max(0,final_yield-null)-I-5N"
HLA,Hailun,2010,DQN,,,dssat_auto,2010,181,57,2.6,28.8,21.6,56.0,0.0,3354.0,0.0,0.0,250,0.0,0.0,-0.0,-94.4,2010-06-30,pass,"counterfactual_common_baseline_relative=max(0,final_yield-null)-I-5N"
HLA,Hailun,2010,DQN,,,dssat_auto,2010,182,58,0.0,29.2,21.6,57.0,0.0,3641.0,0.0,0.0,244,0.0,0.0,-0.0,-94.4,2010-07-01,pass,"counterfactual_common_baseline_relative=max(0,final_yield-null)-I-5N"
HLA,Hailun,2010,DQN,,,dssat_auto,2010,183,59,15.3,29.0,19.7,58.0,0.0,3932.0,0.0,0.0,254,0.0,0.0,-0.0,-94.4,2010-07-02,pass,"counterfactual_common_baseline_relative=max(0,final_yield-null)-I-5N"
HLA,Hailun,2010,DQN,,,dssat_auto,2010,184,60,0.0,30.5,19.5,59.0,0.0,4255.0,0.0,0.0,248,0.0,0.0,-0.0,-94.4,2010-07-03,pass,"counterfactual_common_baseline_relative=max(0,final_yield-null)-I-5N"
HLA,Hailun,2010,DQN,,,dssat_auto,2010,185,61,13.1,26.1,16.7,60.0,0.0,4428.0,0.0,0.0,258,0.0,0.0,-0.0,-94.4,2010-07-04,pass,"counterfactual_common_baseline_relative=max(0,final_yield-null)-I-5N"
HLA,Hailun,2010,DQN,,,dssat_auto,2010,186,62,4.4,22.7,15.8,61.0,0.0,4672.0,0.0,0.0,259,0.0,0.0,-0.0,-94.4,2010-07-05,pass,"counterfactual_common_baseline_relative=max(0,final_yield-null)-I-5N"
HLA,Hailun,2010,DQN,,,dssat_auto,2010,187,63,0.0,20.3,14.9,62.0,0.0,4896.0,0.0,0.0,256,0.0,0.0,-0.0,-94.4,2010-07-06,pass,"counterfactual_common_baseline_relative=max(0,final_yield-null)-I-5N"
HLA,Hailun,2010,DQN,,,dssat_auto,2010,188,64,0.0,21.9,15.3,63.0,0.0,5119.0,0.0,0.0,253,0.0,0.0,-0.0,-94.4,2010-07-07,pass,"counterfactual_common_baseline_relative=max(0,final_yield-null)-I-5N"
HLA,Hailun,2010,DQN,,,dssat_auto,2010,189,65,0.0,26.6,14.5,64.0,0.0,5365.0,0.0,0.0,248,0.0,0.0,-0.0,-94.4,2010-07-08,pass,"counterfactual_common_baseline_relative=max(0,final_yield-null)-I-5N"
HLA,Hailun,2010,DQN,,,dssat_auto,2010,190,66,0.0,27.9,17.5,65.0,0.0,5638.0,0.0,0.0,242,0.0,0.0,-0.0,-94.4,2010-07-09,pass,"counterfactual_common_baseline_relative=max(0,final_yield-null)-I-5N"
HLA,Hailun,2010,DQN,,,dssat_auto,2010,191,67,0.0,28.1,16.6,66.0,0.0,5893.0,0.0,0.0,237,0.0,0.0,-0.0,-94.4,2010-07-10,pass,"counterfactual_common_baseline_relative=max(0,final_yield-null)-I-5N"
HLA,Hailun,2010,DQN,,,dssat_auto,2010,192,68,0.0,30.5,16.0,67.0,0.0,6156.0,0.0,0.0,232,0.0,0.0,-0.0,-94.4,2010-07-11,pass,"counterfactual_common_baseline_relative=max(0,final_yield-null)-I-5N"
HLA,Hailun,2010,DQN,,,dssat_auto,2010,193,69,0.0,30.0,16.2,68.0,0.0,6410.0,0.0,0.0,225,0.0,0.0,-0.0,-94.4,2010-07-12,pass,"counterfactual_common_baseline_relative=max(0,final_yield-null)-I-5N"
HLA,Hailun,2010,DQN,,,dssat_auto,2010,194,70,0.0,29.0,18.6,69.0,0.0,6670.0,0.0,0.0,219,0.0,0.0,-0.0,-94.4,2010-07-13,pass,"counterfactual_common_baseline_relative=max(0,final_yield-null)-I-5N"
HLA,Hailun,2010,DQN,,,dssat_auto,2010,195,71,0.0,30.4,13.8,70.0,0.0,6899.0,0.0,0.0,213,0.0,0.0,-0.0,-94.4,2010-07-14,pass,"counterfactual_common_baseline_relative=max(0,final_yield-null)-I-5N"
HLA,Hailun,2010,DQN,,,dssat_auto,2010,196,72,4.1,28.8,18.8,71.0,0.0,7151.0,0.0,0.0,212,0.0,0.0,-0.0,-94.4,2010-07-15,pass,"counterfactual_common_baseline_relative=max(0,final_yield-null)-I-5N"
HLA,Hailun,2010,DQN,,,dssat_auto,2010,197,73,31.2,24.1,19.8,72.0,0.0,7222.0,0.0,0.0,235,0.0,0.0,-0.0,-94.4,2010-07-16,pass,"counterfactual_common_baseline_relative=max(0,final_yield-null)-I-5N"
HLA,Hailun,2010,DQN,,,dssat_auto,2010,198,74,0.0,26.4,22.3,73.0,0.0,7483.0,0.0,0.0,231,0.0,0.0,-0.0,-94.4,2010-07-17,pass,"counterfactual_common_baseline_relative=max(0,final_yield-null)-I-5N"
HLA,Hailun,2010,DQN,,,dssat_auto,2010,199,75,0.0,28.0,19.1,74.0,0.0,7732.0,0.0,0.0,228,0.0,0.0,-0.0,-94.4,2010-07-18,pass,"counterfactual_common_baseline_relative=max(0,final_yield-null)-I-5N"
HLA,Hailun,2010,DQN,,,dssat_auto,2010,200,76,6.3,27.4,16.1,75.0,0.0,7952.0,0.0,0.0,230,0.0,0.0,-0.0,-94.4,2010-07-19,pass,"counterfactual_common_baseline_relative=max(0,final_yield-null)-I-5N"
HLA,Hailun,2010,DQN,,,dssat_auto,2010,201,77,0.2,24.7,19.1,76.0,0.0,8136.0,0.0,0.0,228,0.0,0.0,-0.0,-94.4,2010-07-20,pass,"counterfactual_common_baseline_relative=max(0,final_yield-null)-I-5N"
HLA,Hailun,2010,DQN,,,dssat_auto,2010,202,78,1.3,27.9,17.8,77.0,0.0,8374.0,0.0,0.0,224,0.0,0.0,-0.0,-94.4,2010-07-21,pass,"counterfactual_common_baseline_relative=max(0,final_yield-null)-I-5N"
HLA,Hailun,2010,DQN,,,dssat_auto,2010,203,79,0.2,28.3,17.5,78.0,0.0,8843.0,0.0,0.0,218,0.0,0.0,-0.0,-94.4,2010-07-22,pass,"counterfactual_common_baseline_relative=max(0,final_yield-null)-I-5N"
HLA,Hailun,2010,DQN,,,dssat_auto,2010,204,80,0.3,29.6,17.0,79.0,0.0,9311.0,0.0,0.0,212,0.0,0.0,-0.0,-94.4,2010-07-23,pass,"counterfactual_common_baseline_relative=max(0,final_yield-null)-I-5N"
HLA,Hailun,2010,DQN,,,dssat_auto,2010,205,81,0.0,29.8,19.1,80.0,0.0,9733.0,0.0,0.0,206,0.0,0.0,-0.0,-94.4,2010-07-24,pass,"counterfactual_common_baseline_relative=max(0,final_yield-null)-I-5N"
HLA,Hailun,2010,DQN,,,dssat_auto,2010,206,82,0.0,29.7,19.1,81.0,0.0,10156.0,0.0,0.0,200,0.0,0.0,-0.0,-94.4,2010-07-25,pass,"counterfactual_common_baseline_relative=max(0,final_yield-null)-I-5N"
HLA,Hailun,2010,DQN,,,dssat_auto,2010,207,83,9.8,27.9,17.4,82.0,0.0,10421.0,0.0,0.0,206,0.0,0.0,-0.0,-94.4,2010-07-26,pass,"counterfactual_common_baseline_relative=max(0,final_yield-null)-I-5N"
HLA,Hailun,2010,DQN,,,dssat_auto,2010,208,84,0.0,26.8,13.2,83.0,0.0,10677.0,0.0,0.0,203,0.0,0.0,-0.0,-94.4,2010-07-27,pass,"counterfactual_common_baseline_relative=max(0,final_yield-null)-I-5N"
HLA,Hailun,2010,DQN,,,dssat_auto,2010,209,85,0.0,23.5,11.1,84.0,0.0,11074.0,0.0,0.0,198,0.0,0.0,-0.0,-94.4,2010-07-28,pass,"counterfactual_common_baseline_relative=max(0,final_yield-null)-I-5N"
HLA,Hailun,2010,DQN,,,dssat_auto,2010,210,86,0.0,27.2,12.5,85.0,0.0,11453.0,0.0,0.0,193,0.0,0.0,-0.0,-94.4,2010-07-29,pass,"counterfactual_common_baseline_relative=max(0,final_yield-null)-I-5N"
HLA,Hailun,2010,DQN,,,dssat_auto,2010,211,87,4.2,27.9,17.0,86.0,0.0,11753.0,0.0,0.0,193,0.0,0.0,-0.0,-94.4,2010-07-30,pass,"counterfactual_common_baseline_relative=max(0,final_yield-null)-I-5N"
HLA,Hailun,2010,DQN,,,dssat_auto,2010,212,88,0.0,25.1,16.4,87.0,0.0,12079.0,0.0,0.0,188,0.0,0.0,-0.0,-94.4,2010-07-31,pass,"counterfactual_common_baseline_relative=max(0,final_yield-null)-I-5N"
HLA,Hailun,2010,DQN,,,dssat_auto,2010,213,89,0.0,23.9,11.4,88.0,0.0,12413.0,0.0,0.0,184,0.0,0.0,-0.0,-94.4,2010-08-01,pass,"counterfactual_common_baseline_relative=max(0,final_yield-null)-I-5N"
HLA,Hailun,2010,DQN,,,dssat_auto,2010,214,90,0.0,26.7,14.0,89.0,0.0,12844.0,0.0,0.0,178,0.0,0.0,-0.0,-94.4,2010-08-02,pass,"counterfactual_common_baseline_relative=max(0,final_yield-null)-I-5N"
HLA,Hailun,2010,DQN,,,dssat_auto,2010,215,91,0.0,27.2,16.7,90.0,0.0,13021.0,0.0,0.0,175,0.0,0.0,-0.0,-94.4,2010-08-03,pass,"counterfactual_common_baseline_relative=max(0,final_yield-null)-I-5N"
HLA,Hailun,2010,DQN,,,dssat_auto,2010,216,92,0.0,23.5,16.3,91.0,215.0,13139.0,0.0,0.0,174,0.0,0.0,-0.0,-94.4,2010-08-04,pass,"counterfactual_common_baseline_relative=max(0,final_yield-null)-I-5N"
HLA,Hailun,2010,DQN,,,dssat_auto,2010,217,93,0.0,22.8,19.6,92.0,431.0,13291.0,0.0,0.0,172,0.0,0.0,-0.0,-94.4,2010-08-05,pass,"counterfactual_common_baseline_relative=max(0,final_yield-null)-I-5N"
HLA,Hailun,2010,DQN,,,dssat_auto,2010,218,94,0.0,20.1,14.5,93.0,646.0,13403.0,0.0,0.0,171,0.0,0.0,-0.0,-94.4,2010-08-06,pass,"counterfactual_common_baseline_relative=max(0,final_yield-null)-I-5N"
HLA,Hailun,2010,DQN,,,dssat_auto,2010,219,95,0.0,26.8,13.0,94.0,862.0,13715.0,0.0,0.0,167,0.0,0.0,-0.0,-94.4,2010-08-07,pass,"counterfactual_common_baseline_relative=max(0,final_yield-null)-I-5N"
HLA,Hailun,2010,DQN,,,dssat_auto,2010,220,96,0.6,20.4,15.0,95.0,1077.0,13812.0,0.0,0.0,215,48.1,0.0,-48.1,-142.5,2010-08-08,pass,"counterfactual_common_baseline_relative=max(0,final_yield-null)-I-5N"
HLA,Hailun,2010,DQN,,,dssat_auto,2010,221,97,16.0,25.3,17.1,96.0,1293.0,14015.0,0.0,0.0,225,0.0,0.0,-0.0,-142.5,2010-08-09,pass,"counterfactual_common_baseline_relative=max(0,final_yield-null)-I-5N"
HLA,Hailun,2010,DQN,,,dssat_auto,2010,222,98,4.4,23.6,15.2,97.0,1508.0,14350.0,0.0,0.0,224,0.0,0.0,-0.0,-142.5,2010-08-10,pass,"counterfactual_common_baseline_relative=max(0,final_yield-null)-I-5N"
HLA,Hailun,2010,DQN,,,dssat_auto,2010,223,99,0.0,26.3,13.4,98.0,1724.0,14679.0,0.0,0.0,220,0.0,0.0,-0.0,-142.5,2010-08-11,pass,"counterfactual_common_baseline_relative=max(0,final_yield-null)-I-5N"
HLA,Hailun,2010,DQN,,,dssat_auto,2010,224,100,0.0,25.1,14.6,99.0,1939.0,14960.0,0.0,0.0,215,0.0,0.0,-0.0,-142.5,2010-08-12,pass,"counterfactual_common_baseline_relative=max(0,final_yield-null)-I-5N"
HLA,Hailun,2010,DQN,,,dssat_auto,2010,225,101,0.0,26.0,10.8,100.0,2154.0,15175.0,0.0,0.0,211,0.0,0.0,-0.0,-142.5,2010-08-13,pass,"counterfactual_common_baseline_relative=max(0,final_yield-null)-I-5N"
HLA,Hailun,2010,DQN,,,dssat_auto,2010,226,102,34.7,22.7,15.9,101.0,2370.0,15298.0,0.0,0.0,234,0.0,0.0,-0.0,-142.5,2010-08-14,pass,"counterfactual_common_baseline_relative=max(0,final_yield-null)-I-5N"
HLA,Hailun,2010,DQN,,,dssat_auto,2010,227,103,10.5,22.5,15.3,102.0,2585.0,15573.0,0.0,0.0,239,0.0,0.0,-0.0,-142.5,2010-08-15,pass,"counterfactual_common_baseline_relative=max(0,final_yield-null)-I-5N"
HLA,Hailun,2010,DQN,,,dssat_auto,2010,228,104,0.0,25.7,11.7,103.0,2801.0,15822.0,0.0,0.0,234,0.0,0.0,-0.0,-142.5,2010-08-16,pass,"counterfactual_common_baseline_relative=max(0,final_yield-null)-I-5N"
HLA,Hailun,2010,DQN,,,dssat_auto,2010,229,105,0.0,27.9,14.5,104.0,3016.0,16037.0,0.0,0.0,229,0.0,0.0,-0.0,-142.5,2010-08-17,pass,"counterfactual_common_baseline_relative=max(0,final_yield-null)-I-5N"
HLA,Hailun,2010,DQN,,,dssat_auto,2010,230,106,0.0,27.8,17.8,105.0,3232.0,16253.0,0.0,0.0,225,0.0,0.0,-0.0,-142.5,2010-08-18,pass,"counterfactual_common_baseline_relative=max(0,final_yield-null)-I-5N"
HLA,Hailun,2010,DQN,,,dssat_auto,2010,231,107,0.8,23.9,18.6,106.0,3447.0,16360.0,0.0,0.0,224,0.0,0.0,-0.0,-142.5,2010-08-19,pass,"counterfactual_common_baseline_relative=max(0,final_yield-null)-I-5N"
HLA,Hailun,2010,DQN,,,dssat_auto,2010,232,108,0.0,29.1,19.3,107.0,3663.0,16609.0,0.0,0.0,221,0.0,0.0,-0.0,-142.5,2010-08-20,pass,"counterfactual_common_baseline_relative=max(0,final_yield-null)-I-5N"
HLA,Hailun,2010,DQN,,,dssat_auto,2010,233,109,0.0,24.9,12.9,108.0,3878.0,16899.0,0.0,0.0,217,0.0,0.0,-0.0,-142.5,2010-08-21,pass,"counterfactual_common_baseline_relative=max(0,final_yield-null)-I-5N"
HLA,Hailun,2010,DQN,,,dssat_auto,2010,234,110,0.0,25.1,14.1,109.0,4094.0,17114.0,0.0,0.0,214,0.0,0.0,-0.0,-142.5,2010-08-22,pass,"counterfactual_common_baseline_relative=max(0,final_yield-null)-I-5N"
HLA,Hailun,2010,DQN,,,dssat_auto,2010,235,111,16.2,22.9,15.6,110.0,4309.0,17330.0,0.0,0.0,226,0.0,0.0,-0.0,-142.5,2010-08-23,pass,"counterfactual_common_baseline_relative=max(0,final_yield-null)-I-5N"
HLA,Hailun,2010,DQN,,,dssat_auto,2010,236,112,0.0,23.9,14.7,111.0,4524.0,17545.0,0.0,0.0,223,0.0,0.0,-0.0,-142.5,2010-08-24,pass,"counterfactual_common_baseline_relative=max(0,final_yield-null)-I-5N"
HLA,Hailun,2010,DQN,,,dssat_auto,2010,237,113,0.0,27.8,11.2,112.0,4740.0,17761.0,0.0,0.0,218,0.0,0.0,-0.0,-142.5,2010-08-25,pass,"counterfactual_common_baseline_relative=max(0,final_yield-null)-I-5N"
HLA,Hailun,2010,DQN,,,dssat_auto,2010,238,114,0.0,29.9,12.6,113.0,4955.0,17976.0,0.0,0.0,213,0.0,0.0,-0.0,-142.5,2010-08-26,pass,"counterfactual_common_baseline_relative=max(0,final_yield-null)-I-5N"
HLA,Hailun,2010,DQN,,,dssat_auto,2010,239,115,0.0,29.4,15.7,114.0,5171.0,18192.0,0.0,0.0,209,0.0,0.0,-0.0,-142.5,2010-08-27,pass,"counterfactual_common_baseline_relative=max(0,final_yield-null)-I-5N"
HLA,Hailun,2010,DQN,,,dssat_auto,2010,240,116,5.7,21.1,18.2,115.0,5386.0,18258.0,0.0,0.0,214,0.0,0.0,-0.0,-142.5,2010-08-28,pass,"counterfactual_common_baseline_relative=max(0,final_yield-null)-I-5N"
HLA,Hailun,2010,DQN,,,dssat_auto,2010,241,117,0.2,23.0,18.1,116.0,5602.0,18475.0,0.0,0.0,211,0.0,0.0,-0.0,-142.5,2010-08-29,pass,"counterfactual_common_baseline_relative=max(0,final_yield-null)-I-5N"
HLA,Hailun,2010,DQN,,,dssat_auto,2010,242,118,5.7,21.6,13.7,117.0,5817.0,18646.0,0.0,0.0,215,0.0,0.0,-0.0,-142.5,2010-08-30,pass,"counterfactual_common_baseline_relative=max(0,final_yield-null)-I-5N"
HLA,Hailun,2010,DQN,,,dssat_auto,2010,243,119,2.9,20.8,10.5,118.0,6025.0,18879.0,0.0,0.0,215,0.0,0.0,-0.0,-142.5,2010-08-31,pass,"counterfactual_common_baseline_relative=max(0,final_yield-null)-I-5N"
HLA,Hailun,2010,DQN,,,dssat_auto,2010,244,120,0.0,24.2,8.0,119.0,6241.0,19174.0,0.0,0.0,211,0.0,0.0,-0.0,-142.5,2010-09-01,pass,"counterfactual_common_baseline_relative=max(0,final_yield-null)-I-5N"
HLA,Hailun,2010,DQN,,,dssat_auto,2010,245,121,0.0,26.4,11.1,120.0,6456.0,19469.0,0.0,0.0,207,0.0,0.0,-0.0,-142.5,2010-09-02,pass,"counterfactual_common_baseline_relative=max(0,final_yield-null)-I-5N"
HLA,Hailun,2010,DQN,,,dssat_auto,2010,246,122,0.0,27.7,11.9,121.0,6672.0,19693.0,0.0,0.0,202,0.0,0.0,-0.0,-142.5,2010-09-03,pass,"counterfactual_common_baseline_relative=max(0,final_yield-null)-I-5N"
HLA,Hailun,2010,DQN,,,dssat_auto,2010,247,123,0.0,28.7,15.2,122.0,6887.0,19908.0,0.0,0.0,199,0.0,0.0,-0.0,-142.5,2010-09-04,pass,"counterfactual_common_baseline_relative=max(0,final_yield-null)-I-5N"
HLA,Hailun,2010,DQN,,,dssat_auto,2010,248,124,0.2,25.9,14.3,123.0,7103.0,20107.0,0.0,0.0,196,0.0,0.0,-0.0,-142.5,2010-09-05,pass,"counterfactual_common_baseline_relative=max(0,final_yield-null)-I-5N"
HLA,Hailun,2010,DQN,,,dssat_auto,2010,249,125,0.2,23.2,11.5,124.0,7318.0,20339.0,0.0,0.0,192,0.0,0.0,-0.0,-142.5,2010-09-06,pass,"counterfactual_common_baseline_relative=max(0,final_yield-null)-I-5N"
HLA,Hailun,2010,DQN,,,dssat_auto,2010,250,126,0.0,20.4,2.3,125.0,7438.0,20459.0,0.0,0.0,188,0.0,0.0,-0.0,-142.5,2010-09-07,pass,"counterfactual_common_baseline_relative=max(0,final_yield-null)-I-5N"
HLA,Hailun,2010,DQN,,,dssat_auto,2010,251,127,0.0,24.4,6.1,126.0,7638.0,20659.0,0.0,0.0,184,0.0,0.0,-0.0,-142.5,2010-09-08,pass,"counterfactual_common_baseline_relative=max(0,final_yield-null)-I-5N"
HLA,Hailun,2010,DQN,,,dssat_auto,2010,252,128,0.0,27.9,8.8,127.0,7854.0,20874.0,0.0,0.016,180,0.0,0.0,-0.0,-142.5,2010-09-09,pass,"counterfactual_common_baseline_relative=max(0,final_yield-null)-I-5N"
HLA,Hailun,2010,DQN,,,dssat_auto,2010,253,129,0.0,29.6,11.2,128.0,7854.0,20874.0,0.0,0.035,175,0.0,0.0,-0.0,-142.5,2010-09-10,pass,"counterfactual_common_baseline_relative=max(0,final_yield-null)-I-5N"
HLA,Hailun,2010,DQN,,,dssat_auto,2010,254,130,0.0,31.2,13.9,129.0,7854.0,20874.0,0.0,0.035,219,47.9,0.0,-47.9,-190.4,2010-09-11,pass,"counterfactual_common_baseline_relative=max(0,final_yield-null)-I-5N"
HLA,Hailun,2010,DQN,,,dssat_auto,2010,255,131,0.0,31.6,14.0,130.0,7854.0,20874.0,0.0,0.035,214,0.0,0.0,898.0,707.6,2010-09-12,pass,"counterfactual_common_baseline_relative=max(0,final_yield-null)-I-5N"
HLA,Hailun,2010,DQN,,,official_extension_expert,2010,125,1,8.6,13.7,6.2,0.0,0.0,0.0,0.0,0.0,276,37.5,112.0,-597.5,-597.5,2010-05-05,pass,"counterfactual_common_baseline_relative=max(0,final_yield-null)-I-5N"
HLA,Hailun,2010,DQN,,,official_extension_expert,2010,126,2,48.3,6.6,5.3,1.0,0.0,0.0,0.0,0.0,302,0.0,0.0,-0.0,-597.5,2010-05-06,pass,"counterfactual_common_baseline_relative=max(0,final_yield-null)-I-5N"
HLA,Hailun,2010,DQN,,,official_extension_expert,2010,127,3,1.1,11.8,4.3,2.0,0.0,0.0,0.0,0.0,301,0.0,0.0,-0.0,-597.5,2010-05-07,pass,"counterfactual_common_baseline_relative=max(0,final_yield-null)-I-5N"
HLA,Hailun,2010,DQN,,,official_extension_expert,2010,128,4,0.0,11.0,2.5,3.0,0.0,0.0,0.0,0.0,297,0.0,0.0,-0.0,-597.5,2010-05-08,pass,"counterfactual_common_baseline_relative=max(0,final_yield-null)-I-5N"
HLA,Hailun,2010,DQN,,,official_extension_expert,2010,129,5,1.8,12.1,1.8,4.0,0.0,0.0,0.0,0.0,297,0.0,0.0,-0.0,-597.5,2010-05-09,pass,"counterfactual_common_baseline_relative=max(0,final_yield-null)-I-5N"
HLA,Hailun,2010,DQN,,,official_extension_expert,2010,130,6,11.0,10.5,6.3,5.0,0.0,0.0,0.0,0.0,306,0.0,0.0,-0.0,-597.5,2010-05-10,pass,"counterfactual_common_baseline_relative=max(0,final_yield-null)-I-5N"
HLA,Hailun,2010,DQN,,,official_extension_expert,2010,131,7,0.4,13.3,6.5,6.0,0.0,0.0,0.0,0.0,304,0.0,0.0,-0.0,-597.5,2010-05-11,pass,"counterfactual_common_baseline_relative=max(0,final_yield-null)-I-5N"
HLA,Hailun,2010,DQN,,,official_extension_expert,2010,132,8,0.0,15.7,6.1,7.0,0.0,0.0,0.0,0.0,301,0.0,0.0,-0.0,-597.5,2010-05-12,pass,"counterfactual_common_baseline_relative=max(0,final_yield-null)-I-5N"
HLA,Hailun,2010,DQN,,,official_extension_expert,2010,133,9,0.0,20.2,4.2,8.0,0.0,0.0,0.0,0.0,298,0.0,0.0,-0.0,-597.5,2010-05-13,pass,"counterfactual_common_baseline_relative=max(0,final_yield-null)-I-5N"
HLA,Hailun,2010,DQN,,,official_extension_expert,2010,134,10,0.0,20.7,8.2,9.0,0.0,0.0,0.0,0.0,296,0.0,0.0,-0.0,-597.5,2010-05-14,pass,"counterfactual_common_baseline_relative=max(0,final_yield-null)-I-5N"
HLA,Hailun,2010,DQN,,,official_extension_expert,2010,135,11,2.0,20.9,11.0,10.0,0.0,0.0,0.0,0.0,297,0.0,0.0,-0.0,-597.5,2010-05-15,pass,"counterfactual_common_baseline_relative=max(0,final_yield-null)-I-5N"
HLA,Hailun,2010,DQN,,,official_extension_expert,2010,136,12,0.0,24.8,8.1,11.0,0.0,0.0,0.0,0.0,295,0.0,0.0,-0.0,-597.5,2010-05-16,pass,"counterfactual_common_baseline_relative=max(0,final_yield-null)-I-5N"
HLA,Hailun,2010,DQN,,,official_extension_expert,2010,137,13,2.9,21.9,13.0,12.0,0.0,0.0,0.0,0.0,296,0.0,0.0,-0.0,-597.5,2010-05-17,pass,"counterfactual_common_baseline_relative=max(0,final_yield-null)-I-5N"
HLA,Hailun,2010,DQN,,,official_extension_expert,2010,138,14,0.0,20.0,12.7,13.0,0.0,0.0,0.0,0.0,295,0.0,0.0,-0.0,-597.5,2010-05-18,pass,"counterfactual_common_baseline_relative=max(0,final_yield-null)-I-5N"
HLA,Hailun,2010,DQN,,,official_extension_expert,2010,139,15,9.2,19.2,12.3,14.0,0.0,0.0,0.0,0.0,300,0.0,0.0,-0.0,-597.5,2010-05-19,pass,"counterfactual_common_baseline_relative=max(0,final_yield-null)-I-5N"
HLA,Hailun,2010,DQN,,,official_extension_expert,2010,140,16,7.1,20.3,11.8,15.0,0.0,20.0,0.0,0.012,304,0.0,0.0,-0.0,-597.5,2010-05-20,pass,"counterfactual_common_baseline_relative=max(0,final_yield-null)-I-5N"
HLA,Hailun,2010,DQN,,,official_extension_expert,2010,141,17,1.5,25.7,12.3,16.0,0.0,20.0,0.0,0.016,299,0.0,0.0,-0.0,-597.5,2010-05-21,pass,"counterfactual_common_baseline_relative=max(0,final_yield-null)-I-5N"
HLA,Hailun,2010,DQN,,,official_extension_expert,2010,142,18,0.0,27.1,14.4,17.0,0.0,20.0,0.0,0.011,297,0.0,0.0,-0.0,-597.5,2010-05-22,pass,"counterfactual_common_baseline_relative=max(0,final_yield-null)-I-5N"
HLA,Hailun,2010,DQN,,,official_extension_expert,2010,143,19,0.0,32.1,14.4,18.0,0.0,20.0,0.0,0.004,296,0.0,0.0,-0.0,-597.5,2010-05-23,pass,"counterfactual_common_baseline_relative=max(0,final_yield-null)-I-5N"
HLA,Hailun,2010,DQN,,,official_extension_expert,2010,144,20,0.0,27.6,19.5,19.0,0.0,20.0,0.0,0.0,295,0.0,0.0,-0.0,-597.5,2010-05-24,pass,"counterfactual_common_baseline_relative=max(0,final_yield-null)-I-5N"
HLA,Hailun,2010,DQN,,,official_extension_expert,2010,145,21,0.0,26.6,14.4,20.0,0.0,20.0,0.0,0.0,294,0.0,0.0,-0.0,-597.5,2010-05-25,pass,"counterfactual_common_baseline_relative=max(0,final_yield-null)-I-5N"
HLA,Hailun,2010,DQN,,,official_extension_expert,2010,146,22,0.0,25.6,10.8,21.0,0.0,20.0,0.0,0.0,293,0.0,0.0,-0.0,-597.5,2010-05-26,pass,"counterfactual_common_baseline_relative=max(0,final_yield-null)-I-5N"
HLA,Hailun,2010,DQN,,,official_extension_expert,2010,147,23,0.0,27.3,7.3,22.0,0.0,24.0,0.0,0.0,292,0.0,0.0,-0.0,-597.5,2010-05-27,pass,"counterfactual_common_baseline_relative=max(0,final_yield-null)-I-5N"
HLA,Hailun,2010,DQN,,,official_extension_expert,2010,148,24,0.0,27.2,13.5,23.0,0.0,30.0,0.0,0.0,291,0.0,0.0,-0.0,-597.5,2010-05-28,pass,"counterfactual_common_baseline_relative=max(0,final_yield-null)-I-5N"
HLA,Hailun,2010,DQN,,,official_extension_expert,2010,149,25,4.4,23.4,13.8,24.0,0.0,36.0,0.0,0.0,292,0.0,0.0,-0.0,-597.5,2010-05-29,pass,"counterfactual_common_baseline_relative=max(0,final_yield-null)-I-5N"
HLA,Hailun,2010,DQN,,,official_extension_expert,2010,150,26,0.0,25.5,13.8,25.0,0.0,44.0,0.0,0.0,291,0.0,0.0,-0.0,-597.5,2010-05-30,pass,"counterfactual_common_baseline_relative=max(0,final_yield-null)-I-5N"
HLA,Hailun,2010,DQN,,,official_extension_expert,2010,151,27,0.0,28.3,11.7,26.0,0.0,53.0,0.0,0.0,290,0.0,0.0,-0.0,-597.5,2010-05-31,pass,"counterfactual_common_baseline_relative=max(0,final_yield-null)-I-5N"
HLA,Hailun,2010,DQN,,,official_extension_expert,2010,152,28,0.0,28.9,14.3,27.0,0.0,65.0,0.0,0.0,289,0.0,0.0,-0.0,-597.5,2010-06-01,pass,"counterfactual_common_baseline_relative=max(0,final_yield-null)-I-5N"
HLA,Hailun,2010,DQN,,,official_extension_expert,2010,153,29,0.0,154.3,15.5,28.0,0.0,65.0,0.421,0.0,285,0.0,0.0,-0.0,-597.5,2010-06-02,source_anomaly_preserved_not_imputed,"counterfactual_common_baseline_relative=max(0,final_yield-null)-I-5N"
HLA,Hailun,2010,DQN,,,official_extension_expert,2010,154,30,0.0,30.8,14.2,29.0,0.0,89.0,0.0,0.0,284,0.0,0.0,-0.0,-597.5,2010-06-03,pass,"counterfactual_common_baseline_relative=max(0,final_yield-null)-I-5N"
HLA,Hailun,2010,DQN,,,official_extension_expert,2010,155,31,0.0,34.3,16.7,30.0,0.0,117.0,0.0,0.0,321,45.0,34.0,-215.0,-812.5,2010-06-04,pass,"counterfactual_common_baseline_relative=max(0,final_yield-null)-I-5N"
HLA,Hailun,2010,DQN,,,official_extension_expert,2010,156,32,0.0,31.5,18.7,31.0,0.0,141.0,0.0,0.0,317,0.0,0.0,-0.0,-812.5,2010-06-05,pass,"counterfactual_common_baseline_relative=max(0,final_yield-null)-I-5N"
HLA,Hailun,2010,DQN,,,official_extension_expert,2010,157,33,0.0,27.3,12.7,32.0,0.0,167.0,0.0,0.004,315,0.0,0.0,-0.0,-812.5,2010-06-06,pass,"counterfactual_common_baseline_relative=max(0,final_yield-null)-I-5N"
HLA,Hailun,2010,DQN,,,official_extension_expert,2010,158,34,0.0,33.1,18.0,33.0,0.0,212.0,0.0,0.0,312,0.0,0.0,-0.0,-812.5,2010-06-07,pass,"counterfactual_common_baseline_relative=max(0,final_yield-null)-I-5N"
HLA,Hailun,2010,DQN,,,official_extension_expert,2010,159,35,0.0,34.8,21.1,34.0,0.0,271.0,0.0,0.0,309,0.0,0.0,-0.0,-812.5,2010-06-08,pass,"counterfactual_common_baseline_relative=max(0,final_yield-null)-I-5N"
HLA,Hailun,2010,DQN,,,official_extension_expert,2010,160,36,0.0,32.3,15.5,35.0,0.0,326.0,0.0,0.0,307,0.0,0.0,-0.0,-812.5,2010-06-09,pass,"counterfactual_common_baseline_relative=max(0,final_yield-null)-I-5N"
HLA,Hailun,2010,DQN,,,official_extension_expert,2010,161,37,0.0,36.4,18.9,36.0,0.0,404.0,0.0,0.0,303,0.0,0.0,-0.0,-812.5,2010-06-10,pass,"counterfactual_common_baseline_relative=max(0,final_yield-null)-I-5N"
HLA,Hailun,2010,DQN,,,official_extension_expert,2010,162,38,0.0,36.7,20.3,37.0,0.0,496.0,0.0,0.0,300,0.0,0.0,-0.0,-812.5,2010-06-11,pass,"counterfactual_common_baseline_relative=max(0,final_yield-null)-I-5N"
HLA,Hailun,2010,DQN,,,official_extension_expert,2010,163,39,1.5,26.8,19.4,38.0,0.0,565.0,0.0,0.0,299,0.0,0.0,-0.0,-812.5,2010-06-12,pass,"counterfactual_common_baseline_relative=max(0,final_yield-null)-I-5N"
HLA,Hailun,2010,DQN,,,official_extension_expert,2010,164,40,0.0,29.4,18.2,39.0,0.0,655.0,0.0,0.0,296,0.0,0.0,-0.0,-812.5,2010-06-13,pass,"counterfactual_common_baseline_relative=max(0,final_yield-null)-I-5N"
HLA,Hailun,2010,DQN,,,official_extension_expert,2010,165,41,0.0,30.3,18.6,40.0,0.0,753.0,0.0,0.0,292,0.0,0.0,-0.0,-812.5,2010-06-14,pass,"counterfactual_common_baseline_relative=max(0,final_yield-null)-I-5N"
HLA,Hailun,2010,DQN,,,official_extension_expert,2010,166,42,0.0,26.8,18.0,41.0,0.0,843.0,0.0,0.0,290,0.0,0.0,-0.0,-812.5,2010-06-15,pass,"counterfactual_common_baseline_relative=max(0,final_yield-null)-I-5N"
HLA,Hailun,2010,DQN,,,official_extension_expert,2010,167,43,16.0,28.7,16.3,42.0,0.0,937.0,0.0,0.0,300,0.0,0.0,-0.0,-812.5,2010-06-16,pass,"counterfactual_common_baseline_relative=max(0,final_yield-null)-I-5N"
HLA,Hailun,2010,DQN,,,official_extension_expert,2010,168,44,0.0,30.7,15.9,43.0,0.0,1041.0,0.0,0.0,294,0.0,0.0,-0.0,-812.5,2010-06-17,pass,"counterfactual_common_baseline_relative=max(0,final_yield-null)-I-5N"
HLA,Hailun,2010,DQN,,,official_extension_expert,2010,169,45,0.0,32.0,18.8,44.0,0.0,1167.0,0.0,0.0,287,0.0,0.0,-0.0,-812.5,2010-06-18,pass,"counterfactual_common_baseline_relative=max(0,final_yield-null)-I-5N"
HLA,Hailun,2010,DQN,,,official_extension_expert,2010,170,46,6.2,33.4,19.9,45.0,0.0,1310.0,0.0,0.0,287,0.0,0.0,-0.0,-812.5,2010-06-19,pass,"counterfactual_common_baseline_relative=max(0,final_yield-null)-I-5N"
HLA,Hailun,2010,DQN,,,official_extension_expert,2010,171,47,0.0,22.4,15.2,46.0,0.0,1397.0,0.0,0.0,282,0.0,0.0,-0.0,-812.5,2010-06-20,pass,"counterfactual_common_baseline_relative=max(0,final_yield-null)-I-5N"
HLA,Hailun,2010,DQN,,,official_extension_expert,2010,172,48,5.3,19.8,11.0,47.0,0.0,1458.0,0.0,0.0,284,0.0,0.0,-0.0,-812.5,2010-06-21,pass,"counterfactual_common_baseline_relative=max(0,final_yield-null)-I-5N"
HLA,Hailun,2010,DQN,,,official_extension_expert,2010,173,49,0.0,26.7,9.9,48.0,0.0,1547.0,0.0,0.0,278,0.0,0.0,-0.0,-812.5,2010-06-22,pass,"counterfactual_common_baseline_relative=max(0,final_yield-null)-I-5N"
HLA,Hailun,2010,DQN,,,official_extension_expert,2010,174,50,0.0,33.3,14.9,49.0,0.0,1693.0,0.0,0.0,271,0.0,0.0,-0.0,-812.5,2010-06-23,pass,"counterfactual_common_baseline_relative=max(0,final_yield-null)-I-5N"
HLA,Hailun,2010,DQN,,,official_extension_expert,2010,175,51,0.0,37.4,19.7,50.0,0.0,1888.0,0.0,0.0,313,50.0,68.0,-390.0,-1202.5,2010-06-24,pass,"counterfactual_common_baseline_relative=max(0,final_yield-null)-I-5N"
HLA,Hailun,2010,DQN,,,official_extension_expert,2010,176,52,0.0,35.4,19.9,51.0,0.0,2095.0,0.0,0.0,311,6.2,0.0,-6.2,-1208.7,2010-06-25,pass,"counterfactual_common_baseline_relative=max(0,final_yield-null)-I-5N"
HLA,Hailun,2010,DQN,,,official_extension_expert,2010,177,53,0.0,37.1,20.7,52.0,0.0,2307.0,0.0,0.0,303,0.0,0.0,-0.0,-1208.7,2010-06-26,pass,"counterfactual_common_baseline_relative=max(0,final_yield-null)-I-5N"
HLA,Hailun,2010,DQN,,,official_extension_expert,2010,178,54,0.0,35.9,20.7,53.0,0.0,2547.0,0.0,0.0,296,0.0,0.0,-0.0,-1208.7,2010-06-27,pass,"counterfactual_common_baseline_relative=max(0,final_yield-null)-I-5N"
HLA,Hailun,2010,DQN,,,official_extension_expert,2010,179,55,0.0,32.6,21.7,54.0,0.0,2805.0,0.0,0.0,290,0.0,0.0,-0.0,-1208.7,2010-06-28,pass,"counterfactual_common_baseline_relative=max(0,final_yield-null)-I-5N"
HLA,Hailun,2010,DQN,,,official_extension_expert,2010,180,56,3.8,31.0,20.1,55.0,0.0,3059.0,0.0,0.0,288,0.0,0.0,-0.0,-1208.7,2010-06-29,pass,"counterfactual_common_baseline_relative=max(0,final_yield-null)-I-5N"
HLA,Hailun,2010,DQN,,,official_extension_expert,2010,181,57,2.6,28.8,21.6,56.0,0.0,3318.0,0.0,0.0,287,0.0,0.0,-0.0,-1208.7,2010-06-30,pass,"counterfactual_common_baseline_relative=max(0,final_yield-null)-I-5N"
HLA,Hailun,2010,DQN,,,official_extension_expert,2010,182,58,0.0,29.2,21.6,57.0,0.0,3608.0,0.0,0.0,281,0.0,0.0,-0.0,-1208.7,2010-07-01,pass,"counterfactual_common_baseline_relative=max(0,final_yield-null)-I-5N"
HLA,Hailun,2010,DQN,,,official_extension_expert,2010,183,59,15.3,29.0,19.7,58.0,0.0,3898.0,0.0,0.0,291,0.0,0.0,-0.0,-1208.7,2010-07-02,pass,"counterfactual_common_baseline_relative=max(0,final_yield-null)-I-5N"
HLA,Hailun,2010,DQN,,,official_extension_expert,2010,184,60,0.0,30.5,19.5,59.0,0.0,4220.0,0.0,0.0,285,0.0,0.0,-0.0,-1208.7,2010-07-03,pass,"counterfactual_common_baseline_relative=max(0,final_yield-null)-I-5N"
HLA,Hailun,2010,DQN,,,official_extension_expert,2010,185,61,13.1,26.1,16.7,60.0,0.0,4393.0,0.0,0.0,295,0.0,0.0,-0.0,-1208.7,2010-07-04,pass,"counterfactual_common_baseline_relative=max(0,final_yield-null)-I-5N"
HLA,Hailun,2010,DQN,,,official_extension_expert,2010,186,62,4.4,22.7,15.8,61.0,0.0,4637.0,0.0,0.0,296,0.0,0.0,-0.0,-1208.7,2010-07-05,pass,"counterfactual_common_baseline_relative=max(0,final_yield-null)-I-5N"
HLA,Hailun,2010,DQN,,,official_extension_expert,2010,187,63,0.0,20.3,14.9,62.0,0.0,4860.0,0.0,0.0,293,0.0,0.0,-0.0,-1208.7,2010-07-06,pass,"counterfactual_common_baseline_relative=max(0,final_yield-null)-I-5N"
HLA,Hailun,2010,DQN,,,official_extension_expert,2010,188,64,0.0,21.9,15.3,63.0,0.0,5085.0,0.0,0.0,290,0.0,0.0,-0.0,-1208.7,2010-07-07,pass,"counterfactual_common_baseline_relative=max(0,final_yield-null)-I-5N"
HLA,Hailun,2010,DQN,,,official_extension_expert,2010,189,65,0.0,26.6,14.5,64.0,0.0,5332.0,0.0,0.0,286,0.0,0.0,-0.0,-1208.7,2010-07-08,pass,"counterfactual_common_baseline_relative=max(0,final_yield-null)-I-5N"
HLA,Hailun,2010,DQN,,,official_extension_expert,2010,190,66,0.0,27.9,17.5,65.0,0.0,5604.0,0.0,0.0,330,50.0,26.0,-180.0,-1388.7,2010-07-09,pass,"counterfactual_common_baseline_relative=max(0,final_yield-null)-I-5N"
HLA,Hailun,2010,DQN,,,official_extension_expert,2010,191,67,0.0,28.1,16.6,66.0,0.0,5860.0,0.0,0.0,331,6.2,0.0,-6.2,-1394.9,2010-07-10,pass,"counterfactual_common_baseline_relative=max(0,final_yield-null)-I-5N"
HLA,Hailun,2010,DQN,,,official_extension_expert,2010,192,68,0.0,30.5,16.0,67.0,0.0,6076.0,0.0,0.0,326,0.0,0.0,-0.0,-1394.9,2010-07-11,pass,"counterfactual_common_baseline_relative=max(0,final_yield-null)-I-5N"
HLA,Hailun,2010,DQN,,,official_extension_expert,2010,193,69,0.0,30.0,16.2,68.0,0.0,6301.0,0.0,0.0,319,0.0,0.0,-0.0,-1394.9,2010-07-12,pass,"counterfactual_common_baseline_relative=max(0,final_yield-null)-I-5N"
HLA,Hailun,2010,DQN,,,official_extension_expert,2010,194,70,0.0,29.0,18.6,69.0,0.0,6548.0,0.0,0.0,312,0.0,0.0,-0.0,-1394.9,2010-07-13,pass,"counterfactual_common_baseline_relative=max(0,final_yield-null)-I-5N"
HLA,Hailun,2010,DQN,,,official_extension_expert,2010,195,71,0.0,30.4,13.8,70.0,0.0,6771.0,0.0,0.0,306,0.0,0.0,-0.0,-1394.9,2010-07-14,pass,"counterfactual_common_baseline_relative=max(0,final_yield-null)-I-5N"
HLA,Hailun,2010,DQN,,,official_extension_expert,2010,196,72,4.1,28.8,18.8,71.0,0.0,7022.0,0.0,0.0,306,0.0,0.0,-0.0,-1394.9,2010-07-15,pass,"counterfactual_common_baseline_relative=max(0,final_yield-null)-I-5N"
HLA,Hailun,2010,DQN,,,official_extension_expert,2010,197,73,31.2,24.1,19.8,72.0,0.0,7092.0,0.0,0.0,326,0.0,0.0,-0.0,-1394.9,2010-07-16,pass,"counterfactual_common_baseline_relative=max(0,final_yield-null)-I-5N"
HLA,Hailun,2010,DQN,,,official_extension_expert,2010,198,74,0.0,26.4,22.3,73.0,0.0,7311.0,0.0,0.0,322,0.0,0.0,-0.0,-1394.9,2010-07-17,pass,"counterfactual_common_baseline_relative=max(0,final_yield-null)-I-5N"
HLA,Hailun,2010,DQN,,,official_extension_expert,2010,199,75,0.0,28.0,19.1,74.0,0.0,7525.0,0.0,0.0,318,0.0,0.0,-0.0,-1394.9,2010-07-18,pass,"counterfactual_common_baseline_relative=max(0,final_yield-null)-I-5N"
HLA,Hailun,2010,DQN,,,official_extension_expert,2010,200,76,6.3,27.4,16.1,75.0,0.0,7696.0,0.0,0.0,320,0.0,0.0,-0.0,-1394.9,2010-07-19,pass,"counterfactual_common_baseline_relative=max(0,final_yield-null)-I-5N"
HLA,Hailun,2010,DQN,,,official_extension_expert,2010,201,77,0.2,24.7,19.1,76.0,0.0,7878.0,0.0,0.0,318,0.0,0.0,-0.0,-1394.9,2010-07-20,pass,"counterfactual_common_baseline_relative=max(0,final_yield-null)-I-5N"
HLA,Hailun,2010,DQN,,,official_extension_expert,2010,202,78,1.3,27.9,17.8,77.0,0.0,8071.0,0.0,0.0,314,0.0,0.0,-0.0,-1394.9,2010-07-21,pass,"counterfactual_common_baseline_relative=max(0,final_yield-null)-I-5N"
HLA,Hailun,2010,DQN,,,official_extension_expert,2010,203,79,0.2,28.3,17.5,78.0,0.0,8540.0,0.0,0.0,308,0.0,0.0,-0.0,-1394.9,2010-07-22,pass,"counterfactual_common_baseline_relative=max(0,final_yield-null)-I-5N"
HLA,Hailun,2010,DQN,,,official_extension_expert,2010,204,80,0.3,29.6,17.0,79.0,0.0,9008.0,0.0,0.0,302,0.0,0.0,-0.0,-1394.9,2010-07-23,pass,"counterfactual_common_baseline_relative=max(0,final_yield-null)-I-5N"
HLA,Hailun,2010,DQN,,,official_extension_expert,2010,205,81,0.0,29.8,19.1,80.0,0.0,9429.0,0.0,0.0,296,0.0,0.0,-0.0,-1394.9,2010-07-24,pass,"counterfactual_common_baseline_relative=max(0,final_yield-null)-I-5N"
HLA,Hailun,2010,DQN,,,official_extension_expert,2010,206,82,0.0,29.7,19.1,81.0,0.0,9852.0,0.0,0.0,291,0.0,0.0,-0.0,-1394.9,2010-07-25,pass,"counterfactual_common_baseline_relative=max(0,final_yield-null)-I-5N"
HLA,Hailun,2010,DQN,,,official_extension_expert,2010,207,83,9.8,27.9,17.4,82.0,0.0,10117.0,0.0,0.0,296,0.0,0.0,-0.0,-1394.9,2010-07-26,pass,"counterfactual_common_baseline_relative=max(0,final_yield-null)-I-5N"
HLA,Hailun,2010,DQN,,,official_extension_expert,2010,208,84,0.0,26.8,13.2,83.0,0.0,10373.0,0.0,0.0,292,0.0,0.0,-0.0,-1394.9,2010-07-27,pass,"counterfactual_common_baseline_relative=max(0,final_yield-null)-I-5N"
HLA,Hailun,2010,DQN,,,official_extension_expert,2010,209,85,0.0,23.5,11.1,84.0,0.0,10770.0,0.0,0.0,287,0.0,0.0,-0.0,-1394.9,2010-07-28,pass,"counterfactual_common_baseline_relative=max(0,final_yield-null)-I-5N"
HLA,Hailun,2010,DQN,,,official_extension_expert,2010,210,86,0.0,27.2,12.5,85.0,0.0,11149.0,0.0,0.0,323,41.2,34.0,-211.2,-1606.1000000000001,2010-07-29,pass,"counterfactual_common_baseline_relative=max(0,final_yield-null)-I-5N"
HLA,Hailun,2010,DQN,,,official_extension_expert,2010,211,87,4.2,27.9,17.0,86.0,0.0,11449.0,0.0,0.0,323,0.0,0.0,-0.0,-1606.1000000000001,2010-07-30,pass,"counterfactual_common_baseline_relative=max(0,final_yield-null)-I-5N"
HLA,Hailun,2010,DQN,,,official_extension_expert,2010,212,88,0.0,25.1,16.4,87.0,0.0,11776.0,0.0,0.0,318,0.0,0.0,-0.0,-1606.1000000000001,2010-07-31,pass,"counterfactual_common_baseline_relative=max(0,final_yield-null)-I-5N"
HLA,Hailun,2010,DQN,,,official_extension_expert,2010,213,89,0.0,23.9,11.4,88.0,0.0,12110.0,0.0,0.0,314,0.0,0.0,-0.0,-1606.1000000000001,2010-08-01,pass,"counterfactual_common_baseline_relative=max(0,final_yield-null)-I-5N"
HLA,Hailun,2010,DQN,,,official_extension_expert,2010,214,90,0.0,26.7,14.0,89.0,0.0,12540.0,0.0,0.0,308,0.0,0.0,-0.0,-1606.1000000000001,2010-08-02,pass,"counterfactual_common_baseline_relative=max(0,final_yield-null)-I-5N"
HLA,Hailun,2010,DQN,,,official_extension_expert,2010,215,91,0.0,27.2,16.7,90.0,0.0,12718.0,0.0,0.0,305,0.0,0.0,-0.0,-1606.1000000000001,2010-08-03,pass,"counterfactual_common_baseline_relative=max(0,final_yield-null)-I-5N"
HLA,Hailun,2010,DQN,,,official_extension_expert,2010,216,92,0.0,23.5,16.3,91.0,215.0,12835.0,0.0,0.0,304,0.0,0.0,-0.0,-1606.1000000000001,2010-08-04,pass,"counterfactual_common_baseline_relative=max(0,final_yield-null)-I-5N"
HLA,Hailun,2010,DQN,,,official_extension_expert,2010,217,93,0.0,22.8,19.6,92.0,431.0,12987.0,0.0,0.0,303,0.0,0.0,-0.0,-1606.1000000000001,2010-08-05,pass,"counterfactual_common_baseline_relative=max(0,final_yield-null)-I-5N"
HLA,Hailun,2010,DQN,,,official_extension_expert,2010,218,94,0.0,20.1,14.5,93.0,646.0,13098.0,0.0,0.0,301,0.0,0.0,-0.0,-1606.1000000000001,2010-08-06,pass,"counterfactual_common_baseline_relative=max(0,final_yield-null)-I-5N"
HLA,Hailun,2010,DQN,,,official_extension_expert,2010,219,95,0.0,26.8,13.0,94.0,862.0,13410.0,0.0,0.0,297,0.0,0.0,-0.0,-1606.1000000000001,2010-08-07,pass,"counterfactual_common_baseline_relative=max(0,final_yield-null)-I-5N"
HLA,Hailun,2010,DQN,,,official_extension_expert,2010,220,96,0.6,20.4,15.0,95.0,1077.0,13507.0,0.0,0.0,297,0.0,0.0,-0.0,-1606.1000000000001,2010-08-08,pass,"counterfactual_common_baseline_relative=max(0,final_yield-null)-I-5N"
HLA,Hailun,2010,DQN,,,official_extension_expert,2010,221,97,16.0,25.3,17.1,96.0,1293.0,13709.0,0.0,0.0,308,0.0,0.0,-0.0,-1606.1000000000001,2010-08-09,pass,"counterfactual_common_baseline_relative=max(0,final_yield-null)-I-5N"
HLA,Hailun,2010,DQN,,,official_extension_expert,2010,222,98,4.4,23.6,15.2,97.0,1508.0,14043.0,0.0,0.0,307,0.0,0.0,-0.0,-1606.1000000000001,2010-08-10,pass,"counterfactual_common_baseline_relative=max(0,final_yield-null)-I-5N"
HLA,Hailun,2010,DQN,,,official_extension_expert,2010,223,99,0.0,26.3,13.4,98.0,1724.0,14372.0,0.0,0.0,303,0.0,0.0,-0.0,-1606.1000000000001,2010-08-11,pass,"counterfactual_common_baseline_relative=max(0,final_yield-null)-I-5N"
HLA,Hailun,2010,DQN,,,official_extension_expert,2010,224,100,0.0,25.1,14.6,99.0,1939.0,14657.0,0.0,0.0,298,0.0,0.0,-0.0,-1606.1000000000001,2010-08-12,pass,"counterfactual_common_baseline_relative=max(0,final_yield-null)-I-5N"
HLA,Hailun,2010,DQN,,,official_extension_expert,2010,225,101,0.0,26.0,10.8,100.0,2154.0,14872.0,0.0,0.0,294,0.0,0.0,-0.0,-1606.1000000000001,2010-08-13,pass,"counterfactual_common_baseline_relative=max(0,final_yield-null)-I-5N"
HLA,Hailun,2010,DQN,,,official_extension_expert,2010,226,102,34.7,22.7,15.9,101.0,2370.0,14995.0,0.0,0.0,316,0.0,0.0,-0.0,-1606.1000000000001,2010-08-14,pass,"counterfactual_common_baseline_relative=max(0,final_yield-null)-I-5N"
HLA,Hailun,2010,DQN,,,official_extension_expert,2010,227,103,10.5,22.5,15.3,102.0,2585.0,15269.0,0.0,0.0,321,0.0,0.0,-0.0,-1606.1000000000001,2010-08-15,pass,"counterfactual_common_baseline_relative=max(0,final_yield-null)-I-5N"
HLA,Hailun,2010,DQN,,,official_extension_expert,2010,228,104,0.0,25.7,11.7,103.0,2801.0,15519.0,0.0,0.0,316,0.0,0.0,-0.0,-1606.1000000000001,2010-08-16,pass,"counterfactual_common_baseline_relative=max(0,final_yield-null)-I-5N"
HLA,Hailun,2010,DQN,,,official_extension_expert,2010,229,105,0.0,27.9,14.5,104.0,3016.0,15734.0,0.0,0.0,311,0.0,0.0,-0.0,-1606.1000000000001,2010-08-17,pass,"counterfactual_common_baseline_relative=max(0,final_yield-null)-I-5N"
HLA,Hailun,2010,DQN,,,official_extension_expert,2010,230,106,0.0,27.8,17.8,105.0,3232.0,15949.0,0.0,0.0,306,0.0,0.0,-0.0,-1606.1000000000001,2010-08-18,pass,"counterfactual_common_baseline_relative=max(0,final_yield-null)-I-5N"
HLA,Hailun,2010,DQN,,,official_extension_expert,2010,231,107,0.8,23.9,18.6,106.0,3447.0,16057.0,0.0,0.0,306,0.0,0.0,-0.0,-1606.1000000000001,2010-08-19,pass,"counterfactual_common_baseline_relative=max(0,final_yield-null)-I-5N"
HLA,Hailun,2010,DQN,,,official_extension_expert,2010,232,108,0.0,29.1,19.3,107.0,3663.0,16305.0,0.0,0.0,303,0.0,0.0,-0.0,-1606.1000000000001,2010-08-20,pass,"counterfactual_common_baseline_relative=max(0,final_yield-null)-I-5N"
HLA,Hailun,2010,DQN,,,official_extension_expert,2010,233,109,0.0,24.9,12.9,108.0,3878.0,16596.0,0.0,0.0,298,0.0,0.0,-0.0,-1606.1000000000001,2010-08-21,pass,"counterfactual_common_baseline_relative=max(0,final_yield-null)-I-5N"
HLA,Hailun,2010,DQN,,,official_extension_expert,2010,234,110,0.0,25.1,14.1,109.0,4094.0,16811.0,0.0,0.0,296,0.0,0.0,-0.0,-1606.1000000000001,2010-08-22,pass,"counterfactual_common_baseline_relative=max(0,final_yield-null)-I-5N"
HLA,Hailun,2010,DQN,,,official_extension_expert,2010,235,111,16.2,22.9,15.6,110.0,4309.0,17027.0,0.0,0.0,337,30.0,26.0,-160.0,-1766.1000000000001,2010-08-23,pass,"counterfactual_common_baseline_relative=max(0,final_yield-null)-I-5N"
HLA,Hailun,2010,DQN,,,official_extension_expert,2010,236,112,0.0,23.9,14.7,111.0,4524.0,17242.0,0.0,0.0,334,0.0,0.0,-0.0,-1766.1000000000001,2010-08-24,pass,"counterfactual_common_baseline_relative=max(0,final_yield-null)-I-5N"
HLA,Hailun,2010,DQN,,,official_extension_expert,2010,237,113,0.0,27.8,11.2,112.0,4740.0,17458.0,0.0,0.0,329,0.0,0.0,-0.0,-1766.1000000000001,2010-08-25,pass,"counterfactual_common_baseline_relative=max(0,final_yield-null)-I-5N"
HLA,Hailun,2010,DQN,,,official_extension_expert,2010,238,114,0.0,29.9,12.6,113.0,4955.0,17673.0,0.0,0.0,324,0.0,0.0,-0.0,-1766.1000000000001,2010-08-26,pass,"counterfactual_common_baseline_relative=max(0,final_yield-null)-I-5N"
HLA,Hailun,2010,DQN,,,official_extension_expert,2010,239,115,0.0,29.4,15.7,114.0,5171.0,17889.0,0.0,0.0,319,0.0,0.0,-0.0,-1766.1000000000001,2010-08-27,pass,"counterfactual_common_baseline_relative=max(0,final_yield-null)-I-5N"
HLA,Hailun,2010,DQN,,,official_extension_expert,2010,240,116,5.7,21.1,18.2,115.0,5386.0,17955.0,0.0,0.0,324,0.0,0.0,-0.0,-1766.1000000000001,2010-08-28,pass,"counterfactual_common_baseline_relative=max(0,final_yield-null)-I-5N"
HLA,Hailun,2010,DQN,,,official_extension_expert,2010,241,117,0.2,23.0,18.1,116.0,5602.0,18171.0,0.0,0.0,322,0.0,0.0,-0.0,-1766.1000000000001,2010-08-29,pass,"counterfactual_common_baseline_relative=max(0,final_yield-null)-I-5N"
HLA,Hailun,2010,DQN,,,official_extension_expert,2010,242,118,5.7,21.6,13.7,117.0,5817.0,18341.0,0.0,0.0,325,0.0,0.0,-0.0,-1766.1000000000001,2010-08-30,pass,"counterfactual_common_baseline_relative=max(0,final_yield-null)-I-5N"
HLA,Hailun,2010,DQN,,,official_extension_expert,2010,243,119,2.9,20.8,10.5,118.0,6025.0,18573.0,0.0,0.0,325,0.0,0.0,-0.0,-1766.1000000000001,2010-08-31,pass,"counterfactual_common_baseline_relative=max(0,final_yield-null)-I-5N"
HLA,Hailun,2010,DQN,,,official_extension_expert,2010,244,120,0.0,24.2,8.0,119.0,6241.0,18867.0,0.0,0.0,321,0.0,0.0,-0.0,-1766.1000000000001,2010-09-01,pass,"counterfactual_common_baseline_relative=max(0,final_yield-null)-I-5N"
HLA,Hailun,2010,DQN,,,official_extension_expert,2010,245,121,0.0,26.4,11.1,120.0,6456.0,19161.0,0.0,0.0,317,0.0,0.0,-0.0,-1766.1000000000001,2010-09-02,pass,"counterfactual_common_baseline_relative=max(0,final_yield-null)-I-5N"
HLA,Hailun,2010,DQN,,,official_extension_expert,2010,246,122,0.0,27.7,11.9,121.0,6672.0,19389.0,0.0,0.0,312,0.0,0.0,-0.0,-1766.1000000000001,2010-09-03,pass,"counterfactual_common_baseline_relative=max(0,final_yield-null)-I-5N"
HLA,Hailun,2010,DQN,,,official_extension_expert,2010,247,123,0.0,28.7,15.2,122.0,6887.0,19605.0,0.0,0.0,308,0.0,0.0,-0.0,-1766.1000000000001,2010-09-04,pass,"counterfactual_common_baseline_relative=max(0,final_yield-null)-I-5N"
HLA,Hailun,2010,DQN,,,official_extension_expert,2010,248,124,0.2,25.9,14.3,123.0,7103.0,19803.0,0.0,0.0,306,0.0,0.0,-0.0,-1766.1000000000001,2010-09-05,pass,"counterfactual_common_baseline_relative=max(0,final_yield-null)-I-5N"
HLA,Hailun,2010,DQN,,,official_extension_expert,2010,249,125,0.2,23.2,11.5,124.0,7318.0,20036.0,0.0,0.0,302,0.0,0.0,-0.0,-1766.1000000000001,2010-09-06,pass,"counterfactual_common_baseline_relative=max(0,final_yield-null)-I-5N"
HLA,Hailun,2010,DQN,,,official_extension_expert,2010,250,126,0.0,20.4,2.3,125.0,7438.0,20156.0,0.0,0.0,298,0.0,0.0,-0.0,-1766.1000000000001,2010-09-07,pass,"counterfactual_common_baseline_relative=max(0,final_yield-null)-I-5N"
HLA,Hailun,2010,DQN,,,official_extension_expert,2010,251,127,0.0,24.4,6.1,126.0,7638.0,20356.0,0.0,0.0,294,0.0,0.0,-0.0,-1766.1000000000001,2010-09-08,pass,"counterfactual_common_baseline_relative=max(0,final_yield-null)-I-5N"
HLA,Hailun,2010,DQN,,,official_extension_expert,2010,252,128,0.0,27.9,8.8,127.0,7854.0,20571.0,0.0,0.0,290,0.0,0.0,-0.0,-1766.1000000000001,2010-09-09,pass,"counterfactual_common_baseline_relative=max(0,final_yield-null)-I-5N"
HLA,Hailun,2010,DQN,,,official_extension_expert,2010,253,129,0.0,29.6,11.2,128.0,7854.0,20571.0,0.0,0.0,285,0.0,0.0,-0.0,-1766.1000000000001,2010-09-10,pass,"counterfactual_common_baseline_relative=max(0,final_yield-null)-I-5N"
HLA,Hailun,2010,DQN,,,official_extension_expert,2010,254,130,0.0,31.2,13.9,129.0,7854.0,20571.0,0.0,0.0,281,0.0,0.0,-0.0,-1766.1000000000001,2010-09-11,pass,"counterfactual_common_baseline_relative=max(0,final_yield-null)-I-5N"
HLA,Hailun,2010,DQN,,,official_extension_expert,2010,255,131,0.0,31.6,14.0,130.0,7854.0,20571.0,0.0,0.0,276,0.0,0.0,898.0,-868.1000000000001,2010-09-12,pass,"counterfactual_common_baseline_relative=max(0,final_yield-null)-I-5N"
HLA,Hailun,2010,DQN,0.0,30000.0,rl_candidate,2010,125,1,8.6,13.7,6.2,0.0,0.0,0.0,0.0,0.0,238,0.0,0.0,-0.0,-0.0,2010-05-05,pass,"counterfactual_common_baseline_relative=max(0,final_yield-null)-I-5N"
HLA,Hailun,2010,DQN,0.0,30000.0,rl_candidate,2010,126,2,48.3,6.6,5.3,1.0,0.0,0.0,0.0,0.0,269,0.0,0.0,-0.0,-0.0,2010-05-06,pass,"counterfactual_common_baseline_relative=max(0,final_yield-null)-I-5N"
HLA,Hailun,2010,DQN,0.0,30000.0,rl_candidate,2010,127,3,1.1,11.8,4.3,2.0,0.0,0.0,0.0,0.0,267,0.0,0.0,-0.0,-0.0,2010-05-07,pass,"counterfactual_common_baseline_relative=max(0,final_yield-null)-I-5N"
HLA,Hailun,2010,DQN,0.0,30000.0,rl_candidate,2010,128,4,0.0,11.0,2.5,3.0,0.0,0.0,0.0,0.0,264,0.0,0.0,-0.0,-0.0,2010-05-08,pass,"counterfactual_common_baseline_relative=max(0,final_yield-null)-I-5N"
HLA,Hailun,2010,DQN,0.0,30000.0,rl_candidate,2010,129,5,1.8,12.1,1.8,4.0,0.0,0.0,0.0,0.0,264,0.0,0.0,-0.0,-0.0,2010-05-09,pass,"counterfactual_common_baseline_relative=max(0,final_yield-null)-I-5N"
HLA,Hailun,2010,DQN,0.0,30000.0,rl_candidate,2010,130,6,11.0,10.5,6.3,5.0,0.0,0.0,0.0,0.0,273,0.0,0.0,-0.0,-0.0,2010-05-10,pass,"counterfactual_common_baseline_relative=max(0,final_yield-null)-I-5N"
HLA,Hailun,2010,DQN,0.0,30000.0,rl_candidate,2010,131,7,0.4,13.3,6.5,6.0,0.0,0.0,0.0,0.0,271,0.0,0.0,-0.0,-0.0,2010-05-11,pass,"counterfactual_common_baseline_relative=max(0,final_yield-null)-I-5N"
HLA,Hailun,2010,DQN,0.0,30000.0,rl_candidate,2010,132,8,0.0,15.7,6.1,7.0,0.0,0.0,0.0,0.0,268,0.0,0.0,-0.0,-0.0,2010-05-12,pass,"counterfactual_common_baseline_relative=max(0,final_yield-null)-I-5N"
HLA,Hailun,2010,DQN,0.0,30000.0,rl_candidate,2010,133,9,0.0,20.2,4.2,8.0,0.0,0.0,0.0,0.0,265,0.0,0.0,-0.0,-0.0,2010-05-13,pass,"counterfactual_common_baseline_relative=max(0,final_yield-null)-I-5N"
HLA,Hailun,2010,DQN,0.0,30000.0,rl_candidate,2010,134,10,0.0,20.7,8.2,9.0,0.0,0.0,0.0,0.0,263,0.0,0.0,-0.0,-0.0,2010-05-14,pass,"counterfactual_common_baseline_relative=max(0,final_yield-null)-I-5N"
HLA,Hailun,2010,DQN,0.0,30000.0,rl_candidate,2010,135,11,2.0,20.9,11.0,10.0,0.0,0.0,0.0,0.0,264,0.0,0.0,-0.0,-0.0,2010-05-15,pass,"counterfactual_common_baseline_relative=max(0,final_yield-null)-I-5N"
HLA,Hailun,2010,DQN,0.0,30000.0,rl_candidate,2010,136,12,0.0,24.8,8.1,11.0,0.0,0.0,0.0,0.0,262,0.0,0.0,-0.0,-0.0,2010-05-16,pass,"counterfactual_common_baseline_relative=max(0,final_yield-null)-I-5N"
HLA,Hailun,2010,DQN,0.0,30000.0,rl_candidate,2010,137,13,2.9,21.9,13.0,12.0,0.0,0.0,0.0,0.0,263,0.0,0.0,-0.0,-0.0,2010-05-17,pass,"counterfactual_common_baseline_relative=max(0,final_yield-null)-I-5N"
HLA,Hailun,2010,DQN,0.0,30000.0,rl_candidate,2010,138,14,0.0,20.0,12.7,13.0,0.0,0.0,0.0,0.0,262,0.0,0.0,-0.0,-0.0,2010-05-18,pass,"counterfactual_common_baseline_relative=max(0,final_yield-null)-I-5N"
HLA,Hailun,2010,DQN,0.0,30000.0,rl_candidate,2010,139,15,9.2,19.2,12.3,14.0,0.0,0.0,0.0,0.0,267,0.0,0.0,-0.0,-0.0,2010-05-19,pass,"counterfactual_common_baseline_relative=max(0,final_yield-null)-I-5N"
HLA,Hailun,2010,DQN,0.0,30000.0,rl_candidate,2010,140,16,7.1,20.3,11.8,15.0,0.0,20.0,0.0,0.012,271,0.0,0.0,-0.0,-0.0,2010-05-20,pass,"counterfactual_common_baseline_relative=max(0,final_yield-null)-I-5N"
HLA,Hailun,2010,DQN,0.0,30000.0,rl_candidate,2010,141,17,1.5,25.7,12.3,16.0,0.0,20.0,0.0,0.016,266,0.0,0.0,-0.0,-0.0,2010-05-21,pass,"counterfactual_common_baseline_relative=max(0,final_yield-null)-I-5N"
HLA,Hailun,2010,DQN,0.0,30000.0,rl_candidate,2010,142,18,0.0,27.1,14.4,17.0,0.0,20.0,0.0,0.011,264,0.0,0.0,-0.0,-0.0,2010-05-22,pass,"counterfactual_common_baseline_relative=max(0,final_yield-null)-I-5N"
HLA,Hailun,2010,DQN,0.0,30000.0,rl_candidate,2010,143,19,0.0,32.1,14.4,18.0,0.0,20.0,0.0,0.004,263,0.0,0.0,-0.0,-0.0,2010-05-23,pass,"counterfactual_common_baseline_relative=max(0,final_yield-null)-I-5N"
HLA,Hailun,2010,DQN,0.0,30000.0,rl_candidate,2010,144,20,0.0,27.6,19.5,19.0,0.0,20.0,0.0,0.0,262,0.0,0.0,-0.0,-0.0,2010-05-24,pass,"counterfactual_common_baseline_relative=max(0,final_yield-null)-I-5N"
HLA,Hailun,2010,DQN,0.0,30000.0,rl_candidate,2010,145,21,0.0,26.6,14.4,20.0,0.0,20.0,0.0,0.0,261,0.0,0.0,-0.0,-0.0,2010-05-25,pass,"counterfactual_common_baseline_relative=max(0,final_yield-null)-I-5N"
HLA,Hailun,2010,DQN,0.0,30000.0,rl_candidate,2010,146,22,0.0,25.6,10.8,21.0,0.0,20.0,0.0,0.0,260,0.0,0.0,-0.0,-0.0,2010-05-26,pass,"counterfactual_common_baseline_relative=max(0,final_yield-null)-I-5N"
HLA,Hailun,2010,DQN,0.0,30000.0,rl_candidate,2010,147,23,0.0,27.3,7.3,22.0,0.0,24.0,0.0,0.0,259,0.0,0.0,-0.0,-0.0,2010-05-27,pass,"counterfactual_common_baseline_relative=max(0,final_yield-null)-I-5N"
HLA,Hailun,2010,DQN,0.0,30000.0,rl_candidate,2010,148,24,0.0,27.2,13.5,23.0,0.0,30.0,0.0,0.0,258,0.0,0.0,-0.0,-0.0,2010-05-28,pass,"counterfactual_common_baseline_relative=max(0,final_yield-null)-I-5N"
HLA,Hailun,2010,DQN,0.0,30000.0,rl_candidate,2010,149,25,4.4,23.4,13.8,24.0,0.0,36.0,0.0,0.0,259,0.0,0.0,-0.0,-0.0,2010-05-29,pass,"counterfactual_common_baseline_relative=max(0,final_yield-null)-I-5N"
HLA,Hailun,2010,DQN,0.0,30000.0,rl_candidate,2010,150,26,0.0,25.5,13.8,25.0,0.0,44.0,0.0,0.0,258,0.0,0.0,-0.0,-0.0,2010-05-30,pass,"counterfactual_common_baseline_relative=max(0,final_yield-null)-I-5N"
HLA,Hailun,2010,DQN,0.0,30000.0,rl_candidate,2010,151,27,0.0,28.3,11.7,26.0,0.0,53.0,0.0,0.0,257,0.0,0.0,-0.0,-0.0,2010-05-31,pass,"counterfactual_common_baseline_relative=max(0,final_yield-null)-I-5N"
HLA,Hailun,2010,DQN,0.0,30000.0,rl_candidate,2010,152,28,0.0,28.9,14.3,27.0,0.0,65.0,0.0,0.0,256,0.0,0.0,-0.0,-0.0,2010-06-01,pass,"counterfactual_common_baseline_relative=max(0,final_yield-null)-I-5N"
HLA,Hailun,2010,DQN,0.0,30000.0,rl_candidate,2010,153,29,0.0,154.3,15.5,28.0,0.0,65.0,0.416,0.0,252,0.0,0.0,-0.0,-0.0,2010-06-02,source_anomaly_preserved_not_imputed,"counterfactual_common_baseline_relative=max(0,final_yield-null)-I-5N"
HLA,Hailun,2010,DQN,0.0,30000.0,rl_candidate,2010,154,30,0.0,30.8,14.2,29.0,0.0,89.0,0.0,0.0,251,0.0,0.0,-0.0,-0.0,2010-06-03,pass,"counterfactual_common_baseline_relative=max(0,final_yield-null)-I-5N"
HLA,Hailun,2010,DQN,0.0,30000.0,rl_candidate,2010,155,31,0.0,34.3,16.7,30.0,0.0,117.0,0.0,0.0,249,0.0,0.0,-0.0,-0.0,2010-06-04,pass,"counterfactual_common_baseline_relative=max(0,final_yield-null)-I-5N"
HLA,Hailun,2010,DQN,0.0,30000.0,rl_candidate,2010,156,32,0.0,31.5,18.7,31.0,0.0,141.0,0.0,0.0,248,0.0,0.0,-0.0,-0.0,2010-06-05,pass,"counterfactual_common_baseline_relative=max(0,final_yield-null)-I-5N"
HLA,Hailun,2010,DQN,0.0,30000.0,rl_candidate,2010,157,33,0.0,27.3,12.7,32.0,0.0,168.0,0.0,0.004,246,0.0,0.0,-0.0,-0.0,2010-06-06,pass,"counterfactual_common_baseline_relative=max(0,final_yield-null)-I-5N"
HLA,Hailun,2010,DQN,0.0,30000.0,rl_candidate,2010,158,34,0.0,33.1,18.0,33.0,0.0,213.0,0.0,0.0,244,0.0,0.0,-0.0,-0.0,2010-06-07,pass,"counterfactual_common_baseline_relative=max(0,final_yield-null)-I-5N"
HLA,Hailun,2010,DQN,0.0,30000.0,rl_candidate,2010,159,35,0.0,34.8,21.1,34.0,0.0,272.0,0.0,0.0,242,0.0,0.0,-0.0,-0.0,2010-06-08,pass,"counterfactual_common_baseline_relative=max(0,final_yield-null)-I-5N"
HLA,Hailun,2010,DQN,0.0,30000.0,rl_candidate,2010,160,36,0.0,32.3,15.5,35.0,0.0,328.0,0.0,0.0,240,0.0,0.0,-0.0,-0.0,2010-06-09,pass,"counterfactual_common_baseline_relative=max(0,final_yield-null)-I-5N"
HLA,Hailun,2010,DQN,0.0,30000.0,rl_candidate,2010,161,37,0.0,36.4,18.9,36.0,0.0,406.0,0.0,0.0,237,0.0,0.0,-0.0,-0.0,2010-06-10,pass,"counterfactual_common_baseline_relative=max(0,final_yield-null)-I-5N"
HLA,Hailun,2010,DQN,0.0,30000.0,rl_candidate,2010,162,38,0.0,36.7,20.3,37.0,0.0,498.0,0.0,0.0,234,0.0,0.0,-0.0,-0.0,2010-06-11,pass,"counterfactual_common_baseline_relative=max(0,final_yield-null)-I-5N"
HLA,Hailun,2010,DQN,0.0,30000.0,rl_candidate,2010,163,39,1.5,26.8,19.4,38.0,0.0,567.0,0.0,0.0,233,0.0,0.0,-0.0,-0.0,2010-06-12,pass,"counterfactual_common_baseline_relative=max(0,final_yield-null)-I-5N"
HLA,Hailun,2010,DQN,0.0,30000.0,rl_candidate,2010,164,40,0.0,29.4,18.2,39.0,0.0,657.0,0.0,0.0,230,0.0,0.0,-0.0,-0.0,2010-06-13,pass,"counterfactual_common_baseline_relative=max(0,final_yield-null)-I-5N"
HLA,Hailun,2010,DQN,0.0,30000.0,rl_candidate,2010,165,41,0.0,30.3,18.6,40.0,0.0,755.0,0.0,0.0,227,0.0,0.0,-0.0,-0.0,2010-06-14,pass,"counterfactual_common_baseline_relative=max(0,final_yield-null)-I-5N"
HLA,Hailun,2010,DQN,0.0,30000.0,rl_candidate,2010,166,42,0.0,26.8,18.0,41.0,0.0,845.0,0.0,0.0,224,0.0,0.0,-0.0,-0.0,2010-06-15,pass,"counterfactual_common_baseline_relative=max(0,final_yield-null)-I-5N"
HLA,Hailun,2010,DQN,0.0,30000.0,rl_candidate,2010,167,43,16.0,28.7,16.3,42.0,0.0,939.0,0.0,0.0,235,0.0,0.0,-0.0,-0.0,2010-06-16,pass,"counterfactual_common_baseline_relative=max(0,final_yield-null)-I-5N"
HLA,Hailun,2010,DQN,0.0,30000.0,rl_candidate,2010,168,44,0.0,30.7,15.9,43.0,0.0,1044.0,0.0,0.0,230,0.0,0.0,-0.0,-0.0,2010-06-17,pass,"counterfactual_common_baseline_relative=max(0,final_yield-null)-I-5N"
HLA,Hailun,2010,DQN,0.0,30000.0,rl_candidate,2010,169,45,0.0,32.0,18.8,44.0,0.0,1169.0,0.0,0.0,224,0.0,0.0,-0.0,-0.0,2010-06-18,pass,"counterfactual_common_baseline_relative=max(0,final_yield-null)-I-5N"
HLA,Hailun,2010,DQN,0.0,30000.0,rl_candidate,2010,170,46,6.2,33.4,19.9,45.0,0.0,1312.0,0.0,0.0,225,0.0,0.0,-0.0,-0.0,2010-06-19,pass,"counterfactual_common_baseline_relative=max(0,final_yield-null)-I-5N"
HLA,Hailun,2010,DQN,0.0,30000.0,rl_candidate,2010,171,47,0.0,22.4,15.2,46.0,0.0,1399.0,0.0,0.0,219,0.0,0.0,-0.0,-0.0,2010-06-20,pass,"counterfactual_common_baseline_relative=max(0,final_yield-null)-I-5N"
HLA,Hailun,2010,DQN,0.0,30000.0,rl_candidate,2010,172,48,5.3,19.8,11.0,47.0,0.0,1461.0,0.0,0.0,222,0.0,0.0,-0.0,-0.0,2010-06-21,pass,"counterfactual_common_baseline_relative=max(0,final_yield-null)-I-5N"
HLA,Hailun,2010,DQN,0.0,30000.0,rl_candidate,2010,173,49,0.0,26.7,9.9,48.0,0.0,1549.0,0.0,0.0,216,0.0,0.0,-0.0,-0.0,2010-06-22,pass,"counterfactual_common_baseline_relative=max(0,final_yield-null)-I-5N"
HLA,Hailun,2010,DQN,0.0,30000.0,rl_candidate,2010,174,50,0.0,33.3,14.9,49.0,0.0,1696.0,0.0,0.0,209,0.0,0.0,-0.0,-0.0,2010-06-23,pass,"counterfactual_common_baseline_relative=max(0,final_yield-null)-I-5N"
HLA,Hailun,2010,DQN,0.0,30000.0,rl_candidate,2010,175,51,0.0,37.4,19.7,50.0,0.0,1891.0,0.0,0.0,201,0.0,0.0,-0.0,-0.0,2010-06-24,pass,"counterfactual_common_baseline_relative=max(0,final_yield-null)-I-5N"
HLA,Hailun,2010,DQN,0.0,30000.0,rl_candidate,2010,176,52,0.0,35.4,19.9,51.0,0.0,2097.0,0.0,0.0,193,0.0,0.0,-0.0,-0.0,2010-06-25,pass,"counterfactual_common_baseline_relative=max(0,final_yield-null)-I-5N"
HLA,Hailun,2010,DQN,0.0,30000.0,rl_candidate,2010,177,53,0.0,37.1,20.7,52.0,0.0,2331.0,0.0,0.0,186,0.0,0.0,-0.0,-0.0,2010-06-26,pass,"counterfactual_common_baseline_relative=max(0,final_yield-null)-I-5N"
HLA,Hailun,2010,DQN,0.0,30000.0,rl_candidate,2010,178,54,0.0,35.9,20.7,53.0,0.0,2581.0,0.0,0.0,179,0.0,0.0,-0.0,-0.0,2010-06-27,pass,"counterfactual_common_baseline_relative=max(0,final_yield-null)-I-5N"
HLA,Hailun,2010,DQN,0.0,30000.0,rl_candidate,2010,179,55,0.0,32.6,21.7,54.0,0.0,2840.0,0.0,0.0,173,0.0,0.0,-0.0,-0.0,2010-06-28,pass,"counterfactual_common_baseline_relative=max(0,final_yield-null)-I-5N"
HLA,Hailun,2010,DQN,0.0,30000.0,rl_candidate,2010,180,56,3.8,31.0,20.1,55.0,0.0,3094.0,0.0,0.0,171,0.0,0.0,-0.0,-0.0,2010-06-29,pass,"counterfactual_common_baseline_relative=max(0,final_yield-null)-I-5N"
HLA,Hailun,2010,DQN,0.0,30000.0,rl_candidate,2010,181,57,2.6,28.8,21.6,56.0,0.0,3354.0,0.0,0.0,170,0.0,0.0,-0.0,-0.0,2010-06-30,pass,"counterfactual_common_baseline_relative=max(0,final_yield-null)-I-5N"
HLA,Hailun,2010,DQN,0.0,30000.0,rl_candidate,2010,182,58,0.0,29.2,21.6,57.0,0.0,3644.0,0.0,0.0,165,0.0,0.0,-0.0,-0.0,2010-07-01,pass,"counterfactual_common_baseline_relative=max(0,final_yield-null)-I-5N"
HLA,Hailun,2010,DQN,0.0,30000.0,rl_candidate,2010,183,59,15.3,29.0,19.7,58.0,0.0,3935.0,0.0,0.0,176,0.0,0.0,-0.0,-0.0,2010-07-02,pass,"counterfactual_common_baseline_relative=max(0,final_yield-null)-I-5N"
HLA,Hailun,2010,DQN,0.0,30000.0,rl_candidate,2010,184,60,0.0,30.5,19.5,59.0,0.0,4258.0,0.0,0.0,170,0.0,0.0,-0.0,-0.0,2010-07-03,pass,"counterfactual_common_baseline_relative=max(0,final_yield-null)-I-5N"
HLA,Hailun,2010,DQN,0.0,30000.0,rl_candidate,2010,185,61,13.1,26.1,16.7,60.0,0.0,4431.0,0.0,0.0,180,0.0,0.0,-0.0,-0.0,2010-07-04,pass,"counterfactual_common_baseline_relative=max(0,final_yield-null)-I-5N"
HLA,Hailun,2010,DQN,0.0,30000.0,rl_candidate,2010,186,62,4.4,22.7,15.8,61.0,0.0,4675.0,0.0,0.0,182,0.0,0.0,-0.0,-0.0,2010-07-05,pass,"counterfactual_common_baseline_relative=max(0,final_yield-null)-I-5N"
HLA,Hailun,2010,DQN,0.0,30000.0,rl_candidate,2010,187,63,0.0,20.3,14.9,62.0,0.0,4904.0,0.0,0.0,179,0.0,0.0,-0.0,-0.0,2010-07-06,pass,"counterfactual_common_baseline_relative=max(0,final_yield-null)-I-5N"
HLA,Hailun,2010,DQN,0.0,30000.0,rl_candidate,2010,188,64,0.0,21.9,15.3,63.0,0.0,5130.0,0.0,0.0,176,0.0,0.0,-0.0,-0.0,2010-07-07,pass,"counterfactual_common_baseline_relative=max(0,final_yield-null)-I-5N"
HLA,Hailun,2010,DQN,0.0,30000.0,rl_candidate,2010,189,65,0.0,26.6,14.5,64.0,0.0,5377.0,0.0,0.0,171,0.0,0.0,-0.0,-0.0,2010-07-08,pass,"counterfactual_common_baseline_relative=max(0,final_yield-null)-I-5N"
HLA,Hailun,2010,DQN,0.0,30000.0,rl_candidate,2010,190,66,0.0,27.9,17.5,65.0,0.0,5649.0,0.0,0.0,165,0.0,0.0,-0.0,-0.0,2010-07-09,pass,"counterfactual_common_baseline_relative=max(0,final_yield-null)-I-5N"
HLA,Hailun,2010,DQN,0.0,30000.0,rl_candidate,2010,191,67,0.0,28.1,16.6,66.0,0.0,5905.0,0.0,0.0,160,0.0,0.0,-0.0,-0.0,2010-07-10,pass,"counterfactual_common_baseline_relative=max(0,final_yield-null)-I-5N"
HLA,Hailun,2010,DQN,0.0,30000.0,rl_candidate,2010,192,68,0.0,30.5,16.0,67.0,0.0,6168.0,0.0,0.0,155,0.0,0.0,-0.0,-0.0,2010-07-11,pass,"counterfactual_common_baseline_relative=max(0,final_yield-null)-I-5N"
HLA,Hailun,2010,DQN,0.0,30000.0,rl_candidate,2010,193,69,0.0,30.0,16.2,68.0,0.0,6422.0,0.0,0.0,148,0.0,0.0,-0.0,-0.0,2010-07-12,pass,"counterfactual_common_baseline_relative=max(0,final_yield-null)-I-5N"
HLA,Hailun,2010,DQN,0.0,30000.0,rl_candidate,2010,194,70,0.0,29.0,18.6,69.0,0.0,6682.0,0.0,0.0,142,0.0,0.0,-0.0,-0.0,2010-07-13,pass,"counterfactual_common_baseline_relative=max(0,final_yield-null)-I-5N"
HLA,Hailun,2010,DQN,0.0,30000.0,rl_candidate,2010,195,71,0.0,30.4,13.8,70.0,0.0,6910.0,0.0,0.0,136,0.0,0.0,-0.0,-0.0,2010-07-14,pass,"counterfactual_common_baseline_relative=max(0,final_yield-null)-I-5N"
HLA,Hailun,2010,DQN,0.0,30000.0,rl_candidate,2010,196,72,4.1,28.8,18.8,71.0,0.0,7163.0,0.0,0.0,135,0.0,0.0,-0.0,-0.0,2010-07-15,pass,"counterfactual_common_baseline_relative=max(0,final_yield-null)-I-5N"
HLA,Hailun,2010,DQN,0.0,30000.0,rl_candidate,2010,197,73,31.2,24.1,19.8,72.0,0.0,7234.0,0.0,0.0,161,0.0,0.0,-0.0,-0.0,2010-07-16,pass,"counterfactual_common_baseline_relative=max(0,final_yield-null)-I-5N"
HLA,Hailun,2010,DQN,0.0,30000.0,rl_candidate,2010,198,74,0.0,26.4,22.3,73.0,0.0,7495.0,0.0,0.0,156,0.0,0.0,-0.0,-0.0,2010-07-17,pass,"counterfactual_common_baseline_relative=max(0,final_yield-null)-I-5N"
HLA,Hailun,2010,DQN,0.0,30000.0,rl_candidate,2010,199,75,0.0,28.0,19.1,74.0,0.0,7744.0,0.0,0.0,153,0.0,0.0,-0.0,-0.0,2010-07-18,pass,"counterfactual_common_baseline_relative=max(0,final_yield-null)-I-5N"
HLA,Hailun,2010,DQN,0.0,30000.0,rl_candidate,2010,200,76,6.3,27.4,16.1,75.0,0.0,7964.0,0.0,0.0,155,0.0,0.0,-0.0,-0.0,2010-07-19,pass,"counterfactual_common_baseline_relative=max(0,final_yield-null)-I-5N"
HLA,Hailun,2010,DQN,0.0,30000.0,rl_candidate,2010,201,77,0.2,24.7,19.1,76.0,0.0,8147.0,0.0,0.0,153,0.0,0.0,-0.0,-0.0,2010-07-20,pass,"counterfactual_common_baseline_relative=max(0,final_yield-null)-I-5N"
HLA,Hailun,2010,DQN,0.0,30000.0,rl_candidate,2010,202,78,1.3,27.9,17.8,77.0,0.0,8386.0,0.0,0.0,149,0.0,0.0,-0.0,-0.0,2010-07-21,pass,"counterfactual_common_baseline_relative=max(0,final_yield-null)-I-5N"
HLA,Hailun,2010,DQN,0.0,30000.0,rl_candidate,2010,203,79,0.2,28.3,17.5,78.0,0.0,8854.0,0.0,0.0,158,15.0,0.0,-15.0,-15.0,2010-07-22,pass,"counterfactual_common_baseline_relative=max(0,final_yield-null)-I-5N"
HLA,Hailun,2010,DQN,0.0,30000.0,rl_candidate,2010,204,80,0.3,29.6,17.0,79.0,0.0,9323.0,0.0,0.0,152,0.0,0.0,-0.0,-15.0,2010-07-23,pass,"counterfactual_common_baseline_relative=max(0,final_yield-null)-I-5N"
HLA,Hailun,2010,DQN,0.0,30000.0,rl_candidate,2010,205,81,0.0,29.8,19.1,80.0,0.0,9744.0,0.0,0.0,146,0.0,0.0,-0.0,-15.0,2010-07-24,pass,"counterfactual_common_baseline_relative=max(0,final_yield-null)-I-5N"
HLA,Hailun,2010,DQN,0.0,30000.0,rl_candidate,2010,206,82,0.0,29.7,19.1,81.0,0.0,10168.0,0.0,0.0,141,0.0,0.0,-0.0,-15.0,2010-07-25,pass,"counterfactual_common_baseline_relative=max(0,final_yield-null)-I-5N"
HLA,Hailun,2010,DQN,0.0,30000.0,rl_candidate,2010,207,83,9.8,27.9,17.4,82.0,0.0,10432.0,0.0,0.0,147,0.0,0.0,-0.0,-15.0,2010-07-26,pass,"counterfactual_common_baseline_relative=max(0,final_yield-null)-I-5N"
HLA,Hailun,2010,DQN,0.0,30000.0,rl_candidate,2010,208,84,0.0,26.8,13.2,83.0,0.0,10688.0,0.0,0.0,143,0.0,0.0,-0.0,-15.0,2010-07-27,pass,"counterfactual_common_baseline_relative=max(0,final_yield-null)-I-5N"
HLA,Hailun,2010,DQN,0.0,30000.0,rl_candidate,2010,209,85,0.0,23.5,11.1,84.0,0.0,11085.0,0.0,0.0,138,0.0,0.0,-0.0,-15.0,2010-07-28,pass,"counterfactual_common_baseline_relative=max(0,final_yield-null)-I-5N"
HLA,Hailun,2010,DQN,0.0,30000.0,rl_candidate,2010,210,86,0.0,27.2,12.5,85.0,0.0,11465.0,0.0,0.0,148,15.0,0.0,-15.0,-30.0,2010-07-29,pass,"counterfactual_common_baseline_relative=max(0,final_yield-null)-I-5N"
HLA,Hailun,2010,DQN,0.0,30000.0,rl_candidate,2010,211,87,4.2,27.9,17.0,86.0,0.0,11764.0,0.0,0.0,148,0.0,0.0,-0.0,-30.0,2010-07-30,pass,"counterfactual_common_baseline_relative=max(0,final_yield-null)-I-5N"
HLA,Hailun,2010,DQN,0.0,30000.0,rl_candidate,2010,212,88,0.0,25.1,16.4,87.0,0.0,12091.0,0.0,0.0,143,0.0,0.0,-0.0,-30.0,2010-07-31,pass,"counterfactual_common_baseline_relative=max(0,final_yield-null)-I-5N"
HLA,Hailun,2010,DQN,0.0,30000.0,rl_candidate,2010,213,89,0.0,23.9,11.4,88.0,0.0,12425.0,0.0,0.0,139,0.0,0.0,-0.0,-30.0,2010-08-01,pass,"counterfactual_common_baseline_relative=max(0,final_yield-null)-I-5N"
HLA,Hailun,2010,DQN,0.0,30000.0,rl_candidate,2010,214,90,0.0,26.7,14.0,89.0,0.0,12856.0,0.0,0.0,133,0.0,0.0,-0.0,-30.0,2010-08-02,pass,"counterfactual_common_baseline_relative=max(0,final_yield-null)-I-5N"
HLA,Hailun,2010,DQN,0.0,30000.0,rl_candidate,2010,215,91,0.0,27.2,16.7,90.0,0.0,13032.0,0.0,0.0,130,0.0,0.0,-0.0,-30.0,2010-08-03,pass,"counterfactual_common_baseline_relative=max(0,final_yield-null)-I-5N"
HLA,Hailun,2010,DQN,0.0,30000.0,rl_candidate,2010,216,92,0.0,23.5,16.3,91.0,215.0,13151.0,0.0,0.0,129,0.0,0.0,-0.0,-30.0,2010-08-04,pass,"counterfactual_common_baseline_relative=max(0,final_yield-null)-I-5N"
HLA,Hailun,2010,DQN,0.0,30000.0,rl_candidate,2010,217,93,0.0,22.8,19.6,92.0,431.0,13303.0,0.0,0.0,143,15.0,0.0,-15.0,-45.0,2010-08-05,pass,"counterfactual_common_baseline_relative=max(0,final_yield-null)-I-5N"
HLA,Hailun,2010,DQN,0.0,30000.0,rl_candidate,2010,218,94,0.0,20.1,14.5,93.0,646.0,13414.0,0.0,0.0,141,0.0,0.0,-0.0,-45.0,2010-08-06,pass,"counterfactual_common_baseline_relative=max(0,final_yield-null)-I-5N"
HLA,Hailun,2010,DQN,0.0,30000.0,rl_candidate,2010,219,95,0.0,26.8,13.0,94.0,862.0,13727.0,0.0,0.0,137,0.0,0.0,-0.0,-45.0,2010-08-07,pass,"counterfactual_common_baseline_relative=max(0,final_yield-null)-I-5N"
HLA,Hailun,2010,DQN,0.0,30000.0,rl_candidate,2010,220,96,0.6,20.4,15.0,95.0,1077.0,13824.0,0.0,0.0,137,0.0,0.0,-0.0,-45.0,2010-08-08,pass,"counterfactual_common_baseline_relative=max(0,final_yield-null)-I-5N"
HLA,Hailun,2010,DQN,0.0,30000.0,rl_candidate,2010,221,97,16.0,25.3,17.1,96.0,1293.0,14026.0,0.0,0.0,150,0.0,0.0,-0.0,-45.0,2010-08-09,pass,"counterfactual_common_baseline_relative=max(0,final_yield-null)-I-5N"
HLA,Hailun,2010,DQN,0.0,30000.0,rl_candidate,2010,222,98,4.4,23.6,15.2,97.0,1508.0,14362.0,0.0,0.0,150,0.0,0.0,-0.0,-45.0,2010-08-10,pass,"counterfactual_common_baseline_relative=max(0,final_yield-null)-I-5N"
HLA,Hailun,2010,DQN,0.0,30000.0,rl_candidate,2010,223,99,0.0,26.3,13.4,98.0,1724.0,14691.0,0.0,0.0,145,0.0,0.0,-0.0,-45.0,2010-08-11,pass,"counterfactual_common_baseline_relative=max(0,final_yield-null)-I-5N"
HLA,Hailun,2010,DQN,0.0,30000.0,rl_candidate,2010,224,100,0.0,25.1,14.6,99.0,1939.0,14971.0,0.0,0.0,140,0.0,0.0,-0.0,-45.0,2010-08-12,pass,"counterfactual_common_baseline_relative=max(0,final_yield-null)-I-5N"
HLA,Hailun,2010,DQN,0.0,30000.0,rl_candidate,2010,225,101,0.0,26.0,10.8,100.0,2154.0,15187.0,0.0,0.0,136,0.0,0.0,-0.0,-45.0,2010-08-13,pass,"counterfactual_common_baseline_relative=max(0,final_yield-null)-I-5N"
HLA,Hailun,2010,DQN,0.0,30000.0,rl_candidate,2010,226,102,34.7,22.7,15.9,101.0,2370.0,15310.0,0.0,0.0,162,0.0,0.0,-0.0,-45.0,2010-08-14,pass,"counterfactual_common_baseline_relative=max(0,final_yield-null)-I-5N"
HLA,Hailun,2010,DQN,0.0,30000.0,rl_candidate,2010,227,103,10.5,22.5,15.3,102.0,2585.0,15584.0,0.0,0.0,168,0.0,0.0,-0.0,-45.0,2010-08-15,pass,"counterfactual_common_baseline_relative=max(0,final_yield-null)-I-5N"
HLA,Hailun,2010,DQN,0.0,30000.0,rl_candidate,2010,228,104,0.0,25.7,11.7,103.0,2801.0,15833.0,0.0,0.0,163,0.0,0.0,-0.0,-45.0,2010-08-16,pass,"counterfactual_common_baseline_relative=max(0,final_yield-null)-I-5N"
HLA,Hailun,2010,DQN,0.0,30000.0,rl_candidate,2010,229,105,0.0,27.9,14.5,104.0,3016.0,16049.0,0.0,0.0,158,0.0,0.0,-0.0,-45.0,2010-08-17,pass,"counterfactual_common_baseline_relative=max(0,final_yield-null)-I-5N"
HLA,Hailun,2010,DQN,0.0,30000.0,rl_candidate,2010,230,106,0.0,27.8,17.8,105.0,3232.0,16264.0,0.0,0.0,153,0.0,0.0,-0.0,-45.0,2010-08-18,pass,"counterfactual_common_baseline_relative=max(0,final_yield-null)-I-5N"
HLA,Hailun,2010,DQN,0.0,30000.0,rl_candidate,2010,231,107,0.8,23.9,18.6,106.0,3447.0,16372.0,0.0,0.0,153,0.0,0.0,-0.0,-45.0,2010-08-19,pass,"counterfactual_common_baseline_relative=max(0,final_yield-null)-I-5N"
HLA,Hailun,2010,DQN,0.0,30000.0,rl_candidate,2010,232,108,0.0,29.1,19.3,107.0,3663.0,16621.0,0.0,0.0,150,0.0,0.0,-0.0,-45.0,2010-08-20,pass,"counterfactual_common_baseline_relative=max(0,final_yield-null)-I-5N"
HLA,Hailun,2010,DQN,0.0,30000.0,rl_candidate,2010,233,109,0.0,24.9,12.9,108.0,3878.0,16910.0,0.0,0.0,146,0.0,0.0,-0.0,-45.0,2010-08-21,pass,"counterfactual_common_baseline_relative=max(0,final_yield-null)-I-5N"
HLA,Hailun,2010,DQN,0.0,30000.0,rl_candidate,2010,234,110,0.0,25.1,14.1,109.0,4094.0,17126.0,0.0,0.0,158,15.0,0.0,-15.0,-60.0,2010-08-22,pass,"counterfactual_common_baseline_relative=max(0,final_yield-null)-I-5N"
HLA,Hailun,2010,DQN,0.0,30000.0,rl_candidate,2010,235,111,16.2,22.9,15.6,110.0,4309.0,17341.0,0.0,0.0,170,0.0,0.0,-0.0,-60.0,2010-08-23,pass,"counterfactual_common_baseline_relative=max(0,final_yield-null)-I-5N"
HLA,Hailun,2010,DQN,0.0,30000.0,rl_candidate,2010,236,112,0.0,23.9,14.7,111.0,4524.0,17557.0,0.0,0.0,166,0.0,0.0,-0.0,-60.0,2010-08-24,pass,"counterfactual_common_baseline_relative=max(0,final_yield-null)-I-5N"
HLA,Hailun,2010,DQN,0.0,30000.0,rl_candidate,2010,237,113,0.0,27.8,11.2,112.0,4740.0,17772.0,0.0,0.0,161,0.0,0.0,-0.0,-60.0,2010-08-25,pass,"counterfactual_common_baseline_relative=max(0,final_yield-null)-I-5N"
HLA,Hailun,2010,DQN,0.0,30000.0,rl_candidate,2010,238,114,0.0,29.9,12.6,113.0,4955.0,17988.0,0.0,0.0,156,0.0,0.0,-0.0,-60.0,2010-08-26,pass,"counterfactual_common_baseline_relative=max(0,final_yield-null)-I-5N"
HLA,Hailun,2010,DQN,0.0,30000.0,rl_candidate,2010,239,115,0.0,29.4,15.7,114.0,5171.0,18203.0,0.0,0.0,152,0.0,0.0,-0.0,-60.0,2010-08-27,pass,"counterfactual_common_baseline_relative=max(0,final_yield-null)-I-5N"
HLA,Hailun,2010,DQN,0.0,30000.0,rl_candidate,2010,240,116,5.7,21.1,18.2,115.0,5386.0,18270.0,0.0,0.0,157,0.0,0.0,-0.0,-60.0,2010-08-28,pass,"counterfactual_common_baseline_relative=max(0,final_yield-null)-I-5N"
HLA,Hailun,2010,DQN,0.0,30000.0,rl_candidate,2010,241,117,0.2,23.0,18.1,116.0,5602.0,18487.0,0.0,0.0,169,15.0,0.0,-15.0,-75.0,2010-08-29,pass,"counterfactual_common_baseline_relative=max(0,final_yield-null)-I-5N"
HLA,Hailun,2010,DQN,0.0,30000.0,rl_candidate,2010,242,118,5.7,21.6,13.7,117.0,5817.0,18658.0,0.0,0.0,173,0.0,0.0,-0.0,-75.0,2010-08-30,pass,"counterfactual_common_baseline_relative=max(0,final_yield-null)-I-5N"
HLA,Hailun,2010,DQN,0.0,30000.0,rl_candidate,2010,243,119,2.9,20.8,10.5,118.0,6025.0,18890.0,0.0,0.0,173,0.0,0.0,-0.0,-75.0,2010-08-31,pass,"counterfactual_common_baseline_relative=max(0,final_yield-null)-I-5N"
HLA,Hailun,2010,DQN,0.0,30000.0,rl_candidate,2010,244,120,0.0,24.2,8.0,119.0,6241.0,19186.0,0.0,0.0,169,0.0,0.0,-0.0,-75.0,2010-09-01,pass,"counterfactual_common_baseline_relative=max(0,final_yield-null)-I-5N"
HLA,Hailun,2010,DQN,0.0,30000.0,rl_candidate,2010,245,121,0.0,26.4,11.1,120.0,6456.0,19481.0,0.0,0.0,165,0.0,0.0,-0.0,-75.0,2010-09-02,pass,"counterfactual_common_baseline_relative=max(0,final_yield-null)-I-5N"
HLA,Hailun,2010,DQN,0.0,30000.0,rl_candidate,2010,246,122,0.0,27.7,11.9,121.0,6672.0,19704.0,0.0,0.0,160,0.0,0.0,-0.0,-75.0,2010-09-03,pass,"counterfactual_common_baseline_relative=max(0,final_yield-null)-I-5N"
HLA,Hailun,2010,DQN,0.0,30000.0,rl_candidate,2010,247,123,0.0,28.7,15.2,122.0,6887.0,19920.0,0.0,0.016,157,0.0,0.0,-0.0,-75.0,2010-09-04,pass,"counterfactual_common_baseline_relative=max(0,final_yield-null)-I-5N"
HLA,Hailun,2010,DQN,0.0,30000.0,rl_candidate,2010,248,124,0.2,25.9,14.3,123.0,7103.0,20113.0,0.0,0.028,154,0.0,0.0,-0.0,-75.0,2010-09-05,pass,"counterfactual_common_baseline_relative=max(0,final_yield-null)-I-5N"
HLA,Hailun,2010,DQN,0.0,30000.0,rl_candidate,2010,249,125,0.2,23.2,11.5,124.0,7318.0,20350.0,0.0,0.043,150,0.0,0.0,-0.0,-75.0,2010-09-06,pass,"counterfactual_common_baseline_relative=max(0,final_yield-null)-I-5N"
HLA,Hailun,2010,DQN,0.0,30000.0,rl_candidate,2010,250,126,0.0,20.4,2.3,125.0,7438.0,20471.0,0.0,0.062,146,0.0,0.0,-0.0,-75.0,2010-09-07,pass,"counterfactual_common_baseline_relative=max(0,final_yield-null)-I-5N"
HLA,Hailun,2010,DQN,0.0,30000.0,rl_candidate,2010,251,127,0.0,24.4,6.1,126.0,7638.0,20671.0,0.0,0.069,142,0.0,0.0,-0.0,-75.0,2010-09-08,pass,"counterfactual_common_baseline_relative=max(0,final_yield-null)-I-5N"
HLA,Hailun,2010,DQN,0.0,30000.0,rl_candidate,2010,252,128,0.0,27.9,8.8,127.0,7854.0,20886.0,0.0,0.084,138,0.0,0.0,-0.0,-75.0,2010-09-09,pass,"counterfactual_common_baseline_relative=max(0,final_yield-null)-I-5N"
HLA,Hailun,2010,DQN,0.0,30000.0,rl_candidate,2010,253,129,0.0,29.6,11.2,128.0,7854.0,20886.0,0.0,0.1,133,0.0,0.0,-0.0,-75.0,2010-09-10,pass,"counterfactual_common_baseline_relative=max(0,final_yield-null)-I-5N"
HLA,Hailun,2010,DQN,0.0,30000.0,rl_candidate,2010,254,130,0.0,31.2,13.9,129.0,7854.0,20886.0,0.0,0.1,129,0.0,0.0,-0.0,-75.0,2010-09-11,pass,"counterfactual_common_baseline_relative=max(0,final_yield-null)-I-5N"
HLA,Hailun,2010,DQN,0.0,30000.0,rl_candidate,2010,255,131,0.0,31.6,14.0,130.0,7854.0,20886.0,0.0,0.1,125,0.0,0.0,898.0,823.0,2010-09-12,pass,"counterfactual_common_baseline_relative=max(0,final_yield-null)-I-5N"
YC,Yucheng,2014,DQN,,,null,2014,152,1,0.0,28.2,20.1,0.0,0.0,0.0,0.0,0.0,267,0.0,0.0,-0.0,-0.0,2014-06-01,pass,"counterfactual_common_baseline_relative=max(0,final_yield-null)-I-5N"
YC,Yucheng,2014,DQN,,,null,2014,153,2,0.0,22.7,17.1,0.0,0.0,0.0,0.0,0.0,265,0.0,0.0,-0.0,-0.0,2014-06-02,pass,"counterfactual_common_baseline_relative=max(0,final_yield-null)-I-5N"
YC,Yucheng,2014,DQN,,,null,2014,154,3,0.0,29.8,11.8,0.0,0.0,0.0,0.0,0.0,262,0.0,0.0,-0.0,-0.0,2014-06-03,pass,"counterfactual_common_baseline_relative=max(0,final_yield-null)-I-5N"
YC,Yucheng,2014,DQN,,,null,2014,155,4,0.0,29.7,17.1,0.0,0.0,0.0,0.0,0.0,261,0.0,0.0,-0.0,-0.0,2014-06-04,pass,"counterfactual_common_baseline_relative=max(0,final_yield-null)-I-5N"
YC,Yucheng,2014,DQN,,,null,2014,156,5,0.0,33.0,15.9,0.0,0.0,0.0,0.0,0.0,259,0.0,0.0,-0.0,-0.0,2014-06-05,pass,"counterfactual_common_baseline_relative=max(0,final_yield-null)-I-5N"
YC,Yucheng,2014,DQN,,,null,2014,157,6,0.0,36.5,19.8,0.0,0.0,0.0,0.0,0.0,258,0.0,0.0,-0.0,-0.0,2014-06-06,pass,"counterfactual_common_baseline_relative=max(0,final_yield-null)-I-5N"
YC,Yucheng,2014,DQN,,,null,2014,158,7,15.3,31.5,16.8,0.0,0.0,0.0,0.0,0.0,267,0.0,0.0,-0.0,-0.0,2014-06-07,pass,"counterfactual_common_baseline_relative=max(0,final_yield-null)-I-5N"
YC,Yucheng,2014,DQN,,,null,2014,159,8,0.0,34.4,17.6,0.0,0.0,0.0,0.0,0.0,264,0.0,0.0,-0.0,-0.0,2014-06-08,pass,"counterfactual_common_baseline_relative=max(0,final_yield-null)-I-5N"
YC,Yucheng,2014,DQN,,,null,2014,160,9,0.0,31.7,18.7,0.0,0.0,0.0,0.0,0.0,262,0.0,0.0,-0.0,-0.0,2014-06-09,pass,"counterfactual_common_baseline_relative=max(0,final_yield-null)-I-5N"
YC,Yucheng,2014,DQN,,,null,2014,161,10,0.0,33.3,16.8,0.0,0.0,0.0,0.0,0.0,261,0.0,0.0,-0.0,-0.0,2014-06-10,pass,"counterfactual_common_baseline_relative=max(0,final_yield-null)-I-5N"
YC,Yucheng,2014,DQN,,,null,2014,162,11,10.4,28.7,18.3,0.0,0.0,0.0,0.0,0.0,267,0.0,0.0,-0.0,-0.0,2014-06-11,pass,"counterfactual_common_baseline_relative=max(0,final_yield-null)-I-5N"
YC,Yucheng,2014,DQN,,,null,2014,163,12,0.0,33.4,14.9,0.0,0.0,0.0,0.0,0.0,264,0.0,0.0,-0.0,-0.0,2014-06-12,pass,"counterfactual_common_baseline_relative=max(0,final_yield-null)-I-5N"
YC,Yucheng,2014,DQN,,,null,2014,164,13,0.0,35.0,18.1,0.0,0.0,0.0,0.0,0.0,262,0.0,0.0,-0.0,-0.0,2014-06-13,pass,"counterfactual_common_baseline_relative=max(0,final_yield-null)-I-5N"
YC,Yucheng,2014,DQN,,,null,2014,165,14,0.0,36.2,20.9,0.0,0.0,0.0,0.0,0.0,261,0.0,0.0,-0.0,-0.0,2014-06-14,pass,"counterfactual_common_baseline_relative=max(0,final_yield-null)-I-5N"
YC,Yucheng,2014,DQN,,,null,2014,166,15,0.0,29.6,22.3,0.0,0.0,0.0,0.0,0.0,260,0.0,0.0,-0.0,-0.0,2014-06-15,pass,"counterfactual_common_baseline_relative=max(0,final_yield-null)-I-5N"
YC,Yucheng,2014,DQN,,,null,2014,167,16,0.0,26.0,20.9,0.0,0.0,0.0,0.0,0.0,260,0.0,0.0,-0.0,-0.0,2014-06-16,pass,"counterfactual_common_baseline_relative=max(0,final_yield-null)-I-5N"
YC,Yucheng,2014,DQN,,,null,2014,168,17,0.0,28.7,18.6,0.0,0.0,0.0,0.0,0.0,259,0.0,0.0,-0.0,-0.0,2014-06-17,pass,"counterfactual_common_baseline_relative=max(0,final_yield-null)-I-5N"
YC,Yucheng,2014,DQN,,,null,2014,169,18,0.0,31.0,18.8,1.0,0.0,0.0,0.0,0.0,258,0.0,0.0,-0.0,-0.0,2014-06-18,pass,"counterfactual_common_baseline_relative=max(0,final_yield-null)-I-5N"
YC,Yucheng,2014,DQN,,,null,2014,170,19,43.0,24.5,19.8,2.0,0.0,0.0,0.0,0.0,289,0.0,0.0,-0.0,-0.0,2014-06-19,pass,"counterfactual_common_baseline_relative=max(0,final_yield-null)-I-5N"
YC,Yucheng,2014,DQN,,,null,2014,171,20,22.0,24.7,18.9,3.0,0.0,0.0,0.0,0.0,303,0.0,0.0,-0.0,-0.0,2014-06-20,pass,"counterfactual_common_baseline_relative=max(0,final_yield-null)-I-5N"
YC,Yucheng,2014,DQN,,,null,2014,172,21,0.0,25.7,18.9,4.0,0.0,0.0,0.0,0.0,300,0.0,0.0,-0.0,-0.0,2014-06-21,pass,"counterfactual_common_baseline_relative=max(0,final_yield-null)-I-5N"
YC,Yucheng,2014,DQN,,,null,2014,173,22,0.0,29.3,16.9,5.0,0.0,0.0,0.0,0.0,296,0.0,0.0,-0.0,-0.0,2014-06-22,pass,"counterfactual_common_baseline_relative=max(0,final_yield-null)-I-5N"
YC,Yucheng,2014,DQN,,,null,2014,174,23,4.5,31.5,18.8,6.0,0.0,27.0,0.0,0.012,295,0.0,0.0,-0.0,-0.0,2014-06-23,pass,"counterfactual_common_baseline_relative=max(0,final_yield-null)-I-5N"
YC,Yucheng,2014,DQN,,,null,2014,175,24,0.0,33.2,19.9,7.0,0.0,27.0,0.0,0.013,294,0.0,0.0,-0.0,-0.0,2014-06-24,pass,"counterfactual_common_baseline_relative=max(0,final_yield-null)-I-5N"
YC,Yucheng,2014,DQN,,,null,2014,176,25,0.0,27.9,23.0,8.0,0.0,27.0,0.0,0.007,293,0.0,0.0,-0.0,-0.0,2014-06-25,pass,"counterfactual_common_baseline_relative=max(0,final_yield-null)-I-5N"
YC,Yucheng,2014,DQN,,,null,2014,177,26,0.0,32.4,20.6,9.0,0.0,27.0,0.0,0.0,292,0.0,0.0,-0.0,-0.0,2014-06-26,pass,"counterfactual_common_baseline_relative=max(0,final_yield-null)-I-5N"
YC,Yucheng,2014,DQN,,,null,2014,178,27,0.0,35.2,20.5,10.0,0.0,33.0,0.0,0.0,291,0.0,0.0,-0.0,-0.0,2014-06-27,pass,"counterfactual_common_baseline_relative=max(0,final_yield-null)-I-5N"
YC,Yucheng,2014,DQN,,,null,2014,179,28,0.0,35.7,18.4,11.0,0.0,46.0,0.0,0.0,290,0.0,0.0,-0.0,-0.0,2014-06-28,pass,"counterfactual_common_baseline_relative=max(0,final_yield-null)-I-5N"
YC,Yucheng,2014,DQN,,,null,2014,180,29,0.0,34.4,19.3,12.0,0.0,62.0,0.0,0.0,289,0.0,0.0,-0.0,-0.0,2014-06-29,pass,"counterfactual_common_baseline_relative=max(0,final_yield-null)-I-5N"
YC,Yucheng,2014,DQN,,,null,2014,181,30,4.5,30.9,20.0,13.0,0.0,79.0,0.0,0.0,289,0.0,0.0,-0.0,-0.0,2014-06-30,pass,"counterfactual_common_baseline_relative=max(0,final_yield-null)-I-5N"
YC,Yucheng,2014,DQN,,,null,2014,182,31,2.8,33.7,22.7,14.0,0.0,104.0,0.0,0.0,289,0.0,0.0,-0.0,-0.0,2014-07-01,pass,"counterfactual_common_baseline_relative=max(0,final_yield-null)-I-5N"
YC,Yucheng,2014,DQN,,,null,2014,183,32,0.0,30.9,22.6,15.0,0.0,132.0,0.0,0.0,288,0.0,0.0,-0.0,-0.0,2014-07-02,pass,"counterfactual_common_baseline_relative=max(0,final_yield-null)-I-5N"
YC,Yucheng,2014,DQN,,,null,2014,184,33,0.0,32.6,20.5,16.0,0.0,166.0,0.0,0.0,286,0.0,0.0,-0.0,-0.0,2014-07-03,pass,"counterfactual_common_baseline_relative=max(0,final_yield-null)-I-5N"
YC,Yucheng,2014,DQN,,,null,2014,185,34,5.5,30.8,22.2,17.0,0.0,204.0,0.0,0.0,289,0.0,0.0,-0.0,-0.0,2014-07-04,pass,"counterfactual_common_baseline_relative=max(0,final_yield-null)-I-5N"
YC,Yucheng,2014,DQN,,,null,2014,186,35,0.0,32.3,22.7,18.0,0.0,252.0,0.0,0.0,287,0.0,0.0,-0.0,-0.0,2014-07-05,pass,"counterfactual_common_baseline_relative=max(0,final_yield-null)-I-5N"
YC,Yucheng,2014,DQN,,,null,2014,187,36,0.0,33.8,21.2,19.0,0.0,296.0,0.0,0.0,284,0.0,0.0,-0.0,-0.0,2014-07-06,pass,"counterfactual_common_baseline_relative=max(0,final_yield-null)-I-5N"
YC,Yucheng,2014,DQN,,,null,2014,188,37,0.0,34.0,22.0,20.0,0.0,370.0,0.0,0.006,282,0.0,0.0,-0.0,-0.0,2014-07-07,pass,"counterfactual_common_baseline_relative=max(0,final_yield-null)-I-5N"
YC,Yucheng,2014,DQN,,,null,2014,189,38,0.0,34.7,24.2,21.0,0.0,463.0,0.0,0.0,279,0.0,0.0,-0.0,-0.0,2014-07-08,pass,"counterfactual_common_baseline_relative=max(0,final_yield-null)-I-5N"
YC,Yucheng,2014,DQN,,,null,2014,190,39,0.0,33.7,25.0,22.0,0.0,551.0,0.0,0.0,277,0.0,0.0,-0.0,-0.0,2014-07-09,pass,"counterfactual_common_baseline_relative=max(0,final_yield-null)-I-5N"
YC,Yucheng,2014,DQN,,,null,2014,191,40,0.0,25.1,21.1,23.0,0.0,581.0,0.0,0.0,276,0.0,0.0,-0.0,-0.0,2014-07-10,pass,"counterfactual_common_baseline_relative=max(0,final_yield-null)-I-5N"
YC,Yucheng,2014,DQN,,,null,2014,192,41,0.0,34.7,19.2,24.0,0.0,692.0,0.0,0.0,272,0.0,0.0,-0.0,-0.0,2014-07-11,pass,"counterfactual_common_baseline_relative=max(0,final_yield-null)-I-5N"
YC,Yucheng,2014,DQN,,,null,2014,193,42,0.0,33.7,23.0,25.0,0.0,829.0,0.0,0.0,269,0.0,0.0,-0.0,-0.0,2014-07-12,pass,"counterfactual_common_baseline_relative=max(0,final_yield-null)-I-5N"
YC,Yucheng,2014,DQN,,,null,2014,194,43,0.0,35.1,18.3,26.0,0.0,976.0,0.0,0.0,265,0.0,0.0,-0.0,-0.0,2014-07-13,pass,"counterfactual_common_baseline_relative=max(0,final_yield-null)-I-5N"
YC,Yucheng,2014,DQN,,,null,2014,195,44,0.0,36.5,21.1,27.0,0.0,1146.0,0.0,0.0,260,0.0,0.0,-0.0,-0.0,2014-07-14,pass,"counterfactual_common_baseline_relative=max(0,final_yield-null)-I-5N"
YC,Yucheng,2014,DQN,,,null,2014,196,45,14.0,31.8,20.0,28.0,0.0,1305.0,0.0,0.0,268,0.0,0.0,-0.0,-0.0,2014-07-15,pass,"counterfactual_common_baseline_relative=max(0,final_yield-null)-I-5N"
YC,Yucheng,2014,DQN,,,null,2014,197,46,0.0,33.6,22.1,29.0,0.0,1492.0,0.0,0.0,262,0.0,0.0,-0.0,-0.0,2014-07-16,pass,"counterfactual_common_baseline_relative=max(0,final_yield-null)-I-5N"
YC,Yucheng,2014,DQN,,,null,2014,198,47,0.0,34.5,23.3,30.0,0.0,1702.0,0.0,0.0,256,0.0,0.0,-0.0,-0.0,2014-07-17,pass,"counterfactual_common_baseline_relative=max(0,final_yield-null)-I-5N"
YC,Yucheng,2014,DQN,,,null,2014,199,48,0.0,34.8,24.6,31.0,0.0,1938.0,0.0,0.0,249,0.0,0.0,-0.0,-0.0,2014-07-18,pass,"counterfactual_common_baseline_relative=max(0,final_yield-null)-I-5N"
YC,Yucheng,2014,DQN,,,null,2014,200,49,0.0,36.4,25.0,32.0,0.0,2201.0,0.0,0.0,242,0.0,0.0,-0.0,-0.0,2014-07-19,pass,"counterfactual_common_baseline_relative=max(0,final_yield-null)-I-5N"
YC,Yucheng,2014,DQN,,,null,2014,201,50,0.0,36.4,24.3,33.0,0.0,2484.0,0.0,0.0,236,0.0,0.0,-0.0,-0.0,2014-07-20,pass,"counterfactual_common_baseline_relative=max(0,final_yield-null)-I-5N"
YC,Yucheng,2014,DQN,,,null,2014,202,51,0.0,37.9,28.6,34.0,0.0,2778.0,0.0,0.0,229,0.0,0.0,-0.0,-0.0,2014-07-21,pass,"counterfactual_common_baseline_relative=max(0,final_yield-null)-I-5N"
YC,Yucheng,2014,DQN,,,null,2014,203,52,10.5,30.1,22.3,35.0,0.0,2916.0,0.0,0.0,238,0.0,0.0,-0.0,-0.0,2014-07-22,pass,"counterfactual_common_baseline_relative=max(0,final_yield-null)-I-5N"
YC,Yucheng,2014,DQN,,,null,2014,204,53,0.0,27.9,23.1,36.0,0.0,3060.0,0.0,0.0,236,0.0,0.0,-0.0,-0.0,2014-07-23,pass,"counterfactual_common_baseline_relative=max(0,final_yield-null)-I-5N"
YC,Yucheng,2014,DQN,,,null,2014,205,54,3.2,29.8,21.2,37.0,0.0,3251.0,0.0,0.0,236,0.0,0.0,-0.0,-0.0,2014-07-24,pass,"counterfactual_common_baseline_relative=max(0,final_yield-null)-I-5N"
YC,Yucheng,2014,DQN,,,null,2014,206,55,0.0,29.5,21.1,38.0,0.0,3573.0,0.0,0.0,231,0.0,0.0,-0.0,-0.0,2014-07-25,pass,"counterfactual_common_baseline_relative=max(0,final_yield-null)-I-5N"
YC,Yucheng,2014,DQN,,,null,2014,207,56,0.0,32.3,15.1,39.0,0.0,3884.0,0.0,0.0,225,0.0,0.0,-0.0,-0.0,2014-07-26,pass,"counterfactual_common_baseline_relative=max(0,final_yield-null)-I-5N"
YC,Yucheng,2014,DQN,,,null,2014,208,57,0.0,33.3,21.3,40.0,0.0,4297.0,0.0,0.0,219,0.0,0.0,-0.0,-0.0,2014-07-27,pass,"counterfactual_common_baseline_relative=max(0,final_yield-null)-I-5N"
YC,Yucheng,2014,DQN,,,null,2014,209,58,0.0,32.6,22.0,41.0,0.0,4700.0,0.0,0.0,214,0.0,0.0,-0.0,-0.0,2014-07-28,pass,"counterfactual_common_baseline_relative=max(0,final_yield-null)-I-5N"
YC,Yucheng,2014,DQN,,,null,2014,210,59,2.2,33.1,23.4,42.0,0.0,5102.0,0.0,0.0,210,0.0,0.0,-0.0,-0.0,2014-07-29,pass,"counterfactual_common_baseline_relative=max(0,final_yield-null)-I-5N"
YC,Yucheng,2014,DQN,,,null,2014,211,60,0.0,29.9,22.6,43.0,0.0,5337.0,0.0,0.0,207,0.0,0.0,-0.0,-0.0,2014-07-30,pass,"counterfactual_common_baseline_relative=max(0,final_yield-null)-I-5N"
YC,Yucheng,2014,DQN,,,null,2014,212,61,0.0,32.1,21.9,44.0,0.0,5647.0,0.0,0.0,203,0.0,0.0,-0.0,-0.0,2014-07-31,pass,"counterfactual_common_baseline_relative=max(0,final_yield-null)-I-5N"
YC,Yucheng,2014,DQN,,,null,2014,213,62,0.0,32.9,22.1,45.0,0.0,5974.0,0.0,0.0,199,0.0,0.0,-0.0,-0.0,2014-08-01,pass,"counterfactual_common_baseline_relative=max(0,final_yield-null)-I-5N"
YC,Yucheng,2014,DQN,,,null,2014,214,63,0.0,34.7,23.6,46.0,0.0,6359.0,0.0,0.0,193,0.0,0.0,-0.0,-0.0,2014-08-02,pass,"counterfactual_common_baseline_relative=max(0,final_yield-null)-I-5N"
YC,Yucheng,2014,DQN,,,null,2014,215,64,0.0,35.3,22.7,47.0,0.0,6750.0,0.0,0.011,188,0.0,0.0,-0.0,-0.0,2014-08-03,pass,"counterfactual_common_baseline_relative=max(0,final_yield-null)-I-5N"
YC,Yucheng,2014,DQN,,,null,2014,216,65,0.0,35.6,24.0,48.0,0.0,7107.0,0.0,0.031,183,0.0,0.0,-0.0,-0.0,2014-08-04,pass,"counterfactual_common_baseline_relative=max(0,final_yield-null)-I-5N"
YC,Yucheng,2014,DQN,,,null,2014,217,66,0.0,29.8,21.7,49.0,0.0,7281.0,0.0,0.049,180,0.0,0.0,-0.0,-0.0,2014-08-05,pass,"counterfactual_common_baseline_relative=max(0,final_yield-null)-I-5N"
YC,Yucheng,2014,DQN,,,null,2014,218,67,1.4,28.3,22.4,50.0,0.0,7401.0,0.0,0.063,180,0.0,0.0,-0.0,-0.0,2014-08-06,pass,"counterfactual_common_baseline_relative=max(0,final_yield-null)-I-5N"
YC,Yucheng,2014,DQN,,,null,2014,219,68,0.0,30.5,20.0,51.0,0.0,7707.0,0.0,0.067,175,0.0,0.0,-0.0,-0.0,2014-08-07,pass,"counterfactual_common_baseline_relative=max(0,final_yield-null)-I-5N"
YC,Yucheng,2014,DQN,,,null,2014,220,69,0.0,30.8,15.6,52.0,0.0,7977.0,0.0,0.067,171,0.0,0.0,-0.0,-0.0,2014-08-08,pass,"counterfactual_common_baseline_relative=max(0,final_yield-null)-I-5N"
YC,Yucheng,2014,DQN,,,null,2014,221,70,0.0,27.8,20.3,53.0,0.0,8238.0,0.0,0.074,167,0.0,0.0,-0.0,-0.0,2014-08-09,pass,"counterfactual_common_baseline_relative=max(0,final_yield-null)-I-5N"
YC,Yucheng,2014,DQN,,,null,2014,222,71,0.0,31.0,16.9,54.0,0.0,8513.0,0.0,0.078,162,0.0,0.0,-0.0,-0.0,2014-08-10,pass,"counterfactual_common_baseline_relative=max(0,final_yield-null)-I-5N"
YC,Yucheng,2014,DQN,,,null,2014,223,72,0.0,32.9,20.0,55.0,0.0,8827.0,0.0,0.082,157,0.0,0.0,-0.0,-0.0,2014-08-11,pass,"counterfactual_common_baseline_relative=max(0,final_yield-null)-I-5N"
YC,Yucheng,2014,DQN,,,null,2014,224,73,0.0,32.9,18.1,56.0,0.0,9126.0,0.0,0.081,151,0.0,0.0,-0.0,-0.0,2014-08-12,pass,"counterfactual_common_baseline_relative=max(0,final_yield-null)-I-5N"
YC,Yucheng,2014,DQN,,,null,2014,225,74,0.0,29.0,22.4,57.0,0.0,9304.0,0.0,0.082,148,0.0,0.0,-0.0,-0.0,2014-08-13,pass,"counterfactual_common_baseline_relative=max(0,final_yield-null)-I-5N"
YC,Yucheng,2014,DQN,,,null,2014,226,75,3.3,30.1,19.6,58.0,0.0,9691.0,0.0,0.081,146,0.0,0.0,-0.0,-0.0,2014-08-14,pass,"counterfactual_common_baseline_relative=max(0,final_yield-null)-I-5N"
YC,Yucheng,2014,DQN,,,null,2014,227,76,0.0,31.1,17.8,59.0,0.0,10050.0,0.0,0.075,140,0.0,0.0,-0.0,-0.0,2014-08-15,pass,"counterfactual_common_baseline_relative=max(0,final_yield-null)-I-5N"
YC,Yucheng,2014,DQN,,,null,2014,228,77,0.0,31.2,21.5,60.0,0.0,10299.0,0.0,0.072,136,0.0,0.0,-0.0,-0.0,2014-08-16,pass,"counterfactual_common_baseline_relative=max(0,final_yield-null)-I-5N"
YC,Yucheng,2014,DQN,,,null,2014,229,78,25.3,26.2,19.8,61.0,0.0,10309.0,0.0,0.069,158,0.0,0.0,-0.0,-0.0,2014-08-17,pass,"counterfactual_common_baseline_relative=max(0,final_yield-null)-I-5N"
YC,Yucheng,2014,DQN,,,null,2014,230,79,0.0,27.0,20.4,62.0,0.0,10481.0,0.0,0.062,155,0.0,0.0,-0.0,-0.0,2014-08-18,pass,"counterfactual_common_baseline_relative=max(0,final_yield-null)-I-5N"
YC,Yucheng,2014,DQN,,,null,2014,231,80,0.0,30.3,16.9,63.0,0.0,10825.0,0.0,0.05,150,0.0,0.0,-0.0,-0.0,2014-08-19,pass,"counterfactual_common_baseline_relative=max(0,final_yield-null)-I-5N"
YC,Yucheng,2014,DQN,,,null,2014,232,81,0.0,30.7,17.6,64.0,0.0,11141.0,0.0,0.04,145,0.0,0.0,-0.0,-0.0,2014-08-20,pass,"counterfactual_common_baseline_relative=max(0,final_yield-null)-I-5N"
YC,Yucheng,2014,DQN,,,null,2014,233,82,0.0,31.7,20.1,65.0,0.0,11478.0,0.0,0.03,140,0.0,0.0,-0.0,-0.0,2014-08-21,pass,"counterfactual_common_baseline_relative=max(0,final_yield-null)-I-5N"
YC,Yucheng,2014,DQN,,,null,2014,234,83,0.0,31.1,20.7,66.0,0.0,11733.0,0.0,0.019,135,0.0,0.0,-0.0,-0.0,2014-08-22,pass,"counterfactual_common_baseline_relative=max(0,final_yield-null)-I-5N"
YC,Yucheng,2014,DQN,,,null,2014,235,84,0.0,29.8,22.8,67.0,264.0,11923.0,0.0,0.006,133,0.0,0.0,-0.0,-0.0,2014-08-23,pass,"counterfactual_common_baseline_relative=max(0,final_yield-null)-I-5N"
YC,Yucheng,2014,DQN,,,null,2014,236,85,3.7,28.2,20.3,68.0,528.0,12216.0,0.0,0.016,133,0.0,0.0,-0.0,-0.0,2014-08-24,pass,"counterfactual_common_baseline_relative=max(0,final_yield-null)-I-5N"
YC,Yucheng,2014,DQN,,,null,2014,237,86,0.0,31.3,17.6,69.0,792.0,12525.0,0.0,0.016,128,0.0,0.0,-0.0,-0.0,2014-08-25,pass,"counterfactual_common_baseline_relative=max(0,final_yield-null)-I-5N"
YC,Yucheng,2014,DQN,,,null,2014,238,87,0.0,32.2,16.0,70.0,1056.0,12789.0,0.0,0.023,123,0.0,0.0,-0.0,-0.0,2014-08-26,pass,"counterfactual_common_baseline_relative=max(0,final_yield-null)-I-5N"
YC,Yucheng,2014,DQN,,,null,2014,239,88,0.0,32.0,19.4,71.0,1320.0,13053.0,0.0,0.03,119,0.0,0.0,-0.0,-0.0,2014-08-27,pass,"counterfactual_common_baseline_relative=max(0,final_yield-null)-I-5N"
YC,Yucheng,2014,DQN,,,null,2014,240,89,0.0,29.6,20.2,72.0,1583.0,13317.0,0.0,0.035,115,0.0,0.0,-0.0,-0.0,2014-08-28,pass,"counterfactual_common_baseline_relative=max(0,final_yield-null)-I-5N"
YC,Yucheng,2014,DQN,,,null,2014,241,90,0.0,30.3,18.1,73.0,1847.0,13581.0,0.0,0.041,111,0.0,0.0,-0.0,-0.0,2014-08-29,pass,"counterfactual_common_baseline_relative=max(0,final_yield-null)-I-5N"
YC,Yucheng,2014,DQN,,,null,2014,242,91,0.0,29.5,19.3,74.0,2111.0,13795.0,0.0,0.048,108,0.0,0.0,-0.0,-0.0,2014-08-30,pass,"counterfactual_common_baseline_relative=max(0,final_yield-null)-I-5N"
YC,Yucheng,2014,DQN,,,null,2014,243,92,0.0,28.4,19.6,75.0,2375.0,14072.0,0.0,0.055,105,0.0,0.0,-0.0,-0.0,2014-08-31,pass,"counterfactual_common_baseline_relative=max(0,final_yield-null)-I-5N"
YC,Yucheng,2014,DQN,,,null,2014,244,93,0.0,29.7,18.9,76.0,2639.0,14342.0,0.0,0.059,101,0.0,0.0,-0.0,-0.0,2014-09-01,pass,"counterfactual_common_baseline_relative=max(0,final_yield-null)-I-5N"
YC,Yucheng,2014,DQN,,,null,2014,245,94,4.7,27.1,19.4,77.0,2903.0,14545.0,0.0,0.069,104,0.0,0.0,-0.0,-0.0,2014-09-02,pass,"counterfactual_common_baseline_relative=max(0,final_yield-null)-I-5N"
YC,Yucheng,2014,DQN,,,null,2014,246,95,0.0,27.0,17.0,78.0,3167.0,14848.0,0.0,0.079,99,0.0,0.0,-0.0,-0.0,2014-09-03,pass,"counterfactual_common_baseline_relative=max(0,final_yield-null)-I-5N"
YC,Yucheng,2014,DQN,,,null,2014,247,96,0.0,29.9,12.7,79.0,3431.0,15164.0,0.0,0.086,95,0.0,0.0,-0.0,-0.0,2014-09-04,pass,"counterfactual_common_baseline_relative=max(0,final_yield-null)-I-5N"
YC,Yucheng,2014,DQN,,,null,2014,248,97,0.0,30.1,16.1,80.0,3608.0,15341.0,0.598,0.098,93,0.0,0.0,-0.0,-0.0,2014-09-05,pass,"counterfactual_common_baseline_relative=max(0,final_yield-null)-I-5N"
YC,Yucheng,2014,DQN,,,null,2014,249,98,0.0,28.1,16.6,81.0,3824.0,15486.0,0.328,0.107,91,0.0,0.0,-0.0,-0.0,2014-09-06,pass,"counterfactual_common_baseline_relative=max(0,final_yield-null)-I-5N"
YC,Yucheng,2014,DQN,,,null,2014,250,99,0.0,28.4,19.8,82.0,4034.0,15605.0,0.372,0.114,90,0.0,0.0,-0.0,-0.0,2014-09-07,pass,"counterfactual_common_baseline_relative=max(0,final_yield-null)-I-5N"
YC,Yucheng,2014,DQN,,,null,2014,251,100,0.0,28.7,18.0,83.0,4218.0,15709.0,0.55,0.118,89,0.0,0.0,-0.0,-0.0,2014-09-08,pass,"counterfactual_common_baseline_relative=max(0,final_yield-null)-I-5N"
YC,Yucheng,2014,DQN,,,null,2014,252,101,0.0,29.6,19.5,84.0,4379.0,15799.0,0.71,0.118,87,0.0,0.0,-0.0,-0.0,2014-09-09,pass,"counterfactual_common_baseline_relative=max(0,final_yield-null)-I-5N"
YC,Yucheng,2014,DQN,,,null,2014,253,102,0.0,30.8,16.7,85.0,4535.0,15879.0,0.743,0.118,86,0.0,0.0,-0.0,-0.0,2014-09-10,pass,"counterfactual_common_baseline_relative=max(0,final_yield-null)-I-5N"
YC,Yucheng,2014,DQN,,,null,2014,254,103,0.0,25.6,17.9,86.0,4739.0,15956.0,0.414,0.12,86,0.0,0.0,-0.0,-0.0,2014-09-11,pass,"counterfactual_common_baseline_relative=max(0,final_yield-null)-I-5N"
YC,Yucheng,2014,DQN,,,null,2014,255,104,6.4,23.0,15.5,87.0,4869.0,15970.0,0.922,0.128,92,0.0,0.0,-0.0,-0.0,2014-09-12,pass,"counterfactual_common_baseline_relative=max(0,final_yield-null)-I-5N"
YC,Yucheng,2014,DQN,,,null,2014,256,105,0.0,28.3,14.1,88.0,5133.0,16262.0,0.0,0.124,88,0.0,0.0,-0.0,-0.0,2014-09-13,pass,"counterfactual_common_baseline_relative=max(0,final_yield-null)-I-5N"
YC,Yucheng,2014,DQN,,,null,2014,257,106,0.0,22.9,18.1,89.0,5301.0,16282.0,0.658,0.134,87,0.0,0.0,-0.0,-0.0,2014-09-14,pass,"counterfactual_common_baseline_relative=max(0,final_yield-null)-I-5N"
YC,Yucheng,2014,DQN,,,null,2014,258,107,14.5,18.6,16.1,90.0,5474.0,16315.0,0.627,0.148,102,0.0,0.0,-0.0,-0.0,2014-09-15,pass,"counterfactual_common_baseline_relative=max(0,final_yield-null)-I-5N"
YC,Yucheng,2014,DQN,,,null,2014,259,108,0.0,19.2,14.8,91.0,5738.0,16361.0,0.0,0.151,101,0.0,0.0,-0.0,-0.0,2014-09-16,pass,"counterfactual_common_baseline_relative=max(0,final_yield-null)-I-5N"
YC,Yucheng,2014,DQN,,,null,2014,260,109,33.8,16.4,12.9,92.0,5968.0,16412.0,0.0,0.162,128,0.0,0.0,-0.0,-0.0,2014-09-17,pass,"counterfactual_common_baseline_relative=max(0,final_yield-null)-I-5N"
YC,Yucheng,2014,DQN,,,null,2014,261,110,0.0,22.1,14.5,93.0,6232.0,16606.0,0.0,0.163,125,0.0,0.0,-0.0,-0.0,2014-09-18,pass,"counterfactual_common_baseline_relative=max(0,final_yield-null)-I-5N"
YC,Yucheng,2014,DQN,,,null,2014,262,111,0.0,25.9,12.0,94.0,6496.0,16884.0,0.0,0.171,122,0.0,0.0,-0.0,-0.0,2014-09-19,pass,"counterfactual_common_baseline_relative=max(0,final_yield-null)-I-5N"
YC,Yucheng,2014,DQN,,,null,2014,263,112,0.0,28.0,15.5,95.0,6760.0,17150.0,0.0,0.185,118,0.0,0.0,-0.0,-0.0,2014-09-20,pass,"counterfactual_common_baseline_relative=max(0,final_yield-null)-I-5N"
YC,Yucheng,2014,DQN,,,null,2014,264,113,0.0,29.3,15.9,96.0,7024.0,17418.0,0.0,0.215,114,0.0,0.0,-0.0,-0.0,2014-09-21,pass,"counterfactual_common_baseline_relative=max(0,final_yield-null)-I-5N"
YC,Yucheng,2014,DQN,,,null,2014,265,114,0.0,29.6,16.4,97.0,7288.0,17664.0,0.0,0.272,110,0.0,0.0,-0.0,-0.0,2014-09-22,pass,"counterfactual_common_baseline_relative=max(0,final_yield-null)-I-5N"
YC,Yucheng,2014,DQN,,,null,2014,266,115,0.0,26.5,18.6,98.0,7552.0,17802.0,0.0,0.329,108,0.0,0.0,-0.0,-0.0,2014-09-23,pass,"counterfactual_common_baseline_relative=max(0,final_yield-null)-I-5N"
YC,Yucheng,2014,DQN,,,null,2014,267,116,0.0,25.4,19.1,99.0,7658.0,17829.0,0.0,0.38,106,0.0,0.0,-0.0,-0.0,2014-09-24,pass,"counterfactual_common_baseline_relative=max(0,final_yield-null)-I-5N"
YC,Yucheng,2014,DQN,,,null,2014,268,117,0.0,26.8,16.7,100.0,7825.0,17996.0,0.0,0.366,102,0.0,0.0,-0.0,-0.0,2014-09-25,pass,"counterfactual_common_baseline_relative=max(0,final_yield-null)-I-5N"
YC,Yucheng,2014,DQN,,,null,2014,269,118,0.0,28.1,17.4,101.0,7825.0,17996.0,0.0,0.381,99,0.0,0.0,-0.0,-0.0,2014-09-26,pass,"counterfactual_common_baseline_relative=max(0,final_yield-null)-I-5N"
YC,Yucheng,2014,DQN,,,null,2014,270,119,0.0,25.9,19.1,102.0,7825.0,17996.0,0.0,0.381,97,0.0,0.0,-0.0,-0.0,2014-09-27,pass,"counterfactual_common_baseline_relative=max(0,final_yield-null)-I-5N"
YC,Yucheng,2014,DQN,,,null,2014,271,120,5.4,21.8,18.7,103.0,7825.0,17996.0,0.0,0.381,102,0.0,0.0,-0.0,-0.0,2014-09-28,pass,"counterfactual_common_baseline_relative=max(0,final_yield-null)-I-5N"
YC,Yucheng,2014,DQN,,,null,2014,272,121,0.0,26.6,16.1,104.0,7825.0,17996.0,0.0,0.381,99,0.0,0.0,0.0,0.0,2014-09-29,pass,"counterfactual_common_baseline_relative=max(0,final_yield-null)-I-5N"
YC,Yucheng,2014,DQN,,,recorded_farmer,2014,152,1,0.0,28.2,20.1,0.0,0.0,0.0,0.0,0.0,267,0.0,0.0,-0.0,-0.0,2014-06-01,pass,"counterfactual_common_baseline_relative=max(0,final_yield-null)-I-5N"
YC,Yucheng,2014,DQN,,,recorded_farmer,2014,153,2,0.0,22.7,17.1,0.0,0.0,0.0,0.0,0.0,265,0.0,0.0,-0.0,-0.0,2014-06-02,pass,"counterfactual_common_baseline_relative=max(0,final_yield-null)-I-5N"
YC,Yucheng,2014,DQN,,,recorded_farmer,2014,154,3,0.0,29.8,11.8,0.0,0.0,0.0,0.0,0.0,262,0.0,0.0,-0.0,-0.0,2014-06-03,pass,"counterfactual_common_baseline_relative=max(0,final_yield-null)-I-5N"
YC,Yucheng,2014,DQN,,,recorded_farmer,2014,155,4,0.0,29.7,17.1,0.0,0.0,0.0,0.0,0.0,261,0.0,0.0,-0.0,-0.0,2014-06-04,pass,"counterfactual_common_baseline_relative=max(0,final_yield-null)-I-5N"
YC,Yucheng,2014,DQN,,,recorded_farmer,2014,156,5,0.0,33.0,15.9,0.0,0.0,0.0,0.0,0.0,259,0.0,0.0,-0.0,-0.0,2014-06-05,pass,"counterfactual_common_baseline_relative=max(0,final_yield-null)-I-5N"
YC,Yucheng,2014,DQN,,,recorded_farmer,2014,157,6,0.0,36.5,19.8,0.0,0.0,0.0,0.0,0.0,258,0.0,0.0,-0.0,-0.0,2014-06-06,pass,"counterfactual_common_baseline_relative=max(0,final_yield-null)-I-5N"
YC,Yucheng,2014,DQN,,,recorded_farmer,2014,158,7,15.3,31.5,16.8,0.0,0.0,0.0,0.0,0.0,267,0.0,0.0,-0.0,-0.0,2014-06-07,pass,"counterfactual_common_baseline_relative=max(0,final_yield-null)-I-5N"
YC,Yucheng,2014,DQN,,,recorded_farmer,2014,159,8,0.0,34.4,17.6,0.0,0.0,0.0,0.0,0.0,264,0.0,0.0,-0.0,-0.0,2014-06-08,pass,"counterfactual_common_baseline_relative=max(0,final_yield-null)-I-5N"
YC,Yucheng,2014,DQN,,,recorded_farmer,2014,160,9,0.0,31.7,18.7,0.0,0.0,0.0,0.0,0.0,262,0.0,0.0,-0.0,-0.0,2014-06-09,pass,"counterfactual_common_baseline_relative=max(0,final_yield-null)-I-5N"
YC,Yucheng,2014,DQN,,,recorded_farmer,2014,161,10,0.0,33.3,16.8,0.0,0.0,0.0,0.0,0.0,261,0.0,0.0,-0.0,-0.0,2014-06-10,pass,"counterfactual_common_baseline_relative=max(0,final_yield-null)-I-5N"
YC,Yucheng,2014,DQN,,,recorded_farmer,2014,162,11,10.4,28.7,18.3,0.0,0.0,0.0,0.0,0.0,267,0.0,0.0,-0.0,-0.0,2014-06-11,pass,"counterfactual_common_baseline_relative=max(0,final_yield-null)-I-5N"
YC,Yucheng,2014,DQN,,,recorded_farmer,2014,163,12,0.0,33.4,14.9,0.0,0.0,0.0,0.0,0.0,264,0.0,0.0,-0.0,-0.0,2014-06-12,pass,"counterfactual_common_baseline_relative=max(0,final_yield-null)-I-5N"
YC,Yucheng,2014,DQN,,,recorded_farmer,2014,164,13,0.0,35.0,18.1,0.0,0.0,0.0,0.0,0.0,262,0.0,0.0,-0.0,-0.0,2014-06-13,pass,"counterfactual_common_baseline_relative=max(0,final_yield-null)-I-5N"
YC,Yucheng,2014,DQN,,,recorded_farmer,2014,165,14,0.0,36.2,20.9,0.0,0.0,0.0,0.0,0.0,261,0.0,0.0,-0.0,-0.0,2014-06-14,pass,"counterfactual_common_baseline_relative=max(0,final_yield-null)-I-5N"
YC,Yucheng,2014,DQN,,,recorded_farmer,2014,166,15,0.0,29.6,22.3,0.0,0.0,0.0,0.0,0.0,260,0.0,0.0,-0.0,-0.0,2014-06-15,pass,"counterfactual_common_baseline_relative=max(0,final_yield-null)-I-5N"
YC,Yucheng,2014,DQN,,,recorded_farmer,2014,167,16,0.0,26.0,20.9,0.0,0.0,0.0,0.0,0.0,260,0.0,0.0,-0.0,-0.0,2014-06-16,pass,"counterfactual_common_baseline_relative=max(0,final_yield-null)-I-5N"
YC,Yucheng,2014,DQN,,,recorded_farmer,2014,168,17,0.0,28.7,18.6,0.0,0.0,0.0,0.0,0.0,259,0.0,96.0,-480.0,-480.0,2014-06-17,pass,"counterfactual_common_baseline_relative=max(0,final_yield-null)-I-5N"
YC,Yucheng,2014,DQN,,,recorded_farmer,2014,169,18,0.0,31.0,18.8,1.0,0.0,0.0,0.0,0.0,258,0.0,0.0,-0.0,-480.0,2014-06-18,pass,"counterfactual_common_baseline_relative=max(0,final_yield-null)-I-5N"
YC,Yucheng,2014,DQN,,,recorded_farmer,2014,170,19,43.0,24.5,19.8,2.0,0.0,0.0,0.0,0.0,289,0.0,0.0,-0.0,-480.0,2014-06-19,pass,"counterfactual_common_baseline_relative=max(0,final_yield-null)-I-5N"
YC,Yucheng,2014,DQN,,,recorded_farmer,2014,171,20,22.0,24.7,18.9,3.0,0.0,0.0,0.0,0.0,303,0.0,0.0,-0.0,-480.0,2014-06-20,pass,"counterfactual_common_baseline_relative=max(0,final_yield-null)-I-5N"
YC,Yucheng,2014,DQN,,,recorded_farmer,2014,172,21,0.0,25.7,18.9,4.0,0.0,0.0,0.0,0.0,300,0.0,0.0,-0.0,-480.0,2014-06-21,pass,"counterfactual_common_baseline_relative=max(0,final_yield-null)-I-5N"
YC,Yucheng,2014,DQN,,,recorded_farmer,2014,173,22,0.0,29.3,16.9,5.0,0.0,0.0,0.0,0.0,296,0.0,0.0,-0.0,-480.0,2014-06-22,pass,"counterfactual_common_baseline_relative=max(0,final_yield-null)-I-5N"
YC,Yucheng,2014,DQN,,,recorded_farmer,2014,174,23,4.5,31.5,18.8,6.0,0.0,27.0,0.0,0.012,295,0.0,0.0,-0.0,-480.0,2014-06-23,pass,"counterfactual_common_baseline_relative=max(0,final_yield-null)-I-5N"
YC,Yucheng,2014,DQN,,,recorded_farmer,2014,175,24,0.0,33.2,19.9,7.0,0.0,27.0,0.0,0.013,294,0.0,0.0,-0.0,-480.0,2014-06-24,pass,"counterfactual_common_baseline_relative=max(0,final_yield-null)-I-5N"
YC,Yucheng,2014,DQN,,,recorded_farmer,2014,176,25,0.0,27.9,23.0,8.0,0.0,27.0,0.0,0.007,293,0.0,0.0,-0.0,-480.0,2014-06-25,pass,"counterfactual_common_baseline_relative=max(0,final_yield-null)-I-5N"
YC,Yucheng,2014,DQN,,,recorded_farmer,2014,177,26,0.0,32.4,20.6,9.0,0.0,27.0,0.0,0.0,292,0.0,0.0,-0.0,-480.0,2014-06-26,pass,"counterfactual_common_baseline_relative=max(0,final_yield-null)-I-5N"
YC,Yucheng,2014,DQN,,,recorded_farmer,2014,178,27,0.0,35.2,20.5,10.0,0.0,33.0,0.0,0.0,291,0.0,0.0,-0.0,-480.0,2014-06-27,pass,"counterfactual_common_baseline_relative=max(0,final_yield-null)-I-5N"
YC,Yucheng,2014,DQN,,,recorded_farmer,2014,179,28,0.0,35.7,18.4,11.0,0.0,46.0,0.0,0.0,290,0.0,0.0,-0.0,-480.0,2014-06-28,pass,"counterfactual_common_baseline_relative=max(0,final_yield-null)-I-5N"
YC,Yucheng,2014,DQN,,,recorded_farmer,2014,180,29,0.0,34.4,19.3,12.0,0.0,62.0,0.0,0.0,289,0.0,0.0,-0.0,-480.0,2014-06-29,pass,"counterfactual_common_baseline_relative=max(0,final_yield-null)-I-5N"
YC,Yucheng,2014,DQN,,,recorded_farmer,2014,181,30,4.5,30.9,20.0,13.0,0.0,79.0,0.0,0.0,289,0.0,0.0,-0.0,-480.0,2014-06-30,pass,"counterfactual_common_baseline_relative=max(0,final_yield-null)-I-5N"
YC,Yucheng,2014,DQN,,,recorded_farmer,2014,182,31,2.8,33.7,22.7,14.0,0.0,104.0,0.0,0.0,289,0.0,0.0,-0.0,-480.0,2014-07-01,pass,"counterfactual_common_baseline_relative=max(0,final_yield-null)-I-5N"
YC,Yucheng,2014,DQN,,,recorded_farmer,2014,183,32,0.0,30.9,22.6,15.0,0.0,132.0,0.0,0.0,288,0.0,0.0,-0.0,-480.0,2014-07-02,pass,"counterfactual_common_baseline_relative=max(0,final_yield-null)-I-5N"
YC,Yucheng,2014,DQN,,,recorded_farmer,2014,184,33,0.0,32.6,20.5,16.0,0.0,166.0,0.0,0.0,286,0.0,0.0,-0.0,-480.0,2014-07-03,pass,"counterfactual_common_baseline_relative=max(0,final_yield-null)-I-5N"
YC,Yucheng,2014,DQN,,,recorded_farmer,2014,185,34,5.5,30.8,22.2,17.0,0.0,204.0,0.0,0.0,289,0.0,0.0,-0.0,-480.0,2014-07-04,pass,"counterfactual_common_baseline_relative=max(0,final_yield-null)-I-5N"
YC,Yucheng,2014,DQN,,,recorded_farmer,2014,186,35,0.0,32.3,22.7,18.0,0.0,252.0,0.0,0.0,287,0.0,0.0,-0.0,-480.0,2014-07-05,pass,"counterfactual_common_baseline_relative=max(0,final_yield-null)-I-5N"
YC,Yucheng,2014,DQN,,,recorded_farmer,2014,187,36,0.0,33.8,21.2,19.0,0.0,296.0,0.0,0.0,284,0.0,0.0,-0.0,-480.0,2014-07-06,pass,"counterfactual_common_baseline_relative=max(0,final_yield-null)-I-5N"
YC,Yucheng,2014,DQN,,,recorded_farmer,2014,188,37,0.0,34.0,22.0,20.0,0.0,370.0,0.0,0.006,282,0.0,0.0,-0.0,-480.0,2014-07-07,pass,"counterfactual_common_baseline_relative=max(0,final_yield-null)-I-5N"
YC,Yucheng,2014,DQN,,,recorded_farmer,2014,189,38,0.0,34.7,24.2,21.0,0.0,463.0,0.0,0.0,279,0.0,0.0,-0.0,-480.0,2014-07-08,pass,"counterfactual_common_baseline_relative=max(0,final_yield-null)-I-5N"
YC,Yucheng,2014,DQN,,,recorded_farmer,2014,190,39,0.0,33.7,25.0,22.0,0.0,551.0,0.0,0.0,277,0.0,0.0,-0.0,-480.0,2014-07-09,pass,"counterfactual_common_baseline_relative=max(0,final_yield-null)-I-5N"
YC,Yucheng,2014,DQN,,,recorded_farmer,2014,191,40,0.0,25.1,21.1,23.0,0.0,581.0,0.0,0.0,276,0.0,0.0,-0.0,-480.0,2014-07-10,pass,"counterfactual_common_baseline_relative=max(0,final_yield-null)-I-5N"
YC,Yucheng,2014,DQN,,,recorded_farmer,2014,192,41,0.0,34.7,19.2,24.0,0.0,692.0,0.0,0.0,272,0.0,0.0,-0.0,-480.0,2014-07-11,pass,"counterfactual_common_baseline_relative=max(0,final_yield-null)-I-5N"
YC,Yucheng,2014,DQN,,,recorded_farmer,2014,193,42,0.0,33.7,23.0,25.0,0.0,829.0,0.0,0.0,269,0.0,0.0,-0.0,-480.0,2014-07-12,pass,"counterfactual_common_baseline_relative=max(0,final_yield-null)-I-5N"
YC,Yucheng,2014,DQN,,,recorded_farmer,2014,194,43,0.0,35.1,18.3,26.0,0.0,976.0,0.0,0.0,265,0.0,0.0,-0.0,-480.0,2014-07-13,pass,"counterfactual_common_baseline_relative=max(0,final_yield-null)-I-5N"
YC,Yucheng,2014,DQN,,,recorded_farmer,2014,195,44,0.0,36.5,21.1,27.0,0.0,1146.0,0.0,0.0,260,0.0,0.0,-0.0,-480.0,2014-07-14,pass,"counterfactual_common_baseline_relative=max(0,final_yield-null)-I-5N"
YC,Yucheng,2014,DQN,,,recorded_farmer,2014,196,45,14.0,31.8,20.0,28.0,0.0,1305.0,0.0,0.0,268,0.0,0.0,-0.0,-480.0,2014-07-15,pass,"counterfactual_common_baseline_relative=max(0,final_yield-null)-I-5N"
YC,Yucheng,2014,DQN,,,recorded_farmer,2014,197,46,0.0,33.6,22.1,29.0,0.0,1492.0,0.0,0.0,262,0.0,0.0,-0.0,-480.0,2014-07-16,pass,"counterfactual_common_baseline_relative=max(0,final_yield-null)-I-5N"
YC,Yucheng,2014,DQN,,,recorded_farmer,2014,198,47,0.0,34.5,23.3,30.0,0.0,1702.0,0.0,0.0,256,0.0,0.0,-0.0,-480.0,2014-07-17,pass,"counterfactual_common_baseline_relative=max(0,final_yield-null)-I-5N"
YC,Yucheng,2014,DQN,,,recorded_farmer,2014,199,48,0.0,34.8,24.6,31.0,0.0,1938.0,0.0,0.0,249,0.0,0.0,-0.0,-480.0,2014-07-18,pass,"counterfactual_common_baseline_relative=max(0,final_yield-null)-I-5N"
YC,Yucheng,2014,DQN,,,recorded_farmer,2014,200,49,0.0,36.4,25.0,32.0,0.0,2201.0,0.0,0.0,242,0.0,0.0,-0.0,-480.0,2014-07-19,pass,"counterfactual_common_baseline_relative=max(0,final_yield-null)-I-5N"
YC,Yucheng,2014,DQN,,,recorded_farmer,2014,201,50,0.0,36.4,24.3,33.0,0.0,2484.0,0.0,0.0,236,0.0,0.0,-0.0,-480.0,2014-07-20,pass,"counterfactual_common_baseline_relative=max(0,final_yield-null)-I-5N"
YC,Yucheng,2014,DQN,,,recorded_farmer,2014,202,51,0.0,37.9,28.6,34.0,0.0,2778.0,0.0,0.0,229,0.0,0.0,-0.0,-480.0,2014-07-21,pass,"counterfactual_common_baseline_relative=max(0,final_yield-null)-I-5N"
YC,Yucheng,2014,DQN,,,recorded_farmer,2014,203,52,10.5,30.1,22.3,35.0,0.0,2916.0,0.0,0.0,238,0.0,0.0,-0.0,-480.0,2014-07-22,pass,"counterfactual_common_baseline_relative=max(0,final_yield-null)-I-5N"
YC,Yucheng,2014,DQN,,,recorded_farmer,2014,204,53,0.0,27.9,23.1,36.0,0.0,3060.0,0.0,0.0,236,0.0,0.0,-0.0,-480.0,2014-07-23,pass,"counterfactual_common_baseline_relative=max(0,final_yield-null)-I-5N"
YC,Yucheng,2014,DQN,,,recorded_farmer,2014,205,54,3.2,29.8,21.2,37.0,0.0,3251.0,0.0,0.0,236,0.0,0.0,-0.0,-480.0,2014-07-24,pass,"counterfactual_common_baseline_relative=max(0,final_yield-null)-I-5N"
YC,Yucheng,2014,DQN,,,recorded_farmer,2014,206,55,0.0,29.5,21.1,38.0,0.0,3573.0,0.0,0.0,231,0.0,0.0,-0.0,-480.0,2014-07-25,pass,"counterfactual_common_baseline_relative=max(0,final_yield-null)-I-5N"
YC,Yucheng,2014,DQN,,,recorded_farmer,2014,207,56,0.0,32.3,15.1,39.0,0.0,3884.0,0.0,0.0,225,0.0,0.0,-0.0,-480.0,2014-07-26,pass,"counterfactual_common_baseline_relative=max(0,final_yield-null)-I-5N"
YC,Yucheng,2014,DQN,,,recorded_farmer,2014,208,57,0.0,33.3,21.3,40.0,0.0,4297.0,0.0,0.0,219,0.0,0.0,-0.0,-480.0,2014-07-27,pass,"counterfactual_common_baseline_relative=max(0,final_yield-null)-I-5N"
YC,Yucheng,2014,DQN,,,recorded_farmer,2014,209,58,0.0,32.6,22.0,41.0,0.0,4700.0,0.0,0.0,214,0.0,0.0,-0.0,-480.0,2014-07-28,pass,"counterfactual_common_baseline_relative=max(0,final_yield-null)-I-5N"
YC,Yucheng,2014,DQN,,,recorded_farmer,2014,210,59,2.2,33.1,23.4,42.0,0.0,5102.0,0.0,0.0,210,0.0,0.0,-0.0,-480.0,2014-07-29,pass,"counterfactual_common_baseline_relative=max(0,final_yield-null)-I-5N"
YC,Yucheng,2014,DQN,,,recorded_farmer,2014,211,60,0.0,29.9,22.6,43.0,0.0,5337.0,0.0,0.0,327,120.0,278.0,-1510.0,-1990.0,2014-07-30,pass,"counterfactual_common_baseline_relative=max(0,final_yield-null)-I-5N"
YC,Yucheng,2014,DQN,,,recorded_farmer,2014,212,61,0.0,32.1,21.9,44.0,0.0,5647.0,0.0,0.0,323,0.0,0.0,-0.0,-1990.0,2014-07-31,pass,"counterfactual_common_baseline_relative=max(0,final_yield-null)-I-5N"
YC,Yucheng,2014,DQN,,,recorded_farmer,2014,213,62,0.0,32.9,22.1,45.0,0.0,5974.0,0.0,0.0,319,0.0,0.0,-0.0,-1990.0,2014-08-01,pass,"counterfactual_common_baseline_relative=max(0,final_yield-null)-I-5N"
YC,Yucheng,2014,DQN,,,recorded_farmer,2014,214,63,0.0,34.7,23.6,46.0,0.0,6359.0,0.0,0.0,313,0.0,0.0,-0.0,-1990.0,2014-08-02,pass,"counterfactual_common_baseline_relative=max(0,final_yield-null)-I-5N"
YC,Yucheng,2014,DQN,,,recorded_farmer,2014,215,64,0.0,35.3,22.7,47.0,0.0,6754.0,0.0,0.0,308,0.0,0.0,-0.0,-1990.0,2014-08-03,pass,"counterfactual_common_baseline_relative=max(0,final_yield-null)-I-5N"
YC,Yucheng,2014,DQN,,,recorded_farmer,2014,216,65,0.0,35.6,24.0,48.0,0.0,7123.0,0.0,0.0,303,0.0,0.0,-0.0,-1990.0,2014-08-04,pass,"counterfactual_common_baseline_relative=max(0,final_yield-null)-I-5N"
YC,Yucheng,2014,DQN,,,recorded_farmer,2014,217,66,0.0,29.8,21.7,49.0,0.0,7306.0,0.0,0.0,300,0.0,0.0,-0.0,-1990.0,2014-08-05,pass,"counterfactual_common_baseline_relative=max(0,final_yield-null)-I-5N"
YC,Yucheng,2014,DQN,,,recorded_farmer,2014,218,67,1.4,28.3,22.4,50.0,0.0,7434.0,0.0,0.0,300,0.0,0.0,-0.0,-1990.0,2014-08-06,pass,"counterfactual_common_baseline_relative=max(0,final_yield-null)-I-5N"
YC,Yucheng,2014,DQN,,,recorded_farmer,2014,219,68,0.0,30.5,20.0,51.0,0.0,7802.0,0.0,0.0,295,0.0,0.0,-0.0,-1990.0,2014-08-07,pass,"counterfactual_common_baseline_relative=max(0,final_yield-null)-I-5N"
YC,Yucheng,2014,DQN,,,recorded_farmer,2014,220,69,0.0,30.8,15.6,52.0,0.0,8127.0,0.0,0.0,291,0.0,0.0,-0.0,-1990.0,2014-08-08,pass,"counterfactual_common_baseline_relative=max(0,final_yield-null)-I-5N"
YC,Yucheng,2014,DQN,,,recorded_farmer,2014,221,70,0.0,27.8,20.3,53.0,0.0,8409.0,0.0,0.0,287,0.0,0.0,-0.0,-1990.0,2014-08-09,pass,"counterfactual_common_baseline_relative=max(0,final_yield-null)-I-5N"
YC,Yucheng,2014,DQN,,,recorded_farmer,2014,222,71,0.0,31.0,16.9,54.0,0.0,8751.0,0.0,0.0,282,0.0,0.0,-0.0,-1990.0,2014-08-10,pass,"counterfactual_common_baseline_relative=max(0,final_yield-null)-I-5N"
YC,Yucheng,2014,DQN,,,recorded_farmer,2014,223,72,0.0,32.9,20.0,55.0,0.0,9144.0,0.0,0.0,277,0.0,0.0,-0.0,-1990.0,2014-08-11,pass,"counterfactual_common_baseline_relative=max(0,final_yield-null)-I-5N"
YC,Yucheng,2014,DQN,,,recorded_farmer,2014,224,73,0.0,32.9,18.1,56.0,0.0,9519.0,0.0,0.0,271,0.0,0.0,-0.0,-1990.0,2014-08-12,pass,"counterfactual_common_baseline_relative=max(0,final_yield-null)-I-5N"
YC,Yucheng,2014,DQN,,,recorded_farmer,2014,225,74,0.0,29.0,22.4,57.0,0.0,9718.0,0.0,0.0,268,0.0,0.0,-0.0,-1990.0,2014-08-13,pass,"counterfactual_common_baseline_relative=max(0,final_yield-null)-I-5N"
YC,Yucheng,2014,DQN,,,recorded_farmer,2014,226,75,3.3,30.1,19.6,58.0,0.0,10144.0,0.0,0.0,266,0.0,0.0,-0.0,-1990.0,2014-08-14,pass,"counterfactual_common_baseline_relative=max(0,final_yield-null)-I-5N"
YC,Yucheng,2014,DQN,,,recorded_farmer,2014,227,76,0.0,31.1,17.8,59.0,0.0,10537.0,0.0,0.0,260,0.0,0.0,-0.0,-1990.0,2014-08-15,pass,"counterfactual_common_baseline_relative=max(0,final_yield-null)-I-5N"
YC,Yucheng,2014,DQN,,,recorded_farmer,2014,228,77,0.0,31.2,21.5,60.0,0.0,10810.0,0.0,0.0,256,0.0,0.0,-0.0,-1990.0,2014-08-16,pass,"counterfactual_common_baseline_relative=max(0,final_yield-null)-I-5N"
YC,Yucheng,2014,DQN,,,recorded_farmer,2014,229,78,25.3,26.2,19.8,61.0,0.0,10825.0,0.0,0.0,276,0.0,0.0,-0.0,-1990.0,2014-08-17,pass,"counterfactual_common_baseline_relative=max(0,final_yield-null)-I-5N"
YC,Yucheng,2014,DQN,,,recorded_farmer,2014,230,79,0.0,27.0,20.4,62.0,0.0,11012.0,0.0,0.0,273,0.0,0.0,-0.0,-1990.0,2014-08-18,pass,"counterfactual_common_baseline_relative=max(0,final_yield-null)-I-5N"
YC,Yucheng,2014,DQN,,,recorded_farmer,2014,231,80,0.0,30.3,16.9,63.0,0.0,11379.0,0.0,0.0,268,0.0,0.0,-0.0,-1990.0,2014-08-19,pass,"counterfactual_common_baseline_relative=max(0,final_yield-null)-I-5N"
YC,Yucheng,2014,DQN,,,recorded_farmer,2014,232,81,0.0,30.7,17.6,64.0,0.0,11711.0,0.0,0.0,263,0.0,0.0,-0.0,-1990.0,2014-08-20,pass,"counterfactual_common_baseline_relative=max(0,final_yield-null)-I-5N"
YC,Yucheng,2014,DQN,,,recorded_farmer,2014,233,82,0.0,31.7,20.1,65.0,0.0,12061.0,0.0,0.0,257,0.0,0.0,-0.0,-1990.0,2014-08-21,pass,"counterfactual_common_baseline_relative=max(0,final_yield-null)-I-5N"
YC,Yucheng,2014,DQN,,,recorded_farmer,2014,234,83,0.0,31.1,20.7,66.0,0.0,12323.0,0.0,0.0,253,0.0,0.0,-0.0,-1990.0,2014-08-22,pass,"counterfactual_common_baseline_relative=max(0,final_yield-null)-I-5N"
YC,Yucheng,2014,DQN,,,recorded_farmer,2014,235,84,0.0,29.8,22.8,67.0,278.0,12515.0,0.0,0.0,251,0.0,0.0,-0.0,-1990.0,2014-08-23,pass,"counterfactual_common_baseline_relative=max(0,final_yield-null)-I-5N"
YC,Yucheng,2014,DQN,,,recorded_farmer,2014,236,85,3.7,28.2,20.3,68.0,556.0,12818.0,0.0,0.0,251,0.0,0.0,-0.0,-1990.0,2014-08-24,pass,"counterfactual_common_baseline_relative=max(0,final_yield-null)-I-5N"
YC,Yucheng,2014,DQN,,,recorded_farmer,2014,237,86,0.0,31.3,17.6,69.0,834.0,13157.0,0.0,0.0,246,0.0,0.0,-0.0,-1990.0,2014-08-25,pass,"counterfactual_common_baseline_relative=max(0,final_yield-null)-I-5N"
YC,Yucheng,2014,DQN,,,recorded_farmer,2014,238,87,0.0,32.2,16.0,70.0,1112.0,13436.0,0.0,0.0,241,0.0,0.0,-0.0,-1990.0,2014-08-26,pass,"counterfactual_common_baseline_relative=max(0,final_yield-null)-I-5N"
YC,Yucheng,2014,DQN,,,recorded_farmer,2014,239,88,0.0,32.0,19.4,71.0,1390.0,13714.0,0.0,0.0,236,0.0,0.0,-0.0,-1990.0,2014-08-27,pass,"counterfactual_common_baseline_relative=max(0,final_yield-null)-I-5N"
YC,Yucheng,2014,DQN,,,recorded_farmer,2014,240,89,0.0,29.6,20.2,72.0,1668.0,13992.0,0.0,0.0,233,0.0,0.0,-0.0,-1990.0,2014-08-28,pass,"counterfactual_common_baseline_relative=max(0,final_yield-null)-I-5N"
YC,Yucheng,2014,DQN,,,recorded_farmer,2014,241,90,0.0,30.3,18.1,73.0,1946.0,14270.0,0.0,0.0,228,0.0,0.0,-0.0,-1990.0,2014-08-29,pass,"counterfactual_common_baseline_relative=max(0,final_yield-null)-I-5N"
YC,Yucheng,2014,DQN,,,recorded_farmer,2014,242,91,0.0,29.5,19.3,74.0,2224.0,14495.0,0.0,0.0,226,0.0,0.0,-0.0,-1990.0,2014-08-30,pass,"counterfactual_common_baseline_relative=max(0,final_yield-null)-I-5N"
YC,Yucheng,2014,DQN,,,recorded_farmer,2014,243,92,0.0,28.4,19.6,75.0,2502.0,14788.0,0.0,0.0,222,0.0,0.0,-0.0,-1990.0,2014-08-31,pass,"counterfactual_common_baseline_relative=max(0,final_yield-null)-I-5N"
YC,Yucheng,2014,DQN,,,recorded_farmer,2014,244,93,0.0,29.7,18.9,76.0,2780.0,15074.0,0.0,0.0,219,0.0,0.0,-0.0,-1990.0,2014-09-01,pass,"counterfactual_common_baseline_relative=max(0,final_yield-null)-I-5N"
YC,Yucheng,2014,DQN,,,recorded_farmer,2014,245,94,4.7,27.1,19.4,77.0,3059.0,15293.0,0.0,0.0,221,0.0,0.0,-0.0,-1990.0,2014-09-02,pass,"counterfactual_common_baseline_relative=max(0,final_yield-null)-I-5N"
YC,Yucheng,2014,DQN,,,recorded_farmer,2014,246,95,0.0,27.0,17.0,78.0,3337.0,15620.0,0.0,0.0,217,0.0,0.0,-0.0,-1990.0,2014-09-03,pass,"counterfactual_common_baseline_relative=max(0,final_yield-null)-I-5N"
YC,Yucheng,2014,DQN,,,recorded_farmer,2014,247,96,0.0,29.9,12.7,79.0,3615.0,15938.0,0.0,0.0,212,0.0,0.0,-0.0,-1990.0,2014-09-04,pass,"counterfactual_common_baseline_relative=max(0,final_yield-null)-I-5N"
YC,Yucheng,2014,DQN,,,recorded_farmer,2014,248,97,0.0,30.1,16.1,80.0,3893.0,16216.0,0.0,0.0,207,0.0,0.0,-0.0,-1990.0,2014-09-05,pass,"counterfactual_common_baseline_relative=max(0,final_yield-null)-I-5N"
YC,Yucheng,2014,DQN,,,recorded_farmer,2014,249,98,0.0,28.1,16.6,81.0,4171.0,16435.0,0.0,0.0,204,0.0,0.0,-0.0,-1990.0,2014-09-06,pass,"counterfactual_common_baseline_relative=max(0,final_yield-null)-I-5N"
YC,Yucheng,2014,DQN,,,recorded_farmer,2014,250,99,0.0,28.4,19.8,82.0,4449.0,16626.0,0.0,0.0,202,0.0,0.0,-0.0,-1990.0,2014-09-07,pass,"counterfactual_common_baseline_relative=max(0,final_yield-null)-I-5N"
YC,Yucheng,2014,DQN,,,recorded_farmer,2014,251,100,0.0,28.7,18.0,83.0,4727.0,16860.0,0.0,0.0,200,0.0,0.0,-0.0,-1990.0,2014-09-08,pass,"counterfactual_common_baseline_relative=max(0,final_yield-null)-I-5N"
YC,Yucheng,2014,DQN,,,recorded_farmer,2014,252,101,0.0,29.6,19.5,84.0,5005.0,17156.0,0.0,0.0,196,0.0,0.0,-0.0,-1990.0,2014-09-09,pass,"counterfactual_common_baseline_relative=max(0,final_yield-null)-I-5N"
YC,Yucheng,2014,DQN,,,recorded_farmer,2014,253,102,0.0,30.8,16.7,85.0,5283.0,17456.0,0.0,0.0,192,0.0,0.0,-0.0,-1990.0,2014-09-10,pass,"counterfactual_common_baseline_relative=max(0,final_yield-null)-I-5N"
YC,Yucheng,2014,DQN,,,recorded_farmer,2014,254,103,0.0,25.6,17.9,86.0,5561.0,17591.0,0.0,0.0,191,0.0,0.0,-0.0,-1990.0,2014-09-11,pass,"counterfactual_common_baseline_relative=max(0,final_yield-null)-I-5N"
YC,Yucheng,2014,DQN,,,recorded_farmer,2014,255,104,6.4,23.0,15.5,87.0,5839.0,17767.0,0.0,0.0,196,0.0,0.0,-0.0,-1990.0,2014-09-12,pass,"counterfactual_common_baseline_relative=max(0,final_yield-null)-I-5N"
YC,Yucheng,2014,DQN,,,recorded_farmer,2014,256,105,0.0,28.3,14.1,88.0,6117.0,18096.0,0.0,0.0,191,0.0,0.0,-0.0,-1990.0,2014-09-13,pass,"counterfactual_common_baseline_relative=max(0,final_yield-null)-I-5N"
YC,Yucheng,2014,DQN,,,recorded_farmer,2014,257,106,0.0,22.9,18.1,89.0,6395.0,18155.0,0.0,0.0,191,0.0,0.0,-0.0,-1990.0,2014-09-14,pass,"counterfactual_common_baseline_relative=max(0,final_yield-null)-I-5N"
YC,Yucheng,2014,DQN,,,recorded_farmer,2014,258,107,14.5,18.6,16.1,90.0,6673.0,18246.0,0.0,0.0,204,0.0,0.0,-0.0,-1990.0,2014-09-15,pass,"counterfactual_common_baseline_relative=max(0,final_yield-null)-I-5N"
YC,Yucheng,2014,DQN,,,recorded_farmer,2014,259,108,0.0,19.2,14.8,91.0,6951.0,18303.0,0.0,0.0,203,0.0,0.0,-0.0,-1990.0,2014-09-16,pass,"counterfactual_common_baseline_relative=max(0,final_yield-null)-I-5N"
YC,Yucheng,2014,DQN,,,recorded_farmer,2014,260,109,33.8,16.4,12.9,92.0,7194.0,18381.0,0.0,0.0,227,0.0,0.0,-0.0,-1990.0,2014-09-17,pass,"counterfactual_common_baseline_relative=max(0,final_yield-null)-I-5N"
YC,Yucheng,2014,DQN,,,recorded_farmer,2014,261,110,0.0,22.1,14.5,93.0,7472.0,18619.0,0.0,0.0,225,0.0,0.0,-0.0,-1990.0,2014-09-18,pass,"counterfactual_common_baseline_relative=max(0,final_yield-null)-I-5N"
YC,Yucheng,2014,DQN,,,recorded_farmer,2014,262,111,0.0,25.9,12.0,94.0,7750.0,18920.0,0.0,0.0,221,0.0,0.0,-0.0,-1990.0,2014-09-19,pass,"counterfactual_common_baseline_relative=max(0,final_yield-null)-I-5N"
YC,Yucheng,2014,DQN,,,recorded_farmer,2014,263,112,0.0,28.0,15.5,95.0,8028.0,19230.0,0.0,0.0,217,0.0,0.0,-0.0,-1990.0,2014-09-20,pass,"counterfactual_common_baseline_relative=max(0,final_yield-null)-I-5N"
YC,Yucheng,2014,DQN,,,recorded_farmer,2014,264,113,0.0,29.3,15.9,96.0,8306.0,19532.0,0.0,0.0,213,0.0,0.0,-0.0,-1990.0,2014-09-21,pass,"counterfactual_common_baseline_relative=max(0,final_yield-null)-I-5N"
YC,Yucheng,2014,DQN,,,recorded_farmer,2014,265,114,0.0,29.6,16.4,97.0,8584.0,19831.0,0.0,0.0,209,0.0,0.0,-0.0,-1990.0,2014-09-22,pass,"counterfactual_common_baseline_relative=max(0,final_yield-null)-I-5N"
YC,Yucheng,2014,DQN,,,recorded_farmer,2014,266,115,0.0,26.5,18.6,98.0,8862.0,20031.0,0.0,0.0,207,0.0,0.0,-0.0,-1990.0,2014-09-23,pass,"counterfactual_common_baseline_relative=max(0,final_yield-null)-I-5N"
YC,Yucheng,2014,DQN,,,recorded_farmer,2014,267,116,0.0,25.4,19.1,99.0,9140.0,20226.0,0.0,0.0,205,0.0,0.0,-0.0,-1990.0,2014-09-24,pass,"counterfactual_common_baseline_relative=max(0,final_yield-null)-I-5N"
YC,Yucheng,2014,DQN,,,recorded_farmer,2014,268,117,0.0,26.8,16.7,100.0,9418.0,20514.0,0.0,0.0,202,0.0,0.0,-0.0,-1990.0,2014-09-25,pass,"counterfactual_common_baseline_relative=max(0,final_yield-null)-I-5N"
YC,Yucheng,2014,DQN,,,recorded_farmer,2014,269,118,0.0,28.1,17.4,101.0,9418.0,20514.0,0.0,0.0,198,0.0,0.0,-0.0,-1990.0,2014-09-26,pass,"counterfactual_common_baseline_relative=max(0,final_yield-null)-I-5N"
YC,Yucheng,2014,DQN,,,recorded_farmer,2014,270,119,0.0,25.9,19.1,102.0,9418.0,20514.0,0.0,0.0,197,0.0,0.0,-0.0,-1990.0,2014-09-27,pass,"counterfactual_common_baseline_relative=max(0,final_yield-null)-I-5N"
YC,Yucheng,2014,DQN,,,recorded_farmer,2014,271,120,5.4,21.8,18.7,103.0,9418.0,20514.0,0.0,0.0,202,0.0,0.0,-0.0,-1990.0,2014-09-28,pass,"counterfactual_common_baseline_relative=max(0,final_yield-null)-I-5N"
YC,Yucheng,2014,DQN,,,recorded_farmer,2014,272,121,0.0,26.6,16.1,104.0,9418.0,20514.0,0.0,0.0,198,0.0,0.0,1593.0,-397.0,2014-09-29,pass,"counterfactual_common_baseline_relative=max(0,final_yield-null)-I-5N"
YC,Yucheng,2014,DQN,,,dssat_auto,2014,152,1,0.0,28.2,20.1,0.0,0.0,0.0,0.0,0.0,267,0.0,0.0,-0.0,-0.0,2014-06-01,pass,"counterfactual_common_baseline_relative=max(0,final_yield-null)-I-5N"
YC,Yucheng,2014,DQN,,,dssat_auto,2014,153,2,0.0,22.7,17.1,0.0,0.0,0.0,0.0,0.0,265,0.0,0.0,-0.0,-0.0,2014-06-02,pass,"counterfactual_common_baseline_relative=max(0,final_yield-null)-I-5N"
YC,Yucheng,2014,DQN,,,dssat_auto,2014,154,3,0.0,29.8,11.8,0.0,0.0,0.0,0.0,0.0,262,0.0,0.0,-0.0,-0.0,2014-06-03,pass,"counterfactual_common_baseline_relative=max(0,final_yield-null)-I-5N"
YC,Yucheng,2014,DQN,,,dssat_auto,2014,155,4,0.0,29.7,17.1,0.0,0.0,0.0,0.0,0.0,261,0.0,0.0,-0.0,-0.0,2014-06-04,pass,"counterfactual_common_baseline_relative=max(0,final_yield-null)-I-5N"
YC,Yucheng,2014,DQN,,,dssat_auto,2014,156,5,0.0,33.0,15.9,0.0,0.0,0.0,0.0,0.0,259,0.0,0.0,-0.0,-0.0,2014-06-05,pass,"counterfactual_common_baseline_relative=max(0,final_yield-null)-I-5N"
YC,Yucheng,2014,DQN,,,dssat_auto,2014,157,6,0.0,36.5,19.8,0.0,0.0,0.0,0.0,0.0,258,0.0,0.0,-0.0,-0.0,2014-06-06,pass,"counterfactual_common_baseline_relative=max(0,final_yield-null)-I-5N"
YC,Yucheng,2014,DQN,,,dssat_auto,2014,158,7,15.3,31.5,16.8,0.0,0.0,0.0,0.0,0.0,267,0.0,0.0,-0.0,-0.0,2014-06-07,pass,"counterfactual_common_baseline_relative=max(0,final_yield-null)-I-5N"
YC,Yucheng,2014,DQN,,,dssat_auto,2014,159,8,0.0,34.4,17.6,0.0,0.0,0.0,0.0,0.0,264,0.0,0.0,-0.0,-0.0,2014-06-08,pass,"counterfactual_common_baseline_relative=max(0,final_yield-null)-I-5N"
YC,Yucheng,2014,DQN,,,dssat_auto,2014,160,9,0.0,31.7,18.7,0.0,0.0,0.0,0.0,0.0,262,0.0,0.0,-0.0,-0.0,2014-06-09,pass,"counterfactual_common_baseline_relative=max(0,final_yield-null)-I-5N"
YC,Yucheng,2014,DQN,,,dssat_auto,2014,161,10,0.0,33.3,16.8,0.0,0.0,0.0,0.0,0.0,261,0.0,0.0,-0.0,-0.0,2014-06-10,pass,"counterfactual_common_baseline_relative=max(0,final_yield-null)-I-5N"
YC,Yucheng,2014,DQN,,,dssat_auto,2014,162,11,10.4,28.7,18.3,0.0,0.0,0.0,0.0,0.0,267,0.0,0.0,-0.0,-0.0,2014-06-11,pass,"counterfactual_common_baseline_relative=max(0,final_yield-null)-I-5N"
YC,Yucheng,2014,DQN,,,dssat_auto,2014,163,12,0.0,33.4,14.9,0.0,0.0,0.0,0.0,0.0,264,0.0,0.0,-0.0,-0.0,2014-06-12,pass,"counterfactual_common_baseline_relative=max(0,final_yield-null)-I-5N"
YC,Yucheng,2014,DQN,,,dssat_auto,2014,164,13,0.0,35.0,18.1,0.0,0.0,0.0,0.0,0.0,262,0.0,0.0,-0.0,-0.0,2014-06-13,pass,"counterfactual_common_baseline_relative=max(0,final_yield-null)-I-5N"
YC,Yucheng,2014,DQN,,,dssat_auto,2014,165,14,0.0,36.2,20.9,0.0,0.0,0.0,0.0,0.0,261,0.0,0.0,-0.0,-0.0,2014-06-14,pass,"counterfactual_common_baseline_relative=max(0,final_yield-null)-I-5N"
YC,Yucheng,2014,DQN,,,dssat_auto,2014,166,15,0.0,29.6,22.3,0.0,0.0,0.0,0.0,0.0,260,0.0,0.0,-0.0,-0.0,2014-06-15,pass,"counterfactual_common_baseline_relative=max(0,final_yield-null)-I-5N"
YC,Yucheng,2014,DQN,,,dssat_auto,2014,167,16,0.0,26.0,20.9,0.0,0.0,0.0,0.0,0.0,260,0.0,0.0,-0.0,-0.0,2014-06-16,pass,"counterfactual_common_baseline_relative=max(0,final_yield-null)-I-5N"
YC,Yucheng,2014,DQN,,,dssat_auto,2014,168,17,0.0,28.7,18.6,0.0,0.0,0.0,0.0,0.0,259,0.0,0.0,-0.0,-0.0,2014-06-17,pass,"counterfactual_common_baseline_relative=max(0,final_yield-null)-I-5N"
YC,Yucheng,2014,DQN,,,dssat_auto,2014,169,18,0.0,31.0,18.8,1.0,0.0,0.0,0.0,0.0,258,0.0,0.0,-0.0,-0.0,2014-06-18,pass,"counterfactual_common_baseline_relative=max(0,final_yield-null)-I-5N"
YC,Yucheng,2014,DQN,,,dssat_auto,2014,170,19,43.0,24.5,19.8,2.0,0.0,0.0,0.0,0.0,289,0.0,0.0,-0.0,-0.0,2014-06-19,pass,"counterfactual_common_baseline_relative=max(0,final_yield-null)-I-5N"
YC,Yucheng,2014,DQN,,,dssat_auto,2014,171,20,22.0,24.7,18.9,3.0,0.0,0.0,0.0,0.0,303,0.0,0.0,-0.0,-0.0,2014-06-20,pass,"counterfactual_common_baseline_relative=max(0,final_yield-null)-I-5N"
YC,Yucheng,2014,DQN,,,dssat_auto,2014,172,21,0.0,25.7,18.9,4.0,0.0,0.0,0.0,0.0,300,0.0,0.0,-0.0,-0.0,2014-06-21,pass,"counterfactual_common_baseline_relative=max(0,final_yield-null)-I-5N"
YC,Yucheng,2014,DQN,,,dssat_auto,2014,173,22,0.0,29.3,16.9,5.0,0.0,0.0,0.0,0.0,296,0.0,0.0,-0.0,-0.0,2014-06-22,pass,"counterfactual_common_baseline_relative=max(0,final_yield-null)-I-5N"
YC,Yucheng,2014,DQN,,,dssat_auto,2014,174,23,4.5,31.5,18.8,6.0,0.0,27.0,0.0,0.012,295,0.0,0.0,-0.0,-0.0,2014-06-23,pass,"counterfactual_common_baseline_relative=max(0,final_yield-null)-I-5N"
YC,Yucheng,2014,DQN,,,dssat_auto,2014,175,24,0.0,33.2,19.9,7.0,0.0,27.0,0.0,0.013,294,0.0,0.0,-0.0,-0.0,2014-06-24,pass,"counterfactual_common_baseline_relative=max(0,final_yield-null)-I-5N"
YC,Yucheng,2014,DQN,,,dssat_auto,2014,176,25,0.0,27.9,23.0,8.0,0.0,27.0,0.0,0.007,293,0.0,0.0,-0.0,-0.0,2014-06-25,pass,"counterfactual_common_baseline_relative=max(0,final_yield-null)-I-5N"
YC,Yucheng,2014,DQN,,,dssat_auto,2014,177,26,0.0,32.4,20.6,9.0,0.0,27.0,0.0,0.0,292,0.0,0.0,-0.0,-0.0,2014-06-26,pass,"counterfactual_common_baseline_relative=max(0,final_yield-null)-I-5N"
YC,Yucheng,2014,DQN,,,dssat_auto,2014,178,27,0.0,35.2,20.5,10.0,0.0,33.0,0.0,0.0,291,0.0,0.0,-0.0,-0.0,2014-06-27,pass,"counterfactual_common_baseline_relative=max(0,final_yield-null)-I-5N"
YC,Yucheng,2014,DQN,,,dssat_auto,2014,179,28,0.0,35.7,18.4,11.0,0.0,46.0,0.0,0.0,290,0.0,0.0,-0.0,-0.0,2014-06-28,pass,"counterfactual_common_baseline_relative=max(0,final_yield-null)-I-5N"
YC,Yucheng,2014,DQN,,,dssat_auto,2014,180,29,0.0,34.4,19.3,12.0,0.0,62.0,0.0,0.0,289,0.0,0.0,-0.0,-0.0,2014-06-29,pass,"counterfactual_common_baseline_relative=max(0,final_yield-null)-I-5N"
YC,Yucheng,2014,DQN,,,dssat_auto,2014,181,30,4.5,30.9,20.0,13.0,0.0,79.0,0.0,0.0,289,0.0,0.0,-0.0,-0.0,2014-06-30,pass,"counterfactual_common_baseline_relative=max(0,final_yield-null)-I-5N"
YC,Yucheng,2014,DQN,,,dssat_auto,2014,182,31,2.8,33.7,22.7,14.0,0.0,104.0,0.0,0.0,289,0.0,0.0,-0.0,-0.0,2014-07-01,pass,"counterfactual_common_baseline_relative=max(0,final_yield-null)-I-5N"
YC,Yucheng,2014,DQN,,,dssat_auto,2014,183,32,0.0,30.9,22.6,15.0,0.0,132.0,0.0,0.0,288,0.0,0.0,-0.0,-0.0,2014-07-02,pass,"counterfactual_common_baseline_relative=max(0,final_yield-null)-I-5N"
YC,Yucheng,2014,DQN,,,dssat_auto,2014,184,33,0.0,32.6,20.5,16.0,0.0,166.0,0.0,0.0,286,0.0,0.0,-0.0,-0.0,2014-07-03,pass,"counterfactual_common_baseline_relative=max(0,final_yield-null)-I-5N"
YC,Yucheng,2014,DQN,,,dssat_auto,2014,185,34,5.5,30.8,22.2,17.0,0.0,204.0,0.0,0.0,289,0.0,0.0,-0.0,-0.0,2014-07-04,pass,"counterfactual_common_baseline_relative=max(0,final_yield-null)-I-5N"
YC,Yucheng,2014,DQN,,,dssat_auto,2014,186,35,0.0,32.3,22.7,18.0,0.0,252.0,0.0,0.0,287,0.0,0.0,-0.0,-0.0,2014-07-05,pass,"counterfactual_common_baseline_relative=max(0,final_yield-null)-I-5N"
YC,Yucheng,2014,DQN,,,dssat_auto,2014,187,36,0.0,33.8,21.2,19.0,0.0,296.0,0.0,0.0,284,0.0,0.0,-0.0,-0.0,2014-07-06,pass,"counterfactual_common_baseline_relative=max(0,final_yield-null)-I-5N"
YC,Yucheng,2014,DQN,,,dssat_auto,2014,188,37,0.0,34.0,22.0,20.0,0.0,370.0,0.0,0.006,282,0.0,0.0,-0.0,-0.0,2014-07-07,pass,"counterfactual_common_baseline_relative=max(0,final_yield-null)-I-5N"
YC,Yucheng,2014,DQN,,,dssat_auto,2014,189,38,0.0,34.7,24.2,21.0,0.0,463.0,0.0,0.0,279,0.0,0.0,-0.0,-0.0,2014-07-08,pass,"counterfactual_common_baseline_relative=max(0,final_yield-null)-I-5N"
YC,Yucheng,2014,DQN,,,dssat_auto,2014,190,39,0.0,33.7,25.0,22.0,0.0,551.0,0.0,0.0,277,0.0,0.0,-0.0,-0.0,2014-07-09,pass,"counterfactual_common_baseline_relative=max(0,final_yield-null)-I-5N"
YC,Yucheng,2014,DQN,,,dssat_auto,2014,191,40,0.0,25.1,21.1,23.0,0.0,581.0,0.0,0.0,276,0.0,0.0,-0.0,-0.0,2014-07-10,pass,"counterfactual_common_baseline_relative=max(0,final_yield-null)-I-5N"
YC,Yucheng,2014,DQN,,,dssat_auto,2014,192,41,0.0,34.7,19.2,24.0,0.0,692.0,0.0,0.0,272,0.0,0.0,-0.0,-0.0,2014-07-11,pass,"counterfactual_common_baseline_relative=max(0,final_yield-null)-I-5N"
YC,Yucheng,2014,DQN,,,dssat_auto,2014,193,42,0.0,33.7,23.0,25.0,0.0,829.0,0.0,0.0,269,0.0,0.0,-0.0,-0.0,2014-07-12,pass,"counterfactual_common_baseline_relative=max(0,final_yield-null)-I-5N"
YC,Yucheng,2014,DQN,,,dssat_auto,2014,194,43,0.0,35.1,18.3,26.0,0.0,976.0,0.0,0.0,265,0.0,0.0,-0.0,-0.0,2014-07-13,pass,"counterfactual_common_baseline_relative=max(0,final_yield-null)-I-5N"
YC,Yucheng,2014,DQN,,,dssat_auto,2014,195,44,0.0,36.5,21.1,27.0,0.0,1146.0,0.0,0.0,260,0.0,0.0,-0.0,-0.0,2014-07-14,pass,"counterfactual_common_baseline_relative=max(0,final_yield-null)-I-5N"
YC,Yucheng,2014,DQN,,,dssat_auto,2014,196,45,14.0,31.8,20.0,28.0,0.0,1305.0,0.0,0.0,268,0.0,0.0,-0.0,-0.0,2014-07-15,pass,"counterfactual_common_baseline_relative=max(0,final_yield-null)-I-5N"
YC,Yucheng,2014,DQN,,,dssat_auto,2014,197,46,0.0,33.6,22.1,29.0,0.0,1492.0,0.0,0.0,262,0.0,0.0,-0.0,-0.0,2014-07-16,pass,"counterfactual_common_baseline_relative=max(0,final_yield-null)-I-5N"
YC,Yucheng,2014,DQN,,,dssat_auto,2014,198,47,0.0,34.5,23.3,30.0,0.0,1702.0,0.0,0.0,256,0.0,0.0,-0.0,-0.0,2014-07-17,pass,"counterfactual_common_baseline_relative=max(0,final_yield-null)-I-5N"
YC,Yucheng,2014,DQN,,,dssat_auto,2014,199,48,0.0,34.8,24.6,31.0,0.0,1938.0,0.0,0.0,249,0.0,0.0,-0.0,-0.0,2014-07-18,pass,"counterfactual_common_baseline_relative=max(0,final_yield-null)-I-5N"
YC,Yucheng,2014,DQN,,,dssat_auto,2014,200,49,0.0,36.4,25.0,32.0,0.0,2201.0,0.0,0.0,242,0.0,0.0,-0.0,-0.0,2014-07-19,pass,"counterfactual_common_baseline_relative=max(0,final_yield-null)-I-5N"
YC,Yucheng,2014,DQN,,,dssat_auto,2014,201,50,0.0,36.4,24.3,33.0,0.0,2484.0,0.0,0.0,236,0.0,0.0,-0.0,-0.0,2014-07-20,pass,"counterfactual_common_baseline_relative=max(0,final_yield-null)-I-5N"
YC,Yucheng,2014,DQN,,,dssat_auto,2014,202,51,0.0,37.9,28.6,34.0,0.0,2778.0,0.0,0.0,229,0.0,0.0,-0.0,-0.0,2014-07-21,pass,"counterfactual_common_baseline_relative=max(0,final_yield-null)-I-5N"
YC,Yucheng,2014,DQN,,,dssat_auto,2014,203,52,10.5,30.1,22.3,35.0,0.0,2916.0,0.0,0.0,281,43.6,0.0,-43.6,-43.6,2014-07-22,pass,"counterfactual_common_baseline_relative=max(0,final_yield-null)-I-5N"
YC,Yucheng,2014,DQN,,,dssat_auto,2014,204,53,0.0,27.9,23.1,36.0,0.0,3060.0,0.0,0.0,279,0.0,0.0,-0.0,-43.6,2014-07-23,pass,"counterfactual_common_baseline_relative=max(0,final_yield-null)-I-5N"
YC,Yucheng,2014,DQN,,,dssat_auto,2014,205,54,3.2,29.8,21.2,37.0,0.0,3251.0,0.0,0.0,280,0.0,0.0,-0.0,-43.6,2014-07-24,pass,"counterfactual_common_baseline_relative=max(0,final_yield-null)-I-5N"
YC,Yucheng,2014,DQN,,,dssat_auto,2014,206,55,0.0,29.5,21.1,38.0,0.0,3562.0,0.0,0.0,274,0.0,0.0,-0.0,-43.6,2014-07-25,pass,"counterfactual_common_baseline_relative=max(0,final_yield-null)-I-5N"
YC,Yucheng,2014,DQN,,,dssat_auto,2014,207,56,0.0,32.3,15.1,39.0,0.0,3873.0,0.0,0.0,269,0.0,0.0,-0.0,-43.6,2014-07-26,pass,"counterfactual_common_baseline_relative=max(0,final_yield-null)-I-5N"
YC,Yucheng,2014,DQN,,,dssat_auto,2014,208,57,0.0,33.3,21.3,40.0,0.0,4286.0,0.0,0.0,263,0.0,0.0,-0.0,-43.6,2014-07-27,pass,"counterfactual_common_baseline_relative=max(0,final_yield-null)-I-5N"
YC,Yucheng,2014,DQN,,,dssat_auto,2014,209,58,0.0,32.6,22.0,41.0,0.0,4689.0,0.0,0.0,257,0.0,0.0,-0.0,-43.6,2014-07-28,pass,"counterfactual_common_baseline_relative=max(0,final_yield-null)-I-5N"
YC,Yucheng,2014,DQN,,,dssat_auto,2014,210,59,2.2,33.1,23.4,42.0,0.0,5090.0,0.0,0.0,254,0.0,0.0,-0.0,-43.6,2014-07-29,pass,"counterfactual_common_baseline_relative=max(0,final_yield-null)-I-5N"
YC,Yucheng,2014,DQN,,,dssat_auto,2014,211,60,0.0,29.9,22.6,43.0,0.0,5325.0,0.0,0.0,251,0.0,0.0,-0.0,-43.6,2014-07-30,pass,"counterfactual_common_baseline_relative=max(0,final_yield-null)-I-5N"
YC,Yucheng,2014,DQN,,,dssat_auto,2014,212,61,0.0,32.1,21.9,44.0,0.0,5636.0,0.0,0.0,247,0.0,0.0,-0.0,-43.6,2014-07-31,pass,"counterfactual_common_baseline_relative=max(0,final_yield-null)-I-5N"
YC,Yucheng,2014,DQN,,,dssat_auto,2014,213,62,0.0,32.9,22.1,45.0,0.0,5962.0,0.0,0.0,242,0.0,0.0,-0.0,-43.6,2014-08-01,pass,"counterfactual_common_baseline_relative=max(0,final_yield-null)-I-5N"
YC,Yucheng,2014,DQN,,,dssat_auto,2014,214,63,0.0,34.7,23.6,46.0,0.0,6347.0,0.0,0.0,237,0.0,0.0,-0.0,-43.6,2014-08-02,pass,"counterfactual_common_baseline_relative=max(0,final_yield-null)-I-5N"
YC,Yucheng,2014,DQN,,,dssat_auto,2014,215,64,0.0,35.3,22.7,47.0,0.0,6739.0,0.0,0.009,231,0.0,0.0,-0.0,-43.6,2014-08-03,pass,"counterfactual_common_baseline_relative=max(0,final_yield-null)-I-5N"
YC,Yucheng,2014,DQN,,,dssat_auto,2014,216,65,0.0,35.6,24.0,48.0,0.0,7097.0,0.0,0.029,226,0.0,0.0,-0.0,-43.6,2014-08-04,pass,"counterfactual_common_baseline_relative=max(0,final_yield-null)-I-5N"
YC,Yucheng,2014,DQN,,,dssat_auto,2014,217,66,0.0,29.8,21.7,49.0,0.0,7272.0,0.0,0.047,224,0.0,0.0,-0.0,-43.6,2014-08-05,pass,"counterfactual_common_baseline_relative=max(0,final_yield-null)-I-5N"
YC,Yucheng,2014,DQN,,,dssat_auto,2014,218,67,1.4,28.3,22.4,50.0,0.0,7391.0,0.0,0.061,224,0.0,0.0,-0.0,-43.6,2014-08-06,pass,"counterfactual_common_baseline_relative=max(0,final_yield-null)-I-5N"
YC,Yucheng,2014,DQN,,,dssat_auto,2014,219,68,0.0,30.5,20.0,51.0,0.0,7701.0,0.0,0.064,218,0.0,0.0,-0.0,-43.6,2014-08-07,pass,"counterfactual_common_baseline_relative=max(0,final_yield-null)-I-5N"
YC,Yucheng,2014,DQN,,,dssat_auto,2014,220,69,0.0,30.8,15.6,52.0,0.0,7973.0,0.0,0.064,214,0.0,0.0,-0.0,-43.6,2014-08-08,pass,"counterfactual_common_baseline_relative=max(0,final_yield-null)-I-5N"
YC,Yucheng,2014,DQN,,,dssat_auto,2014,221,70,0.0,27.8,20.3,53.0,0.0,8235.0,0.0,0.071,211,0.0,0.0,-0.0,-43.6,2014-08-09,pass,"counterfactual_common_baseline_relative=max(0,final_yield-null)-I-5N"
YC,Yucheng,2014,DQN,,,dssat_auto,2014,222,71,0.0,31.0,16.9,54.0,0.0,8512.0,0.0,0.075,205,0.0,0.0,-0.0,-43.6,2014-08-10,pass,"counterfactual_common_baseline_relative=max(0,final_yield-null)-I-5N"
YC,Yucheng,2014,DQN,,,dssat_auto,2014,223,72,0.0,32.9,20.0,55.0,0.0,8830.0,0.0,0.078,200,0.0,0.0,-0.0,-43.6,2014-08-11,pass,"counterfactual_common_baseline_relative=max(0,final_yield-null)-I-5N"
YC,Yucheng,2014,DQN,,,dssat_auto,2014,224,73,0.0,32.9,18.1,56.0,0.0,9132.0,0.0,0.077,195,0.0,0.0,-0.0,-43.6,2014-08-12,pass,"counterfactual_common_baseline_relative=max(0,final_yield-null)-I-5N"
YC,Yucheng,2014,DQN,,,dssat_auto,2014,225,74,0.0,29.0,22.4,57.0,0.0,9312.0,0.0,0.078,192,0.0,0.0,-0.0,-43.6,2014-08-13,pass,"counterfactual_common_baseline_relative=max(0,final_yield-null)-I-5N"
YC,Yucheng,2014,DQN,,,dssat_auto,2014,226,75,3.3,30.1,19.6,58.0,0.0,9701.0,0.0,0.077,189,0.0,0.0,-0.0,-43.6,2014-08-14,pass,"counterfactual_common_baseline_relative=max(0,final_yield-null)-I-5N"
YC,Yucheng,2014,DQN,,,dssat_auto,2014,227,76,0.0,31.1,17.8,59.0,0.0,10062.0,0.0,0.07,184,0.0,0.0,-0.0,-43.6,2014-08-15,pass,"counterfactual_common_baseline_relative=max(0,final_yield-null)-I-5N"
YC,Yucheng,2014,DQN,,,dssat_auto,2014,228,77,0.0,31.2,21.5,60.0,0.0,10313.0,0.0,0.067,179,0.0,0.0,-0.0,-43.6,2014-08-16,pass,"counterfactual_common_baseline_relative=max(0,final_yield-null)-I-5N"
YC,Yucheng,2014,DQN,,,dssat_auto,2014,229,78,25.3,26.2,19.8,61.0,0.0,10323.0,0.0,0.063,201,0.0,0.0,-0.0,-43.6,2014-08-17,pass,"counterfactual_common_baseline_relative=max(0,final_yield-null)-I-5N"
YC,Yucheng,2014,DQN,,,dssat_auto,2014,230,79,0.0,27.0,20.4,62.0,0.0,10497.0,0.0,0.056,198,0.0,0.0,-0.0,-43.6,2014-08-18,pass,"counterfactual_common_baseline_relative=max(0,final_yield-null)-I-5N"
YC,Yucheng,2014,DQN,,,dssat_auto,2014,231,80,0.0,30.3,16.9,63.0,0.0,10845.0,0.0,0.044,192,0.0,0.0,-0.0,-43.6,2014-08-19,pass,"counterfactual_common_baseline_relative=max(0,final_yield-null)-I-5N"
YC,Yucheng,2014,DQN,,,dssat_auto,2014,232,81,0.0,30.7,17.6,64.0,0.0,11163.0,0.0,0.033,187,0.0,0.0,-0.0,-43.6,2014-08-20,pass,"counterfactual_common_baseline_relative=max(0,final_yield-null)-I-5N"
YC,Yucheng,2014,DQN,,,dssat_auto,2014,233,82,0.0,31.7,20.1,65.0,0.0,11504.0,0.0,0.023,182,0.0,0.0,-0.0,-43.6,2014-08-21,pass,"counterfactual_common_baseline_relative=max(0,final_yield-null)-I-5N"
YC,Yucheng,2014,DQN,,,dssat_auto,2014,234,83,0.0,31.1,20.7,66.0,0.0,11763.0,0.0,0.011,178,0.0,0.0,-0.0,-43.6,2014-08-22,pass,"counterfactual_common_baseline_relative=max(0,final_yield-null)-I-5N"
YC,Yucheng,2014,DQN,,,dssat_auto,2014,235,84,0.0,29.8,22.8,67.0,265.0,11954.0,0.0,0.0,175,0.0,0.0,-0.0,-43.6,2014-08-23,pass,"counterfactual_common_baseline_relative=max(0,final_yield-null)-I-5N"
YC,Yucheng,2014,DQN,,,dssat_auto,2014,236,85,3.7,28.2,20.3,68.0,531.0,12249.0,0.0,0.006,175,0.0,0.0,-0.0,-43.6,2014-08-24,pass,"counterfactual_common_baseline_relative=max(0,final_yield-null)-I-5N"
YC,Yucheng,2014,DQN,,,dssat_auto,2014,237,86,0.0,31.3,17.6,69.0,796.0,12559.0,0.0,0.006,170,0.0,0.0,-0.0,-43.6,2014-08-25,pass,"counterfactual_common_baseline_relative=max(0,final_yield-null)-I-5N"
YC,Yucheng,2014,DQN,,,dssat_auto,2014,238,87,0.0,32.2,16.0,70.0,1062.0,12824.0,0.0,0.013,165,0.0,0.0,-0.0,-43.6,2014-08-26,pass,"counterfactual_common_baseline_relative=max(0,final_yield-null)-I-5N"
YC,Yucheng,2014,DQN,,,dssat_auto,2014,239,88,0.0,32.0,19.4,71.0,1327.0,13090.0,0.0,0.02,161,0.0,0.0,-0.0,-43.6,2014-08-27,pass,"counterfactual_common_baseline_relative=max(0,final_yield-null)-I-5N"
YC,Yucheng,2014,DQN,,,dssat_auto,2014,240,89,0.0,29.6,20.2,72.0,1593.0,13355.0,0.0,0.026,157,0.0,0.0,-0.0,-43.6,2014-08-28,pass,"counterfactual_common_baseline_relative=max(0,final_yield-null)-I-5N"
YC,Yucheng,2014,DQN,,,dssat_auto,2014,241,90,0.0,30.3,18.1,73.0,1858.0,13621.0,0.0,0.032,153,0.0,0.0,-0.0,-43.6,2014-08-29,pass,"counterfactual_common_baseline_relative=max(0,final_yield-null)-I-5N"
YC,Yucheng,2014,DQN,,,dssat_auto,2014,242,91,0.0,29.5,19.3,74.0,2124.0,13837.0,0.0,0.038,150,0.0,0.0,-0.0,-43.6,2014-08-30,pass,"counterfactual_common_baseline_relative=max(0,final_yield-null)-I-5N"
YC,Yucheng,2014,DQN,,,dssat_auto,2014,243,92,0.0,28.4,19.6,75.0,2389.0,14116.0,0.0,0.045,147,0.0,0.0,-0.0,-43.6,2014-08-31,pass,"counterfactual_common_baseline_relative=max(0,final_yield-null)-I-5N"
YC,Yucheng,2014,DQN,,,dssat_auto,2014,244,93,0.0,29.7,18.9,76.0,2654.0,14389.0,0.0,0.049,186,42.9,0.0,-42.9,-86.5,2014-09-01,pass,"counterfactual_common_baseline_relative=max(0,final_yield-null)-I-5N"
YC,Yucheng,2014,DQN,,,dssat_auto,2014,245,94,4.7,27.1,19.4,77.0,2920.0,14594.0,0.0,0.058,188,0.0,0.0,-0.0,-86.5,2014-09-02,pass,"counterfactual_common_baseline_relative=max(0,final_yield-null)-I-5N"
YC,Yucheng,2014,DQN,,,dssat_auto,2014,246,95,0.0,27.0,17.0,78.0,3185.0,14901.0,0.0,0.069,184,0.0,0.0,-0.0,-86.5,2014-09-03,pass,"counterfactual_common_baseline_relative=max(0,final_yield-null)-I-5N"
YC,Yucheng,2014,DQN,,,dssat_auto,2014,247,96,0.0,29.9,12.7,79.0,3451.0,15213.0,0.0,0.076,179,0.0,0.0,-0.0,-86.5,2014-09-04,pass,"counterfactual_common_baseline_relative=max(0,final_yield-null)-I-5N"
YC,Yucheng,2014,DQN,,,dssat_auto,2014,248,97,0.0,30.1,16.1,80.0,3716.0,15479.0,0.0,0.088,174,0.0,0.0,-0.0,-86.5,2014-09-05,pass,"counterfactual_common_baseline_relative=max(0,final_yield-null)-I-5N"
YC,Yucheng,2014,DQN,,,dssat_auto,2014,249,98,0.0,28.1,16.6,81.0,3982.0,15674.0,0.0,0.101,172,0.0,0.0,-0.0,-86.5,2014-09-06,pass,"counterfactual_common_baseline_relative=max(0,final_yield-null)-I-5N"
YC,Yucheng,2014,DQN,,,dssat_auto,2014,250,99,0.0,28.4,19.8,82.0,4247.0,15843.0,0.0,0.11,169,0.0,0.0,-0.0,-86.5,2014-09-07,pass,"counterfactual_common_baseline_relative=max(0,final_yield-null)-I-5N"
YC,Yucheng,2014,DQN,,,dssat_auto,2014,251,100,0.0,28.7,18.0,83.0,4513.0,16049.0,0.0,0.116,167,0.0,0.0,-0.0,-86.5,2014-09-08,pass,"counterfactual_common_baseline_relative=max(0,final_yield-null)-I-5N"
YC,Yucheng,2014,DQN,,,dssat_auto,2014,252,101,0.0,29.6,19.5,84.0,4778.0,16319.0,0.0,0.12,163,0.0,0.0,-0.0,-86.5,2014-09-09,pass,"counterfactual_common_baseline_relative=max(0,final_yield-null)-I-5N"
YC,Yucheng,2014,DQN,,,dssat_auto,2014,253,102,0.0,30.8,16.7,85.0,5044.0,16591.0,0.0,0.127,160,0.0,0.0,-0.0,-86.5,2014-09-10,pass,"counterfactual_common_baseline_relative=max(0,final_yield-null)-I-5N"
YC,Yucheng,2014,DQN,,,dssat_auto,2014,254,103,0.0,25.6,17.9,86.0,5309.0,16707.0,0.0,0.139,158,0.0,0.0,-0.0,-86.5,2014-09-11,pass,"counterfactual_common_baseline_relative=max(0,final_yield-null)-I-5N"
YC,Yucheng,2014,DQN,,,dssat_auto,2014,255,104,6.4,23.0,15.5,87.0,5574.0,16855.0,0.0,0.154,163,0.0,0.0,-0.0,-86.5,2014-09-12,pass,"counterfactual_common_baseline_relative=max(0,final_yield-null)-I-5N"
YC,Yucheng,2014,DQN,,,dssat_auto,2014,256,105,0.0,28.3,14.1,88.0,5840.0,17147.0,0.0,0.158,158,0.0,0.0,-0.0,-86.5,2014-09-13,pass,"counterfactual_common_baseline_relative=max(0,final_yield-null)-I-5N"
YC,Yucheng,2014,DQN,,,dssat_auto,2014,257,106,0.0,22.9,18.1,89.0,6105.0,17197.0,0.0,0.165,158,0.0,0.0,-0.0,-86.5,2014-09-14,pass,"counterfactual_common_baseline_relative=max(0,final_yield-null)-I-5N"
YC,Yucheng,2014,DQN,,,dssat_auto,2014,258,107,14.5,18.6,16.1,90.0,6371.0,17271.0,0.0,0.183,171,0.0,0.0,-0.0,-86.5,2014-09-15,pass,"counterfactual_common_baseline_relative=max(0,final_yield-null)-I-5N"
YC,Yucheng,2014,DQN,,,dssat_auto,2014,259,108,0.0,19.2,14.8,91.0,6636.0,17317.0,0.0,0.186,170,0.0,0.0,-0.0,-86.5,2014-09-16,pass,"counterfactual_common_baseline_relative=max(0,final_yield-null)-I-5N"
YC,Yucheng,2014,DQN,,,dssat_auto,2014,260,109,33.8,16.4,12.9,92.0,6868.0,17367.0,0.0,0.192,193,0.0,0.0,-0.0,-86.5,2014-09-17,pass,"counterfactual_common_baseline_relative=max(0,final_yield-null)-I-5N"
YC,Yucheng,2014,DQN,,,dssat_auto,2014,261,110,0.0,22.1,14.5,93.0,7133.0,17562.0,0.0,0.192,191,0.0,0.0,-0.0,-86.5,2014-09-18,pass,"counterfactual_common_baseline_relative=max(0,final_yield-null)-I-5N"
YC,Yucheng,2014,DQN,,,dssat_auto,2014,262,111,0.0,25.9,12.0,94.0,7398.0,17840.0,0.0,0.199,187,0.0,0.0,-0.0,-86.5,2014-09-19,pass,"counterfactual_common_baseline_relative=max(0,final_yield-null)-I-5N"
YC,Yucheng,2014,DQN,,,dssat_auto,2014,263,112,0.0,28.0,15.5,95.0,7664.0,18120.0,0.0,0.237,183,0.0,0.0,-0.0,-86.5,2014-09-20,pass,"counterfactual_common_baseline_relative=max(0,final_yield-null)-I-5N"
YC,Yucheng,2014,DQN,,,dssat_auto,2014,264,113,0.0,29.3,15.9,96.0,7929.0,18371.0,0.0,0.293,179,0.0,0.0,-0.0,-86.5,2014-09-21,pass,"counterfactual_common_baseline_relative=max(0,final_yield-null)-I-5N"
YC,Yucheng,2014,DQN,,,dssat_auto,2014,265,114,0.0,29.6,16.4,97.0,8195.0,18599.0,0.0,0.347,175,0.0,0.0,-0.0,-86.5,2014-09-22,pass,"counterfactual_common_baseline_relative=max(0,final_yield-null)-I-5N"
YC,Yucheng,2014,DQN,,,dssat_auto,2014,266,115,0.0,26.5,18.6,98.0,8460.0,18728.0,0.0,0.395,173,0.0,0.0,-0.0,-86.5,2014-09-23,pass,"counterfactual_common_baseline_relative=max(0,final_yield-null)-I-5N"
YC,Yucheng,2014,DQN,,,dssat_auto,2014,267,116,0.0,25.4,19.1,99.0,8558.0,18789.0,0.0,0.436,171,0.0,0.0,-0.0,-86.5,2014-09-24,pass,"counterfactual_common_baseline_relative=max(0,final_yield-null)-I-5N"
YC,Yucheng,2014,DQN,,,dssat_auto,2014,268,117,0.0,26.8,16.7,100.0,8713.0,18945.0,0.0,0.414,168,0.0,0.0,-0.0,-86.5,2014-09-25,pass,"counterfactual_common_baseline_relative=max(0,final_yield-null)-I-5N"
YC,Yucheng,2014,DQN,,,dssat_auto,2014,269,118,0.0,28.1,17.4,101.0,8713.0,18945.0,0.0,0.427,165,0.0,0.0,-0.0,-86.5,2014-09-26,pass,"counterfactual_common_baseline_relative=max(0,final_yield-null)-I-5N"
YC,Yucheng,2014,DQN,,,dssat_auto,2014,270,119,0.0,25.9,19.1,102.0,8713.0,18945.0,0.0,0.427,163,0.0,0.0,-0.0,-86.5,2014-09-27,pass,"counterfactual_common_baseline_relative=max(0,final_yield-null)-I-5N"
YC,Yucheng,2014,DQN,,,dssat_auto,2014,271,120,5.4,21.8,18.7,103.0,8713.0,18945.0,0.0,0.427,168,0.0,0.0,-0.0,-86.5,2014-09-28,pass,"counterfactual_common_baseline_relative=max(0,final_yield-null)-I-5N"
YC,Yucheng,2014,DQN,,,dssat_auto,2014,272,121,0.0,26.6,16.1,104.0,8713.0,18945.0,0.0,0.427,164,0.0,0.0,888.0,801.5,2014-09-29,pass,"counterfactual_common_baseline_relative=max(0,final_yield-null)-I-5N"
YC,Yucheng,2014,DQN,,,official_extension_expert,2014,152,1,0.0,28.2,20.1,0.0,0.0,0.0,0.0,0.0,267,0.0,0.0,-0.0,-0.0,2014-06-01,pass,"counterfactual_common_baseline_relative=max(0,final_yield-null)-I-5N"
YC,Yucheng,2014,DQN,,,official_extension_expert,2014,153,2,0.0,22.7,17.1,0.0,0.0,0.0,0.0,0.0,265,0.0,0.0,-0.0,-0.0,2014-06-02,pass,"counterfactual_common_baseline_relative=max(0,final_yield-null)-I-5N"
YC,Yucheng,2014,DQN,,,official_extension_expert,2014,154,3,0.0,29.8,11.8,0.0,0.0,0.0,0.0,0.0,262,0.0,0.0,-0.0,-0.0,2014-06-03,pass,"counterfactual_common_baseline_relative=max(0,final_yield-null)-I-5N"
YC,Yucheng,2014,DQN,,,official_extension_expert,2014,155,4,0.0,29.7,17.1,0.0,0.0,0.0,0.0,0.0,261,0.0,0.0,-0.0,-0.0,2014-06-04,pass,"counterfactual_common_baseline_relative=max(0,final_yield-null)-I-5N"
YC,Yucheng,2014,DQN,,,official_extension_expert,2014,156,5,0.0,33.0,15.9,0.0,0.0,0.0,0.0,0.0,259,0.0,0.0,-0.0,-0.0,2014-06-05,pass,"counterfactual_common_baseline_relative=max(0,final_yield-null)-I-5N"
YC,Yucheng,2014,DQN,,,official_extension_expert,2014,157,6,0.0,36.5,19.8,0.0,0.0,0.0,0.0,0.0,258,0.0,0.0,-0.0,-0.0,2014-06-06,pass,"counterfactual_common_baseline_relative=max(0,final_yield-null)-I-5N"
YC,Yucheng,2014,DQN,,,official_extension_expert,2014,158,7,15.3,31.5,16.8,0.0,0.0,0.0,0.0,0.0,267,0.0,0.0,-0.0,-0.0,2014-06-07,pass,"counterfactual_common_baseline_relative=max(0,final_yield-null)-I-5N"
YC,Yucheng,2014,DQN,,,official_extension_expert,2014,159,8,0.0,34.4,17.6,0.0,0.0,0.0,0.0,0.0,264,0.0,0.0,-0.0,-0.0,2014-06-08,pass,"counterfactual_common_baseline_relative=max(0,final_yield-null)-I-5N"
YC,Yucheng,2014,DQN,,,official_extension_expert,2014,160,9,0.0,31.7,18.7,0.0,0.0,0.0,0.0,0.0,262,0.0,0.0,-0.0,-0.0,2014-06-09,pass,"counterfactual_common_baseline_relative=max(0,final_yield-null)-I-5N"
YC,Yucheng,2014,DQN,,,official_extension_expert,2014,161,10,0.0,33.3,16.8,0.0,0.0,0.0,0.0,0.0,261,0.0,0.0,-0.0,-0.0,2014-06-10,pass,"counterfactual_common_baseline_relative=max(0,final_yield-null)-I-5N"
YC,Yucheng,2014,DQN,,,official_extension_expert,2014,162,11,10.4,28.7,18.3,0.0,0.0,0.0,0.0,0.0,267,0.0,0.0,-0.0,-0.0,2014-06-11,pass,"counterfactual_common_baseline_relative=max(0,final_yield-null)-I-5N"
YC,Yucheng,2014,DQN,,,official_extension_expert,2014,163,12,0.0,33.4,14.9,0.0,0.0,0.0,0.0,0.0,264,0.0,0.0,-0.0,-0.0,2014-06-12,pass,"counterfactual_common_baseline_relative=max(0,final_yield-null)-I-5N"
YC,Yucheng,2014,DQN,,,official_extension_expert,2014,164,13,0.0,35.0,18.1,0.0,0.0,0.0,0.0,0.0,262,0.0,0.0,-0.0,-0.0,2014-06-13,pass,"counterfactual_common_baseline_relative=max(0,final_yield-null)-I-5N"
YC,Yucheng,2014,DQN,,,official_extension_expert,2014,165,14,0.0,36.2,20.9,0.0,0.0,0.0,0.0,0.0,261,0.0,0.0,-0.0,-0.0,2014-06-14,pass,"counterfactual_common_baseline_relative=max(0,final_yield-null)-I-5N"
YC,Yucheng,2014,DQN,,,official_extension_expert,2014,166,15,0.0,29.6,22.3,0.0,0.0,0.0,0.0,0.0,260,0.0,0.0,-0.0,-0.0,2014-06-15,pass,"counterfactual_common_baseline_relative=max(0,final_yield-null)-I-5N"
YC,Yucheng,2014,DQN,,,official_extension_expert,2014,167,16,0.0,26.0,20.9,0.0,0.0,0.0,0.0,0.0,260,0.0,0.0,-0.0,-0.0,2014-06-16,pass,"counterfactual_common_baseline_relative=max(0,final_yield-null)-I-5N"
YC,Yucheng,2014,DQN,,,official_extension_expert,2014,168,17,0.0,28.7,18.6,0.0,0.0,0.0,0.0,0.0,259,0.0,0.0,-0.0,-0.0,2014-06-17,pass,"counterfactual_common_baseline_relative=max(0,final_yield-null)-I-5N"
YC,Yucheng,2014,DQN,,,official_extension_expert,2014,169,18,0.0,31.0,18.8,1.0,0.0,0.0,0.0,0.0,258,0.0,0.0,-0.0,-0.0,2014-06-18,pass,"counterfactual_common_baseline_relative=max(0,final_yield-null)-I-5N"
YC,Yucheng,2014,DQN,,,official_extension_expert,2014,170,19,43.0,24.5,19.8,2.0,0.0,0.0,0.0,0.0,289,0.0,0.0,-0.0,-0.0,2014-06-19,pass,"counterfactual_common_baseline_relative=max(0,final_yield-null)-I-5N"
YC,Yucheng,2014,DQN,,,official_extension_expert,2014,171,20,22.0,24.7,18.9,3.0,0.0,0.0,0.0,0.0,303,0.0,0.0,-0.0,-0.0,2014-06-20,pass,"counterfactual_common_baseline_relative=max(0,final_yield-null)-I-5N"
YC,Yucheng,2014,DQN,,,official_extension_expert,2014,172,21,0.0,25.7,18.9,4.0,0.0,0.0,0.0,0.0,300,0.0,0.0,-0.0,-0.0,2014-06-21,pass,"counterfactual_common_baseline_relative=max(0,final_yield-null)-I-5N"
YC,Yucheng,2014,DQN,,,official_extension_expert,2014,173,22,0.0,29.3,16.9,5.0,0.0,0.0,0.0,0.0,296,0.0,0.0,-0.0,-0.0,2014-06-22,pass,"counterfactual_common_baseline_relative=max(0,final_yield-null)-I-5N"
YC,Yucheng,2014,DQN,,,official_extension_expert,2014,174,23,4.5,31.5,18.8,6.0,0.0,27.0,0.0,0.012,295,0.0,0.0,-0.0,-0.0,2014-06-23,pass,"counterfactual_common_baseline_relative=max(0,final_yield-null)-I-5N"
YC,Yucheng,2014,DQN,,,official_extension_expert,2014,175,24,0.0,33.2,19.9,7.0,0.0,27.0,0.0,0.013,311,22.5,82.0,-432.5,-432.5,2014-06-24,pass,"counterfactual_common_baseline_relative=max(0,final_yield-null)-I-5N"
YC,Yucheng,2014,DQN,,,official_extension_expert,2014,176,25,0.0,27.9,23.0,8.0,0.0,27.0,0.0,0.007,309,0.0,0.0,-0.0,-432.5,2014-06-25,pass,"counterfactual_common_baseline_relative=max(0,final_yield-null)-I-5N"
YC,Yucheng,2014,DQN,,,official_extension_expert,2014,177,26,0.0,32.4,20.6,9.0,0.0,27.0,0.0,0.0,307,0.0,0.0,-0.0,-432.5,2014-06-26,pass,"counterfactual_common_baseline_relative=max(0,final_yield-null)-I-5N"
YC,Yucheng,2014,DQN,,,official_extension_expert,2014,178,27,0.0,35.2,20.5,10.0,0.0,33.0,0.0,0.0,306,0.0,0.0,-0.0,-432.5,2014-06-27,pass,"counterfactual_common_baseline_relative=max(0,final_yield-null)-I-5N"
YC,Yucheng,2014,DQN,,,official_extension_expert,2014,179,28,0.0,35.7,18.4,11.0,0.0,46.0,0.0,0.0,305,0.0,0.0,-0.0,-432.5,2014-06-28,pass,"counterfactual_common_baseline_relative=max(0,final_yield-null)-I-5N"
YC,Yucheng,2014,DQN,,,official_extension_expert,2014,180,29,0.0,34.4,19.3,12.0,0.0,62.0,0.0,0.0,303,0.0,0.0,-0.0,-432.5,2014-06-29,pass,"counterfactual_common_baseline_relative=max(0,final_yield-null)-I-5N"
YC,Yucheng,2014,DQN,,,official_extension_expert,2014,181,30,4.5,30.9,20.0,13.0,0.0,79.0,0.0,0.0,304,0.0,0.0,-0.0,-432.5,2014-06-30,pass,"counterfactual_common_baseline_relative=max(0,final_yield-null)-I-5N"
YC,Yucheng,2014,DQN,,,official_extension_expert,2014,182,31,2.8,33.7,22.7,14.0,0.0,104.0,0.0,0.0,304,0.0,0.0,-0.0,-432.5,2014-07-01,pass,"counterfactual_common_baseline_relative=max(0,final_yield-null)-I-5N"
YC,Yucheng,2014,DQN,,,official_extension_expert,2014,183,32,0.0,30.9,22.6,15.0,0.0,132.0,0.0,0.0,302,0.0,0.0,-0.0,-432.5,2014-07-02,pass,"counterfactual_common_baseline_relative=max(0,final_yield-null)-I-5N"
YC,Yucheng,2014,DQN,,,official_extension_expert,2014,184,33,0.0,32.6,20.5,16.0,0.0,166.0,0.0,0.0,301,0.0,0.0,-0.0,-432.5,2014-07-03,pass,"counterfactual_common_baseline_relative=max(0,final_yield-null)-I-5N"
YC,Yucheng,2014,DQN,,,official_extension_expert,2014,185,34,5.5,30.8,22.2,17.0,0.0,204.0,0.0,0.0,303,0.0,0.0,-0.0,-432.5,2014-07-04,pass,"counterfactual_common_baseline_relative=max(0,final_yield-null)-I-5N"
YC,Yucheng,2014,DQN,,,official_extension_expert,2014,186,35,0.0,32.3,22.7,18.0,0.0,252.0,0.0,0.0,301,0.0,0.0,-0.0,-432.5,2014-07-05,pass,"counterfactual_common_baseline_relative=max(0,final_yield-null)-I-5N"
YC,Yucheng,2014,DQN,,,official_extension_expert,2014,187,36,0.0,33.8,21.2,19.0,0.0,296.0,0.0,0.0,298,0.0,0.0,-0.0,-432.5,2014-07-06,pass,"counterfactual_common_baseline_relative=max(0,final_yield-null)-I-5N"
YC,Yucheng,2014,DQN,,,official_extension_expert,2014,188,37,0.0,34.0,22.0,20.0,0.0,370.0,0.0,0.006,295,0.0,0.0,-0.0,-432.5,2014-07-07,pass,"counterfactual_common_baseline_relative=max(0,final_yield-null)-I-5N"
YC,Yucheng,2014,DQN,,,official_extension_expert,2014,189,38,0.0,34.7,24.2,21.0,0.0,463.0,0.0,0.0,292,0.0,0.0,-0.0,-432.5,2014-07-08,pass,"counterfactual_common_baseline_relative=max(0,final_yield-null)-I-5N"
YC,Yucheng,2014,DQN,,,official_extension_expert,2014,190,39,0.0,33.7,25.0,22.0,0.0,551.0,0.0,0.0,290,0.0,0.0,-0.0,-432.5,2014-07-09,pass,"counterfactual_common_baseline_relative=max(0,final_yield-null)-I-5N"
YC,Yucheng,2014,DQN,,,official_extension_expert,2014,191,40,0.0,25.1,21.1,23.0,0.0,581.0,0.0,0.0,289,0.0,0.0,-0.0,-432.5,2014-07-10,pass,"counterfactual_common_baseline_relative=max(0,final_yield-null)-I-5N"
YC,Yucheng,2014,DQN,,,official_extension_expert,2014,192,41,0.0,34.7,19.2,24.0,0.0,692.0,0.0,0.0,285,0.0,0.0,-0.0,-432.5,2014-07-11,pass,"counterfactual_common_baseline_relative=max(0,final_yield-null)-I-5N"
YC,Yucheng,2014,DQN,,,official_extension_expert,2014,193,42,0.0,33.7,23.0,25.0,0.0,829.0,0.0,0.0,283,0.0,0.0,-0.0,-432.5,2014-07-12,pass,"counterfactual_common_baseline_relative=max(0,final_yield-null)-I-5N"
YC,Yucheng,2014,DQN,,,official_extension_expert,2014,194,43,0.0,35.1,18.3,26.0,0.0,976.0,0.0,0.0,278,0.0,0.0,-0.0,-432.5,2014-07-13,pass,"counterfactual_common_baseline_relative=max(0,final_yield-null)-I-5N"
YC,Yucheng,2014,DQN,,,official_extension_expert,2014,195,44,0.0,36.5,21.1,27.0,0.0,1146.0,0.0,0.0,273,0.0,0.0,-0.0,-432.5,2014-07-14,pass,"counterfactual_common_baseline_relative=max(0,final_yield-null)-I-5N"
YC,Yucheng,2014,DQN,,,official_extension_expert,2014,196,45,14.0,31.8,20.0,28.0,0.0,1305.0,0.0,0.0,281,0.0,0.0,-0.0,-432.5,2014-07-15,pass,"counterfactual_common_baseline_relative=max(0,final_yield-null)-I-5N"
YC,Yucheng,2014,DQN,,,official_extension_expert,2014,197,46,0.0,33.6,22.1,29.0,0.0,1492.0,0.0,0.0,275,0.0,0.0,-0.0,-432.5,2014-07-16,pass,"counterfactual_common_baseline_relative=max(0,final_yield-null)-I-5N"
YC,Yucheng,2014,DQN,,,official_extension_expert,2014,198,47,0.0,34.5,23.3,30.0,0.0,1702.0,0.0,0.0,306,37.5,41.0,-242.5,-675.0,2014-07-17,pass,"counterfactual_common_baseline_relative=max(0,final_yield-null)-I-5N"
YC,Yucheng,2014,DQN,,,official_extension_expert,2014,199,48,0.0,34.8,24.6,31.0,0.0,1938.0,0.0,0.0,299,0.0,0.0,-0.0,-675.0,2014-07-18,pass,"counterfactual_common_baseline_relative=max(0,final_yield-null)-I-5N"
YC,Yucheng,2014,DQN,,,official_extension_expert,2014,200,49,0.0,36.4,25.0,32.0,0.0,2200.0,0.0,0.0,293,0.0,0.0,-0.0,-675.0,2014-07-19,pass,"counterfactual_common_baseline_relative=max(0,final_yield-null)-I-5N"
YC,Yucheng,2014,DQN,,,official_extension_expert,2014,201,50,0.0,36.4,24.3,33.0,0.0,2482.0,0.0,0.0,286,0.0,0.0,-0.0,-675.0,2014-07-20,pass,"counterfactual_common_baseline_relative=max(0,final_yield-null)-I-5N"
YC,Yucheng,2014,DQN,,,official_extension_expert,2014,202,51,0.0,37.9,28.6,34.0,0.0,2777.0,0.0,0.0,279,0.0,0.0,-0.0,-675.0,2014-07-21,pass,"counterfactual_common_baseline_relative=max(0,final_yield-null)-I-5N"
YC,Yucheng,2014,DQN,,,official_extension_expert,2014,203,52,10.5,30.1,22.3,35.0,0.0,2914.0,0.0,0.0,287,0.0,0.0,-0.0,-675.0,2014-07-22,pass,"counterfactual_common_baseline_relative=max(0,final_yield-null)-I-5N"
YC,Yucheng,2014,DQN,,,official_extension_expert,2014,204,53,0.0,27.9,23.1,36.0,0.0,3058.0,0.0,0.0,285,0.0,0.0,-0.0,-675.0,2014-07-23,pass,"counterfactual_common_baseline_relative=max(0,final_yield-null)-I-5N"
YC,Yucheng,2014,DQN,,,official_extension_expert,2014,205,54,3.2,29.8,21.2,37.0,0.0,3249.0,0.0,0.0,286,0.0,0.0,-0.0,-675.0,2014-07-24,pass,"counterfactual_common_baseline_relative=max(0,final_yield-null)-I-5N"
YC,Yucheng,2014,DQN,,,official_extension_expert,2014,206,55,0.0,29.5,21.1,38.0,0.0,3562.0,0.0,0.0,281,0.0,0.0,-0.0,-675.0,2014-07-25,pass,"counterfactual_common_baseline_relative=max(0,final_yield-null)-I-5N"
YC,Yucheng,2014,DQN,,,official_extension_expert,2014,207,56,0.0,32.3,15.1,39.0,0.0,3874.0,0.0,0.0,275,0.0,0.0,-0.0,-675.0,2014-07-26,pass,"counterfactual_common_baseline_relative=max(0,final_yield-null)-I-5N"
YC,Yucheng,2014,DQN,,,official_extension_expert,2014,208,57,0.0,33.3,21.3,40.0,0.0,4287.0,0.0,0.0,269,0.0,0.0,-0.0,-675.0,2014-07-27,pass,"counterfactual_common_baseline_relative=max(0,final_yield-null)-I-5N"
YC,Yucheng,2014,DQN,,,official_extension_expert,2014,209,58,0.0,32.6,22.0,41.0,0.0,4689.0,0.0,0.0,263,0.0,0.0,-0.0,-675.0,2014-07-28,pass,"counterfactual_common_baseline_relative=max(0,final_yield-null)-I-5N"
YC,Yucheng,2014,DQN,,,official_extension_expert,2014,210,59,2.2,33.1,23.4,42.0,0.0,5091.0,0.0,0.0,260,0.0,0.0,-0.0,-675.0,2014-07-29,pass,"counterfactual_common_baseline_relative=max(0,final_yield-null)-I-5N"
YC,Yucheng,2014,DQN,,,official_extension_expert,2014,211,60,0.0,29.9,22.6,43.0,0.0,5326.0,0.0,0.0,257,0.0,0.0,-0.0,-675.0,2014-07-30,pass,"counterfactual_common_baseline_relative=max(0,final_yield-null)-I-5N"
YC,Yucheng,2014,DQN,,,official_extension_expert,2014,212,61,0.0,32.1,21.9,44.0,0.0,5636.0,0.0,0.0,253,0.0,0.0,-0.0,-675.0,2014-07-31,pass,"counterfactual_common_baseline_relative=max(0,final_yield-null)-I-5N"
YC,Yucheng,2014,DQN,,,official_extension_expert,2014,213,62,0.0,32.9,22.1,45.0,0.0,5963.0,0.0,0.0,297,48.8,56.0,-328.8,-1003.8,2014-08-01,pass,"counterfactual_common_baseline_relative=max(0,final_yield-null)-I-5N"
YC,Yucheng,2014,DQN,,,official_extension_expert,2014,214,63,0.0,34.7,23.6,46.0,0.0,6348.0,0.0,0.0,292,0.0,0.0,-0.0,-1003.8,2014-08-02,pass,"counterfactual_common_baseline_relative=max(0,final_yield-null)-I-5N"
YC,Yucheng,2014,DQN,,,official_extension_expert,2014,215,64,0.0,35.3,22.7,47.0,0.0,6743.0,0.0,0.0,286,0.0,0.0,-0.0,-1003.8,2014-08-03,pass,"counterfactual_common_baseline_relative=max(0,final_yield-null)-I-5N"
YC,Yucheng,2014,DQN,,,official_extension_expert,2014,216,65,0.0,35.6,24.0,48.0,0.0,7112.0,0.0,0.0,281,0.0,0.0,-0.0,-1003.8,2014-08-04,pass,"counterfactual_common_baseline_relative=max(0,final_yield-null)-I-5N"
YC,Yucheng,2014,DQN,,,official_extension_expert,2014,217,66,0.0,29.8,21.7,49.0,0.0,7295.0,0.0,0.0,279,0.0,0.0,-0.0,-1003.8,2014-08-05,pass,"counterfactual_common_baseline_relative=max(0,final_yield-null)-I-5N"
YC,Yucheng,2014,DQN,,,official_extension_expert,2014,218,67,1.4,28.3,22.4,50.0,0.0,7422.0,0.0,0.0,279,0.0,0.0,-0.0,-1003.8,2014-08-06,pass,"counterfactual_common_baseline_relative=max(0,final_yield-null)-I-5N"
YC,Yucheng,2014,DQN,,,official_extension_expert,2014,219,68,0.0,30.5,20.0,51.0,0.0,7791.0,0.0,0.0,273,0.0,0.0,-0.0,-1003.8,2014-08-07,pass,"counterfactual_common_baseline_relative=max(0,final_yield-null)-I-5N"
YC,Yucheng,2014,DQN,,,official_extension_expert,2014,220,69,0.0,30.8,15.6,52.0,0.0,8115.0,0.0,0.0,269,0.0,0.0,-0.0,-1003.8,2014-08-08,pass,"counterfactual_common_baseline_relative=max(0,final_yield-null)-I-5N"
YC,Yucheng,2014,DQN,,,official_extension_expert,2014,221,70,0.0,27.8,20.3,53.0,0.0,8398.0,0.0,0.0,266,0.0,0.0,-0.0,-1003.8,2014-08-09,pass,"counterfactual_common_baseline_relative=max(0,final_yield-null)-I-5N"
YC,Yucheng,2014,DQN,,,official_extension_expert,2014,222,71,0.0,31.0,16.9,54.0,0.0,8739.0,0.0,0.0,260,0.0,0.0,-0.0,-1003.8,2014-08-10,pass,"counterfactual_common_baseline_relative=max(0,final_yield-null)-I-5N"
YC,Yucheng,2014,DQN,,,official_extension_expert,2014,223,72,0.0,32.9,20.0,55.0,0.0,9133.0,0.0,0.0,255,0.0,0.0,-0.0,-1003.8,2014-08-11,pass,"counterfactual_common_baseline_relative=max(0,final_yield-null)-I-5N"
YC,Yucheng,2014,DQN,,,official_extension_expert,2014,224,73,0.0,32.9,18.1,56.0,0.0,9508.0,0.0,0.0,250,0.0,0.0,-0.0,-1003.8,2014-08-12,pass,"counterfactual_common_baseline_relative=max(0,final_yield-null)-I-5N"
YC,Yucheng,2014,DQN,,,official_extension_expert,2014,225,74,0.0,29.0,22.4,57.0,0.0,9707.0,0.0,0.0,247,0.0,0.0,-0.0,-1003.8,2014-08-13,pass,"counterfactual_common_baseline_relative=max(0,final_yield-null)-I-5N"
YC,Yucheng,2014,DQN,,,official_extension_expert,2014,226,75,3.3,30.1,19.6,58.0,0.0,10132.0,0.0,0.0,244,0.0,0.0,-0.0,-1003.8,2014-08-14,pass,"counterfactual_common_baseline_relative=max(0,final_yield-null)-I-5N"
YC,Yucheng,2014,DQN,,,official_extension_expert,2014,227,76,0.0,31.1,17.8,59.0,0.0,10525.0,0.0,0.0,239,0.0,0.0,-0.0,-1003.8,2014-08-15,pass,"counterfactual_common_baseline_relative=max(0,final_yield-null)-I-5N"
YC,Yucheng,2014,DQN,,,official_extension_expert,2014,228,77,0.0,31.2,21.5,60.0,0.0,10799.0,0.0,0.0,283,48.8,34.0,-218.8,-1222.6,2014-08-16,pass,"counterfactual_common_baseline_relative=max(0,final_yield-null)-I-5N"
YC,Yucheng,2014,DQN,,,official_extension_expert,2014,229,78,25.3,26.2,19.8,61.0,0.0,10813.0,0.0,0.0,300,0.0,0.0,-0.0,-1222.6,2014-08-17,pass,"counterfactual_common_baseline_relative=max(0,final_yield-null)-I-5N"
YC,Yucheng,2014,DQN,,,official_extension_expert,2014,230,79,0.0,27.0,20.4,62.0,0.0,11001.0,0.0,0.0,297,0.0,0.0,-0.0,-1222.6,2014-08-18,pass,"counterfactual_common_baseline_relative=max(0,final_yield-null)-I-5N"
YC,Yucheng,2014,DQN,,,official_extension_expert,2014,231,80,0.0,30.3,16.9,63.0,0.0,11368.0,0.0,0.0,292,0.0,0.0,-0.0,-1222.6,2014-08-19,pass,"counterfactual_common_baseline_relative=max(0,final_yield-null)-I-5N"
YC,Yucheng,2014,DQN,,,official_extension_expert,2014,232,81,0.0,30.7,17.6,64.0,0.0,11700.0,0.0,0.0,287,0.0,0.0,-0.0,-1222.6,2014-08-20,pass,"counterfactual_common_baseline_relative=max(0,final_yield-null)-I-5N"
YC,Yucheng,2014,DQN,,,official_extension_expert,2014,233,82,0.0,31.7,20.1,65.0,0.0,12050.0,0.0,0.0,282,0.0,0.0,-0.0,-1222.6,2014-08-21,pass,"counterfactual_common_baseline_relative=max(0,final_yield-null)-I-5N"
YC,Yucheng,2014,DQN,,,official_extension_expert,2014,234,83,0.0,31.1,20.7,66.0,0.0,12312.0,0.0,0.0,277,0.0,0.0,-0.0,-1222.6,2014-08-22,pass,"counterfactual_common_baseline_relative=max(0,final_yield-null)-I-5N"
YC,Yucheng,2014,DQN,,,official_extension_expert,2014,235,84,0.0,29.8,22.8,67.0,278.0,12504.0,0.0,0.0,275,0.0,0.0,-0.0,-1222.6,2014-08-23,pass,"counterfactual_common_baseline_relative=max(0,final_yield-null)-I-5N"
YC,Yucheng,2014,DQN,,,official_extension_expert,2014,236,85,3.7,28.2,20.3,68.0,556.0,12807.0,0.0,0.0,275,0.0,0.0,-0.0,-1222.6,2014-08-24,pass,"counterfactual_common_baseline_relative=max(0,final_yield-null)-I-5N"
YC,Yucheng,2014,DQN,,,official_extension_expert,2014,237,86,0.0,31.3,17.6,69.0,834.0,13147.0,0.0,0.0,270,0.0,0.0,-0.0,-1222.6,2014-08-25,pass,"counterfactual_common_baseline_relative=max(0,final_yield-null)-I-5N"
YC,Yucheng,2014,DQN,,,official_extension_expert,2014,238,87,0.0,32.2,16.0,70.0,1112.0,13425.0,0.0,0.0,265,0.0,0.0,-0.0,-1222.6,2014-08-26,pass,"counterfactual_common_baseline_relative=max(0,final_yield-null)-I-5N"
YC,Yucheng,2014,DQN,,,official_extension_expert,2014,239,88,0.0,32.0,19.4,71.0,1390.0,13703.0,0.0,0.0,260,0.0,0.0,-0.0,-1222.6,2014-08-27,pass,"counterfactual_common_baseline_relative=max(0,final_yield-null)-I-5N"
YC,Yucheng,2014,DQN,,,official_extension_expert,2014,240,89,0.0,29.6,20.2,72.0,1668.0,13981.0,0.0,0.0,257,0.0,0.0,-0.0,-1222.6,2014-08-28,pass,"counterfactual_common_baseline_relative=max(0,final_yield-null)-I-5N"
YC,Yucheng,2014,DQN,,,official_extension_expert,2014,241,90,0.0,30.3,18.1,73.0,1946.0,14259.0,0.0,0.0,252,0.0,0.0,-0.0,-1222.6,2014-08-29,pass,"counterfactual_common_baseline_relative=max(0,final_yield-null)-I-5N"
YC,Yucheng,2014,DQN,,,official_extension_expert,2014,242,91,0.0,29.5,19.3,74.0,2224.0,14484.0,0.0,0.0,250,0.0,0.0,-0.0,-1222.6,2014-08-30,pass,"counterfactual_common_baseline_relative=max(0,final_yield-null)-I-5N"
YC,Yucheng,2014,DQN,,,official_extension_expert,2014,243,92,0.0,28.4,19.6,75.0,2502.0,14777.0,0.0,0.0,246,0.0,0.0,-0.0,-1222.6,2014-08-31,pass,"counterfactual_common_baseline_relative=max(0,final_yield-null)-I-5N"
YC,Yucheng,2014,DQN,,,official_extension_expert,2014,244,93,0.0,29.7,18.9,76.0,2780.0,15063.0,0.0,0.0,243,0.0,0.0,-0.0,-1222.6,2014-09-01,pass,"counterfactual_common_baseline_relative=max(0,final_yield-null)-I-5N"
YC,Yucheng,2014,DQN,,,official_extension_expert,2014,245,94,4.7,27.1,19.4,77.0,3058.0,15282.0,0.0,0.0,245,0.0,0.0,-0.0,-1222.6,2014-09-02,pass,"counterfactual_common_baseline_relative=max(0,final_yield-null)-I-5N"
YC,Yucheng,2014,DQN,,,official_extension_expert,2014,246,95,0.0,27.0,17.0,78.0,3336.0,15609.0,0.0,0.0,241,0.0,0.0,-0.0,-1222.6,2014-09-03,pass,"counterfactual_common_baseline_relative=max(0,final_yield-null)-I-5N"
YC,Yucheng,2014,DQN,,,official_extension_expert,2014,247,96,0.0,29.9,12.7,79.0,3614.0,15927.0,0.0,0.0,236,0.0,0.0,-0.0,-1222.6,2014-09-04,pass,"counterfactual_common_baseline_relative=max(0,final_yield-null)-I-5N"
YC,Yucheng,2014,DQN,,,official_extension_expert,2014,248,97,0.0,30.1,16.1,80.0,3892.0,16205.0,0.0,0.0,272,41.2,34.0,-211.2,-1433.8,2014-09-05,pass,"counterfactual_common_baseline_relative=max(0,final_yield-null)-I-5N"
YC,Yucheng,2014,DQN,,,official_extension_expert,2014,249,98,0.0,28.1,16.6,81.0,4171.0,16423.0,0.0,0.0,270,0.0,0.0,-0.0,-1433.8,2014-09-06,pass,"counterfactual_common_baseline_relative=max(0,final_yield-null)-I-5N"
YC,Yucheng,2014,DQN,,,official_extension_expert,2014,250,99,0.0,28.4,19.8,82.0,4449.0,16615.0,0.0,0.0,268,0.0,0.0,-0.0,-1433.8,2014-09-07,pass,"counterfactual_common_baseline_relative=max(0,final_yield-null)-I-5N"
YC,Yucheng,2014,DQN,,,official_extension_expert,2014,251,100,0.0,28.7,18.0,83.0,4727.0,16849.0,0.0,0.0,265,0.0,0.0,-0.0,-1433.8,2014-09-08,pass,"counterfactual_common_baseline_relative=max(0,final_yield-null)-I-5N"
YC,Yucheng,2014,DQN,,,official_extension_expert,2014,252,101,0.0,29.6,19.5,84.0,5005.0,17145.0,0.0,0.0,262,0.0,0.0,-0.0,-1433.8,2014-09-09,pass,"counterfactual_common_baseline_relative=max(0,final_yield-null)-I-5N"
YC,Yucheng,2014,DQN,,,official_extension_expert,2014,253,102,0.0,30.8,16.7,85.0,5283.0,17445.0,0.0,0.0,258,0.0,0.0,-0.0,-1433.8,2014-09-10,pass,"counterfactual_common_baseline_relative=max(0,final_yield-null)-I-5N"
YC,Yucheng,2014,DQN,,,official_extension_expert,2014,254,103,0.0,25.6,17.9,86.0,5561.0,17580.0,0.0,0.0,256,0.0,0.0,-0.0,-1433.8,2014-09-11,pass,"counterfactual_common_baseline_relative=max(0,final_yield-null)-I-5N"
YC,Yucheng,2014,DQN,,,official_extension_expert,2014,255,104,6.4,23.0,15.5,87.0,5839.0,17756.0,0.0,0.0,261,0.0,0.0,-0.0,-1433.8,2014-09-12,pass,"counterfactual_common_baseline_relative=max(0,final_yield-null)-I-5N"
YC,Yucheng,2014,DQN,,,official_extension_expert,2014,256,105,0.0,28.3,14.1,88.0,6117.0,18084.0,0.0,0.0,257,0.0,0.0,-0.0,-1433.8,2014-09-13,pass,"counterfactual_common_baseline_relative=max(0,final_yield-null)-I-5N"
YC,Yucheng,2014,DQN,,,official_extension_expert,2014,257,106,0.0,22.9,18.1,89.0,6395.0,18144.0,0.0,0.0,256,0.0,0.0,-0.0,-1433.8,2014-09-14,pass,"counterfactual_common_baseline_relative=max(0,final_yield-null)-I-5N"
YC,Yucheng,2014,DQN,,,official_extension_expert,2014,258,107,14.5,18.6,16.1,90.0,6673.0,18235.0,0.0,0.0,267,0.0,0.0,-0.0,-1433.8,2014-09-15,pass,"counterfactual_common_baseline_relative=max(0,final_yield-null)-I-5N"
YC,Yucheng,2014,DQN,,,official_extension_expert,2014,259,108,0.0,19.2,14.8,91.0,6951.0,18292.0,0.0,0.0,267,0.0,0.0,-0.0,-1433.8,2014-09-16,pass,"counterfactual_common_baseline_relative=max(0,final_yield-null)-I-5N"
YC,Yucheng,2014,DQN,,,official_extension_expert,2014,260,109,33.8,16.4,12.9,92.0,7193.0,18348.0,0.0,0.0,288,0.0,0.0,-0.0,-1433.8,2014-09-17,pass,"counterfactual_common_baseline_relative=max(0,final_yield-null)-I-5N"
YC,Yucheng,2014,DQN,,,official_extension_expert,2014,261,110,0.0,22.1,14.5,93.0,7471.0,18586.0,0.0,0.0,286,0.0,0.0,-0.0,-1433.8,2014-09-18,pass,"counterfactual_common_baseline_relative=max(0,final_yield-null)-I-5N"
YC,Yucheng,2014,DQN,,,official_extension_expert,2014,262,111,0.0,25.9,12.0,94.0,7749.0,18887.0,0.0,0.0,283,0.0,0.0,-0.0,-1433.8,2014-09-19,pass,"counterfactual_common_baseline_relative=max(0,final_yield-null)-I-5N"
YC,Yucheng,2014,DQN,,,official_extension_expert,2014,263,112,0.0,28.0,15.5,95.0,8027.0,19197.0,0.0,0.0,279,0.0,0.0,-0.0,-1433.8,2014-09-20,pass,"counterfactual_common_baseline_relative=max(0,final_yield-null)-I-5N"
YC,Yucheng,2014,DQN,,,official_extension_expert,2014,264,113,0.0,29.3,15.9,96.0,8305.0,19499.0,0.0,0.0,275,0.0,0.0,-0.0,-1433.8,2014-09-21,pass,"counterfactual_common_baseline_relative=max(0,final_yield-null)-I-5N"
YC,Yucheng,2014,DQN,,,official_extension_expert,2014,265,114,0.0,29.6,16.4,97.0,8583.0,19798.0,0.0,0.0,271,0.0,0.0,-0.0,-1433.8,2014-09-22,pass,"counterfactual_common_baseline_relative=max(0,final_yield-null)-I-5N"
YC,Yucheng,2014,DQN,,,official_extension_expert,2014,266,115,0.0,26.5,18.6,98.0,8861.0,19998.0,0.0,0.0,268,0.0,0.0,-0.0,-1433.8,2014-09-23,pass,"counterfactual_common_baseline_relative=max(0,final_yield-null)-I-5N"
YC,Yucheng,2014,DQN,,,official_extension_expert,2014,267,116,0.0,25.4,19.1,99.0,9139.0,20193.0,0.0,0.0,266,0.0,0.0,-0.0,-1433.8,2014-09-24,pass,"counterfactual_common_baseline_relative=max(0,final_yield-null)-I-5N"
YC,Yucheng,2014,DQN,,,official_extension_expert,2014,268,117,0.0,26.8,16.7,100.0,9417.0,20481.0,0.0,0.0,293,30.0,0.0,-30.0,-1463.8,2014-09-25,pass,"counterfactual_common_baseline_relative=max(0,final_yield-null)-I-5N"
YC,Yucheng,2014,DQN,,,official_extension_expert,2014,269,118,0.0,28.1,17.4,101.0,9417.0,20481.0,0.0,0.0,290,0.0,0.0,-0.0,-1463.8,2014-09-26,pass,"counterfactual_common_baseline_relative=max(0,final_yield-null)-I-5N"
YC,Yucheng,2014,DQN,,,official_extension_expert,2014,270,119,0.0,25.9,19.1,102.0,9417.0,20481.0,0.0,0.0,288,0.0,0.0,-0.0,-1463.8,2014-09-27,pass,"counterfactual_common_baseline_relative=max(0,final_yield-null)-I-5N"
YC,Yucheng,2014,DQN,,,official_extension_expert,2014,271,120,5.4,21.8,18.7,103.0,9417.0,20481.0,0.0,0.0,293,0.0,0.0,-0.0,-1463.8,2014-09-28,pass,"counterfactual_common_baseline_relative=max(0,final_yield-null)-I-5N"
YC,Yucheng,2014,DQN,,,official_extension_expert,2014,272,121,0.0,26.6,16.1,104.0,9417.0,20481.0,0.0,0.0,289,0.0,0.0,1592.0,128.20000000000005,2014-09-29,pass,"counterfactual_common_baseline_relative=max(0,final_yield-null)-I-5N"
YC,Yucheng,2014,DQN,0.0,5000.0,rl_candidate,2014,152,1,0.0,28.2,20.1,0.0,0.0,0.0,0.0,0.0,267,0.0,0.0,-0.0,-0.0,2014-06-01,pass,"counterfactual_common_baseline_relative=max(0,final_yield-null)-I-5N"
YC,Yucheng,2014,DQN,0.0,5000.0,rl_candidate,2014,153,2,0.0,22.7,17.1,0.0,0.0,0.0,0.0,0.0,265,0.0,0.0,-0.0,-0.0,2014-06-02,pass,"counterfactual_common_baseline_relative=max(0,final_yield-null)-I-5N"
YC,Yucheng,2014,DQN,0.0,5000.0,rl_candidate,2014,154,3,0.0,29.8,11.8,0.0,0.0,0.0,0.0,0.0,262,0.0,0.0,-0.0,-0.0,2014-06-03,pass,"counterfactual_common_baseline_relative=max(0,final_yield-null)-I-5N"
YC,Yucheng,2014,DQN,0.0,5000.0,rl_candidate,2014,155,4,0.0,29.7,17.1,0.0,0.0,0.0,0.0,0.0,261,0.0,0.0,-0.0,-0.0,2014-06-04,pass,"counterfactual_common_baseline_relative=max(0,final_yield-null)-I-5N"
YC,Yucheng,2014,DQN,0.0,5000.0,rl_candidate,2014,156,5,0.0,33.0,15.9,0.0,0.0,0.0,0.0,0.0,259,0.0,0.0,-0.0,-0.0,2014-06-05,pass,"counterfactual_common_baseline_relative=max(0,final_yield-null)-I-5N"
YC,Yucheng,2014,DQN,0.0,5000.0,rl_candidate,2014,157,6,0.0,36.5,19.8,0.0,0.0,0.0,0.0,0.0,258,0.0,0.0,-0.0,-0.0,2014-06-06,pass,"counterfactual_common_baseline_relative=max(0,final_yield-null)-I-5N"
YC,Yucheng,2014,DQN,0.0,5000.0,rl_candidate,2014,158,7,15.3,31.5,16.8,0.0,0.0,0.0,0.0,0.0,267,0.0,0.0,-0.0,-0.0,2014-06-07,pass,"counterfactual_common_baseline_relative=max(0,final_yield-null)-I-5N"
YC,Yucheng,2014,DQN,0.0,5000.0,rl_candidate,2014,159,8,0.0,34.4,17.6,0.0,0.0,0.0,0.0,0.0,264,0.0,0.0,-0.0,-0.0,2014-06-08,pass,"counterfactual_common_baseline_relative=max(0,final_yield-null)-I-5N"
YC,Yucheng,2014,DQN,0.0,5000.0,rl_candidate,2014,160,9,0.0,31.7,18.7,0.0,0.0,0.0,0.0,0.0,262,0.0,0.0,-0.0,-0.0,2014-06-09,pass,"counterfactual_common_baseline_relative=max(0,final_yield-null)-I-5N"
YC,Yucheng,2014,DQN,0.0,5000.0,rl_candidate,2014,161,10,0.0,33.3,16.8,0.0,0.0,0.0,0.0,0.0,261,0.0,0.0,-0.0,-0.0,2014-06-10,pass,"counterfactual_common_baseline_relative=max(0,final_yield-null)-I-5N"
YC,Yucheng,2014,DQN,0.0,5000.0,rl_candidate,2014,162,11,10.4,28.7,18.3,0.0,0.0,0.0,0.0,0.0,267,0.0,0.0,-0.0,-0.0,2014-06-11,pass,"counterfactual_common_baseline_relative=max(0,final_yield-null)-I-5N"
YC,Yucheng,2014,DQN,0.0,5000.0,rl_candidate,2014,163,12,0.0,33.4,14.9,0.0,0.0,0.0,0.0,0.0,264,0.0,0.0,-0.0,-0.0,2014-06-12,pass,"counterfactual_common_baseline_relative=max(0,final_yield-null)-I-5N"
YC,Yucheng,2014,DQN,0.0,5000.0,rl_candidate,2014,164,13,0.0,35.0,18.1,0.0,0.0,0.0,0.0,0.0,262,0.0,0.0,-0.0,-0.0,2014-06-13,pass,"counterfactual_common_baseline_relative=max(0,final_yield-null)-I-5N"
YC,Yucheng,2014,DQN,0.0,5000.0,rl_candidate,2014,165,14,0.0,36.2,20.9,0.0,0.0,0.0,0.0,0.0,261,0.0,0.0,-0.0,-0.0,2014-06-14,pass,"counterfactual_common_baseline_relative=max(0,final_yield-null)-I-5N"
YC,Yucheng,2014,DQN,0.0,5000.0,rl_candidate,2014,166,15,0.0,29.6,22.3,0.0,0.0,0.0,0.0,0.0,260,0.0,0.0,-0.0,-0.0,2014-06-15,pass,"counterfactual_common_baseline_relative=max(0,final_yield-null)-I-5N"
YC,Yucheng,2014,DQN,0.0,5000.0,rl_candidate,2014,167,16,0.0,26.0,20.9,0.0,0.0,0.0,0.0,0.0,260,0.0,0.0,-0.0,-0.0,2014-06-16,pass,"counterfactual_common_baseline_relative=max(0,final_yield-null)-I-5N"
YC,Yucheng,2014,DQN,0.0,5000.0,rl_candidate,2014,168,17,0.0,28.7,18.6,0.0,0.0,0.0,0.0,0.0,259,0.0,0.0,-0.0,-0.0,2014-06-17,pass,"counterfactual_common_baseline_relative=max(0,final_yield-null)-I-5N"
YC,Yucheng,2014,DQN,0.0,5000.0,rl_candidate,2014,169,18,0.0,31.0,18.8,1.0,0.0,0.0,0.0,0.0,269,15.0,50.0,-265.0,-265.0,2014-06-18,pass,"counterfactual_common_baseline_relative=max(0,final_yield-null)-I-5N"
YC,Yucheng,2014,DQN,0.0,5000.0,rl_candidate,2014,170,19,43.0,24.5,19.8,2.0,0.0,0.0,0.0,0.0,297,0.0,0.0,-0.0,-265.0,2014-06-19,pass,"counterfactual_common_baseline_relative=max(0,final_yield-null)-I-5N"
YC,Yucheng,2014,DQN,0.0,5000.0,rl_candidate,2014,171,20,22.0,24.7,18.9,3.0,0.0,0.0,0.0,0.0,311,0.0,0.0,-0.0,-265.0,2014-06-20,pass,"counterfactual_common_baseline_relative=max(0,final_yield-null)-I-5N"
YC,Yucheng,2014,DQN,0.0,5000.0,rl_candidate,2014,172,21,0.0,25.7,18.9,4.0,0.0,0.0,0.0,0.0,309,0.0,0.0,-0.0,-265.0,2014-06-21,pass,"counterfactual_common_baseline_relative=max(0,final_yield-null)-I-5N"
YC,Yucheng,2014,DQN,0.0,5000.0,rl_candidate,2014,173,22,0.0,29.3,16.9,5.0,0.0,0.0,0.0,0.0,304,0.0,0.0,-0.0,-265.0,2014-06-22,pass,"counterfactual_common_baseline_relative=max(0,final_yield-null)-I-5N"
YC,Yucheng,2014,DQN,0.0,5000.0,rl_candidate,2014,174,23,4.5,31.5,18.8,6.0,0.0,27.0,0.0,0.012,304,0.0,0.0,-0.0,-265.0,2014-06-23,pass,"counterfactual_common_baseline_relative=max(0,final_yield-null)-I-5N"
YC,Yucheng,2014,DQN,0.0,5000.0,rl_candidate,2014,175,24,0.0,33.2,19.9,7.0,0.0,27.0,0.0,0.013,303,0.0,0.0,-0.0,-265.0,2014-06-24,pass,"counterfactual_common_baseline_relative=max(0,final_yield-null)-I-5N"
YC,Yucheng,2014,DQN,0.0,5000.0,rl_candidate,2014,176,25,0.0,27.9,23.0,8.0,0.0,27.0,0.0,0.007,301,0.0,0.0,-0.0,-265.0,2014-06-25,pass,"counterfactual_common_baseline_relative=max(0,final_yield-null)-I-5N"
YC,Yucheng,2014,DQN,0.0,5000.0,rl_candidate,2014,177,26,0.0,32.4,20.6,9.0,0.0,27.0,0.0,0.0,325,30.0,50.0,-280.0,-545.0,2014-06-26,pass,"counterfactual_common_baseline_relative=max(0,final_yield-null)-I-5N"
YC,Yucheng,2014,DQN,0.0,5000.0,rl_candidate,2014,178,27,0.0,35.2,20.5,10.0,0.0,33.0,0.0,0.0,322,0.0,0.0,-0.0,-545.0,2014-06-27,pass,"counterfactual_common_baseline_relative=max(0,final_yield-null)-I-5N"
YC,Yucheng,2014,DQN,0.0,5000.0,rl_candidate,2014,179,28,0.0,35.7,18.4,11.0,0.0,46.0,0.0,0.0,320,0.0,0.0,-0.0,-545.0,2014-06-28,pass,"counterfactual_common_baseline_relative=max(0,final_yield-null)-I-5N"
YC,Yucheng,2014,DQN,0.0,5000.0,rl_candidate,2014,180,29,0.0,34.4,19.3,12.0,0.0,62.0,0.0,0.0,319,0.0,0.0,-0.0,-545.0,2014-06-29,pass,"counterfactual_common_baseline_relative=max(0,final_yield-null)-I-5N"
YC,Yucheng,2014,DQN,0.0,5000.0,rl_candidate,2014,181,30,4.5,30.9,20.0,13.0,0.0,79.0,0.0,0.0,319,0.0,0.0,-0.0,-545.0,2014-06-30,pass,"counterfactual_common_baseline_relative=max(0,final_yield-null)-I-5N"
YC,Yucheng,2014,DQN,0.0,5000.0,rl_candidate,2014,182,31,2.8,33.7,22.7,14.0,0.0,104.0,0.0,0.0,319,0.0,0.0,-0.0,-545.0,2014-07-01,pass,"counterfactual_common_baseline_relative=max(0,final_yield-null)-I-5N"
YC,Yucheng,2014,DQN,0.0,5000.0,rl_candidate,2014,183,32,0.0,30.9,22.6,15.0,0.0,132.0,0.0,0.0,317,0.0,0.0,-0.0,-545.0,2014-07-02,pass,"counterfactual_common_baseline_relative=max(0,final_yield-null)-I-5N"
YC,Yucheng,2014,DQN,0.0,5000.0,rl_candidate,2014,184,33,0.0,32.6,20.5,16.0,0.0,165.0,0.0,0.0,315,0.0,0.0,-0.0,-545.0,2014-07-03,pass,"counterfactual_common_baseline_relative=max(0,final_yield-null)-I-5N"
YC,Yucheng,2014,DQN,0.0,5000.0,rl_candidate,2014,185,34,5.5,30.8,22.2,17.0,0.0,204.0,0.0,0.0,318,0.0,0.0,-0.0,-545.0,2014-07-04,pass,"counterfactual_common_baseline_relative=max(0,final_yield-null)-I-5N"
YC,Yucheng,2014,DQN,0.0,5000.0,rl_candidate,2014,186,35,0.0,32.3,22.7,18.0,0.0,252.0,0.0,0.0,315,0.0,0.0,-0.0,-545.0,2014-07-05,pass,"counterfactual_common_baseline_relative=max(0,final_yield-null)-I-5N"
YC,Yucheng,2014,DQN,0.0,5000.0,rl_candidate,2014,187,36,0.0,33.8,21.2,19.0,0.0,296.0,0.0,0.0,312,0.0,0.0,-0.0,-545.0,2014-07-06,pass,"counterfactual_common_baseline_relative=max(0,final_yield-null)-I-5N"
YC,Yucheng,2014,DQN,0.0,5000.0,rl_candidate,2014,188,37,0.0,34.0,22.0,20.0,0.0,370.0,0.0,0.006,310,0.0,0.0,-0.0,-545.0,2014-07-07,pass,"counterfactual_common_baseline_relative=max(0,final_yield-null)-I-5N"
YC,Yucheng,2014,DQN,0.0,5000.0,rl_candidate,2014,189,38,0.0,34.7,24.2,21.0,0.0,463.0,0.0,0.0,307,0.0,0.0,-0.0,-545.0,2014-07-08,pass,"counterfactual_common_baseline_relative=max(0,final_yield-null)-I-5N"
YC,Yucheng,2014,DQN,0.0,5000.0,rl_candidate,2014,190,39,0.0,33.7,25.0,22.0,0.0,551.0,0.0,0.0,304,0.0,0.0,-0.0,-545.0,2014-07-09,pass,"counterfactual_common_baseline_relative=max(0,final_yield-null)-I-5N"
YC,Yucheng,2014,DQN,0.0,5000.0,rl_candidate,2014,191,40,0.0,25.1,21.1,23.0,0.0,581.0,0.0,0.0,303,0.0,0.0,-0.0,-545.0,2014-07-10,pass,"counterfactual_common_baseline_relative=max(0,final_yield-null)-I-5N"
YC,Yucheng,2014,DQN,0.0,5000.0,rl_candidate,2014,192,41,0.0,34.7,19.2,24.0,0.0,692.0,0.0,0.0,299,0.0,0.0,-0.0,-545.0,2014-07-11,pass,"counterfactual_common_baseline_relative=max(0,final_yield-null)-I-5N"
YC,Yucheng,2014,DQN,0.0,5000.0,rl_candidate,2014,193,42,0.0,33.7,23.0,25.0,0.0,829.0,0.0,0.0,297,0.0,0.0,-0.0,-545.0,2014-07-12,pass,"counterfactual_common_baseline_relative=max(0,final_yield-null)-I-5N"
YC,Yucheng,2014,DQN,0.0,5000.0,rl_candidate,2014,194,43,0.0,35.1,18.3,26.0,0.0,976.0,0.0,0.0,292,0.0,0.0,-0.0,-545.0,2014-07-13,pass,"counterfactual_common_baseline_relative=max(0,final_yield-null)-I-5N"
YC,Yucheng,2014,DQN,0.0,5000.0,rl_candidate,2014,195,44,0.0,36.5,21.1,27.0,0.0,1146.0,0.0,0.0,287,0.0,0.0,-0.0,-545.0,2014-07-14,pass,"counterfactual_common_baseline_relative=max(0,final_yield-null)-I-5N"
YC,Yucheng,2014,DQN,0.0,5000.0,rl_candidate,2014,196,45,14.0,31.8,20.0,28.0,0.0,1304.0,0.0,0.0,295,0.0,0.0,-0.0,-545.0,2014-07-15,pass,"counterfactual_common_baseline_relative=max(0,final_yield-null)-I-5N"
YC,Yucheng,2014,DQN,0.0,5000.0,rl_candidate,2014,197,46,0.0,33.6,22.1,29.0,0.0,1491.0,0.0,0.0,290,0.0,0.0,-0.0,-545.0,2014-07-16,pass,"counterfactual_common_baseline_relative=max(0,final_yield-null)-I-5N"
YC,Yucheng,2014,DQN,0.0,5000.0,rl_candidate,2014,198,47,0.0,34.5,23.3,30.0,0.0,1702.0,0.0,0.0,283,0.0,0.0,-0.0,-545.0,2014-07-17,pass,"counterfactual_common_baseline_relative=max(0,final_yield-null)-I-5N"
YC,Yucheng,2014,DQN,0.0,5000.0,rl_candidate,2014,199,48,0.0,34.8,24.6,31.0,0.0,1937.0,0.0,0.0,276,0.0,0.0,-0.0,-545.0,2014-07-18,pass,"counterfactual_common_baseline_relative=max(0,final_yield-null)-I-5N"
YC,Yucheng,2014,DQN,0.0,5000.0,rl_candidate,2014,200,49,0.0,36.4,25.0,32.0,0.0,2201.0,0.0,0.0,270,0.0,0.0,-0.0,-545.0,2014-07-19,pass,"counterfactual_common_baseline_relative=max(0,final_yield-null)-I-5N"
YC,Yucheng,2014,DQN,0.0,5000.0,rl_candidate,2014,201,50,0.0,36.4,24.3,33.0,0.0,2483.0,0.0,0.0,263,0.0,0.0,-0.0,-545.0,2014-07-20,pass,"counterfactual_common_baseline_relative=max(0,final_yield-null)-I-5N"
YC,Yucheng,2014,DQN,0.0,5000.0,rl_candidate,2014,202,51,0.0,37.9,28.6,34.0,0.0,2778.0,0.0,0.0,256,0.0,0.0,-0.0,-545.0,2014-07-21,pass,"counterfactual_common_baseline_relative=max(0,final_yield-null)-I-5N"
YC,Yucheng,2014,DQN,0.0,5000.0,rl_candidate,2014,203,52,10.5,30.1,22.3,35.0,0.0,2915.0,0.0,0.0,265,0.0,0.0,-0.0,-545.0,2014-07-22,pass,"counterfactual_common_baseline_relative=max(0,final_yield-null)-I-5N"
YC,Yucheng,2014,DQN,0.0,5000.0,rl_candidate,2014,204,53,0.0,27.9,23.1,36.0,0.0,3059.0,0.0,0.0,263,0.0,0.0,-0.0,-545.0,2014-07-23,pass,"counterfactual_common_baseline_relative=max(0,final_yield-null)-I-5N"
YC,Yucheng,2014,DQN,0.0,5000.0,rl_candidate,2014,205,54,3.2,29.8,21.2,37.0,0.0,3250.0,0.0,0.0,263,0.0,0.0,-0.0,-545.0,2014-07-24,pass,"counterfactual_common_baseline_relative=max(0,final_yield-null)-I-5N"
YC,Yucheng,2014,DQN,0.0,5000.0,rl_candidate,2014,206,55,0.0,29.5,21.1,38.0,0.0,3572.0,0.0,0.0,258,0.0,0.0,-0.0,-545.0,2014-07-25,pass,"counterfactual_common_baseline_relative=max(0,final_yield-null)-I-5N"
YC,Yucheng,2014,DQN,0.0,5000.0,rl_candidate,2014,207,56,0.0,32.3,15.1,39.0,0.0,3883.0,0.0,0.0,252,0.0,0.0,-0.0,-545.0,2014-07-26,pass,"counterfactual_common_baseline_relative=max(0,final_yield-null)-I-5N"
YC,Yucheng,2014,DQN,0.0,5000.0,rl_candidate,2014,208,57,0.0,33.3,21.3,40.0,0.0,4297.0,0.0,0.0,246,0.0,0.0,-0.0,-545.0,2014-07-27,pass,"counterfactual_common_baseline_relative=max(0,final_yield-null)-I-5N"
YC,Yucheng,2014,DQN,0.0,5000.0,rl_candidate,2014,209,58,0.0,32.6,22.0,41.0,0.0,4699.0,0.0,0.0,241,0.0,0.0,-0.0,-545.0,2014-07-28,pass,"counterfactual_common_baseline_relative=max(0,final_yield-null)-I-5N"
YC,Yucheng,2014,DQN,0.0,5000.0,rl_candidate,2014,210,59,2.2,33.1,23.4,42.0,0.0,5101.0,0.0,0.0,237,0.0,0.0,-0.0,-545.0,2014-07-29,pass,"counterfactual_common_baseline_relative=max(0,final_yield-null)-I-5N"
YC,Yucheng,2014,DQN,0.0,5000.0,rl_candidate,2014,211,60,0.0,29.9,22.6,43.0,0.0,5336.0,0.0,0.0,249,15.0,0.0,-15.0,-560.0,2014-07-30,pass,"counterfactual_common_baseline_relative=max(0,final_yield-null)-I-5N"
YC,Yucheng,2014,DQN,0.0,5000.0,rl_candidate,2014,212,61,0.0,32.1,21.9,44.0,0.0,5646.0,0.0,0.0,245,0.0,0.0,-0.0,-560.0,2014-07-31,pass,"counterfactual_common_baseline_relative=max(0,final_yield-null)-I-5N"
YC,Yucheng,2014,DQN,0.0,5000.0,rl_candidate,2014,213,62,0.0,32.9,22.1,45.0,0.0,5973.0,0.0,0.0,241,0.0,0.0,-0.0,-560.0,2014-08-01,pass,"counterfactual_common_baseline_relative=max(0,final_yield-null)-I-5N"
YC,Yucheng,2014,DQN,0.0,5000.0,rl_candidate,2014,214,63,0.0,34.7,23.6,46.0,0.0,6358.0,0.0,0.0,235,0.0,0.0,-0.0,-560.0,2014-08-02,pass,"counterfactual_common_baseline_relative=max(0,final_yield-null)-I-5N"
YC,Yucheng,2014,DQN,0.0,5000.0,rl_candidate,2014,215,64,0.0,35.3,22.7,47.0,0.0,6754.0,0.0,0.0,230,0.0,0.0,-0.0,-560.0,2014-08-03,pass,"counterfactual_common_baseline_relative=max(0,final_yield-null)-I-5N"
YC,Yucheng,2014,DQN,0.0,5000.0,rl_candidate,2014,216,65,0.0,35.6,24.0,48.0,0.0,7122.0,0.0,0.0,225,0.0,0.0,-0.0,-560.0,2014-08-04,pass,"counterfactual_common_baseline_relative=max(0,final_yield-null)-I-5N"
YC,Yucheng,2014,DQN,0.0,5000.0,rl_candidate,2014,217,66,0.0,29.8,21.7,49.0,0.0,7306.0,0.0,0.0,222,0.0,0.0,-0.0,-560.0,2014-08-05,pass,"counterfactual_common_baseline_relative=max(0,final_yield-null)-I-5N"
YC,Yucheng,2014,DQN,0.0,5000.0,rl_candidate,2014,218,67,1.4,28.3,22.4,50.0,0.0,7433.0,0.0,0.0,222,0.0,0.0,-0.0,-560.0,2014-08-06,pass,"counterfactual_common_baseline_relative=max(0,final_yield-null)-I-5N"
YC,Yucheng,2014,DQN,0.0,5000.0,rl_candidate,2014,219,68,0.0,30.5,20.0,51.0,0.0,7801.0,0.0,0.0,217,0.0,0.0,-0.0,-560.0,2014-08-07,pass,"counterfactual_common_baseline_relative=max(0,final_yield-null)-I-5N"
YC,Yucheng,2014,DQN,0.0,5000.0,rl_candidate,2014,220,69,0.0,30.8,15.6,52.0,0.0,8126.0,0.0,0.0,228,15.0,0.0,-15.0,-575.0,2014-08-08,pass,"counterfactual_common_baseline_relative=max(0,final_yield-null)-I-5N"
YC,Yucheng,2014,DQN,0.0,5000.0,rl_candidate,2014,221,70,0.0,27.8,20.3,53.0,0.0,8409.0,0.0,0.0,224,0.0,0.0,-0.0,-575.0,2014-08-09,pass,"counterfactual_common_baseline_relative=max(0,final_yield-null)-I-5N"
YC,Yucheng,2014,DQN,0.0,5000.0,rl_candidate,2014,222,71,0.0,31.0,16.9,54.0,0.0,8750.0,0.0,0.0,219,0.0,0.0,-0.0,-575.0,2014-08-10,pass,"counterfactual_common_baseline_relative=max(0,final_yield-null)-I-5N"
YC,Yucheng,2014,DQN,0.0,5000.0,rl_candidate,2014,223,72,0.0,32.9,20.0,55.0,0.0,9143.0,0.0,0.0,214,0.0,0.0,-0.0,-575.0,2014-08-11,pass,"counterfactual_common_baseline_relative=max(0,final_yield-null)-I-5N"
YC,Yucheng,2014,DQN,0.0,5000.0,rl_candidate,2014,224,73,0.0,32.9,18.1,56.0,0.0,9519.0,0.0,0.0,208,0.0,0.0,-0.0,-575.0,2014-08-12,pass,"counterfactual_common_baseline_relative=max(0,final_yield-null)-I-5N"
YC,Yucheng,2014,DQN,0.0,5000.0,rl_candidate,2014,225,74,0.0,29.0,22.4,57.0,0.0,9717.0,0.0,0.0,205,0.0,0.0,-0.0,-575.0,2014-08-13,pass,"counterfactual_common_baseline_relative=max(0,final_yield-null)-I-5N"
YC,Yucheng,2014,DQN,0.0,5000.0,rl_candidate,2014,226,75,3.3,30.1,19.6,58.0,0.0,10143.0,0.0,0.0,203,0.0,0.0,-0.0,-575.0,2014-08-14,pass,"counterfactual_common_baseline_relative=max(0,final_yield-null)-I-5N"
YC,Yucheng,2014,DQN,0.0,5000.0,rl_candidate,2014,227,76,0.0,31.1,17.8,59.0,0.0,10536.0,0.0,0.0,212,15.0,0.0,-15.0,-590.0,2014-08-15,pass,"counterfactual_common_baseline_relative=max(0,final_yield-null)-I-5N"
YC,Yucheng,2014,DQN,0.0,5000.0,rl_candidate,2014,228,77,0.0,31.2,21.5,60.0,0.0,10809.0,0.0,0.0,208,0.0,0.0,-0.0,-590.0,2014-08-16,pass,"counterfactual_common_baseline_relative=max(0,final_yield-null)-I-5N"
YC,Yucheng,2014,DQN,0.0,5000.0,rl_candidate,2014,229,78,25.3,26.2,19.8,61.0,0.0,10824.0,0.0,0.0,227,0.0,0.0,-0.0,-590.0,2014-08-17,pass,"counterfactual_common_baseline_relative=max(0,final_yield-null)-I-5N"
YC,Yucheng,2014,DQN,0.0,5000.0,rl_candidate,2014,230,79,0.0,27.0,20.4,62.0,0.0,11012.0,0.0,0.0,224,0.0,0.0,-0.0,-590.0,2014-08-18,pass,"counterfactual_common_baseline_relative=max(0,final_yield-null)-I-5N"
YC,Yucheng,2014,DQN,0.0,5000.0,rl_candidate,2014,231,80,0.0,30.3,16.9,63.0,0.0,11378.0,0.0,0.0,219,0.0,0.0,-0.0,-590.0,2014-08-19,pass,"counterfactual_common_baseline_relative=max(0,final_yield-null)-I-5N"
YC,Yucheng,2014,DQN,0.0,5000.0,rl_candidate,2014,232,81,0.0,30.7,17.6,64.0,0.0,11710.0,0.0,0.0,214,0.0,0.0,-0.0,-590.0,2014-08-20,pass,"counterfactual_common_baseline_relative=max(0,final_yield-null)-I-5N"
YC,Yucheng,2014,DQN,0.0,5000.0,rl_candidate,2014,233,82,0.0,31.7,20.1,65.0,0.0,12060.0,0.0,0.0,208,0.0,0.0,-0.0,-590.0,2014-08-21,pass,"counterfactual_common_baseline_relative=max(0,final_yield-null)-I-5N"
YC,Yucheng,2014,DQN,0.0,5000.0,rl_candidate,2014,234,83,0.0,31.1,20.7,66.0,0.0,12323.0,0.0,0.0,219,15.0,0.0,-15.0,-605.0,2014-08-22,pass,"counterfactual_common_baseline_relative=max(0,final_yield-null)-I-5N"
YC,Yucheng,2014,DQN,0.0,5000.0,rl_candidate,2014,235,84,0.0,29.8,22.8,67.0,278.0,12514.0,0.0,0.0,217,0.0,0.0,-0.0,-605.0,2014-08-23,pass,"counterfactual_common_baseline_relative=max(0,final_yield-null)-I-5N"
YC,Yucheng,2014,DQN,0.0,5000.0,rl_candidate,2014,236,85,3.7,28.2,20.3,68.0,556.0,12817.0,0.0,0.0,217,0.0,0.0,-0.0,-605.0,2014-08-24,pass,"counterfactual_common_baseline_relative=max(0,final_yield-null)-I-5N"
YC,Yucheng,2014,DQN,0.0,5000.0,rl_candidate,2014,237,86,0.0,31.3,17.6,69.0,834.0,13157.0,0.0,0.0,211,0.0,0.0,-0.0,-605.0,2014-08-25,pass,"counterfactual_common_baseline_relative=max(0,final_yield-null)-I-5N"
YC,Yucheng,2014,DQN,0.0,5000.0,rl_candidate,2014,238,87,0.0,32.2,16.0,70.0,1112.0,13435.0,0.0,0.0,207,0.0,0.0,-0.0,-605.0,2014-08-26,pass,"counterfactual_common_baseline_relative=max(0,final_yield-null)-I-5N"
YC,Yucheng,2014,DQN,0.0,5000.0,rl_candidate,2014,239,88,0.0,32.0,19.4,71.0,1390.0,13713.0,0.0,0.0,202,0.0,0.0,-0.0,-605.0,2014-08-27,pass,"counterfactual_common_baseline_relative=max(0,final_yield-null)-I-5N"
YC,Yucheng,2014,DQN,0.0,5000.0,rl_candidate,2014,240,89,0.0,29.6,20.2,72.0,1668.0,13991.0,0.0,0.0,199,0.0,0.0,-0.0,-605.0,2014-08-28,pass,"counterfactual_common_baseline_relative=max(0,final_yield-null)-I-5N"
YC,Yucheng,2014,DQN,0.0,5000.0,rl_candidate,2014,241,90,0.0,30.3,18.1,73.0,1946.0,14269.0,0.0,0.0,209,15.0,0.0,-15.0,-620.0,2014-08-29,pass,"counterfactual_common_baseline_relative=max(0,final_yield-null)-I-5N"
YC,Yucheng,2014,DQN,0.0,5000.0,rl_candidate,2014,242,91,0.0,29.5,19.3,74.0,2224.0,14495.0,0.0,0.0,207,0.0,0.0,-0.0,-620.0,2014-08-30,pass,"counterfactual_common_baseline_relative=max(0,final_yield-null)-I-5N"
YC,Yucheng,2014,DQN,0.0,5000.0,rl_candidate,2014,243,92,0.0,28.4,19.6,75.0,2502.0,14787.0,0.0,0.0,203,0.0,0.0,-0.0,-620.0,2014-08-31,pass,"counterfactual_common_baseline_relative=max(0,final_yield-null)-I-5N"
YC,Yucheng,2014,DQN,0.0,5000.0,rl_candidate,2014,244,93,0.0,29.7,18.9,76.0,2780.0,15074.0,0.0,0.0,200,0.0,0.0,-0.0,-620.0,2014-09-01,pass,"counterfactual_common_baseline_relative=max(0,final_yield-null)-I-5N"
YC,Yucheng,2014,DQN,0.0,5000.0,rl_candidate,2014,245,94,4.7,27.1,19.4,77.0,3059.0,15293.0,0.0,0.0,202,0.0,0.0,-0.0,-620.0,2014-09-02,pass,"counterfactual_common_baseline_relative=max(0,final_yield-null)-I-5N"
YC,Yucheng,2014,DQN,0.0,5000.0,rl_candidate,2014,246,95,0.0,27.0,17.0,78.0,3337.0,15619.0,0.0,0.0,198,0.0,0.0,-0.0,-620.0,2014-09-03,pass,"counterfactual_common_baseline_relative=max(0,final_yield-null)-I-5N"
YC,Yucheng,2014,DQN,0.0,5000.0,rl_candidate,2014,247,96,0.0,29.9,12.7,79.0,3615.0,15937.0,0.0,0.0,193,0.0,0.0,-0.0,-620.0,2014-09-04,pass,"counterfactual_common_baseline_relative=max(0,final_yield-null)-I-5N"
YC,Yucheng,2014,DQN,0.0,5000.0,rl_candidate,2014,248,97,0.0,30.1,16.1,80.0,3893.0,16215.0,0.0,0.0,188,0.0,0.0,-0.0,-620.0,2014-09-05,pass,"counterfactual_common_baseline_relative=max(0,final_yield-null)-I-5N"
YC,Yucheng,2014,DQN,0.0,5000.0,rl_candidate,2014,249,98,0.0,28.1,16.6,81.0,4171.0,16434.0,0.0,0.0,185,0.0,0.0,-0.0,-620.0,2014-09-06,pass,"counterfactual_common_baseline_relative=max(0,final_yield-null)-I-5N"
YC,Yucheng,2014,DQN,0.0,5000.0,rl_candidate,2014,250,99,0.0,28.4,19.8,82.0,4449.0,16626.0,0.0,0.0,183,0.0,0.0,-0.0,-620.0,2014-09-07,pass,"counterfactual_common_baseline_relative=max(0,final_yield-null)-I-5N"
YC,Yucheng,2014,DQN,0.0,5000.0,rl_candidate,2014,251,100,0.0,28.7,18.0,83.0,4727.0,16860.0,0.0,0.0,181,0.0,0.0,-0.0,-620.0,2014-09-08,pass,"counterfactual_common_baseline_relative=max(0,final_yield-null)-I-5N"
YC,Yucheng,2014,DQN,0.0,5000.0,rl_candidate,2014,252,101,0.0,29.6,19.5,84.0,5005.0,17156.0,0.0,0.0,177,0.0,0.0,-0.0,-620.0,2014-09-09,pass,"counterfactual_common_baseline_relative=max(0,final_yield-null)-I-5N"
YC,Yucheng,2014,DQN,0.0,5000.0,rl_candidate,2014,253,102,0.0,30.8,16.7,85.0,5283.0,17455.0,0.0,0.0,173,0.0,0.0,-0.0,-620.0,2014-09-10,pass,"counterfactual_common_baseline_relative=max(0,final_yield-null)-I-5N"
YC,Yucheng,2014,DQN,0.0,5000.0,rl_candidate,2014,254,103,0.0,25.6,17.9,86.0,5561.0,17590.0,0.0,0.0,172,0.0,50.0,-250.0,-870.0,2014-09-11,pass,"counterfactual_common_baseline_relative=max(0,final_yield-null)-I-5N"
YC,Yucheng,2014,DQN,0.0,5000.0,rl_candidate,2014,255,104,6.4,23.0,15.5,87.0,5839.0,17766.0,0.0,0.0,176,0.0,0.0,-0.0,-870.0,2014-09-12,pass,"counterfactual_common_baseline_relative=max(0,final_yield-null)-I-5N"
YC,Yucheng,2014,DQN,0.0,5000.0,rl_candidate,2014,256,105,0.0,28.3,14.1,88.0,6117.0,18095.0,0.0,0.0,172,0.0,0.0,-0.0,-870.0,2014-09-13,pass,"counterfactual_common_baseline_relative=max(0,final_yield-null)-I-5N"
YC,Yucheng,2014,DQN,0.0,5000.0,rl_candidate,2014,257,106,0.0,22.9,18.1,89.0,6395.0,18155.0,0.0,0.0,172,0.0,0.0,-0.0,-870.0,2014-09-14,pass,"counterfactual_common_baseline_relative=max(0,final_yield-null)-I-5N"
YC,Yucheng,2014,DQN,0.0,5000.0,rl_candidate,2014,258,107,14.5,18.6,16.1,90.0,6673.0,18245.0,0.0,0.0,184,0.0,0.0,-0.0,-870.0,2014-09-15,pass,"counterfactual_common_baseline_relative=max(0,final_yield-null)-I-5N"
YC,Yucheng,2014,DQN,0.0,5000.0,rl_candidate,2014,259,108,0.0,19.2,14.8,91.0,6951.0,18302.0,0.0,0.0,184,0.0,0.0,-0.0,-870.0,2014-09-16,pass,"counterfactual_common_baseline_relative=max(0,final_yield-null)-I-5N"
YC,Yucheng,2014,DQN,0.0,5000.0,rl_candidate,2014,260,109,33.8,16.4,12.9,92.0,7193.0,18381.0,0.0,0.0,207,0.0,0.0,-0.0,-870.0,2014-09-17,pass,"counterfactual_common_baseline_relative=max(0,final_yield-null)-I-5N"
YC,Yucheng,2014,DQN,0.0,5000.0,rl_candidate,2014,261,110,0.0,22.1,14.5,93.0,7472.0,18618.0,0.0,0.0,205,0.0,50.0,-250.0,-1120.0,2014-09-18,pass,"counterfactual_common_baseline_relative=max(0,final_yield-null)-I-5N"
YC,Yucheng,2014,DQN,0.0,5000.0,rl_candidate,2014,262,111,0.0,25.9,12.0,94.0,7750.0,18919.0,0.0,0.0,201,0.0,0.0,-0.0,-1120.0,2014-09-19,pass,"counterfactual_common_baseline_relative=max(0,final_yield-null)-I-5N"
YC,Yucheng,2014,DQN,0.0,5000.0,rl_candidate,2014,263,112,0.0,28.0,15.5,95.0,8028.0,19229.0,0.0,0.0,197,0.0,0.0,-0.0,-1120.0,2014-09-20,pass,"counterfactual_common_baseline_relative=max(0,final_yield-null)-I-5N"
YC,Yucheng,2014,DQN,0.0,5000.0,rl_candidate,2014,264,113,0.0,29.3,15.9,96.0,8306.0,19532.0,0.0,0.0,193,0.0,0.0,-0.0,-1120.0,2014-09-21,pass,"counterfactual_common_baseline_relative=max(0,final_yield-null)-I-5N"
YC,Yucheng,2014,DQN,0.0,5000.0,rl_candidate,2014,265,114,0.0,29.6,16.4,97.0,8584.0,19830.0,0.0,0.0,189,0.0,0.0,-0.0,-1120.0,2014-09-22,pass,"counterfactual_common_baseline_relative=max(0,final_yield-null)-I-5N"
YC,Yucheng,2014,DQN,0.0,5000.0,rl_candidate,2014,266,115,0.0,26.5,18.6,98.0,8862.0,20030.0,0.0,0.0,187,0.0,0.0,-0.0,-1120.0,2014-09-23,pass,"counterfactual_common_baseline_relative=max(0,final_yield-null)-I-5N"
YC,Yucheng,2014,DQN,0.0,5000.0,rl_candidate,2014,267,116,0.0,25.4,19.1,99.0,9140.0,20225.0,0.0,0.0,185,0.0,0.0,-0.0,-1120.0,2014-09-24,pass,"counterfactual_common_baseline_relative=max(0,final_yield-null)-I-5N"
YC,Yucheng,2014,DQN,0.0,5000.0,rl_candidate,2014,268,117,0.0,26.8,16.7,100.0,9418.0,20513.0,0.0,0.0,181,0.0,50.0,-250.0,-1370.0,2014-09-25,pass,"counterfactual_common_baseline_relative=max(0,final_yield-null)-I-5N"
YC,Yucheng,2014,DQN,0.0,5000.0,rl_candidate,2014,269,118,0.0,28.1,17.4,101.0,9418.0,20513.0,0.0,0.0,178,0.0,0.0,-0.0,-1370.0,2014-09-26,pass,"counterfactual_common_baseline_relative=max(0,final_yield-null)-I-5N"
YC,Yucheng,2014,DQN,0.0,5000.0,rl_candidate,2014,270,119,0.0,25.9,19.1,102.0,9418.0,20513.0,0.0,0.0,177,0.0,0.0,-0.0,-1370.0,2014-09-27,pass,"counterfactual_common_baseline_relative=max(0,final_yield-null)-I-5N"
YC,Yucheng,2014,DQN,0.0,5000.0,rl_candidate,2014,271,120,5.4,21.8,18.7,103.0,9418.0,20513.0,0.0,0.0,181,0.0,0.0,-0.0,-1370.0,2014-09-28,pass,"counterfactual_common_baseline_relative=max(0,final_yield-null)-I-5N"
YC,Yucheng,2014,DQN,0.0,5000.0,rl_candidate,2014,272,121,0.0,26.6,16.1,104.0,9418.0,20513.0,0.0,0.0,178,0.0,0.0,1593.0,223.0,2014-09-29,pass,"counterfactual_common_baseline_relative=max(0,final_yield-null)-I-5N"
FQ,Fengqiu,2016,DQN,,,null,2016,153,1,0.0,29.1,17.1,0.0,0.0,0.0,0.0,0.0,294,0.0,0.0,-0.0,-0.0,2016-06-01,pass,"counterfactual_common_baseline_relative=max(0,final_yield-null)-I-5N"
FQ,Fengqiu,2016,DQN,,,null,2016,154,2,0.0,27.0,19.2,0.0,0.0,0.0,0.0,0.0,293,0.0,0.0,-0.0,-0.0,2016-06-02,pass,"counterfactual_common_baseline_relative=max(0,final_yield-null)-I-5N"
FQ,Fengqiu,2016,DQN,,,null,2016,155,3,0.0,27.6,18.0,0.0,0.0,0.0,0.0,0.0,290,0.0,0.0,-0.0,-0.0,2016-06-03,pass,"counterfactual_common_baseline_relative=max(0,final_yield-null)-I-5N"
FQ,Fengqiu,2016,DQN,,,null,2016,156,4,0.0,31.2,17.4,0.0,0.0,0.0,0.0,0.0,289,0.0,0.0,-0.0,-0.0,2016-06-04,pass,"counterfactual_common_baseline_relative=max(0,final_yield-null)-I-5N"
FQ,Fengqiu,2016,DQN,,,null,2016,157,5,4.9,26.6,19.5,0.0,0.0,0.0,0.0,0.0,293,0.0,0.0,-0.0,-0.0,2016-06-05,pass,"counterfactual_common_baseline_relative=max(0,final_yield-null)-I-5N"
FQ,Fengqiu,2016,DQN,,,null,2016,158,6,0.0,28.1,18.9,0.0,0.0,0.0,0.0,0.0,290,0.0,0.0,-0.0,-0.0,2016-06-06,pass,"counterfactual_common_baseline_relative=max(0,final_yield-null)-I-5N"
FQ,Fengqiu,2016,DQN,,,null,2016,159,7,12.0,29.9,18.0,0.0,0.0,0.0,0.0,0.0,300,0.0,0.0,-0.0,-0.0,2016-06-07,pass,"counterfactual_common_baseline_relative=max(0,final_yield-null)-I-5N"
FQ,Fengqiu,2016,DQN,,,null,2016,160,8,0.3,29.9,18.2,0.0,0.0,0.0,0.0,0.0,296,0.0,0.0,-0.0,-0.0,2016-06-08,pass,"counterfactual_common_baseline_relative=max(0,final_yield-null)-I-5N"
FQ,Fengqiu,2016,DQN,,,null,2016,161,9,0.0,32.7,18.8,0.0,0.0,0.0,0.0,0.0,293,0.0,0.0,-0.0,-0.0,2016-06-09,pass,"counterfactual_common_baseline_relative=max(0,final_yield-null)-I-5N"
FQ,Fengqiu,2016,DQN,,,null,2016,162,10,0.0,33.7,21.0,0.0,0.0,0.0,0.0,0.0,291,0.0,0.0,-0.0,-0.0,2016-06-10,pass,"counterfactual_common_baseline_relative=max(0,final_yield-null)-I-5N"
FQ,Fengqiu,2016,DQN,,,null,2016,163,11,0.0,31.2,22.6,1.0,0.0,0.0,0.0,0.0,290,0.0,0.0,-0.0,-0.0,2016-06-11,pass,"counterfactual_common_baseline_relative=max(0,final_yield-null)-I-5N"
FQ,Fengqiu,2016,DQN,,,null,2016,164,12,0.0,31.2,21.0,2.0,0.0,0.0,0.0,0.0,289,0.0,0.0,-0.0,-0.0,2016-06-12,pass,"counterfactual_common_baseline_relative=max(0,final_yield-null)-I-5N"
FQ,Fengqiu,2016,DQN,,,null,2016,165,13,0.0,34.4,21.5,3.0,0.0,0.0,0.0,0.0,289,0.0,0.0,-0.0,-0.0,2016-06-13,pass,"counterfactual_common_baseline_relative=max(0,final_yield-null)-I-5N"
FQ,Fengqiu,2016,DQN,,,null,2016,166,14,2.9,33.7,19.1,4.0,0.0,0.0,0.0,0.0,290,0.0,0.0,-0.0,-0.0,2016-06-14,pass,"counterfactual_common_baseline_relative=max(0,final_yield-null)-I-5N"
FQ,Fengqiu,2016,DQN,,,null,2016,167,15,0.0,30.2,19.8,5.0,0.0,32.0,0.0,0.012,289,0.0,0.0,-0.0,-0.0,2016-06-15,pass,"counterfactual_common_baseline_relative=max(0,final_yield-null)-I-5N"
FQ,Fengqiu,2016,DQN,,,null,2016,168,16,0.0,36.0,17.8,6.0,0.0,32.0,0.0,0.004,289,0.0,0.0,-0.0,-0.0,2016-06-16,pass,"counterfactual_common_baseline_relative=max(0,final_yield-null)-I-5N"
FQ,Fengqiu,2016,DQN,,,null,2016,169,17,0.0,36.8,22.9,7.0,0.0,32.0,0.0,0.0,288,0.0,0.0,-0.0,-0.0,2016-06-17,pass,"counterfactual_common_baseline_relative=max(0,final_yield-null)-I-5N"
FQ,Fengqiu,2016,DQN,,,null,2016,170,18,0.0,36.0,22.7,8.0,0.0,32.0,0.0,0.0,287,0.0,0.0,-0.0,-0.0,2016-06-18,pass,"counterfactual_common_baseline_relative=max(0,final_yield-null)-I-5N"
FQ,Fengqiu,2016,DQN,,,null,2016,171,19,0.0,37.4,23.7,9.0,0.0,32.0,0.0,0.0,286,0.0,0.0,-0.0,-0.0,2016-06-19,pass,"counterfactual_common_baseline_relative=max(0,final_yield-null)-I-5N"
FQ,Fengqiu,2016,DQN,,,null,2016,172,20,0.0,35.9,22.5,10.0,0.0,32.0,0.0,0.0,286,0.0,0.0,-0.0,-0.0,2016-06-20,pass,"counterfactual_common_baseline_relative=max(0,final_yield-null)-I-5N"
FQ,Fengqiu,2016,DQN,,,null,2016,173,21,1.3,36.0,24.5,11.0,0.0,26.0,0.0,0.0,286,0.0,0.0,-0.0,-0.0,2016-06-21,pass,"counterfactual_common_baseline_relative=max(0,final_yield-null)-I-5N"
FQ,Fengqiu,2016,DQN,,,null,2016,174,22,0.0,37.7,24.0,12.0,0.0,32.0,0.0,0.0,285,0.0,0.0,-0.0,-0.0,2016-06-22,pass,"counterfactual_common_baseline_relative=max(0,final_yield-null)-I-5N"
FQ,Fengqiu,2016,DQN,,,null,2016,175,23,23.6,31.2,19.3,13.0,0.0,34.0,0.0,0.0,307,0.0,0.0,-0.0,-0.0,2016-06-23,pass,"counterfactual_common_baseline_relative=max(0,final_yield-null)-I-5N"
FQ,Fengqiu,2016,DQN,,,null,2016,176,24,0.0,32.1,18.3,14.0,0.0,41.0,0.0,0.0,300,0.0,0.0,-0.0,-0.0,2016-06-24,pass,"counterfactual_common_baseline_relative=max(0,final_yield-null)-I-5N"
FQ,Fengqiu,2016,DQN,,,null,2016,177,25,0.0,34.0,17.5,15.0,0.0,49.0,0.0,0.0,297,0.0,0.0,-0.0,-0.0,2016-06-25,pass,"counterfactual_common_baseline_relative=max(0,final_yield-null)-I-5N"
FQ,Fengqiu,2016,DQN,,,null,2016,178,26,0.0,34.3,17.1,16.0,0.0,59.0,0.0,0.0,295,0.0,0.0,-0.0,-0.0,2016-06-26,pass,"counterfactual_common_baseline_relative=max(0,final_yield-null)-I-5N"
FQ,Fengqiu,2016,DQN,,,null,2016,179,27,0.0,31.4,20.8,17.0,0.0,70.0,0.0,0.0,293,0.0,0.0,-0.0,-0.0,2016-06-27,pass,"counterfactual_common_baseline_relative=max(0,final_yield-null)-I-5N"
FQ,Fengqiu,2016,DQN,,,null,2016,180,28,0.0,33.0,20.1,18.0,0.0,82.0,0.0,0.0,292,0.0,0.0,-0.0,-0.0,2016-06-28,pass,"counterfactual_common_baseline_relative=max(0,final_yield-null)-I-5N"
FQ,Fengqiu,2016,DQN,,,null,2016,181,29,3.3,35.0,19.1,19.0,0.0,97.0,0.0,0.0,292,0.0,0.0,-0.0,-0.0,2016-06-29,pass,"counterfactual_common_baseline_relative=max(0,final_yield-null)-I-5N"
FQ,Fengqiu,2016,DQN,,,null,2016,182,30,0.0,32.4,24.6,20.0,0.0,113.0,0.0,0.0,290,0.0,0.0,-0.0,-0.0,2016-06-30,pass,"counterfactual_common_baseline_relative=max(0,final_yield-null)-I-5N"
FQ,Fengqiu,2016,DQN,,,null,2016,183,31,1.1,31.2,23.4,21.0,0.0,131.0,0.0,0.0,290,0.0,0.0,-0.0,-0.0,2016-07-01,pass,"counterfactual_common_baseline_relative=max(0,final_yield-null)-I-5N"
FQ,Fengqiu,2016,DQN,,,null,2016,184,32,0.0,33.7,22.5,22.0,0.0,152.0,0.0,0.0,288,0.0,0.0,-0.0,-0.0,2016-07-02,pass,"counterfactual_common_baseline_relative=max(0,final_yield-null)-I-5N"
FQ,Fengqiu,2016,DQN,,,null,2016,185,33,0.0,32.8,22.3,23.0,0.0,174.0,0.0,0.0,286,0.0,0.0,-0.0,-0.0,2016-07-03,pass,"counterfactual_common_baseline_relative=max(0,final_yield-null)-I-5N"
FQ,Fengqiu,2016,DQN,,,null,2016,186,34,0.0,30.7,23.8,24.0,0.0,199.0,0.0,0.0,285,0.0,0.0,-0.0,-0.0,2016-07-04,pass,"counterfactual_common_baseline_relative=max(0,final_yield-null)-I-5N"
FQ,Fengqiu,2016,DQN,,,null,2016,187,35,0.0,32.2,20.1,25.0,0.0,225.0,0.0,0.0,283,0.0,0.0,-0.0,-0.0,2016-07-05,pass,"counterfactual_common_baseline_relative=max(0,final_yield-null)-I-5N"
FQ,Fengqiu,2016,DQN,,,null,2016,188,36,0.0,32.3,19.6,26.0,0.0,254.0,0.0,0.0,281,0.0,0.0,-0.0,-0.0,2016-07-06,pass,"counterfactual_common_baseline_relative=max(0,final_yield-null)-I-5N"
FQ,Fengqiu,2016,DQN,,,null,2016,189,37,0.0,32.4,24.1,27.0,0.0,290.0,0.0,0.0,279,0.0,0.0,-0.0,-0.0,2016-07-07,pass,"counterfactual_common_baseline_relative=max(0,final_yield-null)-I-5N"
FQ,Fengqiu,2016,DQN,,,null,2016,190,38,0.0,33.3,23.3,28.0,0.0,330.0,0.0,0.0,277,0.0,0.0,-0.0,-0.0,2016-07-08,pass,"counterfactual_common_baseline_relative=max(0,final_yield-null)-I-5N"
FQ,Fengqiu,2016,DQN,,,null,2016,191,39,9.7,28.8,24.7,29.0,0.0,359.0,0.0,0.0,286,0.0,0.0,-0.0,-0.0,2016-07-09,pass,"counterfactual_common_baseline_relative=max(0,final_yield-null)-I-5N"
FQ,Fengqiu,2016,DQN,,,null,2016,192,40,0.0,32.5,24.2,30.0,0.0,408.0,0.0,0.0,282,0.0,0.0,-0.0,-0.0,2016-07-10,pass,"counterfactual_common_baseline_relative=max(0,final_yield-null)-I-5N"
FQ,Fengqiu,2016,DQN,,,null,2016,193,41,0.0,34.1,21.9,31.0,0.0,464.0,0.0,0.0,279,0.0,0.0,-0.0,-0.0,2016-07-11,pass,"counterfactual_common_baseline_relative=max(0,final_yield-null)-I-5N"
FQ,Fengqiu,2016,DQN,,,null,2016,194,42,0.0,33.7,24.2,32.0,0.0,526.0,0.0,0.0,276,0.0,0.0,-0.0,-0.0,2016-07-12,pass,"counterfactual_common_baseline_relative=max(0,final_yield-null)-I-5N"
FQ,Fengqiu,2016,DQN,,,null,2016,195,43,0.6,31.5,23.2,33.0,0.0,592.0,0.0,0.0,273,0.0,0.0,-0.0,-0.0,2016-07-13,pass,"counterfactual_common_baseline_relative=max(0,final_yield-null)-I-5N"
FQ,Fengqiu,2016,DQN,,,null,2016,196,44,6.5,27.8,23.1,34.0,0.0,628.0,0.0,0.0,279,0.0,0.0,-0.0,-0.0,2016-07-14,pass,"counterfactual_common_baseline_relative=max(0,final_yield-null)-I-5N"
FQ,Fengqiu,2016,DQN,,,null,2016,197,45,33.0,23.1,18.8,35.0,0.0,678.0,0.0,0.0,304,0.0,0.0,-0.0,-0.0,2016-07-15,pass,"counterfactual_common_baseline_relative=max(0,final_yield-null)-I-5N"
FQ,Fengqiu,2016,DQN,,,null,2016,198,46,0.0,27.6,18.4,36.0,0.0,741.0,0.0,0.0,301,0.0,0.0,-0.0,-0.0,2016-07-16,pass,"counterfactual_common_baseline_relative=max(0,final_yield-null)-I-5N"
FQ,Fengqiu,2016,DQN,,,null,2016,199,47,1.0,30.6,21.3,37.0,0.0,824.0,0.0,0.0,298,0.0,0.0,-0.0,-0.0,2016-07-17,pass,"counterfactual_common_baseline_relative=max(0,final_yield-null)-I-5N"
FQ,Fengqiu,2016,DQN,,,null,2016,200,48,0.0,30.6,21.8,38.0,0.0,913.0,0.0,0.0,295,0.0,0.0,-0.0,-0.0,2016-07-18,pass,"counterfactual_common_baseline_relative=max(0,final_yield-null)-I-5N"
FQ,Fengqiu,2016,DQN,,,null,2016,201,49,43.0,29.3,24.6,39.0,0.0,967.0,0.0,0.0,322,0.0,0.0,-0.0,-0.0,2016-07-19,pass,"counterfactual_common_baseline_relative=max(0,final_yield-null)-I-5N"
FQ,Fengqiu,2016,DQN,,,null,2016,202,50,28.0,29.5,22.4,40.0,0.0,1072.0,0.0,0.0,338,0.0,0.0,-0.0,-0.0,2016-07-20,pass,"counterfactual_common_baseline_relative=max(0,final_yield-null)-I-5N"
FQ,Fengqiu,2016,DQN,,,null,2016,203,51,0.0,32.6,23.8,41.0,0.0,1323.0,0.0,0.0,332,0.0,0.0,-0.0,-0.0,2016-07-21,pass,"counterfactual_common_baseline_relative=max(0,final_yield-null)-I-5N"
FQ,Fengqiu,2016,DQN,,,null,2016,204,52,0.0,35.3,25.9,42.0,0.0,1595.0,0.0,0.0,326,0.0,0.0,-0.0,-0.0,2016-07-22,pass,"counterfactual_common_baseline_relative=max(0,final_yield-null)-I-5N"
FQ,Fengqiu,2016,DQN,,,null,2016,205,53,0.0,35.4,27.2,43.0,0.0,1888.0,0.0,0.0,320,0.0,0.0,-0.0,-0.0,2016-07-23,pass,"counterfactual_common_baseline_relative=max(0,final_yield-null)-I-5N"
FQ,Fengqiu,2016,DQN,,,null,2016,206,54,0.0,35.7,26.7,44.0,0.0,2187.0,0.0,0.0,313,0.0,0.0,-0.0,-0.0,2016-07-24,pass,"counterfactual_common_baseline_relative=max(0,final_yield-null)-I-5N"
FQ,Fengqiu,2016,DQN,,,null,2016,207,55,0.0,35.5,27.4,45.0,0.0,2422.0,0.0,0.0,308,0.0,0.0,-0.0,-0.0,2016-07-25,pass,"counterfactual_common_baseline_relative=max(0,final_yield-null)-I-5N"
FQ,Fengqiu,2016,DQN,,,null,2016,208,56,0.0,35.1,23.7,46.0,0.0,2694.0,0.0,0.0,302,0.0,0.0,-0.0,-0.0,2016-07-26,pass,"counterfactual_common_baseline_relative=max(0,final_yield-null)-I-5N"
FQ,Fengqiu,2016,DQN,,,null,2016,209,57,0.0,32.6,25.8,47.0,0.0,2868.0,0.0,0.0,299,0.0,0.0,-0.0,-0.0,2016-07-27,pass,"counterfactual_common_baseline_relative=max(0,final_yield-null)-I-5N"
FQ,Fengqiu,2016,DQN,,,null,2016,210,58,0.0,35.6,24.1,48.0,0.0,3141.0,0.0,0.0,293,0.0,0.0,-0.0,-0.0,2016-07-28,pass,"counterfactual_common_baseline_relative=max(0,final_yield-null)-I-5N"
FQ,Fengqiu,2016,DQN,,,null,2016,211,59,0.0,36.5,23.7,49.0,0.0,3412.0,0.0,0.0,287,0.0,0.0,-0.0,-0.0,2016-07-29,pass,"counterfactual_common_baseline_relative=max(0,final_yield-null)-I-5N"
FQ,Fengqiu,2016,DQN,,,null,2016,212,60,0.0,36.0,27.0,50.0,0.0,3653.0,0.0,0.0,282,0.0,0.0,-0.0,-0.0,2016-07-30,pass,"counterfactual_common_baseline_relative=max(0,final_yield-null)-I-5N"
FQ,Fengqiu,2016,DQN,,,null,2016,213,61,0.0,34.9,24.0,51.0,0.0,3922.0,0.0,0.0,277,0.0,0.0,-0.0,-0.0,2016-07-31,pass,"counterfactual_common_baseline_relative=max(0,final_yield-null)-I-5N"
FQ,Fengqiu,2016,DQN,,,null,2016,214,62,0.0,33.5,25.6,52.0,0.0,4193.0,0.0,0.0,272,0.0,0.0,-0.0,-0.0,2016-08-01,pass,"counterfactual_common_baseline_relative=max(0,final_yield-null)-I-5N"
FQ,Fengqiu,2016,DQN,,,null,2016,215,63,0.0,32.5,24.0,53.0,0.0,4449.0,0.0,0.0,268,0.0,0.0,-0.0,-0.0,2016-08-02,pass,"counterfactual_common_baseline_relative=max(0,final_yield-null)-I-5N"
FQ,Fengqiu,2016,DQN,,,null,2016,216,64,3.1,31.6,23.6,54.0,0.0,4697.0,0.0,0.0,266,0.0,0.0,-0.0,-0.0,2016-08-03,pass,"counterfactual_common_baseline_relative=max(0,final_yield-null)-I-5N"
FQ,Fengqiu,2016,DQN,,,null,2016,217,65,1.4,31.6,24.1,55.0,0.0,4932.0,0.0,0.0,264,0.0,0.0,-0.0,-0.0,2016-08-04,pass,"counterfactual_common_baseline_relative=max(0,final_yield-null)-I-5N"
FQ,Fengqiu,2016,DQN,,,null,2016,218,66,0.0,33.0,23.5,56.0,0.0,5170.0,0.0,0.0,260,0.0,0.0,-0.0,-0.0,2016-08-05,pass,"counterfactual_common_baseline_relative=max(0,final_yield-null)-I-5N"
FQ,Fengqiu,2016,DQN,,,null,2016,219,67,44.6,28.6,23.0,57.0,0.0,5288.0,0.0,0.0,291,0.0,0.0,-0.0,-0.0,2016-08-06,pass,"counterfactual_common_baseline_relative=max(0,final_yield-null)-I-5N"
FQ,Fengqiu,2016,DQN,,,null,2016,220,68,0.0,31.7,23.0,58.0,0.0,5481.0,0.0,0.0,288,0.0,0.0,-0.0,-0.0,2016-08-07,pass,"counterfactual_common_baseline_relative=max(0,final_yield-null)-I-5N"
FQ,Fengqiu,2016,DQN,,,null,2016,221,69,2.8,26.6,23.1,59.0,0.0,5601.0,0.0,0.0,288,0.0,0.0,-0.0,-0.0,2016-08-08,pass,"counterfactual_common_baseline_relative=max(0,final_yield-null)-I-5N"
FQ,Fengqiu,2016,DQN,,,null,2016,222,70,0.4,30.5,23.1,60.0,0.0,5750.0,0.0,0.0,286,0.0,0.0,-0.0,-0.0,2016-08-09,pass,"counterfactual_common_baseline_relative=max(0,final_yield-null)-I-5N"
FQ,Fengqiu,2016,DQN,,,null,2016,223,71,0.0,33.8,23.3,61.0,0.0,6015.0,0.0,0.0,281,0.0,0.0,-0.0,-0.0,2016-08-10,pass,"counterfactual_common_baseline_relative=max(0,final_yield-null)-I-5N"
FQ,Fengqiu,2016,DQN,,,null,2016,224,72,0.0,34.5,24.5,62.0,0.0,6317.0,0.0,0.0,276,0.0,0.0,-0.0,-0.0,2016-08-11,pass,"counterfactual_common_baseline_relative=max(0,final_yield-null)-I-5N"
FQ,Fengqiu,2016,DQN,,,null,2016,225,73,0.0,36.1,25.4,63.0,0.0,6601.0,0.0,0.0,270,0.0,0.0,-0.0,-0.0,2016-08-12,pass,"counterfactual_common_baseline_relative=max(0,final_yield-null)-I-5N"
FQ,Fengqiu,2016,DQN,,,null,2016,226,74,0.0,35.5,24.9,64.0,0.0,6865.0,0.0,0.0,265,0.0,0.0,-0.0,-0.0,2016-08-13,pass,"counterfactual_common_baseline_relative=max(0,final_yield-null)-I-5N"
FQ,Fengqiu,2016,DQN,,,null,2016,227,75,0.0,34.8,27.0,65.0,212.0,7077.0,0.0,0.0,260,0.0,0.0,-0.0,-0.0,2016-08-14,pass,"counterfactual_common_baseline_relative=max(0,final_yield-null)-I-5N"
FQ,Fengqiu,2016,DQN,,,null,2016,228,76,0.0,29.8,23.4,66.0,626.0,7315.0,0.0,0.0,257,0.0,0.0,-0.0,-0.0,2016-08-15,pass,"counterfactual_common_baseline_relative=max(0,final_yield-null)-I-5N"
FQ,Fengqiu,2016,DQN,,,null,2016,229,77,0.0,26.7,21.5,67.0,1039.0,7455.0,0.0,0.0,255,0.0,0.0,-0.0,-0.0,2016-08-16,pass,"counterfactual_common_baseline_relative=max(0,final_yield-null)-I-5N"
FQ,Fengqiu,2016,DQN,,,null,2016,230,78,0.0,30.9,22.2,68.0,1453.0,7679.0,0.0,0.0,252,0.0,0.0,-0.0,-0.0,2016-08-17,pass,"counterfactual_common_baseline_relative=max(0,final_yield-null)-I-5N"
FQ,Fengqiu,2016,DQN,,,null,2016,231,79,0.0,34.5,23.6,69.0,1760.0,8001.0,0.0,0.0,246,0.0,0.0,-0.0,-0.0,2016-08-18,pass,"counterfactual_common_baseline_relative=max(0,final_yield-null)-I-5N"
FQ,Fengqiu,2016,DQN,,,null,2016,232,80,0.0,28.8,25.1,70.0,1846.0,7928.0,0.0,0.0,245,0.0,0.0,-0.0,-0.0,2016-08-19,pass,"counterfactual_common_baseline_relative=max(0,final_yield-null)-I-5N"
FQ,Fengqiu,2016,DQN,,,null,2016,233,81,0.0,29.8,23.5,71.0,2059.0,8142.0,0.0,0.0,242,0.0,0.0,-0.0,-0.0,2016-08-20,pass,"counterfactual_common_baseline_relative=max(0,final_yield-null)-I-5N"
FQ,Fengqiu,2016,DQN,,,null,2016,234,82,0.0,31.4,20.4,72.0,2438.0,8521.0,0.0,0.0,236,0.0,0.0,-0.0,-0.0,2016-08-21,pass,"counterfactual_common_baseline_relative=max(0,final_yield-null)-I-5N"
FQ,Fengqiu,2016,DQN,,,null,2016,235,83,0.0,32.5,23.1,73.0,2756.0,8839.0,0.0,0.0,232,0.0,0.0,-0.0,-0.0,2016-08-22,pass,"counterfactual_common_baseline_relative=max(0,final_yield-null)-I-5N"
FQ,Fengqiu,2016,DQN,,,null,2016,236,84,0.0,33.1,25.3,74.0,2982.0,9064.0,0.0,0.0,228,0.0,0.0,-0.0,-0.0,2016-08-23,pass,"counterfactual_common_baseline_relative=max(0,final_yield-null)-I-5N"
FQ,Fengqiu,2016,DQN,,,null,2016,237,85,0.0,34.6,25.0,75.0,3251.0,9335.0,0.0,0.0,224,0.0,0.0,-0.0,-0.0,2016-08-24,pass,"counterfactual_common_baseline_relative=max(0,final_yield-null)-I-5N"
FQ,Fengqiu,2016,DQN,,,null,2016,238,86,14.0,31.1,21.9,76.0,3345.0,9427.0,0.0,0.0,236,0.0,0.0,-0.0,-0.0,2016-08-25,pass,"counterfactual_common_baseline_relative=max(0,final_yield-null)-I-5N"
FQ,Fengqiu,2016,DQN,,,null,2016,239,87,0.0,27.8,19.1,77.0,3665.0,9747.0,0.0,0.0,232,0.0,0.0,-0.0,-0.0,2016-08-26,pass,"counterfactual_common_baseline_relative=max(0,final_yield-null)-I-5N"
FQ,Fengqiu,2016,DQN,,,null,2016,240,88,0.0,29.2,14.5,78.0,4067.0,10150.0,0.0,0.0,226,0.0,0.0,-0.0,-0.0,2016-08-27,pass,"counterfactual_common_baseline_relative=max(0,final_yield-null)-I-5N"
FQ,Fengqiu,2016,DQN,,,null,2016,241,89,0.0,31.0,14.2,79.0,4470.0,10553.0,0.0,0.0,220,0.0,0.0,-0.0,-0.0,2016-08-28,pass,"counterfactual_common_baseline_relative=max(0,final_yield-null)-I-5N"
FQ,Fengqiu,2016,DQN,,,null,2016,242,90,0.0,31.2,13.0,80.0,4843.0,10925.0,0.0,0.0,214,0.0,0.0,-0.0,-0.0,2016-08-29,pass,"counterfactual_common_baseline_relative=max(0,final_yield-null)-I-5N"
FQ,Fengqiu,2016,DQN,,,null,2016,243,91,0.0,31.1,15.2,81.0,5164.0,11246.0,0.0,0.0,210,0.0,0.0,-0.0,-0.0,2016-08-30,pass,"counterfactual_common_baseline_relative=max(0,final_yield-null)-I-5N"
FQ,Fengqiu,2016,DQN,,,null,2016,244,92,0.0,33.3,16.0,82.0,5520.0,11602.0,0.0,0.0,204,0.0,0.0,-0.0,-0.0,2016-08-31,pass,"counterfactual_common_baseline_relative=max(0,final_yield-null)-I-5N"
FQ,Fengqiu,2016,DQN,,,null,2016,245,93,0.0,33.9,16.0,83.0,5851.0,11933.0,0.05,0.0,199,0.0,0.0,-0.0,-0.0,2016-09-01,pass,"counterfactual_common_baseline_relative=max(0,final_yield-null)-I-5N"
FQ,Fengqiu,2016,DQN,,,null,2016,246,94,0.0,36.0,14.2,84.0,6078.0,12161.0,0.348,0.0,195,0.0,0.0,-0.0,-0.0,2016-09-02,pass,"counterfactual_common_baseline_relative=max(0,final_yield-null)-I-5N"
FQ,Fengqiu,2016,DQN,,,null,2016,247,95,0.0,29.8,17.3,85.0,6249.0,12331.0,0.0,0.0,193,0.0,0.0,-0.0,-0.0,2016-09-03,pass,"counterfactual_common_baseline_relative=max(0,final_yield-null)-I-5N"
FQ,Fengqiu,2016,DQN,,,null,2016,248,96,0.0,33.9,18.4,86.0,6411.0,12494.0,0.369,0.0,191,0.0,0.0,-0.0,-0.0,2016-09-04,pass,"counterfactual_common_baseline_relative=max(0,final_yield-null)-I-5N"
FQ,Fengqiu,2016,DQN,,,null,2016,249,97,0.0,34.0,16.5,87.0,6552.0,12635.0,0.351,0.0,189,0.0,0.0,-0.0,-0.0,2016-09-05,pass,"counterfactual_common_baseline_relative=max(0,final_yield-null)-I-5N"
FQ,Fengqiu,2016,DQN,,,null,2016,250,98,0.0,32.3,18.7,88.0,6677.0,12759.0,0.326,0.0,188,0.0,0.0,-0.0,-0.0,2016-09-06,pass,"counterfactual_common_baseline_relative=max(0,final_yield-null)-I-5N"
FQ,Fengqiu,2016,DQN,,,null,2016,251,99,1.2,30.5,19.1,89.0,6789.0,12872.0,0.594,0.0,188,0.0,0.0,-0.0,-0.0,2016-09-07,pass,"counterfactual_common_baseline_relative=max(0,final_yield-null)-I-5N"
FQ,Fengqiu,2016,DQN,,,null,2016,252,100,0.0,34.6,15.5,90.0,6889.0,12971.0,0.651,0.0,185,0.0,0.0,-0.0,-0.0,2016-09-08,pass,"counterfactual_common_baseline_relative=max(0,final_yield-null)-I-5N"
FQ,Fengqiu,2016,DQN,,,null,2016,253,101,3.3,34.3,16.3,91.0,6979.0,13062.0,0.523,0.0,188,0.0,0.0,-0.0,-0.0,2016-09-09,pass,"counterfactual_common_baseline_relative=max(0,final_yield-null)-I-5N"
FQ,Fengqiu,2016,DQN,,,null,2016,254,102,0.0,33.5,19.6,92.0,7066.0,13148.0,0.592,0.0,185,0.0,0.0,-0.0,-0.0,2016-09-10,pass,"counterfactual_common_baseline_relative=max(0,final_yield-null)-I-5N"
FQ,Fengqiu,2016,DQN,,,null,2016,255,103,0.0,32.9,17.2,93.0,7066.0,13148.0,0.657,0.0,183,0.0,0.0,-0.0,-0.0,2016-09-11,pass,"counterfactual_common_baseline_relative=max(0,final_yield-null)-I-5N"
FQ,Fengqiu,2016,DQN,,,null,2016,256,104,0.0,29.6,19.5,94.0,7066.0,13148.0,0.584,0.0,182,0.0,0.0,-0.0,-0.0,2016-09-12,pass,"counterfactual_common_baseline_relative=max(0,final_yield-null)-I-5N"
FQ,Fengqiu,2016,DQN,,,null,2016,257,105,38.0,27.1,19.0,95.0,7066.0,13148.0,0.265,0.0,213,0.0,0.0,-0.0,-0.0,2016-09-13,pass,"counterfactual_common_baseline_relative=max(0,final_yield-null)-I-5N"
FQ,Fengqiu,2016,DQN,,,null,2016,258,106,0.0,30.5,19.1,96.0,7066.0,13148.0,0.0,0.0,209,0.0,0.0,0.0,0.0,2016-09-14,pass,"counterfactual_common_baseline_relative=max(0,final_yield-null)-I-5N"
FQ,Fengqiu,2016,DQN,,,recorded_farmer,2016,153,1,0.0,29.1,17.1,0.0,0.0,0.0,0.0,0.0,294,0.0,0.0,-0.0,-0.0,2016-06-01,pass,"counterfactual_common_baseline_relative=max(0,final_yield-null)-I-5N"
FQ,Fengqiu,2016,DQN,,,recorded_farmer,2016,154,2,0.0,27.0,19.2,0.0,0.0,0.0,0.0,0.0,293,0.0,0.0,-0.0,-0.0,2016-06-02,pass,"counterfactual_common_baseline_relative=max(0,final_yield-null)-I-5N"
FQ,Fengqiu,2016,DQN,,,recorded_farmer,2016,155,3,0.0,27.6,18.0,0.0,0.0,0.0,0.0,0.0,290,0.0,0.0,-0.0,-0.0,2016-06-03,pass,"counterfactual_common_baseline_relative=max(0,final_yield-null)-I-5N"
FQ,Fengqiu,2016,DQN,,,recorded_farmer,2016,156,4,0.0,31.2,17.4,0.0,0.0,0.0,0.0,0.0,289,0.0,0.0,-0.0,-0.0,2016-06-04,pass,"counterfactual_common_baseline_relative=max(0,final_yield-null)-I-5N"
FQ,Fengqiu,2016,DQN,,,recorded_farmer,2016,157,5,4.9,26.6,19.5,0.0,0.0,0.0,0.0,0.0,293,0.0,0.0,-0.0,-0.0,2016-06-05,pass,"counterfactual_common_baseline_relative=max(0,final_yield-null)-I-5N"
FQ,Fengqiu,2016,DQN,,,recorded_farmer,2016,158,6,0.0,28.1,18.9,0.0,0.0,0.0,0.0,0.0,290,0.0,0.0,-0.0,-0.0,2016-06-06,pass,"counterfactual_common_baseline_relative=max(0,final_yield-null)-I-5N"
FQ,Fengqiu,2016,DQN,,,recorded_farmer,2016,159,7,12.0,29.9,18.0,0.0,0.0,0.0,0.0,0.0,300,0.0,0.0,-0.0,-0.0,2016-06-07,pass,"counterfactual_common_baseline_relative=max(0,final_yield-null)-I-5N"
FQ,Fengqiu,2016,DQN,,,recorded_farmer,2016,160,8,0.3,29.9,18.2,0.0,0.0,0.0,0.0,0.0,296,0.0,0.0,-0.0,-0.0,2016-06-08,pass,"counterfactual_common_baseline_relative=max(0,final_yield-null)-I-5N"
FQ,Fengqiu,2016,DQN,,,recorded_farmer,2016,161,9,0.0,32.7,18.8,0.0,0.0,0.0,0.0,0.0,293,0.0,0.0,-0.0,-0.0,2016-06-09,pass,"counterfactual_common_baseline_relative=max(0,final_yield-null)-I-5N"
FQ,Fengqiu,2016,DQN,,,recorded_farmer,2016,162,10,0.0,33.7,21.0,0.0,0.0,0.0,0.0,0.0,291,0.0,0.0,-0.0,-0.0,2016-06-10,pass,"counterfactual_common_baseline_relative=max(0,final_yield-null)-I-5N"
FQ,Fengqiu,2016,DQN,,,recorded_farmer,2016,163,11,0.0,31.2,22.6,1.0,0.0,0.0,0.0,0.0,363,75.0,0.0,-75.0,-75.0,2016-06-11,pass,"counterfactual_common_baseline_relative=max(0,final_yield-null)-I-5N"
FQ,Fengqiu,2016,DQN,,,recorded_farmer,2016,164,12,0.0,31.2,21.0,2.0,0.0,0.0,0.0,0.0,359,0.0,0.0,-0.0,-75.0,2016-06-12,pass,"counterfactual_common_baseline_relative=max(0,final_yield-null)-I-5N"
FQ,Fengqiu,2016,DQN,,,recorded_farmer,2016,165,13,0.0,34.4,21.5,3.0,0.0,0.0,0.0,0.0,357,0.0,0.0,-0.0,-75.0,2016-06-13,pass,"counterfactual_common_baseline_relative=max(0,final_yield-null)-I-5N"
FQ,Fengqiu,2016,DQN,,,recorded_farmer,2016,166,14,2.9,33.7,19.1,4.0,0.0,0.0,0.0,0.0,357,0.0,0.0,-0.0,-75.0,2016-06-14,pass,"counterfactual_common_baseline_relative=max(0,final_yield-null)-I-5N"
FQ,Fengqiu,2016,DQN,,,recorded_farmer,2016,167,15,0.0,30.2,19.8,5.0,0.0,32.0,0.0,0.012,356,0.0,0.0,-0.0,-75.0,2016-06-15,pass,"counterfactual_common_baseline_relative=max(0,final_yield-null)-I-5N"
FQ,Fengqiu,2016,DQN,,,recorded_farmer,2016,168,16,0.0,36.0,17.8,6.0,0.0,32.0,0.0,0.004,354,0.0,0.0,-0.0,-75.0,2016-06-16,pass,"counterfactual_common_baseline_relative=max(0,final_yield-null)-I-5N"
FQ,Fengqiu,2016,DQN,,,recorded_farmer,2016,169,17,0.0,36.8,22.9,7.0,0.0,32.0,0.0,0.0,350,0.0,0.0,-0.0,-75.0,2016-06-17,pass,"counterfactual_common_baseline_relative=max(0,final_yield-null)-I-5N"
FQ,Fengqiu,2016,DQN,,,recorded_farmer,2016,170,18,0.0,36.0,22.7,8.0,0.0,32.0,0.0,0.0,346,0.0,0.0,-0.0,-75.0,2016-06-18,pass,"counterfactual_common_baseline_relative=max(0,final_yield-null)-I-5N"
FQ,Fengqiu,2016,DQN,,,recorded_farmer,2016,171,19,0.0,37.4,23.7,9.0,0.0,32.0,0.0,0.0,343,0.0,0.0,-0.0,-75.0,2016-06-19,pass,"counterfactual_common_baseline_relative=max(0,final_yield-null)-I-5N"
FQ,Fengqiu,2016,DQN,,,recorded_farmer,2016,172,20,0.0,35.9,22.5,10.0,0.0,32.0,0.0,0.0,340,0.0,0.0,-0.0,-75.0,2016-06-20,pass,"counterfactual_common_baseline_relative=max(0,final_yield-null)-I-5N"
FQ,Fengqiu,2016,DQN,,,recorded_farmer,2016,173,21,1.3,36.0,24.5,11.0,0.0,26.0,0.0,0.0,340,0.0,0.0,-0.0,-75.0,2016-06-21,pass,"counterfactual_common_baseline_relative=max(0,final_yield-null)-I-5N"
FQ,Fengqiu,2016,DQN,,,recorded_farmer,2016,174,22,0.0,37.7,24.0,12.0,0.0,32.0,0.0,0.0,336,0.0,0.0,-0.0,-75.0,2016-06-22,pass,"counterfactual_common_baseline_relative=max(0,final_yield-null)-I-5N"
FQ,Fengqiu,2016,DQN,,,recorded_farmer,2016,175,23,23.6,31.2,19.3,13.0,0.0,34.0,0.0,0.0,357,0.0,0.0,-0.0,-75.0,2016-06-23,pass,"counterfactual_common_baseline_relative=max(0,final_yield-null)-I-5N"
FQ,Fengqiu,2016,DQN,,,recorded_farmer,2016,176,24,0.0,32.1,18.3,14.0,0.0,41.0,0.0,0.0,347,0.0,0.0,-0.0,-75.0,2016-06-24,pass,"counterfactual_common_baseline_relative=max(0,final_yield-null)-I-5N"
FQ,Fengqiu,2016,DQN,,,recorded_farmer,2016,177,25,0.0,34.0,17.5,15.0,0.0,49.0,0.0,0.0,341,0.0,0.0,-0.0,-75.0,2016-06-25,pass,"counterfactual_common_baseline_relative=max(0,final_yield-null)-I-5N"
FQ,Fengqiu,2016,DQN,,,recorded_farmer,2016,178,26,0.0,34.3,17.1,16.0,0.0,59.0,0.0,0.0,337,0.0,0.0,-0.0,-75.0,2016-06-26,pass,"counterfactual_common_baseline_relative=max(0,final_yield-null)-I-5N"
FQ,Fengqiu,2016,DQN,,,recorded_farmer,2016,179,27,0.0,31.4,20.8,17.0,0.0,69.0,0.0,0.0,333,0.0,0.0,-0.0,-75.0,2016-06-27,pass,"counterfactual_common_baseline_relative=max(0,final_yield-null)-I-5N"
FQ,Fengqiu,2016,DQN,,,recorded_farmer,2016,180,28,0.0,33.0,20.1,18.0,0.0,82.0,0.0,0.0,330,0.0,0.0,-0.0,-75.0,2016-06-28,pass,"counterfactual_common_baseline_relative=max(0,final_yield-null)-I-5N"
FQ,Fengqiu,2016,DQN,,,recorded_farmer,2016,181,29,3.3,35.0,19.1,19.0,0.0,96.0,0.0,0.0,330,0.0,0.0,-0.0,-75.0,2016-06-29,pass,"counterfactual_common_baseline_relative=max(0,final_yield-null)-I-5N"
FQ,Fengqiu,2016,DQN,,,recorded_farmer,2016,182,30,0.0,32.4,24.6,20.0,0.0,113.0,0.0,0.0,326,0.0,0.0,-0.0,-75.0,2016-06-30,pass,"counterfactual_common_baseline_relative=max(0,final_yield-null)-I-5N"
FQ,Fengqiu,2016,DQN,,,recorded_farmer,2016,183,31,1.1,31.2,23.4,21.0,0.0,130.0,0.0,0.0,326,0.0,0.0,-0.0,-75.0,2016-07-01,pass,"counterfactual_common_baseline_relative=max(0,final_yield-null)-I-5N"
FQ,Fengqiu,2016,DQN,,,recorded_farmer,2016,184,32,0.0,33.7,22.5,22.0,0.0,151.0,0.0,0.0,322,0.0,0.0,-0.0,-75.0,2016-07-02,pass,"counterfactual_common_baseline_relative=max(0,final_yield-null)-I-5N"
FQ,Fengqiu,2016,DQN,,,recorded_farmer,2016,185,33,0.0,32.8,22.3,23.0,0.0,174.0,0.0,0.0,319,0.0,0.0,-0.0,-75.0,2016-07-03,pass,"counterfactual_common_baseline_relative=max(0,final_yield-null)-I-5N"
FQ,Fengqiu,2016,DQN,,,recorded_farmer,2016,186,34,0.0,30.7,23.8,24.0,0.0,198.0,0.0,0.0,316,0.0,0.0,-0.0,-75.0,2016-07-04,pass,"counterfactual_common_baseline_relative=max(0,final_yield-null)-I-5N"
FQ,Fengqiu,2016,DQN,,,recorded_farmer,2016,187,35,0.0,32.2,20.1,25.0,0.0,225.0,0.0,0.0,313,0.0,0.0,-0.0,-75.0,2016-07-05,pass,"counterfactual_common_baseline_relative=max(0,final_yield-null)-I-5N"
FQ,Fengqiu,2016,DQN,,,recorded_farmer,2016,188,36,0.0,32.3,19.6,26.0,0.0,254.0,0.0,0.0,310,0.0,0.0,-0.0,-75.0,2016-07-06,pass,"counterfactual_common_baseline_relative=max(0,final_yield-null)-I-5N"
FQ,Fengqiu,2016,DQN,,,recorded_farmer,2016,189,37,0.0,32.4,24.1,27.0,0.0,289.0,0.0,0.0,308,0.0,0.0,-0.0,-75.0,2016-07-07,pass,"counterfactual_common_baseline_relative=max(0,final_yield-null)-I-5N"
FQ,Fengqiu,2016,DQN,,,recorded_farmer,2016,190,38,0.0,33.3,23.3,28.0,0.0,330.0,0.0,0.0,305,0.0,0.0,-0.0,-75.0,2016-07-08,pass,"counterfactual_common_baseline_relative=max(0,final_yield-null)-I-5N"
FQ,Fengqiu,2016,DQN,,,recorded_farmer,2016,191,39,9.7,28.8,24.7,29.0,0.0,358.0,0.0,0.0,313,0.0,0.0,-0.0,-75.0,2016-07-09,pass,"counterfactual_common_baseline_relative=max(0,final_yield-null)-I-5N"
FQ,Fengqiu,2016,DQN,,,recorded_farmer,2016,192,40,0.0,32.5,24.2,30.0,0.0,408.0,0.0,0.0,309,0.0,144.0,-720.0,-795.0,2016-07-10,pass,"counterfactual_common_baseline_relative=max(0,final_yield-null)-I-5N"
FQ,Fengqiu,2016,DQN,,,recorded_farmer,2016,193,41,0.0,34.1,21.9,31.0,0.0,463.0,0.0,0.0,305,0.0,0.0,-0.0,-795.0,2016-07-11,pass,"counterfactual_common_baseline_relative=max(0,final_yield-null)-I-5N"
FQ,Fengqiu,2016,DQN,,,recorded_farmer,2016,194,42,0.0,33.7,24.2,32.0,0.0,526.0,0.0,0.0,303,0.0,0.0,-0.0,-795.0,2016-07-12,pass,"counterfactual_common_baseline_relative=max(0,final_yield-null)-I-5N"
FQ,Fengqiu,2016,DQN,,,recorded_farmer,2016,195,43,0.6,31.5,23.2,33.0,0.0,591.0,0.0,0.0,299,0.0,0.0,-0.0,-795.0,2016-07-13,pass,"counterfactual_common_baseline_relative=max(0,final_yield-null)-I-5N"
FQ,Fengqiu,2016,DQN,,,recorded_farmer,2016,196,44,6.5,27.8,23.1,34.0,0.0,627.0,0.0,0.0,305,0.0,0.0,-0.0,-795.0,2016-07-14,pass,"counterfactual_common_baseline_relative=max(0,final_yield-null)-I-5N"
FQ,Fengqiu,2016,DQN,,,recorded_farmer,2016,197,45,33.0,23.1,18.8,35.0,0.0,677.0,0.0,0.0,329,0.0,0.0,-0.0,-795.0,2016-07-15,pass,"counterfactual_common_baseline_relative=max(0,final_yield-null)-I-5N"
FQ,Fengqiu,2016,DQN,,,recorded_farmer,2016,198,46,0.0,27.6,18.4,36.0,0.0,740.0,0.0,0.0,326,0.0,0.0,-0.0,-795.0,2016-07-16,pass,"counterfactual_common_baseline_relative=max(0,final_yield-null)-I-5N"
FQ,Fengqiu,2016,DQN,,,recorded_farmer,2016,199,47,1.0,30.6,21.3,37.0,0.0,821.0,0.0,0.0,323,0.0,0.0,-0.0,-795.0,2016-07-17,pass,"counterfactual_common_baseline_relative=max(0,final_yield-null)-I-5N"
FQ,Fengqiu,2016,DQN,,,recorded_farmer,2016,200,48,0.0,30.6,21.8,38.0,0.0,911.0,0.0,0.0,320,0.0,0.0,-0.0,-795.0,2016-07-18,pass,"counterfactual_common_baseline_relative=max(0,final_yield-null)-I-5N"
FQ,Fengqiu,2016,DQN,,,recorded_farmer,2016,201,49,43.0,29.3,24.6,39.0,0.0,964.0,0.0,0.0,346,0.0,0.0,-0.0,-795.0,2016-07-19,pass,"counterfactual_common_baseline_relative=max(0,final_yield-null)-I-5N"
FQ,Fengqiu,2016,DQN,,,recorded_farmer,2016,202,50,28.0,29.5,22.4,40.0,0.0,1069.0,0.0,0.0,362,0.0,0.0,-0.0,-795.0,2016-07-20,pass,"counterfactual_common_baseline_relative=max(0,final_yield-null)-I-5N"
FQ,Fengqiu,2016,DQN,,,recorded_farmer,2016,203,51,0.0,32.6,23.8,41.0,0.0,1320.0,0.0,0.0,355,0.0,0.0,-0.0,-795.0,2016-07-21,pass,"counterfactual_common_baseline_relative=max(0,final_yield-null)-I-5N"
FQ,Fengqiu,2016,DQN,,,recorded_farmer,2016,204,52,0.0,35.3,25.9,42.0,0.0,1592.0,0.0,0.0,347,0.0,0.0,-0.0,-795.0,2016-07-22,pass,"counterfactual_common_baseline_relative=max(0,final_yield-null)-I-5N"
FQ,Fengqiu,2016,DQN,,,recorded_farmer,2016,205,53,0.0,35.4,27.2,43.0,0.0,1885.0,0.0,0.0,340,0.0,0.0,-0.0,-795.0,2016-07-23,pass,"counterfactual_common_baseline_relative=max(0,final_yield-null)-I-5N"
FQ,Fengqiu,2016,DQN,,,recorded_farmer,2016,206,54,0.0,35.7,26.7,44.0,0.0,2184.0,0.0,0.0,333,0.0,0.0,-0.0,-795.0,2016-07-24,pass,"counterfactual_common_baseline_relative=max(0,final_yield-null)-I-5N"
FQ,Fengqiu,2016,DQN,,,recorded_farmer,2016,207,55,0.0,35.5,27.4,45.0,0.0,2418.0,0.0,0.0,328,0.0,0.0,-0.0,-795.0,2016-07-25,pass,"counterfactual_common_baseline_relative=max(0,final_yield-null)-I-5N"
FQ,Fengqiu,2016,DQN,,,recorded_farmer,2016,208,56,0.0,35.1,23.7,46.0,0.0,2691.0,0.0,0.0,322,0.0,0.0,-0.0,-795.0,2016-07-26,pass,"counterfactual_common_baseline_relative=max(0,final_yield-null)-I-5N"
FQ,Fengqiu,2016,DQN,,,recorded_farmer,2016,209,57,0.0,32.6,25.8,47.0,0.0,2865.0,0.0,0.0,318,0.0,0.0,-0.0,-795.0,2016-07-27,pass,"counterfactual_common_baseline_relative=max(0,final_yield-null)-I-5N"
FQ,Fengqiu,2016,DQN,,,recorded_farmer,2016,210,58,0.0,35.6,24.1,48.0,0.0,3138.0,0.0,0.0,312,0.0,0.0,-0.0,-795.0,2016-07-28,pass,"counterfactual_common_baseline_relative=max(0,final_yield-null)-I-5N"
FQ,Fengqiu,2016,DQN,,,recorded_farmer,2016,211,59,0.0,36.5,23.7,49.0,0.0,3409.0,0.0,0.0,306,0.0,0.0,-0.0,-795.0,2016-07-29,pass,"counterfactual_common_baseline_relative=max(0,final_yield-null)-I-5N"
FQ,Fengqiu,2016,DQN,,,recorded_farmer,2016,212,60,0.0,36.0,27.0,50.0,0.0,3649.0,0.0,0.0,302,0.0,0.0,-0.0,-795.0,2016-07-30,pass,"counterfactual_common_baseline_relative=max(0,final_yield-null)-I-5N"
FQ,Fengqiu,2016,DQN,,,recorded_farmer,2016,213,61,0.0,34.9,24.0,51.0,0.0,3918.0,0.0,0.0,296,0.0,0.0,-0.0,-795.0,2016-07-31,pass,"counterfactual_common_baseline_relative=max(0,final_yield-null)-I-5N"
FQ,Fengqiu,2016,DQN,,,recorded_farmer,2016,214,62,0.0,33.5,25.6,52.0,0.0,4190.0,0.0,0.0,292,0.0,0.0,-0.0,-795.0,2016-08-01,pass,"counterfactual_common_baseline_relative=max(0,final_yield-null)-I-5N"
FQ,Fengqiu,2016,DQN,,,recorded_farmer,2016,215,63,0.0,32.5,24.0,53.0,0.0,4445.0,0.0,0.0,288,0.0,0.0,-0.0,-795.0,2016-08-02,pass,"counterfactual_common_baseline_relative=max(0,final_yield-null)-I-5N"
FQ,Fengqiu,2016,DQN,,,recorded_farmer,2016,216,64,3.1,31.6,23.6,54.0,0.0,4693.0,0.0,0.0,286,0.0,0.0,-0.0,-795.0,2016-08-03,pass,"counterfactual_common_baseline_relative=max(0,final_yield-null)-I-5N"
FQ,Fengqiu,2016,DQN,,,recorded_farmer,2016,217,65,1.4,31.6,24.1,55.0,0.0,4928.0,0.0,0.0,284,0.0,0.0,-0.0,-795.0,2016-08-04,pass,"counterfactual_common_baseline_relative=max(0,final_yield-null)-I-5N"
FQ,Fengqiu,2016,DQN,,,recorded_farmer,2016,218,66,0.0,33.0,23.5,56.0,0.0,5165.0,0.0,0.0,280,0.0,0.0,-0.0,-795.0,2016-08-05,pass,"counterfactual_common_baseline_relative=max(0,final_yield-null)-I-5N"
FQ,Fengqiu,2016,DQN,,,recorded_farmer,2016,219,67,44.6,28.6,23.0,57.0,0.0,5284.0,0.0,0.0,311,0.0,0.0,-0.0,-795.0,2016-08-06,pass,"counterfactual_common_baseline_relative=max(0,final_yield-null)-I-5N"
FQ,Fengqiu,2016,DQN,,,recorded_farmer,2016,220,68,0.0,31.7,23.0,58.0,0.0,5477.0,0.0,0.0,307,0.0,0.0,-0.0,-795.0,2016-08-07,pass,"counterfactual_common_baseline_relative=max(0,final_yield-null)-I-5N"
FQ,Fengqiu,2016,DQN,,,recorded_farmer,2016,221,69,2.8,26.6,23.1,59.0,0.0,5597.0,0.0,0.0,308,0.0,0.0,-0.0,-795.0,2016-08-08,pass,"counterfactual_common_baseline_relative=max(0,final_yield-null)-I-5N"
FQ,Fengqiu,2016,DQN,,,recorded_farmer,2016,222,70,0.4,30.5,23.1,60.0,0.0,5746.0,0.0,0.0,306,0.0,0.0,-0.0,-795.0,2016-08-09,pass,"counterfactual_common_baseline_relative=max(0,final_yield-null)-I-5N"
FQ,Fengqiu,2016,DQN,,,recorded_farmer,2016,223,71,0.0,33.8,23.3,61.0,0.0,6011.0,0.0,0.0,301,0.0,0.0,-0.0,-795.0,2016-08-10,pass,"counterfactual_common_baseline_relative=max(0,final_yield-null)-I-5N"
FQ,Fengqiu,2016,DQN,,,recorded_farmer,2016,224,72,0.0,34.5,24.5,62.0,0.0,6313.0,0.0,0.0,295,0.0,0.0,-0.0,-795.0,2016-08-11,pass,"counterfactual_common_baseline_relative=max(0,final_yield-null)-I-5N"
FQ,Fengqiu,2016,DQN,,,recorded_farmer,2016,225,73,0.0,36.1,25.4,63.0,0.0,6597.0,0.0,0.0,289,0.0,0.0,-0.0,-795.0,2016-08-12,pass,"counterfactual_common_baseline_relative=max(0,final_yield-null)-I-5N"
FQ,Fengqiu,2016,DQN,,,recorded_farmer,2016,226,74,0.0,35.5,24.9,64.0,0.0,6861.0,0.0,0.0,284,0.0,0.0,-0.0,-795.0,2016-08-13,pass,"counterfactual_common_baseline_relative=max(0,final_yield-null)-I-5N"
FQ,Fengqiu,2016,DQN,,,recorded_farmer,2016,227,75,0.0,34.8,27.0,65.0,212.0,7073.0,0.0,0.0,280,0.0,0.0,-0.0,-795.0,2016-08-14,pass,"counterfactual_common_baseline_relative=max(0,final_yield-null)-I-5N"
FQ,Fengqiu,2016,DQN,,,recorded_farmer,2016,228,76,0.0,29.8,23.4,66.0,625.0,7311.0,0.0,0.0,276,0.0,0.0,-0.0,-795.0,2016-08-15,pass,"counterfactual_common_baseline_relative=max(0,final_yield-null)-I-5N"
FQ,Fengqiu,2016,DQN,,,recorded_farmer,2016,229,77,0.0,26.7,21.5,67.0,1039.0,7450.0,0.0,0.0,274,0.0,0.0,-0.0,-795.0,2016-08-16,pass,"counterfactual_common_baseline_relative=max(0,final_yield-null)-I-5N"
FQ,Fengqiu,2016,DQN,,,recorded_farmer,2016,230,78,0.0,30.9,22.2,68.0,1452.0,7674.0,0.0,0.0,271,0.0,0.0,-0.0,-795.0,2016-08-17,pass,"counterfactual_common_baseline_relative=max(0,final_yield-null)-I-5N"
FQ,Fengqiu,2016,DQN,,,recorded_farmer,2016,231,79,0.0,34.5,23.6,69.0,1760.0,7996.0,0.0,0.0,266,0.0,0.0,-0.0,-795.0,2016-08-18,pass,"counterfactual_common_baseline_relative=max(0,final_yield-null)-I-5N"
FQ,Fengqiu,2016,DQN,,,recorded_farmer,2016,232,80,0.0,28.8,25.1,70.0,1845.0,7921.0,0.0,0.0,265,0.0,0.0,-0.0,-795.0,2016-08-19,pass,"counterfactual_common_baseline_relative=max(0,final_yield-null)-I-5N"
FQ,Fengqiu,2016,DQN,,,recorded_farmer,2016,233,81,0.0,29.8,23.5,71.0,2059.0,8134.0,0.0,0.0,262,0.0,0.0,-0.0,-795.0,2016-08-20,pass,"counterfactual_common_baseline_relative=max(0,final_yield-null)-I-5N"
FQ,Fengqiu,2016,DQN,,,recorded_farmer,2016,234,82,0.0,31.4,20.4,72.0,2437.0,8513.0,0.0,0.0,256,0.0,0.0,-0.0,-795.0,2016-08-21,pass,"counterfactual_common_baseline_relative=max(0,final_yield-null)-I-5N"
FQ,Fengqiu,2016,DQN,,,recorded_farmer,2016,235,83,0.0,32.5,23.1,73.0,2755.0,8831.0,0.0,0.0,251,0.0,0.0,-0.0,-795.0,2016-08-22,pass,"counterfactual_common_baseline_relative=max(0,final_yield-null)-I-5N"
FQ,Fengqiu,2016,DQN,,,recorded_farmer,2016,236,84,0.0,33.1,25.3,74.0,2980.0,9056.0,0.0,0.0,248,0.0,0.0,-0.0,-795.0,2016-08-23,pass,"counterfactual_common_baseline_relative=max(0,final_yield-null)-I-5N"
FQ,Fengqiu,2016,DQN,,,recorded_farmer,2016,237,85,0.0,34.6,25.0,75.0,3249.0,9327.0,0.0,0.0,243,0.0,0.0,-0.0,-795.0,2016-08-24,pass,"counterfactual_common_baseline_relative=max(0,final_yield-null)-I-5N"
FQ,Fengqiu,2016,DQN,,,recorded_farmer,2016,238,86,14.0,31.1,21.9,76.0,3343.0,9419.0,0.0,0.0,256,0.0,0.0,-0.0,-795.0,2016-08-25,pass,"counterfactual_common_baseline_relative=max(0,final_yield-null)-I-5N"
FQ,Fengqiu,2016,DQN,,,recorded_farmer,2016,239,87,0.0,27.8,19.1,77.0,3663.0,9739.0,0.0,0.0,251,0.0,0.0,-0.0,-795.0,2016-08-26,pass,"counterfactual_common_baseline_relative=max(0,final_yield-null)-I-5N"
FQ,Fengqiu,2016,DQN,,,recorded_farmer,2016,240,88,0.0,29.2,14.5,78.0,4066.0,10141.0,0.0,0.0,245,0.0,0.0,-0.0,-795.0,2016-08-27,pass,"counterfactual_common_baseline_relative=max(0,final_yield-null)-I-5N"
FQ,Fengqiu,2016,DQN,,,recorded_farmer,2016,241,89,0.0,31.0,14.2,79.0,4468.0,10544.0,0.0,0.0,239,0.0,0.0,-0.0,-795.0,2016-08-28,pass,"counterfactual_common_baseline_relative=max(0,final_yield-null)-I-5N"
FQ,Fengqiu,2016,DQN,,,recorded_farmer,2016,242,90,0.0,31.2,13.0,80.0,4841.0,10916.0,0.0,0.0,234,0.0,0.0,-0.0,-795.0,2016-08-29,pass,"counterfactual_common_baseline_relative=max(0,final_yield-null)-I-5N"
FQ,Fengqiu,2016,DQN,,,recorded_farmer,2016,243,91,0.0,31.1,15.2,81.0,5161.0,11237.0,0.0,0.0,229,0.0,0.0,-0.0,-795.0,2016-08-30,pass,"counterfactual_common_baseline_relative=max(0,final_yield-null)-I-5N"
FQ,Fengqiu,2016,DQN,,,recorded_farmer,2016,244,92,0.0,33.3,16.0,82.0,5517.0,11593.0,0.0,0.0,223,0.0,0.0,-0.0,-795.0,2016-08-31,pass,"counterfactual_common_baseline_relative=max(0,final_yield-null)-I-5N"
FQ,Fengqiu,2016,DQN,,,recorded_farmer,2016,245,93,0.0,33.9,16.0,83.0,5865.0,11941.0,0.0,0.0,218,0.0,0.0,-0.0,-795.0,2016-09-01,pass,"counterfactual_common_baseline_relative=max(0,final_yield-null)-I-5N"
FQ,Fengqiu,2016,DQN,,,recorded_farmer,2016,246,94,0.0,36.0,14.2,84.0,6214.0,12289.0,0.0,0.0,212,0.0,0.0,-0.0,-795.0,2016-09-02,pass,"counterfactual_common_baseline_relative=max(0,final_yield-null)-I-5N"
FQ,Fengqiu,2016,DQN,,,recorded_farmer,2016,247,95,0.0,29.8,17.3,85.0,6384.0,12460.0,0.0,0.0,210,0.0,0.0,-0.0,-795.0,2016-09-03,pass,"counterfactual_common_baseline_relative=max(0,final_yield-null)-I-5N"
FQ,Fengqiu,2016,DQN,,,recorded_farmer,2016,248,96,0.0,33.9,18.4,86.0,6642.0,12717.0,0.0,0.0,207,0.0,0.0,-0.0,-795.0,2016-09-04,pass,"counterfactual_common_baseline_relative=max(0,final_yield-null)-I-5N"
FQ,Fengqiu,2016,DQN,,,recorded_farmer,2016,249,97,0.0,34.0,16.5,87.0,6859.0,12934.0,0.0,0.0,204,0.0,0.0,-0.0,-795.0,2016-09-05,pass,"counterfactual_common_baseline_relative=max(0,final_yield-null)-I-5N"
FQ,Fengqiu,2016,DQN,,,recorded_farmer,2016,250,98,0.0,32.3,18.7,88.0,7043.0,13119.0,0.0,0.0,202,0.0,0.0,-0.0,-795.0,2016-09-06,pass,"counterfactual_common_baseline_relative=max(0,final_yield-null)-I-5N"
FQ,Fengqiu,2016,DQN,,,recorded_farmer,2016,251,99,1.2,30.5,19.1,89.0,7321.0,13396.0,0.0,0.0,200,0.0,0.0,-0.0,-795.0,2016-09-07,pass,"counterfactual_common_baseline_relative=max(0,final_yield-null)-I-5N"
FQ,Fengqiu,2016,DQN,,,recorded_farmer,2016,252,100,0.0,34.6,15.5,90.0,7569.0,13644.0,0.128,0.0,196,0.0,0.0,-0.0,-795.0,2016-09-08,pass,"counterfactual_common_baseline_relative=max(0,final_yield-null)-I-5N"
FQ,Fengqiu,2016,DQN,,,recorded_farmer,2016,253,101,3.3,34.3,16.3,91.0,7759.0,13834.0,0.0,0.0,197,0.0,0.0,-0.0,-795.0,2016-09-09,pass,"counterfactual_common_baseline_relative=max(0,final_yield-null)-I-5N"
FQ,Fengqiu,2016,DQN,,,recorded_farmer,2016,254,102,0.0,33.5,19.6,92.0,7933.0,14008.0,0.183,0.0,194,0.0,0.0,-0.0,-795.0,2016-09-10,pass,"counterfactual_common_baseline_relative=max(0,final_yield-null)-I-5N"
FQ,Fengqiu,2016,DQN,,,recorded_farmer,2016,255,103,0.0,32.9,17.2,93.0,7933.0,14008.0,0.373,0.0,191,0.0,0.0,-0.0,-795.0,2016-09-11,pass,"counterfactual_common_baseline_relative=max(0,final_yield-null)-I-5N"
FQ,Fengqiu,2016,DQN,,,recorded_farmer,2016,256,104,0.0,29.6,19.5,94.0,7933.0,14008.0,0.284,0.0,189,0.0,0.0,-0.0,-795.0,2016-09-12,pass,"counterfactual_common_baseline_relative=max(0,final_yield-null)-I-5N"
FQ,Fengqiu,2016,DQN,,,recorded_farmer,2016,257,105,38.0,27.1,19.0,95.0,7933.0,14008.0,0.0,0.0,220,0.0,0.0,-0.0,-795.0,2016-09-13,pass,"counterfactual_common_baseline_relative=max(0,final_yield-null)-I-5N"
FQ,Fengqiu,2016,DQN,,,recorded_farmer,2016,258,106,0.0,30.5,19.1,96.0,7933.0,14008.0,0.0,0.0,216,0.0,0.0,867.0,72.0,2016-09-14,pass,"counterfactual_common_baseline_relative=max(0,final_yield-null)-I-5N"
FQ,Fengqiu,2016,DQN,,,dssat_auto,2016,153,1,0.0,29.1,17.1,0.0,0.0,0.0,0.0,0.0,294,0.0,0.0,-0.0,-0.0,2016-06-01,pass,"counterfactual_common_baseline_relative=max(0,final_yield-null)-I-5N"
FQ,Fengqiu,2016,DQN,,,dssat_auto,2016,154,2,0.0,27.0,19.2,0.0,0.0,0.0,0.0,0.0,293,0.0,0.0,-0.0,-0.0,2016-06-02,pass,"counterfactual_common_baseline_relative=max(0,final_yield-null)-I-5N"
FQ,Fengqiu,2016,DQN,,,dssat_auto,2016,155,3,0.0,27.6,18.0,0.0,0.0,0.0,0.0,0.0,290,0.0,0.0,-0.0,-0.0,2016-06-03,pass,"counterfactual_common_baseline_relative=max(0,final_yield-null)-I-5N"
FQ,Fengqiu,2016,DQN,,,dssat_auto,2016,156,4,0.0,31.2,17.4,0.0,0.0,0.0,0.0,0.0,289,0.0,0.0,-0.0,-0.0,2016-06-04,pass,"counterfactual_common_baseline_relative=max(0,final_yield-null)-I-5N"
FQ,Fengqiu,2016,DQN,,,dssat_auto,2016,157,5,4.9,26.6,19.5,0.0,0.0,0.0,0.0,0.0,293,0.0,0.0,-0.0,-0.0,2016-06-05,pass,"counterfactual_common_baseline_relative=max(0,final_yield-null)-I-5N"
FQ,Fengqiu,2016,DQN,,,dssat_auto,2016,158,6,0.0,28.1,18.9,0.0,0.0,0.0,0.0,0.0,290,0.0,0.0,-0.0,-0.0,2016-06-06,pass,"counterfactual_common_baseline_relative=max(0,final_yield-null)-I-5N"
FQ,Fengqiu,2016,DQN,,,dssat_auto,2016,159,7,12.0,29.9,18.0,0.0,0.0,0.0,0.0,0.0,300,0.0,0.0,-0.0,-0.0,2016-06-07,pass,"counterfactual_common_baseline_relative=max(0,final_yield-null)-I-5N"
FQ,Fengqiu,2016,DQN,,,dssat_auto,2016,160,8,0.3,29.9,18.2,0.0,0.0,0.0,0.0,0.0,296,0.0,0.0,-0.0,-0.0,2016-06-08,pass,"counterfactual_common_baseline_relative=max(0,final_yield-null)-I-5N"
FQ,Fengqiu,2016,DQN,,,dssat_auto,2016,161,9,0.0,32.7,18.8,0.0,0.0,0.0,0.0,0.0,293,0.0,0.0,-0.0,-0.0,2016-06-09,pass,"counterfactual_common_baseline_relative=max(0,final_yield-null)-I-5N"
FQ,Fengqiu,2016,DQN,,,dssat_auto,2016,162,10,0.0,33.7,21.0,0.0,0.0,0.0,0.0,0.0,291,0.0,0.0,-0.0,-0.0,2016-06-10,pass,"counterfactual_common_baseline_relative=max(0,final_yield-null)-I-5N"
FQ,Fengqiu,2016,DQN,,,dssat_auto,2016,163,11,0.0,31.2,22.6,1.0,0.0,0.0,0.0,0.0,290,0.0,0.0,-0.0,-0.0,2016-06-11,pass,"counterfactual_common_baseline_relative=max(0,final_yield-null)-I-5N"
FQ,Fengqiu,2016,DQN,,,dssat_auto,2016,164,12,0.0,31.2,21.0,2.0,0.0,0.0,0.0,0.0,289,0.0,0.0,-0.0,-0.0,2016-06-12,pass,"counterfactual_common_baseline_relative=max(0,final_yield-null)-I-5N"
FQ,Fengqiu,2016,DQN,,,dssat_auto,2016,165,13,0.0,34.4,21.5,3.0,0.0,0.0,0.0,0.0,289,0.0,0.0,-0.0,-0.0,2016-06-13,pass,"counterfactual_common_baseline_relative=max(0,final_yield-null)-I-5N"
FQ,Fengqiu,2016,DQN,,,dssat_auto,2016,166,14,2.9,33.7,19.1,4.0,0.0,0.0,0.0,0.0,290,0.0,0.0,-0.0,-0.0,2016-06-14,pass,"counterfactual_common_baseline_relative=max(0,final_yield-null)-I-5N"
FQ,Fengqiu,2016,DQN,,,dssat_auto,2016,167,15,0.0,30.2,19.8,5.0,0.0,32.0,0.0,0.012,289,0.0,0.0,-0.0,-0.0,2016-06-15,pass,"counterfactual_common_baseline_relative=max(0,final_yield-null)-I-5N"
FQ,Fengqiu,2016,DQN,,,dssat_auto,2016,168,16,0.0,36.0,17.8,6.0,0.0,32.0,0.0,0.004,289,0.0,0.0,-0.0,-0.0,2016-06-16,pass,"counterfactual_common_baseline_relative=max(0,final_yield-null)-I-5N"
FQ,Fengqiu,2016,DQN,,,dssat_auto,2016,169,17,0.0,36.8,22.9,7.0,0.0,32.0,0.0,0.0,288,0.0,0.0,-0.0,-0.0,2016-06-17,pass,"counterfactual_common_baseline_relative=max(0,final_yield-null)-I-5N"
FQ,Fengqiu,2016,DQN,,,dssat_auto,2016,170,18,0.0,36.0,22.7,8.0,0.0,32.0,0.0,0.0,287,0.0,0.0,-0.0,-0.0,2016-06-18,pass,"counterfactual_common_baseline_relative=max(0,final_yield-null)-I-5N"
FQ,Fengqiu,2016,DQN,,,dssat_auto,2016,171,19,0.0,37.4,23.7,9.0,0.0,32.0,0.0,0.0,286,0.0,0.0,-0.0,-0.0,2016-06-19,pass,"counterfactual_common_baseline_relative=max(0,final_yield-null)-I-5N"
FQ,Fengqiu,2016,DQN,,,dssat_auto,2016,172,20,0.0,35.9,22.5,10.0,0.0,32.0,0.0,0.0,286,0.0,0.0,-0.0,-0.0,2016-06-20,pass,"counterfactual_common_baseline_relative=max(0,final_yield-null)-I-5N"
FQ,Fengqiu,2016,DQN,,,dssat_auto,2016,173,21,1.3,36.0,24.5,11.0,0.0,26.0,0.0,0.0,286,0.0,0.0,-0.0,-0.0,2016-06-21,pass,"counterfactual_common_baseline_relative=max(0,final_yield-null)-I-5N"
FQ,Fengqiu,2016,DQN,,,dssat_auto,2016,174,22,0.0,37.7,24.0,12.0,0.0,32.0,0.0,0.0,285,0.0,0.0,-0.0,-0.0,2016-06-22,pass,"counterfactual_common_baseline_relative=max(0,final_yield-null)-I-5N"
FQ,Fengqiu,2016,DQN,,,dssat_auto,2016,175,23,23.6,31.2,19.3,13.0,0.0,34.0,0.0,0.0,307,0.0,0.0,-0.0,-0.0,2016-06-23,pass,"counterfactual_common_baseline_relative=max(0,final_yield-null)-I-5N"
FQ,Fengqiu,2016,DQN,,,dssat_auto,2016,176,24,0.0,32.1,18.3,14.0,0.0,41.0,0.0,0.0,300,0.0,0.0,-0.0,-0.0,2016-06-24,pass,"counterfactual_common_baseline_relative=max(0,final_yield-null)-I-5N"
FQ,Fengqiu,2016,DQN,,,dssat_auto,2016,177,25,0.0,34.0,17.5,15.0,0.0,49.0,0.0,0.0,297,0.0,0.0,-0.0,-0.0,2016-06-25,pass,"counterfactual_common_baseline_relative=max(0,final_yield-null)-I-5N"
FQ,Fengqiu,2016,DQN,,,dssat_auto,2016,178,26,0.0,34.3,17.1,16.0,0.0,59.0,0.0,0.0,295,0.0,0.0,-0.0,-0.0,2016-06-26,pass,"counterfactual_common_baseline_relative=max(0,final_yield-null)-I-5N"
FQ,Fengqiu,2016,DQN,,,dssat_auto,2016,179,27,0.0,31.4,20.8,17.0,0.0,70.0,0.0,0.0,293,0.0,0.0,-0.0,-0.0,2016-06-27,pass,"counterfactual_common_baseline_relative=max(0,final_yield-null)-I-5N"
FQ,Fengqiu,2016,DQN,,,dssat_auto,2016,180,28,0.0,33.0,20.1,18.0,0.0,82.0,0.0,0.0,292,0.0,0.0,-0.0,-0.0,2016-06-28,pass,"counterfactual_common_baseline_relative=max(0,final_yield-null)-I-5N"
FQ,Fengqiu,2016,DQN,,,dssat_auto,2016,181,29,3.3,35.0,19.1,19.0,0.0,97.0,0.0,0.0,292,0.0,0.0,-0.0,-0.0,2016-06-29,pass,"counterfactual_common_baseline_relative=max(0,final_yield-null)-I-5N"
FQ,Fengqiu,2016,DQN,,,dssat_auto,2016,182,30,0.0,32.4,24.6,20.0,0.0,113.0,0.0,0.0,290,0.0,0.0,-0.0,-0.0,2016-06-30,pass,"counterfactual_common_baseline_relative=max(0,final_yield-null)-I-5N"
FQ,Fengqiu,2016,DQN,,,dssat_auto,2016,183,31,1.1,31.2,23.4,21.0,0.0,131.0,0.0,0.0,290,0.0,0.0,-0.0,-0.0,2016-07-01,pass,"counterfactual_common_baseline_relative=max(0,final_yield-null)-I-5N"
FQ,Fengqiu,2016,DQN,,,dssat_auto,2016,184,32,0.0,33.7,22.5,22.0,0.0,152.0,0.0,0.0,288,0.0,0.0,-0.0,-0.0,2016-07-02,pass,"counterfactual_common_baseline_relative=max(0,final_yield-null)-I-5N"
FQ,Fengqiu,2016,DQN,,,dssat_auto,2016,185,33,0.0,32.8,22.3,23.0,0.0,174.0,0.0,0.0,286,0.0,0.0,-0.0,-0.0,2016-07-03,pass,"counterfactual_common_baseline_relative=max(0,final_yield-null)-I-5N"
FQ,Fengqiu,2016,DQN,,,dssat_auto,2016,186,34,0.0,30.7,23.8,24.0,0.0,199.0,0.0,0.0,285,0.0,0.0,-0.0,-0.0,2016-07-04,pass,"counterfactual_common_baseline_relative=max(0,final_yield-null)-I-5N"
FQ,Fengqiu,2016,DQN,,,dssat_auto,2016,187,35,0.0,32.2,20.1,25.0,0.0,225.0,0.0,0.0,283,0.0,0.0,-0.0,-0.0,2016-07-05,pass,"counterfactual_common_baseline_relative=max(0,final_yield-null)-I-5N"
FQ,Fengqiu,2016,DQN,,,dssat_auto,2016,188,36,0.0,32.3,19.6,26.0,0.0,254.0,0.0,0.0,281,0.0,0.0,-0.0,-0.0,2016-07-06,pass,"counterfactual_common_baseline_relative=max(0,final_yield-null)-I-5N"
FQ,Fengqiu,2016,DQN,,,dssat_auto,2016,189,37,0.0,32.4,24.1,27.0,0.0,290.0,0.0,0.0,279,0.0,0.0,-0.0,-0.0,2016-07-07,pass,"counterfactual_common_baseline_relative=max(0,final_yield-null)-I-5N"
FQ,Fengqiu,2016,DQN,,,dssat_auto,2016,190,38,0.0,33.3,23.3,28.0,0.0,330.0,0.0,0.0,277,0.0,0.0,-0.0,-0.0,2016-07-08,pass,"counterfactual_common_baseline_relative=max(0,final_yield-null)-I-5N"
FQ,Fengqiu,2016,DQN,,,dssat_auto,2016,191,39,9.7,28.8,24.7,29.0,0.0,359.0,0.0,0.0,286,0.0,0.0,-0.0,-0.0,2016-07-09,pass,"counterfactual_common_baseline_relative=max(0,final_yield-null)-I-5N"
FQ,Fengqiu,2016,DQN,,,dssat_auto,2016,192,40,0.0,32.5,24.2,30.0,0.0,408.0,0.0,0.0,282,0.0,0.0,-0.0,-0.0,2016-07-10,pass,"counterfactual_common_baseline_relative=max(0,final_yield-null)-I-5N"
FQ,Fengqiu,2016,DQN,,,dssat_auto,2016,193,41,0.0,34.1,21.9,31.0,0.0,464.0,0.0,0.0,279,0.0,0.0,-0.0,-0.0,2016-07-11,pass,"counterfactual_common_baseline_relative=max(0,final_yield-null)-I-5N"
FQ,Fengqiu,2016,DQN,,,dssat_auto,2016,194,42,0.0,33.7,24.2,32.0,0.0,526.0,0.0,0.0,276,0.0,0.0,-0.0,-0.0,2016-07-12,pass,"counterfactual_common_baseline_relative=max(0,final_yield-null)-I-5N"
FQ,Fengqiu,2016,DQN,,,dssat_auto,2016,195,43,0.6,31.5,23.2,33.0,0.0,592.0,0.0,0.0,273,0.0,0.0,-0.0,-0.0,2016-07-13,pass,"counterfactual_common_baseline_relative=max(0,final_yield-null)-I-5N"
FQ,Fengqiu,2016,DQN,,,dssat_auto,2016,196,44,6.5,27.8,23.1,34.0,0.0,628.0,0.0,0.0,279,0.0,0.0,-0.0,-0.0,2016-07-14,pass,"counterfactual_common_baseline_relative=max(0,final_yield-null)-I-5N"
FQ,Fengqiu,2016,DQN,,,dssat_auto,2016,197,45,33.0,23.1,18.8,35.0,0.0,678.0,0.0,0.0,304,0.0,0.0,-0.0,-0.0,2016-07-15,pass,"counterfactual_common_baseline_relative=max(0,final_yield-null)-I-5N"
FQ,Fengqiu,2016,DQN,,,dssat_auto,2016,198,46,0.0,27.6,18.4,36.0,0.0,741.0,0.0,0.0,301,0.0,0.0,-0.0,-0.0,2016-07-16,pass,"counterfactual_common_baseline_relative=max(0,final_yield-null)-I-5N"
FQ,Fengqiu,2016,DQN,,,dssat_auto,2016,199,47,1.0,30.6,21.3,37.0,0.0,824.0,0.0,0.0,298,0.0,0.0,-0.0,-0.0,2016-07-17,pass,"counterfactual_common_baseline_relative=max(0,final_yield-null)-I-5N"
FQ,Fengqiu,2016,DQN,,,dssat_auto,2016,200,48,0.0,30.6,21.8,38.0,0.0,913.0,0.0,0.0,295,0.0,0.0,-0.0,-0.0,2016-07-18,pass,"counterfactual_common_baseline_relative=max(0,final_yield-null)-I-5N"
FQ,Fengqiu,2016,DQN,,,dssat_auto,2016,201,49,43.0,29.3,24.6,39.0,0.0,967.0,0.0,0.0,322,0.0,0.0,-0.0,-0.0,2016-07-19,pass,"counterfactual_common_baseline_relative=max(0,final_yield-null)-I-5N"
FQ,Fengqiu,2016,DQN,,,dssat_auto,2016,202,50,28.0,29.5,22.4,40.0,0.0,1072.0,0.0,0.0,338,0.0,0.0,-0.0,-0.0,2016-07-20,pass,"counterfactual_common_baseline_relative=max(0,final_yield-null)-I-5N"
FQ,Fengqiu,2016,DQN,,,dssat_auto,2016,203,51,0.0,32.6,23.8,41.0,0.0,1323.0,0.0,0.0,332,0.0,0.0,-0.0,-0.0,2016-07-21,pass,"counterfactual_common_baseline_relative=max(0,final_yield-null)-I-5N"
FQ,Fengqiu,2016,DQN,,,dssat_auto,2016,204,52,0.0,35.3,25.9,42.0,0.0,1595.0,0.0,0.0,326,0.0,0.0,-0.0,-0.0,2016-07-22,pass,"counterfactual_common_baseline_relative=max(0,final_yield-null)-I-5N"
FQ,Fengqiu,2016,DQN,,,dssat_auto,2016,205,53,0.0,35.4,27.2,43.0,0.0,1888.0,0.0,0.0,320,0.0,0.0,-0.0,-0.0,2016-07-23,pass,"counterfactual_common_baseline_relative=max(0,final_yield-null)-I-5N"
FQ,Fengqiu,2016,DQN,,,dssat_auto,2016,206,54,0.0,35.7,26.7,44.0,0.0,2187.0,0.0,0.0,313,0.0,0.0,-0.0,-0.0,2016-07-24,pass,"counterfactual_common_baseline_relative=max(0,final_yield-null)-I-5N"
FQ,Fengqiu,2016,DQN,,,dssat_auto,2016,207,55,0.0,35.5,27.4,45.0,0.0,2422.0,0.0,0.0,308,0.0,0.0,-0.0,-0.0,2016-07-25,pass,"counterfactual_common_baseline_relative=max(0,final_yield-null)-I-5N"
FQ,Fengqiu,2016,DQN,,,dssat_auto,2016,208,56,0.0,35.1,23.7,46.0,0.0,2694.0,0.0,0.0,302,0.0,0.0,-0.0,-0.0,2016-07-26,pass,"counterfactual_common_baseline_relative=max(0,final_yield-null)-I-5N"
FQ,Fengqiu,2016,DQN,,,dssat_auto,2016,209,57,0.0,32.6,25.8,47.0,0.0,2868.0,0.0,0.0,299,0.0,0.0,-0.0,-0.0,2016-07-27,pass,"counterfactual_common_baseline_relative=max(0,final_yield-null)-I-5N"
FQ,Fengqiu,2016,DQN,,,dssat_auto,2016,210,58,0.0,35.6,24.1,48.0,0.0,3141.0,0.0,0.0,293,0.0,0.0,-0.0,-0.0,2016-07-28,pass,"counterfactual_common_baseline_relative=max(0,final_yield-null)-I-5N"
FQ,Fengqiu,2016,DQN,,,dssat_auto,2016,211,59,0.0,36.5,23.7,49.0,0.0,3412.0,0.0,0.0,287,0.0,0.0,-0.0,-0.0,2016-07-29,pass,"counterfactual_common_baseline_relative=max(0,final_yield-null)-I-5N"
FQ,Fengqiu,2016,DQN,,,dssat_auto,2016,212,60,0.0,36.0,27.0,50.0,0.0,3653.0,0.0,0.0,282,0.0,0.0,-0.0,-0.0,2016-07-30,pass,"counterfactual_common_baseline_relative=max(0,final_yield-null)-I-5N"
FQ,Fengqiu,2016,DQN,,,dssat_auto,2016,213,61,0.0,34.9,24.0,51.0,0.0,3922.0,0.0,0.0,277,0.0,0.0,-0.0,-0.0,2016-07-31,pass,"counterfactual_common_baseline_relative=max(0,final_yield-null)-I-5N"
FQ,Fengqiu,2016,DQN,,,dssat_auto,2016,214,62,0.0,33.5,25.6,52.0,0.0,4193.0,0.0,0.0,272,0.0,0.0,-0.0,-0.0,2016-08-01,pass,"counterfactual_common_baseline_relative=max(0,final_yield-null)-I-5N"
FQ,Fengqiu,2016,DQN,,,dssat_auto,2016,215,63,0.0,32.5,24.0,53.0,0.0,4449.0,0.0,0.0,268,0.0,0.0,-0.0,-0.0,2016-08-02,pass,"counterfactual_common_baseline_relative=max(0,final_yield-null)-I-5N"
FQ,Fengqiu,2016,DQN,,,dssat_auto,2016,216,64,3.1,31.6,23.6,54.0,0.0,4697.0,0.0,0.0,266,0.0,0.0,-0.0,-0.0,2016-08-03,pass,"counterfactual_common_baseline_relative=max(0,final_yield-null)-I-5N"
FQ,Fengqiu,2016,DQN,,,dssat_auto,2016,217,65,1.4,31.6,24.1,55.0,0.0,4932.0,0.0,0.0,264,0.0,0.0,-0.0,-0.0,2016-08-04,pass,"counterfactual_common_baseline_relative=max(0,final_yield-null)-I-5N"
FQ,Fengqiu,2016,DQN,,,dssat_auto,2016,218,66,0.0,33.0,23.5,56.0,0.0,5170.0,0.0,0.0,260,0.0,0.0,-0.0,-0.0,2016-08-05,pass,"counterfactual_common_baseline_relative=max(0,final_yield-null)-I-5N"
FQ,Fengqiu,2016,DQN,,,dssat_auto,2016,219,67,44.6,28.6,23.0,57.0,0.0,5288.0,0.0,0.0,291,0.0,0.0,-0.0,-0.0,2016-08-06,pass,"counterfactual_common_baseline_relative=max(0,final_yield-null)-I-5N"
FQ,Fengqiu,2016,DQN,,,dssat_auto,2016,220,68,0.0,31.7,23.0,58.0,0.0,5481.0,0.0,0.0,288,0.0,0.0,-0.0,-0.0,2016-08-07,pass,"counterfactual_common_baseline_relative=max(0,final_yield-null)-I-5N"
FQ,Fengqiu,2016,DQN,,,dssat_auto,2016,221,69,2.8,26.6,23.1,59.0,0.0,5601.0,0.0,0.0,288,0.0,0.0,-0.0,-0.0,2016-08-08,pass,"counterfactual_common_baseline_relative=max(0,final_yield-null)-I-5N"
FQ,Fengqiu,2016,DQN,,,dssat_auto,2016,222,70,0.4,30.5,23.1,60.0,0.0,5750.0,0.0,0.0,286,0.0,0.0,-0.0,-0.0,2016-08-09,pass,"counterfactual_common_baseline_relative=max(0,final_yield-null)-I-5N"
FQ,Fengqiu,2016,DQN,,,dssat_auto,2016,223,71,0.0,33.8,23.3,61.0,0.0,6015.0,0.0,0.0,281,0.0,0.0,-0.0,-0.0,2016-08-10,pass,"counterfactual_common_baseline_relative=max(0,final_yield-null)-I-5N"
FQ,Fengqiu,2016,DQN,,,dssat_auto,2016,224,72,0.0,34.5,24.5,62.0,0.0,6317.0,0.0,0.0,276,0.0,0.0,-0.0,-0.0,2016-08-11,pass,"counterfactual_common_baseline_relative=max(0,final_yield-null)-I-5N"
FQ,Fengqiu,2016,DQN,,,dssat_auto,2016,225,73,0.0,36.1,25.4,63.0,0.0,6601.0,0.0,0.0,270,0.0,0.0,-0.0,-0.0,2016-08-12,pass,"counterfactual_common_baseline_relative=max(0,final_yield-null)-I-5N"
FQ,Fengqiu,2016,DQN,,,dssat_auto,2016,226,74,0.0,35.5,24.9,64.0,0.0,6865.0,0.0,0.0,265,0.0,0.0,-0.0,-0.0,2016-08-13,pass,"counterfactual_common_baseline_relative=max(0,final_yield-null)-I-5N"
FQ,Fengqiu,2016,DQN,,,dssat_auto,2016,227,75,0.0,34.8,27.0,65.0,212.0,7077.0,0.0,0.0,260,0.0,0.0,-0.0,-0.0,2016-08-14,pass,"counterfactual_common_baseline_relative=max(0,final_yield-null)-I-5N"
FQ,Fengqiu,2016,DQN,,,dssat_auto,2016,228,76,0.0,29.8,23.4,66.0,626.0,7315.0,0.0,0.0,257,0.0,0.0,-0.0,-0.0,2016-08-15,pass,"counterfactual_common_baseline_relative=max(0,final_yield-null)-I-5N"
FQ,Fengqiu,2016,DQN,,,dssat_auto,2016,229,77,0.0,26.7,21.5,67.0,1039.0,7455.0,0.0,0.0,255,0.0,0.0,-0.0,-0.0,2016-08-16,pass,"counterfactual_common_baseline_relative=max(0,final_yield-null)-I-5N"
FQ,Fengqiu,2016,DQN,,,dssat_auto,2016,230,78,0.0,30.9,22.2,68.0,1453.0,7679.0,0.0,0.0,252,0.0,0.0,-0.0,-0.0,2016-08-17,pass,"counterfactual_common_baseline_relative=max(0,final_yield-null)-I-5N"
FQ,Fengqiu,2016,DQN,,,dssat_auto,2016,231,79,0.0,34.5,23.6,69.0,1760.0,8001.0,0.0,0.0,246,0.0,0.0,-0.0,-0.0,2016-08-18,pass,"counterfactual_common_baseline_relative=max(0,final_yield-null)-I-5N"
FQ,Fengqiu,2016,DQN,,,dssat_auto,2016,232,80,0.0,28.8,25.1,70.0,1846.0,7928.0,0.0,0.0,245,0.0,0.0,-0.0,-0.0,2016-08-19,pass,"counterfactual_common_baseline_relative=max(0,final_yield-null)-I-5N"
FQ,Fengqiu,2016,DQN,,,dssat_auto,2016,233,81,0.0,29.8,23.5,71.0,2059.0,8142.0,0.0,0.0,242,0.0,0.0,-0.0,-0.0,2016-08-20,pass,"counterfactual_common_baseline_relative=max(0,final_yield-null)-I-5N"
FQ,Fengqiu,2016,DQN,,,dssat_auto,2016,234,82,0.0,31.4,20.4,72.0,2438.0,8521.0,0.0,0.0,236,0.0,0.0,-0.0,-0.0,2016-08-21,pass,"counterfactual_common_baseline_relative=max(0,final_yield-null)-I-5N"
FQ,Fengqiu,2016,DQN,,,dssat_auto,2016,235,83,0.0,32.5,23.1,73.0,2756.0,8839.0,0.0,0.0,232,0.0,0.0,-0.0,-0.0,2016-08-22,pass,"counterfactual_common_baseline_relative=max(0,final_yield-null)-I-5N"
FQ,Fengqiu,2016,DQN,,,dssat_auto,2016,236,84,0.0,33.1,25.3,74.0,2982.0,9064.0,0.0,0.0,228,0.0,0.0,-0.0,-0.0,2016-08-23,pass,"counterfactual_common_baseline_relative=max(0,final_yield-null)-I-5N"
FQ,Fengqiu,2016,DQN,,,dssat_auto,2016,237,85,0.0,34.6,25.0,75.0,3251.0,9335.0,0.0,0.0,224,0.0,0.0,-0.0,-0.0,2016-08-24,pass,"counterfactual_common_baseline_relative=max(0,final_yield-null)-I-5N"
FQ,Fengqiu,2016,DQN,,,dssat_auto,2016,238,86,14.0,31.1,21.9,76.0,3345.0,9427.0,0.0,0.0,236,0.0,0.0,-0.0,-0.0,2016-08-25,pass,"counterfactual_common_baseline_relative=max(0,final_yield-null)-I-5N"
FQ,Fengqiu,2016,DQN,,,dssat_auto,2016,239,87,0.0,27.8,19.1,77.0,3665.0,9747.0,0.0,0.0,232,0.0,0.0,-0.0,-0.0,2016-08-26,pass,"counterfactual_common_baseline_relative=max(0,final_yield-null)-I-5N"
FQ,Fengqiu,2016,DQN,,,dssat_auto,2016,240,88,0.0,29.2,14.5,78.0,4067.0,10150.0,0.0,0.0,226,0.0,0.0,-0.0,-0.0,2016-08-27,pass,"counterfactual_common_baseline_relative=max(0,final_yield-null)-I-5N"
FQ,Fengqiu,2016,DQN,,,dssat_auto,2016,241,89,0.0,31.0,14.2,79.0,4470.0,10553.0,0.0,0.0,220,0.0,0.0,-0.0,-0.0,2016-08-28,pass,"counterfactual_common_baseline_relative=max(0,final_yield-null)-I-5N"
FQ,Fengqiu,2016,DQN,,,dssat_auto,2016,242,90,0.0,31.2,13.0,80.0,4843.0,10925.0,0.0,0.0,214,0.0,0.0,-0.0,-0.0,2016-08-29,pass,"counterfactual_common_baseline_relative=max(0,final_yield-null)-I-5N"
FQ,Fengqiu,2016,DQN,,,dssat_auto,2016,243,91,0.0,31.1,15.2,81.0,5164.0,11246.0,0.0,0.0,228,18.9,0.0,-18.9,-18.9,2016-08-30,pass,"counterfactual_common_baseline_relative=max(0,final_yield-null)-I-5N"
FQ,Fengqiu,2016,DQN,,,dssat_auto,2016,244,92,0.0,33.3,16.0,82.0,5520.0,11602.0,0.0,0.0,223,0.0,0.0,-0.0,-18.9,2016-08-31,pass,"counterfactual_common_baseline_relative=max(0,final_yield-null)-I-5N"
FQ,Fengqiu,2016,DQN,,,dssat_auto,2016,245,93,0.0,33.9,16.0,83.0,5868.0,11950.0,0.0,0.0,217,0.0,0.0,-0.0,-18.9,2016-09-01,pass,"counterfactual_common_baseline_relative=max(0,final_yield-null)-I-5N"
FQ,Fengqiu,2016,DQN,,,dssat_auto,2016,246,94,0.0,36.0,14.2,84.0,6217.0,12299.0,0.0,0.0,211,0.0,0.0,-0.0,-18.9,2016-09-02,pass,"counterfactual_common_baseline_relative=max(0,final_yield-null)-I-5N"
FQ,Fengqiu,2016,DQN,,,dssat_auto,2016,247,95,0.0,29.8,17.3,85.0,6388.0,12470.0,0.0,0.0,208,0.0,0.0,-0.0,-18.9,2016-09-03,pass,"counterfactual_common_baseline_relative=max(0,final_yield-null)-I-5N"
FQ,Fengqiu,2016,DQN,,,dssat_auto,2016,248,96,0.0,33.9,18.4,86.0,6645.0,12727.0,0.0,0.0,223,19.5,0.0,-19.5,-38.4,2016-09-04,pass,"counterfactual_common_baseline_relative=max(0,final_yield-null)-I-5N"
FQ,Fengqiu,2016,DQN,,,dssat_auto,2016,249,97,0.0,34.0,16.5,87.0,6862.0,12945.0,0.0,0.0,219,0.0,0.0,-0.0,-38.4,2016-09-05,pass,"counterfactual_common_baseline_relative=max(0,final_yield-null)-I-5N"
FQ,Fengqiu,2016,DQN,,,dssat_auto,2016,250,98,0.0,32.3,18.7,88.0,7047.0,13129.0,0.0,0.0,216,0.0,0.0,-0.0,-38.4,2016-09-06,pass,"counterfactual_common_baseline_relative=max(0,final_yield-null)-I-5N"
FQ,Fengqiu,2016,DQN,,,dssat_auto,2016,251,99,1.2,30.5,19.1,89.0,7324.0,13407.0,0.0,0.0,212,0.0,0.0,-0.0,-38.4,2016-09-07,pass,"counterfactual_common_baseline_relative=max(0,final_yield-null)-I-5N"
FQ,Fengqiu,2016,DQN,,,dssat_auto,2016,252,100,0.0,34.6,15.5,90.0,7609.0,13692.0,0.0,0.0,206,0.0,0.0,-0.0,-38.4,2016-09-08,pass,"counterfactual_common_baseline_relative=max(0,final_yield-null)-I-5N"
FQ,Fengqiu,2016,DQN,,,dssat_auto,2016,253,101,3.3,34.3,16.3,91.0,7799.0,13882.0,0.0,0.0,206,0.0,0.0,-0.0,-38.4,2016-09-09,pass,"counterfactual_common_baseline_relative=max(0,final_yield-null)-I-5N"
FQ,Fengqiu,2016,DQN,,,dssat_auto,2016,254,102,0.0,33.5,19.6,92.0,8012.0,14095.0,0.0,0.0,202,0.0,0.0,-0.0,-38.4,2016-09-10,pass,"counterfactual_common_baseline_relative=max(0,final_yield-null)-I-5N"
FQ,Fengqiu,2016,DQN,,,dssat_auto,2016,255,103,0.0,32.9,17.2,93.0,8012.0,14095.0,0.0,0.0,218,21.5,0.0,-21.5,-59.9,2016-09-11,pass,"counterfactual_common_baseline_relative=max(0,final_yield-null)-I-5N"
FQ,Fengqiu,2016,DQN,,,dssat_auto,2016,256,104,0.0,29.6,19.5,94.0,8012.0,14095.0,0.0,0.0,214,0.0,0.0,-0.0,-59.9,2016-09-12,pass,"counterfactual_common_baseline_relative=max(0,final_yield-null)-I-5N"
FQ,Fengqiu,2016,DQN,,,dssat_auto,2016,257,105,38.0,27.1,19.0,95.0,8012.0,14095.0,0.0,0.0,240,0.0,0.0,-0.0,-59.9,2016-09-13,pass,"counterfactual_common_baseline_relative=max(0,final_yield-null)-I-5N"
FQ,Fengqiu,2016,DQN,,,dssat_auto,2016,258,106,0.0,30.5,19.1,96.0,8012.0,14095.0,0.0,0.0,236,0.0,0.0,946.0,886.1,2016-09-14,pass,"counterfactual_common_baseline_relative=max(0,final_yield-null)-I-5N"
FQ,Fengqiu,2016,DQN,,,official_extension_expert,2016,153,1,0.0,29.1,17.1,0.0,0.0,0.0,0.0,0.0,294,0.0,0.0,-0.0,-0.0,2016-06-01,pass,"counterfactual_common_baseline_relative=max(0,final_yield-null)-I-5N"
FQ,Fengqiu,2016,DQN,,,official_extension_expert,2016,154,2,0.0,27.0,19.2,0.0,0.0,0.0,0.0,0.0,293,0.0,0.0,-0.0,-0.0,2016-06-02,pass,"counterfactual_common_baseline_relative=max(0,final_yield-null)-I-5N"
FQ,Fengqiu,2016,DQN,,,official_extension_expert,2016,155,3,0.0,27.6,18.0,0.0,0.0,0.0,0.0,0.0,290,0.0,0.0,-0.0,-0.0,2016-06-03,pass,"counterfactual_common_baseline_relative=max(0,final_yield-null)-I-5N"
FQ,Fengqiu,2016,DQN,,,official_extension_expert,2016,156,4,0.0,31.2,17.4,0.0,0.0,0.0,0.0,0.0,289,0.0,0.0,-0.0,-0.0,2016-06-04,pass,"counterfactual_common_baseline_relative=max(0,final_yield-null)-I-5N"
FQ,Fengqiu,2016,DQN,,,official_extension_expert,2016,157,5,4.9,26.6,19.5,0.0,0.0,0.0,0.0,0.0,293,0.0,0.0,-0.0,-0.0,2016-06-05,pass,"counterfactual_common_baseline_relative=max(0,final_yield-null)-I-5N"
FQ,Fengqiu,2016,DQN,,,official_extension_expert,2016,158,6,0.0,28.1,18.9,0.0,0.0,0.0,0.0,0.0,290,0.0,0.0,-0.0,-0.0,2016-06-06,pass,"counterfactual_common_baseline_relative=max(0,final_yield-null)-I-5N"
FQ,Fengqiu,2016,DQN,,,official_extension_expert,2016,159,7,12.0,29.9,18.0,0.0,0.0,0.0,0.0,0.0,300,0.0,0.0,-0.0,-0.0,2016-06-07,pass,"counterfactual_common_baseline_relative=max(0,final_yield-null)-I-5N"
FQ,Fengqiu,2016,DQN,,,official_extension_expert,2016,160,8,0.3,29.9,18.2,0.0,0.0,0.0,0.0,0.0,296,0.0,0.0,-0.0,-0.0,2016-06-08,pass,"counterfactual_common_baseline_relative=max(0,final_yield-null)-I-5N"
FQ,Fengqiu,2016,DQN,,,official_extension_expert,2016,161,9,0.0,32.7,18.8,0.0,0.0,0.0,0.0,0.0,293,0.0,0.0,-0.0,-0.0,2016-06-09,pass,"counterfactual_common_baseline_relative=max(0,final_yield-null)-I-5N"
FQ,Fengqiu,2016,DQN,,,official_extension_expert,2016,162,10,0.0,33.7,21.0,0.0,0.0,0.0,0.0,0.0,291,0.0,0.0,-0.0,-0.0,2016-06-10,pass,"counterfactual_common_baseline_relative=max(0,final_yield-null)-I-5N"
FQ,Fengqiu,2016,DQN,,,official_extension_expert,2016,163,11,0.0,31.2,22.6,1.0,0.0,0.0,0.0,0.0,290,0.0,0.0,-0.0,-0.0,2016-06-11,pass,"counterfactual_common_baseline_relative=max(0,final_yield-null)-I-5N"
FQ,Fengqiu,2016,DQN,,,official_extension_expert,2016,164,12,0.0,31.2,21.0,2.0,0.0,0.0,0.0,0.0,289,0.0,0.0,-0.0,-0.0,2016-06-12,pass,"counterfactual_common_baseline_relative=max(0,final_yield-null)-I-5N"
FQ,Fengqiu,2016,DQN,,,official_extension_expert,2016,165,13,0.0,34.4,21.5,3.0,0.0,0.0,0.0,0.0,289,0.0,0.0,-0.0,-0.0,2016-06-13,pass,"counterfactual_common_baseline_relative=max(0,final_yield-null)-I-5N"
FQ,Fengqiu,2016,DQN,,,official_extension_expert,2016,166,14,2.9,33.7,19.1,4.0,0.0,0.0,0.0,0.0,290,0.0,0.0,-0.0,-0.0,2016-06-14,pass,"counterfactual_common_baseline_relative=max(0,final_yield-null)-I-5N"
FQ,Fengqiu,2016,DQN,,,official_extension_expert,2016,167,15,0.0,30.2,19.8,5.0,0.0,32.0,0.0,0.012,289,0.0,0.0,-0.0,-0.0,2016-06-15,pass,"counterfactual_common_baseline_relative=max(0,final_yield-null)-I-5N"
FQ,Fengqiu,2016,DQN,,,official_extension_expert,2016,168,16,0.0,36.0,17.8,6.0,0.0,32.0,0.0,0.004,289,0.0,0.0,-0.0,-0.0,2016-06-16,pass,"counterfactual_common_baseline_relative=max(0,final_yield-null)-I-5N"
FQ,Fengqiu,2016,DQN,,,official_extension_expert,2016,169,17,0.0,36.8,22.9,7.0,0.0,32.0,0.0,0.0,309,22.5,82.0,-432.5,-432.5,2016-06-17,pass,"counterfactual_common_baseline_relative=max(0,final_yield-null)-I-5N"
FQ,Fengqiu,2016,DQN,,,official_extension_expert,2016,170,18,0.0,36.0,22.7,8.0,0.0,32.0,0.0,0.0,302,0.0,0.0,-0.0,-432.5,2016-06-18,pass,"counterfactual_common_baseline_relative=max(0,final_yield-null)-I-5N"
FQ,Fengqiu,2016,DQN,,,official_extension_expert,2016,171,19,0.0,37.4,23.7,9.0,0.0,32.0,0.0,0.0,300,0.0,0.0,-0.0,-432.5,2016-06-19,pass,"counterfactual_common_baseline_relative=max(0,final_yield-null)-I-5N"
FQ,Fengqiu,2016,DQN,,,official_extension_expert,2016,172,20,0.0,35.9,22.5,10.0,0.0,32.0,0.0,0.0,299,0.0,0.0,-0.0,-432.5,2016-06-20,pass,"counterfactual_common_baseline_relative=max(0,final_yield-null)-I-5N"
FQ,Fengqiu,2016,DQN,,,official_extension_expert,2016,173,21,1.3,36.0,24.5,11.0,0.0,26.0,0.0,0.0,299,0.0,0.0,-0.0,-432.5,2016-06-21,pass,"counterfactual_common_baseline_relative=max(0,final_yield-null)-I-5N"
FQ,Fengqiu,2016,DQN,,,official_extension_expert,2016,174,22,0.0,37.7,24.0,12.0,0.0,32.0,0.0,0.0,298,0.0,0.0,-0.0,-432.5,2016-06-22,pass,"counterfactual_common_baseline_relative=max(0,final_yield-null)-I-5N"
FQ,Fengqiu,2016,DQN,,,official_extension_expert,2016,175,23,23.6,31.2,19.3,13.0,0.0,34.0,0.0,0.0,318,0.0,0.0,-0.0,-432.5,2016-06-23,pass,"counterfactual_common_baseline_relative=max(0,final_yield-null)-I-5N"
FQ,Fengqiu,2016,DQN,,,official_extension_expert,2016,176,24,0.0,32.1,18.3,14.0,0.0,41.0,0.0,0.0,312,0.0,0.0,-0.0,-432.5,2016-06-24,pass,"counterfactual_common_baseline_relative=max(0,final_yield-null)-I-5N"
FQ,Fengqiu,2016,DQN,,,official_extension_expert,2016,177,25,0.0,34.0,17.5,15.0,0.0,49.0,0.0,0.0,309,0.0,0.0,-0.0,-432.5,2016-06-25,pass,"counterfactual_common_baseline_relative=max(0,final_yield-null)-I-5N"
FQ,Fengqiu,2016,DQN,,,official_extension_expert,2016,178,26,0.0,34.3,17.1,16.0,0.0,59.0,0.0,0.0,307,0.0,0.0,-0.0,-432.5,2016-06-26,pass,"counterfactual_common_baseline_relative=max(0,final_yield-null)-I-5N"
FQ,Fengqiu,2016,DQN,,,official_extension_expert,2016,179,27,0.0,31.4,20.8,17.0,0.0,70.0,0.0,0.0,305,0.0,0.0,-0.0,-432.5,2016-06-27,pass,"counterfactual_common_baseline_relative=max(0,final_yield-null)-I-5N"
FQ,Fengqiu,2016,DQN,,,official_extension_expert,2016,180,28,0.0,33.0,20.1,18.0,0.0,82.0,0.0,0.0,304,0.0,0.0,-0.0,-432.5,2016-06-28,pass,"counterfactual_common_baseline_relative=max(0,final_yield-null)-I-5N"
FQ,Fengqiu,2016,DQN,,,official_extension_expert,2016,181,29,3.3,35.0,19.1,19.0,0.0,97.0,0.0,0.0,303,0.0,0.0,-0.0,-432.5,2016-06-29,pass,"counterfactual_common_baseline_relative=max(0,final_yield-null)-I-5N"
FQ,Fengqiu,2016,DQN,,,official_extension_expert,2016,182,30,0.0,32.4,24.6,20.0,0.0,113.0,0.0,0.0,302,0.0,0.0,-0.0,-432.5,2016-06-30,pass,"counterfactual_common_baseline_relative=max(0,final_yield-null)-I-5N"
FQ,Fengqiu,2016,DQN,,,official_extension_expert,2016,183,31,1.1,31.2,23.4,21.0,0.0,131.0,0.0,0.0,301,0.0,0.0,-0.0,-432.5,2016-07-01,pass,"counterfactual_common_baseline_relative=max(0,final_yield-null)-I-5N"
FQ,Fengqiu,2016,DQN,,,official_extension_expert,2016,184,32,0.0,33.7,22.5,22.0,0.0,152.0,0.0,0.0,300,0.0,0.0,-0.0,-432.5,2016-07-02,pass,"counterfactual_common_baseline_relative=max(0,final_yield-null)-I-5N"
FQ,Fengqiu,2016,DQN,,,official_extension_expert,2016,185,33,0.0,32.8,22.3,23.0,0.0,174.0,0.0,0.0,298,0.0,0.0,-0.0,-432.5,2016-07-03,pass,"counterfactual_common_baseline_relative=max(0,final_yield-null)-I-5N"
FQ,Fengqiu,2016,DQN,,,official_extension_expert,2016,186,34,0.0,30.7,23.8,24.0,0.0,199.0,0.0,0.0,296,0.0,0.0,-0.0,-432.5,2016-07-04,pass,"counterfactual_common_baseline_relative=max(0,final_yield-null)-I-5N"
FQ,Fengqiu,2016,DQN,,,official_extension_expert,2016,187,35,0.0,32.2,20.1,25.0,0.0,225.0,0.0,0.0,294,0.0,0.0,-0.0,-432.5,2016-07-05,pass,"counterfactual_common_baseline_relative=max(0,final_yield-null)-I-5N"
FQ,Fengqiu,2016,DQN,,,official_extension_expert,2016,188,36,0.0,32.3,19.6,26.0,0.0,254.0,0.0,0.0,293,0.0,0.0,-0.0,-432.5,2016-07-06,pass,"counterfactual_common_baseline_relative=max(0,final_yield-null)-I-5N"
FQ,Fengqiu,2016,DQN,,,official_extension_expert,2016,189,37,0.0,32.4,24.1,27.0,0.0,290.0,0.0,0.0,291,0.0,0.0,-0.0,-432.5,2016-07-07,pass,"counterfactual_common_baseline_relative=max(0,final_yield-null)-I-5N"
FQ,Fengqiu,2016,DQN,,,official_extension_expert,2016,190,38,0.0,33.3,23.3,28.0,0.0,330.0,0.0,0.0,289,0.0,0.0,-0.0,-432.5,2016-07-08,pass,"counterfactual_common_baseline_relative=max(0,final_yield-null)-I-5N"
FQ,Fengqiu,2016,DQN,,,official_extension_expert,2016,191,39,9.7,28.8,24.7,29.0,0.0,359.0,0.0,0.0,297,0.0,0.0,-0.0,-432.5,2016-07-09,pass,"counterfactual_common_baseline_relative=max(0,final_yield-null)-I-5N"
FQ,Fengqiu,2016,DQN,,,official_extension_expert,2016,192,40,0.0,32.5,24.2,30.0,0.0,408.0,0.0,0.0,330,37.5,41.0,-242.5,-675.0,2016-07-10,pass,"counterfactual_common_baseline_relative=max(0,final_yield-null)-I-5N"
FQ,Fengqiu,2016,DQN,,,official_extension_expert,2016,193,41,0.0,34.1,21.9,31.0,0.0,464.0,0.0,0.0,324,0.0,0.0,-0.0,-675.0,2016-07-11,pass,"counterfactual_common_baseline_relative=max(0,final_yield-null)-I-5N"
FQ,Fengqiu,2016,DQN,,,official_extension_expert,2016,194,42,0.0,33.7,24.2,32.0,0.0,525.0,0.0,0.0,320,0.0,0.0,-0.0,-675.0,2016-07-12,pass,"counterfactual_common_baseline_relative=max(0,final_yield-null)-I-5N"
FQ,Fengqiu,2016,DQN,,,official_extension_expert,2016,195,43,0.6,31.5,23.2,33.0,0.0,591.0,0.0,0.0,316,0.0,0.0,-0.0,-675.0,2016-07-13,pass,"counterfactual_common_baseline_relative=max(0,final_yield-null)-I-5N"
FQ,Fengqiu,2016,DQN,,,official_extension_expert,2016,196,44,6.5,27.8,23.1,34.0,0.0,627.0,0.0,0.0,321,0.0,0.0,-0.0,-675.0,2016-07-14,pass,"counterfactual_common_baseline_relative=max(0,final_yield-null)-I-5N"
FQ,Fengqiu,2016,DQN,,,official_extension_expert,2016,197,45,33.0,23.1,18.8,35.0,0.0,676.0,0.0,0.0,344,0.0,0.0,-0.0,-675.0,2016-07-15,pass,"counterfactual_common_baseline_relative=max(0,final_yield-null)-I-5N"
FQ,Fengqiu,2016,DQN,,,official_extension_expert,2016,198,46,0.0,27.6,18.4,36.0,0.0,739.0,0.0,0.0,340,0.0,0.0,-0.0,-675.0,2016-07-16,pass,"counterfactual_common_baseline_relative=max(0,final_yield-null)-I-5N"
FQ,Fengqiu,2016,DQN,,,official_extension_expert,2016,199,47,1.0,30.6,21.3,37.0,0.0,818.0,0.0,0.0,337,0.0,0.0,-0.0,-675.0,2016-07-17,pass,"counterfactual_common_baseline_relative=max(0,final_yield-null)-I-5N"
FQ,Fengqiu,2016,DQN,,,official_extension_expert,2016,200,48,0.0,30.6,21.8,38.0,0.0,907.0,0.0,0.0,333,0.0,0.0,-0.0,-675.0,2016-07-18,pass,"counterfactual_common_baseline_relative=max(0,final_yield-null)-I-5N"
FQ,Fengqiu,2016,DQN,,,official_extension_expert,2016,201,49,43.0,29.3,24.6,39.0,0.0,961.0,0.0,0.0,359,0.0,0.0,-0.0,-675.0,2016-07-19,pass,"counterfactual_common_baseline_relative=max(0,final_yield-null)-I-5N"
FQ,Fengqiu,2016,DQN,,,official_extension_expert,2016,202,50,28.0,29.5,22.4,40.0,0.0,1053.0,0.0,0.0,375,0.0,0.0,-0.0,-675.0,2016-07-20,pass,"counterfactual_common_baseline_relative=max(0,final_yield-null)-I-5N"
FQ,Fengqiu,2016,DQN,,,official_extension_expert,2016,203,51,0.0,32.6,23.8,41.0,0.0,1287.0,0.0,0.0,367,0.0,0.0,-0.0,-675.0,2016-07-21,pass,"counterfactual_common_baseline_relative=max(0,final_yield-null)-I-5N"
FQ,Fengqiu,2016,DQN,,,official_extension_expert,2016,204,52,0.0,35.3,25.9,42.0,0.0,1551.0,0.0,0.0,358,0.0,0.0,-0.0,-675.0,2016-07-22,pass,"counterfactual_common_baseline_relative=max(0,final_yield-null)-I-5N"
FQ,Fengqiu,2016,DQN,,,official_extension_expert,2016,205,53,0.0,35.4,27.2,43.0,0.0,1841.0,0.0,0.0,350,0.0,0.0,-0.0,-675.0,2016-07-23,pass,"counterfactual_common_baseline_relative=max(0,final_yield-null)-I-5N"
FQ,Fengqiu,2016,DQN,,,official_extension_expert,2016,206,54,0.0,35.7,26.7,44.0,0.0,2136.0,0.0,0.0,341,0.0,0.0,-0.0,-675.0,2016-07-24,pass,"counterfactual_common_baseline_relative=max(0,final_yield-null)-I-5N"
FQ,Fengqiu,2016,DQN,,,official_extension_expert,2016,207,55,0.0,35.5,27.4,45.0,0.0,2368.0,0.0,0.0,385,48.8,56.0,-328.8,-1003.8,2016-07-25,pass,"counterfactual_common_baseline_relative=max(0,final_yield-null)-I-5N"
FQ,Fengqiu,2016,DQN,,,official_extension_expert,2016,208,56,0.0,35.1,23.7,46.0,0.0,2613.0,0.0,0.0,375,0.0,0.0,-0.0,-1003.8,2016-07-26,pass,"counterfactual_common_baseline_relative=max(0,final_yield-null)-I-5N"
FQ,Fengqiu,2016,DQN,,,official_extension_expert,2016,209,57,0.0,32.6,25.8,47.0,0.0,2786.0,0.0,0.0,369,0.0,0.0,-0.0,-1003.8,2016-07-27,pass,"counterfactual_common_baseline_relative=max(0,final_yield-null)-I-5N"
FQ,Fengqiu,2016,DQN,,,official_extension_expert,2016,210,58,0.0,35.6,24.1,48.0,0.0,3029.0,0.0,0.0,359,0.0,0.0,-0.0,-1003.8,2016-07-28,pass,"counterfactual_common_baseline_relative=max(0,final_yield-null)-I-5N"
FQ,Fengqiu,2016,DQN,,,official_extension_expert,2016,211,59,0.0,36.5,23.7,49.0,0.0,3284.0,0.0,0.0,350,0.0,0.0,-0.0,-1003.8,2016-07-29,pass,"counterfactual_common_baseline_relative=max(0,final_yield-null)-I-5N"
FQ,Fengqiu,2016,DQN,,,official_extension_expert,2016,212,60,0.0,36.0,27.0,50.0,0.0,3522.0,0.0,0.0,343,0.0,0.0,-0.0,-1003.8,2016-07-30,pass,"counterfactual_common_baseline_relative=max(0,final_yield-null)-I-5N"
FQ,Fengqiu,2016,DQN,,,official_extension_expert,2016,213,61,0.0,34.9,24.0,51.0,0.0,3790.0,0.0,0.0,335,0.0,0.0,-0.0,-1003.8,2016-07-31,pass,"counterfactual_common_baseline_relative=max(0,final_yield-null)-I-5N"
FQ,Fengqiu,2016,DQN,,,official_extension_expert,2016,214,62,0.0,33.5,25.6,52.0,0.0,4062.0,0.0,0.0,329,0.0,0.0,-0.0,-1003.8,2016-08-01,pass,"counterfactual_common_baseline_relative=max(0,final_yield-null)-I-5N"
FQ,Fengqiu,2016,DQN,,,official_extension_expert,2016,215,63,0.0,32.5,24.0,53.0,0.0,4317.0,0.0,0.0,323,0.0,0.0,-0.0,-1003.8,2016-08-02,pass,"counterfactual_common_baseline_relative=max(0,final_yield-null)-I-5N"
FQ,Fengqiu,2016,DQN,,,official_extension_expert,2016,216,64,3.1,31.6,23.6,54.0,0.0,4565.0,0.0,0.0,321,0.0,0.0,-0.0,-1003.8,2016-08-03,pass,"counterfactual_common_baseline_relative=max(0,final_yield-null)-I-5N"
FQ,Fengqiu,2016,DQN,,,official_extension_expert,2016,217,65,1.4,31.6,24.1,55.0,0.0,4798.0,0.0,0.0,319,0.0,0.0,-0.0,-1003.8,2016-08-04,pass,"counterfactual_common_baseline_relative=max(0,final_yield-null)-I-5N"
FQ,Fengqiu,2016,DQN,,,official_extension_expert,2016,218,66,0.0,33.0,23.5,56.0,0.0,5034.0,0.0,0.0,315,0.0,0.0,-0.0,-1003.8,2016-08-05,pass,"counterfactual_common_baseline_relative=max(0,final_yield-null)-I-5N"
FQ,Fengqiu,2016,DQN,,,official_extension_expert,2016,219,67,44.6,28.6,23.0,57.0,0.0,5152.0,0.0,0.0,345,0.0,0.0,-0.0,-1003.8,2016-08-06,pass,"counterfactual_common_baseline_relative=max(0,final_yield-null)-I-5N"
FQ,Fengqiu,2016,DQN,,,official_extension_expert,2016,220,68,0.0,31.7,23.0,58.0,0.0,5344.0,0.0,0.0,342,0.0,0.0,-0.0,-1003.8,2016-08-07,pass,"counterfactual_common_baseline_relative=max(0,final_yield-null)-I-5N"
FQ,Fengqiu,2016,DQN,,,official_extension_expert,2016,221,69,2.8,26.6,23.1,59.0,0.0,5463.0,0.0,0.0,342,0.0,0.0,-0.0,-1003.8,2016-08-08,pass,"counterfactual_common_baseline_relative=max(0,final_yield-null)-I-5N"
FQ,Fengqiu,2016,DQN,,,official_extension_expert,2016,222,70,0.4,30.5,23.1,60.0,0.0,5611.0,0.0,0.0,389,48.8,34.0,-218.8,-1222.6,2016-08-09,pass,"counterfactual_common_baseline_relative=max(0,final_yield-null)-I-5N"
FQ,Fengqiu,2016,DQN,,,official_extension_expert,2016,223,71,0.0,33.8,23.3,61.0,0.0,5874.0,0.0,0.0,381,0.0,0.0,-0.0,-1222.6,2016-08-10,pass,"counterfactual_common_baseline_relative=max(0,final_yield-null)-I-5N"
FQ,Fengqiu,2016,DQN,,,official_extension_expert,2016,224,72,0.0,34.5,24.5,62.0,0.0,6174.0,0.0,0.0,372,0.0,0.0,-0.0,-1222.6,2016-08-11,pass,"counterfactual_common_baseline_relative=max(0,final_yield-null)-I-5N"
FQ,Fengqiu,2016,DQN,,,official_extension_expert,2016,225,73,0.0,36.1,25.4,63.0,0.0,6457.0,0.0,0.0,363,0.0,0.0,-0.0,-1222.6,2016-08-12,pass,"counterfactual_common_baseline_relative=max(0,final_yield-null)-I-5N"
FQ,Fengqiu,2016,DQN,,,official_extension_expert,2016,226,74,0.0,35.5,24.9,64.0,0.0,6719.0,0.0,0.0,356,0.0,0.0,-0.0,-1222.6,2016-08-13,pass,"counterfactual_common_baseline_relative=max(0,final_yield-null)-I-5N"
FQ,Fengqiu,2016,DQN,,,official_extension_expert,2016,227,75,0.0,34.8,27.0,65.0,211.0,6930.0,0.0,0.0,349,0.0,0.0,-0.0,-1222.6,2016-08-14,pass,"counterfactual_common_baseline_relative=max(0,final_yield-null)-I-5N"
FQ,Fengqiu,2016,DQN,,,official_extension_expert,2016,228,76,0.0,29.8,23.4,66.0,621.0,7166.0,0.0,0.0,344,0.0,0.0,-0.0,-1222.6,2016-08-15,pass,"counterfactual_common_baseline_relative=max(0,final_yield-null)-I-5N"
FQ,Fengqiu,2016,DQN,,,official_extension_expert,2016,229,77,0.0,26.7,21.5,67.0,1032.0,7304.0,0.0,0.0,340,0.0,0.0,-0.0,-1222.6,2016-08-16,pass,"counterfactual_common_baseline_relative=max(0,final_yield-null)-I-5N"
FQ,Fengqiu,2016,DQN,,,official_extension_expert,2016,230,78,0.0,30.9,22.2,68.0,1443.0,7518.0,0.0,0.0,335,0.0,0.0,-0.0,-1222.6,2016-08-17,pass,"counterfactual_common_baseline_relative=max(0,final_yield-null)-I-5N"
FQ,Fengqiu,2016,DQN,,,official_extension_expert,2016,231,79,0.0,34.5,23.6,69.0,1749.0,7838.0,0.0,0.0,329,0.0,0.0,-0.0,-1222.6,2016-08-18,pass,"counterfactual_common_baseline_relative=max(0,final_yield-null)-I-5N"
FQ,Fengqiu,2016,DQN,,,official_extension_expert,2016,232,80,0.0,28.8,25.1,70.0,1834.0,7662.0,0.0,0.0,326,0.0,0.0,-0.0,-1222.6,2016-08-19,pass,"counterfactual_common_baseline_relative=max(0,final_yield-null)-I-5N"
FQ,Fengqiu,2016,DQN,,,official_extension_expert,2016,233,81,0.0,29.8,23.5,71.0,2045.0,7874.0,0.0,0.0,322,0.0,0.0,-0.0,-1222.6,2016-08-20,pass,"counterfactual_common_baseline_relative=max(0,final_yield-null)-I-5N"
FQ,Fengqiu,2016,DQN,,,official_extension_expert,2016,234,82,0.0,31.4,20.4,72.0,2421.0,8250.0,0.0,0.0,315,0.0,0.0,-0.0,-1222.6,2016-08-21,pass,"counterfactual_common_baseline_relative=max(0,final_yield-null)-I-5N"
FQ,Fengqiu,2016,DQN,,,official_extension_expert,2016,235,83,0.0,32.5,23.1,73.0,2736.0,8565.0,0.0,0.0,310,0.0,0.0,-0.0,-1222.6,2016-08-22,pass,"counterfactual_common_baseline_relative=max(0,final_yield-null)-I-5N"
FQ,Fengqiu,2016,DQN,,,official_extension_expert,2016,236,84,0.0,33.1,25.3,74.0,2960.0,8788.0,0.0,0.0,307,0.0,0.0,-0.0,-1222.6,2016-08-23,pass,"counterfactual_common_baseline_relative=max(0,final_yield-null)-I-5N"
FQ,Fengqiu,2016,DQN,,,official_extension_expert,2016,237,85,0.0,34.6,25.0,75.0,3227.0,9057.0,0.0,0.0,303,0.0,0.0,-0.0,-1222.6,2016-08-24,pass,"counterfactual_common_baseline_relative=max(0,final_yield-null)-I-5N"
FQ,Fengqiu,2016,DQN,,,official_extension_expert,2016,238,86,14.0,31.1,21.9,76.0,3320.0,9149.0,0.0,0.0,315,0.0,0.0,-0.0,-1222.6,2016-08-25,pass,"counterfactual_common_baseline_relative=max(0,final_yield-null)-I-5N"
FQ,Fengqiu,2016,DQN,,,official_extension_expert,2016,239,87,0.0,27.8,19.1,77.0,3637.0,9466.0,0.0,0.0,311,0.0,0.0,-0.0,-1222.6,2016-08-26,pass,"counterfactual_common_baseline_relative=max(0,final_yield-null)-I-5N"
FQ,Fengqiu,2016,DQN,,,official_extension_expert,2016,240,88,0.0,29.2,14.5,78.0,4036.0,9865.0,0.0,0.0,305,0.0,0.0,-0.0,-1222.6,2016-08-27,pass,"counterfactual_common_baseline_relative=max(0,final_yield-null)-I-5N"
FQ,Fengqiu,2016,DQN,,,official_extension_expert,2016,241,89,0.0,31.0,14.2,79.0,4435.0,10264.0,0.0,0.0,299,0.0,0.0,-0.0,-1222.6,2016-08-28,pass,"counterfactual_common_baseline_relative=max(0,final_yield-null)-I-5N"
FQ,Fengqiu,2016,DQN,,,official_extension_expert,2016,242,90,0.0,31.2,13.0,80.0,4804.0,10633.0,0.0,0.0,334,41.2,34.0,-211.2,-1433.8,2016-08-29,pass,"counterfactual_common_baseline_relative=max(0,final_yield-null)-I-5N"
FQ,Fengqiu,2016,DQN,,,official_extension_expert,2016,243,91,0.0,31.1,15.2,81.0,5122.0,10951.0,0.0,0.0,329,0.0,0.0,-0.0,-1433.8,2016-08-30,pass,"counterfactual_common_baseline_relative=max(0,final_yield-null)-I-5N"
FQ,Fengqiu,2016,DQN,,,official_extension_expert,2016,244,92,0.0,33.3,16.0,82.0,5475.0,11303.0,0.0,0.0,324,0.0,0.0,-0.0,-1433.8,2016-08-31,pass,"counterfactual_common_baseline_relative=max(0,final_yield-null)-I-5N"
FQ,Fengqiu,2016,DQN,,,official_extension_expert,2016,245,93,0.0,33.9,16.0,83.0,5820.0,11648.0,0.0,0.0,318,0.0,0.0,-0.0,-1433.8,2016-09-01,pass,"counterfactual_common_baseline_relative=max(0,final_yield-null)-I-5N"
FQ,Fengqiu,2016,DQN,,,official_extension_expert,2016,246,94,0.0,36.0,14.2,84.0,6165.0,11994.0,0.0,0.0,312,0.0,0.0,-0.0,-1433.8,2016-09-02,pass,"counterfactual_common_baseline_relative=max(0,final_yield-null)-I-5N"
FQ,Fengqiu,2016,DQN,,,official_extension_expert,2016,247,95,0.0,29.8,17.3,85.0,6334.0,12163.0,0.0,0.0,309,0.0,0.0,-0.0,-1433.8,2016-09-03,pass,"counterfactual_common_baseline_relative=max(0,final_yield-null)-I-5N"
FQ,Fengqiu,2016,DQN,,,official_extension_expert,2016,248,96,0.0,33.9,18.4,86.0,6589.0,12417.0,0.0,0.0,305,0.0,0.0,-0.0,-1433.8,2016-09-04,pass,"counterfactual_common_baseline_relative=max(0,final_yield-null)-I-5N"
FQ,Fengqiu,2016,DQN,,,official_extension_expert,2016,249,97,0.0,34.0,16.5,87.0,6804.0,12632.0,0.0,0.0,301,0.0,0.0,-0.0,-1433.8,2016-09-05,pass,"counterfactual_common_baseline_relative=max(0,final_yield-null)-I-5N"
FQ,Fengqiu,2016,DQN,,,official_extension_expert,2016,250,98,0.0,32.3,18.7,88.0,6986.0,12814.0,0.0,0.0,298,0.0,0.0,-0.0,-1433.8,2016-09-06,pass,"counterfactual_common_baseline_relative=max(0,final_yield-null)-I-5N"
FQ,Fengqiu,2016,DQN,,,official_extension_expert,2016,251,99,1.2,30.5,19.1,89.0,7260.0,13089.0,0.0,0.0,295,0.0,0.0,-0.0,-1433.8,2016-09-07,pass,"counterfactual_common_baseline_relative=max(0,final_yield-null)-I-5N"
FQ,Fengqiu,2016,DQN,,,official_extension_expert,2016,252,100,0.0,34.6,15.5,90.0,7542.0,13371.0,0.0,0.0,291,0.0,0.0,-0.0,-1433.8,2016-09-08,pass,"counterfactual_common_baseline_relative=max(0,final_yield-null)-I-5N"
FQ,Fengqiu,2016,DQN,,,official_extension_expert,2016,253,101,3.3,34.3,16.3,91.0,7730.0,13558.0,0.0,0.0,290,0.0,0.0,-0.0,-1433.8,2016-09-09,pass,"counterfactual_common_baseline_relative=max(0,final_yield-null)-I-5N"
FQ,Fengqiu,2016,DQN,,,official_extension_expert,2016,254,102,0.0,33.5,19.6,92.0,7940.0,13769.0,0.0,0.0,287,0.0,0.0,-0.0,-1433.8,2016-09-10,pass,"counterfactual_common_baseline_relative=max(0,final_yield-null)-I-5N"
FQ,Fengqiu,2016,DQN,,,official_extension_expert,2016,255,103,0.0,32.9,17.2,93.0,7940.0,13769.0,0.0,0.0,283,0.0,0.0,-0.0,-1433.8,2016-09-11,pass,"counterfactual_common_baseline_relative=max(0,final_yield-null)-I-5N"
FQ,Fengqiu,2016,DQN,,,official_extension_expert,2016,256,104,0.0,29.6,19.5,94.0,7940.0,13769.0,0.0,0.0,280,0.0,0.0,-0.0,-1433.8,2016-09-12,pass,"counterfactual_common_baseline_relative=max(0,final_yield-null)-I-5N"
FQ,Fengqiu,2016,DQN,,,official_extension_expert,2016,257,105,38.0,27.1,19.0,95.0,7940.0,13769.0,0.0,0.0,308,0.0,0.0,-0.0,-1433.8,2016-09-13,pass,"counterfactual_common_baseline_relative=max(0,final_yield-null)-I-5N"
FQ,Fengqiu,2016,DQN,,,official_extension_expert,2016,258,106,0.0,30.5,19.1,96.0,7940.0,13769.0,0.0,0.0,305,0.0,0.0,874.0,-559.8,2016-09-14,pass,"counterfactual_common_baseline_relative=max(0,final_yield-null)-I-5N"
FQ,Fengqiu,2016,DQN,1.0,30000.0,rl_candidate,2016,153,1,0.0,29.1,17.1,0.0,0.0,0.0,0.0,0.0,294,0.0,0.0,-0.0,-0.0,2016-06-01,pass,"counterfactual_common_baseline_relative=max(0,final_yield-null)-I-5N"
FQ,Fengqiu,2016,DQN,1.0,30000.0,rl_candidate,2016,154,2,0.0,27.0,19.2,0.0,0.0,0.0,0.0,0.0,293,0.0,0.0,-0.0,-0.0,2016-06-02,pass,"counterfactual_common_baseline_relative=max(0,final_yield-null)-I-5N"
FQ,Fengqiu,2016,DQN,1.0,30000.0,rl_candidate,2016,155,3,0.0,27.6,18.0,0.0,0.0,0.0,0.0,0.0,290,0.0,0.0,-0.0,-0.0,2016-06-03,pass,"counterfactual_common_baseline_relative=max(0,final_yield-null)-I-5N"
FQ,Fengqiu,2016,DQN,1.0,30000.0,rl_candidate,2016,156,4,0.0,31.2,17.4,0.0,0.0,0.0,0.0,0.0,289,0.0,0.0,-0.0,-0.0,2016-06-04,pass,"counterfactual_common_baseline_relative=max(0,final_yield-null)-I-5N"
FQ,Fengqiu,2016,DQN,1.0,30000.0,rl_candidate,2016,157,5,4.9,26.6,19.5,0.0,0.0,0.0,0.0,0.0,293,0.0,0.0,-0.0,-0.0,2016-06-05,pass,"counterfactual_common_baseline_relative=max(0,final_yield-null)-I-5N"
FQ,Fengqiu,2016,DQN,1.0,30000.0,rl_candidate,2016,158,6,0.0,28.1,18.9,0.0,0.0,0.0,0.0,0.0,290,0.0,0.0,-0.0,-0.0,2016-06-06,pass,"counterfactual_common_baseline_relative=max(0,final_yield-null)-I-5N"
FQ,Fengqiu,2016,DQN,1.0,30000.0,rl_candidate,2016,159,7,12.0,29.9,18.0,0.0,0.0,0.0,0.0,0.0,300,0.0,0.0,-0.0,-0.0,2016-06-07,pass,"counterfactual_common_baseline_relative=max(0,final_yield-null)-I-5N"
FQ,Fengqiu,2016,DQN,1.0,30000.0,rl_candidate,2016,160,8,0.3,29.9,18.2,0.0,0.0,0.0,0.0,0.0,296,0.0,0.0,-0.0,-0.0,2016-06-08,pass,"counterfactual_common_baseline_relative=max(0,final_yield-null)-I-5N"
FQ,Fengqiu,2016,DQN,1.0,30000.0,rl_candidate,2016,161,9,0.0,32.7,18.8,0.0,0.0,0.0,0.0,0.0,293,0.0,0.0,-0.0,-0.0,2016-06-09,pass,"counterfactual_common_baseline_relative=max(0,final_yield-null)-I-5N"
FQ,Fengqiu,2016,DQN,1.0,30000.0,rl_candidate,2016,162,10,0.0,33.7,21.0,0.0,0.0,0.0,0.0,0.0,291,0.0,0.0,-0.0,-0.0,2016-06-10,pass,"counterfactual_common_baseline_relative=max(0,final_yield-null)-I-5N"
FQ,Fengqiu,2016,DQN,1.0,30000.0,rl_candidate,2016,163,11,0.0,31.2,22.6,1.0,0.0,0.0,0.0,0.0,290,0.0,0.0,-0.0,-0.0,2016-06-11,pass,"counterfactual_common_baseline_relative=max(0,final_yield-null)-I-5N"
FQ,Fengqiu,2016,DQN,1.0,30000.0,rl_candidate,2016,164,12,0.0,31.2,21.0,2.0,0.0,0.0,0.0,0.0,289,0.0,0.0,-0.0,-0.0,2016-06-12,pass,"counterfactual_common_baseline_relative=max(0,final_yield-null)-I-5N"
FQ,Fengqiu,2016,DQN,1.0,30000.0,rl_candidate,2016,165,13,0.0,34.4,21.5,3.0,0.0,0.0,0.0,0.0,289,0.0,0.0,-0.0,-0.0,2016-06-13,pass,"counterfactual_common_baseline_relative=max(0,final_yield-null)-I-5N"
FQ,Fengqiu,2016,DQN,1.0,30000.0,rl_candidate,2016,166,14,2.9,33.7,19.1,4.0,0.0,0.0,0.0,0.0,290,0.0,0.0,-0.0,-0.0,2016-06-14,pass,"counterfactual_common_baseline_relative=max(0,final_yield-null)-I-5N"
FQ,Fengqiu,2016,DQN,1.0,30000.0,rl_candidate,2016,167,15,0.0,30.2,19.8,5.0,0.0,32.0,0.0,0.012,289,0.0,0.0,-0.0,-0.0,2016-06-15,pass,"counterfactual_common_baseline_relative=max(0,final_yield-null)-I-5N"
FQ,Fengqiu,2016,DQN,1.0,30000.0,rl_candidate,2016,168,16,0.0,36.0,17.8,6.0,0.0,32.0,0.0,0.004,289,0.0,0.0,-0.0,-0.0,2016-06-16,pass,"counterfactual_common_baseline_relative=max(0,final_yield-null)-I-5N"
FQ,Fengqiu,2016,DQN,1.0,30000.0,rl_candidate,2016,169,17,0.0,36.8,22.9,7.0,0.0,32.0,0.0,0.0,288,0.0,0.0,-0.0,-0.0,2016-06-17,pass,"counterfactual_common_baseline_relative=max(0,final_yield-null)-I-5N"
FQ,Fengqiu,2016,DQN,1.0,30000.0,rl_candidate,2016,170,18,0.0,36.0,22.7,8.0,0.0,32.0,0.0,0.0,287,0.0,0.0,-0.0,-0.0,2016-06-18,pass,"counterfactual_common_baseline_relative=max(0,final_yield-null)-I-5N"
FQ,Fengqiu,2016,DQN,1.0,30000.0,rl_candidate,2016,171,19,0.0,37.4,23.7,9.0,0.0,32.0,0.0,0.0,286,0.0,0.0,-0.0,-0.0,2016-06-19,pass,"counterfactual_common_baseline_relative=max(0,final_yield-null)-I-5N"
FQ,Fengqiu,2016,DQN,1.0,30000.0,rl_candidate,2016,172,20,0.0,35.9,22.5,10.0,0.0,32.0,0.0,0.0,286,0.0,0.0,-0.0,-0.0,2016-06-20,pass,"counterfactual_common_baseline_relative=max(0,final_yield-null)-I-5N"
FQ,Fengqiu,2016,DQN,1.0,30000.0,rl_candidate,2016,173,21,1.3,36.0,24.5,11.0,0.0,26.0,0.0,0.0,286,0.0,0.0,-0.0,-0.0,2016-06-21,pass,"counterfactual_common_baseline_relative=max(0,final_yield-null)-I-5N"
FQ,Fengqiu,2016,DQN,1.0,30000.0,rl_candidate,2016,174,22,0.0,37.7,24.0,12.0,0.0,32.0,0.0,0.0,285,0.0,0.0,-0.0,-0.0,2016-06-22,pass,"counterfactual_common_baseline_relative=max(0,final_yield-null)-I-5N"
FQ,Fengqiu,2016,DQN,1.0,30000.0,rl_candidate,2016,175,23,23.6,31.2,19.3,13.0,0.0,34.0,0.0,0.0,307,0.0,0.0,-0.0,-0.0,2016-06-23,pass,"counterfactual_common_baseline_relative=max(0,final_yield-null)-I-5N"
FQ,Fengqiu,2016,DQN,1.0,30000.0,rl_candidate,2016,176,24,0.0,32.1,18.3,14.0,0.0,41.0,0.0,0.0,300,0.0,0.0,-0.0,-0.0,2016-06-24,pass,"counterfactual_common_baseline_relative=max(0,final_yield-null)-I-5N"
FQ,Fengqiu,2016,DQN,1.0,30000.0,rl_candidate,2016,177,25,0.0,34.0,17.5,15.0,0.0,49.0,0.0,0.0,297,0.0,0.0,-0.0,-0.0,2016-06-25,pass,"counterfactual_common_baseline_relative=max(0,final_yield-null)-I-5N"
FQ,Fengqiu,2016,DQN,1.0,30000.0,rl_candidate,2016,178,26,0.0,34.3,17.1,16.0,0.0,59.0,0.0,0.0,295,0.0,0.0,-0.0,-0.0,2016-06-26,pass,"counterfactual_common_baseline_relative=max(0,final_yield-null)-I-5N"
FQ,Fengqiu,2016,DQN,1.0,30000.0,rl_candidate,2016,179,27,0.0,31.4,20.8,17.0,0.0,70.0,0.0,0.0,293,0.0,0.0,-0.0,-0.0,2016-06-27,pass,"counterfactual_common_baseline_relative=max(0,final_yield-null)-I-5N"
FQ,Fengqiu,2016,DQN,1.0,30000.0,rl_candidate,2016,180,28,0.0,33.0,20.1,18.0,0.0,82.0,0.0,0.0,292,0.0,0.0,-0.0,-0.0,2016-06-28,pass,"counterfactual_common_baseline_relative=max(0,final_yield-null)-I-5N"
FQ,Fengqiu,2016,DQN,1.0,30000.0,rl_candidate,2016,181,29,3.3,35.0,19.1,19.0,0.0,97.0,0.0,0.0,292,0.0,0.0,-0.0,-0.0,2016-06-29,pass,"counterfactual_common_baseline_relative=max(0,final_yield-null)-I-5N"
FQ,Fengqiu,2016,DQN,1.0,30000.0,rl_candidate,2016,182,30,0.0,32.4,24.6,20.0,0.0,113.0,0.0,0.0,290,0.0,0.0,-0.0,-0.0,2016-06-30,pass,"counterfactual_common_baseline_relative=max(0,final_yield-null)-I-5N"
FQ,Fengqiu,2016,DQN,1.0,30000.0,rl_candidate,2016,183,31,1.1,31.2,23.4,21.0,0.0,131.0,0.0,0.0,290,0.0,0.0,-0.0,-0.0,2016-07-01,pass,"counterfactual_common_baseline_relative=max(0,final_yield-null)-I-5N"
FQ,Fengqiu,2016,DQN,1.0,30000.0,rl_candidate,2016,184,32,0.0,33.7,22.5,22.0,0.0,152.0,0.0,0.0,288,0.0,0.0,-0.0,-0.0,2016-07-02,pass,"counterfactual_common_baseline_relative=max(0,final_yield-null)-I-5N"
FQ,Fengqiu,2016,DQN,1.0,30000.0,rl_candidate,2016,185,33,0.0,32.8,22.3,23.0,0.0,174.0,0.0,0.0,286,0.0,0.0,-0.0,-0.0,2016-07-03,pass,"counterfactual_common_baseline_relative=max(0,final_yield-null)-I-5N"
FQ,Fengqiu,2016,DQN,1.0,30000.0,rl_candidate,2016,186,34,0.0,30.7,23.8,24.0,0.0,199.0,0.0,0.0,285,0.0,0.0,-0.0,-0.0,2016-07-04,pass,"counterfactual_common_baseline_relative=max(0,final_yield-null)-I-5N"
FQ,Fengqiu,2016,DQN,1.0,30000.0,rl_candidate,2016,187,35,0.0,32.2,20.1,25.0,0.0,225.0,0.0,0.0,283,0.0,0.0,-0.0,-0.0,2016-07-05,pass,"counterfactual_common_baseline_relative=max(0,final_yield-null)-I-5N"
FQ,Fengqiu,2016,DQN,1.0,30000.0,rl_candidate,2016,188,36,0.0,32.3,19.6,26.0,0.0,254.0,0.0,0.0,281,0.0,0.0,-0.0,-0.0,2016-07-06,pass,"counterfactual_common_baseline_relative=max(0,final_yield-null)-I-5N"
FQ,Fengqiu,2016,DQN,1.0,30000.0,rl_candidate,2016,189,37,0.0,32.4,24.1,27.0,0.0,290.0,0.0,0.0,279,0.0,0.0,-0.0,-0.0,2016-07-07,pass,"counterfactual_common_baseline_relative=max(0,final_yield-null)-I-5N"
FQ,Fengqiu,2016,DQN,1.0,30000.0,rl_candidate,2016,190,38,0.0,33.3,23.3,28.0,0.0,330.0,0.0,0.0,277,0.0,0.0,-0.0,-0.0,2016-07-08,pass,"counterfactual_common_baseline_relative=max(0,final_yield-null)-I-5N"
FQ,Fengqiu,2016,DQN,1.0,30000.0,rl_candidate,2016,191,39,9.7,28.8,24.7,29.0,0.0,359.0,0.0,0.0,286,0.0,0.0,-0.0,-0.0,2016-07-09,pass,"counterfactual_common_baseline_relative=max(0,final_yield-null)-I-5N"
FQ,Fengqiu,2016,DQN,1.0,30000.0,rl_candidate,2016,192,40,0.0,32.5,24.2,30.0,0.0,408.0,0.0,0.0,282,0.0,0.0,-0.0,-0.0,2016-07-10,pass,"counterfactual_common_baseline_relative=max(0,final_yield-null)-I-5N"
FQ,Fengqiu,2016,DQN,1.0,30000.0,rl_candidate,2016,193,41,0.0,34.1,21.9,31.0,0.0,464.0,0.0,0.0,279,0.0,0.0,-0.0,-0.0,2016-07-11,pass,"counterfactual_common_baseline_relative=max(0,final_yield-null)-I-5N"
FQ,Fengqiu,2016,DQN,1.0,30000.0,rl_candidate,2016,194,42,0.0,33.7,24.2,32.0,0.0,526.0,0.0,0.0,276,0.0,0.0,-0.0,-0.0,2016-07-12,pass,"counterfactual_common_baseline_relative=max(0,final_yield-null)-I-5N"
FQ,Fengqiu,2016,DQN,1.0,30000.0,rl_candidate,2016,195,43,0.6,31.5,23.2,33.0,0.0,592.0,0.0,0.0,273,0.0,0.0,-0.0,-0.0,2016-07-13,pass,"counterfactual_common_baseline_relative=max(0,final_yield-null)-I-5N"
FQ,Fengqiu,2016,DQN,1.0,30000.0,rl_candidate,2016,196,44,6.5,27.8,23.1,34.0,0.0,628.0,0.0,0.0,279,0.0,0.0,-0.0,-0.0,2016-07-14,pass,"counterfactual_common_baseline_relative=max(0,final_yield-null)-I-5N"
FQ,Fengqiu,2016,DQN,1.0,30000.0,rl_candidate,2016,197,45,33.0,23.1,18.8,35.0,0.0,678.0,0.0,0.0,304,0.0,0.0,-0.0,-0.0,2016-07-15,pass,"counterfactual_common_baseline_relative=max(0,final_yield-null)-I-5N"
FQ,Fengqiu,2016,DQN,1.0,30000.0,rl_candidate,2016,198,46,0.0,27.6,18.4,36.0,0.0,741.0,0.0,0.0,301,0.0,0.0,-0.0,-0.0,2016-07-16,pass,"counterfactual_common_baseline_relative=max(0,final_yield-null)-I-5N"
FQ,Fengqiu,2016,DQN,1.0,30000.0,rl_candidate,2016,199,47,1.0,30.6,21.3,37.0,0.0,824.0,0.0,0.0,298,0.0,0.0,-0.0,-0.0,2016-07-17,pass,"counterfactual_common_baseline_relative=max(0,final_yield-null)-I-5N"
FQ,Fengqiu,2016,DQN,1.0,30000.0,rl_candidate,2016,200,48,0.0,30.6,21.8,38.0,0.0,913.0,0.0,0.0,295,0.0,0.0,-0.0,-0.0,2016-07-18,pass,"counterfactual_common_baseline_relative=max(0,final_yield-null)-I-5N"
FQ,Fengqiu,2016,DQN,1.0,30000.0,rl_candidate,2016,201,49,43.0,29.3,24.6,39.0,0.0,967.0,0.0,0.0,322,0.0,0.0,-0.0,-0.0,2016-07-19,pass,"counterfactual_common_baseline_relative=max(0,final_yield-null)-I-5N"
FQ,Fengqiu,2016,DQN,1.0,30000.0,rl_candidate,2016,202,50,28.0,29.5,22.4,40.0,0.0,1072.0,0.0,0.0,338,0.0,0.0,-0.0,-0.0,2016-07-20,pass,"counterfactual_common_baseline_relative=max(0,final_yield-null)-I-5N"
FQ,Fengqiu,2016,DQN,1.0,30000.0,rl_candidate,2016,203,51,0.0,32.6,23.8,41.0,0.0,1323.0,0.0,0.0,332,0.0,0.0,-0.0,-0.0,2016-07-21,pass,"counterfactual_common_baseline_relative=max(0,final_yield-null)-I-5N"
FQ,Fengqiu,2016,DQN,1.0,30000.0,rl_candidate,2016,204,52,0.0,35.3,25.9,42.0,0.0,1595.0,0.0,0.0,326,0.0,0.0,-0.0,-0.0,2016-07-22,pass,"counterfactual_common_baseline_relative=max(0,final_yield-null)-I-5N"
FQ,Fengqiu,2016,DQN,1.0,30000.0,rl_candidate,2016,205,53,0.0,35.4,27.2,43.0,0.0,1888.0,0.0,0.0,320,0.0,0.0,-0.0,-0.0,2016-07-23,pass,"counterfactual_common_baseline_relative=max(0,final_yield-null)-I-5N"
FQ,Fengqiu,2016,DQN,1.0,30000.0,rl_candidate,2016,206,54,0.0,35.7,26.7,44.0,0.0,2187.0,0.0,0.0,313,0.0,0.0,-0.0,-0.0,2016-07-24,pass,"counterfactual_common_baseline_relative=max(0,final_yield-null)-I-5N"
FQ,Fengqiu,2016,DQN,1.0,30000.0,rl_candidate,2016,207,55,0.0,35.5,27.4,45.0,0.0,2422.0,0.0,0.0,308,0.0,0.0,-0.0,-0.0,2016-07-25,pass,"counterfactual_common_baseline_relative=max(0,final_yield-null)-I-5N"
FQ,Fengqiu,2016,DQN,1.0,30000.0,rl_candidate,2016,208,56,0.0,35.1,23.7,46.0,0.0,2694.0,0.0,0.0,302,0.0,0.0,-0.0,-0.0,2016-07-26,pass,"counterfactual_common_baseline_relative=max(0,final_yield-null)-I-5N"
FQ,Fengqiu,2016,DQN,1.0,30000.0,rl_candidate,2016,209,57,0.0,32.6,25.8,47.0,0.0,2868.0,0.0,0.0,299,0.0,0.0,-0.0,-0.0,2016-07-27,pass,"counterfactual_common_baseline_relative=max(0,final_yield-null)-I-5N"
FQ,Fengqiu,2016,DQN,1.0,30000.0,rl_candidate,2016,210,58,0.0,35.6,24.1,48.0,0.0,3141.0,0.0,0.0,293,0.0,0.0,-0.0,-0.0,2016-07-28,pass,"counterfactual_common_baseline_relative=max(0,final_yield-null)-I-5N"
FQ,Fengqiu,2016,DQN,1.0,30000.0,rl_candidate,2016,211,59,0.0,36.5,23.7,49.0,0.0,3412.0,0.0,0.0,287,0.0,0.0,-0.0,-0.0,2016-07-29,pass,"counterfactual_common_baseline_relative=max(0,final_yield-null)-I-5N"
FQ,Fengqiu,2016,DQN,1.0,30000.0,rl_candidate,2016,212,60,0.0,36.0,27.0,50.0,0.0,3653.0,0.0,0.0,282,0.0,0.0,-0.0,-0.0,2016-07-30,pass,"counterfactual_common_baseline_relative=max(0,final_yield-null)-I-5N"
FQ,Fengqiu,2016,DQN,1.0,30000.0,rl_candidate,2016,213,61,0.0,34.9,24.0,51.0,0.0,3922.0,0.0,0.0,277,0.0,0.0,-0.0,-0.0,2016-07-31,pass,"counterfactual_common_baseline_relative=max(0,final_yield-null)-I-5N"
FQ,Fengqiu,2016,DQN,1.0,30000.0,rl_candidate,2016,214,62,0.0,33.5,25.6,52.0,0.0,4193.0,0.0,0.0,272,0.0,0.0,-0.0,-0.0,2016-08-01,pass,"counterfactual_common_baseline_relative=max(0,final_yield-null)-I-5N"
FQ,Fengqiu,2016,DQN,1.0,30000.0,rl_candidate,2016,215,63,0.0,32.5,24.0,53.0,0.0,4449.0,0.0,0.0,268,0.0,0.0,-0.0,-0.0,2016-08-02,pass,"counterfactual_common_baseline_relative=max(0,final_yield-null)-I-5N"
FQ,Fengqiu,2016,DQN,1.0,30000.0,rl_candidate,2016,216,64,3.1,31.6,23.6,54.0,0.0,4697.0,0.0,0.0,266,0.0,0.0,-0.0,-0.0,2016-08-03,pass,"counterfactual_common_baseline_relative=max(0,final_yield-null)-I-5N"
FQ,Fengqiu,2016,DQN,1.0,30000.0,rl_candidate,2016,217,65,1.4,31.6,24.1,55.0,0.0,4932.0,0.0,0.0,264,0.0,0.0,-0.0,-0.0,2016-08-04,pass,"counterfactual_common_baseline_relative=max(0,final_yield-null)-I-5N"
FQ,Fengqiu,2016,DQN,1.0,30000.0,rl_candidate,2016,218,66,0.0,33.0,23.5,56.0,0.0,5170.0,0.0,0.0,260,0.0,0.0,-0.0,-0.0,2016-08-05,pass,"counterfactual_common_baseline_relative=max(0,final_yield-null)-I-5N"
FQ,Fengqiu,2016,DQN,1.0,30000.0,rl_candidate,2016,219,67,44.6,28.6,23.0,57.0,0.0,5288.0,0.0,0.0,291,0.0,0.0,-0.0,-0.0,2016-08-06,pass,"counterfactual_common_baseline_relative=max(0,final_yield-null)-I-5N"
FQ,Fengqiu,2016,DQN,1.0,30000.0,rl_candidate,2016,220,68,0.0,31.7,23.0,58.0,0.0,5481.0,0.0,0.0,288,0.0,0.0,-0.0,-0.0,2016-08-07,pass,"counterfactual_common_baseline_relative=max(0,final_yield-null)-I-5N"
FQ,Fengqiu,2016,DQN,1.0,30000.0,rl_candidate,2016,221,69,2.8,26.6,23.1,59.0,0.0,5601.0,0.0,0.0,288,0.0,0.0,-0.0,-0.0,2016-08-08,pass,"counterfactual_common_baseline_relative=max(0,final_yield-null)-I-5N"
FQ,Fengqiu,2016,DQN,1.0,30000.0,rl_candidate,2016,222,70,0.4,30.5,23.1,60.0,0.0,5750.0,0.0,0.0,286,0.0,0.0,-0.0,-0.0,2016-08-09,pass,"counterfactual_common_baseline_relative=max(0,final_yield-null)-I-5N"
FQ,Fengqiu,2016,DQN,1.0,30000.0,rl_candidate,2016,223,71,0.0,33.8,23.3,61.0,0.0,6015.0,0.0,0.0,281,0.0,0.0,-0.0,-0.0,2016-08-10,pass,"counterfactual_common_baseline_relative=max(0,final_yield-null)-I-5N"
FQ,Fengqiu,2016,DQN,1.0,30000.0,rl_candidate,2016,224,72,0.0,34.5,24.5,62.0,0.0,6317.0,0.0,0.0,276,0.0,0.0,-0.0,-0.0,2016-08-11,pass,"counterfactual_common_baseline_relative=max(0,final_yield-null)-I-5N"
FQ,Fengqiu,2016,DQN,1.0,30000.0,rl_candidate,2016,225,73,0.0,36.1,25.4,63.0,0.0,6601.0,0.0,0.0,270,0.0,0.0,-0.0,-0.0,2016-08-12,pass,"counterfactual_common_baseline_relative=max(0,final_yield-null)-I-5N"
FQ,Fengqiu,2016,DQN,1.0,30000.0,rl_candidate,2016,226,74,0.0,35.5,24.9,64.0,0.0,6865.0,0.0,0.0,265,0.0,0.0,-0.0,-0.0,2016-08-13,pass,"counterfactual_common_baseline_relative=max(0,final_yield-null)-I-5N"
FQ,Fengqiu,2016,DQN,1.0,30000.0,rl_candidate,2016,227,75,0.0,34.8,27.0,65.0,212.0,7077.0,0.0,0.0,260,0.0,0.0,-0.0,-0.0,2016-08-14,pass,"counterfactual_common_baseline_relative=max(0,final_yield-null)-I-5N"
FQ,Fengqiu,2016,DQN,1.0,30000.0,rl_candidate,2016,228,76,0.0,29.8,23.4,66.0,626.0,7315.0,0.0,0.0,257,0.0,0.0,-0.0,-0.0,2016-08-15,pass,"counterfactual_common_baseline_relative=max(0,final_yield-null)-I-5N"
FQ,Fengqiu,2016,DQN,1.0,30000.0,rl_candidate,2016,229,77,0.0,26.7,21.5,67.0,1039.0,7455.0,0.0,0.0,255,0.0,0.0,-0.0,-0.0,2016-08-16,pass,"counterfactual_common_baseline_relative=max(0,final_yield-null)-I-5N"
FQ,Fengqiu,2016,DQN,1.0,30000.0,rl_candidate,2016,230,78,0.0,30.9,22.2,68.0,1453.0,7679.0,0.0,0.0,252,0.0,0.0,-0.0,-0.0,2016-08-17,pass,"counterfactual_common_baseline_relative=max(0,final_yield-null)-I-5N"
FQ,Fengqiu,2016,DQN,1.0,30000.0,rl_candidate,2016,231,79,0.0,34.5,23.6,69.0,1760.0,8001.0,0.0,0.0,246,0.0,0.0,-0.0,-0.0,2016-08-18,pass,"counterfactual_common_baseline_relative=max(0,final_yield-null)-I-5N"
FQ,Fengqiu,2016,DQN,1.0,30000.0,rl_candidate,2016,232,80,0.0,28.8,25.1,70.0,1846.0,7928.0,0.0,0.0,245,0.0,0.0,-0.0,-0.0,2016-08-19,pass,"counterfactual_common_baseline_relative=max(0,final_yield-null)-I-5N"
FQ,Fengqiu,2016,DQN,1.0,30000.0,rl_candidate,2016,233,81,0.0,29.8,23.5,71.0,2059.0,8142.0,0.0,0.0,242,0.0,0.0,-0.0,-0.0,2016-08-20,pass,"counterfactual_common_baseline_relative=max(0,final_yield-null)-I-5N"
FQ,Fengqiu,2016,DQN,1.0,30000.0,rl_candidate,2016,234,82,0.0,31.4,20.4,72.0,2438.0,8521.0,0.0,0.0,236,0.0,0.0,-0.0,-0.0,2016-08-21,pass,"counterfactual_common_baseline_relative=max(0,final_yield-null)-I-5N"
FQ,Fengqiu,2016,DQN,1.0,30000.0,rl_candidate,2016,235,83,0.0,32.5,23.1,73.0,2756.0,8839.0,0.0,0.0,232,0.0,0.0,-0.0,-0.0,2016-08-22,pass,"counterfactual_common_baseline_relative=max(0,final_yield-null)-I-5N"
FQ,Fengqiu,2016,DQN,1.0,30000.0,rl_candidate,2016,236,84,0.0,33.1,25.3,74.0,2982.0,9064.0,0.0,0.0,228,0.0,0.0,-0.0,-0.0,2016-08-23,pass,"counterfactual_common_baseline_relative=max(0,final_yield-null)-I-5N"
FQ,Fengqiu,2016,DQN,1.0,30000.0,rl_candidate,2016,237,85,0.0,34.6,25.0,75.0,3251.0,9335.0,0.0,0.0,224,0.0,0.0,-0.0,-0.0,2016-08-24,pass,"counterfactual_common_baseline_relative=max(0,final_yield-null)-I-5N"
FQ,Fengqiu,2016,DQN,1.0,30000.0,rl_candidate,2016,238,86,14.0,31.1,21.9,76.0,3345.0,9427.0,0.0,0.0,236,0.0,0.0,-0.0,-0.0,2016-08-25,pass,"counterfactual_common_baseline_relative=max(0,final_yield-null)-I-5N"
FQ,Fengqiu,2016,DQN,1.0,30000.0,rl_candidate,2016,239,87,0.0,27.8,19.1,77.0,3665.0,9747.0,0.0,0.0,232,0.0,0.0,-0.0,-0.0,2016-08-26,pass,"counterfactual_common_baseline_relative=max(0,final_yield-null)-I-5N"
FQ,Fengqiu,2016,DQN,1.0,30000.0,rl_candidate,2016,240,88,0.0,29.2,14.5,78.0,4067.0,10150.0,0.0,0.0,226,0.0,0.0,-0.0,-0.0,2016-08-27,pass,"counterfactual_common_baseline_relative=max(0,final_yield-null)-I-5N"
FQ,Fengqiu,2016,DQN,1.0,30000.0,rl_candidate,2016,241,89,0.0,31.0,14.2,79.0,4470.0,10553.0,0.0,0.0,220,0.0,0.0,-0.0,-0.0,2016-08-28,pass,"counterfactual_common_baseline_relative=max(0,final_yield-null)-I-5N"
FQ,Fengqiu,2016,DQN,1.0,30000.0,rl_candidate,2016,242,90,0.0,31.2,13.0,80.0,4843.0,10925.0,0.0,0.0,214,0.0,0.0,-0.0,-0.0,2016-08-29,pass,"counterfactual_common_baseline_relative=max(0,final_yield-null)-I-5N"
FQ,Fengqiu,2016,DQN,1.0,30000.0,rl_candidate,2016,243,91,0.0,31.1,15.2,81.0,5164.0,11246.0,0.0,0.0,210,0.0,0.0,-0.0,-0.0,2016-08-30,pass,"counterfactual_common_baseline_relative=max(0,final_yield-null)-I-5N"
FQ,Fengqiu,2016,DQN,1.0,30000.0,rl_candidate,2016,244,92,0.0,33.3,16.0,82.0,5520.0,11602.0,0.0,0.0,204,0.0,0.0,-0.0,-0.0,2016-08-31,pass,"counterfactual_common_baseline_relative=max(0,final_yield-null)-I-5N"
FQ,Fengqiu,2016,DQN,1.0,30000.0,rl_candidate,2016,245,93,0.0,33.9,16.0,83.0,5851.0,11933.0,0.05,0.0,229,30.0,0.0,-30.0,-30.0,2016-09-01,pass,"counterfactual_common_baseline_relative=max(0,final_yield-null)-I-5N"
FQ,Fengqiu,2016,DQN,1.0,30000.0,rl_candidate,2016,246,94,0.0,36.0,14.2,84.0,6200.0,12282.0,0.0,0.0,223,0.0,0.0,-0.0,-30.0,2016-09-02,pass,"counterfactual_common_baseline_relative=max(0,final_yield-null)-I-5N"
FQ,Fengqiu,2016,DQN,1.0,30000.0,rl_candidate,2016,247,95,0.0,29.8,17.3,85.0,6370.0,12453.0,0.0,0.0,220,0.0,0.0,-0.0,-30.0,2016-09-03,pass,"counterfactual_common_baseline_relative=max(0,final_yield-null)-I-5N"
FQ,Fengqiu,2016,DQN,1.0,30000.0,rl_candidate,2016,248,96,0.0,33.9,18.4,86.0,6628.0,12710.0,0.0,0.0,215,0.0,0.0,-0.0,-30.0,2016-09-04,pass,"counterfactual_common_baseline_relative=max(0,final_yield-null)-I-5N"
FQ,Fengqiu,2016,DQN,1.0,30000.0,rl_candidate,2016,249,97,0.0,34.0,16.5,87.0,6845.0,12928.0,0.0,0.0,212,0.0,0.0,-0.0,-30.0,2016-09-05,pass,"counterfactual_common_baseline_relative=max(0,final_yield-null)-I-5N"
FQ,Fengqiu,2016,DQN,1.0,30000.0,rl_candidate,2016,250,98,0.0,32.3,18.7,88.0,7029.0,13112.0,0.0,0.0,209,0.0,0.0,-0.0,-30.0,2016-09-06,pass,"counterfactual_common_baseline_relative=max(0,final_yield-null)-I-5N"
FQ,Fengqiu,2016,DQN,1.0,30000.0,rl_candidate,2016,251,99,1.2,30.5,19.1,89.0,7307.0,13389.0,0.0,0.0,205,0.0,0.0,-0.0,-30.0,2016-09-07,pass,"counterfactual_common_baseline_relative=max(0,final_yield-null)-I-5N"
FQ,Fengqiu,2016,DQN,1.0,30000.0,rl_candidate,2016,252,100,0.0,34.6,15.5,90.0,7592.0,13675.0,0.0,0.0,229,30.0,0.0,-30.0,-60.0,2016-09-08,pass,"counterfactual_common_baseline_relative=max(0,final_yield-null)-I-5N"
FQ,Fengqiu,2016,DQN,1.0,30000.0,rl_candidate,2016,253,101,3.3,34.3,16.3,91.0,7782.0,13864.0,0.0,0.0,228,0.0,0.0,-0.0,-60.0,2016-09-09,pass,"counterfactual_common_baseline_relative=max(0,final_yield-null)-I-5N"
FQ,Fengqiu,2016,DQN,1.0,30000.0,rl_candidate,2016,254,102,0.0,33.5,19.6,92.0,7995.0,14078.0,0.0,0.0,224,0.0,0.0,-0.0,-60.0,2016-09-10,pass,"counterfactual_common_baseline_relative=max(0,final_yield-null)-I-5N"
FQ,Fengqiu,2016,DQN,1.0,30000.0,rl_candidate,2016,255,103,0.0,32.9,17.2,93.0,7995.0,14078.0,0.0,0.0,218,0.0,0.0,-0.0,-60.0,2016-09-11,pass,"counterfactual_common_baseline_relative=max(0,final_yield-null)-I-5N"
FQ,Fengqiu,2016,DQN,1.0,30000.0,rl_candidate,2016,256,104,0.0,29.6,19.5,94.0,7995.0,14078.0,0.0,0.0,214,0.0,0.0,-0.0,-60.0,2016-09-12,pass,"counterfactual_common_baseline_relative=max(0,final_yield-null)-I-5N"
FQ,Fengqiu,2016,DQN,1.0,30000.0,rl_candidate,2016,257,105,38.0,27.1,19.0,95.0,7995.0,14078.0,0.0,0.0,241,0.0,0.0,-0.0,-60.0,2016-09-13,pass,"counterfactual_common_baseline_relative=max(0,final_yield-null)-I-5N"
FQ,Fengqiu,2016,DQN,1.0,30000.0,rl_candidate,2016,258,106,0.0,30.5,19.1,96.0,7995.0,14078.0,0.0,0.0,238,0.0,0.0,929.0,869.0,2016-09-14,pass,"counterfactual_common_baseline_relative=max(0,final_yield-null)-I-5N"
LC,Luancheng,2010,DQN,,,null,2010,121,1,0.0,29.5,6.1,0.0,0.0,0.0,0.0,0.0,372,0.0,0.0,-0.0,-0.0,2010-05-01,pass,"counterfactual_common_baseline_relative=max(0,final_yield-null)-I-5N"
LC,Luancheng,2010,DQN,,,null,2010,122,2,0.0,31.1,12.9,0.0,0.0,0.0,0.0,0.0,371,0.0,0.0,-0.0,-0.0,2010-05-02,pass,"counterfactual_common_baseline_relative=max(0,final_yield-null)-I-5N"
LC,Luancheng,2010,DQN,,,null,2010,123,3,0.0,24.2,17.5,0.0,0.0,0.0,0.0,0.0,369,0.0,0.0,-0.0,-0.0,2010-05-03,pass,"counterfactual_common_baseline_relative=max(0,final_yield-null)-I-5N"
LC,Luancheng,2010,DQN,,,null,2010,124,4,0.6,23.4,15.2,0.0,0.0,0.0,0.0,0.0,369,0.0,0.0,-0.0,-0.0,2010-05-04,pass,"counterfactual_common_baseline_relative=max(0,final_yield-null)-I-5N"
LC,Luancheng,2010,DQN,,,null,2010,125,5,2.6,28.7,14.4,0.0,0.0,0.0,0.0,0.0,369,0.0,0.0,-0.0,-0.0,2010-05-05,pass,"counterfactual_common_baseline_relative=max(0,final_yield-null)-I-5N"
LC,Luancheng,2010,DQN,,,null,2010,126,6,0.0,28.1,7.7,0.0,0.0,0.0,0.0,0.0,368,0.0,0.0,-0.0,-0.0,2010-05-06,pass,"counterfactual_common_baseline_relative=max(0,final_yield-null)-I-5N"
LC,Luancheng,2010,DQN,,,null,2010,127,7,0.0,31.6,9.2,0.0,0.0,0.0,0.0,0.0,367,0.0,0.0,-0.0,-0.0,2010-05-07,pass,"counterfactual_common_baseline_relative=max(0,final_yield-null)-I-5N"
LC,Luancheng,2010,DQN,,,null,2010,128,8,0.0,25.0,14.2,0.0,0.0,0.0,0.0,0.0,367,0.0,0.0,-0.0,-0.0,2010-05-08,pass,"counterfactual_common_baseline_relative=max(0,final_yield-null)-I-5N"
LC,Luancheng,2010,DQN,,,null,2010,129,9,0.0,23.0,13.5,0.0,0.0,0.0,0.0,0.0,366,0.0,0.0,-0.0,-0.0,2010-05-09,pass,"counterfactual_common_baseline_relative=max(0,final_yield-null)-I-5N"
LC,Luancheng,2010,DQN,,,null,2010,130,10,0.0,27.0,5.3,0.0,0.0,0.0,0.0,0.0,365,0.0,0.0,-0.0,-0.0,2010-05-10,pass,"counterfactual_common_baseline_relative=max(0,final_yield-null)-I-5N"
LC,Luancheng,2010,DQN,,,null,2010,131,11,0.0,23.5,6.8,0.0,0.0,0.0,0.0,0.0,365,0.0,0.0,-0.0,-0.0,2010-05-11,pass,"counterfactual_common_baseline_relative=max(0,final_yield-null)-I-5N"
LC,Luancheng,2010,DQN,,,null,2010,132,12,0.0,23.3,8.1,0.0,0.0,0.0,0.0,0.0,364,0.0,0.0,-0.0,-0.0,2010-05-12,pass,"counterfactual_common_baseline_relative=max(0,final_yield-null)-I-5N"
LC,Luancheng,2010,DQN,,,null,2010,133,13,0.0,24.2,10.9,0.0,0.0,0.0,0.0,0.0,364,0.0,0.0,-0.0,-0.0,2010-05-13,pass,"counterfactual_common_baseline_relative=max(0,final_yield-null)-I-5N"
LC,Luancheng,2010,DQN,,,null,2010,134,14,0.0,21.5,11.7,0.0,0.0,0.0,0.0,0.0,363,0.0,0.0,-0.0,-0.0,2010-05-14,pass,"counterfactual_common_baseline_relative=max(0,final_yield-null)-I-5N"
LC,Luancheng,2010,DQN,,,null,2010,135,15,0.0,25.3,12.2,0.0,0.0,0.0,0.0,0.0,363,0.0,0.0,-0.0,-0.0,2010-05-15,pass,"counterfactual_common_baseline_relative=max(0,final_yield-null)-I-5N"
LC,Luancheng,2010,DQN,,,null,2010,136,16,0.8,18.4,14.5,0.0,0.0,0.0,0.0,0.0,363,0.0,0.0,-0.0,-0.0,2010-05-16,pass,"counterfactual_common_baseline_relative=max(0,final_yield-null)-I-5N"
LC,Luancheng,2010,DQN,,,null,2010,137,17,1.0,23.2,14.3,0.0,0.0,0.0,0.0,0.0,363,0.0,0.0,-0.0,-0.0,2010-05-17,pass,"counterfactual_common_baseline_relative=max(0,final_yield-null)-I-5N"
LC,Luancheng,2010,DQN,,,null,2010,138,18,0.4,28.1,13.0,0.0,0.0,0.0,0.0,0.0,363,0.0,0.0,-0.0,-0.0,2010-05-18,pass,"counterfactual_common_baseline_relative=max(0,final_yield-null)-I-5N"
LC,Luancheng,2010,DQN,,,null,2010,139,19,0.0,32.8,10.8,0.0,0.0,0.0,0.0,0.0,362,0.0,0.0,-0.0,-0.0,2010-05-19,pass,"counterfactual_common_baseline_relative=max(0,final_yield-null)-I-5N"
LC,Luancheng,2010,DQN,,,null,2010,140,20,0.0,33.4,10.3,0.0,0.0,0.0,0.0,0.0,362,0.0,0.0,-0.0,-0.0,2010-05-20,pass,"counterfactual_common_baseline_relative=max(0,final_yield-null)-I-5N"
LC,Luancheng,2010,DQN,,,null,2010,141,21,0.0,27.8,14.9,0.0,0.0,0.0,0.0,0.0,361,0.0,0.0,-0.0,-0.0,2010-05-21,pass,"counterfactual_common_baseline_relative=max(0,final_yield-null)-I-5N"
LC,Luancheng,2010,DQN,,,null,2010,142,22,0.0,28.9,12.7,0.0,0.0,0.0,0.0,0.0,361,0.0,0.0,-0.0,-0.0,2010-05-22,pass,"counterfactual_common_baseline_relative=max(0,final_yield-null)-I-5N"
LC,Luancheng,2010,DQN,,,null,2010,143,23,0.0,32.1,13.5,0.0,0.0,0.0,0.0,0.0,360,0.0,0.0,-0.0,-0.0,2010-05-23,pass,"counterfactual_common_baseline_relative=max(0,final_yield-null)-I-5N"
LC,Luancheng,2010,DQN,,,null,2010,144,24,0.0,30.7,17.6,0.0,0.0,0.0,0.0,0.0,360,0.0,0.0,-0.0,-0.0,2010-05-24,pass,"counterfactual_common_baseline_relative=max(0,final_yield-null)-I-5N"
LC,Luancheng,2010,DQN,,,null,2010,145,25,0.0,30.6,12.0,0.0,0.0,0.0,0.0,0.0,360,0.0,0.0,-0.0,-0.0,2010-05-25,pass,"counterfactual_common_baseline_relative=max(0,final_yield-null)-I-5N"
LC,Luancheng,2010,DQN,,,null,2010,146,26,0.0,27.7,16.0,0.0,0.0,0.0,0.0,0.0,359,0.0,0.0,-0.0,-0.0,2010-05-26,pass,"counterfactual_common_baseline_relative=max(0,final_yield-null)-I-5N"
LC,Luancheng,2010,DQN,,,null,2010,147,27,1.4,21.5,18.1,0.0,0.0,0.0,0.0,0.0,360,0.0,0.0,-0.0,-0.0,2010-05-27,pass,"counterfactual_common_baseline_relative=max(0,final_yield-null)-I-5N"
LC,Luancheng,2010,DQN,,,null,2010,148,28,0.0,27.6,16.3,0.0,0.0,0.0,0.0,0.0,360,0.0,0.0,-0.0,-0.0,2010-05-28,pass,"counterfactual_common_baseline_relative=max(0,final_yield-null)-I-5N"
LC,Luancheng,2010,DQN,,,null,2010,149,29,0.0,35.1,13.5,0.0,0.0,0.0,0.0,0.0,359,0.0,0.0,-0.0,-0.0,2010-05-29,pass,"counterfactual_common_baseline_relative=max(0,final_yield-null)-I-5N"
LC,Luancheng,2010,DQN,,,null,2010,150,30,0.0,30.6,13.6,0.0,0.0,0.0,0.0,0.0,359,0.0,0.0,-0.0,-0.0,2010-05-30,pass,"counterfactual_common_baseline_relative=max(0,final_yield-null)-I-5N"
LC,Luancheng,2010,DQN,,,null,2010,151,31,0.0,26.5,15.0,0.0,0.0,0.0,0.0,0.0,359,0.0,0.0,-0.0,-0.0,2010-05-31,pass,"counterfactual_common_baseline_relative=max(0,final_yield-null)-I-5N"
LC,Luancheng,2010,DQN,,,null,2010,152,32,0.0,27.6,14.7,0.0,0.0,0.0,0.0,0.0,358,0.0,0.0,-0.0,-0.0,2010-06-01,pass,"counterfactual_common_baseline_relative=max(0,final_yield-null)-I-5N"
LC,Luancheng,2010,DQN,,,null,2010,153,33,2.8,24.5,15.6,0.0,0.0,0.0,0.0,0.0,360,0.0,0.0,-0.0,-0.0,2010-06-02,pass,"counterfactual_common_baseline_relative=max(0,final_yield-null)-I-5N"
LC,Luancheng,2010,DQN,,,null,2010,154,34,0.2,26.8,16.3,0.0,0.0,0.0,0.0,0.0,360,0.0,0.0,-0.0,-0.0,2010-06-03,pass,"counterfactual_common_baseline_relative=max(0,final_yield-null)-I-5N"
LC,Luancheng,2010,DQN,,,null,2010,155,35,0.0,28.8,15.7,0.0,0.0,0.0,0.0,0.0,359,0.0,0.0,-0.0,-0.0,2010-06-04,pass,"counterfactual_common_baseline_relative=max(0,final_yield-null)-I-5N"
LC,Luancheng,2010,DQN,,,null,2010,156,36,0.0,29.3,15.2,0.0,0.0,0.0,0.0,0.0,359,0.0,0.0,-0.0,-0.0,2010-06-05,pass,"counterfactual_common_baseline_relative=max(0,final_yield-null)-I-5N"
LC,Luancheng,2010,DQN,,,null,2010,157,37,0.0,29.8,15.8,0.0,0.0,0.0,0.0,0.0,359,0.0,0.0,-0.0,-0.0,2010-06-06,pass,"counterfactual_common_baseline_relative=max(0,final_yield-null)-I-5N"
LC,Luancheng,2010,DQN,,,null,2010,158,38,0.0,29.6,17.5,0.0,0.0,0.0,0.0,0.0,358,0.0,0.0,-0.0,-0.0,2010-06-07,pass,"counterfactual_common_baseline_relative=max(0,final_yield-null)-I-5N"
LC,Luancheng,2010,DQN,,,null,2010,159,39,0.0,29.6,15.2,0.0,0.0,0.0,0.0,0.0,358,0.0,0.0,-0.0,-0.0,2010-06-08,pass,"counterfactual_common_baseline_relative=max(0,final_yield-null)-I-5N"
LC,Luancheng,2010,DQN,,,null,2010,160,40,0.0,26.1,19.0,0.0,0.0,0.0,0.0,0.0,358,0.0,0.0,-0.0,-0.0,2010-06-09,pass,"counterfactual_common_baseline_relative=max(0,final_yield-null)-I-5N"
LC,Luancheng,2010,DQN,,,null,2010,161,41,0.0,27.5,18.3,0.0,0.0,0.0,0.0,0.0,357,0.0,0.0,-0.0,-0.0,2010-06-10,pass,"counterfactual_common_baseline_relative=max(0,final_yield-null)-I-5N"
LC,Luancheng,2010,DQN,,,null,2010,162,42,0.0,27.9,14.2,0.0,0.0,0.0,0.0,0.0,357,0.0,0.0,-0.0,-0.0,2010-06-11,pass,"counterfactual_common_baseline_relative=max(0,final_yield-null)-I-5N"
LC,Luancheng,2010,DQN,,,null,2010,163,43,0.0,31.8,17.0,0.0,0.0,0.0,0.0,0.0,357,0.0,0.0,-0.0,-0.0,2010-06-12,pass,"counterfactual_common_baseline_relative=max(0,final_yield-null)-I-5N"
LC,Luancheng,2010,DQN,,,null,2010,164,44,0.0,34.1,18.9,0.0,0.0,0.0,0.0,0.0,356,0.0,0.0,-0.0,-0.0,2010-06-13,pass,"counterfactual_common_baseline_relative=max(0,final_yield-null)-I-5N"
LC,Luancheng,2010,DQN,,,null,2010,165,45,0.0,31.4,19.1,0.0,0.0,0.0,0.0,0.0,356,0.0,0.0,-0.0,-0.0,2010-06-14,pass,"counterfactual_common_baseline_relative=max(0,final_yield-null)-I-5N"
LC,Luancheng,2010,DQN,,,null,2010,166,46,0.0,38.2,19.9,0.0,0.0,0.0,0.0,0.0,356,0.0,0.0,-0.0,-0.0,2010-06-15,pass,"counterfactual_common_baseline_relative=max(0,final_yield-null)-I-5N"
LC,Luancheng,2010,DQN,,,null,2010,167,47,0.0,37.2,21.1,0.0,0.0,0.0,0.0,0.0,355,0.0,0.0,-0.0,-0.0,2010-06-16,pass,"counterfactual_common_baseline_relative=max(0,final_yield-null)-I-5N"
LC,Luancheng,2010,DQN,,,null,2010,168,48,0.0,32.0,20.3,0.0,0.0,0.0,0.0,0.0,355,0.0,0.0,-0.0,-0.0,2010-06-17,pass,"counterfactual_common_baseline_relative=max(0,final_yield-null)-I-5N"
LC,Luancheng,2010,DQN,,,null,2010,169,49,2.6,29.6,19.4,0.0,0.0,0.0,0.0,0.0,357,0.0,0.0,-0.0,-0.0,2010-06-18,pass,"counterfactual_common_baseline_relative=max(0,final_yield-null)-I-5N"
LC,Luancheng,2010,DQN,,,null,2010,170,50,0.0,36.7,16.9,0.0,0.0,0.0,0.0,0.0,357,0.0,0.0,-0.0,-0.0,2010-06-19,pass,"counterfactual_common_baseline_relative=max(0,final_yield-null)-I-5N"
LC,Luancheng,2010,DQN,,,null,2010,171,51,0.0,37.4,19.6,0.0,0.0,0.0,0.0,0.0,356,0.0,0.0,-0.0,-0.0,2010-06-20,pass,"counterfactual_common_baseline_relative=max(0,final_yield-null)-I-5N"
LC,Luancheng,2010,DQN,,,null,2010,172,52,0.0,41.4,21.0,1.0,0.0,0.0,0.0,0.0,356,0.0,0.0,-0.0,-0.0,2010-06-21,pass,"counterfactual_common_baseline_relative=max(0,final_yield-null)-I-5N"
LC,Luancheng,2010,DQN,,,null,2010,173,53,0.0,35.7,24.1,2.0,0.0,0.0,0.0,0.0,356,0.0,0.0,-0.0,-0.0,2010-06-22,pass,"counterfactual_common_baseline_relative=max(0,final_yield-null)-I-5N"
LC,Luancheng,2010,DQN,,,null,2010,174,54,0.0,31.8,19.5,3.0,0.0,0.0,0.0,0.0,355,0.0,0.0,-0.0,-0.0,2010-06-23,pass,"counterfactual_common_baseline_relative=max(0,final_yield-null)-I-5N"
LC,Luancheng,2010,DQN,,,null,2010,175,55,0.0,33.9,17.7,4.0,0.0,0.0,0.0,0.0,355,0.0,0.0,-0.0,-0.0,2010-06-24,pass,"counterfactual_common_baseline_relative=max(0,final_yield-null)-I-5N"
LC,Luancheng,2010,DQN,,,null,2010,176,56,0.0,32.3,21.1,5.0,0.0,29.0,0.0,0.012,355,0.0,0.0,-0.0,-0.0,2010-06-25,pass,"counterfactual_common_baseline_relative=max(0,final_yield-null)-I-5N"
LC,Luancheng,2010,DQN,,,null,2010,177,57,0.0,34.1,21.2,6.0,0.0,29.0,0.0,0.009,355,0.0,0.0,-0.0,-0.0,2010-06-26,pass,"counterfactual_common_baseline_relative=max(0,final_yield-null)-I-5N"
LC,Luancheng,2010,DQN,,,null,2010,178,58,0.0,38.2,19.6,7.0,0.0,29.0,0.0,0.0,354,0.0,0.0,-0.0,-0.0,2010-06-27,pass,"counterfactual_common_baseline_relative=max(0,final_yield-null)-I-5N"
LC,Luancheng,2010,DQN,,,null,2010,179,59,0.0,40.4,21.5,8.0,0.0,32.0,0.0,0.0,354,0.0,0.0,-0.0,-0.0,2010-06-28,pass,"counterfactual_common_baseline_relative=max(0,final_yield-null)-I-5N"
LC,Luancheng,2010,DQN,,,null,2010,180,60,0.0,34.6,23.8,9.0,0.0,49.0,0.0,0.0,353,0.0,0.0,-0.0,-0.0,2010-06-29,pass,"counterfactual_common_baseline_relative=max(0,final_yield-null)-I-5N"
LC,Luancheng,2010,DQN,,,null,2010,181,61,0.0,31.6,24.9,10.0,0.0,58.0,0.0,0.019,353,0.0,0.0,-0.0,-0.0,2010-06-30,pass,"counterfactual_common_baseline_relative=max(0,final_yield-null)-I-5N"
LC,Luancheng,2010,DQN,,,null,2010,182,62,3.6,27.4,23.3,11.0,0.0,60.0,0.0,0.0,356,0.0,0.0,-0.0,-0.0,2010-07-01,pass,"counterfactual_common_baseline_relative=max(0,final_yield-null)-I-5N"
LC,Luancheng,2010,DQN,,,null,2010,183,63,0.0,36.8,21.3,12.0,0.0,96.0,0.0,0.0,355,0.0,0.0,-0.0,-0.0,2010-07-02,pass,"counterfactual_common_baseline_relative=max(0,final_yield-null)-I-5N"
LC,Luancheng,2010,DQN,,,null,2010,184,64,0.0,39.6,22.1,13.0,0.0,140.0,0.0,0.0,353,0.0,0.0,-0.0,-0.0,2010-07-03,pass,"counterfactual_common_baseline_relative=max(0,final_yield-null)-I-5N"
LC,Luancheng,2010,DQN,,,null,2010,185,65,0.0,39.9,23.8,14.0,0.0,181.0,0.0,0.0,352,0.0,0.0,-0.0,-0.0,2010-07-04,pass,"counterfactual_common_baseline_relative=max(0,final_yield-null)-I-5N"
LC,Luancheng,2010,DQN,,,null,2010,186,66,0.0,40.3,25.6,15.0,0.0,230.0,0.038,0.01,350,0.0,0.0,-0.0,-0.0,2010-07-05,pass,"counterfactual_common_baseline_relative=max(0,final_yield-null)-I-5N"
LC,Luancheng,2010,DQN,,,null,2010,187,67,0.0,41.1,21.9,16.0,0.0,273.0,0.318,0.0,347,0.0,0.0,-0.0,-0.0,2010-07-06,pass,"counterfactual_common_baseline_relative=max(0,final_yield-null)-I-5N"
LC,Luancheng,2010,DQN,,,null,2010,188,68,0.0,35.5,22.6,17.0,0.0,317.0,0.0,0.0,346,0.0,0.0,-0.0,-0.0,2010-07-07,pass,"counterfactual_common_baseline_relative=max(0,final_yield-null)-I-5N"
LC,Luancheng,2010,DQN,,,null,2010,189,69,0.0,34.6,22.9,18.0,0.0,419.0,0.0,0.0,344,0.0,0.0,-0.0,-0.0,2010-07-08,pass,"counterfactual_common_baseline_relative=max(0,final_yield-null)-I-5N"
LC,Luancheng,2010,DQN,,,null,2010,190,70,28.0,31.1,21.5,19.0,0.0,460.0,0.0,0.0,368,0.0,0.0,-0.0,-0.0,2010-07-09,pass,"counterfactual_common_baseline_relative=max(0,final_yield-null)-I-5N"
LC,Luancheng,2010,DQN,,,null,2010,191,71,5.6,29.0,21.1,20.0,0.0,552.0,0.0,0.0,371,0.0,0.0,-0.0,-0.0,2010-07-10,pass,"counterfactual_common_baseline_relative=max(0,final_yield-null)-I-5N"
LC,Luancheng,2010,DQN,,,null,2010,192,72,0.0,32.6,21.2,21.0,0.0,709.0,0.0,0.0,366,0.0,0.0,-0.0,-0.0,2010-07-11,pass,"counterfactual_common_baseline_relative=max(0,final_yield-null)-I-5N"
LC,Luancheng,2010,DQN,,,null,2010,193,73,0.0,31.5,24.1,22.0,0.0,795.0,0.0,0.0,364,0.0,0.0,-0.0,-0.0,2010-07-12,pass,"counterfactual_common_baseline_relative=max(0,final_yield-null)-I-5N"
LC,Luancheng,2010,DQN,,,null,2010,194,74,0.0,31.6,23.9,23.0,0.0,929.0,0.0,0.0,361,0.0,0.0,-0.0,-0.0,2010-07-13,pass,"counterfactual_common_baseline_relative=max(0,final_yield-null)-I-5N"
LC,Luancheng,2010,DQN,,,null,2010,195,75,0.0,31.3,23.7,24.0,0.0,1070.0,0.0,0.0,358,0.0,0.0,-0.0,-0.0,2010-07-14,pass,"counterfactual_common_baseline_relative=max(0,final_yield-null)-I-5N"
LC,Luancheng,2010,DQN,,,null,2010,196,76,0.4,30.1,23.4,25.0,0.0,1160.0,0.0,0.0,356,0.0,0.0,-0.0,-0.0,2010-07-15,pass,"counterfactual_common_baseline_relative=max(0,final_yield-null)-I-5N"
LC,Luancheng,2010,DQN,,,null,2010,197,77,0.0,33.3,21.9,26.0,0.0,1405.0,0.0,0.0,350,0.0,0.0,-0.0,-0.0,2010-07-16,pass,"counterfactual_common_baseline_relative=max(0,final_yield-null)-I-5N"
LC,Luancheng,2010,DQN,,,null,2010,198,78,0.0,32.1,23.5,27.0,0.0,1572.0,0.0,0.0,347,0.0,0.0,-0.0,-0.0,2010-07-17,pass,"counterfactual_common_baseline_relative=max(0,final_yield-null)-I-5N"
LC,Luancheng,2010,DQN,,,null,2010,199,79,0.2,34.3,20.6,28.0,0.0,1863.0,0.0,0.0,342,0.0,0.0,-0.0,-0.0,2010-07-18,pass,"counterfactual_common_baseline_relative=max(0,final_yield-null)-I-5N"
LC,Luancheng,2010,DQN,,,null,2010,200,80,1.6,28.9,23.4,29.0,0.0,1923.0,0.0,0.0,343,0.0,0.0,-0.0,-0.0,2010-07-19,pass,"counterfactual_common_baseline_relative=max(0,final_yield-null)-I-5N"
LC,Luancheng,2010,DQN,,,null,2010,201,81,0.0,32.4,19.1,30.0,0.0,2236.0,0.0,0.0,336,0.0,0.0,-0.0,-0.0,2010-07-20,pass,"counterfactual_common_baseline_relative=max(0,final_yield-null)-I-5N"
LC,Luancheng,2010,DQN,,,null,2010,202,82,0.0,33.9,20.6,31.0,0.0,2585.0,0.0,0.0,331,0.0,0.0,-0.0,-0.0,2010-07-21,pass,"counterfactual_common_baseline_relative=max(0,final_yield-null)-I-5N"
LC,Luancheng,2010,DQN,,,null,2010,203,83,0.0,33.3,23.3,32.0,0.0,2834.0,0.0,0.0,327,0.0,0.0,-0.0,-0.0,2010-07-22,pass,"counterfactual_common_baseline_relative=max(0,final_yield-null)-I-5N"
LC,Luancheng,2010,DQN,,,null,2010,204,84,0.0,33.9,23.3,33.0,0.0,3171.0,0.0,0.0,322,0.0,0.0,-0.0,-0.0,2010-07-23,pass,"counterfactual_common_baseline_relative=max(0,final_yield-null)-I-5N"
LC,Luancheng,2010,DQN,,,null,2010,205,85,0.0,34.0,23.0,34.0,0.0,3507.0,0.0,0.0,317,0.0,0.0,-0.0,-0.0,2010-07-24,pass,"counterfactual_common_baseline_relative=max(0,final_yield-null)-I-5N"
LC,Luancheng,2010,DQN,,,null,2010,206,86,0.0,35.3,23.2,35.0,0.0,3891.0,0.0,0.0,311,0.0,0.0,-0.0,-0.0,2010-07-25,pass,"counterfactual_common_baseline_relative=max(0,final_yield-null)-I-5N"
LC,Luancheng,2010,DQN,,,null,2010,207,87,0.0,34.8,23.5,36.0,0.0,4200.0,0.0,0.0,306,0.0,0.0,-0.0,-0.0,2010-07-26,pass,"counterfactual_common_baseline_relative=max(0,final_yield-null)-I-5N"
LC,Luancheng,2010,DQN,,,null,2010,208,88,0.0,33.8,24.2,37.0,0.0,4526.0,0.0,0.0,302,0.0,0.0,-0.0,-0.0,2010-07-27,pass,"counterfactual_common_baseline_relative=max(0,final_yield-null)-I-5N"
LC,Luancheng,2010,DQN,,,null,2010,209,89,0.0,34.7,24.5,38.0,0.0,4866.0,0.0,0.0,297,0.0,0.0,-0.0,-0.0,2010-07-28,pass,"counterfactual_common_baseline_relative=max(0,final_yield-null)-I-5N"
LC,Luancheng,2010,DQN,,,null,2010,210,90,0.0,36.5,25.5,39.0,0.0,5228.0,0.0,0.0,292,0.0,0.0,-0.0,-0.0,2010-07-29,pass,"counterfactual_common_baseline_relative=max(0,final_yield-null)-I-5N"
LC,Luancheng,2010,DQN,,,null,2010,211,91,0.0,36.4,27.1,40.0,0.0,5453.0,0.0,0.0,288,0.0,0.0,-0.0,-0.0,2010-07-30,pass,"counterfactual_common_baseline_relative=max(0,final_yield-null)-I-5N"
LC,Luancheng,2010,DQN,,,null,2010,212,92,0.2,37.3,25.5,41.0,0.0,5723.0,0.0,0.0,283,0.0,0.0,-0.0,-0.0,2010-07-31,pass,"counterfactual_common_baseline_relative=max(0,final_yield-null)-I-5N"
LC,Luancheng,2010,DQN,,,null,2010,213,93,0.2,28.0,24.3,42.0,0.0,5888.0,0.0,0.0,281,0.0,0.0,-0.0,-0.0,2010-08-01,pass,"counterfactual_common_baseline_relative=max(0,final_yield-null)-I-5N"
LC,Luancheng,2010,DQN,,,null,2010,214,94,0.0,31.3,22.1,43.0,0.0,6224.0,0.0,0.0,277,0.0,0.0,-0.0,-0.0,2010-08-02,pass,"counterfactual_common_baseline_relative=max(0,final_yield-null)-I-5N"
LC,Luancheng,2010,DQN,,,null,2010,215,95,0.2,32.7,21.6,44.0,0.0,6531.0,0.0,0.0,273,0.0,0.0,-0.0,-0.0,2010-08-03,pass,"counterfactual_common_baseline_relative=max(0,final_yield-null)-I-5N"
LC,Luancheng,2010,DQN,,,null,2010,216,96,0.2,32.9,23.5,45.0,0.0,6622.0,0.0,0.0,272,0.0,0.0,-0.0,-0.0,2010-08-04,pass,"counterfactual_common_baseline_relative=max(0,final_yield-null)-I-5N"
LC,Luancheng,2010,DQN,,,null,2010,217,97,0.2,33.0,22.4,46.0,0.0,6853.0,0.0,0.0,269,0.0,0.0,-0.0,-0.0,2010-08-05,pass,"counterfactual_common_baseline_relative=max(0,final_yield-null)-I-5N"
LC,Luancheng,2010,DQN,,,null,2010,218,98,0.0,30.9,20.3,47.0,0.0,7209.0,0.0,0.0,263,0.0,0.0,-0.0,-0.0,2010-08-06,pass,"counterfactual_common_baseline_relative=max(0,final_yield-null)-I-5N"
LC,Luancheng,2010,DQN,,,null,2010,219,99,0.2,31.5,18.7,48.0,0.0,7523.0,0.0,0.0,259,0.0,0.0,-0.0,-0.0,2010-08-07,pass,"counterfactual_common_baseline_relative=max(0,final_yield-null)-I-5N"
LC,Luancheng,2010,DQN,,,null,2010,220,100,0.0,32.2,22.4,49.0,0.0,7796.0,0.0,0.0,255,0.0,0.0,-0.0,-0.0,2010-08-08,pass,"counterfactual_common_baseline_relative=max(0,final_yield-null)-I-5N"
LC,Luancheng,2010,DQN,,,null,2010,221,101,0.2,31.1,24.5,50.0,0.0,7893.0,0.0,0.0,253,0.0,0.0,-0.0,-0.0,2010-08-09,pass,"counterfactual_common_baseline_relative=max(0,final_yield-null)-I-5N"
LC,Luancheng,2010,DQN,,,null,2010,222,102,0.2,28.8,22.1,51.0,0.0,7941.0,0.0,0.0,252,0.0,0.0,-0.0,-0.0,2010-08-10,pass,"counterfactual_common_baseline_relative=max(0,final_yield-null)-I-5N"
LC,Luancheng,2010,DQN,,,null,2010,223,103,0.0,25.5,21.5,52.0,0.0,7918.0,0.0,0.0,252,0.0,0.0,-0.0,-0.0,2010-08-11,pass,"counterfactual_common_baseline_relative=max(0,final_yield-null)-I-5N"
LC,Luancheng,2010,DQN,,,null,2010,224,104,0.2,33.2,20.7,53.0,0.0,8236.0,0.0,0.0,247,0.0,0.0,-0.0,-0.0,2010-08-12,pass,"counterfactual_common_baseline_relative=max(0,final_yield-null)-I-5N"
LC,Luancheng,2010,DQN,,,null,2010,225,105,0.2,28.5,23.8,54.0,0.0,8269.0,0.0,0.0,246,0.0,0.0,-0.0,-0.0,2010-08-13,pass,"counterfactual_common_baseline_relative=max(0,final_yield-null)-I-5N"
LC,Luancheng,2010,DQN,,,null,2010,226,106,0.0,32.1,22.6,55.0,0.0,8475.0,0.0,0.0,242,0.0,0.0,-0.0,-0.0,2010-08-14,pass,"counterfactual_common_baseline_relative=max(0,final_yield-null)-I-5N"
LC,Luancheng,2010,DQN,,,null,2010,227,107,0.0,35.4,16.4,56.0,264.0,8739.0,0.0,0.0,236,0.0,0.0,-0.0,-0.0,2010-08-15,pass,"counterfactual_common_baseline_relative=max(0,final_yield-null)-I-5N"
LC,Luancheng,2010,DQN,,,null,2010,228,108,0.2,33.3,17.8,57.0,528.0,9003.0,0.0,0.0,231,0.0,0.0,-0.0,-0.0,2010-08-16,pass,"counterfactual_common_baseline_relative=max(0,final_yield-null)-I-5N"
LC,Luancheng,2010,DQN,,,null,2010,229,109,0.0,32.5,18.7,58.0,792.0,9267.0,0.0,0.0,227,0.0,0.0,-0.0,-0.0,2010-08-17,pass,"counterfactual_common_baseline_relative=max(0,final_yield-null)-I-5N"
LC,Luancheng,2010,DQN,,,null,2010,230,110,0.0,30.3,21.7,59.0,1055.0,9453.0,0.0,0.0,225,0.0,0.0,-0.0,-0.0,2010-08-18,pass,"counterfactual_common_baseline_relative=max(0,final_yield-null)-I-5N"
LC,Luancheng,2010,DQN,,,null,2010,231,111,0.2,28.0,20.4,60.0,1319.0,9633.0,0.0,0.0,223,0.0,0.0,-0.0,-0.0,2010-08-19,pass,"counterfactual_common_baseline_relative=max(0,final_yield-null)-I-5N"
LC,Luancheng,2010,DQN,,,null,2010,232,112,0.0,26.6,22.5,61.0,1583.0,9727.0,0.0,0.0,222,0.0,0.0,-0.0,-0.0,2010-08-20,pass,"counterfactual_common_baseline_relative=max(0,final_yield-null)-I-5N"
LC,Luancheng,2010,DQN,,,null,2010,233,113,0.2,23.5,19.9,62.0,1847.0,9768.0,0.0,0.0,221,0.0,0.0,-0.0,-0.0,2010-08-21,pass,"counterfactual_common_baseline_relative=max(0,final_yield-null)-I-5N"
LC,Luancheng,2010,DQN,,,null,2010,234,114,0.2,29.8,18.3,63.0,2111.0,10086.0,0.0,0.0,217,0.0,0.0,-0.0,-0.0,2010-08-22,pass,"counterfactual_common_baseline_relative=max(0,final_yield-null)-I-5N"
LC,Luancheng,2010,DQN,,,null,2010,235,115,0.0,27.1,19.5,64.0,2375.0,10261.0,0.0,0.0,215,0.0,0.0,-0.0,-0.0,2010-08-23,pass,"counterfactual_common_baseline_relative=max(0,final_yield-null)-I-5N"
LC,Luancheng,2010,DQN,,,null,2010,236,116,0.2,26.2,18.1,65.0,2639.0,10574.0,0.0,0.0,212,0.0,0.0,-0.0,-0.0,2010-08-24,pass,"counterfactual_common_baseline_relative=max(0,final_yield-null)-I-5N"
LC,Luancheng,2010,DQN,,,null,2010,237,117,0.0,30.2,13.9,66.0,2902.0,10913.0,0.0,0.0,207,0.0,0.0,-0.0,-0.0,2010-08-25,pass,"counterfactual_common_baseline_relative=max(0,final_yield-null)-I-5N"
LC,Luancheng,2010,DQN,,,null,2010,238,118,0.2,30.2,19.9,67.0,3166.0,11195.0,0.0,0.0,204,0.0,0.0,-0.0,-0.0,2010-08-26,pass,"counterfactual_common_baseline_relative=max(0,final_yield-null)-I-5N"
LC,Luancheng,2010,DQN,,,null,2010,239,119,0.2,28.9,17.1,68.0,3430.0,11430.0,0.0,0.0,201,0.0,0.0,-0.0,-0.0,2010-08-27,pass,"counterfactual_common_baseline_relative=max(0,final_yield-null)-I-5N"
LC,Luancheng,2010,DQN,,,null,2010,240,120,0.2,31.2,15.3,69.0,3694.0,11769.0,0.0,0.0,197,0.0,0.0,-0.0,-0.0,2010-08-28,pass,"counterfactual_common_baseline_relative=max(0,final_yield-null)-I-5N"
LC,Luancheng,2010,DQN,,,null,2010,241,121,0.4,32.0,16.2,70.0,3958.0,12103.0,0.0,0.0,192,0.0,0.0,-0.0,-0.0,2010-08-29,pass,"counterfactual_common_baseline_relative=max(0,final_yield-null)-I-5N"
LC,Luancheng,2010,DQN,,,null,2010,242,122,0.2,31.7,18.7,71.0,4222.0,12390.0,0.0,0.0,189,0.0,0.0,-0.0,-0.0,2010-08-30,pass,"counterfactual_common_baseline_relative=max(0,final_yield-null)-I-5N"
LC,Luancheng,2010,DQN,,,null,2010,243,123,0.4,29.3,20.5,72.0,4486.0,12595.0,0.0,0.0,187,0.0,0.0,-0.0,-0.0,2010-08-31,pass,"counterfactual_common_baseline_relative=max(0,final_yield-null)-I-5N"
LC,Luancheng,2010,DQN,,,null,2010,244,124,0.2,28.9,18.1,73.0,4749.0,12885.0,0.0,0.0,183,0.0,0.0,-0.0,-0.0,2010-09-01,pass,"counterfactual_common_baseline_relative=max(0,final_yield-null)-I-5N"
LC,Luancheng,2010,DQN,,,null,2010,245,125,0.2,29.3,19.4,74.0,5013.0,13121.0,0.0,0.0,180,0.0,0.0,-0.0,-0.0,2010-09-02,pass,"counterfactual_common_baseline_relative=max(0,final_yield-null)-I-5N"
LC,Luancheng,2010,DQN,,,null,2010,246,126,0.2,28.3,19.5,75.0,5268.0,13330.0,0.062,0.0,178,0.0,0.0,-0.0,-0.0,2010-09-03,pass,"counterfactual_common_baseline_relative=max(0,final_yield-null)-I-5N"
LC,Luancheng,2010,DQN,,,null,2010,247,127,0.2,28.4,16.7,76.0,5491.0,13509.0,0.284,0.0,176,0.0,0.0,-0.0,-0.0,2010-09-04,pass,"counterfactual_common_baseline_relative=max(0,final_yield-null)-I-5N"
LC,Luancheng,2010,DQN,,,null,2010,248,128,0.0,27.5,19.0,77.0,5742.0,13663.0,0.086,0.0,174,0.0,0.0,-0.0,-0.0,2010-09-05,pass,"counterfactual_common_baseline_relative=max(0,final_yield-null)-I-5N"
LC,Luancheng,2010,DQN,,,null,2010,249,129,0.2,27.1,18.5,78.0,5997.0,13802.0,0.062,0.0,173,0.0,0.0,-0.0,-0.0,2010-09-06,pass,"counterfactual_common_baseline_relative=max(0,final_yield-null)-I-5N"
LC,Luancheng,2010,DQN,,,null,2010,250,130,21.0,24.0,20.4,79.0,6261.0,13880.0,0.0,0.0,193,0.0,0.0,-0.0,-0.0,2010-09-07,pass,"counterfactual_common_baseline_relative=max(0,final_yield-null)-I-5N"
LC,Luancheng,2010,DQN,,,null,2010,251,131,0.2,25.2,19.0,80.0,6525.0,14089.0,0.0,0.0,191,0.0,0.0,-0.0,-0.0,2010-09-08,pass,"counterfactual_common_baseline_relative=max(0,final_yield-null)-I-5N"
LC,Luancheng,2010,DQN,,,null,2010,252,132,0.0,24.7,17.8,81.0,6686.0,14176.0,0.0,0.0,189,0.0,0.0,-0.0,-0.0,2010-09-09,pass,"counterfactual_common_baseline_relative=max(0,final_yield-null)-I-5N"
LC,Luancheng,2010,DQN,,,null,2010,253,133,0.0,31.7,14.2,82.0,6947.0,14478.0,0.019,0.0,184,0.0,0.0,-0.0,-0.0,2010-09-10,pass,"counterfactual_common_baseline_relative=max(0,final_yield-null)-I-5N"
LC,Luancheng,2010,DQN,,,null,2010,254,134,0.0,31.0,15.5,83.0,7189.0,14743.0,0.151,0.0,180,0.0,0.0,-0.0,-0.0,2010-09-11,pass,"counterfactual_common_baseline_relative=max(0,final_yield-null)-I-5N"
LC,Luancheng,2010,DQN,,,null,2010,255,135,0.0,31.9,13.9,84.0,7409.0,14972.0,0.296,0.0,176,0.0,0.0,-0.0,-0.0,2010-09-12,pass,"counterfactual_common_baseline_relative=max(0,final_yield-null)-I-5N"
LC,Luancheng,2010,DQN,,,null,2010,256,136,0.0,31.6,15.5,85.0,7630.0,15191.0,0.297,0.0,173,0.0,0.0,-0.0,-0.0,2010-09-13,pass,"counterfactual_common_baseline_relative=max(0,final_yield-null)-I-5N"
LC,Luancheng,2010,DQN,,,null,2010,257,137,0.0,30.9,17.5,86.0,7863.0,15389.0,0.217,0.0,170,0.0,0.0,-0.0,-0.0,2010-09-14,pass,"counterfactual_common_baseline_relative=max(0,final_yield-null)-I-5N"
LC,Luancheng,2010,DQN,,,null,2010,258,138,0.0,29.4,17.6,87.0,7965.0,15455.0,0.504,0.0,168,0.0,0.0,-0.0,-0.0,2010-09-15,pass,"counterfactual_common_baseline_relative=max(0,final_yield-null)-I-5N"
LC,Luancheng,2010,DQN,,,null,2010,259,139,0.0,28.7,20.9,88.0,8051.0,15541.0,0.446,0.0,167,0.0,0.0,-0.0,-0.0,2010-09-16,pass,"counterfactual_common_baseline_relative=max(0,final_yield-null)-I-5N"
LC,Luancheng,2010,DQN,,,null,2010,260,140,1.6,26.4,15.1,89.0,8051.0,15541.0,0.0,0.0,168,0.0,0.0,-0.0,-0.0,2010-09-17,pass,"counterfactual_common_baseline_relative=max(0,final_yield-null)-I-5N"
LC,Luancheng,2010,DQN,,,null,2010,261,141,2.2,15.4,14.0,90.0,8051.0,15541.0,0.0,0.0,170,0.0,0.0,-0.0,-0.0,2010-09-18,pass,"counterfactual_common_baseline_relative=max(0,final_yield-null)-I-5N"
LC,Luancheng,2010,DQN,,,null,2010,262,142,18.2,20.8,15.2,91.0,8051.0,15541.0,0.0,0.0,187,0.0,0.0,-0.0,-0.0,2010-09-19,pass,"counterfactual_common_baseline_relative=max(0,final_yield-null)-I-5N"
LC,Luancheng,2010,DQN,,,null,2010,263,143,0.0,23.1,16.9,92.0,8051.0,15541.0,0.0,0.0,185,0.0,0.0,-0.0,-0.0,2010-09-20,pass,"counterfactual_common_baseline_relative=max(0,final_yield-null)-I-5N"
LC,Luancheng,2010,DQN,,,null,2010,264,144,9.6,18.7,12.9,93.0,8051.0,15541.0,0.0,0.0,194,0.0,0.0,0.0,0.0,2010-09-21,pass,"counterfactual_common_baseline_relative=max(0,final_yield-null)-I-5N"
LC,Luancheng,2010,DQN,,,recorded_farmer,2010,121,1,0.0,29.5,6.1,0.0,0.0,0.0,0.0,0.0,372,0.0,0.0,-0.0,-0.0,2010-05-01,pass,"counterfactual_common_baseline_relative=max(0,final_yield-null)-I-5N"
LC,Luancheng,2010,DQN,,,recorded_farmer,2010,122,2,0.0,31.1,12.9,0.0,0.0,0.0,0.0,0.0,371,0.0,0.0,-0.0,-0.0,2010-05-02,pass,"counterfactual_common_baseline_relative=max(0,final_yield-null)-I-5N"
LC,Luancheng,2010,DQN,,,recorded_farmer,2010,123,3,0.0,24.2,17.5,0.0,0.0,0.0,0.0,0.0,369,0.0,0.0,-0.0,-0.0,2010-05-03,pass,"counterfactual_common_baseline_relative=max(0,final_yield-null)-I-5N"
LC,Luancheng,2010,DQN,,,recorded_farmer,2010,124,4,0.6,23.4,15.2,0.0,0.0,0.0,0.0,0.0,369,0.0,0.0,-0.0,-0.0,2010-05-04,pass,"counterfactual_common_baseline_relative=max(0,final_yield-null)-I-5N"
LC,Luancheng,2010,DQN,,,recorded_farmer,2010,125,5,2.6,28.7,14.4,0.0,0.0,0.0,0.0,0.0,369,0.0,0.0,-0.0,-0.0,2010-05-05,pass,"counterfactual_common_baseline_relative=max(0,final_yield-null)-I-5N"
LC,Luancheng,2010,DQN,,,recorded_farmer,2010,126,6,0.0,28.1,7.7,0.0,0.0,0.0,0.0,0.0,368,0.0,0.0,-0.0,-0.0,2010-05-06,pass,"counterfactual_common_baseline_relative=max(0,final_yield-null)-I-5N"
LC,Luancheng,2010,DQN,,,recorded_farmer,2010,127,7,0.0,31.6,9.2,0.0,0.0,0.0,0.0,0.0,367,0.0,0.0,-0.0,-0.0,2010-05-07,pass,"counterfactual_common_baseline_relative=max(0,final_yield-null)-I-5N"
LC,Luancheng,2010,DQN,,,recorded_farmer,2010,128,8,0.0,25.0,14.2,0.0,0.0,0.0,0.0,0.0,367,0.0,0.0,-0.0,-0.0,2010-05-08,pass,"counterfactual_common_baseline_relative=max(0,final_yield-null)-I-5N"
LC,Luancheng,2010,DQN,,,recorded_farmer,2010,129,9,0.0,23.0,13.5,0.0,0.0,0.0,0.0,0.0,366,0.0,0.0,-0.0,-0.0,2010-05-09,pass,"counterfactual_common_baseline_relative=max(0,final_yield-null)-I-5N"
LC,Luancheng,2010,DQN,,,recorded_farmer,2010,130,10,0.0,27.0,5.3,0.0,0.0,0.0,0.0,0.0,365,0.0,0.0,-0.0,-0.0,2010-05-10,pass,"counterfactual_common_baseline_relative=max(0,final_yield-null)-I-5N"
LC,Luancheng,2010,DQN,,,recorded_farmer,2010,131,11,0.0,23.5,6.8,0.0,0.0,0.0,0.0,0.0,365,0.0,0.0,-0.0,-0.0,2010-05-11,pass,"counterfactual_common_baseline_relative=max(0,final_yield-null)-I-5N"
LC,Luancheng,2010,DQN,,,recorded_farmer,2010,132,12,0.0,23.3,8.1,0.0,0.0,0.0,0.0,0.0,364,0.0,0.0,-0.0,-0.0,2010-05-12,pass,"counterfactual_common_baseline_relative=max(0,final_yield-null)-I-5N"
LC,Luancheng,2010,DQN,,,recorded_farmer,2010,133,13,0.0,24.2,10.9,0.0,0.0,0.0,0.0,0.0,364,0.0,0.0,-0.0,-0.0,2010-05-13,pass,"counterfactual_common_baseline_relative=max(0,final_yield-null)-I-5N"
LC,Luancheng,2010,DQN,,,recorded_farmer,2010,134,14,0.0,21.5,11.7,0.0,0.0,0.0,0.0,0.0,363,0.0,0.0,-0.0,-0.0,2010-05-14,pass,"counterfactual_common_baseline_relative=max(0,final_yield-null)-I-5N"
LC,Luancheng,2010,DQN,,,recorded_farmer,2010,135,15,0.0,25.3,12.2,0.0,0.0,0.0,0.0,0.0,363,0.0,0.0,-0.0,-0.0,2010-05-15,pass,"counterfactual_common_baseline_relative=max(0,final_yield-null)-I-5N"
LC,Luancheng,2010,DQN,,,recorded_farmer,2010,136,16,0.8,18.4,14.5,0.0,0.0,0.0,0.0,0.0,363,0.0,0.0,-0.0,-0.0,2010-05-16,pass,"counterfactual_common_baseline_relative=max(0,final_yield-null)-I-5N"
LC,Luancheng,2010,DQN,,,recorded_farmer,2010,137,17,1.0,23.2,14.3,0.0,0.0,0.0,0.0,0.0,363,0.0,0.0,-0.0,-0.0,2010-05-17,pass,"counterfactual_common_baseline_relative=max(0,final_yield-null)-I-5N"
LC,Luancheng,2010,DQN,,,recorded_farmer,2010,138,18,0.4,28.1,13.0,0.0,0.0,0.0,0.0,0.0,363,0.0,0.0,-0.0,-0.0,2010-05-18,pass,"counterfactual_common_baseline_relative=max(0,final_yield-null)-I-5N"
LC,Luancheng,2010,DQN,,,recorded_farmer,2010,139,19,0.0,32.8,10.8,0.0,0.0,0.0,0.0,0.0,362,0.0,0.0,-0.0,-0.0,2010-05-19,pass,"counterfactual_common_baseline_relative=max(0,final_yield-null)-I-5N"
LC,Luancheng,2010,DQN,,,recorded_farmer,2010,140,20,0.0,33.4,10.3,0.0,0.0,0.0,0.0,0.0,362,0.0,0.0,-0.0,-0.0,2010-05-20,pass,"counterfactual_common_baseline_relative=max(0,final_yield-null)-I-5N"
LC,Luancheng,2010,DQN,,,recorded_farmer,2010,141,21,0.0,27.8,14.9,0.0,0.0,0.0,0.0,0.0,361,0.0,0.0,-0.0,-0.0,2010-05-21,pass,"counterfactual_common_baseline_relative=max(0,final_yield-null)-I-5N"
LC,Luancheng,2010,DQN,,,recorded_farmer,2010,142,22,0.0,28.9,12.7,0.0,0.0,0.0,0.0,0.0,361,0.0,0.0,-0.0,-0.0,2010-05-22,pass,"counterfactual_common_baseline_relative=max(0,final_yield-null)-I-5N"
LC,Luancheng,2010,DQN,,,recorded_farmer,2010,143,23,0.0,32.1,13.5,0.0,0.0,0.0,0.0,0.0,360,0.0,0.0,-0.0,-0.0,2010-05-23,pass,"counterfactual_common_baseline_relative=max(0,final_yield-null)-I-5N"
LC,Luancheng,2010,DQN,,,recorded_farmer,2010,144,24,0.0,30.7,17.6,0.0,0.0,0.0,0.0,0.0,360,0.0,0.0,-0.0,-0.0,2010-05-24,pass,"counterfactual_common_baseline_relative=max(0,final_yield-null)-I-5N"
LC,Luancheng,2010,DQN,,,recorded_farmer,2010,145,25,0.0,30.6,12.0,0.0,0.0,0.0,0.0,0.0,360,0.0,0.0,-0.0,-0.0,2010-05-25,pass,"counterfactual_common_baseline_relative=max(0,final_yield-null)-I-5N"
LC,Luancheng,2010,DQN,,,recorded_farmer,2010,146,26,0.0,27.7,16.0,0.0,0.0,0.0,0.0,0.0,359,0.0,0.0,-0.0,-0.0,2010-05-26,pass,"counterfactual_common_baseline_relative=max(0,final_yield-null)-I-5N"
LC,Luancheng,2010,DQN,,,recorded_farmer,2010,147,27,1.4,21.5,18.1,0.0,0.0,0.0,0.0,0.0,360,0.0,0.0,-0.0,-0.0,2010-05-27,pass,"counterfactual_common_baseline_relative=max(0,final_yield-null)-I-5N"
LC,Luancheng,2010,DQN,,,recorded_farmer,2010,148,28,0.0,27.6,16.3,0.0,0.0,0.0,0.0,0.0,360,0.0,0.0,-0.0,-0.0,2010-05-28,pass,"counterfactual_common_baseline_relative=max(0,final_yield-null)-I-5N"
LC,Luancheng,2010,DQN,,,recorded_farmer,2010,149,29,0.0,35.1,13.5,0.0,0.0,0.0,0.0,0.0,359,0.0,0.0,-0.0,-0.0,2010-05-29,pass,"counterfactual_common_baseline_relative=max(0,final_yield-null)-I-5N"
LC,Luancheng,2010,DQN,,,recorded_farmer,2010,150,30,0.0,30.6,13.6,0.0,0.0,0.0,0.0,0.0,359,0.0,0.0,-0.0,-0.0,2010-05-30,pass,"counterfactual_common_baseline_relative=max(0,final_yield-null)-I-5N"
LC,Luancheng,2010,DQN,,,recorded_farmer,2010,151,31,0.0,26.5,15.0,0.0,0.0,0.0,0.0,0.0,359,0.0,0.0,-0.0,-0.0,2010-05-31,pass,"counterfactual_common_baseline_relative=max(0,final_yield-null)-I-5N"
LC,Luancheng,2010,DQN,,,recorded_farmer,2010,152,32,0.0,27.6,14.7,0.0,0.0,0.0,0.0,0.0,358,0.0,0.0,-0.0,-0.0,2010-06-01,pass,"counterfactual_common_baseline_relative=max(0,final_yield-null)-I-5N"
LC,Luancheng,2010,DQN,,,recorded_farmer,2010,153,33,2.8,24.5,15.6,0.0,0.0,0.0,0.0,0.0,360,0.0,0.0,-0.0,-0.0,2010-06-02,pass,"counterfactual_common_baseline_relative=max(0,final_yield-null)-I-5N"
LC,Luancheng,2010,DQN,,,recorded_farmer,2010,154,34,0.2,26.8,16.3,0.0,0.0,0.0,0.0,0.0,360,0.0,0.0,-0.0,-0.0,2010-06-03,pass,"counterfactual_common_baseline_relative=max(0,final_yield-null)-I-5N"
LC,Luancheng,2010,DQN,,,recorded_farmer,2010,155,35,0.0,28.8,15.7,0.0,0.0,0.0,0.0,0.0,359,0.0,0.0,-0.0,-0.0,2010-06-04,pass,"counterfactual_common_baseline_relative=max(0,final_yield-null)-I-5N"
LC,Luancheng,2010,DQN,,,recorded_farmer,2010,156,36,0.0,29.3,15.2,0.0,0.0,0.0,0.0,0.0,359,0.0,0.0,-0.0,-0.0,2010-06-05,pass,"counterfactual_common_baseline_relative=max(0,final_yield-null)-I-5N"
LC,Luancheng,2010,DQN,,,recorded_farmer,2010,157,37,0.0,29.8,15.8,0.0,0.0,0.0,0.0,0.0,359,0.0,0.0,-0.0,-0.0,2010-06-06,pass,"counterfactual_common_baseline_relative=max(0,final_yield-null)-I-5N"
LC,Luancheng,2010,DQN,,,recorded_farmer,2010,158,38,0.0,29.6,17.5,0.0,0.0,0.0,0.0,0.0,358,0.0,50.0,-250.0,-250.0,2010-06-07,pass,"counterfactual_common_baseline_relative=max(0,final_yield-null)-I-5N"
LC,Luancheng,2010,DQN,,,recorded_farmer,2010,159,39,0.0,29.6,15.2,0.0,0.0,0.0,0.0,0.0,358,0.0,0.0,-0.0,-250.0,2010-06-08,pass,"counterfactual_common_baseline_relative=max(0,final_yield-null)-I-5N"
LC,Luancheng,2010,DQN,,,recorded_farmer,2010,160,40,0.0,26.1,19.0,0.0,0.0,0.0,0.0,0.0,358,0.0,0.0,-0.0,-250.0,2010-06-09,pass,"counterfactual_common_baseline_relative=max(0,final_yield-null)-I-5N"
LC,Luancheng,2010,DQN,,,recorded_farmer,2010,161,41,0.0,27.5,18.3,0.0,0.0,0.0,0.0,0.0,357,0.0,0.0,-0.0,-250.0,2010-06-10,pass,"counterfactual_common_baseline_relative=max(0,final_yield-null)-I-5N"
LC,Luancheng,2010,DQN,,,recorded_farmer,2010,162,42,0.0,27.9,14.2,0.0,0.0,0.0,0.0,0.0,357,0.0,0.0,-0.0,-250.0,2010-06-11,pass,"counterfactual_common_baseline_relative=max(0,final_yield-null)-I-5N"
LC,Luancheng,2010,DQN,,,recorded_farmer,2010,163,43,0.0,31.8,17.0,0.0,0.0,0.0,0.0,0.0,357,0.0,0.0,-0.0,-250.0,2010-06-12,pass,"counterfactual_common_baseline_relative=max(0,final_yield-null)-I-5N"
LC,Luancheng,2010,DQN,,,recorded_farmer,2010,164,44,0.0,34.1,18.9,0.0,0.0,0.0,0.0,0.0,356,0.0,0.0,-0.0,-250.0,2010-06-13,pass,"counterfactual_common_baseline_relative=max(0,final_yield-null)-I-5N"
LC,Luancheng,2010,DQN,,,recorded_farmer,2010,165,45,0.0,31.4,19.1,0.0,0.0,0.0,0.0,0.0,356,0.0,0.0,-0.0,-250.0,2010-06-14,pass,"counterfactual_common_baseline_relative=max(0,final_yield-null)-I-5N"
LC,Luancheng,2010,DQN,,,recorded_farmer,2010,166,46,0.0,38.2,19.9,0.0,0.0,0.0,0.0,0.0,356,0.0,0.0,-0.0,-250.0,2010-06-15,pass,"counterfactual_common_baseline_relative=max(0,final_yield-null)-I-5N"
LC,Luancheng,2010,DQN,,,recorded_farmer,2010,167,47,0.0,37.2,21.1,0.0,0.0,0.0,0.0,0.0,355,0.0,0.0,-0.0,-250.0,2010-06-16,pass,"counterfactual_common_baseline_relative=max(0,final_yield-null)-I-5N"
LC,Luancheng,2010,DQN,,,recorded_farmer,2010,168,48,0.0,32.0,20.3,0.0,0.0,0.0,0.0,0.0,355,0.0,0.0,-0.0,-250.0,2010-06-17,pass,"counterfactual_common_baseline_relative=max(0,final_yield-null)-I-5N"
LC,Luancheng,2010,DQN,,,recorded_farmer,2010,169,49,2.6,29.6,19.4,0.0,0.0,0.0,0.0,0.0,357,0.0,0.0,-0.0,-250.0,2010-06-18,pass,"counterfactual_common_baseline_relative=max(0,final_yield-null)-I-5N"
LC,Luancheng,2010,DQN,,,recorded_farmer,2010,170,50,0.0,36.7,16.9,0.0,0.0,0.0,0.0,0.0,357,0.0,0.0,-0.0,-250.0,2010-06-19,pass,"counterfactual_common_baseline_relative=max(0,final_yield-null)-I-5N"
LC,Luancheng,2010,DQN,,,recorded_farmer,2010,171,51,0.0,37.4,19.6,0.0,0.0,0.0,0.0,0.0,356,0.0,0.0,-0.0,-250.0,2010-06-20,pass,"counterfactual_common_baseline_relative=max(0,final_yield-null)-I-5N"
LC,Luancheng,2010,DQN,,,recorded_farmer,2010,172,52,0.0,41.4,21.0,1.0,0.0,0.0,0.0,0.0,356,0.0,0.0,-0.0,-250.0,2010-06-21,pass,"counterfactual_common_baseline_relative=max(0,final_yield-null)-I-5N"
LC,Luancheng,2010,DQN,,,recorded_farmer,2010,173,53,0.0,35.7,24.1,2.0,0.0,0.0,0.0,0.0,424,70.0,0.0,-70.0,-320.0,2010-06-22,pass,"counterfactual_common_baseline_relative=max(0,final_yield-null)-I-5N"
LC,Luancheng,2010,DQN,,,recorded_farmer,2010,174,54,0.0,31.8,19.5,3.0,0.0,0.0,0.0,0.0,419,0.0,0.0,-0.0,-320.0,2010-06-23,pass,"counterfactual_common_baseline_relative=max(0,final_yield-null)-I-5N"
LC,Luancheng,2010,DQN,,,recorded_farmer,2010,175,55,0.0,33.9,17.7,4.0,0.0,0.0,0.0,0.0,416,0.0,0.0,-0.0,-320.0,2010-06-24,pass,"counterfactual_common_baseline_relative=max(0,final_yield-null)-I-5N"
LC,Luancheng,2010,DQN,,,recorded_farmer,2010,176,56,0.0,32.3,21.1,5.0,0.0,29.0,0.0,0.012,415,0.0,0.0,-0.0,-320.0,2010-06-25,pass,"counterfactual_common_baseline_relative=max(0,final_yield-null)-I-5N"
LC,Luancheng,2010,DQN,,,recorded_farmer,2010,177,57,0.0,34.1,21.2,6.0,0.0,29.0,0.0,0.009,414,0.0,0.0,-0.0,-320.0,2010-06-26,pass,"counterfactual_common_baseline_relative=max(0,final_yield-null)-I-5N"
LC,Luancheng,2010,DQN,,,recorded_farmer,2010,178,58,0.0,38.2,19.6,7.0,0.0,29.0,0.0,0.0,413,0.0,0.0,-0.0,-320.0,2010-06-27,pass,"counterfactual_common_baseline_relative=max(0,final_yield-null)-I-5N"
LC,Luancheng,2010,DQN,,,recorded_farmer,2010,179,59,0.0,40.4,21.5,8.0,0.0,32.0,0.0,0.0,412,0.0,0.0,-0.0,-320.0,2010-06-28,pass,"counterfactual_common_baseline_relative=max(0,final_yield-null)-I-5N"
LC,Luancheng,2010,DQN,,,recorded_farmer,2010,180,60,0.0,34.6,23.8,9.0,0.0,49.0,0.0,0.0,411,0.0,0.0,-0.0,-320.0,2010-06-29,pass,"counterfactual_common_baseline_relative=max(0,final_yield-null)-I-5N"
LC,Luancheng,2010,DQN,,,recorded_farmer,2010,181,61,0.0,31.6,24.9,10.0,0.0,58.0,0.0,0.019,410,0.0,0.0,-0.0,-320.0,2010-06-30,pass,"counterfactual_common_baseline_relative=max(0,final_yield-null)-I-5N"
LC,Luancheng,2010,DQN,,,recorded_farmer,2010,182,62,3.6,27.4,23.3,11.0,0.0,60.0,0.0,0.0,413,0.0,0.0,-0.0,-320.0,2010-07-01,pass,"counterfactual_common_baseline_relative=max(0,final_yield-null)-I-5N"
LC,Luancheng,2010,DQN,,,recorded_farmer,2010,183,63,0.0,36.8,21.3,12.0,0.0,96.0,0.0,0.0,412,0.0,0.0,-0.0,-320.0,2010-07-02,pass,"counterfactual_common_baseline_relative=max(0,final_yield-null)-I-5N"
LC,Luancheng,2010,DQN,,,recorded_farmer,2010,184,64,0.0,39.6,22.1,13.0,0.0,140.0,0.0,0.0,409,0.0,0.0,-0.0,-320.0,2010-07-03,pass,"counterfactual_common_baseline_relative=max(0,final_yield-null)-I-5N"
LC,Luancheng,2010,DQN,,,recorded_farmer,2010,185,65,0.0,39.9,23.8,14.0,0.0,184.0,0.0,0.0,407,0.0,0.0,-0.0,-320.0,2010-07-04,pass,"counterfactual_common_baseline_relative=max(0,final_yield-null)-I-5N"
LC,Luancheng,2010,DQN,,,recorded_farmer,2010,186,66,0.0,40.3,25.6,15.0,0.0,233.0,0.0,0.01,405,0.0,0.0,-0.0,-320.0,2010-07-05,pass,"counterfactual_common_baseline_relative=max(0,final_yield-null)-I-5N"
LC,Luancheng,2010,DQN,,,recorded_farmer,2010,187,67,0.0,41.1,21.9,16.0,0.0,305.0,0.0,0.0,401,0.0,0.0,-0.0,-320.0,2010-07-06,pass,"counterfactual_common_baseline_relative=max(0,final_yield-null)-I-5N"
LC,Luancheng,2010,DQN,,,recorded_farmer,2010,188,68,0.0,35.5,22.6,17.0,0.0,352.0,0.0,0.0,400,0.0,0.0,-0.0,-320.0,2010-07-07,pass,"counterfactual_common_baseline_relative=max(0,final_yield-null)-I-5N"
LC,Luancheng,2010,DQN,,,recorded_farmer,2010,189,69,0.0,34.6,22.9,18.0,0.0,463.0,0.0,0.0,397,0.0,0.0,-0.0,-320.0,2010-07-08,pass,"counterfactual_common_baseline_relative=max(0,final_yield-null)-I-5N"
LC,Luancheng,2010,DQN,,,recorded_farmer,2010,190,70,28.0,31.1,21.5,19.0,0.0,506.0,0.0,0.0,419,0.0,0.0,-0.0,-320.0,2010-07-09,pass,"counterfactual_common_baseline_relative=max(0,final_yield-null)-I-5N"
LC,Luancheng,2010,DQN,,,recorded_farmer,2010,191,71,5.6,29.0,21.1,20.0,0.0,603.0,0.0,0.0,421,0.0,0.0,-0.0,-320.0,2010-07-10,pass,"counterfactual_common_baseline_relative=max(0,final_yield-null)-I-5N"
LC,Luancheng,2010,DQN,,,recorded_farmer,2010,192,72,0.0,32.6,21.2,21.0,0.0,769.0,0.0,0.0,417,0.0,0.0,-0.0,-320.0,2010-07-11,pass,"counterfactual_common_baseline_relative=max(0,final_yield-null)-I-5N"
LC,Luancheng,2010,DQN,,,recorded_farmer,2010,193,73,0.0,31.5,24.1,22.0,0.0,859.0,0.0,0.0,414,0.0,0.0,-0.0,-320.0,2010-07-12,pass,"counterfactual_common_baseline_relative=max(0,final_yield-null)-I-5N"
LC,Luancheng,2010,DQN,,,recorded_farmer,2010,194,74,0.0,31.6,23.9,23.0,0.0,998.0,0.0,0.0,411,0.0,0.0,-0.0,-320.0,2010-07-13,pass,"counterfactual_common_baseline_relative=max(0,final_yield-null)-I-5N"
LC,Luancheng,2010,DQN,,,recorded_farmer,2010,195,75,0.0,31.3,23.7,24.0,0.0,1144.0,0.0,0.0,408,0.0,0.0,-0.0,-320.0,2010-07-14,pass,"counterfactual_common_baseline_relative=max(0,final_yield-null)-I-5N"
LC,Luancheng,2010,DQN,,,recorded_farmer,2010,196,76,0.4,30.1,23.4,25.0,0.0,1237.0,0.0,0.0,407,0.0,0.0,-0.0,-320.0,2010-07-15,pass,"counterfactual_common_baseline_relative=max(0,final_yield-null)-I-5N"
LC,Luancheng,2010,DQN,,,recorded_farmer,2010,197,77,0.0,33.3,21.9,26.0,0.0,1485.0,0.0,0.0,401,0.0,0.0,-0.0,-320.0,2010-07-16,pass,"counterfactual_common_baseline_relative=max(0,final_yield-null)-I-5N"
LC,Luancheng,2010,DQN,,,recorded_farmer,2010,198,78,0.0,32.1,23.5,27.0,0.0,1656.0,0.0,0.0,398,0.0,0.0,-0.0,-320.0,2010-07-17,pass,"counterfactual_common_baseline_relative=max(0,final_yield-null)-I-5N"
LC,Luancheng,2010,DQN,,,recorded_farmer,2010,199,79,0.2,34.3,20.6,28.0,0.0,1950.0,0.0,0.0,452,60.0,200.0,-1060.0,-1380.0,2010-07-18,pass,"counterfactual_common_baseline_relative=max(0,final_yield-null)-I-5N"
LC,Luancheng,2010,DQN,,,recorded_farmer,2010,200,80,1.6,28.9,23.4,29.0,0.0,2011.0,0.0,0.0,453,0.0,0.0,-0.0,-1380.0,2010-07-19,pass,"counterfactual_common_baseline_relative=max(0,final_yield-null)-I-5N"
LC,Luancheng,2010,DQN,,,recorded_farmer,2010,201,81,0.0,32.4,19.1,30.0,0.0,2298.0,0.0,0.0,447,0.0,0.0,-0.0,-1380.0,2010-07-20,pass,"counterfactual_common_baseline_relative=max(0,final_yield-null)-I-5N"
LC,Luancheng,2010,DQN,,,recorded_farmer,2010,202,82,0.0,33.9,20.6,31.0,0.0,2651.0,0.0,0.0,441,0.0,0.0,-0.0,-1380.0,2010-07-21,pass,"counterfactual_common_baseline_relative=max(0,final_yield-null)-I-5N"
LC,Luancheng,2010,DQN,,,recorded_farmer,2010,203,83,0.0,33.3,23.3,32.0,0.0,2902.0,0.0,0.0,437,0.0,0.0,-0.0,-1380.0,2010-07-22,pass,"counterfactual_common_baseline_relative=max(0,final_yield-null)-I-5N"
LC,Luancheng,2010,DQN,,,recorded_farmer,2010,204,84,0.0,33.9,23.3,33.0,0.0,3241.0,0.0,0.0,432,0.0,0.0,-0.0,-1380.0,2010-07-23,pass,"counterfactual_common_baseline_relative=max(0,final_yield-null)-I-5N"
LC,Luancheng,2010,DQN,,,recorded_farmer,2010,205,85,0.0,34.0,23.0,34.0,0.0,3580.0,0.0,0.0,427,0.0,0.0,-0.0,-1380.0,2010-07-24,pass,"counterfactual_common_baseline_relative=max(0,final_yield-null)-I-5N"
LC,Luancheng,2010,DQN,,,recorded_farmer,2010,206,86,0.0,35.3,23.2,35.0,0.0,3966.0,0.0,0.0,421,0.0,0.0,-0.0,-1380.0,2010-07-25,pass,"counterfactual_common_baseline_relative=max(0,final_yield-null)-I-5N"
LC,Luancheng,2010,DQN,,,recorded_farmer,2010,207,87,0.0,34.8,23.5,36.0,0.0,4278.0,0.0,0.0,416,0.0,0.0,-0.0,-1380.0,2010-07-26,pass,"counterfactual_common_baseline_relative=max(0,final_yield-null)-I-5N"
LC,Luancheng,2010,DQN,,,recorded_farmer,2010,208,88,0.0,33.8,24.2,37.0,0.0,4605.0,0.0,0.0,412,0.0,0.0,-0.0,-1380.0,2010-07-27,pass,"counterfactual_common_baseline_relative=max(0,final_yield-null)-I-5N"
LC,Luancheng,2010,DQN,,,recorded_farmer,2010,209,89,0.0,34.7,24.5,38.0,0.0,4946.0,0.0,0.0,407,0.0,0.0,-0.0,-1380.0,2010-07-28,pass,"counterfactual_common_baseline_relative=max(0,final_yield-null)-I-5N"
LC,Luancheng,2010,DQN,,,recorded_farmer,2010,210,90,0.0,36.5,25.5,39.0,0.0,5310.0,0.0,0.0,401,0.0,0.0,-0.0,-1380.0,2010-07-29,pass,"counterfactual_common_baseline_relative=max(0,final_yield-null)-I-5N"
LC,Luancheng,2010,DQN,,,recorded_farmer,2010,211,91,0.0,36.4,27.1,40.0,0.0,5536.0,0.0,0.0,397,0.0,0.0,-0.0,-1380.0,2010-07-30,pass,"counterfactual_common_baseline_relative=max(0,final_yield-null)-I-5N"
LC,Luancheng,2010,DQN,,,recorded_farmer,2010,212,92,0.2,37.3,25.5,41.0,0.0,5807.0,0.0,0.0,392,0.0,0.0,-0.0,-1380.0,2010-07-31,pass,"counterfactual_common_baseline_relative=max(0,final_yield-null)-I-5N"
LC,Luancheng,2010,DQN,,,recorded_farmer,2010,213,93,0.2,28.0,24.3,42.0,0.0,5973.0,0.0,0.0,390,0.0,0.0,-0.0,-1380.0,2010-08-01,pass,"counterfactual_common_baseline_relative=max(0,final_yield-null)-I-5N"
LC,Luancheng,2010,DQN,,,recorded_farmer,2010,214,94,0.0,31.3,22.1,43.0,0.0,6310.0,0.0,0.0,385,0.0,0.0,-0.0,-1380.0,2010-08-02,pass,"counterfactual_common_baseline_relative=max(0,final_yield-null)-I-5N"
LC,Luancheng,2010,DQN,,,recorded_farmer,2010,215,95,0.2,32.7,21.6,44.0,0.0,6617.0,0.0,0.0,381,0.0,0.0,-0.0,-1380.0,2010-08-03,pass,"counterfactual_common_baseline_relative=max(0,final_yield-null)-I-5N"
LC,Luancheng,2010,DQN,,,recorded_farmer,2010,216,96,0.2,32.9,23.5,45.0,0.0,6709.0,0.0,0.0,380,0.0,0.0,-0.0,-1380.0,2010-08-04,pass,"counterfactual_common_baseline_relative=max(0,final_yield-null)-I-5N"
LC,Luancheng,2010,DQN,,,recorded_farmer,2010,217,97,0.2,33.0,22.4,46.0,0.0,6940.0,0.0,0.0,377,0.0,0.0,-0.0,-1380.0,2010-08-05,pass,"counterfactual_common_baseline_relative=max(0,final_yield-null)-I-5N"
LC,Luancheng,2010,DQN,,,recorded_farmer,2010,218,98,0.0,30.9,20.3,47.0,0.0,7296.0,0.0,0.0,372,0.0,0.0,-0.0,-1380.0,2010-08-06,pass,"counterfactual_common_baseline_relative=max(0,final_yield-null)-I-5N"
LC,Luancheng,2010,DQN,,,recorded_farmer,2010,219,99,0.2,31.5,18.7,48.0,0.0,7611.0,0.0,0.0,367,0.0,0.0,-0.0,-1380.0,2010-08-07,pass,"counterfactual_common_baseline_relative=max(0,final_yield-null)-I-5N"
LC,Luancheng,2010,DQN,,,recorded_farmer,2010,220,100,0.0,32.2,22.4,49.0,0.0,7885.0,0.0,0.0,363,0.0,0.0,-0.0,-1380.0,2010-08-08,pass,"counterfactual_common_baseline_relative=max(0,final_yield-null)-I-5N"
LC,Luancheng,2010,DQN,,,recorded_farmer,2010,221,101,0.2,31.1,24.5,50.0,0.0,7981.0,0.0,0.0,361,0.0,0.0,-0.0,-1380.0,2010-08-09,pass,"counterfactual_common_baseline_relative=max(0,final_yield-null)-I-5N"
LC,Luancheng,2010,DQN,,,recorded_farmer,2010,222,102,0.2,28.8,22.1,51.0,0.0,8028.0,0.0,0.0,360,0.0,0.0,-0.0,-1380.0,2010-08-10,pass,"counterfactual_common_baseline_relative=max(0,final_yield-null)-I-5N"
LC,Luancheng,2010,DQN,,,recorded_farmer,2010,223,103,0.0,25.5,21.5,52.0,0.0,8005.0,0.0,0.0,360,0.0,0.0,-0.0,-1380.0,2010-08-11,pass,"counterfactual_common_baseline_relative=max(0,final_yield-null)-I-5N"
LC,Luancheng,2010,DQN,,,recorded_farmer,2010,224,104,0.2,33.2,20.7,53.0,0.0,8323.0,0.0,0.0,355,0.0,0.0,-0.0,-1380.0,2010-08-12,pass,"counterfactual_common_baseline_relative=max(0,final_yield-null)-I-5N"
LC,Luancheng,2010,DQN,,,recorded_farmer,2010,225,105,0.2,28.5,23.8,54.0,0.0,8355.0,0.0,0.0,354,0.0,0.0,-0.0,-1380.0,2010-08-13,pass,"counterfactual_common_baseline_relative=max(0,final_yield-null)-I-5N"
LC,Luancheng,2010,DQN,,,recorded_farmer,2010,226,106,0.0,32.1,22.6,55.0,0.0,8561.0,0.0,0.0,350,0.0,0.0,-0.0,-1380.0,2010-08-14,pass,"counterfactual_common_baseline_relative=max(0,final_yield-null)-I-5N"
LC,Luancheng,2010,DQN,,,recorded_farmer,2010,227,107,0.0,35.4,16.4,56.0,265.0,8826.0,0.0,0.0,344,0.0,0.0,-0.0,-1380.0,2010-08-15,pass,"counterfactual_common_baseline_relative=max(0,final_yield-null)-I-5N"
LC,Luancheng,2010,DQN,,,recorded_farmer,2010,228,108,0.2,33.3,17.8,57.0,529.0,9091.0,0.0,0.0,339,0.0,0.0,-0.0,-1380.0,2010-08-16,pass,"counterfactual_common_baseline_relative=max(0,final_yield-null)-I-5N"
LC,Luancheng,2010,DQN,,,recorded_farmer,2010,229,109,0.0,32.5,18.7,58.0,794.0,9355.0,0.0,0.0,334,0.0,0.0,-0.0,-1380.0,2010-08-17,pass,"counterfactual_common_baseline_relative=max(0,final_yield-null)-I-5N"
LC,Luancheng,2010,DQN,,,recorded_farmer,2010,230,110,0.0,30.3,21.7,59.0,1058.0,9542.0,0.0,0.0,332,0.0,0.0,-0.0,-1380.0,2010-08-18,pass,"counterfactual_common_baseline_relative=max(0,final_yield-null)-I-5N"
LC,Luancheng,2010,DQN,,,recorded_farmer,2010,231,111,0.2,28.0,20.4,60.0,1323.0,9723.0,0.0,0.0,330,0.0,0.0,-0.0,-1380.0,2010-08-19,pass,"counterfactual_common_baseline_relative=max(0,final_yield-null)-I-5N"
LC,Luancheng,2010,DQN,,,recorded_farmer,2010,232,112,0.0,26.6,22.5,61.0,1588.0,9817.0,0.0,0.0,329,0.0,0.0,-0.0,-1380.0,2010-08-20,pass,"counterfactual_common_baseline_relative=max(0,final_yield-null)-I-5N"
LC,Luancheng,2010,DQN,,,recorded_farmer,2010,233,113,0.2,23.5,19.9,62.0,1852.0,9858.0,0.0,0.0,328,0.0,0.0,-0.0,-1380.0,2010-08-21,pass,"counterfactual_common_baseline_relative=max(0,final_yield-null)-I-5N"
LC,Luancheng,2010,DQN,,,recorded_farmer,2010,234,114,0.2,29.8,18.3,63.0,2117.0,10178.0,0.0,0.0,324,0.0,0.0,-0.0,-1380.0,2010-08-22,pass,"counterfactual_common_baseline_relative=max(0,final_yield-null)-I-5N"
LC,Luancheng,2010,DQN,,,recorded_farmer,2010,235,115,0.0,27.1,19.5,64.0,2381.0,10354.0,0.0,0.0,322,0.0,0.0,-0.0,-1380.0,2010-08-23,pass,"counterfactual_common_baseline_relative=max(0,final_yield-null)-I-5N"
LC,Luancheng,2010,DQN,,,recorded_farmer,2010,236,116,0.2,26.2,18.1,65.0,2646.0,10667.0,0.0,0.0,318,0.0,0.0,-0.0,-1380.0,2010-08-24,pass,"counterfactual_common_baseline_relative=max(0,final_yield-null)-I-5N"
LC,Luancheng,2010,DQN,,,recorded_farmer,2010,237,117,0.0,30.2,13.9,66.0,2911.0,11008.0,0.0,0.0,313,0.0,0.0,-0.0,-1380.0,2010-08-25,pass,"counterfactual_common_baseline_relative=max(0,final_yield-null)-I-5N"
LC,Luancheng,2010,DQN,,,recorded_farmer,2010,238,118,0.2,30.2,19.9,67.0,3175.0,11290.0,0.0,0.0,310,0.0,0.0,-0.0,-1380.0,2010-08-26,pass,"counterfactual_common_baseline_relative=max(0,final_yield-null)-I-5N"
LC,Luancheng,2010,DQN,,,recorded_farmer,2010,239,119,0.2,28.9,17.1,68.0,3440.0,11526.0,0.0,0.0,307,0.0,0.0,-0.0,-1380.0,2010-08-27,pass,"counterfactual_common_baseline_relative=max(0,final_yield-null)-I-5N"
LC,Luancheng,2010,DQN,,,recorded_farmer,2010,240,120,0.2,31.2,15.3,69.0,3704.0,11867.0,0.0,0.0,303,0.0,0.0,-0.0,-1380.0,2010-08-28,pass,"counterfactual_common_baseline_relative=max(0,final_yield-null)-I-5N"
LC,Luancheng,2010,DQN,,,recorded_farmer,2010,241,121,0.4,32.0,16.2,70.0,3969.0,12202.0,0.0,0.0,298,0.0,0.0,-0.0,-1380.0,2010-08-29,pass,"counterfactual_common_baseline_relative=max(0,final_yield-null)-I-5N"
LC,Luancheng,2010,DQN,,,recorded_farmer,2010,242,122,0.2,31.7,18.7,71.0,4233.0,12491.0,0.0,0.0,294,0.0,0.0,-0.0,-1380.0,2010-08-30,pass,"counterfactual_common_baseline_relative=max(0,final_yield-null)-I-5N"
LC,Luancheng,2010,DQN,,,recorded_farmer,2010,243,123,0.4,29.3,20.5,72.0,4498.0,12697.0,0.0,0.0,292,0.0,0.0,-0.0,-1380.0,2010-08-31,pass,"counterfactual_common_baseline_relative=max(0,final_yield-null)-I-5N"
LC,Luancheng,2010,DQN,,,recorded_farmer,2010,244,124,0.2,28.9,18.1,73.0,4763.0,12988.0,0.0,0.0,289,0.0,0.0,-0.0,-1380.0,2010-09-01,pass,"counterfactual_common_baseline_relative=max(0,final_yield-null)-I-5N"
LC,Luancheng,2010,DQN,,,recorded_farmer,2010,245,125,0.2,29.3,19.4,74.0,5027.0,13225.0,0.0,0.0,286,0.0,0.0,-0.0,-1380.0,2010-09-02,pass,"counterfactual_common_baseline_relative=max(0,final_yield-null)-I-5N"
LC,Luancheng,2010,DQN,,,recorded_farmer,2010,246,126,0.2,28.3,19.5,75.0,5292.0,13448.0,0.0,0.0,283,0.0,0.0,-0.0,-1380.0,2010-09-03,pass,"counterfactual_common_baseline_relative=max(0,final_yield-null)-I-5N"
LC,Luancheng,2010,DQN,,,recorded_farmer,2010,247,127,0.2,28.4,16.7,76.0,5556.0,13700.0,0.0,0.0,280,0.0,0.0,-0.0,-1380.0,2010-09-04,pass,"counterfactual_common_baseline_relative=max(0,final_yield-null)-I-5N"
LC,Luancheng,2010,DQN,,,recorded_farmer,2010,248,128,0.0,27.5,19.0,77.0,5821.0,13870.0,0.0,0.0,278,0.0,0.0,-0.0,-1380.0,2010-09-05,pass,"counterfactual_common_baseline_relative=max(0,final_yield-null)-I-5N"
LC,Luancheng,2010,DQN,,,recorded_farmer,2010,249,129,0.2,27.1,18.5,78.0,6086.0,14018.0,0.0,0.0,277,0.0,0.0,-0.0,-1380.0,2010-09-06,pass,"counterfactual_common_baseline_relative=max(0,final_yield-null)-I-5N"
LC,Luancheng,2010,DQN,,,recorded_farmer,2010,250,130,21.0,24.0,20.4,79.0,6350.0,14097.0,0.0,0.0,296,0.0,0.0,-0.0,-1380.0,2010-09-07,pass,"counterfactual_common_baseline_relative=max(0,final_yield-null)-I-5N"
LC,Luancheng,2010,DQN,,,recorded_farmer,2010,251,131,0.2,25.2,19.0,80.0,6615.0,14308.0,0.0,0.0,294,0.0,0.0,-0.0,-1380.0,2010-09-08,pass,"counterfactual_common_baseline_relative=max(0,final_yield-null)-I-5N"
LC,Luancheng,2010,DQN,,,recorded_farmer,2010,252,132,0.0,24.7,17.8,81.0,6879.0,14485.0,0.0,0.0,292,0.0,0.0,-0.0,-1380.0,2010-09-09,pass,"counterfactual_common_baseline_relative=max(0,final_yield-null)-I-5N"
LC,Luancheng,2010,DQN,,,recorded_farmer,2010,253,133,0.0,31.7,14.2,82.0,7144.0,14793.0,0.0,0.0,287,0.0,0.0,-0.0,-1380.0,2010-09-10,pass,"counterfactual_common_baseline_relative=max(0,final_yield-null)-I-5N"
LC,Luancheng,2010,DQN,,,recorded_farmer,2010,254,134,0.0,31.0,15.5,83.0,7409.0,15096.0,0.0,0.0,283,0.0,0.0,-0.0,-1380.0,2010-09-11,pass,"counterfactual_common_baseline_relative=max(0,final_yield-null)-I-5N"
LC,Luancheng,2010,DQN,,,recorded_farmer,2010,255,135,0.0,31.9,13.9,84.0,7673.0,15399.0,0.0,0.0,278,0.0,0.0,-0.0,-1380.0,2010-09-12,pass,"counterfactual_common_baseline_relative=max(0,final_yield-null)-I-5N"
LC,Luancheng,2010,DQN,,,recorded_farmer,2010,256,136,0.0,31.6,15.5,85.0,7938.0,15678.0,0.0,0.0,274,0.0,0.0,-0.0,-1380.0,2010-09-13,pass,"counterfactual_common_baseline_relative=max(0,final_yield-null)-I-5N"
LC,Luancheng,2010,DQN,,,recorded_farmer,2010,257,137,0.0,30.9,17.5,86.0,8202.0,15929.0,0.0,0.0,270,0.0,0.0,-0.0,-1380.0,2010-09-14,pass,"counterfactual_common_baseline_relative=max(0,final_yield-null)-I-5N"
LC,Luancheng,2010,DQN,,,recorded_farmer,2010,258,138,0.0,29.4,17.6,87.0,8467.0,16152.0,0.0,0.0,267,0.0,0.0,-0.0,-1380.0,2010-09-15,pass,"counterfactual_common_baseline_relative=max(0,final_yield-null)-I-5N"
LC,Luancheng,2010,DQN,,,recorded_farmer,2010,259,139,0.0,28.7,20.9,88.0,8732.0,16324.0,0.0,0.0,265,0.0,0.0,-0.0,-1380.0,2010-09-16,pass,"counterfactual_common_baseline_relative=max(0,final_yield-null)-I-5N"
LC,Luancheng,2010,DQN,,,recorded_farmer,2010,260,140,1.6,26.4,15.1,89.0,8732.0,16324.0,0.0,0.0,266,0.0,0.0,-0.0,-1380.0,2010-09-17,pass,"counterfactual_common_baseline_relative=max(0,final_yield-null)-I-5N"
LC,Luancheng,2010,DQN,,,recorded_farmer,2010,261,141,2.2,15.4,14.0,90.0,8732.0,16324.0,0.0,0.0,268,0.0,0.0,-0.0,-1380.0,2010-09-18,pass,"counterfactual_common_baseline_relative=max(0,final_yield-null)-I-5N"
LC,Luancheng,2010,DQN,,,recorded_farmer,2010,262,142,18.2,20.8,15.2,91.0,8732.0,16324.0,0.0,0.0,284,0.0,0.0,-0.0,-1380.0,2010-09-19,pass,"counterfactual_common_baseline_relative=max(0,final_yield-null)-I-5N"
LC,Luancheng,2010,DQN,,,recorded_farmer,2010,263,143,0.0,23.1,16.9,92.0,8732.0,16324.0,0.0,0.0,283,0.0,0.0,-0.0,-1380.0,2010-09-20,pass,"counterfactual_common_baseline_relative=max(0,final_yield-null)-I-5N"
LC,Luancheng,2010,DQN,,,recorded_farmer,2010,264,144,9.6,18.7,12.9,93.0,8732.0,16324.0,0.0,0.0,292,0.0,0.0,681.0,-699.0,2010-09-21,pass,"counterfactual_common_baseline_relative=max(0,final_yield-null)-I-5N"
LC,Luancheng,2010,DQN,,,dssat_auto,2010,121,1,0.0,29.5,6.1,0.0,0.0,0.0,0.0,0.0,372,0.0,0.0,-0.0,-0.0,2010-05-01,pass,"counterfactual_common_baseline_relative=max(0,final_yield-null)-I-5N"
LC,Luancheng,2010,DQN,,,dssat_auto,2010,122,2,0.0,31.1,12.9,0.0,0.0,0.0,0.0,0.0,371,0.0,0.0,-0.0,-0.0,2010-05-02,pass,"counterfactual_common_baseline_relative=max(0,final_yield-null)-I-5N"
LC,Luancheng,2010,DQN,,,dssat_auto,2010,123,3,0.0,24.2,17.5,0.0,0.0,0.0,0.0,0.0,369,0.0,0.0,-0.0,-0.0,2010-05-03,pass,"counterfactual_common_baseline_relative=max(0,final_yield-null)-I-5N"
LC,Luancheng,2010,DQN,,,dssat_auto,2010,124,4,0.6,23.4,15.2,0.0,0.0,0.0,0.0,0.0,369,0.0,0.0,-0.0,-0.0,2010-05-04,pass,"counterfactual_common_baseline_relative=max(0,final_yield-null)-I-5N"
LC,Luancheng,2010,DQN,,,dssat_auto,2010,125,5,2.6,28.7,14.4,0.0,0.0,0.0,0.0,0.0,369,0.0,0.0,-0.0,-0.0,2010-05-05,pass,"counterfactual_common_baseline_relative=max(0,final_yield-null)-I-5N"
LC,Luancheng,2010,DQN,,,dssat_auto,2010,126,6,0.0,28.1,7.7,0.0,0.0,0.0,0.0,0.0,368,0.0,0.0,-0.0,-0.0,2010-05-06,pass,"counterfactual_common_baseline_relative=max(0,final_yield-null)-I-5N"
LC,Luancheng,2010,DQN,,,dssat_auto,2010,127,7,0.0,31.6,9.2,0.0,0.0,0.0,0.0,0.0,367,0.0,0.0,-0.0,-0.0,2010-05-07,pass,"counterfactual_common_baseline_relative=max(0,final_yield-null)-I-5N"
LC,Luancheng,2010,DQN,,,dssat_auto,2010,128,8,0.0,25.0,14.2,0.0,0.0,0.0,0.0,0.0,367,0.0,0.0,-0.0,-0.0,2010-05-08,pass,"counterfactual_common_baseline_relative=max(0,final_yield-null)-I-5N"
LC,Luancheng,2010,DQN,,,dssat_auto,2010,129,9,0.0,23.0,13.5,0.0,0.0,0.0,0.0,0.0,366,0.0,0.0,-0.0,-0.0,2010-05-09,pass,"counterfactual_common_baseline_relative=max(0,final_yield-null)-I-5N"
LC,Luancheng,2010,DQN,,,dssat_auto,2010,130,10,0.0,27.0,5.3,0.0,0.0,0.0,0.0,0.0,365,0.0,0.0,-0.0,-0.0,2010-05-10,pass,"counterfactual_common_baseline_relative=max(0,final_yield-null)-I-5N"
LC,Luancheng,2010,DQN,,,dssat_auto,2010,131,11,0.0,23.5,6.8,0.0,0.0,0.0,0.0,0.0,365,0.0,0.0,-0.0,-0.0,2010-05-11,pass,"counterfactual_common_baseline_relative=max(0,final_yield-null)-I-5N"
LC,Luancheng,2010,DQN,,,dssat_auto,2010,132,12,0.0,23.3,8.1,0.0,0.0,0.0,0.0,0.0,364,0.0,0.0,-0.0,-0.0,2010-05-12,pass,"counterfactual_common_baseline_relative=max(0,final_yield-null)-I-5N"
LC,Luancheng,2010,DQN,,,dssat_auto,2010,133,13,0.0,24.2,10.9,0.0,0.0,0.0,0.0,0.0,364,0.0,0.0,-0.0,-0.0,2010-05-13,pass,"counterfactual_common_baseline_relative=max(0,final_yield-null)-I-5N"
LC,Luancheng,2010,DQN,,,dssat_auto,2010,134,14,0.0,21.5,11.7,0.0,0.0,0.0,0.0,0.0,363,0.0,0.0,-0.0,-0.0,2010-05-14,pass,"counterfactual_common_baseline_relative=max(0,final_yield-null)-I-5N"
LC,Luancheng,2010,DQN,,,dssat_auto,2010,135,15,0.0,25.3,12.2,0.0,0.0,0.0,0.0,0.0,363,0.0,0.0,-0.0,-0.0,2010-05-15,pass,"counterfactual_common_baseline_relative=max(0,final_yield-null)-I-5N"
LC,Luancheng,2010,DQN,,,dssat_auto,2010,136,16,0.8,18.4,14.5,0.0,0.0,0.0,0.0,0.0,363,0.0,0.0,-0.0,-0.0,2010-05-16,pass,"counterfactual_common_baseline_relative=max(0,final_yield-null)-I-5N"
LC,Luancheng,2010,DQN,,,dssat_auto,2010,137,17,1.0,23.2,14.3,0.0,0.0,0.0,0.0,0.0,363,0.0,0.0,-0.0,-0.0,2010-05-17,pass,"counterfactual_common_baseline_relative=max(0,final_yield-null)-I-5N"
LC,Luancheng,2010,DQN,,,dssat_auto,2010,138,18,0.4,28.1,13.0,0.0,0.0,0.0,0.0,0.0,363,0.0,0.0,-0.0,-0.0,2010-05-18,pass,"counterfactual_common_baseline_relative=max(0,final_yield-null)-I-5N"
LC,Luancheng,2010,DQN,,,dssat_auto,2010,139,19,0.0,32.8,10.8,0.0,0.0,0.0,0.0,0.0,362,0.0,0.0,-0.0,-0.0,2010-05-19,pass,"counterfactual_common_baseline_relative=max(0,final_yield-null)-I-5N"
LC,Luancheng,2010,DQN,,,dssat_auto,2010,140,20,0.0,33.4,10.3,0.0,0.0,0.0,0.0,0.0,362,0.0,0.0,-0.0,-0.0,2010-05-20,pass,"counterfactual_common_baseline_relative=max(0,final_yield-null)-I-5N"
LC,Luancheng,2010,DQN,,,dssat_auto,2010,141,21,0.0,27.8,14.9,0.0,0.0,0.0,0.0,0.0,361,0.0,0.0,-0.0,-0.0,2010-05-21,pass,"counterfactual_common_baseline_relative=max(0,final_yield-null)-I-5N"
LC,Luancheng,2010,DQN,,,dssat_auto,2010,142,22,0.0,28.9,12.7,0.0,0.0,0.0,0.0,0.0,361,0.0,0.0,-0.0,-0.0,2010-05-22,pass,"counterfactual_common_baseline_relative=max(0,final_yield-null)-I-5N"
LC,Luancheng,2010,DQN,,,dssat_auto,2010,143,23,0.0,32.1,13.5,0.0,0.0,0.0,0.0,0.0,360,0.0,0.0,-0.0,-0.0,2010-05-23,pass,"counterfactual_common_baseline_relative=max(0,final_yield-null)-I-5N"
LC,Luancheng,2010,DQN,,,dssat_auto,2010,144,24,0.0,30.7,17.6,0.0,0.0,0.0,0.0,0.0,360,0.0,0.0,-0.0,-0.0,2010-05-24,pass,"counterfactual_common_baseline_relative=max(0,final_yield-null)-I-5N"
LC,Luancheng,2010,DQN,,,dssat_auto,2010,145,25,0.0,30.6,12.0,0.0,0.0,0.0,0.0,0.0,360,0.0,0.0,-0.0,-0.0,2010-05-25,pass,"counterfactual_common_baseline_relative=max(0,final_yield-null)-I-5N"
LC,Luancheng,2010,DQN,,,dssat_auto,2010,146,26,0.0,27.7,16.0,0.0,0.0,0.0,0.0,0.0,359,0.0,0.0,-0.0,-0.0,2010-05-26,pass,"counterfactual_common_baseline_relative=max(0,final_yield-null)-I-5N"
LC,Luancheng,2010,DQN,,,dssat_auto,2010,147,27,1.4,21.5,18.1,0.0,0.0,0.0,0.0,0.0,360,0.0,0.0,-0.0,-0.0,2010-05-27,pass,"counterfactual_common_baseline_relative=max(0,final_yield-null)-I-5N"
LC,Luancheng,2010,DQN,,,dssat_auto,2010,148,28,0.0,27.6,16.3,0.0,0.0,0.0,0.0,0.0,360,0.0,0.0,-0.0,-0.0,2010-05-28,pass,"counterfactual_common_baseline_relative=max(0,final_yield-null)-I-5N"
LC,Luancheng,2010,DQN,,,dssat_auto,2010,149,29,0.0,35.1,13.5,0.0,0.0,0.0,0.0,0.0,359,0.0,0.0,-0.0,-0.0,2010-05-29,pass,"counterfactual_common_baseline_relative=max(0,final_yield-null)-I-5N"
LC,Luancheng,2010,DQN,,,dssat_auto,2010,150,30,0.0,30.6,13.6,0.0,0.0,0.0,0.0,0.0,359,0.0,0.0,-0.0,-0.0,2010-05-30,pass,"counterfactual_common_baseline_relative=max(0,final_yield-null)-I-5N"
LC,Luancheng,2010,DQN,,,dssat_auto,2010,151,31,0.0,26.5,15.0,0.0,0.0,0.0,0.0,0.0,359,0.0,0.0,-0.0,-0.0,2010-05-31,pass,"counterfactual_common_baseline_relative=max(0,final_yield-null)-I-5N"
LC,Luancheng,2010,DQN,,,dssat_auto,2010,152,32,0.0,27.6,14.7,0.0,0.0,0.0,0.0,0.0,358,0.0,0.0,-0.0,-0.0,2010-06-01,pass,"counterfactual_common_baseline_relative=max(0,final_yield-null)-I-5N"
LC,Luancheng,2010,DQN,,,dssat_auto,2010,153,33,2.8,24.5,15.6,0.0,0.0,0.0,0.0,0.0,360,0.0,0.0,-0.0,-0.0,2010-06-02,pass,"counterfactual_common_baseline_relative=max(0,final_yield-null)-I-5N"
LC,Luancheng,2010,DQN,,,dssat_auto,2010,154,34,0.2,26.8,16.3,0.0,0.0,0.0,0.0,0.0,360,0.0,0.0,-0.0,-0.0,2010-06-03,pass,"counterfactual_common_baseline_relative=max(0,final_yield-null)-I-5N"
LC,Luancheng,2010,DQN,,,dssat_auto,2010,155,35,0.0,28.8,15.7,0.0,0.0,0.0,0.0,0.0,359,0.0,0.0,-0.0,-0.0,2010-06-04,pass,"counterfactual_common_baseline_relative=max(0,final_yield-null)-I-5N"
LC,Luancheng,2010,DQN,,,dssat_auto,2010,156,36,0.0,29.3,15.2,0.0,0.0,0.0,0.0,0.0,359,0.0,0.0,-0.0,-0.0,2010-06-05,pass,"counterfactual_common_baseline_relative=max(0,final_yield-null)-I-5N"
LC,Luancheng,2010,DQN,,,dssat_auto,2010,157,37,0.0,29.8,15.8,0.0,0.0,0.0,0.0,0.0,359,0.0,0.0,-0.0,-0.0,2010-06-06,pass,"counterfactual_common_baseline_relative=max(0,final_yield-null)-I-5N"
LC,Luancheng,2010,DQN,,,dssat_auto,2010,158,38,0.0,29.6,17.5,0.0,0.0,0.0,0.0,0.0,358,0.0,0.0,-0.0,-0.0,2010-06-07,pass,"counterfactual_common_baseline_relative=max(0,final_yield-null)-I-5N"
LC,Luancheng,2010,DQN,,,dssat_auto,2010,159,39,0.0,29.6,15.2,0.0,0.0,0.0,0.0,0.0,358,0.0,0.0,-0.0,-0.0,2010-06-08,pass,"counterfactual_common_baseline_relative=max(0,final_yield-null)-I-5N"
LC,Luancheng,2010,DQN,,,dssat_auto,2010,160,40,0.0,26.1,19.0,0.0,0.0,0.0,0.0,0.0,358,0.0,0.0,-0.0,-0.0,2010-06-09,pass,"counterfactual_common_baseline_relative=max(0,final_yield-null)-I-5N"
LC,Luancheng,2010,DQN,,,dssat_auto,2010,161,41,0.0,27.5,18.3,0.0,0.0,0.0,0.0,0.0,357,0.0,0.0,-0.0,-0.0,2010-06-10,pass,"counterfactual_common_baseline_relative=max(0,final_yield-null)-I-5N"
LC,Luancheng,2010,DQN,,,dssat_auto,2010,162,42,0.0,27.9,14.2,0.0,0.0,0.0,0.0,0.0,357,0.0,0.0,-0.0,-0.0,2010-06-11,pass,"counterfactual_common_baseline_relative=max(0,final_yield-null)-I-5N"
LC,Luancheng,2010,DQN,,,dssat_auto,2010,163,43,0.0,31.8,17.0,0.0,0.0,0.0,0.0,0.0,357,0.0,0.0,-0.0,-0.0,2010-06-12,pass,"counterfactual_common_baseline_relative=max(0,final_yield-null)-I-5N"
LC,Luancheng,2010,DQN,,,dssat_auto,2010,164,44,0.0,34.1,18.9,0.0,0.0,0.0,0.0,0.0,356,0.0,0.0,-0.0,-0.0,2010-06-13,pass,"counterfactual_common_baseline_relative=max(0,final_yield-null)-I-5N"
LC,Luancheng,2010,DQN,,,dssat_auto,2010,165,45,0.0,31.4,19.1,0.0,0.0,0.0,0.0,0.0,356,0.0,0.0,-0.0,-0.0,2010-06-14,pass,"counterfactual_common_baseline_relative=max(0,final_yield-null)-I-5N"
LC,Luancheng,2010,DQN,,,dssat_auto,2010,166,46,0.0,38.2,19.9,0.0,0.0,0.0,0.0,0.0,356,0.0,0.0,-0.0,-0.0,2010-06-15,pass,"counterfactual_common_baseline_relative=max(0,final_yield-null)-I-5N"
LC,Luancheng,2010,DQN,,,dssat_auto,2010,167,47,0.0,37.2,21.1,0.0,0.0,0.0,0.0,0.0,355,0.0,0.0,-0.0,-0.0,2010-06-16,pass,"counterfactual_common_baseline_relative=max(0,final_yield-null)-I-5N"
LC,Luancheng,2010,DQN,,,dssat_auto,2010,168,48,0.0,32.0,20.3,0.0,0.0,0.0,0.0,0.0,355,0.0,0.0,-0.0,-0.0,2010-06-17,pass,"counterfactual_common_baseline_relative=max(0,final_yield-null)-I-5N"
LC,Luancheng,2010,DQN,,,dssat_auto,2010,169,49,2.6,29.6,19.4,0.0,0.0,0.0,0.0,0.0,357,0.0,0.0,-0.0,-0.0,2010-06-18,pass,"counterfactual_common_baseline_relative=max(0,final_yield-null)-I-5N"
LC,Luancheng,2010,DQN,,,dssat_auto,2010,170,50,0.0,36.7,16.9,0.0,0.0,0.0,0.0,0.0,357,0.0,0.0,-0.0,-0.0,2010-06-19,pass,"counterfactual_common_baseline_relative=max(0,final_yield-null)-I-5N"
LC,Luancheng,2010,DQN,,,dssat_auto,2010,171,51,0.0,37.4,19.6,0.0,0.0,0.0,0.0,0.0,408,53.9,0.0,-53.9,-53.9,2010-06-20,pass,"counterfactual_common_baseline_relative=max(0,final_yield-null)-I-5N"
LC,Luancheng,2010,DQN,,,dssat_auto,2010,172,52,0.0,41.4,21.0,1.0,0.0,0.0,0.0,0.0,401,0.0,0.0,-0.0,-53.9,2010-06-21,pass,"counterfactual_common_baseline_relative=max(0,final_yield-null)-I-5N"
LC,Luancheng,2010,DQN,,,dssat_auto,2010,173,53,0.0,35.7,24.1,2.0,0.0,0.0,0.0,0.0,400,0.0,0.0,-0.0,-53.9,2010-06-22,pass,"counterfactual_common_baseline_relative=max(0,final_yield-null)-I-5N"
LC,Luancheng,2010,DQN,,,dssat_auto,2010,174,54,0.0,31.8,19.5,3.0,0.0,0.0,0.0,0.0,399,0.0,0.0,-0.0,-53.9,2010-06-23,pass,"counterfactual_common_baseline_relative=max(0,final_yield-null)-I-5N"
LC,Luancheng,2010,DQN,,,dssat_auto,2010,175,55,0.0,33.9,17.7,4.0,0.0,0.0,0.0,0.0,398,0.0,0.0,-0.0,-53.9,2010-06-24,pass,"counterfactual_common_baseline_relative=max(0,final_yield-null)-I-5N"
LC,Luancheng,2010,DQN,,,dssat_auto,2010,176,56,0.0,32.3,21.1,5.0,0.0,29.0,0.0,0.012,397,0.0,0.0,-0.0,-53.9,2010-06-25,pass,"counterfactual_common_baseline_relative=max(0,final_yield-null)-I-5N"
LC,Luancheng,2010,DQN,,,dssat_auto,2010,177,57,0.0,34.1,21.2,6.0,0.0,29.0,0.0,0.009,396,0.0,0.0,-0.0,-53.9,2010-06-26,pass,"counterfactual_common_baseline_relative=max(0,final_yield-null)-I-5N"
LC,Luancheng,2010,DQN,,,dssat_auto,2010,178,58,0.0,38.2,19.6,7.0,0.0,29.0,0.0,0.0,395,0.0,0.0,-0.0,-53.9,2010-06-27,pass,"counterfactual_common_baseline_relative=max(0,final_yield-null)-I-5N"
LC,Luancheng,2010,DQN,,,dssat_auto,2010,179,59,0.0,40.4,21.5,8.0,0.0,32.0,0.0,0.0,395,0.0,0.0,-0.0,-53.9,2010-06-28,pass,"counterfactual_common_baseline_relative=max(0,final_yield-null)-I-5N"
LC,Luancheng,2010,DQN,,,dssat_auto,2010,180,60,0.0,34.6,23.8,9.0,0.0,49.0,0.0,0.0,394,0.0,0.0,-0.0,-53.9,2010-06-29,pass,"counterfactual_common_baseline_relative=max(0,final_yield-null)-I-5N"
LC,Luancheng,2010,DQN,,,dssat_auto,2010,181,61,0.0,31.6,24.9,10.0,0.0,58.0,0.0,0.019,393,0.0,0.0,-0.0,-53.9,2010-06-30,pass,"counterfactual_common_baseline_relative=max(0,final_yield-null)-I-5N"
LC,Luancheng,2010,DQN,,,dssat_auto,2010,182,62,3.6,27.4,23.3,11.0,0.0,60.0,0.0,0.0,396,0.0,0.0,-0.0,-53.9,2010-07-01,pass,"counterfactual_common_baseline_relative=max(0,final_yield-null)-I-5N"
LC,Luancheng,2010,DQN,,,dssat_auto,2010,183,63,0.0,36.8,21.3,12.0,0.0,96.0,0.0,0.0,395,0.0,0.0,-0.0,-53.9,2010-07-02,pass,"counterfactual_common_baseline_relative=max(0,final_yield-null)-I-5N"
LC,Luancheng,2010,DQN,,,dssat_auto,2010,184,64,0.0,39.6,22.1,13.0,0.0,140.0,0.0,0.0,393,0.0,0.0,-0.0,-53.9,2010-07-03,pass,"counterfactual_common_baseline_relative=max(0,final_yield-null)-I-5N"
LC,Luancheng,2010,DQN,,,dssat_auto,2010,185,65,0.0,39.9,23.8,14.0,0.0,184.0,0.0,0.0,391,0.0,0.0,-0.0,-53.9,2010-07-04,pass,"counterfactual_common_baseline_relative=max(0,final_yield-null)-I-5N"
LC,Luancheng,2010,DQN,,,dssat_auto,2010,186,66,0.0,40.3,25.6,15.0,0.0,233.0,0.0,0.01,388,0.0,0.0,-0.0,-53.9,2010-07-05,pass,"counterfactual_common_baseline_relative=max(0,final_yield-null)-I-5N"
LC,Luancheng,2010,DQN,,,dssat_auto,2010,187,67,0.0,41.1,21.9,16.0,0.0,305.0,0.0,0.0,385,0.0,0.0,-0.0,-53.9,2010-07-06,pass,"counterfactual_common_baseline_relative=max(0,final_yield-null)-I-5N"
LC,Luancheng,2010,DQN,,,dssat_auto,2010,188,68,0.0,35.5,22.6,17.0,0.0,353.0,0.0,0.0,383,0.0,0.0,-0.0,-53.9,2010-07-07,pass,"counterfactual_common_baseline_relative=max(0,final_yield-null)-I-5N"
LC,Luancheng,2010,DQN,,,dssat_auto,2010,189,69,0.0,34.6,22.9,18.0,0.0,464.0,0.0,0.0,381,0.0,0.0,-0.0,-53.9,2010-07-08,pass,"counterfactual_common_baseline_relative=max(0,final_yield-null)-I-5N"
LC,Luancheng,2010,DQN,,,dssat_auto,2010,190,70,28.0,31.1,21.5,19.0,0.0,507.0,0.0,0.0,403,0.0,0.0,-0.0,-53.9,2010-07-09,pass,"counterfactual_common_baseline_relative=max(0,final_yield-null)-I-5N"
LC,Luancheng,2010,DQN,,,dssat_auto,2010,191,71,5.6,29.0,21.1,20.0,0.0,604.0,0.0,0.0,405,0.0,0.0,-0.0,-53.9,2010-07-10,pass,"counterfactual_common_baseline_relative=max(0,final_yield-null)-I-5N"
LC,Luancheng,2010,DQN,,,dssat_auto,2010,192,72,0.0,32.6,21.2,21.0,0.0,770.0,0.0,0.0,401,0.0,0.0,-0.0,-53.9,2010-07-11,pass,"counterfactual_common_baseline_relative=max(0,final_yield-null)-I-5N"
LC,Luancheng,2010,DQN,,,dssat_auto,2010,193,73,0.0,31.5,24.1,22.0,0.0,860.0,0.0,0.0,398,0.0,0.0,-0.0,-53.9,2010-07-12,pass,"counterfactual_common_baseline_relative=max(0,final_yield-null)-I-5N"
LC,Luancheng,2010,DQN,,,dssat_auto,2010,194,74,0.0,31.6,23.9,23.0,0.0,999.0,0.0,0.0,395,0.0,0.0,-0.0,-53.9,2010-07-13,pass,"counterfactual_common_baseline_relative=max(0,final_yield-null)-I-5N"
LC,Luancheng,2010,DQN,,,dssat_auto,2010,195,75,0.0,31.3,23.7,24.0,0.0,1145.0,0.0,0.0,392,0.0,0.0,-0.0,-53.9,2010-07-14,pass,"counterfactual_common_baseline_relative=max(0,final_yield-null)-I-5N"
LC,Luancheng,2010,DQN,,,dssat_auto,2010,196,76,0.4,30.1,23.4,25.0,0.0,1238.0,0.0,0.0,391,0.0,0.0,-0.0,-53.9,2010-07-15,pass,"counterfactual_common_baseline_relative=max(0,final_yield-null)-I-5N"
LC,Luancheng,2010,DQN,,,dssat_auto,2010,197,77,0.0,33.3,21.9,26.0,0.0,1486.0,0.0,0.0,385,0.0,0.0,-0.0,-53.9,2010-07-16,pass,"counterfactual_common_baseline_relative=max(0,final_yield-null)-I-5N"
LC,Luancheng,2010,DQN,,,dssat_auto,2010,198,78,0.0,32.1,23.5,27.0,0.0,1657.0,0.0,0.0,382,0.0,0.0,-0.0,-53.9,2010-07-17,pass,"counterfactual_common_baseline_relative=max(0,final_yield-null)-I-5N"
LC,Luancheng,2010,DQN,,,dssat_auto,2010,199,79,0.2,34.3,20.6,28.0,0.0,1952.0,0.0,0.0,377,0.0,0.0,-0.0,-53.9,2010-07-18,pass,"counterfactual_common_baseline_relative=max(0,final_yield-null)-I-5N"
LC,Luancheng,2010,DQN,,,dssat_auto,2010,200,80,1.6,28.9,23.4,29.0,0.0,2012.0,0.0,0.0,377,0.0,0.0,-0.0,-53.9,2010-07-19,pass,"counterfactual_common_baseline_relative=max(0,final_yield-null)-I-5N"
LC,Luancheng,2010,DQN,,,dssat_auto,2010,201,81,0.0,32.4,19.1,30.0,0.0,2329.0,0.0,0.0,371,0.0,0.0,-0.0,-53.9,2010-07-20,pass,"counterfactual_common_baseline_relative=max(0,final_yield-null)-I-5N"
LC,Luancheng,2010,DQN,,,dssat_auto,2010,202,82,0.0,33.9,20.6,31.0,0.0,2683.0,0.0,0.0,365,0.0,0.0,-0.0,-53.9,2010-07-21,pass,"counterfactual_common_baseline_relative=max(0,final_yield-null)-I-5N"
LC,Luancheng,2010,DQN,,,dssat_auto,2010,203,83,0.0,33.3,23.3,32.0,0.0,2935.0,0.0,0.0,361,0.0,0.0,-0.0,-53.9,2010-07-22,pass,"counterfactual_common_baseline_relative=max(0,final_yield-null)-I-5N"
LC,Luancheng,2010,DQN,,,dssat_auto,2010,204,84,0.0,33.9,23.3,33.0,0.0,3275.0,0.0,0.0,399,42.8,0.0,-42.8,-96.69999999999999,2010-07-23,pass,"counterfactual_common_baseline_relative=max(0,final_yield-null)-I-5N"
LC,Luancheng,2010,DQN,,,dssat_auto,2010,205,85,0.0,34.0,23.0,34.0,0.0,3614.0,0.0,0.0,394,0.0,0.0,-0.0,-96.69999999999999,2010-07-24,pass,"counterfactual_common_baseline_relative=max(0,final_yield-null)-I-5N"
LC,Luancheng,2010,DQN,,,dssat_auto,2010,206,86,0.0,35.3,23.2,35.0,0.0,4001.0,0.0,0.0,388,0.0,0.0,-0.0,-96.69999999999999,2010-07-25,pass,"counterfactual_common_baseline_relative=max(0,final_yield-null)-I-5N"
LC,Luancheng,2010,DQN,,,dssat_auto,2010,207,87,0.0,34.8,23.5,36.0,0.0,4313.0,0.0,0.0,383,0.0,0.0,-0.0,-96.69999999999999,2010-07-26,pass,"counterfactual_common_baseline_relative=max(0,final_yield-null)-I-5N"
LC,Luancheng,2010,DQN,,,dssat_auto,2010,208,88,0.0,33.8,24.2,37.0,0.0,4641.0,0.0,0.0,379,0.0,0.0,-0.0,-96.69999999999999,2010-07-27,pass,"counterfactual_common_baseline_relative=max(0,final_yield-null)-I-5N"
LC,Luancheng,2010,DQN,,,dssat_auto,2010,209,89,0.0,34.7,24.5,38.0,0.0,4982.0,0.0,0.0,374,0.0,0.0,-0.0,-96.69999999999999,2010-07-28,pass,"counterfactual_common_baseline_relative=max(0,final_yield-null)-I-5N"
LC,Luancheng,2010,DQN,,,dssat_auto,2010,210,90,0.0,36.5,25.5,39.0,0.0,5347.0,0.0,0.0,368,0.0,0.0,-0.0,-96.69999999999999,2010-07-29,pass,"counterfactual_common_baseline_relative=max(0,final_yield-null)-I-5N"
LC,Luancheng,2010,DQN,,,dssat_auto,2010,211,91,0.0,36.4,27.1,40.0,0.0,5573.0,0.0,0.0,364,0.0,0.0,-0.0,-96.69999999999999,2010-07-30,pass,"counterfactual_common_baseline_relative=max(0,final_yield-null)-I-5N"
LC,Luancheng,2010,DQN,,,dssat_auto,2010,212,92,0.2,37.3,25.5,41.0,0.0,5844.0,0.0,0.0,359,0.0,0.0,-0.0,-96.69999999999999,2010-07-31,pass,"counterfactual_common_baseline_relative=max(0,final_yield-null)-I-5N"
LC,Luancheng,2010,DQN,,,dssat_auto,2010,213,93,0.2,28.0,24.3,42.0,0.0,6010.0,0.0,0.0,357,0.0,0.0,-0.0,-96.69999999999999,2010-08-01,pass,"counterfactual_common_baseline_relative=max(0,final_yield-null)-I-5N"
LC,Luancheng,2010,DQN,,,dssat_auto,2010,214,94,0.0,31.3,22.1,43.0,0.0,6348.0,0.0,0.0,352,0.0,0.0,-0.0,-96.69999999999999,2010-08-02,pass,"counterfactual_common_baseline_relative=max(0,final_yield-null)-I-5N"
LC,Luancheng,2010,DQN,,,dssat_auto,2010,215,95,0.2,32.7,21.6,44.0,0.0,6655.0,0.0,0.0,348,0.0,0.0,-0.0,-96.69999999999999,2010-08-03,pass,"counterfactual_common_baseline_relative=max(0,final_yield-null)-I-5N"
LC,Luancheng,2010,DQN,,,dssat_auto,2010,216,96,0.2,32.9,23.5,45.0,0.0,6747.0,0.0,0.0,347,0.0,0.0,-0.0,-96.69999999999999,2010-08-04,pass,"counterfactual_common_baseline_relative=max(0,final_yield-null)-I-5N"
LC,Luancheng,2010,DQN,,,dssat_auto,2010,217,97,0.2,33.0,22.4,46.0,0.0,6978.0,0.0,0.0,344,0.0,0.0,-0.0,-96.69999999999999,2010-08-05,pass,"counterfactual_common_baseline_relative=max(0,final_yield-null)-I-5N"
LC,Luancheng,2010,DQN,,,dssat_auto,2010,218,98,0.0,30.9,20.3,47.0,0.0,7335.0,0.0,0.0,339,0.0,0.0,-0.0,-96.69999999999999,2010-08-06,pass,"counterfactual_common_baseline_relative=max(0,final_yield-null)-I-5N"
LC,Luancheng,2010,DQN,,,dssat_auto,2010,219,99,0.2,31.5,18.7,48.0,0.0,7649.0,0.0,0.0,334,0.0,0.0,-0.0,-96.69999999999999,2010-08-07,pass,"counterfactual_common_baseline_relative=max(0,final_yield-null)-I-5N"
LC,Luancheng,2010,DQN,,,dssat_auto,2010,220,100,0.0,32.2,22.4,49.0,0.0,7923.0,0.0,0.0,330,0.0,0.0,-0.0,-96.69999999999999,2010-08-08,pass,"counterfactual_common_baseline_relative=max(0,final_yield-null)-I-5N"
LC,Luancheng,2010,DQN,,,dssat_auto,2010,221,101,0.2,31.1,24.5,50.0,0.0,8020.0,0.0,0.0,328,0.0,0.0,-0.0,-96.69999999999999,2010-08-09,pass,"counterfactual_common_baseline_relative=max(0,final_yield-null)-I-5N"
LC,Luancheng,2010,DQN,,,dssat_auto,2010,222,102,0.2,28.8,22.1,51.0,0.0,8067.0,0.0,0.0,327,0.0,0.0,-0.0,-96.69999999999999,2010-08-10,pass,"counterfactual_common_baseline_relative=max(0,final_yield-null)-I-5N"
LC,Luancheng,2010,DQN,,,dssat_auto,2010,223,103,0.0,25.5,21.5,52.0,0.0,8043.0,0.0,0.0,327,0.0,0.0,-0.0,-96.69999999999999,2010-08-11,pass,"counterfactual_common_baseline_relative=max(0,final_yield-null)-I-5N"
LC,Luancheng,2010,DQN,,,dssat_auto,2010,224,104,0.2,33.2,20.7,53.0,0.0,8361.0,0.0,0.0,322,0.0,0.0,-0.0,-96.69999999999999,2010-08-12,pass,"counterfactual_common_baseline_relative=max(0,final_yield-null)-I-5N"
LC,Luancheng,2010,DQN,,,dssat_auto,2010,225,105,0.2,28.5,23.8,54.0,0.0,8393.0,0.0,0.0,321,0.0,0.0,-0.0,-96.69999999999999,2010-08-13,pass,"counterfactual_common_baseline_relative=max(0,final_yield-null)-I-5N"
LC,Luancheng,2010,DQN,,,dssat_auto,2010,226,106,0.0,32.1,22.6,55.0,0.0,8599.0,0.0,0.0,317,0.0,0.0,-0.0,-96.69999999999999,2010-08-14,pass,"counterfactual_common_baseline_relative=max(0,final_yield-null)-I-5N"
LC,Luancheng,2010,DQN,,,dssat_auto,2010,227,107,0.0,35.4,16.4,56.0,265.0,8864.0,0.0,0.0,311,0.0,0.0,-0.0,-96.69999999999999,2010-08-15,pass,"counterfactual_common_baseline_relative=max(0,final_yield-null)-I-5N"
LC,Luancheng,2010,DQN,,,dssat_auto,2010,228,108,0.2,33.3,17.8,57.0,530.0,9129.0,0.0,0.0,306,0.0,0.0,-0.0,-96.69999999999999,2010-08-16,pass,"counterfactual_common_baseline_relative=max(0,final_yield-null)-I-5N"
LC,Luancheng,2010,DQN,,,dssat_auto,2010,229,109,0.0,32.5,18.7,58.0,794.0,9394.0,0.0,0.0,301,0.0,0.0,-0.0,-96.69999999999999,2010-08-17,pass,"counterfactual_common_baseline_relative=max(0,final_yield-null)-I-5N"
LC,Luancheng,2010,DQN,,,dssat_auto,2010,230,110,0.0,30.3,21.7,59.0,1059.0,9581.0,0.0,0.0,340,41.8,0.0,-41.8,-138.5,2010-08-18,pass,"counterfactual_common_baseline_relative=max(0,final_yield-null)-I-5N"
LC,Luancheng,2010,DQN,,,dssat_auto,2010,231,111,0.2,28.0,20.4,60.0,1324.0,9762.0,0.0,0.0,339,0.0,0.0,-0.0,-138.5,2010-08-19,pass,"counterfactual_common_baseline_relative=max(0,final_yield-null)-I-5N"
LC,Luancheng,2010,DQN,,,dssat_auto,2010,232,112,0.0,26.6,22.5,61.0,1589.0,9856.0,0.0,0.0,337,0.0,0.0,-0.0,-138.5,2010-08-20,pass,"counterfactual_common_baseline_relative=max(0,final_yield-null)-I-5N"
LC,Luancheng,2010,DQN,,,dssat_auto,2010,233,113,0.2,23.5,19.9,62.0,1854.0,9897.0,0.0,0.0,337,0.0,0.0,-0.0,-138.5,2010-08-21,pass,"counterfactual_common_baseline_relative=max(0,final_yield-null)-I-5N"
LC,Luancheng,2010,DQN,,,dssat_auto,2010,234,114,0.2,29.8,18.3,63.0,2118.0,10217.0,0.0,0.0,333,0.0,0.0,-0.0,-138.5,2010-08-22,pass,"counterfactual_common_baseline_relative=max(0,final_yield-null)-I-5N"
LC,Luancheng,2010,DQN,,,dssat_auto,2010,235,115,0.0,27.1,19.5,64.0,2383.0,10393.0,0.0,0.0,331,0.0,0.0,-0.0,-138.5,2010-08-23,pass,"counterfactual_common_baseline_relative=max(0,final_yield-null)-I-5N"
LC,Luancheng,2010,DQN,,,dssat_auto,2010,236,116,0.2,26.2,18.1,65.0,2648.0,10707.0,0.0,0.0,327,0.0,0.0,-0.0,-138.5,2010-08-24,pass,"counterfactual_common_baseline_relative=max(0,final_yield-null)-I-5N"
LC,Luancheng,2010,DQN,,,dssat_auto,2010,237,117,0.0,30.2,13.9,66.0,2913.0,11048.0,0.0,0.0,322,0.0,0.0,-0.0,-138.5,2010-08-25,pass,"counterfactual_common_baseline_relative=max(0,final_yield-null)-I-5N"
LC,Luancheng,2010,DQN,,,dssat_auto,2010,238,118,0.2,30.2,19.9,67.0,3178.0,11331.0,0.0,0.0,319,0.0,0.0,-0.0,-138.5,2010-08-26,pass,"counterfactual_common_baseline_relative=max(0,final_yield-null)-I-5N"
LC,Luancheng,2010,DQN,,,dssat_auto,2010,239,119,0.2,28.9,17.1,68.0,3442.0,11567.0,0.0,0.0,316,0.0,0.0,-0.0,-138.5,2010-08-27,pass,"counterfactual_common_baseline_relative=max(0,final_yield-null)-I-5N"
LC,Luancheng,2010,DQN,,,dssat_auto,2010,240,120,0.2,31.2,15.3,69.0,3707.0,11909.0,0.0,0.0,311,0.0,0.0,-0.0,-138.5,2010-08-28,pass,"counterfactual_common_baseline_relative=max(0,final_yield-null)-I-5N"
LC,Luancheng,2010,DQN,,,dssat_auto,2010,241,121,0.4,32.0,16.2,70.0,3972.0,12244.0,0.0,0.0,307,0.0,0.0,-0.0,-138.5,2010-08-29,pass,"counterfactual_common_baseline_relative=max(0,final_yield-null)-I-5N"
LC,Luancheng,2010,DQN,,,dssat_auto,2010,242,122,0.2,31.7,18.7,71.0,4237.0,12533.0,0.0,0.0,303,0.0,0.0,-0.0,-138.5,2010-08-30,pass,"counterfactual_common_baseline_relative=max(0,final_yield-null)-I-5N"
LC,Luancheng,2010,DQN,,,dssat_auto,2010,243,123,0.4,29.3,20.5,72.0,4502.0,12739.0,0.0,0.0,301,0.0,0.0,-0.0,-138.5,2010-08-31,pass,"counterfactual_common_baseline_relative=max(0,final_yield-null)-I-5N"
LC,Luancheng,2010,DQN,,,dssat_auto,2010,244,124,0.2,28.9,18.1,73.0,4766.0,13030.0,0.0,0.0,297,0.0,0.0,-0.0,-138.5,2010-09-01,pass,"counterfactual_common_baseline_relative=max(0,final_yield-null)-I-5N"
LC,Luancheng,2010,DQN,,,dssat_auto,2010,245,125,0.2,29.3,19.4,74.0,5031.0,13268.0,0.0,0.0,294,0.0,0.0,-0.0,-138.5,2010-09-02,pass,"counterfactual_common_baseline_relative=max(0,final_yield-null)-I-5N"
LC,Luancheng,2010,DQN,,,dssat_auto,2010,246,126,0.2,28.3,19.5,75.0,5296.0,13492.0,0.0,0.0,292,0.0,0.0,-0.0,-138.5,2010-09-03,pass,"counterfactual_common_baseline_relative=max(0,final_yield-null)-I-5N"
LC,Luancheng,2010,DQN,,,dssat_auto,2010,247,127,0.2,28.4,16.7,76.0,5561.0,13744.0,0.0,0.0,289,0.0,0.0,-0.0,-138.5,2010-09-04,pass,"counterfactual_common_baseline_relative=max(0,final_yield-null)-I-5N"
LC,Luancheng,2010,DQN,,,dssat_auto,2010,248,128,0.0,27.5,19.0,77.0,5826.0,13914.0,0.0,0.0,287,0.0,0.0,-0.0,-138.5,2010-09-05,pass,"counterfactual_common_baseline_relative=max(0,final_yield-null)-I-5N"
LC,Luancheng,2010,DQN,,,dssat_auto,2010,249,129,0.2,27.1,18.5,78.0,6090.0,14063.0,0.0,0.0,285,0.0,0.0,-0.0,-138.5,2010-09-06,pass,"counterfactual_common_baseline_relative=max(0,final_yield-null)-I-5N"
LC,Luancheng,2010,DQN,,,dssat_auto,2010,250,130,21.0,24.0,20.4,79.0,6355.0,14142.0,0.0,0.0,303,0.0,0.0,-0.0,-138.5,2010-09-07,pass,"counterfactual_common_baseline_relative=max(0,final_yield-null)-I-5N"
LC,Luancheng,2010,DQN,,,dssat_auto,2010,251,131,0.2,25.2,19.0,80.0,6620.0,14353.0,0.0,0.0,301,0.0,0.0,-0.0,-138.5,2010-09-08,pass,"counterfactual_common_baseline_relative=max(0,final_yield-null)-I-5N"
LC,Luancheng,2010,DQN,,,dssat_auto,2010,252,132,0.0,24.7,17.8,81.0,6885.0,14531.0,0.0,0.0,299,0.0,0.0,-0.0,-138.5,2010-09-09,pass,"counterfactual_common_baseline_relative=max(0,final_yield-null)-I-5N"
LC,Luancheng,2010,DQN,,,dssat_auto,2010,253,133,0.0,31.7,14.2,82.0,7150.0,14839.0,0.0,0.0,295,0.0,0.0,-0.0,-138.5,2010-09-10,pass,"counterfactual_common_baseline_relative=max(0,final_yield-null)-I-5N"
LC,Luancheng,2010,DQN,,,dssat_auto,2010,254,134,0.0,31.0,15.5,83.0,7414.0,15143.0,0.0,0.0,290,0.0,0.0,-0.0,-138.5,2010-09-11,pass,"counterfactual_common_baseline_relative=max(0,final_yield-null)-I-5N"
LC,Luancheng,2010,DQN,,,dssat_auto,2010,255,135,0.0,31.9,13.9,84.0,7679.0,15446.0,0.0,0.0,285,0.0,0.0,-0.0,-138.5,2010-09-12,pass,"counterfactual_common_baseline_relative=max(0,final_yield-null)-I-5N"
LC,Luancheng,2010,DQN,,,dssat_auto,2010,256,136,0.0,31.6,15.5,85.0,7944.0,15725.0,0.0,0.0,281,0.0,0.0,-0.0,-138.5,2010-09-13,pass,"counterfactual_common_baseline_relative=max(0,final_yield-null)-I-5N"
LC,Luancheng,2010,DQN,,,dssat_auto,2010,257,137,0.0,30.9,17.5,86.0,8209.0,15977.0,0.0,0.0,278,0.0,0.0,-0.0,-138.5,2010-09-14,pass,"counterfactual_common_baseline_relative=max(0,final_yield-null)-I-5N"
LC,Luancheng,2010,DQN,,,dssat_auto,2010,258,138,0.0,29.4,17.6,87.0,8474.0,16200.0,0.0,0.0,274,0.0,0.0,-0.0,-138.5,2010-09-15,pass,"counterfactual_common_baseline_relative=max(0,final_yield-null)-I-5N"
LC,Luancheng,2010,DQN,,,dssat_auto,2010,259,139,0.0,28.7,20.9,88.0,8738.0,16373.0,0.0,0.0,272,0.0,0.0,-0.0,-138.5,2010-09-16,pass,"counterfactual_common_baseline_relative=max(0,final_yield-null)-I-5N"
LC,Luancheng,2010,DQN,,,dssat_auto,2010,260,140,1.6,26.4,15.1,89.0,8738.0,16373.0,0.0,0.0,273,0.0,0.0,-0.0,-138.5,2010-09-17,pass,"counterfactual_common_baseline_relative=max(0,final_yield-null)-I-5N"
LC,Luancheng,2010,DQN,,,dssat_auto,2010,261,141,2.2,15.4,14.0,90.0,8738.0,16373.0,0.0,0.0,275,0.0,0.0,-0.0,-138.5,2010-09-18,pass,"counterfactual_common_baseline_relative=max(0,final_yield-null)-I-5N"
LC,Luancheng,2010,DQN,,,dssat_auto,2010,262,142,18.2,20.8,15.2,91.0,8738.0,16373.0,0.0,0.0,290,0.0,0.0,-0.0,-138.5,2010-09-19,pass,"counterfactual_common_baseline_relative=max(0,final_yield-null)-I-5N"
LC,Luancheng,2010,DQN,,,dssat_auto,2010,263,143,0.0,23.1,16.9,92.0,8738.0,16373.0,0.0,0.0,289,0.0,0.0,-0.0,-138.5,2010-09-20,pass,"counterfactual_common_baseline_relative=max(0,final_yield-null)-I-5N"
LC,Luancheng,2010,DQN,,,dssat_auto,2010,264,144,9.6,18.7,12.9,93.0,8738.0,16373.0,0.0,0.0,298,0.0,0.0,687.0,548.5,2010-09-21,pass,"counterfactual_common_baseline_relative=max(0,final_yield-null)-I-5N"
LC,Luancheng,2010,DQN,,,official_extension_expert,2010,121,1,0.0,29.5,6.1,0.0,0.0,0.0,0.0,0.0,372,0.0,0.0,-0.0,-0.0,2010-05-01,pass,"counterfactual_common_baseline_relative=max(0,final_yield-null)-I-5N"
LC,Luancheng,2010,DQN,,,official_extension_expert,2010,122,2,0.0,31.1,12.9,0.0,0.0,0.0,0.0,0.0,371,0.0,0.0,-0.0,-0.0,2010-05-02,pass,"counterfactual_common_baseline_relative=max(0,final_yield-null)-I-5N"
LC,Luancheng,2010,DQN,,,official_extension_expert,2010,123,3,0.0,24.2,17.5,0.0,0.0,0.0,0.0,0.0,369,0.0,0.0,-0.0,-0.0,2010-05-03,pass,"counterfactual_common_baseline_relative=max(0,final_yield-null)-I-5N"
LC,Luancheng,2010,DQN,,,official_extension_expert,2010,124,4,0.6,23.4,15.2,0.0,0.0,0.0,0.0,0.0,369,0.0,0.0,-0.0,-0.0,2010-05-04,pass,"counterfactual_common_baseline_relative=max(0,final_yield-null)-I-5N"
LC,Luancheng,2010,DQN,,,official_extension_expert,2010,125,5,2.6,28.7,14.4,0.0,0.0,0.0,0.0,0.0,369,0.0,0.0,-0.0,-0.0,2010-05-05,pass,"counterfactual_common_baseline_relative=max(0,final_yield-null)-I-5N"
LC,Luancheng,2010,DQN,,,official_extension_expert,2010,126,6,0.0,28.1,7.7,0.0,0.0,0.0,0.0,0.0,368,0.0,0.0,-0.0,-0.0,2010-05-06,pass,"counterfactual_common_baseline_relative=max(0,final_yield-null)-I-5N"
LC,Luancheng,2010,DQN,,,official_extension_expert,2010,127,7,0.0,31.6,9.2,0.0,0.0,0.0,0.0,0.0,367,0.0,0.0,-0.0,-0.0,2010-05-07,pass,"counterfactual_common_baseline_relative=max(0,final_yield-null)-I-5N"
LC,Luancheng,2010,DQN,,,official_extension_expert,2010,128,8,0.0,25.0,14.2,0.0,0.0,0.0,0.0,0.0,367,0.0,0.0,-0.0,-0.0,2010-05-08,pass,"counterfactual_common_baseline_relative=max(0,final_yield-null)-I-5N"
LC,Luancheng,2010,DQN,,,official_extension_expert,2010,129,9,0.0,23.0,13.5,0.0,0.0,0.0,0.0,0.0,366,0.0,0.0,-0.0,-0.0,2010-05-09,pass,"counterfactual_common_baseline_relative=max(0,final_yield-null)-I-5N"
LC,Luancheng,2010,DQN,,,official_extension_expert,2010,130,10,0.0,27.0,5.3,0.0,0.0,0.0,0.0,0.0,365,0.0,0.0,-0.0,-0.0,2010-05-10,pass,"counterfactual_common_baseline_relative=max(0,final_yield-null)-I-5N"
LC,Luancheng,2010,DQN,,,official_extension_expert,2010,131,11,0.0,23.5,6.8,0.0,0.0,0.0,0.0,0.0,365,0.0,0.0,-0.0,-0.0,2010-05-11,pass,"counterfactual_common_baseline_relative=max(0,final_yield-null)-I-5N"
LC,Luancheng,2010,DQN,,,official_extension_expert,2010,132,12,0.0,23.3,8.1,0.0,0.0,0.0,0.0,0.0,364,0.0,0.0,-0.0,-0.0,2010-05-12,pass,"counterfactual_common_baseline_relative=max(0,final_yield-null)-I-5N"
LC,Luancheng,2010,DQN,,,official_extension_expert,2010,133,13,0.0,24.2,10.9,0.0,0.0,0.0,0.0,0.0,364,0.0,0.0,-0.0,-0.0,2010-05-13,pass,"counterfactual_common_baseline_relative=max(0,final_yield-null)-I-5N"
LC,Luancheng,2010,DQN,,,official_extension_expert,2010,134,14,0.0,21.5,11.7,0.0,0.0,0.0,0.0,0.0,363,0.0,0.0,-0.0,-0.0,2010-05-14,pass,"counterfactual_common_baseline_relative=max(0,final_yield-null)-I-5N"
LC,Luancheng,2010,DQN,,,official_extension_expert,2010,135,15,0.0,25.3,12.2,0.0,0.0,0.0,0.0,0.0,363,0.0,0.0,-0.0,-0.0,2010-05-15,pass,"counterfactual_common_baseline_relative=max(0,final_yield-null)-I-5N"
LC,Luancheng,2010,DQN,,,official_extension_expert,2010,136,16,0.8,18.4,14.5,0.0,0.0,0.0,0.0,0.0,363,0.0,0.0,-0.0,-0.0,2010-05-16,pass,"counterfactual_common_baseline_relative=max(0,final_yield-null)-I-5N"
LC,Luancheng,2010,DQN,,,official_extension_expert,2010,137,17,1.0,23.2,14.3,0.0,0.0,0.0,0.0,0.0,363,0.0,0.0,-0.0,-0.0,2010-05-17,pass,"counterfactual_common_baseline_relative=max(0,final_yield-null)-I-5N"
LC,Luancheng,2010,DQN,,,official_extension_expert,2010,138,18,0.4,28.1,13.0,0.0,0.0,0.0,0.0,0.0,363,0.0,0.0,-0.0,-0.0,2010-05-18,pass,"counterfactual_common_baseline_relative=max(0,final_yield-null)-I-5N"
LC,Luancheng,2010,DQN,,,official_extension_expert,2010,139,19,0.0,32.8,10.8,0.0,0.0,0.0,0.0,0.0,362,0.0,0.0,-0.0,-0.0,2010-05-19,pass,"counterfactual_common_baseline_relative=max(0,final_yield-null)-I-5N"
LC,Luancheng,2010,DQN,,,official_extension_expert,2010,140,20,0.0,33.4,10.3,0.0,0.0,0.0,0.0,0.0,362,0.0,0.0,-0.0,-0.0,2010-05-20,pass,"counterfactual_common_baseline_relative=max(0,final_yield-null)-I-5N"
LC,Luancheng,2010,DQN,,,official_extension_expert,2010,141,21,0.0,27.8,14.9,0.0,0.0,0.0,0.0,0.0,361,0.0,0.0,-0.0,-0.0,2010-05-21,pass,"counterfactual_common_baseline_relative=max(0,final_yield-null)-I-5N"
LC,Luancheng,2010,DQN,,,official_extension_expert,2010,142,22,0.0,28.9,12.7,0.0,0.0,0.0,0.0,0.0,361,0.0,0.0,-0.0,-0.0,2010-05-22,pass,"counterfactual_common_baseline_relative=max(0,final_yield-null)-I-5N"
LC,Luancheng,2010,DQN,,,official_extension_expert,2010,143,23,0.0,32.1,13.5,0.0,0.0,0.0,0.0,0.0,360,0.0,0.0,-0.0,-0.0,2010-05-23,pass,"counterfactual_common_baseline_relative=max(0,final_yield-null)-I-5N"
LC,Luancheng,2010,DQN,,,official_extension_expert,2010,144,24,0.0,30.7,17.6,0.0,0.0,0.0,0.0,0.0,360,0.0,0.0,-0.0,-0.0,2010-05-24,pass,"counterfactual_common_baseline_relative=max(0,final_yield-null)-I-5N"
LC,Luancheng,2010,DQN,,,official_extension_expert,2010,145,25,0.0,30.6,12.0,0.0,0.0,0.0,0.0,0.0,360,0.0,0.0,-0.0,-0.0,2010-05-25,pass,"counterfactual_common_baseline_relative=max(0,final_yield-null)-I-5N"
LC,Luancheng,2010,DQN,,,official_extension_expert,2010,146,26,0.0,27.7,16.0,0.0,0.0,0.0,0.0,0.0,359,0.0,0.0,-0.0,-0.0,2010-05-26,pass,"counterfactual_common_baseline_relative=max(0,final_yield-null)-I-5N"
LC,Luancheng,2010,DQN,,,official_extension_expert,2010,147,27,1.4,21.5,18.1,0.0,0.0,0.0,0.0,0.0,360,0.0,0.0,-0.0,-0.0,2010-05-27,pass,"counterfactual_common_baseline_relative=max(0,final_yield-null)-I-5N"
LC,Luancheng,2010,DQN,,,official_extension_expert,2010,148,28,0.0,27.6,16.3,0.0,0.0,0.0,0.0,0.0,360,0.0,0.0,-0.0,-0.0,2010-05-28,pass,"counterfactual_common_baseline_relative=max(0,final_yield-null)-I-5N"
LC,Luancheng,2010,DQN,,,official_extension_expert,2010,149,29,0.0,35.1,13.5,0.0,0.0,0.0,0.0,0.0,359,0.0,0.0,-0.0,-0.0,2010-05-29,pass,"counterfactual_common_baseline_relative=max(0,final_yield-null)-I-5N"
LC,Luancheng,2010,DQN,,,official_extension_expert,2010,150,30,0.0,30.6,13.6,0.0,0.0,0.0,0.0,0.0,359,0.0,0.0,-0.0,-0.0,2010-05-30,pass,"counterfactual_common_baseline_relative=max(0,final_yield-null)-I-5N"
LC,Luancheng,2010,DQN,,,official_extension_expert,2010,151,31,0.0,26.5,15.0,0.0,0.0,0.0,0.0,0.0,359,0.0,0.0,-0.0,-0.0,2010-05-31,pass,"counterfactual_common_baseline_relative=max(0,final_yield-null)-I-5N"
LC,Luancheng,2010,DQN,,,official_extension_expert,2010,152,32,0.0,27.6,14.7,0.0,0.0,0.0,0.0,0.0,358,0.0,0.0,-0.0,-0.0,2010-06-01,pass,"counterfactual_common_baseline_relative=max(0,final_yield-null)-I-5N"
LC,Luancheng,2010,DQN,,,official_extension_expert,2010,153,33,2.8,24.5,15.6,0.0,0.0,0.0,0.0,0.0,360,0.0,0.0,-0.0,-0.0,2010-06-02,pass,"counterfactual_common_baseline_relative=max(0,final_yield-null)-I-5N"
LC,Luancheng,2010,DQN,,,official_extension_expert,2010,154,34,0.2,26.8,16.3,0.0,0.0,0.0,0.0,0.0,360,0.0,0.0,-0.0,-0.0,2010-06-03,pass,"counterfactual_common_baseline_relative=max(0,final_yield-null)-I-5N"
LC,Luancheng,2010,DQN,,,official_extension_expert,2010,155,35,0.0,28.8,15.7,0.0,0.0,0.0,0.0,0.0,359,0.0,0.0,-0.0,-0.0,2010-06-04,pass,"counterfactual_common_baseline_relative=max(0,final_yield-null)-I-5N"
LC,Luancheng,2010,DQN,,,official_extension_expert,2010,156,36,0.0,29.3,15.2,0.0,0.0,0.0,0.0,0.0,359,0.0,0.0,-0.0,-0.0,2010-06-05,pass,"counterfactual_common_baseline_relative=max(0,final_yield-null)-I-5N"
LC,Luancheng,2010,DQN,,,official_extension_expert,2010,157,37,0.0,29.8,15.8,0.0,0.0,0.0,0.0,0.0,359,0.0,0.0,-0.0,-0.0,2010-06-06,pass,"counterfactual_common_baseline_relative=max(0,final_yield-null)-I-5N"
LC,Luancheng,2010,DQN,,,official_extension_expert,2010,158,38,0.0,29.6,17.5,0.0,0.0,0.0,0.0,0.0,358,0.0,0.0,-0.0,-0.0,2010-06-07,pass,"counterfactual_common_baseline_relative=max(0,final_yield-null)-I-5N"
LC,Luancheng,2010,DQN,,,official_extension_expert,2010,159,39,0.0,29.6,15.2,0.0,0.0,0.0,0.0,0.0,358,0.0,0.0,-0.0,-0.0,2010-06-08,pass,"counterfactual_common_baseline_relative=max(0,final_yield-null)-I-5N"
LC,Luancheng,2010,DQN,,,official_extension_expert,2010,160,40,0.0,26.1,19.0,0.0,0.0,0.0,0.0,0.0,358,0.0,0.0,-0.0,-0.0,2010-06-09,pass,"counterfactual_common_baseline_relative=max(0,final_yield-null)-I-5N"
LC,Luancheng,2010,DQN,,,official_extension_expert,2010,161,41,0.0,27.5,18.3,0.0,0.0,0.0,0.0,0.0,357,0.0,0.0,-0.0,-0.0,2010-06-10,pass,"counterfactual_common_baseline_relative=max(0,final_yield-null)-I-5N"
LC,Luancheng,2010,DQN,,,official_extension_expert,2010,162,42,0.0,27.9,14.2,0.0,0.0,0.0,0.0,0.0,357,0.0,0.0,-0.0,-0.0,2010-06-11,pass,"counterfactual_common_baseline_relative=max(0,final_yield-null)-I-5N"
LC,Luancheng,2010,DQN,,,official_extension_expert,2010,163,43,0.0,31.8,17.0,0.0,0.0,0.0,0.0,0.0,357,0.0,0.0,-0.0,-0.0,2010-06-12,pass,"counterfactual_common_baseline_relative=max(0,final_yield-null)-I-5N"
LC,Luancheng,2010,DQN,,,official_extension_expert,2010,164,44,0.0,34.1,18.9,0.0,0.0,0.0,0.0,0.0,356,0.0,0.0,-0.0,-0.0,2010-06-13,pass,"counterfactual_common_baseline_relative=max(0,final_yield-null)-I-5N"
LC,Luancheng,2010,DQN,,,official_extension_expert,2010,165,45,0.0,31.4,19.1,0.0,0.0,0.0,0.0,0.0,356,0.0,0.0,-0.0,-0.0,2010-06-14,pass,"counterfactual_common_baseline_relative=max(0,final_yield-null)-I-5N"
LC,Luancheng,2010,DQN,,,official_extension_expert,2010,166,46,0.0,38.2,19.9,0.0,0.0,0.0,0.0,0.0,356,0.0,0.0,-0.0,-0.0,2010-06-15,pass,"counterfactual_common_baseline_relative=max(0,final_yield-null)-I-5N"
LC,Luancheng,2010,DQN,,,official_extension_expert,2010,167,47,0.0,37.2,21.1,0.0,0.0,0.0,0.0,0.0,355,0.0,0.0,-0.0,-0.0,2010-06-16,pass,"counterfactual_common_baseline_relative=max(0,final_yield-null)-I-5N"
LC,Luancheng,2010,DQN,,,official_extension_expert,2010,168,48,0.0,32.0,20.3,0.0,0.0,0.0,0.0,0.0,355,0.0,0.0,-0.0,-0.0,2010-06-17,pass,"counterfactual_common_baseline_relative=max(0,final_yield-null)-I-5N"
LC,Luancheng,2010,DQN,,,official_extension_expert,2010,169,49,2.6,29.6,19.4,0.0,0.0,0.0,0.0,0.0,357,0.0,0.0,-0.0,-0.0,2010-06-18,pass,"counterfactual_common_baseline_relative=max(0,final_yield-null)-I-5N"
LC,Luancheng,2010,DQN,,,official_extension_expert,2010,170,50,0.0,36.7,16.9,0.0,0.0,0.0,0.0,0.0,357,0.0,0.0,-0.0,-0.0,2010-06-19,pass,"counterfactual_common_baseline_relative=max(0,final_yield-null)-I-5N"
LC,Luancheng,2010,DQN,,,official_extension_expert,2010,171,51,0.0,37.4,19.6,0.0,0.0,0.0,0.0,0.0,356,0.0,0.0,-0.0,-0.0,2010-06-20,pass,"counterfactual_common_baseline_relative=max(0,final_yield-null)-I-5N"
LC,Luancheng,2010,DQN,,,official_extension_expert,2010,172,52,0.0,41.4,21.0,1.0,0.0,0.0,0.0,0.0,356,0.0,0.0,-0.0,-0.0,2010-06-21,pass,"counterfactual_common_baseline_relative=max(0,final_yield-null)-I-5N"
LC,Luancheng,2010,DQN,,,official_extension_expert,2010,173,53,0.0,35.7,24.1,2.0,0.0,0.0,0.0,0.0,356,0.0,0.0,-0.0,-0.0,2010-06-22,pass,"counterfactual_common_baseline_relative=max(0,final_yield-null)-I-5N"
LC,Luancheng,2010,DQN,,,official_extension_expert,2010,174,54,0.0,31.8,19.5,3.0,0.0,0.0,0.0,0.0,355,0.0,0.0,-0.0,-0.0,2010-06-23,pass,"counterfactual_common_baseline_relative=max(0,final_yield-null)-I-5N"
LC,Luancheng,2010,DQN,,,official_extension_expert,2010,175,55,0.0,33.9,17.7,4.0,0.0,0.0,0.0,0.0,355,0.0,0.0,-0.0,-0.0,2010-06-24,pass,"counterfactual_common_baseline_relative=max(0,final_yield-null)-I-5N"
LC,Luancheng,2010,DQN,,,official_extension_expert,2010,176,56,0.0,32.3,21.1,5.0,0.0,29.0,0.0,0.012,355,0.0,0.0,-0.0,-0.0,2010-06-25,pass,"counterfactual_common_baseline_relative=max(0,final_yield-null)-I-5N"
LC,Luancheng,2010,DQN,,,official_extension_expert,2010,177,57,0.0,34.1,21.2,6.0,0.0,29.0,0.0,0.009,355,0.0,0.0,-0.0,-0.0,2010-06-26,pass,"counterfactual_common_baseline_relative=max(0,final_yield-null)-I-5N"
LC,Luancheng,2010,DQN,,,official_extension_expert,2010,178,58,0.0,38.2,19.6,7.0,0.0,29.0,0.0,0.0,375,22.5,82.0,-432.5,-432.5,2010-06-27,pass,"counterfactual_common_baseline_relative=max(0,final_yield-null)-I-5N"
LC,Luancheng,2010,DQN,,,official_extension_expert,2010,179,59,0.0,40.4,21.5,8.0,0.0,32.0,0.0,0.0,372,0.0,0.0,-0.0,-432.5,2010-06-28,pass,"counterfactual_common_baseline_relative=max(0,final_yield-null)-I-5N"
LC,Luancheng,2010,DQN,,,official_extension_expert,2010,180,60,0.0,34.6,23.8,9.0,0.0,49.0,0.0,0.0,370,0.0,0.0,-0.0,-432.5,2010-06-29,pass,"counterfactual_common_baseline_relative=max(0,final_yield-null)-I-5N"
LC,Luancheng,2010,DQN,,,official_extension_expert,2010,181,61,0.0,31.6,24.9,10.0,0.0,58.0,0.0,0.019,369,0.0,0.0,-0.0,-432.5,2010-06-30,pass,"counterfactual_common_baseline_relative=max(0,final_yield-null)-I-5N"
LC,Luancheng,2010,DQN,,,official_extension_expert,2010,182,62,3.6,27.4,23.3,11.0,0.0,60.0,0.0,0.0,372,0.0,0.0,-0.0,-432.5,2010-07-01,pass,"counterfactual_common_baseline_relative=max(0,final_yield-null)-I-5N"
LC,Luancheng,2010,DQN,,,official_extension_expert,2010,183,63,0.0,36.8,21.3,12.0,0.0,96.0,0.0,0.0,370,0.0,0.0,-0.0,-432.5,2010-07-02,pass,"counterfactual_common_baseline_relative=max(0,final_yield-null)-I-5N"
LC,Luancheng,2010,DQN,,,official_extension_expert,2010,184,64,0.0,39.6,22.1,13.0,0.0,140.0,0.0,0.0,367,0.0,0.0,-0.0,-432.5,2010-07-03,pass,"counterfactual_common_baseline_relative=max(0,final_yield-null)-I-5N"
LC,Luancheng,2010,DQN,,,official_extension_expert,2010,185,65,0.0,39.9,23.8,14.0,0.0,184.0,0.0,0.0,365,0.0,0.0,-0.0,-432.5,2010-07-04,pass,"counterfactual_common_baseline_relative=max(0,final_yield-null)-I-5N"
LC,Luancheng,2010,DQN,,,official_extension_expert,2010,186,66,0.0,40.3,25.6,15.0,0.0,233.0,0.0,0.01,362,0.0,0.0,-0.0,-432.5,2010-07-05,pass,"counterfactual_common_baseline_relative=max(0,final_yield-null)-I-5N"
LC,Luancheng,2010,DQN,,,official_extension_expert,2010,187,67,0.0,41.1,21.9,16.0,0.0,306.0,0.0,0.0,358,0.0,0.0,-0.0,-432.5,2010-07-06,pass,"counterfactual_common_baseline_relative=max(0,final_yield-null)-I-5N"
LC,Luancheng,2010,DQN,,,official_extension_expert,2010,188,68,0.0,35.5,22.6,17.0,0.0,354.0,0.0,0.0,357,0.0,0.0,-0.0,-432.5,2010-07-07,pass,"counterfactual_common_baseline_relative=max(0,final_yield-null)-I-5N"
LC,Luancheng,2010,DQN,,,official_extension_expert,2010,189,69,0.0,34.6,22.9,18.0,0.0,464.0,0.0,0.0,354,0.0,0.0,-0.0,-432.5,2010-07-08,pass,"counterfactual_common_baseline_relative=max(0,final_yield-null)-I-5N"
LC,Luancheng,2010,DQN,,,official_extension_expert,2010,190,70,28.0,31.1,21.5,19.0,0.0,508.0,0.0,0.0,378,0.0,0.0,-0.0,-432.5,2010-07-09,pass,"counterfactual_common_baseline_relative=max(0,final_yield-null)-I-5N"
LC,Luancheng,2010,DQN,,,official_extension_expert,2010,191,71,5.6,29.0,21.1,20.0,0.0,605.0,0.0,0.0,380,0.0,0.0,-0.0,-432.5,2010-07-10,pass,"counterfactual_common_baseline_relative=max(0,final_yield-null)-I-5N"
LC,Luancheng,2010,DQN,,,official_extension_expert,2010,192,72,0.0,32.6,21.2,21.0,0.0,771.0,0.0,0.0,375,0.0,0.0,-0.0,-432.5,2010-07-11,pass,"counterfactual_common_baseline_relative=max(0,final_yield-null)-I-5N"
LC,Luancheng,2010,DQN,,,official_extension_expert,2010,193,73,0.0,31.5,24.1,22.0,0.0,862.0,0.0,0.0,373,0.0,0.0,-0.0,-432.5,2010-07-12,pass,"counterfactual_common_baseline_relative=max(0,final_yield-null)-I-5N"
LC,Luancheng,2010,DQN,,,official_extension_expert,2010,194,74,0.0,31.6,23.9,23.0,0.0,1001.0,0.0,0.0,370,0.0,0.0,-0.0,-432.5,2010-07-13,pass,"counterfactual_common_baseline_relative=max(0,final_yield-null)-I-5N"
LC,Luancheng,2010,DQN,,,official_extension_expert,2010,195,75,0.0,31.3,23.7,24.0,0.0,1147.0,0.0,0.0,367,0.0,0.0,-0.0,-432.5,2010-07-14,pass,"counterfactual_common_baseline_relative=max(0,final_yield-null)-I-5N"
LC,Luancheng,2010,DQN,,,official_extension_expert,2010,196,76,0.4,30.1,23.4,25.0,0.0,1240.0,0.0,0.0,366,0.0,0.0,-0.0,-432.5,2010-07-15,pass,"counterfactual_common_baseline_relative=max(0,final_yield-null)-I-5N"
LC,Luancheng,2010,DQN,,,official_extension_expert,2010,197,77,0.0,33.3,21.9,26.0,0.0,1488.0,0.0,0.0,360,0.0,0.0,-0.0,-432.5,2010-07-16,pass,"counterfactual_common_baseline_relative=max(0,final_yield-null)-I-5N"
LC,Luancheng,2010,DQN,,,official_extension_expert,2010,198,78,0.0,32.1,23.5,27.0,0.0,1659.0,0.0,0.0,357,0.0,0.0,-0.0,-432.5,2010-07-17,pass,"counterfactual_common_baseline_relative=max(0,final_yield-null)-I-5N"
LC,Luancheng,2010,DQN,,,official_extension_expert,2010,199,79,0.2,34.3,20.6,28.0,0.0,1954.0,0.0,0.0,351,0.0,0.0,-0.0,-432.5,2010-07-18,pass,"counterfactual_common_baseline_relative=max(0,final_yield-null)-I-5N"
LC,Luancheng,2010,DQN,,,official_extension_expert,2010,200,80,1.6,28.9,23.4,29.0,0.0,2014.0,0.0,0.0,352,0.0,0.0,-0.0,-432.5,2010-07-19,pass,"counterfactual_common_baseline_relative=max(0,final_yield-null)-I-5N"
LC,Luancheng,2010,DQN,,,official_extension_expert,2010,201,81,0.0,32.4,19.1,30.0,0.0,2331.0,0.0,0.0,383,37.5,41.0,-242.5,-675.0,2010-07-20,pass,"counterfactual_common_baseline_relative=max(0,final_yield-null)-I-5N"
LC,Luancheng,2010,DQN,,,official_extension_expert,2010,202,82,0.0,33.9,20.6,31.0,0.0,2685.0,0.0,0.0,378,0.0,0.0,-0.0,-675.0,2010-07-21,pass,"counterfactual_common_baseline_relative=max(0,final_yield-null)-I-5N"
LC,Luancheng,2010,DQN,,,official_extension_expert,2010,203,83,0.0,33.3,23.3,32.0,0.0,2937.0,0.0,0.0,374,0.0,0.0,-0.0,-675.0,2010-07-22,pass,"counterfactual_common_baseline_relative=max(0,final_yield-null)-I-5N"
LC,Luancheng,2010,DQN,,,official_extension_expert,2010,204,84,0.0,33.9,23.3,33.0,0.0,3277.0,0.0,0.0,369,0.0,0.0,-0.0,-675.0,2010-07-23,pass,"counterfactual_common_baseline_relative=max(0,final_yield-null)-I-5N"
LC,Luancheng,2010,DQN,,,official_extension_expert,2010,205,85,0.0,34.0,23.0,34.0,0.0,3616.0,0.0,0.0,363,0.0,0.0,-0.0,-675.0,2010-07-24,pass,"counterfactual_common_baseline_relative=max(0,final_yield-null)-I-5N"
LC,Luancheng,2010,DQN,,,official_extension_expert,2010,206,86,0.0,35.3,23.2,35.0,0.0,4003.0,0.0,0.0,358,0.0,0.0,-0.0,-675.0,2010-07-25,pass,"counterfactual_common_baseline_relative=max(0,final_yield-null)-I-5N"
LC,Luancheng,2010,DQN,,,official_extension_expert,2010,207,87,0.0,34.8,23.5,36.0,0.0,4316.0,0.0,0.0,353,0.0,0.0,-0.0,-675.0,2010-07-26,pass,"counterfactual_common_baseline_relative=max(0,final_yield-null)-I-5N"
LC,Luancheng,2010,DQN,,,official_extension_expert,2010,208,88,0.0,33.8,24.2,37.0,0.0,4644.0,0.0,0.0,348,0.0,0.0,-0.0,-675.0,2010-07-27,pass,"counterfactual_common_baseline_relative=max(0,final_yield-null)-I-5N"
LC,Luancheng,2010,DQN,,,official_extension_expert,2010,209,89,0.0,34.7,24.5,38.0,0.0,4985.0,0.0,0.0,343,0.0,0.0,-0.0,-675.0,2010-07-28,pass,"counterfactual_common_baseline_relative=max(0,final_yield-null)-I-5N"
LC,Luancheng,2010,DQN,,,official_extension_expert,2010,210,90,0.0,36.5,25.5,39.0,0.0,5350.0,0.0,0.0,337,0.0,0.0,-0.0,-675.0,2010-07-29,pass,"counterfactual_common_baseline_relative=max(0,final_yield-null)-I-5N"
LC,Luancheng,2010,DQN,,,official_extension_expert,2010,211,91,0.0,36.4,27.1,40.0,0.0,5576.0,0.0,0.0,333,0.0,0.0,-0.0,-675.0,2010-07-30,pass,"counterfactual_common_baseline_relative=max(0,final_yield-null)-I-5N"
LC,Luancheng,2010,DQN,,,official_extension_expert,2010,212,92,0.2,37.3,25.5,41.0,0.0,5847.0,0.0,0.0,328,0.0,0.0,-0.0,-675.0,2010-07-31,pass,"counterfactual_common_baseline_relative=max(0,final_yield-null)-I-5N"
LC,Luancheng,2010,DQN,,,official_extension_expert,2010,213,93,0.2,28.0,24.3,42.0,0.0,6013.0,0.0,0.0,326,0.0,0.0,-0.0,-675.0,2010-08-01,pass,"counterfactual_common_baseline_relative=max(0,final_yield-null)-I-5N"
LC,Luancheng,2010,DQN,,,official_extension_expert,2010,214,94,0.0,31.3,22.1,43.0,0.0,6350.0,0.0,0.0,322,0.0,0.0,-0.0,-675.0,2010-08-02,pass,"counterfactual_common_baseline_relative=max(0,final_yield-null)-I-5N"
LC,Luancheng,2010,DQN,,,official_extension_expert,2010,215,95,0.2,32.7,21.6,44.0,0.0,6658.0,0.0,0.0,318,0.0,0.0,-0.0,-675.0,2010-08-03,pass,"counterfactual_common_baseline_relative=max(0,final_yield-null)-I-5N"
LC,Luancheng,2010,DQN,,,official_extension_expert,2010,216,96,0.2,32.9,23.5,45.0,0.0,6750.0,0.0,0.0,365,48.8,56.0,-328.8,-1003.8,2010-08-04,pass,"counterfactual_common_baseline_relative=max(0,final_yield-null)-I-5N"
LC,Luancheng,2010,DQN,,,official_extension_expert,2010,217,97,0.2,33.0,22.4,46.0,0.0,6981.0,0.0,0.0,362,0.0,0.0,-0.0,-1003.8,2010-08-05,pass,"counterfactual_common_baseline_relative=max(0,final_yield-null)-I-5N"
LC,Luancheng,2010,DQN,,,official_extension_expert,2010,218,98,0.0,30.9,20.3,47.0,0.0,7337.0,0.0,0.0,357,0.0,0.0,-0.0,-1003.8,2010-08-06,pass,"counterfactual_common_baseline_relative=max(0,final_yield-null)-I-5N"
LC,Luancheng,2010,DQN,,,official_extension_expert,2010,219,99,0.2,31.5,18.7,48.0,0.0,7652.0,0.0,0.0,353,0.0,0.0,-0.0,-1003.8,2010-08-07,pass,"counterfactual_common_baseline_relative=max(0,final_yield-null)-I-5N"
LC,Luancheng,2010,DQN,,,official_extension_expert,2010,220,100,0.0,32.2,22.4,49.0,0.0,7926.0,0.0,0.0,348,0.0,0.0,-0.0,-1003.8,2010-08-08,pass,"counterfactual_common_baseline_relative=max(0,final_yield-null)-I-5N"
LC,Luancheng,2010,DQN,,,official_extension_expert,2010,221,101,0.2,31.1,24.5,50.0,0.0,8022.0,0.0,0.0,346,0.0,0.0,-0.0,-1003.8,2010-08-09,pass,"counterfactual_common_baseline_relative=max(0,final_yield-null)-I-5N"
LC,Luancheng,2010,DQN,,,official_extension_expert,2010,222,102,0.2,28.8,22.1,51.0,0.0,8069.0,0.0,0.0,345,0.0,0.0,-0.0,-1003.8,2010-08-10,pass,"counterfactual_common_baseline_relative=max(0,final_yield-null)-I-5N"
LC,Luancheng,2010,DQN,,,official_extension_expert,2010,223,103,0.0,25.5,21.5,52.0,0.0,8046.0,0.0,0.0,345,0.0,0.0,-0.0,-1003.8,2010-08-11,pass,"counterfactual_common_baseline_relative=max(0,final_yield-null)-I-5N"
LC,Luancheng,2010,DQN,,,official_extension_expert,2010,224,104,0.2,33.2,20.7,53.0,0.0,8364.0,0.0,0.0,340,0.0,0.0,-0.0,-1003.8,2010-08-12,pass,"counterfactual_common_baseline_relative=max(0,final_yield-null)-I-5N"
LC,Luancheng,2010,DQN,,,official_extension_expert,2010,225,105,0.2,28.5,23.8,54.0,0.0,8395.0,0.0,0.0,339,0.0,0.0,-0.0,-1003.8,2010-08-13,pass,"counterfactual_common_baseline_relative=max(0,final_yield-null)-I-5N"
LC,Luancheng,2010,DQN,,,official_extension_expert,2010,226,106,0.0,32.1,22.6,55.0,0.0,8602.0,0.0,0.0,335,0.0,0.0,-0.0,-1003.8,2010-08-14,pass,"counterfactual_common_baseline_relative=max(0,final_yield-null)-I-5N"
LC,Luancheng,2010,DQN,,,official_extension_expert,2010,227,107,0.0,35.4,16.4,56.0,265.0,8867.0,0.0,0.0,329,0.0,0.0,-0.0,-1003.8,2010-08-15,pass,"counterfactual_common_baseline_relative=max(0,final_yield-null)-I-5N"
LC,Luancheng,2010,DQN,,,official_extension_expert,2010,228,108,0.2,33.3,17.8,57.0,530.0,9132.0,0.0,0.0,324,0.0,0.0,-0.0,-1003.8,2010-08-16,pass,"counterfactual_common_baseline_relative=max(0,final_yield-null)-I-5N"
LC,Luancheng,2010,DQN,,,official_extension_expert,2010,229,109,0.0,32.5,18.7,58.0,794.0,9396.0,0.0,0.0,319,0.0,0.0,-0.0,-1003.8,2010-08-17,pass,"counterfactual_common_baseline_relative=max(0,final_yield-null)-I-5N"
LC,Luancheng,2010,DQN,,,official_extension_expert,2010,230,110,0.0,30.3,21.7,59.0,1059.0,9583.0,0.0,0.0,317,0.0,0.0,-0.0,-1003.8,2010-08-18,pass,"counterfactual_common_baseline_relative=max(0,final_yield-null)-I-5N"
LC,Luancheng,2010,DQN,,,official_extension_expert,2010,231,111,0.2,28.0,20.4,60.0,1324.0,9764.0,0.0,0.0,364,48.8,34.0,-218.8,-1222.6,2010-08-19,pass,"counterfactual_common_baseline_relative=max(0,final_yield-null)-I-5N"
LC,Luancheng,2010,DQN,,,official_extension_expert,2010,232,112,0.0,26.6,22.5,61.0,1589.0,9859.0,0.0,0.0,363,0.0,0.0,-0.0,-1222.6,2010-08-20,pass,"counterfactual_common_baseline_relative=max(0,final_yield-null)-I-5N"
LC,Luancheng,2010,DQN,,,official_extension_expert,2010,233,113,0.2,23.5,19.9,62.0,1854.0,9900.0,0.0,0.0,362,0.0,0.0,-0.0,-1222.6,2010-08-21,pass,"counterfactual_common_baseline_relative=max(0,final_yield-null)-I-5N"
LC,Luancheng,2010,DQN,,,official_extension_expert,2010,234,114,0.2,29.8,18.3,63.0,2119.0,10220.0,0.0,0.0,358,0.0,0.0,-0.0,-1222.6,2010-08-22,pass,"counterfactual_common_baseline_relative=max(0,final_yield-null)-I-5N"
LC,Luancheng,2010,DQN,,,official_extension_expert,2010,235,115,0.0,27.1,19.5,64.0,2383.0,10396.0,0.0,0.0,356,0.0,0.0,-0.0,-1222.6,2010-08-23,pass,"counterfactual_common_baseline_relative=max(0,final_yield-null)-I-5N"
LC,Luancheng,2010,DQN,,,official_extension_expert,2010,236,116,0.2,26.2,18.1,65.0,2648.0,10710.0,0.0,0.0,352,0.0,0.0,-0.0,-1222.6,2010-08-24,pass,"counterfactual_common_baseline_relative=max(0,final_yield-null)-I-5N"
LC,Luancheng,2010,DQN,,,official_extension_expert,2010,237,117,0.0,30.2,13.9,66.0,2913.0,11051.0,0.0,0.0,347,0.0,0.0,-0.0,-1222.6,2010-08-25,pass,"counterfactual_common_baseline_relative=max(0,final_yield-null)-I-5N"
LC,Luancheng,2010,DQN,,,official_extension_expert,2010,238,118,0.2,30.2,19.9,67.0,3178.0,11334.0,0.0,0.0,344,0.0,0.0,-0.0,-1222.6,2010-08-26,pass,"counterfactual_common_baseline_relative=max(0,final_yield-null)-I-5N"
LC,Luancheng,2010,DQN,,,official_extension_expert,2010,239,119,0.2,28.9,17.1,68.0,3443.0,11570.0,0.0,0.0,341,0.0,0.0,-0.0,-1222.6,2010-08-27,pass,"counterfactual_common_baseline_relative=max(0,final_yield-null)-I-5N"
LC,Luancheng,2010,DQN,,,official_extension_expert,2010,240,120,0.2,31.2,15.3,69.0,3707.0,11911.0,0.0,0.0,336,0.0,0.0,-0.0,-1222.6,2010-08-28,pass,"counterfactual_common_baseline_relative=max(0,final_yield-null)-I-5N"
LC,Luancheng,2010,DQN,,,official_extension_expert,2010,241,121,0.4,32.0,16.2,70.0,3972.0,12247.0,0.0,0.0,332,0.0,0.0,-0.0,-1222.6,2010-08-29,pass,"counterfactual_common_baseline_relative=max(0,final_yield-null)-I-5N"
LC,Luancheng,2010,DQN,,,official_extension_expert,2010,242,122,0.2,31.7,18.7,71.0,4237.0,12536.0,0.0,0.0,328,0.0,0.0,-0.0,-1222.6,2010-08-30,pass,"counterfactual_common_baseline_relative=max(0,final_yield-null)-I-5N"
LC,Luancheng,2010,DQN,,,official_extension_expert,2010,243,123,0.4,29.3,20.5,72.0,4502.0,12742.0,0.0,0.0,326,0.0,0.0,-0.0,-1222.6,2010-08-31,pass,"counterfactual_common_baseline_relative=max(0,final_yield-null)-I-5N"
LC,Luancheng,2010,DQN,,,official_extension_expert,2010,244,124,0.2,28.9,18.1,73.0,4767.0,13033.0,0.0,0.0,322,0.0,0.0,-0.0,-1222.6,2010-09-01,pass,"counterfactual_common_baseline_relative=max(0,final_yield-null)-I-5N"
LC,Luancheng,2010,DQN,,,official_extension_expert,2010,245,125,0.2,29.3,19.4,74.0,5032.0,13271.0,0.0,0.0,320,0.0,0.0,-0.0,-1222.6,2010-09-02,pass,"counterfactual_common_baseline_relative=max(0,final_yield-null)-I-5N"
LC,Luancheng,2010,DQN,,,official_extension_expert,2010,246,126,0.2,28.3,19.5,75.0,5296.0,13495.0,0.0,0.0,317,0.0,0.0,-0.0,-1222.6,2010-09-03,pass,"counterfactual_common_baseline_relative=max(0,final_yield-null)-I-5N"
LC,Luancheng,2010,DQN,,,official_extension_expert,2010,247,127,0.2,28.4,16.7,76.0,5561.0,13747.0,0.0,0.0,314,0.0,0.0,-0.0,-1222.6,2010-09-04,pass,"counterfactual_common_baseline_relative=max(0,final_yield-null)-I-5N"
LC,Luancheng,2010,DQN,,,official_extension_expert,2010,248,128,0.0,27.5,19.0,77.0,5826.0,13917.0,0.0,0.0,312,0.0,0.0,-0.0,-1222.6,2010-09-05,pass,"counterfactual_common_baseline_relative=max(0,final_yield-null)-I-5N"
LC,Luancheng,2010,DQN,,,official_extension_expert,2010,249,129,0.2,27.1,18.5,78.0,6091.0,14066.0,0.0,0.0,310,0.0,0.0,-0.0,-1222.6,2010-09-06,pass,"counterfactual_common_baseline_relative=max(0,final_yield-null)-I-5N"
LC,Luancheng,2010,DQN,,,official_extension_expert,2010,250,130,21.0,24.0,20.4,79.0,6356.0,14145.0,0.0,0.0,329,0.0,0.0,-0.0,-1222.6,2010-09-07,pass,"counterfactual_common_baseline_relative=max(0,final_yield-null)-I-5N"
LC,Luancheng,2010,DQN,,,official_extension_expert,2010,251,131,0.2,25.2,19.0,80.0,6620.0,14356.0,0.0,0.0,368,41.2,34.0,-211.2,-1433.8,2010-09-08,pass,"counterfactual_common_baseline_relative=max(0,final_yield-null)-I-5N"
LC,Luancheng,2010,DQN,,,official_extension_expert,2010,252,132,0.0,24.7,17.8,81.0,6885.0,14534.0,0.0,0.0,365,0.0,0.0,-0.0,-1433.8,2010-09-09,pass,"counterfactual_common_baseline_relative=max(0,final_yield-null)-I-5N"
LC,Luancheng,2010,DQN,,,official_extension_expert,2010,253,133,0.0,31.7,14.2,82.0,7150.0,14842.0,0.0,0.0,361,0.0,0.0,-0.0,-1433.8,2010-09-10,pass,"counterfactual_common_baseline_relative=max(0,final_yield-null)-I-5N"
LC,Luancheng,2010,DQN,,,official_extension_expert,2010,254,134,0.0,31.0,15.5,83.0,7415.0,15146.0,0.0,0.0,356,0.0,0.0,-0.0,-1433.8,2010-09-11,pass,"counterfactual_common_baseline_relative=max(0,final_yield-null)-I-5N"
LC,Luancheng,2010,DQN,,,official_extension_expert,2010,255,135,0.0,31.9,13.9,84.0,7680.0,15449.0,0.0,0.0,351,0.0,0.0,-0.0,-1433.8,2010-09-12,pass,"counterfactual_common_baseline_relative=max(0,final_yield-null)-I-5N"
LC,Luancheng,2010,DQN,,,official_extension_expert,2010,256,136,0.0,31.6,15.5,85.0,7945.0,15729.0,0.0,0.0,347,0.0,0.0,-0.0,-1433.8,2010-09-13,pass,"counterfactual_common_baseline_relative=max(0,final_yield-null)-I-5N"
LC,Luancheng,2010,DQN,,,official_extension_expert,2010,257,137,0.0,30.9,17.5,86.0,8209.0,15980.0,0.0,0.0,344,0.0,0.0,-0.0,-1433.8,2010-09-14,pass,"counterfactual_common_baseline_relative=max(0,final_yield-null)-I-5N"
LC,Luancheng,2010,DQN,,,official_extension_expert,2010,258,138,0.0,29.4,17.6,87.0,8474.0,16204.0,0.0,0.0,341,0.0,0.0,-0.0,-1433.8,2010-09-15,pass,"counterfactual_common_baseline_relative=max(0,final_yield-null)-I-5N"
LC,Luancheng,2010,DQN,,,official_extension_expert,2010,259,139,0.0,28.7,20.9,88.0,8739.0,16376.0,0.0,0.0,338,0.0,0.0,-0.0,-1433.8,2010-09-16,pass,"counterfactual_common_baseline_relative=max(0,final_yield-null)-I-5N"
LC,Luancheng,2010,DQN,,,official_extension_expert,2010,260,140,1.6,26.4,15.1,89.0,8739.0,16376.0,0.0,0.0,339,0.0,0.0,-0.0,-1433.8,2010-09-17,pass,"counterfactual_common_baseline_relative=max(0,final_yield-null)-I-5N"
LC,Luancheng,2010,DQN,,,official_extension_expert,2010,261,141,2.2,15.4,14.0,90.0,8739.0,16376.0,0.0,0.0,341,0.0,0.0,-0.0,-1433.8,2010-09-18,pass,"counterfactual_common_baseline_relative=max(0,final_yield-null)-I-5N"
LC,Luancheng,2010,DQN,,,official_extension_expert,2010,262,142,18.2,20.8,15.2,91.0,8739.0,16376.0,0.0,0.0,355,0.0,0.0,-0.0,-1433.8,2010-09-19,pass,"counterfactual_common_baseline_relative=max(0,final_yield-null)-I-5N"
LC,Luancheng,2010,DQN,,,official_extension_expert,2010,263,143,0.0,23.1,16.9,92.0,8739.0,16376.0,0.0,0.0,354,0.0,0.0,-0.0,-1433.8,2010-09-20,pass,"counterfactual_common_baseline_relative=max(0,final_yield-null)-I-5N"
LC,Luancheng,2010,DQN,,,official_extension_expert,2010,264,144,9.6,18.7,12.9,93.0,8739.0,16376.0,0.0,0.0,362,0.0,0.0,688.0,-745.8,2010-09-21,pass,"counterfactual_common_baseline_relative=max(0,final_yield-null)-I-5N"
LC,Luancheng,2010,DQN,0.0,5000.0,rl_candidate,2010,121,1,0.0,29.5,6.1,0.0,0.0,0.0,0.0,0.0,372,0.0,0.0,-0.0,-0.0,2010-05-01,pass,"counterfactual_common_baseline_relative=max(0,final_yield-null)-I-5N"
LC,Luancheng,2010,DQN,0.0,5000.0,rl_candidate,2010,122,2,0.0,31.1,12.9,0.0,0.0,0.0,0.0,0.0,371,0.0,0.0,-0.0,-0.0,2010-05-02,pass,"counterfactual_common_baseline_relative=max(0,final_yield-null)-I-5N"
LC,Luancheng,2010,DQN,0.0,5000.0,rl_candidate,2010,123,3,0.0,24.2,17.5,0.0,0.0,0.0,0.0,0.0,369,0.0,0.0,-0.0,-0.0,2010-05-03,pass,"counterfactual_common_baseline_relative=max(0,final_yield-null)-I-5N"
LC,Luancheng,2010,DQN,0.0,5000.0,rl_candidate,2010,124,4,0.6,23.4,15.2,0.0,0.0,0.0,0.0,0.0,369,0.0,0.0,-0.0,-0.0,2010-05-04,pass,"counterfactual_common_baseline_relative=max(0,final_yield-null)-I-5N"
LC,Luancheng,2010,DQN,0.0,5000.0,rl_candidate,2010,125,5,2.6,28.7,14.4,0.0,0.0,0.0,0.0,0.0,369,0.0,0.0,-0.0,-0.0,2010-05-05,pass,"counterfactual_common_baseline_relative=max(0,final_yield-null)-I-5N"
LC,Luancheng,2010,DQN,0.0,5000.0,rl_candidate,2010,126,6,0.0,28.1,7.7,0.0,0.0,0.0,0.0,0.0,368,0.0,0.0,-0.0,-0.0,2010-05-06,pass,"counterfactual_common_baseline_relative=max(0,final_yield-null)-I-5N"
LC,Luancheng,2010,DQN,0.0,5000.0,rl_candidate,2010,127,7,0.0,31.6,9.2,0.0,0.0,0.0,0.0,0.0,367,0.0,0.0,-0.0,-0.0,2010-05-07,pass,"counterfactual_common_baseline_relative=max(0,final_yield-null)-I-5N"
LC,Luancheng,2010,DQN,0.0,5000.0,rl_candidate,2010,128,8,0.0,25.0,14.2,0.0,0.0,0.0,0.0,0.0,367,0.0,0.0,-0.0,-0.0,2010-05-08,pass,"counterfactual_common_baseline_relative=max(0,final_yield-null)-I-5N"
LC,Luancheng,2010,DQN,0.0,5000.0,rl_candidate,2010,129,9,0.0,23.0,13.5,0.0,0.0,0.0,0.0,0.0,366,0.0,0.0,-0.0,-0.0,2010-05-09,pass,"counterfactual_common_baseline_relative=max(0,final_yield-null)-I-5N"
LC,Luancheng,2010,DQN,0.0,5000.0,rl_candidate,2010,130,10,0.0,27.0,5.3,0.0,0.0,0.0,0.0,0.0,365,0.0,0.0,-0.0,-0.0,2010-05-10,pass,"counterfactual_common_baseline_relative=max(0,final_yield-null)-I-5N"
LC,Luancheng,2010,DQN,0.0,5000.0,rl_candidate,2010,131,11,0.0,23.5,6.8,0.0,0.0,0.0,0.0,0.0,365,0.0,0.0,-0.0,-0.0,2010-05-11,pass,"counterfactual_common_baseline_relative=max(0,final_yield-null)-I-5N"
LC,Luancheng,2010,DQN,0.0,5000.0,rl_candidate,2010,132,12,0.0,23.3,8.1,0.0,0.0,0.0,0.0,0.0,364,0.0,0.0,-0.0,-0.0,2010-05-12,pass,"counterfactual_common_baseline_relative=max(0,final_yield-null)-I-5N"
LC,Luancheng,2010,DQN,0.0,5000.0,rl_candidate,2010,133,13,0.0,24.2,10.9,0.0,0.0,0.0,0.0,0.0,364,0.0,0.0,-0.0,-0.0,2010-05-13,pass,"counterfactual_common_baseline_relative=max(0,final_yield-null)-I-5N"
LC,Luancheng,2010,DQN,0.0,5000.0,rl_candidate,2010,134,14,0.0,21.5,11.7,0.0,0.0,0.0,0.0,0.0,363,0.0,0.0,-0.0,-0.0,2010-05-14,pass,"counterfactual_common_baseline_relative=max(0,final_yield-null)-I-5N"
LC,Luancheng,2010,DQN,0.0,5000.0,rl_candidate,2010,135,15,0.0,25.3,12.2,0.0,0.0,0.0,0.0,0.0,363,0.0,0.0,-0.0,-0.0,2010-05-15,pass,"counterfactual_common_baseline_relative=max(0,final_yield-null)-I-5N"
LC,Luancheng,2010,DQN,0.0,5000.0,rl_candidate,2010,136,16,0.8,18.4,14.5,0.0,0.0,0.0,0.0,0.0,363,0.0,0.0,-0.0,-0.0,2010-05-16,pass,"counterfactual_common_baseline_relative=max(0,final_yield-null)-I-5N"
LC,Luancheng,2010,DQN,0.0,5000.0,rl_candidate,2010,137,17,1.0,23.2,14.3,0.0,0.0,0.0,0.0,0.0,363,0.0,0.0,-0.0,-0.0,2010-05-17,pass,"counterfactual_common_baseline_relative=max(0,final_yield-null)-I-5N"
LC,Luancheng,2010,DQN,0.0,5000.0,rl_candidate,2010,138,18,0.4,28.1,13.0,0.0,0.0,0.0,0.0,0.0,363,0.0,0.0,-0.0,-0.0,2010-05-18,pass,"counterfactual_common_baseline_relative=max(0,final_yield-null)-I-5N"
LC,Luancheng,2010,DQN,0.0,5000.0,rl_candidate,2010,139,19,0.0,32.8,10.8,0.0,0.0,0.0,0.0,0.0,362,0.0,0.0,-0.0,-0.0,2010-05-19,pass,"counterfactual_common_baseline_relative=max(0,final_yield-null)-I-5N"
LC,Luancheng,2010,DQN,0.0,5000.0,rl_candidate,2010,140,20,0.0,33.4,10.3,0.0,0.0,0.0,0.0,0.0,362,0.0,0.0,-0.0,-0.0,2010-05-20,pass,"counterfactual_common_baseline_relative=max(0,final_yield-null)-I-5N"
LC,Luancheng,2010,DQN,0.0,5000.0,rl_candidate,2010,141,21,0.0,27.8,14.9,0.0,0.0,0.0,0.0,0.0,361,0.0,0.0,-0.0,-0.0,2010-05-21,pass,"counterfactual_common_baseline_relative=max(0,final_yield-null)-I-5N"
LC,Luancheng,2010,DQN,0.0,5000.0,rl_candidate,2010,142,22,0.0,28.9,12.7,0.0,0.0,0.0,0.0,0.0,361,0.0,0.0,-0.0,-0.0,2010-05-22,pass,"counterfactual_common_baseline_relative=max(0,final_yield-null)-I-5N"
LC,Luancheng,2010,DQN,0.0,5000.0,rl_candidate,2010,143,23,0.0,32.1,13.5,0.0,0.0,0.0,0.0,0.0,360,0.0,0.0,-0.0,-0.0,2010-05-23,pass,"counterfactual_common_baseline_relative=max(0,final_yield-null)-I-5N"
LC,Luancheng,2010,DQN,0.0,5000.0,rl_candidate,2010,144,24,0.0,30.7,17.6,0.0,0.0,0.0,0.0,0.0,360,0.0,0.0,-0.0,-0.0,2010-05-24,pass,"counterfactual_common_baseline_relative=max(0,final_yield-null)-I-5N"
LC,Luancheng,2010,DQN,0.0,5000.0,rl_candidate,2010,145,25,0.0,30.6,12.0,0.0,0.0,0.0,0.0,0.0,360,0.0,0.0,-0.0,-0.0,2010-05-25,pass,"counterfactual_common_baseline_relative=max(0,final_yield-null)-I-5N"
LC,Luancheng,2010,DQN,0.0,5000.0,rl_candidate,2010,146,26,0.0,27.7,16.0,0.0,0.0,0.0,0.0,0.0,359,0.0,0.0,-0.0,-0.0,2010-05-26,pass,"counterfactual_common_baseline_relative=max(0,final_yield-null)-I-5N"
LC,Luancheng,2010,DQN,0.0,5000.0,rl_candidate,2010,147,27,1.4,21.5,18.1,0.0,0.0,0.0,0.0,0.0,360,0.0,0.0,-0.0,-0.0,2010-05-27,pass,"counterfactual_common_baseline_relative=max(0,final_yield-null)-I-5N"
LC,Luancheng,2010,DQN,0.0,5000.0,rl_candidate,2010,148,28,0.0,27.6,16.3,0.0,0.0,0.0,0.0,0.0,360,0.0,0.0,-0.0,-0.0,2010-05-28,pass,"counterfactual_common_baseline_relative=max(0,final_yield-null)-I-5N"
LC,Luancheng,2010,DQN,0.0,5000.0,rl_candidate,2010,149,29,0.0,35.1,13.5,0.0,0.0,0.0,0.0,0.0,359,0.0,0.0,-0.0,-0.0,2010-05-29,pass,"counterfactual_common_baseline_relative=max(0,final_yield-null)-I-5N"
LC,Luancheng,2010,DQN,0.0,5000.0,rl_candidate,2010,150,30,0.0,30.6,13.6,0.0,0.0,0.0,0.0,0.0,359,0.0,0.0,-0.0,-0.0,2010-05-30,pass,"counterfactual_common_baseline_relative=max(0,final_yield-null)-I-5N"
LC,Luancheng,2010,DQN,0.0,5000.0,rl_candidate,2010,151,31,0.0,26.5,15.0,0.0,0.0,0.0,0.0,0.0,359,0.0,0.0,-0.0,-0.0,2010-05-31,pass,"counterfactual_common_baseline_relative=max(0,final_yield-null)-I-5N"
LC,Luancheng,2010,DQN,0.0,5000.0,rl_candidate,2010,152,32,0.0,27.6,14.7,0.0,0.0,0.0,0.0,0.0,358,0.0,0.0,-0.0,-0.0,2010-06-01,pass,"counterfactual_common_baseline_relative=max(0,final_yield-null)-I-5N"
LC,Luancheng,2010,DQN,0.0,5000.0,rl_candidate,2010,153,33,2.8,24.5,15.6,0.0,0.0,0.0,0.0,0.0,360,0.0,0.0,-0.0,-0.0,2010-06-02,pass,"counterfactual_common_baseline_relative=max(0,final_yield-null)-I-5N"
LC,Luancheng,2010,DQN,0.0,5000.0,rl_candidate,2010,154,34,0.2,26.8,16.3,0.0,0.0,0.0,0.0,0.0,360,0.0,0.0,-0.0,-0.0,2010-06-03,pass,"counterfactual_common_baseline_relative=max(0,final_yield-null)-I-5N"
LC,Luancheng,2010,DQN,0.0,5000.0,rl_candidate,2010,155,35,0.0,28.8,15.7,0.0,0.0,0.0,0.0,0.0,359,0.0,0.0,-0.0,-0.0,2010-06-04,pass,"counterfactual_common_baseline_relative=max(0,final_yield-null)-I-5N"
LC,Luancheng,2010,DQN,0.0,5000.0,rl_candidate,2010,156,36,0.0,29.3,15.2,0.0,0.0,0.0,0.0,0.0,359,0.0,0.0,-0.0,-0.0,2010-06-05,pass,"counterfactual_common_baseline_relative=max(0,final_yield-null)-I-5N"
LC,Luancheng,2010,DQN,0.0,5000.0,rl_candidate,2010,157,37,0.0,29.8,15.8,0.0,0.0,0.0,0.0,0.0,359,0.0,0.0,-0.0,-0.0,2010-06-06,pass,"counterfactual_common_baseline_relative=max(0,final_yield-null)-I-5N"
LC,Luancheng,2010,DQN,0.0,5000.0,rl_candidate,2010,158,38,0.0,29.6,17.5,0.0,0.0,0.0,0.0,0.0,358,0.0,0.0,-0.0,-0.0,2010-06-07,pass,"counterfactual_common_baseline_relative=max(0,final_yield-null)-I-5N"
LC,Luancheng,2010,DQN,0.0,5000.0,rl_candidate,2010,159,39,0.0,29.6,15.2,0.0,0.0,0.0,0.0,0.0,358,0.0,0.0,-0.0,-0.0,2010-06-08,pass,"counterfactual_common_baseline_relative=max(0,final_yield-null)-I-5N"
LC,Luancheng,2010,DQN,0.0,5000.0,rl_candidate,2010,160,40,0.0,26.1,19.0,0.0,0.0,0.0,0.0,0.0,358,0.0,0.0,-0.0,-0.0,2010-06-09,pass,"counterfactual_common_baseline_relative=max(0,final_yield-null)-I-5N"
LC,Luancheng,2010,DQN,0.0,5000.0,rl_candidate,2010,161,41,0.0,27.5,18.3,0.0,0.0,0.0,0.0,0.0,357,0.0,0.0,-0.0,-0.0,2010-06-10,pass,"counterfactual_common_baseline_relative=max(0,final_yield-null)-I-5N"
LC,Luancheng,2010,DQN,0.0,5000.0,rl_candidate,2010,162,42,0.0,27.9,14.2,0.0,0.0,0.0,0.0,0.0,357,0.0,0.0,-0.0,-0.0,2010-06-11,pass,"counterfactual_common_baseline_relative=max(0,final_yield-null)-I-5N"
LC,Luancheng,2010,DQN,0.0,5000.0,rl_candidate,2010,163,43,0.0,31.8,17.0,0.0,0.0,0.0,0.0,0.0,357,0.0,0.0,-0.0,-0.0,2010-06-12,pass,"counterfactual_common_baseline_relative=max(0,final_yield-null)-I-5N"
LC,Luancheng,2010,DQN,0.0,5000.0,rl_candidate,2010,164,44,0.0,34.1,18.9,0.0,0.0,0.0,0.0,0.0,356,0.0,0.0,-0.0,-0.0,2010-06-13,pass,"counterfactual_common_baseline_relative=max(0,final_yield-null)-I-5N"
LC,Luancheng,2010,DQN,0.0,5000.0,rl_candidate,2010,165,45,0.0,31.4,19.1,0.0,0.0,0.0,0.0,0.0,356,0.0,0.0,-0.0,-0.0,2010-06-14,pass,"counterfactual_common_baseline_relative=max(0,final_yield-null)-I-5N"
LC,Luancheng,2010,DQN,0.0,5000.0,rl_candidate,2010,166,46,0.0,38.2,19.9,0.0,0.0,0.0,0.0,0.0,356,0.0,0.0,-0.0,-0.0,2010-06-15,pass,"counterfactual_common_baseline_relative=max(0,final_yield-null)-I-5N"
LC,Luancheng,2010,DQN,0.0,5000.0,rl_candidate,2010,167,47,0.0,37.2,21.1,0.0,0.0,0.0,0.0,0.0,355,0.0,0.0,-0.0,-0.0,2010-06-16,pass,"counterfactual_common_baseline_relative=max(0,final_yield-null)-I-5N"
LC,Luancheng,2010,DQN,0.0,5000.0,rl_candidate,2010,168,48,0.0,32.0,20.3,0.0,0.0,0.0,0.0,0.0,355,0.0,0.0,-0.0,-0.0,2010-06-17,pass,"counterfactual_common_baseline_relative=max(0,final_yield-null)-I-5N"
LC,Luancheng,2010,DQN,0.0,5000.0,rl_candidate,2010,169,49,2.6,29.6,19.4,0.0,0.0,0.0,0.0,0.0,357,0.0,0.0,-0.0,-0.0,2010-06-18,pass,"counterfactual_common_baseline_relative=max(0,final_yield-null)-I-5N"
LC,Luancheng,2010,DQN,0.0,5000.0,rl_candidate,2010,170,50,0.0,36.7,16.9,0.0,0.0,0.0,0.0,0.0,357,0.0,0.0,-0.0,-0.0,2010-06-19,pass,"counterfactual_common_baseline_relative=max(0,final_yield-null)-I-5N"
LC,Luancheng,2010,DQN,0.0,5000.0,rl_candidate,2010,171,51,0.0,37.4,19.6,0.0,0.0,0.0,0.0,0.0,356,0.0,0.0,-0.0,-0.0,2010-06-20,pass,"counterfactual_common_baseline_relative=max(0,final_yield-null)-I-5N"
LC,Luancheng,2010,DQN,0.0,5000.0,rl_candidate,2010,172,52,0.0,41.4,21.0,1.0,0.0,0.0,0.0,0.0,369,15.0,0.0,-15.0,-15.0,2010-06-21,pass,"counterfactual_common_baseline_relative=max(0,final_yield-null)-I-5N"
LC,Luancheng,2010,DQN,0.0,5000.0,rl_candidate,2010,173,53,0.0,35.7,24.1,2.0,0.0,0.0,0.0,0.0,368,0.0,0.0,-0.0,-15.0,2010-06-22,pass,"counterfactual_common_baseline_relative=max(0,final_yield-null)-I-5N"
LC,Luancheng,2010,DQN,0.0,5000.0,rl_candidate,2010,174,54,0.0,31.8,19.5,3.0,0.0,0.0,0.0,0.0,367,0.0,0.0,-0.0,-15.0,2010-06-23,pass,"counterfactual_common_baseline_relative=max(0,final_yield-null)-I-5N"
LC,Luancheng,2010,DQN,0.0,5000.0,rl_candidate,2010,175,55,0.0,33.9,17.7,4.0,0.0,0.0,0.0,0.0,367,0.0,0.0,-0.0,-15.0,2010-06-24,pass,"counterfactual_common_baseline_relative=max(0,final_yield-null)-I-5N"
LC,Luancheng,2010,DQN,0.0,5000.0,rl_candidate,2010,176,56,0.0,32.3,21.1,5.0,0.0,29.0,0.0,0.012,366,0.0,0.0,-0.0,-15.0,2010-06-25,pass,"counterfactual_common_baseline_relative=max(0,final_yield-null)-I-5N"
LC,Luancheng,2010,DQN,0.0,5000.0,rl_candidate,2010,177,57,0.0,34.1,21.2,6.0,0.0,29.0,0.0,0.009,365,0.0,0.0,-0.0,-15.0,2010-06-26,pass,"counterfactual_common_baseline_relative=max(0,final_yield-null)-I-5N"
LC,Luancheng,2010,DQN,0.0,5000.0,rl_candidate,2010,178,58,0.0,38.2,19.6,7.0,0.0,29.0,0.0,0.0,365,0.0,0.0,-0.0,-15.0,2010-06-27,pass,"counterfactual_common_baseline_relative=max(0,final_yield-null)-I-5N"
LC,Luancheng,2010,DQN,0.0,5000.0,rl_candidate,2010,179,59,0.0,40.4,21.5,8.0,0.0,32.0,0.0,0.0,364,0.0,0.0,-0.0,-15.0,2010-06-28,pass,"counterfactual_common_baseline_relative=max(0,final_yield-null)-I-5N"
LC,Luancheng,2010,DQN,0.0,5000.0,rl_candidate,2010,180,60,0.0,34.6,23.8,9.0,0.0,49.0,0.0,0.0,363,0.0,0.0,-0.0,-15.0,2010-06-29,pass,"counterfactual_common_baseline_relative=max(0,final_yield-null)-I-5N"
LC,Luancheng,2010,DQN,0.0,5000.0,rl_candidate,2010,181,61,0.0,31.6,24.9,10.0,0.0,58.0,0.0,0.019,363,0.0,0.0,-0.0,-15.0,2010-06-30,pass,"counterfactual_common_baseline_relative=max(0,final_yield-null)-I-5N"
LC,Luancheng,2010,DQN,0.0,5000.0,rl_candidate,2010,182,62,3.6,27.4,23.3,11.0,0.0,60.0,0.0,0.0,381,15.0,0.0,-15.0,-30.0,2010-07-01,pass,"counterfactual_common_baseline_relative=max(0,final_yield-null)-I-5N"
LC,Luancheng,2010,DQN,0.0,5000.0,rl_candidate,2010,183,63,0.0,36.8,21.3,12.0,0.0,96.0,0.0,0.0,373,0.0,0.0,-0.0,-30.0,2010-07-02,pass,"counterfactual_common_baseline_relative=max(0,final_yield-null)-I-5N"
LC,Luancheng,2010,DQN,0.0,5000.0,rl_candidate,2010,184,64,0.0,39.6,22.1,13.0,0.0,140.0,0.0,0.0,369,0.0,0.0,-0.0,-30.0,2010-07-03,pass,"counterfactual_common_baseline_relative=max(0,final_yield-null)-I-5N"
LC,Luancheng,2010,DQN,0.0,5000.0,rl_candidate,2010,185,65,0.0,39.9,23.8,14.0,0.0,184.0,0.0,0.0,366,0.0,0.0,-0.0,-30.0,2010-07-04,pass,"counterfactual_common_baseline_relative=max(0,final_yield-null)-I-5N"
LC,Luancheng,2010,DQN,0.0,5000.0,rl_candidate,2010,186,66,0.0,40.3,25.6,15.0,0.0,233.0,0.0,0.01,364,0.0,0.0,-0.0,-30.0,2010-07-05,pass,"counterfactual_common_baseline_relative=max(0,final_yield-null)-I-5N"
LC,Luancheng,2010,DQN,0.0,5000.0,rl_candidate,2010,187,67,0.0,41.1,21.9,16.0,0.0,306.0,0.0,0.0,360,0.0,0.0,-0.0,-30.0,2010-07-06,pass,"counterfactual_common_baseline_relative=max(0,final_yield-null)-I-5N"
LC,Luancheng,2010,DQN,0.0,5000.0,rl_candidate,2010,188,68,0.0,35.5,22.6,17.0,0.0,354.0,0.0,0.0,358,0.0,0.0,-0.0,-30.0,2010-07-07,pass,"counterfactual_common_baseline_relative=max(0,final_yield-null)-I-5N"
LC,Luancheng,2010,DQN,0.0,5000.0,rl_candidate,2010,189,69,0.0,34.6,22.9,18.0,0.0,465.0,0.0,0.0,355,0.0,0.0,-0.0,-30.0,2010-07-08,pass,"counterfactual_common_baseline_relative=max(0,final_yield-null)-I-5N"
LC,Luancheng,2010,DQN,0.0,5000.0,rl_candidate,2010,190,70,28.0,31.1,21.5,19.0,0.0,508.0,0.0,0.0,379,0.0,0.0,-0.0,-30.0,2010-07-09,pass,"counterfactual_common_baseline_relative=max(0,final_yield-null)-I-5N"
LC,Luancheng,2010,DQN,0.0,5000.0,rl_candidate,2010,191,71,5.6,29.0,21.1,20.0,0.0,606.0,0.0,0.0,381,0.0,0.0,-0.0,-30.0,2010-07-10,pass,"counterfactual_common_baseline_relative=max(0,final_yield-null)-I-5N"
LC,Luancheng,2010,DQN,0.0,5000.0,rl_candidate,2010,192,72,0.0,32.6,21.2,21.0,0.0,772.0,0.0,0.0,377,0.0,0.0,-0.0,-30.0,2010-07-11,pass,"counterfactual_common_baseline_relative=max(0,final_yield-null)-I-5N"
LC,Luancheng,2010,DQN,0.0,5000.0,rl_candidate,2010,193,73,0.0,31.5,24.1,22.0,0.0,862.0,0.0,0.0,374,0.0,0.0,-0.0,-30.0,2010-07-12,pass,"counterfactual_common_baseline_relative=max(0,final_yield-null)-I-5N"
LC,Luancheng,2010,DQN,0.0,5000.0,rl_candidate,2010,194,74,0.0,31.6,23.9,23.0,0.0,1001.0,0.0,0.0,371,0.0,0.0,-0.0,-30.0,2010-07-13,pass,"counterfactual_common_baseline_relative=max(0,final_yield-null)-I-5N"
LC,Luancheng,2010,DQN,0.0,5000.0,rl_candidate,2010,195,75,0.0,31.3,23.7,24.0,0.0,1147.0,0.0,0.0,368,0.0,0.0,-0.0,-30.0,2010-07-14,pass,"counterfactual_common_baseline_relative=max(0,final_yield-null)-I-5N"
LC,Luancheng,2010,DQN,0.0,5000.0,rl_candidate,2010,196,76,0.4,30.1,23.4,25.0,0.0,1240.0,0.0,0.0,367,0.0,0.0,-0.0,-30.0,2010-07-15,pass,"counterfactual_common_baseline_relative=max(0,final_yield-null)-I-5N"
LC,Luancheng,2010,DQN,0.0,5000.0,rl_candidate,2010,197,77,0.0,33.3,21.9,26.0,0.0,1489.0,0.0,0.0,361,0.0,0.0,-0.0,-30.0,2010-07-16,pass,"counterfactual_common_baseline_relative=max(0,final_yield-null)-I-5N"
LC,Luancheng,2010,DQN,0.0,5000.0,rl_candidate,2010,198,78,0.0,32.1,23.5,27.0,0.0,1660.0,0.0,0.0,358,0.0,0.0,-0.0,-30.0,2010-07-17,pass,"counterfactual_common_baseline_relative=max(0,final_yield-null)-I-5N"
LC,Luancheng,2010,DQN,0.0,5000.0,rl_candidate,2010,199,79,0.2,34.3,20.6,28.0,0.0,1954.0,0.0,0.0,353,0.0,0.0,-0.0,-30.0,2010-07-18,pass,"counterfactual_common_baseline_relative=max(0,final_yield-null)-I-5N"
LC,Luancheng,2010,DQN,0.0,5000.0,rl_candidate,2010,200,80,1.6,28.9,23.4,29.0,0.0,2015.0,0.0,0.0,353,0.0,0.0,-0.0,-30.0,2010-07-19,pass,"counterfactual_common_baseline_relative=max(0,final_yield-null)-I-5N"
LC,Luancheng,2010,DQN,0.0,5000.0,rl_candidate,2010,201,81,0.0,32.4,19.1,30.0,0.0,2331.0,0.0,0.0,347,0.0,0.0,-0.0,-30.0,2010-07-20,pass,"counterfactual_common_baseline_relative=max(0,final_yield-null)-I-5N"
LC,Luancheng,2010,DQN,0.0,5000.0,rl_candidate,2010,202,82,0.0,33.9,20.6,31.0,0.0,2686.0,0.0,0.0,341,0.0,0.0,-0.0,-30.0,2010-07-21,pass,"counterfactual_common_baseline_relative=max(0,final_yield-null)-I-5N"
LC,Luancheng,2010,DQN,0.0,5000.0,rl_candidate,2010,203,83,0.0,33.3,23.3,32.0,0.0,2937.0,0.0,0.0,337,0.0,0.0,-0.0,-30.0,2010-07-22,pass,"counterfactual_common_baseline_relative=max(0,final_yield-null)-I-5N"
LC,Luancheng,2010,DQN,0.0,5000.0,rl_candidate,2010,204,84,0.0,33.9,23.3,33.0,0.0,3278.0,0.0,0.0,332,0.0,0.0,-0.0,-30.0,2010-07-23,pass,"counterfactual_common_baseline_relative=max(0,final_yield-null)-I-5N"
LC,Luancheng,2010,DQN,0.0,5000.0,rl_candidate,2010,205,85,0.0,34.0,23.0,34.0,0.0,3617.0,0.0,0.0,327,0.0,0.0,-0.0,-30.0,2010-07-24,pass,"counterfactual_common_baseline_relative=max(0,final_yield-null)-I-5N"
LC,Luancheng,2010,DQN,0.0,5000.0,rl_candidate,2010,206,86,0.0,35.3,23.2,35.0,0.0,4004.0,0.0,0.0,321,0.0,0.0,-0.0,-30.0,2010-07-25,pass,"counterfactual_common_baseline_relative=max(0,final_yield-null)-I-5N"
LC,Luancheng,2010,DQN,0.0,5000.0,rl_candidate,2010,207,87,0.0,34.8,23.5,36.0,0.0,4316.0,0.0,0.0,317,0.0,0.0,-0.0,-30.0,2010-07-26,pass,"counterfactual_common_baseline_relative=max(0,final_yield-null)-I-5N"
LC,Luancheng,2010,DQN,0.0,5000.0,rl_candidate,2010,208,88,0.0,33.8,24.2,37.0,0.0,4644.0,0.0,0.0,312,0.0,0.0,-0.0,-30.0,2010-07-27,pass,"counterfactual_common_baseline_relative=max(0,final_yield-null)-I-5N"
LC,Luancheng,2010,DQN,0.0,5000.0,rl_candidate,2010,209,89,0.0,34.7,24.5,38.0,0.0,4986.0,0.0,0.0,307,0.0,0.0,-0.0,-30.0,2010-07-28,pass,"counterfactual_common_baseline_relative=max(0,final_yield-null)-I-5N"
LC,Luancheng,2010,DQN,0.0,5000.0,rl_candidate,2010,210,90,0.0,36.5,25.5,39.0,0.0,5350.0,0.0,0.0,301,0.0,0.0,-0.0,-30.0,2010-07-29,pass,"counterfactual_common_baseline_relative=max(0,final_yield-null)-I-5N"
LC,Luancheng,2010,DQN,0.0,5000.0,rl_candidate,2010,211,91,0.0,36.4,27.1,40.0,0.0,5577.0,0.0,0.0,297,0.0,0.0,-0.0,-30.0,2010-07-30,pass,"counterfactual_common_baseline_relative=max(0,final_yield-null)-I-5N"
LC,Luancheng,2010,DQN,0.0,5000.0,rl_candidate,2010,212,92,0.2,37.3,25.5,41.0,0.0,5847.0,0.0,0.0,292,0.0,0.0,-0.0,-30.0,2010-07-31,pass,"counterfactual_common_baseline_relative=max(0,final_yield-null)-I-5N"
LC,Luancheng,2010,DQN,0.0,5000.0,rl_candidate,2010,213,93,0.2,28.0,24.3,42.0,0.0,6014.0,0.0,0.0,290,0.0,0.0,-0.0,-30.0,2010-08-01,pass,"counterfactual_common_baseline_relative=max(0,final_yield-null)-I-5N"
LC,Luancheng,2010,DQN,0.0,5000.0,rl_candidate,2010,214,94,0.0,31.3,22.1,43.0,0.0,6351.0,0.0,0.0,286,0.0,0.0,-0.0,-30.0,2010-08-02,pass,"counterfactual_common_baseline_relative=max(0,final_yield-null)-I-5N"
LC,Luancheng,2010,DQN,0.0,5000.0,rl_candidate,2010,215,95,0.2,32.7,21.6,44.0,0.0,6659.0,0.0,0.0,282,0.0,0.0,-0.0,-30.0,2010-08-03,pass,"counterfactual_common_baseline_relative=max(0,final_yield-null)-I-5N"
LC,Luancheng,2010,DQN,0.0,5000.0,rl_candidate,2010,216,96,0.2,32.9,23.5,45.0,0.0,6750.0,0.0,0.0,281,0.0,0.0,-0.0,-30.0,2010-08-04,pass,"counterfactual_common_baseline_relative=max(0,final_yield-null)-I-5N"
LC,Luancheng,2010,DQN,0.0,5000.0,rl_candidate,2010,217,97,0.2,33.0,22.4,46.0,0.0,6982.0,0.0,0.0,277,0.0,0.0,-0.0,-30.0,2010-08-05,pass,"counterfactual_common_baseline_relative=max(0,final_yield-null)-I-5N"
LC,Luancheng,2010,DQN,0.0,5000.0,rl_candidate,2010,218,98,0.0,30.9,20.3,47.0,0.0,7338.0,0.0,0.0,272,0.0,0.0,-0.0,-30.0,2010-08-06,pass,"counterfactual_common_baseline_relative=max(0,final_yield-null)-I-5N"
LC,Luancheng,2010,DQN,0.0,5000.0,rl_candidate,2010,219,99,0.2,31.5,18.7,48.0,0.0,7653.0,0.0,0.0,268,0.0,0.0,-0.0,-30.0,2010-08-07,pass,"counterfactual_common_baseline_relative=max(0,final_yield-null)-I-5N"
LC,Luancheng,2010,DQN,0.0,5000.0,rl_candidate,2010,220,100,0.0,32.2,22.4,49.0,0.0,7927.0,0.0,0.0,263,0.0,0.0,-0.0,-30.0,2010-08-08,pass,"counterfactual_common_baseline_relative=max(0,final_yield-null)-I-5N"
LC,Luancheng,2010,DQN,0.0,5000.0,rl_candidate,2010,221,101,0.2,31.1,24.5,50.0,0.0,8023.0,0.0,0.0,262,0.0,0.0,-0.0,-30.0,2010-08-09,pass,"counterfactual_common_baseline_relative=max(0,final_yield-null)-I-5N"
LC,Luancheng,2010,DQN,0.0,5000.0,rl_candidate,2010,222,102,0.2,28.8,22.1,51.0,0.0,8070.0,0.0,0.0,261,0.0,0.0,-0.0,-30.0,2010-08-10,pass,"counterfactual_common_baseline_relative=max(0,final_yield-null)-I-5N"
LC,Luancheng,2010,DQN,0.0,5000.0,rl_candidate,2010,223,103,0.0,25.5,21.5,52.0,0.0,8046.0,0.0,0.0,260,0.0,0.0,-0.0,-30.0,2010-08-11,pass,"counterfactual_common_baseline_relative=max(0,final_yield-null)-I-5N"
LC,Luancheng,2010,DQN,0.0,5000.0,rl_candidate,2010,224,104,0.2,33.2,20.7,53.0,0.0,8364.0,0.0,0.0,255,0.0,0.0,-0.0,-30.0,2010-08-12,pass,"counterfactual_common_baseline_relative=max(0,final_yield-null)-I-5N"
LC,Luancheng,2010,DQN,0.0,5000.0,rl_candidate,2010,225,105,0.2,28.5,23.8,54.0,0.0,8396.0,0.0,0.0,254,0.0,0.0,-0.0,-30.0,2010-08-13,pass,"counterfactual_common_baseline_relative=max(0,final_yield-null)-I-5N"
LC,Luancheng,2010,DQN,0.0,5000.0,rl_candidate,2010,226,106,0.0,32.1,22.6,55.0,0.0,8603.0,0.0,0.0,251,0.0,0.0,-0.0,-30.0,2010-08-14,pass,"counterfactual_common_baseline_relative=max(0,final_yield-null)-I-5N"
LC,Luancheng,2010,DQN,0.0,5000.0,rl_candidate,2010,227,107,0.0,35.4,16.4,56.0,265.0,8868.0,0.0,0.0,245,0.0,0.0,-0.0,-30.0,2010-08-15,pass,"counterfactual_common_baseline_relative=max(0,final_yield-null)-I-5N"
LC,Luancheng,2010,DQN,0.0,5000.0,rl_candidate,2010,228,108,0.2,33.3,17.8,57.0,530.0,9132.0,0.0,0.0,240,0.0,0.0,-0.0,-30.0,2010-08-16,pass,"counterfactual_common_baseline_relative=max(0,final_yield-null)-I-5N"
LC,Luancheng,2010,DQN,0.0,5000.0,rl_candidate,2010,229,109,0.0,32.5,18.7,58.0,794.0,9397.0,0.0,0.0,235,0.0,0.0,-0.0,-30.0,2010-08-17,pass,"counterfactual_common_baseline_relative=max(0,final_yield-null)-I-5N"
LC,Luancheng,2010,DQN,0.0,5000.0,rl_candidate,2010,230,110,0.0,30.3,21.7,59.0,1059.0,9584.0,0.0,0.0,233,0.0,0.0,-0.0,-30.0,2010-08-18,pass,"counterfactual_common_baseline_relative=max(0,final_yield-null)-I-5N"
LC,Luancheng,2010,DQN,0.0,5000.0,rl_candidate,2010,231,111,0.2,28.0,20.4,60.0,1324.0,9765.0,0.0,0.0,231,0.0,0.0,-0.0,-30.0,2010-08-19,pass,"counterfactual_common_baseline_relative=max(0,final_yield-null)-I-5N"
LC,Luancheng,2010,DQN,0.0,5000.0,rl_candidate,2010,232,112,0.0,26.6,22.5,61.0,1589.0,9859.0,0.0,0.0,230,0.0,0.0,-0.0,-30.0,2010-08-20,pass,"counterfactual_common_baseline_relative=max(0,final_yield-null)-I-5N"
LC,Luancheng,2010,DQN,0.0,5000.0,rl_candidate,2010,233,113,0.2,23.5,19.9,62.0,1854.0,9900.0,0.0,0.0,230,0.0,0.0,-0.0,-30.0,2010-08-21,pass,"counterfactual_common_baseline_relative=max(0,final_yield-null)-I-5N"
LC,Luancheng,2010,DQN,0.0,5000.0,rl_candidate,2010,234,114,0.2,29.8,18.3,63.0,2119.0,10221.0,0.0,0.0,226,0.0,0.0,-0.0,-30.0,2010-08-22,pass,"counterfactual_common_baseline_relative=max(0,final_yield-null)-I-5N"
LC,Luancheng,2010,DQN,0.0,5000.0,rl_candidate,2010,235,115,0.0,27.1,19.5,64.0,2383.0,10397.0,0.0,0.0,223,0.0,0.0,-0.0,-30.0,2010-08-23,pass,"counterfactual_common_baseline_relative=max(0,final_yield-null)-I-5N"
LC,Luancheng,2010,DQN,0.0,5000.0,rl_candidate,2010,236,116,0.2,26.2,18.1,65.0,2648.0,10711.0,0.0,0.0,220,0.0,0.0,-0.0,-30.0,2010-08-24,pass,"counterfactual_common_baseline_relative=max(0,final_yield-null)-I-5N"
LC,Luancheng,2010,DQN,0.0,5000.0,rl_candidate,2010,237,117,0.0,30.2,13.9,66.0,2913.0,11052.0,0.0,0.0,215,0.0,0.0,-0.0,-30.0,2010-08-25,pass,"counterfactual_common_baseline_relative=max(0,final_yield-null)-I-5N"
LC,Luancheng,2010,DQN,0.0,5000.0,rl_candidate,2010,238,118,0.2,30.2,19.9,67.0,3178.0,11335.0,0.0,0.0,212,0.0,0.0,-0.0,-30.0,2010-08-26,pass,"counterfactual_common_baseline_relative=max(0,final_yield-null)-I-5N"
LC,Luancheng,2010,DQN,0.0,5000.0,rl_candidate,2010,239,119,0.2,28.9,17.1,68.0,3443.0,11571.0,0.0,0.0,209,0.0,0.0,-0.0,-30.0,2010-08-27,pass,"counterfactual_common_baseline_relative=max(0,final_yield-null)-I-5N"
LC,Luancheng,2010,DQN,0.0,5000.0,rl_candidate,2010,240,120,0.2,31.2,15.3,69.0,3708.0,11912.0,0.0,0.0,205,0.0,0.0,-0.0,-30.0,2010-08-28,pass,"counterfactual_common_baseline_relative=max(0,final_yield-null)-I-5N"
LC,Luancheng,2010,DQN,0.0,5000.0,rl_candidate,2010,241,121,0.4,32.0,16.2,70.0,3972.0,12248.0,0.0,0.0,200,0.0,0.0,-0.0,-30.0,2010-08-29,pass,"counterfactual_common_baseline_relative=max(0,final_yield-null)-I-5N"
LC,Luancheng,2010,DQN,0.0,5000.0,rl_candidate,2010,242,122,0.2,31.7,18.7,71.0,4237.0,12537.0,0.0,0.0,197,0.0,0.0,-0.0,-30.0,2010-08-30,pass,"counterfactual_common_baseline_relative=max(0,final_yield-null)-I-5N"
LC,Luancheng,2010,DQN,0.0,5000.0,rl_candidate,2010,243,123,0.4,29.3,20.5,72.0,4502.0,12743.0,0.0,0.0,195,0.0,0.0,-0.0,-30.0,2010-08-31,pass,"counterfactual_common_baseline_relative=max(0,final_yield-null)-I-5N"
LC,Luancheng,2010,DQN,0.0,5000.0,rl_candidate,2010,244,124,0.2,28.9,18.1,73.0,4767.0,13034.0,0.0,0.0,191,0.0,0.0,-0.0,-30.0,2010-09-01,pass,"counterfactual_common_baseline_relative=max(0,final_yield-null)-I-5N"
LC,Luancheng,2010,DQN,0.0,5000.0,rl_candidate,2010,245,125,0.2,29.3,19.4,74.0,5032.0,13272.0,0.0,0.0,188,0.0,0.0,-0.0,-30.0,2010-09-02,pass,"counterfactual_common_baseline_relative=max(0,final_yield-null)-I-5N"
LC,Luancheng,2010,DQN,0.0,5000.0,rl_candidate,2010,246,126,0.2,28.3,19.5,75.0,5296.0,13496.0,0.0,0.0,186,0.0,0.0,-0.0,-30.0,2010-09-03,pass,"counterfactual_common_baseline_relative=max(0,final_yield-null)-I-5N"
LC,Luancheng,2010,DQN,0.0,5000.0,rl_candidate,2010,247,127,0.2,28.4,16.7,76.0,5561.0,13748.0,0.0,0.0,183,0.0,0.0,-0.0,-30.0,2010-09-04,pass,"counterfactual_common_baseline_relative=max(0,final_yield-null)-I-5N"
LC,Luancheng,2010,DQN,0.0,5000.0,rl_candidate,2010,248,128,0.0,27.5,19.0,77.0,5826.0,13918.0,0.0,0.0,181,0.0,0.0,-0.0,-30.0,2010-09-05,pass,"counterfactual_common_baseline_relative=max(0,final_yield-null)-I-5N"
LC,Luancheng,2010,DQN,0.0,5000.0,rl_candidate,2010,249,129,0.2,27.1,18.5,78.0,6091.0,14067.0,0.0,0.0,180,0.0,0.0,-0.0,-30.0,2010-09-06,pass,"counterfactual_common_baseline_relative=max(0,final_yield-null)-I-5N"
LC,Luancheng,2010,DQN,0.0,5000.0,rl_candidate,2010,250,130,21.0,24.0,20.4,79.0,6356.0,14146.0,0.0,0.0,200,0.0,0.0,-0.0,-30.0,2010-09-07,pass,"counterfactual_common_baseline_relative=max(0,final_yield-null)-I-5N"
LC,Luancheng,2010,DQN,0.0,5000.0,rl_candidate,2010,251,131,0.2,25.2,19.0,80.0,6621.0,14357.0,0.0,0.0,197,0.0,0.0,-0.0,-30.0,2010-09-08,pass,"counterfactual_common_baseline_relative=max(0,final_yield-null)-I-5N"
LC,Luancheng,2010,DQN,0.0,5000.0,rl_candidate,2010,252,132,0.0,24.7,17.8,81.0,6885.0,14535.0,0.0,0.0,195,0.0,0.0,-0.0,-30.0,2010-09-09,pass,"counterfactual_common_baseline_relative=max(0,final_yield-null)-I-5N"
LC,Luancheng,2010,DQN,0.0,5000.0,rl_candidate,2010,253,133,0.0,31.7,14.2,82.0,7150.0,14843.0,0.0,0.0,221,30.0,0.0,-30.0,-60.0,2010-09-10,pass,"counterfactual_common_baseline_relative=max(0,final_yield-null)-I-5N"
LC,Luancheng,2010,DQN,0.0,5000.0,rl_candidate,2010,254,134,0.0,31.0,15.5,83.0,7415.0,15147.0,0.0,0.0,216,0.0,0.0,-0.0,-60.0,2010-09-11,pass,"counterfactual_common_baseline_relative=max(0,final_yield-null)-I-5N"
LC,Luancheng,2010,DQN,0.0,5000.0,rl_candidate,2010,255,135,0.0,31.9,13.9,84.0,7680.0,15450.0,0.0,0.0,211,0.0,0.0,-0.0,-60.0,2010-09-12,pass,"counterfactual_common_baseline_relative=max(0,final_yield-null)-I-5N"
LC,Luancheng,2010,DQN,0.0,5000.0,rl_candidate,2010,256,136,0.0,31.6,15.5,85.0,7945.0,15730.0,0.0,0.0,207,0.0,0.0,-0.0,-60.0,2010-09-13,pass,"counterfactual_common_baseline_relative=max(0,final_yield-null)-I-5N"
LC,Luancheng,2010,DQN,0.0,5000.0,rl_candidate,2010,257,137,0.0,30.9,17.5,86.0,8210.0,15981.0,0.0,0.0,204,0.0,0.0,-0.0,-60.0,2010-09-14,pass,"counterfactual_common_baseline_relative=max(0,final_yield-null)-I-5N"
LC,Luancheng,2010,DQN,0.0,5000.0,rl_candidate,2010,258,138,0.0,29.4,17.6,87.0,8474.0,16205.0,0.0,0.0,201,0.0,0.0,-0.0,-60.0,2010-09-15,pass,"counterfactual_common_baseline_relative=max(0,final_yield-null)-I-5N"
LC,Luancheng,2010,DQN,0.0,5000.0,rl_candidate,2010,259,139,0.0,28.7,20.9,88.0,8739.0,16377.0,0.0,0.0,198,0.0,0.0,-0.0,-60.0,2010-09-16,pass,"counterfactual_common_baseline_relative=max(0,final_yield-null)-I-5N"
LC,Luancheng,2010,DQN,0.0,5000.0,rl_candidate,2010,260,140,1.6,26.4,15.1,89.0,8739.0,16377.0,0.0,0.0,229,30.0,0.0,-30.0,-90.0,2010-09-17,pass,"counterfactual_common_baseline_relative=max(0,final_yield-null)-I-5N"
LC,Luancheng,2010,DQN,0.0,5000.0,rl_candidate,2010,261,141,2.2,15.4,14.0,90.0,8739.0,16377.0,0.0,0.0,231,0.0,0.0,-0.0,-90.0,2010-09-18,pass,"counterfactual_common_baseline_relative=max(0,final_yield-null)-I-5N"
LC,Luancheng,2010,DQN,0.0,5000.0,rl_candidate,2010,262,142,18.2,20.8,15.2,91.0,8739.0,16377.0,0.0,0.0,245,0.0,0.0,-0.0,-90.0,2010-09-19,pass,"counterfactual_common_baseline_relative=max(0,final_yield-null)-I-5N"
LC,Luancheng,2010,DQN,0.0,5000.0,rl_candidate,2010,263,143,0.0,23.1,16.9,92.0,8739.0,16377.0,0.0,0.0,243,0.0,0.0,-0.0,-90.0,2010-09-20,pass,"counterfactual_common_baseline_relative=max(0,final_yield-null)-I-5N"
LC,Luancheng,2010,DQN,0.0,5000.0,rl_candidate,2010,264,144,9.6,18.7,12.9,93.0,8739.0,16377.0,0.0,0.0,252,0.0,0.0,688.0,598.0,2010-09-21,pass,"counterfactual_common_baseline_relative=max(0,final_yield-null)-I-5N"
SY,Shenyang,2014,DQN,,,null,2014,91,1,0.0,19.2,6.1,0.0,0.0,0.0,0.0,0.0,331,0.0,0.0,-0.0,-0.0,2014-04-01,pass,"counterfactual_common_baseline_relative=max(0,final_yield-null)-I-5N"
SY,Shenyang,2014,DQN,,,null,2014,92,2,0.0,13.4,6.9,0.0,0.0,0.0,0.0,0.0,328,0.0,0.0,-0.0,-0.0,2014-04-02,pass,"counterfactual_common_baseline_relative=max(0,final_yield-null)-I-5N"
SY,Shenyang,2014,DQN,,,null,2014,93,3,0.0,10.1,-1.8,0.0,0.0,0.0,0.0,0.0,326,0.0,0.0,-0.0,-0.0,2014-04-03,pass,"counterfactual_common_baseline_relative=max(0,final_yield-null)-I-5N"
SY,Shenyang,2014,DQN,,,null,2014,94,4,0.0,12.0,-1.7,0.0,0.0,0.0,0.0,0.0,324,0.0,0.0,-0.0,-0.0,2014-04-04,pass,"counterfactual_common_baseline_relative=max(0,final_yield-null)-I-5N"
SY,Shenyang,2014,DQN,,,null,2014,95,5,0.0,8.3,-2.3,0.0,0.0,0.0,0.0,0.0,323,0.0,0.0,-0.0,-0.0,2014-04-05,pass,"counterfactual_common_baseline_relative=max(0,final_yield-null)-I-5N"
SY,Shenyang,2014,DQN,,,null,2014,96,6,0.0,19.8,-2.0,0.0,0.0,0.0,0.0,0.0,322,0.0,0.0,-0.0,-0.0,2014-04-06,pass,"counterfactual_common_baseline_relative=max(0,final_yield-null)-I-5N"
SY,Shenyang,2014,DQN,,,null,2014,97,7,0.0,22.3,2.9,0.0,0.0,0.0,0.0,0.0,321,0.0,0.0,-0.0,-0.0,2014-04-07,pass,"counterfactual_common_baseline_relative=max(0,final_yield-null)-I-5N"
SY,Shenyang,2014,DQN,,,null,2014,98,8,0.0,22.7,1.9,0.0,0.0,0.0,0.0,0.0,320,0.0,0.0,-0.0,-0.0,2014-04-08,pass,"counterfactual_common_baseline_relative=max(0,final_yield-null)-I-5N"
SY,Shenyang,2014,DQN,,,null,2014,99,9,0.0,16.0,10.8,0.0,0.0,0.0,0.0,0.0,319,0.0,0.0,-0.0,-0.0,2014-04-09,pass,"counterfactual_common_baseline_relative=max(0,final_yield-null)-I-5N"
SY,Shenyang,2014,DQN,,,null,2014,100,10,0.0,18.3,2.8,0.0,0.0,0.0,0.0,0.0,319,0.0,0.0,-0.0,-0.0,2014-04-10,pass,"counterfactual_common_baseline_relative=max(0,final_yield-null)-I-5N"
SY,Shenyang,2014,DQN,,,null,2014,101,11,0.0,20.5,1.0,0.0,0.0,0.0,0.0,0.0,318,0.0,0.0,-0.0,-0.0,2014-04-11,pass,"counterfactual_common_baseline_relative=max(0,final_yield-null)-I-5N"
SY,Shenyang,2014,DQN,,,null,2014,102,12,0.0,21.6,3.5,0.0,0.0,0.0,0.0,0.0,317,0.0,0.0,-0.0,-0.0,2014-04-12,pass,"counterfactual_common_baseline_relative=max(0,final_yield-null)-I-5N"
SY,Shenyang,2014,DQN,,,null,2014,103,13,0.0,23.2,2.9,0.0,0.0,0.0,0.0,0.0,317,0.0,0.0,-0.0,-0.0,2014-04-13,pass,"counterfactual_common_baseline_relative=max(0,final_yield-null)-I-5N"
SY,Shenyang,2014,DQN,,,null,2014,104,14,0.0,24.7,4.4,0.0,0.0,0.0,0.0,0.0,316,0.0,0.0,-0.0,-0.0,2014-04-14,pass,"counterfactual_common_baseline_relative=max(0,final_yield-null)-I-5N"
SY,Shenyang,2014,DQN,,,null,2014,105,15,0.0,18.6,8.9,0.0,0.0,0.0,0.0,0.0,316,0.0,0.0,-0.0,-0.0,2014-04-15,pass,"counterfactual_common_baseline_relative=max(0,final_yield-null)-I-5N"
SY,Shenyang,2014,DQN,,,null,2014,106,16,0.0,23.6,-0.1,0.0,0.0,0.0,0.0,0.0,315,0.0,0.0,-0.0,-0.0,2014-04-16,pass,"counterfactual_common_baseline_relative=max(0,final_yield-null)-I-5N"
SY,Shenyang,2014,DQN,,,null,2014,107,17,0.0,19.0,8.4,0.0,0.0,0.0,0.0,0.0,315,0.0,0.0,-0.0,-0.0,2014-04-17,pass,"counterfactual_common_baseline_relative=max(0,final_yield-null)-I-5N"
SY,Shenyang,2014,DQN,,,null,2014,108,18,0.0,18.4,8.7,0.0,0.0,0.0,0.0,0.0,314,0.0,0.0,-0.0,-0.0,2014-04-18,pass,"counterfactual_common_baseline_relative=max(0,final_yield-null)-I-5N"
SY,Shenyang,2014,DQN,,,null,2014,109,19,0.0,19.9,4.0,0.0,0.0,0.0,0.0,0.0,314,0.0,0.0,-0.0,-0.0,2014-04-19,pass,"counterfactual_common_baseline_relative=max(0,final_yield-null)-I-5N"
SY,Shenyang,2014,DQN,,,null,2014,110,20,0.0,18.8,9.8,0.0,0.0,0.0,0.0,0.0,313,0.0,0.0,-0.0,-0.0,2014-04-20,pass,"counterfactual_common_baseline_relative=max(0,final_yield-null)-I-5N"
SY,Shenyang,2014,DQN,,,null,2014,111,21,0.0,21.8,3.8,0.0,0.0,0.0,0.0,0.0,313,0.0,0.0,-0.0,-0.0,2014-04-21,pass,"counterfactual_common_baseline_relative=max(0,final_yield-null)-I-5N"
SY,Shenyang,2014,DQN,,,null,2014,112,22,0.0,25.1,8.5,1.0,0.0,0.0,0.0,0.0,313,0.0,0.0,-0.0,-0.0,2014-04-22,pass,"counterfactual_common_baseline_relative=max(0,final_yield-null)-I-5N"
SY,Shenyang,2014,DQN,,,null,2014,113,23,0.0,26.6,11.5,2.0,0.0,0.0,0.0,0.0,312,0.0,0.0,-0.0,-0.0,2014-04-23,pass,"counterfactual_common_baseline_relative=max(0,final_yield-null)-I-5N"
SY,Shenyang,2014,DQN,,,null,2014,114,24,0.0,24.6,14.6,3.0,0.0,0.0,0.0,0.0,312,0.0,0.0,-0.0,-0.0,2014-04-24,pass,"counterfactual_common_baseline_relative=max(0,final_yield-null)-I-5N"
SY,Shenyang,2014,DQN,,,null,2014,115,25,0.0,27.3,12.9,4.0,0.0,0.0,0.0,0.0,311,0.0,0.0,-0.0,-0.0,2014-04-25,pass,"counterfactual_common_baseline_relative=max(0,final_yield-null)-I-5N"
SY,Shenyang,2014,DQN,,,null,2014,116,26,0.0,21.0,14.3,5.0,0.0,0.0,0.0,0.0,311,0.0,0.0,-0.0,-0.0,2014-04-26,pass,"counterfactual_common_baseline_relative=max(0,final_yield-null)-I-5N"
SY,Shenyang,2014,DQN,,,null,2014,117,27,0.0,20.7,8.6,6.0,0.0,0.0,0.0,0.0,311,0.0,0.0,-0.0,-0.0,2014-04-27,pass,"counterfactual_common_baseline_relative=max(0,final_yield-null)-I-5N"
SY,Shenyang,2014,DQN,,,null,2014,118,28,0.0,24.4,7.0,7.0,0.0,0.0,0.0,0.0,310,0.0,0.0,-0.0,-0.0,2014-04-28,pass,"counterfactual_common_baseline_relative=max(0,final_yield-null)-I-5N"
SY,Shenyang,2014,DQN,,,null,2014,119,29,0.0,26.1,5.6,8.0,0.0,0.0,0.0,0.0,310,0.0,0.0,-0.0,-0.0,2014-04-29,pass,"counterfactual_common_baseline_relative=max(0,final_yield-null)-I-5N"
SY,Shenyang,2014,DQN,,,null,2014,120,30,0.0,28.2,9.4,9.0,0.0,19.0,0.0,0.012,310,0.0,0.0,-0.0,-0.0,2014-04-30,pass,"counterfactual_common_baseline_relative=max(0,final_yield-null)-I-5N"
SY,Shenyang,2014,DQN,,,null,2014,121,31,0.0,28.3,15.1,10.0,0.0,19.0,0.0,0.011,309,0.0,0.0,-0.0,-0.0,2014-05-01,pass,"counterfactual_common_baseline_relative=max(0,final_yield-null)-I-5N"
SY,Shenyang,2014,DQN,,,null,2014,122,32,9.0,22.2,6.1,11.0,0.0,19.0,0.0,0.009,318,0.0,0.0,-0.0,-0.0,2014-05-02,pass,"counterfactual_common_baseline_relative=max(0,final_yield-null)-I-5N"
SY,Shenyang,2014,DQN,,,null,2014,123,33,0.0,22.3,1.7,12.0,0.0,19.0,0.0,0.007,317,0.0,0.0,-0.0,-0.0,2014-05-03,pass,"counterfactual_common_baseline_relative=max(0,final_yield-null)-I-5N"
SY,Shenyang,2014,DQN,,,null,2014,124,34,13.0,15.0,5.4,13.0,0.0,19.0,0.0,0.006,328,0.0,0.0,-0.0,-0.0,2014-05-04,pass,"counterfactual_common_baseline_relative=max(0,final_yield-null)-I-5N"
SY,Shenyang,2014,DQN,,,null,2014,125,35,0.0,14.5,1.8,14.0,0.0,19.0,0.0,0.005,324,0.0,0.0,-0.0,-0.0,2014-05-05,pass,"counterfactual_common_baseline_relative=max(0,final_yield-null)-I-5N"
SY,Shenyang,2014,DQN,,,null,2014,126,36,0.0,19.5,6.2,15.0,0.0,19.0,0.0,0.003,323,0.0,0.0,-0.0,-0.0,2014-05-06,pass,"counterfactual_common_baseline_relative=max(0,final_yield-null)-I-5N"
SY,Shenyang,2014,DQN,,,null,2014,127,37,0.0,13.2,9.8,16.0,0.0,19.0,0.0,0.002,322,0.0,0.0,-0.0,-0.0,2014-05-07,pass,"counterfactual_common_baseline_relative=max(0,final_yield-null)-I-5N"
SY,Shenyang,2014,DQN,,,null,2014,128,38,0.0,20.7,4.0,17.0,0.0,19.0,0.0,0.0,321,0.0,0.0,-0.0,-0.0,2014-05-08,pass,"counterfactual_common_baseline_relative=max(0,final_yield-null)-I-5N"
SY,Shenyang,2014,DQN,,,null,2014,129,39,0.0,21.2,4.7,18.0,0.0,19.0,0.0,0.0,320,0.0,0.0,-0.0,-0.0,2014-05-09,pass,"counterfactual_common_baseline_relative=max(0,final_yield-null)-I-5N"
SY,Shenyang,2014,DQN,,,null,2014,130,40,0.0,26.2,7.3,19.0,0.0,19.0,0.0,0.0,319,0.0,0.0,-0.0,-0.0,2014-05-10,pass,"counterfactual_common_baseline_relative=max(0,final_yield-null)-I-5N"
SY,Shenyang,2014,DQN,,,null,2014,131,41,19.0,20.8,11.4,20.0,0.0,19.0,0.0,0.0,335,0.0,0.0,-0.0,-0.0,2014-05-11,pass,"counterfactual_common_baseline_relative=max(0,final_yield-null)-I-5N"
SY,Shenyang,2014,DQN,,,null,2014,132,42,0.0,18.3,11.0,21.0,0.0,19.0,0.0,0.0,334,0.0,0.0,-0.0,-0.0,2014-05-12,pass,"counterfactual_common_baseline_relative=max(0,final_yield-null)-I-5N"
SY,Shenyang,2014,DQN,,,null,2014,133,43,0.0,25.3,12.1,22.0,0.0,19.0,0.0,0.0,329,0.0,0.0,-0.0,-0.0,2014-05-13,pass,"counterfactual_common_baseline_relative=max(0,final_yield-null)-I-5N"
SY,Shenyang,2014,DQN,,,null,2014,134,44,0.0,22.0,11.4,23.0,0.0,19.0,0.0,0.0,326,0.0,0.0,-0.0,-0.0,2014-05-14,pass,"counterfactual_common_baseline_relative=max(0,final_yield-null)-I-5N"
SY,Shenyang,2014,DQN,,,null,2014,135,45,0.0,22.4,9.9,24.0,0.0,19.0,0.0,0.0,325,0.0,0.0,-0.0,-0.0,2014-05-15,pass,"counterfactual_common_baseline_relative=max(0,final_yield-null)-I-5N"
SY,Shenyang,2014,DQN,,,null,2014,136,46,0.0,24.8,8.5,25.0,0.0,21.0,0.0,0.0,323,0.0,0.0,-0.0,-0.0,2014-05-16,pass,"counterfactual_common_baseline_relative=max(0,final_yield-null)-I-5N"
SY,Shenyang,2014,DQN,,,null,2014,137,47,0.0,24.9,9.4,26.0,0.0,25.0,0.0,0.0,322,0.0,0.0,-0.0,-0.0,2014-05-17,pass,"counterfactual_common_baseline_relative=max(0,final_yield-null)-I-5N"
SY,Shenyang,2014,DQN,,,null,2014,138,48,0.0,27.4,13.6,27.0,0.0,30.0,0.0,0.0,321,0.0,0.0,-0.0,-0.0,2014-05-18,pass,"counterfactual_common_baseline_relative=max(0,final_yield-null)-I-5N"
SY,Shenyang,2014,DQN,,,null,2014,139,49,0.0,22.3,14.6,28.0,0.0,34.0,0.0,0.0,321,0.0,0.0,-0.0,-0.0,2014-05-19,pass,"counterfactual_common_baseline_relative=max(0,final_yield-null)-I-5N"
SY,Shenyang,2014,DQN,,,null,2014,140,50,15.6,19.1,13.1,29.0,0.0,38.0,0.0,0.0,330,0.0,0.0,-0.0,-0.0,2014-05-20,pass,"counterfactual_common_baseline_relative=max(0,final_yield-null)-I-5N"
SY,Shenyang,2014,DQN,,,null,2014,141,51,19.0,28.7,13.1,30.0,0.0,45.0,0.0,0.0,339,0.0,0.0,-0.0,-0.0,2014-05-21,pass,"counterfactual_common_baseline_relative=max(0,final_yield-null)-I-5N"
SY,Shenyang,2014,DQN,,,null,2014,142,52,0.0,31.7,9.7,31.0,0.0,52.0,0.0,0.0,336,0.0,0.0,-0.0,-0.0,2014-05-22,pass,"counterfactual_common_baseline_relative=max(0,final_yield-null)-I-5N"
SY,Shenyang,2014,DQN,,,null,2014,143,53,0.0,30.6,20.0,32.0,0.0,62.0,0.0,0.0,334,0.0,0.0,-0.0,-0.0,2014-05-23,pass,"counterfactual_common_baseline_relative=max(0,final_yield-null)-I-5N"
SY,Shenyang,2014,DQN,,,null,2014,144,54,0.0,25.8,17.2,33.0,0.0,71.0,0.0,0.0,332,0.0,0.0,-0.0,-0.0,2014-05-24,pass,"counterfactual_common_baseline_relative=max(0,final_yield-null)-I-5N"
SY,Shenyang,2014,DQN,,,null,2014,145,55,11.4,19.8,16.4,34.0,0.0,73.0,0.0,0.0,342,0.0,0.0,-0.0,-0.0,2014-05-25,pass,"counterfactual_common_baseline_relative=max(0,final_yield-null)-I-5N"
SY,Shenyang,2014,DQN,,,null,2014,146,56,0.0,27.6,14.0,35.0,0.0,86.0,0.0,0.002,336,0.0,0.0,-0.0,-0.0,2014-05-26,pass,"counterfactual_common_baseline_relative=max(0,final_yield-null)-I-5N"
SY,Shenyang,2014,DQN,,,null,2014,147,57,0.0,31.3,11.7,36.0,0.0,102.0,0.0,0.0,333,0.0,0.0,-0.0,-0.0,2014-05-27,pass,"counterfactual_common_baseline_relative=max(0,final_yield-null)-I-5N"
SY,Shenyang,2014,DQN,,,null,2014,148,58,0.0,29.4,17.0,37.0,0.0,122.0,0.0,0.0,331,0.0,0.0,-0.0,-0.0,2014-05-28,pass,"counterfactual_common_baseline_relative=max(0,final_yield-null)-I-5N"
SY,Shenyang,2014,DQN,,,null,2014,149,59,0.0,31.6,19.2,38.0,0.0,148.0,0.0,0.0,329,0.0,0.0,-0.0,-0.0,2014-05-29,pass,"counterfactual_common_baseline_relative=max(0,final_yield-null)-I-5N"
SY,Shenyang,2014,DQN,,,null,2014,150,60,0.0,33.9,15.9,39.0,0.0,177.0,0.0,0.0,326,0.0,0.0,-0.0,-0.0,2014-05-30,pass,"counterfactual_common_baseline_relative=max(0,final_yield-null)-I-5N"
SY,Shenyang,2014,DQN,,,null,2014,151,61,0.0,35.8,19.6,40.0,0.0,215.0,0.0,0.0,324,0.0,0.0,-0.0,-0.0,2014-05-31,pass,"counterfactual_common_baseline_relative=max(0,final_yield-null)-I-5N"
SY,Shenyang,2014,DQN,,,null,2014,152,62,0.0,32.1,21.0,41.0,0.0,254.0,0.0,0.0,323,0.0,0.0,-0.0,-0.0,2014-06-01,pass,"counterfactual_common_baseline_relative=max(0,final_yield-null)-I-5N"
SY,Shenyang,2014,DQN,,,null,2014,153,63,6.8,28.8,18.4,42.0,0.0,289.0,0.0,0.0,325,0.0,0.0,-0.0,-0.0,2014-06-02,pass,"counterfactual_common_baseline_relative=max(0,final_yield-null)-I-5N"
SY,Shenyang,2014,DQN,,,null,2014,154,64,0.0,30.2,17.0,43.0,0.0,330.0,0.0,0.0,322,0.0,0.0,-0.0,-0.0,2014-06-03,pass,"counterfactual_common_baseline_relative=max(0,final_yield-null)-I-5N"
SY,Shenyang,2014,DQN,,,null,2014,155,65,0.0,30.4,19.1,44.0,0.0,378.0,0.0,0.0,319,0.0,0.0,-0.0,-0.0,2014-06-04,pass,"counterfactual_common_baseline_relative=max(0,final_yield-null)-I-5N"
SY,Shenyang,2014,DQN,,,null,2014,156,66,0.0,30.2,21.6,45.0,0.0,429.0,0.0,0.029,317,0.0,0.0,-0.0,-0.0,2014-06-05,pass,"counterfactual_common_baseline_relative=max(0,final_yield-null)-I-5N"
SY,Shenyang,2014,DQN,,,null,2014,157,67,0.0,27.4,19.5,46.0,0.0,471.0,0.0,0.066,314,0.0,0.0,-0.0,-0.0,2014-06-06,pass,"counterfactual_common_baseline_relative=max(0,final_yield-null)-I-5N"
SY,Shenyang,2014,DQN,,,null,2014,158,68,0.0,23.4,17.9,47.0,0.0,504.0,0.0,0.093,313,0.0,0.0,-0.0,-0.0,2014-06-07,pass,"counterfactual_common_baseline_relative=max(0,final_yield-null)-I-5N"
SY,Shenyang,2014,DQN,,,null,2014,159,69,8.7,24.5,16.2,48.0,0.0,539.0,0.0,0.1,318,0.0,0.0,-0.0,-0.0,2014-06-08,pass,"counterfactual_common_baseline_relative=max(0,final_yield-null)-I-5N"
SY,Shenyang,2014,DQN,,,null,2014,160,70,2.2,25.5,16.2,49.0,0.0,582.0,0.0,0.104,316,0.0,0.0,-0.0,-0.0,2014-06-09,pass,"counterfactual_common_baseline_relative=max(0,final_yield-null)-I-5N"
SY,Shenyang,2014,DQN,,,null,2014,161,71,0.0,26.0,16.4,50.0,0.0,627.0,0.0,0.113,312,0.0,0.0,-0.0,-0.0,2014-06-10,pass,"counterfactual_common_baseline_relative=max(0,final_yield-null)-I-5N"
SY,Shenyang,2014,DQN,,,null,2014,162,72,0.0,25.6,14.1,51.0,0.0,665.0,0.0,0.134,309,0.0,0.0,-0.0,-0.0,2014-06-11,pass,"counterfactual_common_baseline_relative=max(0,final_yield-null)-I-5N"
SY,Shenyang,2014,DQN,,,null,2014,163,73,0.0,27.7,15.0,52.0,0.0,707.0,0.0,0.152,305,0.0,0.0,-0.0,-0.0,2014-06-12,pass,"counterfactual_common_baseline_relative=max(0,final_yield-null)-I-5N"
SY,Shenyang,2014,DQN,,,null,2014,164,74,0.0,28.0,16.0,53.0,0.0,750.0,0.0,0.164,301,0.0,0.0,-0.0,-0.0,2014-06-13,pass,"counterfactual_common_baseline_relative=max(0,final_yield-null)-I-5N"
SY,Shenyang,2014,DQN,,,null,2014,165,75,0.0,31.1,14.7,54.0,0.0,795.0,0.0,0.176,297,0.0,0.0,-0.0,-0.0,2014-06-14,pass,"counterfactual_common_baseline_relative=max(0,final_yield-null)-I-5N"
SY,Shenyang,2014,DQN,,,null,2014,166,76,0.0,32.3,19.3,55.0,0.0,849.0,0.0,0.186,293,0.0,0.0,-0.0,-0.0,2014-06-15,pass,"counterfactual_common_baseline_relative=max(0,final_yield-null)-I-5N"
SY,Shenyang,2014,DQN,,,null,2014,167,77,0.0,30.7,19.4,56.0,0.0,900.0,0.0,0.195,290,0.0,0.0,-0.0,-0.0,2014-06-16,pass,"counterfactual_common_baseline_relative=max(0,final_yield-null)-I-5N"
SY,Shenyang,2014,DQN,,,null,2014,168,78,5.7,27.9,18.7,57.0,0.0,946.0,0.0,0.218,294,0.0,0.0,-0.0,-0.0,2014-06-17,pass,"counterfactual_common_baseline_relative=max(0,final_yield-null)-I-5N"
SY,Shenyang,2014,DQN,,,null,2014,169,79,9.4,25.0,16.7,58.0,0.0,985.0,0.0,0.244,301,0.0,0.0,-0.0,-0.0,2014-06-18,pass,"counterfactual_common_baseline_relative=max(0,final_yield-null)-I-5N"
SY,Shenyang,2014,DQN,,,null,2014,170,80,0.0,27.4,16.7,59.0,0.0,1027.0,0.0,0.26,296,0.0,0.0,-0.0,-0.0,2014-06-19,pass,"counterfactual_common_baseline_relative=max(0,final_yield-null)-I-5N"
SY,Shenyang,2014,DQN,,,null,2014,171,81,2.6,27.1,17.8,60.0,0.0,1072.0,0.0,0.27,296,0.0,0.0,-0.0,-0.0,2014-06-20,pass,"counterfactual_common_baseline_relative=max(0,final_yield-null)-I-5N"
SY,Shenyang,2014,DQN,,,null,2014,172,82,0.0,28.0,18.0,61.0,0.0,1119.0,0.0,0.281,290,0.0,0.0,-0.0,-0.0,2014-06-21,pass,"counterfactual_common_baseline_relative=max(0,final_yield-null)-I-5N"
SY,Shenyang,2014,DQN,,,null,2014,173,83,38.3,27.8,15.9,62.0,0.0,1164.0,0.0,0.294,314,0.0,0.0,-0.0,-0.0,2014-06-22,pass,"counterfactual_common_baseline_relative=max(0,final_yield-null)-I-5N"
SY,Shenyang,2014,DQN,,,null,2014,174,84,0.0,29.4,15.3,63.0,0.0,1210.0,0.0,0.309,308,0.0,0.0,-0.0,-0.0,2014-06-23,pass,"counterfactual_common_baseline_relative=max(0,final_yield-null)-I-5N"
SY,Shenyang,2014,DQN,,,null,2014,175,85,0.0,31.1,16.2,64.0,0.0,1263.0,0.0,0.319,302,0.0,0.0,-0.0,-0.0,2014-06-24,pass,"counterfactual_common_baseline_relative=max(0,final_yield-null)-I-5N"
SY,Shenyang,2014,DQN,,,null,2014,176,86,0.0,30.0,20.2,65.0,0.0,1322.0,0.0,0.33,296,0.0,0.0,-0.0,-0.0,2014-06-25,pass,"counterfactual_common_baseline_relative=max(0,final_yield-null)-I-5N"
SY,Shenyang,2014,DQN,,,null,2014,177,87,0.0,25.3,20.8,66.0,0.0,1374.0,0.0,0.342,294,0.0,0.0,-0.0,-0.0,2014-06-26,pass,"counterfactual_common_baseline_relative=max(0,final_yield-null)-I-5N"
SY,Shenyang,2014,DQN,,,null,2014,178,88,3.4,24.6,19.8,67.0,0.0,1425.0,0.0,0.355,295,0.0,0.0,-0.0,-0.0,2014-06-27,pass,"counterfactual_common_baseline_relative=max(0,final_yield-null)-I-5N"
SY,Shenyang,2014,DQN,,,null,2014,179,89,15.6,26.6,17.2,68.0,0.0,1476.0,0.0,0.362,305,0.0,0.0,-0.0,-0.0,2014-06-28,pass,"counterfactual_common_baseline_relative=max(0,final_yield-null)-I-5N"
SY,Shenyang,2014,DQN,,,null,2014,180,90,0.0,29.3,18.5,69.0,0.0,1536.0,0.0,0.368,300,0.0,0.0,-0.0,-0.0,2014-06-29,pass,"counterfactual_common_baseline_relative=max(0,final_yield-null)-I-5N"
SY,Shenyang,2014,DQN,,,null,2014,181,91,0.0,32.3,18.9,70.0,0.0,1606.0,0.0,0.372,294,0.0,0.0,-0.0,-0.0,2014-06-30,pass,"counterfactual_common_baseline_relative=max(0,final_yield-null)-I-5N"
SY,Shenyang,2014,DQN,,,null,2014,182,92,0.0,30.7,20.6,71.0,0.0,1678.0,0.0,0.379,288,0.0,0.0,-0.0,-0.0,2014-07-01,pass,"counterfactual_common_baseline_relative=max(0,final_yield-null)-I-5N"
SY,Shenyang,2014,DQN,,,null,2014,183,93,0.0,30.9,18.5,72.0,0.0,1826.0,0.0,0.39,283,0.0,0.0,-0.0,-0.0,2014-07-02,pass,"counterfactual_common_baseline_relative=max(0,final_yield-null)-I-5N"
SY,Shenyang,2014,DQN,,,null,2014,184,94,0.0,27.8,20.8,73.0,0.0,1918.0,0.0,0.399,280,0.0,0.0,-0.0,-0.0,2014-07-03,pass,"counterfactual_common_baseline_relative=max(0,final_yield-null)-I-5N"
SY,Shenyang,2014,DQN,,,null,2014,185,95,0.0,30.3,21.7,74.0,0.0,2000.0,0.0,0.431,276,0.0,0.0,-0.0,-0.0,2014-07-04,pass,"counterfactual_common_baseline_relative=max(0,final_yield-null)-I-5N"
SY,Shenyang,2014,DQN,,,null,2014,186,96,0.0,31.5,20.1,75.0,0.0,2075.0,0.0,0.439,272,0.0,0.0,-0.0,-0.0,2014-07-05,pass,"counterfactual_common_baseline_relative=max(0,final_yield-null)-I-5N"
SY,Shenyang,2014,DQN,,,null,2014,187,97,0.0,29.7,20.6,76.0,0.0,2142.0,0.0,0.442,268,0.0,0.0,-0.0,-0.0,2014-07-06,pass,"counterfactual_common_baseline_relative=max(0,final_yield-null)-I-5N"
SY,Shenyang,2014,DQN,,,null,2014,188,98,0.0,30.7,19.3,77.0,0.0,2207.0,0.0,0.442,264,0.0,0.0,-0.0,-0.0,2014-07-07,pass,"counterfactual_common_baseline_relative=max(0,final_yield-null)-I-5N"
SY,Shenyang,2014,DQN,,,null,2014,189,99,0.0,28.4,20.6,78.0,0.0,2262.0,0.0,0.44,262,0.0,0.0,-0.0,-0.0,2014-07-08,pass,"counterfactual_common_baseline_relative=max(0,final_yield-null)-I-5N"
SY,Shenyang,2014,DQN,,,null,2014,190,100,2.5,30.3,20.8,79.0,0.0,2328.0,0.0,0.436,260,0.0,0.0,-0.0,-0.0,2014-07-09,pass,"counterfactual_common_baseline_relative=max(0,final_yield-null)-I-5N"
SY,Shenyang,2014,DQN,,,null,2014,191,101,0.0,30.1,16.1,80.0,0.0,2384.0,0.0,0.431,256,0.0,0.0,-0.0,-0.0,2014-07-10,pass,"counterfactual_common_baseline_relative=max(0,final_yield-null)-I-5N"
SY,Shenyang,2014,DQN,,,null,2014,192,102,0.0,29.1,18.2,81.0,0.0,2442.0,0.0,0.427,252,0.0,0.0,-0.0,-0.0,2014-07-11,pass,"counterfactual_common_baseline_relative=max(0,final_yield-null)-I-5N"
SY,Shenyang,2014,DQN,,,null,2014,193,103,0.0,30.1,17.2,82.0,0.0,2499.0,0.0,0.424,248,0.0,0.0,-0.0,-0.0,2014-07-12,pass,"counterfactual_common_baseline_relative=max(0,final_yield-null)-I-5N"
SY,Shenyang,2014,DQN,,,null,2014,194,104,0.0,30.7,17.6,83.0,0.0,2559.0,0.0,0.421,245,0.0,0.0,-0.0,-0.0,2014-07-13,pass,"counterfactual_common_baseline_relative=max(0,final_yield-null)-I-5N"
SY,Shenyang,2014,DQN,,,null,2014,195,105,0.0,33.3,18.3,84.0,0.0,2626.0,0.0,0.417,241,0.0,0.0,-0.0,-0.0,2014-07-14,pass,"counterfactual_common_baseline_relative=max(0,final_yield-null)-I-5N"
SY,Shenyang,2014,DQN,,,null,2014,196,106,0.0,31.1,21.7,85.0,0.0,2697.0,0.0,0.411,238,0.0,0.0,-0.0,-0.0,2014-07-15,pass,"counterfactual_common_baseline_relative=max(0,final_yield-null)-I-5N"
SY,Shenyang,2014,DQN,,,null,2014,197,107,18.6,30.3,19.0,86.0,0.0,2762.0,0.0,0.404,251,0.0,0.0,-0.0,-0.0,2014-07-16,pass,"counterfactual_common_baseline_relative=max(0,final_yield-null)-I-5N"
SY,Shenyang,2014,DQN,,,null,2014,198,108,20.8,29.2,19.4,87.0,0.0,2826.0,0.0,0.399,263,0.0,0.0,-0.0,-0.0,2014-07-17,pass,"counterfactual_common_baseline_relative=max(0,final_yield-null)-I-5N"
SY,Shenyang,2014,DQN,,,null,2014,199,109,0.0,29.9,22.0,88.0,0.0,2899.0,0.0,0.388,259,0.0,0.0,-0.0,-0.0,2014-07-18,pass,"counterfactual_common_baseline_relative=max(0,final_yield-null)-I-5N"
SY,Shenyang,2014,DQN,,,null,2014,200,110,0.0,32.0,24.0,89.0,0.0,2966.0,0.0,0.386,256,0.0,0.0,-0.0,-0.0,2014-07-19,pass,"counterfactual_common_baseline_relative=max(0,final_yield-null)-I-5N"
SY,Shenyang,2014,DQN,,,null,2014,201,111,0.0,32.4,24.7,90.0,0.0,3059.0,0.0,0.371,250,0.0,0.0,-0.0,-0.0,2014-07-20,pass,"counterfactual_common_baseline_relative=max(0,final_yield-null)-I-5N"
SY,Shenyang,2014,DQN,,,null,2014,202,112,35.8,29.5,21.5,91.0,0.0,3069.0,0.0,0.366,274,0.0,0.0,-0.0,-0.0,2014-07-21,pass,"counterfactual_common_baseline_relative=max(0,final_yield-null)-I-5N"
SY,Shenyang,2014,DQN,,,null,2014,203,113,0.0,28.0,19.6,92.0,0.0,3118.0,0.0,0.366,271,0.0,0.0,-0.0,-0.0,2014-07-22,pass,"counterfactual_common_baseline_relative=max(0,final_yield-null)-I-5N"
SY,Shenyang,2014,DQN,,,null,2014,204,114,0.0,30.4,21.7,93.0,0.0,3204.0,0.0,0.348,266,0.0,0.0,-0.0,-0.0,2014-07-23,pass,"counterfactual_common_baseline_relative=max(0,final_yield-null)-I-5N"
SY,Shenyang,2014,DQN,,,null,2014,205,115,0.0,29.7,20.5,94.0,0.0,3259.0,0.0,0.339,263,0.0,0.0,-0.0,-0.0,2014-07-24,pass,"counterfactual_common_baseline_relative=max(0,final_yield-null)-I-5N"
SY,Shenyang,2014,DQN,,,null,2014,206,116,0.0,25.3,19.1,95.0,0.0,3269.0,0.0,0.337,261,0.0,0.0,-0.0,-0.0,2014-07-25,pass,"counterfactual_common_baseline_relative=max(0,final_yield-null)-I-5N"
SY,Shenyang,2014,DQN,,,null,2014,207,117,0.0,27.9,18.1,96.0,0.0,3358.0,0.0,0.327,257,0.0,0.0,-0.0,-0.0,2014-07-26,pass,"counterfactual_common_baseline_relative=max(0,final_yield-null)-I-5N"
SY,Shenyang,2014,DQN,,,null,2014,208,118,0.0,30.5,16.4,97.0,0.0,3446.0,0.0,0.307,253,0.0,0.0,-0.0,-0.0,2014-07-27,pass,"counterfactual_common_baseline_relative=max(0,final_yield-null)-I-5N"
SY,Shenyang,2014,DQN,,,null,2014,209,119,0.0,30.2,18.9,98.0,0.0,3518.0,0.0,0.302,250,0.0,0.0,-0.0,-0.0,2014-07-28,pass,"counterfactual_common_baseline_relative=max(0,final_yield-null)-I-5N"
SY,Shenyang,2014,DQN,,,null,2014,210,120,0.0,29.6,21.3,99.0,119.0,3620.0,0.0,0.292,248,0.0,0.0,-0.0,-0.0,2014-07-29,pass,"counterfactual_common_baseline_relative=max(0,final_yield-null)-I-5N"
SY,Shenyang,2014,DQN,,,null,2014,211,121,0.0,27.7,18.7,100.0,193.0,3692.0,0.0,0.323,246,0.0,0.0,-0.0,-0.0,2014-07-30,pass,"counterfactual_common_baseline_relative=max(0,final_yield-null)-I-5N"
SY,Shenyang,2014,DQN,,,null,2014,212,122,0.0,31.2,18.1,101.0,267.0,3782.0,0.0,0.316,243,0.0,0.0,-0.0,-0.0,2014-07-31,pass,"counterfactual_common_baseline_relative=max(0,final_yield-null)-I-5N"
SY,Shenyang,2014,DQN,,,null,2014,213,123,0.0,32.4,23.7,102.0,332.0,3850.0,0.0,0.312,241,0.0,0.0,-0.0,-0.0,2014-08-01,pass,"counterfactual_common_baseline_relative=max(0,final_yield-null)-I-5N"
SY,Shenyang,2014,DQN,,,null,2014,214,124,0.0,33.9,22.2,103.0,396.0,3914.0,0.0,0.312,238,0.0,0.0,-0.0,-0.0,2014-08-02,pass,"counterfactual_common_baseline_relative=max(0,final_yield-null)-I-5N"
SY,Shenyang,2014,DQN,,,null,2014,215,125,0.0,32.8,21.8,104.0,468.0,3986.0,0.0,0.309,236,0.0,0.0,-0.0,-0.0,2014-08-03,pass,"counterfactual_common_baseline_relative=max(0,final_yield-null)-I-5N"
SY,Shenyang,2014,DQN,,,null,2014,216,126,0.0,29.3,21.5,105.0,542.0,4060.0,0.0,0.308,234,0.0,0.0,-0.0,-0.0,2014-08-04,pass,"counterfactual_common_baseline_relative=max(0,final_yield-null)-I-5N"
SY,Shenyang,2014,DQN,,,null,2014,217,127,0.0,29.6,16.1,106.0,616.0,4134.0,0.0,0.31,232,0.0,0.0,-0.0,-0.0,2014-08-05,pass,"counterfactual_common_baseline_relative=max(0,final_yield-null)-I-5N"
SY,Shenyang,2014,DQN,,,null,2014,218,128,0.0,29.5,18.4,107.0,691.0,4208.0,0.0,0.311,229,0.0,0.0,-0.0,-0.0,2014-08-06,pass,"counterfactual_common_baseline_relative=max(0,final_yield-null)-I-5N"
SY,Shenyang,2014,DQN,,,null,2014,219,129,0.0,29.5,15.6,108.0,765.0,4282.0,0.0,0.314,227,0.0,0.0,-0.0,-0.0,2014-08-07,pass,"counterfactual_common_baseline_relative=max(0,final_yield-null)-I-5N"
SY,Shenyang,2014,DQN,,,null,2014,220,130,0.0,30.8,15.0,109.0,839.0,4357.0,0.0,0.317,225,0.0,0.0,-0.0,-0.0,2014-08-08,pass,"counterfactual_common_baseline_relative=max(0,final_yield-null)-I-5N"
SY,Shenyang,2014,DQN,,,null,2014,221,131,0.0,30.8,17.1,110.0,913.0,4431.0,0.0,0.321,223,0.0,0.0,-0.0,-0.0,2014-08-09,pass,"counterfactual_common_baseline_relative=max(0,final_yield-null)-I-5N"
SY,Shenyang,2014,DQN,,,null,2014,222,132,0.0,29.9,17.3,111.0,987.0,4505.0,0.0,0.326,221,0.0,0.0,-0.0,-0.0,2014-08-10,pass,"counterfactual_common_baseline_relative=max(0,final_yield-null)-I-5N"
SY,Shenyang,2014,DQN,,,null,2014,223,133,0.0,29.8,17.8,112.0,1062.0,4571.0,0.0,0.331,220,0.0,0.0,-0.0,-0.0,2014-08-11,pass,"counterfactual_common_baseline_relative=max(0,final_yield-null)-I-5N"
SY,Shenyang,2014,DQN,,,null,2014,224,134,0.0,29.7,17.2,113.0,1136.0,4654.0,0.0,0.337,218,0.0,0.0,-0.0,-0.0,2014-08-12,pass,"counterfactual_common_baseline_relative=max(0,final_yield-null)-I-5N"
SY,Shenyang,2014,DQN,,,null,2014,225,135,0.0,30.8,14.2,114.0,1210.0,4728.0,0.0,0.341,216,0.0,0.0,-0.0,-0.0,2014-08-13,pass,"counterfactual_common_baseline_relative=max(0,final_yield-null)-I-5N"
SY,Shenyang,2014,DQN,,,null,2014,226,136,5.0,28.4,17.6,115.0,1284.0,4776.0,0.0,0.351,218,0.0,0.0,-0.0,-0.0,2014-08-14,pass,"counterfactual_common_baseline_relative=max(0,final_yield-null)-I-5N"
SY,Shenyang,2014,DQN,,,null,2014,227,137,0.0,29.3,18.4,116.0,1359.0,4838.0,0.0,0.358,216,0.0,0.0,-0.0,-0.0,2014-08-15,pass,"counterfactual_common_baseline_relative=max(0,final_yield-null)-I-5N"
SY,Shenyang,2014,DQN,,,null,2014,228,138,0.0,30.3,18.9,117.0,1433.0,4912.0,0.0,0.356,214,0.0,0.0,-0.0,-0.0,2014-08-16,pass,"counterfactual_common_baseline_relative=max(0,final_yield-null)-I-5N"
SY,Shenyang,2014,DQN,,,null,2014,229,139,25.8,30.5,18.0,118.0,1507.0,4957.0,0.0,0.359,232,0.0,0.0,-0.0,-0.0,2014-08-17,pass,"counterfactual_common_baseline_relative=max(0,final_yield-null)-I-5N"
SY,Shenyang,2014,DQN,,,null,2014,230,140,0.0,28.8,18.3,119.0,1581.0,4997.0,0.0,0.367,229,0.0,0.0,-0.0,-0.0,2014-08-18,pass,"counterfactual_common_baseline_relative=max(0,final_yield-null)-I-5N"
SY,Shenyang,2014,DQN,,,null,2014,231,141,0.0,30.6,17.2,120.0,1655.0,5059.0,0.0,0.369,225,0.0,0.0,-0.0,-0.0,2014-08-19,pass,"counterfactual_common_baseline_relative=max(0,final_yield-null)-I-5N"
SY,Shenyang,2014,DQN,,,null,2014,232,142,0.0,32.6,18.3,121.0,1730.0,5122.0,0.0,0.365,222,0.0,0.0,-0.0,-0.0,2014-08-20,pass,"counterfactual_common_baseline_relative=max(0,final_yield-null)-I-5N"
SY,Shenyang,2014,DQN,,,null,2014,233,143,0.0,27.9,19.7,122.0,1804.0,5154.0,0.0,0.37,220,0.0,0.0,-0.0,-0.0,2014-08-21,pass,"counterfactual_common_baseline_relative=max(0,final_yield-null)-I-5N"
SY,Shenyang,2014,DQN,,,null,2014,234,144,0.0,31.3,19.9,123.0,1878.0,5199.0,0.0,0.374,218,0.0,0.0,-0.0,-0.0,2014-08-22,pass,"counterfactual_common_baseline_relative=max(0,final_yield-null)-I-5N"
SY,Shenyang,2014,DQN,,,null,2014,235,145,3.5,27.2,20.7,124.0,1952.0,5224.0,0.0,0.367,219,0.0,0.0,-0.0,-0.0,2014-08-23,pass,"counterfactual_common_baseline_relative=max(0,final_yield-null)-I-5N"
SY,Shenyang,2014,DQN,,,null,2014,236,146,5.6,28.6,19.5,125.0,2027.0,5256.0,0.0,0.366,222,0.0,0.0,-0.0,-0.0,2014-08-24,pass,"counterfactual_common_baseline_relative=max(0,final_yield-null)-I-5N"
SY,Shenyang,2014,DQN,,,null,2014,237,147,0.0,24.2,19.6,126.0,2101.0,5275.0,0.0,0.358,221,0.0,0.0,-0.0,-0.0,2014-08-25,pass,"counterfactual_common_baseline_relative=max(0,final_yield-null)-I-5N"
SY,Shenyang,2014,DQN,,,null,2014,238,148,0.0,29.4,17.3,127.0,2175.0,5332.0,0.0,0.356,218,0.0,0.0,-0.0,-0.0,2014-08-26,pass,"counterfactual_common_baseline_relative=max(0,final_yield-null)-I-5N"
SY,Shenyang,2014,DQN,,,null,2014,239,149,0.0,30.5,15.5,128.0,2249.0,5385.0,0.0,0.347,216,0.0,0.0,-0.0,-0.0,2014-08-27,pass,"counterfactual_common_baseline_relative=max(0,final_yield-null)-I-5N"
SY,Shenyang,2014,DQN,,,null,2014,240,150,0.0,29.5,17.7,129.0,2323.0,5426.0,0.0,0.358,214,0.0,0.0,-0.0,-0.0,2014-08-28,pass,"counterfactual_common_baseline_relative=max(0,final_yield-null)-I-5N"
SY,Shenyang,2014,DQN,,,null,2014,241,151,0.0,30.2,17.0,130.0,2398.0,5466.0,0.0,0.367,212,0.0,0.0,-0.0,-0.0,2014-08-29,pass,"counterfactual_common_baseline_relative=max(0,final_yield-null)-I-5N"
SY,Shenyang,2014,DQN,,,null,2014,242,152,0.0,30.6,15.5,131.0,2472.0,5514.0,0.0,0.371,211,0.0,0.0,-0.0,-0.0,2014-08-30,pass,"counterfactual_common_baseline_relative=max(0,final_yield-null)-I-5N"
SY,Shenyang,2014,DQN,,,null,2014,243,153,0.0,31.1,16.4,132.0,2546.0,5551.0,0.0,0.373,209,0.0,0.0,-0.0,-0.0,2014-08-31,pass,"counterfactual_common_baseline_relative=max(0,final_yield-null)-I-5N"
SY,Shenyang,2014,DQN,,,null,2014,244,154,0.0,30.8,15.8,133.0,2620.0,5591.0,0.0,0.38,208,0.0,0.0,-0.0,-0.0,2014-09-01,pass,"counterfactual_common_baseline_relative=max(0,final_yield-null)-I-5N"
SY,Shenyang,2014,DQN,,,null,2014,245,155,0.0,29.4,17.1,134.0,2694.0,5620.0,0.0,0.381,207,0.0,0.0,-0.0,-0.0,2014-09-02,pass,"counterfactual_common_baseline_relative=max(0,final_yield-null)-I-5N"
SY,Shenyang,2014,DQN,,,null,2014,246,156,0.0,24.8,15.1,135.0,2769.0,5648.0,0.0,0.388,206,0.0,0.0,-0.0,-0.0,2014-09-03,pass,"counterfactual_common_baseline_relative=max(0,final_yield-null)-I-5N"
SY,Shenyang,2014,DQN,,,null,2014,247,157,23.2,28.4,12.4,136.0,2769.0,5648.0,0.0,0.389,222,0.0,0.0,-0.0,-0.0,2014-09-04,pass,"counterfactual_common_baseline_relative=max(0,final_yield-null)-I-5N"
SY,Shenyang,2014,DQN,,,null,2014,248,158,0.0,27.2,10.3,137.0,2769.0,5648.0,0.0,0.389,218,0.0,0.0,-0.0,-0.0,2014-09-05,pass,"counterfactual_common_baseline_relative=max(0,final_yield-null)-I-5N"
SY,Shenyang,2014,DQN,,,null,2014,249,159,0.0,30.4,12.9,138.0,2769.0,5648.0,0.0,0.389,215,0.0,0.0,-0.0,-0.0,2014-09-06,pass,"counterfactual_common_baseline_relative=max(0,final_yield-null)-I-5N"
SY,Shenyang,2014,DQN,,,null,2014,250,160,0.0,29.2,14.9,139.0,2769.0,5648.0,0.0,0.389,213,0.0,0.0,0.0,0.0,2014-09-07,pass,"counterfactual_common_baseline_relative=max(0,final_yield-null)-I-5N"
SY,Shenyang,2014,DQN,,,recorded_farmer,2014,91,1,0.0,19.2,6.1,0.0,0.0,0.0,0.0,0.0,331,0.0,0.0,-0.0,-0.0,2014-04-01,pass,"counterfactual_common_baseline_relative=max(0,final_yield-null)-I-5N"
SY,Shenyang,2014,DQN,,,recorded_farmer,2014,92,2,0.0,13.4,6.9,0.0,0.0,0.0,0.0,0.0,328,0.0,0.0,-0.0,-0.0,2014-04-02,pass,"counterfactual_common_baseline_relative=max(0,final_yield-null)-I-5N"
SY,Shenyang,2014,DQN,,,recorded_farmer,2014,93,3,0.0,10.1,-1.8,0.0,0.0,0.0,0.0,0.0,326,0.0,0.0,-0.0,-0.0,2014-04-03,pass,"counterfactual_common_baseline_relative=max(0,final_yield-null)-I-5N"
SY,Shenyang,2014,DQN,,,recorded_farmer,2014,94,4,0.0,12.0,-1.7,0.0,0.0,0.0,0.0,0.0,324,0.0,0.0,-0.0,-0.0,2014-04-04,pass,"counterfactual_common_baseline_relative=max(0,final_yield-null)-I-5N"
SY,Shenyang,2014,DQN,,,recorded_farmer,2014,95,5,0.0,8.3,-2.3,0.0,0.0,0.0,0.0,0.0,323,0.0,0.0,-0.0,-0.0,2014-04-05,pass,"counterfactual_common_baseline_relative=max(0,final_yield-null)-I-5N"
SY,Shenyang,2014,DQN,,,recorded_farmer,2014,96,6,0.0,19.8,-2.0,0.0,0.0,0.0,0.0,0.0,322,0.0,0.0,-0.0,-0.0,2014-04-06,pass,"counterfactual_common_baseline_relative=max(0,final_yield-null)-I-5N"
SY,Shenyang,2014,DQN,,,recorded_farmer,2014,97,7,0.0,22.3,2.9,0.0,0.0,0.0,0.0,0.0,321,0.0,0.0,-0.0,-0.0,2014-04-07,pass,"counterfactual_common_baseline_relative=max(0,final_yield-null)-I-5N"
SY,Shenyang,2014,DQN,,,recorded_farmer,2014,98,8,0.0,22.7,1.9,0.0,0.0,0.0,0.0,0.0,320,0.0,0.0,-0.0,-0.0,2014-04-08,pass,"counterfactual_common_baseline_relative=max(0,final_yield-null)-I-5N"
SY,Shenyang,2014,DQN,,,recorded_farmer,2014,99,9,0.0,16.0,10.8,0.0,0.0,0.0,0.0,0.0,319,0.0,0.0,-0.0,-0.0,2014-04-09,pass,"counterfactual_common_baseline_relative=max(0,final_yield-null)-I-5N"
SY,Shenyang,2014,DQN,,,recorded_farmer,2014,100,10,0.0,18.3,2.8,0.0,0.0,0.0,0.0,0.0,319,0.0,0.0,-0.0,-0.0,2014-04-10,pass,"counterfactual_common_baseline_relative=max(0,final_yield-null)-I-5N"
SY,Shenyang,2014,DQN,,,recorded_farmer,2014,101,11,0.0,20.5,1.0,0.0,0.0,0.0,0.0,0.0,318,0.0,0.0,-0.0,-0.0,2014-04-11,pass,"counterfactual_common_baseline_relative=max(0,final_yield-null)-I-5N"
SY,Shenyang,2014,DQN,,,recorded_farmer,2014,102,12,0.0,21.6,3.5,0.0,0.0,0.0,0.0,0.0,317,0.0,0.0,-0.0,-0.0,2014-04-12,pass,"counterfactual_common_baseline_relative=max(0,final_yield-null)-I-5N"
SY,Shenyang,2014,DQN,,,recorded_farmer,2014,103,13,0.0,23.2,2.9,0.0,0.0,0.0,0.0,0.0,317,0.0,0.0,-0.0,-0.0,2014-04-13,pass,"counterfactual_common_baseline_relative=max(0,final_yield-null)-I-5N"
SY,Shenyang,2014,DQN,,,recorded_farmer,2014,104,14,0.0,24.7,4.4,0.0,0.0,0.0,0.0,0.0,316,0.0,0.0,-0.0,-0.0,2014-04-14,pass,"counterfactual_common_baseline_relative=max(0,final_yield-null)-I-5N"
SY,Shenyang,2014,DQN,,,recorded_farmer,2014,105,15,0.0,18.6,8.9,0.0,0.0,0.0,0.0,0.0,316,0.0,0.0,-0.0,-0.0,2014-04-15,pass,"counterfactual_common_baseline_relative=max(0,final_yield-null)-I-5N"
SY,Shenyang,2014,DQN,,,recorded_farmer,2014,106,16,0.0,23.6,-0.1,0.0,0.0,0.0,0.0,0.0,315,0.0,0.0,-0.0,-0.0,2014-04-16,pass,"counterfactual_common_baseline_relative=max(0,final_yield-null)-I-5N"
SY,Shenyang,2014,DQN,,,recorded_farmer,2014,107,17,0.0,19.0,8.4,0.0,0.0,0.0,0.0,0.0,315,0.0,0.0,-0.0,-0.0,2014-04-17,pass,"counterfactual_common_baseline_relative=max(0,final_yield-null)-I-5N"
SY,Shenyang,2014,DQN,,,recorded_farmer,2014,108,18,0.0,18.4,8.7,0.0,0.0,0.0,0.0,0.0,314,0.0,121.0,-605.0,-605.0,2014-04-18,pass,"counterfactual_common_baseline_relative=max(0,final_yield-null)-I-5N"
SY,Shenyang,2014,DQN,,,recorded_farmer,2014,109,19,0.0,19.9,4.0,0.0,0.0,0.0,0.0,0.0,314,0.0,0.0,-0.0,-605.0,2014-04-19,pass,"counterfactual_common_baseline_relative=max(0,final_yield-null)-I-5N"
SY,Shenyang,2014,DQN,,,recorded_farmer,2014,110,20,0.0,18.8,9.8,0.0,0.0,0.0,0.0,0.0,313,0.0,0.0,-0.0,-605.0,2014-04-20,pass,"counterfactual_common_baseline_relative=max(0,final_yield-null)-I-5N"
SY,Shenyang,2014,DQN,,,recorded_farmer,2014,111,21,0.0,21.8,3.8,0.0,0.0,0.0,0.0,0.0,313,0.0,0.0,-0.0,-605.0,2014-04-21,pass,"counterfactual_common_baseline_relative=max(0,final_yield-null)-I-5N"
SY,Shenyang,2014,DQN,,,recorded_farmer,2014,112,22,0.0,25.1,8.5,1.0,0.0,0.0,0.0,0.0,313,0.0,0.0,-0.0,-605.0,2014-04-22,pass,"counterfactual_common_baseline_relative=max(0,final_yield-null)-I-5N"
SY,Shenyang,2014,DQN,,,recorded_farmer,2014,113,23,0.0,26.6,11.5,2.0,0.0,0.0,0.0,0.0,312,0.0,0.0,-0.0,-605.0,2014-04-23,pass,"counterfactual_common_baseline_relative=max(0,final_yield-null)-I-5N"
SY,Shenyang,2014,DQN,,,recorded_farmer,2014,114,24,0.0,24.6,14.6,3.0,0.0,0.0,0.0,0.0,312,0.0,0.0,-0.0,-605.0,2014-04-24,pass,"counterfactual_common_baseline_relative=max(0,final_yield-null)-I-5N"
SY,Shenyang,2014,DQN,,,recorded_farmer,2014,115,25,0.0,27.3,12.9,4.0,0.0,0.0,0.0,0.0,311,0.0,0.0,-0.0,-605.0,2014-04-25,pass,"counterfactual_common_baseline_relative=max(0,final_yield-null)-I-5N"
SY,Shenyang,2014,DQN,,,recorded_farmer,2014,116,26,0.0,21.0,14.3,5.0,0.0,0.0,0.0,0.0,311,0.0,0.0,-0.0,-605.0,2014-04-26,pass,"counterfactual_common_baseline_relative=max(0,final_yield-null)-I-5N"
SY,Shenyang,2014,DQN,,,recorded_farmer,2014,117,27,0.0,20.7,8.6,6.0,0.0,0.0,0.0,0.0,311,0.0,0.0,-0.0,-605.0,2014-04-27,pass,"counterfactual_common_baseline_relative=max(0,final_yield-null)-I-5N"
SY,Shenyang,2014,DQN,,,recorded_farmer,2014,118,28,0.0,24.4,7.0,7.0,0.0,0.0,0.0,0.0,310,0.0,0.0,-0.0,-605.0,2014-04-28,pass,"counterfactual_common_baseline_relative=max(0,final_yield-null)-I-5N"
SY,Shenyang,2014,DQN,,,recorded_farmer,2014,119,29,0.0,26.1,5.6,8.0,0.0,0.0,0.0,0.0,310,0.0,0.0,-0.0,-605.0,2014-04-29,pass,"counterfactual_common_baseline_relative=max(0,final_yield-null)-I-5N"
SY,Shenyang,2014,DQN,,,recorded_farmer,2014,120,30,0.0,28.2,9.4,9.0,0.0,19.0,0.0,0.012,310,0.0,0.0,-0.0,-605.0,2014-04-30,pass,"counterfactual_common_baseline_relative=max(0,final_yield-null)-I-5N"
SY,Shenyang,2014,DQN,,,recorded_farmer,2014,121,31,0.0,28.3,15.1,10.0,0.0,19.0,0.0,0.011,309,0.0,0.0,-0.0,-605.0,2014-05-01,pass,"counterfactual_common_baseline_relative=max(0,final_yield-null)-I-5N"
SY,Shenyang,2014,DQN,,,recorded_farmer,2014,122,32,9.0,22.2,6.1,11.0,0.0,19.0,0.0,0.009,318,0.0,0.0,-0.0,-605.0,2014-05-02,pass,"counterfactual_common_baseline_relative=max(0,final_yield-null)-I-5N"
SY,Shenyang,2014,DQN,,,recorded_farmer,2014,123,33,0.0,22.3,1.7,12.0,0.0,19.0,0.0,0.007,317,0.0,0.0,-0.0,-605.0,2014-05-03,pass,"counterfactual_common_baseline_relative=max(0,final_yield-null)-I-5N"
SY,Shenyang,2014,DQN,,,recorded_farmer,2014,124,34,13.0,15.0,5.4,13.0,0.0,19.0,0.0,0.006,328,0.0,0.0,-0.0,-605.0,2014-05-04,pass,"counterfactual_common_baseline_relative=max(0,final_yield-null)-I-5N"
SY,Shenyang,2014,DQN,,,recorded_farmer,2014,125,35,0.0,14.5,1.8,14.0,0.0,19.0,0.0,0.005,324,0.0,0.0,-0.0,-605.0,2014-05-05,pass,"counterfactual_common_baseline_relative=max(0,final_yield-null)-I-5N"
SY,Shenyang,2014,DQN,,,recorded_farmer,2014,126,36,0.0,19.5,6.2,15.0,0.0,19.0,0.0,0.003,323,0.0,0.0,-0.0,-605.0,2014-05-06,pass,"counterfactual_common_baseline_relative=max(0,final_yield-null)-I-5N"
SY,Shenyang,2014,DQN,,,recorded_farmer,2014,127,37,0.0,13.2,9.8,16.0,0.0,19.0,0.0,0.002,322,0.0,0.0,-0.0,-605.0,2014-05-07,pass,"counterfactual_common_baseline_relative=max(0,final_yield-null)-I-5N"
SY,Shenyang,2014,DQN,,,recorded_farmer,2014,128,38,0.0,20.7,4.0,17.0,0.0,19.0,0.0,0.0,321,0.0,0.0,-0.0,-605.0,2014-05-08,pass,"counterfactual_common_baseline_relative=max(0,final_yield-null)-I-5N"
SY,Shenyang,2014,DQN,,,recorded_farmer,2014,129,39,0.0,21.2,4.7,18.0,0.0,19.0,0.0,0.0,320,0.0,0.0,-0.0,-605.0,2014-05-09,pass,"counterfactual_common_baseline_relative=max(0,final_yield-null)-I-5N"
SY,Shenyang,2014,DQN,,,recorded_farmer,2014,130,40,0.0,26.2,7.3,19.0,0.0,19.0,0.0,0.0,319,0.0,0.0,-0.0,-605.0,2014-05-10,pass,"counterfactual_common_baseline_relative=max(0,final_yield-null)-I-5N"
SY,Shenyang,2014,DQN,,,recorded_farmer,2014,131,41,19.0,20.8,11.4,20.0,0.0,19.0,0.0,0.0,335,0.0,0.0,-0.0,-605.0,2014-05-11,pass,"counterfactual_common_baseline_relative=max(0,final_yield-null)-I-5N"
SY,Shenyang,2014,DQN,,,recorded_farmer,2014,132,42,0.0,18.3,11.0,21.0,0.0,19.0,0.0,0.0,334,0.0,0.0,-0.0,-605.0,2014-05-12,pass,"counterfactual_common_baseline_relative=max(0,final_yield-null)-I-5N"
SY,Shenyang,2014,DQN,,,recorded_farmer,2014,133,43,0.0,25.3,12.1,22.0,0.0,19.0,0.0,0.0,329,0.0,0.0,-0.0,-605.0,2014-05-13,pass,"counterfactual_common_baseline_relative=max(0,final_yield-null)-I-5N"
SY,Shenyang,2014,DQN,,,recorded_farmer,2014,134,44,0.0,22.0,11.4,23.0,0.0,19.0,0.0,0.0,326,0.0,0.0,-0.0,-605.0,2014-05-14,pass,"counterfactual_common_baseline_relative=max(0,final_yield-null)-I-5N"
SY,Shenyang,2014,DQN,,,recorded_farmer,2014,135,45,0.0,22.4,9.9,24.0,0.0,19.0,0.0,0.0,325,0.0,0.0,-0.0,-605.0,2014-05-15,pass,"counterfactual_common_baseline_relative=max(0,final_yield-null)-I-5N"
SY,Shenyang,2014,DQN,,,recorded_farmer,2014,136,46,0.0,24.8,8.5,25.0,0.0,21.0,0.0,0.0,323,0.0,0.0,-0.0,-605.0,2014-05-16,pass,"counterfactual_common_baseline_relative=max(0,final_yield-null)-I-5N"
SY,Shenyang,2014,DQN,,,recorded_farmer,2014,137,47,0.0,24.9,9.4,26.0,0.0,25.0,0.0,0.0,322,0.0,0.0,-0.0,-605.0,2014-05-17,pass,"counterfactual_common_baseline_relative=max(0,final_yield-null)-I-5N"
SY,Shenyang,2014,DQN,,,recorded_farmer,2014,138,48,0.0,27.4,13.6,27.0,0.0,30.0,0.0,0.0,321,0.0,0.0,-0.0,-605.0,2014-05-18,pass,"counterfactual_common_baseline_relative=max(0,final_yield-null)-I-5N"
SY,Shenyang,2014,DQN,,,recorded_farmer,2014,139,49,0.0,22.3,14.6,28.0,0.0,34.0,0.0,0.0,321,0.0,0.0,-0.0,-605.0,2014-05-19,pass,"counterfactual_common_baseline_relative=max(0,final_yield-null)-I-5N"
SY,Shenyang,2014,DQN,,,recorded_farmer,2014,140,50,15.6,19.1,13.1,29.0,0.0,38.0,0.0,0.0,330,0.0,0.0,-0.0,-605.0,2014-05-20,pass,"counterfactual_common_baseline_relative=max(0,final_yield-null)-I-5N"
SY,Shenyang,2014,DQN,,,recorded_farmer,2014,141,51,19.0,28.7,13.1,30.0,0.0,45.0,0.0,0.0,339,0.0,0.0,-0.0,-605.0,2014-05-21,pass,"counterfactual_common_baseline_relative=max(0,final_yield-null)-I-5N"
SY,Shenyang,2014,DQN,,,recorded_farmer,2014,142,52,0.0,31.7,9.7,31.0,0.0,52.0,0.0,0.0,336,0.0,0.0,-0.0,-605.0,2014-05-22,pass,"counterfactual_common_baseline_relative=max(0,final_yield-null)-I-5N"
SY,Shenyang,2014,DQN,,,recorded_farmer,2014,143,53,0.0,30.6,20.0,32.0,0.0,62.0,0.0,0.0,334,0.0,0.0,-0.0,-605.0,2014-05-23,pass,"counterfactual_common_baseline_relative=max(0,final_yield-null)-I-5N"
SY,Shenyang,2014,DQN,,,recorded_farmer,2014,144,54,0.0,25.8,17.2,33.0,0.0,71.0,0.0,0.0,332,0.0,0.0,-0.0,-605.0,2014-05-24,pass,"counterfactual_common_baseline_relative=max(0,final_yield-null)-I-5N"
SY,Shenyang,2014,DQN,,,recorded_farmer,2014,145,55,11.4,19.8,16.4,34.0,0.0,74.0,0.0,0.0,342,0.0,0.0,-0.0,-605.0,2014-05-25,pass,"counterfactual_common_baseline_relative=max(0,final_yield-null)-I-5N"
SY,Shenyang,2014,DQN,,,recorded_farmer,2014,146,56,0.0,27.6,14.0,35.0,0.0,87.0,0.0,0.002,336,0.0,0.0,-0.0,-605.0,2014-05-26,pass,"counterfactual_common_baseline_relative=max(0,final_yield-null)-I-5N"
SY,Shenyang,2014,DQN,,,recorded_farmer,2014,147,57,0.0,31.3,11.7,36.0,0.0,103.0,0.0,0.0,333,0.0,0.0,-0.0,-605.0,2014-05-27,pass,"counterfactual_common_baseline_relative=max(0,final_yield-null)-I-5N"
SY,Shenyang,2014,DQN,,,recorded_farmer,2014,148,58,0.0,29.4,17.0,37.0,0.0,123.0,0.0,0.0,331,0.0,0.0,-0.0,-605.0,2014-05-28,pass,"counterfactual_common_baseline_relative=max(0,final_yield-null)-I-5N"
SY,Shenyang,2014,DQN,,,recorded_farmer,2014,149,59,0.0,31.6,19.2,38.0,0.0,149.0,0.0,0.0,329,0.0,0.0,-0.0,-605.0,2014-05-29,pass,"counterfactual_common_baseline_relative=max(0,final_yield-null)-I-5N"
SY,Shenyang,2014,DQN,,,recorded_farmer,2014,150,60,0.0,33.9,15.9,39.0,0.0,179.0,0.0,0.0,326,0.0,0.0,-0.0,-605.0,2014-05-30,pass,"counterfactual_common_baseline_relative=max(0,final_yield-null)-I-5N"
SY,Shenyang,2014,DQN,,,recorded_farmer,2014,151,61,0.0,35.8,19.6,40.0,0.0,216.0,0.0,0.0,324,0.0,0.0,-0.0,-605.0,2014-05-31,pass,"counterfactual_common_baseline_relative=max(0,final_yield-null)-I-5N"
SY,Shenyang,2014,DQN,,,recorded_farmer,2014,152,62,0.0,32.1,21.0,41.0,0.0,255.0,0.0,0.0,322,0.0,0.0,-0.0,-605.0,2014-06-01,pass,"counterfactual_common_baseline_relative=max(0,final_yield-null)-I-5N"
SY,Shenyang,2014,DQN,,,recorded_farmer,2014,153,63,6.8,28.8,18.4,42.0,0.0,290.0,0.0,0.0,325,0.0,0.0,-0.0,-605.0,2014-06-02,pass,"counterfactual_common_baseline_relative=max(0,final_yield-null)-I-5N"
SY,Shenyang,2014,DQN,,,recorded_farmer,2014,154,64,0.0,30.2,17.0,43.0,0.0,332.0,0.0,0.0,322,0.0,0.0,-0.0,-605.0,2014-06-03,pass,"counterfactual_common_baseline_relative=max(0,final_yield-null)-I-5N"
SY,Shenyang,2014,DQN,,,recorded_farmer,2014,155,65,0.0,30.4,19.1,44.0,0.0,380.0,0.0,0.0,319,0.0,0.0,-0.0,-605.0,2014-06-04,pass,"counterfactual_common_baseline_relative=max(0,final_yield-null)-I-5N"
SY,Shenyang,2014,DQN,,,recorded_farmer,2014,156,66,0.0,30.2,21.6,45.0,0.0,434.0,0.0,0.0,317,0.0,0.0,-0.0,-605.0,2014-06-05,pass,"counterfactual_common_baseline_relative=max(0,final_yield-null)-I-5N"
SY,Shenyang,2014,DQN,,,recorded_farmer,2014,157,67,0.0,27.4,19.5,46.0,0.0,484.0,0.0,0.0,314,0.0,0.0,-0.0,-605.0,2014-06-06,pass,"counterfactual_common_baseline_relative=max(0,final_yield-null)-I-5N"
SY,Shenyang,2014,DQN,,,recorded_farmer,2014,158,68,0.0,23.4,17.9,47.0,0.0,528.0,0.0,0.0,313,0.0,0.0,-0.0,-605.0,2014-06-07,pass,"counterfactual_common_baseline_relative=max(0,final_yield-null)-I-5N"
SY,Shenyang,2014,DQN,,,recorded_farmer,2014,159,69,8.7,24.5,16.2,48.0,0.0,575.0,0.0,0.0,318,0.0,0.0,-0.0,-605.0,2014-06-08,pass,"counterfactual_common_baseline_relative=max(0,final_yield-null)-I-5N"
SY,Shenyang,2014,DQN,,,recorded_farmer,2014,160,70,2.2,25.5,16.2,49.0,0.0,634.0,0.0,0.0,316,0.0,0.0,-0.0,-605.0,2014-06-09,pass,"counterfactual_common_baseline_relative=max(0,final_yield-null)-I-5N"
SY,Shenyang,2014,DQN,,,recorded_farmer,2014,161,71,0.0,26.0,16.4,50.0,0.0,697.0,0.0,0.0,312,0.0,0.0,-0.0,-605.0,2014-06-10,pass,"counterfactual_common_baseline_relative=max(0,final_yield-null)-I-5N"
SY,Shenyang,2014,DQN,,,recorded_farmer,2014,162,72,0.0,25.6,14.1,51.0,0.0,756.0,0.0,0.0,308,0.0,0.0,-0.0,-605.0,2014-06-11,pass,"counterfactual_common_baseline_relative=max(0,final_yield-null)-I-5N"
SY,Shenyang,2014,DQN,,,recorded_farmer,2014,163,73,0.0,27.7,15.0,52.0,0.0,825.0,0.0,0.0,304,0.0,0.0,-0.0,-605.0,2014-06-12,pass,"counterfactual_common_baseline_relative=max(0,final_yield-null)-I-5N"
SY,Shenyang,2014,DQN,,,recorded_farmer,2014,164,74,0.0,28.0,16.0,53.0,0.0,900.0,0.0,0.0,300,0.0,0.0,-0.0,-605.0,2014-06-13,pass,"counterfactual_common_baseline_relative=max(0,final_yield-null)-I-5N"
SY,Shenyang,2014,DQN,,,recorded_farmer,2014,165,75,0.0,31.1,14.7,54.0,0.0,984.0,0.0,0.0,295,0.0,0.0,-0.0,-605.0,2014-06-14,pass,"counterfactual_common_baseline_relative=max(0,final_yield-null)-I-5N"
SY,Shenyang,2014,DQN,,,recorded_farmer,2014,166,76,0.0,32.3,19.3,55.0,0.0,1089.0,0.0,0.0,290,0.0,0.0,-0.0,-605.0,2014-06-15,pass,"counterfactual_common_baseline_relative=max(0,final_yield-null)-I-5N"
SY,Shenyang,2014,DQN,,,recorded_farmer,2014,167,77,0.0,30.7,19.4,56.0,0.0,1195.0,0.0,0.0,287,0.0,0.0,-0.0,-605.0,2014-06-16,pass,"counterfactual_common_baseline_relative=max(0,final_yield-null)-I-5N"
SY,Shenyang,2014,DQN,,,recorded_farmer,2014,168,78,5.7,27.9,18.7,57.0,0.0,1295.0,0.0,0.0,291,0.0,0.0,-0.0,-605.0,2014-06-17,pass,"counterfactual_common_baseline_relative=max(0,final_yield-null)-I-5N"
SY,Shenyang,2014,DQN,,,recorded_farmer,2014,169,79,9.4,25.0,16.7,58.0,0.0,1383.0,0.0,0.0,298,0.0,0.0,-0.0,-605.0,2014-06-18,pass,"counterfactual_common_baseline_relative=max(0,final_yield-null)-I-5N"
SY,Shenyang,2014,DQN,,,recorded_farmer,2014,170,80,0.0,27.4,16.7,59.0,0.0,1484.0,0.0,0.0,293,0.0,0.0,-0.0,-605.0,2014-06-19,pass,"counterfactual_common_baseline_relative=max(0,final_yield-null)-I-5N"
SY,Shenyang,2014,DQN,,,recorded_farmer,2014,171,81,2.6,27.1,17.8,60.0,0.0,1592.0,0.0,0.0,293,0.0,0.0,-0.0,-605.0,2014-06-20,pass,"counterfactual_common_baseline_relative=max(0,final_yield-null)-I-5N"
SY,Shenyang,2014,DQN,,,recorded_farmer,2014,172,82,0.0,28.0,18.0,61.0,0.0,1711.0,0.0,0.0,288,0.0,172.0,-860.0,-1465.0,2014-06-21,pass,"counterfactual_common_baseline_relative=max(0,final_yield-null)-I-5N"
SY,Shenyang,2014,DQN,,,recorded_farmer,2014,173,83,38.3,27.8,15.9,62.0,0.0,1825.0,0.0,0.0,313,0.0,0.0,-0.0,-1465.0,2014-06-22,pass,"counterfactual_common_baseline_relative=max(0,final_yield-null)-I-5N"
SY,Shenyang,2014,DQN,,,recorded_farmer,2014,174,84,0.0,29.4,15.3,63.0,0.0,1949.0,0.0,0.0,307,0.0,0.0,-0.0,-1465.0,2014-06-23,pass,"counterfactual_common_baseline_relative=max(0,final_yield-null)-I-5N"
SY,Shenyang,2014,DQN,,,recorded_farmer,2014,175,85,0.0,31.1,16.2,64.0,0.0,2092.0,0.0,0.0,300,0.0,0.0,-0.0,-1465.0,2014-06-24,pass,"counterfactual_common_baseline_relative=max(0,final_yield-null)-I-5N"
SY,Shenyang,2014,DQN,,,recorded_farmer,2014,176,86,0.0,30.0,20.2,65.0,0.0,2256.0,0.0,0.0,295,0.0,0.0,-0.0,-1465.0,2014-06-25,pass,"counterfactual_common_baseline_relative=max(0,final_yield-null)-I-5N"
SY,Shenyang,2014,DQN,,,recorded_farmer,2014,177,87,0.0,25.3,20.8,66.0,0.0,2388.0,0.0,0.0,293,0.0,0.0,-0.0,-1465.0,2014-06-26,pass,"counterfactual_common_baseline_relative=max(0,final_yield-null)-I-5N"
SY,Shenyang,2014,DQN,,,recorded_farmer,2014,178,88,3.4,24.6,19.8,67.0,0.0,2539.0,0.0,0.0,294,0.0,0.0,-0.0,-1465.0,2014-06-27,pass,"counterfactual_common_baseline_relative=max(0,final_yield-null)-I-5N"
SY,Shenyang,2014,DQN,,,recorded_farmer,2014,179,89,15.6,26.6,17.2,68.0,0.0,2693.0,0.0,0.0,305,0.0,0.0,-0.0,-1465.0,2014-06-28,pass,"counterfactual_common_baseline_relative=max(0,final_yield-null)-I-5N"
SY,Shenyang,2014,DQN,,,recorded_farmer,2014,180,90,0.0,29.3,18.5,69.0,0.0,2879.0,0.0,0.0,300,0.0,0.0,-0.0,-1465.0,2014-06-29,pass,"counterfactual_common_baseline_relative=max(0,final_yield-null)-I-5N"
SY,Shenyang,2014,DQN,,,recorded_farmer,2014,181,91,0.0,32.3,18.9,70.0,0.0,3097.0,0.0,0.0,294,0.0,0.0,-0.0,-1465.0,2014-06-30,pass,"counterfactual_common_baseline_relative=max(0,final_yield-null)-I-5N"
SY,Shenyang,2014,DQN,,,recorded_farmer,2014,182,92,0.0,30.7,20.6,71.0,0.0,3328.0,0.0,0.0,288,0.0,0.0,-0.0,-1465.0,2014-07-01,pass,"counterfactual_common_baseline_relative=max(0,final_yield-null)-I-5N"
SY,Shenyang,2014,DQN,,,recorded_farmer,2014,183,93,0.0,30.9,18.5,72.0,0.0,3752.0,0.0,0.0,282,0.0,0.0,-0.0,-1465.0,2014-07-02,pass,"counterfactual_common_baseline_relative=max(0,final_yield-null)-I-5N"
SY,Shenyang,2014,DQN,,,recorded_farmer,2014,184,94,0.0,27.8,20.8,73.0,0.0,4008.0,0.0,0.0,278,0.0,0.0,-0.0,-1465.0,2014-07-03,pass,"counterfactual_common_baseline_relative=max(0,final_yield-null)-I-5N"
SY,Shenyang,2014,DQN,,,recorded_farmer,2014,185,95,0.0,30.3,21.7,74.0,0.0,4290.0,0.0,0.0,273,0.0,0.0,-0.0,-1465.0,2014-07-04,pass,"counterfactual_common_baseline_relative=max(0,final_yield-null)-I-5N"
SY,Shenyang,2014,DQN,,,recorded_farmer,2014,186,96,0.0,31.5,20.1,75.0,0.0,4550.0,0.0,0.0,267,0.0,0.0,-0.0,-1465.0,2014-07-05,pass,"counterfactual_common_baseline_relative=max(0,final_yield-null)-I-5N"
SY,Shenyang,2014,DQN,,,recorded_farmer,2014,187,97,0.0,29.7,20.6,76.0,0.0,4789.0,0.0,0.0,261,0.0,0.0,-0.0,-1465.0,2014-07-06,pass,"counterfactual_common_baseline_relative=max(0,final_yield-null)-I-5N"
SY,Shenyang,2014,DQN,,,recorded_farmer,2014,188,98,0.0,30.7,19.3,77.0,0.0,5017.0,0.0,0.0,256,0.0,0.0,-0.0,-1465.0,2014-07-07,pass,"counterfactual_common_baseline_relative=max(0,final_yield-null)-I-5N"
SY,Shenyang,2014,DQN,,,recorded_farmer,2014,189,99,0.0,28.4,20.6,78.0,0.0,5184.0,0.0,0.0,254,0.0,0.0,-0.0,-1465.0,2014-07-08,pass,"counterfactual_common_baseline_relative=max(0,final_yield-null)-I-5N"
SY,Shenyang,2014,DQN,,,recorded_farmer,2014,190,100,2.5,30.3,20.8,79.0,0.0,5409.0,0.0,0.0,251,0.0,0.0,-0.0,-1465.0,2014-07-09,pass,"counterfactual_common_baseline_relative=max(0,final_yield-null)-I-5N"
SY,Shenyang,2014,DQN,,,recorded_farmer,2014,191,101,0.0,30.1,16.1,80.0,0.0,5599.0,0.0,0.0,244,0.0,0.0,-0.0,-1465.0,2014-07-10,pass,"counterfactual_common_baseline_relative=max(0,final_yield-null)-I-5N"
SY,Shenyang,2014,DQN,,,recorded_farmer,2014,192,102,0.0,29.1,18.2,81.0,0.0,5793.0,0.0,0.0,238,0.0,0.0,-0.0,-1465.0,2014-07-11,pass,"counterfactual_common_baseline_relative=max(0,final_yield-null)-I-5N"
SY,Shenyang,2014,DQN,,,recorded_farmer,2014,193,103,0.0,30.1,17.2,82.0,0.0,5985.0,0.0,0.0,233,0.0,0.0,-0.0,-1465.0,2014-07-12,pass,"counterfactual_common_baseline_relative=max(0,final_yield-null)-I-5N"
SY,Shenyang,2014,DQN,,,recorded_farmer,2014,194,104,0.0,30.7,17.6,83.0,0.0,6184.0,0.0,0.0,227,0.0,0.0,-0.0,-1465.0,2014-07-13,pass,"counterfactual_common_baseline_relative=max(0,final_yield-null)-I-5N"
SY,Shenyang,2014,DQN,,,recorded_farmer,2014,195,105,0.0,33.3,18.3,84.0,0.0,6403.0,0.0,0.0,221,0.0,0.0,-0.0,-1465.0,2014-07-14,pass,"counterfactual_common_baseline_relative=max(0,final_yield-null)-I-5N"
SY,Shenyang,2014,DQN,,,recorded_farmer,2014,196,106,0.0,31.1,21.7,85.0,0.0,6629.0,0.0,0.0,217,0.0,0.0,-0.0,-1465.0,2014-07-15,pass,"counterfactual_common_baseline_relative=max(0,final_yield-null)-I-5N"
SY,Shenyang,2014,DQN,,,recorded_farmer,2014,197,107,18.6,30.3,19.0,86.0,0.0,6834.0,0.0,0.0,230,0.0,0.0,-0.0,-1465.0,2014-07-16,pass,"counterfactual_common_baseline_relative=max(0,final_yield-null)-I-5N"
SY,Shenyang,2014,DQN,,,recorded_farmer,2014,198,108,20.8,29.2,19.4,87.0,0.0,7035.0,0.0,0.0,244,0.0,0.0,-0.0,-1465.0,2014-07-17,pass,"counterfactual_common_baseline_relative=max(0,final_yield-null)-I-5N"
SY,Shenyang,2014,DQN,,,recorded_farmer,2014,199,109,0.0,29.9,22.0,88.0,0.0,7256.0,0.0,0.0,240,0.0,0.0,-0.0,-1465.0,2014-07-18,pass,"counterfactual_common_baseline_relative=max(0,final_yield-null)-I-5N"
SY,Shenyang,2014,DQN,,,recorded_farmer,2014,200,110,0.0,32.0,24.0,89.0,0.0,7502.0,0.0,0.0,236,0.0,0.0,-0.0,-1465.0,2014-07-19,pass,"counterfactual_common_baseline_relative=max(0,final_yield-null)-I-5N"
SY,Shenyang,2014,DQN,,,recorded_farmer,2014,201,111,0.0,32.4,24.7,90.0,0.0,7828.0,0.0,0.0,232,0.0,0.0,-0.0,-1465.0,2014-07-20,pass,"counterfactual_common_baseline_relative=max(0,final_yield-null)-I-5N"
SY,Shenyang,2014,DQN,,,recorded_farmer,2014,202,112,35.8,29.5,21.5,91.0,0.0,7895.0,0.0,0.0,256,0.0,0.0,-0.0,-1465.0,2014-07-21,pass,"counterfactual_common_baseline_relative=max(0,final_yield-null)-I-5N"
SY,Shenyang,2014,DQN,,,recorded_farmer,2014,203,113,0.0,28.0,19.6,92.0,0.0,8092.0,0.0,0.0,253,0.0,0.0,-0.0,-1465.0,2014-07-22,pass,"counterfactual_common_baseline_relative=max(0,final_yield-null)-I-5N"
SY,Shenyang,2014,DQN,,,recorded_farmer,2014,204,114,0.0,30.4,21.7,93.0,0.0,8415.0,0.0,0.0,248,0.0,0.0,-0.0,-1465.0,2014-07-23,pass,"counterfactual_common_baseline_relative=max(0,final_yield-null)-I-5N"
SY,Shenyang,2014,DQN,,,recorded_farmer,2014,205,115,0.0,29.7,20.5,94.0,0.0,8643.0,0.0,0.0,245,0.0,0.0,-0.0,-1465.0,2014-07-24,pass,"counterfactual_common_baseline_relative=max(0,final_yield-null)-I-5N"
SY,Shenyang,2014,DQN,,,recorded_farmer,2014,206,116,0.0,25.3,19.1,95.0,0.0,8720.0,0.0,0.0,243,0.0,0.0,-0.0,-1465.0,2014-07-25,pass,"counterfactual_common_baseline_relative=max(0,final_yield-null)-I-5N"
SY,Shenyang,2014,DQN,,,recorded_farmer,2014,207,117,0.0,27.9,18.1,96.0,0.0,9077.0,0.0,0.0,238,0.0,0.0,-0.0,-1465.0,2014-07-26,pass,"counterfactual_common_baseline_relative=max(0,final_yield-null)-I-5N"
SY,Shenyang,2014,DQN,,,recorded_farmer,2014,208,118,0.0,30.5,16.4,97.0,0.0,9427.0,0.0,0.0,233,0.0,0.0,-0.0,-1465.0,2014-07-27,pass,"counterfactual_common_baseline_relative=max(0,final_yield-null)-I-5N"
SY,Shenyang,2014,DQN,,,recorded_farmer,2014,209,119,0.0,30.2,18.9,98.0,0.0,9730.0,0.0,0.0,228,0.0,0.0,-0.0,-1465.0,2014-07-28,pass,"counterfactual_common_baseline_relative=max(0,final_yield-null)-I-5N"
SY,Shenyang,2014,DQN,,,recorded_farmer,2014,210,120,0.0,29.6,21.3,99.0,307.0,10036.0,0.0,0.0,224,0.0,0.0,-0.0,-1465.0,2014-07-29,pass,"counterfactual_common_baseline_relative=max(0,final_yield-null)-I-5N"
SY,Shenyang,2014,DQN,,,recorded_farmer,2014,211,121,0.0,27.7,18.7,100.0,613.0,10308.0,0.0,0.0,221,0.0,0.0,-0.0,-1465.0,2014-07-30,pass,"counterfactual_common_baseline_relative=max(0,final_yield-null)-I-5N"
SY,Shenyang,2014,DQN,,,recorded_farmer,2014,212,122,0.0,31.2,18.1,101.0,920.0,10649.0,0.0,0.0,216,0.0,0.0,-0.0,-1465.0,2014-07-31,pass,"counterfactual_common_baseline_relative=max(0,final_yield-null)-I-5N"
SY,Shenyang,2014,DQN,,,recorded_farmer,2014,213,123,0.0,32.4,23.7,102.0,1186.0,10916.0,0.0,0.0,211,0.0,0.0,-0.0,-1465.0,2014-08-01,pass,"counterfactual_common_baseline_relative=max(0,final_yield-null)-I-5N"
SY,Shenyang,2014,DQN,,,recorded_farmer,2014,214,124,0.0,33.9,22.2,103.0,1452.0,11182.0,0.0,0.0,205,0.0,0.0,-0.0,-1465.0,2014-08-02,pass,"counterfactual_common_baseline_relative=max(0,final_yield-null)-I-5N"
SY,Shenyang,2014,DQN,,,recorded_farmer,2014,215,125,0.0,32.8,21.8,104.0,1748.0,11477.0,0.0,0.0,199,0.0,0.0,-0.0,-1465.0,2014-08-03,pass,"counterfactual_common_baseline_relative=max(0,final_yield-null)-I-5N"
SY,Shenyang,2014,DQN,,,recorded_farmer,2014,216,126,0.0,29.3,21.5,105.0,2054.0,11784.0,0.0,0.0,196,0.0,0.0,-0.0,-1465.0,2014-08-04,pass,"counterfactual_common_baseline_relative=max(0,final_yield-null)-I-5N"
SY,Shenyang,2014,DQN,,,recorded_farmer,2014,217,127,0.0,29.6,16.1,106.0,2361.0,12090.0,0.0,0.0,191,0.0,0.0,-0.0,-1465.0,2014-08-05,pass,"counterfactual_common_baseline_relative=max(0,final_yield-null)-I-5N"
SY,Shenyang,2014,DQN,,,recorded_farmer,2014,218,128,0.0,29.5,18.4,107.0,2667.0,12397.0,0.0,0.0,185,0.0,0.0,-0.0,-1465.0,2014-08-06,pass,"counterfactual_common_baseline_relative=max(0,final_yield-null)-I-5N"
SY,Shenyang,2014,DQN,,,recorded_farmer,2014,219,129,0.0,29.5,15.6,108.0,2974.0,12704.0,0.0,0.0,180,0.0,0.0,-0.0,-1465.0,2014-08-07,pass,"counterfactual_common_baseline_relative=max(0,final_yield-null)-I-5N"
SY,Shenyang,2014,DQN,,,recorded_farmer,2014,220,130,0.0,30.8,15.0,109.0,3281.0,13010.0,0.0,0.0,175,0.0,0.0,-0.0,-1465.0,2014-08-08,pass,"counterfactual_common_baseline_relative=max(0,final_yield-null)-I-5N"
SY,Shenyang,2014,DQN,,,recorded_farmer,2014,221,131,0.0,30.8,17.1,110.0,3587.0,13317.0,0.0,0.0,170,0.0,0.0,-0.0,-1465.0,2014-08-09,pass,"counterfactual_common_baseline_relative=max(0,final_yield-null)-I-5N"
SY,Shenyang,2014,DQN,,,recorded_farmer,2014,222,132,0.0,29.9,17.3,111.0,3894.0,13623.0,0.0,0.0,166,0.0,0.0,-0.0,-1465.0,2014-08-10,pass,"counterfactual_common_baseline_relative=max(0,final_yield-null)-I-5N"
SY,Shenyang,2014,DQN,,,recorded_farmer,2014,223,133,0.0,29.8,17.8,112.0,4200.0,13930.0,0.0,0.0,162,0.0,0.0,-0.0,-1465.0,2014-08-11,pass,"counterfactual_common_baseline_relative=max(0,final_yield-null)-I-5N"
SY,Shenyang,2014,DQN,,,recorded_farmer,2014,224,134,0.0,29.7,17.2,113.0,4470.0,14200.0,0.216,0.0,157,0.0,0.0,-0.0,-1465.0,2014-08-12,pass,"counterfactual_common_baseline_relative=max(0,final_yield-null)-I-5N"
SY,Shenyang,2014,DQN,,,recorded_farmer,2014,225,135,0.0,30.8,14.2,114.0,4716.0,14446.0,0.362,0.0,154,0.0,0.0,-0.0,-1465.0,2014-08-13,pass,"counterfactual_common_baseline_relative=max(0,final_yield-null)-I-5N"
SY,Shenyang,2014,DQN,,,recorded_farmer,2014,226,136,5.0,28.4,17.6,115.0,4981.0,14648.0,0.248,0.0,157,0.0,0.0,-0.0,-1465.0,2014-08-14,pass,"counterfactual_common_baseline_relative=max(0,final_yield-null)-I-5N"
SY,Shenyang,2014,DQN,,,recorded_farmer,2014,227,137,0.0,29.3,18.4,116.0,5287.0,14980.0,0.0,0.0,153,0.0,0.0,-0.0,-1465.0,2014-08-15,pass,"counterfactual_common_baseline_relative=max(0,final_yield-null)-I-5N"
SY,Shenyang,2014,DQN,,,recorded_farmer,2014,228,138,0.0,30.3,18.9,117.0,5484.0,15131.0,0.651,0.0,150,0.0,0.0,-0.0,-1465.0,2014-08-16,pass,"counterfactual_common_baseline_relative=max(0,final_yield-null)-I-5N"
SY,Shenyang,2014,DQN,,,recorded_farmer,2014,229,139,25.8,30.5,18.0,118.0,5701.0,15261.0,0.529,0.0,173,0.0,0.0,-0.0,-1465.0,2014-08-17,pass,"counterfactual_common_baseline_relative=max(0,final_yield-null)-I-5N"
SY,Shenyang,2014,DQN,,,recorded_farmer,2014,230,140,0.0,28.8,18.3,119.0,6008.0,15512.0,0.0,0.0,170,0.0,0.0,-0.0,-1465.0,2014-08-18,pass,"counterfactual_common_baseline_relative=max(0,final_yield-null)-I-5N"
SY,Shenyang,2014,DQN,,,recorded_farmer,2014,231,141,0.0,30.6,17.2,120.0,6315.0,15864.0,0.0,0.0,165,0.0,0.0,-0.0,-1465.0,2014-08-19,pass,"counterfactual_common_baseline_relative=max(0,final_yield-null)-I-5N"
SY,Shenyang,2014,DQN,,,recorded_farmer,2014,232,142,0.0,32.6,18.3,121.0,6621.0,16224.0,0.0,0.0,160,0.0,0.0,-0.0,-1465.0,2014-08-20,pass,"counterfactual_common_baseline_relative=max(0,final_yield-null)-I-5N"
SY,Shenyang,2014,DQN,,,recorded_farmer,2014,233,143,0.0,27.9,19.7,122.0,6928.0,16439.0,0.0,0.0,157,0.0,0.0,-0.0,-1465.0,2014-08-21,pass,"counterfactual_common_baseline_relative=max(0,final_yield-null)-I-5N"
SY,Shenyang,2014,DQN,,,recorded_farmer,2014,234,144,0.0,31.3,19.9,123.0,7234.0,16752.0,0.0,0.0,153,0.0,0.0,-0.0,-1465.0,2014-08-22,pass,"counterfactual_common_baseline_relative=max(0,final_yield-null)-I-5N"
SY,Shenyang,2014,DQN,,,recorded_farmer,2014,235,145,3.5,27.2,20.7,124.0,7541.0,16921.0,0.0,0.0,154,0.0,0.0,-0.0,-1465.0,2014-08-23,pass,"counterfactual_common_baseline_relative=max(0,final_yield-null)-I-5N"
SY,Shenyang,2014,DQN,,,recorded_farmer,2014,236,146,5.6,28.6,19.5,125.0,7848.0,17158.0,0.0,0.0,157,0.0,0.0,-0.0,-1465.0,2014-08-24,pass,"counterfactual_common_baseline_relative=max(0,final_yield-null)-I-5N"
SY,Shenyang,2014,DQN,,,recorded_farmer,2014,237,147,0.0,24.2,19.6,126.0,8154.0,17291.0,0.0,0.0,155,0.0,0.0,-0.0,-1465.0,2014-08-25,pass,"counterfactual_common_baseline_relative=max(0,final_yield-null)-I-5N"
SY,Shenyang,2014,DQN,,,recorded_farmer,2014,238,148,0.0,29.4,17.3,127.0,8461.0,17652.0,0.0,0.0,150,0.0,0.0,-0.0,-1465.0,2014-08-26,pass,"counterfactual_common_baseline_relative=max(0,final_yield-null)-I-5N"
SY,Shenyang,2014,DQN,,,recorded_farmer,2014,239,149,0.0,30.5,15.5,128.0,8665.0,17807.0,0.605,0.0,148,0.0,0.0,-0.0,-1465.0,2014-08-27,pass,"counterfactual_common_baseline_relative=max(0,final_yield-null)-I-5N"
SY,Shenyang,2014,DQN,,,recorded_farmer,2014,240,150,0.0,29.5,17.7,129.0,8863.0,17917.0,0.645,0.0,146,0.0,0.0,-0.0,-1465.0,2014-08-28,pass,"counterfactual_common_baseline_relative=max(0,final_yield-null)-I-5N"
SY,Shenyang,2014,DQN,,,recorded_farmer,2014,241,151,0.0,30.2,17.0,130.0,9052.0,18012.0,0.699,0.0,144,0.0,0.0,-0.0,-1465.0,2014-08-29,pass,"counterfactual_common_baseline_relative=max(0,final_yield-null)-I-5N"
SY,Shenyang,2014,DQN,,,recorded_farmer,2014,242,152,0.0,30.6,15.5,131.0,9224.0,18104.0,0.799,0.0,142,0.0,0.0,-0.0,-1465.0,2014-08-30,pass,"counterfactual_common_baseline_relative=max(0,final_yield-null)-I-5N"
SY,Shenyang,2014,DQN,,,recorded_farmer,2014,243,153,0.0,31.1,16.4,132.0,9405.0,18197.0,0.743,0.0,142,0.0,0.0,-0.0,-1465.0,2014-08-31,pass,"counterfactual_common_baseline_relative=max(0,final_yield-null)-I-5N"
SY,Shenyang,2014,DQN,,,recorded_farmer,2014,244,154,0.0,30.8,15.8,133.0,9468.0,18177.0,0.807,0.0,141,0.0,0.0,-0.0,-1465.0,2014-09-01,pass,"counterfactual_common_baseline_relative=max(0,final_yield-null)-I-5N"
SY,Shenyang,2014,DQN,,,recorded_farmer,2014,245,155,0.0,29.4,17.1,134.0,9535.0,18244.0,0.723,0.0,140,0.0,0.0,-0.0,-1465.0,2014-09-02,pass,"counterfactual_common_baseline_relative=max(0,final_yield-null)-I-5N"
SY,Shenyang,2014,DQN,,,recorded_farmer,2014,246,156,0.0,24.8,15.1,135.0,9593.0,18302.0,0.744,0.0,140,0.0,0.0,-0.0,-1465.0,2014-09-03,pass,"counterfactual_common_baseline_relative=max(0,final_yield-null)-I-5N"
SY,Shenyang,2014,DQN,,,recorded_farmer,2014,247,157,23.2,28.4,12.4,136.0,9593.0,18302.0,0.802,0.0,162,0.0,0.0,-0.0,-1465.0,2014-09-04,pass,"counterfactual_common_baseline_relative=max(0,final_yield-null)-I-5N"
SY,Shenyang,2014,DQN,,,recorded_farmer,2014,248,158,0.0,27.2,10.3,137.0,9593.0,18302.0,0.0,0.0,157,0.0,0.0,-0.0,-1465.0,2014-09-05,pass,"counterfactual_common_baseline_relative=max(0,final_yield-null)-I-5N"
SY,Shenyang,2014,DQN,,,recorded_farmer,2014,249,159,0.0,30.4,12.9,138.0,9593.0,18302.0,0.0,0.0,152,0.0,0.0,-0.0,-1465.0,2014-09-06,pass,"counterfactual_common_baseline_relative=max(0,final_yield-null)-I-5N"
SY,Shenyang,2014,DQN,,,recorded_farmer,2014,250,160,0.0,29.2,14.9,139.0,9593.0,18302.0,0.0,0.0,148,0.0,0.0,6824.0,5359.0,2014-09-07,pass,"counterfactual_common_baseline_relative=max(0,final_yield-null)-I-5N"
SY,Shenyang,2014,DQN,,,dssat_auto,2014,91,1,0.0,19.2,6.1,0.0,0.0,0.0,0.0,0.0,331,0.0,0.0,-0.0,-0.0,2014-04-01,pass,"counterfactual_common_baseline_relative=max(0,final_yield-null)-I-5N"
SY,Shenyang,2014,DQN,,,dssat_auto,2014,92,2,0.0,13.4,6.9,0.0,0.0,0.0,0.0,0.0,328,0.0,0.0,-0.0,-0.0,2014-04-02,pass,"counterfactual_common_baseline_relative=max(0,final_yield-null)-I-5N"
SY,Shenyang,2014,DQN,,,dssat_auto,2014,93,3,0.0,10.1,-1.8,0.0,0.0,0.0,0.0,0.0,326,0.0,0.0,-0.0,-0.0,2014-04-03,pass,"counterfactual_common_baseline_relative=max(0,final_yield-null)-I-5N"
SY,Shenyang,2014,DQN,,,dssat_auto,2014,94,4,0.0,12.0,-1.7,0.0,0.0,0.0,0.0,0.0,324,0.0,0.0,-0.0,-0.0,2014-04-04,pass,"counterfactual_common_baseline_relative=max(0,final_yield-null)-I-5N"
SY,Shenyang,2014,DQN,,,dssat_auto,2014,95,5,0.0,8.3,-2.3,0.0,0.0,0.0,0.0,0.0,323,0.0,0.0,-0.0,-0.0,2014-04-05,pass,"counterfactual_common_baseline_relative=max(0,final_yield-null)-I-5N"
SY,Shenyang,2014,DQN,,,dssat_auto,2014,96,6,0.0,19.8,-2.0,0.0,0.0,0.0,0.0,0.0,322,0.0,0.0,-0.0,-0.0,2014-04-06,pass,"counterfactual_common_baseline_relative=max(0,final_yield-null)-I-5N"
SY,Shenyang,2014,DQN,,,dssat_auto,2014,97,7,0.0,22.3,2.9,0.0,0.0,0.0,0.0,0.0,321,0.0,0.0,-0.0,-0.0,2014-04-07,pass,"counterfactual_common_baseline_relative=max(0,final_yield-null)-I-5N"
SY,Shenyang,2014,DQN,,,dssat_auto,2014,98,8,0.0,22.7,1.9,0.0,0.0,0.0,0.0,0.0,320,0.0,0.0,-0.0,-0.0,2014-04-08,pass,"counterfactual_common_baseline_relative=max(0,final_yield-null)-I-5N"
SY,Shenyang,2014,DQN,,,dssat_auto,2014,99,9,0.0,16.0,10.8,0.0,0.0,0.0,0.0,0.0,319,0.0,0.0,-0.0,-0.0,2014-04-09,pass,"counterfactual_common_baseline_relative=max(0,final_yield-null)-I-5N"
SY,Shenyang,2014,DQN,,,dssat_auto,2014,100,10,0.0,18.3,2.8,0.0,0.0,0.0,0.0,0.0,319,0.0,0.0,-0.0,-0.0,2014-04-10,pass,"counterfactual_common_baseline_relative=max(0,final_yield-null)-I-5N"
SY,Shenyang,2014,DQN,,,dssat_auto,2014,101,11,0.0,20.5,1.0,0.0,0.0,0.0,0.0,0.0,318,0.0,0.0,-0.0,-0.0,2014-04-11,pass,"counterfactual_common_baseline_relative=max(0,final_yield-null)-I-5N"
SY,Shenyang,2014,DQN,,,dssat_auto,2014,102,12,0.0,21.6,3.5,0.0,0.0,0.0,0.0,0.0,317,0.0,0.0,-0.0,-0.0,2014-04-12,pass,"counterfactual_common_baseline_relative=max(0,final_yield-null)-I-5N"
SY,Shenyang,2014,DQN,,,dssat_auto,2014,103,13,0.0,23.2,2.9,0.0,0.0,0.0,0.0,0.0,317,0.0,0.0,-0.0,-0.0,2014-04-13,pass,"counterfactual_common_baseline_relative=max(0,final_yield-null)-I-5N"
SY,Shenyang,2014,DQN,,,dssat_auto,2014,104,14,0.0,24.7,4.4,0.0,0.0,0.0,0.0,0.0,316,0.0,0.0,-0.0,-0.0,2014-04-14,pass,"counterfactual_common_baseline_relative=max(0,final_yield-null)-I-5N"
SY,Shenyang,2014,DQN,,,dssat_auto,2014,105,15,0.0,18.6,8.9,0.0,0.0,0.0,0.0,0.0,316,0.0,0.0,-0.0,-0.0,2014-04-15,pass,"counterfactual_common_baseline_relative=max(0,final_yield-null)-I-5N"
SY,Shenyang,2014,DQN,,,dssat_auto,2014,106,16,0.0,23.6,-0.1,0.0,0.0,0.0,0.0,0.0,315,0.0,0.0,-0.0,-0.0,2014-04-16,pass,"counterfactual_common_baseline_relative=max(0,final_yield-null)-I-5N"
SY,Shenyang,2014,DQN,,,dssat_auto,2014,107,17,0.0,19.0,8.4,0.0,0.0,0.0,0.0,0.0,315,0.0,0.0,-0.0,-0.0,2014-04-17,pass,"counterfactual_common_baseline_relative=max(0,final_yield-null)-I-5N"
SY,Shenyang,2014,DQN,,,dssat_auto,2014,108,18,0.0,18.4,8.7,0.0,0.0,0.0,0.0,0.0,314,0.0,0.0,-0.0,-0.0,2014-04-18,pass,"counterfactual_common_baseline_relative=max(0,final_yield-null)-I-5N"
SY,Shenyang,2014,DQN,,,dssat_auto,2014,109,19,0.0,19.9,4.0,0.0,0.0,0.0,0.0,0.0,314,0.0,0.0,-0.0,-0.0,2014-04-19,pass,"counterfactual_common_baseline_relative=max(0,final_yield-null)-I-5N"
SY,Shenyang,2014,DQN,,,dssat_auto,2014,110,20,0.0,18.8,9.8,0.0,0.0,0.0,0.0,0.0,313,0.0,0.0,-0.0,-0.0,2014-04-20,pass,"counterfactual_common_baseline_relative=max(0,final_yield-null)-I-5N"
SY,Shenyang,2014,DQN,,,dssat_auto,2014,111,21,0.0,21.8,3.8,0.0,0.0,0.0,0.0,0.0,313,0.0,0.0,-0.0,-0.0,2014-04-21,pass,"counterfactual_common_baseline_relative=max(0,final_yield-null)-I-5N"
SY,Shenyang,2014,DQN,,,dssat_auto,2014,112,22,0.0,25.1,8.5,1.0,0.0,0.0,0.0,0.0,313,0.0,0.0,-0.0,-0.0,2014-04-22,pass,"counterfactual_common_baseline_relative=max(0,final_yield-null)-I-5N"
SY,Shenyang,2014,DQN,,,dssat_auto,2014,113,23,0.0,26.6,11.5,2.0,0.0,0.0,0.0,0.0,312,0.0,0.0,-0.0,-0.0,2014-04-23,pass,"counterfactual_common_baseline_relative=max(0,final_yield-null)-I-5N"
SY,Shenyang,2014,DQN,,,dssat_auto,2014,114,24,0.0,24.6,14.6,3.0,0.0,0.0,0.0,0.0,312,0.0,0.0,-0.0,-0.0,2014-04-24,pass,"counterfactual_common_baseline_relative=max(0,final_yield-null)-I-5N"
SY,Shenyang,2014,DQN,,,dssat_auto,2014,115,25,0.0,27.3,12.9,4.0,0.0,0.0,0.0,0.0,311,0.0,0.0,-0.0,-0.0,2014-04-25,pass,"counterfactual_common_baseline_relative=max(0,final_yield-null)-I-5N"
SY,Shenyang,2014,DQN,,,dssat_auto,2014,116,26,0.0,21.0,14.3,5.0,0.0,0.0,0.0,0.0,311,0.0,0.0,-0.0,-0.0,2014-04-26,pass,"counterfactual_common_baseline_relative=max(0,final_yield-null)-I-5N"
SY,Shenyang,2014,DQN,,,dssat_auto,2014,117,27,0.0,20.7,8.6,6.0,0.0,0.0,0.0,0.0,311,0.0,0.0,-0.0,-0.0,2014-04-27,pass,"counterfactual_common_baseline_relative=max(0,final_yield-null)-I-5N"
SY,Shenyang,2014,DQN,,,dssat_auto,2014,118,28,0.0,24.4,7.0,7.0,0.0,0.0,0.0,0.0,310,0.0,0.0,-0.0,-0.0,2014-04-28,pass,"counterfactual_common_baseline_relative=max(0,final_yield-null)-I-5N"
SY,Shenyang,2014,DQN,,,dssat_auto,2014,119,29,0.0,26.1,5.6,8.0,0.0,0.0,0.0,0.0,310,0.0,0.0,-0.0,-0.0,2014-04-29,pass,"counterfactual_common_baseline_relative=max(0,final_yield-null)-I-5N"
SY,Shenyang,2014,DQN,,,dssat_auto,2014,120,30,0.0,28.2,9.4,9.0,0.0,19.0,0.0,0.012,310,0.0,0.0,-0.0,-0.0,2014-04-30,pass,"counterfactual_common_baseline_relative=max(0,final_yield-null)-I-5N"
SY,Shenyang,2014,DQN,,,dssat_auto,2014,121,31,0.0,28.3,15.1,10.0,0.0,19.0,0.0,0.011,309,0.0,0.0,-0.0,-0.0,2014-05-01,pass,"counterfactual_common_baseline_relative=max(0,final_yield-null)-I-5N"
SY,Shenyang,2014,DQN,,,dssat_auto,2014,122,32,9.0,22.2,6.1,11.0,0.0,19.0,0.0,0.009,318,0.0,0.0,-0.0,-0.0,2014-05-02,pass,"counterfactual_common_baseline_relative=max(0,final_yield-null)-I-5N"
SY,Shenyang,2014,DQN,,,dssat_auto,2014,123,33,0.0,22.3,1.7,12.0,0.0,19.0,0.0,0.007,317,0.0,0.0,-0.0,-0.0,2014-05-03,pass,"counterfactual_common_baseline_relative=max(0,final_yield-null)-I-5N"
SY,Shenyang,2014,DQN,,,dssat_auto,2014,124,34,13.0,15.0,5.4,13.0,0.0,19.0,0.0,0.006,328,0.0,0.0,-0.0,-0.0,2014-05-04,pass,"counterfactual_common_baseline_relative=max(0,final_yield-null)-I-5N"
SY,Shenyang,2014,DQN,,,dssat_auto,2014,125,35,0.0,14.5,1.8,14.0,0.0,19.0,0.0,0.005,324,0.0,0.0,-0.0,-0.0,2014-05-05,pass,"counterfactual_common_baseline_relative=max(0,final_yield-null)-I-5N"
SY,Shenyang,2014,DQN,,,dssat_auto,2014,126,36,0.0,19.5,6.2,15.0,0.0,19.0,0.0,0.003,323,0.0,0.0,-0.0,-0.0,2014-05-06,pass,"counterfactual_common_baseline_relative=max(0,final_yield-null)-I-5N"
SY,Shenyang,2014,DQN,,,dssat_auto,2014,127,37,0.0,13.2,9.8,16.0,0.0,19.0,0.0,0.002,322,0.0,0.0,-0.0,-0.0,2014-05-07,pass,"counterfactual_common_baseline_relative=max(0,final_yield-null)-I-5N"
SY,Shenyang,2014,DQN,,,dssat_auto,2014,128,38,0.0,20.7,4.0,17.0,0.0,19.0,0.0,0.0,321,0.0,0.0,-0.0,-0.0,2014-05-08,pass,"counterfactual_common_baseline_relative=max(0,final_yield-null)-I-5N"
SY,Shenyang,2014,DQN,,,dssat_auto,2014,129,39,0.0,21.2,4.7,18.0,0.0,19.0,0.0,0.0,320,0.0,0.0,-0.0,-0.0,2014-05-09,pass,"counterfactual_common_baseline_relative=max(0,final_yield-null)-I-5N"
SY,Shenyang,2014,DQN,,,dssat_auto,2014,130,40,0.0,26.2,7.3,19.0,0.0,19.0,0.0,0.0,319,0.0,0.0,-0.0,-0.0,2014-05-10,pass,"counterfactual_common_baseline_relative=max(0,final_yield-null)-I-5N"
SY,Shenyang,2014,DQN,,,dssat_auto,2014,131,41,19.0,20.8,11.4,20.0,0.0,19.0,0.0,0.0,335,0.0,0.0,-0.0,-0.0,2014-05-11,pass,"counterfactual_common_baseline_relative=max(0,final_yield-null)-I-5N"
SY,Shenyang,2014,DQN,,,dssat_auto,2014,132,42,0.0,18.3,11.0,21.0,0.0,19.0,0.0,0.0,334,0.0,0.0,-0.0,-0.0,2014-05-12,pass,"counterfactual_common_baseline_relative=max(0,final_yield-null)-I-5N"
SY,Shenyang,2014,DQN,,,dssat_auto,2014,133,43,0.0,25.3,12.1,22.0,0.0,19.0,0.0,0.0,329,0.0,0.0,-0.0,-0.0,2014-05-13,pass,"counterfactual_common_baseline_relative=max(0,final_yield-null)-I-5N"
SY,Shenyang,2014,DQN,,,dssat_auto,2014,134,44,0.0,22.0,11.4,23.0,0.0,19.0,0.0,0.0,326,0.0,0.0,-0.0,-0.0,2014-05-14,pass,"counterfactual_common_baseline_relative=max(0,final_yield-null)-I-5N"
SY,Shenyang,2014,DQN,,,dssat_auto,2014,135,45,0.0,22.4,9.9,24.0,0.0,19.0,0.0,0.0,325,0.0,0.0,-0.0,-0.0,2014-05-15,pass,"counterfactual_common_baseline_relative=max(0,final_yield-null)-I-5N"
SY,Shenyang,2014,DQN,,,dssat_auto,2014,136,46,0.0,24.8,8.5,25.0,0.0,21.0,0.0,0.0,323,0.0,0.0,-0.0,-0.0,2014-05-16,pass,"counterfactual_common_baseline_relative=max(0,final_yield-null)-I-5N"
SY,Shenyang,2014,DQN,,,dssat_auto,2014,137,47,0.0,24.9,9.4,26.0,0.0,25.0,0.0,0.0,322,0.0,0.0,-0.0,-0.0,2014-05-17,pass,"counterfactual_common_baseline_relative=max(0,final_yield-null)-I-5N"
SY,Shenyang,2014,DQN,,,dssat_auto,2014,138,48,0.0,27.4,13.6,27.0,0.0,30.0,0.0,0.0,321,0.0,0.0,-0.0,-0.0,2014-05-18,pass,"counterfactual_common_baseline_relative=max(0,final_yield-null)-I-5N"
SY,Shenyang,2014,DQN,,,dssat_auto,2014,139,49,0.0,22.3,14.6,28.0,0.0,34.0,0.0,0.0,321,0.0,0.0,-0.0,-0.0,2014-05-19,pass,"counterfactual_common_baseline_relative=max(0,final_yield-null)-I-5N"
SY,Shenyang,2014,DQN,,,dssat_auto,2014,140,50,15.6,19.1,13.1,29.0,0.0,38.0,0.0,0.0,330,0.0,0.0,-0.0,-0.0,2014-05-20,pass,"counterfactual_common_baseline_relative=max(0,final_yield-null)-I-5N"
SY,Shenyang,2014,DQN,,,dssat_auto,2014,141,51,19.0,28.7,13.1,30.0,0.0,45.0,0.0,0.0,339,0.0,0.0,-0.0,-0.0,2014-05-21,pass,"counterfactual_common_baseline_relative=max(0,final_yield-null)-I-5N"
SY,Shenyang,2014,DQN,,,dssat_auto,2014,142,52,0.0,31.7,9.7,31.0,0.0,52.0,0.0,0.0,336,0.0,0.0,-0.0,-0.0,2014-05-22,pass,"counterfactual_common_baseline_relative=max(0,final_yield-null)-I-5N"
SY,Shenyang,2014,DQN,,,dssat_auto,2014,143,53,0.0,30.6,20.0,32.0,0.0,62.0,0.0,0.0,334,0.0,0.0,-0.0,-0.0,2014-05-23,pass,"counterfactual_common_baseline_relative=max(0,final_yield-null)-I-5N"
SY,Shenyang,2014,DQN,,,dssat_auto,2014,144,54,0.0,25.8,17.2,33.0,0.0,71.0,0.0,0.0,332,0.0,0.0,-0.0,-0.0,2014-05-24,pass,"counterfactual_common_baseline_relative=max(0,final_yield-null)-I-5N"
SY,Shenyang,2014,DQN,,,dssat_auto,2014,145,55,11.4,19.8,16.4,34.0,0.0,73.0,0.0,0.0,342,0.0,0.0,-0.0,-0.0,2014-05-25,pass,"counterfactual_common_baseline_relative=max(0,final_yield-null)-I-5N"
SY,Shenyang,2014,DQN,,,dssat_auto,2014,146,56,0.0,27.6,14.0,35.0,0.0,86.0,0.0,0.002,336,0.0,0.0,-0.0,-0.0,2014-05-26,pass,"counterfactual_common_baseline_relative=max(0,final_yield-null)-I-5N"
SY,Shenyang,2014,DQN,,,dssat_auto,2014,147,57,0.0,31.3,11.7,36.0,0.0,102.0,0.0,0.0,333,0.0,0.0,-0.0,-0.0,2014-05-27,pass,"counterfactual_common_baseline_relative=max(0,final_yield-null)-I-5N"
SY,Shenyang,2014,DQN,,,dssat_auto,2014,148,58,0.0,29.4,17.0,37.0,0.0,122.0,0.0,0.0,331,0.0,0.0,-0.0,-0.0,2014-05-28,pass,"counterfactual_common_baseline_relative=max(0,final_yield-null)-I-5N"
SY,Shenyang,2014,DQN,,,dssat_auto,2014,149,59,0.0,31.6,19.2,38.0,0.0,148.0,0.0,0.0,329,0.0,0.0,-0.0,-0.0,2014-05-29,pass,"counterfactual_common_baseline_relative=max(0,final_yield-null)-I-5N"
SY,Shenyang,2014,DQN,,,dssat_auto,2014,150,60,0.0,33.9,15.9,39.0,0.0,177.0,0.0,0.0,326,0.0,0.0,-0.0,-0.0,2014-05-30,pass,"counterfactual_common_baseline_relative=max(0,final_yield-null)-I-5N"
SY,Shenyang,2014,DQN,,,dssat_auto,2014,151,61,0.0,35.8,19.6,40.0,0.0,215.0,0.0,0.0,324,0.0,0.0,-0.0,-0.0,2014-05-31,pass,"counterfactual_common_baseline_relative=max(0,final_yield-null)-I-5N"
SY,Shenyang,2014,DQN,,,dssat_auto,2014,152,62,0.0,32.1,21.0,41.0,0.0,254.0,0.0,0.0,323,0.0,0.0,-0.0,-0.0,2014-06-01,pass,"counterfactual_common_baseline_relative=max(0,final_yield-null)-I-5N"
SY,Shenyang,2014,DQN,,,dssat_auto,2014,153,63,6.8,28.8,18.4,42.0,0.0,289.0,0.0,0.0,325,0.0,0.0,-0.0,-0.0,2014-06-02,pass,"counterfactual_common_baseline_relative=max(0,final_yield-null)-I-5N"
SY,Shenyang,2014,DQN,,,dssat_auto,2014,154,64,0.0,30.2,17.0,43.0,0.0,330.0,0.0,0.0,322,0.0,0.0,-0.0,-0.0,2014-06-03,pass,"counterfactual_common_baseline_relative=max(0,final_yield-null)-I-5N"
SY,Shenyang,2014,DQN,,,dssat_auto,2014,155,65,0.0,30.4,19.1,44.0,0.0,378.0,0.0,0.0,319,0.0,0.0,-0.0,-0.0,2014-06-04,pass,"counterfactual_common_baseline_relative=max(0,final_yield-null)-I-5N"
SY,Shenyang,2014,DQN,,,dssat_auto,2014,156,66,0.0,30.2,21.6,45.0,0.0,429.0,0.0,0.029,317,0.0,0.0,-0.0,-0.0,2014-06-05,pass,"counterfactual_common_baseline_relative=max(0,final_yield-null)-I-5N"
SY,Shenyang,2014,DQN,,,dssat_auto,2014,157,67,0.0,27.4,19.5,46.0,0.0,471.0,0.0,0.066,314,0.0,0.0,-0.0,-0.0,2014-06-06,pass,"counterfactual_common_baseline_relative=max(0,final_yield-null)-I-5N"
SY,Shenyang,2014,DQN,,,dssat_auto,2014,158,68,0.0,23.4,17.9,47.0,0.0,504.0,0.0,0.093,313,0.0,0.0,-0.0,-0.0,2014-06-07,pass,"counterfactual_common_baseline_relative=max(0,final_yield-null)-I-5N"
SY,Shenyang,2014,DQN,,,dssat_auto,2014,159,69,8.7,24.5,16.2,48.0,0.0,539.0,0.0,0.1,318,0.0,0.0,-0.0,-0.0,2014-06-08,pass,"counterfactual_common_baseline_relative=max(0,final_yield-null)-I-5N"
SY,Shenyang,2014,DQN,,,dssat_auto,2014,160,70,2.2,25.5,16.2,49.0,0.0,582.0,0.0,0.104,316,0.0,0.0,-0.0,-0.0,2014-06-09,pass,"counterfactual_common_baseline_relative=max(0,final_yield-null)-I-5N"
SY,Shenyang,2014,DQN,,,dssat_auto,2014,161,71,0.0,26.0,16.4,50.0,0.0,627.0,0.0,0.113,312,0.0,0.0,-0.0,-0.0,2014-06-10,pass,"counterfactual_common_baseline_relative=max(0,final_yield-null)-I-5N"
SY,Shenyang,2014,DQN,,,dssat_auto,2014,162,72,0.0,25.6,14.1,51.0,0.0,665.0,0.0,0.134,309,0.0,0.0,-0.0,-0.0,2014-06-11,pass,"counterfactual_common_baseline_relative=max(0,final_yield-null)-I-5N"
SY,Shenyang,2014,DQN,,,dssat_auto,2014,163,73,0.0,27.7,15.0,52.0,0.0,707.0,0.0,0.152,305,0.0,0.0,-0.0,-0.0,2014-06-12,pass,"counterfactual_common_baseline_relative=max(0,final_yield-null)-I-5N"
SY,Shenyang,2014,DQN,,,dssat_auto,2014,164,74,0.0,28.0,16.0,53.0,0.0,750.0,0.0,0.164,301,0.0,0.0,-0.0,-0.0,2014-06-13,pass,"counterfactual_common_baseline_relative=max(0,final_yield-null)-I-5N"
SY,Shenyang,2014,DQN,,,dssat_auto,2014,165,75,0.0,31.1,14.7,54.0,0.0,795.0,0.0,0.176,297,0.0,0.0,-0.0,-0.0,2014-06-14,pass,"counterfactual_common_baseline_relative=max(0,final_yield-null)-I-5N"
SY,Shenyang,2014,DQN,,,dssat_auto,2014,166,76,0.0,32.3,19.3,55.0,0.0,849.0,0.0,0.186,293,0.0,0.0,-0.0,-0.0,2014-06-15,pass,"counterfactual_common_baseline_relative=max(0,final_yield-null)-I-5N"
SY,Shenyang,2014,DQN,,,dssat_auto,2014,167,77,0.0,30.7,19.4,56.0,0.0,900.0,0.0,0.195,290,0.0,0.0,-0.0,-0.0,2014-06-16,pass,"counterfactual_common_baseline_relative=max(0,final_yield-null)-I-5N"
SY,Shenyang,2014,DQN,,,dssat_auto,2014,168,78,5.7,27.9,18.7,57.0,0.0,946.0,0.0,0.218,294,0.0,0.0,-0.0,-0.0,2014-06-17,pass,"counterfactual_common_baseline_relative=max(0,final_yield-null)-I-5N"
SY,Shenyang,2014,DQN,,,dssat_auto,2014,169,79,9.4,25.0,16.7,58.0,0.0,985.0,0.0,0.244,301,0.0,0.0,-0.0,-0.0,2014-06-18,pass,"counterfactual_common_baseline_relative=max(0,final_yield-null)-I-5N"
SY,Shenyang,2014,DQN,,,dssat_auto,2014,170,80,0.0,27.4,16.7,59.0,0.0,1027.0,0.0,0.26,296,0.0,0.0,-0.0,-0.0,2014-06-19,pass,"counterfactual_common_baseline_relative=max(0,final_yield-null)-I-5N"
SY,Shenyang,2014,DQN,,,dssat_auto,2014,171,81,2.6,27.1,17.8,60.0,0.0,1072.0,0.0,0.27,296,0.0,0.0,-0.0,-0.0,2014-06-20,pass,"counterfactual_common_baseline_relative=max(0,final_yield-null)-I-5N"
SY,Shenyang,2014,DQN,,,dssat_auto,2014,172,82,0.0,28.0,18.0,61.0,0.0,1119.0,0.0,0.281,290,0.0,0.0,-0.0,-0.0,2014-06-21,pass,"counterfactual_common_baseline_relative=max(0,final_yield-null)-I-5N"
SY,Shenyang,2014,DQN,,,dssat_auto,2014,173,83,38.3,27.8,15.9,62.0,0.0,1164.0,0.0,0.294,314,0.0,0.0,-0.0,-0.0,2014-06-22,pass,"counterfactual_common_baseline_relative=max(0,final_yield-null)-I-5N"
SY,Shenyang,2014,DQN,,,dssat_auto,2014,174,84,0.0,29.4,15.3,63.0,0.0,1210.0,0.0,0.309,308,0.0,0.0,-0.0,-0.0,2014-06-23,pass,"counterfactual_common_baseline_relative=max(0,final_yield-null)-I-5N"
SY,Shenyang,2014,DQN,,,dssat_auto,2014,175,85,0.0,31.1,16.2,64.0,0.0,1263.0,0.0,0.319,302,0.0,0.0,-0.0,-0.0,2014-06-24,pass,"counterfactual_common_baseline_relative=max(0,final_yield-null)-I-5N"
SY,Shenyang,2014,DQN,,,dssat_auto,2014,176,86,0.0,30.0,20.2,65.0,0.0,1322.0,0.0,0.33,296,0.0,0.0,-0.0,-0.0,2014-06-25,pass,"counterfactual_common_baseline_relative=max(0,final_yield-null)-I-5N"
SY,Shenyang,2014,DQN,,,dssat_auto,2014,177,87,0.0,25.3,20.8,66.0,0.0,1374.0,0.0,0.342,294,0.0,0.0,-0.0,-0.0,2014-06-26,pass,"counterfactual_common_baseline_relative=max(0,final_yield-null)-I-5N"
SY,Shenyang,2014,DQN,,,dssat_auto,2014,178,88,3.4,24.6,19.8,67.0,0.0,1425.0,0.0,0.355,295,0.0,0.0,-0.0,-0.0,2014-06-27,pass,"counterfactual_common_baseline_relative=max(0,final_yield-null)-I-5N"
SY,Shenyang,2014,DQN,,,dssat_auto,2014,179,89,15.6,26.6,17.2,68.0,0.0,1476.0,0.0,0.362,305,0.0,0.0,-0.0,-0.0,2014-06-28,pass,"counterfactual_common_baseline_relative=max(0,final_yield-null)-I-5N"
SY,Shenyang,2014,DQN,,,dssat_auto,2014,180,90,0.0,29.3,18.5,69.0,0.0,1536.0,0.0,0.368,300,0.0,0.0,-0.0,-0.0,2014-06-29,pass,"counterfactual_common_baseline_relative=max(0,final_yield-null)-I-5N"
SY,Shenyang,2014,DQN,,,dssat_auto,2014,181,91,0.0,32.3,18.9,70.0,0.0,1606.0,0.0,0.372,294,0.0,0.0,-0.0,-0.0,2014-06-30,pass,"counterfactual_common_baseline_relative=max(0,final_yield-null)-I-5N"
SY,Shenyang,2014,DQN,,,dssat_auto,2014,182,92,0.0,30.7,20.6,71.0,0.0,1678.0,0.0,0.379,288,0.0,0.0,-0.0,-0.0,2014-07-01,pass,"counterfactual_common_baseline_relative=max(0,final_yield-null)-I-5N"
SY,Shenyang,2014,DQN,,,dssat_auto,2014,183,93,0.0,30.9,18.5,72.0,0.0,1826.0,0.0,0.39,283,0.0,0.0,-0.0,-0.0,2014-07-02,pass,"counterfactual_common_baseline_relative=max(0,final_yield-null)-I-5N"
SY,Shenyang,2014,DQN,,,dssat_auto,2014,184,94,0.0,27.8,20.8,73.0,0.0,1918.0,0.0,0.399,280,0.0,0.0,-0.0,-0.0,2014-07-03,pass,"counterfactual_common_baseline_relative=max(0,final_yield-null)-I-5N"
SY,Shenyang,2014,DQN,,,dssat_auto,2014,185,95,0.0,30.3,21.7,74.0,0.0,2000.0,0.0,0.431,276,0.0,0.0,-0.0,-0.0,2014-07-04,pass,"counterfactual_common_baseline_relative=max(0,final_yield-null)-I-5N"
SY,Shenyang,2014,DQN,,,dssat_auto,2014,186,96,0.0,31.5,20.1,75.0,0.0,2075.0,0.0,0.439,272,0.0,0.0,-0.0,-0.0,2014-07-05,pass,"counterfactual_common_baseline_relative=max(0,final_yield-null)-I-5N"
SY,Shenyang,2014,DQN,,,dssat_auto,2014,187,97,0.0,29.7,20.6,76.0,0.0,2142.0,0.0,0.442,268,0.0,0.0,-0.0,-0.0,2014-07-06,pass,"counterfactual_common_baseline_relative=max(0,final_yield-null)-I-5N"
SY,Shenyang,2014,DQN,,,dssat_auto,2014,188,98,0.0,30.7,19.3,77.0,0.0,2207.0,0.0,0.442,264,0.0,0.0,-0.0,-0.0,2014-07-07,pass,"counterfactual_common_baseline_relative=max(0,final_yield-null)-I-5N"
SY,Shenyang,2014,DQN,,,dssat_auto,2014,189,99,0.0,28.4,20.6,78.0,0.0,2262.0,0.0,0.44,262,0.0,0.0,-0.0,-0.0,2014-07-08,pass,"counterfactual_common_baseline_relative=max(0,final_yield-null)-I-5N"
SY,Shenyang,2014,DQN,,,dssat_auto,2014,190,100,2.5,30.3,20.8,79.0,0.0,2328.0,0.0,0.436,260,0.0,0.0,-0.0,-0.0,2014-07-09,pass,"counterfactual_common_baseline_relative=max(0,final_yield-null)-I-5N"
SY,Shenyang,2014,DQN,,,dssat_auto,2014,191,101,0.0,30.1,16.1,80.0,0.0,2384.0,0.0,0.431,256,0.0,0.0,-0.0,-0.0,2014-07-10,pass,"counterfactual_common_baseline_relative=max(0,final_yield-null)-I-5N"
SY,Shenyang,2014,DQN,,,dssat_auto,2014,192,102,0.0,29.1,18.2,81.0,0.0,2442.0,0.0,0.427,252,0.0,0.0,-0.0,-0.0,2014-07-11,pass,"counterfactual_common_baseline_relative=max(0,final_yield-null)-I-5N"
SY,Shenyang,2014,DQN,,,dssat_auto,2014,193,103,0.0,30.1,17.2,82.0,0.0,2499.0,0.0,0.424,248,0.0,0.0,-0.0,-0.0,2014-07-12,pass,"counterfactual_common_baseline_relative=max(0,final_yield-null)-I-5N"
SY,Shenyang,2014,DQN,,,dssat_auto,2014,194,104,0.0,30.7,17.6,83.0,0.0,2559.0,0.0,0.421,245,0.0,0.0,-0.0,-0.0,2014-07-13,pass,"counterfactual_common_baseline_relative=max(0,final_yield-null)-I-5N"
SY,Shenyang,2014,DQN,,,dssat_auto,2014,195,105,0.0,33.3,18.3,84.0,0.0,2626.0,0.0,0.417,241,0.0,0.0,-0.0,-0.0,2014-07-14,pass,"counterfactual_common_baseline_relative=max(0,final_yield-null)-I-5N"
SY,Shenyang,2014,DQN,,,dssat_auto,2014,196,106,0.0,31.1,21.7,85.0,0.0,2697.0,0.0,0.411,238,0.0,0.0,-0.0,-0.0,2014-07-15,pass,"counterfactual_common_baseline_relative=max(0,final_yield-null)-I-5N"
SY,Shenyang,2014,DQN,,,dssat_auto,2014,197,107,18.6,30.3,19.0,86.0,0.0,2762.0,0.0,0.404,284,33.4,0.0,-33.4,-33.4,2014-07-16,pass,"counterfactual_common_baseline_relative=max(0,final_yield-null)-I-5N"
SY,Shenyang,2014,DQN,,,dssat_auto,2014,198,108,20.8,29.2,19.4,87.0,0.0,2826.0,0.0,0.398,296,0.0,0.0,-0.0,-33.4,2014-07-17,pass,"counterfactual_common_baseline_relative=max(0,final_yield-null)-I-5N"
SY,Shenyang,2014,DQN,,,dssat_auto,2014,199,109,0.0,29.9,22.0,88.0,0.0,2899.0,0.0,0.389,292,0.0,0.0,-0.0,-33.4,2014-07-18,pass,"counterfactual_common_baseline_relative=max(0,final_yield-null)-I-5N"
SY,Shenyang,2014,DQN,,,dssat_auto,2014,200,110,0.0,32.0,24.0,89.0,0.0,2966.0,0.0,0.387,288,0.0,0.0,-0.0,-33.4,2014-07-19,pass,"counterfactual_common_baseline_relative=max(0,final_yield-null)-I-5N"
SY,Shenyang,2014,DQN,,,dssat_auto,2014,201,111,0.0,32.4,24.7,90.0,0.0,3058.0,0.0,0.374,283,0.0,0.0,-0.0,-33.4,2014-07-20,pass,"counterfactual_common_baseline_relative=max(0,final_yield-null)-I-5N"
SY,Shenyang,2014,DQN,,,dssat_auto,2014,202,112,35.8,29.5,21.5,91.0,0.0,3069.0,0.0,0.371,306,0.0,0.0,-0.0,-33.4,2014-07-21,pass,"counterfactual_common_baseline_relative=max(0,final_yield-null)-I-5N"
SY,Shenyang,2014,DQN,,,dssat_auto,2014,203,113,0.0,28.0,19.6,92.0,0.0,3116.0,0.0,0.372,303,0.0,0.0,-0.0,-33.4,2014-07-22,pass,"counterfactual_common_baseline_relative=max(0,final_yield-null)-I-5N"
SY,Shenyang,2014,DQN,,,dssat_auto,2014,204,114,0.0,30.4,21.7,93.0,0.0,3201.0,0.0,0.355,298,0.0,0.0,-0.0,-33.4,2014-07-23,pass,"counterfactual_common_baseline_relative=max(0,final_yield-null)-I-5N"
SY,Shenyang,2014,DQN,,,dssat_auto,2014,205,115,0.0,29.7,20.5,94.0,0.0,3255.0,0.0,0.347,295,0.0,0.0,-0.0,-33.4,2014-07-24,pass,"counterfactual_common_baseline_relative=max(0,final_yield-null)-I-5N"
SY,Shenyang,2014,DQN,,,dssat_auto,2014,206,116,0.0,25.3,19.1,95.0,0.0,3264.0,0.0,0.346,293,0.0,0.0,-0.0,-33.4,2014-07-25,pass,"counterfactual_common_baseline_relative=max(0,final_yield-null)-I-5N"
SY,Shenyang,2014,DQN,,,dssat_auto,2014,207,117,0.0,27.9,18.1,96.0,0.0,3352.0,0.0,0.336,289,0.0,0.0,-0.0,-33.4,2014-07-26,pass,"counterfactual_common_baseline_relative=max(0,final_yield-null)-I-5N"
SY,Shenyang,2014,DQN,,,dssat_auto,2014,208,118,0.0,30.5,16.4,97.0,0.0,3438.0,0.0,0.316,286,0.0,0.0,-0.0,-33.4,2014-07-27,pass,"counterfactual_common_baseline_relative=max(0,final_yield-null)-I-5N"
SY,Shenyang,2014,DQN,,,dssat_auto,2014,209,119,0.0,30.2,18.9,98.0,0.0,3508.0,0.0,0.31,283,0.0,0.0,-0.0,-33.4,2014-07-28,pass,"counterfactual_common_baseline_relative=max(0,final_yield-null)-I-5N"
SY,Shenyang,2014,DQN,,,dssat_auto,2014,210,120,0.0,29.6,21.3,99.0,118.0,3609.0,0.0,0.299,280,0.0,0.0,-0.0,-33.4,2014-07-29,pass,"counterfactual_common_baseline_relative=max(0,final_yield-null)-I-5N"
SY,Shenyang,2014,DQN,,,dssat_auto,2014,211,121,0.0,27.7,18.7,100.0,191.0,3681.0,0.0,0.328,278,0.0,0.0,-0.0,-33.4,2014-07-30,pass,"counterfactual_common_baseline_relative=max(0,final_yield-null)-I-5N"
SY,Shenyang,2014,DQN,,,dssat_auto,2014,212,122,0.0,31.2,18.1,101.0,264.0,3770.0,0.0,0.32,276,0.0,0.0,-0.0,-33.4,2014-07-31,pass,"counterfactual_common_baseline_relative=max(0,final_yield-null)-I-5N"
SY,Shenyang,2014,DQN,,,dssat_auto,2014,213,123,0.0,32.4,23.7,102.0,328.0,3836.0,0.0,0.315,273,0.0,0.0,-0.0,-33.4,2014-08-01,pass,"counterfactual_common_baseline_relative=max(0,final_yield-null)-I-5N"
SY,Shenyang,2014,DQN,,,dssat_auto,2014,214,124,0.0,33.9,22.2,103.0,391.0,3899.0,0.0,0.312,270,0.0,0.0,-0.0,-33.4,2014-08-02,pass,"counterfactual_common_baseline_relative=max(0,final_yield-null)-I-5N"
SY,Shenyang,2014,DQN,,,dssat_auto,2014,215,125,0.0,32.8,21.8,104.0,461.0,3970.0,0.0,0.307,268,0.0,0.0,-0.0,-33.4,2014-08-03,pass,"counterfactual_common_baseline_relative=max(0,final_yield-null)-I-5N"
SY,Shenyang,2014,DQN,,,dssat_auto,2014,216,126,0.0,29.3,21.5,105.0,534.0,4043.0,0.0,0.303,266,0.0,0.0,-0.0,-33.4,2014-08-04,pass,"counterfactual_common_baseline_relative=max(0,final_yield-null)-I-5N"
SY,Shenyang,2014,DQN,,,dssat_auto,2014,217,127,0.0,29.6,16.1,106.0,607.0,4116.0,0.0,0.302,264,0.0,0.0,-0.0,-33.4,2014-08-05,pass,"counterfactual_common_baseline_relative=max(0,final_yield-null)-I-5N"
SY,Shenyang,2014,DQN,,,dssat_auto,2014,218,128,0.0,29.5,18.4,107.0,680.0,4189.0,0.0,0.3,261,0.0,0.0,-0.0,-33.4,2014-08-06,pass,"counterfactual_common_baseline_relative=max(0,final_yield-null)-I-5N"
SY,Shenyang,2014,DQN,,,dssat_auto,2014,219,129,0.0,29.5,15.6,108.0,753.0,4262.0,0.0,0.3,259,0.0,0.0,-0.0,-33.4,2014-08-07,pass,"counterfactual_common_baseline_relative=max(0,final_yield-null)-I-5N"
SY,Shenyang,2014,DQN,,,dssat_auto,2014,220,130,0.0,30.8,15.0,109.0,826.0,4335.0,0.0,0.301,257,0.0,0.0,-0.0,-33.4,2014-08-08,pass,"counterfactual_common_baseline_relative=max(0,final_yield-null)-I-5N"
SY,Shenyang,2014,DQN,,,dssat_auto,2014,221,131,0.0,30.8,17.1,110.0,899.0,4408.0,0.0,0.303,255,0.0,0.0,-0.0,-33.4,2014-08-09,pass,"counterfactual_common_baseline_relative=max(0,final_yield-null)-I-5N"
SY,Shenyang,2014,DQN,,,dssat_auto,2014,222,132,0.0,29.9,17.3,111.0,972.0,4481.0,0.0,0.305,253,0.0,0.0,-0.0,-33.4,2014-08-10,pass,"counterfactual_common_baseline_relative=max(0,final_yield-null)-I-5N"
SY,Shenyang,2014,DQN,,,dssat_auto,2014,223,133,0.0,29.8,17.8,112.0,1045.0,4549.0,0.0,0.307,252,0.0,0.0,-0.0,-33.4,2014-08-11,pass,"counterfactual_common_baseline_relative=max(0,final_yield-null)-I-5N"
SY,Shenyang,2014,DQN,,,dssat_auto,2014,224,134,0.0,29.7,17.2,113.0,1118.0,4627.0,0.0,0.309,250,0.0,0.0,-0.0,-33.4,2014-08-12,pass,"counterfactual_common_baseline_relative=max(0,final_yield-null)-I-5N"
SY,Shenyang,2014,DQN,,,dssat_auto,2014,225,135,0.0,30.8,14.2,114.0,1191.0,4700.0,0.0,0.311,248,0.0,0.0,-0.0,-33.4,2014-08-13,pass,"counterfactual_common_baseline_relative=max(0,final_yield-null)-I-5N"
SY,Shenyang,2014,DQN,,,dssat_auto,2014,226,136,5.0,28.4,17.6,115.0,1264.0,4751.0,0.0,0.317,250,0.0,0.0,-0.0,-33.4,2014-08-14,pass,"counterfactual_common_baseline_relative=max(0,final_yield-null)-I-5N"
SY,Shenyang,2014,DQN,,,dssat_auto,2014,227,137,0.0,29.3,18.4,116.0,1337.0,4817.0,0.0,0.32,248,0.0,0.0,-0.0,-33.4,2014-08-15,pass,"counterfactual_common_baseline_relative=max(0,final_yield-null)-I-5N"
SY,Shenyang,2014,DQN,,,dssat_auto,2014,228,138,0.0,30.3,18.9,117.0,1410.0,4892.0,0.0,0.316,246,0.0,0.0,-0.0,-33.4,2014-08-16,pass,"counterfactual_common_baseline_relative=max(0,final_yield-null)-I-5N"
SY,Shenyang,2014,DQN,,,dssat_auto,2014,229,139,25.8,30.5,18.0,118.0,1483.0,4942.0,0.0,0.318,264,0.0,0.0,-0.0,-33.4,2014-08-17,pass,"counterfactual_common_baseline_relative=max(0,final_yield-null)-I-5N"
SY,Shenyang,2014,DQN,,,dssat_auto,2014,230,140,0.0,28.8,18.3,119.0,1556.0,4985.0,0.0,0.326,260,0.0,0.0,-0.0,-33.4,2014-08-18,pass,"counterfactual_common_baseline_relative=max(0,final_yield-null)-I-5N"
SY,Shenyang,2014,DQN,,,dssat_auto,2014,231,141,0.0,30.6,17.2,120.0,1629.0,5051.0,0.0,0.324,256,0.0,0.0,-0.0,-33.4,2014-08-19,pass,"counterfactual_common_baseline_relative=max(0,final_yield-null)-I-5N"
SY,Shenyang,2014,DQN,,,dssat_auto,2014,232,142,0.0,32.6,18.3,121.0,1702.0,5120.0,0.0,0.318,253,0.0,0.0,-0.0,-33.4,2014-08-20,pass,"counterfactual_common_baseline_relative=max(0,final_yield-null)-I-5N"
SY,Shenyang,2014,DQN,,,dssat_auto,2014,233,143,0.0,27.9,19.7,122.0,1775.0,5154.0,0.0,0.324,251,0.0,0.0,-0.0,-33.4,2014-08-21,pass,"counterfactual_common_baseline_relative=max(0,final_yield-null)-I-5N"
SY,Shenyang,2014,DQN,,,dssat_auto,2014,234,144,0.0,31.3,19.9,123.0,1848.0,5204.0,0.0,0.328,250,0.0,0.0,-0.0,-33.4,2014-08-22,pass,"counterfactual_common_baseline_relative=max(0,final_yield-null)-I-5N"
SY,Shenyang,2014,DQN,,,dssat_auto,2014,235,145,3.5,27.2,20.7,124.0,1921.0,5231.0,0.0,0.316,251,0.0,0.0,-0.0,-33.4,2014-08-23,pass,"counterfactual_common_baseline_relative=max(0,final_yield-null)-I-5N"
SY,Shenyang,2014,DQN,,,dssat_auto,2014,236,146,5.6,28.6,19.5,125.0,1994.0,5267.0,0.0,0.312,254,0.0,0.0,-0.0,-33.4,2014-08-24,pass,"counterfactual_common_baseline_relative=max(0,final_yield-null)-I-5N"
SY,Shenyang,2014,DQN,,,dssat_auto,2014,237,147,0.0,24.2,19.6,126.0,2067.0,5288.0,0.0,0.299,252,0.0,0.0,-0.0,-33.4,2014-08-25,pass,"counterfactual_common_baseline_relative=max(0,final_yield-null)-I-5N"
SY,Shenyang,2014,DQN,,,dssat_auto,2014,238,148,0.0,29.4,17.3,127.0,2140.0,5351.0,0.0,0.296,249,0.0,0.0,-0.0,-33.4,2014-08-26,pass,"counterfactual_common_baseline_relative=max(0,final_yield-null)-I-5N"
SY,Shenyang,2014,DQN,,,dssat_auto,2014,239,149,0.0,30.5,15.5,128.0,2213.0,5412.0,0.0,0.283,247,0.0,0.0,-0.0,-33.4,2014-08-27,pass,"counterfactual_common_baseline_relative=max(0,final_yield-null)-I-5N"
SY,Shenyang,2014,DQN,,,dssat_auto,2014,240,150,0.0,29.5,17.7,129.0,2286.0,5458.0,0.0,0.293,245,0.0,0.0,-0.0,-33.4,2014-08-28,pass,"counterfactual_common_baseline_relative=max(0,final_yield-null)-I-5N"
SY,Shenyang,2014,DQN,,,dssat_auto,2014,241,151,0.0,30.2,17.0,130.0,2359.0,5504.0,0.0,0.301,244,0.0,0.0,-0.0,-33.4,2014-08-29,pass,"counterfactual_common_baseline_relative=max(0,final_yield-null)-I-5N"
SY,Shenyang,2014,DQN,,,dssat_auto,2014,242,152,0.0,30.6,15.5,131.0,2432.0,5559.0,0.0,0.302,242,0.0,0.0,-0.0,-33.4,2014-08-30,pass,"counterfactual_common_baseline_relative=max(0,final_yield-null)-I-5N"
SY,Shenyang,2014,DQN,,,dssat_auto,2014,243,153,0.0,31.1,16.4,132.0,2505.0,5602.0,0.0,0.302,241,0.0,0.0,-0.0,-33.4,2014-08-31,pass,"counterfactual_common_baseline_relative=max(0,final_yield-null)-I-5N"
SY,Shenyang,2014,DQN,,,dssat_auto,2014,244,154,0.0,30.8,15.8,133.0,2578.0,5648.0,0.0,0.307,239,0.0,0.0,-0.0,-33.4,2014-09-01,pass,"counterfactual_common_baseline_relative=max(0,final_yield-null)-I-5N"
SY,Shenyang,2014,DQN,,,dssat_auto,2014,245,155,0.0,29.4,17.1,134.0,2651.0,5683.0,0.0,0.304,238,0.0,0.0,-0.0,-33.4,2014-09-02,pass,"counterfactual_common_baseline_relative=max(0,final_yield-null)-I-5N"
SY,Shenyang,2014,DQN,,,dssat_auto,2014,246,156,0.0,24.8,15.1,135.0,2724.0,5715.0,0.0,0.308,237,0.0,0.0,-0.0,-33.4,2014-09-03,pass,"counterfactual_common_baseline_relative=max(0,final_yield-null)-I-5N"
SY,Shenyang,2014,DQN,,,dssat_auto,2014,247,157,23.2,28.4,12.4,136.0,2724.0,5715.0,0.0,0.304,252,0.0,0.0,-0.0,-33.4,2014-09-04,pass,"counterfactual_common_baseline_relative=max(0,final_yield-null)-I-5N"
SY,Shenyang,2014,DQN,,,dssat_auto,2014,248,158,0.0,27.2,10.3,137.0,2724.0,5715.0,0.0,0.304,248,0.0,0.0,-0.0,-33.4,2014-09-05,pass,"counterfactual_common_baseline_relative=max(0,final_yield-null)-I-5N"
SY,Shenyang,2014,DQN,,,dssat_auto,2014,249,159,0.0,30.4,12.9,138.0,2724.0,5715.0,0.0,0.304,245,0.0,0.0,-0.0,-33.4,2014-09-06,pass,"counterfactual_common_baseline_relative=max(0,final_yield-null)-I-5N"
SY,Shenyang,2014,DQN,,,dssat_auto,2014,250,160,0.0,29.2,14.9,139.0,2724.0,5715.0,0.0,0.304,243,0.0,0.0,0.0,-33.4,2014-09-07,pass,"counterfactual_common_baseline_relative=max(0,final_yield-null)-I-5N"
SY,Shenyang,2014,DQN,,,official_extension_expert,2014,91,1,0.0,19.2,6.1,0.0,0.0,0.0,0.0,0.0,368,37.5,112.0,-597.5,-597.5,2014-04-01,pass,"counterfactual_common_baseline_relative=max(0,final_yield-null)-I-5N"
SY,Shenyang,2014,DQN,,,official_extension_expert,2014,92,2,0.0,13.4,6.9,0.0,0.0,0.0,0.0,0.0,364,0.0,0.0,-0.0,-597.5,2014-04-02,pass,"counterfactual_common_baseline_relative=max(0,final_yield-null)-I-5N"
SY,Shenyang,2014,DQN,,,official_extension_expert,2014,93,3,0.0,10.1,-1.8,0.0,0.0,0.0,0.0,0.0,360,0.0,0.0,-0.0,-597.5,2014-04-03,pass,"counterfactual_common_baseline_relative=max(0,final_yield-null)-I-5N"
SY,Shenyang,2014,DQN,,,official_extension_expert,2014,94,4,0.0,12.0,-1.7,0.0,0.0,0.0,0.0,0.0,357,0.0,0.0,-0.0,-597.5,2014-04-04,pass,"counterfactual_common_baseline_relative=max(0,final_yield-null)-I-5N"
SY,Shenyang,2014,DQN,,,official_extension_expert,2014,95,5,0.0,8.3,-2.3,0.0,0.0,0.0,0.0,0.0,354,0.0,0.0,-0.0,-597.5,2014-04-05,pass,"counterfactual_common_baseline_relative=max(0,final_yield-null)-I-5N"
SY,Shenyang,2014,DQN,,,official_extension_expert,2014,96,6,0.0,19.8,-2.0,0.0,0.0,0.0,0.0,0.0,352,0.0,0.0,-0.0,-597.5,2014-04-06,pass,"counterfactual_common_baseline_relative=max(0,final_yield-null)-I-5N"
SY,Shenyang,2014,DQN,,,official_extension_expert,2014,97,7,0.0,22.3,2.9,0.0,0.0,0.0,0.0,0.0,350,0.0,0.0,-0.0,-597.5,2014-04-07,pass,"counterfactual_common_baseline_relative=max(0,final_yield-null)-I-5N"
SY,Shenyang,2014,DQN,,,official_extension_expert,2014,98,8,0.0,22.7,1.9,0.0,0.0,0.0,0.0,0.0,348,0.0,0.0,-0.0,-597.5,2014-04-08,pass,"counterfactual_common_baseline_relative=max(0,final_yield-null)-I-5N"
SY,Shenyang,2014,DQN,,,official_extension_expert,2014,99,9,0.0,16.0,10.8,0.0,0.0,0.0,0.0,0.0,347,0.0,0.0,-0.0,-597.5,2014-04-09,pass,"counterfactual_common_baseline_relative=max(0,final_yield-null)-I-5N"
SY,Shenyang,2014,DQN,,,official_extension_expert,2014,100,10,0.0,18.3,2.8,0.0,0.0,0.0,0.0,0.0,345,0.0,0.0,-0.0,-597.5,2014-04-10,pass,"counterfactual_common_baseline_relative=max(0,final_yield-null)-I-5N"
SY,Shenyang,2014,DQN,,,official_extension_expert,2014,101,11,0.0,20.5,1.0,0.0,0.0,0.0,0.0,0.0,344,0.0,0.0,-0.0,-597.5,2014-04-11,pass,"counterfactual_common_baseline_relative=max(0,final_yield-null)-I-5N"
SY,Shenyang,2014,DQN,,,official_extension_expert,2014,102,12,0.0,21.6,3.5,0.0,0.0,0.0,0.0,0.0,343,0.0,0.0,-0.0,-597.5,2014-04-12,pass,"counterfactual_common_baseline_relative=max(0,final_yield-null)-I-5N"
SY,Shenyang,2014,DQN,,,official_extension_expert,2014,103,13,0.0,23.2,2.9,0.0,0.0,0.0,0.0,0.0,341,0.0,0.0,-0.0,-597.5,2014-04-13,pass,"counterfactual_common_baseline_relative=max(0,final_yield-null)-I-5N"
SY,Shenyang,2014,DQN,,,official_extension_expert,2014,104,14,0.0,24.7,4.4,0.0,0.0,0.0,0.0,0.0,340,0.0,0.0,-0.0,-597.5,2014-04-14,pass,"counterfactual_common_baseline_relative=max(0,final_yield-null)-I-5N"
SY,Shenyang,2014,DQN,,,official_extension_expert,2014,105,15,0.0,18.6,8.9,0.0,0.0,0.0,0.0,0.0,339,0.0,0.0,-0.0,-597.5,2014-04-15,pass,"counterfactual_common_baseline_relative=max(0,final_yield-null)-I-5N"
SY,Shenyang,2014,DQN,,,official_extension_expert,2014,106,16,0.0,23.6,-0.1,0.0,0.0,0.0,0.0,0.0,338,0.0,0.0,-0.0,-597.5,2014-04-16,pass,"counterfactual_common_baseline_relative=max(0,final_yield-null)-I-5N"
SY,Shenyang,2014,DQN,,,official_extension_expert,2014,107,17,0.0,19.0,8.4,0.0,0.0,0.0,0.0,0.0,337,0.0,0.0,-0.0,-597.5,2014-04-17,pass,"counterfactual_common_baseline_relative=max(0,final_yield-null)-I-5N"
SY,Shenyang,2014,DQN,,,official_extension_expert,2014,108,18,0.0,18.4,8.7,0.0,0.0,0.0,0.0,0.0,336,0.0,0.0,-0.0,-597.5,2014-04-18,pass,"counterfactual_common_baseline_relative=max(0,final_yield-null)-I-5N"
SY,Shenyang,2014,DQN,,,official_extension_expert,2014,109,19,0.0,19.9,4.0,0.0,0.0,0.0,0.0,0.0,336,0.0,0.0,-0.0,-597.5,2014-04-19,pass,"counterfactual_common_baseline_relative=max(0,final_yield-null)-I-5N"
SY,Shenyang,2014,DQN,,,official_extension_expert,2014,110,20,0.0,18.8,9.8,0.0,0.0,0.0,0.0,0.0,335,0.0,0.0,-0.0,-597.5,2014-04-20,pass,"counterfactual_common_baseline_relative=max(0,final_yield-null)-I-5N"
SY,Shenyang,2014,DQN,,,official_extension_expert,2014,111,21,0.0,21.8,3.8,0.0,0.0,0.0,0.0,0.0,334,0.0,0.0,-0.0,-597.5,2014-04-21,pass,"counterfactual_common_baseline_relative=max(0,final_yield-null)-I-5N"
SY,Shenyang,2014,DQN,,,official_extension_expert,2014,112,22,0.0,25.1,8.5,1.0,0.0,0.0,0.0,0.0,333,0.0,0.0,-0.0,-597.5,2014-04-22,pass,"counterfactual_common_baseline_relative=max(0,final_yield-null)-I-5N"
SY,Shenyang,2014,DQN,,,official_extension_expert,2014,113,23,0.0,26.6,11.5,2.0,0.0,0.0,0.0,0.0,333,0.0,0.0,-0.0,-597.5,2014-04-23,pass,"counterfactual_common_baseline_relative=max(0,final_yield-null)-I-5N"
SY,Shenyang,2014,DQN,,,official_extension_expert,2014,114,24,0.0,24.6,14.6,3.0,0.0,0.0,0.0,0.0,332,0.0,0.0,-0.0,-597.5,2014-04-24,pass,"counterfactual_common_baseline_relative=max(0,final_yield-null)-I-5N"
SY,Shenyang,2014,DQN,,,official_extension_expert,2014,115,25,0.0,27.3,12.9,4.0,0.0,0.0,0.0,0.0,332,0.0,0.0,-0.0,-597.5,2014-04-25,pass,"counterfactual_common_baseline_relative=max(0,final_yield-null)-I-5N"
SY,Shenyang,2014,DQN,,,official_extension_expert,2014,116,26,0.0,21.0,14.3,5.0,0.0,0.0,0.0,0.0,331,0.0,0.0,-0.0,-597.5,2014-04-26,pass,"counterfactual_common_baseline_relative=max(0,final_yield-null)-I-5N"
SY,Shenyang,2014,DQN,,,official_extension_expert,2014,117,27,0.0,20.7,8.6,6.0,0.0,0.0,0.0,0.0,331,0.0,0.0,-0.0,-597.5,2014-04-27,pass,"counterfactual_common_baseline_relative=max(0,final_yield-null)-I-5N"
SY,Shenyang,2014,DQN,,,official_extension_expert,2014,118,28,0.0,24.4,7.0,7.0,0.0,0.0,0.0,0.0,330,0.0,0.0,-0.0,-597.5,2014-04-28,pass,"counterfactual_common_baseline_relative=max(0,final_yield-null)-I-5N"
SY,Shenyang,2014,DQN,,,official_extension_expert,2014,119,29,0.0,26.1,5.6,8.0,0.0,0.0,0.0,0.0,330,0.0,0.0,-0.0,-597.5,2014-04-29,pass,"counterfactual_common_baseline_relative=max(0,final_yield-null)-I-5N"
SY,Shenyang,2014,DQN,,,official_extension_expert,2014,120,30,0.0,28.2,9.4,9.0,0.0,19.0,0.0,0.012,329,0.0,0.0,-0.0,-597.5,2014-04-30,pass,"counterfactual_common_baseline_relative=max(0,final_yield-null)-I-5N"
SY,Shenyang,2014,DQN,,,official_extension_expert,2014,121,31,0.0,28.3,15.1,10.0,0.0,19.0,0.0,0.011,329,0.0,0.0,-0.0,-597.5,2014-05-01,pass,"counterfactual_common_baseline_relative=max(0,final_yield-null)-I-5N"
SY,Shenyang,2014,DQN,,,official_extension_expert,2014,122,32,9.0,22.2,6.1,11.0,0.0,19.0,0.0,0.009,337,0.0,0.0,-0.0,-597.5,2014-05-02,pass,"counterfactual_common_baseline_relative=max(0,final_yield-null)-I-5N"
SY,Shenyang,2014,DQN,,,official_extension_expert,2014,123,33,0.0,22.3,1.7,12.0,0.0,19.0,0.0,0.007,336,0.0,0.0,-0.0,-597.5,2014-05-03,pass,"counterfactual_common_baseline_relative=max(0,final_yield-null)-I-5N"
SY,Shenyang,2014,DQN,,,official_extension_expert,2014,124,34,13.0,15.0,5.4,13.0,0.0,19.0,0.0,0.006,347,0.0,0.0,-0.0,-597.5,2014-05-04,pass,"counterfactual_common_baseline_relative=max(0,final_yield-null)-I-5N"
SY,Shenyang,2014,DQN,,,official_extension_expert,2014,125,35,0.0,14.5,1.8,14.0,0.0,19.0,0.0,0.005,343,0.0,0.0,-0.0,-597.5,2014-05-05,pass,"counterfactual_common_baseline_relative=max(0,final_yield-null)-I-5N"
SY,Shenyang,2014,DQN,,,official_extension_expert,2014,126,36,0.0,19.5,6.2,15.0,0.0,19.0,0.0,0.003,341,0.0,0.0,-0.0,-597.5,2014-05-06,pass,"counterfactual_common_baseline_relative=max(0,final_yield-null)-I-5N"
SY,Shenyang,2014,DQN,,,official_extension_expert,2014,127,37,0.0,13.2,9.8,16.0,0.0,19.0,0.0,0.002,340,0.0,0.0,-0.0,-597.5,2014-05-07,pass,"counterfactual_common_baseline_relative=max(0,final_yield-null)-I-5N"
SY,Shenyang,2014,DQN,,,official_extension_expert,2014,128,38,0.0,20.7,4.0,17.0,0.0,19.0,0.0,0.0,338,0.0,0.0,-0.0,-597.5,2014-05-08,pass,"counterfactual_common_baseline_relative=max(0,final_yield-null)-I-5N"
SY,Shenyang,2014,DQN,,,official_extension_expert,2014,129,39,0.0,21.2,4.7,18.0,0.0,19.0,0.0,0.0,337,0.0,0.0,-0.0,-597.5,2014-05-09,pass,"counterfactual_common_baseline_relative=max(0,final_yield-null)-I-5N"
SY,Shenyang,2014,DQN,,,official_extension_expert,2014,130,40,0.0,26.2,7.3,19.0,0.0,19.0,0.0,0.0,336,0.0,0.0,-0.0,-597.5,2014-05-10,pass,"counterfactual_common_baseline_relative=max(0,final_yield-null)-I-5N"
SY,Shenyang,2014,DQN,,,official_extension_expert,2014,131,41,19.0,20.8,11.4,20.0,0.0,19.0,0.0,0.0,352,0.0,0.0,-0.0,-597.5,2014-05-11,pass,"counterfactual_common_baseline_relative=max(0,final_yield-null)-I-5N"
SY,Shenyang,2014,DQN,,,official_extension_expert,2014,132,42,0.0,18.3,11.0,21.0,0.0,19.0,0.0,0.0,349,0.0,0.0,-0.0,-597.5,2014-05-12,pass,"counterfactual_common_baseline_relative=max(0,final_yield-null)-I-5N"
SY,Shenyang,2014,DQN,,,official_extension_expert,2014,133,43,0.0,25.3,12.1,22.0,0.0,19.0,0.0,0.0,344,0.0,0.0,-0.0,-597.5,2014-05-13,pass,"counterfactual_common_baseline_relative=max(0,final_yield-null)-I-5N"
SY,Shenyang,2014,DQN,,,official_extension_expert,2014,134,44,0.0,22.0,11.4,23.0,0.0,19.0,0.0,0.0,340,0.0,0.0,-0.0,-597.5,2014-05-14,pass,"counterfactual_common_baseline_relative=max(0,final_yield-null)-I-5N"
SY,Shenyang,2014,DQN,,,official_extension_expert,2014,135,45,0.0,22.4,9.9,24.0,0.0,19.0,0.0,0.0,338,0.0,0.0,-0.0,-597.5,2014-05-15,pass,"counterfactual_common_baseline_relative=max(0,final_yield-null)-I-5N"
SY,Shenyang,2014,DQN,,,official_extension_expert,2014,136,46,0.0,24.8,8.5,25.0,0.0,20.0,0.0,0.0,337,0.0,0.0,-0.0,-597.5,2014-05-16,pass,"counterfactual_common_baseline_relative=max(0,final_yield-null)-I-5N"
SY,Shenyang,2014,DQN,,,official_extension_expert,2014,137,47,0.0,24.9,9.4,26.0,0.0,23.0,0.0,0.0,335,0.0,0.0,-0.0,-597.5,2014-05-17,pass,"counterfactual_common_baseline_relative=max(0,final_yield-null)-I-5N"
SY,Shenyang,2014,DQN,,,official_extension_expert,2014,138,48,0.0,27.4,13.6,27.0,0.0,28.0,0.0,0.0,334,0.0,0.0,-0.0,-597.5,2014-05-18,pass,"counterfactual_common_baseline_relative=max(0,final_yield-null)-I-5N"
SY,Shenyang,2014,DQN,,,official_extension_expert,2014,139,49,0.0,22.3,14.6,28.0,0.0,32.0,0.0,0.0,333,0.0,0.0,-0.0,-597.5,2014-05-19,pass,"counterfactual_common_baseline_relative=max(0,final_yield-null)-I-5N"
SY,Shenyang,2014,DQN,,,official_extension_expert,2014,140,50,15.6,19.1,13.1,29.0,0.0,36.0,0.0,0.0,343,0.0,0.0,-0.0,-597.5,2014-05-20,pass,"counterfactual_common_baseline_relative=max(0,final_yield-null)-I-5N"
SY,Shenyang,2014,DQN,,,official_extension_expert,2014,141,51,19.0,28.7,13.1,30.0,0.0,43.0,0.0,0.0,396,45.0,34.0,-215.0,-812.5,2014-05-21,pass,"counterfactual_common_baseline_relative=max(0,final_yield-null)-I-5N"
SY,Shenyang,2014,DQN,,,official_extension_expert,2014,142,52,0.0,31.7,9.7,31.0,0.0,50.0,0.0,0.0,389,0.0,0.0,-0.0,-812.5,2014-05-22,pass,"counterfactual_common_baseline_relative=max(0,final_yield-null)-I-5N"
SY,Shenyang,2014,DQN,,,official_extension_expert,2014,143,53,0.0,30.6,20.0,32.0,0.0,59.0,0.0,0.0,385,0.0,0.0,-0.0,-812.5,2014-05-23,pass,"counterfactual_common_baseline_relative=max(0,final_yield-null)-I-5N"
SY,Shenyang,2014,DQN,,,official_extension_expert,2014,144,54,0.0,25.8,17.2,33.0,0.0,67.0,0.0,0.0,381,0.0,0.0,-0.0,-812.5,2014-05-24,pass,"counterfactual_common_baseline_relative=max(0,final_yield-null)-I-5N"
SY,Shenyang,2014,DQN,,,official_extension_expert,2014,145,55,11.4,19.8,16.4,34.0,0.0,70.0,0.0,0.0,390,0.0,0.0,-0.0,-812.5,2014-05-25,pass,"counterfactual_common_baseline_relative=max(0,final_yield-null)-I-5N"
SY,Shenyang,2014,DQN,,,official_extension_expert,2014,146,56,0.0,27.6,14.0,35.0,0.0,82.0,0.0,0.002,382,0.0,0.0,-0.0,-812.5,2014-05-26,pass,"counterfactual_common_baseline_relative=max(0,final_yield-null)-I-5N"
SY,Shenyang,2014,DQN,,,official_extension_expert,2014,147,57,0.0,31.3,11.7,36.0,0.0,97.0,0.0,0.0,376,0.0,0.0,-0.0,-812.5,2014-05-27,pass,"counterfactual_common_baseline_relative=max(0,final_yield-null)-I-5N"
SY,Shenyang,2014,DQN,,,official_extension_expert,2014,148,58,0.0,29.4,17.0,37.0,0.0,116.0,0.0,0.0,371,0.0,0.0,-0.0,-812.5,2014-05-28,pass,"counterfactual_common_baseline_relative=max(0,final_yield-null)-I-5N"
SY,Shenyang,2014,DQN,,,official_extension_expert,2014,149,59,0.0,31.6,19.2,38.0,0.0,140.0,0.0,0.0,367,0.0,0.0,-0.0,-812.5,2014-05-29,pass,"counterfactual_common_baseline_relative=max(0,final_yield-null)-I-5N"
SY,Shenyang,2014,DQN,,,official_extension_expert,2014,150,60,0.0,33.9,15.9,39.0,0.0,169.0,0.0,0.0,363,0.0,0.0,-0.0,-812.5,2014-05-30,pass,"counterfactual_common_baseline_relative=max(0,final_yield-null)-I-5N"
SY,Shenyang,2014,DQN,,,official_extension_expert,2014,151,61,0.0,35.8,19.6,40.0,0.0,206.0,0.0,0.0,359,0.0,0.0,-0.0,-812.5,2014-05-31,pass,"counterfactual_common_baseline_relative=max(0,final_yield-null)-I-5N"
SY,Shenyang,2014,DQN,,,official_extension_expert,2014,152,62,0.0,32.1,21.0,41.0,0.0,244.0,0.0,0.0,356,0.0,0.0,-0.0,-812.5,2014-06-01,pass,"counterfactual_common_baseline_relative=max(0,final_yield-null)-I-5N"
SY,Shenyang,2014,DQN,,,official_extension_expert,2014,153,63,6.8,28.8,18.4,42.0,0.0,280.0,0.0,0.0,359,0.0,0.0,-0.0,-812.5,2014-06-02,pass,"counterfactual_common_baseline_relative=max(0,final_yield-null)-I-5N"
SY,Shenyang,2014,DQN,,,official_extension_expert,2014,154,64,0.0,30.2,17.0,43.0,0.0,320.0,0.0,0.0,355,0.0,0.0,-0.0,-812.5,2014-06-03,pass,"counterfactual_common_baseline_relative=max(0,final_yield-null)-I-5N"
SY,Shenyang,2014,DQN,,,official_extension_expert,2014,155,65,0.0,30.4,19.1,44.0,0.0,368.0,0.0,0.0,350,0.0,0.0,-0.0,-812.5,2014-06-04,pass,"counterfactual_common_baseline_relative=max(0,final_yield-null)-I-5N"
SY,Shenyang,2014,DQN,,,official_extension_expert,2014,156,66,0.0,30.2,21.6,45.0,0.0,423.0,0.0,0.0,346,0.0,0.0,-0.0,-812.5,2014-06-05,pass,"counterfactual_common_baseline_relative=max(0,final_yield-null)-I-5N"
SY,Shenyang,2014,DQN,,,official_extension_expert,2014,157,67,0.0,27.4,19.5,46.0,0.0,472.0,0.0,0.0,343,0.0,0.0,-0.0,-812.5,2014-06-06,pass,"counterfactual_common_baseline_relative=max(0,final_yield-null)-I-5N"
SY,Shenyang,2014,DQN,,,official_extension_expert,2014,158,68,0.0,23.4,17.9,47.0,0.0,516.0,0.0,0.0,340,0.0,0.0,-0.0,-812.5,2014-06-07,pass,"counterfactual_common_baseline_relative=max(0,final_yield-null)-I-5N"
SY,Shenyang,2014,DQN,,,official_extension_expert,2014,159,69,8.7,24.5,16.2,48.0,0.0,562.0,0.0,0.0,346,0.0,0.0,-0.0,-812.5,2014-06-08,pass,"counterfactual_common_baseline_relative=max(0,final_yield-null)-I-5N"
SY,Shenyang,2014,DQN,,,official_extension_expert,2014,160,70,2.2,25.5,16.2,49.0,0.0,621.0,0.0,0.0,344,0.0,0.0,-0.0,-812.5,2014-06-09,pass,"counterfactual_common_baseline_relative=max(0,final_yield-null)-I-5N"
SY,Shenyang,2014,DQN,,,official_extension_expert,2014,161,71,0.0,26.0,16.4,50.0,0.0,684.0,0.0,0.0,388,50.0,68.0,-390.0,-1202.5,2014-06-10,pass,"counterfactual_common_baseline_relative=max(0,final_yield-null)-I-5N"
SY,Shenyang,2014,DQN,,,official_extension_expert,2014,162,72,0.0,25.6,14.1,51.0,0.0,743.0,0.0,0.0,389,6.2,0.0,-6.2,-1208.7,2014-06-11,pass,"counterfactual_common_baseline_relative=max(0,final_yield-null)-I-5N"
SY,Shenyang,2014,DQN,,,official_extension_expert,2014,163,73,0.0,27.7,15.0,52.0,0.0,782.0,0.0,0.0,381,0.0,0.0,-0.0,-1208.7,2014-06-12,pass,"counterfactual_common_baseline_relative=max(0,final_yield-null)-I-5N"
SY,Shenyang,2014,DQN,,,official_extension_expert,2014,164,74,0.0,28.0,16.0,53.0,0.0,843.0,0.0,0.0,373,0.0,0.0,-0.0,-1208.7,2014-06-13,pass,"counterfactual_common_baseline_relative=max(0,final_yield-null)-I-5N"
SY,Shenyang,2014,DQN,,,official_extension_expert,2014,165,75,0.0,31.1,14.7,54.0,0.0,919.0,0.0,0.0,365,0.0,0.0,-0.0,-1208.7,2014-06-14,pass,"counterfactual_common_baseline_relative=max(0,final_yield-null)-I-5N"
SY,Shenyang,2014,DQN,,,official_extension_expert,2014,166,76,0.0,32.3,19.3,55.0,0.0,1018.0,0.0,0.0,357,0.0,0.0,-0.0,-1208.7,2014-06-15,pass,"counterfactual_common_baseline_relative=max(0,final_yield-null)-I-5N"
SY,Shenyang,2014,DQN,,,official_extension_expert,2014,167,77,0.0,30.7,19.4,56.0,0.0,1122.0,0.0,0.0,352,0.0,0.0,-0.0,-1208.7,2014-06-16,pass,"counterfactual_common_baseline_relative=max(0,final_yield-null)-I-5N"
SY,Shenyang,2014,DQN,,,official_extension_expert,2014,168,78,5.7,27.9,18.7,57.0,0.0,1221.0,0.0,0.0,356,0.0,0.0,-0.0,-1208.7,2014-06-17,pass,"counterfactual_common_baseline_relative=max(0,final_yield-null)-I-5N"
SY,Shenyang,2014,DQN,,,official_extension_expert,2014,169,79,9.4,25.0,16.7,58.0,0.0,1307.0,0.0,0.0,363,0.0,0.0,-0.0,-1208.7,2014-06-18,pass,"counterfactual_common_baseline_relative=max(0,final_yield-null)-I-5N"
SY,Shenyang,2014,DQN,,,official_extension_expert,2014,170,80,0.0,27.4,16.7,59.0,0.0,1407.0,0.0,0.0,357,0.0,0.0,-0.0,-1208.7,2014-06-19,pass,"counterfactual_common_baseline_relative=max(0,final_yield-null)-I-5N"
SY,Shenyang,2014,DQN,,,official_extension_expert,2014,171,81,2.6,27.1,17.8,60.0,0.0,1514.0,0.0,0.0,356,0.0,0.0,-0.0,-1208.7,2014-06-20,pass,"counterfactual_common_baseline_relative=max(0,final_yield-null)-I-5N"
SY,Shenyang,2014,DQN,,,official_extension_expert,2014,172,82,0.0,28.0,18.0,61.0,0.0,1631.0,0.0,0.0,350,0.0,0.0,-0.0,-1208.7,2014-06-21,pass,"counterfactual_common_baseline_relative=max(0,final_yield-null)-I-5N"
SY,Shenyang,2014,DQN,,,official_extension_expert,2014,173,83,38.3,27.8,15.9,62.0,0.0,1744.0,0.0,0.0,372,0.0,0.0,-0.0,-1208.7,2014-06-22,pass,"counterfactual_common_baseline_relative=max(0,final_yield-null)-I-5N"
SY,Shenyang,2014,DQN,,,official_extension_expert,2014,174,84,0.0,29.4,15.3,63.0,0.0,1867.0,0.0,0.0,364,0.0,0.0,-0.0,-1208.7,2014-06-23,pass,"counterfactual_common_baseline_relative=max(0,final_yield-null)-I-5N"
SY,Shenyang,2014,DQN,,,official_extension_expert,2014,175,85,0.0,31.1,16.2,64.0,0.0,1998.0,0.0,0.0,356,0.0,0.0,-0.0,-1208.7,2014-06-24,pass,"counterfactual_common_baseline_relative=max(0,final_yield-null)-I-5N"
SY,Shenyang,2014,DQN,,,official_extension_expert,2014,176,86,0.0,30.0,20.2,65.0,0.0,2126.0,0.0,0.0,401,50.0,26.0,-180.0,-1388.7,2014-06-25,pass,"counterfactual_common_baseline_relative=max(0,final_yield-null)-I-5N"
SY,Shenyang,2014,DQN,,,official_extension_expert,2014,177,87,0.0,25.3,20.8,66.0,0.0,2241.0,0.0,0.0,405,6.2,0.0,-6.2,-1394.9,2014-06-26,pass,"counterfactual_common_baseline_relative=max(0,final_yield-null)-I-5N"
SY,Shenyang,2014,DQN,,,official_extension_expert,2014,178,88,3.4,24.6,19.8,67.0,0.0,2279.0,0.0,0.0,405,0.0,0.0,-0.0,-1394.9,2014-06-27,pass,"counterfactual_common_baseline_relative=max(0,final_yield-null)-I-5N"
SY,Shenyang,2014,DQN,,,official_extension_expert,2014,179,89,15.6,26.6,17.2,68.0,0.0,2319.0,0.0,0.0,415,0.0,0.0,-0.0,-1394.9,2014-06-28,pass,"counterfactual_common_baseline_relative=max(0,final_yield-null)-I-5N"
SY,Shenyang,2014,DQN,,,official_extension_expert,2014,180,90,0.0,29.3,18.5,69.0,0.0,2403.0,0.0,0.0,406,0.0,0.0,-0.0,-1394.9,2014-06-29,pass,"counterfactual_common_baseline_relative=max(0,final_yield-null)-I-5N"
SY,Shenyang,2014,DQN,,,official_extension_expert,2014,181,91,0.0,32.3,18.9,70.0,0.0,2536.0,0.0,0.0,396,0.0,0.0,-0.0,-1394.9,2014-06-30,pass,"counterfactual_common_baseline_relative=max(0,final_yield-null)-I-5N"
SY,Shenyang,2014,DQN,,,official_extension_expert,2014,182,92,0.0,30.7,20.6,71.0,0.0,2721.0,0.0,0.0,387,0.0,0.0,-0.0,-1394.9,2014-07-01,pass,"counterfactual_common_baseline_relative=max(0,final_yield-null)-I-5N"
SY,Shenyang,2014,DQN,,,official_extension_expert,2014,183,93,0.0,30.9,18.5,72.0,0.0,3128.0,0.0,0.0,378,0.0,0.0,-0.0,-1394.9,2014-07-02,pass,"counterfactual_common_baseline_relative=max(0,final_yield-null)-I-5N"
SY,Shenyang,2014,DQN,,,official_extension_expert,2014,184,94,0.0,27.8,20.8,73.0,0.0,3375.0,0.0,0.0,372,0.0,0.0,-0.0,-1394.9,2014-07-03,pass,"counterfactual_common_baseline_relative=max(0,final_yield-null)-I-5N"
SY,Shenyang,2014,DQN,,,official_extension_expert,2014,185,95,0.0,30.3,21.7,74.0,0.0,3653.0,0.0,0.0,365,0.0,0.0,-0.0,-1394.9,2014-07-04,pass,"counterfactual_common_baseline_relative=max(0,final_yield-null)-I-5N"
SY,Shenyang,2014,DQN,,,official_extension_expert,2014,186,96,0.0,31.5,20.1,75.0,0.0,3910.0,0.0,0.0,357,0.0,0.0,-0.0,-1394.9,2014-07-05,pass,"counterfactual_common_baseline_relative=max(0,final_yield-null)-I-5N"
SY,Shenyang,2014,DQN,,,official_extension_expert,2014,187,97,0.0,29.7,20.6,76.0,0.0,4146.0,0.0,0.0,350,0.0,0.0,-0.0,-1394.9,2014-07-06,pass,"counterfactual_common_baseline_relative=max(0,final_yield-null)-I-5N"
SY,Shenyang,2014,DQN,,,official_extension_expert,2014,188,98,0.0,30.7,19.3,77.0,0.0,4373.0,0.0,0.0,344,0.0,0.0,-0.0,-1394.9,2014-07-07,pass,"counterfactual_common_baseline_relative=max(0,final_yield-null)-I-5N"
SY,Shenyang,2014,DQN,,,official_extension_expert,2014,189,99,0.0,28.4,20.6,78.0,0.0,4536.0,0.0,0.0,341,0.0,0.0,-0.0,-1394.9,2014-07-08,pass,"counterfactual_common_baseline_relative=max(0,final_yield-null)-I-5N"
SY,Shenyang,2014,DQN,,,official_extension_expert,2014,190,100,2.5,30.3,20.8,79.0,0.0,4759.0,0.0,0.0,338,0.0,0.0,-0.0,-1394.9,2014-07-09,pass,"counterfactual_common_baseline_relative=max(0,final_yield-null)-I-5N"
SY,Shenyang,2014,DQN,,,official_extension_expert,2014,191,101,0.0,30.1,16.1,80.0,0.0,4948.0,0.0,0.0,331,0.0,0.0,-0.0,-1394.9,2014-07-10,pass,"counterfactual_common_baseline_relative=max(0,final_yield-null)-I-5N"
SY,Shenyang,2014,DQN,,,official_extension_expert,2014,192,102,0.0,29.1,18.2,81.0,0.0,5141.0,0.0,0.0,325,0.0,0.0,-0.0,-1394.9,2014-07-11,pass,"counterfactual_common_baseline_relative=max(0,final_yield-null)-I-5N"
SY,Shenyang,2014,DQN,,,official_extension_expert,2014,193,103,0.0,30.1,17.2,82.0,0.0,5332.0,0.0,0.0,319,0.0,0.0,-0.0,-1394.9,2014-07-12,pass,"counterfactual_common_baseline_relative=max(0,final_yield-null)-I-5N"
SY,Shenyang,2014,DQN,,,official_extension_expert,2014,194,104,0.0,30.7,17.6,83.0,0.0,5529.0,0.0,0.0,313,0.0,0.0,-0.0,-1394.9,2014-07-13,pass,"counterfactual_common_baseline_relative=max(0,final_yield-null)-I-5N"
SY,Shenyang,2014,DQN,,,official_extension_expert,2014,195,105,0.0,33.3,18.3,84.0,0.0,5747.0,0.0,0.0,307,0.0,0.0,-0.0,-1394.9,2014-07-14,pass,"counterfactual_common_baseline_relative=max(0,final_yield-null)-I-5N"
SY,Shenyang,2014,DQN,,,official_extension_expert,2014,196,106,0.0,31.1,21.7,85.0,0.0,5972.0,0.0,0.0,344,41.2,34.0,-211.2,-1606.1000000000001,2014-07-15,pass,"counterfactual_common_baseline_relative=max(0,final_yield-null)-I-5N"
SY,Shenyang,2014,DQN,,,official_extension_expert,2014,197,107,18.6,30.3,19.0,86.0,0.0,6176.0,0.0,0.0,353,0.0,0.0,-0.0,-1606.1000000000001,2014-07-16,pass,"counterfactual_common_baseline_relative=max(0,final_yield-null)-I-5N"
SY,Shenyang,2014,DQN,,,official_extension_expert,2014,198,108,20.8,29.2,19.4,87.0,0.0,6333.0,0.0,0.0,365,0.0,0.0,-0.0,-1606.1000000000001,2014-07-17,pass,"counterfactual_common_baseline_relative=max(0,final_yield-null)-I-5N"
SY,Shenyang,2014,DQN,,,official_extension_expert,2014,199,109,0.0,29.9,22.0,88.0,0.0,6501.0,0.0,0.0,361,0.0,0.0,-0.0,-1606.1000000000001,2014-07-18,pass,"counterfactual_common_baseline_relative=max(0,final_yield-null)-I-5N"
SY,Shenyang,2014,DQN,,,official_extension_expert,2014,200,110,0.0,32.0,24.0,89.0,0.0,6746.0,0.0,0.0,357,0.0,0.0,-0.0,-1606.1000000000001,2014-07-19,pass,"counterfactual_common_baseline_relative=max(0,final_yield-null)-I-5N"
SY,Shenyang,2014,DQN,,,official_extension_expert,2014,201,111,0.0,32.4,24.7,90.0,0.0,7069.0,0.0,0.0,353,0.0,0.0,-0.0,-1606.1000000000001,2014-07-20,pass,"counterfactual_common_baseline_relative=max(0,final_yield-null)-I-5N"
SY,Shenyang,2014,DQN,,,official_extension_expert,2014,202,112,35.8,29.5,21.5,91.0,0.0,7137.0,0.0,0.0,375,0.0,0.0,-0.0,-1606.1000000000001,2014-07-21,pass,"counterfactual_common_baseline_relative=max(0,final_yield-null)-I-5N"
SY,Shenyang,2014,DQN,,,official_extension_expert,2014,203,113,0.0,28.0,19.6,92.0,0.0,7334.0,0.0,0.0,372,0.0,0.0,-0.0,-1606.1000000000001,2014-07-22,pass,"counterfactual_common_baseline_relative=max(0,final_yield-null)-I-5N"
SY,Shenyang,2014,DQN,,,official_extension_expert,2014,204,114,0.0,30.4,21.7,93.0,0.0,7655.0,0.0,0.0,367,0.0,0.0,-0.0,-1606.1000000000001,2014-07-23,pass,"counterfactual_common_baseline_relative=max(0,final_yield-null)-I-5N"
SY,Shenyang,2014,DQN,,,official_extension_expert,2014,205,115,0.0,29.7,20.5,94.0,0.0,7882.0,0.0,0.0,363,0.0,0.0,-0.0,-1606.1000000000001,2014-07-24,pass,"counterfactual_common_baseline_relative=max(0,final_yield-null)-I-5N"
SY,Shenyang,2014,DQN,,,official_extension_expert,2014,206,116,0.0,25.3,19.1,95.0,0.0,7961.0,0.0,0.0,362,0.0,0.0,-0.0,-1606.1000000000001,2014-07-25,pass,"counterfactual_common_baseline_relative=max(0,final_yield-null)-I-5N"
SY,Shenyang,2014,DQN,,,official_extension_expert,2014,207,117,0.0,27.9,18.1,96.0,0.0,8316.0,0.0,0.0,357,0.0,0.0,-0.0,-1606.1000000000001,2014-07-26,pass,"counterfactual_common_baseline_relative=max(0,final_yield-null)-I-5N"
SY,Shenyang,2014,DQN,,,official_extension_expert,2014,208,118,0.0,30.5,16.4,97.0,0.0,8663.0,0.0,0.0,351,0.0,0.0,-0.0,-1606.1000000000001,2014-07-27,pass,"counterfactual_common_baseline_relative=max(0,final_yield-null)-I-5N"
SY,Shenyang,2014,DQN,,,official_extension_expert,2014,209,119,0.0,30.2,18.9,98.0,0.0,8965.0,0.0,0.0,347,0.0,0.0,-0.0,-1606.1000000000001,2014-07-28,pass,"counterfactual_common_baseline_relative=max(0,final_yield-null)-I-5N"
SY,Shenyang,2014,DQN,,,official_extension_expert,2014,210,120,0.0,29.6,21.3,99.0,302.0,9267.0,0.0,0.0,343,0.0,0.0,-0.0,-1606.1000000000001,2014-07-29,pass,"counterfactual_common_baseline_relative=max(0,final_yield-null)-I-5N"
SY,Shenyang,2014,DQN,,,official_extension_expert,2014,211,121,0.0,27.7,18.7,100.0,604.0,9533.0,0.0,0.0,339,0.0,0.0,-0.0,-1606.1000000000001,2014-07-30,pass,"counterfactual_common_baseline_relative=max(0,final_yield-null)-I-5N"
SY,Shenyang,2014,DQN,,,official_extension_expert,2014,212,122,0.0,31.2,18.1,101.0,905.0,9870.0,0.0,0.0,335,0.0,0.0,-0.0,-1606.1000000000001,2014-07-31,pass,"counterfactual_common_baseline_relative=max(0,final_yield-null)-I-5N"
SY,Shenyang,2014,DQN,,,official_extension_expert,2014,213,123,0.0,32.4,23.7,102.0,1168.0,10132.0,0.0,0.0,329,0.0,0.0,-0.0,-1606.1000000000001,2014-08-01,pass,"counterfactual_common_baseline_relative=max(0,final_yield-null)-I-5N"
SY,Shenyang,2014,DQN,,,official_extension_expert,2014,214,124,0.0,33.9,22.2,103.0,1430.0,10395.0,0.0,0.0,323,0.0,0.0,-0.0,-1606.1000000000001,2014-08-02,pass,"counterfactual_common_baseline_relative=max(0,final_yield-null)-I-5N"
SY,Shenyang,2014,DQN,,,official_extension_expert,2014,215,125,0.0,32.8,21.8,104.0,1720.0,10685.0,0.0,0.0,318,0.0,0.0,-0.0,-1606.1000000000001,2014-08-03,pass,"counterfactual_common_baseline_relative=max(0,final_yield-null)-I-5N"
SY,Shenyang,2014,DQN,,,official_extension_expert,2014,216,126,0.0,29.3,21.5,105.0,2022.0,10987.0,0.0,0.0,314,0.0,0.0,-0.0,-1606.1000000000001,2014-08-04,pass,"counterfactual_common_baseline_relative=max(0,final_yield-null)-I-5N"
SY,Shenyang,2014,DQN,,,official_extension_expert,2014,217,127,0.0,29.6,16.1,106.0,2324.0,11289.0,0.0,0.0,310,0.0,0.0,-0.0,-1606.1000000000001,2014-08-05,pass,"counterfactual_common_baseline_relative=max(0,final_yield-null)-I-5N"
SY,Shenyang,2014,DQN,,,official_extension_expert,2014,218,128,0.0,29.5,18.4,107.0,2626.0,11591.0,0.0,0.0,304,0.0,0.0,-0.0,-1606.1000000000001,2014-08-06,pass,"counterfactual_common_baseline_relative=max(0,final_yield-null)-I-5N"
SY,Shenyang,2014,DQN,,,official_extension_expert,2014,219,129,0.0,29.5,15.6,108.0,2928.0,11892.0,0.0,0.0,299,0.0,0.0,-0.0,-1606.1000000000001,2014-08-07,pass,"counterfactual_common_baseline_relative=max(0,final_yield-null)-I-5N"
SY,Shenyang,2014,DQN,,,official_extension_expert,2014,220,130,0.0,30.8,15.0,109.0,3229.0,12194.0,0.0,0.0,293,0.0,0.0,-0.0,-1606.1000000000001,2014-08-08,pass,"counterfactual_common_baseline_relative=max(0,final_yield-null)-I-5N"
SY,Shenyang,2014,DQN,,,official_extension_expert,2014,221,131,0.0,30.8,17.1,110.0,3531.0,12496.0,0.0,0.0,318,30.0,26.0,-160.0,-1766.1000000000001,2014-08-09,pass,"counterfactual_common_baseline_relative=max(0,final_yield-null)-I-5N"
SY,Shenyang,2014,DQN,,,official_extension_expert,2014,222,132,0.0,29.9,17.3,111.0,3833.0,12798.0,0.0,0.0,314,0.0,0.0,-0.0,-1766.1000000000001,2014-08-10,pass,"counterfactual_common_baseline_relative=max(0,final_yield-null)-I-5N"
SY,Shenyang,2014,DQN,,,official_extension_expert,2014,223,133,0.0,29.8,17.8,112.0,4135.0,13100.0,0.0,0.0,310,0.0,0.0,-0.0,-1766.1000000000001,2014-08-11,pass,"counterfactual_common_baseline_relative=max(0,final_yield-null)-I-5N"
SY,Shenyang,2014,DQN,,,official_extension_expert,2014,224,134,0.0,29.7,17.2,113.0,4437.0,13401.0,0.0,0.0,304,0.0,0.0,-0.0,-1766.1000000000001,2014-08-12,pass,"counterfactual_common_baseline_relative=max(0,final_yield-null)-I-5N"
SY,Shenyang,2014,DQN,,,official_extension_expert,2014,225,135,0.0,30.8,14.2,114.0,4739.0,13703.0,0.0,0.0,300,0.0,0.0,-0.0,-1766.1000000000001,2014-08-13,pass,"counterfactual_common_baseline_relative=max(0,final_yield-null)-I-5N"
SY,Shenyang,2014,DQN,,,official_extension_expert,2014,226,136,5.0,28.4,17.6,115.0,5040.0,13967.0,0.0,0.0,301,0.0,0.0,-0.0,-1766.1000000000001,2014-08-14,pass,"counterfactual_common_baseline_relative=max(0,final_yield-null)-I-5N"
SY,Shenyang,2014,DQN,,,official_extension_expert,2014,227,137,0.0,29.3,18.4,116.0,5342.0,14292.0,0.0,0.0,297,0.0,0.0,-0.0,-1766.1000000000001,2014-08-15,pass,"counterfactual_common_baseline_relative=max(0,final_yield-null)-I-5N"
SY,Shenyang,2014,DQN,,,official_extension_expert,2014,228,138,0.0,30.3,18.9,117.0,5644.0,14609.0,0.0,0.0,292,0.0,0.0,-0.0,-1766.1000000000001,2014-08-16,pass,"counterfactual_common_baseline_relative=max(0,final_yield-null)-I-5N"
SY,Shenyang,2014,DQN,,,official_extension_expert,2014,229,139,25.8,30.5,18.0,118.0,5946.0,14880.0,0.0,0.0,308,0.0,0.0,-0.0,-1766.1000000000001,2014-08-17,pass,"counterfactual_common_baseline_relative=max(0,final_yield-null)-I-5N"
SY,Shenyang,2014,DQN,,,official_extension_expert,2014,230,140,0.0,28.8,18.3,119.0,6248.0,15126.0,0.0,0.0,305,0.0,0.0,-0.0,-1766.1000000000001,2014-08-18,pass,"counterfactual_common_baseline_relative=max(0,final_yield-null)-I-5N"
SY,Shenyang,2014,DQN,,,official_extension_expert,2014,231,141,0.0,30.6,17.2,120.0,6549.0,15471.0,0.0,0.0,300,0.0,0.0,-0.0,-1766.1000000000001,2014-08-19,pass,"counterfactual_common_baseline_relative=max(0,final_yield-null)-I-5N"
SY,Shenyang,2014,DQN,,,official_extension_expert,2014,232,142,0.0,32.6,18.3,121.0,6851.0,15816.0,0.0,0.0,295,0.0,0.0,-0.0,-1766.1000000000001,2014-08-20,pass,"counterfactual_common_baseline_relative=max(0,final_yield-null)-I-5N"
SY,Shenyang,2014,DQN,,,official_extension_expert,2014,233,143,0.0,27.9,19.7,122.0,7153.0,16026.0,0.0,0.0,292,0.0,0.0,-0.0,-1766.1000000000001,2014-08-21,pass,"counterfactual_common_baseline_relative=max(0,final_yield-null)-I-5N"
SY,Shenyang,2014,DQN,,,official_extension_expert,2014,234,144,0.0,31.3,19.9,123.0,7455.0,16332.0,0.0,0.0,288,0.0,0.0,-0.0,-1766.1000000000001,2014-08-22,pass,"counterfactual_common_baseline_relative=max(0,final_yield-null)-I-5N"
SY,Shenyang,2014,DQN,,,official_extension_expert,2014,235,145,3.5,27.2,20.7,124.0,7757.0,16496.0,0.0,0.0,289,0.0,0.0,-0.0,-1766.1000000000001,2014-08-23,pass,"counterfactual_common_baseline_relative=max(0,final_yield-null)-I-5N"
SY,Shenyang,2014,DQN,,,official_extension_expert,2014,236,146,5.6,28.6,19.5,125.0,8059.0,16725.0,0.0,0.0,292,0.0,0.0,-0.0,-1766.1000000000001,2014-08-24,pass,"counterfactual_common_baseline_relative=max(0,final_yield-null)-I-5N"
SY,Shenyang,2014,DQN,,,official_extension_expert,2014,237,147,0.0,24.2,19.6,126.0,8360.0,16854.0,0.0,0.0,290,0.0,0.0,-0.0,-1766.1000000000001,2014-08-25,pass,"counterfactual_common_baseline_relative=max(0,final_yield-null)-I-5N"
SY,Shenyang,2014,DQN,,,official_extension_expert,2014,238,148,0.0,29.4,17.3,127.0,8662.0,17206.0,0.0,0.0,285,0.0,0.0,-0.0,-1766.1000000000001,2014-08-26,pass,"counterfactual_common_baseline_relative=max(0,final_yield-null)-I-5N"
SY,Shenyang,2014,DQN,,,official_extension_expert,2014,239,149,0.0,30.5,15.5,128.0,8964.0,17547.0,0.0,0.0,279,0.0,0.0,-0.0,-1766.1000000000001,2014-08-27,pass,"counterfactual_common_baseline_relative=max(0,final_yield-null)-I-5N"
SY,Shenyang,2014,DQN,,,official_extension_expert,2014,240,150,0.0,29.5,17.7,129.0,9266.0,17846.0,0.0,0.0,275,0.0,0.0,-0.0,-1766.1000000000001,2014-08-28,pass,"counterfactual_common_baseline_relative=max(0,final_yield-null)-I-5N"
SY,Shenyang,2014,DQN,,,official_extension_expert,2014,241,151,0.0,30.2,17.0,130.0,9568.0,18148.0,0.0,0.0,271,0.0,0.0,-0.0,-1766.1000000000001,2014-08-29,pass,"counterfactual_common_baseline_relative=max(0,final_yield-null)-I-5N"
SY,Shenyang,2014,DQN,,,official_extension_expert,2014,242,152,0.0,30.6,15.5,131.0,9869.0,18481.0,0.0,0.0,266,0.0,0.0,-0.0,-1766.1000000000001,2014-08-30,pass,"counterfactual_common_baseline_relative=max(0,final_yield-null)-I-5N"
SY,Shenyang,2014,DQN,,,official_extension_expert,2014,243,153,0.0,31.1,16.4,132.0,10171.0,18767.0,0.0,0.0,262,0.0,0.0,-0.0,-1766.1000000000001,2014-08-31,pass,"counterfactual_common_baseline_relative=max(0,final_yield-null)-I-5N"
SY,Shenyang,2014,DQN,,,official_extension_expert,2014,244,154,0.0,30.8,15.8,133.0,10473.0,19073.0,0.0,0.0,257,0.0,0.0,-0.0,-1766.1000000000001,2014-09-01,pass,"counterfactual_common_baseline_relative=max(0,final_yield-null)-I-5N"
SY,Shenyang,2014,DQN,,,official_extension_expert,2014,245,155,0.0,29.4,17.1,134.0,10775.0,19306.0,0.0,0.0,253,0.0,0.0,-0.0,-1766.1000000000001,2014-09-02,pass,"counterfactual_common_baseline_relative=max(0,final_yield-null)-I-5N"
SY,Shenyang,2014,DQN,,,official_extension_expert,2014,246,156,0.0,24.8,15.1,135.0,11077.0,19522.0,0.0,0.0,250,0.0,0.0,-0.0,-1766.1000000000001,2014-09-03,pass,"counterfactual_common_baseline_relative=max(0,final_yield-null)-I-5N"
SY,Shenyang,2014,DQN,,,official_extension_expert,2014,247,157,23.2,28.4,12.4,136.0,11077.0,19522.0,0.0,0.0,265,0.0,0.0,-0.0,-1766.1000000000001,2014-09-04,pass,"counterfactual_common_baseline_relative=max(0,final_yield-null)-I-5N"
SY,Shenyang,2014,DQN,,,official_extension_expert,2014,248,158,0.0,27.2,10.3,137.0,11077.0,19522.0,0.0,0.0,261,0.0,0.0,-0.0,-1766.1000000000001,2014-09-05,pass,"counterfactual_common_baseline_relative=max(0,final_yield-null)-I-5N"
SY,Shenyang,2014,DQN,,,official_extension_expert,2014,249,159,0.0,30.4,12.9,138.0,11077.0,19522.0,0.0,0.0,256,0.0,0.0,-0.0,-1766.1000000000001,2014-09-06,pass,"counterfactual_common_baseline_relative=max(0,final_yield-null)-I-5N"
SY,Shenyang,2014,DQN,,,official_extension_expert,2014,250,160,0.0,29.2,14.9,139.0,11077.0,19522.0,0.0,0.0,252,0.0,0.0,8308.0,6541.9,2014-09-07,pass,"counterfactual_common_baseline_relative=max(0,final_yield-null)-I-5N"
SY,Shenyang,2014,DQN,0.0,15000.0,rl_candidate,2014,91,1,0.0,19.2,6.1,0.0,0.0,0.0,0.0,0.0,331,0.0,0.0,-0.0,-0.0,2014-04-01,pass,"counterfactual_common_baseline_relative=max(0,final_yield-null)-I-5N"
SY,Shenyang,2014,DQN,0.0,15000.0,rl_candidate,2014,92,2,0.0,13.4,6.9,0.0,0.0,0.0,0.0,0.0,328,0.0,0.0,-0.0,-0.0,2014-04-02,pass,"counterfactual_common_baseline_relative=max(0,final_yield-null)-I-5N"
SY,Shenyang,2014,DQN,0.0,15000.0,rl_candidate,2014,93,3,0.0,10.1,-1.8,0.0,0.0,0.0,0.0,0.0,326,0.0,0.0,-0.0,-0.0,2014-04-03,pass,"counterfactual_common_baseline_relative=max(0,final_yield-null)-I-5N"
SY,Shenyang,2014,DQN,0.0,15000.0,rl_candidate,2014,94,4,0.0,12.0,-1.7,0.0,0.0,0.0,0.0,0.0,324,0.0,0.0,-0.0,-0.0,2014-04-04,pass,"counterfactual_common_baseline_relative=max(0,final_yield-null)-I-5N"
SY,Shenyang,2014,DQN,0.0,15000.0,rl_candidate,2014,95,5,0.0,8.3,-2.3,0.0,0.0,0.0,0.0,0.0,323,0.0,0.0,-0.0,-0.0,2014-04-05,pass,"counterfactual_common_baseline_relative=max(0,final_yield-null)-I-5N"
SY,Shenyang,2014,DQN,0.0,15000.0,rl_candidate,2014,96,6,0.0,19.8,-2.0,0.0,0.0,0.0,0.0,0.0,322,0.0,0.0,-0.0,-0.0,2014-04-06,pass,"counterfactual_common_baseline_relative=max(0,final_yield-null)-I-5N"
SY,Shenyang,2014,DQN,0.0,15000.0,rl_candidate,2014,97,7,0.0,22.3,2.9,0.0,0.0,0.0,0.0,0.0,321,0.0,0.0,-0.0,-0.0,2014-04-07,pass,"counterfactual_common_baseline_relative=max(0,final_yield-null)-I-5N"
SY,Shenyang,2014,DQN,0.0,15000.0,rl_candidate,2014,98,8,0.0,22.7,1.9,0.0,0.0,0.0,0.0,0.0,320,0.0,0.0,-0.0,-0.0,2014-04-08,pass,"counterfactual_common_baseline_relative=max(0,final_yield-null)-I-5N"
SY,Shenyang,2014,DQN,0.0,15000.0,rl_candidate,2014,99,9,0.0,16.0,10.8,0.0,0.0,0.0,0.0,0.0,319,0.0,0.0,-0.0,-0.0,2014-04-09,pass,"counterfactual_common_baseline_relative=max(0,final_yield-null)-I-5N"
SY,Shenyang,2014,DQN,0.0,15000.0,rl_candidate,2014,100,10,0.0,18.3,2.8,0.0,0.0,0.0,0.0,0.0,319,0.0,0.0,-0.0,-0.0,2014-04-10,pass,"counterfactual_common_baseline_relative=max(0,final_yield-null)-I-5N"
SY,Shenyang,2014,DQN,0.0,15000.0,rl_candidate,2014,101,11,0.0,20.5,1.0,0.0,0.0,0.0,0.0,0.0,318,0.0,0.0,-0.0,-0.0,2014-04-11,pass,"counterfactual_common_baseline_relative=max(0,final_yield-null)-I-5N"
SY,Shenyang,2014,DQN,0.0,15000.0,rl_candidate,2014,102,12,0.0,21.6,3.5,0.0,0.0,0.0,0.0,0.0,317,0.0,0.0,-0.0,-0.0,2014-04-12,pass,"counterfactual_common_baseline_relative=max(0,final_yield-null)-I-5N"
SY,Shenyang,2014,DQN,0.0,15000.0,rl_candidate,2014,103,13,0.0,23.2,2.9,0.0,0.0,0.0,0.0,0.0,317,0.0,0.0,-0.0,-0.0,2014-04-13,pass,"counterfactual_common_baseline_relative=max(0,final_yield-null)-I-5N"
SY,Shenyang,2014,DQN,0.0,15000.0,rl_candidate,2014,104,14,0.0,24.7,4.4,0.0,0.0,0.0,0.0,0.0,316,0.0,0.0,-0.0,-0.0,2014-04-14,pass,"counterfactual_common_baseline_relative=max(0,final_yield-null)-I-5N"
SY,Shenyang,2014,DQN,0.0,15000.0,rl_candidate,2014,105,15,0.0,18.6,8.9,0.0,0.0,0.0,0.0,0.0,316,0.0,0.0,-0.0,-0.0,2014-04-15,pass,"counterfactual_common_baseline_relative=max(0,final_yield-null)-I-5N"
SY,Shenyang,2014,DQN,0.0,15000.0,rl_candidate,2014,106,16,0.0,23.6,-0.1,0.0,0.0,0.0,0.0,0.0,315,0.0,0.0,-0.0,-0.0,2014-04-16,pass,"counterfactual_common_baseline_relative=max(0,final_yield-null)-I-5N"
SY,Shenyang,2014,DQN,0.0,15000.0,rl_candidate,2014,107,17,0.0,19.0,8.4,0.0,0.0,0.0,0.0,0.0,315,0.0,0.0,-0.0,-0.0,2014-04-17,pass,"counterfactual_common_baseline_relative=max(0,final_yield-null)-I-5N"
SY,Shenyang,2014,DQN,0.0,15000.0,rl_candidate,2014,108,18,0.0,18.4,8.7,0.0,0.0,0.0,0.0,0.0,314,0.0,0.0,-0.0,-0.0,2014-04-18,pass,"counterfactual_common_baseline_relative=max(0,final_yield-null)-I-5N"
SY,Shenyang,2014,DQN,0.0,15000.0,rl_candidate,2014,109,19,0.0,19.9,4.0,0.0,0.0,0.0,0.0,0.0,314,0.0,0.0,-0.0,-0.0,2014-04-19,pass,"counterfactual_common_baseline_relative=max(0,final_yield-null)-I-5N"
SY,Shenyang,2014,DQN,0.0,15000.0,rl_candidate,2014,110,20,0.0,18.8,9.8,0.0,0.0,0.0,0.0,0.0,313,0.0,0.0,-0.0,-0.0,2014-04-20,pass,"counterfactual_common_baseline_relative=max(0,final_yield-null)-I-5N"
SY,Shenyang,2014,DQN,0.0,15000.0,rl_candidate,2014,111,21,0.0,21.8,3.8,0.0,0.0,0.0,0.0,0.0,313,0.0,0.0,-0.0,-0.0,2014-04-21,pass,"counterfactual_common_baseline_relative=max(0,final_yield-null)-I-5N"
SY,Shenyang,2014,DQN,0.0,15000.0,rl_candidate,2014,112,22,0.0,25.1,8.5,1.0,0.0,0.0,0.0,0.0,313,0.0,0.0,-0.0,-0.0,2014-04-22,pass,"counterfactual_common_baseline_relative=max(0,final_yield-null)-I-5N"
SY,Shenyang,2014,DQN,0.0,15000.0,rl_candidate,2014,113,23,0.0,26.6,11.5,2.0,0.0,0.0,0.0,0.0,312,0.0,0.0,-0.0,-0.0,2014-04-23,pass,"counterfactual_common_baseline_relative=max(0,final_yield-null)-I-5N"
SY,Shenyang,2014,DQN,0.0,15000.0,rl_candidate,2014,114,24,0.0,24.6,14.6,3.0,0.0,0.0,0.0,0.0,312,0.0,0.0,-0.0,-0.0,2014-04-24,pass,"counterfactual_common_baseline_relative=max(0,final_yield-null)-I-5N"
SY,Shenyang,2014,DQN,0.0,15000.0,rl_candidate,2014,115,25,0.0,27.3,12.9,4.0,0.0,0.0,0.0,0.0,311,0.0,0.0,-0.0,-0.0,2014-04-25,pass,"counterfactual_common_baseline_relative=max(0,final_yield-null)-I-5N"
SY,Shenyang,2014,DQN,0.0,15000.0,rl_candidate,2014,116,26,0.0,21.0,14.3,5.0,0.0,0.0,0.0,0.0,311,0.0,0.0,-0.0,-0.0,2014-04-26,pass,"counterfactual_common_baseline_relative=max(0,final_yield-null)-I-5N"
SY,Shenyang,2014,DQN,0.0,15000.0,rl_candidate,2014,117,27,0.0,20.7,8.6,6.0,0.0,0.0,0.0,0.0,311,0.0,0.0,-0.0,-0.0,2014-04-27,pass,"counterfactual_common_baseline_relative=max(0,final_yield-null)-I-5N"
SY,Shenyang,2014,DQN,0.0,15000.0,rl_candidate,2014,118,28,0.0,24.4,7.0,7.0,0.0,0.0,0.0,0.0,310,0.0,0.0,-0.0,-0.0,2014-04-28,pass,"counterfactual_common_baseline_relative=max(0,final_yield-null)-I-5N"
SY,Shenyang,2014,DQN,0.0,15000.0,rl_candidate,2014,119,29,0.0,26.1,5.6,8.0,0.0,0.0,0.0,0.0,310,0.0,0.0,-0.0,-0.0,2014-04-29,pass,"counterfactual_common_baseline_relative=max(0,final_yield-null)-I-5N"
SY,Shenyang,2014,DQN,0.0,15000.0,rl_candidate,2014,120,30,0.0,28.2,9.4,9.0,0.0,19.0,0.0,0.012,310,0.0,0.0,-0.0,-0.0,2014-04-30,pass,"counterfactual_common_baseline_relative=max(0,final_yield-null)-I-5N"
SY,Shenyang,2014,DQN,0.0,15000.0,rl_candidate,2014,121,31,0.0,28.3,15.1,10.0,0.0,19.0,0.0,0.011,309,0.0,0.0,-0.0,-0.0,2014-05-01,pass,"counterfactual_common_baseline_relative=max(0,final_yield-null)-I-5N"
SY,Shenyang,2014,DQN,0.0,15000.0,rl_candidate,2014,122,32,9.0,22.2,6.1,11.0,0.0,19.0,0.0,0.009,318,0.0,0.0,-0.0,-0.0,2014-05-02,pass,"counterfactual_common_baseline_relative=max(0,final_yield-null)-I-5N"
SY,Shenyang,2014,DQN,0.0,15000.0,rl_candidate,2014,123,33,0.0,22.3,1.7,12.0,0.0,19.0,0.0,0.007,317,0.0,0.0,-0.0,-0.0,2014-05-03,pass,"counterfactual_common_baseline_relative=max(0,final_yield-null)-I-5N"
SY,Shenyang,2014,DQN,0.0,15000.0,rl_candidate,2014,124,34,13.0,15.0,5.4,13.0,0.0,19.0,0.0,0.006,328,0.0,0.0,-0.0,-0.0,2014-05-04,pass,"counterfactual_common_baseline_relative=max(0,final_yield-null)-I-5N"
SY,Shenyang,2014,DQN,0.0,15000.0,rl_candidate,2014,125,35,0.0,14.5,1.8,14.0,0.0,19.0,0.0,0.005,324,0.0,0.0,-0.0,-0.0,2014-05-05,pass,"counterfactual_common_baseline_relative=max(0,final_yield-null)-I-5N"
SY,Shenyang,2014,DQN,0.0,15000.0,rl_candidate,2014,126,36,0.0,19.5,6.2,15.0,0.0,19.0,0.0,0.003,323,0.0,0.0,-0.0,-0.0,2014-05-06,pass,"counterfactual_common_baseline_relative=max(0,final_yield-null)-I-5N"
SY,Shenyang,2014,DQN,0.0,15000.0,rl_candidate,2014,127,37,0.0,13.2,9.8,16.0,0.0,19.0,0.0,0.002,322,0.0,0.0,-0.0,-0.0,2014-05-07,pass,"counterfactual_common_baseline_relative=max(0,final_yield-null)-I-5N"
SY,Shenyang,2014,DQN,0.0,15000.0,rl_candidate,2014,128,38,0.0,20.7,4.0,17.0,0.0,19.0,0.0,0.0,321,0.0,0.0,-0.0,-0.0,2014-05-08,pass,"counterfactual_common_baseline_relative=max(0,final_yield-null)-I-5N"
SY,Shenyang,2014,DQN,0.0,15000.0,rl_candidate,2014,129,39,0.0,21.2,4.7,18.0,0.0,19.0,0.0,0.0,320,0.0,0.0,-0.0,-0.0,2014-05-09,pass,"counterfactual_common_baseline_relative=max(0,final_yield-null)-I-5N"
SY,Shenyang,2014,DQN,0.0,15000.0,rl_candidate,2014,130,40,0.0,26.2,7.3,19.0,0.0,19.0,0.0,0.0,319,0.0,0.0,-0.0,-0.0,2014-05-10,pass,"counterfactual_common_baseline_relative=max(0,final_yield-null)-I-5N"
SY,Shenyang,2014,DQN,0.0,15000.0,rl_candidate,2014,131,41,19.0,20.8,11.4,20.0,0.0,19.0,0.0,0.0,335,0.0,0.0,-0.0,-0.0,2014-05-11,pass,"counterfactual_common_baseline_relative=max(0,final_yield-null)-I-5N"
SY,Shenyang,2014,DQN,0.0,15000.0,rl_candidate,2014,132,42,0.0,18.3,11.0,21.0,0.0,19.0,0.0,0.0,334,0.0,0.0,-0.0,-0.0,2014-05-12,pass,"counterfactual_common_baseline_relative=max(0,final_yield-null)-I-5N"
SY,Shenyang,2014,DQN,0.0,15000.0,rl_candidate,2014,133,43,0.0,25.3,12.1,22.0,0.0,19.0,0.0,0.0,329,0.0,0.0,-0.0,-0.0,2014-05-13,pass,"counterfactual_common_baseline_relative=max(0,final_yield-null)-I-5N"
SY,Shenyang,2014,DQN,0.0,15000.0,rl_candidate,2014,134,44,0.0,22.0,11.4,23.0,0.0,19.0,0.0,0.0,326,0.0,0.0,-0.0,-0.0,2014-05-14,pass,"counterfactual_common_baseline_relative=max(0,final_yield-null)-I-5N"
SY,Shenyang,2014,DQN,0.0,15000.0,rl_candidate,2014,135,45,0.0,22.4,9.9,24.0,0.0,19.0,0.0,0.0,325,0.0,0.0,-0.0,-0.0,2014-05-15,pass,"counterfactual_common_baseline_relative=max(0,final_yield-null)-I-5N"
SY,Shenyang,2014,DQN,0.0,15000.0,rl_candidate,2014,136,46,0.0,24.8,8.5,25.0,0.0,21.0,0.0,0.0,323,0.0,0.0,-0.0,-0.0,2014-05-16,pass,"counterfactual_common_baseline_relative=max(0,final_yield-null)-I-5N"
SY,Shenyang,2014,DQN,0.0,15000.0,rl_candidate,2014,137,47,0.0,24.9,9.4,26.0,0.0,25.0,0.0,0.0,322,0.0,0.0,-0.0,-0.0,2014-05-17,pass,"counterfactual_common_baseline_relative=max(0,final_yield-null)-I-5N"
SY,Shenyang,2014,DQN,0.0,15000.0,rl_candidate,2014,138,48,0.0,27.4,13.6,27.0,0.0,30.0,0.0,0.0,321,0.0,0.0,-0.0,-0.0,2014-05-18,pass,"counterfactual_common_baseline_relative=max(0,final_yield-null)-I-5N"
SY,Shenyang,2014,DQN,0.0,15000.0,rl_candidate,2014,139,49,0.0,22.3,14.6,28.0,0.0,34.0,0.0,0.0,321,0.0,0.0,-0.0,-0.0,2014-05-19,pass,"counterfactual_common_baseline_relative=max(0,final_yield-null)-I-5N"
SY,Shenyang,2014,DQN,0.0,15000.0,rl_candidate,2014,140,50,15.6,19.1,13.1,29.0,0.0,38.0,0.0,0.0,330,0.0,0.0,-0.0,-0.0,2014-05-20,pass,"counterfactual_common_baseline_relative=max(0,final_yield-null)-I-5N"
SY,Shenyang,2014,DQN,0.0,15000.0,rl_candidate,2014,141,51,19.0,28.7,13.1,30.0,0.0,45.0,0.0,0.0,339,0.0,0.0,-0.0,-0.0,2014-05-21,pass,"counterfactual_common_baseline_relative=max(0,final_yield-null)-I-5N"
SY,Shenyang,2014,DQN,0.0,15000.0,rl_candidate,2014,142,52,0.0,31.7,9.7,31.0,0.0,52.0,0.0,0.0,336,0.0,0.0,-0.0,-0.0,2014-05-22,pass,"counterfactual_common_baseline_relative=max(0,final_yield-null)-I-5N"
SY,Shenyang,2014,DQN,0.0,15000.0,rl_candidate,2014,143,53,0.0,30.6,20.0,32.0,0.0,62.0,0.0,0.0,334,0.0,0.0,-0.0,-0.0,2014-05-23,pass,"counterfactual_common_baseline_relative=max(0,final_yield-null)-I-5N"
SY,Shenyang,2014,DQN,0.0,15000.0,rl_candidate,2014,144,54,0.0,25.8,17.2,33.0,0.0,71.0,0.0,0.0,332,0.0,0.0,-0.0,-0.0,2014-05-24,pass,"counterfactual_common_baseline_relative=max(0,final_yield-null)-I-5N"
SY,Shenyang,2014,DQN,0.0,15000.0,rl_candidate,2014,145,55,11.4,19.8,16.4,34.0,0.0,73.0,0.0,0.0,357,15.0,100.0,-515.0,-515.0,2014-05-25,pass,"counterfactual_common_baseline_relative=max(0,final_yield-null)-I-5N"
SY,Shenyang,2014,DQN,0.0,15000.0,rl_candidate,2014,146,56,0.0,27.6,14.0,35.0,0.0,84.0,0.0,0.002,351,0.0,0.0,-0.0,-515.0,2014-05-26,pass,"counterfactual_common_baseline_relative=max(0,final_yield-null)-I-5N"
SY,Shenyang,2014,DQN,0.0,15000.0,rl_candidate,2014,147,57,0.0,31.3,11.7,36.0,0.0,98.0,0.0,0.0,347,0.0,0.0,-0.0,-515.0,2014-05-27,pass,"counterfactual_common_baseline_relative=max(0,final_yield-null)-I-5N"
SY,Shenyang,2014,DQN,0.0,15000.0,rl_candidate,2014,148,58,0.0,29.4,17.0,37.0,0.0,116.0,0.0,0.0,345,0.0,0.0,-0.0,-515.0,2014-05-28,pass,"counterfactual_common_baseline_relative=max(0,final_yield-null)-I-5N"
SY,Shenyang,2014,DQN,0.0,15000.0,rl_candidate,2014,149,59,0.0,31.6,19.2,38.0,0.0,141.0,0.0,0.0,342,0.0,0.0,-0.0,-515.0,2014-05-29,pass,"counterfactual_common_baseline_relative=max(0,final_yield-null)-I-5N"
SY,Shenyang,2014,DQN,0.0,15000.0,rl_candidate,2014,150,60,0.0,33.9,15.9,39.0,0.0,170.0,0.0,0.0,339,0.0,0.0,-0.0,-515.0,2014-05-30,pass,"counterfactual_common_baseline_relative=max(0,final_yield-null)-I-5N"
SY,Shenyang,2014,DQN,0.0,15000.0,rl_candidate,2014,151,61,0.0,35.8,19.6,40.0,0.0,208.0,0.0,0.0,337,0.0,0.0,-0.0,-515.0,2014-05-31,pass,"counterfactual_common_baseline_relative=max(0,final_yield-null)-I-5N"
SY,Shenyang,2014,DQN,0.0,15000.0,rl_candidate,2014,152,62,0.0,32.1,21.0,41.0,0.0,246.0,0.0,0.0,334,0.0,50.0,-250.0,-765.0,2014-06-01,pass,"counterfactual_common_baseline_relative=max(0,final_yield-null)-I-5N"
SY,Shenyang,2014,DQN,0.0,15000.0,rl_candidate,2014,153,63,6.8,28.8,18.4,42.0,0.0,281.0,0.0,0.0,337,0.0,0.0,-0.0,-765.0,2014-06-02,pass,"counterfactual_common_baseline_relative=max(0,final_yield-null)-I-5N"
SY,Shenyang,2014,DQN,0.0,15000.0,rl_candidate,2014,154,64,0.0,30.2,17.0,43.0,0.0,322.0,0.0,0.0,334,0.0,0.0,-0.0,-765.0,2014-06-03,pass,"counterfactual_common_baseline_relative=max(0,final_yield-null)-I-5N"
SY,Shenyang,2014,DQN,0.0,15000.0,rl_candidate,2014,155,65,0.0,30.4,19.1,44.0,0.0,370.0,0.0,0.0,331,0.0,0.0,-0.0,-765.0,2014-06-04,pass,"counterfactual_common_baseline_relative=max(0,final_yield-null)-I-5N"
SY,Shenyang,2014,DQN,0.0,15000.0,rl_candidate,2014,156,66,0.0,30.2,21.6,45.0,0.0,424.0,0.0,0.0,328,0.0,0.0,-0.0,-765.0,2014-06-05,pass,"counterfactual_common_baseline_relative=max(0,final_yield-null)-I-5N"
SY,Shenyang,2014,DQN,0.0,15000.0,rl_candidate,2014,157,67,0.0,27.4,19.5,46.0,0.0,474.0,0.0,0.0,326,0.0,0.0,-0.0,-765.0,2014-06-06,pass,"counterfactual_common_baseline_relative=max(0,final_yield-null)-I-5N"
SY,Shenyang,2014,DQN,0.0,15000.0,rl_candidate,2014,158,68,0.0,23.4,17.9,47.0,0.0,518.0,0.0,0.0,324,0.0,0.0,-0.0,-765.0,2014-06-07,pass,"counterfactual_common_baseline_relative=max(0,final_yield-null)-I-5N"
SY,Shenyang,2014,DQN,0.0,15000.0,rl_candidate,2014,159,69,8.7,24.5,16.2,48.0,0.0,564.0,0.0,0.0,345,15.0,100.0,-515.0,-1280.0,2014-06-08,pass,"counterfactual_common_baseline_relative=max(0,final_yield-null)-I-5N"
SY,Shenyang,2014,DQN,0.0,15000.0,rl_candidate,2014,160,70,2.2,25.5,16.2,49.0,0.0,623.0,0.0,0.0,343,0.0,0.0,-0.0,-1280.0,2014-06-09,pass,"counterfactual_common_baseline_relative=max(0,final_yield-null)-I-5N"
SY,Shenyang,2014,DQN,0.0,15000.0,rl_candidate,2014,161,71,0.0,26.0,16.4,50.0,0.0,676.0,0.0,0.0,337,0.0,0.0,-0.0,-1280.0,2014-06-10,pass,"counterfactual_common_baseline_relative=max(0,final_yield-null)-I-5N"
SY,Shenyang,2014,DQN,0.0,15000.0,rl_candidate,2014,162,72,0.0,25.6,14.1,51.0,0.0,735.0,0.0,0.0,333,0.0,0.0,-0.0,-1280.0,2014-06-11,pass,"counterfactual_common_baseline_relative=max(0,final_yield-null)-I-5N"
SY,Shenyang,2014,DQN,0.0,15000.0,rl_candidate,2014,163,73,0.0,27.7,15.0,52.0,0.0,803.0,0.0,0.0,327,0.0,0.0,-0.0,-1280.0,2014-06-12,pass,"counterfactual_common_baseline_relative=max(0,final_yield-null)-I-5N"
SY,Shenyang,2014,DQN,0.0,15000.0,rl_candidate,2014,164,74,0.0,28.0,16.0,53.0,0.0,878.0,0.0,0.0,323,0.0,0.0,-0.0,-1280.0,2014-06-13,pass,"counterfactual_common_baseline_relative=max(0,final_yield-null)-I-5N"
SY,Shenyang,2014,DQN,0.0,15000.0,rl_candidate,2014,165,75,0.0,31.1,14.7,54.0,0.0,961.0,0.0,0.0,318,0.0,0.0,-0.0,-1280.0,2014-06-14,pass,"counterfactual_common_baseline_relative=max(0,final_yield-null)-I-5N"
SY,Shenyang,2014,DQN,0.0,15000.0,rl_candidate,2014,166,76,0.0,32.3,19.3,55.0,0.0,1066.0,0.0,0.0,313,0.0,50.0,-250.0,-1530.0,2014-06-15,pass,"counterfactual_common_baseline_relative=max(0,final_yield-null)-I-5N"
SY,Shenyang,2014,DQN,0.0,15000.0,rl_candidate,2014,167,77,0.0,30.7,19.4,56.0,0.0,1172.0,0.0,0.0,309,0.0,0.0,-0.0,-1530.0,2014-06-16,pass,"counterfactual_common_baseline_relative=max(0,final_yield-null)-I-5N"
SY,Shenyang,2014,DQN,0.0,15000.0,rl_candidate,2014,168,78,5.7,27.9,18.7,57.0,0.0,1272.0,0.0,0.0,313,0.0,0.0,-0.0,-1530.0,2014-06-17,pass,"counterfactual_common_baseline_relative=max(0,final_yield-null)-I-5N"
SY,Shenyang,2014,DQN,0.0,15000.0,rl_candidate,2014,169,79,9.4,25.0,16.7,58.0,0.0,1359.0,0.0,0.0,320,0.0,0.0,-0.0,-1530.0,2014-06-18,pass,"counterfactual_common_baseline_relative=max(0,final_yield-null)-I-5N"
SY,Shenyang,2014,DQN,0.0,15000.0,rl_candidate,2014,170,80,0.0,27.4,16.7,59.0,0.0,1459.0,0.0,0.0,315,0.0,0.0,-0.0,-1530.0,2014-06-19,pass,"counterfactual_common_baseline_relative=max(0,final_yield-null)-I-5N"
SY,Shenyang,2014,DQN,0.0,15000.0,rl_candidate,2014,171,81,2.6,27.1,17.8,60.0,0.0,1567.0,0.0,0.0,315,0.0,0.0,-0.0,-1530.0,2014-06-20,pass,"counterfactual_common_baseline_relative=max(0,final_yield-null)-I-5N"
SY,Shenyang,2014,DQN,0.0,15000.0,rl_candidate,2014,172,82,0.0,28.0,18.0,61.0,0.0,1685.0,0.0,0.0,310,0.0,0.0,-0.0,-1530.0,2014-06-21,pass,"counterfactual_common_baseline_relative=max(0,final_yield-null)-I-5N"
SY,Shenyang,2014,DQN,0.0,15000.0,rl_candidate,2014,173,83,38.3,27.8,15.9,62.0,0.0,1799.0,0.0,0.0,349,15.0,0.0,-15.0,-1545.0,2014-06-22,pass,"counterfactual_common_baseline_relative=max(0,final_yield-null)-I-5N"
SY,Shenyang,2014,DQN,0.0,15000.0,rl_candidate,2014,174,84,0.0,29.4,15.3,63.0,0.0,1923.0,0.0,0.0,343,0.0,0.0,-0.0,-1545.0,2014-06-23,pass,"counterfactual_common_baseline_relative=max(0,final_yield-null)-I-5N"
SY,Shenyang,2014,DQN,0.0,15000.0,rl_candidate,2014,175,85,0.0,31.1,16.2,64.0,0.0,2060.0,0.0,0.0,336,0.0,0.0,-0.0,-1545.0,2014-06-24,pass,"counterfactual_common_baseline_relative=max(0,final_yield-null)-I-5N"
SY,Shenyang,2014,DQN,0.0,15000.0,rl_candidate,2014,176,86,0.0,30.0,20.2,65.0,0.0,2224.0,0.0,0.0,331,0.0,0.0,-0.0,-1545.0,2014-06-25,pass,"counterfactual_common_baseline_relative=max(0,final_yield-null)-I-5N"
SY,Shenyang,2014,DQN,0.0,15000.0,rl_candidate,2014,177,87,0.0,25.3,20.8,66.0,0.0,2356.0,0.0,0.0,329,0.0,0.0,-0.0,-1545.0,2014-06-26,pass,"counterfactual_common_baseline_relative=max(0,final_yield-null)-I-5N"
SY,Shenyang,2014,DQN,0.0,15000.0,rl_candidate,2014,178,88,3.4,24.6,19.8,67.0,0.0,2506.0,0.0,0.0,330,0.0,0.0,-0.0,-1545.0,2014-06-27,pass,"counterfactual_common_baseline_relative=max(0,final_yield-null)-I-5N"
SY,Shenyang,2014,DQN,0.0,15000.0,rl_candidate,2014,179,89,15.6,26.6,17.2,68.0,0.0,2660.0,0.0,0.0,340,0.0,0.0,-0.0,-1545.0,2014-06-28,pass,"counterfactual_common_baseline_relative=max(0,final_yield-null)-I-5N"
SY,Shenyang,2014,DQN,0.0,15000.0,rl_candidate,2014,180,90,0.0,29.3,18.5,69.0,0.0,2837.0,0.0,0.0,350,15.0,0.0,-15.0,-1560.0,2014-06-29,pass,"counterfactual_common_baseline_relative=max(0,final_yield-null)-I-5N"
SY,Shenyang,2014,DQN,0.0,15000.0,rl_candidate,2014,181,91,0.0,32.3,18.9,70.0,0.0,3024.0,0.0,0.0,344,0.0,0.0,-0.0,-1560.0,2014-06-30,pass,"counterfactual_common_baseline_relative=max(0,final_yield-null)-I-5N"
SY,Shenyang,2014,DQN,0.0,15000.0,rl_candidate,2014,182,92,0.0,30.7,20.6,71.0,0.0,3236.0,0.0,0.0,338,0.0,0.0,-0.0,-1560.0,2014-07-01,pass,"counterfactual_common_baseline_relative=max(0,final_yield-null)-I-5N"
SY,Shenyang,2014,DQN,0.0,15000.0,rl_candidate,2014,183,93,0.0,30.9,18.5,72.0,0.0,3658.0,0.0,0.0,332,0.0,0.0,-0.0,-1560.0,2014-07-02,pass,"counterfactual_common_baseline_relative=max(0,final_yield-null)-I-5N"
SY,Shenyang,2014,DQN,0.0,15000.0,rl_candidate,2014,184,94,0.0,27.8,20.8,73.0,0.0,3912.0,0.0,0.0,329,0.0,0.0,-0.0,-1560.0,2014-07-03,pass,"counterfactual_common_baseline_relative=max(0,final_yield-null)-I-5N"
SY,Shenyang,2014,DQN,0.0,15000.0,rl_candidate,2014,185,95,0.0,30.3,21.7,74.0,0.0,4194.0,0.0,0.0,324,0.0,0.0,-0.0,-1560.0,2014-07-04,pass,"counterfactual_common_baseline_relative=max(0,final_yield-null)-I-5N"
SY,Shenyang,2014,DQN,0.0,15000.0,rl_candidate,2014,186,96,0.0,31.5,20.1,75.0,0.0,4453.0,0.0,0.0,317,0.0,0.0,-0.0,-1560.0,2014-07-05,pass,"counterfactual_common_baseline_relative=max(0,final_yield-null)-I-5N"
SY,Shenyang,2014,DQN,0.0,15000.0,rl_candidate,2014,187,97,0.0,29.7,20.6,76.0,0.0,4692.0,0.0,0.0,326,15.0,0.0,-15.0,-1575.0,2014-07-06,pass,"counterfactual_common_baseline_relative=max(0,final_yield-null)-I-5N"
SY,Shenyang,2014,DQN,0.0,15000.0,rl_candidate,2014,188,98,0.0,30.7,19.3,77.0,0.0,4920.0,0.0,0.0,321,0.0,0.0,-0.0,-1575.0,2014-07-07,pass,"counterfactual_common_baseline_relative=max(0,final_yield-null)-I-5N"
SY,Shenyang,2014,DQN,0.0,15000.0,rl_candidate,2014,189,99,0.0,28.4,20.6,78.0,0.0,5086.0,0.0,0.0,319,0.0,0.0,-0.0,-1575.0,2014-07-08,pass,"counterfactual_common_baseline_relative=max(0,final_yield-null)-I-5N"
SY,Shenyang,2014,DQN,0.0,15000.0,rl_candidate,2014,190,100,2.5,30.3,20.8,79.0,0.0,5304.0,0.0,0.0,316,0.0,0.0,-0.0,-1575.0,2014-07-09,pass,"counterfactual_common_baseline_relative=max(0,final_yield-null)-I-5N"
SY,Shenyang,2014,DQN,0.0,15000.0,rl_candidate,2014,191,101,0.0,30.1,16.1,80.0,0.0,5495.0,0.0,0.0,309,0.0,0.0,-0.0,-1575.0,2014-07-10,pass,"counterfactual_common_baseline_relative=max(0,final_yield-null)-I-5N"
SY,Shenyang,2014,DQN,0.0,15000.0,rl_candidate,2014,192,102,0.0,29.1,18.2,81.0,0.0,5689.0,0.0,0.0,303,0.0,0.0,-0.0,-1575.0,2014-07-11,pass,"counterfactual_common_baseline_relative=max(0,final_yield-null)-I-5N"
SY,Shenyang,2014,DQN,0.0,15000.0,rl_candidate,2014,193,103,0.0,30.1,17.2,82.0,0.0,5881.0,0.0,0.0,298,0.0,0.0,-0.0,-1575.0,2014-07-12,pass,"counterfactual_common_baseline_relative=max(0,final_yield-null)-I-5N"
SY,Shenyang,2014,DQN,0.0,15000.0,rl_candidate,2014,194,104,0.0,30.7,17.6,83.0,0.0,6079.0,0.0,0.0,307,15.0,0.0,-15.0,-1590.0,2014-07-13,pass,"counterfactual_common_baseline_relative=max(0,final_yield-null)-I-5N"
SY,Shenyang,2014,DQN,0.0,15000.0,rl_candidate,2014,195,105,0.0,33.3,18.3,84.0,0.0,6297.0,0.0,0.0,301,0.0,0.0,-0.0,-1590.0,2014-07-14,pass,"counterfactual_common_baseline_relative=max(0,final_yield-null)-I-5N"
SY,Shenyang,2014,DQN,0.0,15000.0,rl_candidate,2014,196,106,0.0,31.1,21.7,85.0,0.0,6516.0,0.0,0.0,296,0.0,0.0,-0.0,-1590.0,2014-07-15,pass,"counterfactual_common_baseline_relative=max(0,final_yield-null)-I-5N"
SY,Shenyang,2014,DQN,0.0,15000.0,rl_candidate,2014,197,107,18.6,30.3,19.0,86.0,0.0,6694.0,0.0,0.0,307,0.0,0.0,-0.0,-1590.0,2014-07-16,pass,"counterfactual_common_baseline_relative=max(0,final_yield-null)-I-5N"
SY,Shenyang,2014,DQN,0.0,15000.0,rl_candidate,2014,198,108,20.8,29.2,19.4,87.0,0.0,6867.0,0.0,0.0,318,0.0,0.0,-0.0,-1590.0,2014-07-17,pass,"counterfactual_common_baseline_relative=max(0,final_yield-null)-I-5N"
SY,Shenyang,2014,DQN,0.0,15000.0,rl_candidate,2014,199,109,0.0,29.9,22.0,88.0,0.0,7042.0,0.0,0.0,315,0.0,0.0,-0.0,-1590.0,2014-07-18,pass,"counterfactual_common_baseline_relative=max(0,final_yield-null)-I-5N"
SY,Shenyang,2014,DQN,0.0,15000.0,rl_candidate,2014,200,110,0.0,32.0,24.0,89.0,0.0,7288.0,0.0,0.0,311,0.0,0.0,-0.0,-1590.0,2014-07-19,pass,"counterfactual_common_baseline_relative=max(0,final_yield-null)-I-5N"
SY,Shenyang,2014,DQN,0.0,15000.0,rl_candidate,2014,201,111,0.0,32.4,24.7,90.0,0.0,7614.0,0.0,0.0,321,15.0,0.0,-15.0,-1605.0,2014-07-20,pass,"counterfactual_common_baseline_relative=max(0,final_yield-null)-I-5N"
SY,Shenyang,2014,DQN,0.0,15000.0,rl_candidate,2014,202,112,35.8,29.5,21.5,91.0,0.0,7681.0,0.0,0.0,342,0.0,0.0,-0.0,-1605.0,2014-07-21,pass,"counterfactual_common_baseline_relative=max(0,final_yield-null)-I-5N"
SY,Shenyang,2014,DQN,0.0,15000.0,rl_candidate,2014,203,113,0.0,28.0,19.6,92.0,0.0,7878.0,0.0,0.0,339,0.0,0.0,-0.0,-1605.0,2014-07-22,pass,"counterfactual_common_baseline_relative=max(0,final_yield-null)-I-5N"
SY,Shenyang,2014,DQN,0.0,15000.0,rl_candidate,2014,204,114,0.0,30.4,21.7,93.0,0.0,8201.0,0.0,0.0,335,0.0,0.0,-0.0,-1605.0,2014-07-23,pass,"counterfactual_common_baseline_relative=max(0,final_yield-null)-I-5N"
SY,Shenyang,2014,DQN,0.0,15000.0,rl_candidate,2014,205,115,0.0,29.7,20.5,94.0,0.0,8428.0,0.0,0.0,331,0.0,0.0,-0.0,-1605.0,2014-07-24,pass,"counterfactual_common_baseline_relative=max(0,final_yield-null)-I-5N"
SY,Shenyang,2014,DQN,0.0,15000.0,rl_candidate,2014,206,116,0.0,25.3,19.1,95.0,0.0,8506.0,0.0,0.0,329,0.0,0.0,-0.0,-1605.0,2014-07-25,pass,"counterfactual_common_baseline_relative=max(0,final_yield-null)-I-5N"
SY,Shenyang,2014,DQN,0.0,15000.0,rl_candidate,2014,207,117,0.0,27.9,18.1,96.0,0.0,8862.0,0.0,0.0,324,0.0,0.0,-0.0,-1605.0,2014-07-26,pass,"counterfactual_common_baseline_relative=max(0,final_yield-null)-I-5N"
SY,Shenyang,2014,DQN,0.0,15000.0,rl_candidate,2014,208,118,0.0,30.5,16.4,97.0,0.0,9212.0,0.0,0.0,334,15.0,0.0,-15.0,-1620.0,2014-07-27,pass,"counterfactual_common_baseline_relative=max(0,final_yield-null)-I-5N"
SY,Shenyang,2014,DQN,0.0,15000.0,rl_candidate,2014,209,119,0.0,30.2,18.9,98.0,0.0,9515.0,0.0,0.0,330,0.0,0.0,-0.0,-1620.0,2014-07-28,pass,"counterfactual_common_baseline_relative=max(0,final_yield-null)-I-5N"
SY,Shenyang,2014,DQN,0.0,15000.0,rl_candidate,2014,210,120,0.0,29.6,21.3,99.0,306.0,9820.0,0.0,0.0,325,0.0,0.0,-0.0,-1620.0,2014-07-29,pass,"counterfactual_common_baseline_relative=max(0,final_yield-null)-I-5N"
SY,Shenyang,2014,DQN,0.0,15000.0,rl_candidate,2014,211,121,0.0,27.7,18.7,100.0,611.0,10091.0,0.0,0.0,322,0.0,0.0,-0.0,-1620.0,2014-07-30,pass,"counterfactual_common_baseline_relative=max(0,final_yield-null)-I-5N"
SY,Shenyang,2014,DQN,0.0,15000.0,rl_candidate,2014,212,122,0.0,31.2,18.1,101.0,917.0,10432.0,0.0,0.0,318,0.0,0.0,-0.0,-1620.0,2014-07-31,pass,"counterfactual_common_baseline_relative=max(0,final_yield-null)-I-5N"
SY,Shenyang,2014,DQN,0.0,15000.0,rl_candidate,2014,213,123,0.0,32.4,23.7,102.0,1182.0,10697.0,0.0,0.0,312,0.0,0.0,-0.0,-1620.0,2014-08-01,pass,"counterfactual_common_baseline_relative=max(0,final_yield-null)-I-5N"
SY,Shenyang,2014,DQN,0.0,15000.0,rl_candidate,2014,214,124,0.0,33.9,22.2,103.0,1448.0,10963.0,0.0,0.0,306,0.0,0.0,-0.0,-1620.0,2014-08-02,pass,"counterfactual_common_baseline_relative=max(0,final_yield-null)-I-5N"
SY,Shenyang,2014,DQN,0.0,15000.0,rl_candidate,2014,215,125,0.0,32.8,21.8,104.0,1742.0,11257.0,0.0,0.0,301,0.0,0.0,-0.0,-1620.0,2014-08-03,pass,"counterfactual_common_baseline_relative=max(0,final_yield-null)-I-5N"
SY,Shenyang,2014,DQN,0.0,15000.0,rl_candidate,2014,216,126,0.0,29.3,21.5,105.0,2048.0,11562.0,0.0,0.0,297,0.0,0.0,-0.0,-1620.0,2014-08-04,pass,"counterfactual_common_baseline_relative=max(0,final_yield-null)-I-5N"
SY,Shenyang,2014,DQN,0.0,15000.0,rl_candidate,2014,217,127,0.0,29.6,16.1,106.0,2353.0,11868.0,0.0,0.0,293,0.0,0.0,-0.0,-1620.0,2014-08-05,pass,"counterfactual_common_baseline_relative=max(0,final_yield-null)-I-5N"
SY,Shenyang,2014,DQN,0.0,15000.0,rl_candidate,2014,218,128,0.0,29.5,18.4,107.0,2659.0,12174.0,0.0,0.0,287,0.0,0.0,-0.0,-1620.0,2014-08-06,pass,"counterfactual_common_baseline_relative=max(0,final_yield-null)-I-5N"
SY,Shenyang,2014,DQN,0.0,15000.0,rl_candidate,2014,219,129,0.0,29.5,15.6,108.0,2964.0,12479.0,0.0,0.0,282,0.0,0.0,-0.0,-1620.0,2014-08-07,pass,"counterfactual_common_baseline_relative=max(0,final_yield-null)-I-5N"
SY,Shenyang,2014,DQN,0.0,15000.0,rl_candidate,2014,220,130,0.0,30.8,15.0,109.0,3270.0,12785.0,0.0,0.0,276,0.0,0.0,-0.0,-1620.0,2014-08-08,pass,"counterfactual_common_baseline_relative=max(0,final_yield-null)-I-5N"
SY,Shenyang,2014,DQN,0.0,15000.0,rl_candidate,2014,221,131,0.0,30.8,17.1,110.0,3576.0,13090.0,0.0,0.0,271,0.0,0.0,-0.0,-1620.0,2014-08-09,pass,"counterfactual_common_baseline_relative=max(0,final_yield-null)-I-5N"
SY,Shenyang,2014,DQN,0.0,15000.0,rl_candidate,2014,222,132,0.0,29.9,17.3,111.0,3881.0,13396.0,0.0,0.0,267,0.0,0.0,-0.0,-1620.0,2014-08-10,pass,"counterfactual_common_baseline_relative=max(0,final_yield-null)-I-5N"
SY,Shenyang,2014,DQN,0.0,15000.0,rl_candidate,2014,223,133,0.0,29.8,17.8,112.0,4187.0,13702.0,0.0,0.0,263,0.0,0.0,-0.0,-1620.0,2014-08-11,pass,"counterfactual_common_baseline_relative=max(0,final_yield-null)-I-5N"
SY,Shenyang,2014,DQN,0.0,15000.0,rl_candidate,2014,224,134,0.0,29.7,17.2,113.0,4492.0,14007.0,0.0,0.0,257,0.0,0.0,-0.0,-1620.0,2014-08-12,pass,"counterfactual_common_baseline_relative=max(0,final_yield-null)-I-5N"
SY,Shenyang,2014,DQN,0.0,15000.0,rl_candidate,2014,225,135,0.0,30.8,14.2,114.0,4798.0,14313.0,0.0,0.0,253,0.0,0.0,-0.0,-1620.0,2014-08-13,pass,"counterfactual_common_baseline_relative=max(0,final_yield-null)-I-5N"
SY,Shenyang,2014,DQN,0.0,15000.0,rl_candidate,2014,226,136,5.0,28.4,17.6,115.0,5104.0,14581.0,0.0,0.0,255,0.0,0.0,-0.0,-1620.0,2014-08-14,pass,"counterfactual_common_baseline_relative=max(0,final_yield-null)-I-5N"
SY,Shenyang,2014,DQN,0.0,15000.0,rl_candidate,2014,227,137,0.0,29.3,18.4,116.0,5409.0,14912.0,0.0,0.0,250,0.0,0.0,-0.0,-1620.0,2014-08-15,pass,"counterfactual_common_baseline_relative=max(0,final_yield-null)-I-5N"
SY,Shenyang,2014,DQN,0.0,15000.0,rl_candidate,2014,228,138,0.0,30.3,18.9,117.0,5715.0,15230.0,0.0,0.0,245,0.0,0.0,-0.0,-1620.0,2014-08-16,pass,"counterfactual_common_baseline_relative=max(0,final_yield-null)-I-5N"
SY,Shenyang,2014,DQN,0.0,15000.0,rl_candidate,2014,229,139,25.8,30.5,18.0,118.0,6020.0,15506.0,0.0,0.0,263,0.0,0.0,-0.0,-1620.0,2014-08-17,pass,"counterfactual_common_baseline_relative=max(0,final_yield-null)-I-5N"
SY,Shenyang,2014,DQN,0.0,15000.0,rl_candidate,2014,230,140,0.0,28.8,18.3,119.0,6326.0,15757.0,0.0,0.0,260,0.0,0.0,-0.0,-1620.0,2014-08-18,pass,"counterfactual_common_baseline_relative=max(0,final_yield-null)-I-5N"
SY,Shenyang,2014,DQN,0.0,15000.0,rl_candidate,2014,231,141,0.0,30.6,17.2,120.0,6632.0,16108.0,0.0,0.0,255,0.0,0.0,-0.0,-1620.0,2014-08-19,pass,"counterfactual_common_baseline_relative=max(0,final_yield-null)-I-5N"
SY,Shenyang,2014,DQN,0.0,15000.0,rl_candidate,2014,232,142,0.0,32.6,18.3,121.0,6937.0,16452.0,0.0,0.0,250,0.0,0.0,-0.0,-1620.0,2014-08-20,pass,"counterfactual_common_baseline_relative=max(0,final_yield-null)-I-5N"
SY,Shenyang,2014,DQN,0.0,15000.0,rl_candidate,2014,233,143,0.0,27.9,19.7,122.0,7243.0,16666.0,0.0,0.0,247,0.0,0.0,-0.0,-1620.0,2014-08-21,pass,"counterfactual_common_baseline_relative=max(0,final_yield-null)-I-5N"
SY,Shenyang,2014,DQN,0.0,15000.0,rl_candidate,2014,234,144,0.0,31.3,19.9,123.0,7548.0,16978.0,0.0,0.0,243,0.0,0.0,-0.0,-1620.0,2014-08-22,pass,"counterfactual_common_baseline_relative=max(0,final_yield-null)-I-5N"
SY,Shenyang,2014,DQN,0.0,15000.0,rl_candidate,2014,235,145,3.5,27.2,20.7,124.0,7854.0,17146.0,0.0,0.0,245,0.0,0.0,-0.0,-1620.0,2014-08-23,pass,"counterfactual_common_baseline_relative=max(0,final_yield-null)-I-5N"
SY,Shenyang,2014,DQN,0.0,15000.0,rl_candidate,2014,236,146,5.6,28.6,19.5,125.0,8160.0,17381.0,0.0,0.0,247,0.0,0.0,-0.0,-1620.0,2014-08-24,pass,"counterfactual_common_baseline_relative=max(0,final_yield-null)-I-5N"
SY,Shenyang,2014,DQN,0.0,15000.0,rl_candidate,2014,237,147,0.0,24.2,19.6,126.0,8465.0,17513.0,0.0,0.0,246,0.0,0.0,-0.0,-1620.0,2014-08-25,pass,"counterfactual_common_baseline_relative=max(0,final_yield-null)-I-5N"
SY,Shenyang,2014,DQN,0.0,15000.0,rl_candidate,2014,238,148,0.0,29.4,17.3,127.0,8771.0,17872.0,0.0,0.0,240,0.0,0.0,-0.0,-1620.0,2014-08-26,pass,"counterfactual_common_baseline_relative=max(0,final_yield-null)-I-5N"
SY,Shenyang,2014,DQN,0.0,15000.0,rl_candidate,2014,239,149,0.0,30.5,15.5,128.0,9076.0,18220.0,0.0,0.0,235,0.0,0.0,-0.0,-1620.0,2014-08-27,pass,"counterfactual_common_baseline_relative=max(0,final_yield-null)-I-5N"
SY,Shenyang,2014,DQN,0.0,15000.0,rl_candidate,2014,240,150,0.0,29.5,17.7,129.0,9382.0,18527.0,0.0,0.0,231,0.0,0.0,-0.0,-1620.0,2014-08-28,pass,"counterfactual_common_baseline_relative=max(0,final_yield-null)-I-5N"
SY,Shenyang,2014,DQN,0.0,15000.0,rl_candidate,2014,241,151,0.0,30.2,17.0,130.0,9688.0,18835.0,0.0,0.0,227,0.0,0.0,-0.0,-1620.0,2014-08-29,pass,"counterfactual_common_baseline_relative=max(0,final_yield-null)-I-5N"
SY,Shenyang,2014,DQN,0.0,15000.0,rl_candidate,2014,242,152,0.0,30.6,15.5,131.0,9993.0,19175.0,0.0,0.0,221,0.0,0.0,-0.0,-1620.0,2014-08-30,pass,"counterfactual_common_baseline_relative=max(0,final_yield-null)-I-5N"
SY,Shenyang,2014,DQN,0.0,15000.0,rl_candidate,2014,243,153,0.0,31.1,16.4,132.0,10299.0,19471.0,0.0,0.0,217,0.0,0.0,-0.0,-1620.0,2014-08-31,pass,"counterfactual_common_baseline_relative=max(0,final_yield-null)-I-5N"
SY,Shenyang,2014,DQN,0.0,15000.0,rl_candidate,2014,244,154,0.0,30.8,15.8,133.0,10604.0,19784.0,0.0,0.0,213,0.0,0.0,-0.0,-1620.0,2014-09-01,pass,"counterfactual_common_baseline_relative=max(0,final_yield-null)-I-5N"
SY,Shenyang,2014,DQN,0.0,15000.0,rl_candidate,2014,245,155,0.0,29.4,17.1,134.0,10910.0,20025.0,0.0,0.0,209,0.0,0.0,-0.0,-1620.0,2014-09-02,pass,"counterfactual_common_baseline_relative=max(0,final_yield-null)-I-5N"
SY,Shenyang,2014,DQN,0.0,15000.0,rl_candidate,2014,246,156,0.0,24.8,15.1,135.0,11216.0,20250.0,0.0,0.0,206,0.0,0.0,-0.0,-1620.0,2014-09-03,pass,"counterfactual_common_baseline_relative=max(0,final_yield-null)-I-5N"
SY,Shenyang,2014,DQN,0.0,15000.0,rl_candidate,2014,247,157,23.2,28.4,12.4,136.0,11216.0,20250.0,0.0,0.0,223,0.0,0.0,-0.0,-1620.0,2014-09-04,pass,"counterfactual_common_baseline_relative=max(0,final_yield-null)-I-5N"
SY,Shenyang,2014,DQN,0.0,15000.0,rl_candidate,2014,248,158,0.0,27.2,10.3,137.0,11216.0,20250.0,0.0,0.0,218,0.0,0.0,-0.0,-1620.0,2014-09-05,pass,"counterfactual_common_baseline_relative=max(0,final_yield-null)-I-5N"
SY,Shenyang,2014,DQN,0.0,15000.0,rl_candidate,2014,249,159,0.0,30.4,12.9,138.0,11216.0,20250.0,0.0,0.0,213,0.0,0.0,-0.0,-1620.0,2014-09-06,pass,"counterfactual_common_baseline_relative=max(0,final_yield-null)-I-5N"
SY,Shenyang,2014,DQN,0.0,15000.0,rl_candidate,2014,250,160,0.0,29.2,14.9,139.0,11216.0,20250.0,0.0,0.0,209,0.0,0.0,8447.0,6827.0,2014-09-07,pass,"counterfactual_common_baseline_relative=max(0,final_yield-null)-I-5N"
