site,station,requested_year,algorithm,seed,checkpoint,scenario,year_out,doy,das,rainfall_mm,tmax_c,tmin_c,dap,grain_yield_kg_ha,biomass_kg_ha,water_stress_index_wspd,nitrogen_stress_index_nstd,soil_water_mm,irrigation_executed_mm,nitrogen_executed_kg_ha,common_reward_step,cumulative_common_reward,date,temperature_source_qc,reward_provenance
SY,Shenyang,2014,MaskablePPO,,,null,2014,91,1,0.0,19.2,6.1,0.0,0.0,0.0,0.0,0.0,331,0.0,0.0,-0.0,-0.0,2014-04-01,pass,"counterfactual_common_baseline_relative=max(0,final_yield-null)-I-5N"
SY,Shenyang,2014,MaskablePPO,,,null,2014,92,2,0.0,13.4,6.9,0.0,0.0,0.0,0.0,0.0,328,0.0,0.0,-0.0,-0.0,2014-04-02,pass,"counterfactual_common_baseline_relative=max(0,final_yield-null)-I-5N"
SY,Shenyang,2014,MaskablePPO,,,null,2014,93,3,0.0,10.1,-1.8,0.0,0.0,0.0,0.0,0.0,326,0.0,0.0,-0.0,-0.0,2014-04-03,pass,"counterfactual_common_baseline_relative=max(0,final_yield-null)-I-5N"
SY,Shenyang,2014,MaskablePPO,,,null,2014,94,4,0.0,12.0,-1.7,0.0,0.0,0.0,0.0,0.0,324,0.0,0.0,-0.0,-0.0,2014-04-04,pass,"counterfactual_common_baseline_relative=max(0,final_yield-null)-I-5N"
SY,Shenyang,2014,MaskablePPO,,,null,2014,95,5,0.0,8.3,-2.3,0.0,0.0,0.0,0.0,0.0,323,0.0,0.0,-0.0,-0.0,2014-04-05,pass,"counterfactual_common_baseline_relative=max(0,final_yield-null)-I-5N"
SY,Shenyang,2014,MaskablePPO,,,null,2014,96,6,0.0,19.8,-2.0,0.0,0.0,0.0,0.0,0.0,322,0.0,0.0,-0.0,-0.0,2014-04-06,pass,"counterfactual_common_baseline_relative=max(0,final_yield-null)-I-5N"
SY,Shenyang,2014,MaskablePPO,,,null,2014,97,7,0.0,22.3,2.9,0.0,0.0,0.0,0.0,0.0,321,0.0,0.0,-0.0,-0.0,2014-04-07,pass,"counterfactual_common_baseline_relative=max(0,final_yield-null)-I-5N"
SY,Shenyang,2014,MaskablePPO,,,null,2014,98,8,0.0,22.7,1.9,0.0,0.0,0.0,0.0,0.0,320,0.0,0.0,-0.0,-0.0,2014-04-08,pass,"counterfactual_common_baseline_relative=max(0,final_yield-null)-I-5N"
SY,Shenyang,2014,MaskablePPO,,,null,2014,99,9,0.0,16.0,10.8,0.0,0.0,0.0,0.0,0.0,319,0.0,0.0,-0.0,-0.0,2014-04-09,pass,"counterfactual_common_baseline_relative=max(0,final_yield-null)-I-5N"
SY,Shenyang,2014,MaskablePPO,,,null,2014,100,10,0.0,18.3,2.8,0.0,0.0,0.0,0.0,0.0,319,0.0,0.0,-0.0,-0.0,2014-04-10,pass,"counterfactual_common_baseline_relative=max(0,final_yield-null)-I-5N"
SY,Shenyang,2014,MaskablePPO,,,null,2014,101,11,0.0,20.5,1.0,0.0,0.0,0.0,0.0,0.0,318,0.0,0.0,-0.0,-0.0,2014-04-11,pass,"counterfactual_common_baseline_relative=max(0,final_yield-null)-I-5N"
SY,Shenyang,2014,MaskablePPO,,,null,2014,102,12,0.0,21.6,3.5,0.0,0.0,0.0,0.0,0.0,317,0.0,0.0,-0.0,-0.0,2014-04-12,pass,"counterfactual_common_baseline_relative=max(0,final_yield-null)-I-5N"
SY,Shenyang,2014,MaskablePPO,,,null,2014,103,13,0.0,23.2,2.9,0.0,0.0,0.0,0.0,0.0,317,0.0,0.0,-0.0,-0.0,2014-04-13,pass,"counterfactual_common_baseline_relative=max(0,final_yield-null)-I-5N"
SY,Shenyang,2014,MaskablePPO,,,null,2014,104,14,0.0,24.7,4.4,0.0,0.0,0.0,0.0,0.0,316,0.0,0.0,-0.0,-0.0,2014-04-14,pass,"counterfactual_common_baseline_relative=max(0,final_yield-null)-I-5N"
SY,Shenyang,2014,MaskablePPO,,,null,2014,105,15,0.0,18.6,8.9,0.0,0.0,0.0,0.0,0.0,316,0.0,0.0,-0.0,-0.0,2014-04-15,pass,"counterfactual_common_baseline_relative=max(0,final_yield-null)-I-5N"
SY,Shenyang,2014,MaskablePPO,,,null,2014,106,16,0.0,23.6,-0.1,0.0,0.0,0.0,0.0,0.0,315,0.0,0.0,-0.0,-0.0,2014-04-16,pass,"counterfactual_common_baseline_relative=max(0,final_yield-null)-I-5N"
SY,Shenyang,2014,MaskablePPO,,,null,2014,107,17,0.0,19.0,8.4,0.0,0.0,0.0,0.0,0.0,315,0.0,0.0,-0.0,-0.0,2014-04-17,pass,"counterfactual_common_baseline_relative=max(0,final_yield-null)-I-5N"
SY,Shenyang,2014,MaskablePPO,,,null,2014,108,18,0.0,18.4,8.7,0.0,0.0,0.0,0.0,0.0,314,0.0,0.0,-0.0,-0.0,2014-04-18,pass,"counterfactual_common_baseline_relative=max(0,final_yield-null)-I-5N"
SY,Shenyang,2014,MaskablePPO,,,null,2014,109,19,0.0,19.9,4.0,0.0,0.0,0.0,0.0,0.0,314,0.0,0.0,-0.0,-0.0,2014-04-19,pass,"counterfactual_common_baseline_relative=max(0,final_yield-null)-I-5N"
SY,Shenyang,2014,MaskablePPO,,,null,2014,110,20,0.0,18.8,9.8,0.0,0.0,0.0,0.0,0.0,313,0.0,0.0,-0.0,-0.0,2014-04-20,pass,"counterfactual_common_baseline_relative=max(0,final_yield-null)-I-5N"
SY,Shenyang,2014,MaskablePPO,,,null,2014,111,21,0.0,21.8,3.8,0.0,0.0,0.0,0.0,0.0,313,0.0,0.0,-0.0,-0.0,2014-04-21,pass,"counterfactual_common_baseline_relative=max(0,final_yield-null)-I-5N"
SY,Shenyang,2014,MaskablePPO,,,null,2014,112,22,0.0,25.1,8.5,1.0,0.0,0.0,0.0,0.0,313,0.0,0.0,-0.0,-0.0,2014-04-22,pass,"counterfactual_common_baseline_relative=max(0,final_yield-null)-I-5N"
SY,Shenyang,2014,MaskablePPO,,,null,2014,113,23,0.0,26.6,11.5,2.0,0.0,0.0,0.0,0.0,312,0.0,0.0,-0.0,-0.0,2014-04-23,pass,"counterfactual_common_baseline_relative=max(0,final_yield-null)-I-5N"
SY,Shenyang,2014,MaskablePPO,,,null,2014,114,24,0.0,24.6,14.6,3.0,0.0,0.0,0.0,0.0,312,0.0,0.0,-0.0,-0.0,2014-04-24,pass,"counterfactual_common_baseline_relative=max(0,final_yield-null)-I-5N"
SY,Shenyang,2014,MaskablePPO,,,null,2014,115,25,0.0,27.3,12.9,4.0,0.0,0.0,0.0,0.0,311,0.0,0.0,-0.0,-0.0,2014-04-25,pass,"counterfactual_common_baseline_relative=max(0,final_yield-null)-I-5N"
SY,Shenyang,2014,MaskablePPO,,,null,2014,116,26,0.0,21.0,14.3,5.0,0.0,0.0,0.0,0.0,311,0.0,0.0,-0.0,-0.0,2014-04-26,pass,"counterfactual_common_baseline_relative=max(0,final_yield-null)-I-5N"
SY,Shenyang,2014,MaskablePPO,,,null,2014,117,27,0.0,20.7,8.6,6.0,0.0,0.0,0.0,0.0,311,0.0,0.0,-0.0,-0.0,2014-04-27,pass,"counterfactual_common_baseline_relative=max(0,final_yield-null)-I-5N"
SY,Shenyang,2014,MaskablePPO,,,null,2014,118,28,0.0,24.4,7.0,7.0,0.0,0.0,0.0,0.0,310,0.0,0.0,-0.0,-0.0,2014-04-28,pass,"counterfactual_common_baseline_relative=max(0,final_yield-null)-I-5N"
SY,Shenyang,2014,MaskablePPO,,,null,2014,119,29,0.0,26.1,5.6,8.0,0.0,0.0,0.0,0.0,310,0.0,0.0,-0.0,-0.0,2014-04-29,pass,"counterfactual_common_baseline_relative=max(0,final_yield-null)-I-5N"
SY,Shenyang,2014,MaskablePPO,,,null,2014,120,30,0.0,28.2,9.4,9.0,0.0,19.0,0.0,0.012,310,0.0,0.0,-0.0,-0.0,2014-04-30,pass,"counterfactual_common_baseline_relative=max(0,final_yield-null)-I-5N"
SY,Shenyang,2014,MaskablePPO,,,null,2014,121,31,0.0,28.3,15.1,10.0,0.0,19.0,0.0,0.011,309,0.0,0.0,-0.0,-0.0,2014-05-01,pass,"counterfactual_common_baseline_relative=max(0,final_yield-null)-I-5N"
SY,Shenyang,2014,MaskablePPO,,,null,2014,122,32,9.0,22.2,6.1,11.0,0.0,19.0,0.0,0.009,318,0.0,0.0,-0.0,-0.0,2014-05-02,pass,"counterfactual_common_baseline_relative=max(0,final_yield-null)-I-5N"
SY,Shenyang,2014,MaskablePPO,,,null,2014,123,33,0.0,22.3,1.7,12.0,0.0,19.0,0.0,0.007,317,0.0,0.0,-0.0,-0.0,2014-05-03,pass,"counterfactual_common_baseline_relative=max(0,final_yield-null)-I-5N"
SY,Shenyang,2014,MaskablePPO,,,null,2014,124,34,13.0,15.0,5.4,13.0,0.0,19.0,0.0,0.006,328,0.0,0.0,-0.0,-0.0,2014-05-04,pass,"counterfactual_common_baseline_relative=max(0,final_yield-null)-I-5N"
SY,Shenyang,2014,MaskablePPO,,,null,2014,125,35,0.0,14.5,1.8,14.0,0.0,19.0,0.0,0.005,324,0.0,0.0,-0.0,-0.0,2014-05-05,pass,"counterfactual_common_baseline_relative=max(0,final_yield-null)-I-5N"
SY,Shenyang,2014,MaskablePPO,,,null,2014,126,36,0.0,19.5,6.2,15.0,0.0,19.0,0.0,0.003,323,0.0,0.0,-0.0,-0.0,2014-05-06,pass,"counterfactual_common_baseline_relative=max(0,final_yield-null)-I-5N"
SY,Shenyang,2014,MaskablePPO,,,null,2014,127,37,0.0,13.2,9.8,16.0,0.0,19.0,0.0,0.002,322,0.0,0.0,-0.0,-0.0,2014-05-07,pass,"counterfactual_common_baseline_relative=max(0,final_yield-null)-I-5N"
SY,Shenyang,2014,MaskablePPO,,,null,2014,128,38,0.0,20.7,4.0,17.0,0.0,19.0,0.0,0.0,321,0.0,0.0,-0.0,-0.0,2014-05-08,pass,"counterfactual_common_baseline_relative=max(0,final_yield-null)-I-5N"
SY,Shenyang,2014,MaskablePPO,,,null,2014,129,39,0.0,21.2,4.7,18.0,0.0,19.0,0.0,0.0,320,0.0,0.0,-0.0,-0.0,2014-05-09,pass,"counterfactual_common_baseline_relative=max(0,final_yield-null)-I-5N"
SY,Shenyang,2014,MaskablePPO,,,null,2014,130,40,0.0,26.2,7.3,19.0,0.0,19.0,0.0,0.0,319,0.0,0.0,-0.0,-0.0,2014-05-10,pass,"counterfactual_common_baseline_relative=max(0,final_yield-null)-I-5N"
SY,Shenyang,2014,MaskablePPO,,,null,2014,131,41,19.0,20.8,11.4,20.0,0.0,19.0,0.0,0.0,335,0.0,0.0,-0.0,-0.0,2014-05-11,pass,"counterfactual_common_baseline_relative=max(0,final_yield-null)-I-5N"
SY,Shenyang,2014,MaskablePPO,,,null,2014,132,42,0.0,18.3,11.0,21.0,0.0,19.0,0.0,0.0,334,0.0,0.0,-0.0,-0.0,2014-05-12,pass,"counterfactual_common_baseline_relative=max(0,final_yield-null)-I-5N"
SY,Shenyang,2014,MaskablePPO,,,null,2014,133,43,0.0,25.3,12.1,22.0,0.0,19.0,0.0,0.0,329,0.0,0.0,-0.0,-0.0,2014-05-13,pass,"counterfactual_common_baseline_relative=max(0,final_yield-null)-I-5N"
SY,Shenyang,2014,MaskablePPO,,,null,2014,134,44,0.0,22.0,11.4,23.0,0.0,19.0,0.0,0.0,326,0.0,0.0,-0.0,-0.0,2014-05-14,pass,"counterfactual_common_baseline_relative=max(0,final_yield-null)-I-5N"
SY,Shenyang,2014,MaskablePPO,,,null,2014,135,45,0.0,22.4,9.9,24.0,0.0,19.0,0.0,0.0,325,0.0,0.0,-0.0,-0.0,2014-05-15,pass,"counterfactual_common_baseline_relative=max(0,final_yield-null)-I-5N"
SY,Shenyang,2014,MaskablePPO,,,null,2014,136,46,0.0,24.8,8.5,25.0,0.0,21.0,0.0,0.0,323,0.0,0.0,-0.0,-0.0,2014-05-16,pass,"counterfactual_common_baseline_relative=max(0,final_yield-null)-I-5N"
SY,Shenyang,2014,MaskablePPO,,,null,2014,137,47,0.0,24.9,9.4,26.0,0.0,25.0,0.0,0.0,322,0.0,0.0,-0.0,-0.0,2014-05-17,pass,"counterfactual_common_baseline_relative=max(0,final_yield-null)-I-5N"
SY,Shenyang,2014,MaskablePPO,,,null,2014,138,48,0.0,27.4,13.6,27.0,0.0,30.0,0.0,0.0,321,0.0,0.0,-0.0,-0.0,2014-05-18,pass,"counterfactual_common_baseline_relative=max(0,final_yield-null)-I-5N"
SY,Shenyang,2014,MaskablePPO,,,null,2014,139,49,0.0,22.3,14.6,28.0,0.0,34.0,0.0,0.0,321,0.0,0.0,-0.0,-0.0,2014-05-19,pass,"counterfactual_common_baseline_relative=max(0,final_yield-null)-I-5N"
SY,Shenyang,2014,MaskablePPO,,,null,2014,140,50,15.6,19.1,13.1,29.0,0.0,38.0,0.0,0.0,330,0.0,0.0,-0.0,-0.0,2014-05-20,pass,"counterfactual_common_baseline_relative=max(0,final_yield-null)-I-5N"
SY,Shenyang,2014,MaskablePPO,,,null,2014,141,51,19.0,28.7,13.1,30.0,0.0,45.0,0.0,0.0,339,0.0,0.0,-0.0,-0.0,2014-05-21,pass,"counterfactual_common_baseline_relative=max(0,final_yield-null)-I-5N"
SY,Shenyang,2014,MaskablePPO,,,null,2014,142,52,0.0,31.7,9.7,31.0,0.0,52.0,0.0,0.0,335,0.0,0.0,-0.0,-0.0,2014-05-22,pass,"counterfactual_common_baseline_relative=max(0,final_yield-null)-I-5N"
SY,Shenyang,2014,MaskablePPO,,,null,2014,143,53,0.0,30.6,20.0,32.0,0.0,63.0,0.0,0.0,334,0.0,0.0,-0.0,-0.0,2014-05-23,pass,"counterfactual_common_baseline_relative=max(0,final_yield-null)-I-5N"
SY,Shenyang,2014,MaskablePPO,,,null,2014,144,54,0.0,25.8,17.2,33.0,0.0,72.0,0.0,0.0,332,0.0,0.0,-0.0,-0.0,2014-05-24,pass,"counterfactual_common_baseline_relative=max(0,final_yield-null)-I-5N"
SY,Shenyang,2014,MaskablePPO,,,null,2014,145,55,11.4,19.8,16.4,34.0,0.0,75.0,0.0,0.0,342,0.0,0.0,-0.0,-0.0,2014-05-25,pass,"counterfactual_common_baseline_relative=max(0,final_yield-null)-I-5N"
SY,Shenyang,2014,MaskablePPO,,,null,2014,146,56,0.0,27.6,14.0,35.0,0.0,87.0,0.0,0.002,336,0.0,0.0,-0.0,-0.0,2014-05-26,pass,"counterfactual_common_baseline_relative=max(0,final_yield-null)-I-5N"
SY,Shenyang,2014,MaskablePPO,,,null,2014,147,57,0.0,31.3,11.7,36.0,0.0,103.0,0.0,0.0,333,0.0,0.0,-0.0,-0.0,2014-05-27,pass,"counterfactual_common_baseline_relative=max(0,final_yield-null)-I-5N"
SY,Shenyang,2014,MaskablePPO,,,null,2014,148,58,0.0,29.4,17.0,37.0,0.0,123.0,0.0,0.0,331,0.0,0.0,-0.0,-0.0,2014-05-28,pass,"counterfactual_common_baseline_relative=max(0,final_yield-null)-I-5N"
SY,Shenyang,2014,MaskablePPO,,,null,2014,149,59,0.0,31.6,19.2,38.0,0.0,149.0,0.0,0.0,328,0.0,0.0,-0.0,-0.0,2014-05-29,pass,"counterfactual_common_baseline_relative=max(0,final_yield-null)-I-5N"
SY,Shenyang,2014,MaskablePPO,,,null,2014,150,60,0.0,33.9,15.9,39.0,0.0,179.0,0.0,0.0,326,0.0,0.0,-0.0,-0.0,2014-05-30,pass,"counterfactual_common_baseline_relative=max(0,final_yield-null)-I-5N"
SY,Shenyang,2014,MaskablePPO,,,null,2014,151,61,0.0,35.8,19.6,40.0,0.0,217.0,0.0,0.0,324,0.0,0.0,-0.0,-0.0,2014-05-31,pass,"counterfactual_common_baseline_relative=max(0,final_yield-null)-I-5N"
SY,Shenyang,2014,MaskablePPO,,,null,2014,152,62,0.0,32.1,21.0,41.0,0.0,255.0,0.0,0.0,322,0.0,0.0,-0.0,-0.0,2014-06-01,pass,"counterfactual_common_baseline_relative=max(0,final_yield-null)-I-5N"
SY,Shenyang,2014,MaskablePPO,,,null,2014,153,63,6.8,28.8,18.4,42.0,0.0,291.0,0.0,0.0,325,0.0,0.0,-0.0,-0.0,2014-06-02,pass,"counterfactual_common_baseline_relative=max(0,final_yield-null)-I-5N"
SY,Shenyang,2014,MaskablePPO,,,null,2014,154,64,0.0,30.2,17.0,43.0,0.0,332.0,0.0,0.0,322,0.0,0.0,-0.0,-0.0,2014-06-03,pass,"counterfactual_common_baseline_relative=max(0,final_yield-null)-I-5N"
SY,Shenyang,2014,MaskablePPO,,,null,2014,155,65,0.0,30.4,19.1,44.0,0.0,380.0,0.0,0.0,319,0.0,0.0,-0.0,-0.0,2014-06-04,pass,"counterfactual_common_baseline_relative=max(0,final_yield-null)-I-5N"
SY,Shenyang,2014,MaskablePPO,,,null,2014,156,66,0.0,30.2,21.6,45.0,0.0,435.0,0.0,0.0,317,0.0,0.0,-0.0,-0.0,2014-06-05,pass,"counterfactual_common_baseline_relative=max(0,final_yield-null)-I-5N"
SY,Shenyang,2014,MaskablePPO,,,null,2014,157,67,0.0,27.4,19.5,46.0,0.0,485.0,0.0,0.0,314,0.0,0.0,-0.0,-0.0,2014-06-06,pass,"counterfactual_common_baseline_relative=max(0,final_yield-null)-I-5N"
SY,Shenyang,2014,MaskablePPO,,,null,2014,158,68,0.0,23.4,17.9,47.0,0.0,529.0,0.0,0.0,313,0.0,0.0,-0.0,-0.0,2014-06-07,pass,"counterfactual_common_baseline_relative=max(0,final_yield-null)-I-5N"
SY,Shenyang,2014,MaskablePPO,,,null,2014,159,69,8.7,24.5,16.2,48.0,0.0,575.0,0.0,0.0,318,0.0,0.0,-0.0,-0.0,2014-06-08,pass,"counterfactual_common_baseline_relative=max(0,final_yield-null)-I-5N"
SY,Shenyang,2014,MaskablePPO,,,null,2014,160,70,2.2,25.5,16.2,49.0,0.0,634.0,0.0,0.0,316,0.0,0.0,-0.0,-0.0,2014-06-09,pass,"counterfactual_common_baseline_relative=max(0,final_yield-null)-I-5N"
SY,Shenyang,2014,MaskablePPO,,,null,2014,161,71,0.0,26.0,16.4,50.0,0.0,698.0,0.0,0.0,311,0.0,0.0,-0.0,-0.0,2014-06-10,pass,"counterfactual_common_baseline_relative=max(0,final_yield-null)-I-5N"
SY,Shenyang,2014,MaskablePPO,,,null,2014,162,72,0.0,25.6,14.1,51.0,0.0,756.0,0.0,0.0,308,0.0,0.0,-0.0,-0.0,2014-06-11,pass,"counterfactual_common_baseline_relative=max(0,final_yield-null)-I-5N"
SY,Shenyang,2014,MaskablePPO,,,null,2014,163,73,0.0,27.7,15.0,52.0,0.0,825.0,0.0,0.0,304,0.0,0.0,-0.0,-0.0,2014-06-12,pass,"counterfactual_common_baseline_relative=max(0,final_yield-null)-I-5N"
SY,Shenyang,2014,MaskablePPO,,,null,2014,164,74,0.0,28.0,16.0,53.0,0.0,900.0,0.0,0.0,300,0.0,0.0,-0.0,-0.0,2014-06-13,pass,"counterfactual_common_baseline_relative=max(0,final_yield-null)-I-5N"
SY,Shenyang,2014,MaskablePPO,,,null,2014,165,75,0.0,31.1,14.7,54.0,0.0,984.0,0.0,0.0,295,0.0,0.0,-0.0,-0.0,2014-06-14,pass,"counterfactual_common_baseline_relative=max(0,final_yield-null)-I-5N"
SY,Shenyang,2014,MaskablePPO,,,null,2014,166,76,0.0,32.3,19.3,55.0,0.0,1089.0,0.0,0.0,290,0.0,0.0,-0.0,-0.0,2014-06-15,pass,"counterfactual_common_baseline_relative=max(0,final_yield-null)-I-5N"
SY,Shenyang,2014,MaskablePPO,,,null,2014,167,77,0.0,30.7,19.4,56.0,0.0,1195.0,0.0,0.0,287,0.0,0.0,-0.0,-0.0,2014-06-16,pass,"counterfactual_common_baseline_relative=max(0,final_yield-null)-I-5N"
SY,Shenyang,2014,MaskablePPO,,,null,2014,168,78,5.7,27.9,18.7,57.0,0.0,1296.0,0.0,0.0,291,0.0,0.0,-0.0,-0.0,2014-06-17,pass,"counterfactual_common_baseline_relative=max(0,final_yield-null)-I-5N"
SY,Shenyang,2014,MaskablePPO,,,null,2014,169,79,9.4,25.0,16.7,58.0,0.0,1384.0,0.0,0.0,298,0.0,0.0,-0.0,-0.0,2014-06-18,pass,"counterfactual_common_baseline_relative=max(0,final_yield-null)-I-5N"
SY,Shenyang,2014,MaskablePPO,,,null,2014,170,80,0.0,27.4,16.7,59.0,0.0,1484.0,0.0,0.0,293,0.0,0.0,-0.0,-0.0,2014-06-19,pass,"counterfactual_common_baseline_relative=max(0,final_yield-null)-I-5N"
SY,Shenyang,2014,MaskablePPO,,,null,2014,171,81,2.6,27.1,17.8,60.0,0.0,1593.0,0.0,0.0,293,0.0,0.0,-0.0,-0.0,2014-06-20,pass,"counterfactual_common_baseline_relative=max(0,final_yield-null)-I-5N"
SY,Shenyang,2014,MaskablePPO,,,null,2014,172,82,0.0,28.0,18.0,61.0,0.0,1711.0,0.0,0.0,288,0.0,0.0,-0.0,-0.0,2014-06-21,pass,"counterfactual_common_baseline_relative=max(0,final_yield-null)-I-5N"
SY,Shenyang,2014,MaskablePPO,,,null,2014,173,83,38.3,27.8,15.9,62.0,0.0,1825.0,0.0,0.0,311,0.0,0.0,-0.0,-0.0,2014-06-22,pass,"counterfactual_common_baseline_relative=max(0,final_yield-null)-I-5N"
SY,Shenyang,2014,MaskablePPO,,,null,2014,174,84,0.0,29.4,15.3,63.0,0.0,1949.0,0.0,0.0,305,0.0,0.0,-0.0,-0.0,2014-06-23,pass,"counterfactual_common_baseline_relative=max(0,final_yield-null)-I-5N"
SY,Shenyang,2014,MaskablePPO,,,null,2014,175,85,0.0,31.1,16.2,64.0,0.0,2084.0,0.0,0.021,298,0.0,0.0,-0.0,-0.0,2014-06-24,pass,"counterfactual_common_baseline_relative=max(0,final_yield-null)-I-5N"
SY,Shenyang,2014,MaskablePPO,,,null,2014,176,86,0.0,30.0,20.2,65.0,0.0,2230.0,0.0,0.045,293,0.0,0.0,-0.0,-0.0,2014-06-25,pass,"counterfactual_common_baseline_relative=max(0,final_yield-null)-I-5N"
SY,Shenyang,2014,MaskablePPO,,,null,2014,177,87,0.0,25.3,20.8,66.0,0.0,2352.0,0.0,0.068,291,0.0,0.0,-0.0,-0.0,2014-06-26,pass,"counterfactual_common_baseline_relative=max(0,final_yield-null)-I-5N"
SY,Shenyang,2014,MaskablePPO,,,null,2014,178,88,3.4,24.6,19.8,67.0,0.0,2468.0,0.0,0.09,292,0.0,0.0,-0.0,-0.0,2014-06-27,pass,"counterfactual_common_baseline_relative=max(0,final_yield-null)-I-5N"
SY,Shenyang,2014,MaskablePPO,,,null,2014,179,89,15.6,26.6,17.2,68.0,0.0,2582.0,0.0,0.106,302,0.0,0.0,-0.0,-0.0,2014-06-28,pass,"counterfactual_common_baseline_relative=max(0,final_yield-null)-I-5N"
SY,Shenyang,2014,MaskablePPO,,,null,2014,180,90,0.0,29.3,18.5,69.0,0.0,2712.0,0.0,0.118,297,0.0,0.0,-0.0,-0.0,2014-06-29,pass,"counterfactual_common_baseline_relative=max(0,final_yield-null)-I-5N"
SY,Shenyang,2014,MaskablePPO,,,null,2014,181,91,0.0,32.3,18.9,70.0,0.0,2859.0,0.0,0.128,291,0.0,0.0,-0.0,-0.0,2014-06-30,pass,"counterfactual_common_baseline_relative=max(0,final_yield-null)-I-5N"
SY,Shenyang,2014,MaskablePPO,,,null,2014,182,92,0.0,30.7,20.6,71.0,0.0,3007.0,0.0,0.14,285,0.0,0.0,-0.0,-0.0,2014-07-01,pass,"counterfactual_common_baseline_relative=max(0,final_yield-null)-I-5N"
SY,Shenyang,2014,MaskablePPO,,,null,2014,183,93,0.0,30.9,18.5,72.0,0.0,3295.0,0.0,0.152,279,0.0,0.0,-0.0,-0.0,2014-07-02,pass,"counterfactual_common_baseline_relative=max(0,final_yield-null)-I-5N"
SY,Shenyang,2014,MaskablePPO,,,null,2014,184,94,0.0,27.8,20.8,73.0,0.0,3469.0,0.0,0.162,275,0.0,0.0,-0.0,-0.0,2014-07-03,pass,"counterfactual_common_baseline_relative=max(0,final_yield-null)-I-5N"
SY,Shenyang,2014,MaskablePPO,,,null,2014,185,95,0.0,30.3,21.7,74.0,0.0,3619.0,0.0,0.185,270,0.0,0.0,-0.0,-0.0,2014-07-04,pass,"counterfactual_common_baseline_relative=max(0,final_yield-null)-I-5N"
SY,Shenyang,2014,MaskablePPO,,,null,2014,186,96,0.0,31.5,20.1,75.0,0.0,3751.0,0.0,0.194,264,0.0,0.0,-0.0,-0.0,2014-07-05,pass,"counterfactual_common_baseline_relative=max(0,final_yield-null)-I-5N"
SY,Shenyang,2014,MaskablePPO,,,null,2014,187,97,0.0,29.7,20.6,76.0,0.0,3869.0,0.0,0.199,258,0.0,0.0,-0.0,-0.0,2014-07-06,pass,"counterfactual_common_baseline_relative=max(0,final_yield-null)-I-5N"
SY,Shenyang,2014,MaskablePPO,,,null,2014,188,98,0.0,30.7,19.3,77.0,0.0,3981.0,0.0,0.207,252,0.0,0.0,-0.0,-0.0,2014-07-07,pass,"counterfactual_common_baseline_relative=max(0,final_yield-null)-I-5N"
SY,Shenyang,2014,MaskablePPO,,,null,2014,189,99,0.0,28.4,20.6,78.0,0.0,4085.0,0.0,0.213,250,0.0,0.0,-0.0,-0.0,2014-07-08,pass,"counterfactual_common_baseline_relative=max(0,final_yield-null)-I-5N"
SY,Shenyang,2014,MaskablePPO,,,null,2014,190,100,2.5,30.3,20.8,79.0,0.0,4193.0,0.0,0.215,248,0.0,0.0,-0.0,-0.0,2014-07-09,pass,"counterfactual_common_baseline_relative=max(0,final_yield-null)-I-5N"
SY,Shenyang,2014,MaskablePPO,,,null,2014,191,101,0.0,30.1,16.1,80.0,0.0,4284.0,0.0,0.219,241,0.0,0.0,-0.0,-0.0,2014-07-10,pass,"counterfactual_common_baseline_relative=max(0,final_yield-null)-I-5N"
SY,Shenyang,2014,MaskablePPO,,,null,2014,192,102,0.0,29.1,18.2,81.0,0.0,4377.0,0.0,0.22,235,0.0,0.0,-0.0,-0.0,2014-07-11,pass,"counterfactual_common_baseline_relative=max(0,final_yield-null)-I-5N"
SY,Shenyang,2014,MaskablePPO,,,null,2014,193,103,0.0,30.1,17.2,82.0,0.0,4469.0,0.0,0.219,229,0.0,0.0,-0.0,-0.0,2014-07-12,pass,"counterfactual_common_baseline_relative=max(0,final_yield-null)-I-5N"
SY,Shenyang,2014,MaskablePPO,,,null,2014,194,104,0.0,30.7,17.6,83.0,0.0,4564.0,0.0,0.217,224,0.0,0.0,-0.0,-0.0,2014-07-13,pass,"counterfactual_common_baseline_relative=max(0,final_yield-null)-I-5N"
SY,Shenyang,2014,MaskablePPO,,,null,2014,195,105,0.0,33.3,18.3,84.0,0.0,4669.0,0.0,0.213,218,0.0,0.0,-0.0,-0.0,2014-07-14,pass,"counterfactual_common_baseline_relative=max(0,final_yield-null)-I-5N"
SY,Shenyang,2014,MaskablePPO,,,null,2014,196,106,0.0,31.1,21.7,85.0,0.0,4780.0,0.0,0.206,213,0.0,0.0,-0.0,-0.0,2014-07-15,pass,"counterfactual_common_baseline_relative=max(0,final_yield-null)-I-5N"
SY,Shenyang,2014,MaskablePPO,,,null,2014,197,107,18.6,30.3,19.0,86.0,0.0,4880.0,0.0,0.206,226,0.0,0.0,-0.0,-0.0,2014-07-16,pass,"counterfactual_common_baseline_relative=max(0,final_yield-null)-I-5N"
SY,Shenyang,2014,MaskablePPO,,,null,2014,198,108,20.8,29.2,19.4,87.0,0.0,4977.0,0.0,0.208,238,0.0,0.0,-0.0,-0.0,2014-07-17,pass,"counterfactual_common_baseline_relative=max(0,final_yield-null)-I-5N"
SY,Shenyang,2014,MaskablePPO,,,null,2014,199,109,0.0,29.9,22.0,88.0,0.0,5085.0,0.0,0.207,235,0.0,0.0,-0.0,-0.0,2014-07-18,pass,"counterfactual_common_baseline_relative=max(0,final_yield-null)-I-5N"
SY,Shenyang,2014,MaskablePPO,,,null,2014,200,110,0.0,32.0,24.0,89.0,0.0,5241.0,0.0,0.207,231,0.0,0.0,-0.0,-0.0,2014-07-19,pass,"counterfactual_common_baseline_relative=max(0,final_yield-null)-I-5N"
SY,Shenyang,2014,MaskablePPO,,,null,2014,201,111,0.0,32.4,24.7,90.0,0.0,5451.0,0.0,0.199,226,0.0,0.0,-0.0,-0.0,2014-07-20,pass,"counterfactual_common_baseline_relative=max(0,final_yield-null)-I-5N"
SY,Shenyang,2014,MaskablePPO,,,null,2014,202,112,35.8,29.5,21.5,91.0,0.0,5488.0,0.0,0.199,249,0.0,0.0,-0.0,-0.0,2014-07-21,pass,"counterfactual_common_baseline_relative=max(0,final_yield-null)-I-5N"
SY,Shenyang,2014,MaskablePPO,,,null,2014,203,113,0.0,28.0,19.6,92.0,0.0,5607.0,0.0,0.204,245,0.0,0.0,-0.0,-0.0,2014-07-22,pass,"counterfactual_common_baseline_relative=max(0,final_yield-null)-I-5N"
SY,Shenyang,2014,MaskablePPO,,,null,2014,204,114,0.0,30.4,21.7,93.0,0.0,5807.0,0.0,0.196,241,0.0,0.0,-0.0,-0.0,2014-07-23,pass,"counterfactual_common_baseline_relative=max(0,final_yield-null)-I-5N"
SY,Shenyang,2014,MaskablePPO,,,null,2014,205,115,0.0,29.7,20.5,94.0,0.0,5943.0,0.0,0.194,237,0.0,0.0,-0.0,-0.0,2014-07-24,pass,"counterfactual_common_baseline_relative=max(0,final_yield-null)-I-5N"
SY,Shenyang,2014,MaskablePPO,,,null,2014,206,116,0.0,25.3,19.1,95.0,0.0,5982.0,0.0,0.195,235,0.0,0.0,-0.0,-0.0,2014-07-25,pass,"counterfactual_common_baseline_relative=max(0,final_yield-null)-I-5N"
SY,Shenyang,2014,MaskablePPO,,,null,2014,207,117,0.0,27.9,18.1,96.0,0.0,6195.0,0.0,0.193,230,0.0,0.0,-0.0,-0.0,2014-07-26,pass,"counterfactual_common_baseline_relative=max(0,final_yield-null)-I-5N"
SY,Shenyang,2014,MaskablePPO,,,null,2014,208,118,0.0,30.5,16.4,97.0,0.0,6402.0,0.0,0.187,225,0.0,0.0,-0.0,-0.0,2014-07-27,pass,"counterfactual_common_baseline_relative=max(0,final_yield-null)-I-5N"
SY,Shenyang,2014,MaskablePPO,,,null,2014,209,119,0.0,30.2,18.9,98.0,0.0,6576.0,0.0,0.187,220,0.0,0.0,-0.0,-0.0,2014-07-28,pass,"counterfactual_common_baseline_relative=max(0,final_yield-null)-I-5N"
SY,Shenyang,2014,MaskablePPO,,,null,2014,210,120,0.0,29.6,21.3,99.0,210.0,6787.0,0.0,0.185,216,0.0,0.0,-0.0,-0.0,2014-07-29,pass,"counterfactual_common_baseline_relative=max(0,final_yield-null)-I-5N"
SY,Shenyang,2014,MaskablePPO,,,null,2014,211,121,0.0,27.7,18.7,100.0,365.0,6941.0,0.0,0.199,213,0.0,0.0,-0.0,-0.0,2014-07-30,pass,"counterfactual_common_baseline_relative=max(0,final_yield-null)-I-5N"
SY,Shenyang,2014,MaskablePPO,,,null,2014,212,122,0.0,31.2,18.1,101.0,520.0,7096.0,0.0,0.206,208,0.0,0.0,-0.0,-0.0,2014-07-31,pass,"counterfactual_common_baseline_relative=max(0,final_yield-null)-I-5N"
SY,Shenyang,2014,MaskablePPO,,,null,2014,213,123,0.0,32.4,23.7,102.0,655.0,7231.0,0.0,0.211,204,0.0,0.0,-0.0,-0.0,2014-08-01,pass,"counterfactual_common_baseline_relative=max(0,final_yield-null)-I-5N"
SY,Shenyang,2014,MaskablePPO,,,null,2014,214,124,0.0,33.9,22.2,103.0,789.0,7366.0,0.0,0.214,199,0.0,0.0,-0.0,-0.0,2014-08-02,pass,"counterfactual_common_baseline_relative=max(0,final_yield-null)-I-5N"
SY,Shenyang,2014,MaskablePPO,,,null,2014,215,125,0.0,32.8,21.8,104.0,938.0,7515.0,0.0,0.219,194,0.0,0.0,-0.0,-0.0,2014-08-03,pass,"counterfactual_common_baseline_relative=max(0,final_yield-null)-I-5N"
SY,Shenyang,2014,MaskablePPO,,,null,2014,216,126,0.0,29.3,21.5,105.0,1093.0,7670.0,0.0,0.229,191,0.0,0.0,-0.0,-0.0,2014-08-04,pass,"counterfactual_common_baseline_relative=max(0,final_yield-null)-I-5N"
SY,Shenyang,2014,MaskablePPO,,,null,2014,217,127,0.0,29.6,16.1,106.0,1248.0,7825.0,0.0,0.242,188,0.0,0.0,-0.0,-0.0,2014-08-05,pass,"counterfactual_common_baseline_relative=max(0,final_yield-null)-I-5N"
SY,Shenyang,2014,MaskablePPO,,,null,2014,218,128,0.0,29.5,18.4,107.0,1403.0,7979.0,0.0,0.255,183,0.0,0.0,-0.0,-0.0,2014-08-06,pass,"counterfactual_common_baseline_relative=max(0,final_yield-null)-I-5N"
SY,Shenyang,2014,MaskablePPO,,,null,2014,219,129,0.0,29.5,15.6,108.0,1558.0,8134.0,0.0,0.27,179,0.0,0.0,-0.0,-0.0,2014-08-07,pass,"counterfactual_common_baseline_relative=max(0,final_yield-null)-I-5N"
SY,Shenyang,2014,MaskablePPO,,,null,2014,220,130,0.0,30.8,15.0,109.0,1713.0,8289.0,0.0,0.285,175,0.0,0.0,-0.0,-0.0,2014-08-08,pass,"counterfactual_common_baseline_relative=max(0,final_yield-null)-I-5N"
SY,Shenyang,2014,MaskablePPO,,,null,2014,221,131,0.0,30.8,17.1,110.0,1868.0,8444.0,0.0,0.301,172,0.0,0.0,-0.0,-0.0,2014-08-09,pass,"counterfactual_common_baseline_relative=max(0,final_yield-null)-I-5N"
SY,Shenyang,2014,MaskablePPO,,,null,2014,222,132,0.0,29.9,17.3,111.0,2023.0,8599.0,0.0,0.318,169,0.0,0.0,-0.0,-0.0,2014-08-10,pass,"counterfactual_common_baseline_relative=max(0,final_yield-null)-I-5N"
SY,Shenyang,2014,MaskablePPO,,,null,2014,223,133,0.0,29.8,17.8,112.0,2178.0,8737.0,0.0,0.335,166,0.0,0.0,-0.0,-0.0,2014-08-11,pass,"counterfactual_common_baseline_relative=max(0,final_yield-null)-I-5N"
SY,Shenyang,2014,MaskablePPO,,,null,2014,224,134,0.0,29.7,17.2,113.0,2333.0,8909.0,0.0,0.353,163,0.0,0.0,-0.0,-0.0,2014-08-12,pass,"counterfactual_common_baseline_relative=max(0,final_yield-null)-I-5N"
SY,Shenyang,2014,MaskablePPO,,,null,2014,225,135,0.0,30.8,14.2,114.0,2488.0,9064.0,0.0,0.37,159,0.0,0.0,-0.0,-0.0,2014-08-13,pass,"counterfactual_common_baseline_relative=max(0,final_yield-null)-I-5N"
SY,Shenyang,2014,MaskablePPO,,,null,2014,226,136,5.0,28.4,17.6,115.0,2643.0,9161.0,0.0,0.394,161,0.0,0.0,-0.0,-0.0,2014-08-14,pass,"counterfactual_common_baseline_relative=max(0,final_yield-null)-I-5N"
SY,Shenyang,2014,MaskablePPO,,,null,2014,227,137,0.0,29.3,18.4,116.0,2798.0,9283.0,0.0,0.413,158,0.0,0.0,-0.0,-0.0,2014-08-15,pass,"counterfactual_common_baseline_relative=max(0,final_yield-null)-I-5N"
SY,Shenyang,2014,MaskablePPO,,,null,2014,228,138,0.0,30.3,18.9,117.0,2953.0,9425.0,0.0,0.422,155,0.0,0.0,-0.0,-0.0,2014-08-16,pass,"counterfactual_common_baseline_relative=max(0,final_yield-null)-I-5N"
SY,Shenyang,2014,MaskablePPO,,,null,2014,229,139,25.8,30.5,18.0,118.0,3107.0,9512.0,0.0,0.437,175,0.0,0.0,-0.0,-0.0,2014-08-17,pass,"counterfactual_common_baseline_relative=max(0,final_yield-null)-I-5N"
SY,Shenyang,2014,MaskablePPO,,,null,2014,230,140,0.0,28.8,18.3,119.0,3262.0,9587.0,0.0,0.456,172,0.0,0.0,-0.0,-0.0,2014-08-18,pass,"counterfactual_common_baseline_relative=max(0,final_yield-null)-I-5N"
SY,Shenyang,2014,MaskablePPO,,,null,2014,231,141,0.0,30.6,17.2,120.0,3417.0,9701.0,0.0,0.467,167,0.0,0.0,-0.0,-0.0,2014-08-19,pass,"counterfactual_common_baseline_relative=max(0,final_yield-null)-I-5N"
SY,Shenyang,2014,MaskablePPO,,,null,2014,232,142,0.0,32.6,18.3,121.0,3572.0,9815.0,0.0,0.474,161,0.0,0.0,-0.0,-0.0,2014-08-20,pass,"counterfactual_common_baseline_relative=max(0,final_yield-null)-I-5N"
SY,Shenyang,2014,MaskablePPO,,,null,2014,233,143,0.0,27.9,19.7,122.0,3727.0,9871.0,0.0,0.491,159,0.0,0.0,-0.0,-0.0,2014-08-21,pass,"counterfactual_common_baseline_relative=max(0,final_yield-null)-I-5N"
SY,Shenyang,2014,MaskablePPO,,,null,2014,234,144,0.0,31.3,19.9,123.0,3882.0,9951.0,0.0,0.508,156,0.0,0.0,-0.0,-0.0,2014-08-22,pass,"counterfactual_common_baseline_relative=max(0,final_yield-null)-I-5N"
SY,Shenyang,2014,MaskablePPO,,,null,2014,235,145,3.5,27.2,20.7,124.0,4037.0,9991.0,0.0,0.514,157,0.0,0.0,-0.0,-0.0,2014-08-23,pass,"counterfactual_common_baseline_relative=max(0,final_yield-null)-I-5N"
SY,Shenyang,2014,MaskablePPO,,,null,2014,236,146,5.6,28.6,19.5,125.0,4192.0,10046.0,0.0,0.524,159,0.0,0.0,-0.0,-0.0,2014-08-24,pass,"counterfactual_common_baseline_relative=max(0,final_yield-null)-I-5N"
SY,Shenyang,2014,MaskablePPO,,,null,2014,237,147,0.0,24.2,19.6,126.0,4347.0,10075.0,0.0,0.529,158,0.0,0.0,-0.0,-0.0,2014-08-25,pass,"counterfactual_common_baseline_relative=max(0,final_yield-null)-I-5N"
SY,Shenyang,2014,MaskablePPO,,,null,2014,238,148,0.0,29.4,17.3,127.0,4502.0,10165.0,0.0,0.538,153,0.0,0.0,-0.0,-0.0,2014-08-26,pass,"counterfactual_common_baseline_relative=max(0,final_yield-null)-I-5N"
SY,Shenyang,2014,MaskablePPO,,,null,2014,239,149,0.0,30.5,15.5,128.0,4657.0,10247.0,0.0,0.542,150,0.0,0.0,-0.0,-0.0,2014-08-27,pass,"counterfactual_common_baseline_relative=max(0,final_yield-null)-I-5N"
SY,Shenyang,2014,MaskablePPO,,,null,2014,240,150,0.0,29.5,17.7,129.0,4812.0,10308.0,0.0,0.562,147,0.0,0.0,-0.0,-0.0,2014-08-28,pass,"counterfactual_common_baseline_relative=max(0,final_yield-null)-I-5N"
SY,Shenyang,2014,MaskablePPO,,,null,2014,241,151,0.0,30.2,17.0,130.0,4967.0,10366.0,0.0,0.582,145,0.0,0.0,-0.0,-0.0,2014-08-29,pass,"counterfactual_common_baseline_relative=max(0,final_yield-null)-I-5N"
SY,Shenyang,2014,MaskablePPO,,,null,2014,242,152,0.0,30.6,15.5,131.0,5122.0,10432.0,0.0,0.597,144,0.0,0.0,-0.0,-0.0,2014-08-30,pass,"counterfactual_common_baseline_relative=max(0,final_yield-null)-I-5N"
SY,Shenyang,2014,MaskablePPO,,,null,2014,243,153,0.0,31.1,16.4,132.0,5276.0,10495.0,0.0,0.607,142,0.0,0.0,-0.0,-0.0,2014-08-31,pass,"counterfactual_common_baseline_relative=max(0,final_yield-null)-I-5N"
SY,Shenyang,2014,MaskablePPO,,,null,2014,244,154,0.0,30.8,15.8,133.0,5329.0,10525.0,0.0,0.617,140,0.0,0.0,-0.0,-0.0,2014-09-01,pass,"counterfactual_common_baseline_relative=max(0,final_yield-null)-I-5N"
SY,Shenyang,2014,MaskablePPO,,,null,2014,245,155,0.0,29.4,17.1,134.0,5370.0,10565.0,0.0,0.601,139,0.0,0.0,-0.0,-0.0,2014-09-02,pass,"counterfactual_common_baseline_relative=max(0,final_yield-null)-I-5N"
SY,Shenyang,2014,MaskablePPO,,,null,2014,246,156,0.0,24.8,15.1,135.0,5408.0,10603.0,0.0,0.604,138,0.0,0.0,-0.0,-0.0,2014-09-03,pass,"counterfactual_common_baseline_relative=max(0,final_yield-null)-I-5N"
SY,Shenyang,2014,MaskablePPO,,,null,2014,247,157,23.2,28.4,12.4,136.0,5408.0,10603.0,0.0,0.614,159,0.0,0.0,-0.0,-0.0,2014-09-04,pass,"counterfactual_common_baseline_relative=max(0,final_yield-null)-I-5N"
SY,Shenyang,2014,MaskablePPO,,,null,2014,248,158,0.0,27.2,10.3,137.0,5408.0,10603.0,0.0,0.614,154,0.0,0.0,-0.0,-0.0,2014-09-05,pass,"counterfactual_common_baseline_relative=max(0,final_yield-null)-I-5N"
SY,Shenyang,2014,MaskablePPO,,,null,2014,249,159,0.0,30.4,12.9,138.0,5408.0,10603.0,0.0,0.614,150,0.0,0.0,-0.0,-0.0,2014-09-06,pass,"counterfactual_common_baseline_relative=max(0,final_yield-null)-I-5N"
SY,Shenyang,2014,MaskablePPO,,,null,2014,250,160,0.0,29.2,14.9,139.0,5408.0,10603.0,0.0,0.614,146,0.0,0.0,0.0,0.0,2014-09-07,pass,"counterfactual_common_baseline_relative=max(0,final_yield-null)-I-5N"
SY,Shenyang,2014,MaskablePPO,,,recorded_farmer,2014,91,1,0.0,19.2,6.1,0.0,0.0,0.0,0.0,0.0,331,0.0,0.0,-0.0,-0.0,2014-04-01,pass,"counterfactual_common_baseline_relative=max(0,final_yield-null)-I-5N"
SY,Shenyang,2014,MaskablePPO,,,recorded_farmer,2014,92,2,0.0,13.4,6.9,0.0,0.0,0.0,0.0,0.0,328,0.0,0.0,-0.0,-0.0,2014-04-02,pass,"counterfactual_common_baseline_relative=max(0,final_yield-null)-I-5N"
SY,Shenyang,2014,MaskablePPO,,,recorded_farmer,2014,93,3,0.0,10.1,-1.8,0.0,0.0,0.0,0.0,0.0,326,0.0,0.0,-0.0,-0.0,2014-04-03,pass,"counterfactual_common_baseline_relative=max(0,final_yield-null)-I-5N"
SY,Shenyang,2014,MaskablePPO,,,recorded_farmer,2014,94,4,0.0,12.0,-1.7,0.0,0.0,0.0,0.0,0.0,324,0.0,0.0,-0.0,-0.0,2014-04-04,pass,"counterfactual_common_baseline_relative=max(0,final_yield-null)-I-5N"
SY,Shenyang,2014,MaskablePPO,,,recorded_farmer,2014,95,5,0.0,8.3,-2.3,0.0,0.0,0.0,0.0,0.0,323,0.0,0.0,-0.0,-0.0,2014-04-05,pass,"counterfactual_common_baseline_relative=max(0,final_yield-null)-I-5N"
SY,Shenyang,2014,MaskablePPO,,,recorded_farmer,2014,96,6,0.0,19.8,-2.0,0.0,0.0,0.0,0.0,0.0,322,0.0,0.0,-0.0,-0.0,2014-04-06,pass,"counterfactual_common_baseline_relative=max(0,final_yield-null)-I-5N"
SY,Shenyang,2014,MaskablePPO,,,recorded_farmer,2014,97,7,0.0,22.3,2.9,0.0,0.0,0.0,0.0,0.0,321,0.0,0.0,-0.0,-0.0,2014-04-07,pass,"counterfactual_common_baseline_relative=max(0,final_yield-null)-I-5N"
SY,Shenyang,2014,MaskablePPO,,,recorded_farmer,2014,98,8,0.0,22.7,1.9,0.0,0.0,0.0,0.0,0.0,320,0.0,0.0,-0.0,-0.0,2014-04-08,pass,"counterfactual_common_baseline_relative=max(0,final_yield-null)-I-5N"
SY,Shenyang,2014,MaskablePPO,,,recorded_farmer,2014,99,9,0.0,16.0,10.8,0.0,0.0,0.0,0.0,0.0,319,0.0,0.0,-0.0,-0.0,2014-04-09,pass,"counterfactual_common_baseline_relative=max(0,final_yield-null)-I-5N"
SY,Shenyang,2014,MaskablePPO,,,recorded_farmer,2014,100,10,0.0,18.3,2.8,0.0,0.0,0.0,0.0,0.0,319,0.0,0.0,-0.0,-0.0,2014-04-10,pass,"counterfactual_common_baseline_relative=max(0,final_yield-null)-I-5N"
SY,Shenyang,2014,MaskablePPO,,,recorded_farmer,2014,101,11,0.0,20.5,1.0,0.0,0.0,0.0,0.0,0.0,318,0.0,0.0,-0.0,-0.0,2014-04-11,pass,"counterfactual_common_baseline_relative=max(0,final_yield-null)-I-5N"
SY,Shenyang,2014,MaskablePPO,,,recorded_farmer,2014,102,12,0.0,21.6,3.5,0.0,0.0,0.0,0.0,0.0,317,0.0,0.0,-0.0,-0.0,2014-04-12,pass,"counterfactual_common_baseline_relative=max(0,final_yield-null)-I-5N"
SY,Shenyang,2014,MaskablePPO,,,recorded_farmer,2014,103,13,0.0,23.2,2.9,0.0,0.0,0.0,0.0,0.0,317,0.0,0.0,-0.0,-0.0,2014-04-13,pass,"counterfactual_common_baseline_relative=max(0,final_yield-null)-I-5N"
SY,Shenyang,2014,MaskablePPO,,,recorded_farmer,2014,104,14,0.0,24.7,4.4,0.0,0.0,0.0,0.0,0.0,316,0.0,0.0,-0.0,-0.0,2014-04-14,pass,"counterfactual_common_baseline_relative=max(0,final_yield-null)-I-5N"
SY,Shenyang,2014,MaskablePPO,,,recorded_farmer,2014,105,15,0.0,18.6,8.9,0.0,0.0,0.0,0.0,0.0,316,0.0,0.0,-0.0,-0.0,2014-04-15,pass,"counterfactual_common_baseline_relative=max(0,final_yield-null)-I-5N"
SY,Shenyang,2014,MaskablePPO,,,recorded_farmer,2014,106,16,0.0,23.6,-0.1,0.0,0.0,0.0,0.0,0.0,315,0.0,0.0,-0.0,-0.0,2014-04-16,pass,"counterfactual_common_baseline_relative=max(0,final_yield-null)-I-5N"
SY,Shenyang,2014,MaskablePPO,,,recorded_farmer,2014,107,17,0.0,19.0,8.4,0.0,0.0,0.0,0.0,0.0,315,0.0,0.0,-0.0,-0.0,2014-04-17,pass,"counterfactual_common_baseline_relative=max(0,final_yield-null)-I-5N"
SY,Shenyang,2014,MaskablePPO,,,recorded_farmer,2014,108,18,0.0,18.4,8.7,0.0,0.0,0.0,0.0,0.0,314,0.0,121.0,-605.0,-605.0,2014-04-18,pass,"counterfactual_common_baseline_relative=max(0,final_yield-null)-I-5N"
SY,Shenyang,2014,MaskablePPO,,,recorded_farmer,2014,109,19,0.0,19.9,4.0,0.0,0.0,0.0,0.0,0.0,314,0.0,0.0,-0.0,-605.0,2014-04-19,pass,"counterfactual_common_baseline_relative=max(0,final_yield-null)-I-5N"
SY,Shenyang,2014,MaskablePPO,,,recorded_farmer,2014,110,20,0.0,18.8,9.8,0.0,0.0,0.0,0.0,0.0,313,0.0,0.0,-0.0,-605.0,2014-04-20,pass,"counterfactual_common_baseline_relative=max(0,final_yield-null)-I-5N"
SY,Shenyang,2014,MaskablePPO,,,recorded_farmer,2014,111,21,0.0,21.8,3.8,0.0,0.0,0.0,0.0,0.0,313,0.0,0.0,-0.0,-605.0,2014-04-21,pass,"counterfactual_common_baseline_relative=max(0,final_yield-null)-I-5N"
SY,Shenyang,2014,MaskablePPO,,,recorded_farmer,2014,112,22,0.0,25.1,8.5,1.0,0.0,0.0,0.0,0.0,313,0.0,0.0,-0.0,-605.0,2014-04-22,pass,"counterfactual_common_baseline_relative=max(0,final_yield-null)-I-5N"
SY,Shenyang,2014,MaskablePPO,,,recorded_farmer,2014,113,23,0.0,26.6,11.5,2.0,0.0,0.0,0.0,0.0,312,0.0,0.0,-0.0,-605.0,2014-04-23,pass,"counterfactual_common_baseline_relative=max(0,final_yield-null)-I-5N"
SY,Shenyang,2014,MaskablePPO,,,recorded_farmer,2014,114,24,0.0,24.6,14.6,3.0,0.0,0.0,0.0,0.0,312,0.0,0.0,-0.0,-605.0,2014-04-24,pass,"counterfactual_common_baseline_relative=max(0,final_yield-null)-I-5N"
SY,Shenyang,2014,MaskablePPO,,,recorded_farmer,2014,115,25,0.0,27.3,12.9,4.0,0.0,0.0,0.0,0.0,311,0.0,0.0,-0.0,-605.0,2014-04-25,pass,"counterfactual_common_baseline_relative=max(0,final_yield-null)-I-5N"
SY,Shenyang,2014,MaskablePPO,,,recorded_farmer,2014,116,26,0.0,21.0,14.3,5.0,0.0,0.0,0.0,0.0,311,0.0,0.0,-0.0,-605.0,2014-04-26,pass,"counterfactual_common_baseline_relative=max(0,final_yield-null)-I-5N"
SY,Shenyang,2014,MaskablePPO,,,recorded_farmer,2014,117,27,0.0,20.7,8.6,6.0,0.0,0.0,0.0,0.0,311,0.0,0.0,-0.0,-605.0,2014-04-27,pass,"counterfactual_common_baseline_relative=max(0,final_yield-null)-I-5N"
SY,Shenyang,2014,MaskablePPO,,,recorded_farmer,2014,118,28,0.0,24.4,7.0,7.0,0.0,0.0,0.0,0.0,310,0.0,0.0,-0.0,-605.0,2014-04-28,pass,"counterfactual_common_baseline_relative=max(0,final_yield-null)-I-5N"
SY,Shenyang,2014,MaskablePPO,,,recorded_farmer,2014,119,29,0.0,26.1,5.6,8.0,0.0,0.0,0.0,0.0,310,0.0,0.0,-0.0,-605.0,2014-04-29,pass,"counterfactual_common_baseline_relative=max(0,final_yield-null)-I-5N"
SY,Shenyang,2014,MaskablePPO,,,recorded_farmer,2014,120,30,0.0,28.2,9.4,9.0,0.0,19.0,0.0,0.012,310,0.0,0.0,-0.0,-605.0,2014-04-30,pass,"counterfactual_common_baseline_relative=max(0,final_yield-null)-I-5N"
SY,Shenyang,2014,MaskablePPO,,,recorded_farmer,2014,121,31,0.0,28.3,15.1,10.0,0.0,19.0,0.0,0.011,309,0.0,0.0,-0.0,-605.0,2014-05-01,pass,"counterfactual_common_baseline_relative=max(0,final_yield-null)-I-5N"
SY,Shenyang,2014,MaskablePPO,,,recorded_farmer,2014,122,32,9.0,22.2,6.1,11.0,0.0,19.0,0.0,0.009,318,0.0,0.0,-0.0,-605.0,2014-05-02,pass,"counterfactual_common_baseline_relative=max(0,final_yield-null)-I-5N"
SY,Shenyang,2014,MaskablePPO,,,recorded_farmer,2014,123,33,0.0,22.3,1.7,12.0,0.0,19.0,0.0,0.007,317,0.0,0.0,-0.0,-605.0,2014-05-03,pass,"counterfactual_common_baseline_relative=max(0,final_yield-null)-I-5N"
SY,Shenyang,2014,MaskablePPO,,,recorded_farmer,2014,124,34,13.0,15.0,5.4,13.0,0.0,19.0,0.0,0.006,328,0.0,0.0,-0.0,-605.0,2014-05-04,pass,"counterfactual_common_baseline_relative=max(0,final_yield-null)-I-5N"
SY,Shenyang,2014,MaskablePPO,,,recorded_farmer,2014,125,35,0.0,14.5,1.8,14.0,0.0,19.0,0.0,0.005,324,0.0,0.0,-0.0,-605.0,2014-05-05,pass,"counterfactual_common_baseline_relative=max(0,final_yield-null)-I-5N"
SY,Shenyang,2014,MaskablePPO,,,recorded_farmer,2014,126,36,0.0,19.5,6.2,15.0,0.0,19.0,0.0,0.003,323,0.0,0.0,-0.0,-605.0,2014-05-06,pass,"counterfactual_common_baseline_relative=max(0,final_yield-null)-I-5N"
SY,Shenyang,2014,MaskablePPO,,,recorded_farmer,2014,127,37,0.0,13.2,9.8,16.0,0.0,19.0,0.0,0.002,322,0.0,0.0,-0.0,-605.0,2014-05-07,pass,"counterfactual_common_baseline_relative=max(0,final_yield-null)-I-5N"
SY,Shenyang,2014,MaskablePPO,,,recorded_farmer,2014,128,38,0.0,20.7,4.0,17.0,0.0,19.0,0.0,0.0,321,0.0,0.0,-0.0,-605.0,2014-05-08,pass,"counterfactual_common_baseline_relative=max(0,final_yield-null)-I-5N"
SY,Shenyang,2014,MaskablePPO,,,recorded_farmer,2014,129,39,0.0,21.2,4.7,18.0,0.0,19.0,0.0,0.0,320,0.0,0.0,-0.0,-605.0,2014-05-09,pass,"counterfactual_common_baseline_relative=max(0,final_yield-null)-I-5N"
SY,Shenyang,2014,MaskablePPO,,,recorded_farmer,2014,130,40,0.0,26.2,7.3,19.0,0.0,19.0,0.0,0.0,319,0.0,0.0,-0.0,-605.0,2014-05-10,pass,"counterfactual_common_baseline_relative=max(0,final_yield-null)-I-5N"
SY,Shenyang,2014,MaskablePPO,,,recorded_farmer,2014,131,41,19.0,20.8,11.4,20.0,0.0,19.0,0.0,0.0,335,0.0,0.0,-0.0,-605.0,2014-05-11,pass,"counterfactual_common_baseline_relative=max(0,final_yield-null)-I-5N"
SY,Shenyang,2014,MaskablePPO,,,recorded_farmer,2014,132,42,0.0,18.3,11.0,21.0,0.0,19.0,0.0,0.0,334,0.0,0.0,-0.0,-605.0,2014-05-12,pass,"counterfactual_common_baseline_relative=max(0,final_yield-null)-I-5N"
SY,Shenyang,2014,MaskablePPO,,,recorded_farmer,2014,133,43,0.0,25.3,12.1,22.0,0.0,19.0,0.0,0.0,329,0.0,0.0,-0.0,-605.0,2014-05-13,pass,"counterfactual_common_baseline_relative=max(0,final_yield-null)-I-5N"
SY,Shenyang,2014,MaskablePPO,,,recorded_farmer,2014,134,44,0.0,22.0,11.4,23.0,0.0,19.0,0.0,0.0,326,0.0,0.0,-0.0,-605.0,2014-05-14,pass,"counterfactual_common_baseline_relative=max(0,final_yield-null)-I-5N"
SY,Shenyang,2014,MaskablePPO,,,recorded_farmer,2014,135,45,0.0,22.4,9.9,24.0,0.0,19.0,0.0,0.0,325,0.0,0.0,-0.0,-605.0,2014-05-15,pass,"counterfactual_common_baseline_relative=max(0,final_yield-null)-I-5N"
SY,Shenyang,2014,MaskablePPO,,,recorded_farmer,2014,136,46,0.0,24.8,8.5,25.0,0.0,21.0,0.0,0.0,323,0.0,0.0,-0.0,-605.0,2014-05-16,pass,"counterfactual_common_baseline_relative=max(0,final_yield-null)-I-5N"
SY,Shenyang,2014,MaskablePPO,,,recorded_farmer,2014,137,47,0.0,24.9,9.4,26.0,0.0,25.0,0.0,0.0,322,0.0,0.0,-0.0,-605.0,2014-05-17,pass,"counterfactual_common_baseline_relative=max(0,final_yield-null)-I-5N"
SY,Shenyang,2014,MaskablePPO,,,recorded_farmer,2014,138,48,0.0,27.4,13.6,27.0,0.0,30.0,0.0,0.0,321,0.0,0.0,-0.0,-605.0,2014-05-18,pass,"counterfactual_common_baseline_relative=max(0,final_yield-null)-I-5N"
SY,Shenyang,2014,MaskablePPO,,,recorded_farmer,2014,139,49,0.0,22.3,14.6,28.0,0.0,34.0,0.0,0.0,321,0.0,0.0,-0.0,-605.0,2014-05-19,pass,"counterfactual_common_baseline_relative=max(0,final_yield-null)-I-5N"
SY,Shenyang,2014,MaskablePPO,,,recorded_farmer,2014,140,50,15.6,19.1,13.1,29.0,0.0,38.0,0.0,0.0,330,0.0,0.0,-0.0,-605.0,2014-05-20,pass,"counterfactual_common_baseline_relative=max(0,final_yield-null)-I-5N"
SY,Shenyang,2014,MaskablePPO,,,recorded_farmer,2014,141,51,19.0,28.7,13.1,30.0,0.0,45.0,0.0,0.0,339,0.0,0.0,-0.0,-605.0,2014-05-21,pass,"counterfactual_common_baseline_relative=max(0,final_yield-null)-I-5N"
SY,Shenyang,2014,MaskablePPO,,,recorded_farmer,2014,142,52,0.0,31.7,9.7,31.0,0.0,52.0,0.0,0.0,336,0.0,0.0,-0.0,-605.0,2014-05-22,pass,"counterfactual_common_baseline_relative=max(0,final_yield-null)-I-5N"
SY,Shenyang,2014,MaskablePPO,,,recorded_farmer,2014,143,53,0.0,30.6,20.0,32.0,0.0,63.0,0.0,0.0,334,0.0,0.0,-0.0,-605.0,2014-05-23,pass,"counterfactual_common_baseline_relative=max(0,final_yield-null)-I-5N"
SY,Shenyang,2014,MaskablePPO,,,recorded_farmer,2014,144,54,0.0,25.8,17.2,33.0,0.0,72.0,0.0,0.0,332,0.0,0.0,-0.0,-605.0,2014-05-24,pass,"counterfactual_common_baseline_relative=max(0,final_yield-null)-I-5N"
SY,Shenyang,2014,MaskablePPO,,,recorded_farmer,2014,145,55,11.4,19.8,16.4,34.0,0.0,75.0,0.0,0.0,342,0.0,0.0,-0.0,-605.0,2014-05-25,pass,"counterfactual_common_baseline_relative=max(0,final_yield-null)-I-5N"
SY,Shenyang,2014,MaskablePPO,,,recorded_farmer,2014,146,56,0.0,27.6,14.0,35.0,0.0,87.0,0.0,0.002,336,0.0,0.0,-0.0,-605.0,2014-05-26,pass,"counterfactual_common_baseline_relative=max(0,final_yield-null)-I-5N"
SY,Shenyang,2014,MaskablePPO,,,recorded_farmer,2014,147,57,0.0,31.3,11.7,36.0,0.0,103.0,0.0,0.0,333,0.0,0.0,-0.0,-605.0,2014-05-27,pass,"counterfactual_common_baseline_relative=max(0,final_yield-null)-I-5N"
SY,Shenyang,2014,MaskablePPO,,,recorded_farmer,2014,148,58,0.0,29.4,17.0,37.0,0.0,123.0,0.0,0.0,331,0.0,0.0,-0.0,-605.0,2014-05-28,pass,"counterfactual_common_baseline_relative=max(0,final_yield-null)-I-5N"
SY,Shenyang,2014,MaskablePPO,,,recorded_farmer,2014,149,59,0.0,31.6,19.2,38.0,0.0,149.0,0.0,0.0,329,0.0,0.0,-0.0,-605.0,2014-05-29,pass,"counterfactual_common_baseline_relative=max(0,final_yield-null)-I-5N"
SY,Shenyang,2014,MaskablePPO,,,recorded_farmer,2014,150,60,0.0,33.9,15.9,39.0,0.0,179.0,0.0,0.0,326,0.0,0.0,-0.0,-605.0,2014-05-30,pass,"counterfactual_common_baseline_relative=max(0,final_yield-null)-I-5N"
SY,Shenyang,2014,MaskablePPO,,,recorded_farmer,2014,151,61,0.0,35.8,19.6,40.0,0.0,217.0,0.0,0.0,324,0.0,0.0,-0.0,-605.0,2014-05-31,pass,"counterfactual_common_baseline_relative=max(0,final_yield-null)-I-5N"
SY,Shenyang,2014,MaskablePPO,,,recorded_farmer,2014,152,62,0.0,32.1,21.0,41.0,0.0,255.0,0.0,0.0,322,0.0,0.0,-0.0,-605.0,2014-06-01,pass,"counterfactual_common_baseline_relative=max(0,final_yield-null)-I-5N"
SY,Shenyang,2014,MaskablePPO,,,recorded_farmer,2014,153,63,6.8,28.8,18.4,42.0,0.0,291.0,0.0,0.0,325,0.0,0.0,-0.0,-605.0,2014-06-02,pass,"counterfactual_common_baseline_relative=max(0,final_yield-null)-I-5N"
SY,Shenyang,2014,MaskablePPO,,,recorded_farmer,2014,154,64,0.0,30.2,17.0,43.0,0.0,332.0,0.0,0.0,322,0.0,0.0,-0.0,-605.0,2014-06-03,pass,"counterfactual_common_baseline_relative=max(0,final_yield-null)-I-5N"
SY,Shenyang,2014,MaskablePPO,,,recorded_farmer,2014,155,65,0.0,30.4,19.1,44.0,0.0,380.0,0.0,0.0,319,0.0,0.0,-0.0,-605.0,2014-06-04,pass,"counterfactual_common_baseline_relative=max(0,final_yield-null)-I-5N"
SY,Shenyang,2014,MaskablePPO,,,recorded_farmer,2014,156,66,0.0,30.2,21.6,45.0,0.0,435.0,0.0,0.0,317,0.0,0.0,-0.0,-605.0,2014-06-05,pass,"counterfactual_common_baseline_relative=max(0,final_yield-null)-I-5N"
SY,Shenyang,2014,MaskablePPO,,,recorded_farmer,2014,157,67,0.0,27.4,19.5,46.0,0.0,485.0,0.0,0.0,314,0.0,0.0,-0.0,-605.0,2014-06-06,pass,"counterfactual_common_baseline_relative=max(0,final_yield-null)-I-5N"
SY,Shenyang,2014,MaskablePPO,,,recorded_farmer,2014,158,68,0.0,23.4,17.9,47.0,0.0,529.0,0.0,0.0,313,0.0,0.0,-0.0,-605.0,2014-06-07,pass,"counterfactual_common_baseline_relative=max(0,final_yield-null)-I-5N"
SY,Shenyang,2014,MaskablePPO,,,recorded_farmer,2014,159,69,8.7,24.5,16.2,48.0,0.0,575.0,0.0,0.0,318,0.0,0.0,-0.0,-605.0,2014-06-08,pass,"counterfactual_common_baseline_relative=max(0,final_yield-null)-I-5N"
SY,Shenyang,2014,MaskablePPO,,,recorded_farmer,2014,160,70,2.2,25.5,16.2,49.0,0.0,634.0,0.0,0.0,316,0.0,0.0,-0.0,-605.0,2014-06-09,pass,"counterfactual_common_baseline_relative=max(0,final_yield-null)-I-5N"
SY,Shenyang,2014,MaskablePPO,,,recorded_farmer,2014,161,71,0.0,26.0,16.4,50.0,0.0,698.0,0.0,0.0,312,0.0,0.0,-0.0,-605.0,2014-06-10,pass,"counterfactual_common_baseline_relative=max(0,final_yield-null)-I-5N"
SY,Shenyang,2014,MaskablePPO,,,recorded_farmer,2014,162,72,0.0,25.6,14.1,51.0,0.0,757.0,0.0,0.0,308,0.0,0.0,-0.0,-605.0,2014-06-11,pass,"counterfactual_common_baseline_relative=max(0,final_yield-null)-I-5N"
SY,Shenyang,2014,MaskablePPO,,,recorded_farmer,2014,163,73,0.0,27.7,15.0,52.0,0.0,825.0,0.0,0.0,304,0.0,0.0,-0.0,-605.0,2014-06-12,pass,"counterfactual_common_baseline_relative=max(0,final_yield-null)-I-5N"
SY,Shenyang,2014,MaskablePPO,,,recorded_farmer,2014,164,74,0.0,28.0,16.0,53.0,0.0,901.0,0.0,0.0,300,0.0,0.0,-0.0,-605.0,2014-06-13,pass,"counterfactual_common_baseline_relative=max(0,final_yield-null)-I-5N"
SY,Shenyang,2014,MaskablePPO,,,recorded_farmer,2014,165,75,0.0,31.1,14.7,54.0,0.0,984.0,0.0,0.0,295,0.0,0.0,-0.0,-605.0,2014-06-14,pass,"counterfactual_common_baseline_relative=max(0,final_yield-null)-I-5N"
SY,Shenyang,2014,MaskablePPO,,,recorded_farmer,2014,166,76,0.0,32.3,19.3,55.0,0.0,1089.0,0.0,0.0,290,0.0,0.0,-0.0,-605.0,2014-06-15,pass,"counterfactual_common_baseline_relative=max(0,final_yield-null)-I-5N"
SY,Shenyang,2014,MaskablePPO,,,recorded_farmer,2014,167,77,0.0,30.7,19.4,56.0,0.0,1196.0,0.0,0.0,287,0.0,0.0,-0.0,-605.0,2014-06-16,pass,"counterfactual_common_baseline_relative=max(0,final_yield-null)-I-5N"
SY,Shenyang,2014,MaskablePPO,,,recorded_farmer,2014,168,78,5.7,27.9,18.7,57.0,0.0,1296.0,0.0,0.0,291,0.0,0.0,-0.0,-605.0,2014-06-17,pass,"counterfactual_common_baseline_relative=max(0,final_yield-null)-I-5N"
SY,Shenyang,2014,MaskablePPO,,,recorded_farmer,2014,169,79,9.4,25.0,16.7,58.0,0.0,1384.0,0.0,0.0,298,0.0,0.0,-0.0,-605.0,2014-06-18,pass,"counterfactual_common_baseline_relative=max(0,final_yield-null)-I-5N"
SY,Shenyang,2014,MaskablePPO,,,recorded_farmer,2014,170,80,0.0,27.4,16.7,59.0,0.0,1484.0,0.0,0.0,293,0.0,0.0,-0.0,-605.0,2014-06-19,pass,"counterfactual_common_baseline_relative=max(0,final_yield-null)-I-5N"
SY,Shenyang,2014,MaskablePPO,,,recorded_farmer,2014,171,81,2.6,27.1,17.8,60.0,0.0,1593.0,0.0,0.0,293,0.0,0.0,-0.0,-605.0,2014-06-20,pass,"counterfactual_common_baseline_relative=max(0,final_yield-null)-I-5N"
SY,Shenyang,2014,MaskablePPO,,,recorded_farmer,2014,172,82,0.0,28.0,18.0,61.0,0.0,1711.0,0.0,0.0,288,0.0,172.0,-860.0,-1465.0,2014-06-21,pass,"counterfactual_common_baseline_relative=max(0,final_yield-null)-I-5N"
SY,Shenyang,2014,MaskablePPO,,,recorded_farmer,2014,173,83,38.3,27.8,15.9,62.0,0.0,1825.0,0.0,0.0,312,0.0,0.0,-0.0,-1465.0,2014-06-22,pass,"counterfactual_common_baseline_relative=max(0,final_yield-null)-I-5N"
SY,Shenyang,2014,MaskablePPO,,,recorded_farmer,2014,174,84,0.0,29.4,15.3,63.0,0.0,1950.0,0.0,0.0,306,0.0,0.0,-0.0,-1465.0,2014-06-23,pass,"counterfactual_common_baseline_relative=max(0,final_yield-null)-I-5N"
SY,Shenyang,2014,MaskablePPO,,,recorded_farmer,2014,175,85,0.0,31.1,16.2,64.0,0.0,2085.0,0.0,0.0,299,0.0,0.0,-0.0,-1465.0,2014-06-24,pass,"counterfactual_common_baseline_relative=max(0,final_yield-null)-I-5N"
SY,Shenyang,2014,MaskablePPO,,,recorded_farmer,2014,176,86,0.0,30.0,20.2,65.0,0.0,2249.0,0.0,0.0,294,0.0,0.0,-0.0,-1465.0,2014-06-25,pass,"counterfactual_common_baseline_relative=max(0,final_yield-null)-I-5N"
SY,Shenyang,2014,MaskablePPO,,,recorded_farmer,2014,177,87,0.0,25.3,20.8,66.0,0.0,2381.0,0.0,0.0,292,0.0,0.0,-0.0,-1465.0,2014-06-26,pass,"counterfactual_common_baseline_relative=max(0,final_yield-null)-I-5N"
SY,Shenyang,2014,MaskablePPO,,,recorded_farmer,2014,178,88,3.4,24.6,19.8,67.0,0.0,2532.0,0.0,0.0,293,0.0,0.0,-0.0,-1465.0,2014-06-27,pass,"counterfactual_common_baseline_relative=max(0,final_yield-null)-I-5N"
SY,Shenyang,2014,MaskablePPO,,,recorded_farmer,2014,179,89,15.6,26.6,17.2,68.0,0.0,2686.0,0.0,0.0,303,0.0,0.0,-0.0,-1465.0,2014-06-28,pass,"counterfactual_common_baseline_relative=max(0,final_yield-null)-I-5N"
SY,Shenyang,2014,MaskablePPO,,,recorded_farmer,2014,180,90,0.0,29.3,18.5,69.0,0.0,2872.0,0.0,0.0,298,0.0,0.0,-0.0,-1465.0,2014-06-29,pass,"counterfactual_common_baseline_relative=max(0,final_yield-null)-I-5N"
SY,Shenyang,2014,MaskablePPO,,,recorded_farmer,2014,181,91,0.0,32.3,18.9,70.0,0.0,3076.0,0.0,0.0,292,0.0,0.0,-0.0,-1465.0,2014-06-30,pass,"counterfactual_common_baseline_relative=max(0,final_yield-null)-I-5N"
SY,Shenyang,2014,MaskablePPO,,,recorded_farmer,2014,182,92,0.0,30.7,20.6,71.0,0.0,3301.0,0.0,0.0,286,0.0,0.0,-0.0,-1465.0,2014-07-01,pass,"counterfactual_common_baseline_relative=max(0,final_yield-null)-I-5N"
SY,Shenyang,2014,MaskablePPO,,,recorded_farmer,2014,183,93,0.0,30.9,18.5,72.0,0.0,3725.0,0.0,0.0,280,0.0,0.0,-0.0,-1465.0,2014-07-02,pass,"counterfactual_common_baseline_relative=max(0,final_yield-null)-I-5N"
SY,Shenyang,2014,MaskablePPO,,,recorded_farmer,2014,184,94,0.0,27.8,20.8,73.0,0.0,3980.0,0.0,0.0,276,0.0,0.0,-0.0,-1465.0,2014-07-03,pass,"counterfactual_common_baseline_relative=max(0,final_yield-null)-I-5N"
SY,Shenyang,2014,MaskablePPO,,,recorded_farmer,2014,185,95,0.0,30.3,21.7,74.0,0.0,4263.0,0.0,0.0,271,0.0,0.0,-0.0,-1465.0,2014-07-04,pass,"counterfactual_common_baseline_relative=max(0,final_yield-null)-I-5N"
SY,Shenyang,2014,MaskablePPO,,,recorded_farmer,2014,186,96,0.0,31.5,20.1,75.0,0.0,4522.0,0.0,0.0,265,0.0,0.0,-0.0,-1465.0,2014-07-05,pass,"counterfactual_common_baseline_relative=max(0,final_yield-null)-I-5N"
SY,Shenyang,2014,MaskablePPO,,,recorded_farmer,2014,187,97,0.0,29.7,20.6,76.0,0.0,4761.0,0.0,0.0,259,0.0,0.0,-0.0,-1465.0,2014-07-06,pass,"counterfactual_common_baseline_relative=max(0,final_yield-null)-I-5N"
SY,Shenyang,2014,MaskablePPO,,,recorded_farmer,2014,188,98,0.0,30.7,19.3,77.0,0.0,4989.0,0.0,0.0,254,0.0,0.0,-0.0,-1465.0,2014-07-07,pass,"counterfactual_common_baseline_relative=max(0,final_yield-null)-I-5N"
SY,Shenyang,2014,MaskablePPO,,,recorded_farmer,2014,189,99,0.0,28.4,20.6,78.0,0.0,5156.0,0.0,0.0,252,0.0,0.0,-0.0,-1465.0,2014-07-08,pass,"counterfactual_common_baseline_relative=max(0,final_yield-null)-I-5N"
SY,Shenyang,2014,MaskablePPO,,,recorded_farmer,2014,190,100,2.5,30.3,20.8,79.0,0.0,5381.0,0.0,0.0,249,0.0,0.0,-0.0,-1465.0,2014-07-09,pass,"counterfactual_common_baseline_relative=max(0,final_yield-null)-I-5N"
SY,Shenyang,2014,MaskablePPO,,,recorded_farmer,2014,191,101,0.0,30.1,16.1,80.0,0.0,5571.0,0.0,0.0,242,0.0,0.0,-0.0,-1465.0,2014-07-10,pass,"counterfactual_common_baseline_relative=max(0,final_yield-null)-I-5N"
SY,Shenyang,2014,MaskablePPO,,,recorded_farmer,2014,192,102,0.0,29.1,18.2,81.0,0.0,5765.0,0.0,0.0,237,0.0,0.0,-0.0,-1465.0,2014-07-11,pass,"counterfactual_common_baseline_relative=max(0,final_yield-null)-I-5N"
SY,Shenyang,2014,MaskablePPO,,,recorded_farmer,2014,193,103,0.0,30.1,17.2,82.0,0.0,5957.0,0.0,0.0,231,0.0,0.0,-0.0,-1465.0,2014-07-12,pass,"counterfactual_common_baseline_relative=max(0,final_yield-null)-I-5N"
SY,Shenyang,2014,MaskablePPO,,,recorded_farmer,2014,194,104,0.0,30.7,17.6,83.0,0.0,6155.0,0.0,0.0,226,0.0,0.0,-0.0,-1465.0,2014-07-13,pass,"counterfactual_common_baseline_relative=max(0,final_yield-null)-I-5N"
SY,Shenyang,2014,MaskablePPO,,,recorded_farmer,2014,195,105,0.0,33.3,18.3,84.0,0.0,6374.0,0.0,0.0,220,0.0,0.0,-0.0,-1465.0,2014-07-14,pass,"counterfactual_common_baseline_relative=max(0,final_yield-null)-I-5N"
SY,Shenyang,2014,MaskablePPO,,,recorded_farmer,2014,196,106,0.0,31.1,21.7,85.0,0.0,6601.0,0.0,0.0,215,0.0,0.0,-0.0,-1465.0,2014-07-15,pass,"counterfactual_common_baseline_relative=max(0,final_yield-null)-I-5N"
SY,Shenyang,2014,MaskablePPO,,,recorded_farmer,2014,197,107,18.6,30.3,19.0,86.0,0.0,6806.0,0.0,0.0,227,0.0,0.0,-0.0,-1465.0,2014-07-16,pass,"counterfactual_common_baseline_relative=max(0,final_yield-null)-I-5N"
SY,Shenyang,2014,MaskablePPO,,,recorded_farmer,2014,198,108,20.8,29.2,19.4,87.0,0.0,7006.0,0.0,0.0,240,0.0,0.0,-0.0,-1465.0,2014-07-17,pass,"counterfactual_common_baseline_relative=max(0,final_yield-null)-I-5N"
SY,Shenyang,2014,MaskablePPO,,,recorded_farmer,2014,199,109,0.0,29.9,22.0,88.0,0.0,7224.0,0.0,0.0,236,0.0,0.0,-0.0,-1465.0,2014-07-18,pass,"counterfactual_common_baseline_relative=max(0,final_yield-null)-I-5N"
SY,Shenyang,2014,MaskablePPO,,,recorded_farmer,2014,200,110,0.0,32.0,24.0,89.0,0.0,7470.0,0.0,0.0,233,0.0,0.0,-0.0,-1465.0,2014-07-19,pass,"counterfactual_common_baseline_relative=max(0,final_yield-null)-I-5N"
SY,Shenyang,2014,MaskablePPO,,,recorded_farmer,2014,201,111,0.0,32.4,24.7,90.0,0.0,7796.0,0.0,0.0,228,0.0,0.0,-0.0,-1465.0,2014-07-20,pass,"counterfactual_common_baseline_relative=max(0,final_yield-null)-I-5N"
SY,Shenyang,2014,MaskablePPO,,,recorded_farmer,2014,202,112,35.8,29.5,21.5,91.0,0.0,7863.0,0.0,0.0,250,0.0,0.0,-0.0,-1465.0,2014-07-21,pass,"counterfactual_common_baseline_relative=max(0,final_yield-null)-I-5N"
SY,Shenyang,2014,MaskablePPO,,,recorded_farmer,2014,203,113,0.0,28.0,19.6,92.0,0.0,8060.0,0.0,0.0,247,0.0,0.0,-0.0,-1465.0,2014-07-22,pass,"counterfactual_common_baseline_relative=max(0,final_yield-null)-I-5N"
SY,Shenyang,2014,MaskablePPO,,,recorded_farmer,2014,204,114,0.0,30.4,21.7,93.0,0.0,8383.0,0.0,0.0,242,0.0,0.0,-0.0,-1465.0,2014-07-23,pass,"counterfactual_common_baseline_relative=max(0,final_yield-null)-I-5N"
SY,Shenyang,2014,MaskablePPO,,,recorded_farmer,2014,205,115,0.0,29.7,20.5,94.0,0.0,8610.0,0.0,0.0,239,0.0,0.0,-0.0,-1465.0,2014-07-24,pass,"counterfactual_common_baseline_relative=max(0,final_yield-null)-I-5N"
SY,Shenyang,2014,MaskablePPO,,,recorded_farmer,2014,206,116,0.0,25.3,19.1,95.0,0.0,8688.0,0.0,0.0,237,0.0,0.0,-0.0,-1465.0,2014-07-25,pass,"counterfactual_common_baseline_relative=max(0,final_yield-null)-I-5N"
SY,Shenyang,2014,MaskablePPO,,,recorded_farmer,2014,207,117,0.0,27.9,18.1,96.0,0.0,9044.0,0.0,0.0,232,0.0,0.0,-0.0,-1465.0,2014-07-26,pass,"counterfactual_common_baseline_relative=max(0,final_yield-null)-I-5N"
SY,Shenyang,2014,MaskablePPO,,,recorded_farmer,2014,208,118,0.0,30.5,16.4,97.0,0.0,9395.0,0.0,0.0,227,0.0,0.0,-0.0,-1465.0,2014-07-27,pass,"counterfactual_common_baseline_relative=max(0,final_yield-null)-I-5N"
SY,Shenyang,2014,MaskablePPO,,,recorded_farmer,2014,209,119,0.0,30.2,18.9,98.0,0.0,9697.0,0.0,0.0,222,0.0,0.0,-0.0,-1465.0,2014-07-28,pass,"counterfactual_common_baseline_relative=max(0,final_yield-null)-I-5N"
SY,Shenyang,2014,MaskablePPO,,,recorded_farmer,2014,210,120,0.0,29.6,21.3,99.0,306.0,10004.0,0.0,0.0,218,0.0,0.0,-0.0,-1465.0,2014-07-29,pass,"counterfactual_common_baseline_relative=max(0,final_yield-null)-I-5N"
SY,Shenyang,2014,MaskablePPO,,,recorded_farmer,2014,211,121,0.0,27.7,18.7,100.0,613.0,10275.0,0.0,0.0,215,0.0,0.0,-0.0,-1465.0,2014-07-30,pass,"counterfactual_common_baseline_relative=max(0,final_yield-null)-I-5N"
SY,Shenyang,2014,MaskablePPO,,,recorded_farmer,2014,212,122,0.0,31.2,18.1,101.0,919.0,10616.0,0.0,0.0,210,0.0,0.0,-0.0,-1465.0,2014-07-31,pass,"counterfactual_common_baseline_relative=max(0,final_yield-null)-I-5N"
SY,Shenyang,2014,MaskablePPO,,,recorded_farmer,2014,213,123,0.0,32.4,23.7,102.0,1186.0,10883.0,0.0,0.0,205,0.0,0.0,-0.0,-1465.0,2014-08-01,pass,"counterfactual_common_baseline_relative=max(0,final_yield-null)-I-5N"
SY,Shenyang,2014,MaskablePPO,,,recorded_farmer,2014,214,124,0.0,33.9,22.2,103.0,1452.0,11149.0,0.0,0.0,199,0.0,0.0,-0.0,-1465.0,2014-08-02,pass,"counterfactual_common_baseline_relative=max(0,final_yield-null)-I-5N"
SY,Shenyang,2014,MaskablePPO,,,recorded_farmer,2014,215,125,0.0,32.8,21.8,104.0,1747.0,11444.0,0.0,0.0,194,0.0,0.0,-0.0,-1465.0,2014-08-03,pass,"counterfactual_common_baseline_relative=max(0,final_yield-null)-I-5N"
SY,Shenyang,2014,MaskablePPO,,,recorded_farmer,2014,216,126,0.0,29.3,21.5,105.0,2053.0,11750.0,0.0,0.0,190,0.0,0.0,-0.0,-1465.0,2014-08-04,pass,"counterfactual_common_baseline_relative=max(0,final_yield-null)-I-5N"
SY,Shenyang,2014,MaskablePPO,,,recorded_farmer,2014,217,127,0.0,29.6,16.1,106.0,2360.0,12057.0,0.0,0.0,185,0.0,0.0,-0.0,-1465.0,2014-08-05,pass,"counterfactual_common_baseline_relative=max(0,final_yield-null)-I-5N"
SY,Shenyang,2014,MaskablePPO,,,recorded_farmer,2014,218,128,0.0,29.5,18.4,107.0,2666.0,12363.0,0.0,0.0,180,0.0,0.0,-0.0,-1465.0,2014-08-06,pass,"counterfactual_common_baseline_relative=max(0,final_yield-null)-I-5N"
SY,Shenyang,2014,MaskablePPO,,,recorded_farmer,2014,219,129,0.0,29.5,15.6,108.0,2972.0,12670.0,0.0,0.0,174,0.0,0.0,-0.0,-1465.0,2014-08-07,pass,"counterfactual_common_baseline_relative=max(0,final_yield-null)-I-5N"
SY,Shenyang,2014,MaskablePPO,,,recorded_farmer,2014,220,130,0.0,30.8,15.0,109.0,3279.0,12976.0,0.0,0.0,169,0.0,0.0,-0.0,-1465.0,2014-08-08,pass,"counterfactual_common_baseline_relative=max(0,final_yield-null)-I-5N"
SY,Shenyang,2014,MaskablePPO,,,recorded_farmer,2014,221,131,0.0,30.8,17.1,110.0,3585.0,13282.0,0.0,0.0,164,0.0,0.0,-0.0,-1465.0,2014-08-09,pass,"counterfactual_common_baseline_relative=max(0,final_yield-null)-I-5N"
SY,Shenyang,2014,MaskablePPO,,,recorded_farmer,2014,222,132,0.0,29.9,17.3,111.0,3892.0,13589.0,0.0,0.0,160,0.0,0.0,-0.0,-1465.0,2014-08-10,pass,"counterfactual_common_baseline_relative=max(0,final_yield-null)-I-5N"
SY,Shenyang,2014,MaskablePPO,,,recorded_farmer,2014,223,133,0.0,29.8,17.8,112.0,4198.0,13895.0,0.0,0.0,156,0.0,0.0,-0.0,-1465.0,2014-08-11,pass,"counterfactual_common_baseline_relative=max(0,final_yield-null)-I-5N"
SY,Shenyang,2014,MaskablePPO,,,recorded_farmer,2014,224,134,0.0,29.7,17.2,113.0,4491.0,14188.0,0.079,0.0,151,0.0,0.0,-0.0,-1465.0,2014-08-12,pass,"counterfactual_common_baseline_relative=max(0,final_yield-null)-I-5N"
SY,Shenyang,2014,MaskablePPO,,,recorded_farmer,2014,225,135,0.0,30.8,14.2,114.0,4747.0,14444.0,0.301,0.0,147,0.0,0.0,-0.0,-1465.0,2014-08-13,pass,"counterfactual_common_baseline_relative=max(0,final_yield-null)-I-5N"
SY,Shenyang,2014,MaskablePPO,,,recorded_farmer,2014,226,136,5.0,28.4,17.6,115.0,5021.0,14661.0,0.192,0.0,150,0.0,0.0,-0.0,-1465.0,2014-08-14,pass,"counterfactual_common_baseline_relative=max(0,final_yield-null)-I-5N"
SY,Shenyang,2014,MaskablePPO,,,recorded_farmer,2014,227,137,0.0,29.3,18.4,116.0,5327.0,14994.0,0.0,0.0,146,0.0,0.0,-0.0,-1465.0,2014-08-15,pass,"counterfactual_common_baseline_relative=max(0,final_yield-null)-I-5N"
SY,Shenyang,2014,MaskablePPO,,,recorded_farmer,2014,228,138,0.0,30.3,18.9,117.0,5533.0,15168.0,0.596,0.0,143,0.0,0.0,-0.0,-1465.0,2014-08-16,pass,"counterfactual_common_baseline_relative=max(0,final_yield-null)-I-5N"
SY,Shenyang,2014,MaskablePPO,,,recorded_farmer,2014,229,139,25.8,30.5,18.0,118.0,5758.0,15310.0,0.488,0.0,165,0.0,0.0,-0.0,-1465.0,2014-08-17,pass,"counterfactual_common_baseline_relative=max(0,final_yield-null)-I-5N"
SY,Shenyang,2014,MaskablePPO,,,recorded_farmer,2014,230,140,0.0,28.8,18.3,119.0,6064.0,15560.0,0.0,0.0,162,0.0,0.0,-0.0,-1465.0,2014-08-18,pass,"counterfactual_common_baseline_relative=max(0,final_yield-null)-I-5N"
SY,Shenyang,2014,MaskablePPO,,,recorded_farmer,2014,231,141,0.0,30.6,17.2,120.0,6370.0,15912.0,0.0,0.0,157,0.0,0.0,-0.0,-1465.0,2014-08-19,pass,"counterfactual_common_baseline_relative=max(0,final_yield-null)-I-5N"
SY,Shenyang,2014,MaskablePPO,,,recorded_farmer,2014,232,142,0.0,32.6,18.3,121.0,6677.0,16272.0,0.0,0.0,152,0.0,0.0,-0.0,-1465.0,2014-08-20,pass,"counterfactual_common_baseline_relative=max(0,final_yield-null)-I-5N"
SY,Shenyang,2014,MaskablePPO,,,recorded_farmer,2014,233,143,0.0,27.9,19.7,122.0,6983.0,16487.0,0.0,0.0,149,0.0,0.0,-0.0,-1465.0,2014-08-21,pass,"counterfactual_common_baseline_relative=max(0,final_yield-null)-I-5N"
SY,Shenyang,2014,MaskablePPO,,,recorded_farmer,2014,234,144,0.0,31.3,19.9,123.0,7290.0,16800.0,0.0,0.0,145,0.0,0.0,-0.0,-1465.0,2014-08-22,pass,"counterfactual_common_baseline_relative=max(0,final_yield-null)-I-5N"
SY,Shenyang,2014,MaskablePPO,,,recorded_farmer,2014,235,145,3.5,27.2,20.7,124.0,7596.0,16969.0,0.0,0.0,147,0.0,0.0,-0.0,-1465.0,2014-08-23,pass,"counterfactual_common_baseline_relative=max(0,final_yield-null)-I-5N"
SY,Shenyang,2014,MaskablePPO,,,recorded_farmer,2014,236,146,5.6,28.6,19.5,125.0,7903.0,17205.0,0.0,0.0,149,0.0,0.0,-0.0,-1465.0,2014-08-24,pass,"counterfactual_common_baseline_relative=max(0,final_yield-null)-I-5N"
SY,Shenyang,2014,MaskablePPO,,,recorded_farmer,2014,237,147,0.0,24.2,19.6,126.0,8209.0,17338.0,0.0,0.0,148,0.0,0.0,-0.0,-1465.0,2014-08-25,pass,"counterfactual_common_baseline_relative=max(0,final_yield-null)-I-5N"
SY,Shenyang,2014,MaskablePPO,,,recorded_farmer,2014,238,148,0.0,29.4,17.3,127.0,8515.0,17699.0,0.0,0.0,142,0.0,0.0,-0.0,-1465.0,2014-08-26,pass,"counterfactual_common_baseline_relative=max(0,final_yield-null)-I-5N"
SY,Shenyang,2014,MaskablePPO,,,recorded_farmer,2014,239,149,0.0,30.5,15.5,128.0,8729.0,17875.0,0.551,0.0,140,0.0,0.0,-0.0,-1465.0,2014-08-27,pass,"counterfactual_common_baseline_relative=max(0,final_yield-null)-I-5N"
SY,Shenyang,2014,MaskablePPO,,,recorded_farmer,2014,240,150,0.0,29.5,17.7,129.0,8921.0,17974.0,0.681,0.0,138,0.0,0.0,-0.0,-1465.0,2014-08-28,pass,"counterfactual_common_baseline_relative=max(0,final_yield-null)-I-5N"
SY,Shenyang,2014,MaskablePPO,,,recorded_farmer,2014,241,151,0.0,30.2,17.0,130.0,9099.0,18050.0,0.757,0.0,137,0.0,0.0,-0.0,-1465.0,2014-08-29,pass,"counterfactual_common_baseline_relative=max(0,final_yield-null)-I-5N"
SY,Shenyang,2014,MaskablePPO,,,recorded_farmer,2014,242,152,0.0,30.6,15.5,131.0,9257.0,18095.0,0.881,0.0,136,0.0,0.0,-0.0,-1465.0,2014-08-30,pass,"counterfactual_common_baseline_relative=max(0,final_yield-null)-I-5N"
SY,Shenyang,2014,MaskablePPO,,,recorded_farmer,2014,243,153,0.0,31.1,16.4,132.0,9408.0,18134.0,0.924,0.0,135,0.0,0.0,-0.0,-1465.0,2014-08-31,pass,"counterfactual_common_baseline_relative=max(0,final_yield-null)-I-5N"
SY,Shenyang,2014,MaskablePPO,,,recorded_farmer,2014,244,154,0.0,30.8,15.8,133.0,9561.0,18178.0,0.912,0.0,135,0.0,0.0,-0.0,-1465.0,2014-09-01,pass,"counterfactual_common_baseline_relative=max(0,final_yield-null)-I-5N"
SY,Shenyang,2014,MaskablePPO,,,recorded_farmer,2014,245,155,0.0,29.4,17.1,134.0,9587.0,18168.0,0.892,0.0,135,0.0,0.0,-0.0,-1465.0,2014-09-02,pass,"counterfactual_common_baseline_relative=max(0,final_yield-null)-I-5N"
SY,Shenyang,2014,MaskablePPO,,,recorded_farmer,2014,246,156,0.0,24.8,15.1,135.0,9613.0,18194.0,0.885,0.0,135,0.0,0.0,-0.0,-1465.0,2014-09-03,pass,"counterfactual_common_baseline_relative=max(0,final_yield-null)-I-5N"
SY,Shenyang,2014,MaskablePPO,,,recorded_farmer,2014,247,157,23.2,28.4,12.4,136.0,9613.0,18194.0,0.961,0.0,157,0.0,0.0,-0.0,-1465.0,2014-09-04,pass,"counterfactual_common_baseline_relative=max(0,final_yield-null)-I-5N"
SY,Shenyang,2014,MaskablePPO,,,recorded_farmer,2014,248,158,0.0,27.2,10.3,137.0,9613.0,18194.0,0.0,0.0,152,0.0,0.0,-0.0,-1465.0,2014-09-05,pass,"counterfactual_common_baseline_relative=max(0,final_yield-null)-I-5N"
SY,Shenyang,2014,MaskablePPO,,,recorded_farmer,2014,249,159,0.0,30.4,12.9,138.0,9613.0,18194.0,0.0,0.0,147,0.0,0.0,-0.0,-1465.0,2014-09-06,pass,"counterfactual_common_baseline_relative=max(0,final_yield-null)-I-5N"
SY,Shenyang,2014,MaskablePPO,,,recorded_farmer,2014,250,160,0.0,29.2,14.9,139.0,9613.0,18194.0,0.0,0.0,144,0.0,0.0,4205.0,2740.0,2014-09-07,pass,"counterfactual_common_baseline_relative=max(0,final_yield-null)-I-5N"
SY,Shenyang,2014,MaskablePPO,,,dssat_auto,2014,91,1,0.0,19.2,6.1,0.0,0.0,0.0,0.0,0.0,331,0.0,0.0,-0.0,-0.0,2014-04-01,pass,"counterfactual_common_baseline_relative=max(0,final_yield-null)-I-5N"
SY,Shenyang,2014,MaskablePPO,,,dssat_auto,2014,92,2,0.0,13.4,6.9,0.0,0.0,0.0,0.0,0.0,328,0.0,0.0,-0.0,-0.0,2014-04-02,pass,"counterfactual_common_baseline_relative=max(0,final_yield-null)-I-5N"
SY,Shenyang,2014,MaskablePPO,,,dssat_auto,2014,93,3,0.0,10.1,-1.8,0.0,0.0,0.0,0.0,0.0,326,0.0,0.0,-0.0,-0.0,2014-04-03,pass,"counterfactual_common_baseline_relative=max(0,final_yield-null)-I-5N"
SY,Shenyang,2014,MaskablePPO,,,dssat_auto,2014,94,4,0.0,12.0,-1.7,0.0,0.0,0.0,0.0,0.0,324,0.0,0.0,-0.0,-0.0,2014-04-04,pass,"counterfactual_common_baseline_relative=max(0,final_yield-null)-I-5N"
SY,Shenyang,2014,MaskablePPO,,,dssat_auto,2014,95,5,0.0,8.3,-2.3,0.0,0.0,0.0,0.0,0.0,323,0.0,0.0,-0.0,-0.0,2014-04-05,pass,"counterfactual_common_baseline_relative=max(0,final_yield-null)-I-5N"
SY,Shenyang,2014,MaskablePPO,,,dssat_auto,2014,96,6,0.0,19.8,-2.0,0.0,0.0,0.0,0.0,0.0,322,0.0,0.0,-0.0,-0.0,2014-04-06,pass,"counterfactual_common_baseline_relative=max(0,final_yield-null)-I-5N"
SY,Shenyang,2014,MaskablePPO,,,dssat_auto,2014,97,7,0.0,22.3,2.9,0.0,0.0,0.0,0.0,0.0,321,0.0,0.0,-0.0,-0.0,2014-04-07,pass,"counterfactual_common_baseline_relative=max(0,final_yield-null)-I-5N"
SY,Shenyang,2014,MaskablePPO,,,dssat_auto,2014,98,8,0.0,22.7,1.9,0.0,0.0,0.0,0.0,0.0,320,0.0,0.0,-0.0,-0.0,2014-04-08,pass,"counterfactual_common_baseline_relative=max(0,final_yield-null)-I-5N"
SY,Shenyang,2014,MaskablePPO,,,dssat_auto,2014,99,9,0.0,16.0,10.8,0.0,0.0,0.0,0.0,0.0,319,0.0,0.0,-0.0,-0.0,2014-04-09,pass,"counterfactual_common_baseline_relative=max(0,final_yield-null)-I-5N"
SY,Shenyang,2014,MaskablePPO,,,dssat_auto,2014,100,10,0.0,18.3,2.8,0.0,0.0,0.0,0.0,0.0,319,0.0,0.0,-0.0,-0.0,2014-04-10,pass,"counterfactual_common_baseline_relative=max(0,final_yield-null)-I-5N"
SY,Shenyang,2014,MaskablePPO,,,dssat_auto,2014,101,11,0.0,20.5,1.0,0.0,0.0,0.0,0.0,0.0,318,0.0,0.0,-0.0,-0.0,2014-04-11,pass,"counterfactual_common_baseline_relative=max(0,final_yield-null)-I-5N"
SY,Shenyang,2014,MaskablePPO,,,dssat_auto,2014,102,12,0.0,21.6,3.5,0.0,0.0,0.0,0.0,0.0,317,0.0,0.0,-0.0,-0.0,2014-04-12,pass,"counterfactual_common_baseline_relative=max(0,final_yield-null)-I-5N"
SY,Shenyang,2014,MaskablePPO,,,dssat_auto,2014,103,13,0.0,23.2,2.9,0.0,0.0,0.0,0.0,0.0,317,0.0,0.0,-0.0,-0.0,2014-04-13,pass,"counterfactual_common_baseline_relative=max(0,final_yield-null)-I-5N"
SY,Shenyang,2014,MaskablePPO,,,dssat_auto,2014,104,14,0.0,24.7,4.4,0.0,0.0,0.0,0.0,0.0,316,0.0,0.0,-0.0,-0.0,2014-04-14,pass,"counterfactual_common_baseline_relative=max(0,final_yield-null)-I-5N"
SY,Shenyang,2014,MaskablePPO,,,dssat_auto,2014,105,15,0.0,18.6,8.9,0.0,0.0,0.0,0.0,0.0,316,0.0,0.0,-0.0,-0.0,2014-04-15,pass,"counterfactual_common_baseline_relative=max(0,final_yield-null)-I-5N"
SY,Shenyang,2014,MaskablePPO,,,dssat_auto,2014,106,16,0.0,23.6,-0.1,0.0,0.0,0.0,0.0,0.0,315,0.0,0.0,-0.0,-0.0,2014-04-16,pass,"counterfactual_common_baseline_relative=max(0,final_yield-null)-I-5N"
SY,Shenyang,2014,MaskablePPO,,,dssat_auto,2014,107,17,0.0,19.0,8.4,0.0,0.0,0.0,0.0,0.0,315,0.0,0.0,-0.0,-0.0,2014-04-17,pass,"counterfactual_common_baseline_relative=max(0,final_yield-null)-I-5N"
SY,Shenyang,2014,MaskablePPO,,,dssat_auto,2014,108,18,0.0,18.4,8.7,0.0,0.0,0.0,0.0,0.0,314,0.0,0.0,-0.0,-0.0,2014-04-18,pass,"counterfactual_common_baseline_relative=max(0,final_yield-null)-I-5N"
SY,Shenyang,2014,MaskablePPO,,,dssat_auto,2014,109,19,0.0,19.9,4.0,0.0,0.0,0.0,0.0,0.0,314,0.0,0.0,-0.0,-0.0,2014-04-19,pass,"counterfactual_common_baseline_relative=max(0,final_yield-null)-I-5N"
SY,Shenyang,2014,MaskablePPO,,,dssat_auto,2014,110,20,0.0,18.8,9.8,0.0,0.0,0.0,0.0,0.0,313,0.0,0.0,-0.0,-0.0,2014-04-20,pass,"counterfactual_common_baseline_relative=max(0,final_yield-null)-I-5N"
SY,Shenyang,2014,MaskablePPO,,,dssat_auto,2014,111,21,0.0,21.8,3.8,0.0,0.0,0.0,0.0,0.0,313,0.0,0.0,-0.0,-0.0,2014-04-21,pass,"counterfactual_common_baseline_relative=max(0,final_yield-null)-I-5N"
SY,Shenyang,2014,MaskablePPO,,,dssat_auto,2014,112,22,0.0,25.1,8.5,1.0,0.0,0.0,0.0,0.0,313,0.0,0.0,-0.0,-0.0,2014-04-22,pass,"counterfactual_common_baseline_relative=max(0,final_yield-null)-I-5N"
SY,Shenyang,2014,MaskablePPO,,,dssat_auto,2014,113,23,0.0,26.6,11.5,2.0,0.0,0.0,0.0,0.0,312,0.0,0.0,-0.0,-0.0,2014-04-23,pass,"counterfactual_common_baseline_relative=max(0,final_yield-null)-I-5N"
SY,Shenyang,2014,MaskablePPO,,,dssat_auto,2014,114,24,0.0,24.6,14.6,3.0,0.0,0.0,0.0,0.0,312,0.0,0.0,-0.0,-0.0,2014-04-24,pass,"counterfactual_common_baseline_relative=max(0,final_yield-null)-I-5N"
SY,Shenyang,2014,MaskablePPO,,,dssat_auto,2014,115,25,0.0,27.3,12.9,4.0,0.0,0.0,0.0,0.0,311,0.0,0.0,-0.0,-0.0,2014-04-25,pass,"counterfactual_common_baseline_relative=max(0,final_yield-null)-I-5N"
SY,Shenyang,2014,MaskablePPO,,,dssat_auto,2014,116,26,0.0,21.0,14.3,5.0,0.0,0.0,0.0,0.0,311,0.0,0.0,-0.0,-0.0,2014-04-26,pass,"counterfactual_common_baseline_relative=max(0,final_yield-null)-I-5N"
SY,Shenyang,2014,MaskablePPO,,,dssat_auto,2014,117,27,0.0,20.7,8.6,6.0,0.0,0.0,0.0,0.0,311,0.0,0.0,-0.0,-0.0,2014-04-27,pass,"counterfactual_common_baseline_relative=max(0,final_yield-null)-I-5N"
SY,Shenyang,2014,MaskablePPO,,,dssat_auto,2014,118,28,0.0,24.4,7.0,7.0,0.0,0.0,0.0,0.0,310,0.0,0.0,-0.0,-0.0,2014-04-28,pass,"counterfactual_common_baseline_relative=max(0,final_yield-null)-I-5N"
SY,Shenyang,2014,MaskablePPO,,,dssat_auto,2014,119,29,0.0,26.1,5.6,8.0,0.0,0.0,0.0,0.0,310,0.0,0.0,-0.0,-0.0,2014-04-29,pass,"counterfactual_common_baseline_relative=max(0,final_yield-null)-I-5N"
SY,Shenyang,2014,MaskablePPO,,,dssat_auto,2014,120,30,0.0,28.2,9.4,9.0,0.0,19.0,0.0,0.012,310,0.0,0.0,-0.0,-0.0,2014-04-30,pass,"counterfactual_common_baseline_relative=max(0,final_yield-null)-I-5N"
SY,Shenyang,2014,MaskablePPO,,,dssat_auto,2014,121,31,0.0,28.3,15.1,10.0,0.0,19.0,0.0,0.011,309,0.0,0.0,-0.0,-0.0,2014-05-01,pass,"counterfactual_common_baseline_relative=max(0,final_yield-null)-I-5N"
SY,Shenyang,2014,MaskablePPO,,,dssat_auto,2014,122,32,9.0,22.2,6.1,11.0,0.0,19.0,0.0,0.009,318,0.0,0.0,-0.0,-0.0,2014-05-02,pass,"counterfactual_common_baseline_relative=max(0,final_yield-null)-I-5N"
SY,Shenyang,2014,MaskablePPO,,,dssat_auto,2014,123,33,0.0,22.3,1.7,12.0,0.0,19.0,0.0,0.007,317,0.0,0.0,-0.0,-0.0,2014-05-03,pass,"counterfactual_common_baseline_relative=max(0,final_yield-null)-I-5N"
SY,Shenyang,2014,MaskablePPO,,,dssat_auto,2014,124,34,13.0,15.0,5.4,13.0,0.0,19.0,0.0,0.006,328,0.0,0.0,-0.0,-0.0,2014-05-04,pass,"counterfactual_common_baseline_relative=max(0,final_yield-null)-I-5N"
SY,Shenyang,2014,MaskablePPO,,,dssat_auto,2014,125,35,0.0,14.5,1.8,14.0,0.0,19.0,0.0,0.005,324,0.0,0.0,-0.0,-0.0,2014-05-05,pass,"counterfactual_common_baseline_relative=max(0,final_yield-null)-I-5N"
SY,Shenyang,2014,MaskablePPO,,,dssat_auto,2014,126,36,0.0,19.5,6.2,15.0,0.0,19.0,0.0,0.003,323,0.0,0.0,-0.0,-0.0,2014-05-06,pass,"counterfactual_common_baseline_relative=max(0,final_yield-null)-I-5N"
SY,Shenyang,2014,MaskablePPO,,,dssat_auto,2014,127,37,0.0,13.2,9.8,16.0,0.0,19.0,0.0,0.002,322,0.0,0.0,-0.0,-0.0,2014-05-07,pass,"counterfactual_common_baseline_relative=max(0,final_yield-null)-I-5N"
SY,Shenyang,2014,MaskablePPO,,,dssat_auto,2014,128,38,0.0,20.7,4.0,17.0,0.0,19.0,0.0,0.0,321,0.0,0.0,-0.0,-0.0,2014-05-08,pass,"counterfactual_common_baseline_relative=max(0,final_yield-null)-I-5N"
SY,Shenyang,2014,MaskablePPO,,,dssat_auto,2014,129,39,0.0,21.2,4.7,18.0,0.0,19.0,0.0,0.0,320,0.0,0.0,-0.0,-0.0,2014-05-09,pass,"counterfactual_common_baseline_relative=max(0,final_yield-null)-I-5N"
SY,Shenyang,2014,MaskablePPO,,,dssat_auto,2014,130,40,0.0,26.2,7.3,19.0,0.0,19.0,0.0,0.0,319,0.0,0.0,-0.0,-0.0,2014-05-10,pass,"counterfactual_common_baseline_relative=max(0,final_yield-null)-I-5N"
SY,Shenyang,2014,MaskablePPO,,,dssat_auto,2014,131,41,19.0,20.8,11.4,20.0,0.0,19.0,0.0,0.0,335,0.0,0.0,-0.0,-0.0,2014-05-11,pass,"counterfactual_common_baseline_relative=max(0,final_yield-null)-I-5N"
SY,Shenyang,2014,MaskablePPO,,,dssat_auto,2014,132,42,0.0,18.3,11.0,21.0,0.0,19.0,0.0,0.0,334,0.0,0.0,-0.0,-0.0,2014-05-12,pass,"counterfactual_common_baseline_relative=max(0,final_yield-null)-I-5N"
SY,Shenyang,2014,MaskablePPO,,,dssat_auto,2014,133,43,0.0,25.3,12.1,22.0,0.0,19.0,0.0,0.0,329,0.0,0.0,-0.0,-0.0,2014-05-13,pass,"counterfactual_common_baseline_relative=max(0,final_yield-null)-I-5N"
SY,Shenyang,2014,MaskablePPO,,,dssat_auto,2014,134,44,0.0,22.0,11.4,23.0,0.0,19.0,0.0,0.0,326,0.0,0.0,-0.0,-0.0,2014-05-14,pass,"counterfactual_common_baseline_relative=max(0,final_yield-null)-I-5N"
SY,Shenyang,2014,MaskablePPO,,,dssat_auto,2014,135,45,0.0,22.4,9.9,24.0,0.0,19.0,0.0,0.0,325,0.0,0.0,-0.0,-0.0,2014-05-15,pass,"counterfactual_common_baseline_relative=max(0,final_yield-null)-I-5N"
SY,Shenyang,2014,MaskablePPO,,,dssat_auto,2014,136,46,0.0,24.8,8.5,25.0,0.0,21.0,0.0,0.0,323,0.0,0.0,-0.0,-0.0,2014-05-16,pass,"counterfactual_common_baseline_relative=max(0,final_yield-null)-I-5N"
SY,Shenyang,2014,MaskablePPO,,,dssat_auto,2014,137,47,0.0,24.9,9.4,26.0,0.0,25.0,0.0,0.0,322,0.0,0.0,-0.0,-0.0,2014-05-17,pass,"counterfactual_common_baseline_relative=max(0,final_yield-null)-I-5N"
SY,Shenyang,2014,MaskablePPO,,,dssat_auto,2014,138,48,0.0,27.4,13.6,27.0,0.0,30.0,0.0,0.0,321,0.0,0.0,-0.0,-0.0,2014-05-18,pass,"counterfactual_common_baseline_relative=max(0,final_yield-null)-I-5N"
SY,Shenyang,2014,MaskablePPO,,,dssat_auto,2014,139,49,0.0,22.3,14.6,28.0,0.0,34.0,0.0,0.0,321,0.0,0.0,-0.0,-0.0,2014-05-19,pass,"counterfactual_common_baseline_relative=max(0,final_yield-null)-I-5N"
SY,Shenyang,2014,MaskablePPO,,,dssat_auto,2014,140,50,15.6,19.1,13.1,29.0,0.0,38.0,0.0,0.0,330,0.0,0.0,-0.0,-0.0,2014-05-20,pass,"counterfactual_common_baseline_relative=max(0,final_yield-null)-I-5N"
SY,Shenyang,2014,MaskablePPO,,,dssat_auto,2014,141,51,19.0,28.7,13.1,30.0,0.0,45.0,0.0,0.0,339,0.0,0.0,-0.0,-0.0,2014-05-21,pass,"counterfactual_common_baseline_relative=max(0,final_yield-null)-I-5N"
SY,Shenyang,2014,MaskablePPO,,,dssat_auto,2014,142,52,0.0,31.7,9.7,31.0,0.0,52.0,0.0,0.0,335,0.0,0.0,-0.0,-0.0,2014-05-22,pass,"counterfactual_common_baseline_relative=max(0,final_yield-null)-I-5N"
SY,Shenyang,2014,MaskablePPO,,,dssat_auto,2014,143,53,0.0,30.6,20.0,32.0,0.0,63.0,0.0,0.0,334,0.0,0.0,-0.0,-0.0,2014-05-23,pass,"counterfactual_common_baseline_relative=max(0,final_yield-null)-I-5N"
SY,Shenyang,2014,MaskablePPO,,,dssat_auto,2014,144,54,0.0,25.8,17.2,33.0,0.0,72.0,0.0,0.0,332,0.0,0.0,-0.0,-0.0,2014-05-24,pass,"counterfactual_common_baseline_relative=max(0,final_yield-null)-I-5N"
SY,Shenyang,2014,MaskablePPO,,,dssat_auto,2014,145,55,11.4,19.8,16.4,34.0,0.0,75.0,0.0,0.0,342,0.0,0.0,-0.0,-0.0,2014-05-25,pass,"counterfactual_common_baseline_relative=max(0,final_yield-null)-I-5N"
SY,Shenyang,2014,MaskablePPO,,,dssat_auto,2014,146,56,0.0,27.6,14.0,35.0,0.0,87.0,0.0,0.002,336,0.0,0.0,-0.0,-0.0,2014-05-26,pass,"counterfactual_common_baseline_relative=max(0,final_yield-null)-I-5N"
SY,Shenyang,2014,MaskablePPO,,,dssat_auto,2014,147,57,0.0,31.3,11.7,36.0,0.0,103.0,0.0,0.0,333,0.0,0.0,-0.0,-0.0,2014-05-27,pass,"counterfactual_common_baseline_relative=max(0,final_yield-null)-I-5N"
SY,Shenyang,2014,MaskablePPO,,,dssat_auto,2014,148,58,0.0,29.4,17.0,37.0,0.0,123.0,0.0,0.0,331,0.0,0.0,-0.0,-0.0,2014-05-28,pass,"counterfactual_common_baseline_relative=max(0,final_yield-null)-I-5N"
SY,Shenyang,2014,MaskablePPO,,,dssat_auto,2014,149,59,0.0,31.6,19.2,38.0,0.0,149.0,0.0,0.0,328,0.0,0.0,-0.0,-0.0,2014-05-29,pass,"counterfactual_common_baseline_relative=max(0,final_yield-null)-I-5N"
SY,Shenyang,2014,MaskablePPO,,,dssat_auto,2014,150,60,0.0,33.9,15.9,39.0,0.0,179.0,0.0,0.0,326,0.0,0.0,-0.0,-0.0,2014-05-30,pass,"counterfactual_common_baseline_relative=max(0,final_yield-null)-I-5N"
SY,Shenyang,2014,MaskablePPO,,,dssat_auto,2014,151,61,0.0,35.8,19.6,40.0,0.0,217.0,0.0,0.0,324,0.0,0.0,-0.0,-0.0,2014-05-31,pass,"counterfactual_common_baseline_relative=max(0,final_yield-null)-I-5N"
SY,Shenyang,2014,MaskablePPO,,,dssat_auto,2014,152,62,0.0,32.1,21.0,41.0,0.0,255.0,0.0,0.0,322,0.0,0.0,-0.0,-0.0,2014-06-01,pass,"counterfactual_common_baseline_relative=max(0,final_yield-null)-I-5N"
SY,Shenyang,2014,MaskablePPO,,,dssat_auto,2014,153,63,6.8,28.8,18.4,42.0,0.0,291.0,0.0,0.0,325,0.0,0.0,-0.0,-0.0,2014-06-02,pass,"counterfactual_common_baseline_relative=max(0,final_yield-null)-I-5N"
SY,Shenyang,2014,MaskablePPO,,,dssat_auto,2014,154,64,0.0,30.2,17.0,43.0,0.0,332.0,0.0,0.0,322,0.0,0.0,-0.0,-0.0,2014-06-03,pass,"counterfactual_common_baseline_relative=max(0,final_yield-null)-I-5N"
SY,Shenyang,2014,MaskablePPO,,,dssat_auto,2014,155,65,0.0,30.4,19.1,44.0,0.0,380.0,0.0,0.0,319,0.0,0.0,-0.0,-0.0,2014-06-04,pass,"counterfactual_common_baseline_relative=max(0,final_yield-null)-I-5N"
SY,Shenyang,2014,MaskablePPO,,,dssat_auto,2014,156,66,0.0,30.2,21.6,45.0,0.0,435.0,0.0,0.0,317,0.0,0.0,-0.0,-0.0,2014-06-05,pass,"counterfactual_common_baseline_relative=max(0,final_yield-null)-I-5N"
SY,Shenyang,2014,MaskablePPO,,,dssat_auto,2014,157,67,0.0,27.4,19.5,46.0,0.0,485.0,0.0,0.0,314,0.0,0.0,-0.0,-0.0,2014-06-06,pass,"counterfactual_common_baseline_relative=max(0,final_yield-null)-I-5N"
SY,Shenyang,2014,MaskablePPO,,,dssat_auto,2014,158,68,0.0,23.4,17.9,47.0,0.0,529.0,0.0,0.0,313,0.0,0.0,-0.0,-0.0,2014-06-07,pass,"counterfactual_common_baseline_relative=max(0,final_yield-null)-I-5N"
SY,Shenyang,2014,MaskablePPO,,,dssat_auto,2014,159,69,8.7,24.5,16.2,48.0,0.0,575.0,0.0,0.0,318,0.0,0.0,-0.0,-0.0,2014-06-08,pass,"counterfactual_common_baseline_relative=max(0,final_yield-null)-I-5N"
SY,Shenyang,2014,MaskablePPO,,,dssat_auto,2014,160,70,2.2,25.5,16.2,49.0,0.0,634.0,0.0,0.0,316,0.0,0.0,-0.0,-0.0,2014-06-09,pass,"counterfactual_common_baseline_relative=max(0,final_yield-null)-I-5N"
SY,Shenyang,2014,MaskablePPO,,,dssat_auto,2014,161,71,0.0,26.0,16.4,50.0,0.0,698.0,0.0,0.0,311,0.0,0.0,-0.0,-0.0,2014-06-10,pass,"counterfactual_common_baseline_relative=max(0,final_yield-null)-I-5N"
SY,Shenyang,2014,MaskablePPO,,,dssat_auto,2014,162,72,0.0,25.6,14.1,51.0,0.0,756.0,0.0,0.0,308,0.0,0.0,-0.0,-0.0,2014-06-11,pass,"counterfactual_common_baseline_relative=max(0,final_yield-null)-I-5N"
SY,Shenyang,2014,MaskablePPO,,,dssat_auto,2014,163,73,0.0,27.7,15.0,52.0,0.0,825.0,0.0,0.0,304,0.0,0.0,-0.0,-0.0,2014-06-12,pass,"counterfactual_common_baseline_relative=max(0,final_yield-null)-I-5N"
SY,Shenyang,2014,MaskablePPO,,,dssat_auto,2014,164,74,0.0,28.0,16.0,53.0,0.0,900.0,0.0,0.0,300,0.0,0.0,-0.0,-0.0,2014-06-13,pass,"counterfactual_common_baseline_relative=max(0,final_yield-null)-I-5N"
SY,Shenyang,2014,MaskablePPO,,,dssat_auto,2014,165,75,0.0,31.1,14.7,54.0,0.0,984.0,0.0,0.0,295,0.0,0.0,-0.0,-0.0,2014-06-14,pass,"counterfactual_common_baseline_relative=max(0,final_yield-null)-I-5N"
SY,Shenyang,2014,MaskablePPO,,,dssat_auto,2014,166,76,0.0,32.3,19.3,55.0,0.0,1089.0,0.0,0.0,290,0.0,0.0,-0.0,-0.0,2014-06-15,pass,"counterfactual_common_baseline_relative=max(0,final_yield-null)-I-5N"
SY,Shenyang,2014,MaskablePPO,,,dssat_auto,2014,167,77,0.0,30.7,19.4,56.0,0.0,1195.0,0.0,0.0,287,0.0,0.0,-0.0,-0.0,2014-06-16,pass,"counterfactual_common_baseline_relative=max(0,final_yield-null)-I-5N"
SY,Shenyang,2014,MaskablePPO,,,dssat_auto,2014,168,78,5.7,27.9,18.7,57.0,0.0,1296.0,0.0,0.0,291,0.0,0.0,-0.0,-0.0,2014-06-17,pass,"counterfactual_common_baseline_relative=max(0,final_yield-null)-I-5N"
SY,Shenyang,2014,MaskablePPO,,,dssat_auto,2014,169,79,9.4,25.0,16.7,58.0,0.0,1384.0,0.0,0.0,298,0.0,0.0,-0.0,-0.0,2014-06-18,pass,"counterfactual_common_baseline_relative=max(0,final_yield-null)-I-5N"
SY,Shenyang,2014,MaskablePPO,,,dssat_auto,2014,170,80,0.0,27.4,16.7,59.0,0.0,1484.0,0.0,0.0,293,0.0,0.0,-0.0,-0.0,2014-06-19,pass,"counterfactual_common_baseline_relative=max(0,final_yield-null)-I-5N"
SY,Shenyang,2014,MaskablePPO,,,dssat_auto,2014,171,81,2.6,27.1,17.8,60.0,0.0,1593.0,0.0,0.0,293,0.0,0.0,-0.0,-0.0,2014-06-20,pass,"counterfactual_common_baseline_relative=max(0,final_yield-null)-I-5N"
SY,Shenyang,2014,MaskablePPO,,,dssat_auto,2014,172,82,0.0,28.0,18.0,61.0,0.0,1711.0,0.0,0.0,288,0.0,0.0,-0.0,-0.0,2014-06-21,pass,"counterfactual_common_baseline_relative=max(0,final_yield-null)-I-5N"
SY,Shenyang,2014,MaskablePPO,,,dssat_auto,2014,173,83,38.3,27.8,15.9,62.0,0.0,1825.0,0.0,0.0,311,0.0,0.0,-0.0,-0.0,2014-06-22,pass,"counterfactual_common_baseline_relative=max(0,final_yield-null)-I-5N"
SY,Shenyang,2014,MaskablePPO,,,dssat_auto,2014,174,84,0.0,29.4,15.3,63.0,0.0,1949.0,0.0,0.0,305,0.0,0.0,-0.0,-0.0,2014-06-23,pass,"counterfactual_common_baseline_relative=max(0,final_yield-null)-I-5N"
SY,Shenyang,2014,MaskablePPO,,,dssat_auto,2014,175,85,0.0,31.1,16.2,64.0,0.0,2084.0,0.0,0.021,298,0.0,0.0,-0.0,-0.0,2014-06-24,pass,"counterfactual_common_baseline_relative=max(0,final_yield-null)-I-5N"
SY,Shenyang,2014,MaskablePPO,,,dssat_auto,2014,176,86,0.0,30.0,20.2,65.0,0.0,2230.0,0.0,0.045,293,0.0,0.0,-0.0,-0.0,2014-06-25,pass,"counterfactual_common_baseline_relative=max(0,final_yield-null)-I-5N"
SY,Shenyang,2014,MaskablePPO,,,dssat_auto,2014,177,87,0.0,25.3,20.8,66.0,0.0,2352.0,0.0,0.068,291,0.0,0.0,-0.0,-0.0,2014-06-26,pass,"counterfactual_common_baseline_relative=max(0,final_yield-null)-I-5N"
SY,Shenyang,2014,MaskablePPO,,,dssat_auto,2014,178,88,3.4,24.6,19.8,67.0,0.0,2468.0,0.0,0.09,292,0.0,0.0,-0.0,-0.0,2014-06-27,pass,"counterfactual_common_baseline_relative=max(0,final_yield-null)-I-5N"
SY,Shenyang,2014,MaskablePPO,,,dssat_auto,2014,179,89,15.6,26.6,17.2,68.0,0.0,2582.0,0.0,0.106,302,0.0,0.0,-0.0,-0.0,2014-06-28,pass,"counterfactual_common_baseline_relative=max(0,final_yield-null)-I-5N"
SY,Shenyang,2014,MaskablePPO,,,dssat_auto,2014,180,90,0.0,29.3,18.5,69.0,0.0,2712.0,0.0,0.118,297,0.0,0.0,-0.0,-0.0,2014-06-29,pass,"counterfactual_common_baseline_relative=max(0,final_yield-null)-I-5N"
SY,Shenyang,2014,MaskablePPO,,,dssat_auto,2014,181,91,0.0,32.3,18.9,70.0,0.0,2859.0,0.0,0.128,291,0.0,0.0,-0.0,-0.0,2014-06-30,pass,"counterfactual_common_baseline_relative=max(0,final_yield-null)-I-5N"
SY,Shenyang,2014,MaskablePPO,,,dssat_auto,2014,182,92,0.0,30.7,20.6,71.0,0.0,3007.0,0.0,0.14,285,0.0,0.0,-0.0,-0.0,2014-07-01,pass,"counterfactual_common_baseline_relative=max(0,final_yield-null)-I-5N"
SY,Shenyang,2014,MaskablePPO,,,dssat_auto,2014,183,93,0.0,30.9,18.5,72.0,0.0,3295.0,0.0,0.152,279,0.0,0.0,-0.0,-0.0,2014-07-02,pass,"counterfactual_common_baseline_relative=max(0,final_yield-null)-I-5N"
SY,Shenyang,2014,MaskablePPO,,,dssat_auto,2014,184,94,0.0,27.8,20.8,73.0,0.0,3469.0,0.0,0.162,275,0.0,0.0,-0.0,-0.0,2014-07-03,pass,"counterfactual_common_baseline_relative=max(0,final_yield-null)-I-5N"
SY,Shenyang,2014,MaskablePPO,,,dssat_auto,2014,185,95,0.0,30.3,21.7,74.0,0.0,3619.0,0.0,0.185,270,0.0,0.0,-0.0,-0.0,2014-07-04,pass,"counterfactual_common_baseline_relative=max(0,final_yield-null)-I-5N"
SY,Shenyang,2014,MaskablePPO,,,dssat_auto,2014,186,96,0.0,31.5,20.1,75.0,0.0,3751.0,0.0,0.194,264,0.0,0.0,-0.0,-0.0,2014-07-05,pass,"counterfactual_common_baseline_relative=max(0,final_yield-null)-I-5N"
SY,Shenyang,2014,MaskablePPO,,,dssat_auto,2014,187,97,0.0,29.7,20.6,76.0,0.0,3869.0,0.0,0.199,258,0.0,0.0,-0.0,-0.0,2014-07-06,pass,"counterfactual_common_baseline_relative=max(0,final_yield-null)-I-5N"
SY,Shenyang,2014,MaskablePPO,,,dssat_auto,2014,188,98,0.0,30.7,19.3,77.0,0.0,3981.0,0.0,0.207,252,0.0,0.0,-0.0,-0.0,2014-07-07,pass,"counterfactual_common_baseline_relative=max(0,final_yield-null)-I-5N"
SY,Shenyang,2014,MaskablePPO,,,dssat_auto,2014,189,99,0.0,28.4,20.6,78.0,0.0,4085.0,0.0,0.213,250,0.0,0.0,-0.0,-0.0,2014-07-08,pass,"counterfactual_common_baseline_relative=max(0,final_yield-null)-I-5N"
SY,Shenyang,2014,MaskablePPO,,,dssat_auto,2014,190,100,2.5,30.3,20.8,79.0,0.0,4193.0,0.0,0.215,248,0.0,0.0,-0.0,-0.0,2014-07-09,pass,"counterfactual_common_baseline_relative=max(0,final_yield-null)-I-5N"
SY,Shenyang,2014,MaskablePPO,,,dssat_auto,2014,191,101,0.0,30.1,16.1,80.0,0.0,4284.0,0.0,0.219,241,0.0,0.0,-0.0,-0.0,2014-07-10,pass,"counterfactual_common_baseline_relative=max(0,final_yield-null)-I-5N"
SY,Shenyang,2014,MaskablePPO,,,dssat_auto,2014,192,102,0.0,29.1,18.2,81.0,0.0,4377.0,0.0,0.22,235,0.0,0.0,-0.0,-0.0,2014-07-11,pass,"counterfactual_common_baseline_relative=max(0,final_yield-null)-I-5N"
SY,Shenyang,2014,MaskablePPO,,,dssat_auto,2014,193,103,0.0,30.1,17.2,82.0,0.0,4469.0,0.0,0.219,229,0.0,0.0,-0.0,-0.0,2014-07-12,pass,"counterfactual_common_baseline_relative=max(0,final_yield-null)-I-5N"
SY,Shenyang,2014,MaskablePPO,,,dssat_auto,2014,194,104,0.0,30.7,17.6,83.0,0.0,4564.0,0.0,0.217,224,0.0,0.0,-0.0,-0.0,2014-07-13,pass,"counterfactual_common_baseline_relative=max(0,final_yield-null)-I-5N"
SY,Shenyang,2014,MaskablePPO,,,dssat_auto,2014,195,105,0.0,33.3,18.3,84.0,0.0,4669.0,0.0,0.213,218,0.0,0.0,-0.0,-0.0,2014-07-14,pass,"counterfactual_common_baseline_relative=max(0,final_yield-null)-I-5N"
SY,Shenyang,2014,MaskablePPO,,,dssat_auto,2014,196,106,0.0,31.1,21.7,85.0,0.0,4780.0,0.0,0.206,213,0.0,0.0,-0.0,-0.0,2014-07-15,pass,"counterfactual_common_baseline_relative=max(0,final_yield-null)-I-5N"
SY,Shenyang,2014,MaskablePPO,,,dssat_auto,2014,197,107,18.6,30.3,19.0,86.0,0.0,4880.0,0.0,0.206,258,32.6,0.0,-32.6,-32.6,2014-07-16,pass,"counterfactual_common_baseline_relative=max(0,final_yield-null)-I-5N"
SY,Shenyang,2014,MaskablePPO,,,dssat_auto,2014,198,108,20.8,29.2,19.4,87.0,0.0,4977.0,0.0,0.208,270,0.0,0.0,-0.0,-32.6,2014-07-17,pass,"counterfactual_common_baseline_relative=max(0,final_yield-null)-I-5N"
SY,Shenyang,2014,MaskablePPO,,,dssat_auto,2014,199,109,0.0,29.9,22.0,88.0,0.0,5085.0,0.0,0.208,266,0.0,0.0,-0.0,-32.6,2014-07-18,pass,"counterfactual_common_baseline_relative=max(0,final_yield-null)-I-5N"
SY,Shenyang,2014,MaskablePPO,,,dssat_auto,2014,200,110,0.0,32.0,24.0,89.0,0.0,5241.0,0.0,0.208,262,0.0,0.0,-0.0,-32.6,2014-07-19,pass,"counterfactual_common_baseline_relative=max(0,final_yield-null)-I-5N"
SY,Shenyang,2014,MaskablePPO,,,dssat_auto,2014,201,111,0.0,32.4,24.7,90.0,0.0,5451.0,0.0,0.2,257,0.0,0.0,-0.0,-32.6,2014-07-20,pass,"counterfactual_common_baseline_relative=max(0,final_yield-null)-I-5N"
SY,Shenyang,2014,MaskablePPO,,,dssat_auto,2014,202,112,35.8,29.5,21.5,91.0,0.0,5487.0,0.0,0.2,280,0.0,0.0,-0.0,-32.6,2014-07-21,pass,"counterfactual_common_baseline_relative=max(0,final_yield-null)-I-5N"
SY,Shenyang,2014,MaskablePPO,,,dssat_auto,2014,203,113,0.0,28.0,19.6,92.0,0.0,5606.0,0.0,0.207,277,0.0,0.0,-0.0,-32.6,2014-07-22,pass,"counterfactual_common_baseline_relative=max(0,final_yield-null)-I-5N"
SY,Shenyang,2014,MaskablePPO,,,dssat_auto,2014,204,114,0.0,30.4,21.7,93.0,0.0,5805.0,0.0,0.197,272,0.0,0.0,-0.0,-32.6,2014-07-23,pass,"counterfactual_common_baseline_relative=max(0,final_yield-null)-I-5N"
SY,Shenyang,2014,MaskablePPO,,,dssat_auto,2014,205,115,0.0,29.7,20.5,94.0,0.0,5942.0,0.0,0.195,268,0.0,0.0,-0.0,-32.6,2014-07-24,pass,"counterfactual_common_baseline_relative=max(0,final_yield-null)-I-5N"
SY,Shenyang,2014,MaskablePPO,,,dssat_auto,2014,206,116,0.0,25.3,19.1,95.0,0.0,5980.0,0.0,0.196,267,0.0,0.0,-0.0,-32.6,2014-07-25,pass,"counterfactual_common_baseline_relative=max(0,final_yield-null)-I-5N"
SY,Shenyang,2014,MaskablePPO,,,dssat_auto,2014,207,117,0.0,27.9,18.1,96.0,0.0,6192.0,0.0,0.194,261,0.0,0.0,-0.0,-32.6,2014-07-26,pass,"counterfactual_common_baseline_relative=max(0,final_yield-null)-I-5N"
SY,Shenyang,2014,MaskablePPO,,,dssat_auto,2014,208,118,0.0,30.5,16.4,97.0,0.0,6399.0,0.0,0.188,256,0.0,0.0,-0.0,-32.6,2014-07-27,pass,"counterfactual_common_baseline_relative=max(0,final_yield-null)-I-5N"
SY,Shenyang,2014,MaskablePPO,,,dssat_auto,2014,209,119,0.0,30.2,18.9,98.0,0.0,6573.0,0.0,0.188,252,0.0,0.0,-0.0,-32.6,2014-07-28,pass,"counterfactual_common_baseline_relative=max(0,final_yield-null)-I-5N"
SY,Shenyang,2014,MaskablePPO,,,dssat_auto,2014,210,120,0.0,29.6,21.3,99.0,210.0,6783.0,0.0,0.186,247,0.0,0.0,-0.0,-32.6,2014-07-29,pass,"counterfactual_common_baseline_relative=max(0,final_yield-null)-I-5N"
SY,Shenyang,2014,MaskablePPO,,,dssat_auto,2014,211,121,0.0,27.7,18.7,100.0,364.0,6937.0,0.0,0.2,244,0.0,0.0,-0.0,-32.6,2014-07-30,pass,"counterfactual_common_baseline_relative=max(0,final_yield-null)-I-5N"
SY,Shenyang,2014,MaskablePPO,,,dssat_auto,2014,212,122,0.0,31.2,18.1,101.0,518.0,7091.0,0.0,0.207,240,0.0,0.0,-0.0,-32.6,2014-07-31,pass,"counterfactual_common_baseline_relative=max(0,final_yield-null)-I-5N"
SY,Shenyang,2014,MaskablePPO,,,dssat_auto,2014,213,123,0.0,32.4,23.7,102.0,652.0,7225.0,0.0,0.212,235,0.0,0.0,-0.0,-32.6,2014-08-01,pass,"counterfactual_common_baseline_relative=max(0,final_yield-null)-I-5N"
SY,Shenyang,2014,MaskablePPO,,,dssat_auto,2014,214,124,0.0,33.9,22.2,103.0,786.0,7359.0,0.0,0.214,230,0.0,0.0,-0.0,-32.6,2014-08-02,pass,"counterfactual_common_baseline_relative=max(0,final_yield-null)-I-5N"
SY,Shenyang,2014,MaskablePPO,,,dssat_auto,2014,215,125,0.0,32.8,21.8,104.0,935.0,7507.0,0.0,0.217,226,0.0,0.0,-0.0,-32.6,2014-08-03,pass,"counterfactual_common_baseline_relative=max(0,final_yield-null)-I-5N"
SY,Shenyang,2014,MaskablePPO,,,dssat_auto,2014,216,126,0.0,29.3,21.5,105.0,1089.0,7662.0,0.0,0.225,222,0.0,0.0,-0.0,-32.6,2014-08-04,pass,"counterfactual_common_baseline_relative=max(0,final_yield-null)-I-5N"
SY,Shenyang,2014,MaskablePPO,,,dssat_auto,2014,217,127,0.0,29.6,16.1,106.0,1243.0,7816.0,0.0,0.236,219,0.0,0.0,-0.0,-32.6,2014-08-05,pass,"counterfactual_common_baseline_relative=max(0,final_yield-null)-I-5N"
SY,Shenyang,2014,MaskablePPO,,,dssat_auto,2014,218,128,0.0,29.5,18.4,107.0,1397.0,7970.0,0.0,0.247,215,0.0,0.0,-0.0,-32.6,2014-08-06,pass,"counterfactual_common_baseline_relative=max(0,final_yield-null)-I-5N"
SY,Shenyang,2014,MaskablePPO,,,dssat_auto,2014,219,129,0.0,29.5,15.6,108.0,1552.0,8124.0,0.0,0.26,211,0.0,0.0,-0.0,-32.6,2014-08-07,pass,"counterfactual_common_baseline_relative=max(0,final_yield-null)-I-5N"
SY,Shenyang,2014,MaskablePPO,,,dssat_auto,2014,220,130,0.0,30.8,15.0,109.0,1706.0,8278.0,0.0,0.273,207,0.0,0.0,-0.0,-32.6,2014-08-08,pass,"counterfactual_common_baseline_relative=max(0,final_yield-null)-I-5N"
SY,Shenyang,2014,MaskablePPO,,,dssat_auto,2014,221,131,0.0,30.8,17.1,110.0,1860.0,8433.0,0.0,0.287,203,0.0,0.0,-0.0,-32.6,2014-08-09,pass,"counterfactual_common_baseline_relative=max(0,final_yield-null)-I-5N"
SY,Shenyang,2014,MaskablePPO,,,dssat_auto,2014,222,132,0.0,29.9,17.3,111.0,2014.0,8587.0,0.0,0.302,200,0.0,0.0,-0.0,-32.6,2014-08-10,pass,"counterfactual_common_baseline_relative=max(0,final_yield-null)-I-5N"
SY,Shenyang,2014,MaskablePPO,,,dssat_auto,2014,223,133,0.0,29.8,17.8,112.0,2168.0,8729.0,0.0,0.317,198,0.0,0.0,-0.0,-32.6,2014-08-11,pass,"counterfactual_common_baseline_relative=max(0,final_yield-null)-I-5N"
SY,Shenyang,2014,MaskablePPO,,,dssat_auto,2014,224,134,0.0,29.7,17.2,113.0,2323.0,8895.0,0.0,0.333,225,33.4,0.0,-33.4,-66.0,2014-08-12,pass,"counterfactual_common_baseline_relative=max(0,final_yield-null)-I-5N"
SY,Shenyang,2014,MaskablePPO,,,dssat_auto,2014,225,135,0.0,30.8,14.2,114.0,2477.0,9049.0,0.0,0.348,220,0.0,0.0,-0.0,-66.0,2014-08-13,pass,"counterfactual_common_baseline_relative=max(0,final_yield-null)-I-5N"
SY,Shenyang,2014,MaskablePPO,,,dssat_auto,2014,226,136,5.0,28.4,17.6,115.0,2631.0,9150.0,0.0,0.369,222,0.0,0.0,-0.0,-66.0,2014-08-14,pass,"counterfactual_common_baseline_relative=max(0,final_yield-null)-I-5N"
SY,Shenyang,2014,MaskablePPO,,,dssat_auto,2014,227,137,0.0,29.3,18.4,116.0,2785.0,9278.0,0.0,0.388,217,0.0,0.0,-0.0,-66.0,2014-08-15,pass,"counterfactual_common_baseline_relative=max(0,final_yield-null)-I-5N"
SY,Shenyang,2014,MaskablePPO,,,dssat_auto,2014,228,138,0.0,30.3,18.9,117.0,2939.0,9427.0,0.0,0.396,212,0.0,0.0,-0.0,-66.0,2014-08-16,pass,"counterfactual_common_baseline_relative=max(0,final_yield-null)-I-5N"
SY,Shenyang,2014,MaskablePPO,,,dssat_auto,2014,229,139,25.8,30.5,18.0,118.0,3094.0,9519.0,0.0,0.41,228,0.0,0.0,-0.0,-66.0,2014-08-17,pass,"counterfactual_common_baseline_relative=max(0,final_yield-null)-I-5N"
SY,Shenyang,2014,MaskablePPO,,,dssat_auto,2014,230,140,0.0,28.8,18.3,119.0,3248.0,9598.0,0.0,0.429,225,0.0,0.0,-0.0,-66.0,2014-08-18,pass,"counterfactual_common_baseline_relative=max(0,final_yield-null)-I-5N"
SY,Shenyang,2014,MaskablePPO,,,dssat_auto,2014,231,141,0.0,30.6,17.2,120.0,3402.0,9719.0,0.0,0.438,220,0.0,0.0,-0.0,-66.0,2014-08-19,pass,"counterfactual_common_baseline_relative=max(0,final_yield-null)-I-5N"
SY,Shenyang,2014,MaskablePPO,,,dssat_auto,2014,232,142,0.0,32.6,18.3,121.0,3556.0,9841.0,0.0,0.444,214,0.0,0.0,-0.0,-66.0,2014-08-20,pass,"counterfactual_common_baseline_relative=max(0,final_yield-null)-I-5N"
SY,Shenyang,2014,MaskablePPO,,,dssat_auto,2014,233,143,0.0,27.9,19.7,122.0,3710.0,9901.0,0.0,0.46,212,0.0,0.0,-0.0,-66.0,2014-08-21,pass,"counterfactual_common_baseline_relative=max(0,final_yield-null)-I-5N"
SY,Shenyang,2014,MaskablePPO,,,dssat_auto,2014,234,144,0.0,31.3,19.9,123.0,3865.0,9986.0,0.0,0.474,209,0.0,0.0,-0.0,-66.0,2014-08-22,pass,"counterfactual_common_baseline_relative=max(0,final_yield-null)-I-5N"
SY,Shenyang,2014,MaskablePPO,,,dssat_auto,2014,235,145,3.5,27.2,20.7,124.0,4019.0,10031.0,0.0,0.474,210,0.0,0.0,-0.0,-66.0,2014-08-23,pass,"counterfactual_common_baseline_relative=max(0,final_yield-null)-I-5N"
SY,Shenyang,2014,MaskablePPO,,,dssat_auto,2014,236,146,5.6,28.6,19.5,125.0,4173.0,10091.0,0.0,0.48,212,0.0,0.0,-0.0,-66.0,2014-08-24,pass,"counterfactual_common_baseline_relative=max(0,final_yield-null)-I-5N"
SY,Shenyang,2014,MaskablePPO,,,dssat_auto,2014,237,147,0.0,24.2,19.6,126.0,4327.0,10124.0,0.0,0.48,211,0.0,0.0,-0.0,-66.0,2014-08-25,pass,"counterfactual_common_baseline_relative=max(0,final_yield-null)-I-5N"
SY,Shenyang,2014,MaskablePPO,,,dssat_auto,2014,238,148,0.0,29.4,17.3,127.0,4481.0,10225.0,0.0,0.486,206,0.0,0.0,-0.0,-66.0,2014-08-26,pass,"counterfactual_common_baseline_relative=max(0,final_yield-null)-I-5N"
SY,Shenyang,2014,MaskablePPO,,,dssat_auto,2014,239,149,0.0,30.5,15.5,128.0,4636.0,10319.0,0.0,0.485,202,0.0,0.0,-0.0,-66.0,2014-08-27,pass,"counterfactual_common_baseline_relative=max(0,final_yield-null)-I-5N"
SY,Shenyang,2014,MaskablePPO,,,dssat_auto,2014,240,150,0.0,29.5,17.7,129.0,4790.0,10390.0,0.0,0.502,200,0.0,0.0,-0.0,-66.0,2014-08-28,pass,"counterfactual_common_baseline_relative=max(0,final_yield-null)-I-5N"
SY,Shenyang,2014,MaskablePPO,,,dssat_auto,2014,241,151,0.0,30.2,17.0,130.0,4944.0,10458.0,0.0,0.519,197,0.0,0.0,-0.0,-66.0,2014-08-29,pass,"counterfactual_common_baseline_relative=max(0,final_yield-null)-I-5N"
SY,Shenyang,2014,MaskablePPO,,,dssat_auto,2014,242,152,0.0,30.6,15.5,131.0,5098.0,10537.0,0.0,0.53,194,0.0,0.0,-0.0,-66.0,2014-08-30,pass,"counterfactual_common_baseline_relative=max(0,final_yield-null)-I-5N"
SY,Shenyang,2014,MaskablePPO,,,dssat_auto,2014,243,153,0.0,31.1,16.4,132.0,5252.0,10598.0,0.0,0.54,192,0.0,0.0,-0.0,-66.0,2014-08-31,pass,"counterfactual_common_baseline_relative=max(0,final_yield-null)-I-5N"
SY,Shenyang,2014,MaskablePPO,,,dssat_auto,2014,244,154,0.0,30.8,15.8,133.0,5407.0,10674.0,0.0,0.555,190,0.0,0.0,-0.0,-66.0,2014-09-01,pass,"counterfactual_common_baseline_relative=max(0,final_yield-null)-I-5N"
SY,Shenyang,2014,MaskablePPO,,,dssat_auto,2014,245,155,0.0,29.4,17.1,134.0,5453.0,10643.0,0.0,0.564,188,0.0,0.0,-0.0,-66.0,2014-09-02,pass,"counterfactual_common_baseline_relative=max(0,final_yield-null)-I-5N"
SY,Shenyang,2014,MaskablePPO,,,dssat_auto,2014,246,156,0.0,24.8,15.1,135.0,5498.0,10688.0,0.0,0.541,186,0.0,0.0,-0.0,-66.0,2014-09-03,pass,"counterfactual_common_baseline_relative=max(0,final_yield-null)-I-5N"
SY,Shenyang,2014,MaskablePPO,,,dssat_auto,2014,247,157,23.2,28.4,12.4,136.0,5498.0,10688.0,0.0,0.517,203,0.0,0.0,-0.0,-66.0,2014-09-04,pass,"counterfactual_common_baseline_relative=max(0,final_yield-null)-I-5N"
SY,Shenyang,2014,MaskablePPO,,,dssat_auto,2014,248,158,0.0,27.2,10.3,137.0,5498.0,10688.0,0.0,0.517,198,0.0,0.0,-0.0,-66.0,2014-09-05,pass,"counterfactual_common_baseline_relative=max(0,final_yield-null)-I-5N"
SY,Shenyang,2014,MaskablePPO,,,dssat_auto,2014,249,159,0.0,30.4,12.9,138.0,5498.0,10688.0,0.0,0.517,193,0.0,0.0,-0.0,-66.0,2014-09-06,pass,"counterfactual_common_baseline_relative=max(0,final_yield-null)-I-5N"
SY,Shenyang,2014,MaskablePPO,,,dssat_auto,2014,250,160,0.0,29.2,14.9,139.0,5498.0,10688.0,0.0,0.517,191,0.0,0.0,90.0,24.0,2014-09-07,pass,"counterfactual_common_baseline_relative=max(0,final_yield-null)-I-5N"
SY,Shenyang,2014,MaskablePPO,,,official_extension_expert,2014,91,1,0.0,19.2,6.1,0.0,0.0,0.0,0.0,0.0,368,37.5,112.0,-597.5,-597.5,2014-04-01,pass,"counterfactual_common_baseline_relative=max(0,final_yield-null)-I-5N"
SY,Shenyang,2014,MaskablePPO,,,official_extension_expert,2014,92,2,0.0,13.4,6.9,0.0,0.0,0.0,0.0,0.0,364,0.0,0.0,-0.0,-597.5,2014-04-02,pass,"counterfactual_common_baseline_relative=max(0,final_yield-null)-I-5N"
SY,Shenyang,2014,MaskablePPO,,,official_extension_expert,2014,93,3,0.0,10.1,-1.8,0.0,0.0,0.0,0.0,0.0,360,0.0,0.0,-0.0,-597.5,2014-04-03,pass,"counterfactual_common_baseline_relative=max(0,final_yield-null)-I-5N"
SY,Shenyang,2014,MaskablePPO,,,official_extension_expert,2014,94,4,0.0,12.0,-1.7,0.0,0.0,0.0,0.0,0.0,357,0.0,0.0,-0.0,-597.5,2014-04-04,pass,"counterfactual_common_baseline_relative=max(0,final_yield-null)-I-5N"
SY,Shenyang,2014,MaskablePPO,,,official_extension_expert,2014,95,5,0.0,8.3,-2.3,0.0,0.0,0.0,0.0,0.0,354,0.0,0.0,-0.0,-597.5,2014-04-05,pass,"counterfactual_common_baseline_relative=max(0,final_yield-null)-I-5N"
SY,Shenyang,2014,MaskablePPO,,,official_extension_expert,2014,96,6,0.0,19.8,-2.0,0.0,0.0,0.0,0.0,0.0,352,0.0,0.0,-0.0,-597.5,2014-04-06,pass,"counterfactual_common_baseline_relative=max(0,final_yield-null)-I-5N"
SY,Shenyang,2014,MaskablePPO,,,official_extension_expert,2014,97,7,0.0,22.3,2.9,0.0,0.0,0.0,0.0,0.0,350,0.0,0.0,-0.0,-597.5,2014-04-07,pass,"counterfactual_common_baseline_relative=max(0,final_yield-null)-I-5N"
SY,Shenyang,2014,MaskablePPO,,,official_extension_expert,2014,98,8,0.0,22.7,1.9,0.0,0.0,0.0,0.0,0.0,348,0.0,0.0,-0.0,-597.5,2014-04-08,pass,"counterfactual_common_baseline_relative=max(0,final_yield-null)-I-5N"
SY,Shenyang,2014,MaskablePPO,,,official_extension_expert,2014,99,9,0.0,16.0,10.8,0.0,0.0,0.0,0.0,0.0,347,0.0,0.0,-0.0,-597.5,2014-04-09,pass,"counterfactual_common_baseline_relative=max(0,final_yield-null)-I-5N"
SY,Shenyang,2014,MaskablePPO,,,official_extension_expert,2014,100,10,0.0,18.3,2.8,0.0,0.0,0.0,0.0,0.0,345,0.0,0.0,-0.0,-597.5,2014-04-10,pass,"counterfactual_common_baseline_relative=max(0,final_yield-null)-I-5N"
SY,Shenyang,2014,MaskablePPO,,,official_extension_expert,2014,101,11,0.0,20.5,1.0,0.0,0.0,0.0,0.0,0.0,344,0.0,0.0,-0.0,-597.5,2014-04-11,pass,"counterfactual_common_baseline_relative=max(0,final_yield-null)-I-5N"
SY,Shenyang,2014,MaskablePPO,,,official_extension_expert,2014,102,12,0.0,21.6,3.5,0.0,0.0,0.0,0.0,0.0,343,0.0,0.0,-0.0,-597.5,2014-04-12,pass,"counterfactual_common_baseline_relative=max(0,final_yield-null)-I-5N"
SY,Shenyang,2014,MaskablePPO,,,official_extension_expert,2014,103,13,0.0,23.2,2.9,0.0,0.0,0.0,0.0,0.0,341,0.0,0.0,-0.0,-597.5,2014-04-13,pass,"counterfactual_common_baseline_relative=max(0,final_yield-null)-I-5N"
SY,Shenyang,2014,MaskablePPO,,,official_extension_expert,2014,104,14,0.0,24.7,4.4,0.0,0.0,0.0,0.0,0.0,340,0.0,0.0,-0.0,-597.5,2014-04-14,pass,"counterfactual_common_baseline_relative=max(0,final_yield-null)-I-5N"
SY,Shenyang,2014,MaskablePPO,,,official_extension_expert,2014,105,15,0.0,18.6,8.9,0.0,0.0,0.0,0.0,0.0,339,0.0,0.0,-0.0,-597.5,2014-04-15,pass,"counterfactual_common_baseline_relative=max(0,final_yield-null)-I-5N"
SY,Shenyang,2014,MaskablePPO,,,official_extension_expert,2014,106,16,0.0,23.6,-0.1,0.0,0.0,0.0,0.0,0.0,338,0.0,0.0,-0.0,-597.5,2014-04-16,pass,"counterfactual_common_baseline_relative=max(0,final_yield-null)-I-5N"
SY,Shenyang,2014,MaskablePPO,,,official_extension_expert,2014,107,17,0.0,19.0,8.4,0.0,0.0,0.0,0.0,0.0,337,0.0,0.0,-0.0,-597.5,2014-04-17,pass,"counterfactual_common_baseline_relative=max(0,final_yield-null)-I-5N"
SY,Shenyang,2014,MaskablePPO,,,official_extension_expert,2014,108,18,0.0,18.4,8.7,0.0,0.0,0.0,0.0,0.0,336,0.0,0.0,-0.0,-597.5,2014-04-18,pass,"counterfactual_common_baseline_relative=max(0,final_yield-null)-I-5N"
SY,Shenyang,2014,MaskablePPO,,,official_extension_expert,2014,109,19,0.0,19.9,4.0,0.0,0.0,0.0,0.0,0.0,336,0.0,0.0,-0.0,-597.5,2014-04-19,pass,"counterfactual_common_baseline_relative=max(0,final_yield-null)-I-5N"
SY,Shenyang,2014,MaskablePPO,,,official_extension_expert,2014,110,20,0.0,18.8,9.8,0.0,0.0,0.0,0.0,0.0,335,0.0,0.0,-0.0,-597.5,2014-04-20,pass,"counterfactual_common_baseline_relative=max(0,final_yield-null)-I-5N"
SY,Shenyang,2014,MaskablePPO,,,official_extension_expert,2014,111,21,0.0,21.8,3.8,0.0,0.0,0.0,0.0,0.0,334,0.0,0.0,-0.0,-597.5,2014-04-21,pass,"counterfactual_common_baseline_relative=max(0,final_yield-null)-I-5N"
SY,Shenyang,2014,MaskablePPO,,,official_extension_expert,2014,112,22,0.0,25.1,8.5,1.0,0.0,0.0,0.0,0.0,333,0.0,0.0,-0.0,-597.5,2014-04-22,pass,"counterfactual_common_baseline_relative=max(0,final_yield-null)-I-5N"
SY,Shenyang,2014,MaskablePPO,,,official_extension_expert,2014,113,23,0.0,26.6,11.5,2.0,0.0,0.0,0.0,0.0,333,0.0,0.0,-0.0,-597.5,2014-04-23,pass,"counterfactual_common_baseline_relative=max(0,final_yield-null)-I-5N"
SY,Shenyang,2014,MaskablePPO,,,official_extension_expert,2014,114,24,0.0,24.6,14.6,3.0,0.0,0.0,0.0,0.0,332,0.0,0.0,-0.0,-597.5,2014-04-24,pass,"counterfactual_common_baseline_relative=max(0,final_yield-null)-I-5N"
SY,Shenyang,2014,MaskablePPO,,,official_extension_expert,2014,115,25,0.0,27.3,12.9,4.0,0.0,0.0,0.0,0.0,332,0.0,0.0,-0.0,-597.5,2014-04-25,pass,"counterfactual_common_baseline_relative=max(0,final_yield-null)-I-5N"
SY,Shenyang,2014,MaskablePPO,,,official_extension_expert,2014,116,26,0.0,21.0,14.3,5.0,0.0,0.0,0.0,0.0,331,0.0,0.0,-0.0,-597.5,2014-04-26,pass,"counterfactual_common_baseline_relative=max(0,final_yield-null)-I-5N"
SY,Shenyang,2014,MaskablePPO,,,official_extension_expert,2014,117,27,0.0,20.7,8.6,6.0,0.0,0.0,0.0,0.0,331,0.0,0.0,-0.0,-597.5,2014-04-27,pass,"counterfactual_common_baseline_relative=max(0,final_yield-null)-I-5N"
SY,Shenyang,2014,MaskablePPO,,,official_extension_expert,2014,118,28,0.0,24.4,7.0,7.0,0.0,0.0,0.0,0.0,330,0.0,0.0,-0.0,-597.5,2014-04-28,pass,"counterfactual_common_baseline_relative=max(0,final_yield-null)-I-5N"
SY,Shenyang,2014,MaskablePPO,,,official_extension_expert,2014,119,29,0.0,26.1,5.6,8.0,0.0,0.0,0.0,0.0,330,0.0,0.0,-0.0,-597.5,2014-04-29,pass,"counterfactual_common_baseline_relative=max(0,final_yield-null)-I-5N"
SY,Shenyang,2014,MaskablePPO,,,official_extension_expert,2014,120,30,0.0,28.2,9.4,9.0,0.0,19.0,0.0,0.012,329,0.0,0.0,-0.0,-597.5,2014-04-30,pass,"counterfactual_common_baseline_relative=max(0,final_yield-null)-I-5N"
SY,Shenyang,2014,MaskablePPO,,,official_extension_expert,2014,121,31,0.0,28.3,15.1,10.0,0.0,19.0,0.0,0.011,329,0.0,0.0,-0.0,-597.5,2014-05-01,pass,"counterfactual_common_baseline_relative=max(0,final_yield-null)-I-5N"
SY,Shenyang,2014,MaskablePPO,,,official_extension_expert,2014,122,32,9.0,22.2,6.1,11.0,0.0,19.0,0.0,0.009,337,0.0,0.0,-0.0,-597.5,2014-05-02,pass,"counterfactual_common_baseline_relative=max(0,final_yield-null)-I-5N"
SY,Shenyang,2014,MaskablePPO,,,official_extension_expert,2014,123,33,0.0,22.3,1.7,12.0,0.0,19.0,0.0,0.007,336,0.0,0.0,-0.0,-597.5,2014-05-03,pass,"counterfactual_common_baseline_relative=max(0,final_yield-null)-I-5N"
SY,Shenyang,2014,MaskablePPO,,,official_extension_expert,2014,124,34,13.0,15.0,5.4,13.0,0.0,19.0,0.0,0.006,347,0.0,0.0,-0.0,-597.5,2014-05-04,pass,"counterfactual_common_baseline_relative=max(0,final_yield-null)-I-5N"
SY,Shenyang,2014,MaskablePPO,,,official_extension_expert,2014,125,35,0.0,14.5,1.8,14.0,0.0,19.0,0.0,0.005,343,0.0,0.0,-0.0,-597.5,2014-05-05,pass,"counterfactual_common_baseline_relative=max(0,final_yield-null)-I-5N"
SY,Shenyang,2014,MaskablePPO,,,official_extension_expert,2014,126,36,0.0,19.5,6.2,15.0,0.0,19.0,0.0,0.003,341,0.0,0.0,-0.0,-597.5,2014-05-06,pass,"counterfactual_common_baseline_relative=max(0,final_yield-null)-I-5N"
SY,Shenyang,2014,MaskablePPO,,,official_extension_expert,2014,127,37,0.0,13.2,9.8,16.0,0.0,19.0,0.0,0.002,340,0.0,0.0,-0.0,-597.5,2014-05-07,pass,"counterfactual_common_baseline_relative=max(0,final_yield-null)-I-5N"
SY,Shenyang,2014,MaskablePPO,,,official_extension_expert,2014,128,38,0.0,20.7,4.0,17.0,0.0,19.0,0.0,0.0,338,0.0,0.0,-0.0,-597.5,2014-05-08,pass,"counterfactual_common_baseline_relative=max(0,final_yield-null)-I-5N"
SY,Shenyang,2014,MaskablePPO,,,official_extension_expert,2014,129,39,0.0,21.2,4.7,18.0,0.0,19.0,0.0,0.0,337,0.0,0.0,-0.0,-597.5,2014-05-09,pass,"counterfactual_common_baseline_relative=max(0,final_yield-null)-I-5N"
SY,Shenyang,2014,MaskablePPO,,,official_extension_expert,2014,130,40,0.0,26.2,7.3,19.0,0.0,19.0,0.0,0.0,336,0.0,0.0,-0.0,-597.5,2014-05-10,pass,"counterfactual_common_baseline_relative=max(0,final_yield-null)-I-5N"
SY,Shenyang,2014,MaskablePPO,,,official_extension_expert,2014,131,41,19.0,20.8,11.4,20.0,0.0,19.0,0.0,0.0,352,0.0,0.0,-0.0,-597.5,2014-05-11,pass,"counterfactual_common_baseline_relative=max(0,final_yield-null)-I-5N"
SY,Shenyang,2014,MaskablePPO,,,official_extension_expert,2014,132,42,0.0,18.3,11.0,21.0,0.0,19.0,0.0,0.0,349,0.0,0.0,-0.0,-597.5,2014-05-12,pass,"counterfactual_common_baseline_relative=max(0,final_yield-null)-I-5N"
SY,Shenyang,2014,MaskablePPO,,,official_extension_expert,2014,133,43,0.0,25.3,12.1,22.0,0.0,19.0,0.0,0.0,344,0.0,0.0,-0.0,-597.5,2014-05-13,pass,"counterfactual_common_baseline_relative=max(0,final_yield-null)-I-5N"
SY,Shenyang,2014,MaskablePPO,,,official_extension_expert,2014,134,44,0.0,22.0,11.4,23.0,0.0,19.0,0.0,0.0,340,0.0,0.0,-0.0,-597.5,2014-05-14,pass,"counterfactual_common_baseline_relative=max(0,final_yield-null)-I-5N"
SY,Shenyang,2014,MaskablePPO,,,official_extension_expert,2014,135,45,0.0,22.4,9.9,24.0,0.0,19.0,0.0,0.0,338,0.0,0.0,-0.0,-597.5,2014-05-15,pass,"counterfactual_common_baseline_relative=max(0,final_yield-null)-I-5N"
SY,Shenyang,2014,MaskablePPO,,,official_extension_expert,2014,136,46,0.0,24.8,8.5,25.0,0.0,20.0,0.0,0.0,337,0.0,0.0,-0.0,-597.5,2014-05-16,pass,"counterfactual_common_baseline_relative=max(0,final_yield-null)-I-5N"
SY,Shenyang,2014,MaskablePPO,,,official_extension_expert,2014,137,47,0.0,24.9,9.4,26.0,0.0,23.0,0.0,0.0,335,0.0,0.0,-0.0,-597.5,2014-05-17,pass,"counterfactual_common_baseline_relative=max(0,final_yield-null)-I-5N"
SY,Shenyang,2014,MaskablePPO,,,official_extension_expert,2014,138,48,0.0,27.4,13.6,27.0,0.0,28.0,0.0,0.0,334,0.0,0.0,-0.0,-597.5,2014-05-18,pass,"counterfactual_common_baseline_relative=max(0,final_yield-null)-I-5N"
SY,Shenyang,2014,MaskablePPO,,,official_extension_expert,2014,139,49,0.0,22.3,14.6,28.0,0.0,32.0,0.0,0.0,333,0.0,0.0,-0.0,-597.5,2014-05-19,pass,"counterfactual_common_baseline_relative=max(0,final_yield-null)-I-5N"
SY,Shenyang,2014,MaskablePPO,,,official_extension_expert,2014,140,50,15.6,19.1,13.1,29.0,0.0,36.0,0.0,0.0,343,0.0,0.0,-0.0,-597.5,2014-05-20,pass,"counterfactual_common_baseline_relative=max(0,final_yield-null)-I-5N"
SY,Shenyang,2014,MaskablePPO,,,official_extension_expert,2014,141,51,19.0,28.7,13.1,30.0,0.0,43.0,0.0,0.0,396,45.0,34.0,-215.0,-812.5,2014-05-21,pass,"counterfactual_common_baseline_relative=max(0,final_yield-null)-I-5N"
SY,Shenyang,2014,MaskablePPO,,,official_extension_expert,2014,142,52,0.0,31.7,9.7,31.0,0.0,50.0,0.0,0.0,389,0.0,0.0,-0.0,-812.5,2014-05-22,pass,"counterfactual_common_baseline_relative=max(0,final_yield-null)-I-5N"
SY,Shenyang,2014,MaskablePPO,,,official_extension_expert,2014,143,53,0.0,30.6,20.0,32.0,0.0,59.0,0.0,0.0,385,0.0,0.0,-0.0,-812.5,2014-05-23,pass,"counterfactual_common_baseline_relative=max(0,final_yield-null)-I-5N"
SY,Shenyang,2014,MaskablePPO,,,official_extension_expert,2014,144,54,0.0,25.8,17.2,33.0,0.0,67.0,0.0,0.0,381,0.0,0.0,-0.0,-812.5,2014-05-24,pass,"counterfactual_common_baseline_relative=max(0,final_yield-null)-I-5N"
SY,Shenyang,2014,MaskablePPO,,,official_extension_expert,2014,145,55,11.4,19.8,16.4,34.0,0.0,69.0,0.0,0.0,390,0.0,0.0,-0.0,-812.5,2014-05-25,pass,"counterfactual_common_baseline_relative=max(0,final_yield-null)-I-5N"
SY,Shenyang,2014,MaskablePPO,,,official_extension_expert,2014,146,56,0.0,27.6,14.0,35.0,0.0,80.0,0.0,0.002,382,0.0,0.0,-0.0,-812.5,2014-05-26,pass,"counterfactual_common_baseline_relative=max(0,final_yield-null)-I-5N"
SY,Shenyang,2014,MaskablePPO,,,official_extension_expert,2014,147,57,0.0,31.3,11.7,36.0,0.0,95.0,0.0,0.0,376,0.0,0.0,-0.0,-812.5,2014-05-27,pass,"counterfactual_common_baseline_relative=max(0,final_yield-null)-I-5N"
SY,Shenyang,2014,MaskablePPO,,,official_extension_expert,2014,148,58,0.0,29.4,17.0,37.0,0.0,114.0,0.0,0.0,371,0.0,0.0,-0.0,-812.5,2014-05-28,pass,"counterfactual_common_baseline_relative=max(0,final_yield-null)-I-5N"
SY,Shenyang,2014,MaskablePPO,,,official_extension_expert,2014,149,59,0.0,31.6,19.2,38.0,0.0,138.0,0.0,0.0,367,0.0,0.0,-0.0,-812.5,2014-05-29,pass,"counterfactual_common_baseline_relative=max(0,final_yield-null)-I-5N"
SY,Shenyang,2014,MaskablePPO,,,official_extension_expert,2014,150,60,0.0,33.9,15.9,39.0,0.0,166.0,0.0,0.0,363,0.0,0.0,-0.0,-812.5,2014-05-30,pass,"counterfactual_common_baseline_relative=max(0,final_yield-null)-I-5N"
SY,Shenyang,2014,MaskablePPO,,,official_extension_expert,2014,151,61,0.0,35.8,19.6,40.0,0.0,203.0,0.0,0.0,359,0.0,0.0,-0.0,-812.5,2014-05-31,pass,"counterfactual_common_baseline_relative=max(0,final_yield-null)-I-5N"
SY,Shenyang,2014,MaskablePPO,,,official_extension_expert,2014,152,62,0.0,32.1,21.0,41.0,0.0,240.0,0.0,0.0,356,0.0,0.0,-0.0,-812.5,2014-06-01,pass,"counterfactual_common_baseline_relative=max(0,final_yield-null)-I-5N"
SY,Shenyang,2014,MaskablePPO,,,official_extension_expert,2014,153,63,6.8,28.8,18.4,42.0,0.0,276.0,0.0,0.0,359,0.0,0.0,-0.0,-812.5,2014-06-02,pass,"counterfactual_common_baseline_relative=max(0,final_yield-null)-I-5N"
SY,Shenyang,2014,MaskablePPO,,,official_extension_expert,2014,154,64,0.0,30.2,17.0,43.0,0.0,316.0,0.0,0.0,355,0.0,0.0,-0.0,-812.5,2014-06-03,pass,"counterfactual_common_baseline_relative=max(0,final_yield-null)-I-5N"
SY,Shenyang,2014,MaskablePPO,,,official_extension_expert,2014,155,65,0.0,30.4,19.1,44.0,0.0,364.0,0.0,0.0,350,0.0,0.0,-0.0,-812.5,2014-06-04,pass,"counterfactual_common_baseline_relative=max(0,final_yield-null)-I-5N"
SY,Shenyang,2014,MaskablePPO,,,official_extension_expert,2014,156,66,0.0,30.2,21.6,45.0,0.0,418.0,0.0,0.0,347,0.0,0.0,-0.0,-812.5,2014-06-05,pass,"counterfactual_common_baseline_relative=max(0,final_yield-null)-I-5N"
SY,Shenyang,2014,MaskablePPO,,,official_extension_expert,2014,157,67,0.0,27.4,19.5,46.0,0.0,468.0,0.0,0.0,343,0.0,0.0,-0.0,-812.5,2014-06-06,pass,"counterfactual_common_baseline_relative=max(0,final_yield-null)-I-5N"
SY,Shenyang,2014,MaskablePPO,,,official_extension_expert,2014,158,68,0.0,23.4,17.9,47.0,0.0,512.0,0.0,0.0,341,0.0,0.0,-0.0,-812.5,2014-06-07,pass,"counterfactual_common_baseline_relative=max(0,final_yield-null)-I-5N"
SY,Shenyang,2014,MaskablePPO,,,official_extension_expert,2014,159,69,8.7,24.5,16.2,48.0,0.0,558.0,0.0,0.0,346,0.0,0.0,-0.0,-812.5,2014-06-08,pass,"counterfactual_common_baseline_relative=max(0,final_yield-null)-I-5N"
SY,Shenyang,2014,MaskablePPO,,,official_extension_expert,2014,160,70,2.2,25.5,16.2,49.0,0.0,617.0,0.0,0.0,344,0.0,0.0,-0.0,-812.5,2014-06-09,pass,"counterfactual_common_baseline_relative=max(0,final_yield-null)-I-5N"
SY,Shenyang,2014,MaskablePPO,,,official_extension_expert,2014,161,71,0.0,26.0,16.4,50.0,0.0,680.0,0.0,0.0,388,50.0,68.0,-390.0,-1202.5,2014-06-10,pass,"counterfactual_common_baseline_relative=max(0,final_yield-null)-I-5N"
SY,Shenyang,2014,MaskablePPO,,,official_extension_expert,2014,162,72,0.0,25.6,14.1,51.0,0.0,738.0,0.0,0.0,390,6.2,0.0,-6.2,-1208.7,2014-06-11,pass,"counterfactual_common_baseline_relative=max(0,final_yield-null)-I-5N"
SY,Shenyang,2014,MaskablePPO,,,official_extension_expert,2014,163,73,0.0,27.7,15.0,52.0,0.0,779.0,0.0,0.0,381,0.0,0.0,-0.0,-1208.7,2014-06-12,pass,"counterfactual_common_baseline_relative=max(0,final_yield-null)-I-5N"
SY,Shenyang,2014,MaskablePPO,,,official_extension_expert,2014,164,74,0.0,28.0,16.0,53.0,0.0,836.0,0.0,0.0,374,0.0,0.0,-0.0,-1208.7,2014-06-13,pass,"counterfactual_common_baseline_relative=max(0,final_yield-null)-I-5N"
SY,Shenyang,2014,MaskablePPO,,,official_extension_expert,2014,165,75,0.0,31.1,14.7,54.0,0.0,908.0,0.0,0.0,365,0.0,0.0,-0.0,-1208.7,2014-06-14,pass,"counterfactual_common_baseline_relative=max(0,final_yield-null)-I-5N"
SY,Shenyang,2014,MaskablePPO,,,official_extension_expert,2014,166,76,0.0,32.3,19.3,55.0,0.0,1006.0,0.0,0.0,358,0.0,0.0,-0.0,-1208.7,2014-06-15,pass,"counterfactual_common_baseline_relative=max(0,final_yield-null)-I-5N"
SY,Shenyang,2014,MaskablePPO,,,official_extension_expert,2014,167,77,0.0,30.7,19.4,56.0,0.0,1107.0,0.0,0.0,353,0.0,0.0,-0.0,-1208.7,2014-06-16,pass,"counterfactual_common_baseline_relative=max(0,final_yield-null)-I-5N"
SY,Shenyang,2014,MaskablePPO,,,official_extension_expert,2014,168,78,5.7,27.9,18.7,57.0,0.0,1202.0,0.0,0.0,357,0.0,0.0,-0.0,-1208.7,2014-06-17,pass,"counterfactual_common_baseline_relative=max(0,final_yield-null)-I-5N"
SY,Shenyang,2014,MaskablePPO,,,official_extension_expert,2014,169,79,9.4,25.0,16.7,58.0,0.0,1287.0,0.0,0.0,364,0.0,0.0,-0.0,-1208.7,2014-06-18,pass,"counterfactual_common_baseline_relative=max(0,final_yield-null)-I-5N"
SY,Shenyang,2014,MaskablePPO,,,official_extension_expert,2014,170,80,0.0,27.4,16.7,59.0,0.0,1385.0,0.0,0.0,358,0.0,0.0,-0.0,-1208.7,2014-06-19,pass,"counterfactual_common_baseline_relative=max(0,final_yield-null)-I-5N"
SY,Shenyang,2014,MaskablePPO,,,official_extension_expert,2014,171,81,2.6,27.1,17.8,60.0,0.0,1492.0,0.0,0.0,358,0.0,0.0,-0.0,-1208.7,2014-06-20,pass,"counterfactual_common_baseline_relative=max(0,final_yield-null)-I-5N"
SY,Shenyang,2014,MaskablePPO,,,official_extension_expert,2014,172,82,0.0,28.0,18.0,61.0,0.0,1609.0,0.0,0.0,352,0.0,0.0,-0.0,-1208.7,2014-06-21,pass,"counterfactual_common_baseline_relative=max(0,final_yield-null)-I-5N"
SY,Shenyang,2014,MaskablePPO,,,official_extension_expert,2014,173,83,38.3,27.8,15.9,62.0,0.0,1721.0,0.0,0.0,374,0.0,0.0,-0.0,-1208.7,2014-06-22,pass,"counterfactual_common_baseline_relative=max(0,final_yield-null)-I-5N"
SY,Shenyang,2014,MaskablePPO,,,official_extension_expert,2014,174,84,0.0,29.4,15.3,63.0,0.0,1844.0,0.0,0.0,367,0.0,0.0,-0.0,-1208.7,2014-06-23,pass,"counterfactual_common_baseline_relative=max(0,final_yield-null)-I-5N"
SY,Shenyang,2014,MaskablePPO,,,official_extension_expert,2014,175,85,0.0,31.1,16.2,64.0,0.0,1969.0,0.0,0.0,360,0.0,0.0,-0.0,-1208.7,2014-06-24,pass,"counterfactual_common_baseline_relative=max(0,final_yield-null)-I-5N"
SY,Shenyang,2014,MaskablePPO,,,official_extension_expert,2014,176,86,0.0,30.0,20.2,65.0,0.0,2088.0,0.0,0.0,404,50.0,26.0,-180.0,-1388.7,2014-06-25,pass,"counterfactual_common_baseline_relative=max(0,final_yield-null)-I-5N"
SY,Shenyang,2014,MaskablePPO,,,official_extension_expert,2014,177,87,0.0,25.3,20.8,66.0,0.0,2195.0,0.0,0.0,408,6.2,0.0,-6.2,-1394.9,2014-06-26,pass,"counterfactual_common_baseline_relative=max(0,final_yield-null)-I-5N"
SY,Shenyang,2014,MaskablePPO,,,official_extension_expert,2014,178,88,3.4,24.6,19.8,67.0,0.0,2252.0,0.0,0.0,409,0.0,0.0,-0.0,-1394.9,2014-06-27,pass,"counterfactual_common_baseline_relative=max(0,final_yield-null)-I-5N"
SY,Shenyang,2014,MaskablePPO,,,official_extension_expert,2014,179,89,15.6,26.6,17.2,68.0,0.0,2310.0,0.0,0.0,418,0.0,0.0,-0.0,-1394.9,2014-06-28,pass,"counterfactual_common_baseline_relative=max(0,final_yield-null)-I-5N"
SY,Shenyang,2014,MaskablePPO,,,official_extension_expert,2014,180,90,0.0,29.3,18.5,69.0,0.0,2388.0,0.0,0.0,409,0.0,0.0,-0.0,-1394.9,2014-06-29,pass,"counterfactual_common_baseline_relative=max(0,final_yield-null)-I-5N"
SY,Shenyang,2014,MaskablePPO,,,official_extension_expert,2014,181,91,0.0,32.3,18.9,70.0,0.0,2511.0,0.0,0.0,399,0.0,0.0,-0.0,-1394.9,2014-06-30,pass,"counterfactual_common_baseline_relative=max(0,final_yield-null)-I-5N"
SY,Shenyang,2014,MaskablePPO,,,official_extension_expert,2014,182,92,0.0,30.7,20.6,71.0,0.0,2680.0,0.0,0.0,391,0.0,0.0,-0.0,-1394.9,2014-07-01,pass,"counterfactual_common_baseline_relative=max(0,final_yield-null)-I-5N"
SY,Shenyang,2014,MaskablePPO,,,official_extension_expert,2014,183,93,0.0,30.9,18.5,72.0,0.0,3085.0,0.0,0.0,382,0.0,0.0,-0.0,-1394.9,2014-07-02,pass,"counterfactual_common_baseline_relative=max(0,final_yield-null)-I-5N"
SY,Shenyang,2014,MaskablePPO,,,official_extension_expert,2014,184,94,0.0,27.8,20.8,73.0,0.0,3331.0,0.0,0.0,377,0.0,0.0,-0.0,-1394.9,2014-07-03,pass,"counterfactual_common_baseline_relative=max(0,final_yield-null)-I-5N"
SY,Shenyang,2014,MaskablePPO,,,official_extension_expert,2014,185,95,0.0,30.3,21.7,74.0,0.0,3610.0,0.0,0.0,370,0.0,0.0,-0.0,-1394.9,2014-07-04,pass,"counterfactual_common_baseline_relative=max(0,final_yield-null)-I-5N"
SY,Shenyang,2014,MaskablePPO,,,official_extension_expert,2014,186,96,0.0,31.5,20.1,75.0,0.0,3867.0,0.0,0.0,362,0.0,0.0,-0.0,-1394.9,2014-07-05,pass,"counterfactual_common_baseline_relative=max(0,final_yield-null)-I-5N"
SY,Shenyang,2014,MaskablePPO,,,official_extension_expert,2014,187,97,0.0,29.7,20.6,76.0,0.0,4103.0,0.0,0.0,355,0.0,0.0,-0.0,-1394.9,2014-07-06,pass,"counterfactual_common_baseline_relative=max(0,final_yield-null)-I-5N"
SY,Shenyang,2014,MaskablePPO,,,official_extension_expert,2014,188,98,0.0,30.7,19.3,77.0,0.0,4330.0,0.0,0.0,349,0.0,0.0,-0.0,-1394.9,2014-07-07,pass,"counterfactual_common_baseline_relative=max(0,final_yield-null)-I-5N"
SY,Shenyang,2014,MaskablePPO,,,official_extension_expert,2014,189,99,0.0,28.4,20.6,78.0,0.0,4492.0,0.0,0.0,347,0.0,0.0,-0.0,-1394.9,2014-07-08,pass,"counterfactual_common_baseline_relative=max(0,final_yield-null)-I-5N"
SY,Shenyang,2014,MaskablePPO,,,official_extension_expert,2014,190,100,2.5,30.3,20.8,79.0,0.0,4715.0,0.0,0.0,344,0.0,0.0,-0.0,-1394.9,2014-07-09,pass,"counterfactual_common_baseline_relative=max(0,final_yield-null)-I-5N"
SY,Shenyang,2014,MaskablePPO,,,official_extension_expert,2014,191,101,0.0,30.1,16.1,80.0,0.0,4904.0,0.0,0.0,337,0.0,0.0,-0.0,-1394.9,2014-07-10,pass,"counterfactual_common_baseline_relative=max(0,final_yield-null)-I-5N"
SY,Shenyang,2014,MaskablePPO,,,official_extension_expert,2014,192,102,0.0,29.1,18.2,81.0,0.0,5097.0,0.0,0.0,331,0.0,0.0,-0.0,-1394.9,2014-07-11,pass,"counterfactual_common_baseline_relative=max(0,final_yield-null)-I-5N"
SY,Shenyang,2014,MaskablePPO,,,official_extension_expert,2014,193,103,0.0,30.1,17.2,82.0,0.0,5288.0,0.0,0.0,326,0.0,0.0,-0.0,-1394.9,2014-07-12,pass,"counterfactual_common_baseline_relative=max(0,final_yield-null)-I-5N"
SY,Shenyang,2014,MaskablePPO,,,official_extension_expert,2014,194,104,0.0,30.7,17.6,83.0,0.0,5485.0,0.0,0.0,320,0.0,0.0,-0.0,-1394.9,2014-07-13,pass,"counterfactual_common_baseline_relative=max(0,final_yield-null)-I-5N"
SY,Shenyang,2014,MaskablePPO,,,official_extension_expert,2014,195,105,0.0,33.3,18.3,84.0,0.0,5702.0,0.0,0.0,314,0.0,0.0,-0.0,-1394.9,2014-07-14,pass,"counterfactual_common_baseline_relative=max(0,final_yield-null)-I-5N"
SY,Shenyang,2014,MaskablePPO,,,official_extension_expert,2014,196,106,0.0,31.1,21.7,85.0,0.0,5927.0,0.0,0.0,350,41.2,34.0,-211.2,-1606.1000000000001,2014-07-15,pass,"counterfactual_common_baseline_relative=max(0,final_yield-null)-I-5N"
SY,Shenyang,2014,MaskablePPO,,,official_extension_expert,2014,197,107,18.6,30.3,19.0,86.0,0.0,6131.0,0.0,0.0,360,0.0,0.0,-0.0,-1606.1000000000001,2014-07-16,pass,"counterfactual_common_baseline_relative=max(0,final_yield-null)-I-5N"
SY,Shenyang,2014,MaskablePPO,,,official_extension_expert,2014,198,108,20.8,29.2,19.4,87.0,0.0,6281.0,0.0,0.0,372,0.0,0.0,-0.0,-1606.1000000000001,2014-07-17,pass,"counterfactual_common_baseline_relative=max(0,final_yield-null)-I-5N"
SY,Shenyang,2014,MaskablePPO,,,official_extension_expert,2014,199,109,0.0,29.9,22.0,88.0,0.0,6442.0,0.0,0.0,368,0.0,0.0,-0.0,-1606.1000000000001,2014-07-18,pass,"counterfactual_common_baseline_relative=max(0,final_yield-null)-I-5N"
SY,Shenyang,2014,MaskablePPO,,,official_extension_expert,2014,200,110,0.0,32.0,24.0,89.0,0.0,6687.0,0.0,0.0,364,0.0,0.0,-0.0,-1606.1000000000001,2014-07-19,pass,"counterfactual_common_baseline_relative=max(0,final_yield-null)-I-5N"
SY,Shenyang,2014,MaskablePPO,,,official_extension_expert,2014,201,111,0.0,32.4,24.7,90.0,0.0,7010.0,0.0,0.0,359,0.0,0.0,-0.0,-1606.1000000000001,2014-07-20,pass,"counterfactual_common_baseline_relative=max(0,final_yield-null)-I-5N"
SY,Shenyang,2014,MaskablePPO,,,official_extension_expert,2014,202,112,35.8,29.5,21.5,91.0,0.0,7078.0,0.0,0.0,381,0.0,0.0,-0.0,-1606.1000000000001,2014-07-21,pass,"counterfactual_common_baseline_relative=max(0,final_yield-null)-I-5N"
SY,Shenyang,2014,MaskablePPO,,,official_extension_expert,2014,203,113,0.0,28.0,19.6,92.0,0.0,7275.0,0.0,0.0,378,0.0,0.0,-0.0,-1606.1000000000001,2014-07-22,pass,"counterfactual_common_baseline_relative=max(0,final_yield-null)-I-5N"
SY,Shenyang,2014,MaskablePPO,,,official_extension_expert,2014,204,114,0.0,30.4,21.7,93.0,0.0,7596.0,0.0,0.0,373,0.0,0.0,-0.0,-1606.1000000000001,2014-07-23,pass,"counterfactual_common_baseline_relative=max(0,final_yield-null)-I-5N"
SY,Shenyang,2014,MaskablePPO,,,official_extension_expert,2014,205,115,0.0,29.7,20.5,94.0,0.0,7823.0,0.0,0.0,370,0.0,0.0,-0.0,-1606.1000000000001,2014-07-24,pass,"counterfactual_common_baseline_relative=max(0,final_yield-null)-I-5N"
SY,Shenyang,2014,MaskablePPO,,,official_extension_expert,2014,206,116,0.0,25.3,19.1,95.0,0.0,7902.0,0.0,0.0,368,0.0,0.0,-0.0,-1606.1000000000001,2014-07-25,pass,"counterfactual_common_baseline_relative=max(0,final_yield-null)-I-5N"
SY,Shenyang,2014,MaskablePPO,,,official_extension_expert,2014,207,117,0.0,27.9,18.1,96.0,0.0,8256.0,0.0,0.0,363,0.0,0.0,-0.0,-1606.1000000000001,2014-07-26,pass,"counterfactual_common_baseline_relative=max(0,final_yield-null)-I-5N"
SY,Shenyang,2014,MaskablePPO,,,official_extension_expert,2014,208,118,0.0,30.5,16.4,97.0,0.0,8604.0,0.0,0.0,358,0.0,0.0,-0.0,-1606.1000000000001,2014-07-27,pass,"counterfactual_common_baseline_relative=max(0,final_yield-null)-I-5N"
SY,Shenyang,2014,MaskablePPO,,,official_extension_expert,2014,209,119,0.0,30.2,18.9,98.0,0.0,8905.0,0.0,0.0,353,0.0,0.0,-0.0,-1606.1000000000001,2014-07-28,pass,"counterfactual_common_baseline_relative=max(0,final_yield-null)-I-5N"
SY,Shenyang,2014,MaskablePPO,,,official_extension_expert,2014,210,120,0.0,29.6,21.3,99.0,301.0,9206.0,0.0,0.0,349,0.0,0.0,-0.0,-1606.1000000000001,2014-07-29,pass,"counterfactual_common_baseline_relative=max(0,final_yield-null)-I-5N"
SY,Shenyang,2014,MaskablePPO,,,official_extension_expert,2014,211,121,0.0,27.7,18.7,100.0,603.0,9472.0,0.0,0.0,346,0.0,0.0,-0.0,-1606.1000000000001,2014-07-30,pass,"counterfactual_common_baseline_relative=max(0,final_yield-null)-I-5N"
SY,Shenyang,2014,MaskablePPO,,,official_extension_expert,2014,212,122,0.0,31.2,18.1,101.0,904.0,9809.0,0.0,0.0,341,0.0,0.0,-0.0,-1606.1000000000001,2014-07-31,pass,"counterfactual_common_baseline_relative=max(0,final_yield-null)-I-5N"
SY,Shenyang,2014,MaskablePPO,,,official_extension_expert,2014,213,123,0.0,32.4,23.7,102.0,1166.0,10071.0,0.0,0.0,336,0.0,0.0,-0.0,-1606.1000000000001,2014-08-01,pass,"counterfactual_common_baseline_relative=max(0,final_yield-null)-I-5N"
SY,Shenyang,2014,MaskablePPO,,,official_extension_expert,2014,214,124,0.0,33.9,22.2,103.0,1428.0,10332.0,0.0,0.0,330,0.0,0.0,-0.0,-1606.1000000000001,2014-08-02,pass,"counterfactual_common_baseline_relative=max(0,final_yield-null)-I-5N"
SY,Shenyang,2014,MaskablePPO,,,official_extension_expert,2014,215,125,0.0,32.8,21.8,104.0,1718.0,10622.0,0.0,0.0,325,0.0,0.0,-0.0,-1606.1000000000001,2014-08-03,pass,"counterfactual_common_baseline_relative=max(0,final_yield-null)-I-5N"
SY,Shenyang,2014,MaskablePPO,,,official_extension_expert,2014,216,126,0.0,29.3,21.5,105.0,2019.0,10924.0,0.0,0.0,321,0.0,0.0,-0.0,-1606.1000000000001,2014-08-04,pass,"counterfactual_common_baseline_relative=max(0,final_yield-null)-I-5N"
SY,Shenyang,2014,MaskablePPO,,,official_extension_expert,2014,217,127,0.0,29.6,16.1,106.0,2320.0,11225.0,0.0,0.0,316,0.0,0.0,-0.0,-1606.1000000000001,2014-08-05,pass,"counterfactual_common_baseline_relative=max(0,final_yield-null)-I-5N"
SY,Shenyang,2014,MaskablePPO,,,official_extension_expert,2014,218,128,0.0,29.5,18.4,107.0,2622.0,11526.0,0.0,0.0,311,0.0,0.0,-0.0,-1606.1000000000001,2014-08-06,pass,"counterfactual_common_baseline_relative=max(0,final_yield-null)-I-5N"
SY,Shenyang,2014,MaskablePPO,,,official_extension_expert,2014,219,129,0.0,29.5,15.6,108.0,2923.0,11828.0,0.0,0.0,305,0.0,0.0,-0.0,-1606.1000000000001,2014-08-07,pass,"counterfactual_common_baseline_relative=max(0,final_yield-null)-I-5N"
SY,Shenyang,2014,MaskablePPO,,,official_extension_expert,2014,220,130,0.0,30.8,15.0,109.0,3224.0,12129.0,0.0,0.0,300,0.0,0.0,-0.0,-1606.1000000000001,2014-08-08,pass,"counterfactual_common_baseline_relative=max(0,final_yield-null)-I-5N"
SY,Shenyang,2014,MaskablePPO,,,official_extension_expert,2014,221,131,0.0,30.8,17.1,110.0,3526.0,12431.0,0.0,0.0,325,30.0,26.0,-160.0,-1766.1000000000001,2014-08-09,pass,"counterfactual_common_baseline_relative=max(0,final_yield-null)-I-5N"
SY,Shenyang,2014,MaskablePPO,,,official_extension_expert,2014,222,132,0.0,29.9,17.3,111.0,3827.0,12732.0,0.0,0.0,321,0.0,0.0,-0.0,-1766.1000000000001,2014-08-10,pass,"counterfactual_common_baseline_relative=max(0,final_yield-null)-I-5N"
SY,Shenyang,2014,MaskablePPO,,,official_extension_expert,2014,223,133,0.0,29.8,17.8,112.0,4128.0,13033.0,0.0,0.0,317,0.0,0.0,-0.0,-1766.1000000000001,2014-08-11,pass,"counterfactual_common_baseline_relative=max(0,final_yield-null)-I-5N"
SY,Shenyang,2014,MaskablePPO,,,official_extension_expert,2014,224,134,0.0,29.7,17.2,113.0,4430.0,13335.0,0.0,0.0,311,0.0,0.0,-0.0,-1766.1000000000001,2014-08-12,pass,"counterfactual_common_baseline_relative=max(0,final_yield-null)-I-5N"
SY,Shenyang,2014,MaskablePPO,,,official_extension_expert,2014,225,135,0.0,30.8,14.2,114.0,4731.0,13636.0,0.0,0.0,306,0.0,0.0,-0.0,-1766.1000000000001,2014-08-13,pass,"counterfactual_common_baseline_relative=max(0,final_yield-null)-I-5N"
SY,Shenyang,2014,MaskablePPO,,,official_extension_expert,2014,226,136,5.0,28.4,17.6,115.0,5032.0,13899.0,0.0,0.0,308,0.0,0.0,-0.0,-1766.1000000000001,2014-08-14,pass,"counterfactual_common_baseline_relative=max(0,final_yield-null)-I-5N"
SY,Shenyang,2014,MaskablePPO,,,official_extension_expert,2014,227,137,0.0,29.3,18.4,116.0,5334.0,14224.0,0.0,0.0,304,0.0,0.0,-0.0,-1766.1000000000001,2014-08-15,pass,"counterfactual_common_baseline_relative=max(0,final_yield-null)-I-5N"
SY,Shenyang,2014,MaskablePPO,,,official_extension_expert,2014,228,138,0.0,30.3,18.9,117.0,5635.0,14540.0,0.0,0.0,299,0.0,0.0,-0.0,-1766.1000000000001,2014-08-16,pass,"counterfactual_common_baseline_relative=max(0,final_yield-null)-I-5N"
SY,Shenyang,2014,MaskablePPO,,,official_extension_expert,2014,229,139,25.8,30.5,18.0,118.0,5936.0,14811.0,0.0,0.0,314,0.0,0.0,-0.0,-1766.1000000000001,2014-08-17,pass,"counterfactual_common_baseline_relative=max(0,final_yield-null)-I-5N"
SY,Shenyang,2014,MaskablePPO,,,official_extension_expert,2014,230,140,0.0,28.8,18.3,119.0,6238.0,15056.0,0.0,0.0,311,0.0,0.0,-0.0,-1766.1000000000001,2014-08-18,pass,"counterfactual_common_baseline_relative=max(0,final_yield-null)-I-5N"
SY,Shenyang,2014,MaskablePPO,,,official_extension_expert,2014,231,141,0.0,30.6,17.2,120.0,6539.0,15400.0,0.0,0.0,306,0.0,0.0,-0.0,-1766.1000000000001,2014-08-19,pass,"counterfactual_common_baseline_relative=max(0,final_yield-null)-I-5N"
SY,Shenyang,2014,MaskablePPO,,,official_extension_expert,2014,232,142,0.0,32.6,18.3,121.0,6840.0,15745.0,0.0,0.0,301,0.0,0.0,-0.0,-1766.1000000000001,2014-08-20,pass,"counterfactual_common_baseline_relative=max(0,final_yield-null)-I-5N"
SY,Shenyang,2014,MaskablePPO,,,official_extension_expert,2014,233,143,0.0,27.9,19.7,122.0,7142.0,15954.0,0.0,0.0,298,0.0,0.0,-0.0,-1766.1000000000001,2014-08-21,pass,"counterfactual_common_baseline_relative=max(0,final_yield-null)-I-5N"
SY,Shenyang,2014,MaskablePPO,,,official_extension_expert,2014,234,144,0.0,31.3,19.9,123.0,7443.0,16260.0,0.0,0.0,294,0.0,0.0,-0.0,-1766.1000000000001,2014-08-22,pass,"counterfactual_common_baseline_relative=max(0,final_yield-null)-I-5N"
SY,Shenyang,2014,MaskablePPO,,,official_extension_expert,2014,235,145,3.5,27.2,20.7,124.0,7745.0,16424.0,0.0,0.0,296,0.0,0.0,-0.0,-1766.1000000000001,2014-08-23,pass,"counterfactual_common_baseline_relative=max(0,final_yield-null)-I-5N"
SY,Shenyang,2014,MaskablePPO,,,official_extension_expert,2014,236,146,5.6,28.6,19.5,125.0,8046.0,16652.0,0.0,0.0,298,0.0,0.0,-0.0,-1766.1000000000001,2014-08-24,pass,"counterfactual_common_baseline_relative=max(0,final_yield-null)-I-5N"
SY,Shenyang,2014,MaskablePPO,,,official_extension_expert,2014,237,147,0.0,24.2,19.6,126.0,8347.0,16781.0,0.0,0.0,296,0.0,0.0,-0.0,-1766.1000000000001,2014-08-25,pass,"counterfactual_common_baseline_relative=max(0,final_yield-null)-I-5N"
SY,Shenyang,2014,MaskablePPO,,,official_extension_expert,2014,238,148,0.0,29.4,17.3,127.0,8649.0,17132.0,0.0,0.0,291,0.0,0.0,-0.0,-1766.1000000000001,2014-08-26,pass,"counterfactual_common_baseline_relative=max(0,final_yield-null)-I-5N"
SY,Shenyang,2014,MaskablePPO,,,official_extension_expert,2014,239,149,0.0,30.5,15.5,128.0,8950.0,17472.0,0.0,0.0,286,0.0,0.0,-0.0,-1766.1000000000001,2014-08-27,pass,"counterfactual_common_baseline_relative=max(0,final_yield-null)-I-5N"
SY,Shenyang,2014,MaskablePPO,,,official_extension_expert,2014,240,150,0.0,29.5,17.7,129.0,9251.0,17770.0,0.0,0.0,282,0.0,0.0,-0.0,-1766.1000000000001,2014-08-28,pass,"counterfactual_common_baseline_relative=max(0,final_yield-null)-I-5N"
SY,Shenyang,2014,MaskablePPO,,,official_extension_expert,2014,241,151,0.0,30.2,17.0,130.0,9553.0,18071.0,0.0,0.0,277,0.0,0.0,-0.0,-1766.1000000000001,2014-08-29,pass,"counterfactual_common_baseline_relative=max(0,final_yield-null)-I-5N"
SY,Shenyang,2014,MaskablePPO,,,official_extension_expert,2014,242,152,0.0,30.6,15.5,131.0,9854.0,18402.0,0.0,0.0,272,0.0,0.0,-0.0,-1766.1000000000001,2014-08-30,pass,"counterfactual_common_baseline_relative=max(0,final_yield-null)-I-5N"
SY,Shenyang,2014,MaskablePPO,,,official_extension_expert,2014,243,153,0.0,31.1,16.4,132.0,10155.0,18687.0,0.0,0.0,268,0.0,0.0,-0.0,-1766.1000000000001,2014-08-31,pass,"counterfactual_common_baseline_relative=max(0,final_yield-null)-I-5N"
SY,Shenyang,2014,MaskablePPO,,,official_extension_expert,2014,244,154,0.0,30.8,15.8,133.0,10457.0,18993.0,0.0,0.0,263,0.0,0.0,-0.0,-1766.1000000000001,2014-09-01,pass,"counterfactual_common_baseline_relative=max(0,final_yield-null)-I-5N"
SY,Shenyang,2014,MaskablePPO,,,official_extension_expert,2014,245,155,0.0,29.4,17.1,134.0,10758.0,19224.0,0.0,0.0,260,0.0,0.0,-0.0,-1766.1000000000001,2014-09-02,pass,"counterfactual_common_baseline_relative=max(0,final_yield-null)-I-5N"
SY,Shenyang,2014,MaskablePPO,,,official_extension_expert,2014,246,156,0.0,24.8,15.1,135.0,11059.0,19440.0,0.0,0.0,256,0.0,0.0,-0.0,-1766.1000000000001,2014-09-03,pass,"counterfactual_common_baseline_relative=max(0,final_yield-null)-I-5N"
SY,Shenyang,2014,MaskablePPO,,,official_extension_expert,2014,247,157,23.2,28.4,12.4,136.0,11059.0,19440.0,0.0,0.0,271,0.0,0.0,-0.0,-1766.1000000000001,2014-09-04,pass,"counterfactual_common_baseline_relative=max(0,final_yield-null)-I-5N"
SY,Shenyang,2014,MaskablePPO,,,official_extension_expert,2014,248,158,0.0,27.2,10.3,137.0,11059.0,19440.0,0.0,0.0,266,0.0,0.0,-0.0,-1766.1000000000001,2014-09-05,pass,"counterfactual_common_baseline_relative=max(0,final_yield-null)-I-5N"
SY,Shenyang,2014,MaskablePPO,,,official_extension_expert,2014,249,159,0.0,30.4,12.9,138.0,11059.0,19440.0,0.0,0.0,262,0.0,0.0,-0.0,-1766.1000000000001,2014-09-06,pass,"counterfactual_common_baseline_relative=max(0,final_yield-null)-I-5N"
SY,Shenyang,2014,MaskablePPO,,,official_extension_expert,2014,250,160,0.0,29.2,14.9,139.0,11059.0,19440.0,0.0,0.0,258,0.0,0.0,5651.0,3884.8999999999996,2014-09-07,pass,"counterfactual_common_baseline_relative=max(0,final_yield-null)-I-5N"
SY,Shenyang,2014,MaskablePPO,0.0,120.0,rl_candidate,2014,91,1,0.0,19.2,6.1,0.0,0.0,0.0,0.0,0.0,331,0.0,0.0,-0.0,-0.0,2014-04-01,pass,"counterfactual_common_baseline_relative=max(0,final_yield-null)-I-5N"
SY,Shenyang,2014,MaskablePPO,0.0,120.0,rl_candidate,2014,92,2,0.0,13.4,6.9,0.0,0.0,0.0,0.0,0.0,328,0.0,0.0,-0.0,-0.0,2014-04-02,pass,"counterfactual_common_baseline_relative=max(0,final_yield-null)-I-5N"
SY,Shenyang,2014,MaskablePPO,0.0,120.0,rl_candidate,2014,93,3,0.0,10.1,-1.8,0.0,0.0,0.0,0.0,0.0,326,0.0,0.0,-0.0,-0.0,2014-04-03,pass,"counterfactual_common_baseline_relative=max(0,final_yield-null)-I-5N"
SY,Shenyang,2014,MaskablePPO,0.0,120.0,rl_candidate,2014,94,4,0.0,12.0,-1.7,0.0,0.0,0.0,0.0,0.0,324,0.0,0.0,-0.0,-0.0,2014-04-04,pass,"counterfactual_common_baseline_relative=max(0,final_yield-null)-I-5N"
SY,Shenyang,2014,MaskablePPO,0.0,120.0,rl_candidate,2014,95,5,0.0,8.3,-2.3,0.0,0.0,0.0,0.0,0.0,323,0.0,0.0,-0.0,-0.0,2014-04-05,pass,"counterfactual_common_baseline_relative=max(0,final_yield-null)-I-5N"
SY,Shenyang,2014,MaskablePPO,0.0,120.0,rl_candidate,2014,96,6,0.0,19.8,-2.0,0.0,0.0,0.0,0.0,0.0,322,0.0,0.0,-0.0,-0.0,2014-04-06,pass,"counterfactual_common_baseline_relative=max(0,final_yield-null)-I-5N"
SY,Shenyang,2014,MaskablePPO,0.0,120.0,rl_candidate,2014,97,7,0.0,22.3,2.9,0.0,0.0,0.0,0.0,0.0,321,0.0,0.0,-0.0,-0.0,2014-04-07,pass,"counterfactual_common_baseline_relative=max(0,final_yield-null)-I-5N"
SY,Shenyang,2014,MaskablePPO,0.0,120.0,rl_candidate,2014,98,8,0.0,22.7,1.9,0.0,0.0,0.0,0.0,0.0,320,0.0,0.0,-0.0,-0.0,2014-04-08,pass,"counterfactual_common_baseline_relative=max(0,final_yield-null)-I-5N"
SY,Shenyang,2014,MaskablePPO,0.0,120.0,rl_candidate,2014,99,9,0.0,16.0,10.8,0.0,0.0,0.0,0.0,0.0,319,0.0,0.0,-0.0,-0.0,2014-04-09,pass,"counterfactual_common_baseline_relative=max(0,final_yield-null)-I-5N"
SY,Shenyang,2014,MaskablePPO,0.0,120.0,rl_candidate,2014,100,10,0.0,18.3,2.8,0.0,0.0,0.0,0.0,0.0,319,0.0,0.0,-0.0,-0.0,2014-04-10,pass,"counterfactual_common_baseline_relative=max(0,final_yield-null)-I-5N"
SY,Shenyang,2014,MaskablePPO,0.0,120.0,rl_candidate,2014,101,11,0.0,20.5,1.0,0.0,0.0,0.0,0.0,0.0,318,0.0,0.0,-0.0,-0.0,2014-04-11,pass,"counterfactual_common_baseline_relative=max(0,final_yield-null)-I-5N"
SY,Shenyang,2014,MaskablePPO,0.0,120.0,rl_candidate,2014,102,12,0.0,21.6,3.5,0.0,0.0,0.0,0.0,0.0,317,0.0,0.0,-0.0,-0.0,2014-04-12,pass,"counterfactual_common_baseline_relative=max(0,final_yield-null)-I-5N"
SY,Shenyang,2014,MaskablePPO,0.0,120.0,rl_candidate,2014,103,13,0.0,23.2,2.9,0.0,0.0,0.0,0.0,0.0,317,0.0,0.0,-0.0,-0.0,2014-04-13,pass,"counterfactual_common_baseline_relative=max(0,final_yield-null)-I-5N"
SY,Shenyang,2014,MaskablePPO,0.0,120.0,rl_candidate,2014,104,14,0.0,24.7,4.4,0.0,0.0,0.0,0.0,0.0,316,0.0,0.0,-0.0,-0.0,2014-04-14,pass,"counterfactual_common_baseline_relative=max(0,final_yield-null)-I-5N"
SY,Shenyang,2014,MaskablePPO,0.0,120.0,rl_candidate,2014,105,15,0.0,18.6,8.9,0.0,0.0,0.0,0.0,0.0,316,0.0,0.0,-0.0,-0.0,2014-04-15,pass,"counterfactual_common_baseline_relative=max(0,final_yield-null)-I-5N"
SY,Shenyang,2014,MaskablePPO,0.0,120.0,rl_candidate,2014,106,16,0.0,23.6,-0.1,0.0,0.0,0.0,0.0,0.0,315,0.0,0.0,-0.0,-0.0,2014-04-16,pass,"counterfactual_common_baseline_relative=max(0,final_yield-null)-I-5N"
SY,Shenyang,2014,MaskablePPO,0.0,120.0,rl_candidate,2014,107,17,0.0,19.0,8.4,0.0,0.0,0.0,0.0,0.0,315,0.0,0.0,-0.0,-0.0,2014-04-17,pass,"counterfactual_common_baseline_relative=max(0,final_yield-null)-I-5N"
SY,Shenyang,2014,MaskablePPO,0.0,120.0,rl_candidate,2014,108,18,0.0,18.4,8.7,0.0,0.0,0.0,0.0,0.0,314,0.0,0.0,-0.0,-0.0,2014-04-18,pass,"counterfactual_common_baseline_relative=max(0,final_yield-null)-I-5N"
SY,Shenyang,2014,MaskablePPO,0.0,120.0,rl_candidate,2014,109,19,0.0,19.9,4.0,0.0,0.0,0.0,0.0,0.0,314,0.0,0.0,-0.0,-0.0,2014-04-19,pass,"counterfactual_common_baseline_relative=max(0,final_yield-null)-I-5N"
SY,Shenyang,2014,MaskablePPO,0.0,120.0,rl_candidate,2014,110,20,0.0,18.8,9.8,0.0,0.0,0.0,0.0,0.0,313,0.0,0.0,-0.0,-0.0,2014-04-20,pass,"counterfactual_common_baseline_relative=max(0,final_yield-null)-I-5N"
SY,Shenyang,2014,MaskablePPO,0.0,120.0,rl_candidate,2014,111,21,0.0,21.8,3.8,0.0,0.0,0.0,0.0,0.0,313,0.0,0.0,-0.0,-0.0,2014-04-21,pass,"counterfactual_common_baseline_relative=max(0,final_yield-null)-I-5N"
SY,Shenyang,2014,MaskablePPO,0.0,120.0,rl_candidate,2014,112,22,0.0,25.1,8.5,1.0,0.0,0.0,0.0,0.0,313,0.0,0.0,-0.0,-0.0,2014-04-22,pass,"counterfactual_common_baseline_relative=max(0,final_yield-null)-I-5N"
SY,Shenyang,2014,MaskablePPO,0.0,120.0,rl_candidate,2014,113,23,0.0,26.6,11.5,2.0,0.0,0.0,0.0,0.0,312,0.0,0.0,-0.0,-0.0,2014-04-23,pass,"counterfactual_common_baseline_relative=max(0,final_yield-null)-I-5N"
SY,Shenyang,2014,MaskablePPO,0.0,120.0,rl_candidate,2014,114,24,0.0,24.6,14.6,3.0,0.0,0.0,0.0,0.0,312,0.0,0.0,-0.0,-0.0,2014-04-24,pass,"counterfactual_common_baseline_relative=max(0,final_yield-null)-I-5N"
SY,Shenyang,2014,MaskablePPO,0.0,120.0,rl_candidate,2014,115,25,0.0,27.3,12.9,4.0,0.0,0.0,0.0,0.0,311,0.0,0.0,-0.0,-0.0,2014-04-25,pass,"counterfactual_common_baseline_relative=max(0,final_yield-null)-I-5N"
SY,Shenyang,2014,MaskablePPO,0.0,120.0,rl_candidate,2014,116,26,0.0,21.0,14.3,5.0,0.0,0.0,0.0,0.0,311,0.0,0.0,-0.0,-0.0,2014-04-26,pass,"counterfactual_common_baseline_relative=max(0,final_yield-null)-I-5N"
SY,Shenyang,2014,MaskablePPO,0.0,120.0,rl_candidate,2014,117,27,0.0,20.7,8.6,6.0,0.0,0.0,0.0,0.0,311,0.0,0.0,-0.0,-0.0,2014-04-27,pass,"counterfactual_common_baseline_relative=max(0,final_yield-null)-I-5N"
SY,Shenyang,2014,MaskablePPO,0.0,120.0,rl_candidate,2014,118,28,0.0,24.4,7.0,7.0,0.0,0.0,0.0,0.0,310,0.0,0.0,-0.0,-0.0,2014-04-28,pass,"counterfactual_common_baseline_relative=max(0,final_yield-null)-I-5N"
SY,Shenyang,2014,MaskablePPO,0.0,120.0,rl_candidate,2014,119,29,0.0,26.1,5.6,8.0,0.0,0.0,0.0,0.0,310,0.0,0.0,-0.0,-0.0,2014-04-29,pass,"counterfactual_common_baseline_relative=max(0,final_yield-null)-I-5N"
SY,Shenyang,2014,MaskablePPO,0.0,120.0,rl_candidate,2014,120,30,0.0,28.2,9.4,9.0,0.0,19.0,0.0,0.012,310,0.0,0.0,-0.0,-0.0,2014-04-30,pass,"counterfactual_common_baseline_relative=max(0,final_yield-null)-I-5N"
SY,Shenyang,2014,MaskablePPO,0.0,120.0,rl_candidate,2014,121,31,0.0,28.3,15.1,10.0,0.0,19.0,0.0,0.011,309,0.0,0.0,-0.0,-0.0,2014-05-01,pass,"counterfactual_common_baseline_relative=max(0,final_yield-null)-I-5N"
SY,Shenyang,2014,MaskablePPO,0.0,120.0,rl_candidate,2014,122,32,9.0,22.2,6.1,11.0,0.0,19.0,0.0,0.009,318,0.0,0.0,-0.0,-0.0,2014-05-02,pass,"counterfactual_common_baseline_relative=max(0,final_yield-null)-I-5N"
SY,Shenyang,2014,MaskablePPO,0.0,120.0,rl_candidate,2014,123,33,0.0,22.3,1.7,12.0,0.0,19.0,0.0,0.007,317,0.0,0.0,-0.0,-0.0,2014-05-03,pass,"counterfactual_common_baseline_relative=max(0,final_yield-null)-I-5N"
SY,Shenyang,2014,MaskablePPO,0.0,120.0,rl_candidate,2014,124,34,13.0,15.0,5.4,13.0,0.0,19.0,0.0,0.006,328,0.0,0.0,-0.0,-0.0,2014-05-04,pass,"counterfactual_common_baseline_relative=max(0,final_yield-null)-I-5N"
SY,Shenyang,2014,MaskablePPO,0.0,120.0,rl_candidate,2014,125,35,0.0,14.5,1.8,14.0,0.0,19.0,0.0,0.005,324,0.0,0.0,-0.0,-0.0,2014-05-05,pass,"counterfactual_common_baseline_relative=max(0,final_yield-null)-I-5N"
SY,Shenyang,2014,MaskablePPO,0.0,120.0,rl_candidate,2014,126,36,0.0,19.5,6.2,15.0,0.0,19.0,0.0,0.003,323,0.0,0.0,-0.0,-0.0,2014-05-06,pass,"counterfactual_common_baseline_relative=max(0,final_yield-null)-I-5N"
SY,Shenyang,2014,MaskablePPO,0.0,120.0,rl_candidate,2014,127,37,0.0,13.2,9.8,16.0,0.0,19.0,0.0,0.002,322,0.0,0.0,-0.0,-0.0,2014-05-07,pass,"counterfactual_common_baseline_relative=max(0,final_yield-null)-I-5N"
SY,Shenyang,2014,MaskablePPO,0.0,120.0,rl_candidate,2014,128,38,0.0,20.7,4.0,17.0,0.0,19.0,0.0,0.0,321,0.0,0.0,-0.0,-0.0,2014-05-08,pass,"counterfactual_common_baseline_relative=max(0,final_yield-null)-I-5N"
SY,Shenyang,2014,MaskablePPO,0.0,120.0,rl_candidate,2014,129,39,0.0,21.2,4.7,18.0,0.0,19.0,0.0,0.0,320,0.0,0.0,-0.0,-0.0,2014-05-09,pass,"counterfactual_common_baseline_relative=max(0,final_yield-null)-I-5N"
SY,Shenyang,2014,MaskablePPO,0.0,120.0,rl_candidate,2014,130,40,0.0,26.2,7.3,19.0,0.0,19.0,0.0,0.0,319,0.0,0.0,-0.0,-0.0,2014-05-10,pass,"counterfactual_common_baseline_relative=max(0,final_yield-null)-I-5N"
SY,Shenyang,2014,MaskablePPO,0.0,120.0,rl_candidate,2014,131,41,19.0,20.8,11.4,20.0,0.0,19.0,0.0,0.0,335,0.0,0.0,-0.0,-0.0,2014-05-11,pass,"counterfactual_common_baseline_relative=max(0,final_yield-null)-I-5N"
SY,Shenyang,2014,MaskablePPO,0.0,120.0,rl_candidate,2014,132,42,0.0,18.3,11.0,21.0,0.0,19.0,0.0,0.0,334,0.0,0.0,-0.0,-0.0,2014-05-12,pass,"counterfactual_common_baseline_relative=max(0,final_yield-null)-I-5N"
SY,Shenyang,2014,MaskablePPO,0.0,120.0,rl_candidate,2014,133,43,0.0,25.3,12.1,22.0,0.0,19.0,0.0,0.0,329,0.0,0.0,-0.0,-0.0,2014-05-13,pass,"counterfactual_common_baseline_relative=max(0,final_yield-null)-I-5N"
SY,Shenyang,2014,MaskablePPO,0.0,120.0,rl_candidate,2014,134,44,0.0,22.0,11.4,23.0,0.0,19.0,0.0,0.0,326,0.0,0.0,-0.0,-0.0,2014-05-14,pass,"counterfactual_common_baseline_relative=max(0,final_yield-null)-I-5N"
SY,Shenyang,2014,MaskablePPO,0.0,120.0,rl_candidate,2014,135,45,0.0,22.4,9.9,24.0,0.0,19.0,0.0,0.0,325,0.0,0.0,-0.0,-0.0,2014-05-15,pass,"counterfactual_common_baseline_relative=max(0,final_yield-null)-I-5N"
SY,Shenyang,2014,MaskablePPO,0.0,120.0,rl_candidate,2014,136,46,0.0,24.8,8.5,25.0,0.0,21.0,0.0,0.0,323,0.0,0.0,-0.0,-0.0,2014-05-16,pass,"counterfactual_common_baseline_relative=max(0,final_yield-null)-I-5N"
SY,Shenyang,2014,MaskablePPO,0.0,120.0,rl_candidate,2014,137,47,0.0,24.9,9.4,26.0,0.0,25.0,0.0,0.0,322,0.0,0.0,-0.0,-0.0,2014-05-17,pass,"counterfactual_common_baseline_relative=max(0,final_yield-null)-I-5N"
SY,Shenyang,2014,MaskablePPO,0.0,120.0,rl_candidate,2014,138,48,0.0,27.4,13.6,27.0,0.0,30.0,0.0,0.0,321,0.0,0.0,-0.0,-0.0,2014-05-18,pass,"counterfactual_common_baseline_relative=max(0,final_yield-null)-I-5N"
SY,Shenyang,2014,MaskablePPO,0.0,120.0,rl_candidate,2014,139,49,0.0,22.3,14.6,28.0,0.0,34.0,0.0,0.0,321,0.0,0.0,-0.0,-0.0,2014-05-19,pass,"counterfactual_common_baseline_relative=max(0,final_yield-null)-I-5N"
SY,Shenyang,2014,MaskablePPO,0.0,120.0,rl_candidate,2014,140,50,15.6,19.1,13.1,29.0,0.0,38.0,0.0,0.0,330,0.0,0.0,-0.0,-0.0,2014-05-20,pass,"counterfactual_common_baseline_relative=max(0,final_yield-null)-I-5N"
SY,Shenyang,2014,MaskablePPO,0.0,120.0,rl_candidate,2014,141,51,19.0,28.7,13.1,30.0,0.0,45.0,0.0,0.0,339,0.0,0.0,-0.0,-0.0,2014-05-21,pass,"counterfactual_common_baseline_relative=max(0,final_yield-null)-I-5N"
SY,Shenyang,2014,MaskablePPO,0.0,120.0,rl_candidate,2014,142,52,0.0,31.7,9.7,31.0,0.0,52.0,0.0,0.0,335,0.0,0.0,-0.0,-0.0,2014-05-22,pass,"counterfactual_common_baseline_relative=max(0,final_yield-null)-I-5N"
SY,Shenyang,2014,MaskablePPO,0.0,120.0,rl_candidate,2014,143,53,0.0,30.6,20.0,32.0,0.0,63.0,0.0,0.0,334,0.0,0.0,-0.0,-0.0,2014-05-23,pass,"counterfactual_common_baseline_relative=max(0,final_yield-null)-I-5N"
SY,Shenyang,2014,MaskablePPO,0.0,120.0,rl_candidate,2014,144,54,0.0,25.8,17.2,33.0,0.0,72.0,0.0,0.0,332,0.0,0.0,-0.0,-0.0,2014-05-24,pass,"counterfactual_common_baseline_relative=max(0,final_yield-null)-I-5N"
SY,Shenyang,2014,MaskablePPO,0.0,120.0,rl_candidate,2014,145,55,11.4,19.8,16.4,34.0,0.0,75.0,0.0,0.0,342,0.0,0.0,-0.0,-0.0,2014-05-25,pass,"counterfactual_common_baseline_relative=max(0,final_yield-null)-I-5N"
SY,Shenyang,2014,MaskablePPO,0.0,120.0,rl_candidate,2014,146,56,0.0,27.6,14.0,35.0,0.0,87.0,0.0,0.002,336,0.0,0.0,-0.0,-0.0,2014-05-26,pass,"counterfactual_common_baseline_relative=max(0,final_yield-null)-I-5N"
SY,Shenyang,2014,MaskablePPO,0.0,120.0,rl_candidate,2014,147,57,0.0,31.3,11.7,36.0,0.0,103.0,0.0,0.0,333,0.0,0.0,-0.0,-0.0,2014-05-27,pass,"counterfactual_common_baseline_relative=max(0,final_yield-null)-I-5N"
SY,Shenyang,2014,MaskablePPO,0.0,120.0,rl_candidate,2014,148,58,0.0,29.4,17.0,37.0,0.0,123.0,0.0,0.0,331,0.0,0.0,-0.0,-0.0,2014-05-28,pass,"counterfactual_common_baseline_relative=max(0,final_yield-null)-I-5N"
SY,Shenyang,2014,MaskablePPO,0.0,120.0,rl_candidate,2014,149,59,0.0,31.6,19.2,38.0,0.0,149.0,0.0,0.0,328,0.0,0.0,-0.0,-0.0,2014-05-29,pass,"counterfactual_common_baseline_relative=max(0,final_yield-null)-I-5N"
SY,Shenyang,2014,MaskablePPO,0.0,120.0,rl_candidate,2014,150,60,0.0,33.9,15.9,39.0,0.0,179.0,0.0,0.0,326,0.0,0.0,-0.0,-0.0,2014-05-30,pass,"counterfactual_common_baseline_relative=max(0,final_yield-null)-I-5N"
SY,Shenyang,2014,MaskablePPO,0.0,120.0,rl_candidate,2014,151,61,0.0,35.8,19.6,40.0,0.0,217.0,0.0,0.0,324,0.0,0.0,-0.0,-0.0,2014-05-31,pass,"counterfactual_common_baseline_relative=max(0,final_yield-null)-I-5N"
SY,Shenyang,2014,MaskablePPO,0.0,120.0,rl_candidate,2014,152,62,0.0,32.1,21.0,41.0,0.0,255.0,0.0,0.0,322,0.0,0.0,-0.0,-0.0,2014-06-01,pass,"counterfactual_common_baseline_relative=max(0,final_yield-null)-I-5N"
SY,Shenyang,2014,MaskablePPO,0.0,120.0,rl_candidate,2014,153,63,6.8,28.8,18.4,42.0,0.0,291.0,0.0,0.0,325,0.0,0.0,-0.0,-0.0,2014-06-02,pass,"counterfactual_common_baseline_relative=max(0,final_yield-null)-I-5N"
SY,Shenyang,2014,MaskablePPO,0.0,120.0,rl_candidate,2014,154,64,0.0,30.2,17.0,43.0,0.0,332.0,0.0,0.0,322,0.0,0.0,-0.0,-0.0,2014-06-03,pass,"counterfactual_common_baseline_relative=max(0,final_yield-null)-I-5N"
SY,Shenyang,2014,MaskablePPO,0.0,120.0,rl_candidate,2014,155,65,0.0,30.4,19.1,44.0,0.0,380.0,0.0,0.0,319,0.0,0.0,-0.0,-0.0,2014-06-04,pass,"counterfactual_common_baseline_relative=max(0,final_yield-null)-I-5N"
SY,Shenyang,2014,MaskablePPO,0.0,120.0,rl_candidate,2014,156,66,0.0,30.2,21.6,45.0,0.0,435.0,0.0,0.0,317,0.0,0.0,-0.0,-0.0,2014-06-05,pass,"counterfactual_common_baseline_relative=max(0,final_yield-null)-I-5N"
SY,Shenyang,2014,MaskablePPO,0.0,120.0,rl_candidate,2014,157,67,0.0,27.4,19.5,46.0,0.0,485.0,0.0,0.0,314,0.0,0.0,-0.0,-0.0,2014-06-06,pass,"counterfactual_common_baseline_relative=max(0,final_yield-null)-I-5N"
SY,Shenyang,2014,MaskablePPO,0.0,120.0,rl_candidate,2014,158,68,0.0,23.4,17.9,47.0,0.0,529.0,0.0,0.0,313,0.0,0.0,-0.0,-0.0,2014-06-07,pass,"counterfactual_common_baseline_relative=max(0,final_yield-null)-I-5N"
SY,Shenyang,2014,MaskablePPO,0.0,120.0,rl_candidate,2014,159,69,8.7,24.5,16.2,48.0,0.0,575.0,0.0,0.0,318,0.0,0.0,-0.0,-0.0,2014-06-08,pass,"counterfactual_common_baseline_relative=max(0,final_yield-null)-I-5N"
SY,Shenyang,2014,MaskablePPO,0.0,120.0,rl_candidate,2014,160,70,2.2,25.5,16.2,49.0,0.0,634.0,0.0,0.0,316,0.0,0.0,-0.0,-0.0,2014-06-09,pass,"counterfactual_common_baseline_relative=max(0,final_yield-null)-I-5N"
SY,Shenyang,2014,MaskablePPO,0.0,120.0,rl_candidate,2014,161,71,0.0,26.0,16.4,50.0,0.0,698.0,0.0,0.0,325,15.0,100.0,-515.0,-515.0,2014-06-10,pass,"counterfactual_common_baseline_relative=max(0,final_yield-null)-I-5N"
SY,Shenyang,2014,MaskablePPO,0.0,120.0,rl_candidate,2014,162,72,0.0,25.6,14.1,51.0,0.0,756.0,0.0,0.0,321,0.0,0.0,-0.0,-515.0,2014-06-11,pass,"counterfactual_common_baseline_relative=max(0,final_yield-null)-I-5N"
SY,Shenyang,2014,MaskablePPO,0.0,120.0,rl_candidate,2014,163,73,0.0,27.7,15.0,52.0,0.0,825.0,0.0,0.0,316,0.0,0.0,-0.0,-515.0,2014-06-12,pass,"counterfactual_common_baseline_relative=max(0,final_yield-null)-I-5N"
SY,Shenyang,2014,MaskablePPO,0.0,120.0,rl_candidate,2014,164,74,0.0,28.0,16.0,53.0,0.0,900.0,0.0,0.0,310,0.0,0.0,-0.0,-515.0,2014-06-13,pass,"counterfactual_common_baseline_relative=max(0,final_yield-null)-I-5N"
SY,Shenyang,2014,MaskablePPO,0.0,120.0,rl_candidate,2014,165,75,0.0,31.1,14.7,54.0,0.0,984.0,0.0,0.0,305,0.0,0.0,-0.0,-515.0,2014-06-14,pass,"counterfactual_common_baseline_relative=max(0,final_yield-null)-I-5N"
SY,Shenyang,2014,MaskablePPO,0.0,120.0,rl_candidate,2014,166,76,0.0,32.3,19.3,55.0,0.0,1089.0,0.0,0.0,299,0.0,0.0,-0.0,-515.0,2014-06-15,pass,"counterfactual_common_baseline_relative=max(0,final_yield-null)-I-5N"
SY,Shenyang,2014,MaskablePPO,0.0,120.0,rl_candidate,2014,167,77,0.0,30.7,19.4,56.0,0.0,1195.0,0.0,0.0,296,0.0,0.0,-0.0,-515.0,2014-06-16,pass,"counterfactual_common_baseline_relative=max(0,final_yield-null)-I-5N"
SY,Shenyang,2014,MaskablePPO,0.0,120.0,rl_candidate,2014,168,78,5.7,27.9,18.7,57.0,0.0,1296.0,0.0,0.0,300,0.0,0.0,-0.0,-515.0,2014-06-17,pass,"counterfactual_common_baseline_relative=max(0,final_yield-null)-I-5N"
SY,Shenyang,2014,MaskablePPO,0.0,120.0,rl_candidate,2014,169,79,9.4,25.0,16.7,58.0,0.0,1384.0,0.0,0.0,307,0.0,0.0,-0.0,-515.0,2014-06-18,pass,"counterfactual_common_baseline_relative=max(0,final_yield-null)-I-5N"
SY,Shenyang,2014,MaskablePPO,0.0,120.0,rl_candidate,2014,170,80,0.0,27.4,16.7,59.0,0.0,1484.0,0.0,0.0,302,0.0,0.0,-0.0,-515.0,2014-06-19,pass,"counterfactual_common_baseline_relative=max(0,final_yield-null)-I-5N"
SY,Shenyang,2014,MaskablePPO,0.0,120.0,rl_candidate,2014,171,81,2.6,27.1,17.8,60.0,0.0,1593.0,0.0,0.0,302,0.0,0.0,-0.0,-515.0,2014-06-20,pass,"counterfactual_common_baseline_relative=max(0,final_yield-null)-I-5N"
SY,Shenyang,2014,MaskablePPO,0.0,120.0,rl_candidate,2014,172,82,0.0,28.0,18.0,61.0,0.0,1711.0,0.0,0.0,296,0.0,0.0,-0.0,-515.0,2014-06-21,pass,"counterfactual_common_baseline_relative=max(0,final_yield-null)-I-5N"
SY,Shenyang,2014,MaskablePPO,0.0,120.0,rl_candidate,2014,173,83,38.3,27.8,15.9,62.0,0.0,1825.0,0.0,0.0,319,0.0,0.0,-0.0,-515.0,2014-06-22,pass,"counterfactual_common_baseline_relative=max(0,final_yield-null)-I-5N"
SY,Shenyang,2014,MaskablePPO,0.0,120.0,rl_candidate,2014,174,84,0.0,29.4,15.3,63.0,0.0,1949.0,0.0,0.0,313,0.0,0.0,-0.0,-515.0,2014-06-23,pass,"counterfactual_common_baseline_relative=max(0,final_yield-null)-I-5N"
SY,Shenyang,2014,MaskablePPO,0.0,120.0,rl_candidate,2014,175,85,0.0,31.1,16.2,64.0,0.0,2081.0,0.0,0.0,306,0.0,0.0,-0.0,-515.0,2014-06-24,pass,"counterfactual_common_baseline_relative=max(0,final_yield-null)-I-5N"
SY,Shenyang,2014,MaskablePPO,0.0,120.0,rl_candidate,2014,176,86,0.0,30.0,20.2,65.0,0.0,2219.0,0.0,0.0,316,15.0,100.0,-515.0,-1030.0,2014-06-25,pass,"counterfactual_common_baseline_relative=max(0,final_yield-null)-I-5N"
SY,Shenyang,2014,MaskablePPO,0.0,120.0,rl_candidate,2014,177,87,0.0,25.3,20.8,66.0,0.0,2350.0,0.0,0.0,314,0.0,0.0,-0.0,-1030.0,2014-06-26,pass,"counterfactual_common_baseline_relative=max(0,final_yield-null)-I-5N"
SY,Shenyang,2014,MaskablePPO,0.0,120.0,rl_candidate,2014,178,88,3.4,24.6,19.8,67.0,0.0,2468.0,0.0,0.0,315,0.0,0.0,-0.0,-1030.0,2014-06-27,pass,"counterfactual_common_baseline_relative=max(0,final_yield-null)-I-5N"
SY,Shenyang,2014,MaskablePPO,0.0,120.0,rl_candidate,2014,179,89,15.6,26.6,17.2,68.0,0.0,2589.0,0.0,0.0,324,0.0,0.0,-0.0,-1030.0,2014-06-28,pass,"counterfactual_common_baseline_relative=max(0,final_yield-null)-I-5N"
SY,Shenyang,2014,MaskablePPO,0.0,120.0,rl_candidate,2014,180,90,0.0,29.3,18.5,69.0,0.0,2742.0,0.0,0.0,319,0.0,0.0,-0.0,-1030.0,2014-06-29,pass,"counterfactual_common_baseline_relative=max(0,final_yield-null)-I-5N"
SY,Shenyang,2014,MaskablePPO,0.0,120.0,rl_candidate,2014,181,91,0.0,32.3,18.9,70.0,0.0,2930.0,0.0,0.0,313,0.0,0.0,-0.0,-1030.0,2014-06-30,pass,"counterfactual_common_baseline_relative=max(0,final_yield-null)-I-5N"
SY,Shenyang,2014,MaskablePPO,0.0,120.0,rl_candidate,2014,182,92,0.0,30.7,20.6,71.0,0.0,3136.0,0.0,0.0,307,0.0,0.0,-0.0,-1030.0,2014-07-01,pass,"counterfactual_common_baseline_relative=max(0,final_yield-null)-I-5N"
SY,Shenyang,2014,MaskablePPO,0.0,120.0,rl_candidate,2014,183,93,0.0,30.9,18.5,72.0,0.0,3555.0,0.0,0.0,301,0.0,0.0,-0.0,-1030.0,2014-07-02,pass,"counterfactual_common_baseline_relative=max(0,final_yield-null)-I-5N"
SY,Shenyang,2014,MaskablePPO,0.0,120.0,rl_candidate,2014,184,94,0.0,27.8,20.8,73.0,0.0,3808.0,0.0,0.0,298,0.0,0.0,-0.0,-1030.0,2014-07-03,pass,"counterfactual_common_baseline_relative=max(0,final_yield-null)-I-5N"
SY,Shenyang,2014,MaskablePPO,0.0,120.0,rl_candidate,2014,185,95,0.0,30.3,21.7,74.0,0.0,4088.0,0.0,0.0,293,0.0,0.0,-0.0,-1030.0,2014-07-04,pass,"counterfactual_common_baseline_relative=max(0,final_yield-null)-I-5N"
SY,Shenyang,2014,MaskablePPO,0.0,120.0,rl_candidate,2014,186,96,0.0,31.5,20.1,75.0,0.0,4347.0,0.0,0.0,286,0.0,0.0,-0.0,-1030.0,2014-07-05,pass,"counterfactual_common_baseline_relative=max(0,final_yield-null)-I-5N"
SY,Shenyang,2014,MaskablePPO,0.0,120.0,rl_candidate,2014,187,97,0.0,29.7,20.6,76.0,0.0,4585.0,0.0,0.0,280,0.0,0.0,-0.0,-1030.0,2014-07-06,pass,"counterfactual_common_baseline_relative=max(0,final_yield-null)-I-5N"
SY,Shenyang,2014,MaskablePPO,0.0,120.0,rl_candidate,2014,188,98,0.0,30.7,19.3,77.0,0.0,4813.0,0.0,0.0,275,0.0,0.0,-0.0,-1030.0,2014-07-07,pass,"counterfactual_common_baseline_relative=max(0,final_yield-null)-I-5N"
SY,Shenyang,2014,MaskablePPO,0.0,120.0,rl_candidate,2014,189,99,0.0,28.4,20.6,78.0,0.0,4979.0,0.0,0.0,273,0.0,0.0,-0.0,-1030.0,2014-07-08,pass,"counterfactual_common_baseline_relative=max(0,final_yield-null)-I-5N"
SY,Shenyang,2014,MaskablePPO,0.0,120.0,rl_candidate,2014,190,100,2.5,30.3,20.8,79.0,0.0,5203.0,0.0,0.0,270,0.0,0.0,-0.0,-1030.0,2014-07-09,pass,"counterfactual_common_baseline_relative=max(0,final_yield-null)-I-5N"
SY,Shenyang,2014,MaskablePPO,0.0,120.0,rl_candidate,2014,191,101,0.0,30.1,16.1,80.0,0.0,5393.0,0.0,0.0,264,0.0,0.0,-0.0,-1030.0,2014-07-10,pass,"counterfactual_common_baseline_relative=max(0,final_yield-null)-I-5N"
SY,Shenyang,2014,MaskablePPO,0.0,120.0,rl_candidate,2014,192,102,0.0,29.1,18.2,81.0,0.0,5587.0,0.0,0.0,258,0.0,0.0,-0.0,-1030.0,2014-07-11,pass,"counterfactual_common_baseline_relative=max(0,final_yield-null)-I-5N"
SY,Shenyang,2014,MaskablePPO,0.0,120.0,rl_candidate,2014,193,103,0.0,30.1,17.2,82.0,0.0,5779.0,0.0,0.0,252,0.0,0.0,-0.0,-1030.0,2014-07-12,pass,"counterfactual_common_baseline_relative=max(0,final_yield-null)-I-5N"
SY,Shenyang,2014,MaskablePPO,0.0,120.0,rl_candidate,2014,194,104,0.0,30.7,17.6,83.0,0.0,5977.0,0.0,0.0,247,0.0,0.0,-0.0,-1030.0,2014-07-13,pass,"counterfactual_common_baseline_relative=max(0,final_yield-null)-I-5N"
SY,Shenyang,2014,MaskablePPO,0.0,120.0,rl_candidate,2014,195,105,0.0,33.3,18.3,84.0,0.0,6195.0,0.0,0.0,241,0.0,0.0,-0.0,-1030.0,2014-07-14,pass,"counterfactual_common_baseline_relative=max(0,final_yield-null)-I-5N"
SY,Shenyang,2014,MaskablePPO,0.0,120.0,rl_candidate,2014,196,106,0.0,31.1,21.7,85.0,0.0,6422.0,0.0,0.0,251,15.0,0.0,-15.0,-1045.0,2014-07-15,pass,"counterfactual_common_baseline_relative=max(0,final_yield-null)-I-5N"
SY,Shenyang,2014,MaskablePPO,0.0,120.0,rl_candidate,2014,197,107,18.6,30.3,19.0,86.0,0.0,6626.0,0.0,0.0,261,0.0,0.0,-0.0,-1045.0,2014-07-16,pass,"counterfactual_common_baseline_relative=max(0,final_yield-null)-I-5N"
SY,Shenyang,2014,MaskablePPO,0.0,120.0,rl_candidate,2014,198,108,20.8,29.2,19.4,87.0,0.0,6818.0,0.0,0.0,273,0.0,0.0,-0.0,-1045.0,2014-07-17,pass,"counterfactual_common_baseline_relative=max(0,final_yield-null)-I-5N"
SY,Shenyang,2014,MaskablePPO,0.0,120.0,rl_candidate,2014,199,109,0.0,29.9,22.0,88.0,0.0,7010.0,0.0,0.0,269,0.0,0.0,-0.0,-1045.0,2014-07-18,pass,"counterfactual_common_baseline_relative=max(0,final_yield-null)-I-5N"
SY,Shenyang,2014,MaskablePPO,0.0,120.0,rl_candidate,2014,200,110,0.0,32.0,24.0,89.0,0.0,7256.0,0.0,0.0,265,0.0,0.0,-0.0,-1045.0,2014-07-19,pass,"counterfactual_common_baseline_relative=max(0,final_yield-null)-I-5N"
SY,Shenyang,2014,MaskablePPO,0.0,120.0,rl_candidate,2014,201,111,0.0,32.4,24.7,90.0,0.0,7581.0,0.0,0.0,260,0.0,0.0,-0.0,-1045.0,2014-07-20,pass,"counterfactual_common_baseline_relative=max(0,final_yield-null)-I-5N"
SY,Shenyang,2014,MaskablePPO,0.0,120.0,rl_candidate,2014,202,112,35.8,29.5,21.5,91.0,0.0,7648.0,0.0,0.0,282,0.0,0.0,-0.0,-1045.0,2014-07-21,pass,"counterfactual_common_baseline_relative=max(0,final_yield-null)-I-5N"
SY,Shenyang,2014,MaskablePPO,0.0,120.0,rl_candidate,2014,203,113,0.0,28.0,19.6,92.0,0.0,7845.0,0.0,0.0,279,0.0,0.0,-0.0,-1045.0,2014-07-22,pass,"counterfactual_common_baseline_relative=max(0,final_yield-null)-I-5N"
SY,Shenyang,2014,MaskablePPO,0.0,120.0,rl_candidate,2014,204,114,0.0,30.4,21.7,93.0,0.0,8168.0,0.0,0.0,274,0.0,0.0,-0.0,-1045.0,2014-07-23,pass,"counterfactual_common_baseline_relative=max(0,final_yield-null)-I-5N"
SY,Shenyang,2014,MaskablePPO,0.0,120.0,rl_candidate,2014,205,115,0.0,29.7,20.5,94.0,0.0,8395.0,0.0,0.0,271,0.0,0.0,-0.0,-1045.0,2014-07-24,pass,"counterfactual_common_baseline_relative=max(0,final_yield-null)-I-5N"
SY,Shenyang,2014,MaskablePPO,0.0,120.0,rl_candidate,2014,206,116,0.0,25.3,19.1,95.0,0.0,8473.0,0.0,0.0,269,0.0,0.0,-0.0,-1045.0,2014-07-25,pass,"counterfactual_common_baseline_relative=max(0,final_yield-null)-I-5N"
SY,Shenyang,2014,MaskablePPO,0.0,120.0,rl_candidate,2014,207,117,0.0,27.9,18.1,96.0,0.0,8829.0,0.0,0.0,264,0.0,0.0,-0.0,-1045.0,2014-07-26,pass,"counterfactual_common_baseline_relative=max(0,final_yield-null)-I-5N"
SY,Shenyang,2014,MaskablePPO,0.0,120.0,rl_candidate,2014,208,118,0.0,30.5,16.4,97.0,0.0,9179.0,0.0,0.0,259,0.0,0.0,-0.0,-1045.0,2014-07-27,pass,"counterfactual_common_baseline_relative=max(0,final_yield-null)-I-5N"
SY,Shenyang,2014,MaskablePPO,0.0,120.0,rl_candidate,2014,209,119,0.0,30.2,18.9,98.0,0.0,9482.0,0.0,0.0,254,0.0,0.0,-0.0,-1045.0,2014-07-28,pass,"counterfactual_common_baseline_relative=max(0,final_yield-null)-I-5N"
SY,Shenyang,2014,MaskablePPO,0.0,120.0,rl_candidate,2014,210,120,0.0,29.6,21.3,99.0,305.0,9787.0,0.0,0.0,250,0.0,0.0,-0.0,-1045.0,2014-07-29,pass,"counterfactual_common_baseline_relative=max(0,final_yield-null)-I-5N"
SY,Shenyang,2014,MaskablePPO,0.0,120.0,rl_candidate,2014,211,121,0.0,27.7,18.7,100.0,611.0,10057.0,0.0,0.0,247,0.0,0.0,-0.0,-1045.0,2014-07-30,pass,"counterfactual_common_baseline_relative=max(0,final_yield-null)-I-5N"
SY,Shenyang,2014,MaskablePPO,0.0,120.0,rl_candidate,2014,212,122,0.0,31.2,18.1,101.0,916.0,10398.0,0.0,0.0,242,0.0,0.0,-0.0,-1045.0,2014-07-31,pass,"counterfactual_common_baseline_relative=max(0,final_yield-null)-I-5N"
SY,Shenyang,2014,MaskablePPO,0.0,120.0,rl_candidate,2014,213,123,0.0,32.4,23.7,102.0,1181.0,10663.0,0.0,0.0,237,0.0,0.0,-0.0,-1045.0,2014-08-01,pass,"counterfactual_common_baseline_relative=max(0,final_yield-null)-I-5N"
SY,Shenyang,2014,MaskablePPO,0.0,120.0,rl_candidate,2014,214,124,0.0,33.9,22.2,103.0,1446.0,10928.0,0.0,0.0,231,0.0,0.0,-0.0,-1045.0,2014-08-02,pass,"counterfactual_common_baseline_relative=max(0,final_yield-null)-I-5N"
SY,Shenyang,2014,MaskablePPO,0.0,120.0,rl_candidate,2014,215,125,0.0,32.8,21.8,104.0,1740.0,11222.0,0.0,0.0,226,0.0,0.0,-0.0,-1045.0,2014-08-03,pass,"counterfactual_common_baseline_relative=max(0,final_yield-null)-I-5N"
SY,Shenyang,2014,MaskablePPO,0.0,120.0,rl_candidate,2014,216,126,0.0,29.3,21.5,105.0,2046.0,11527.0,0.0,0.0,222,0.0,0.0,-0.0,-1045.0,2014-08-04,pass,"counterfactual_common_baseline_relative=max(0,final_yield-null)-I-5N"
SY,Shenyang,2014,MaskablePPO,0.0,120.0,rl_candidate,2014,217,127,0.0,29.6,16.1,106.0,2351.0,11832.0,0.0,0.0,217,0.0,0.0,-0.0,-1045.0,2014-08-05,pass,"counterfactual_common_baseline_relative=max(0,final_yield-null)-I-5N"
SY,Shenyang,2014,MaskablePPO,0.0,120.0,rl_candidate,2014,218,128,0.0,29.5,18.4,107.0,2656.0,12138.0,0.0,0.0,212,0.0,0.0,-0.0,-1045.0,2014-08-06,pass,"counterfactual_common_baseline_relative=max(0,final_yield-null)-I-5N"
SY,Shenyang,2014,MaskablePPO,0.0,120.0,rl_candidate,2014,219,129,0.0,29.5,15.6,108.0,2962.0,12443.0,0.0,0.0,207,0.0,0.0,-0.0,-1045.0,2014-08-07,pass,"counterfactual_common_baseline_relative=max(0,final_yield-null)-I-5N"
SY,Shenyang,2014,MaskablePPO,0.0,120.0,rl_candidate,2014,220,130,0.0,30.8,15.0,109.0,3267.0,12748.0,0.0,0.0,201,0.0,0.0,-0.0,-1045.0,2014-08-08,pass,"counterfactual_common_baseline_relative=max(0,final_yield-null)-I-5N"
SY,Shenyang,2014,MaskablePPO,0.0,120.0,rl_candidate,2014,221,131,0.0,30.8,17.1,110.0,3572.0,13054.0,0.0,0.0,211,15.0,0.0,-15.0,-1060.0,2014-08-09,pass,"counterfactual_common_baseline_relative=max(0,final_yield-null)-I-5N"
SY,Shenyang,2014,MaskablePPO,0.0,120.0,rl_candidate,2014,222,132,0.0,29.9,17.3,111.0,3877.0,13359.0,0.0,0.0,207,0.0,0.0,-0.0,-1060.0,2014-08-10,pass,"counterfactual_common_baseline_relative=max(0,final_yield-null)-I-5N"
SY,Shenyang,2014,MaskablePPO,0.0,120.0,rl_candidate,2014,223,133,0.0,29.8,17.8,112.0,4183.0,13664.0,0.0,0.0,203,0.0,0.0,-0.0,-1060.0,2014-08-11,pass,"counterfactual_common_baseline_relative=max(0,final_yield-null)-I-5N"
SY,Shenyang,2014,MaskablePPO,0.0,120.0,rl_candidate,2014,224,134,0.0,29.7,17.2,113.0,4488.0,13970.0,0.0,0.0,197,0.0,0.0,-0.0,-1060.0,2014-08-12,pass,"counterfactual_common_baseline_relative=max(0,final_yield-null)-I-5N"
SY,Shenyang,2014,MaskablePPO,0.0,120.0,rl_candidate,2014,225,135,0.0,30.8,14.2,114.0,4793.0,14275.0,0.0,0.0,193,0.0,0.0,-0.0,-1060.0,2014-08-13,pass,"counterfactual_common_baseline_relative=max(0,final_yield-null)-I-5N"
SY,Shenyang,2014,MaskablePPO,0.0,120.0,rl_candidate,2014,226,136,5.0,28.4,17.6,115.0,5099.0,14543.0,0.0,0.0,194,0.0,0.0,-0.0,-1060.0,2014-08-14,pass,"counterfactual_common_baseline_relative=max(0,final_yield-null)-I-5N"
SY,Shenyang,2014,MaskablePPO,0.0,120.0,rl_candidate,2014,227,137,0.0,29.3,18.4,116.0,5404.0,14873.0,0.0,0.0,190,0.0,0.0,-0.0,-1060.0,2014-08-15,pass,"counterfactual_common_baseline_relative=max(0,final_yield-null)-I-5N"
SY,Shenyang,2014,MaskablePPO,0.0,120.0,rl_candidate,2014,228,138,0.0,30.3,18.9,117.0,5709.0,15191.0,0.0,0.0,185,0.0,0.0,-0.0,-1060.0,2014-08-16,pass,"counterfactual_common_baseline_relative=max(0,final_yield-null)-I-5N"
SY,Shenyang,2014,MaskablePPO,0.0,120.0,rl_candidate,2014,229,139,25.8,30.5,18.0,118.0,6015.0,15467.0,0.0,0.0,203,0.0,0.0,-0.0,-1060.0,2014-08-17,pass,"counterfactual_common_baseline_relative=max(0,final_yield-null)-I-5N"
SY,Shenyang,2014,MaskablePPO,0.0,120.0,rl_candidate,2014,230,140,0.0,28.8,18.3,119.0,6320.0,15718.0,0.0,0.0,200,0.0,0.0,-0.0,-1060.0,2014-08-18,pass,"counterfactual_common_baseline_relative=max(0,final_yield-null)-I-5N"
SY,Shenyang,2014,MaskablePPO,0.0,120.0,rl_candidate,2014,231,141,0.0,30.6,17.2,120.0,6625.0,16068.0,0.0,0.0,195,0.0,0.0,-0.0,-1060.0,2014-08-19,pass,"counterfactual_common_baseline_relative=max(0,final_yield-null)-I-5N"
SY,Shenyang,2014,MaskablePPO,0.0,120.0,rl_candidate,2014,232,142,0.0,32.6,18.3,121.0,6931.0,16412.0,0.0,0.0,190,0.0,0.0,-0.0,-1060.0,2014-08-20,pass,"counterfactual_common_baseline_relative=max(0,final_yield-null)-I-5N"
SY,Shenyang,2014,MaskablePPO,0.0,120.0,rl_candidate,2014,233,143,0.0,27.9,19.7,122.0,7236.0,16626.0,0.0,0.0,187,0.0,0.0,-0.0,-1060.0,2014-08-21,pass,"counterfactual_common_baseline_relative=max(0,final_yield-null)-I-5N"
SY,Shenyang,2014,MaskablePPO,0.0,120.0,rl_candidate,2014,234,144,0.0,31.3,19.9,123.0,7541.0,16937.0,0.0,0.0,183,0.0,0.0,-0.0,-1060.0,2014-08-22,pass,"counterfactual_common_baseline_relative=max(0,final_yield-null)-I-5N"
SY,Shenyang,2014,MaskablePPO,0.0,120.0,rl_candidate,2014,235,145,3.5,27.2,20.7,124.0,7846.0,17105.0,0.0,0.0,185,0.0,0.0,-0.0,-1060.0,2014-08-23,pass,"counterfactual_common_baseline_relative=max(0,final_yield-null)-I-5N"
SY,Shenyang,2014,MaskablePPO,0.0,120.0,rl_candidate,2014,236,146,5.6,28.6,19.5,125.0,8152.0,17339.0,0.0,0.0,187,0.0,0.0,-0.0,-1060.0,2014-08-24,pass,"counterfactual_common_baseline_relative=max(0,final_yield-null)-I-5N"
SY,Shenyang,2014,MaskablePPO,0.0,120.0,rl_candidate,2014,237,147,0.0,24.2,19.6,126.0,8457.0,17472.0,0.0,0.0,186,0.0,0.0,-0.0,-1060.0,2014-08-25,pass,"counterfactual_common_baseline_relative=max(0,final_yield-null)-I-5N"
SY,Shenyang,2014,MaskablePPO,0.0,120.0,rl_candidate,2014,238,148,0.0,29.4,17.3,127.0,8762.0,17830.0,0.0,0.0,180,0.0,0.0,-0.0,-1060.0,2014-08-26,pass,"counterfactual_common_baseline_relative=max(0,final_yield-null)-I-5N"
SY,Shenyang,2014,MaskablePPO,0.0,120.0,rl_candidate,2014,239,149,0.0,30.5,15.5,128.0,9068.0,18178.0,0.0,0.0,175,0.0,0.0,-0.0,-1060.0,2014-08-27,pass,"counterfactual_common_baseline_relative=max(0,final_yield-null)-I-5N"
SY,Shenyang,2014,MaskablePPO,0.0,120.0,rl_candidate,2014,240,150,0.0,29.5,17.7,129.0,9373.0,18484.0,0.0,0.0,171,0.0,0.0,-0.0,-1060.0,2014-08-28,pass,"counterfactual_common_baseline_relative=max(0,final_yield-null)-I-5N"
SY,Shenyang,2014,MaskablePPO,0.0,120.0,rl_candidate,2014,241,151,0.0,30.2,17.0,130.0,9678.0,18792.0,0.0,0.0,167,0.0,0.0,-0.0,-1060.0,2014-08-29,pass,"counterfactual_common_baseline_relative=max(0,final_yield-null)-I-5N"
SY,Shenyang,2014,MaskablePPO,0.0,120.0,rl_candidate,2014,242,152,0.0,30.6,15.5,131.0,9984.0,19131.0,0.0,0.0,162,0.0,0.0,-0.0,-1060.0,2014-08-30,pass,"counterfactual_common_baseline_relative=max(0,final_yield-null)-I-5N"
SY,Shenyang,2014,MaskablePPO,0.0,120.0,rl_candidate,2014,243,153,0.0,31.1,16.4,132.0,10289.0,19426.0,0.0,0.0,158,0.0,0.0,-0.0,-1060.0,2014-08-31,pass,"counterfactual_common_baseline_relative=max(0,final_yield-null)-I-5N"
SY,Shenyang,2014,MaskablePPO,0.0,120.0,rl_candidate,2014,244,154,0.0,30.8,15.8,133.0,10594.0,19735.0,0.0,0.026,153,0.0,0.0,-0.0,-1060.0,2014-09-01,pass,"counterfactual_common_baseline_relative=max(0,final_yield-null)-I-5N"
SY,Shenyang,2014,MaskablePPO,0.0,120.0,rl_candidate,2014,245,155,0.0,29.4,17.1,134.0,10900.0,19960.0,0.0,0.061,149,0.0,0.0,-0.0,-1060.0,2014-09-02,pass,"counterfactual_common_baseline_relative=max(0,final_yield-null)-I-5N"
SY,Shenyang,2014,MaskablePPO,0.0,120.0,rl_candidate,2014,246,156,0.0,24.8,15.1,135.0,11205.0,20161.0,0.0,0.103,147,0.0,0.0,-0.0,-1060.0,2014-09-03,pass,"counterfactual_common_baseline_relative=max(0,final_yield-null)-I-5N"
SY,Shenyang,2014,MaskablePPO,0.0,120.0,rl_candidate,2014,247,157,23.2,28.4,12.4,136.0,11205.0,20161.0,0.159,0.136,167,0.0,0.0,-0.0,-1060.0,2014-09-04,pass,"counterfactual_common_baseline_relative=max(0,final_yield-null)-I-5N"
SY,Shenyang,2014,MaskablePPO,0.0,120.0,rl_candidate,2014,248,158,0.0,27.2,10.3,137.0,11205.0,20161.0,0.0,0.136,162,0.0,0.0,-0.0,-1060.0,2014-09-05,pass,"counterfactual_common_baseline_relative=max(0,final_yield-null)-I-5N"
SY,Shenyang,2014,MaskablePPO,0.0,120.0,rl_candidate,2014,249,159,0.0,30.4,12.9,138.0,11205.0,20161.0,0.0,0.136,157,0.0,0.0,-0.0,-1060.0,2014-09-06,pass,"counterfactual_common_baseline_relative=max(0,final_yield-null)-I-5N"
SY,Shenyang,2014,MaskablePPO,0.0,120.0,rl_candidate,2014,250,160,0.0,29.2,14.9,139.0,11205.0,20161.0,0.0,0.136,153,0.0,0.0,5797.0,4737.0,2014-09-07,pass,"counterfactual_common_baseline_relative=max(0,final_yield-null)-I-5N"
HLA,Hailun,2010,MaskablePPO,,,null,2010,125,1,8.6,13.7,6.2,0.0,0.0,0.0,0.0,0.0,238,0.0,0.0,-0.0,-0.0,2010-05-05,pass,"counterfactual_common_baseline_relative=max(0,final_yield-null)-I-5N"
HLA,Hailun,2010,MaskablePPO,,,null,2010,126,2,48.3,6.6,5.3,1.0,0.0,0.0,0.0,0.0,269,0.0,0.0,-0.0,-0.0,2010-05-06,pass,"counterfactual_common_baseline_relative=max(0,final_yield-null)-I-5N"
HLA,Hailun,2010,MaskablePPO,,,null,2010,127,3,1.1,11.8,4.3,2.0,0.0,0.0,0.0,0.0,267,0.0,0.0,-0.0,-0.0,2010-05-07,pass,"counterfactual_common_baseline_relative=max(0,final_yield-null)-I-5N"
HLA,Hailun,2010,MaskablePPO,,,null,2010,128,4,0.0,11.0,2.5,3.0,0.0,0.0,0.0,0.0,264,0.0,0.0,-0.0,-0.0,2010-05-08,pass,"counterfactual_common_baseline_relative=max(0,final_yield-null)-I-5N"
HLA,Hailun,2010,MaskablePPO,,,null,2010,129,5,1.8,12.1,1.8,4.0,0.0,0.0,0.0,0.0,264,0.0,0.0,-0.0,-0.0,2010-05-09,pass,"counterfactual_common_baseline_relative=max(0,final_yield-null)-I-5N"
HLA,Hailun,2010,MaskablePPO,,,null,2010,130,6,11.0,10.5,6.3,5.0,0.0,0.0,0.0,0.0,273,0.0,0.0,-0.0,-0.0,2010-05-10,pass,"counterfactual_common_baseline_relative=max(0,final_yield-null)-I-5N"
HLA,Hailun,2010,MaskablePPO,,,null,2010,131,7,0.4,13.3,6.5,6.0,0.0,0.0,0.0,0.0,271,0.0,0.0,-0.0,-0.0,2010-05-11,pass,"counterfactual_common_baseline_relative=max(0,final_yield-null)-I-5N"
HLA,Hailun,2010,MaskablePPO,,,null,2010,132,8,0.0,15.7,6.1,7.0,0.0,0.0,0.0,0.0,268,0.0,0.0,-0.0,-0.0,2010-05-12,pass,"counterfactual_common_baseline_relative=max(0,final_yield-null)-I-5N"
HLA,Hailun,2010,MaskablePPO,,,null,2010,133,9,0.0,20.2,4.2,8.0,0.0,0.0,0.0,0.0,265,0.0,0.0,-0.0,-0.0,2010-05-13,pass,"counterfactual_common_baseline_relative=max(0,final_yield-null)-I-5N"
HLA,Hailun,2010,MaskablePPO,,,null,2010,134,10,0.0,20.7,8.2,9.0,0.0,0.0,0.0,0.0,263,0.0,0.0,-0.0,-0.0,2010-05-14,pass,"counterfactual_common_baseline_relative=max(0,final_yield-null)-I-5N"
HLA,Hailun,2010,MaskablePPO,,,null,2010,135,11,2.0,20.9,11.0,10.0,0.0,0.0,0.0,0.0,264,0.0,0.0,-0.0,-0.0,2010-05-15,pass,"counterfactual_common_baseline_relative=max(0,final_yield-null)-I-5N"
HLA,Hailun,2010,MaskablePPO,,,null,2010,136,12,0.0,24.8,8.1,11.0,0.0,0.0,0.0,0.0,262,0.0,0.0,-0.0,-0.0,2010-05-16,pass,"counterfactual_common_baseline_relative=max(0,final_yield-null)-I-5N"
HLA,Hailun,2010,MaskablePPO,,,null,2010,137,13,2.9,21.9,13.0,12.0,0.0,0.0,0.0,0.0,263,0.0,0.0,-0.0,-0.0,2010-05-17,pass,"counterfactual_common_baseline_relative=max(0,final_yield-null)-I-5N"
HLA,Hailun,2010,MaskablePPO,,,null,2010,138,14,0.0,20.0,12.7,13.0,0.0,0.0,0.0,0.0,262,0.0,0.0,-0.0,-0.0,2010-05-18,pass,"counterfactual_common_baseline_relative=max(0,final_yield-null)-I-5N"
HLA,Hailun,2010,MaskablePPO,,,null,2010,139,15,9.2,19.2,12.3,14.0,0.0,0.0,0.0,0.0,267,0.0,0.0,-0.0,-0.0,2010-05-19,pass,"counterfactual_common_baseline_relative=max(0,final_yield-null)-I-5N"
HLA,Hailun,2010,MaskablePPO,,,null,2010,140,16,7.1,20.3,11.8,15.0,0.0,20.0,0.0,0.012,271,0.0,0.0,-0.0,-0.0,2010-05-20,pass,"counterfactual_common_baseline_relative=max(0,final_yield-null)-I-5N"
HLA,Hailun,2010,MaskablePPO,,,null,2010,141,17,1.5,25.7,12.3,16.0,0.0,20.0,0.0,0.016,266,0.0,0.0,-0.0,-0.0,2010-05-21,pass,"counterfactual_common_baseline_relative=max(0,final_yield-null)-I-5N"
HLA,Hailun,2010,MaskablePPO,,,null,2010,142,18,0.0,27.1,14.4,17.0,0.0,20.0,0.0,0.011,264,0.0,0.0,-0.0,-0.0,2010-05-22,pass,"counterfactual_common_baseline_relative=max(0,final_yield-null)-I-5N"
HLA,Hailun,2010,MaskablePPO,,,null,2010,143,19,0.0,32.1,14.4,18.0,0.0,20.0,0.0,0.004,263,0.0,0.0,-0.0,-0.0,2010-05-23,pass,"counterfactual_common_baseline_relative=max(0,final_yield-null)-I-5N"
HLA,Hailun,2010,MaskablePPO,,,null,2010,144,20,0.0,27.6,19.5,19.0,0.0,20.0,0.0,0.0,262,0.0,0.0,-0.0,-0.0,2010-05-24,pass,"counterfactual_common_baseline_relative=max(0,final_yield-null)-I-5N"
HLA,Hailun,2010,MaskablePPO,,,null,2010,145,21,0.0,26.6,14.4,20.0,0.0,20.0,0.0,0.0,261,0.0,0.0,-0.0,-0.0,2010-05-25,pass,"counterfactual_common_baseline_relative=max(0,final_yield-null)-I-5N"
HLA,Hailun,2010,MaskablePPO,,,null,2010,146,22,0.0,25.6,10.8,21.0,0.0,20.0,0.0,0.0,260,0.0,0.0,-0.0,-0.0,2010-05-26,pass,"counterfactual_common_baseline_relative=max(0,final_yield-null)-I-5N"
HLA,Hailun,2010,MaskablePPO,,,null,2010,147,23,0.0,27.3,7.3,22.0,0.0,24.0,0.0,0.0,259,0.0,0.0,-0.0,-0.0,2010-05-27,pass,"counterfactual_common_baseline_relative=max(0,final_yield-null)-I-5N"
HLA,Hailun,2010,MaskablePPO,,,null,2010,148,24,0.0,27.2,13.5,23.0,0.0,30.0,0.0,0.0,258,0.0,0.0,-0.0,-0.0,2010-05-28,pass,"counterfactual_common_baseline_relative=max(0,final_yield-null)-I-5N"
HLA,Hailun,2010,MaskablePPO,,,null,2010,149,25,4.4,23.4,13.8,24.0,0.0,36.0,0.0,0.0,259,0.0,0.0,-0.0,-0.0,2010-05-29,pass,"counterfactual_common_baseline_relative=max(0,final_yield-null)-I-5N"
HLA,Hailun,2010,MaskablePPO,,,null,2010,150,26,0.0,25.5,13.8,25.0,0.0,44.0,0.0,0.0,258,0.0,0.0,-0.0,-0.0,2010-05-30,pass,"counterfactual_common_baseline_relative=max(0,final_yield-null)-I-5N"
HLA,Hailun,2010,MaskablePPO,,,null,2010,151,27,0.0,28.3,11.7,26.0,0.0,53.0,0.0,0.0,257,0.0,0.0,-0.0,-0.0,2010-05-31,pass,"counterfactual_common_baseline_relative=max(0,final_yield-null)-I-5N"
HLA,Hailun,2010,MaskablePPO,,,null,2010,152,28,0.0,28.9,14.3,27.0,0.0,65.0,0.0,0.0,256,0.0,0.0,-0.0,-0.0,2010-06-01,pass,"counterfactual_common_baseline_relative=max(0,final_yield-null)-I-5N"
HLA,Hailun,2010,MaskablePPO,,,null,2010,153,29,0.0,154.3,15.5,28.0,0.0,65.0,0.416,0.0,252,0.0,0.0,-0.0,-0.0,2010-06-02,source_anomaly_preserved_not_imputed,"counterfactual_common_baseline_relative=max(0,final_yield-null)-I-5N"
HLA,Hailun,2010,MaskablePPO,,,null,2010,154,30,0.0,30.8,14.2,29.0,0.0,89.0,0.0,0.0,251,0.0,0.0,-0.0,-0.0,2010-06-03,pass,"counterfactual_common_baseline_relative=max(0,final_yield-null)-I-5N"
HLA,Hailun,2010,MaskablePPO,,,null,2010,155,31,0.0,34.3,16.7,30.0,0.0,117.0,0.0,0.0,249,0.0,0.0,-0.0,-0.0,2010-06-04,pass,"counterfactual_common_baseline_relative=max(0,final_yield-null)-I-5N"
HLA,Hailun,2010,MaskablePPO,,,null,2010,156,32,0.0,31.5,18.7,31.0,0.0,141.0,0.0,0.0,248,0.0,0.0,-0.0,-0.0,2010-06-05,pass,"counterfactual_common_baseline_relative=max(0,final_yield-null)-I-5N"
HLA,Hailun,2010,MaskablePPO,,,null,2010,157,33,0.0,27.3,12.7,32.0,0.0,168.0,0.0,0.004,246,0.0,0.0,-0.0,-0.0,2010-06-06,pass,"counterfactual_common_baseline_relative=max(0,final_yield-null)-I-5N"
HLA,Hailun,2010,MaskablePPO,,,null,2010,158,34,0.0,33.1,18.0,33.0,0.0,213.0,0.0,0.0,244,0.0,0.0,-0.0,-0.0,2010-06-07,pass,"counterfactual_common_baseline_relative=max(0,final_yield-null)-I-5N"
HLA,Hailun,2010,MaskablePPO,,,null,2010,159,35,0.0,34.8,21.1,34.0,0.0,272.0,0.0,0.0,242,0.0,0.0,-0.0,-0.0,2010-06-08,pass,"counterfactual_common_baseline_relative=max(0,final_yield-null)-I-5N"
HLA,Hailun,2010,MaskablePPO,,,null,2010,160,36,0.0,32.3,15.5,35.0,0.0,328.0,0.0,0.0,240,0.0,0.0,-0.0,-0.0,2010-06-09,pass,"counterfactual_common_baseline_relative=max(0,final_yield-null)-I-5N"
HLA,Hailun,2010,MaskablePPO,,,null,2010,161,37,0.0,36.4,18.9,36.0,0.0,406.0,0.0,0.0,237,0.0,0.0,-0.0,-0.0,2010-06-10,pass,"counterfactual_common_baseline_relative=max(0,final_yield-null)-I-5N"
HLA,Hailun,2010,MaskablePPO,,,null,2010,162,38,0.0,36.7,20.3,37.0,0.0,498.0,0.0,0.0,234,0.0,0.0,-0.0,-0.0,2010-06-11,pass,"counterfactual_common_baseline_relative=max(0,final_yield-null)-I-5N"
HLA,Hailun,2010,MaskablePPO,,,null,2010,163,39,1.5,26.8,19.4,38.0,0.0,567.0,0.0,0.0,233,0.0,0.0,-0.0,-0.0,2010-06-12,pass,"counterfactual_common_baseline_relative=max(0,final_yield-null)-I-5N"
HLA,Hailun,2010,MaskablePPO,,,null,2010,164,40,0.0,29.4,18.2,39.0,0.0,657.0,0.0,0.0,230,0.0,0.0,-0.0,-0.0,2010-06-13,pass,"counterfactual_common_baseline_relative=max(0,final_yield-null)-I-5N"
HLA,Hailun,2010,MaskablePPO,,,null,2010,165,41,0.0,30.3,18.6,40.0,0.0,755.0,0.0,0.0,227,0.0,0.0,-0.0,-0.0,2010-06-14,pass,"counterfactual_common_baseline_relative=max(0,final_yield-null)-I-5N"
HLA,Hailun,2010,MaskablePPO,,,null,2010,166,42,0.0,26.8,18.0,41.0,0.0,845.0,0.0,0.0,224,0.0,0.0,-0.0,-0.0,2010-06-15,pass,"counterfactual_common_baseline_relative=max(0,final_yield-null)-I-5N"
HLA,Hailun,2010,MaskablePPO,,,null,2010,167,43,16.0,28.7,16.3,42.0,0.0,939.0,0.0,0.0,235,0.0,0.0,-0.0,-0.0,2010-06-16,pass,"counterfactual_common_baseline_relative=max(0,final_yield-null)-I-5N"
HLA,Hailun,2010,MaskablePPO,,,null,2010,168,44,0.0,30.7,15.9,43.0,0.0,1044.0,0.0,0.0,230,0.0,0.0,-0.0,-0.0,2010-06-17,pass,"counterfactual_common_baseline_relative=max(0,final_yield-null)-I-5N"
HLA,Hailun,2010,MaskablePPO,,,null,2010,169,45,0.0,32.0,18.8,44.0,0.0,1169.0,0.0,0.0,224,0.0,0.0,-0.0,-0.0,2010-06-18,pass,"counterfactual_common_baseline_relative=max(0,final_yield-null)-I-5N"
HLA,Hailun,2010,MaskablePPO,,,null,2010,170,46,6.2,33.4,19.9,45.0,0.0,1312.0,0.0,0.0,225,0.0,0.0,-0.0,-0.0,2010-06-19,pass,"counterfactual_common_baseline_relative=max(0,final_yield-null)-I-5N"
HLA,Hailun,2010,MaskablePPO,,,null,2010,171,47,0.0,22.4,15.2,46.0,0.0,1399.0,0.0,0.0,219,0.0,0.0,-0.0,-0.0,2010-06-20,pass,"counterfactual_common_baseline_relative=max(0,final_yield-null)-I-5N"
HLA,Hailun,2010,MaskablePPO,,,null,2010,172,48,5.3,19.8,11.0,47.0,0.0,1461.0,0.0,0.0,222,0.0,0.0,-0.0,-0.0,2010-06-21,pass,"counterfactual_common_baseline_relative=max(0,final_yield-null)-I-5N"
HLA,Hailun,2010,MaskablePPO,,,null,2010,173,49,0.0,26.7,9.9,48.0,0.0,1549.0,0.0,0.0,216,0.0,0.0,-0.0,-0.0,2010-06-22,pass,"counterfactual_common_baseline_relative=max(0,final_yield-null)-I-5N"
HLA,Hailun,2010,MaskablePPO,,,null,2010,174,50,0.0,33.3,14.9,49.0,0.0,1696.0,0.0,0.0,209,0.0,0.0,-0.0,-0.0,2010-06-23,pass,"counterfactual_common_baseline_relative=max(0,final_yield-null)-I-5N"
HLA,Hailun,2010,MaskablePPO,,,null,2010,175,51,0.0,37.4,19.7,50.0,0.0,1891.0,0.0,0.0,201,0.0,0.0,-0.0,-0.0,2010-06-24,pass,"counterfactual_common_baseline_relative=max(0,final_yield-null)-I-5N"
HLA,Hailun,2010,MaskablePPO,,,null,2010,176,52,0.0,35.4,19.9,51.0,0.0,2097.0,0.0,0.0,193,0.0,0.0,-0.0,-0.0,2010-06-25,pass,"counterfactual_common_baseline_relative=max(0,final_yield-null)-I-5N"
HLA,Hailun,2010,MaskablePPO,,,null,2010,177,53,0.0,37.1,20.7,52.0,0.0,2331.0,0.0,0.0,186,0.0,0.0,-0.0,-0.0,2010-06-26,pass,"counterfactual_common_baseline_relative=max(0,final_yield-null)-I-5N"
HLA,Hailun,2010,MaskablePPO,,,null,2010,178,54,0.0,35.9,20.7,53.0,0.0,2581.0,0.0,0.0,179,0.0,0.0,-0.0,-0.0,2010-06-27,pass,"counterfactual_common_baseline_relative=max(0,final_yield-null)-I-5N"
HLA,Hailun,2010,MaskablePPO,,,null,2010,179,55,0.0,32.6,21.7,54.0,0.0,2840.0,0.0,0.0,173,0.0,0.0,-0.0,-0.0,2010-06-28,pass,"counterfactual_common_baseline_relative=max(0,final_yield-null)-I-5N"
HLA,Hailun,2010,MaskablePPO,,,null,2010,180,56,3.8,31.0,20.1,55.0,0.0,3094.0,0.0,0.0,171,0.0,0.0,-0.0,-0.0,2010-06-29,pass,"counterfactual_common_baseline_relative=max(0,final_yield-null)-I-5N"
HLA,Hailun,2010,MaskablePPO,,,null,2010,181,57,2.6,28.8,21.6,56.0,0.0,3354.0,0.0,0.0,170,0.0,0.0,-0.0,-0.0,2010-06-30,pass,"counterfactual_common_baseline_relative=max(0,final_yield-null)-I-5N"
HLA,Hailun,2010,MaskablePPO,,,null,2010,182,58,0.0,29.2,21.6,57.0,0.0,3644.0,0.0,0.0,165,0.0,0.0,-0.0,-0.0,2010-07-01,pass,"counterfactual_common_baseline_relative=max(0,final_yield-null)-I-5N"
HLA,Hailun,2010,MaskablePPO,,,null,2010,183,59,15.3,29.0,19.7,58.0,0.0,3935.0,0.0,0.0,176,0.0,0.0,-0.0,-0.0,2010-07-02,pass,"counterfactual_common_baseline_relative=max(0,final_yield-null)-I-5N"
HLA,Hailun,2010,MaskablePPO,,,null,2010,184,60,0.0,30.5,19.5,59.0,0.0,4258.0,0.0,0.0,170,0.0,0.0,-0.0,-0.0,2010-07-03,pass,"counterfactual_common_baseline_relative=max(0,final_yield-null)-I-5N"
HLA,Hailun,2010,MaskablePPO,,,null,2010,185,61,13.1,26.1,16.7,60.0,0.0,4431.0,0.0,0.0,180,0.0,0.0,-0.0,-0.0,2010-07-04,pass,"counterfactual_common_baseline_relative=max(0,final_yield-null)-I-5N"
HLA,Hailun,2010,MaskablePPO,,,null,2010,186,62,4.4,22.7,15.8,61.0,0.0,4675.0,0.0,0.0,182,0.0,0.0,-0.0,-0.0,2010-07-05,pass,"counterfactual_common_baseline_relative=max(0,final_yield-null)-I-5N"
HLA,Hailun,2010,MaskablePPO,,,null,2010,187,63,0.0,20.3,14.9,62.0,0.0,4904.0,0.0,0.0,179,0.0,0.0,-0.0,-0.0,2010-07-06,pass,"counterfactual_common_baseline_relative=max(0,final_yield-null)-I-5N"
HLA,Hailun,2010,MaskablePPO,,,null,2010,188,64,0.0,21.9,15.3,63.0,0.0,5130.0,0.0,0.0,176,0.0,0.0,-0.0,-0.0,2010-07-07,pass,"counterfactual_common_baseline_relative=max(0,final_yield-null)-I-5N"
HLA,Hailun,2010,MaskablePPO,,,null,2010,189,65,0.0,26.6,14.5,64.0,0.0,5377.0,0.0,0.0,171,0.0,0.0,-0.0,-0.0,2010-07-08,pass,"counterfactual_common_baseline_relative=max(0,final_yield-null)-I-5N"
HLA,Hailun,2010,MaskablePPO,,,null,2010,190,66,0.0,27.9,17.5,65.0,0.0,5649.0,0.0,0.0,165,0.0,0.0,-0.0,-0.0,2010-07-09,pass,"counterfactual_common_baseline_relative=max(0,final_yield-null)-I-5N"
HLA,Hailun,2010,MaskablePPO,,,null,2010,191,67,0.0,28.1,16.6,66.0,0.0,5905.0,0.0,0.0,160,0.0,0.0,-0.0,-0.0,2010-07-10,pass,"counterfactual_common_baseline_relative=max(0,final_yield-null)-I-5N"
HLA,Hailun,2010,MaskablePPO,,,null,2010,192,68,0.0,30.5,16.0,67.0,0.0,6168.0,0.0,0.0,155,0.0,0.0,-0.0,-0.0,2010-07-11,pass,"counterfactual_common_baseline_relative=max(0,final_yield-null)-I-5N"
HLA,Hailun,2010,MaskablePPO,,,null,2010,193,69,0.0,30.0,16.2,68.0,0.0,6422.0,0.0,0.0,148,0.0,0.0,-0.0,-0.0,2010-07-12,pass,"counterfactual_common_baseline_relative=max(0,final_yield-null)-I-5N"
HLA,Hailun,2010,MaskablePPO,,,null,2010,194,70,0.0,29.0,18.6,69.0,0.0,6682.0,0.0,0.0,142,0.0,0.0,-0.0,-0.0,2010-07-13,pass,"counterfactual_common_baseline_relative=max(0,final_yield-null)-I-5N"
HLA,Hailun,2010,MaskablePPO,,,null,2010,195,71,0.0,30.4,13.8,70.0,0.0,6910.0,0.0,0.0,136,0.0,0.0,-0.0,-0.0,2010-07-14,pass,"counterfactual_common_baseline_relative=max(0,final_yield-null)-I-5N"
HLA,Hailun,2010,MaskablePPO,,,null,2010,196,72,4.1,28.8,18.8,71.0,0.0,7163.0,0.0,0.0,135,0.0,0.0,-0.0,-0.0,2010-07-15,pass,"counterfactual_common_baseline_relative=max(0,final_yield-null)-I-5N"
HLA,Hailun,2010,MaskablePPO,,,null,2010,197,73,31.2,24.1,19.8,72.0,0.0,7234.0,0.0,0.0,161,0.0,0.0,-0.0,-0.0,2010-07-16,pass,"counterfactual_common_baseline_relative=max(0,final_yield-null)-I-5N"
HLA,Hailun,2010,MaskablePPO,,,null,2010,198,74,0.0,26.4,22.3,73.0,0.0,7495.0,0.0,0.0,156,0.0,0.0,-0.0,-0.0,2010-07-17,pass,"counterfactual_common_baseline_relative=max(0,final_yield-null)-I-5N"
HLA,Hailun,2010,MaskablePPO,,,null,2010,199,75,0.0,28.0,19.1,74.0,0.0,7744.0,0.0,0.0,153,0.0,0.0,-0.0,-0.0,2010-07-18,pass,"counterfactual_common_baseline_relative=max(0,final_yield-null)-I-5N"
HLA,Hailun,2010,MaskablePPO,,,null,2010,200,76,6.3,27.4,16.1,75.0,0.0,7964.0,0.0,0.0,155,0.0,0.0,-0.0,-0.0,2010-07-19,pass,"counterfactual_common_baseline_relative=max(0,final_yield-null)-I-5N"
HLA,Hailun,2010,MaskablePPO,,,null,2010,201,77,0.2,24.7,19.1,76.0,0.0,8147.0,0.0,0.0,153,0.0,0.0,-0.0,-0.0,2010-07-20,pass,"counterfactual_common_baseline_relative=max(0,final_yield-null)-I-5N"
HLA,Hailun,2010,MaskablePPO,,,null,2010,202,78,1.3,27.9,17.8,77.0,0.0,8386.0,0.0,0.0,149,0.0,0.0,-0.0,-0.0,2010-07-21,pass,"counterfactual_common_baseline_relative=max(0,final_yield-null)-I-5N"
HLA,Hailun,2010,MaskablePPO,,,null,2010,203,79,0.2,28.3,17.5,78.0,0.0,8854.0,0.0,0.0,143,0.0,0.0,-0.0,-0.0,2010-07-22,pass,"counterfactual_common_baseline_relative=max(0,final_yield-null)-I-5N"
HLA,Hailun,2010,MaskablePPO,,,null,2010,204,80,0.3,29.6,17.0,79.0,0.0,9323.0,0.0,0.0,137,0.0,0.0,-0.0,-0.0,2010-07-23,pass,"counterfactual_common_baseline_relative=max(0,final_yield-null)-I-5N"
HLA,Hailun,2010,MaskablePPO,,,null,2010,205,81,0.0,29.8,19.1,80.0,0.0,9744.0,0.0,0.0,131,0.0,0.0,-0.0,-0.0,2010-07-24,pass,"counterfactual_common_baseline_relative=max(0,final_yield-null)-I-5N"
HLA,Hailun,2010,MaskablePPO,,,null,2010,206,82,0.0,29.7,19.1,81.0,0.0,10168.0,0.0,0.0,126,0.0,0.0,-0.0,-0.0,2010-07-25,pass,"counterfactual_common_baseline_relative=max(0,final_yield-null)-I-5N"
HLA,Hailun,2010,MaskablePPO,,,null,2010,207,83,9.8,27.9,17.4,82.0,0.0,10432.0,0.0,0.0,132,0.0,0.0,-0.0,-0.0,2010-07-26,pass,"counterfactual_common_baseline_relative=max(0,final_yield-null)-I-5N"
HLA,Hailun,2010,MaskablePPO,,,null,2010,208,84,0.0,26.8,13.2,83.0,0.0,10688.0,0.0,0.0,128,0.0,0.0,-0.0,-0.0,2010-07-27,pass,"counterfactual_common_baseline_relative=max(0,final_yield-null)-I-5N"
HLA,Hailun,2010,MaskablePPO,,,null,2010,209,85,0.0,23.5,11.1,84.0,0.0,11085.0,0.0,0.0,123,0.0,0.0,-0.0,-0.0,2010-07-28,pass,"counterfactual_common_baseline_relative=max(0,final_yield-null)-I-5N"
HLA,Hailun,2010,MaskablePPO,,,null,2010,210,86,0.0,27.2,12.5,85.0,0.0,11465.0,0.0,0.0,118,0.0,0.0,-0.0,-0.0,2010-07-29,pass,"counterfactual_common_baseline_relative=max(0,final_yield-null)-I-5N"
HLA,Hailun,2010,MaskablePPO,,,null,2010,211,87,4.2,27.9,17.0,86.0,0.0,11764.0,0.0,0.0,118,0.0,0.0,-0.0,-0.0,2010-07-30,pass,"counterfactual_common_baseline_relative=max(0,final_yield-null)-I-5N"
HLA,Hailun,2010,MaskablePPO,,,null,2010,212,88,0.0,25.1,16.4,87.0,0.0,12091.0,0.0,0.0,113,0.0,0.0,-0.0,-0.0,2010-07-31,pass,"counterfactual_common_baseline_relative=max(0,final_yield-null)-I-5N"
HLA,Hailun,2010,MaskablePPO,,,null,2010,213,89,0.0,23.9,11.4,88.0,0.0,12425.0,0.0,0.0,109,0.0,0.0,-0.0,-0.0,2010-08-01,pass,"counterfactual_common_baseline_relative=max(0,final_yield-null)-I-5N"
HLA,Hailun,2010,MaskablePPO,,,null,2010,214,90,0.0,26.7,14.0,89.0,0.0,12589.0,0.532,0.0,106,0.0,0.0,-0.0,-0.0,2010-08-02,pass,"counterfactual_common_baseline_relative=max(0,final_yield-null)-I-5N"
HLA,Hailun,2010,MaskablePPO,,,null,2010,215,91,0.0,27.2,16.7,90.0,0.0,12682.0,0.332,0.0,104,0.0,0.0,-0.0,-0.0,2010-08-03,pass,"counterfactual_common_baseline_relative=max(0,final_yield-null)-I-5N"
HLA,Hailun,2010,MaskablePPO,,,null,2010,216,92,0.0,23.5,16.3,91.0,211.0,12800.0,0.0,0.0,103,0.0,0.0,-0.0,-0.0,2010-08-04,pass,"counterfactual_common_baseline_relative=max(0,final_yield-null)-I-5N"
HLA,Hailun,2010,MaskablePPO,,,null,2010,217,93,0.0,22.8,19.6,92.0,406.0,12931.0,0.135,0.0,102,0.0,0.0,-0.0,-0.0,2010-08-05,pass,"counterfactual_common_baseline_relative=max(0,final_yield-null)-I-5N"
HLA,Hailun,2010,MaskablePPO,,,null,2010,218,94,0.0,20.1,14.5,93.0,616.0,13042.0,0.0,0.0,101,0.0,0.0,-0.0,-0.0,2010-08-06,pass,"counterfactual_common_baseline_relative=max(0,final_yield-null)-I-5N"
HLA,Hailun,2010,MaskablePPO,,,null,2010,219,95,0.0,26.8,13.0,94.0,740.0,13144.0,0.751,0.0,99,0.0,0.0,-0.0,-0.0,2010-08-07,pass,"counterfactual_common_baseline_relative=max(0,final_yield-null)-I-5N"
HLA,Hailun,2010,MaskablePPO,,,null,2010,220,96,0.6,20.4,15.0,95.0,950.0,13241.0,0.0,0.0,99,0.0,0.0,-0.0,-0.0,2010-08-08,pass,"counterfactual_common_baseline_relative=max(0,final_yield-null)-I-5N"
HLA,Hailun,2010,MaskablePPO,,,null,2010,221,97,16.0,25.3,17.1,96.0,1071.0,13286.0,0.776,0.0,115,0.0,0.0,-0.0,-0.0,2010-08-09,pass,"counterfactual_common_baseline_relative=max(0,final_yield-null)-I-5N"
HLA,Hailun,2010,MaskablePPO,,,null,2010,222,98,4.4,23.6,15.2,97.0,1281.0,13615.0,0.0,0.0,114,0.0,0.0,-0.0,-0.0,2010-08-10,pass,"counterfactual_common_baseline_relative=max(0,final_yield-null)-I-5N"
HLA,Hailun,2010,MaskablePPO,,,null,2010,223,99,0.0,26.3,13.4,98.0,1492.0,13939.0,0.0,0.0,110,0.0,0.0,-0.0,-0.0,2010-08-11,pass,"counterfactual_common_baseline_relative=max(0,final_yield-null)-I-5N"
HLA,Hailun,2010,MaskablePPO,,,null,2010,224,100,0.0,25.1,14.6,99.0,1703.0,14275.0,0.0,0.0,105,0.0,0.0,-0.0,-0.0,2010-08-12,pass,"counterfactual_common_baseline_relative=max(0,final_yield-null)-I-5N"
HLA,Hailun,2010,MaskablePPO,,,null,2010,225,101,0.0,26.0,10.8,100.0,1913.0,14572.0,0.0,0.0,101,0.0,0.0,-0.0,-0.0,2010-08-13,pass,"counterfactual_common_baseline_relative=max(0,final_yield-null)-I-5N"
HLA,Hailun,2010,MaskablePPO,,,null,2010,226,102,34.7,22.7,15.9,101.0,2098.0,14667.0,0.224,0.0,130,0.0,0.0,-0.0,-0.0,2010-08-14,pass,"counterfactual_common_baseline_relative=max(0,final_yield-null)-I-5N"
HLA,Hailun,2010,MaskablePPO,,,null,2010,227,103,10.5,22.5,15.3,102.0,2308.0,14937.0,0.0,0.0,137,0.0,0.0,-0.0,-0.0,2010-08-15,pass,"counterfactual_common_baseline_relative=max(0,final_yield-null)-I-5N"
HLA,Hailun,2010,MaskablePPO,,,null,2010,228,104,0.0,25.7,11.7,103.0,2519.0,15201.0,0.0,0.0,132,0.0,0.0,-0.0,-0.0,2010-08-16,pass,"counterfactual_common_baseline_relative=max(0,final_yield-null)-I-5N"
HLA,Hailun,2010,MaskablePPO,,,null,2010,229,105,0.0,27.9,14.5,104.0,2729.0,15412.0,0.0,0.0,127,0.0,0.0,-0.0,-0.0,2010-08-17,pass,"counterfactual_common_baseline_relative=max(0,final_yield-null)-I-5N"
HLA,Hailun,2010,MaskablePPO,,,null,2010,230,106,0.0,27.8,17.8,105.0,2940.0,15622.0,0.0,0.0,122,0.0,0.0,-0.0,-0.0,2010-08-18,pass,"counterfactual_common_baseline_relative=max(0,final_yield-null)-I-5N"
HLA,Hailun,2010,MaskablePPO,,,null,2010,231,107,0.8,23.9,18.6,106.0,3151.0,15730.0,0.0,0.0,122,0.0,0.0,-0.0,-0.0,2010-08-19,pass,"counterfactual_common_baseline_relative=max(0,final_yield-null)-I-5N"
HLA,Hailun,2010,MaskablePPO,,,null,2010,232,108,0.0,29.1,19.3,107.0,3361.0,15976.0,0.0,0.0,119,0.0,0.0,-0.0,-0.0,2010-08-20,pass,"counterfactual_common_baseline_relative=max(0,final_yield-null)-I-5N"
HLA,Hailun,2010,MaskablePPO,,,null,2010,233,109,0.0,24.9,12.9,108.0,3572.0,16254.0,0.0,0.0,114,0.0,0.0,-0.0,-0.0,2010-08-21,pass,"counterfactual_common_baseline_relative=max(0,final_yield-null)-I-5N"
HLA,Hailun,2010,MaskablePPO,,,null,2010,234,110,0.0,25.1,14.1,109.0,3782.0,16465.0,0.0,0.0,112,0.0,0.0,-0.0,-0.0,2010-08-22,pass,"counterfactual_common_baseline_relative=max(0,final_yield-null)-I-5N"
HLA,Hailun,2010,MaskablePPO,,,null,2010,235,111,16.2,22.9,15.6,110.0,3993.0,16675.0,0.0,0.0,125,0.0,0.0,-0.0,-0.0,2010-08-23,pass,"counterfactual_common_baseline_relative=max(0,final_yield-null)-I-5N"
HLA,Hailun,2010,MaskablePPO,,,null,2010,236,112,0.0,23.9,14.7,111.0,4203.0,16886.0,0.0,0.0,122,0.0,0.0,-0.0,-0.0,2010-08-24,pass,"counterfactual_common_baseline_relative=max(0,final_yield-null)-I-5N"
HLA,Hailun,2010,MaskablePPO,,,null,2010,237,113,0.0,27.8,11.2,112.0,4414.0,17096.0,0.0,0.0,117,0.0,0.0,-0.0,-0.0,2010-08-25,pass,"counterfactual_common_baseline_relative=max(0,final_yield-null)-I-5N"
HLA,Hailun,2010,MaskablePPO,,,null,2010,238,114,0.0,29.9,12.6,113.0,4625.0,17307.0,0.0,0.0,112,0.0,0.0,-0.0,-0.0,2010-08-26,pass,"counterfactual_common_baseline_relative=max(0,final_yield-null)-I-5N"
HLA,Hailun,2010,MaskablePPO,,,null,2010,239,115,0.0,29.4,15.7,114.0,4835.0,17517.0,0.0,0.0,108,0.0,0.0,-0.0,-0.0,2010-08-27,pass,"counterfactual_common_baseline_relative=max(0,final_yield-null)-I-5N"
HLA,Hailun,2010,MaskablePPO,,,null,2010,240,116,5.7,21.1,18.2,115.0,5046.0,17584.0,0.0,0.0,113,0.0,0.0,-0.0,-0.0,2010-08-28,pass,"counterfactual_common_baseline_relative=max(0,final_yield-null)-I-5N"
HLA,Hailun,2010,MaskablePPO,,,null,2010,241,117,0.2,23.0,18.1,116.0,5256.0,17797.0,0.0,0.014,110,0.0,0.0,-0.0,-0.0,2010-08-29,pass,"counterfactual_common_baseline_relative=max(0,final_yield-null)-I-5N"
HLA,Hailun,2010,MaskablePPO,,,null,2010,242,118,5.7,21.6,13.7,117.0,5467.0,17965.0,0.0,0.019,114,0.0,0.0,-0.0,-0.0,2010-08-30,pass,"counterfactual_common_baseline_relative=max(0,final_yield-null)-I-5N"
HLA,Hailun,2010,MaskablePPO,,,null,2010,243,119,2.9,20.8,10.5,118.0,5670.0,18190.0,0.0,0.038,114,0.0,0.0,-0.0,-0.0,2010-08-31,pass,"counterfactual_common_baseline_relative=max(0,final_yield-null)-I-5N"
HLA,Hailun,2010,MaskablePPO,,,null,2010,244,120,0.0,24.2,8.0,119.0,5881.0,18473.0,0.0,0.054,110,0.0,0.0,-0.0,-0.0,2010-09-01,pass,"counterfactual_common_baseline_relative=max(0,final_yield-null)-I-5N"
HLA,Hailun,2010,MaskablePPO,,,null,2010,245,121,0.0,26.4,11.1,120.0,6092.0,18752.0,0.0,0.073,106,0.0,0.0,-0.0,-0.0,2010-09-02,pass,"counterfactual_common_baseline_relative=max(0,final_yield-null)-I-5N"
HLA,Hailun,2010,MaskablePPO,,,null,2010,246,122,0.0,27.7,11.9,121.0,6302.0,18984.0,0.0,0.096,103,0.0,0.0,-0.0,-0.0,2010-09-03,pass,"counterfactual_common_baseline_relative=max(0,final_yield-null)-I-5N"
HLA,Hailun,2010,MaskablePPO,,,null,2010,247,123,0.0,28.7,15.2,122.0,6439.0,19095.0,0.638,0.116,101,0.0,0.0,-0.0,-0.0,2010-09-04,pass,"counterfactual_common_baseline_relative=max(0,final_yield-null)-I-5N"
HLA,Hailun,2010,MaskablePPO,,,null,2010,248,124,0.2,25.9,14.3,123.0,6571.0,19159.0,0.678,0.128,100,0.0,0.0,-0.0,-0.0,2010-09-05,pass,"counterfactual_common_baseline_relative=max(0,final_yield-null)-I-5N"
HLA,Hailun,2010,MaskablePPO,,,null,2010,249,125,0.2,23.2,11.5,124.0,6686.0,19220.0,0.82,0.137,99,0.0,0.0,-0.0,-0.0,2010-09-06,pass,"counterfactual_common_baseline_relative=max(0,final_yield-null)-I-5N"
HLA,Hailun,2010,MaskablePPO,,,null,2010,250,126,0.0,20.4,2.3,125.0,6747.0,19268.0,0.874,0.145,98,0.0,0.0,-0.0,-0.0,2010-09-07,pass,"counterfactual_common_baseline_relative=max(0,final_yield-null)-I-5N"
HLA,Hailun,2010,MaskablePPO,,,null,2010,251,127,0.0,24.4,6.1,126.0,6850.0,19314.0,0.863,0.145,98,0.0,0.0,-0.0,-0.0,2010-09-08,pass,"counterfactual_common_baseline_relative=max(0,final_yield-null)-I-5N"
HLA,Hailun,2010,MaskablePPO,,,null,2010,252,128,0.0,27.9,8.8,127.0,6956.0,19344.0,0.899,0.153,98,0.0,0.0,-0.0,-0.0,2010-09-09,pass,"counterfactual_common_baseline_relative=max(0,final_yield-null)-I-5N"
HLA,Hailun,2010,MaskablePPO,,,null,2010,253,129,0.0,29.6,11.2,128.0,6956.0,19344.0,0.913,0.157,97,0.0,0.0,-0.0,-0.0,2010-09-10,pass,"counterfactual_common_baseline_relative=max(0,final_yield-null)-I-5N"
HLA,Hailun,2010,MaskablePPO,,,null,2010,254,130,0.0,31.2,13.9,129.0,6956.0,19344.0,0.919,0.157,97,0.0,0.0,-0.0,-0.0,2010-09-11,pass,"counterfactual_common_baseline_relative=max(0,final_yield-null)-I-5N"
HLA,Hailun,2010,MaskablePPO,,,null,2010,255,131,0.0,31.6,14.0,130.0,6956.0,19344.0,0.0,0.157,97,0.0,0.0,0.0,0.0,2010-09-12,pass,"counterfactual_common_baseline_relative=max(0,final_yield-null)-I-5N"
HLA,Hailun,2010,MaskablePPO,,,recorded_farmer,2010,125,1,8.6,13.7,6.2,0.0,0.0,0.0,0.0,0.0,238,0.0,165.0,-825.0,-825.0,2010-05-05,pass,"counterfactual_common_baseline_relative=max(0,final_yield-null)-I-5N"
HLA,Hailun,2010,MaskablePPO,,,recorded_farmer,2010,126,2,48.3,6.6,5.3,1.0,0.0,0.0,0.0,0.0,269,0.0,0.0,-0.0,-825.0,2010-05-06,pass,"counterfactual_common_baseline_relative=max(0,final_yield-null)-I-5N"
HLA,Hailun,2010,MaskablePPO,,,recorded_farmer,2010,127,3,1.1,11.8,4.3,2.0,0.0,0.0,0.0,0.0,267,0.0,0.0,-0.0,-825.0,2010-05-07,pass,"counterfactual_common_baseline_relative=max(0,final_yield-null)-I-5N"
HLA,Hailun,2010,MaskablePPO,,,recorded_farmer,2010,128,4,0.0,11.0,2.5,3.0,0.0,0.0,0.0,0.0,264,0.0,0.0,-0.0,-825.0,2010-05-08,pass,"counterfactual_common_baseline_relative=max(0,final_yield-null)-I-5N"
HLA,Hailun,2010,MaskablePPO,,,recorded_farmer,2010,129,5,1.8,12.1,1.8,4.0,0.0,0.0,0.0,0.0,264,0.0,0.0,-0.0,-825.0,2010-05-09,pass,"counterfactual_common_baseline_relative=max(0,final_yield-null)-I-5N"
HLA,Hailun,2010,MaskablePPO,,,recorded_farmer,2010,130,6,11.0,10.5,6.3,5.0,0.0,0.0,0.0,0.0,273,0.0,0.0,-0.0,-825.0,2010-05-10,pass,"counterfactual_common_baseline_relative=max(0,final_yield-null)-I-5N"
HLA,Hailun,2010,MaskablePPO,,,recorded_farmer,2010,131,7,0.4,13.3,6.5,6.0,0.0,0.0,0.0,0.0,271,0.0,0.0,-0.0,-825.0,2010-05-11,pass,"counterfactual_common_baseline_relative=max(0,final_yield-null)-I-5N"
HLA,Hailun,2010,MaskablePPO,,,recorded_farmer,2010,132,8,0.0,15.7,6.1,7.0,0.0,0.0,0.0,0.0,268,0.0,0.0,-0.0,-825.0,2010-05-12,pass,"counterfactual_common_baseline_relative=max(0,final_yield-null)-I-5N"
HLA,Hailun,2010,MaskablePPO,,,recorded_farmer,2010,133,9,0.0,20.2,4.2,8.0,0.0,0.0,0.0,0.0,265,0.0,0.0,-0.0,-825.0,2010-05-13,pass,"counterfactual_common_baseline_relative=max(0,final_yield-null)-I-5N"
HLA,Hailun,2010,MaskablePPO,,,recorded_farmer,2010,134,10,0.0,20.7,8.2,9.0,0.0,0.0,0.0,0.0,263,0.0,0.0,-0.0,-825.0,2010-05-14,pass,"counterfactual_common_baseline_relative=max(0,final_yield-null)-I-5N"
HLA,Hailun,2010,MaskablePPO,,,recorded_farmer,2010,135,11,2.0,20.9,11.0,10.0,0.0,0.0,0.0,0.0,264,0.0,0.0,-0.0,-825.0,2010-05-15,pass,"counterfactual_common_baseline_relative=max(0,final_yield-null)-I-5N"
HLA,Hailun,2010,MaskablePPO,,,recorded_farmer,2010,136,12,0.0,24.8,8.1,11.0,0.0,0.0,0.0,0.0,262,0.0,0.0,-0.0,-825.0,2010-05-16,pass,"counterfactual_common_baseline_relative=max(0,final_yield-null)-I-5N"
HLA,Hailun,2010,MaskablePPO,,,recorded_farmer,2010,137,13,2.9,21.9,13.0,12.0,0.0,0.0,0.0,0.0,263,0.0,0.0,-0.0,-825.0,2010-05-17,pass,"counterfactual_common_baseline_relative=max(0,final_yield-null)-I-5N"
HLA,Hailun,2010,MaskablePPO,,,recorded_farmer,2010,138,14,0.0,20.0,12.7,13.0,0.0,0.0,0.0,0.0,262,0.0,0.0,-0.0,-825.0,2010-05-18,pass,"counterfactual_common_baseline_relative=max(0,final_yield-null)-I-5N"
HLA,Hailun,2010,MaskablePPO,,,recorded_farmer,2010,139,15,9.2,19.2,12.3,14.0,0.0,0.0,0.0,0.0,267,0.0,0.0,-0.0,-825.0,2010-05-19,pass,"counterfactual_common_baseline_relative=max(0,final_yield-null)-I-5N"
HLA,Hailun,2010,MaskablePPO,,,recorded_farmer,2010,140,16,7.1,20.3,11.8,15.0,0.0,20.0,0.0,0.012,271,0.0,0.0,-0.0,-825.0,2010-05-20,pass,"counterfactual_common_baseline_relative=max(0,final_yield-null)-I-5N"
HLA,Hailun,2010,MaskablePPO,,,recorded_farmer,2010,141,17,1.5,25.7,12.3,16.0,0.0,20.0,0.0,0.016,266,0.0,0.0,-0.0,-825.0,2010-05-21,pass,"counterfactual_common_baseline_relative=max(0,final_yield-null)-I-5N"
HLA,Hailun,2010,MaskablePPO,,,recorded_farmer,2010,142,18,0.0,27.1,14.4,17.0,0.0,20.0,0.0,0.011,264,0.0,0.0,-0.0,-825.0,2010-05-22,pass,"counterfactual_common_baseline_relative=max(0,final_yield-null)-I-5N"
HLA,Hailun,2010,MaskablePPO,,,recorded_farmer,2010,143,19,0.0,32.1,14.4,18.0,0.0,20.0,0.0,0.004,263,0.0,0.0,-0.0,-825.0,2010-05-23,pass,"counterfactual_common_baseline_relative=max(0,final_yield-null)-I-5N"
HLA,Hailun,2010,MaskablePPO,,,recorded_farmer,2010,144,20,0.0,27.6,19.5,19.0,0.0,20.0,0.0,0.0,262,0.0,0.0,-0.0,-825.0,2010-05-24,pass,"counterfactual_common_baseline_relative=max(0,final_yield-null)-I-5N"
HLA,Hailun,2010,MaskablePPO,,,recorded_farmer,2010,145,21,0.0,26.6,14.4,20.0,0.0,20.0,0.0,0.0,261,0.0,0.0,-0.0,-825.0,2010-05-25,pass,"counterfactual_common_baseline_relative=max(0,final_yield-null)-I-5N"
HLA,Hailun,2010,MaskablePPO,,,recorded_farmer,2010,146,22,0.0,25.6,10.8,21.0,0.0,20.0,0.0,0.0,260,0.0,0.0,-0.0,-825.0,2010-05-26,pass,"counterfactual_common_baseline_relative=max(0,final_yield-null)-I-5N"
HLA,Hailun,2010,MaskablePPO,,,recorded_farmer,2010,147,23,0.0,27.3,7.3,22.0,0.0,24.0,0.0,0.0,259,0.0,0.0,-0.0,-825.0,2010-05-27,pass,"counterfactual_common_baseline_relative=max(0,final_yield-null)-I-5N"
HLA,Hailun,2010,MaskablePPO,,,recorded_farmer,2010,148,24,0.0,27.2,13.5,23.0,0.0,30.0,0.0,0.0,258,0.0,0.0,-0.0,-825.0,2010-05-28,pass,"counterfactual_common_baseline_relative=max(0,final_yield-null)-I-5N"
HLA,Hailun,2010,MaskablePPO,,,recorded_farmer,2010,149,25,4.4,23.4,13.8,24.0,0.0,36.0,0.0,0.0,259,0.0,0.0,-0.0,-825.0,2010-05-29,pass,"counterfactual_common_baseline_relative=max(0,final_yield-null)-I-5N"
HLA,Hailun,2010,MaskablePPO,,,recorded_farmer,2010,150,26,0.0,25.5,13.8,25.0,0.0,44.0,0.0,0.0,258,0.0,0.0,-0.0,-825.0,2010-05-30,pass,"counterfactual_common_baseline_relative=max(0,final_yield-null)-I-5N"
HLA,Hailun,2010,MaskablePPO,,,recorded_farmer,2010,151,27,0.0,28.3,11.7,26.0,0.0,53.0,0.0,0.0,257,0.0,0.0,-0.0,-825.0,2010-05-31,pass,"counterfactual_common_baseline_relative=max(0,final_yield-null)-I-5N"
HLA,Hailun,2010,MaskablePPO,,,recorded_farmer,2010,152,28,0.0,28.9,14.3,27.0,0.0,65.0,0.0,0.0,256,0.0,0.0,-0.0,-825.0,2010-06-01,pass,"counterfactual_common_baseline_relative=max(0,final_yield-null)-I-5N"
HLA,Hailun,2010,MaskablePPO,,,recorded_farmer,2010,153,29,0.0,154.3,15.5,28.0,0.0,65.0,0.415,0.0,252,0.0,0.0,-0.0,-825.0,2010-06-02,source_anomaly_preserved_not_imputed,"counterfactual_common_baseline_relative=max(0,final_yield-null)-I-5N"
HLA,Hailun,2010,MaskablePPO,,,recorded_farmer,2010,154,30,0.0,30.8,14.2,29.0,0.0,89.0,0.0,0.0,251,0.0,0.0,-0.0,-825.0,2010-06-03,pass,"counterfactual_common_baseline_relative=max(0,final_yield-null)-I-5N"
HLA,Hailun,2010,MaskablePPO,,,recorded_farmer,2010,155,31,0.0,34.3,16.7,30.0,0.0,117.0,0.0,0.0,249,0.0,0.0,-0.0,-825.0,2010-06-04,pass,"counterfactual_common_baseline_relative=max(0,final_yield-null)-I-5N"
HLA,Hailun,2010,MaskablePPO,,,recorded_farmer,2010,156,32,0.0,31.5,18.7,31.0,0.0,141.0,0.0,0.0,248,0.0,0.0,-0.0,-825.0,2010-06-05,pass,"counterfactual_common_baseline_relative=max(0,final_yield-null)-I-5N"
HLA,Hailun,2010,MaskablePPO,,,recorded_farmer,2010,157,33,0.0,27.3,12.7,32.0,0.0,168.0,0.0,0.004,246,0.0,0.0,-0.0,-825.0,2010-06-06,pass,"counterfactual_common_baseline_relative=max(0,final_yield-null)-I-5N"
HLA,Hailun,2010,MaskablePPO,,,recorded_farmer,2010,158,34,0.0,33.1,18.0,33.0,0.0,213.0,0.0,0.0,244,0.0,0.0,-0.0,-825.0,2010-06-07,pass,"counterfactual_common_baseline_relative=max(0,final_yield-null)-I-5N"
HLA,Hailun,2010,MaskablePPO,,,recorded_farmer,2010,159,35,0.0,34.8,21.1,34.0,0.0,272.0,0.0,0.0,242,0.0,0.0,-0.0,-825.0,2010-06-08,pass,"counterfactual_common_baseline_relative=max(0,final_yield-null)-I-5N"
HLA,Hailun,2010,MaskablePPO,,,recorded_farmer,2010,160,36,0.0,32.3,15.5,35.0,0.0,328.0,0.0,0.0,240,0.0,0.0,-0.0,-825.0,2010-06-09,pass,"counterfactual_common_baseline_relative=max(0,final_yield-null)-I-5N"
HLA,Hailun,2010,MaskablePPO,,,recorded_farmer,2010,161,37,0.0,36.4,18.9,36.0,0.0,406.0,0.0,0.0,237,0.0,0.0,-0.0,-825.0,2010-06-10,pass,"counterfactual_common_baseline_relative=max(0,final_yield-null)-I-5N"
HLA,Hailun,2010,MaskablePPO,,,recorded_farmer,2010,162,38,0.0,36.7,20.3,37.0,0.0,498.0,0.0,0.0,234,0.0,0.0,-0.0,-825.0,2010-06-11,pass,"counterfactual_common_baseline_relative=max(0,final_yield-null)-I-5N"
HLA,Hailun,2010,MaskablePPO,,,recorded_farmer,2010,163,39,1.5,26.8,19.4,38.0,0.0,567.0,0.0,0.0,233,0.0,0.0,-0.0,-825.0,2010-06-12,pass,"counterfactual_common_baseline_relative=max(0,final_yield-null)-I-5N"
HLA,Hailun,2010,MaskablePPO,,,recorded_farmer,2010,164,40,0.0,29.4,18.2,39.0,0.0,657.0,0.0,0.0,230,0.0,0.0,-0.0,-825.0,2010-06-13,pass,"counterfactual_common_baseline_relative=max(0,final_yield-null)-I-5N"
HLA,Hailun,2010,MaskablePPO,,,recorded_farmer,2010,165,41,0.0,30.3,18.6,40.0,0.0,755.0,0.0,0.0,227,0.0,0.0,-0.0,-825.0,2010-06-14,pass,"counterfactual_common_baseline_relative=max(0,final_yield-null)-I-5N"
HLA,Hailun,2010,MaskablePPO,,,recorded_farmer,2010,166,42,0.0,26.8,18.0,41.0,0.0,845.0,0.0,0.0,224,0.0,0.0,-0.0,-825.0,2010-06-15,pass,"counterfactual_common_baseline_relative=max(0,final_yield-null)-I-5N"
HLA,Hailun,2010,MaskablePPO,,,recorded_farmer,2010,167,43,16.0,28.7,16.3,42.0,0.0,939.0,0.0,0.0,235,0.0,0.0,-0.0,-825.0,2010-06-16,pass,"counterfactual_common_baseline_relative=max(0,final_yield-null)-I-5N"
HLA,Hailun,2010,MaskablePPO,,,recorded_farmer,2010,168,44,0.0,30.7,15.9,43.0,0.0,1044.0,0.0,0.0,230,0.0,0.0,-0.0,-825.0,2010-06-17,pass,"counterfactual_common_baseline_relative=max(0,final_yield-null)-I-5N"
HLA,Hailun,2010,MaskablePPO,,,recorded_farmer,2010,169,45,0.0,32.0,18.8,44.0,0.0,1169.0,0.0,0.0,224,0.0,0.0,-0.0,-825.0,2010-06-18,pass,"counterfactual_common_baseline_relative=max(0,final_yield-null)-I-5N"
HLA,Hailun,2010,MaskablePPO,,,recorded_farmer,2010,170,46,6.2,33.4,19.9,45.0,0.0,1312.0,0.0,0.0,225,0.0,0.0,-0.0,-825.0,2010-06-19,pass,"counterfactual_common_baseline_relative=max(0,final_yield-null)-I-5N"
HLA,Hailun,2010,MaskablePPO,,,recorded_farmer,2010,171,47,0.0,22.4,15.2,46.0,0.0,1399.0,0.0,0.0,219,0.0,0.0,-0.0,-825.0,2010-06-20,pass,"counterfactual_common_baseline_relative=max(0,final_yield-null)-I-5N"
HLA,Hailun,2010,MaskablePPO,,,recorded_farmer,2010,172,48,5.3,19.8,11.0,47.0,0.0,1461.0,0.0,0.0,222,0.0,0.0,-0.0,-825.0,2010-06-21,pass,"counterfactual_common_baseline_relative=max(0,final_yield-null)-I-5N"
HLA,Hailun,2010,MaskablePPO,,,recorded_farmer,2010,173,49,0.0,26.7,9.9,48.0,0.0,1549.0,0.0,0.0,216,0.0,0.0,-0.0,-825.0,2010-06-22,pass,"counterfactual_common_baseline_relative=max(0,final_yield-null)-I-5N"
HLA,Hailun,2010,MaskablePPO,,,recorded_farmer,2010,174,50,0.0,33.3,14.9,49.0,0.0,1696.0,0.0,0.0,219,10.0,0.0,-10.0,-835.0,2010-06-23,pass,"counterfactual_common_baseline_relative=max(0,final_yield-null)-I-5N"
HLA,Hailun,2010,MaskablePPO,,,recorded_farmer,2010,175,51,0.0,37.4,19.7,50.0,0.0,1891.0,0.0,0.0,210,0.0,0.0,-0.0,-835.0,2010-06-24,pass,"counterfactual_common_baseline_relative=max(0,final_yield-null)-I-5N"
HLA,Hailun,2010,MaskablePPO,,,recorded_farmer,2010,176,52,0.0,35.4,19.9,51.0,0.0,2097.0,0.0,0.0,202,0.0,0.0,-0.0,-835.0,2010-06-25,pass,"counterfactual_common_baseline_relative=max(0,final_yield-null)-I-5N"
HLA,Hailun,2010,MaskablePPO,,,recorded_farmer,2010,177,53,0.0,37.1,20.7,52.0,0.0,2331.0,0.0,0.0,195,0.0,0.0,-0.0,-835.0,2010-06-26,pass,"counterfactual_common_baseline_relative=max(0,final_yield-null)-I-5N"
HLA,Hailun,2010,MaskablePPO,,,recorded_farmer,2010,178,54,0.0,35.9,20.7,53.0,0.0,2581.0,0.0,0.0,188,0.0,0.0,-0.0,-835.0,2010-06-27,pass,"counterfactual_common_baseline_relative=max(0,final_yield-null)-I-5N"
HLA,Hailun,2010,MaskablePPO,,,recorded_farmer,2010,179,55,0.0,32.6,21.7,54.0,0.0,2840.0,0.0,0.0,182,0.0,0.0,-0.0,-835.0,2010-06-28,pass,"counterfactual_common_baseline_relative=max(0,final_yield-null)-I-5N"
HLA,Hailun,2010,MaskablePPO,,,recorded_farmer,2010,180,56,3.8,31.0,20.1,55.0,0.0,3094.0,0.0,0.0,180,0.0,0.0,-0.0,-835.0,2010-06-29,pass,"counterfactual_common_baseline_relative=max(0,final_yield-null)-I-5N"
HLA,Hailun,2010,MaskablePPO,,,recorded_farmer,2010,181,57,2.6,28.8,21.6,56.0,0.0,3354.0,0.0,0.0,179,0.0,0.0,-0.0,-835.0,2010-06-30,pass,"counterfactual_common_baseline_relative=max(0,final_yield-null)-I-5N"
HLA,Hailun,2010,MaskablePPO,,,recorded_farmer,2010,182,58,0.0,29.2,21.6,57.0,0.0,3644.0,0.0,0.0,173,0.0,0.0,-0.0,-835.0,2010-07-01,pass,"counterfactual_common_baseline_relative=max(0,final_yield-null)-I-5N"
HLA,Hailun,2010,MaskablePPO,,,recorded_farmer,2010,183,59,15.3,29.0,19.7,58.0,0.0,3935.0,0.0,0.0,184,0.0,0.0,-0.0,-835.0,2010-07-02,pass,"counterfactual_common_baseline_relative=max(0,final_yield-null)-I-5N"
HLA,Hailun,2010,MaskablePPO,,,recorded_farmer,2010,184,60,0.0,30.5,19.5,59.0,0.0,4258.0,0.0,0.0,178,0.0,0.0,-0.0,-835.0,2010-07-03,pass,"counterfactual_common_baseline_relative=max(0,final_yield-null)-I-5N"
HLA,Hailun,2010,MaskablePPO,,,recorded_farmer,2010,185,61,13.1,26.1,16.7,60.0,0.0,4431.0,0.0,0.0,189,0.0,0.0,-0.0,-835.0,2010-07-04,pass,"counterfactual_common_baseline_relative=max(0,final_yield-null)-I-5N"
HLA,Hailun,2010,MaskablePPO,,,recorded_farmer,2010,186,62,4.4,22.7,15.8,61.0,0.0,4675.0,0.0,0.0,190,0.0,0.0,-0.0,-835.0,2010-07-05,pass,"counterfactual_common_baseline_relative=max(0,final_yield-null)-I-5N"
HLA,Hailun,2010,MaskablePPO,,,recorded_farmer,2010,187,63,0.0,20.3,14.9,62.0,0.0,4904.0,0.0,0.0,187,0.0,0.0,-0.0,-835.0,2010-07-06,pass,"counterfactual_common_baseline_relative=max(0,final_yield-null)-I-5N"
HLA,Hailun,2010,MaskablePPO,,,recorded_farmer,2010,188,64,0.0,21.9,15.3,63.0,0.0,5130.0,0.0,0.0,184,0.0,0.0,-0.0,-835.0,2010-07-07,pass,"counterfactual_common_baseline_relative=max(0,final_yield-null)-I-5N"
HLA,Hailun,2010,MaskablePPO,,,recorded_farmer,2010,189,65,0.0,26.6,14.5,64.0,0.0,5377.0,0.0,0.0,180,0.0,0.0,-0.0,-835.0,2010-07-08,pass,"counterfactual_common_baseline_relative=max(0,final_yield-null)-I-5N"
HLA,Hailun,2010,MaskablePPO,,,recorded_farmer,2010,190,66,0.0,27.9,17.5,65.0,0.0,5649.0,0.0,0.0,174,0.0,0.0,-0.0,-835.0,2010-07-09,pass,"counterfactual_common_baseline_relative=max(0,final_yield-null)-I-5N"
HLA,Hailun,2010,MaskablePPO,,,recorded_farmer,2010,191,67,0.0,28.1,16.6,66.0,0.0,5905.0,0.0,0.0,169,0.0,0.0,-0.0,-835.0,2010-07-10,pass,"counterfactual_common_baseline_relative=max(0,final_yield-null)-I-5N"
HLA,Hailun,2010,MaskablePPO,,,recorded_farmer,2010,192,68,0.0,30.5,16.0,67.0,0.0,6168.0,0.0,0.0,163,0.0,0.0,-0.0,-835.0,2010-07-11,pass,"counterfactual_common_baseline_relative=max(0,final_yield-null)-I-5N"
HLA,Hailun,2010,MaskablePPO,,,recorded_farmer,2010,193,69,0.0,30.0,16.2,68.0,0.0,6422.0,0.0,0.0,157,0.0,0.0,-0.0,-835.0,2010-07-12,pass,"counterfactual_common_baseline_relative=max(0,final_yield-null)-I-5N"
HLA,Hailun,2010,MaskablePPO,,,recorded_farmer,2010,194,70,0.0,29.0,18.6,69.0,0.0,6682.0,0.0,0.0,150,0.0,0.0,-0.0,-835.0,2010-07-13,pass,"counterfactual_common_baseline_relative=max(0,final_yield-null)-I-5N"
HLA,Hailun,2010,MaskablePPO,,,recorded_farmer,2010,195,71,0.0,30.4,13.8,70.0,0.0,6910.0,0.0,0.0,154,10.0,0.0,-10.0,-845.0,2010-07-14,pass,"counterfactual_common_baseline_relative=max(0,final_yield-null)-I-5N"
HLA,Hailun,2010,MaskablePPO,,,recorded_farmer,2010,196,72,4.1,28.8,18.8,71.0,0.0,7163.0,0.0,0.0,154,0.0,0.0,-0.0,-845.0,2010-07-15,pass,"counterfactual_common_baseline_relative=max(0,final_yield-null)-I-5N"
HLA,Hailun,2010,MaskablePPO,,,recorded_farmer,2010,197,73,31.2,24.1,19.8,72.0,0.0,7234.0,0.0,0.0,177,0.0,0.0,-0.0,-845.0,2010-07-16,pass,"counterfactual_common_baseline_relative=max(0,final_yield-null)-I-5N"
HLA,Hailun,2010,MaskablePPO,,,recorded_farmer,2010,198,74,0.0,26.4,22.3,73.0,0.0,7495.0,0.0,0.0,173,0.0,0.0,-0.0,-845.0,2010-07-17,pass,"counterfactual_common_baseline_relative=max(0,final_yield-null)-I-5N"
HLA,Hailun,2010,MaskablePPO,,,recorded_farmer,2010,199,75,0.0,28.0,19.1,74.0,0.0,7744.0,0.0,0.0,169,0.0,0.0,-0.0,-845.0,2010-07-18,pass,"counterfactual_common_baseline_relative=max(0,final_yield-null)-I-5N"
HLA,Hailun,2010,MaskablePPO,,,recorded_farmer,2010,200,76,6.3,27.4,16.1,75.0,0.0,7964.0,0.0,0.0,172,0.0,0.0,-0.0,-845.0,2010-07-19,pass,"counterfactual_common_baseline_relative=max(0,final_yield-null)-I-5N"
HLA,Hailun,2010,MaskablePPO,,,recorded_farmer,2010,201,77,0.2,24.7,19.1,76.0,0.0,8147.0,0.0,0.0,170,0.0,0.0,-0.0,-845.0,2010-07-20,pass,"counterfactual_common_baseline_relative=max(0,final_yield-null)-I-5N"
HLA,Hailun,2010,MaskablePPO,,,recorded_farmer,2010,202,78,1.3,27.9,17.8,77.0,0.0,8386.0,0.0,0.0,165,0.0,0.0,-0.0,-845.0,2010-07-21,pass,"counterfactual_common_baseline_relative=max(0,final_yield-null)-I-5N"
HLA,Hailun,2010,MaskablePPO,,,recorded_farmer,2010,203,79,0.2,28.3,17.5,78.0,0.0,8854.0,0.0,0.0,160,0.0,0.0,-0.0,-845.0,2010-07-22,pass,"counterfactual_common_baseline_relative=max(0,final_yield-null)-I-5N"
HLA,Hailun,2010,MaskablePPO,,,recorded_farmer,2010,204,80,0.3,29.6,17.0,79.0,0.0,9323.0,0.0,0.0,154,0.0,0.0,-0.0,-845.0,2010-07-23,pass,"counterfactual_common_baseline_relative=max(0,final_yield-null)-I-5N"
HLA,Hailun,2010,MaskablePPO,,,recorded_farmer,2010,205,81,0.0,29.8,19.1,80.0,0.0,9744.0,0.0,0.0,148,0.0,0.0,-0.0,-845.0,2010-07-24,pass,"counterfactual_common_baseline_relative=max(0,final_yield-null)-I-5N"
HLA,Hailun,2010,MaskablePPO,,,recorded_farmer,2010,206,82,0.0,29.7,19.1,81.0,0.0,10168.0,0.0,0.0,142,0.0,0.0,-0.0,-845.0,2010-07-25,pass,"counterfactual_common_baseline_relative=max(0,final_yield-null)-I-5N"
HLA,Hailun,2010,MaskablePPO,,,recorded_farmer,2010,207,83,9.8,27.9,17.4,82.0,0.0,10432.0,0.0,0.0,148,0.0,0.0,-0.0,-845.0,2010-07-26,pass,"counterfactual_common_baseline_relative=max(0,final_yield-null)-I-5N"
HLA,Hailun,2010,MaskablePPO,,,recorded_farmer,2010,208,84,0.0,26.8,13.2,83.0,0.0,10688.0,0.0,0.0,144,0.0,0.0,-0.0,-845.0,2010-07-27,pass,"counterfactual_common_baseline_relative=max(0,final_yield-null)-I-5N"
HLA,Hailun,2010,MaskablePPO,,,recorded_farmer,2010,209,85,0.0,23.5,11.1,84.0,0.0,11085.0,0.0,0.0,140,0.0,0.0,-0.0,-845.0,2010-07-28,pass,"counterfactual_common_baseline_relative=max(0,final_yield-null)-I-5N"
HLA,Hailun,2010,MaskablePPO,,,recorded_farmer,2010,210,86,0.0,27.2,12.5,85.0,0.0,11465.0,0.0,0.0,135,0.0,0.0,-0.0,-845.0,2010-07-29,pass,"counterfactual_common_baseline_relative=max(0,final_yield-null)-I-5N"
HLA,Hailun,2010,MaskablePPO,,,recorded_farmer,2010,211,87,4.2,27.9,17.0,86.0,0.0,11764.0,0.0,0.0,134,0.0,0.0,-0.0,-845.0,2010-07-30,pass,"counterfactual_common_baseline_relative=max(0,final_yield-null)-I-5N"
HLA,Hailun,2010,MaskablePPO,,,recorded_farmer,2010,212,88,0.0,25.1,16.4,87.0,0.0,12091.0,0.0,0.0,130,0.0,0.0,-0.0,-845.0,2010-07-31,pass,"counterfactual_common_baseline_relative=max(0,final_yield-null)-I-5N"
HLA,Hailun,2010,MaskablePPO,,,recorded_farmer,2010,213,89,0.0,23.9,11.4,88.0,0.0,12425.0,0.0,0.0,126,0.0,0.0,-0.0,-845.0,2010-08-01,pass,"counterfactual_common_baseline_relative=max(0,final_yield-null)-I-5N"
HLA,Hailun,2010,MaskablePPO,,,recorded_farmer,2010,214,90,0.0,26.7,14.0,89.0,0.0,12856.0,0.0,0.0,120,0.0,0.0,-0.0,-845.0,2010-08-02,pass,"counterfactual_common_baseline_relative=max(0,final_yield-null)-I-5N"
HLA,Hailun,2010,MaskablePPO,,,recorded_farmer,2010,215,91,0.0,27.2,16.7,90.0,0.0,13032.0,0.0,0.0,117,0.0,0.0,-0.0,-845.0,2010-08-03,pass,"counterfactual_common_baseline_relative=max(0,final_yield-null)-I-5N"
HLA,Hailun,2010,MaskablePPO,,,recorded_farmer,2010,216,92,0.0,23.5,16.3,91.0,215.0,13151.0,0.0,0.0,116,0.0,0.0,-0.0,-845.0,2010-08-04,pass,"counterfactual_common_baseline_relative=max(0,final_yield-null)-I-5N"
HLA,Hailun,2010,MaskablePPO,,,recorded_farmer,2010,217,93,0.0,22.8,19.6,92.0,431.0,13303.0,0.0,0.0,114,0.0,0.0,-0.0,-845.0,2010-08-05,pass,"counterfactual_common_baseline_relative=max(0,final_yield-null)-I-5N"
HLA,Hailun,2010,MaskablePPO,,,recorded_farmer,2010,218,94,0.0,20.1,14.5,93.0,646.0,13414.0,0.0,0.0,113,0.0,0.0,-0.0,-845.0,2010-08-06,pass,"counterfactual_common_baseline_relative=max(0,final_yield-null)-I-5N"
HLA,Hailun,2010,MaskablePPO,,,recorded_farmer,2010,219,95,0.0,26.8,13.0,94.0,854.0,13710.0,0.062,0.0,109,0.0,0.0,-0.0,-845.0,2010-08-07,pass,"counterfactual_common_baseline_relative=max(0,final_yield-null)-I-5N"
HLA,Hailun,2010,MaskablePPO,,,recorded_farmer,2010,220,96,0.6,20.4,15.0,95.0,1070.0,13808.0,0.0,0.0,118,10.0,0.0,-10.0,-855.0,2010-08-08,pass,"counterfactual_common_baseline_relative=max(0,final_yield-null)-I-5N"
HLA,Hailun,2010,MaskablePPO,,,recorded_farmer,2010,221,97,16.0,25.3,17.1,96.0,1285.0,14010.0,0.0,0.0,132,0.0,0.0,-0.0,-855.0,2010-08-09,pass,"counterfactual_common_baseline_relative=max(0,final_yield-null)-I-5N"
HLA,Hailun,2010,MaskablePPO,,,recorded_farmer,2010,222,98,4.4,23.6,15.2,97.0,1501.0,14345.0,0.0,0.0,132,0.0,0.0,-0.0,-855.0,2010-08-10,pass,"counterfactual_common_baseline_relative=max(0,final_yield-null)-I-5N"
HLA,Hailun,2010,MaskablePPO,,,recorded_farmer,2010,223,99,0.0,26.3,13.4,98.0,1716.0,14674.0,0.0,0.0,127,0.0,0.0,-0.0,-855.0,2010-08-11,pass,"counterfactual_common_baseline_relative=max(0,final_yield-null)-I-5N"
HLA,Hailun,2010,MaskablePPO,,,recorded_farmer,2010,224,100,0.0,25.1,14.6,99.0,1932.0,14964.0,0.0,0.0,122,0.0,0.0,-0.0,-855.0,2010-08-12,pass,"counterfactual_common_baseline_relative=max(0,final_yield-null)-I-5N"
HLA,Hailun,2010,MaskablePPO,,,recorded_farmer,2010,225,101,0.0,26.0,10.8,100.0,2147.0,15180.0,0.0,0.0,118,0.0,0.0,-0.0,-855.0,2010-08-13,pass,"counterfactual_common_baseline_relative=max(0,final_yield-null)-I-5N"
HLA,Hailun,2010,MaskablePPO,,,recorded_farmer,2010,226,102,34.7,22.7,15.9,101.0,2363.0,15302.0,0.0,0.0,145,0.0,0.0,-0.0,-855.0,2010-08-14,pass,"counterfactual_common_baseline_relative=max(0,final_yield-null)-I-5N"
HLA,Hailun,2010,MaskablePPO,,,recorded_farmer,2010,227,103,10.5,22.5,15.3,102.0,2578.0,15577.0,0.0,0.0,152,0.0,0.0,-0.0,-855.0,2010-08-15,pass,"counterfactual_common_baseline_relative=max(0,final_yield-null)-I-5N"
HLA,Hailun,2010,MaskablePPO,,,recorded_farmer,2010,228,104,0.0,25.7,11.7,103.0,2793.0,15826.0,0.0,0.0,146,0.0,0.0,-0.0,-855.0,2010-08-16,pass,"counterfactual_common_baseline_relative=max(0,final_yield-null)-I-5N"
HLA,Hailun,2010,MaskablePPO,,,recorded_farmer,2010,229,105,0.0,27.9,14.5,104.0,3009.0,16041.0,0.0,0.0,141,0.0,0.0,-0.0,-855.0,2010-08-17,pass,"counterfactual_common_baseline_relative=max(0,final_yield-null)-I-5N"
HLA,Hailun,2010,MaskablePPO,,,recorded_farmer,2010,230,106,0.0,27.8,17.8,105.0,3224.0,16257.0,0.0,0.0,137,0.0,0.0,-0.0,-855.0,2010-08-18,pass,"counterfactual_common_baseline_relative=max(0,final_yield-null)-I-5N"
HLA,Hailun,2010,MaskablePPO,,,recorded_farmer,2010,231,107,0.8,23.9,18.6,106.0,3440.0,16364.0,0.0,0.0,137,0.0,0.0,-0.0,-855.0,2010-08-19,pass,"counterfactual_common_baseline_relative=max(0,final_yield-null)-I-5N"
HLA,Hailun,2010,MaskablePPO,,,recorded_farmer,2010,232,108,0.0,29.1,19.3,107.0,3655.0,16613.0,0.0,0.0,133,0.0,0.0,-0.0,-855.0,2010-08-20,pass,"counterfactual_common_baseline_relative=max(0,final_yield-null)-I-5N"
HLA,Hailun,2010,MaskablePPO,,,recorded_farmer,2010,233,109,0.0,24.9,12.9,108.0,3871.0,16903.0,0.0,0.0,129,0.0,0.0,-0.0,-855.0,2010-08-21,pass,"counterfactual_common_baseline_relative=max(0,final_yield-null)-I-5N"
HLA,Hailun,2010,MaskablePPO,,,recorded_farmer,2010,234,110,0.0,25.1,14.1,109.0,4086.0,17119.0,0.0,0.0,126,0.0,0.0,-0.0,-855.0,2010-08-22,pass,"counterfactual_common_baseline_relative=max(0,final_yield-null)-I-5N"
HLA,Hailun,2010,MaskablePPO,,,recorded_farmer,2010,235,111,16.2,22.9,15.6,110.0,4302.0,17334.0,0.0,0.0,140,0.0,0.0,-0.0,-855.0,2010-08-23,pass,"counterfactual_common_baseline_relative=max(0,final_yield-null)-I-5N"
HLA,Hailun,2010,MaskablePPO,,,recorded_farmer,2010,236,112,0.0,23.9,14.7,111.0,4517.0,17549.0,0.0,0.0,136,0.0,0.0,-0.0,-855.0,2010-08-24,pass,"counterfactual_common_baseline_relative=max(0,final_yield-null)-I-5N"
HLA,Hailun,2010,MaskablePPO,,,recorded_farmer,2010,237,113,0.0,27.8,11.2,112.0,4733.0,17765.0,0.0,0.0,131,0.0,0.0,-0.0,-855.0,2010-08-25,pass,"counterfactual_common_baseline_relative=max(0,final_yield-null)-I-5N"
HLA,Hailun,2010,MaskablePPO,,,recorded_farmer,2010,238,114,0.0,29.9,12.6,113.0,4948.0,17980.0,0.0,0.0,126,0.0,0.0,-0.0,-855.0,2010-08-26,pass,"counterfactual_common_baseline_relative=max(0,final_yield-null)-I-5N"
HLA,Hailun,2010,MaskablePPO,,,recorded_farmer,2010,239,115,0.0,29.4,15.7,114.0,5163.0,18196.0,0.0,0.0,122,0.0,0.0,-0.0,-855.0,2010-08-27,pass,"counterfactual_common_baseline_relative=max(0,final_yield-null)-I-5N"
HLA,Hailun,2010,MaskablePPO,,,recorded_farmer,2010,240,116,5.7,21.1,18.2,115.0,5379.0,18263.0,0.0,0.0,127,0.0,0.0,-0.0,-855.0,2010-08-28,pass,"counterfactual_common_baseline_relative=max(0,final_yield-null)-I-5N"
HLA,Hailun,2010,MaskablePPO,,,recorded_farmer,2010,241,117,0.2,23.0,18.1,116.0,5594.0,18479.0,0.0,0.0,125,0.0,0.0,-0.0,-855.0,2010-08-29,pass,"counterfactual_common_baseline_relative=max(0,final_yield-null)-I-5N"
HLA,Hailun,2010,MaskablePPO,,,recorded_farmer,2010,242,118,5.7,21.6,13.7,117.0,5810.0,18650.0,0.0,0.0,128,0.0,0.0,-0.0,-855.0,2010-08-30,pass,"counterfactual_common_baseline_relative=max(0,final_yield-null)-I-5N"
HLA,Hailun,2010,MaskablePPO,,,recorded_farmer,2010,243,119,2.9,20.8,10.5,118.0,6018.0,18883.0,0.0,0.0,129,0.0,0.0,-0.0,-855.0,2010-08-31,pass,"counterfactual_common_baseline_relative=max(0,final_yield-null)-I-5N"
HLA,Hailun,2010,MaskablePPO,,,recorded_farmer,2010,244,120,0.0,24.2,8.0,119.0,6234.0,19178.0,0.0,0.0,124,0.0,0.0,-0.0,-855.0,2010-09-01,pass,"counterfactual_common_baseline_relative=max(0,final_yield-null)-I-5N"
HLA,Hailun,2010,MaskablePPO,,,recorded_farmer,2010,245,121,0.0,26.4,11.1,120.0,6449.0,19473.0,0.0,0.0,120,0.0,0.0,-0.0,-855.0,2010-09-02,pass,"counterfactual_common_baseline_relative=max(0,final_yield-null)-I-5N"
HLA,Hailun,2010,MaskablePPO,,,recorded_farmer,2010,246,122,0.0,27.7,11.9,121.0,6664.0,19697.0,0.0,0.0,116,0.0,0.0,-0.0,-855.0,2010-09-03,pass,"counterfactual_common_baseline_relative=max(0,final_yield-null)-I-5N"
HLA,Hailun,2010,MaskablePPO,,,recorded_farmer,2010,247,123,0.0,28.7,15.2,122.0,6880.0,19912.0,0.0,0.0,112,0.0,0.0,-0.0,-855.0,2010-09-04,pass,"counterfactual_common_baseline_relative=max(0,final_yield-null)-I-5N"
HLA,Hailun,2010,MaskablePPO,,,recorded_farmer,2010,248,124,0.2,25.9,14.3,123.0,7095.0,20111.0,0.0,0.0,110,0.0,0.0,-0.0,-855.0,2010-09-05,pass,"counterfactual_common_baseline_relative=max(0,final_yield-null)-I-5N"
HLA,Hailun,2010,MaskablePPO,,,recorded_farmer,2010,249,125,0.2,23.2,11.5,124.0,7311.0,20343.0,0.0,0.0,106,0.0,0.0,-0.0,-855.0,2010-09-06,pass,"counterfactual_common_baseline_relative=max(0,final_yield-null)-I-5N"
HLA,Hailun,2010,MaskablePPO,,,recorded_farmer,2010,250,126,0.0,20.4,2.3,125.0,7409.0,20441.0,0.328,0.0,103,0.0,0.0,-0.0,-855.0,2010-09-07,pass,"counterfactual_common_baseline_relative=max(0,final_yield-null)-I-5N"
HLA,Hailun,2010,MaskablePPO,,,recorded_farmer,2010,251,127,0.0,24.4,6.1,126.0,7550.0,20582.0,0.539,0.0,100,0.0,0.0,-0.0,-855.0,2010-09-08,pass,"counterfactual_common_baseline_relative=max(0,final_yield-null)-I-5N"
HLA,Hailun,2010,MaskablePPO,,,recorded_farmer,2010,252,128,0.0,27.9,8.8,127.0,7679.0,20665.0,0.726,0.0,99,0.0,0.0,-0.0,-855.0,2010-09-09,pass,"counterfactual_common_baseline_relative=max(0,final_yield-null)-I-5N"
HLA,Hailun,2010,MaskablePPO,,,recorded_farmer,2010,253,129,0.0,29.6,11.2,128.0,7679.0,20665.0,0.777,0.0,99,0.0,0.0,-0.0,-855.0,2010-09-10,pass,"counterfactual_common_baseline_relative=max(0,final_yield-null)-I-5N"
HLA,Hailun,2010,MaskablePPO,,,recorded_farmer,2010,254,130,0.0,31.2,13.9,129.0,7679.0,20665.0,0.811,0.0,98,0.0,0.0,-0.0,-855.0,2010-09-11,pass,"counterfactual_common_baseline_relative=max(0,final_yield-null)-I-5N"
HLA,Hailun,2010,MaskablePPO,,,recorded_farmer,2010,255,131,0.0,31.6,14.0,130.0,7679.0,20665.0,0.0,0.0,98,0.0,0.0,723.0,-132.0,2010-09-12,pass,"counterfactual_common_baseline_relative=max(0,final_yield-null)-I-5N"
HLA,Hailun,2010,MaskablePPO,,,dssat_auto,2010,125,1,8.6,13.7,6.2,0.0,0.0,0.0,0.0,0.0,238,0.0,0.0,-0.0,-0.0,2010-05-05,pass,"counterfactual_common_baseline_relative=max(0,final_yield-null)-I-5N"
HLA,Hailun,2010,MaskablePPO,,,dssat_auto,2010,126,2,48.3,6.6,5.3,1.0,0.0,0.0,0.0,0.0,269,0.0,0.0,-0.0,-0.0,2010-05-06,pass,"counterfactual_common_baseline_relative=max(0,final_yield-null)-I-5N"
HLA,Hailun,2010,MaskablePPO,,,dssat_auto,2010,127,3,1.1,11.8,4.3,2.0,0.0,0.0,0.0,0.0,267,0.0,0.0,-0.0,-0.0,2010-05-07,pass,"counterfactual_common_baseline_relative=max(0,final_yield-null)-I-5N"
HLA,Hailun,2010,MaskablePPO,,,dssat_auto,2010,128,4,0.0,11.0,2.5,3.0,0.0,0.0,0.0,0.0,264,0.0,0.0,-0.0,-0.0,2010-05-08,pass,"counterfactual_common_baseline_relative=max(0,final_yield-null)-I-5N"
HLA,Hailun,2010,MaskablePPO,,,dssat_auto,2010,129,5,1.8,12.1,1.8,4.0,0.0,0.0,0.0,0.0,264,0.0,0.0,-0.0,-0.0,2010-05-09,pass,"counterfactual_common_baseline_relative=max(0,final_yield-null)-I-5N"
HLA,Hailun,2010,MaskablePPO,,,dssat_auto,2010,130,6,11.0,10.5,6.3,5.0,0.0,0.0,0.0,0.0,273,0.0,0.0,-0.0,-0.0,2010-05-10,pass,"counterfactual_common_baseline_relative=max(0,final_yield-null)-I-5N"
HLA,Hailun,2010,MaskablePPO,,,dssat_auto,2010,131,7,0.4,13.3,6.5,6.0,0.0,0.0,0.0,0.0,271,0.0,0.0,-0.0,-0.0,2010-05-11,pass,"counterfactual_common_baseline_relative=max(0,final_yield-null)-I-5N"
HLA,Hailun,2010,MaskablePPO,,,dssat_auto,2010,132,8,0.0,15.7,6.1,7.0,0.0,0.0,0.0,0.0,268,0.0,0.0,-0.0,-0.0,2010-05-12,pass,"counterfactual_common_baseline_relative=max(0,final_yield-null)-I-5N"
HLA,Hailun,2010,MaskablePPO,,,dssat_auto,2010,133,9,0.0,20.2,4.2,8.0,0.0,0.0,0.0,0.0,265,0.0,0.0,-0.0,-0.0,2010-05-13,pass,"counterfactual_common_baseline_relative=max(0,final_yield-null)-I-5N"
HLA,Hailun,2010,MaskablePPO,,,dssat_auto,2010,134,10,0.0,20.7,8.2,9.0,0.0,0.0,0.0,0.0,263,0.0,0.0,-0.0,-0.0,2010-05-14,pass,"counterfactual_common_baseline_relative=max(0,final_yield-null)-I-5N"
HLA,Hailun,2010,MaskablePPO,,,dssat_auto,2010,135,11,2.0,20.9,11.0,10.0,0.0,0.0,0.0,0.0,264,0.0,0.0,-0.0,-0.0,2010-05-15,pass,"counterfactual_common_baseline_relative=max(0,final_yield-null)-I-5N"
HLA,Hailun,2010,MaskablePPO,,,dssat_auto,2010,136,12,0.0,24.8,8.1,11.0,0.0,0.0,0.0,0.0,262,0.0,0.0,-0.0,-0.0,2010-05-16,pass,"counterfactual_common_baseline_relative=max(0,final_yield-null)-I-5N"
HLA,Hailun,2010,MaskablePPO,,,dssat_auto,2010,137,13,2.9,21.9,13.0,12.0,0.0,0.0,0.0,0.0,263,0.0,0.0,-0.0,-0.0,2010-05-17,pass,"counterfactual_common_baseline_relative=max(0,final_yield-null)-I-5N"
HLA,Hailun,2010,MaskablePPO,,,dssat_auto,2010,138,14,0.0,20.0,12.7,13.0,0.0,0.0,0.0,0.0,262,0.0,0.0,-0.0,-0.0,2010-05-18,pass,"counterfactual_common_baseline_relative=max(0,final_yield-null)-I-5N"
HLA,Hailun,2010,MaskablePPO,,,dssat_auto,2010,139,15,9.2,19.2,12.3,14.0,0.0,0.0,0.0,0.0,267,0.0,0.0,-0.0,-0.0,2010-05-19,pass,"counterfactual_common_baseline_relative=max(0,final_yield-null)-I-5N"
HLA,Hailun,2010,MaskablePPO,,,dssat_auto,2010,140,16,7.1,20.3,11.8,15.0,0.0,20.0,0.0,0.012,271,0.0,0.0,-0.0,-0.0,2010-05-20,pass,"counterfactual_common_baseline_relative=max(0,final_yield-null)-I-5N"
HLA,Hailun,2010,MaskablePPO,,,dssat_auto,2010,141,17,1.5,25.7,12.3,16.0,0.0,20.0,0.0,0.016,266,0.0,0.0,-0.0,-0.0,2010-05-21,pass,"counterfactual_common_baseline_relative=max(0,final_yield-null)-I-5N"
HLA,Hailun,2010,MaskablePPO,,,dssat_auto,2010,142,18,0.0,27.1,14.4,17.0,0.0,20.0,0.0,0.011,264,0.0,0.0,-0.0,-0.0,2010-05-22,pass,"counterfactual_common_baseline_relative=max(0,final_yield-null)-I-5N"
HLA,Hailun,2010,MaskablePPO,,,dssat_auto,2010,143,19,0.0,32.1,14.4,18.0,0.0,20.0,0.0,0.004,263,0.0,0.0,-0.0,-0.0,2010-05-23,pass,"counterfactual_common_baseline_relative=max(0,final_yield-null)-I-5N"
HLA,Hailun,2010,MaskablePPO,,,dssat_auto,2010,144,20,0.0,27.6,19.5,19.0,0.0,20.0,0.0,0.0,262,0.0,0.0,-0.0,-0.0,2010-05-24,pass,"counterfactual_common_baseline_relative=max(0,final_yield-null)-I-5N"
HLA,Hailun,2010,MaskablePPO,,,dssat_auto,2010,145,21,0.0,26.6,14.4,20.0,0.0,20.0,0.0,0.0,261,0.0,0.0,-0.0,-0.0,2010-05-25,pass,"counterfactual_common_baseline_relative=max(0,final_yield-null)-I-5N"
HLA,Hailun,2010,MaskablePPO,,,dssat_auto,2010,146,22,0.0,25.6,10.8,21.0,0.0,20.0,0.0,0.0,260,0.0,0.0,-0.0,-0.0,2010-05-26,pass,"counterfactual_common_baseline_relative=max(0,final_yield-null)-I-5N"
HLA,Hailun,2010,MaskablePPO,,,dssat_auto,2010,147,23,0.0,27.3,7.3,22.0,0.0,24.0,0.0,0.0,259,0.0,0.0,-0.0,-0.0,2010-05-27,pass,"counterfactual_common_baseline_relative=max(0,final_yield-null)-I-5N"
HLA,Hailun,2010,MaskablePPO,,,dssat_auto,2010,148,24,0.0,27.2,13.5,23.0,0.0,30.0,0.0,0.0,258,0.0,0.0,-0.0,-0.0,2010-05-28,pass,"counterfactual_common_baseline_relative=max(0,final_yield-null)-I-5N"
HLA,Hailun,2010,MaskablePPO,,,dssat_auto,2010,149,25,4.4,23.4,13.8,24.0,0.0,36.0,0.0,0.0,259,0.0,0.0,-0.0,-0.0,2010-05-29,pass,"counterfactual_common_baseline_relative=max(0,final_yield-null)-I-5N"
HLA,Hailun,2010,MaskablePPO,,,dssat_auto,2010,150,26,0.0,25.5,13.8,25.0,0.0,44.0,0.0,0.0,258,0.0,0.0,-0.0,-0.0,2010-05-30,pass,"counterfactual_common_baseline_relative=max(0,final_yield-null)-I-5N"
HLA,Hailun,2010,MaskablePPO,,,dssat_auto,2010,151,27,0.0,28.3,11.7,26.0,0.0,53.0,0.0,0.0,257,0.0,0.0,-0.0,-0.0,2010-05-31,pass,"counterfactual_common_baseline_relative=max(0,final_yield-null)-I-5N"
HLA,Hailun,2010,MaskablePPO,,,dssat_auto,2010,152,28,0.0,28.9,14.3,27.0,0.0,65.0,0.0,0.0,256,0.0,0.0,-0.0,-0.0,2010-06-01,pass,"counterfactual_common_baseline_relative=max(0,final_yield-null)-I-5N"
HLA,Hailun,2010,MaskablePPO,,,dssat_auto,2010,153,29,0.0,154.3,15.5,28.0,0.0,65.0,0.416,0.0,252,0.0,0.0,-0.0,-0.0,2010-06-02,source_anomaly_preserved_not_imputed,"counterfactual_common_baseline_relative=max(0,final_yield-null)-I-5N"
HLA,Hailun,2010,MaskablePPO,,,dssat_auto,2010,154,30,0.0,30.8,14.2,29.0,0.0,89.0,0.0,0.0,251,0.0,0.0,-0.0,-0.0,2010-06-03,pass,"counterfactual_common_baseline_relative=max(0,final_yield-null)-I-5N"
HLA,Hailun,2010,MaskablePPO,,,dssat_auto,2010,155,31,0.0,34.3,16.7,30.0,0.0,117.0,0.0,0.0,249,0.0,0.0,-0.0,-0.0,2010-06-04,pass,"counterfactual_common_baseline_relative=max(0,final_yield-null)-I-5N"
HLA,Hailun,2010,MaskablePPO,,,dssat_auto,2010,156,32,0.0,31.5,18.7,31.0,0.0,141.0,0.0,0.0,248,0.0,0.0,-0.0,-0.0,2010-06-05,pass,"counterfactual_common_baseline_relative=max(0,final_yield-null)-I-5N"
HLA,Hailun,2010,MaskablePPO,,,dssat_auto,2010,157,33,0.0,27.3,12.7,32.0,0.0,168.0,0.0,0.004,246,0.0,0.0,-0.0,-0.0,2010-06-06,pass,"counterfactual_common_baseline_relative=max(0,final_yield-null)-I-5N"
HLA,Hailun,2010,MaskablePPO,,,dssat_auto,2010,158,34,0.0,33.1,18.0,33.0,0.0,213.0,0.0,0.0,244,0.0,0.0,-0.0,-0.0,2010-06-07,pass,"counterfactual_common_baseline_relative=max(0,final_yield-null)-I-5N"
HLA,Hailun,2010,MaskablePPO,,,dssat_auto,2010,159,35,0.0,34.8,21.1,34.0,0.0,272.0,0.0,0.0,242,0.0,0.0,-0.0,-0.0,2010-06-08,pass,"counterfactual_common_baseline_relative=max(0,final_yield-null)-I-5N"
HLA,Hailun,2010,MaskablePPO,,,dssat_auto,2010,160,36,0.0,32.3,15.5,35.0,0.0,328.0,0.0,0.0,240,0.0,0.0,-0.0,-0.0,2010-06-09,pass,"counterfactual_common_baseline_relative=max(0,final_yield-null)-I-5N"
HLA,Hailun,2010,MaskablePPO,,,dssat_auto,2010,161,37,0.0,36.4,18.9,36.0,0.0,406.0,0.0,0.0,237,0.0,0.0,-0.0,-0.0,2010-06-10,pass,"counterfactual_common_baseline_relative=max(0,final_yield-null)-I-5N"
HLA,Hailun,2010,MaskablePPO,,,dssat_auto,2010,162,38,0.0,36.7,20.3,37.0,0.0,498.0,0.0,0.0,277,47.8,0.0,-47.8,-47.8,2010-06-11,pass,"counterfactual_common_baseline_relative=max(0,final_yield-null)-I-5N"
HLA,Hailun,2010,MaskablePPO,,,dssat_auto,2010,163,39,1.5,26.8,19.4,38.0,0.0,567.0,0.0,0.0,276,0.0,0.0,-0.0,-47.8,2010-06-12,pass,"counterfactual_common_baseline_relative=max(0,final_yield-null)-I-5N"
HLA,Hailun,2010,MaskablePPO,,,dssat_auto,2010,164,40,0.0,29.4,18.2,39.0,0.0,657.0,0.0,0.0,271,0.0,0.0,-0.0,-47.8,2010-06-13,pass,"counterfactual_common_baseline_relative=max(0,final_yield-null)-I-5N"
HLA,Hailun,2010,MaskablePPO,,,dssat_auto,2010,165,41,0.0,30.3,18.6,40.0,0.0,755.0,0.0,0.0,266,0.0,0.0,-0.0,-47.8,2010-06-14,pass,"counterfactual_common_baseline_relative=max(0,final_yield-null)-I-5N"
HLA,Hailun,2010,MaskablePPO,,,dssat_auto,2010,166,42,0.0,26.8,18.0,41.0,0.0,845.0,0.0,0.0,262,0.0,0.0,-0.0,-47.8,2010-06-15,pass,"counterfactual_common_baseline_relative=max(0,final_yield-null)-I-5N"
HLA,Hailun,2010,MaskablePPO,,,dssat_auto,2010,167,43,16.0,28.7,16.3,42.0,0.0,939.0,0.0,0.0,272,0.0,0.0,-0.0,-47.8,2010-06-16,pass,"counterfactual_common_baseline_relative=max(0,final_yield-null)-I-5N"
HLA,Hailun,2010,MaskablePPO,,,dssat_auto,2010,168,44,0.0,30.7,15.9,43.0,0.0,1044.0,0.0,0.0,266,0.0,0.0,-0.0,-47.8,2010-06-17,pass,"counterfactual_common_baseline_relative=max(0,final_yield-null)-I-5N"
HLA,Hailun,2010,MaskablePPO,,,dssat_auto,2010,169,45,0.0,32.0,18.8,44.0,0.0,1169.0,0.0,0.0,259,0.0,0.0,-0.0,-47.8,2010-06-18,pass,"counterfactual_common_baseline_relative=max(0,final_yield-null)-I-5N"
HLA,Hailun,2010,MaskablePPO,,,dssat_auto,2010,170,46,6.2,33.4,19.9,45.0,0.0,1312.0,0.0,0.0,260,0.0,0.0,-0.0,-47.8,2010-06-19,pass,"counterfactual_common_baseline_relative=max(0,final_yield-null)-I-5N"
HLA,Hailun,2010,MaskablePPO,,,dssat_auto,2010,171,47,0.0,22.4,15.2,46.0,0.0,1399.0,0.0,0.0,254,0.0,0.0,-0.0,-47.8,2010-06-20,pass,"counterfactual_common_baseline_relative=max(0,final_yield-null)-I-5N"
HLA,Hailun,2010,MaskablePPO,,,dssat_auto,2010,172,48,5.3,19.8,11.0,47.0,0.0,1461.0,0.0,0.0,257,0.0,0.0,-0.0,-47.8,2010-06-21,pass,"counterfactual_common_baseline_relative=max(0,final_yield-null)-I-5N"
HLA,Hailun,2010,MaskablePPO,,,dssat_auto,2010,173,49,0.0,26.7,9.9,48.0,0.0,1549.0,0.0,0.0,251,0.0,0.0,-0.0,-47.8,2010-06-22,pass,"counterfactual_common_baseline_relative=max(0,final_yield-null)-I-5N"
HLA,Hailun,2010,MaskablePPO,,,dssat_auto,2010,174,50,0.0,33.3,14.9,49.0,0.0,1696.0,0.0,0.0,244,0.0,0.0,-0.0,-47.8,2010-06-23,pass,"counterfactual_common_baseline_relative=max(0,final_yield-null)-I-5N"
HLA,Hailun,2010,MaskablePPO,,,dssat_auto,2010,175,51,0.0,37.4,19.7,50.0,0.0,1891.0,0.0,0.0,235,0.0,0.0,-0.0,-47.8,2010-06-24,pass,"counterfactual_common_baseline_relative=max(0,final_yield-null)-I-5N"
HLA,Hailun,2010,MaskablePPO,,,dssat_auto,2010,176,52,0.0,35.4,19.9,51.0,0.0,2097.0,0.0,0.0,227,0.0,0.0,-0.0,-47.8,2010-06-25,pass,"counterfactual_common_baseline_relative=max(0,final_yield-null)-I-5N"
HLA,Hailun,2010,MaskablePPO,,,dssat_auto,2010,177,53,0.0,37.1,20.7,52.0,0.0,2331.0,0.0,0.0,219,0.0,0.0,-0.0,-47.8,2010-06-26,pass,"counterfactual_common_baseline_relative=max(0,final_yield-null)-I-5N"
HLA,Hailun,2010,MaskablePPO,,,dssat_auto,2010,178,54,0.0,35.9,20.7,53.0,0.0,2581.0,0.0,0.0,259,46.6,0.0,-46.6,-94.4,2010-06-27,pass,"counterfactual_common_baseline_relative=max(0,final_yield-null)-I-5N"
HLA,Hailun,2010,MaskablePPO,,,dssat_auto,2010,179,55,0.0,32.6,21.7,54.0,0.0,2840.0,0.0,0.0,253,0.0,0.0,-0.0,-94.4,2010-06-28,pass,"counterfactual_common_baseline_relative=max(0,final_yield-null)-I-5N"
HLA,Hailun,2010,MaskablePPO,,,dssat_auto,2010,180,56,3.8,31.0,20.1,55.0,0.0,3094.0,0.0,0.0,251,0.0,0.0,-0.0,-94.4,2010-06-29,pass,"counterfactual_common_baseline_relative=max(0,final_yield-null)-I-5N"
HLA,Hailun,2010,MaskablePPO,,,dssat_auto,2010,181,57,2.6,28.8,21.6,56.0,0.0,3354.0,0.0,0.0,250,0.0,0.0,-0.0,-94.4,2010-06-30,pass,"counterfactual_common_baseline_relative=max(0,final_yield-null)-I-5N"
HLA,Hailun,2010,MaskablePPO,,,dssat_auto,2010,182,58,0.0,29.2,21.6,57.0,0.0,3641.0,0.0,0.0,244,0.0,0.0,-0.0,-94.4,2010-07-01,pass,"counterfactual_common_baseline_relative=max(0,final_yield-null)-I-5N"
HLA,Hailun,2010,MaskablePPO,,,dssat_auto,2010,183,59,15.3,29.0,19.7,58.0,0.0,3932.0,0.0,0.0,254,0.0,0.0,-0.0,-94.4,2010-07-02,pass,"counterfactual_common_baseline_relative=max(0,final_yield-null)-I-5N"
HLA,Hailun,2010,MaskablePPO,,,dssat_auto,2010,184,60,0.0,30.5,19.5,59.0,0.0,4255.0,0.0,0.0,248,0.0,0.0,-0.0,-94.4,2010-07-03,pass,"counterfactual_common_baseline_relative=max(0,final_yield-null)-I-5N"
HLA,Hailun,2010,MaskablePPO,,,dssat_auto,2010,185,61,13.1,26.1,16.7,60.0,0.0,4428.0,0.0,0.0,258,0.0,0.0,-0.0,-94.4,2010-07-04,pass,"counterfactual_common_baseline_relative=max(0,final_yield-null)-I-5N"
HLA,Hailun,2010,MaskablePPO,,,dssat_auto,2010,186,62,4.4,22.7,15.8,61.0,0.0,4672.0,0.0,0.0,259,0.0,0.0,-0.0,-94.4,2010-07-05,pass,"counterfactual_common_baseline_relative=max(0,final_yield-null)-I-5N"
HLA,Hailun,2010,MaskablePPO,,,dssat_auto,2010,187,63,0.0,20.3,14.9,62.0,0.0,4896.0,0.0,0.0,256,0.0,0.0,-0.0,-94.4,2010-07-06,pass,"counterfactual_common_baseline_relative=max(0,final_yield-null)-I-5N"
HLA,Hailun,2010,MaskablePPO,,,dssat_auto,2010,188,64,0.0,21.9,15.3,63.0,0.0,5119.0,0.0,0.0,253,0.0,0.0,-0.0,-94.4,2010-07-07,pass,"counterfactual_common_baseline_relative=max(0,final_yield-null)-I-5N"
HLA,Hailun,2010,MaskablePPO,,,dssat_auto,2010,189,65,0.0,26.6,14.5,64.0,0.0,5365.0,0.0,0.0,248,0.0,0.0,-0.0,-94.4,2010-07-08,pass,"counterfactual_common_baseline_relative=max(0,final_yield-null)-I-5N"
HLA,Hailun,2010,MaskablePPO,,,dssat_auto,2010,190,66,0.0,27.9,17.5,65.0,0.0,5638.0,0.0,0.0,242,0.0,0.0,-0.0,-94.4,2010-07-09,pass,"counterfactual_common_baseline_relative=max(0,final_yield-null)-I-5N"
HLA,Hailun,2010,MaskablePPO,,,dssat_auto,2010,191,67,0.0,28.1,16.6,66.0,0.0,5893.0,0.0,0.0,237,0.0,0.0,-0.0,-94.4,2010-07-10,pass,"counterfactual_common_baseline_relative=max(0,final_yield-null)-I-5N"
HLA,Hailun,2010,MaskablePPO,,,dssat_auto,2010,192,68,0.0,30.5,16.0,67.0,0.0,6156.0,0.0,0.0,232,0.0,0.0,-0.0,-94.4,2010-07-11,pass,"counterfactual_common_baseline_relative=max(0,final_yield-null)-I-5N"
HLA,Hailun,2010,MaskablePPO,,,dssat_auto,2010,193,69,0.0,30.0,16.2,68.0,0.0,6410.0,0.0,0.0,225,0.0,0.0,-0.0,-94.4,2010-07-12,pass,"counterfactual_common_baseline_relative=max(0,final_yield-null)-I-5N"
HLA,Hailun,2010,MaskablePPO,,,dssat_auto,2010,194,70,0.0,29.0,18.6,69.0,0.0,6670.0,0.0,0.0,219,0.0,0.0,-0.0,-94.4,2010-07-13,pass,"counterfactual_common_baseline_relative=max(0,final_yield-null)-I-5N"
HLA,Hailun,2010,MaskablePPO,,,dssat_auto,2010,195,71,0.0,30.4,13.8,70.0,0.0,6899.0,0.0,0.0,213,0.0,0.0,-0.0,-94.4,2010-07-14,pass,"counterfactual_common_baseline_relative=max(0,final_yield-null)-I-5N"
HLA,Hailun,2010,MaskablePPO,,,dssat_auto,2010,196,72,4.1,28.8,18.8,71.0,0.0,7151.0,0.0,0.0,212,0.0,0.0,-0.0,-94.4,2010-07-15,pass,"counterfactual_common_baseline_relative=max(0,final_yield-null)-I-5N"
HLA,Hailun,2010,MaskablePPO,,,dssat_auto,2010,197,73,31.2,24.1,19.8,72.0,0.0,7222.0,0.0,0.0,235,0.0,0.0,-0.0,-94.4,2010-07-16,pass,"counterfactual_common_baseline_relative=max(0,final_yield-null)-I-5N"
HLA,Hailun,2010,MaskablePPO,,,dssat_auto,2010,198,74,0.0,26.4,22.3,73.0,0.0,7483.0,0.0,0.0,231,0.0,0.0,-0.0,-94.4,2010-07-17,pass,"counterfactual_common_baseline_relative=max(0,final_yield-null)-I-5N"
HLA,Hailun,2010,MaskablePPO,,,dssat_auto,2010,199,75,0.0,28.0,19.1,74.0,0.0,7732.0,0.0,0.0,228,0.0,0.0,-0.0,-94.4,2010-07-18,pass,"counterfactual_common_baseline_relative=max(0,final_yield-null)-I-5N"
HLA,Hailun,2010,MaskablePPO,,,dssat_auto,2010,200,76,6.3,27.4,16.1,75.0,0.0,7952.0,0.0,0.0,230,0.0,0.0,-0.0,-94.4,2010-07-19,pass,"counterfactual_common_baseline_relative=max(0,final_yield-null)-I-5N"
HLA,Hailun,2010,MaskablePPO,,,dssat_auto,2010,201,77,0.2,24.7,19.1,76.0,0.0,8136.0,0.0,0.0,228,0.0,0.0,-0.0,-94.4,2010-07-20,pass,"counterfactual_common_baseline_relative=max(0,final_yield-null)-I-5N"
HLA,Hailun,2010,MaskablePPO,,,dssat_auto,2010,202,78,1.3,27.9,17.8,77.0,0.0,8374.0,0.0,0.0,224,0.0,0.0,-0.0,-94.4,2010-07-21,pass,"counterfactual_common_baseline_relative=max(0,final_yield-null)-I-5N"
HLA,Hailun,2010,MaskablePPO,,,dssat_auto,2010,203,79,0.2,28.3,17.5,78.0,0.0,8843.0,0.0,0.0,218,0.0,0.0,-0.0,-94.4,2010-07-22,pass,"counterfactual_common_baseline_relative=max(0,final_yield-null)-I-5N"
HLA,Hailun,2010,MaskablePPO,,,dssat_auto,2010,204,80,0.3,29.6,17.0,79.0,0.0,9311.0,0.0,0.0,212,0.0,0.0,-0.0,-94.4,2010-07-23,pass,"counterfactual_common_baseline_relative=max(0,final_yield-null)-I-5N"
HLA,Hailun,2010,MaskablePPO,,,dssat_auto,2010,205,81,0.0,29.8,19.1,80.0,0.0,9733.0,0.0,0.0,206,0.0,0.0,-0.0,-94.4,2010-07-24,pass,"counterfactual_common_baseline_relative=max(0,final_yield-null)-I-5N"
HLA,Hailun,2010,MaskablePPO,,,dssat_auto,2010,206,82,0.0,29.7,19.1,81.0,0.0,10156.0,0.0,0.0,200,0.0,0.0,-0.0,-94.4,2010-07-25,pass,"counterfactual_common_baseline_relative=max(0,final_yield-null)-I-5N"
HLA,Hailun,2010,MaskablePPO,,,dssat_auto,2010,207,83,9.8,27.9,17.4,82.0,0.0,10421.0,0.0,0.0,206,0.0,0.0,-0.0,-94.4,2010-07-26,pass,"counterfactual_common_baseline_relative=max(0,final_yield-null)-I-5N"
HLA,Hailun,2010,MaskablePPO,,,dssat_auto,2010,208,84,0.0,26.8,13.2,83.0,0.0,10677.0,0.0,0.0,203,0.0,0.0,-0.0,-94.4,2010-07-27,pass,"counterfactual_common_baseline_relative=max(0,final_yield-null)-I-5N"
HLA,Hailun,2010,MaskablePPO,,,dssat_auto,2010,209,85,0.0,23.5,11.1,84.0,0.0,11074.0,0.0,0.0,198,0.0,0.0,-0.0,-94.4,2010-07-28,pass,"counterfactual_common_baseline_relative=max(0,final_yield-null)-I-5N"
HLA,Hailun,2010,MaskablePPO,,,dssat_auto,2010,210,86,0.0,27.2,12.5,85.0,0.0,11453.0,0.0,0.0,193,0.0,0.0,-0.0,-94.4,2010-07-29,pass,"counterfactual_common_baseline_relative=max(0,final_yield-null)-I-5N"
HLA,Hailun,2010,MaskablePPO,,,dssat_auto,2010,211,87,4.2,27.9,17.0,86.0,0.0,11753.0,0.0,0.0,193,0.0,0.0,-0.0,-94.4,2010-07-30,pass,"counterfactual_common_baseline_relative=max(0,final_yield-null)-I-5N"
HLA,Hailun,2010,MaskablePPO,,,dssat_auto,2010,212,88,0.0,25.1,16.4,87.0,0.0,12079.0,0.0,0.0,188,0.0,0.0,-0.0,-94.4,2010-07-31,pass,"counterfactual_common_baseline_relative=max(0,final_yield-null)-I-5N"
HLA,Hailun,2010,MaskablePPO,,,dssat_auto,2010,213,89,0.0,23.9,11.4,88.0,0.0,12413.0,0.0,0.0,184,0.0,0.0,-0.0,-94.4,2010-08-01,pass,"counterfactual_common_baseline_relative=max(0,final_yield-null)-I-5N"
HLA,Hailun,2010,MaskablePPO,,,dssat_auto,2010,214,90,0.0,26.7,14.0,89.0,0.0,12844.0,0.0,0.0,178,0.0,0.0,-0.0,-94.4,2010-08-02,pass,"counterfactual_common_baseline_relative=max(0,final_yield-null)-I-5N"
HLA,Hailun,2010,MaskablePPO,,,dssat_auto,2010,215,91,0.0,27.2,16.7,90.0,0.0,13021.0,0.0,0.0,175,0.0,0.0,-0.0,-94.4,2010-08-03,pass,"counterfactual_common_baseline_relative=max(0,final_yield-null)-I-5N"
HLA,Hailun,2010,MaskablePPO,,,dssat_auto,2010,216,92,0.0,23.5,16.3,91.0,215.0,13139.0,0.0,0.0,174,0.0,0.0,-0.0,-94.4,2010-08-04,pass,"counterfactual_common_baseline_relative=max(0,final_yield-null)-I-5N"
HLA,Hailun,2010,MaskablePPO,,,dssat_auto,2010,217,93,0.0,22.8,19.6,92.0,431.0,13291.0,0.0,0.0,172,0.0,0.0,-0.0,-94.4,2010-08-05,pass,"counterfactual_common_baseline_relative=max(0,final_yield-null)-I-5N"
HLA,Hailun,2010,MaskablePPO,,,dssat_auto,2010,218,94,0.0,20.1,14.5,93.0,646.0,13403.0,0.0,0.0,171,0.0,0.0,-0.0,-94.4,2010-08-06,pass,"counterfactual_common_baseline_relative=max(0,final_yield-null)-I-5N"
HLA,Hailun,2010,MaskablePPO,,,dssat_auto,2010,219,95,0.0,26.8,13.0,94.0,862.0,13715.0,0.0,0.0,167,0.0,0.0,-0.0,-94.4,2010-08-07,pass,"counterfactual_common_baseline_relative=max(0,final_yield-null)-I-5N"
HLA,Hailun,2010,MaskablePPO,,,dssat_auto,2010,220,96,0.6,20.4,15.0,95.0,1077.0,13812.0,0.0,0.0,215,48.1,0.0,-48.1,-142.5,2010-08-08,pass,"counterfactual_common_baseline_relative=max(0,final_yield-null)-I-5N"
HLA,Hailun,2010,MaskablePPO,,,dssat_auto,2010,221,97,16.0,25.3,17.1,96.0,1293.0,14015.0,0.0,0.0,225,0.0,0.0,-0.0,-142.5,2010-08-09,pass,"counterfactual_common_baseline_relative=max(0,final_yield-null)-I-5N"
HLA,Hailun,2010,MaskablePPO,,,dssat_auto,2010,222,98,4.4,23.6,15.2,97.0,1508.0,14350.0,0.0,0.0,224,0.0,0.0,-0.0,-142.5,2010-08-10,pass,"counterfactual_common_baseline_relative=max(0,final_yield-null)-I-5N"
HLA,Hailun,2010,MaskablePPO,,,dssat_auto,2010,223,99,0.0,26.3,13.4,98.0,1724.0,14679.0,0.0,0.0,220,0.0,0.0,-0.0,-142.5,2010-08-11,pass,"counterfactual_common_baseline_relative=max(0,final_yield-null)-I-5N"
HLA,Hailun,2010,MaskablePPO,,,dssat_auto,2010,224,100,0.0,25.1,14.6,99.0,1939.0,14960.0,0.0,0.0,215,0.0,0.0,-0.0,-142.5,2010-08-12,pass,"counterfactual_common_baseline_relative=max(0,final_yield-null)-I-5N"
HLA,Hailun,2010,MaskablePPO,,,dssat_auto,2010,225,101,0.0,26.0,10.8,100.0,2154.0,15175.0,0.0,0.0,211,0.0,0.0,-0.0,-142.5,2010-08-13,pass,"counterfactual_common_baseline_relative=max(0,final_yield-null)-I-5N"
HLA,Hailun,2010,MaskablePPO,,,dssat_auto,2010,226,102,34.7,22.7,15.9,101.0,2370.0,15298.0,0.0,0.0,234,0.0,0.0,-0.0,-142.5,2010-08-14,pass,"counterfactual_common_baseline_relative=max(0,final_yield-null)-I-5N"
HLA,Hailun,2010,MaskablePPO,,,dssat_auto,2010,227,103,10.5,22.5,15.3,102.0,2585.0,15573.0,0.0,0.0,239,0.0,0.0,-0.0,-142.5,2010-08-15,pass,"counterfactual_common_baseline_relative=max(0,final_yield-null)-I-5N"
HLA,Hailun,2010,MaskablePPO,,,dssat_auto,2010,228,104,0.0,25.7,11.7,103.0,2801.0,15822.0,0.0,0.0,234,0.0,0.0,-0.0,-142.5,2010-08-16,pass,"counterfactual_common_baseline_relative=max(0,final_yield-null)-I-5N"
HLA,Hailun,2010,MaskablePPO,,,dssat_auto,2010,229,105,0.0,27.9,14.5,104.0,3016.0,16037.0,0.0,0.0,229,0.0,0.0,-0.0,-142.5,2010-08-17,pass,"counterfactual_common_baseline_relative=max(0,final_yield-null)-I-5N"
HLA,Hailun,2010,MaskablePPO,,,dssat_auto,2010,230,106,0.0,27.8,17.8,105.0,3232.0,16253.0,0.0,0.0,225,0.0,0.0,-0.0,-142.5,2010-08-18,pass,"counterfactual_common_baseline_relative=max(0,final_yield-null)-I-5N"
HLA,Hailun,2010,MaskablePPO,,,dssat_auto,2010,231,107,0.8,23.9,18.6,106.0,3447.0,16360.0,0.0,0.0,224,0.0,0.0,-0.0,-142.5,2010-08-19,pass,"counterfactual_common_baseline_relative=max(0,final_yield-null)-I-5N"
HLA,Hailun,2010,MaskablePPO,,,dssat_auto,2010,232,108,0.0,29.1,19.3,107.0,3663.0,16609.0,0.0,0.0,221,0.0,0.0,-0.0,-142.5,2010-08-20,pass,"counterfactual_common_baseline_relative=max(0,final_yield-null)-I-5N"
HLA,Hailun,2010,MaskablePPO,,,dssat_auto,2010,233,109,0.0,24.9,12.9,108.0,3878.0,16899.0,0.0,0.0,217,0.0,0.0,-0.0,-142.5,2010-08-21,pass,"counterfactual_common_baseline_relative=max(0,final_yield-null)-I-5N"
HLA,Hailun,2010,MaskablePPO,,,dssat_auto,2010,234,110,0.0,25.1,14.1,109.0,4094.0,17114.0,0.0,0.0,214,0.0,0.0,-0.0,-142.5,2010-08-22,pass,"counterfactual_common_baseline_relative=max(0,final_yield-null)-I-5N"
HLA,Hailun,2010,MaskablePPO,,,dssat_auto,2010,235,111,16.2,22.9,15.6,110.0,4309.0,17330.0,0.0,0.0,226,0.0,0.0,-0.0,-142.5,2010-08-23,pass,"counterfactual_common_baseline_relative=max(0,final_yield-null)-I-5N"
HLA,Hailun,2010,MaskablePPO,,,dssat_auto,2010,236,112,0.0,23.9,14.7,111.0,4524.0,17545.0,0.0,0.0,223,0.0,0.0,-0.0,-142.5,2010-08-24,pass,"counterfactual_common_baseline_relative=max(0,final_yield-null)-I-5N"
HLA,Hailun,2010,MaskablePPO,,,dssat_auto,2010,237,113,0.0,27.8,11.2,112.0,4740.0,17761.0,0.0,0.0,218,0.0,0.0,-0.0,-142.5,2010-08-25,pass,"counterfactual_common_baseline_relative=max(0,final_yield-null)-I-5N"
HLA,Hailun,2010,MaskablePPO,,,dssat_auto,2010,238,114,0.0,29.9,12.6,113.0,4955.0,17976.0,0.0,0.0,213,0.0,0.0,-0.0,-142.5,2010-08-26,pass,"counterfactual_common_baseline_relative=max(0,final_yield-null)-I-5N"
HLA,Hailun,2010,MaskablePPO,,,dssat_auto,2010,239,115,0.0,29.4,15.7,114.0,5171.0,18192.0,0.0,0.0,209,0.0,0.0,-0.0,-142.5,2010-08-27,pass,"counterfactual_common_baseline_relative=max(0,final_yield-null)-I-5N"
HLA,Hailun,2010,MaskablePPO,,,dssat_auto,2010,240,116,5.7,21.1,18.2,115.0,5386.0,18258.0,0.0,0.0,214,0.0,0.0,-0.0,-142.5,2010-08-28,pass,"counterfactual_common_baseline_relative=max(0,final_yield-null)-I-5N"
HLA,Hailun,2010,MaskablePPO,,,dssat_auto,2010,241,117,0.2,23.0,18.1,116.0,5602.0,18475.0,0.0,0.0,211,0.0,0.0,-0.0,-142.5,2010-08-29,pass,"counterfactual_common_baseline_relative=max(0,final_yield-null)-I-5N"
HLA,Hailun,2010,MaskablePPO,,,dssat_auto,2010,242,118,5.7,21.6,13.7,117.0,5817.0,18646.0,0.0,0.0,215,0.0,0.0,-0.0,-142.5,2010-08-30,pass,"counterfactual_common_baseline_relative=max(0,final_yield-null)-I-5N"
HLA,Hailun,2010,MaskablePPO,,,dssat_auto,2010,243,119,2.9,20.8,10.5,118.0,6025.0,18879.0,0.0,0.0,215,0.0,0.0,-0.0,-142.5,2010-08-31,pass,"counterfactual_common_baseline_relative=max(0,final_yield-null)-I-5N"
HLA,Hailun,2010,MaskablePPO,,,dssat_auto,2010,244,120,0.0,24.2,8.0,119.0,6241.0,19174.0,0.0,0.0,211,0.0,0.0,-0.0,-142.5,2010-09-01,pass,"counterfactual_common_baseline_relative=max(0,final_yield-null)-I-5N"
HLA,Hailun,2010,MaskablePPO,,,dssat_auto,2010,245,121,0.0,26.4,11.1,120.0,6456.0,19469.0,0.0,0.0,207,0.0,0.0,-0.0,-142.5,2010-09-02,pass,"counterfactual_common_baseline_relative=max(0,final_yield-null)-I-5N"
HLA,Hailun,2010,MaskablePPO,,,dssat_auto,2010,246,122,0.0,27.7,11.9,121.0,6672.0,19693.0,0.0,0.0,202,0.0,0.0,-0.0,-142.5,2010-09-03,pass,"counterfactual_common_baseline_relative=max(0,final_yield-null)-I-5N"
HLA,Hailun,2010,MaskablePPO,,,dssat_auto,2010,247,123,0.0,28.7,15.2,122.0,6887.0,19908.0,0.0,0.0,199,0.0,0.0,-0.0,-142.5,2010-09-04,pass,"counterfactual_common_baseline_relative=max(0,final_yield-null)-I-5N"
HLA,Hailun,2010,MaskablePPO,,,dssat_auto,2010,248,124,0.2,25.9,14.3,123.0,7103.0,20107.0,0.0,0.0,196,0.0,0.0,-0.0,-142.5,2010-09-05,pass,"counterfactual_common_baseline_relative=max(0,final_yield-null)-I-5N"
HLA,Hailun,2010,MaskablePPO,,,dssat_auto,2010,249,125,0.2,23.2,11.5,124.0,7318.0,20339.0,0.0,0.0,192,0.0,0.0,-0.0,-142.5,2010-09-06,pass,"counterfactual_common_baseline_relative=max(0,final_yield-null)-I-5N"
HLA,Hailun,2010,MaskablePPO,,,dssat_auto,2010,250,126,0.0,20.4,2.3,125.0,7438.0,20459.0,0.0,0.0,188,0.0,0.0,-0.0,-142.5,2010-09-07,pass,"counterfactual_common_baseline_relative=max(0,final_yield-null)-I-5N"
HLA,Hailun,2010,MaskablePPO,,,dssat_auto,2010,251,127,0.0,24.4,6.1,126.0,7638.0,20659.0,0.0,0.0,184,0.0,0.0,-0.0,-142.5,2010-09-08,pass,"counterfactual_common_baseline_relative=max(0,final_yield-null)-I-5N"
HLA,Hailun,2010,MaskablePPO,,,dssat_auto,2010,252,128,0.0,27.9,8.8,127.0,7854.0,20874.0,0.0,0.016,180,0.0,0.0,-0.0,-142.5,2010-09-09,pass,"counterfactual_common_baseline_relative=max(0,final_yield-null)-I-5N"
HLA,Hailun,2010,MaskablePPO,,,dssat_auto,2010,253,129,0.0,29.6,11.2,128.0,7854.0,20874.0,0.0,0.035,175,0.0,0.0,-0.0,-142.5,2010-09-10,pass,"counterfactual_common_baseline_relative=max(0,final_yield-null)-I-5N"
HLA,Hailun,2010,MaskablePPO,,,dssat_auto,2010,254,130,0.0,31.2,13.9,129.0,7854.0,20874.0,0.0,0.035,219,47.9,0.0,-47.9,-190.4,2010-09-11,pass,"counterfactual_common_baseline_relative=max(0,final_yield-null)-I-5N"
HLA,Hailun,2010,MaskablePPO,,,dssat_auto,2010,255,131,0.0,31.6,14.0,130.0,7854.0,20874.0,0.0,0.035,214,0.0,0.0,898.0,707.6,2010-09-12,pass,"counterfactual_common_baseline_relative=max(0,final_yield-null)-I-5N"
HLA,Hailun,2010,MaskablePPO,,,official_extension_expert,2010,125,1,8.6,13.7,6.2,0.0,0.0,0.0,0.0,0.0,276,37.5,112.0,-597.5,-597.5,2010-05-05,pass,"counterfactual_common_baseline_relative=max(0,final_yield-null)-I-5N"
HLA,Hailun,2010,MaskablePPO,,,official_extension_expert,2010,126,2,48.3,6.6,5.3,1.0,0.0,0.0,0.0,0.0,302,0.0,0.0,-0.0,-597.5,2010-05-06,pass,"counterfactual_common_baseline_relative=max(0,final_yield-null)-I-5N"
HLA,Hailun,2010,MaskablePPO,,,official_extension_expert,2010,127,3,1.1,11.8,4.3,2.0,0.0,0.0,0.0,0.0,301,0.0,0.0,-0.0,-597.5,2010-05-07,pass,"counterfactual_common_baseline_relative=max(0,final_yield-null)-I-5N"
HLA,Hailun,2010,MaskablePPO,,,official_extension_expert,2010,128,4,0.0,11.0,2.5,3.0,0.0,0.0,0.0,0.0,297,0.0,0.0,-0.0,-597.5,2010-05-08,pass,"counterfactual_common_baseline_relative=max(0,final_yield-null)-I-5N"
HLA,Hailun,2010,MaskablePPO,,,official_extension_expert,2010,129,5,1.8,12.1,1.8,4.0,0.0,0.0,0.0,0.0,297,0.0,0.0,-0.0,-597.5,2010-05-09,pass,"counterfactual_common_baseline_relative=max(0,final_yield-null)-I-5N"
HLA,Hailun,2010,MaskablePPO,,,official_extension_expert,2010,130,6,11.0,10.5,6.3,5.0,0.0,0.0,0.0,0.0,306,0.0,0.0,-0.0,-597.5,2010-05-10,pass,"counterfactual_common_baseline_relative=max(0,final_yield-null)-I-5N"
HLA,Hailun,2010,MaskablePPO,,,official_extension_expert,2010,131,7,0.4,13.3,6.5,6.0,0.0,0.0,0.0,0.0,304,0.0,0.0,-0.0,-597.5,2010-05-11,pass,"counterfactual_common_baseline_relative=max(0,final_yield-null)-I-5N"
HLA,Hailun,2010,MaskablePPO,,,official_extension_expert,2010,132,8,0.0,15.7,6.1,7.0,0.0,0.0,0.0,0.0,301,0.0,0.0,-0.0,-597.5,2010-05-12,pass,"counterfactual_common_baseline_relative=max(0,final_yield-null)-I-5N"
HLA,Hailun,2010,MaskablePPO,,,official_extension_expert,2010,133,9,0.0,20.2,4.2,8.0,0.0,0.0,0.0,0.0,298,0.0,0.0,-0.0,-597.5,2010-05-13,pass,"counterfactual_common_baseline_relative=max(0,final_yield-null)-I-5N"
HLA,Hailun,2010,MaskablePPO,,,official_extension_expert,2010,134,10,0.0,20.7,8.2,9.0,0.0,0.0,0.0,0.0,296,0.0,0.0,-0.0,-597.5,2010-05-14,pass,"counterfactual_common_baseline_relative=max(0,final_yield-null)-I-5N"
HLA,Hailun,2010,MaskablePPO,,,official_extension_expert,2010,135,11,2.0,20.9,11.0,10.0,0.0,0.0,0.0,0.0,297,0.0,0.0,-0.0,-597.5,2010-05-15,pass,"counterfactual_common_baseline_relative=max(0,final_yield-null)-I-5N"
HLA,Hailun,2010,MaskablePPO,,,official_extension_expert,2010,136,12,0.0,24.8,8.1,11.0,0.0,0.0,0.0,0.0,295,0.0,0.0,-0.0,-597.5,2010-05-16,pass,"counterfactual_common_baseline_relative=max(0,final_yield-null)-I-5N"
HLA,Hailun,2010,MaskablePPO,,,official_extension_expert,2010,137,13,2.9,21.9,13.0,12.0,0.0,0.0,0.0,0.0,296,0.0,0.0,-0.0,-597.5,2010-05-17,pass,"counterfactual_common_baseline_relative=max(0,final_yield-null)-I-5N"
HLA,Hailun,2010,MaskablePPO,,,official_extension_expert,2010,138,14,0.0,20.0,12.7,13.0,0.0,0.0,0.0,0.0,295,0.0,0.0,-0.0,-597.5,2010-05-18,pass,"counterfactual_common_baseline_relative=max(0,final_yield-null)-I-5N"
HLA,Hailun,2010,MaskablePPO,,,official_extension_expert,2010,139,15,9.2,19.2,12.3,14.0,0.0,0.0,0.0,0.0,300,0.0,0.0,-0.0,-597.5,2010-05-19,pass,"counterfactual_common_baseline_relative=max(0,final_yield-null)-I-5N"
HLA,Hailun,2010,MaskablePPO,,,official_extension_expert,2010,140,16,7.1,20.3,11.8,15.0,0.0,20.0,0.0,0.012,304,0.0,0.0,-0.0,-597.5,2010-05-20,pass,"counterfactual_common_baseline_relative=max(0,final_yield-null)-I-5N"
HLA,Hailun,2010,MaskablePPO,,,official_extension_expert,2010,141,17,1.5,25.7,12.3,16.0,0.0,20.0,0.0,0.016,299,0.0,0.0,-0.0,-597.5,2010-05-21,pass,"counterfactual_common_baseline_relative=max(0,final_yield-null)-I-5N"
HLA,Hailun,2010,MaskablePPO,,,official_extension_expert,2010,142,18,0.0,27.1,14.4,17.0,0.0,20.0,0.0,0.011,297,0.0,0.0,-0.0,-597.5,2010-05-22,pass,"counterfactual_common_baseline_relative=max(0,final_yield-null)-I-5N"
HLA,Hailun,2010,MaskablePPO,,,official_extension_expert,2010,143,19,0.0,32.1,14.4,18.0,0.0,20.0,0.0,0.004,296,0.0,0.0,-0.0,-597.5,2010-05-23,pass,"counterfactual_common_baseline_relative=max(0,final_yield-null)-I-5N"
HLA,Hailun,2010,MaskablePPO,,,official_extension_expert,2010,144,20,0.0,27.6,19.5,19.0,0.0,20.0,0.0,0.0,295,0.0,0.0,-0.0,-597.5,2010-05-24,pass,"counterfactual_common_baseline_relative=max(0,final_yield-null)-I-5N"
HLA,Hailun,2010,MaskablePPO,,,official_extension_expert,2010,145,21,0.0,26.6,14.4,20.0,0.0,20.0,0.0,0.0,294,0.0,0.0,-0.0,-597.5,2010-05-25,pass,"counterfactual_common_baseline_relative=max(0,final_yield-null)-I-5N"
HLA,Hailun,2010,MaskablePPO,,,official_extension_expert,2010,146,22,0.0,25.6,10.8,21.0,0.0,20.0,0.0,0.0,293,0.0,0.0,-0.0,-597.5,2010-05-26,pass,"counterfactual_common_baseline_relative=max(0,final_yield-null)-I-5N"
HLA,Hailun,2010,MaskablePPO,,,official_extension_expert,2010,147,23,0.0,27.3,7.3,22.0,0.0,24.0,0.0,0.0,292,0.0,0.0,-0.0,-597.5,2010-05-27,pass,"counterfactual_common_baseline_relative=max(0,final_yield-null)-I-5N"
HLA,Hailun,2010,MaskablePPO,,,official_extension_expert,2010,148,24,0.0,27.2,13.5,23.0,0.0,30.0,0.0,0.0,291,0.0,0.0,-0.0,-597.5,2010-05-28,pass,"counterfactual_common_baseline_relative=max(0,final_yield-null)-I-5N"
HLA,Hailun,2010,MaskablePPO,,,official_extension_expert,2010,149,25,4.4,23.4,13.8,24.0,0.0,36.0,0.0,0.0,292,0.0,0.0,-0.0,-597.5,2010-05-29,pass,"counterfactual_common_baseline_relative=max(0,final_yield-null)-I-5N"
HLA,Hailun,2010,MaskablePPO,,,official_extension_expert,2010,150,26,0.0,25.5,13.8,25.0,0.0,44.0,0.0,0.0,291,0.0,0.0,-0.0,-597.5,2010-05-30,pass,"counterfactual_common_baseline_relative=max(0,final_yield-null)-I-5N"
HLA,Hailun,2010,MaskablePPO,,,official_extension_expert,2010,151,27,0.0,28.3,11.7,26.0,0.0,53.0,0.0,0.0,290,0.0,0.0,-0.0,-597.5,2010-05-31,pass,"counterfactual_common_baseline_relative=max(0,final_yield-null)-I-5N"
HLA,Hailun,2010,MaskablePPO,,,official_extension_expert,2010,152,28,0.0,28.9,14.3,27.0,0.0,65.0,0.0,0.0,289,0.0,0.0,-0.0,-597.5,2010-06-01,pass,"counterfactual_common_baseline_relative=max(0,final_yield-null)-I-5N"
HLA,Hailun,2010,MaskablePPO,,,official_extension_expert,2010,153,29,0.0,154.3,15.5,28.0,0.0,65.0,0.421,0.0,285,0.0,0.0,-0.0,-597.5,2010-06-02,source_anomaly_preserved_not_imputed,"counterfactual_common_baseline_relative=max(0,final_yield-null)-I-5N"
HLA,Hailun,2010,MaskablePPO,,,official_extension_expert,2010,154,30,0.0,30.8,14.2,29.0,0.0,89.0,0.0,0.0,284,0.0,0.0,-0.0,-597.5,2010-06-03,pass,"counterfactual_common_baseline_relative=max(0,final_yield-null)-I-5N"
HLA,Hailun,2010,MaskablePPO,,,official_extension_expert,2010,155,31,0.0,34.3,16.7,30.0,0.0,117.0,0.0,0.0,321,45.0,34.0,-215.0,-812.5,2010-06-04,pass,"counterfactual_common_baseline_relative=max(0,final_yield-null)-I-5N"
HLA,Hailun,2010,MaskablePPO,,,official_extension_expert,2010,156,32,0.0,31.5,18.7,31.0,0.0,141.0,0.0,0.0,317,0.0,0.0,-0.0,-812.5,2010-06-05,pass,"counterfactual_common_baseline_relative=max(0,final_yield-null)-I-5N"
HLA,Hailun,2010,MaskablePPO,,,official_extension_expert,2010,157,33,0.0,27.3,12.7,32.0,0.0,167.0,0.0,0.004,315,0.0,0.0,-0.0,-812.5,2010-06-06,pass,"counterfactual_common_baseline_relative=max(0,final_yield-null)-I-5N"
HLA,Hailun,2010,MaskablePPO,,,official_extension_expert,2010,158,34,0.0,33.1,18.0,33.0,0.0,212.0,0.0,0.0,312,0.0,0.0,-0.0,-812.5,2010-06-07,pass,"counterfactual_common_baseline_relative=max(0,final_yield-null)-I-5N"
HLA,Hailun,2010,MaskablePPO,,,official_extension_expert,2010,159,35,0.0,34.8,21.1,34.0,0.0,271.0,0.0,0.0,309,0.0,0.0,-0.0,-812.5,2010-06-08,pass,"counterfactual_common_baseline_relative=max(0,final_yield-null)-I-5N"
HLA,Hailun,2010,MaskablePPO,,,official_extension_expert,2010,160,36,0.0,32.3,15.5,35.0,0.0,326.0,0.0,0.0,307,0.0,0.0,-0.0,-812.5,2010-06-09,pass,"counterfactual_common_baseline_relative=max(0,final_yield-null)-I-5N"
HLA,Hailun,2010,MaskablePPO,,,official_extension_expert,2010,161,37,0.0,36.4,18.9,36.0,0.0,404.0,0.0,0.0,303,0.0,0.0,-0.0,-812.5,2010-06-10,pass,"counterfactual_common_baseline_relative=max(0,final_yield-null)-I-5N"
HLA,Hailun,2010,MaskablePPO,,,official_extension_expert,2010,162,38,0.0,36.7,20.3,37.0,0.0,496.0,0.0,0.0,300,0.0,0.0,-0.0,-812.5,2010-06-11,pass,"counterfactual_common_baseline_relative=max(0,final_yield-null)-I-5N"
HLA,Hailun,2010,MaskablePPO,,,official_extension_expert,2010,163,39,1.5,26.8,19.4,38.0,0.0,565.0,0.0,0.0,299,0.0,0.0,-0.0,-812.5,2010-06-12,pass,"counterfactual_common_baseline_relative=max(0,final_yield-null)-I-5N"
HLA,Hailun,2010,MaskablePPO,,,official_extension_expert,2010,164,40,0.0,29.4,18.2,39.0,0.0,655.0,0.0,0.0,296,0.0,0.0,-0.0,-812.5,2010-06-13,pass,"counterfactual_common_baseline_relative=max(0,final_yield-null)-I-5N"
HLA,Hailun,2010,MaskablePPO,,,official_extension_expert,2010,165,41,0.0,30.3,18.6,40.0,0.0,753.0,0.0,0.0,292,0.0,0.0,-0.0,-812.5,2010-06-14,pass,"counterfactual_common_baseline_relative=max(0,final_yield-null)-I-5N"
HLA,Hailun,2010,MaskablePPO,,,official_extension_expert,2010,166,42,0.0,26.8,18.0,41.0,0.0,843.0,0.0,0.0,290,0.0,0.0,-0.0,-812.5,2010-06-15,pass,"counterfactual_common_baseline_relative=max(0,final_yield-null)-I-5N"
HLA,Hailun,2010,MaskablePPO,,,official_extension_expert,2010,167,43,16.0,28.7,16.3,42.0,0.0,937.0,0.0,0.0,300,0.0,0.0,-0.0,-812.5,2010-06-16,pass,"counterfactual_common_baseline_relative=max(0,final_yield-null)-I-5N"
HLA,Hailun,2010,MaskablePPO,,,official_extension_expert,2010,168,44,0.0,30.7,15.9,43.0,0.0,1041.0,0.0,0.0,294,0.0,0.0,-0.0,-812.5,2010-06-17,pass,"counterfactual_common_baseline_relative=max(0,final_yield-null)-I-5N"
HLA,Hailun,2010,MaskablePPO,,,official_extension_expert,2010,169,45,0.0,32.0,18.8,44.0,0.0,1167.0,0.0,0.0,287,0.0,0.0,-0.0,-812.5,2010-06-18,pass,"counterfactual_common_baseline_relative=max(0,final_yield-null)-I-5N"
HLA,Hailun,2010,MaskablePPO,,,official_extension_expert,2010,170,46,6.2,33.4,19.9,45.0,0.0,1310.0,0.0,0.0,287,0.0,0.0,-0.0,-812.5,2010-06-19,pass,"counterfactual_common_baseline_relative=max(0,final_yield-null)-I-5N"
HLA,Hailun,2010,MaskablePPO,,,official_extension_expert,2010,171,47,0.0,22.4,15.2,46.0,0.0,1397.0,0.0,0.0,282,0.0,0.0,-0.0,-812.5,2010-06-20,pass,"counterfactual_common_baseline_relative=max(0,final_yield-null)-I-5N"
HLA,Hailun,2010,MaskablePPO,,,official_extension_expert,2010,172,48,5.3,19.8,11.0,47.0,0.0,1458.0,0.0,0.0,284,0.0,0.0,-0.0,-812.5,2010-06-21,pass,"counterfactual_common_baseline_relative=max(0,final_yield-null)-I-5N"
HLA,Hailun,2010,MaskablePPO,,,official_extension_expert,2010,173,49,0.0,26.7,9.9,48.0,0.0,1547.0,0.0,0.0,278,0.0,0.0,-0.0,-812.5,2010-06-22,pass,"counterfactual_common_baseline_relative=max(0,final_yield-null)-I-5N"
HLA,Hailun,2010,MaskablePPO,,,official_extension_expert,2010,174,50,0.0,33.3,14.9,49.0,0.0,1693.0,0.0,0.0,271,0.0,0.0,-0.0,-812.5,2010-06-23,pass,"counterfactual_common_baseline_relative=max(0,final_yield-null)-I-5N"
HLA,Hailun,2010,MaskablePPO,,,official_extension_expert,2010,175,51,0.0,37.4,19.7,50.0,0.0,1888.0,0.0,0.0,313,50.0,68.0,-390.0,-1202.5,2010-06-24,pass,"counterfactual_common_baseline_relative=max(0,final_yield-null)-I-5N"
HLA,Hailun,2010,MaskablePPO,,,official_extension_expert,2010,176,52,0.0,35.4,19.9,51.0,0.0,2095.0,0.0,0.0,311,6.2,0.0,-6.2,-1208.7,2010-06-25,pass,"counterfactual_common_baseline_relative=max(0,final_yield-null)-I-5N"
HLA,Hailun,2010,MaskablePPO,,,official_extension_expert,2010,177,53,0.0,37.1,20.7,52.0,0.0,2307.0,0.0,0.0,303,0.0,0.0,-0.0,-1208.7,2010-06-26,pass,"counterfactual_common_baseline_relative=max(0,final_yield-null)-I-5N"
HLA,Hailun,2010,MaskablePPO,,,official_extension_expert,2010,178,54,0.0,35.9,20.7,53.0,0.0,2547.0,0.0,0.0,296,0.0,0.0,-0.0,-1208.7,2010-06-27,pass,"counterfactual_common_baseline_relative=max(0,final_yield-null)-I-5N"
HLA,Hailun,2010,MaskablePPO,,,official_extension_expert,2010,179,55,0.0,32.6,21.7,54.0,0.0,2805.0,0.0,0.0,290,0.0,0.0,-0.0,-1208.7,2010-06-28,pass,"counterfactual_common_baseline_relative=max(0,final_yield-null)-I-5N"
HLA,Hailun,2010,MaskablePPO,,,official_extension_expert,2010,180,56,3.8,31.0,20.1,55.0,0.0,3059.0,0.0,0.0,288,0.0,0.0,-0.0,-1208.7,2010-06-29,pass,"counterfactual_common_baseline_relative=max(0,final_yield-null)-I-5N"
HLA,Hailun,2010,MaskablePPO,,,official_extension_expert,2010,181,57,2.6,28.8,21.6,56.0,0.0,3318.0,0.0,0.0,287,0.0,0.0,-0.0,-1208.7,2010-06-30,pass,"counterfactual_common_baseline_relative=max(0,final_yield-null)-I-5N"
HLA,Hailun,2010,MaskablePPO,,,official_extension_expert,2010,182,58,0.0,29.2,21.6,57.0,0.0,3608.0,0.0,0.0,281,0.0,0.0,-0.0,-1208.7,2010-07-01,pass,"counterfactual_common_baseline_relative=max(0,final_yield-null)-I-5N"
HLA,Hailun,2010,MaskablePPO,,,official_extension_expert,2010,183,59,15.3,29.0,19.7,58.0,0.0,3898.0,0.0,0.0,291,0.0,0.0,-0.0,-1208.7,2010-07-02,pass,"counterfactual_common_baseline_relative=max(0,final_yield-null)-I-5N"
HLA,Hailun,2010,MaskablePPO,,,official_extension_expert,2010,184,60,0.0,30.5,19.5,59.0,0.0,4220.0,0.0,0.0,285,0.0,0.0,-0.0,-1208.7,2010-07-03,pass,"counterfactual_common_baseline_relative=max(0,final_yield-null)-I-5N"
HLA,Hailun,2010,MaskablePPO,,,official_extension_expert,2010,185,61,13.1,26.1,16.7,60.0,0.0,4393.0,0.0,0.0,295,0.0,0.0,-0.0,-1208.7,2010-07-04,pass,"counterfactual_common_baseline_relative=max(0,final_yield-null)-I-5N"
HLA,Hailun,2010,MaskablePPO,,,official_extension_expert,2010,186,62,4.4,22.7,15.8,61.0,0.0,4637.0,0.0,0.0,296,0.0,0.0,-0.0,-1208.7,2010-07-05,pass,"counterfactual_common_baseline_relative=max(0,final_yield-null)-I-5N"
HLA,Hailun,2010,MaskablePPO,,,official_extension_expert,2010,187,63,0.0,20.3,14.9,62.0,0.0,4860.0,0.0,0.0,293,0.0,0.0,-0.0,-1208.7,2010-07-06,pass,"counterfactual_common_baseline_relative=max(0,final_yield-null)-I-5N"
HLA,Hailun,2010,MaskablePPO,,,official_extension_expert,2010,188,64,0.0,21.9,15.3,63.0,0.0,5085.0,0.0,0.0,290,0.0,0.0,-0.0,-1208.7,2010-07-07,pass,"counterfactual_common_baseline_relative=max(0,final_yield-null)-I-5N"
HLA,Hailun,2010,MaskablePPO,,,official_extension_expert,2010,189,65,0.0,26.6,14.5,64.0,0.0,5332.0,0.0,0.0,286,0.0,0.0,-0.0,-1208.7,2010-07-08,pass,"counterfactual_common_baseline_relative=max(0,final_yield-null)-I-5N"
HLA,Hailun,2010,MaskablePPO,,,official_extension_expert,2010,190,66,0.0,27.9,17.5,65.0,0.0,5604.0,0.0,0.0,330,50.0,26.0,-180.0,-1388.7,2010-07-09,pass,"counterfactual_common_baseline_relative=max(0,final_yield-null)-I-5N"
HLA,Hailun,2010,MaskablePPO,,,official_extension_expert,2010,191,67,0.0,28.1,16.6,66.0,0.0,5860.0,0.0,0.0,331,6.2,0.0,-6.2,-1394.9,2010-07-10,pass,"counterfactual_common_baseline_relative=max(0,final_yield-null)-I-5N"
HLA,Hailun,2010,MaskablePPO,,,official_extension_expert,2010,192,68,0.0,30.5,16.0,67.0,0.0,6076.0,0.0,0.0,326,0.0,0.0,-0.0,-1394.9,2010-07-11,pass,"counterfactual_common_baseline_relative=max(0,final_yield-null)-I-5N"
HLA,Hailun,2010,MaskablePPO,,,official_extension_expert,2010,193,69,0.0,30.0,16.2,68.0,0.0,6301.0,0.0,0.0,319,0.0,0.0,-0.0,-1394.9,2010-07-12,pass,"counterfactual_common_baseline_relative=max(0,final_yield-null)-I-5N"
HLA,Hailun,2010,MaskablePPO,,,official_extension_expert,2010,194,70,0.0,29.0,18.6,69.0,0.0,6548.0,0.0,0.0,312,0.0,0.0,-0.0,-1394.9,2010-07-13,pass,"counterfactual_common_baseline_relative=max(0,final_yield-null)-I-5N"
HLA,Hailun,2010,MaskablePPO,,,official_extension_expert,2010,195,71,0.0,30.4,13.8,70.0,0.0,6771.0,0.0,0.0,306,0.0,0.0,-0.0,-1394.9,2010-07-14,pass,"counterfactual_common_baseline_relative=max(0,final_yield-null)-I-5N"
HLA,Hailun,2010,MaskablePPO,,,official_extension_expert,2010,196,72,4.1,28.8,18.8,71.0,0.0,7022.0,0.0,0.0,306,0.0,0.0,-0.0,-1394.9,2010-07-15,pass,"counterfactual_common_baseline_relative=max(0,final_yield-null)-I-5N"
HLA,Hailun,2010,MaskablePPO,,,official_extension_expert,2010,197,73,31.2,24.1,19.8,72.0,0.0,7092.0,0.0,0.0,326,0.0,0.0,-0.0,-1394.9,2010-07-16,pass,"counterfactual_common_baseline_relative=max(0,final_yield-null)-I-5N"
HLA,Hailun,2010,MaskablePPO,,,official_extension_expert,2010,198,74,0.0,26.4,22.3,73.0,0.0,7311.0,0.0,0.0,322,0.0,0.0,-0.0,-1394.9,2010-07-17,pass,"counterfactual_common_baseline_relative=max(0,final_yield-null)-I-5N"
HLA,Hailun,2010,MaskablePPO,,,official_extension_expert,2010,199,75,0.0,28.0,19.1,74.0,0.0,7525.0,0.0,0.0,318,0.0,0.0,-0.0,-1394.9,2010-07-18,pass,"counterfactual_common_baseline_relative=max(0,final_yield-null)-I-5N"
HLA,Hailun,2010,MaskablePPO,,,official_extension_expert,2010,200,76,6.3,27.4,16.1,75.0,0.0,7696.0,0.0,0.0,320,0.0,0.0,-0.0,-1394.9,2010-07-19,pass,"counterfactual_common_baseline_relative=max(0,final_yield-null)-I-5N"
HLA,Hailun,2010,MaskablePPO,,,official_extension_expert,2010,201,77,0.2,24.7,19.1,76.0,0.0,7878.0,0.0,0.0,318,0.0,0.0,-0.0,-1394.9,2010-07-20,pass,"counterfactual_common_baseline_relative=max(0,final_yield-null)-I-5N"
HLA,Hailun,2010,MaskablePPO,,,official_extension_expert,2010,202,78,1.3,27.9,17.8,77.0,0.0,8071.0,0.0,0.0,314,0.0,0.0,-0.0,-1394.9,2010-07-21,pass,"counterfactual_common_baseline_relative=max(0,final_yield-null)-I-5N"
HLA,Hailun,2010,MaskablePPO,,,official_extension_expert,2010,203,79,0.2,28.3,17.5,78.0,0.0,8540.0,0.0,0.0,308,0.0,0.0,-0.0,-1394.9,2010-07-22,pass,"counterfactual_common_baseline_relative=max(0,final_yield-null)-I-5N"
HLA,Hailun,2010,MaskablePPO,,,official_extension_expert,2010,204,80,0.3,29.6,17.0,79.0,0.0,9008.0,0.0,0.0,302,0.0,0.0,-0.0,-1394.9,2010-07-23,pass,"counterfactual_common_baseline_relative=max(0,final_yield-null)-I-5N"
HLA,Hailun,2010,MaskablePPO,,,official_extension_expert,2010,205,81,0.0,29.8,19.1,80.0,0.0,9429.0,0.0,0.0,296,0.0,0.0,-0.0,-1394.9,2010-07-24,pass,"counterfactual_common_baseline_relative=max(0,final_yield-null)-I-5N"
HLA,Hailun,2010,MaskablePPO,,,official_extension_expert,2010,206,82,0.0,29.7,19.1,81.0,0.0,9852.0,0.0,0.0,291,0.0,0.0,-0.0,-1394.9,2010-07-25,pass,"counterfactual_common_baseline_relative=max(0,final_yield-null)-I-5N"
HLA,Hailun,2010,MaskablePPO,,,official_extension_expert,2010,207,83,9.8,27.9,17.4,82.0,0.0,10117.0,0.0,0.0,296,0.0,0.0,-0.0,-1394.9,2010-07-26,pass,"counterfactual_common_baseline_relative=max(0,final_yield-null)-I-5N"
HLA,Hailun,2010,MaskablePPO,,,official_extension_expert,2010,208,84,0.0,26.8,13.2,83.0,0.0,10373.0,0.0,0.0,292,0.0,0.0,-0.0,-1394.9,2010-07-27,pass,"counterfactual_common_baseline_relative=max(0,final_yield-null)-I-5N"
HLA,Hailun,2010,MaskablePPO,,,official_extension_expert,2010,209,85,0.0,23.5,11.1,84.0,0.0,10770.0,0.0,0.0,287,0.0,0.0,-0.0,-1394.9,2010-07-28,pass,"counterfactual_common_baseline_relative=max(0,final_yield-null)-I-5N"
HLA,Hailun,2010,MaskablePPO,,,official_extension_expert,2010,210,86,0.0,27.2,12.5,85.0,0.0,11149.0,0.0,0.0,323,41.2,34.0,-211.2,-1606.1000000000001,2010-07-29,pass,"counterfactual_common_baseline_relative=max(0,final_yield-null)-I-5N"
HLA,Hailun,2010,MaskablePPO,,,official_extension_expert,2010,211,87,4.2,27.9,17.0,86.0,0.0,11449.0,0.0,0.0,323,0.0,0.0,-0.0,-1606.1000000000001,2010-07-30,pass,"counterfactual_common_baseline_relative=max(0,final_yield-null)-I-5N"
HLA,Hailun,2010,MaskablePPO,,,official_extension_expert,2010,212,88,0.0,25.1,16.4,87.0,0.0,11776.0,0.0,0.0,318,0.0,0.0,-0.0,-1606.1000000000001,2010-07-31,pass,"counterfactual_common_baseline_relative=max(0,final_yield-null)-I-5N"
HLA,Hailun,2010,MaskablePPO,,,official_extension_expert,2010,213,89,0.0,23.9,11.4,88.0,0.0,12110.0,0.0,0.0,314,0.0,0.0,-0.0,-1606.1000000000001,2010-08-01,pass,"counterfactual_common_baseline_relative=max(0,final_yield-null)-I-5N"
HLA,Hailun,2010,MaskablePPO,,,official_extension_expert,2010,214,90,0.0,26.7,14.0,89.0,0.0,12540.0,0.0,0.0,308,0.0,0.0,-0.0,-1606.1000000000001,2010-08-02,pass,"counterfactual_common_baseline_relative=max(0,final_yield-null)-I-5N"
HLA,Hailun,2010,MaskablePPO,,,official_extension_expert,2010,215,91,0.0,27.2,16.7,90.0,0.0,12718.0,0.0,0.0,305,0.0,0.0,-0.0,-1606.1000000000001,2010-08-03,pass,"counterfactual_common_baseline_relative=max(0,final_yield-null)-I-5N"
HLA,Hailun,2010,MaskablePPO,,,official_extension_expert,2010,216,92,0.0,23.5,16.3,91.0,215.0,12835.0,0.0,0.0,304,0.0,0.0,-0.0,-1606.1000000000001,2010-08-04,pass,"counterfactual_common_baseline_relative=max(0,final_yield-null)-I-5N"
HLA,Hailun,2010,MaskablePPO,,,official_extension_expert,2010,217,93,0.0,22.8,19.6,92.0,431.0,12987.0,0.0,0.0,303,0.0,0.0,-0.0,-1606.1000000000001,2010-08-05,pass,"counterfactual_common_baseline_relative=max(0,final_yield-null)-I-5N"
HLA,Hailun,2010,MaskablePPO,,,official_extension_expert,2010,218,94,0.0,20.1,14.5,93.0,646.0,13098.0,0.0,0.0,301,0.0,0.0,-0.0,-1606.1000000000001,2010-08-06,pass,"counterfactual_common_baseline_relative=max(0,final_yield-null)-I-5N"
HLA,Hailun,2010,MaskablePPO,,,official_extension_expert,2010,219,95,0.0,26.8,13.0,94.0,862.0,13410.0,0.0,0.0,297,0.0,0.0,-0.0,-1606.1000000000001,2010-08-07,pass,"counterfactual_common_baseline_relative=max(0,final_yield-null)-I-5N"
HLA,Hailun,2010,MaskablePPO,,,official_extension_expert,2010,220,96,0.6,20.4,15.0,95.0,1077.0,13507.0,0.0,0.0,297,0.0,0.0,-0.0,-1606.1000000000001,2010-08-08,pass,"counterfactual_common_baseline_relative=max(0,final_yield-null)-I-5N"
HLA,Hailun,2010,MaskablePPO,,,official_extension_expert,2010,221,97,16.0,25.3,17.1,96.0,1293.0,13709.0,0.0,0.0,308,0.0,0.0,-0.0,-1606.1000000000001,2010-08-09,pass,"counterfactual_common_baseline_relative=max(0,final_yield-null)-I-5N"
HLA,Hailun,2010,MaskablePPO,,,official_extension_expert,2010,222,98,4.4,23.6,15.2,97.0,1508.0,14043.0,0.0,0.0,307,0.0,0.0,-0.0,-1606.1000000000001,2010-08-10,pass,"counterfactual_common_baseline_relative=max(0,final_yield-null)-I-5N"
HLA,Hailun,2010,MaskablePPO,,,official_extension_expert,2010,223,99,0.0,26.3,13.4,98.0,1724.0,14372.0,0.0,0.0,303,0.0,0.0,-0.0,-1606.1000000000001,2010-08-11,pass,"counterfactual_common_baseline_relative=max(0,final_yield-null)-I-5N"
HLA,Hailun,2010,MaskablePPO,,,official_extension_expert,2010,224,100,0.0,25.1,14.6,99.0,1939.0,14657.0,0.0,0.0,298,0.0,0.0,-0.0,-1606.1000000000001,2010-08-12,pass,"counterfactual_common_baseline_relative=max(0,final_yield-null)-I-5N"
HLA,Hailun,2010,MaskablePPO,,,official_extension_expert,2010,225,101,0.0,26.0,10.8,100.0,2154.0,14872.0,0.0,0.0,294,0.0,0.0,-0.0,-1606.1000000000001,2010-08-13,pass,"counterfactual_common_baseline_relative=max(0,final_yield-null)-I-5N"
HLA,Hailun,2010,MaskablePPO,,,official_extension_expert,2010,226,102,34.7,22.7,15.9,101.0,2370.0,14995.0,0.0,0.0,316,0.0,0.0,-0.0,-1606.1000000000001,2010-08-14,pass,"counterfactual_common_baseline_relative=max(0,final_yield-null)-I-5N"
HLA,Hailun,2010,MaskablePPO,,,official_extension_expert,2010,227,103,10.5,22.5,15.3,102.0,2585.0,15269.0,0.0,0.0,321,0.0,0.0,-0.0,-1606.1000000000001,2010-08-15,pass,"counterfactual_common_baseline_relative=max(0,final_yield-null)-I-5N"
HLA,Hailun,2010,MaskablePPO,,,official_extension_expert,2010,228,104,0.0,25.7,11.7,103.0,2801.0,15519.0,0.0,0.0,316,0.0,0.0,-0.0,-1606.1000000000001,2010-08-16,pass,"counterfactual_common_baseline_relative=max(0,final_yield-null)-I-5N"
HLA,Hailun,2010,MaskablePPO,,,official_extension_expert,2010,229,105,0.0,27.9,14.5,104.0,3016.0,15734.0,0.0,0.0,311,0.0,0.0,-0.0,-1606.1000000000001,2010-08-17,pass,"counterfactual_common_baseline_relative=max(0,final_yield-null)-I-5N"
HLA,Hailun,2010,MaskablePPO,,,official_extension_expert,2010,230,106,0.0,27.8,17.8,105.0,3232.0,15949.0,0.0,0.0,306,0.0,0.0,-0.0,-1606.1000000000001,2010-08-18,pass,"counterfactual_common_baseline_relative=max(0,final_yield-null)-I-5N"
HLA,Hailun,2010,MaskablePPO,,,official_extension_expert,2010,231,107,0.8,23.9,18.6,106.0,3447.0,16057.0,0.0,0.0,306,0.0,0.0,-0.0,-1606.1000000000001,2010-08-19,pass,"counterfactual_common_baseline_relative=max(0,final_yield-null)-I-5N"
HLA,Hailun,2010,MaskablePPO,,,official_extension_expert,2010,232,108,0.0,29.1,19.3,107.0,3663.0,16305.0,0.0,0.0,303,0.0,0.0,-0.0,-1606.1000000000001,2010-08-20,pass,"counterfactual_common_baseline_relative=max(0,final_yield-null)-I-5N"
HLA,Hailun,2010,MaskablePPO,,,official_extension_expert,2010,233,109,0.0,24.9,12.9,108.0,3878.0,16596.0,0.0,0.0,298,0.0,0.0,-0.0,-1606.1000000000001,2010-08-21,pass,"counterfactual_common_baseline_relative=max(0,final_yield-null)-I-5N"
HLA,Hailun,2010,MaskablePPO,,,official_extension_expert,2010,234,110,0.0,25.1,14.1,109.0,4094.0,16811.0,0.0,0.0,296,0.0,0.0,-0.0,-1606.1000000000001,2010-08-22,pass,"counterfactual_common_baseline_relative=max(0,final_yield-null)-I-5N"
HLA,Hailun,2010,MaskablePPO,,,official_extension_expert,2010,235,111,16.2,22.9,15.6,110.0,4309.0,17027.0,0.0,0.0,337,30.0,26.0,-160.0,-1766.1000000000001,2010-08-23,pass,"counterfactual_common_baseline_relative=max(0,final_yield-null)-I-5N"
HLA,Hailun,2010,MaskablePPO,,,official_extension_expert,2010,236,112,0.0,23.9,14.7,111.0,4524.0,17242.0,0.0,0.0,334,0.0,0.0,-0.0,-1766.1000000000001,2010-08-24,pass,"counterfactual_common_baseline_relative=max(0,final_yield-null)-I-5N"
HLA,Hailun,2010,MaskablePPO,,,official_extension_expert,2010,237,113,0.0,27.8,11.2,112.0,4740.0,17458.0,0.0,0.0,329,0.0,0.0,-0.0,-1766.1000000000001,2010-08-25,pass,"counterfactual_common_baseline_relative=max(0,final_yield-null)-I-5N"
HLA,Hailun,2010,MaskablePPO,,,official_extension_expert,2010,238,114,0.0,29.9,12.6,113.0,4955.0,17673.0,0.0,0.0,324,0.0,0.0,-0.0,-1766.1000000000001,2010-08-26,pass,"counterfactual_common_baseline_relative=max(0,final_yield-null)-I-5N"
HLA,Hailun,2010,MaskablePPO,,,official_extension_expert,2010,239,115,0.0,29.4,15.7,114.0,5171.0,17889.0,0.0,0.0,319,0.0,0.0,-0.0,-1766.1000000000001,2010-08-27,pass,"counterfactual_common_baseline_relative=max(0,final_yield-null)-I-5N"
HLA,Hailun,2010,MaskablePPO,,,official_extension_expert,2010,240,116,5.7,21.1,18.2,115.0,5386.0,17955.0,0.0,0.0,324,0.0,0.0,-0.0,-1766.1000000000001,2010-08-28,pass,"counterfactual_common_baseline_relative=max(0,final_yield-null)-I-5N"
HLA,Hailun,2010,MaskablePPO,,,official_extension_expert,2010,241,117,0.2,23.0,18.1,116.0,5602.0,18171.0,0.0,0.0,322,0.0,0.0,-0.0,-1766.1000000000001,2010-08-29,pass,"counterfactual_common_baseline_relative=max(0,final_yield-null)-I-5N"
HLA,Hailun,2010,MaskablePPO,,,official_extension_expert,2010,242,118,5.7,21.6,13.7,117.0,5817.0,18341.0,0.0,0.0,325,0.0,0.0,-0.0,-1766.1000000000001,2010-08-30,pass,"counterfactual_common_baseline_relative=max(0,final_yield-null)-I-5N"
HLA,Hailun,2010,MaskablePPO,,,official_extension_expert,2010,243,119,2.9,20.8,10.5,118.0,6025.0,18573.0,0.0,0.0,325,0.0,0.0,-0.0,-1766.1000000000001,2010-08-31,pass,"counterfactual_common_baseline_relative=max(0,final_yield-null)-I-5N"
HLA,Hailun,2010,MaskablePPO,,,official_extension_expert,2010,244,120,0.0,24.2,8.0,119.0,6241.0,18867.0,0.0,0.0,321,0.0,0.0,-0.0,-1766.1000000000001,2010-09-01,pass,"counterfactual_common_baseline_relative=max(0,final_yield-null)-I-5N"
HLA,Hailun,2010,MaskablePPO,,,official_extension_expert,2010,245,121,0.0,26.4,11.1,120.0,6456.0,19161.0,0.0,0.0,317,0.0,0.0,-0.0,-1766.1000000000001,2010-09-02,pass,"counterfactual_common_baseline_relative=max(0,final_yield-null)-I-5N"
HLA,Hailun,2010,MaskablePPO,,,official_extension_expert,2010,246,122,0.0,27.7,11.9,121.0,6672.0,19389.0,0.0,0.0,312,0.0,0.0,-0.0,-1766.1000000000001,2010-09-03,pass,"counterfactual_common_baseline_relative=max(0,final_yield-null)-I-5N"
HLA,Hailun,2010,MaskablePPO,,,official_extension_expert,2010,247,123,0.0,28.7,15.2,122.0,6887.0,19605.0,0.0,0.0,308,0.0,0.0,-0.0,-1766.1000000000001,2010-09-04,pass,"counterfactual_common_baseline_relative=max(0,final_yield-null)-I-5N"
HLA,Hailun,2010,MaskablePPO,,,official_extension_expert,2010,248,124,0.2,25.9,14.3,123.0,7103.0,19803.0,0.0,0.0,306,0.0,0.0,-0.0,-1766.1000000000001,2010-09-05,pass,"counterfactual_common_baseline_relative=max(0,final_yield-null)-I-5N"
HLA,Hailun,2010,MaskablePPO,,,official_extension_expert,2010,249,125,0.2,23.2,11.5,124.0,7318.0,20036.0,0.0,0.0,302,0.0,0.0,-0.0,-1766.1000000000001,2010-09-06,pass,"counterfactual_common_baseline_relative=max(0,final_yield-null)-I-5N"
HLA,Hailun,2010,MaskablePPO,,,official_extension_expert,2010,250,126,0.0,20.4,2.3,125.0,7438.0,20156.0,0.0,0.0,298,0.0,0.0,-0.0,-1766.1000000000001,2010-09-07,pass,"counterfactual_common_baseline_relative=max(0,final_yield-null)-I-5N"
HLA,Hailun,2010,MaskablePPO,,,official_extension_expert,2010,251,127,0.0,24.4,6.1,126.0,7638.0,20356.0,0.0,0.0,294,0.0,0.0,-0.0,-1766.1000000000001,2010-09-08,pass,"counterfactual_common_baseline_relative=max(0,final_yield-null)-I-5N"
HLA,Hailun,2010,MaskablePPO,,,official_extension_expert,2010,252,128,0.0,27.9,8.8,127.0,7854.0,20571.0,0.0,0.0,290,0.0,0.0,-0.0,-1766.1000000000001,2010-09-09,pass,"counterfactual_common_baseline_relative=max(0,final_yield-null)-I-5N"
HLA,Hailun,2010,MaskablePPO,,,official_extension_expert,2010,253,129,0.0,29.6,11.2,128.0,7854.0,20571.0,0.0,0.0,285,0.0,0.0,-0.0,-1766.1000000000001,2010-09-10,pass,"counterfactual_common_baseline_relative=max(0,final_yield-null)-I-5N"
HLA,Hailun,2010,MaskablePPO,,,official_extension_expert,2010,254,130,0.0,31.2,13.9,129.0,7854.0,20571.0,0.0,0.0,281,0.0,0.0,-0.0,-1766.1000000000001,2010-09-11,pass,"counterfactual_common_baseline_relative=max(0,final_yield-null)-I-5N"
HLA,Hailun,2010,MaskablePPO,,,official_extension_expert,2010,255,131,0.0,31.6,14.0,130.0,7854.0,20571.0,0.0,0.0,276,0.0,0.0,898.0,-868.1000000000001,2010-09-12,pass,"counterfactual_common_baseline_relative=max(0,final_yield-null)-I-5N"
HLA,Hailun,2010,MaskablePPO,0.0,180.0,rl_candidate,2010,125,1,8.6,13.7,6.2,0.0,0.0,0.0,0.0,0.0,238,0.0,0.0,-0.0,-0.0,2010-05-05,pass,"counterfactual_common_baseline_relative=max(0,final_yield-null)-I-5N"
HLA,Hailun,2010,MaskablePPO,0.0,180.0,rl_candidate,2010,126,2,48.3,6.6,5.3,1.0,0.0,0.0,0.0,0.0,269,0.0,50.0,-250.0,-250.0,2010-05-06,pass,"counterfactual_common_baseline_relative=max(0,final_yield-null)-I-5N"
HLA,Hailun,2010,MaskablePPO,0.0,180.0,rl_candidate,2010,127,3,1.1,11.8,4.3,2.0,0.0,0.0,0.0,0.0,267,0.0,0.0,-0.0,-250.0,2010-05-07,pass,"counterfactual_common_baseline_relative=max(0,final_yield-null)-I-5N"
HLA,Hailun,2010,MaskablePPO,0.0,180.0,rl_candidate,2010,128,4,0.0,11.0,2.5,3.0,0.0,0.0,0.0,0.0,264,0.0,0.0,-0.0,-250.0,2010-05-08,pass,"counterfactual_common_baseline_relative=max(0,final_yield-null)-I-5N"
HLA,Hailun,2010,MaskablePPO,0.0,180.0,rl_candidate,2010,129,5,1.8,12.1,1.8,4.0,0.0,0.0,0.0,0.0,264,0.0,0.0,-0.0,-250.0,2010-05-09,pass,"counterfactual_common_baseline_relative=max(0,final_yield-null)-I-5N"
HLA,Hailun,2010,MaskablePPO,0.0,180.0,rl_candidate,2010,130,6,11.0,10.5,6.3,5.0,0.0,0.0,0.0,0.0,273,0.0,0.0,-0.0,-250.0,2010-05-10,pass,"counterfactual_common_baseline_relative=max(0,final_yield-null)-I-5N"
HLA,Hailun,2010,MaskablePPO,0.0,180.0,rl_candidate,2010,131,7,0.4,13.3,6.5,6.0,0.0,0.0,0.0,0.0,271,0.0,0.0,-0.0,-250.0,2010-05-11,pass,"counterfactual_common_baseline_relative=max(0,final_yield-null)-I-5N"
HLA,Hailun,2010,MaskablePPO,0.0,180.0,rl_candidate,2010,132,8,0.0,15.7,6.1,7.0,0.0,0.0,0.0,0.0,268,0.0,0.0,-0.0,-250.0,2010-05-12,pass,"counterfactual_common_baseline_relative=max(0,final_yield-null)-I-5N"
HLA,Hailun,2010,MaskablePPO,0.0,180.0,rl_candidate,2010,133,9,0.0,20.2,4.2,8.0,0.0,0.0,0.0,0.0,265,0.0,0.0,-0.0,-250.0,2010-05-13,pass,"counterfactual_common_baseline_relative=max(0,final_yield-null)-I-5N"
HLA,Hailun,2010,MaskablePPO,0.0,180.0,rl_candidate,2010,134,10,0.0,20.7,8.2,9.0,0.0,0.0,0.0,0.0,263,0.0,0.0,-0.0,-250.0,2010-05-14,pass,"counterfactual_common_baseline_relative=max(0,final_yield-null)-I-5N"
HLA,Hailun,2010,MaskablePPO,0.0,180.0,rl_candidate,2010,135,11,2.0,20.9,11.0,10.0,0.0,0.0,0.0,0.0,264,0.0,0.0,-0.0,-250.0,2010-05-15,pass,"counterfactual_common_baseline_relative=max(0,final_yield-null)-I-5N"
HLA,Hailun,2010,MaskablePPO,0.0,180.0,rl_candidate,2010,136,12,0.0,24.8,8.1,11.0,0.0,0.0,0.0,0.0,262,0.0,0.0,-0.0,-250.0,2010-05-16,pass,"counterfactual_common_baseline_relative=max(0,final_yield-null)-I-5N"
HLA,Hailun,2010,MaskablePPO,0.0,180.0,rl_candidate,2010,137,13,2.9,21.9,13.0,12.0,0.0,0.0,0.0,0.0,263,0.0,0.0,-0.0,-250.0,2010-05-17,pass,"counterfactual_common_baseline_relative=max(0,final_yield-null)-I-5N"
HLA,Hailun,2010,MaskablePPO,0.0,180.0,rl_candidate,2010,138,14,0.0,20.0,12.7,13.0,0.0,0.0,0.0,0.0,262,0.0,0.0,-0.0,-250.0,2010-05-18,pass,"counterfactual_common_baseline_relative=max(0,final_yield-null)-I-5N"
HLA,Hailun,2010,MaskablePPO,0.0,180.0,rl_candidate,2010,139,15,9.2,19.2,12.3,14.0,0.0,0.0,0.0,0.0,267,0.0,0.0,-0.0,-250.0,2010-05-19,pass,"counterfactual_common_baseline_relative=max(0,final_yield-null)-I-5N"
HLA,Hailun,2010,MaskablePPO,0.0,180.0,rl_candidate,2010,140,16,7.1,20.3,11.8,15.0,0.0,20.0,0.0,0.012,271,0.0,0.0,-0.0,-250.0,2010-05-20,pass,"counterfactual_common_baseline_relative=max(0,final_yield-null)-I-5N"
HLA,Hailun,2010,MaskablePPO,0.0,180.0,rl_candidate,2010,141,17,1.5,25.7,12.3,16.0,0.0,20.0,0.0,0.016,266,0.0,0.0,-0.0,-250.0,2010-05-21,pass,"counterfactual_common_baseline_relative=max(0,final_yield-null)-I-5N"
HLA,Hailun,2010,MaskablePPO,0.0,180.0,rl_candidate,2010,142,18,0.0,27.1,14.4,17.0,0.0,20.0,0.0,0.011,264,0.0,0.0,-0.0,-250.0,2010-05-22,pass,"counterfactual_common_baseline_relative=max(0,final_yield-null)-I-5N"
HLA,Hailun,2010,MaskablePPO,0.0,180.0,rl_candidate,2010,143,19,0.0,32.1,14.4,18.0,0.0,20.0,0.0,0.004,263,0.0,0.0,-0.0,-250.0,2010-05-23,pass,"counterfactual_common_baseline_relative=max(0,final_yield-null)-I-5N"
HLA,Hailun,2010,MaskablePPO,0.0,180.0,rl_candidate,2010,144,20,0.0,27.6,19.5,19.0,0.0,20.0,0.0,0.0,262,0.0,0.0,-0.0,-250.0,2010-05-24,pass,"counterfactual_common_baseline_relative=max(0,final_yield-null)-I-5N"
HLA,Hailun,2010,MaskablePPO,0.0,180.0,rl_candidate,2010,145,21,0.0,26.6,14.4,20.0,0.0,20.0,0.0,0.0,261,0.0,0.0,-0.0,-250.0,2010-05-25,pass,"counterfactual_common_baseline_relative=max(0,final_yield-null)-I-5N"
HLA,Hailun,2010,MaskablePPO,0.0,180.0,rl_candidate,2010,146,22,0.0,25.6,10.8,21.0,0.0,20.0,0.0,0.0,260,0.0,0.0,-0.0,-250.0,2010-05-26,pass,"counterfactual_common_baseline_relative=max(0,final_yield-null)-I-5N"
HLA,Hailun,2010,MaskablePPO,0.0,180.0,rl_candidate,2010,147,23,0.0,27.3,7.3,22.0,0.0,24.0,0.0,0.0,259,0.0,0.0,-0.0,-250.0,2010-05-27,pass,"counterfactual_common_baseline_relative=max(0,final_yield-null)-I-5N"
HLA,Hailun,2010,MaskablePPO,0.0,180.0,rl_candidate,2010,148,24,0.0,27.2,13.5,23.0,0.0,30.0,0.0,0.0,258,0.0,0.0,-0.0,-250.0,2010-05-28,pass,"counterfactual_common_baseline_relative=max(0,final_yield-null)-I-5N"
HLA,Hailun,2010,MaskablePPO,0.0,180.0,rl_candidate,2010,149,25,4.4,23.4,13.8,24.0,0.0,36.0,0.0,0.0,259,0.0,0.0,-0.0,-250.0,2010-05-29,pass,"counterfactual_common_baseline_relative=max(0,final_yield-null)-I-5N"
HLA,Hailun,2010,MaskablePPO,0.0,180.0,rl_candidate,2010,150,26,0.0,25.5,13.8,25.0,0.0,44.0,0.0,0.0,258,0.0,0.0,-0.0,-250.0,2010-05-30,pass,"counterfactual_common_baseline_relative=max(0,final_yield-null)-I-5N"
HLA,Hailun,2010,MaskablePPO,0.0,180.0,rl_candidate,2010,151,27,0.0,28.3,11.7,26.0,0.0,53.0,0.0,0.0,257,0.0,0.0,-0.0,-250.0,2010-05-31,pass,"counterfactual_common_baseline_relative=max(0,final_yield-null)-I-5N"
HLA,Hailun,2010,MaskablePPO,0.0,180.0,rl_candidate,2010,152,28,0.0,28.9,14.3,27.0,0.0,65.0,0.0,0.0,256,0.0,0.0,-0.0,-250.0,2010-06-01,pass,"counterfactual_common_baseline_relative=max(0,final_yield-null)-I-5N"
HLA,Hailun,2010,MaskablePPO,0.0,180.0,rl_candidate,2010,153,29,0.0,154.3,15.5,28.0,0.0,65.0,0.414,0.0,252,0.0,0.0,-0.0,-250.0,2010-06-02,source_anomaly_preserved_not_imputed,"counterfactual_common_baseline_relative=max(0,final_yield-null)-I-5N"
HLA,Hailun,2010,MaskablePPO,0.0,180.0,rl_candidate,2010,154,30,0.0,30.8,14.2,29.0,0.0,89.0,0.0,0.0,251,0.0,0.0,-0.0,-250.0,2010-06-03,pass,"counterfactual_common_baseline_relative=max(0,final_yield-null)-I-5N"
HLA,Hailun,2010,MaskablePPO,0.0,180.0,rl_candidate,2010,155,31,0.0,34.3,16.7,30.0,0.0,117.0,0.0,0.0,249,0.0,0.0,-0.0,-250.0,2010-06-04,pass,"counterfactual_common_baseline_relative=max(0,final_yield-null)-I-5N"
HLA,Hailun,2010,MaskablePPO,0.0,180.0,rl_candidate,2010,156,32,0.0,31.5,18.7,31.0,0.0,141.0,0.0,0.0,248,0.0,0.0,-0.0,-250.0,2010-06-05,pass,"counterfactual_common_baseline_relative=max(0,final_yield-null)-I-5N"
HLA,Hailun,2010,MaskablePPO,0.0,180.0,rl_candidate,2010,157,33,0.0,27.3,12.7,32.0,0.0,168.0,0.0,0.004,246,0.0,0.0,-0.0,-250.0,2010-06-06,pass,"counterfactual_common_baseline_relative=max(0,final_yield-null)-I-5N"
HLA,Hailun,2010,MaskablePPO,0.0,180.0,rl_candidate,2010,158,34,0.0,33.1,18.0,33.0,0.0,213.0,0.0,0.0,244,0.0,0.0,-0.0,-250.0,2010-06-07,pass,"counterfactual_common_baseline_relative=max(0,final_yield-null)-I-5N"
HLA,Hailun,2010,MaskablePPO,0.0,180.0,rl_candidate,2010,159,35,0.0,34.8,21.1,34.0,0.0,272.0,0.0,0.0,242,0.0,0.0,-0.0,-250.0,2010-06-08,pass,"counterfactual_common_baseline_relative=max(0,final_yield-null)-I-5N"
HLA,Hailun,2010,MaskablePPO,0.0,180.0,rl_candidate,2010,160,36,0.0,32.3,15.5,35.0,0.0,328.0,0.0,0.0,240,0.0,0.0,-0.0,-250.0,2010-06-09,pass,"counterfactual_common_baseline_relative=max(0,final_yield-null)-I-5N"
HLA,Hailun,2010,MaskablePPO,0.0,180.0,rl_candidate,2010,161,37,0.0,36.4,18.9,36.0,0.0,406.0,0.0,0.0,237,0.0,0.0,-0.0,-250.0,2010-06-10,pass,"counterfactual_common_baseline_relative=max(0,final_yield-null)-I-5N"
HLA,Hailun,2010,MaskablePPO,0.0,180.0,rl_candidate,2010,162,38,0.0,36.7,20.3,37.0,0.0,498.0,0.0,0.0,234,0.0,0.0,-0.0,-250.0,2010-06-11,pass,"counterfactual_common_baseline_relative=max(0,final_yield-null)-I-5N"
HLA,Hailun,2010,MaskablePPO,0.0,180.0,rl_candidate,2010,163,39,1.5,26.8,19.4,38.0,0.0,567.0,0.0,0.0,233,0.0,0.0,-0.0,-250.0,2010-06-12,pass,"counterfactual_common_baseline_relative=max(0,final_yield-null)-I-5N"
HLA,Hailun,2010,MaskablePPO,0.0,180.0,rl_candidate,2010,164,40,0.0,29.4,18.2,39.0,0.0,657.0,0.0,0.0,230,0.0,0.0,-0.0,-250.0,2010-06-13,pass,"counterfactual_common_baseline_relative=max(0,final_yield-null)-I-5N"
HLA,Hailun,2010,MaskablePPO,0.0,180.0,rl_candidate,2010,165,41,0.0,30.3,18.6,40.0,0.0,755.0,0.0,0.0,227,0.0,0.0,-0.0,-250.0,2010-06-14,pass,"counterfactual_common_baseline_relative=max(0,final_yield-null)-I-5N"
HLA,Hailun,2010,MaskablePPO,0.0,180.0,rl_candidate,2010,166,42,0.0,26.8,18.0,41.0,0.0,845.0,0.0,0.0,224,0.0,0.0,-0.0,-250.0,2010-06-15,pass,"counterfactual_common_baseline_relative=max(0,final_yield-null)-I-5N"
HLA,Hailun,2010,MaskablePPO,0.0,180.0,rl_candidate,2010,167,43,16.0,28.7,16.3,42.0,0.0,939.0,0.0,0.0,235,0.0,0.0,-0.0,-250.0,2010-06-16,pass,"counterfactual_common_baseline_relative=max(0,final_yield-null)-I-5N"
HLA,Hailun,2010,MaskablePPO,0.0,180.0,rl_candidate,2010,168,44,0.0,30.7,15.9,43.0,0.0,1044.0,0.0,0.0,230,0.0,0.0,-0.0,-250.0,2010-06-17,pass,"counterfactual_common_baseline_relative=max(0,final_yield-null)-I-5N"
HLA,Hailun,2010,MaskablePPO,0.0,180.0,rl_candidate,2010,169,45,0.0,32.0,18.8,44.0,0.0,1169.0,0.0,0.0,224,0.0,0.0,-0.0,-250.0,2010-06-18,pass,"counterfactual_common_baseline_relative=max(0,final_yield-null)-I-5N"
HLA,Hailun,2010,MaskablePPO,0.0,180.0,rl_candidate,2010,170,46,6.2,33.4,19.9,45.0,0.0,1312.0,0.0,0.0,225,0.0,0.0,-0.0,-250.0,2010-06-19,pass,"counterfactual_common_baseline_relative=max(0,final_yield-null)-I-5N"
HLA,Hailun,2010,MaskablePPO,0.0,180.0,rl_candidate,2010,171,47,0.0,22.4,15.2,46.0,0.0,1399.0,0.0,0.0,219,0.0,0.0,-0.0,-250.0,2010-06-20,pass,"counterfactual_common_baseline_relative=max(0,final_yield-null)-I-5N"
HLA,Hailun,2010,MaskablePPO,0.0,180.0,rl_candidate,2010,172,48,5.3,19.8,11.0,47.0,0.0,1461.0,0.0,0.0,222,0.0,0.0,-0.0,-250.0,2010-06-21,pass,"counterfactual_common_baseline_relative=max(0,final_yield-null)-I-5N"
HLA,Hailun,2010,MaskablePPO,0.0,180.0,rl_candidate,2010,173,49,0.0,26.7,9.9,48.0,0.0,1549.0,0.0,0.0,216,0.0,0.0,-0.0,-250.0,2010-06-22,pass,"counterfactual_common_baseline_relative=max(0,final_yield-null)-I-5N"
HLA,Hailun,2010,MaskablePPO,0.0,180.0,rl_candidate,2010,174,50,0.0,33.3,14.9,49.0,0.0,1696.0,0.0,0.0,209,0.0,0.0,-0.0,-250.0,2010-06-23,pass,"counterfactual_common_baseline_relative=max(0,final_yield-null)-I-5N"
HLA,Hailun,2010,MaskablePPO,0.0,180.0,rl_candidate,2010,175,51,0.0,37.4,19.7,50.0,0.0,1891.0,0.0,0.0,201,0.0,0.0,-0.0,-250.0,2010-06-24,pass,"counterfactual_common_baseline_relative=max(0,final_yield-null)-I-5N"
HLA,Hailun,2010,MaskablePPO,0.0,180.0,rl_candidate,2010,176,52,0.0,35.4,19.9,51.0,0.0,2097.0,0.0,0.0,193,0.0,0.0,-0.0,-250.0,2010-06-25,pass,"counterfactual_common_baseline_relative=max(0,final_yield-null)-I-5N"
HLA,Hailun,2010,MaskablePPO,0.0,180.0,rl_candidate,2010,177,53,0.0,37.1,20.7,52.0,0.0,2331.0,0.0,0.0,185,0.0,0.0,-0.0,-250.0,2010-06-26,pass,"counterfactual_common_baseline_relative=max(0,final_yield-null)-I-5N"
HLA,Hailun,2010,MaskablePPO,0.0,180.0,rl_candidate,2010,178,54,0.0,35.9,20.7,53.0,0.0,2581.0,0.0,0.0,179,0.0,0.0,-0.0,-250.0,2010-06-27,pass,"counterfactual_common_baseline_relative=max(0,final_yield-null)-I-5N"
HLA,Hailun,2010,MaskablePPO,0.0,180.0,rl_candidate,2010,179,55,0.0,32.6,21.7,54.0,0.0,2840.0,0.0,0.0,173,0.0,0.0,-0.0,-250.0,2010-06-28,pass,"counterfactual_common_baseline_relative=max(0,final_yield-null)-I-5N"
HLA,Hailun,2010,MaskablePPO,0.0,180.0,rl_candidate,2010,180,56,3.8,31.0,20.1,55.0,0.0,3094.0,0.0,0.0,171,0.0,0.0,-0.0,-250.0,2010-06-29,pass,"counterfactual_common_baseline_relative=max(0,final_yield-null)-I-5N"
HLA,Hailun,2010,MaskablePPO,0.0,180.0,rl_candidate,2010,181,57,2.6,28.8,21.6,56.0,0.0,3354.0,0.0,0.0,170,0.0,0.0,-0.0,-250.0,2010-06-30,pass,"counterfactual_common_baseline_relative=max(0,final_yield-null)-I-5N"
HLA,Hailun,2010,MaskablePPO,0.0,180.0,rl_candidate,2010,182,58,0.0,29.2,21.6,57.0,0.0,3644.0,0.0,0.0,165,0.0,0.0,-0.0,-250.0,2010-07-01,pass,"counterfactual_common_baseline_relative=max(0,final_yield-null)-I-5N"
HLA,Hailun,2010,MaskablePPO,0.0,180.0,rl_candidate,2010,183,59,15.3,29.0,19.7,58.0,0.0,3935.0,0.0,0.0,176,0.0,0.0,-0.0,-250.0,2010-07-02,pass,"counterfactual_common_baseline_relative=max(0,final_yield-null)-I-5N"
HLA,Hailun,2010,MaskablePPO,0.0,180.0,rl_candidate,2010,184,60,0.0,30.5,19.5,59.0,0.0,4258.0,0.0,0.0,170,0.0,0.0,-0.0,-250.0,2010-07-03,pass,"counterfactual_common_baseline_relative=max(0,final_yield-null)-I-5N"
HLA,Hailun,2010,MaskablePPO,0.0,180.0,rl_candidate,2010,185,61,13.1,26.1,16.7,60.0,0.0,4431.0,0.0,0.0,180,0.0,0.0,-0.0,-250.0,2010-07-04,pass,"counterfactual_common_baseline_relative=max(0,final_yield-null)-I-5N"
HLA,Hailun,2010,MaskablePPO,0.0,180.0,rl_candidate,2010,186,62,4.4,22.7,15.8,61.0,0.0,4675.0,0.0,0.0,182,0.0,0.0,-0.0,-250.0,2010-07-05,pass,"counterfactual_common_baseline_relative=max(0,final_yield-null)-I-5N"
HLA,Hailun,2010,MaskablePPO,0.0,180.0,rl_candidate,2010,187,63,0.0,20.3,14.9,62.0,0.0,4904.0,0.0,0.0,179,0.0,0.0,-0.0,-250.0,2010-07-06,pass,"counterfactual_common_baseline_relative=max(0,final_yield-null)-I-5N"
HLA,Hailun,2010,MaskablePPO,0.0,180.0,rl_candidate,2010,188,64,0.0,21.9,15.3,63.0,0.0,5130.0,0.0,0.0,176,0.0,0.0,-0.0,-250.0,2010-07-07,pass,"counterfactual_common_baseline_relative=max(0,final_yield-null)-I-5N"
HLA,Hailun,2010,MaskablePPO,0.0,180.0,rl_candidate,2010,189,65,0.0,26.6,14.5,64.0,0.0,5377.0,0.0,0.0,171,0.0,0.0,-0.0,-250.0,2010-07-08,pass,"counterfactual_common_baseline_relative=max(0,final_yield-null)-I-5N"
HLA,Hailun,2010,MaskablePPO,0.0,180.0,rl_candidate,2010,190,66,0.0,27.9,17.5,65.0,0.0,5649.0,0.0,0.0,195,30.0,0.0,-30.0,-280.0,2010-07-09,pass,"counterfactual_common_baseline_relative=max(0,final_yield-null)-I-5N"
HLA,Hailun,2010,MaskablePPO,0.0,180.0,rl_candidate,2010,191,67,0.0,28.1,16.6,66.0,0.0,5905.0,0.0,0.0,190,0.0,0.0,-0.0,-280.0,2010-07-10,pass,"counterfactual_common_baseline_relative=max(0,final_yield-null)-I-5N"
HLA,Hailun,2010,MaskablePPO,0.0,180.0,rl_candidate,2010,192,68,0.0,30.5,16.0,67.0,0.0,6168.0,0.0,0.0,185,0.0,0.0,-0.0,-280.0,2010-07-11,pass,"counterfactual_common_baseline_relative=max(0,final_yield-null)-I-5N"
HLA,Hailun,2010,MaskablePPO,0.0,180.0,rl_candidate,2010,193,69,0.0,30.0,16.2,68.0,0.0,6422.0,0.0,0.0,178,0.0,0.0,-0.0,-280.0,2010-07-12,pass,"counterfactual_common_baseline_relative=max(0,final_yield-null)-I-5N"
HLA,Hailun,2010,MaskablePPO,0.0,180.0,rl_candidate,2010,194,70,0.0,29.0,18.6,69.0,0.0,6682.0,0.0,0.0,172,0.0,0.0,-0.0,-280.0,2010-07-13,pass,"counterfactual_common_baseline_relative=max(0,final_yield-null)-I-5N"
HLA,Hailun,2010,MaskablePPO,0.0,180.0,rl_candidate,2010,195,71,0.0,30.4,13.8,70.0,0.0,6910.0,0.0,0.0,166,0.0,0.0,-0.0,-280.0,2010-07-14,pass,"counterfactual_common_baseline_relative=max(0,final_yield-null)-I-5N"
HLA,Hailun,2010,MaskablePPO,0.0,180.0,rl_candidate,2010,196,72,4.1,28.8,18.8,71.0,0.0,7163.0,0.0,0.0,165,0.0,0.0,-0.0,-280.0,2010-07-15,pass,"counterfactual_common_baseline_relative=max(0,final_yield-null)-I-5N"
HLA,Hailun,2010,MaskablePPO,0.0,180.0,rl_candidate,2010,197,73,31.2,24.1,19.8,72.0,0.0,7234.0,0.0,0.0,189,0.0,0.0,-0.0,-280.0,2010-07-16,pass,"counterfactual_common_baseline_relative=max(0,final_yield-null)-I-5N"
HLA,Hailun,2010,MaskablePPO,0.0,180.0,rl_candidate,2010,198,74,0.0,26.4,22.3,73.0,0.0,7495.0,0.0,0.0,184,0.0,0.0,-0.0,-280.0,2010-07-17,pass,"counterfactual_common_baseline_relative=max(0,final_yield-null)-I-5N"
HLA,Hailun,2010,MaskablePPO,0.0,180.0,rl_candidate,2010,199,75,0.0,28.0,19.1,74.0,0.0,7744.0,0.0,0.0,181,0.0,0.0,-0.0,-280.0,2010-07-18,pass,"counterfactual_common_baseline_relative=max(0,final_yield-null)-I-5N"
HLA,Hailun,2010,MaskablePPO,0.0,180.0,rl_candidate,2010,200,76,6.3,27.4,16.1,75.0,0.0,7964.0,0.0,0.0,183,0.0,0.0,-0.0,-280.0,2010-07-19,pass,"counterfactual_common_baseline_relative=max(0,final_yield-null)-I-5N"
HLA,Hailun,2010,MaskablePPO,0.0,180.0,rl_candidate,2010,201,77,0.2,24.7,19.1,76.0,0.0,8147.0,0.0,0.0,181,0.0,0.0,-0.0,-280.0,2010-07-20,pass,"counterfactual_common_baseline_relative=max(0,final_yield-null)-I-5N"
HLA,Hailun,2010,MaskablePPO,0.0,180.0,rl_candidate,2010,202,78,1.3,27.9,17.8,77.0,0.0,8386.0,0.0,0.0,177,0.0,0.0,-0.0,-280.0,2010-07-21,pass,"counterfactual_common_baseline_relative=max(0,final_yield-null)-I-5N"
HLA,Hailun,2010,MaskablePPO,0.0,180.0,rl_candidate,2010,203,79,0.2,28.3,17.5,78.0,0.0,8854.0,0.0,0.0,171,0.0,0.0,-0.0,-280.0,2010-07-22,pass,"counterfactual_common_baseline_relative=max(0,final_yield-null)-I-5N"
HLA,Hailun,2010,MaskablePPO,0.0,180.0,rl_candidate,2010,204,80,0.3,29.6,17.0,79.0,0.0,9323.0,0.0,0.0,165,0.0,0.0,-0.0,-280.0,2010-07-23,pass,"counterfactual_common_baseline_relative=max(0,final_yield-null)-I-5N"
HLA,Hailun,2010,MaskablePPO,0.0,180.0,rl_candidate,2010,205,81,0.0,29.8,19.1,80.0,0.0,9744.0,0.0,0.0,159,0.0,0.0,-0.0,-280.0,2010-07-24,pass,"counterfactual_common_baseline_relative=max(0,final_yield-null)-I-5N"
HLA,Hailun,2010,MaskablePPO,0.0,180.0,rl_candidate,2010,206,82,0.0,29.7,19.1,81.0,0.0,10168.0,0.0,0.0,154,0.0,0.0,-0.0,-280.0,2010-07-25,pass,"counterfactual_common_baseline_relative=max(0,final_yield-null)-I-5N"
HLA,Hailun,2010,MaskablePPO,0.0,180.0,rl_candidate,2010,207,83,9.8,27.9,17.4,82.0,0.0,10432.0,0.0,0.0,160,0.0,0.0,-0.0,-280.0,2010-07-26,pass,"counterfactual_common_baseline_relative=max(0,final_yield-null)-I-5N"
HLA,Hailun,2010,MaskablePPO,0.0,180.0,rl_candidate,2010,208,84,0.0,26.8,13.2,83.0,0.0,10688.0,0.0,0.0,156,0.0,0.0,-0.0,-280.0,2010-07-27,pass,"counterfactual_common_baseline_relative=max(0,final_yield-null)-I-5N"
HLA,Hailun,2010,MaskablePPO,0.0,180.0,rl_candidate,2010,209,85,0.0,23.5,11.1,84.0,0.0,11085.0,0.0,0.0,151,0.0,0.0,-0.0,-280.0,2010-07-28,pass,"counterfactual_common_baseline_relative=max(0,final_yield-null)-I-5N"
HLA,Hailun,2010,MaskablePPO,0.0,180.0,rl_candidate,2010,210,86,0.0,27.2,12.5,85.0,0.0,11465.0,0.0,0.0,176,30.0,0.0,-30.0,-310.0,2010-07-29,pass,"counterfactual_common_baseline_relative=max(0,final_yield-null)-I-5N"
HLA,Hailun,2010,MaskablePPO,0.0,180.0,rl_candidate,2010,211,87,4.2,27.9,17.0,86.0,0.0,11764.0,0.0,0.0,176,0.0,0.0,-0.0,-310.0,2010-07-30,pass,"counterfactual_common_baseline_relative=max(0,final_yield-null)-I-5N"
HLA,Hailun,2010,MaskablePPO,0.0,180.0,rl_candidate,2010,212,88,0.0,25.1,16.4,87.0,0.0,12091.0,0.0,0.0,171,0.0,0.0,-0.0,-310.0,2010-07-31,pass,"counterfactual_common_baseline_relative=max(0,final_yield-null)-I-5N"
HLA,Hailun,2010,MaskablePPO,0.0,180.0,rl_candidate,2010,213,89,0.0,23.9,11.4,88.0,0.0,12425.0,0.0,0.0,167,0.0,0.0,-0.0,-310.0,2010-08-01,pass,"counterfactual_common_baseline_relative=max(0,final_yield-null)-I-5N"
HLA,Hailun,2010,MaskablePPO,0.0,180.0,rl_candidate,2010,214,90,0.0,26.7,14.0,89.0,0.0,12856.0,0.0,0.0,161,0.0,0.0,-0.0,-310.0,2010-08-02,pass,"counterfactual_common_baseline_relative=max(0,final_yield-null)-I-5N"
HLA,Hailun,2010,MaskablePPO,0.0,180.0,rl_candidate,2010,215,91,0.0,27.2,16.7,90.0,0.0,13032.0,0.0,0.0,158,0.0,0.0,-0.0,-310.0,2010-08-03,pass,"counterfactual_common_baseline_relative=max(0,final_yield-null)-I-5N"
HLA,Hailun,2010,MaskablePPO,0.0,180.0,rl_candidate,2010,216,92,0.0,23.5,16.3,91.0,215.0,13151.0,0.0,0.0,157,0.0,0.0,-0.0,-310.0,2010-08-04,pass,"counterfactual_common_baseline_relative=max(0,final_yield-null)-I-5N"
HLA,Hailun,2010,MaskablePPO,0.0,180.0,rl_candidate,2010,217,93,0.0,22.8,19.6,92.0,431.0,13303.0,0.0,0.0,155,0.0,0.0,-0.0,-310.0,2010-08-05,pass,"counterfactual_common_baseline_relative=max(0,final_yield-null)-I-5N"
HLA,Hailun,2010,MaskablePPO,0.0,180.0,rl_candidate,2010,218,94,0.0,20.1,14.5,93.0,646.0,13414.0,0.0,0.0,154,0.0,0.0,-0.0,-310.0,2010-08-06,pass,"counterfactual_common_baseline_relative=max(0,final_yield-null)-I-5N"
HLA,Hailun,2010,MaskablePPO,0.0,180.0,rl_candidate,2010,219,95,0.0,26.8,13.0,94.0,862.0,13727.0,0.0,0.0,150,0.0,0.0,-0.0,-310.0,2010-08-07,pass,"counterfactual_common_baseline_relative=max(0,final_yield-null)-I-5N"
HLA,Hailun,2010,MaskablePPO,0.0,180.0,rl_candidate,2010,220,96,0.6,20.4,15.0,95.0,1077.0,13824.0,0.0,0.0,150,0.0,0.0,-0.0,-310.0,2010-08-08,pass,"counterfactual_common_baseline_relative=max(0,final_yield-null)-I-5N"
HLA,Hailun,2010,MaskablePPO,0.0,180.0,rl_candidate,2010,221,97,16.0,25.3,17.1,96.0,1293.0,14026.0,0.0,0.0,163,0.0,0.0,-0.0,-310.0,2010-08-09,pass,"counterfactual_common_baseline_relative=max(0,final_yield-null)-I-5N"
HLA,Hailun,2010,MaskablePPO,0.0,180.0,rl_candidate,2010,222,98,4.4,23.6,15.2,97.0,1508.0,14362.0,0.0,0.0,163,0.0,0.0,-0.0,-310.0,2010-08-10,pass,"counterfactual_common_baseline_relative=max(0,final_yield-null)-I-5N"
HLA,Hailun,2010,MaskablePPO,0.0,180.0,rl_candidate,2010,223,99,0.0,26.3,13.4,98.0,1724.0,14691.0,0.0,0.0,158,0.0,0.0,-0.0,-310.0,2010-08-11,pass,"counterfactual_common_baseline_relative=max(0,final_yield-null)-I-5N"
HLA,Hailun,2010,MaskablePPO,0.0,180.0,rl_candidate,2010,224,100,0.0,25.1,14.6,99.0,1939.0,14971.0,0.0,0.0,153,0.0,0.0,-0.0,-310.0,2010-08-12,pass,"counterfactual_common_baseline_relative=max(0,final_yield-null)-I-5N"
HLA,Hailun,2010,MaskablePPO,0.0,180.0,rl_candidate,2010,225,101,0.0,26.0,10.8,100.0,2154.0,15187.0,0.0,0.0,149,0.0,0.0,-0.0,-310.0,2010-08-13,pass,"counterfactual_common_baseline_relative=max(0,final_yield-null)-I-5N"
HLA,Hailun,2010,MaskablePPO,0.0,180.0,rl_candidate,2010,226,102,34.7,22.7,15.9,101.0,2370.0,15310.0,0.0,0.0,175,0.0,0.0,-0.0,-310.0,2010-08-14,pass,"counterfactual_common_baseline_relative=max(0,final_yield-null)-I-5N"
HLA,Hailun,2010,MaskablePPO,0.0,180.0,rl_candidate,2010,227,103,10.5,22.5,15.3,102.0,2585.0,15584.0,0.0,0.0,181,0.0,0.0,-0.0,-310.0,2010-08-15,pass,"counterfactual_common_baseline_relative=max(0,final_yield-null)-I-5N"
HLA,Hailun,2010,MaskablePPO,0.0,180.0,rl_candidate,2010,228,104,0.0,25.7,11.7,103.0,2801.0,15833.0,0.0,0.0,175,0.0,0.0,-0.0,-310.0,2010-08-16,pass,"counterfactual_common_baseline_relative=max(0,final_yield-null)-I-5N"
HLA,Hailun,2010,MaskablePPO,0.0,180.0,rl_candidate,2010,229,105,0.0,27.9,14.5,104.0,3016.0,16049.0,0.0,0.0,170,0.0,0.0,-0.0,-310.0,2010-08-17,pass,"counterfactual_common_baseline_relative=max(0,final_yield-null)-I-5N"
HLA,Hailun,2010,MaskablePPO,0.0,180.0,rl_candidate,2010,230,106,0.0,27.8,17.8,105.0,3232.0,16264.0,0.0,0.0,166,0.0,0.0,-0.0,-310.0,2010-08-18,pass,"counterfactual_common_baseline_relative=max(0,final_yield-null)-I-5N"
HLA,Hailun,2010,MaskablePPO,0.0,180.0,rl_candidate,2010,231,107,0.8,23.9,18.6,106.0,3447.0,16372.0,0.0,0.0,166,0.0,0.0,-0.0,-310.0,2010-08-19,pass,"counterfactual_common_baseline_relative=max(0,final_yield-null)-I-5N"
HLA,Hailun,2010,MaskablePPO,0.0,180.0,rl_candidate,2010,232,108,0.0,29.1,19.3,107.0,3663.0,16621.0,0.0,0.0,162,0.0,0.0,-0.0,-310.0,2010-08-20,pass,"counterfactual_common_baseline_relative=max(0,final_yield-null)-I-5N"
HLA,Hailun,2010,MaskablePPO,0.0,180.0,rl_candidate,2010,233,109,0.0,24.9,12.9,108.0,3878.0,16910.0,0.0,0.0,158,0.0,0.0,-0.0,-310.0,2010-08-21,pass,"counterfactual_common_baseline_relative=max(0,final_yield-null)-I-5N"
HLA,Hailun,2010,MaskablePPO,0.0,180.0,rl_candidate,2010,234,110,0.0,25.1,14.1,109.0,4094.0,17126.0,0.0,0.0,155,0.0,0.0,-0.0,-310.0,2010-08-22,pass,"counterfactual_common_baseline_relative=max(0,final_yield-null)-I-5N"
HLA,Hailun,2010,MaskablePPO,0.0,180.0,rl_candidate,2010,235,111,16.2,22.9,15.6,110.0,4309.0,17341.0,0.0,0.0,198,30.0,0.0,-30.0,-340.0,2010-08-23,pass,"counterfactual_common_baseline_relative=max(0,final_yield-null)-I-5N"
HLA,Hailun,2010,MaskablePPO,0.0,180.0,rl_candidate,2010,236,112,0.0,23.9,14.7,111.0,4524.0,17557.0,0.0,0.0,195,0.0,0.0,-0.0,-340.0,2010-08-24,pass,"counterfactual_common_baseline_relative=max(0,final_yield-null)-I-5N"
HLA,Hailun,2010,MaskablePPO,0.0,180.0,rl_candidate,2010,237,113,0.0,27.8,11.2,112.0,4740.0,17772.0,0.0,0.0,190,0.0,0.0,-0.0,-340.0,2010-08-25,pass,"counterfactual_common_baseline_relative=max(0,final_yield-null)-I-5N"
HLA,Hailun,2010,MaskablePPO,0.0,180.0,rl_candidate,2010,238,114,0.0,29.9,12.6,113.0,4955.0,17988.0,0.0,0.0,185,0.0,0.0,-0.0,-340.0,2010-08-26,pass,"counterfactual_common_baseline_relative=max(0,final_yield-null)-I-5N"
HLA,Hailun,2010,MaskablePPO,0.0,180.0,rl_candidate,2010,239,115,0.0,29.4,15.7,114.0,5171.0,18203.0,0.0,0.0,180,0.0,0.0,-0.0,-340.0,2010-08-27,pass,"counterfactual_common_baseline_relative=max(0,final_yield-null)-I-5N"
HLA,Hailun,2010,MaskablePPO,0.0,180.0,rl_candidate,2010,240,116,5.7,21.1,18.2,115.0,5386.0,18270.0,0.0,0.0,185,0.0,0.0,-0.0,-340.0,2010-08-28,pass,"counterfactual_common_baseline_relative=max(0,final_yield-null)-I-5N"
HLA,Hailun,2010,MaskablePPO,0.0,180.0,rl_candidate,2010,241,117,0.2,23.0,18.1,116.0,5602.0,18487.0,0.0,0.0,183,0.0,0.0,-0.0,-340.0,2010-08-29,pass,"counterfactual_common_baseline_relative=max(0,final_yield-null)-I-5N"
HLA,Hailun,2010,MaskablePPO,0.0,180.0,rl_candidate,2010,242,118,5.7,21.6,13.7,117.0,5817.0,18658.0,0.0,0.0,187,0.0,0.0,-0.0,-340.0,2010-08-30,pass,"counterfactual_common_baseline_relative=max(0,final_yield-null)-I-5N"
HLA,Hailun,2010,MaskablePPO,0.0,180.0,rl_candidate,2010,243,119,2.9,20.8,10.5,118.0,6025.0,18890.0,0.0,0.0,187,0.0,0.0,-0.0,-340.0,2010-08-31,pass,"counterfactual_common_baseline_relative=max(0,final_yield-null)-I-5N"
HLA,Hailun,2010,MaskablePPO,0.0,180.0,rl_candidate,2010,244,120,0.0,24.2,8.0,119.0,6241.0,19186.0,0.0,0.0,183,0.0,0.0,-0.0,-340.0,2010-09-01,pass,"counterfactual_common_baseline_relative=max(0,final_yield-null)-I-5N"
HLA,Hailun,2010,MaskablePPO,0.0,180.0,rl_candidate,2010,245,121,0.0,26.4,11.1,120.0,6456.0,19481.0,0.0,0.0,179,0.0,0.0,-0.0,-340.0,2010-09-02,pass,"counterfactual_common_baseline_relative=max(0,final_yield-null)-I-5N"
HLA,Hailun,2010,MaskablePPO,0.0,180.0,rl_candidate,2010,246,122,0.0,27.7,11.9,121.0,6672.0,19704.0,0.0,0.0,174,0.0,0.0,-0.0,-340.0,2010-09-03,pass,"counterfactual_common_baseline_relative=max(0,final_yield-null)-I-5N"
HLA,Hailun,2010,MaskablePPO,0.0,180.0,rl_candidate,2010,247,123,0.0,28.7,15.2,122.0,6887.0,19920.0,0.0,0.0,170,0.0,0.0,-0.0,-340.0,2010-09-04,pass,"counterfactual_common_baseline_relative=max(0,final_yield-null)-I-5N"
HLA,Hailun,2010,MaskablePPO,0.0,180.0,rl_candidate,2010,248,124,0.2,25.9,14.3,123.0,7103.0,20119.0,0.0,0.0,168,0.0,0.0,-0.0,-340.0,2010-09-05,pass,"counterfactual_common_baseline_relative=max(0,final_yield-null)-I-5N"
HLA,Hailun,2010,MaskablePPO,0.0,180.0,rl_candidate,2010,249,125,0.2,23.2,11.5,124.0,7318.0,20350.0,0.0,0.0,164,0.0,0.0,-0.0,-340.0,2010-09-06,pass,"counterfactual_common_baseline_relative=max(0,final_yield-null)-I-5N"
HLA,Hailun,2010,MaskablePPO,0.0,180.0,rl_candidate,2010,250,126,0.0,20.4,2.3,125.0,7438.0,20471.0,0.0,0.0,160,0.0,0.0,-0.0,-340.0,2010-09-07,pass,"counterfactual_common_baseline_relative=max(0,final_yield-null)-I-5N"
HLA,Hailun,2010,MaskablePPO,0.0,180.0,rl_candidate,2010,251,127,0.0,24.4,6.1,126.0,7638.0,20671.0,0.0,0.0,156,0.0,0.0,-0.0,-340.0,2010-09-08,pass,"counterfactual_common_baseline_relative=max(0,final_yield-null)-I-5N"
HLA,Hailun,2010,MaskablePPO,0.0,180.0,rl_candidate,2010,252,128,0.0,27.9,8.8,127.0,7854.0,20886.0,0.0,0.0,151,0.0,0.0,-0.0,-340.0,2010-09-09,pass,"counterfactual_common_baseline_relative=max(0,final_yield-null)-I-5N"
HLA,Hailun,2010,MaskablePPO,0.0,180.0,rl_candidate,2010,253,129,0.0,29.6,11.2,128.0,7854.0,20886.0,0.0,0.0,147,0.0,0.0,-0.0,-340.0,2010-09-10,pass,"counterfactual_common_baseline_relative=max(0,final_yield-null)-I-5N"
HLA,Hailun,2010,MaskablePPO,0.0,180.0,rl_candidate,2010,254,130,0.0,31.2,13.9,129.0,7854.0,20886.0,0.0,0.0,143,0.0,0.0,-0.0,-340.0,2010-09-11,pass,"counterfactual_common_baseline_relative=max(0,final_yield-null)-I-5N"
HLA,Hailun,2010,MaskablePPO,0.0,180.0,rl_candidate,2010,255,131,0.0,31.6,14.0,130.0,7854.0,20886.0,0.0,0.0,138,0.0,0.0,898.0,558.0,2010-09-12,pass,"counterfactual_common_baseline_relative=max(0,final_yield-null)-I-5N"
