probe_id,model_id,training_regime,ppo_seed,action_index,irrigation_action_mm,fertilizer_action_kgN_ha,saved_mask_sha256
P0001,H0,HISTORICAL_WEATHER,0,0,0,0,4CBBD8CA5215B8D161AEC181A74B694F4E24B001D5B081DC0030ED797A8973E0
P0002,H0,HISTORICAL_WEATHER,0,13,45,40,CC8CD41CEF907C4D216069122C4B89936211361F9050A717A1E37AD1862E952F
P0003,H0,HISTORICAL_WEATHER,0,13,45,40,CC8CD41CEF907C4D216069122C4B89936211361F9050A717A1E37AD1862E952F
P0004,H0,HISTORICAL_WEATHER,0,0,0,0,4CBBD8CA5215B8D161AEC181A74B694F4E24B001D5B081DC0030ED797A8973E0
P0005,H0,HISTORICAL_WEATHER,0,0,0,0,4CBBD8CA5215B8D161AEC181A74B694F4E24B001D5B081DC0030ED797A8973E0
P0006,H0,HISTORICAL_WEATHER,0,0,0,0,4CBBD8CA5215B8D161AEC181A74B694F4E24B001D5B081DC0030ED797A8973E0
P0007,H0,HISTORICAL_WEATHER,0,13,45,40,CC8CD41CEF907C4D216069122C4B89936211361F9050A717A1E37AD1862E952F
P0008,H0,HISTORICAL_WEATHER,0,0,0,0,4CBBD8CA5215B8D161AEC181A74B694F4E24B001D5B081DC0030ED797A8973E0
P0009,H0,HISTORICAL_WEATHER,0,0,0,0,4CBBD8CA5215B8D161AEC181A74B694F4E24B001D5B081DC0030ED797A8973E0
P0010,H0,HISTORICAL_WEATHER,0,0,0,0,4CBBD8CA5215B8D161AEC181A74B694F4E24B001D5B081DC0030ED797A8973E0
P0011,H0,HISTORICAL_WEATHER,0,0,0,0,4CBBD8CA5215B8D161AEC181A74B694F4E24B001D5B081DC0030ED797A8973E0
P0012,H0,HISTORICAL_WEATHER,0,0,0,0,4CBBD8CA5215B8D161AEC181A74B694F4E24B001D5B081DC0030ED797A8973E0
P0013,H0,HISTORICAL_WEATHER,0,0,0,0,4CBBD8CA5215B8D161AEC181A74B694F4E24B001D5B081DC0030ED797A8973E0
P0014,H0,HISTORICAL_WEATHER,0,0,0,0,4CBBD8CA5215B8D161AEC181A74B694F4E24B001D5B081DC0030ED797A8973E0
P0015,H0,HISTORICAL_WEATHER,0,4,15,0,4B0EBEA5AFB86AFBADF12EEDC5C56E680F4946E61EFE94AD358B6FF89EA5FEC7
P0016,H0,HISTORICAL_WEATHER,0,0,0,0,4CBBD8CA5215B8D161AEC181A74B694F4E24B001D5B081DC0030ED797A8973E0
P0017,H0,HISTORICAL_WEATHER,0,0,0,0,4CBBD8CA5215B8D161AEC181A74B694F4E24B001D5B081DC0030ED797A8973E0
P0018,H0,HISTORICAL_WEATHER,0,0,0,0,4CBBD8CA5215B8D161AEC181A74B694F4E24B001D5B081DC0030ED797A8973E0
P0019,H0,HISTORICAL_WEATHER,0,13,45,40,CC8CD41CEF907C4D216069122C4B89936211361F9050A717A1E37AD1862E952F
P0020,H0,HISTORICAL_WEATHER,0,0,0,0,4CBBD8CA5215B8D161AEC181A74B694F4E24B001D5B081DC0030ED797A8973E0
P0021,H0,HISTORICAL_WEATHER,0,0,0,0,4CBBD8CA5215B8D161AEC181A74B694F4E24B001D5B081DC0030ED797A8973E0
P0022,H0,HISTORICAL_WEATHER,0,0,0,0,4CBBD8CA5215B8D161AEC181A74B694F4E24B001D5B081DC0030ED797A8973E0
P0023,H0,HISTORICAL_WEATHER,0,0,0,0,4CBBD8CA5215B8D161AEC181A74B694F4E24B001D5B081DC0030ED797A8973E0
P0024,H0,HISTORICAL_WEATHER,0,1,0,40,A020B7F8043620B11605E4B25E35803538E4679D5F7A9E6AE90300BF28791989
P0025,H0,HISTORICAL_WEATHER,0,0,0,0,4CBBD8CA5215B8D161AEC181A74B694F4E24B001D5B081DC0030ED797A8973E0
P0026,H0,HISTORICAL_WEATHER,0,0,0,0,4CBBD8CA5215B8D161AEC181A74B694F4E24B001D5B081DC0030ED797A8973E0
P0027,H0,HISTORICAL_WEATHER,0,0,0,0,4CBBD8CA5215B8D161AEC181A74B694F4E24B001D5B081DC0030ED797A8973E0
P0028,H0,HISTORICAL_WEATHER,0,4,15,0,4B0EBEA5AFB86AFBADF12EEDC5C56E680F4946E61EFE94AD358B6FF89EA5FEC7
P0029,H0,HISTORICAL_WEATHER,0,4,15,0,CC8CD41CEF907C4D216069122C4B89936211361F9050A717A1E37AD1862E952F
P0030,H0,HISTORICAL_WEATHER,0,4,15,0,CC8CD41CEF907C4D216069122C4B89936211361F9050A717A1E37AD1862E952F
P0031,H0,HISTORICAL_WEATHER,0,4,15,0,CC8CD41CEF907C4D216069122C4B89936211361F9050A717A1E37AD1862E952F
P0032,H0,HISTORICAL_WEATHER,0,4,15,0,CC8CD41CEF907C4D216069122C4B89936211361F9050A717A1E37AD1862E952F
P0033,H0,HISTORICAL_WEATHER,0,4,15,0,CC8CD41CEF907C4D216069122C4B89936211361F9050A717A1E37AD1862E952F
P0034,H0,HISTORICAL_WEATHER,0,4,15,0,CC8CD41CEF907C4D216069122C4B89936211361F9050A717A1E37AD1862E952F
P0035,H0,HISTORICAL_WEATHER,0,4,15,0,CC8CD41CEF907C4D216069122C4B89936211361F9050A717A1E37AD1862E952F
P0036,H0,HISTORICAL_WEATHER,0,0,0,0,4CBBD8CA5215B8D161AEC181A74B694F4E24B001D5B081DC0030ED797A8973E0
P0037,H0,HISTORICAL_WEATHER,0,4,15,0,CC8CD41CEF907C4D216069122C4B89936211361F9050A717A1E37AD1862E952F
P0038,H0,HISTORICAL_WEATHER,0,4,15,0,CC8CD41CEF907C4D216069122C4B89936211361F9050A717A1E37AD1862E952F
P0039,H0,HISTORICAL_WEATHER,0,4,15,0,CC8CD41CEF907C4D216069122C4B89936211361F9050A717A1E37AD1862E952F
P0040,H0,HISTORICAL_WEATHER,0,4,15,0,CC8CD41CEF907C4D216069122C4B89936211361F9050A717A1E37AD1862E952F
P0041,H0,HISTORICAL_WEATHER,0,4,15,0,1B897DDDD4C151E2A2E6E3E91B7EA0F7FC4FD5ED00EF1C9669E8566393A02586
P0042,H0,HISTORICAL_WEATHER,0,4,15,0,1B897DDDD4C151E2A2E6E3E91B7EA0F7FC4FD5ED00EF1C9669E8566393A02586
P0043,H0,HISTORICAL_WEATHER,0,4,15,0,1B897DDDD4C151E2A2E6E3E91B7EA0F7FC4FD5ED00EF1C9669E8566393A02586
P0044,H0,HISTORICAL_WEATHER,0,4,15,0,1B897DDDD4C151E2A2E6E3E91B7EA0F7FC4FD5ED00EF1C9669E8566393A02586
P0045,H0,HISTORICAL_WEATHER,0,4,15,0,1B897DDDD4C151E2A2E6E3E91B7EA0F7FC4FD5ED00EF1C9669E8566393A02586
P0046,H0,HISTORICAL_WEATHER,0,4,15,0,1B897DDDD4C151E2A2E6E3E91B7EA0F7FC4FD5ED00EF1C9669E8566393A02586
P0047,H0,HISTORICAL_WEATHER,0,13,45,40,CC8CD41CEF907C4D216069122C4B89936211361F9050A717A1E37AD1862E952F
P0048,H0,HISTORICAL_WEATHER,0,4,15,0,1B897DDDD4C151E2A2E6E3E91B7EA0F7FC4FD5ED00EF1C9669E8566393A02586
P0049,H0,HISTORICAL_WEATHER,0,4,15,0,CC8CD41CEF907C4D216069122C4B89936211361F9050A717A1E37AD1862E952F
P0050,H0,HISTORICAL_WEATHER,0,4,15,0,CC8CD41CEF907C4D216069122C4B89936211361F9050A717A1E37AD1862E952F
P0051,H0,HISTORICAL_WEATHER,0,4,15,0,CC8CD41CEF907C4D216069122C4B89936211361F9050A717A1E37AD1862E952F
P0052,H0,HISTORICAL_WEATHER,0,4,15,0,CC8CD41CEF907C4D216069122C4B89936211361F9050A717A1E37AD1862E952F
P0053,H0,HISTORICAL_WEATHER,0,13,45,40,CC8CD41CEF907C4D216069122C4B89936211361F9050A717A1E37AD1862E952F
P0054,H0,HISTORICAL_WEATHER,0,4,15,0,1B897DDDD4C151E2A2E6E3E91B7EA0F7FC4FD5ED00EF1C9669E8566393A02586
P0055,H0,HISTORICAL_WEATHER,0,4,15,0,1B897DDDD4C151E2A2E6E3E91B7EA0F7FC4FD5ED00EF1C9669E8566393A02586
P0056,H0,HISTORICAL_WEATHER,0,4,15,0,1B897DDDD4C151E2A2E6E3E91B7EA0F7FC4FD5ED00EF1C9669E8566393A02586
P0057,H0,HISTORICAL_WEATHER,0,4,15,0,CC8CD41CEF907C4D216069122C4B89936211361F9050A717A1E37AD1862E952F
P0058,H0,HISTORICAL_WEATHER,0,4,15,0,CC8CD41CEF907C4D216069122C4B89936211361F9050A717A1E37AD1862E952F
P0059,H0,HISTORICAL_WEATHER,0,4,15,0,CC8CD41CEF907C4D216069122C4B89936211361F9050A717A1E37AD1862E952F
P0060,H0,HISTORICAL_WEATHER,0,4,15,0,CC8CD41CEF907C4D216069122C4B89936211361F9050A717A1E37AD1862E952F
P0061,H0,HISTORICAL_WEATHER,0,4,15,0,4B0EBEA5AFB86AFBADF12EEDC5C56E680F4946E61EFE94AD358B6FF89EA5FEC7
P0062,H0,HISTORICAL_WEATHER,0,4,15,0,CC8CD41CEF907C4D216069122C4B89936211361F9050A717A1E37AD1862E952F
P0063,H0,HISTORICAL_WEATHER,0,4,15,0,CC8CD41CEF907C4D216069122C4B89936211361F9050A717A1E37AD1862E952F
P0064,H0,HISTORICAL_WEATHER,0,4,15,0,1B897DDDD4C151E2A2E6E3E91B7EA0F7FC4FD5ED00EF1C9669E8566393A02586
P0065,H0,HISTORICAL_WEATHER,0,4,15,0,CC8CD41CEF907C4D216069122C4B89936211361F9050A717A1E37AD1862E952F
P0066,H0,HISTORICAL_WEATHER,0,4,15,0,CC8CD41CEF907C4D216069122C4B89936211361F9050A717A1E37AD1862E952F
P0067,H0,HISTORICAL_WEATHER,0,4,15,0,CC8CD41CEF907C4D216069122C4B89936211361F9050A717A1E37AD1862E952F
P0068,H0,HISTORICAL_WEATHER,0,4,15,0,CC8CD41CEF907C4D216069122C4B89936211361F9050A717A1E37AD1862E952F
P0069,H0,HISTORICAL_WEATHER,0,4,15,0,1B897DDDD4C151E2A2E6E3E91B7EA0F7FC4FD5ED00EF1C9669E8566393A02586
P0070,H0,HISTORICAL_WEATHER,0,13,45,40,CC8CD41CEF907C4D216069122C4B89936211361F9050A717A1E37AD1862E952F
P0071,H0,HISTORICAL_WEATHER,0,4,15,0,CC8CD41CEF907C4D216069122C4B89936211361F9050A717A1E37AD1862E952F
P0072,H0,HISTORICAL_WEATHER,0,4,15,0,CC8CD41CEF907C4D216069122C4B89936211361F9050A717A1E37AD1862E952F
P0073,H0,HISTORICAL_WEATHER,0,4,15,0,1B897DDDD4C151E2A2E6E3E91B7EA0F7FC4FD5ED00EF1C9669E8566393A02586
P0074,H0,HISTORICAL_WEATHER,0,4,15,0,1B897DDDD4C151E2A2E6E3E91B7EA0F7FC4FD5ED00EF1C9669E8566393A02586
P0075,H0,HISTORICAL_WEATHER,0,4,15,0,CC8CD41CEF907C4D216069122C4B89936211361F9050A717A1E37AD1862E952F
P0076,H0,HISTORICAL_WEATHER,0,4,15,0,CC8CD41CEF907C4D216069122C4B89936211361F9050A717A1E37AD1862E952F
P0077,H0,HISTORICAL_WEATHER,0,4,15,0,CC8CD41CEF907C4D216069122C4B89936211361F9050A717A1E37AD1862E952F
P0078,H0,HISTORICAL_WEATHER,0,4,15,0,CC8CD41CEF907C4D216069122C4B89936211361F9050A717A1E37AD1862E952F
P0079,H0,HISTORICAL_WEATHER,0,4,15,0,CC8CD41CEF907C4D216069122C4B89936211361F9050A717A1E37AD1862E952F
P0080,H0,HISTORICAL_WEATHER,0,4,15,0,CC8CD41CEF907C4D216069122C4B89936211361F9050A717A1E37AD1862E952F
P0081,H0,HISTORICAL_WEATHER,0,4,15,0,CC8CD41CEF907C4D216069122C4B89936211361F9050A717A1E37AD1862E952F
P0082,H0,HISTORICAL_WEATHER,0,4,15,0,CC8CD41CEF907C4D216069122C4B89936211361F9050A717A1E37AD1862E952F
P0083,H0,HISTORICAL_WEATHER,0,4,15,0,CC8CD41CEF907C4D216069122C4B89936211361F9050A717A1E37AD1862E952F
P0084,H0,HISTORICAL_WEATHER,0,4,15,0,CC8CD41CEF907C4D216069122C4B89936211361F9050A717A1E37AD1862E952F
P0085,H0,HISTORICAL_WEATHER,0,4,15,0,CC8CD41CEF907C4D216069122C4B89936211361F9050A717A1E37AD1862E952F
P0086,H0,HISTORICAL_WEATHER,0,4,15,0,CC8CD41CEF907C4D216069122C4B89936211361F9050A717A1E37AD1862E952F
P0087,H0,HISTORICAL_WEATHER,0,4,15,0,CC8CD41CEF907C4D216069122C4B89936211361F9050A717A1E37AD1862E952F
P0088,H0,HISTORICAL_WEATHER,0,4,15,0,CC8CD41CEF907C4D216069122C4B89936211361F9050A717A1E37AD1862E952F
P0089,H0,HISTORICAL_WEATHER,0,4,15,0,1B897DDDD4C151E2A2E6E3E91B7EA0F7FC4FD5ED00EF1C9669E8566393A02586
P0090,H0,HISTORICAL_WEATHER,0,4,15,0,1B897DDDD4C151E2A2E6E3E91B7EA0F7FC4FD5ED00EF1C9669E8566393A02586
P0091,H0,HISTORICAL_WEATHER,0,4,15,0,1B897DDDD4C151E2A2E6E3E91B7EA0F7FC4FD5ED00EF1C9669E8566393A02586
P0092,H0,HISTORICAL_WEATHER,0,13,45,40,CC8CD41CEF907C4D216069122C4B89936211361F9050A717A1E37AD1862E952F
P0093,H0,HISTORICAL_WEATHER,0,4,15,0,CC8CD41CEF907C4D216069122C4B89936211361F9050A717A1E37AD1862E952F
P0094,H0,HISTORICAL_WEATHER,0,4,15,0,1B897DDDD4C151E2A2E6E3E91B7EA0F7FC4FD5ED00EF1C9669E8566393A02586
P0095,H0,HISTORICAL_WEATHER,0,4,15,0,1B897DDDD4C151E2A2E6E3E91B7EA0F7FC4FD5ED00EF1C9669E8566393A02586
P0096,H0,HISTORICAL_WEATHER,0,4,15,0,1B897DDDD4C151E2A2E6E3E91B7EA0F7FC4FD5ED00EF1C9669E8566393A02586
P0097,H0,HISTORICAL_WEATHER,0,4,15,0,CC8CD41CEF907C4D216069122C4B89936211361F9050A717A1E37AD1862E952F
P0098,H0,HISTORICAL_WEATHER,0,4,15,0,CC8CD41CEF907C4D216069122C4B89936211361F9050A717A1E37AD1862E952F
P0099,H0,HISTORICAL_WEATHER,0,4,15,0,CC8CD41CEF907C4D216069122C4B89936211361F9050A717A1E37AD1862E952F
P0100,H0,HISTORICAL_WEATHER,0,4,15,0,CC8CD41CEF907C4D216069122C4B89936211361F9050A717A1E37AD1862E952F
P0101,H0,HISTORICAL_WEATHER,0,4,15,0,CC8CD41CEF907C4D216069122C4B89936211361F9050A717A1E37AD1862E952F
P0102,H0,HISTORICAL_WEATHER,0,4,15,0,CC8CD41CEF907C4D216069122C4B89936211361F9050A717A1E37AD1862E952F
P0103,H0,HISTORICAL_WEATHER,0,4,15,0,CC8CD41CEF907C4D216069122C4B89936211361F9050A717A1E37AD1862E952F
P0104,H0,HISTORICAL_WEATHER,0,4,15,0,CC8CD41CEF907C4D216069122C4B89936211361F9050A717A1E37AD1862E952F
P0105,H0,HISTORICAL_WEATHER,0,4,15,0,CC8CD41CEF907C4D216069122C4B89936211361F9050A717A1E37AD1862E952F
P0106,H0,HISTORICAL_WEATHER,0,4,15,0,CC8CD41CEF907C4D216069122C4B89936211361F9050A717A1E37AD1862E952F
P0107,H0,HISTORICAL_WEATHER,0,4,15,0,CC8CD41CEF907C4D216069122C4B89936211361F9050A717A1E37AD1862E952F
P0108,H0,HISTORICAL_WEATHER,0,4,15,0,4B0EBEA5AFB86AFBADF12EEDC5C56E680F4946E61EFE94AD358B6FF89EA5FEC7
P0109,H0,HISTORICAL_WEATHER,0,0,0,0,4CBBD8CA5215B8D161AEC181A74B694F4E24B001D5B081DC0030ED797A8973E0
P0110,H0,HISTORICAL_WEATHER,0,0,0,0,4CBBD8CA5215B8D161AEC181A74B694F4E24B001D5B081DC0030ED797A8973E0
P0111,H0,HISTORICAL_WEATHER,0,1,0,40,3B0E4842B28D6B39EC725A6459FB943F5F1D658F4D0EE991004DD50F2C182F31
P0112,H0,HISTORICAL_WEATHER,0,0,0,0,4CBBD8CA5215B8D161AEC181A74B694F4E24B001D5B081DC0030ED797A8973E0
P0113,H0,HISTORICAL_WEATHER,0,4,15,0,1B897DDDD4C151E2A2E6E3E91B7EA0F7FC4FD5ED00EF1C9669E8566393A02586
P0114,H0,HISTORICAL_WEATHER,0,0,0,0,4CBBD8CA5215B8D161AEC181A74B694F4E24B001D5B081DC0030ED797A8973E0
P0115,H0,HISTORICAL_WEATHER,0,1,0,40,3B0E4842B28D6B39EC725A6459FB943F5F1D658F4D0EE991004DD50F2C182F31
P0116,H0,HISTORICAL_WEATHER,0,0,0,0,4CBBD8CA5215B8D161AEC181A74B694F4E24B001D5B081DC0030ED797A8973E0
P0117,H0,HISTORICAL_WEATHER,0,4,15,0,CC8CD41CEF907C4D216069122C4B89936211361F9050A717A1E37AD1862E952F
P0118,H0,HISTORICAL_WEATHER,0,0,0,0,4CBBD8CA5215B8D161AEC181A74B694F4E24B001D5B081DC0030ED797A8973E0
P0119,H0,HISTORICAL_WEATHER,0,0,0,0,4CBBD8CA5215B8D161AEC181A74B694F4E24B001D5B081DC0030ED797A8973E0
P0120,H0,HISTORICAL_WEATHER,0,4,15,0,CC8CD41CEF907C4D216069122C4B89936211361F9050A717A1E37AD1862E952F
P0121,H0,HISTORICAL_WEATHER,0,0,0,0,4CBBD8CA5215B8D161AEC181A74B694F4E24B001D5B081DC0030ED797A8973E0
P0122,H0,HISTORICAL_WEATHER,0,4,15,0,CC8CD41CEF907C4D216069122C4B89936211361F9050A717A1E37AD1862E952F
P0123,H0,HISTORICAL_WEATHER,0,4,15,0,CC8CD41CEF907C4D216069122C4B89936211361F9050A717A1E37AD1862E952F
P0124,H0,HISTORICAL_WEATHER,0,4,15,0,CC8CD41CEF907C4D216069122C4B89936211361F9050A717A1E37AD1862E952F
P0125,H0,HISTORICAL_WEATHER,0,4,15,0,CC8CD41CEF907C4D216069122C4B89936211361F9050A717A1E37AD1862E952F
P0126,H0,HISTORICAL_WEATHER,0,4,15,0,CC8CD41CEF907C4D216069122C4B89936211361F9050A717A1E37AD1862E952F
P0127,H0,HISTORICAL_WEATHER,0,4,15,0,CC8CD41CEF907C4D216069122C4B89936211361F9050A717A1E37AD1862E952F
P0128,H0,HISTORICAL_WEATHER,0,4,15,0,CC8CD41CEF907C4D216069122C4B89936211361F9050A717A1E37AD1862E952F
P0129,H0,HISTORICAL_WEATHER,0,4,15,0,CC8CD41CEF907C4D216069122C4B89936211361F9050A717A1E37AD1862E952F
P0130,H0,HISTORICAL_WEATHER,0,4,15,0,CC8CD41CEF907C4D216069122C4B89936211361F9050A717A1E37AD1862E952F
P0131,H0,HISTORICAL_WEATHER,0,1,0,40,3B0E4842B28D6B39EC725A6459FB943F5F1D658F4D0EE991004DD50F2C182F31
P0132,H0,HISTORICAL_WEATHER,0,0,0,0,4CBBD8CA5215B8D161AEC181A74B694F4E24B001D5B081DC0030ED797A8973E0
P0133,H0,HISTORICAL_WEATHER,0,4,15,0,CC8CD41CEF907C4D216069122C4B89936211361F9050A717A1E37AD1862E952F
P0134,H0,HISTORICAL_WEATHER,0,4,15,0,CC8CD41CEF907C4D216069122C4B89936211361F9050A717A1E37AD1862E952F
P0135,H0,HISTORICAL_WEATHER,0,1,0,40,3B0E4842B28D6B39EC725A6459FB943F5F1D658F4D0EE991004DD50F2C182F31
P0136,H0,HISTORICAL_WEATHER,0,0,0,0,4CBBD8CA5215B8D161AEC181A74B694F4E24B001D5B081DC0030ED797A8973E0
P0137,H0,HISTORICAL_WEATHER,0,0,0,0,4CBBD8CA5215B8D161AEC181A74B694F4E24B001D5B081DC0030ED797A8973E0
P0138,H0,HISTORICAL_WEATHER,0,0,0,0,4CBBD8CA5215B8D161AEC181A74B694F4E24B001D5B081DC0030ED797A8973E0
P0139,H0,HISTORICAL_WEATHER,0,0,0,0,4CBBD8CA5215B8D161AEC181A74B694F4E24B001D5B081DC0030ED797A8973E0
P0140,H0,HISTORICAL_WEATHER,0,13,45,40,CC8CD41CEF907C4D216069122C4B89936211361F9050A717A1E37AD1862E952F
P0141,H0,HISTORICAL_WEATHER,0,4,15,0,CC8CD41CEF907C4D216069122C4B89936211361F9050A717A1E37AD1862E952F
P0142,H0,HISTORICAL_WEATHER,0,1,0,40,3B0E4842B28D6B39EC725A6459FB943F5F1D658F4D0EE991004DD50F2C182F31
P0143,H0,HISTORICAL_WEATHER,0,4,15,0,CC8CD41CEF907C4D216069122C4B89936211361F9050A717A1E37AD1862E952F
P0144,H0,HISTORICAL_WEATHER,0,0,0,0,4CBBD8CA5215B8D161AEC181A74B694F4E24B001D5B081DC0030ED797A8973E0
P0145,H0,HISTORICAL_WEATHER,0,0,0,0,4CBBD8CA5215B8D161AEC181A74B694F4E24B001D5B081DC0030ED797A8973E0
P0146,H0,HISTORICAL_WEATHER,0,4,15,0,1B897DDDD4C151E2A2E6E3E91B7EA0F7FC4FD5ED00EF1C9669E8566393A02586
P0147,H0,HISTORICAL_WEATHER,0,0,0,0,4CBBD8CA5215B8D161AEC181A74B694F4E24B001D5B081DC0030ED797A8973E0
P0148,H0,HISTORICAL_WEATHER,0,0,0,0,4CBBD8CA5215B8D161AEC181A74B694F4E24B001D5B081DC0030ED797A8973E0
P0149,H0,HISTORICAL_WEATHER,0,4,15,0,CC8CD41CEF907C4D216069122C4B89936211361F9050A717A1E37AD1862E952F
P0150,H0,HISTORICAL_WEATHER,0,4,15,0,CC8CD41CEF907C4D216069122C4B89936211361F9050A717A1E37AD1862E952F
P0151,H0,HISTORICAL_WEATHER,0,4,15,0,CC8CD41CEF907C4D216069122C4B89936211361F9050A717A1E37AD1862E952F
P0152,H0,HISTORICAL_WEATHER,0,1,0,40,3B0E4842B28D6B39EC725A6459FB943F5F1D658F4D0EE991004DD50F2C182F31
P0153,H0,HISTORICAL_WEATHER,0,1,0,40,3B0E4842B28D6B39EC725A6459FB943F5F1D658F4D0EE991004DD50F2C182F31
P0154,H0,HISTORICAL_WEATHER,0,4,15,0,CC8CD41CEF907C4D216069122C4B89936211361F9050A717A1E37AD1862E952F
P0155,H0,HISTORICAL_WEATHER,0,4,15,0,CC8CD41CEF907C4D216069122C4B89936211361F9050A717A1E37AD1862E952F
P0156,H0,HISTORICAL_WEATHER,0,1,0,40,3B0E4842B28D6B39EC725A6459FB943F5F1D658F4D0EE991004DD50F2C182F31
P0157,H0,HISTORICAL_WEATHER,0,1,0,40,3B0E4842B28D6B39EC725A6459FB943F5F1D658F4D0EE991004DD50F2C182F31
P0158,H0,HISTORICAL_WEATHER,0,1,0,40,3B0E4842B28D6B39EC725A6459FB943F5F1D658F4D0EE991004DD50F2C182F31
P0159,H0,HISTORICAL_WEATHER,0,4,15,0,1B897DDDD4C151E2A2E6E3E91B7EA0F7FC4FD5ED00EF1C9669E8566393A02586
P0160,H0,HISTORICAL_WEATHER,0,1,0,40,3B0E4842B28D6B39EC725A6459FB943F5F1D658F4D0EE991004DD50F2C182F31
P0161,H0,HISTORICAL_WEATHER,0,0,0,0,4CBBD8CA5215B8D161AEC181A74B694F4E24B001D5B081DC0030ED797A8973E0
P0162,H0,HISTORICAL_WEATHER,0,4,15,0,CC8CD41CEF907C4D216069122C4B89936211361F9050A717A1E37AD1862E952F
P0163,H0,HISTORICAL_WEATHER,0,4,15,0,CC8CD41CEF907C4D216069122C4B89936211361F9050A717A1E37AD1862E952F
P0164,H0,HISTORICAL_WEATHER,0,0,0,0,4CBBD8CA5215B8D161AEC181A74B694F4E24B001D5B081DC0030ED797A8973E0
P0165,H0,HISTORICAL_WEATHER,0,4,15,0,CC8CD41CEF907C4D216069122C4B89936211361F9050A717A1E37AD1862E952F
P0166,H0,HISTORICAL_WEATHER,0,1,0,40,3B0E4842B28D6B39EC725A6459FB943F5F1D658F4D0EE991004DD50F2C182F31
P0167,H0,HISTORICAL_WEATHER,0,1,0,40,3B0E4842B28D6B39EC725A6459FB943F5F1D658F4D0EE991004DD50F2C182F31
P0168,H0,HISTORICAL_WEATHER,0,13,45,40,CC8CD41CEF907C4D216069122C4B89936211361F9050A717A1E37AD1862E952F
P0169,H0,HISTORICAL_WEATHER,0,1,0,40,3B0E4842B28D6B39EC725A6459FB943F5F1D658F4D0EE991004DD50F2C182F31
P0170,H0,HISTORICAL_WEATHER,0,1,0,40,3B0E4842B28D6B39EC725A6459FB943F5F1D658F4D0EE991004DD50F2C182F31
P0171,H0,HISTORICAL_WEATHER,0,0,0,0,4CBBD8CA5215B8D161AEC181A74B694F4E24B001D5B081DC0030ED797A8973E0
P0172,H0,HISTORICAL_WEATHER,0,4,15,0,1B897DDDD4C151E2A2E6E3E91B7EA0F7FC4FD5ED00EF1C9669E8566393A02586
P0173,H0,HISTORICAL_WEATHER,0,4,15,0,CC8CD41CEF907C4D216069122C4B89936211361F9050A717A1E37AD1862E952F
P0174,H0,HISTORICAL_WEATHER,0,4,15,0,CC8CD41CEF907C4D216069122C4B89936211361F9050A717A1E37AD1862E952F
P0175,H0,HISTORICAL_WEATHER,0,4,15,0,CC8CD41CEF907C4D216069122C4B89936211361F9050A717A1E37AD1862E952F
P0176,H0,HISTORICAL_WEATHER,0,4,15,0,CC8CD41CEF907C4D216069122C4B89936211361F9050A717A1E37AD1862E952F
P0177,H0,HISTORICAL_WEATHER,0,4,15,0,CC8CD41CEF907C4D216069122C4B89936211361F9050A717A1E37AD1862E952F
P0178,H0,HISTORICAL_WEATHER,0,4,15,0,CC8CD41CEF907C4D216069122C4B89936211361F9050A717A1E37AD1862E952F
P0179,H0,HISTORICAL_WEATHER,0,4,15,0,CC8CD41CEF907C4D216069122C4B89936211361F9050A717A1E37AD1862E952F
P0180,H0,HISTORICAL_WEATHER,0,4,15,0,CC8CD41CEF907C4D216069122C4B89936211361F9050A717A1E37AD1862E952F
P0181,H0,HISTORICAL_WEATHER,0,4,15,0,4B0EBEA5AFB86AFBADF12EEDC5C56E680F4946E61EFE94AD358B6FF89EA5FEC7
P0182,H0,HISTORICAL_WEATHER,0,4,15,0,4B0EBEA5AFB86AFBADF12EEDC5C56E680F4946E61EFE94AD358B6FF89EA5FEC7
P0183,H0,HISTORICAL_WEATHER,0,4,15,0,1B897DDDD4C151E2A2E6E3E91B7EA0F7FC4FD5ED00EF1C9669E8566393A02586
P0184,H0,HISTORICAL_WEATHER,0,4,15,0,CC8CD41CEF907C4D216069122C4B89936211361F9050A717A1E37AD1862E952F
P0185,H0,HISTORICAL_WEATHER,0,4,15,0,CC8CD41CEF907C4D216069122C4B89936211361F9050A717A1E37AD1862E952F
P0186,H0,HISTORICAL_WEATHER,0,4,15,0,1B897DDDD4C151E2A2E6E3E91B7EA0F7FC4FD5ED00EF1C9669E8566393A02586
P0187,H0,HISTORICAL_WEATHER,0,4,15,0,1B897DDDD4C151E2A2E6E3E91B7EA0F7FC4FD5ED00EF1C9669E8566393A02586
P0188,H0,HISTORICAL_WEATHER,0,4,15,0,CC8CD41CEF907C4D216069122C4B89936211361F9050A717A1E37AD1862E952F
P0189,H0,HISTORICAL_WEATHER,0,4,15,0,1B897DDDD4C151E2A2E6E3E91B7EA0F7FC4FD5ED00EF1C9669E8566393A02586
P0190,H0,HISTORICAL_WEATHER,0,4,15,0,1B897DDDD4C151E2A2E6E3E91B7EA0F7FC4FD5ED00EF1C9669E8566393A02586
P0191,H0,HISTORICAL_WEATHER,0,4,15,0,1B897DDDD4C151E2A2E6E3E91B7EA0F7FC4FD5ED00EF1C9669E8566393A02586
P0192,H0,HISTORICAL_WEATHER,0,4,15,0,1B897DDDD4C151E2A2E6E3E91B7EA0F7FC4FD5ED00EF1C9669E8566393A02586
P0193,H0,HISTORICAL_WEATHER,0,4,15,0,1B897DDDD4C151E2A2E6E3E91B7EA0F7FC4FD5ED00EF1C9669E8566393A02586
P0194,H0,HISTORICAL_WEATHER,0,4,15,0,1B897DDDD4C151E2A2E6E3E91B7EA0F7FC4FD5ED00EF1C9669E8566393A02586
P0195,H0,HISTORICAL_WEATHER,0,4,15,0,CC8CD41CEF907C4D216069122C4B89936211361F9050A717A1E37AD1862E952F
P0196,H0,HISTORICAL_WEATHER,0,4,15,0,CC8CD41CEF907C4D216069122C4B89936211361F9050A717A1E37AD1862E952F
P0197,H0,HISTORICAL_WEATHER,0,4,15,0,CC8CD41CEF907C4D216069122C4B89936211361F9050A717A1E37AD1862E952F
P0198,H0,HISTORICAL_WEATHER,0,13,45,40,CC8CD41CEF907C4D216069122C4B89936211361F9050A717A1E37AD1862E952F
P0199,H0,HISTORICAL_WEATHER,0,4,15,0,CC8CD41CEF907C4D216069122C4B89936211361F9050A717A1E37AD1862E952F
P0200,H0,HISTORICAL_WEATHER,0,4,15,0,1B897DDDD4C151E2A2E6E3E91B7EA0F7FC4FD5ED00EF1C9669E8566393A02586
P0201,H0,HISTORICAL_WEATHER,0,4,15,0,1B897DDDD4C151E2A2E6E3E91B7EA0F7FC4FD5ED00EF1C9669E8566393A02586
P0202,H0,HISTORICAL_WEATHER,0,4,15,0,1B897DDDD4C151E2A2E6E3E91B7EA0F7FC4FD5ED00EF1C9669E8566393A02586
P0203,H0,HISTORICAL_WEATHER,0,4,15,0,CC8CD41CEF907C4D216069122C4B89936211361F9050A717A1E37AD1862E952F
P0204,H0,HISTORICAL_WEATHER,0,4,15,0,CC8CD41CEF907C4D216069122C4B89936211361F9050A717A1E37AD1862E952F
P0205,H0,HISTORICAL_WEATHER,0,4,15,0,CC8CD41CEF907C4D216069122C4B89936211361F9050A717A1E37AD1862E952F
P0206,H0,HISTORICAL_WEATHER,0,4,15,0,CC8CD41CEF907C4D216069122C4B89936211361F9050A717A1E37AD1862E952F
P0207,H0,HISTORICAL_WEATHER,0,4,15,0,CC8CD41CEF907C4D216069122C4B89936211361F9050A717A1E37AD1862E952F
P0208,H0,HISTORICAL_WEATHER,0,4,15,0,CC8CD41CEF907C4D216069122C4B89936211361F9050A717A1E37AD1862E952F
P0209,H0,HISTORICAL_WEATHER,0,4,15,0,CC8CD41CEF907C4D216069122C4B89936211361F9050A717A1E37AD1862E952F
P0210,H0,HISTORICAL_WEATHER,0,4,15,0,CC8CD41CEF907C4D216069122C4B89936211361F9050A717A1E37AD1862E952F
P0211,H0,HISTORICAL_WEATHER,0,4,15,0,CC8CD41CEF907C4D216069122C4B89936211361F9050A717A1E37AD1862E952F
P0212,H0,HISTORICAL_WEATHER,0,4,15,0,CC8CD41CEF907C4D216069122C4B89936211361F9050A717A1E37AD1862E952F
P0213,H0,HISTORICAL_WEATHER,0,4,15,0,CC8CD41CEF907C4D216069122C4B89936211361F9050A717A1E37AD1862E952F
P0214,H0,HISTORICAL_WEATHER,0,4,15,0,1B897DDDD4C151E2A2E6E3E91B7EA0F7FC4FD5ED00EF1C9669E8566393A02586
P0215,H0,HISTORICAL_WEATHER,0,0,0,0,4CBBD8CA5215B8D161AEC181A74B694F4E24B001D5B081DC0030ED797A8973E0
P0216,H0,HISTORICAL_WEATHER,0,4,15,0,CC8CD41CEF907C4D216069122C4B89936211361F9050A717A1E37AD1862E952F
P0217,H0,HISTORICAL_WEATHER,0,4,15,0,CC8CD41CEF907C4D216069122C4B89936211361F9050A717A1E37AD1862E952F
P0218,H0,HISTORICAL_WEATHER,0,4,15,0,1B897DDDD4C151E2A2E6E3E91B7EA0F7FC4FD5ED00EF1C9669E8566393A02586
P0219,H0,HISTORICAL_WEATHER,0,4,15,0,CC8CD41CEF907C4D216069122C4B89936211361F9050A717A1E37AD1862E952F
P0220,H0,HISTORICAL_WEATHER,0,4,15,0,CC8CD41CEF907C4D216069122C4B89936211361F9050A717A1E37AD1862E952F
P0221,H0,HISTORICAL_WEATHER,0,4,15,0,CC8CD41CEF907C4D216069122C4B89936211361F9050A717A1E37AD1862E952F
P0222,H0,HISTORICAL_WEATHER,0,4,15,0,CC8CD41CEF907C4D216069122C4B89936211361F9050A717A1E37AD1862E952F
P0223,H0,HISTORICAL_WEATHER,0,4,15,0,CC8CD41CEF907C4D216069122C4B89936211361F9050A717A1E37AD1862E952F
P0224,H0,HISTORICAL_WEATHER,0,4,15,0,CC8CD41CEF907C4D216069122C4B89936211361F9050A717A1E37AD1862E952F
P0225,H0,HISTORICAL_WEATHER,0,4,15,0,CC8CD41CEF907C4D216069122C4B89936211361F9050A717A1E37AD1862E952F
P0226,H0,HISTORICAL_WEATHER,0,4,15,0,CC8CD41CEF907C4D216069122C4B89936211361F9050A717A1E37AD1862E952F
P0227,H0,HISTORICAL_WEATHER,0,4,15,0,CC8CD41CEF907C4D216069122C4B89936211361F9050A717A1E37AD1862E952F
P0228,H0,HISTORICAL_WEATHER,0,4,15,0,1B897DDDD4C151E2A2E6E3E91B7EA0F7FC4FD5ED00EF1C9669E8566393A02586
P0229,H0,HISTORICAL_WEATHER,0,13,45,40,CC8CD41CEF907C4D216069122C4B89936211361F9050A717A1E37AD1862E952F
P0230,H0,HISTORICAL_WEATHER,0,4,15,0,CC8CD41CEF907C4D216069122C4B89936211361F9050A717A1E37AD1862E952F
P0231,H0,HISTORICAL_WEATHER,0,4,15,0,1B897DDDD4C151E2A2E6E3E91B7EA0F7FC4FD5ED00EF1C9669E8566393A02586
P0232,H0,HISTORICAL_WEATHER,0,4,15,0,1B897DDDD4C151E2A2E6E3E91B7EA0F7FC4FD5ED00EF1C9669E8566393A02586
P0233,H0,HISTORICAL_WEATHER,0,4,15,0,1B897DDDD4C151E2A2E6E3E91B7EA0F7FC4FD5ED00EF1C9669E8566393A02586
P0234,H0,HISTORICAL_WEATHER,0,4,15,0,1B897DDDD4C151E2A2E6E3E91B7EA0F7FC4FD5ED00EF1C9669E8566393A02586
P0235,H0,HISTORICAL_WEATHER,0,4,15,0,CC8CD41CEF907C4D216069122C4B89936211361F9050A717A1E37AD1862E952F
P0236,H0,HISTORICAL_WEATHER,0,4,15,0,CC8CD41CEF907C4D216069122C4B89936211361F9050A717A1E37AD1862E952F
P0237,H0,HISTORICAL_WEATHER,0,4,15,0,CC8CD41CEF907C4D216069122C4B89936211361F9050A717A1E37AD1862E952F
P0238,H0,HISTORICAL_WEATHER,0,4,15,0,1B897DDDD4C151E2A2E6E3E91B7EA0F7FC4FD5ED00EF1C9669E8566393A02586
P0239,H0,HISTORICAL_WEATHER,0,4,15,0,4B0EBEA5AFB86AFBADF12EEDC5C56E680F4946E61EFE94AD358B6FF89EA5FEC7
P0240,H0,HISTORICAL_WEATHER,0,4,15,0,CC8CD41CEF907C4D216069122C4B89936211361F9050A717A1E37AD1862E952F
P0241,H0,HISTORICAL_WEATHER,0,4,15,0,1B897DDDD4C151E2A2E6E3E91B7EA0F7FC4FD5ED00EF1C9669E8566393A02586
P0242,H0,HISTORICAL_WEATHER,0,4,15,0,1B897DDDD4C151E2A2E6E3E91B7EA0F7FC4FD5ED00EF1C9669E8566393A02586
P0243,H0,HISTORICAL_WEATHER,0,4,15,0,CC8CD41CEF907C4D216069122C4B89936211361F9050A717A1E37AD1862E952F
P0244,H0,HISTORICAL_WEATHER,0,4,15,0,CC8CD41CEF907C4D216069122C4B89936211361F9050A717A1E37AD1862E952F
P0245,H0,HISTORICAL_WEATHER,0,4,15,0,CC8CD41CEF907C4D216069122C4B89936211361F9050A717A1E37AD1862E952F
P0246,H0,HISTORICAL_WEATHER,0,4,15,0,1B897DDDD4C151E2A2E6E3E91B7EA0F7FC4FD5ED00EF1C9669E8566393A02586
P0247,H0,HISTORICAL_WEATHER,0,4,15,0,CC8CD41CEF907C4D216069122C4B89936211361F9050A717A1E37AD1862E952F
P0248,H0,HISTORICAL_WEATHER,0,4,15,0,CC8CD41CEF907C4D216069122C4B89936211361F9050A717A1E37AD1862E952F
P0249,H0,HISTORICAL_WEATHER,0,4,15,0,CC8CD41CEF907C4D216069122C4B89936211361F9050A717A1E37AD1862E952F
P0250,H0,HISTORICAL_WEATHER,0,4,15,0,CC8CD41CEF907C4D216069122C4B89936211361F9050A717A1E37AD1862E952F
P0251,H0,HISTORICAL_WEATHER,0,4,15,0,CC8CD41CEF907C4D216069122C4B89936211361F9050A717A1E37AD1862E952F
P0252,H0,HISTORICAL_WEATHER,0,4,15,0,CC8CD41CEF907C4D216069122C4B89936211361F9050A717A1E37AD1862E952F
P0253,H0,HISTORICAL_WEATHER,0,4,15,0,CC8CD41CEF907C4D216069122C4B89936211361F9050A717A1E37AD1862E952F
P0254,H0,HISTORICAL_WEATHER,0,4,15,0,CC8CD41CEF907C4D216069122C4B89936211361F9050A717A1E37AD1862E952F
P0255,H0,HISTORICAL_WEATHER,0,4,15,0,CC8CD41CEF907C4D216069122C4B89936211361F9050A717A1E37AD1862E952F
P0256,H0,HISTORICAL_WEATHER,0,4,15,0,CC8CD41CEF907C4D216069122C4B89936211361F9050A717A1E37AD1862E952F
P0257,H0,HISTORICAL_WEATHER,0,4,15,0,CC8CD41CEF907C4D216069122C4B89936211361F9050A717A1E37AD1862E952F
P0258,H0,HISTORICAL_WEATHER,0,4,15,0,4B0EBEA5AFB86AFBADF12EEDC5C56E680F4946E61EFE94AD358B6FF89EA5FEC7
P0259,H0,HISTORICAL_WEATHER,0,4,15,0,4B0EBEA5AFB86AFBADF12EEDC5C56E680F4946E61EFE94AD358B6FF89EA5FEC7
P0260,H0,HISTORICAL_WEATHER,0,4,15,0,CC8CD41CEF907C4D216069122C4B89936211361F9050A717A1E37AD1862E952F
P0261,H0,HISTORICAL_WEATHER,0,13,45,40,CC8CD41CEF907C4D216069122C4B89936211361F9050A717A1E37AD1862E952F
P0262,H0,HISTORICAL_WEATHER,0,13,45,40,CC8CD41CEF907C4D216069122C4B89936211361F9050A717A1E37AD1862E952F
P0263,H0,HISTORICAL_WEATHER,0,4,15,0,CC8CD41CEF907C4D216069122C4B89936211361F9050A717A1E37AD1862E952F
P0264,H0,HISTORICAL_WEATHER,0,4,15,0,CC8CD41CEF907C4D216069122C4B89936211361F9050A717A1E37AD1862E952F
P0265,H0,HISTORICAL_WEATHER,0,4,15,0,CC8CD41CEF907C4D216069122C4B89936211361F9050A717A1E37AD1862E952F
P0266,H0,HISTORICAL_WEATHER,0,4,15,0,CC8CD41CEF907C4D216069122C4B89936211361F9050A717A1E37AD1862E952F
P0267,H0,HISTORICAL_WEATHER,0,4,15,0,1B897DDDD4C151E2A2E6E3E91B7EA0F7FC4FD5ED00EF1C9669E8566393A02586
P0268,H0,HISTORICAL_WEATHER,0,4,15,0,1B897DDDD4C151E2A2E6E3E91B7EA0F7FC4FD5ED00EF1C9669E8566393A02586
P0269,H0,HISTORICAL_WEATHER,0,4,15,0,1B897DDDD4C151E2A2E6E3E91B7EA0F7FC4FD5ED00EF1C9669E8566393A02586
P0270,H0,HISTORICAL_WEATHER,0,4,15,0,4B0EBEA5AFB86AFBADF12EEDC5C56E680F4946E61EFE94AD358B6FF89EA5FEC7
P0271,H0,HISTORICAL_WEATHER,0,4,15,0,CC8CD41CEF907C4D216069122C4B89936211361F9050A717A1E37AD1862E952F
P0272,H0,HISTORICAL_WEATHER,0,4,15,0,1B897DDDD4C151E2A2E6E3E91B7EA0F7FC4FD5ED00EF1C9669E8566393A02586
P0273,H0,HISTORICAL_WEATHER,0,4,15,0,4B0EBEA5AFB86AFBADF12EEDC5C56E680F4946E61EFE94AD358B6FF89EA5FEC7
P0274,H0,HISTORICAL_WEATHER,0,4,15,0,1B897DDDD4C151E2A2E6E3E91B7EA0F7FC4FD5ED00EF1C9669E8566393A02586
P0275,H0,HISTORICAL_WEATHER,0,4,15,0,CC8CD41CEF907C4D216069122C4B89936211361F9050A717A1E37AD1862E952F
P0276,H0,HISTORICAL_WEATHER,0,4,15,0,CC8CD41CEF907C4D216069122C4B89936211361F9050A717A1E37AD1862E952F
P0277,H0,HISTORICAL_WEATHER,0,4,15,0,CC8CD41CEF907C4D216069122C4B89936211361F9050A717A1E37AD1862E952F
P0278,H0,HISTORICAL_WEATHER,0,4,15,0,CC8CD41CEF907C4D216069122C4B89936211361F9050A717A1E37AD1862E952F
P0279,H0,HISTORICAL_WEATHER,0,4,15,0,CC8CD41CEF907C4D216069122C4B89936211361F9050A717A1E37AD1862E952F
P0280,H0,HISTORICAL_WEATHER,0,4,15,0,1B897DDDD4C151E2A2E6E3E91B7EA0F7FC4FD5ED00EF1C9669E8566393A02586
P0281,H0,HISTORICAL_WEATHER,0,4,15,0,1B897DDDD4C151E2A2E6E3E91B7EA0F7FC4FD5ED00EF1C9669E8566393A02586
P0282,H0,HISTORICAL_WEATHER,0,4,15,0,1B897DDDD4C151E2A2E6E3E91B7EA0F7FC4FD5ED00EF1C9669E8566393A02586
P0283,H0,HISTORICAL_WEATHER,0,4,15,0,CC8CD41CEF907C4D216069122C4B89936211361F9050A717A1E37AD1862E952F
P0284,H0,HISTORICAL_WEATHER,0,4,15,0,CC8CD41CEF907C4D216069122C4B89936211361F9050A717A1E37AD1862E952F
P0285,H0,HISTORICAL_WEATHER,0,4,15,0,CC8CD41CEF907C4D216069122C4B89936211361F9050A717A1E37AD1862E952F
P0286,H0,HISTORICAL_WEATHER,0,4,15,0,CC8CD41CEF907C4D216069122C4B89936211361F9050A717A1E37AD1862E952F
P0287,H0,HISTORICAL_WEATHER,0,4,15,0,CC8CD41CEF907C4D216069122C4B89936211361F9050A717A1E37AD1862E952F
P0288,H0,HISTORICAL_WEATHER,0,4,15,0,CC8CD41CEF907C4D216069122C4B89936211361F9050A717A1E37AD1862E952F
P0289,H0,HISTORICAL_WEATHER,0,4,15,0,CC8CD41CEF907C4D216069122C4B89936211361F9050A717A1E37AD1862E952F
P0290,H0,HISTORICAL_WEATHER,0,4,15,0,CC8CD41CEF907C4D216069122C4B89936211361F9050A717A1E37AD1862E952F
P0291,H0,HISTORICAL_WEATHER,0,4,15,0,CC8CD41CEF907C4D216069122C4B89936211361F9050A717A1E37AD1862E952F
P0292,H0,HISTORICAL_WEATHER,0,4,15,0,CC8CD41CEF907C4D216069122C4B89936211361F9050A717A1E37AD1862E952F
P0293,H0,HISTORICAL_WEATHER,0,4,15,0,CC8CD41CEF907C4D216069122C4B89936211361F9050A717A1E37AD1862E952F
P0294,H0,HISTORICAL_WEATHER,0,4,15,0,CC8CD41CEF907C4D216069122C4B89936211361F9050A717A1E37AD1862E952F
P0295,H0,HISTORICAL_WEATHER,0,4,15,0,CC8CD41CEF907C4D216069122C4B89936211361F9050A717A1E37AD1862E952F
P0296,H0,HISTORICAL_WEATHER,0,4,15,0,CC8CD41CEF907C4D216069122C4B89936211361F9050A717A1E37AD1862E952F
P0297,H0,HISTORICAL_WEATHER,0,4,15,0,CC8CD41CEF907C4D216069122C4B89936211361F9050A717A1E37AD1862E952F
P0298,H0,HISTORICAL_WEATHER,0,4,15,0,CC8CD41CEF907C4D216069122C4B89936211361F9050A717A1E37AD1862E952F
P0299,H0,HISTORICAL_WEATHER,0,4,15,0,CC8CD41CEF907C4D216069122C4B89936211361F9050A717A1E37AD1862E952F
P0300,H0,HISTORICAL_WEATHER,0,4,15,0,4B0EBEA5AFB86AFBADF12EEDC5C56E680F4946E61EFE94AD358B6FF89EA5FEC7
P0301,H0,HISTORICAL_WEATHER,0,4,15,0,CC8CD41CEF907C4D216069122C4B89936211361F9050A717A1E37AD1862E952F
P0302,H0,HISTORICAL_WEATHER,0,4,15,0,CC8CD41CEF907C4D216069122C4B89936211361F9050A717A1E37AD1862E952F
P0303,H0,HISTORICAL_WEATHER,0,4,15,0,CC8CD41CEF907C4D216069122C4B89936211361F9050A717A1E37AD1862E952F
P0304,H0,HISTORICAL_WEATHER,0,4,15,0,CC8CD41CEF907C4D216069122C4B89936211361F9050A717A1E37AD1862E952F
P0305,H0,HISTORICAL_WEATHER,0,4,15,0,4B0EBEA5AFB86AFBADF12EEDC5C56E680F4946E61EFE94AD358B6FF89EA5FEC7
P0306,H0,HISTORICAL_WEATHER,0,4,15,0,CC8CD41CEF907C4D216069122C4B89936211361F9050A717A1E37AD1862E952F
P0307,H0,HISTORICAL_WEATHER,0,4,15,0,CC8CD41CEF907C4D216069122C4B89936211361F9050A717A1E37AD1862E952F
P0308,H0,HISTORICAL_WEATHER,0,4,15,0,CC8CD41CEF907C4D216069122C4B89936211361F9050A717A1E37AD1862E952F
P0309,H0,HISTORICAL_WEATHER,0,4,15,0,CC8CD41CEF907C4D216069122C4B89936211361F9050A717A1E37AD1862E952F
P0310,H0,HISTORICAL_WEATHER,0,4,15,0,CC8CD41CEF907C4D216069122C4B89936211361F9050A717A1E37AD1862E952F
P0311,H0,HISTORICAL_WEATHER,0,4,15,0,1B897DDDD4C151E2A2E6E3E91B7EA0F7FC4FD5ED00EF1C9669E8566393A02586
P0312,H0,HISTORICAL_WEATHER,0,4,15,0,CC8CD41CEF907C4D216069122C4B89936211361F9050A717A1E37AD1862E952F
P0313,H0,HISTORICAL_WEATHER,0,4,15,0,1B897DDDD4C151E2A2E6E3E91B7EA0F7FC4FD5ED00EF1C9669E8566393A02586
P0314,H0,HISTORICAL_WEATHER,0,4,15,0,1B897DDDD4C151E2A2E6E3E91B7EA0F7FC4FD5ED00EF1C9669E8566393A02586
P0315,H0,HISTORICAL_WEATHER,0,4,15,0,1B897DDDD4C151E2A2E6E3E91B7EA0F7FC4FD5ED00EF1C9669E8566393A02586
P0316,H0,HISTORICAL_WEATHER,0,13,45,40,CC8CD41CEF907C4D216069122C4B89936211361F9050A717A1E37AD1862E952F
P0317,H0,HISTORICAL_WEATHER,0,4,15,0,CC8CD41CEF907C4D216069122C4B89936211361F9050A717A1E37AD1862E952F
P0318,H0,HISTORICAL_WEATHER,0,4,15,0,CC8CD41CEF907C4D216069122C4B89936211361F9050A717A1E37AD1862E952F
P0319,H0,HISTORICAL_WEATHER,0,4,15,0,CC8CD41CEF907C4D216069122C4B89936211361F9050A717A1E37AD1862E952F
P0320,H0,HISTORICAL_WEATHER,0,4,15,0,1B897DDDD4C151E2A2E6E3E91B7EA0F7FC4FD5ED00EF1C9669E8566393A02586
P0321,H0,HISTORICAL_WEATHER,0,4,15,0,CC8CD41CEF907C4D216069122C4B89936211361F9050A717A1E37AD1862E952F
P0322,H0,HISTORICAL_WEATHER,0,4,15,0,CC8CD41CEF907C4D216069122C4B89936211361F9050A717A1E37AD1862E952F
P0323,H0,HISTORICAL_WEATHER,0,4,15,0,CC8CD41CEF907C4D216069122C4B89936211361F9050A717A1E37AD1862E952F
P0324,H0,HISTORICAL_WEATHER,0,4,15,0,CC8CD41CEF907C4D216069122C4B89936211361F9050A717A1E37AD1862E952F
P0325,H0,HISTORICAL_WEATHER,0,4,15,0,CC8CD41CEF907C4D216069122C4B89936211361F9050A717A1E37AD1862E952F
P0326,H0,HISTORICAL_WEATHER,0,4,15,0,CC8CD41CEF907C4D216069122C4B89936211361F9050A717A1E37AD1862E952F
P0327,H0,HISTORICAL_WEATHER,0,4,15,0,CC8CD41CEF907C4D216069122C4B89936211361F9050A717A1E37AD1862E952F
P0328,H0,HISTORICAL_WEATHER,0,4,15,0,0EF6657F1EF3D57D3039B838837EE670569C55FAEC16004B220C894540BCD97D
P0329,H0,HISTORICAL_WEATHER,0,4,15,0,0EF6657F1EF3D57D3039B838837EE670569C55FAEC16004B220C894540BCD97D
P0330,H0,HISTORICAL_WEATHER,0,4,15,0,0EF6657F1EF3D57D3039B838837EE670569C55FAEC16004B220C894540BCD97D
P0331,H0,HISTORICAL_WEATHER,0,4,15,0,0EF6657F1EF3D57D3039B838837EE670569C55FAEC16004B220C894540BCD97D
P0332,H0,HISTORICAL_WEATHER,0,4,15,0,0EF6657F1EF3D57D3039B838837EE670569C55FAEC16004B220C894540BCD97D
P0333,H0,HISTORICAL_WEATHER,0,4,15,0,0EF6657F1EF3D57D3039B838837EE670569C55FAEC16004B220C894540BCD97D
P0334,H0,HISTORICAL_WEATHER,0,4,15,0,0EF6657F1EF3D57D3039B838837EE670569C55FAEC16004B220C894540BCD97D
P0335,H0,HISTORICAL_WEATHER,0,4,15,0,0EF6657F1EF3D57D3039B838837EE670569C55FAEC16004B220C894540BCD97D
P0336,H0,HISTORICAL_WEATHER,0,4,15,0,0EF6657F1EF3D57D3039B838837EE670569C55FAEC16004B220C894540BCD97D
P0337,H0,HISTORICAL_WEATHER,0,4,15,0,0EF6657F1EF3D57D3039B838837EE670569C55FAEC16004B220C894540BCD97D
P0338,H0,HISTORICAL_WEATHER,0,13,45,40,CC8CD41CEF907C4D216069122C4B89936211361F9050A717A1E37AD1862E952F
P0339,H0,HISTORICAL_WEATHER,0,1,0,40,A020B7F8043620B11605E4B25E35803538E4679D5F7A9E6AE90300BF28791989
P0340,H0,HISTORICAL_WEATHER,0,1,0,40,A020B7F8043620B11605E4B25E35803538E4679D5F7A9E6AE90300BF28791989
P0341,H0,HISTORICAL_WEATHER,0,4,15,0,0EF6657F1EF3D57D3039B838837EE670569C55FAEC16004B220C894540BCD97D
P0342,H0,HISTORICAL_WEATHER,0,4,15,0,0EF6657F1EF3D57D3039B838837EE670569C55FAEC16004B220C894540BCD97D
P0343,H0,HISTORICAL_WEATHER,0,4,15,0,0EF6657F1EF3D57D3039B838837EE670569C55FAEC16004B220C894540BCD97D
P0344,H0,HISTORICAL_WEATHER,0,13,45,40,CC8CD41CEF907C4D216069122C4B89936211361F9050A717A1E37AD1862E952F
P0345,H0,HISTORICAL_WEATHER,0,1,0,40,A020B7F8043620B11605E4B25E35803538E4679D5F7A9E6AE90300BF28791989
P0346,H0,HISTORICAL_WEATHER,0,1,0,40,A020B7F8043620B11605E4B25E35803538E4679D5F7A9E6AE90300BF28791989
P0347,H0,HISTORICAL_WEATHER,0,4,15,0,0EF6657F1EF3D57D3039B838837EE670569C55FAEC16004B220C894540BCD97D
P0348,H0,HISTORICAL_WEATHER,0,0,0,0,4CBBD8CA5215B8D161AEC181A74B694F4E24B001D5B081DC0030ED797A8973E0
P0349,H0,HISTORICAL_WEATHER,0,4,15,0,0EF6657F1EF3D57D3039B838837EE670569C55FAEC16004B220C894540BCD97D
P0350,H0,HISTORICAL_WEATHER,0,13,45,40,CC8CD41CEF907C4D216069122C4B89936211361F9050A717A1E37AD1862E952F
P0351,H0,HISTORICAL_WEATHER,0,13,45,40,CC8CD41CEF907C4D216069122C4B89936211361F9050A717A1E37AD1862E952F
P0352,H0,HISTORICAL_WEATHER,0,4,15,0,0EF6657F1EF3D57D3039B838837EE670569C55FAEC16004B220C894540BCD97D
P0353,H0,HISTORICAL_WEATHER,0,13,45,40,CC8CD41CEF907C4D216069122C4B89936211361F9050A717A1E37AD1862E952F
P0354,H0,HISTORICAL_WEATHER,0,0,0,0,4CBBD8CA5215B8D161AEC181A74B694F4E24B001D5B081DC0030ED797A8973E0
P0355,H0,HISTORICAL_WEATHER,0,4,15,0,0EF6657F1EF3D57D3039B838837EE670569C55FAEC16004B220C894540BCD97D
P0356,H0,HISTORICAL_WEATHER,0,4,15,0,0EF6657F1EF3D57D3039B838837EE670569C55FAEC16004B220C894540BCD97D
P0357,H0,HISTORICAL_WEATHER,0,4,15,0,0EF6657F1EF3D57D3039B838837EE670569C55FAEC16004B220C894540BCD97D
P0358,H0,HISTORICAL_WEATHER,0,4,15,0,0EF6657F1EF3D57D3039B838837EE670569C55FAEC16004B220C894540BCD97D
P0359,H0,HISTORICAL_WEATHER,0,4,15,0,0EF6657F1EF3D57D3039B838837EE670569C55FAEC16004B220C894540BCD97D
P0360,H0,HISTORICAL_WEATHER,0,4,15,0,0EF6657F1EF3D57D3039B838837EE670569C55FAEC16004B220C894540BCD97D
P0361,H0,HISTORICAL_WEATHER,0,4,15,0,0EF6657F1EF3D57D3039B838837EE670569C55FAEC16004B220C894540BCD97D
P0362,H0,HISTORICAL_WEATHER,0,4,15,0,0EF6657F1EF3D57D3039B838837EE670569C55FAEC16004B220C894540BCD97D
P0363,H0,HISTORICAL_WEATHER,0,4,15,0,0EF6657F1EF3D57D3039B838837EE670569C55FAEC16004B220C894540BCD97D
P0364,H0,HISTORICAL_WEATHER,0,4,15,0,0EF6657F1EF3D57D3039B838837EE670569C55FAEC16004B220C894540BCD97D
P0365,H0,HISTORICAL_WEATHER,0,4,15,0,0EF6657F1EF3D57D3039B838837EE670569C55FAEC16004B220C894540BCD97D
P0366,H0,HISTORICAL_WEATHER,0,4,15,0,0EF6657F1EF3D57D3039B838837EE670569C55FAEC16004B220C894540BCD97D
P0367,H0,HISTORICAL_WEATHER,0,4,15,0,0EF6657F1EF3D57D3039B838837EE670569C55FAEC16004B220C894540BCD97D
P0368,H0,HISTORICAL_WEATHER,0,4,15,0,0EF6657F1EF3D57D3039B838837EE670569C55FAEC16004B220C894540BCD97D
P0369,H0,HISTORICAL_WEATHER,0,4,15,0,0EF6657F1EF3D57D3039B838837EE670569C55FAEC16004B220C894540BCD97D
P0370,H0,HISTORICAL_WEATHER,0,4,15,0,0EF6657F1EF3D57D3039B838837EE670569C55FAEC16004B220C894540BCD97D
P0371,H0,HISTORICAL_WEATHER,0,4,15,0,1B897DDDD4C151E2A2E6E3E91B7EA0F7FC4FD5ED00EF1C9669E8566393A02586
P0372,H0,HISTORICAL_WEATHER,0,4,15,0,1B897DDDD4C151E2A2E6E3E91B7EA0F7FC4FD5ED00EF1C9669E8566393A02586
P0373,H0,HISTORICAL_WEATHER,0,0,0,0,4CBBD8CA5215B8D161AEC181A74B694F4E24B001D5B081DC0030ED797A8973E0
P0374,H0,HISTORICAL_WEATHER,0,4,15,0,0EF6657F1EF3D57D3039B838837EE670569C55FAEC16004B220C894540BCD97D
P0375,H0,HISTORICAL_WEATHER,0,4,15,0,0EF6657F1EF3D57D3039B838837EE670569C55FAEC16004B220C894540BCD97D
P0376,H0,HISTORICAL_WEATHER,0,4,15,0,1B897DDDD4C151E2A2E6E3E91B7EA0F7FC4FD5ED00EF1C9669E8566393A02586
P0377,H0,HISTORICAL_WEATHER,0,13,45,40,CC8CD41CEF907C4D216069122C4B89936211361F9050A717A1E37AD1862E952F
P0378,H0,HISTORICAL_WEATHER,0,0,0,0,4CBBD8CA5215B8D161AEC181A74B694F4E24B001D5B081DC0030ED797A8973E0
P0379,H0,HISTORICAL_WEATHER,0,4,15,0,0EF6657F1EF3D57D3039B838837EE670569C55FAEC16004B220C894540BCD97D
P0380,H0,HISTORICAL_WEATHER,0,4,15,0,0EF6657F1EF3D57D3039B838837EE670569C55FAEC16004B220C894540BCD97D
P0381,H0,HISTORICAL_WEATHER,0,4,15,0,A2AE27368CB8E5358848B174FE9B8BF042D393E0B54D4463130C40AED4CA569B
P0382,H0,HISTORICAL_WEATHER,0,4,15,0,A2AE27368CB8E5358848B174FE9B8BF042D393E0B54D4463130C40AED4CA569B
P0383,H0,HISTORICAL_WEATHER,0,4,15,0,A2AE27368CB8E5358848B174FE9B8BF042D393E0B54D4463130C40AED4CA569B
P0384,H0,HISTORICAL_WEATHER,0,13,45,40,CC8CD41CEF907C4D216069122C4B89936211361F9050A717A1E37AD1862E952F
P0385,H0,HISTORICAL_WEATHER,0,0,0,0,4CBBD8CA5215B8D161AEC181A74B694F4E24B001D5B081DC0030ED797A8973E0
P0386,H0,HISTORICAL_WEATHER,0,4,15,0,1B897DDDD4C151E2A2E6E3E91B7EA0F7FC4FD5ED00EF1C9669E8566393A02586
P0387,H0,HISTORICAL_WEATHER,0,13,45,40,CC8CD41CEF907C4D216069122C4B89936211361F9050A717A1E37AD1862E952F
P0388,H0,HISTORICAL_WEATHER,0,0,0,0,4CBBD8CA5215B8D161AEC181A74B694F4E24B001D5B081DC0030ED797A8973E0
P0389,H0,HISTORICAL_WEATHER,0,1,0,40,A020B7F8043620B11605E4B25E35803538E4679D5F7A9E6AE90300BF28791989
P0390,H0,HISTORICAL_WEATHER,0,13,45,40,CC8CD41CEF907C4D216069122C4B89936211361F9050A717A1E37AD1862E952F
P0391,H0,HISTORICAL_WEATHER,0,4,15,0,A2AE27368CB8E5358848B174FE9B8BF042D393E0B54D4463130C40AED4CA569B
P0392,H0,HISTORICAL_WEATHER,0,4,15,0,A2AE27368CB8E5358848B174FE9B8BF042D393E0B54D4463130C40AED4CA569B
P0393,H0,HISTORICAL_WEATHER,0,4,15,0,1B897DDDD4C151E2A2E6E3E91B7EA0F7FC4FD5ED00EF1C9669E8566393A02586
P0394,H0,HISTORICAL_WEATHER,0,4,15,0,CC8CD41CEF907C4D216069122C4B89936211361F9050A717A1E37AD1862E952F
P0395,H0,HISTORICAL_WEATHER,0,0,0,0,4CBBD8CA5215B8D161AEC181A74B694F4E24B001D5B081DC0030ED797A8973E0
P0396,H0,HISTORICAL_WEATHER,0,4,15,0,CC8CD41CEF907C4D216069122C4B89936211361F9050A717A1E37AD1862E952F
P0397,H0,HISTORICAL_WEATHER,0,4,15,0,CC8CD41CEF907C4D216069122C4B89936211361F9050A717A1E37AD1862E952F
P0398,H0,HISTORICAL_WEATHER,0,4,15,0,0EF6657F1EF3D57D3039B838837EE670569C55FAEC16004B220C894540BCD97D
P0399,H0,HISTORICAL_WEATHER,0,4,15,0,CC8CD41CEF907C4D216069122C4B89936211361F9050A717A1E37AD1862E952F
P0400,H0,HISTORICAL_WEATHER,0,0,0,0,4CBBD8CA5215B8D161AEC181A74B694F4E24B001D5B081DC0030ED797A8973E0
P0401,H0,HISTORICAL_WEATHER,0,4,15,0,4B0EBEA5AFB86AFBADF12EEDC5C56E680F4946E61EFE94AD358B6FF89EA5FEC7
P0402,H0,HISTORICAL_WEATHER,0,4,15,0,1B897DDDD4C151E2A2E6E3E91B7EA0F7FC4FD5ED00EF1C9669E8566393A02586
P0403,H0,HISTORICAL_WEATHER,0,4,15,0,CC8CD41CEF907C4D216069122C4B89936211361F9050A717A1E37AD1862E952F
P0404,H0,HISTORICAL_WEATHER,0,1,0,40,A020B7F8043620B11605E4B25E35803538E4679D5F7A9E6AE90300BF28791989
P0405,H0,HISTORICAL_WEATHER,0,0,0,0,4CBBD8CA5215B8D161AEC181A74B694F4E24B001D5B081DC0030ED797A8973E0
P0406,H0,HISTORICAL_WEATHER,0,4,15,0,CC8CD41CEF907C4D216069122C4B89936211361F9050A717A1E37AD1862E952F
P0407,H0,HISTORICAL_WEATHER,0,4,15,0,CC8CD41CEF907C4D216069122C4B89936211361F9050A717A1E37AD1862E952F
P0408,H0,HISTORICAL_WEATHER,0,0,0,0,4CBBD8CA5215B8D161AEC181A74B694F4E24B001D5B081DC0030ED797A8973E0
P0409,H0,HISTORICAL_WEATHER,0,4,15,0,4B0EBEA5AFB86AFBADF12EEDC5C56E680F4946E61EFE94AD358B6FF89EA5FEC7
P0410,H0,HISTORICAL_WEATHER,0,4,15,0,4B0EBEA5AFB86AFBADF12EEDC5C56E680F4946E61EFE94AD358B6FF89EA5FEC7
P0411,H0,HISTORICAL_WEATHER,0,4,15,0,A2AE27368CB8E5358848B174FE9B8BF042D393E0B54D4463130C40AED4CA569B
P0412,H0,HISTORICAL_WEATHER,0,4,15,0,4B0EBEA5AFB86AFBADF12EEDC5C56E680F4946E61EFE94AD358B6FF89EA5FEC7
P0413,H0,HISTORICAL_WEATHER,0,4,15,0,CC8CD41CEF907C4D216069122C4B89936211361F9050A717A1E37AD1862E952F
P0414,H0,HISTORICAL_WEATHER,0,0,0,0,4CBBD8CA5215B8D161AEC181A74B694F4E24B001D5B081DC0030ED797A8973E0
P0415,H0,HISTORICAL_WEATHER,0,0,0,0,4CBBD8CA5215B8D161AEC181A74B694F4E24B001D5B081DC0030ED797A8973E0
P0416,H0,HISTORICAL_WEATHER,0,4,15,0,A2AE27368CB8E5358848B174FE9B8BF042D393E0B54D4463130C40AED4CA569B
P0417,H0,HISTORICAL_WEATHER,0,4,15,0,CC8CD41CEF907C4D216069122C4B89936211361F9050A717A1E37AD1862E952F
P0418,H0,HISTORICAL_WEATHER,0,0,0,0,4CBBD8CA5215B8D161AEC181A74B694F4E24B001D5B081DC0030ED797A8973E0
P0419,H0,HISTORICAL_WEATHER,0,4,15,0,CC8CD41CEF907C4D216069122C4B89936211361F9050A717A1E37AD1862E952F
P0420,H0,HISTORICAL_WEATHER,0,4,15,0,CC8CD41CEF907C4D216069122C4B89936211361F9050A717A1E37AD1862E952F
P0421,H0,HISTORICAL_WEATHER,0,4,15,0,CC8CD41CEF907C4D216069122C4B89936211361F9050A717A1E37AD1862E952F
P0422,H0,HISTORICAL_WEATHER,0,4,15,0,0EF6657F1EF3D57D3039B838837EE670569C55FAEC16004B220C894540BCD97D
P0423,H0,HISTORICAL_WEATHER,0,4,15,0,0EF6657F1EF3D57D3039B838837EE670569C55FAEC16004B220C894540BCD97D
P0424,H0,HISTORICAL_WEATHER,0,4,15,0,CC8CD41CEF907C4D216069122C4B89936211361F9050A717A1E37AD1862E952F
P0425,H0,HISTORICAL_WEATHER,0,0,0,0,4CBBD8CA5215B8D161AEC181A74B694F4E24B001D5B081DC0030ED797A8973E0
P0426,H0,HISTORICAL_WEATHER,0,0,0,0,4CBBD8CA5215B8D161AEC181A74B694F4E24B001D5B081DC0030ED797A8973E0
P0427,H0,HISTORICAL_WEATHER,0,1,0,40,A020B7F8043620B11605E4B25E35803538E4679D5F7A9E6AE90300BF28791989
P0428,H0,HISTORICAL_WEATHER,0,4,15,0,CC8CD41CEF907C4D216069122C4B89936211361F9050A717A1E37AD1862E952F
P0429,H0,HISTORICAL_WEATHER,0,0,0,0,4CBBD8CA5215B8D161AEC181A74B694F4E24B001D5B081DC0030ED797A8973E0
P0430,H0,HISTORICAL_WEATHER,0,4,15,0,1B897DDDD4C151E2A2E6E3E91B7EA0F7FC4FD5ED00EF1C9669E8566393A02586
P0431,H0,HISTORICAL_WEATHER,0,0,0,0,4CBBD8CA5215B8D161AEC181A74B694F4E24B001D5B081DC0030ED797A8973E0
P0432,H0,HISTORICAL_WEATHER,0,0,0,0,4CBBD8CA5215B8D161AEC181A74B694F4E24B001D5B081DC0030ED797A8973E0
P0433,H0,HISTORICAL_WEATHER,0,4,15,0,CC8CD41CEF907C4D216069122C4B89936211361F9050A717A1E37AD1862E952F
P0434,H0,HISTORICAL_WEATHER,0,0,0,0,4CBBD8CA5215B8D161AEC181A74B694F4E24B001D5B081DC0030ED797A8973E0
P0435,H0,HISTORICAL_WEATHER,0,4,15,0,4B0EBEA5AFB86AFBADF12EEDC5C56E680F4946E61EFE94AD358B6FF89EA5FEC7
P0436,H0,HISTORICAL_WEATHER,0,0,0,0,4CBBD8CA5215B8D161AEC181A74B694F4E24B001D5B081DC0030ED797A8973E0
P0437,H0,HISTORICAL_WEATHER,0,4,15,0,CC8CD41CEF907C4D216069122C4B89936211361F9050A717A1E37AD1862E952F
P0438,H0,HISTORICAL_WEATHER,0,4,15,0,0EF6657F1EF3D57D3039B838837EE670569C55FAEC16004B220C894540BCD97D
P0439,H0,HISTORICAL_WEATHER,0,4,15,0,CC8CD41CEF907C4D216069122C4B89936211361F9050A717A1E37AD1862E952F
P0440,H0,HISTORICAL_WEATHER,0,1,0,40,A020B7F8043620B11605E4B25E35803538E4679D5F7A9E6AE90300BF28791989
P0441,H0,HISTORICAL_WEATHER,0,4,15,0,CC8CD41CEF907C4D216069122C4B89936211361F9050A717A1E37AD1862E952F
P0442,H0,HISTORICAL_WEATHER,0,4,15,0,4B0EBEA5AFB86AFBADF12EEDC5C56E680F4946E61EFE94AD358B6FF89EA5FEC7
P0443,H0,HISTORICAL_WEATHER,0,0,0,0,4CBBD8CA5215B8D161AEC181A74B694F4E24B001D5B081DC0030ED797A8973E0
P0444,H0,HISTORICAL_WEATHER,0,1,0,40,3B0E4842B28D6B39EC725A6459FB943F5F1D658F4D0EE991004DD50F2C182F31
P0445,H0,HISTORICAL_WEATHER,0,4,15,0,CC8CD41CEF907C4D216069122C4B89936211361F9050A717A1E37AD1862E952F
P0446,H0,HISTORICAL_WEATHER,0,0,0,0,4CBBD8CA5215B8D161AEC181A74B694F4E24B001D5B081DC0030ED797A8973E0
P0447,H0,HISTORICAL_WEATHER,0,4,15,0,A2AE27368CB8E5358848B174FE9B8BF042D393E0B54D4463130C40AED4CA569B
P0448,H0,HISTORICAL_WEATHER,0,0,0,0,4CBBD8CA5215B8D161AEC181A74B694F4E24B001D5B081DC0030ED797A8973E0
P0449,H0,HISTORICAL_WEATHER,0,0,0,0,4CBBD8CA5215B8D161AEC181A74B694F4E24B001D5B081DC0030ED797A8973E0
P0450,H0,HISTORICAL_WEATHER,0,4,15,0,4B0EBEA5AFB86AFBADF12EEDC5C56E680F4946E61EFE94AD358B6FF89EA5FEC7
P0451,H0,HISTORICAL_WEATHER,0,0,0,0,4CBBD8CA5215B8D161AEC181A74B694F4E24B001D5B081DC0030ED797A8973E0
P0452,H0,HISTORICAL_WEATHER,0,0,0,0,4CBBD8CA5215B8D161AEC181A74B694F4E24B001D5B081DC0030ED797A8973E0
P0453,H0,HISTORICAL_WEATHER,0,0,0,0,4CBBD8CA5215B8D161AEC181A74B694F4E24B001D5B081DC0030ED797A8973E0
P0454,H0,HISTORICAL_WEATHER,0,4,15,0,CC8CD41CEF907C4D216069122C4B89936211361F9050A717A1E37AD1862E952F
P0455,H0,HISTORICAL_WEATHER,0,0,0,0,4CBBD8CA5215B8D161AEC181A74B694F4E24B001D5B081DC0030ED797A8973E0
P0456,H0,HISTORICAL_WEATHER,0,4,15,0,CC8CD41CEF907C4D216069122C4B89936211361F9050A717A1E37AD1862E952F
P0457,H0,HISTORICAL_WEATHER,0,4,15,0,CC8CD41CEF907C4D216069122C4B89936211361F9050A717A1E37AD1862E952F
P0458,H0,HISTORICAL_WEATHER,0,4,15,0,4B0EBEA5AFB86AFBADF12EEDC5C56E680F4946E61EFE94AD358B6FF89EA5FEC7
P0459,H0,HISTORICAL_WEATHER,0,4,15,0,1B897DDDD4C151E2A2E6E3E91B7EA0F7FC4FD5ED00EF1C9669E8566393A02586
P0460,H0,HISTORICAL_WEATHER,0,4,15,0,A2AE27368CB8E5358848B174FE9B8BF042D393E0B54D4463130C40AED4CA569B
P0461,H0,HISTORICAL_WEATHER,0,4,15,0,CC8CD41CEF907C4D216069122C4B89936211361F9050A717A1E37AD1862E952F
P0462,H0,HISTORICAL_WEATHER,0,4,15,0,1B897DDDD4C151E2A2E6E3E91B7EA0F7FC4FD5ED00EF1C9669E8566393A02586
P0463,H0,HISTORICAL_WEATHER,0,4,15,0,CC8CD41CEF907C4D216069122C4B89936211361F9050A717A1E37AD1862E952F
P0464,H0,HISTORICAL_WEATHER,0,4,15,0,4B0EBEA5AFB86AFBADF12EEDC5C56E680F4946E61EFE94AD358B6FF89EA5FEC7
P0465,H0,HISTORICAL_WEATHER,0,4,15,0,CC8CD41CEF907C4D216069122C4B89936211361F9050A717A1E37AD1862E952F
P0466,H0,HISTORICAL_WEATHER,0,4,15,0,CC8CD41CEF907C4D216069122C4B89936211361F9050A717A1E37AD1862E952F
P0467,H0,HISTORICAL_WEATHER,0,4,15,0,4B0EBEA5AFB86AFBADF12EEDC5C56E680F4946E61EFE94AD358B6FF89EA5FEC7
P0468,H0,HISTORICAL_WEATHER,0,4,15,0,CC8CD41CEF907C4D216069122C4B89936211361F9050A717A1E37AD1862E952F
P0469,H0,HISTORICAL_WEATHER,0,4,15,0,4B0EBEA5AFB86AFBADF12EEDC5C56E680F4946E61EFE94AD358B6FF89EA5FEC7
P0470,H0,HISTORICAL_WEATHER,0,4,15,0,1B897DDDD4C151E2A2E6E3E91B7EA0F7FC4FD5ED00EF1C9669E8566393A02586
P0471,H0,HISTORICAL_WEATHER,0,0,0,0,4CBBD8CA5215B8D161AEC181A74B694F4E24B001D5B081DC0030ED797A8973E0
P0472,H0,HISTORICAL_WEATHER,0,4,15,0,A2AE27368CB8E5358848B174FE9B8BF042D393E0B54D4463130C40AED4CA569B
P0473,H0,HISTORICAL_WEATHER,0,4,15,0,4B0EBEA5AFB86AFBADF12EEDC5C56E680F4946E61EFE94AD358B6FF89EA5FEC7
P0474,H0,HISTORICAL_WEATHER,0,4,15,0,CC8CD41CEF907C4D216069122C4B89936211361F9050A717A1E37AD1862E952F
P0475,H0,HISTORICAL_WEATHER,0,4,15,0,CC8CD41CEF907C4D216069122C4B89936211361F9050A717A1E37AD1862E952F
P0476,H0,HISTORICAL_WEATHER,0,4,15,0,4B0EBEA5AFB86AFBADF12EEDC5C56E680F4946E61EFE94AD358B6FF89EA5FEC7
P0477,H0,HISTORICAL_WEATHER,0,4,15,0,A2AE27368CB8E5358848B174FE9B8BF042D393E0B54D4463130C40AED4CA569B
P0478,H0,HISTORICAL_WEATHER,0,4,15,0,CC8CD41CEF907C4D216069122C4B89936211361F9050A717A1E37AD1862E952F
P0479,H0,HISTORICAL_WEATHER,0,0,0,0,4CBBD8CA5215B8D161AEC181A74B694F4E24B001D5B081DC0030ED797A8973E0
P0480,H0,HISTORICAL_WEATHER,0,4,15,0,CC8CD41CEF907C4D216069122C4B89936211361F9050A717A1E37AD1862E952F
P0481,H0,HISTORICAL_WEATHER,0,0,0,0,4CBBD8CA5215B8D161AEC181A74B694F4E24B001D5B081DC0030ED797A8973E0
P0482,H0,HISTORICAL_WEATHER,0,4,15,0,CC8CD41CEF907C4D216069122C4B89936211361F9050A717A1E37AD1862E952F
P0483,H0,HISTORICAL_WEATHER,0,4,15,0,CC8CD41CEF907C4D216069122C4B89936211361F9050A717A1E37AD1862E952F
P0484,H0,HISTORICAL_WEATHER,0,4,15,0,4B0EBEA5AFB86AFBADF12EEDC5C56E680F4946E61EFE94AD358B6FF89EA5FEC7
P0485,H0,HISTORICAL_WEATHER,0,0,0,0,4CBBD8CA5215B8D161AEC181A74B694F4E24B001D5B081DC0030ED797A8973E0
P0486,H0,HISTORICAL_WEATHER,0,4,15,0,4B0EBEA5AFB86AFBADF12EEDC5C56E680F4946E61EFE94AD358B6FF89EA5FEC7
P0487,H0,HISTORICAL_WEATHER,0,0,0,0,4CBBD8CA5215B8D161AEC181A74B694F4E24B001D5B081DC0030ED797A8973E0
P0488,H0,HISTORICAL_WEATHER,0,4,15,0,CC8CD41CEF907C4D216069122C4B89936211361F9050A717A1E37AD1862E952F
P0489,H0,HISTORICAL_WEATHER,0,1,0,40,A020B7F8043620B11605E4B25E35803538E4679D5F7A9E6AE90300BF28791989
P0490,H0,HISTORICAL_WEATHER,0,0,0,0,4CBBD8CA5215B8D161AEC181A74B694F4E24B001D5B081DC0030ED797A8973E0
P0491,H0,HISTORICAL_WEATHER,0,0,0,0,4CBBD8CA5215B8D161AEC181A74B694F4E24B001D5B081DC0030ED797A8973E0
P0492,H0,HISTORICAL_WEATHER,0,4,15,0,CC8CD41CEF907C4D216069122C4B89936211361F9050A717A1E37AD1862E952F
P0493,H0,HISTORICAL_WEATHER,0,0,0,0,4CBBD8CA5215B8D161AEC181A74B694F4E24B001D5B081DC0030ED797A8973E0
P0494,H0,HISTORICAL_WEATHER,0,0,0,0,4CBBD8CA5215B8D161AEC181A74B694F4E24B001D5B081DC0030ED797A8973E0
P0495,H0,HISTORICAL_WEATHER,0,4,15,0,0EF6657F1EF3D57D3039B838837EE670569C55FAEC16004B220C894540BCD97D
P0496,H0,HISTORICAL_WEATHER,0,4,15,0,4B0EBEA5AFB86AFBADF12EEDC5C56E680F4946E61EFE94AD358B6FF89EA5FEC7
P0497,H0,HISTORICAL_WEATHER,0,1,0,40,A020B7F8043620B11605E4B25E35803538E4679D5F7A9E6AE90300BF28791989
P0498,H0,HISTORICAL_WEATHER,0,4,15,0,4B0EBEA5AFB86AFBADF12EEDC5C56E680F4946E61EFE94AD358B6FF89EA5FEC7
P0499,H0,HISTORICAL_WEATHER,0,4,15,0,4B0EBEA5AFB86AFBADF12EEDC5C56E680F4946E61EFE94AD358B6FF89EA5FEC7
P0500,H0,HISTORICAL_WEATHER,0,0,0,0,4CBBD8CA5215B8D161AEC181A74B694F4E24B001D5B081DC0030ED797A8973E0
P0501,H0,HISTORICAL_WEATHER,0,4,15,0,CC8CD41CEF907C4D216069122C4B89936211361F9050A717A1E37AD1862E952F
P0502,H0,HISTORICAL_WEATHER,0,0,0,0,4CBBD8CA5215B8D161AEC181A74B694F4E24B001D5B081DC0030ED797A8973E0
P0503,H0,HISTORICAL_WEATHER,0,4,15,0,CC8CD41CEF907C4D216069122C4B89936211361F9050A717A1E37AD1862E952F
P0504,H0,HISTORICAL_WEATHER,0,4,15,0,CC8CD41CEF907C4D216069122C4B89936211361F9050A717A1E37AD1862E952F
P0505,H0,HISTORICAL_WEATHER,0,4,15,0,0EF6657F1EF3D57D3039B838837EE670569C55FAEC16004B220C894540BCD97D
P0506,H0,HISTORICAL_WEATHER,0,4,15,0,0EF6657F1EF3D57D3039B838837EE670569C55FAEC16004B220C894540BCD97D
P0507,H0,HISTORICAL_WEATHER,0,0,0,0,4CBBD8CA5215B8D161AEC181A74B694F4E24B001D5B081DC0030ED797A8973E0
P0508,H0,HISTORICAL_WEATHER,0,1,0,40,A020B7F8043620B11605E4B25E35803538E4679D5F7A9E6AE90300BF28791989
P0509,H0,HISTORICAL_WEATHER,0,4,15,0,CC8CD41CEF907C4D216069122C4B89936211361F9050A717A1E37AD1862E952F
P0510,H0,HISTORICAL_WEATHER,0,0,0,0,4CBBD8CA5215B8D161AEC181A74B694F4E24B001D5B081DC0030ED797A8973E0
P0511,H0,HISTORICAL_WEATHER,0,1,0,40,3B0E4842B28D6B39EC725A6459FB943F5F1D658F4D0EE991004DD50F2C182F31
P0512,H0,HISTORICAL_WEATHER,0,4,15,0,CC8CD41CEF907C4D216069122C4B89936211361F9050A717A1E37AD1862E952F
P0513,H0,HISTORICAL_WEATHER,0,4,15,0,4B0EBEA5AFB86AFBADF12EEDC5C56E680F4946E61EFE94AD358B6FF89EA5FEC7
P0514,H0,HISTORICAL_WEATHER,0,4,15,0,CC8CD41CEF907C4D216069122C4B89936211361F9050A717A1E37AD1862E952F
P0515,H0,HISTORICAL_WEATHER,0,0,0,0,4CBBD8CA5215B8D161AEC181A74B694F4E24B001D5B081DC0030ED797A8973E0
P0516,H0,HISTORICAL_WEATHER,0,4,15,0,CC8CD41CEF907C4D216069122C4B89936211361F9050A717A1E37AD1862E952F
P0517,H0,HISTORICAL_WEATHER,0,4,15,0,4B0EBEA5AFB86AFBADF12EEDC5C56E680F4946E61EFE94AD358B6FF89EA5FEC7
P0518,H0,HISTORICAL_WEATHER,0,1,0,40,3B0E4842B28D6B39EC725A6459FB943F5F1D658F4D0EE991004DD50F2C182F31
P0519,H0,HISTORICAL_WEATHER,0,4,15,0,4B0EBEA5AFB86AFBADF12EEDC5C56E680F4946E61EFE94AD358B6FF89EA5FEC7
P0520,H0,HISTORICAL_WEATHER,0,4,15,0,1B897DDDD4C151E2A2E6E3E91B7EA0F7FC4FD5ED00EF1C9669E8566393A02586
P0521,H0,HISTORICAL_WEATHER,0,4,15,0,0EF6657F1EF3D57D3039B838837EE670569C55FAEC16004B220C894540BCD97D
P0522,H0,HISTORICAL_WEATHER,0,0,0,0,4CBBD8CA5215B8D161AEC181A74B694F4E24B001D5B081DC0030ED797A8973E0
P0523,H0,HISTORICAL_WEATHER,0,0,0,0,4CBBD8CA5215B8D161AEC181A74B694F4E24B001D5B081DC0030ED797A8973E0
P0524,H0,HISTORICAL_WEATHER,0,4,15,0,CC8CD41CEF907C4D216069122C4B89936211361F9050A717A1E37AD1862E952F
P0525,H0,HISTORICAL_WEATHER,0,0,0,0,4CBBD8CA5215B8D161AEC181A74B694F4E24B001D5B081DC0030ED797A8973E0
P0526,H0,HISTORICAL_WEATHER,0,4,15,0,CC8CD41CEF907C4D216069122C4B89936211361F9050A717A1E37AD1862E952F
P0527,H0,HISTORICAL_WEATHER,0,0,0,0,4CBBD8CA5215B8D161AEC181A74B694F4E24B001D5B081DC0030ED797A8973E0
P0528,H0,HISTORICAL_WEATHER,0,4,15,0,CC8CD41CEF907C4D216069122C4B89936211361F9050A717A1E37AD1862E952F
P0529,H0,HISTORICAL_WEATHER,0,1,0,40,A020B7F8043620B11605E4B25E35803538E4679D5F7A9E6AE90300BF28791989
P0530,H0,HISTORICAL_WEATHER,0,4,15,0,CC8CD41CEF907C4D216069122C4B89936211361F9050A717A1E37AD1862E952F
P0531,H0,HISTORICAL_WEATHER,0,4,15,0,CC8CD41CEF907C4D216069122C4B89936211361F9050A717A1E37AD1862E952F
P0532,H0,HISTORICAL_WEATHER,0,4,15,0,CC8CD41CEF907C4D216069122C4B89936211361F9050A717A1E37AD1862E952F
P0533,H0,HISTORICAL_WEATHER,0,4,15,0,4B0EBEA5AFB86AFBADF12EEDC5C56E680F4946E61EFE94AD358B6FF89EA5FEC7
P0534,H0,HISTORICAL_WEATHER,0,4,15,0,4B0EBEA5AFB86AFBADF12EEDC5C56E680F4946E61EFE94AD358B6FF89EA5FEC7
P0535,H0,HISTORICAL_WEATHER,0,4,15,0,CC8CD41CEF907C4D216069122C4B89936211361F9050A717A1E37AD1862E952F
P0536,H0,HISTORICAL_WEATHER,0,4,15,0,4B0EBEA5AFB86AFBADF12EEDC5C56E680F4946E61EFE94AD358B6FF89EA5FEC7
P0537,H0,HISTORICAL_WEATHER,0,0,0,0,4CBBD8CA5215B8D161AEC181A74B694F4E24B001D5B081DC0030ED797A8973E0
P0538,H0,HISTORICAL_WEATHER,0,1,0,40,A020B7F8043620B11605E4B25E35803538E4679D5F7A9E6AE90300BF28791989
P0539,H0,HISTORICAL_WEATHER,0,4,15,0,1B897DDDD4C151E2A2E6E3E91B7EA0F7FC4FD5ED00EF1C9669E8566393A02586
P0540,H0,HISTORICAL_WEATHER,0,0,0,0,4CBBD8CA5215B8D161AEC181A74B694F4E24B001D5B081DC0030ED797A8973E0
P0541,H0,HISTORICAL_WEATHER,0,1,0,40,99F4D3181D0BE579A5E933E01B58F09B7FAF629995C121FB02452D7EE3EA2A24
P0542,H0,HISTORICAL_WEATHER,0,4,15,0,CC8CD41CEF907C4D216069122C4B89936211361F9050A717A1E37AD1862E952F
P0543,H0,HISTORICAL_WEATHER,0,4,15,0,4B0EBEA5AFB86AFBADF12EEDC5C56E680F4946E61EFE94AD358B6FF89EA5FEC7
P0544,H0,HISTORICAL_WEATHER,0,4,15,0,CC8CD41CEF907C4D216069122C4B89936211361F9050A717A1E37AD1862E952F
P0545,H0,HISTORICAL_WEATHER,0,4,15,0,1B897DDDD4C151E2A2E6E3E91B7EA0F7FC4FD5ED00EF1C9669E8566393A02586
P0546,H0,HISTORICAL_WEATHER,0,4,15,0,CC8CD41CEF907C4D216069122C4B89936211361F9050A717A1E37AD1862E952F
P0547,H0,HISTORICAL_WEATHER,0,0,0,0,4CBBD8CA5215B8D161AEC181A74B694F4E24B001D5B081DC0030ED797A8973E0
P0548,H0,HISTORICAL_WEATHER,0,4,15,0,CC8CD41CEF907C4D216069122C4B89936211361F9050A717A1E37AD1862E952F
P0549,H0,HISTORICAL_WEATHER,0,0,0,0,4CBBD8CA5215B8D161AEC181A74B694F4E24B001D5B081DC0030ED797A8973E0
P0550,H0,HISTORICAL_WEATHER,0,4,15,0,0EF6657F1EF3D57D3039B838837EE670569C55FAEC16004B220C894540BCD97D
P0551,H0,HISTORICAL_WEATHER,0,0,0,0,4CBBD8CA5215B8D161AEC181A74B694F4E24B001D5B081DC0030ED797A8973E0
P0552,H0,HISTORICAL_WEATHER,0,4,15,0,CC8CD41CEF907C4D216069122C4B89936211361F9050A717A1E37AD1862E952F
P0553,H0,HISTORICAL_WEATHER,0,4,15,0,CC8CD41CEF907C4D216069122C4B89936211361F9050A717A1E37AD1862E952F
P0554,H0,HISTORICAL_WEATHER,0,0,0,0,4CBBD8CA5215B8D161AEC181A74B694F4E24B001D5B081DC0030ED797A8973E0
P0555,H0,HISTORICAL_WEATHER,0,4,15,0,1B897DDDD4C151E2A2E6E3E91B7EA0F7FC4FD5ED00EF1C9669E8566393A02586
P0556,H0,HISTORICAL_WEATHER,0,0,0,0,4CBBD8CA5215B8D161AEC181A74B694F4E24B001D5B081DC0030ED797A8973E0
P0557,H0,HISTORICAL_WEATHER,0,4,15,0,0EF6657F1EF3D57D3039B838837EE670569C55FAEC16004B220C894540BCD97D
P0558,H0,HISTORICAL_WEATHER,0,4,15,0,CC8CD41CEF907C4D216069122C4B89936211361F9050A717A1E37AD1862E952F
P0559,H0,HISTORICAL_WEATHER,0,4,15,0,0EF6657F1EF3D57D3039B838837EE670569C55FAEC16004B220C894540BCD97D
P0560,H0,HISTORICAL_WEATHER,0,4,15,0,0EF6657F1EF3D57D3039B838837EE670569C55FAEC16004B220C894540BCD97D
P0561,H0,HISTORICAL_WEATHER,0,1,0,40,3B0E4842B28D6B39EC725A6459FB943F5F1D658F4D0EE991004DD50F2C182F31
P0562,H0,HISTORICAL_WEATHER,0,4,15,0,CC8CD41CEF907C4D216069122C4B89936211361F9050A717A1E37AD1862E952F
P0563,H0,HISTORICAL_WEATHER,0,4,15,0,CC8CD41CEF907C4D216069122C4B89936211361F9050A717A1E37AD1862E952F
P0564,H0,HISTORICAL_WEATHER,0,4,15,0,CC8CD41CEF907C4D216069122C4B89936211361F9050A717A1E37AD1862E952F
P0565,H0,HISTORICAL_WEATHER,0,4,15,0,CC8CD41CEF907C4D216069122C4B89936211361F9050A717A1E37AD1862E952F
P0566,H0,HISTORICAL_WEATHER,0,4,15,0,1B897DDDD4C151E2A2E6E3E91B7EA0F7FC4FD5ED00EF1C9669E8566393A02586
P0567,H0,HISTORICAL_WEATHER,0,4,15,0,CC8CD41CEF907C4D216069122C4B89936211361F9050A717A1E37AD1862E952F
P0568,H0,HISTORICAL_WEATHER,0,4,15,0,4B0EBEA5AFB86AFBADF12EEDC5C56E680F4946E61EFE94AD358B6FF89EA5FEC7
P0569,H0,HISTORICAL_WEATHER,0,4,15,0,CC8CD41CEF907C4D216069122C4B89936211361F9050A717A1E37AD1862E952F
P0570,H0,HISTORICAL_WEATHER,0,4,15,0,CC8CD41CEF907C4D216069122C4B89936211361F9050A717A1E37AD1862E952F
P0571,H0,HISTORICAL_WEATHER,0,4,15,0,CC8CD41CEF907C4D216069122C4B89936211361F9050A717A1E37AD1862E952F
P0572,H0,HISTORICAL_WEATHER,0,4,15,0,0EF6657F1EF3D57D3039B838837EE670569C55FAEC16004B220C894540BCD97D
P0573,H0,HISTORICAL_WEATHER,0,4,15,0,CC8CD41CEF907C4D216069122C4B89936211361F9050A717A1E37AD1862E952F
P0574,H0,HISTORICAL_WEATHER,0,0,0,0,4CBBD8CA5215B8D161AEC181A74B694F4E24B001D5B081DC0030ED797A8973E0
P0575,H0,HISTORICAL_WEATHER,0,0,0,0,4CBBD8CA5215B8D161AEC181A74B694F4E24B001D5B081DC0030ED797A8973E0
P0576,H0,HISTORICAL_WEATHER,0,1,0,40,99F4D3181D0BE579A5E933E01B58F09B7FAF629995C121FB02452D7EE3EA2A24
P0577,H0,HISTORICAL_WEATHER,0,4,15,0,0EF6657F1EF3D57D3039B838837EE670569C55FAEC16004B220C894540BCD97D
P0578,H0,HISTORICAL_WEATHER,0,4,15,0,CC8CD41CEF907C4D216069122C4B89936211361F9050A717A1E37AD1862E952F
P0579,H0,HISTORICAL_WEATHER,0,0,0,0,4CBBD8CA5215B8D161AEC181A74B694F4E24B001D5B081DC0030ED797A8973E0
P0580,H0,HISTORICAL_WEATHER,0,4,15,0,0EF6657F1EF3D57D3039B838837EE670569C55FAEC16004B220C894540BCD97D
P0581,H0,HISTORICAL_WEATHER,0,4,15,0,4B0EBEA5AFB86AFBADF12EEDC5C56E680F4946E61EFE94AD358B6FF89EA5FEC7
P0582,H0,HISTORICAL_WEATHER,0,4,15,0,CC8CD41CEF907C4D216069122C4B89936211361F9050A717A1E37AD1862E952F
P0583,H0,HISTORICAL_WEATHER,0,4,15,0,4B0EBEA5AFB86AFBADF12EEDC5C56E680F4946E61EFE94AD358B6FF89EA5FEC7
P0584,H0,HISTORICAL_WEATHER,0,4,15,0,1B897DDDD4C151E2A2E6E3E91B7EA0F7FC4FD5ED00EF1C9669E8566393A02586
P0585,H0,HISTORICAL_WEATHER,0,4,15,0,CC8CD41CEF907C4D216069122C4B89936211361F9050A717A1E37AD1862E952F
P0586,H0,HISTORICAL_WEATHER,0,0,0,0,4CBBD8CA5215B8D161AEC181A74B694F4E24B001D5B081DC0030ED797A8973E0
P0587,H0,HISTORICAL_WEATHER,0,4,15,0,CC8CD41CEF907C4D216069122C4B89936211361F9050A717A1E37AD1862E952F
P0588,H0,HISTORICAL_WEATHER,0,0,0,0,4CBBD8CA5215B8D161AEC181A74B694F4E24B001D5B081DC0030ED797A8973E0
P0589,H0,HISTORICAL_WEATHER,0,4,15,0,CC8CD41CEF907C4D216069122C4B89936211361F9050A717A1E37AD1862E952F
P0590,H0,HISTORICAL_WEATHER,0,4,15,0,4B0EBEA5AFB86AFBADF12EEDC5C56E680F4946E61EFE94AD358B6FF89EA5FEC7
P0591,H0,HISTORICAL_WEATHER,0,4,15,0,CC8CD41CEF907C4D216069122C4B89936211361F9050A717A1E37AD1862E952F
P0592,H0,HISTORICAL_WEATHER,0,4,15,0,CC8CD41CEF907C4D216069122C4B89936211361F9050A717A1E37AD1862E952F
P0593,H0,HISTORICAL_WEATHER,0,4,15,0,4B0EBEA5AFB86AFBADF12EEDC5C56E680F4946E61EFE94AD358B6FF89EA5FEC7
P0594,H0,HISTORICAL_WEATHER,0,4,15,0,0EF6657F1EF3D57D3039B838837EE670569C55FAEC16004B220C894540BCD97D
P0595,H0,HISTORICAL_WEATHER,0,1,0,40,99F4D3181D0BE579A5E933E01B58F09B7FAF629995C121FB02452D7EE3EA2A24
P0596,H0,HISTORICAL_WEATHER,0,4,15,0,4B0EBEA5AFB86AFBADF12EEDC5C56E680F4946E61EFE94AD358B6FF89EA5FEC7
P0597,H0,HISTORICAL_WEATHER,0,4,15,0,CC8CD41CEF907C4D216069122C4B89936211361F9050A717A1E37AD1862E952F
P0598,H0,HISTORICAL_WEATHER,0,4,15,0,0EF6657F1EF3D57D3039B838837EE670569C55FAEC16004B220C894540BCD97D
P0599,H0,HISTORICAL_WEATHER,0,4,15,0,CC8CD41CEF907C4D216069122C4B89936211361F9050A717A1E37AD1862E952F
P0600,H0,HISTORICAL_WEATHER,0,4,15,0,CC8CD41CEF907C4D216069122C4B89936211361F9050A717A1E37AD1862E952F
P0001,H1,HISTORICAL_WEATHER,1,0,0,0,4CBBD8CA5215B8D161AEC181A74B694F4E24B001D5B081DC0030ED797A8973E0
P0002,H1,HISTORICAL_WEATHER,1,13,45,40,CC8CD41CEF907C4D216069122C4B89936211361F9050A717A1E37AD1862E952F
P0003,H1,HISTORICAL_WEATHER,1,13,45,40,CC8CD41CEF907C4D216069122C4B89936211361F9050A717A1E37AD1862E952F
P0004,H1,HISTORICAL_WEATHER,1,0,0,0,4CBBD8CA5215B8D161AEC181A74B694F4E24B001D5B081DC0030ED797A8973E0
P0005,H1,HISTORICAL_WEATHER,1,0,0,0,4CBBD8CA5215B8D161AEC181A74B694F4E24B001D5B081DC0030ED797A8973E0
P0006,H1,HISTORICAL_WEATHER,1,0,0,0,4CBBD8CA5215B8D161AEC181A74B694F4E24B001D5B081DC0030ED797A8973E0
P0007,H1,HISTORICAL_WEATHER,1,13,45,40,CC8CD41CEF907C4D216069122C4B89936211361F9050A717A1E37AD1862E952F
P0008,H1,HISTORICAL_WEATHER,1,0,0,0,4CBBD8CA5215B8D161AEC181A74B694F4E24B001D5B081DC0030ED797A8973E0
P0009,H1,HISTORICAL_WEATHER,1,0,0,0,4CBBD8CA5215B8D161AEC181A74B694F4E24B001D5B081DC0030ED797A8973E0
P0010,H1,HISTORICAL_WEATHER,1,0,0,0,4CBBD8CA5215B8D161AEC181A74B694F4E24B001D5B081DC0030ED797A8973E0
P0011,H1,HISTORICAL_WEATHER,1,0,0,0,4CBBD8CA5215B8D161AEC181A74B694F4E24B001D5B081DC0030ED797A8973E0
P0012,H1,HISTORICAL_WEATHER,1,0,0,0,4CBBD8CA5215B8D161AEC181A74B694F4E24B001D5B081DC0030ED797A8973E0
P0013,H1,HISTORICAL_WEATHER,1,0,0,0,4CBBD8CA5215B8D161AEC181A74B694F4E24B001D5B081DC0030ED797A8973E0
P0014,H1,HISTORICAL_WEATHER,1,0,0,0,4CBBD8CA5215B8D161AEC181A74B694F4E24B001D5B081DC0030ED797A8973E0
P0015,H1,HISTORICAL_WEATHER,1,0,0,0,4B0EBEA5AFB86AFBADF12EEDC5C56E680F4946E61EFE94AD358B6FF89EA5FEC7
P0016,H1,HISTORICAL_WEATHER,1,0,0,0,4CBBD8CA5215B8D161AEC181A74B694F4E24B001D5B081DC0030ED797A8973E0
P0017,H1,HISTORICAL_WEATHER,1,0,0,0,4CBBD8CA5215B8D161AEC181A74B694F4E24B001D5B081DC0030ED797A8973E0
P0018,H1,HISTORICAL_WEATHER,1,0,0,0,4CBBD8CA5215B8D161AEC181A74B694F4E24B001D5B081DC0030ED797A8973E0
P0019,H1,HISTORICAL_WEATHER,1,13,45,40,CC8CD41CEF907C4D216069122C4B89936211361F9050A717A1E37AD1862E952F
P0020,H1,HISTORICAL_WEATHER,1,0,0,0,4CBBD8CA5215B8D161AEC181A74B694F4E24B001D5B081DC0030ED797A8973E0
P0021,H1,HISTORICAL_WEATHER,1,0,0,0,4CBBD8CA5215B8D161AEC181A74B694F4E24B001D5B081DC0030ED797A8973E0
P0022,H1,HISTORICAL_WEATHER,1,0,0,0,4CBBD8CA5215B8D161AEC181A74B694F4E24B001D5B081DC0030ED797A8973E0
P0023,H1,HISTORICAL_WEATHER,1,0,0,0,4CBBD8CA5215B8D161AEC181A74B694F4E24B001D5B081DC0030ED797A8973E0
P0024,H1,HISTORICAL_WEATHER,1,0,0,0,A020B7F8043620B11605E4B25E35803538E4679D5F7A9E6AE90300BF28791989
P0025,H1,HISTORICAL_WEATHER,1,0,0,0,4CBBD8CA5215B8D161AEC181A74B694F4E24B001D5B081DC0030ED797A8973E0
P0026,H1,HISTORICAL_WEATHER,1,0,0,0,4CBBD8CA5215B8D161AEC181A74B694F4E24B001D5B081DC0030ED797A8973E0
P0027,H1,HISTORICAL_WEATHER,1,0,0,0,4CBBD8CA5215B8D161AEC181A74B694F4E24B001D5B081DC0030ED797A8973E0
P0028,H1,HISTORICAL_WEATHER,1,0,0,0,4B0EBEA5AFB86AFBADF12EEDC5C56E680F4946E61EFE94AD358B6FF89EA5FEC7
P0029,H1,HISTORICAL_WEATHER,1,0,0,0,CC8CD41CEF907C4D216069122C4B89936211361F9050A717A1E37AD1862E952F
P0030,H1,HISTORICAL_WEATHER,1,0,0,0,CC8CD41CEF907C4D216069122C4B89936211361F9050A717A1E37AD1862E952F
P0031,H1,HISTORICAL_WEATHER,1,0,0,0,CC8CD41CEF907C4D216069122C4B89936211361F9050A717A1E37AD1862E952F
P0032,H1,HISTORICAL_WEATHER,1,0,0,0,CC8CD41CEF907C4D216069122C4B89936211361F9050A717A1E37AD1862E952F
P0033,H1,HISTORICAL_WEATHER,1,0,0,0,CC8CD41CEF907C4D216069122C4B89936211361F9050A717A1E37AD1862E952F
P0034,H1,HISTORICAL_WEATHER,1,0,0,0,CC8CD41CEF907C4D216069122C4B89936211361F9050A717A1E37AD1862E952F
P0035,H1,HISTORICAL_WEATHER,1,0,0,0,CC8CD41CEF907C4D216069122C4B89936211361F9050A717A1E37AD1862E952F
P0036,H1,HISTORICAL_WEATHER,1,0,0,0,4CBBD8CA5215B8D161AEC181A74B694F4E24B001D5B081DC0030ED797A8973E0
P0037,H1,HISTORICAL_WEATHER,1,0,0,0,CC8CD41CEF907C4D216069122C4B89936211361F9050A717A1E37AD1862E952F
P0038,H1,HISTORICAL_WEATHER,1,0,0,0,CC8CD41CEF907C4D216069122C4B89936211361F9050A717A1E37AD1862E952F
P0039,H1,HISTORICAL_WEATHER,1,0,0,0,CC8CD41CEF907C4D216069122C4B89936211361F9050A717A1E37AD1862E952F
P0040,H1,HISTORICAL_WEATHER,1,0,0,0,CC8CD41CEF907C4D216069122C4B89936211361F9050A717A1E37AD1862E952F
P0041,H1,HISTORICAL_WEATHER,1,0,0,0,1B897DDDD4C151E2A2E6E3E91B7EA0F7FC4FD5ED00EF1C9669E8566393A02586
P0042,H1,HISTORICAL_WEATHER,1,0,0,0,1B897DDDD4C151E2A2E6E3E91B7EA0F7FC4FD5ED00EF1C9669E8566393A02586
P0043,H1,HISTORICAL_WEATHER,1,0,0,0,1B897DDDD4C151E2A2E6E3E91B7EA0F7FC4FD5ED00EF1C9669E8566393A02586
P0044,H1,HISTORICAL_WEATHER,1,0,0,0,1B897DDDD4C151E2A2E6E3E91B7EA0F7FC4FD5ED00EF1C9669E8566393A02586
P0045,H1,HISTORICAL_WEATHER,1,0,0,0,1B897DDDD4C151E2A2E6E3E91B7EA0F7FC4FD5ED00EF1C9669E8566393A02586
P0046,H1,HISTORICAL_WEATHER,1,0,0,0,1B897DDDD4C151E2A2E6E3E91B7EA0F7FC4FD5ED00EF1C9669E8566393A02586
P0047,H1,HISTORICAL_WEATHER,1,13,45,40,CC8CD41CEF907C4D216069122C4B89936211361F9050A717A1E37AD1862E952F
P0048,H1,HISTORICAL_WEATHER,1,0,0,0,1B897DDDD4C151E2A2E6E3E91B7EA0F7FC4FD5ED00EF1C9669E8566393A02586
P0049,H1,HISTORICAL_WEATHER,1,0,0,0,CC8CD41CEF907C4D216069122C4B89936211361F9050A717A1E37AD1862E952F
P0050,H1,HISTORICAL_WEATHER,1,0,0,0,CC8CD41CEF907C4D216069122C4B89936211361F9050A717A1E37AD1862E952F
P0051,H1,HISTORICAL_WEATHER,1,0,0,0,CC8CD41CEF907C4D216069122C4B89936211361F9050A717A1E37AD1862E952F
P0052,H1,HISTORICAL_WEATHER,1,0,0,0,CC8CD41CEF907C4D216069122C4B89936211361F9050A717A1E37AD1862E952F
P0053,H1,HISTORICAL_WEATHER,1,13,45,40,CC8CD41CEF907C4D216069122C4B89936211361F9050A717A1E37AD1862E952F
P0054,H1,HISTORICAL_WEATHER,1,0,0,0,1B897DDDD4C151E2A2E6E3E91B7EA0F7FC4FD5ED00EF1C9669E8566393A02586
P0055,H1,HISTORICAL_WEATHER,1,0,0,0,1B897DDDD4C151E2A2E6E3E91B7EA0F7FC4FD5ED00EF1C9669E8566393A02586
P0056,H1,HISTORICAL_WEATHER,1,0,0,0,1B897DDDD4C151E2A2E6E3E91B7EA0F7FC4FD5ED00EF1C9669E8566393A02586
P0057,H1,HISTORICAL_WEATHER,1,0,0,0,CC8CD41CEF907C4D216069122C4B89936211361F9050A717A1E37AD1862E952F
P0058,H1,HISTORICAL_WEATHER,1,0,0,0,CC8CD41CEF907C4D216069122C4B89936211361F9050A717A1E37AD1862E952F
P0059,H1,HISTORICAL_WEATHER,1,0,0,0,CC8CD41CEF907C4D216069122C4B89936211361F9050A717A1E37AD1862E952F
P0060,H1,HISTORICAL_WEATHER,1,0,0,0,CC8CD41CEF907C4D216069122C4B89936211361F9050A717A1E37AD1862E952F
P0061,H1,HISTORICAL_WEATHER,1,0,0,0,4B0EBEA5AFB86AFBADF12EEDC5C56E680F4946E61EFE94AD358B6FF89EA5FEC7
P0062,H1,HISTORICAL_WEATHER,1,0,0,0,CC8CD41CEF907C4D216069122C4B89936211361F9050A717A1E37AD1862E952F
P0063,H1,HISTORICAL_WEATHER,1,0,0,0,CC8CD41CEF907C4D216069122C4B89936211361F9050A717A1E37AD1862E952F
P0064,H1,HISTORICAL_WEATHER,1,0,0,0,1B897DDDD4C151E2A2E6E3E91B7EA0F7FC4FD5ED00EF1C9669E8566393A02586
P0065,H1,HISTORICAL_WEATHER,1,0,0,0,CC8CD41CEF907C4D216069122C4B89936211361F9050A717A1E37AD1862E952F
P0066,H1,HISTORICAL_WEATHER,1,0,0,0,CC8CD41CEF907C4D216069122C4B89936211361F9050A717A1E37AD1862E952F
P0067,H1,HISTORICAL_WEATHER,1,0,0,0,CC8CD41CEF907C4D216069122C4B89936211361F9050A717A1E37AD1862E952F
P0068,H1,HISTORICAL_WEATHER,1,0,0,0,CC8CD41CEF907C4D216069122C4B89936211361F9050A717A1E37AD1862E952F
P0069,H1,HISTORICAL_WEATHER,1,0,0,0,1B897DDDD4C151E2A2E6E3E91B7EA0F7FC4FD5ED00EF1C9669E8566393A02586
P0070,H1,HISTORICAL_WEATHER,1,13,45,40,CC8CD41CEF907C4D216069122C4B89936211361F9050A717A1E37AD1862E952F
P0071,H1,HISTORICAL_WEATHER,1,0,0,0,CC8CD41CEF907C4D216069122C4B89936211361F9050A717A1E37AD1862E952F
P0072,H1,HISTORICAL_WEATHER,1,0,0,0,CC8CD41CEF907C4D216069122C4B89936211361F9050A717A1E37AD1862E952F
P0073,H1,HISTORICAL_WEATHER,1,0,0,0,1B897DDDD4C151E2A2E6E3E91B7EA0F7FC4FD5ED00EF1C9669E8566393A02586
P0074,H1,HISTORICAL_WEATHER,1,0,0,0,1B897DDDD4C151E2A2E6E3E91B7EA0F7FC4FD5ED00EF1C9669E8566393A02586
P0075,H1,HISTORICAL_WEATHER,1,0,0,0,CC8CD41CEF907C4D216069122C4B89936211361F9050A717A1E37AD1862E952F
P0076,H1,HISTORICAL_WEATHER,1,0,0,0,CC8CD41CEF907C4D216069122C4B89936211361F9050A717A1E37AD1862E952F
P0077,H1,HISTORICAL_WEATHER,1,0,0,0,CC8CD41CEF907C4D216069122C4B89936211361F9050A717A1E37AD1862E952F
P0078,H1,HISTORICAL_WEATHER,1,0,0,0,CC8CD41CEF907C4D216069122C4B89936211361F9050A717A1E37AD1862E952F
P0079,H1,HISTORICAL_WEATHER,1,0,0,0,CC8CD41CEF907C4D216069122C4B89936211361F9050A717A1E37AD1862E952F
P0080,H1,HISTORICAL_WEATHER,1,0,0,0,CC8CD41CEF907C4D216069122C4B89936211361F9050A717A1E37AD1862E952F
P0081,H1,HISTORICAL_WEATHER,1,0,0,0,CC8CD41CEF907C4D216069122C4B89936211361F9050A717A1E37AD1862E952F
P0082,H1,HISTORICAL_WEATHER,1,0,0,0,CC8CD41CEF907C4D216069122C4B89936211361F9050A717A1E37AD1862E952F
P0083,H1,HISTORICAL_WEATHER,1,0,0,0,CC8CD41CEF907C4D216069122C4B89936211361F9050A717A1E37AD1862E952F
P0084,H1,HISTORICAL_WEATHER,1,0,0,0,CC8CD41CEF907C4D216069122C4B89936211361F9050A717A1E37AD1862E952F
P0085,H1,HISTORICAL_WEATHER,1,0,0,0,CC8CD41CEF907C4D216069122C4B89936211361F9050A717A1E37AD1862E952F
P0086,H1,HISTORICAL_WEATHER,1,0,0,0,CC8CD41CEF907C4D216069122C4B89936211361F9050A717A1E37AD1862E952F
P0087,H1,HISTORICAL_WEATHER,1,0,0,0,CC8CD41CEF907C4D216069122C4B89936211361F9050A717A1E37AD1862E952F
P0088,H1,HISTORICAL_WEATHER,1,0,0,0,CC8CD41CEF907C4D216069122C4B89936211361F9050A717A1E37AD1862E952F
P0089,H1,HISTORICAL_WEATHER,1,0,0,0,1B897DDDD4C151E2A2E6E3E91B7EA0F7FC4FD5ED00EF1C9669E8566393A02586
P0090,H1,HISTORICAL_WEATHER,1,0,0,0,1B897DDDD4C151E2A2E6E3E91B7EA0F7FC4FD5ED00EF1C9669E8566393A02586
P0091,H1,HISTORICAL_WEATHER,1,0,0,0,1B897DDDD4C151E2A2E6E3E91B7EA0F7FC4FD5ED00EF1C9669E8566393A02586
P0092,H1,HISTORICAL_WEATHER,1,13,45,40,CC8CD41CEF907C4D216069122C4B89936211361F9050A717A1E37AD1862E952F
P0093,H1,HISTORICAL_WEATHER,1,0,0,0,CC8CD41CEF907C4D216069122C4B89936211361F9050A717A1E37AD1862E952F
P0094,H1,HISTORICAL_WEATHER,1,0,0,0,1B897DDDD4C151E2A2E6E3E91B7EA0F7FC4FD5ED00EF1C9669E8566393A02586
P0095,H1,HISTORICAL_WEATHER,1,0,0,0,1B897DDDD4C151E2A2E6E3E91B7EA0F7FC4FD5ED00EF1C9669E8566393A02586
P0096,H1,HISTORICAL_WEATHER,1,0,0,0,1B897DDDD4C151E2A2E6E3E91B7EA0F7FC4FD5ED00EF1C9669E8566393A02586
P0097,H1,HISTORICAL_WEATHER,1,0,0,0,CC8CD41CEF907C4D216069122C4B89936211361F9050A717A1E37AD1862E952F
P0098,H1,HISTORICAL_WEATHER,1,0,0,0,CC8CD41CEF907C4D216069122C4B89936211361F9050A717A1E37AD1862E952F
P0099,H1,HISTORICAL_WEATHER,1,0,0,0,CC8CD41CEF907C4D216069122C4B89936211361F9050A717A1E37AD1862E952F
P0100,H1,HISTORICAL_WEATHER,1,0,0,0,CC8CD41CEF907C4D216069122C4B89936211361F9050A717A1E37AD1862E952F
P0101,H1,HISTORICAL_WEATHER,1,0,0,0,CC8CD41CEF907C4D216069122C4B89936211361F9050A717A1E37AD1862E952F
P0102,H1,HISTORICAL_WEATHER,1,0,0,0,CC8CD41CEF907C4D216069122C4B89936211361F9050A717A1E37AD1862E952F
P0103,H1,HISTORICAL_WEATHER,1,0,0,0,CC8CD41CEF907C4D216069122C4B89936211361F9050A717A1E37AD1862E952F
P0104,H1,HISTORICAL_WEATHER,1,0,0,0,CC8CD41CEF907C4D216069122C4B89936211361F9050A717A1E37AD1862E952F
P0105,H1,HISTORICAL_WEATHER,1,0,0,0,CC8CD41CEF907C4D216069122C4B89936211361F9050A717A1E37AD1862E952F
P0106,H1,HISTORICAL_WEATHER,1,0,0,0,CC8CD41CEF907C4D216069122C4B89936211361F9050A717A1E37AD1862E952F
P0107,H1,HISTORICAL_WEATHER,1,0,0,0,CC8CD41CEF907C4D216069122C4B89936211361F9050A717A1E37AD1862E952F
P0108,H1,HISTORICAL_WEATHER,1,0,0,0,4B0EBEA5AFB86AFBADF12EEDC5C56E680F4946E61EFE94AD358B6FF89EA5FEC7
P0109,H1,HISTORICAL_WEATHER,1,0,0,0,4CBBD8CA5215B8D161AEC181A74B694F4E24B001D5B081DC0030ED797A8973E0
P0110,H1,HISTORICAL_WEATHER,1,0,0,0,4CBBD8CA5215B8D161AEC181A74B694F4E24B001D5B081DC0030ED797A8973E0
P0111,H1,HISTORICAL_WEATHER,1,0,0,0,3B0E4842B28D6B39EC725A6459FB943F5F1D658F4D0EE991004DD50F2C182F31
P0112,H1,HISTORICAL_WEATHER,1,0,0,0,4CBBD8CA5215B8D161AEC181A74B694F4E24B001D5B081DC0030ED797A8973E0
P0113,H1,HISTORICAL_WEATHER,1,0,0,0,1B897DDDD4C151E2A2E6E3E91B7EA0F7FC4FD5ED00EF1C9669E8566393A02586
P0114,H1,HISTORICAL_WEATHER,1,0,0,0,4CBBD8CA5215B8D161AEC181A74B694F4E24B001D5B081DC0030ED797A8973E0
P0115,H1,HISTORICAL_WEATHER,1,0,0,0,3B0E4842B28D6B39EC725A6459FB943F5F1D658F4D0EE991004DD50F2C182F31
P0116,H1,HISTORICAL_WEATHER,1,0,0,0,4CBBD8CA5215B8D161AEC181A74B694F4E24B001D5B081DC0030ED797A8973E0
P0117,H1,HISTORICAL_WEATHER,1,0,0,0,CC8CD41CEF907C4D216069122C4B89936211361F9050A717A1E37AD1862E952F
P0118,H1,HISTORICAL_WEATHER,1,0,0,0,4CBBD8CA5215B8D161AEC181A74B694F4E24B001D5B081DC0030ED797A8973E0
P0119,H1,HISTORICAL_WEATHER,1,0,0,0,4CBBD8CA5215B8D161AEC181A74B694F4E24B001D5B081DC0030ED797A8973E0
P0120,H1,HISTORICAL_WEATHER,1,0,0,0,CC8CD41CEF907C4D216069122C4B89936211361F9050A717A1E37AD1862E952F
P0121,H1,HISTORICAL_WEATHER,1,0,0,0,4CBBD8CA5215B8D161AEC181A74B694F4E24B001D5B081DC0030ED797A8973E0
P0122,H1,HISTORICAL_WEATHER,1,0,0,0,CC8CD41CEF907C4D216069122C4B89936211361F9050A717A1E37AD1862E952F
P0123,H1,HISTORICAL_WEATHER,1,0,0,0,CC8CD41CEF907C4D216069122C4B89936211361F9050A717A1E37AD1862E952F
P0124,H1,HISTORICAL_WEATHER,1,0,0,0,CC8CD41CEF907C4D216069122C4B89936211361F9050A717A1E37AD1862E952F
P0125,H1,HISTORICAL_WEATHER,1,0,0,0,CC8CD41CEF907C4D216069122C4B89936211361F9050A717A1E37AD1862E952F
P0126,H1,HISTORICAL_WEATHER,1,0,0,0,CC8CD41CEF907C4D216069122C4B89936211361F9050A717A1E37AD1862E952F
P0127,H1,HISTORICAL_WEATHER,1,0,0,0,CC8CD41CEF907C4D216069122C4B89936211361F9050A717A1E37AD1862E952F
P0128,H1,HISTORICAL_WEATHER,1,0,0,0,CC8CD41CEF907C4D216069122C4B89936211361F9050A717A1E37AD1862E952F
P0129,H1,HISTORICAL_WEATHER,1,0,0,0,CC8CD41CEF907C4D216069122C4B89936211361F9050A717A1E37AD1862E952F
P0130,H1,HISTORICAL_WEATHER,1,0,0,0,CC8CD41CEF907C4D216069122C4B89936211361F9050A717A1E37AD1862E952F
P0131,H1,HISTORICAL_WEATHER,1,0,0,0,3B0E4842B28D6B39EC725A6459FB943F5F1D658F4D0EE991004DD50F2C182F31
P0132,H1,HISTORICAL_WEATHER,1,0,0,0,4CBBD8CA5215B8D161AEC181A74B694F4E24B001D5B081DC0030ED797A8973E0
P0133,H1,HISTORICAL_WEATHER,1,0,0,0,CC8CD41CEF907C4D216069122C4B89936211361F9050A717A1E37AD1862E952F
P0134,H1,HISTORICAL_WEATHER,1,0,0,0,CC8CD41CEF907C4D216069122C4B89936211361F9050A717A1E37AD1862E952F
P0135,H1,HISTORICAL_WEATHER,1,0,0,0,3B0E4842B28D6B39EC725A6459FB943F5F1D658F4D0EE991004DD50F2C182F31
P0136,H1,HISTORICAL_WEATHER,1,0,0,0,4CBBD8CA5215B8D161AEC181A74B694F4E24B001D5B081DC0030ED797A8973E0
P0137,H1,HISTORICAL_WEATHER,1,0,0,0,4CBBD8CA5215B8D161AEC181A74B694F4E24B001D5B081DC0030ED797A8973E0
P0138,H1,HISTORICAL_WEATHER,1,0,0,0,4CBBD8CA5215B8D161AEC181A74B694F4E24B001D5B081DC0030ED797A8973E0
P0139,H1,HISTORICAL_WEATHER,1,0,0,0,4CBBD8CA5215B8D161AEC181A74B694F4E24B001D5B081DC0030ED797A8973E0
P0140,H1,HISTORICAL_WEATHER,1,13,45,40,CC8CD41CEF907C4D216069122C4B89936211361F9050A717A1E37AD1862E952F
P0141,H1,HISTORICAL_WEATHER,1,0,0,0,CC8CD41CEF907C4D216069122C4B89936211361F9050A717A1E37AD1862E952F
P0142,H1,HISTORICAL_WEATHER,1,0,0,0,3B0E4842B28D6B39EC725A6459FB943F5F1D658F4D0EE991004DD50F2C182F31
P0143,H1,HISTORICAL_WEATHER,1,0,0,0,CC8CD41CEF907C4D216069122C4B89936211361F9050A717A1E37AD1862E952F
P0144,H1,HISTORICAL_WEATHER,1,0,0,0,4CBBD8CA5215B8D161AEC181A74B694F4E24B001D5B081DC0030ED797A8973E0
P0145,H1,HISTORICAL_WEATHER,1,0,0,0,4CBBD8CA5215B8D161AEC181A74B694F4E24B001D5B081DC0030ED797A8973E0
P0146,H1,HISTORICAL_WEATHER,1,0,0,0,1B897DDDD4C151E2A2E6E3E91B7EA0F7FC4FD5ED00EF1C9669E8566393A02586
P0147,H1,HISTORICAL_WEATHER,1,0,0,0,4CBBD8CA5215B8D161AEC181A74B694F4E24B001D5B081DC0030ED797A8973E0
P0148,H1,HISTORICAL_WEATHER,1,0,0,0,4CBBD8CA5215B8D161AEC181A74B694F4E24B001D5B081DC0030ED797A8973E0
P0149,H1,HISTORICAL_WEATHER,1,0,0,0,CC8CD41CEF907C4D216069122C4B89936211361F9050A717A1E37AD1862E952F
P0150,H1,HISTORICAL_WEATHER,1,0,0,0,CC8CD41CEF907C4D216069122C4B89936211361F9050A717A1E37AD1862E952F
P0151,H1,HISTORICAL_WEATHER,1,0,0,0,CC8CD41CEF907C4D216069122C4B89936211361F9050A717A1E37AD1862E952F
P0152,H1,HISTORICAL_WEATHER,1,0,0,0,3B0E4842B28D6B39EC725A6459FB943F5F1D658F4D0EE991004DD50F2C182F31
P0153,H1,HISTORICAL_WEATHER,1,0,0,0,3B0E4842B28D6B39EC725A6459FB943F5F1D658F4D0EE991004DD50F2C182F31
P0154,H1,HISTORICAL_WEATHER,1,0,0,0,CC8CD41CEF907C4D216069122C4B89936211361F9050A717A1E37AD1862E952F
P0155,H1,HISTORICAL_WEATHER,1,0,0,0,CC8CD41CEF907C4D216069122C4B89936211361F9050A717A1E37AD1862E952F
P0156,H1,HISTORICAL_WEATHER,1,0,0,0,3B0E4842B28D6B39EC725A6459FB943F5F1D658F4D0EE991004DD50F2C182F31
P0157,H1,HISTORICAL_WEATHER,1,0,0,0,3B0E4842B28D6B39EC725A6459FB943F5F1D658F4D0EE991004DD50F2C182F31
P0158,H1,HISTORICAL_WEATHER,1,0,0,0,3B0E4842B28D6B39EC725A6459FB943F5F1D658F4D0EE991004DD50F2C182F31
P0159,H1,HISTORICAL_WEATHER,1,0,0,0,1B897DDDD4C151E2A2E6E3E91B7EA0F7FC4FD5ED00EF1C9669E8566393A02586
P0160,H1,HISTORICAL_WEATHER,1,0,0,0,3B0E4842B28D6B39EC725A6459FB943F5F1D658F4D0EE991004DD50F2C182F31
P0161,H1,HISTORICAL_WEATHER,1,0,0,0,4CBBD8CA5215B8D161AEC181A74B694F4E24B001D5B081DC0030ED797A8973E0
P0162,H1,HISTORICAL_WEATHER,1,0,0,0,CC8CD41CEF907C4D216069122C4B89936211361F9050A717A1E37AD1862E952F
P0163,H1,HISTORICAL_WEATHER,1,0,0,0,CC8CD41CEF907C4D216069122C4B89936211361F9050A717A1E37AD1862E952F
P0164,H1,HISTORICAL_WEATHER,1,0,0,0,4CBBD8CA5215B8D161AEC181A74B694F4E24B001D5B081DC0030ED797A8973E0
P0165,H1,HISTORICAL_WEATHER,1,0,0,0,CC8CD41CEF907C4D216069122C4B89936211361F9050A717A1E37AD1862E952F
P0166,H1,HISTORICAL_WEATHER,1,0,0,0,3B0E4842B28D6B39EC725A6459FB943F5F1D658F4D0EE991004DD50F2C182F31
P0167,H1,HISTORICAL_WEATHER,1,0,0,0,3B0E4842B28D6B39EC725A6459FB943F5F1D658F4D0EE991004DD50F2C182F31
P0168,H1,HISTORICAL_WEATHER,1,13,45,40,CC8CD41CEF907C4D216069122C4B89936211361F9050A717A1E37AD1862E952F
P0169,H1,HISTORICAL_WEATHER,1,0,0,0,3B0E4842B28D6B39EC725A6459FB943F5F1D658F4D0EE991004DD50F2C182F31
P0170,H1,HISTORICAL_WEATHER,1,0,0,0,3B0E4842B28D6B39EC725A6459FB943F5F1D658F4D0EE991004DD50F2C182F31
P0171,H1,HISTORICAL_WEATHER,1,0,0,0,4CBBD8CA5215B8D161AEC181A74B694F4E24B001D5B081DC0030ED797A8973E0
P0172,H1,HISTORICAL_WEATHER,1,0,0,0,1B897DDDD4C151E2A2E6E3E91B7EA0F7FC4FD5ED00EF1C9669E8566393A02586
P0173,H1,HISTORICAL_WEATHER,1,0,0,0,CC8CD41CEF907C4D216069122C4B89936211361F9050A717A1E37AD1862E952F
P0174,H1,HISTORICAL_WEATHER,1,0,0,0,CC8CD41CEF907C4D216069122C4B89936211361F9050A717A1E37AD1862E952F
P0175,H1,HISTORICAL_WEATHER,1,0,0,0,CC8CD41CEF907C4D216069122C4B89936211361F9050A717A1E37AD1862E952F
P0176,H1,HISTORICAL_WEATHER,1,0,0,0,CC8CD41CEF907C4D216069122C4B89936211361F9050A717A1E37AD1862E952F
P0177,H1,HISTORICAL_WEATHER,1,0,0,0,CC8CD41CEF907C4D216069122C4B89936211361F9050A717A1E37AD1862E952F
P0178,H1,HISTORICAL_WEATHER,1,0,0,0,CC8CD41CEF907C4D216069122C4B89936211361F9050A717A1E37AD1862E952F
P0179,H1,HISTORICAL_WEATHER,1,0,0,0,CC8CD41CEF907C4D216069122C4B89936211361F9050A717A1E37AD1862E952F
P0180,H1,HISTORICAL_WEATHER,1,0,0,0,CC8CD41CEF907C4D216069122C4B89936211361F9050A717A1E37AD1862E952F
P0181,H1,HISTORICAL_WEATHER,1,0,0,0,4B0EBEA5AFB86AFBADF12EEDC5C56E680F4946E61EFE94AD358B6FF89EA5FEC7
P0182,H1,HISTORICAL_WEATHER,1,0,0,0,4B0EBEA5AFB86AFBADF12EEDC5C56E680F4946E61EFE94AD358B6FF89EA5FEC7
P0183,H1,HISTORICAL_WEATHER,1,0,0,0,1B897DDDD4C151E2A2E6E3E91B7EA0F7FC4FD5ED00EF1C9669E8566393A02586
P0184,H1,HISTORICAL_WEATHER,1,0,0,0,CC8CD41CEF907C4D216069122C4B89936211361F9050A717A1E37AD1862E952F
P0185,H1,HISTORICAL_WEATHER,1,0,0,0,CC8CD41CEF907C4D216069122C4B89936211361F9050A717A1E37AD1862E952F
P0186,H1,HISTORICAL_WEATHER,1,0,0,0,1B897DDDD4C151E2A2E6E3E91B7EA0F7FC4FD5ED00EF1C9669E8566393A02586
P0187,H1,HISTORICAL_WEATHER,1,0,0,0,1B897DDDD4C151E2A2E6E3E91B7EA0F7FC4FD5ED00EF1C9669E8566393A02586
P0188,H1,HISTORICAL_WEATHER,1,0,0,0,CC8CD41CEF907C4D216069122C4B89936211361F9050A717A1E37AD1862E952F
P0189,H1,HISTORICAL_WEATHER,1,0,0,0,1B897DDDD4C151E2A2E6E3E91B7EA0F7FC4FD5ED00EF1C9669E8566393A02586
P0190,H1,HISTORICAL_WEATHER,1,0,0,0,1B897DDDD4C151E2A2E6E3E91B7EA0F7FC4FD5ED00EF1C9669E8566393A02586
P0191,H1,HISTORICAL_WEATHER,1,0,0,0,1B897DDDD4C151E2A2E6E3E91B7EA0F7FC4FD5ED00EF1C9669E8566393A02586
P0192,H1,HISTORICAL_WEATHER,1,0,0,0,1B897DDDD4C151E2A2E6E3E91B7EA0F7FC4FD5ED00EF1C9669E8566393A02586
P0193,H1,HISTORICAL_WEATHER,1,0,0,0,1B897DDDD4C151E2A2E6E3E91B7EA0F7FC4FD5ED00EF1C9669E8566393A02586
P0194,H1,HISTORICAL_WEATHER,1,0,0,0,1B897DDDD4C151E2A2E6E3E91B7EA0F7FC4FD5ED00EF1C9669E8566393A02586
P0195,H1,HISTORICAL_WEATHER,1,0,0,0,CC8CD41CEF907C4D216069122C4B89936211361F9050A717A1E37AD1862E952F
P0196,H1,HISTORICAL_WEATHER,1,0,0,0,CC8CD41CEF907C4D216069122C4B89936211361F9050A717A1E37AD1862E952F
P0197,H1,HISTORICAL_WEATHER,1,0,0,0,CC8CD41CEF907C4D216069122C4B89936211361F9050A717A1E37AD1862E952F
P0198,H1,HISTORICAL_WEATHER,1,13,45,40,CC8CD41CEF907C4D216069122C4B89936211361F9050A717A1E37AD1862E952F
P0199,H1,HISTORICAL_WEATHER,1,0,0,0,CC8CD41CEF907C4D216069122C4B89936211361F9050A717A1E37AD1862E952F
P0200,H1,HISTORICAL_WEATHER,1,0,0,0,1B897DDDD4C151E2A2E6E3E91B7EA0F7FC4FD5ED00EF1C9669E8566393A02586
P0201,H1,HISTORICAL_WEATHER,1,0,0,0,1B897DDDD4C151E2A2E6E3E91B7EA0F7FC4FD5ED00EF1C9669E8566393A02586
P0202,H1,HISTORICAL_WEATHER,1,0,0,0,1B897DDDD4C151E2A2E6E3E91B7EA0F7FC4FD5ED00EF1C9669E8566393A02586
P0203,H1,HISTORICAL_WEATHER,1,0,0,0,CC8CD41CEF907C4D216069122C4B89936211361F9050A717A1E37AD1862E952F
P0204,H1,HISTORICAL_WEATHER,1,0,0,0,CC8CD41CEF907C4D216069122C4B89936211361F9050A717A1E37AD1862E952F
P0205,H1,HISTORICAL_WEATHER,1,0,0,0,CC8CD41CEF907C4D216069122C4B89936211361F9050A717A1E37AD1862E952F
P0206,H1,HISTORICAL_WEATHER,1,0,0,0,CC8CD41CEF907C4D216069122C4B89936211361F9050A717A1E37AD1862E952F
P0207,H1,HISTORICAL_WEATHER,1,0,0,0,CC8CD41CEF907C4D216069122C4B89936211361F9050A717A1E37AD1862E952F
P0208,H1,HISTORICAL_WEATHER,1,0,0,0,CC8CD41CEF907C4D216069122C4B89936211361F9050A717A1E37AD1862E952F
P0209,H1,HISTORICAL_WEATHER,1,0,0,0,CC8CD41CEF907C4D216069122C4B89936211361F9050A717A1E37AD1862E952F
P0210,H1,HISTORICAL_WEATHER,1,0,0,0,CC8CD41CEF907C4D216069122C4B89936211361F9050A717A1E37AD1862E952F
P0211,H1,HISTORICAL_WEATHER,1,0,0,0,CC8CD41CEF907C4D216069122C4B89936211361F9050A717A1E37AD1862E952F
P0212,H1,HISTORICAL_WEATHER,1,0,0,0,CC8CD41CEF907C4D216069122C4B89936211361F9050A717A1E37AD1862E952F
P0213,H1,HISTORICAL_WEATHER,1,0,0,0,CC8CD41CEF907C4D216069122C4B89936211361F9050A717A1E37AD1862E952F
P0214,H1,HISTORICAL_WEATHER,1,0,0,0,1B897DDDD4C151E2A2E6E3E91B7EA0F7FC4FD5ED00EF1C9669E8566393A02586
P0215,H1,HISTORICAL_WEATHER,1,0,0,0,4CBBD8CA5215B8D161AEC181A74B694F4E24B001D5B081DC0030ED797A8973E0
P0216,H1,HISTORICAL_WEATHER,1,0,0,0,CC8CD41CEF907C4D216069122C4B89936211361F9050A717A1E37AD1862E952F
P0217,H1,HISTORICAL_WEATHER,1,0,0,0,CC8CD41CEF907C4D216069122C4B89936211361F9050A717A1E37AD1862E952F
P0218,H1,HISTORICAL_WEATHER,1,0,0,0,1B897DDDD4C151E2A2E6E3E91B7EA0F7FC4FD5ED00EF1C9669E8566393A02586
P0219,H1,HISTORICAL_WEATHER,1,0,0,0,CC8CD41CEF907C4D216069122C4B89936211361F9050A717A1E37AD1862E952F
P0220,H1,HISTORICAL_WEATHER,1,0,0,0,CC8CD41CEF907C4D216069122C4B89936211361F9050A717A1E37AD1862E952F
P0221,H1,HISTORICAL_WEATHER,1,0,0,0,CC8CD41CEF907C4D216069122C4B89936211361F9050A717A1E37AD1862E952F
P0222,H1,HISTORICAL_WEATHER,1,0,0,0,CC8CD41CEF907C4D216069122C4B89936211361F9050A717A1E37AD1862E952F
P0223,H1,HISTORICAL_WEATHER,1,0,0,0,CC8CD41CEF907C4D216069122C4B89936211361F9050A717A1E37AD1862E952F
P0224,H1,HISTORICAL_WEATHER,1,0,0,0,CC8CD41CEF907C4D216069122C4B89936211361F9050A717A1E37AD1862E952F
P0225,H1,HISTORICAL_WEATHER,1,0,0,0,CC8CD41CEF907C4D216069122C4B89936211361F9050A717A1E37AD1862E952F
P0226,H1,HISTORICAL_WEATHER,1,0,0,0,CC8CD41CEF907C4D216069122C4B89936211361F9050A717A1E37AD1862E952F
P0227,H1,HISTORICAL_WEATHER,1,0,0,0,CC8CD41CEF907C4D216069122C4B89936211361F9050A717A1E37AD1862E952F
P0228,H1,HISTORICAL_WEATHER,1,0,0,0,1B897DDDD4C151E2A2E6E3E91B7EA0F7FC4FD5ED00EF1C9669E8566393A02586
P0229,H1,HISTORICAL_WEATHER,1,13,45,40,CC8CD41CEF907C4D216069122C4B89936211361F9050A717A1E37AD1862E952F
P0230,H1,HISTORICAL_WEATHER,1,0,0,0,CC8CD41CEF907C4D216069122C4B89936211361F9050A717A1E37AD1862E952F
P0231,H1,HISTORICAL_WEATHER,1,0,0,0,1B897DDDD4C151E2A2E6E3E91B7EA0F7FC4FD5ED00EF1C9669E8566393A02586
P0232,H1,HISTORICAL_WEATHER,1,0,0,0,1B897DDDD4C151E2A2E6E3E91B7EA0F7FC4FD5ED00EF1C9669E8566393A02586
P0233,H1,HISTORICAL_WEATHER,1,0,0,0,1B897DDDD4C151E2A2E6E3E91B7EA0F7FC4FD5ED00EF1C9669E8566393A02586
P0234,H1,HISTORICAL_WEATHER,1,0,0,0,1B897DDDD4C151E2A2E6E3E91B7EA0F7FC4FD5ED00EF1C9669E8566393A02586
P0235,H1,HISTORICAL_WEATHER,1,0,0,0,CC8CD41CEF907C4D216069122C4B89936211361F9050A717A1E37AD1862E952F
P0236,H1,HISTORICAL_WEATHER,1,0,0,0,CC8CD41CEF907C4D216069122C4B89936211361F9050A717A1E37AD1862E952F
P0237,H1,HISTORICAL_WEATHER,1,0,0,0,CC8CD41CEF907C4D216069122C4B89936211361F9050A717A1E37AD1862E952F
P0238,H1,HISTORICAL_WEATHER,1,0,0,0,1B897DDDD4C151E2A2E6E3E91B7EA0F7FC4FD5ED00EF1C9669E8566393A02586
P0239,H1,HISTORICAL_WEATHER,1,0,0,0,4B0EBEA5AFB86AFBADF12EEDC5C56E680F4946E61EFE94AD358B6FF89EA5FEC7
P0240,H1,HISTORICAL_WEATHER,1,0,0,0,CC8CD41CEF907C4D216069122C4B89936211361F9050A717A1E37AD1862E952F
P0241,H1,HISTORICAL_WEATHER,1,0,0,0,1B897DDDD4C151E2A2E6E3E91B7EA0F7FC4FD5ED00EF1C9669E8566393A02586
P0242,H1,HISTORICAL_WEATHER,1,0,0,0,1B897DDDD4C151E2A2E6E3E91B7EA0F7FC4FD5ED00EF1C9669E8566393A02586
P0243,H1,HISTORICAL_WEATHER,1,0,0,0,CC8CD41CEF907C4D216069122C4B89936211361F9050A717A1E37AD1862E952F
P0244,H1,HISTORICAL_WEATHER,1,0,0,0,CC8CD41CEF907C4D216069122C4B89936211361F9050A717A1E37AD1862E952F
P0245,H1,HISTORICAL_WEATHER,1,0,0,0,CC8CD41CEF907C4D216069122C4B89936211361F9050A717A1E37AD1862E952F
P0246,H1,HISTORICAL_WEATHER,1,0,0,0,1B897DDDD4C151E2A2E6E3E91B7EA0F7FC4FD5ED00EF1C9669E8566393A02586
P0247,H1,HISTORICAL_WEATHER,1,0,0,0,CC8CD41CEF907C4D216069122C4B89936211361F9050A717A1E37AD1862E952F
P0248,H1,HISTORICAL_WEATHER,1,0,0,0,CC8CD41CEF907C4D216069122C4B89936211361F9050A717A1E37AD1862E952F
P0249,H1,HISTORICAL_WEATHER,1,0,0,0,CC8CD41CEF907C4D216069122C4B89936211361F9050A717A1E37AD1862E952F
P0250,H1,HISTORICAL_WEATHER,1,0,0,0,CC8CD41CEF907C4D216069122C4B89936211361F9050A717A1E37AD1862E952F
P0251,H1,HISTORICAL_WEATHER,1,0,0,0,CC8CD41CEF907C4D216069122C4B89936211361F9050A717A1E37AD1862E952F
P0252,H1,HISTORICAL_WEATHER,1,0,0,0,CC8CD41CEF907C4D216069122C4B89936211361F9050A717A1E37AD1862E952F
P0253,H1,HISTORICAL_WEATHER,1,0,0,0,CC8CD41CEF907C4D216069122C4B89936211361F9050A717A1E37AD1862E952F
P0254,H1,HISTORICAL_WEATHER,1,0,0,0,CC8CD41CEF907C4D216069122C4B89936211361F9050A717A1E37AD1862E952F
P0255,H1,HISTORICAL_WEATHER,1,0,0,0,CC8CD41CEF907C4D216069122C4B89936211361F9050A717A1E37AD1862E952F
P0256,H1,HISTORICAL_WEATHER,1,0,0,0,CC8CD41CEF907C4D216069122C4B89936211361F9050A717A1E37AD1862E952F
P0257,H1,HISTORICAL_WEATHER,1,0,0,0,CC8CD41CEF907C4D216069122C4B89936211361F9050A717A1E37AD1862E952F
P0258,H1,HISTORICAL_WEATHER,1,0,0,0,4B0EBEA5AFB86AFBADF12EEDC5C56E680F4946E61EFE94AD358B6FF89EA5FEC7
P0259,H1,HISTORICAL_WEATHER,1,0,0,0,4B0EBEA5AFB86AFBADF12EEDC5C56E680F4946E61EFE94AD358B6FF89EA5FEC7
P0260,H1,HISTORICAL_WEATHER,1,0,0,0,CC8CD41CEF907C4D216069122C4B89936211361F9050A717A1E37AD1862E952F
P0261,H1,HISTORICAL_WEATHER,1,13,45,40,CC8CD41CEF907C4D216069122C4B89936211361F9050A717A1E37AD1862E952F
P0262,H1,HISTORICAL_WEATHER,1,13,45,40,CC8CD41CEF907C4D216069122C4B89936211361F9050A717A1E37AD1862E952F
P0263,H1,HISTORICAL_WEATHER,1,0,0,0,CC8CD41CEF907C4D216069122C4B89936211361F9050A717A1E37AD1862E952F
P0264,H1,HISTORICAL_WEATHER,1,0,0,0,CC8CD41CEF907C4D216069122C4B89936211361F9050A717A1E37AD1862E952F
P0265,H1,HISTORICAL_WEATHER,1,0,0,0,CC8CD41CEF907C4D216069122C4B89936211361F9050A717A1E37AD1862E952F
P0266,H1,HISTORICAL_WEATHER,1,0,0,0,CC8CD41CEF907C4D216069122C4B89936211361F9050A717A1E37AD1862E952F
P0267,H1,HISTORICAL_WEATHER,1,0,0,0,1B897DDDD4C151E2A2E6E3E91B7EA0F7FC4FD5ED00EF1C9669E8566393A02586
P0268,H1,HISTORICAL_WEATHER,1,0,0,0,1B897DDDD4C151E2A2E6E3E91B7EA0F7FC4FD5ED00EF1C9669E8566393A02586
P0269,H1,HISTORICAL_WEATHER,1,0,0,0,1B897DDDD4C151E2A2E6E3E91B7EA0F7FC4FD5ED00EF1C9669E8566393A02586
P0270,H1,HISTORICAL_WEATHER,1,0,0,0,4B0EBEA5AFB86AFBADF12EEDC5C56E680F4946E61EFE94AD358B6FF89EA5FEC7
P0271,H1,HISTORICAL_WEATHER,1,0,0,0,CC8CD41CEF907C4D216069122C4B89936211361F9050A717A1E37AD1862E952F
P0272,H1,HISTORICAL_WEATHER,1,0,0,0,1B897DDDD4C151E2A2E6E3E91B7EA0F7FC4FD5ED00EF1C9669E8566393A02586
P0273,H1,HISTORICAL_WEATHER,1,0,0,0,4B0EBEA5AFB86AFBADF12EEDC5C56E680F4946E61EFE94AD358B6FF89EA5FEC7
P0274,H1,HISTORICAL_WEATHER,1,0,0,0,1B897DDDD4C151E2A2E6E3E91B7EA0F7FC4FD5ED00EF1C9669E8566393A02586
P0275,H1,HISTORICAL_WEATHER,1,0,0,0,CC8CD41CEF907C4D216069122C4B89936211361F9050A717A1E37AD1862E952F
P0276,H1,HISTORICAL_WEATHER,1,0,0,0,CC8CD41CEF907C4D216069122C4B89936211361F9050A717A1E37AD1862E952F
P0277,H1,HISTORICAL_WEATHER,1,0,0,0,CC8CD41CEF907C4D216069122C4B89936211361F9050A717A1E37AD1862E952F
P0278,H1,HISTORICAL_WEATHER,1,0,0,0,CC8CD41CEF907C4D216069122C4B89936211361F9050A717A1E37AD1862E952F
P0279,H1,HISTORICAL_WEATHER,1,0,0,0,CC8CD41CEF907C4D216069122C4B89936211361F9050A717A1E37AD1862E952F
P0280,H1,HISTORICAL_WEATHER,1,0,0,0,1B897DDDD4C151E2A2E6E3E91B7EA0F7FC4FD5ED00EF1C9669E8566393A02586
P0281,H1,HISTORICAL_WEATHER,1,0,0,0,1B897DDDD4C151E2A2E6E3E91B7EA0F7FC4FD5ED00EF1C9669E8566393A02586
P0282,H1,HISTORICAL_WEATHER,1,0,0,0,1B897DDDD4C151E2A2E6E3E91B7EA0F7FC4FD5ED00EF1C9669E8566393A02586
P0283,H1,HISTORICAL_WEATHER,1,0,0,0,CC8CD41CEF907C4D216069122C4B89936211361F9050A717A1E37AD1862E952F
P0284,H1,HISTORICAL_WEATHER,1,0,0,0,CC8CD41CEF907C4D216069122C4B89936211361F9050A717A1E37AD1862E952F
P0285,H1,HISTORICAL_WEATHER,1,0,0,0,CC8CD41CEF907C4D216069122C4B89936211361F9050A717A1E37AD1862E952F
P0286,H1,HISTORICAL_WEATHER,1,0,0,0,CC8CD41CEF907C4D216069122C4B89936211361F9050A717A1E37AD1862E952F
P0287,H1,HISTORICAL_WEATHER,1,0,0,0,CC8CD41CEF907C4D216069122C4B89936211361F9050A717A1E37AD1862E952F
P0288,H1,HISTORICAL_WEATHER,1,0,0,0,CC8CD41CEF907C4D216069122C4B89936211361F9050A717A1E37AD1862E952F
P0289,H1,HISTORICAL_WEATHER,1,0,0,0,CC8CD41CEF907C4D216069122C4B89936211361F9050A717A1E37AD1862E952F
P0290,H1,HISTORICAL_WEATHER,1,0,0,0,CC8CD41CEF907C4D216069122C4B89936211361F9050A717A1E37AD1862E952F
P0291,H1,HISTORICAL_WEATHER,1,0,0,0,CC8CD41CEF907C4D216069122C4B89936211361F9050A717A1E37AD1862E952F
P0292,H1,HISTORICAL_WEATHER,1,0,0,0,CC8CD41CEF907C4D216069122C4B89936211361F9050A717A1E37AD1862E952F
P0293,H1,HISTORICAL_WEATHER,1,0,0,0,CC8CD41CEF907C4D216069122C4B89936211361F9050A717A1E37AD1862E952F
P0294,H1,HISTORICAL_WEATHER,1,0,0,0,CC8CD41CEF907C4D216069122C4B89936211361F9050A717A1E37AD1862E952F
P0295,H1,HISTORICAL_WEATHER,1,0,0,0,CC8CD41CEF907C4D216069122C4B89936211361F9050A717A1E37AD1862E952F
P0296,H1,HISTORICAL_WEATHER,1,0,0,0,CC8CD41CEF907C4D216069122C4B89936211361F9050A717A1E37AD1862E952F
P0297,H1,HISTORICAL_WEATHER,1,0,0,0,CC8CD41CEF907C4D216069122C4B89936211361F9050A717A1E37AD1862E952F
P0298,H1,HISTORICAL_WEATHER,1,0,0,0,CC8CD41CEF907C4D216069122C4B89936211361F9050A717A1E37AD1862E952F
P0299,H1,HISTORICAL_WEATHER,1,0,0,0,CC8CD41CEF907C4D216069122C4B89936211361F9050A717A1E37AD1862E952F
P0300,H1,HISTORICAL_WEATHER,1,0,0,0,4B0EBEA5AFB86AFBADF12EEDC5C56E680F4946E61EFE94AD358B6FF89EA5FEC7
P0301,H1,HISTORICAL_WEATHER,1,0,0,0,CC8CD41CEF907C4D216069122C4B89936211361F9050A717A1E37AD1862E952F
P0302,H1,HISTORICAL_WEATHER,1,0,0,0,CC8CD41CEF907C4D216069122C4B89936211361F9050A717A1E37AD1862E952F
P0303,H1,HISTORICAL_WEATHER,1,0,0,0,CC8CD41CEF907C4D216069122C4B89936211361F9050A717A1E37AD1862E952F
P0304,H1,HISTORICAL_WEATHER,1,0,0,0,CC8CD41CEF907C4D216069122C4B89936211361F9050A717A1E37AD1862E952F
P0305,H1,HISTORICAL_WEATHER,1,0,0,0,4B0EBEA5AFB86AFBADF12EEDC5C56E680F4946E61EFE94AD358B6FF89EA5FEC7
P0306,H1,HISTORICAL_WEATHER,1,0,0,0,CC8CD41CEF907C4D216069122C4B89936211361F9050A717A1E37AD1862E952F
P0307,H1,HISTORICAL_WEATHER,1,0,0,0,CC8CD41CEF907C4D216069122C4B89936211361F9050A717A1E37AD1862E952F
P0308,H1,HISTORICAL_WEATHER,1,0,0,0,CC8CD41CEF907C4D216069122C4B89936211361F9050A717A1E37AD1862E952F
P0309,H1,HISTORICAL_WEATHER,1,0,0,0,CC8CD41CEF907C4D216069122C4B89936211361F9050A717A1E37AD1862E952F
P0310,H1,HISTORICAL_WEATHER,1,0,0,0,CC8CD41CEF907C4D216069122C4B89936211361F9050A717A1E37AD1862E952F
P0311,H1,HISTORICAL_WEATHER,1,0,0,0,1B897DDDD4C151E2A2E6E3E91B7EA0F7FC4FD5ED00EF1C9669E8566393A02586
P0312,H1,HISTORICAL_WEATHER,1,0,0,0,CC8CD41CEF907C4D216069122C4B89936211361F9050A717A1E37AD1862E952F
P0313,H1,HISTORICAL_WEATHER,1,0,0,0,1B897DDDD4C151E2A2E6E3E91B7EA0F7FC4FD5ED00EF1C9669E8566393A02586
P0314,H1,HISTORICAL_WEATHER,1,0,0,0,1B897DDDD4C151E2A2E6E3E91B7EA0F7FC4FD5ED00EF1C9669E8566393A02586
P0315,H1,HISTORICAL_WEATHER,1,0,0,0,1B897DDDD4C151E2A2E6E3E91B7EA0F7FC4FD5ED00EF1C9669E8566393A02586
P0316,H1,HISTORICAL_WEATHER,1,13,45,40,CC8CD41CEF907C4D216069122C4B89936211361F9050A717A1E37AD1862E952F
P0317,H1,HISTORICAL_WEATHER,1,0,0,0,CC8CD41CEF907C4D216069122C4B89936211361F9050A717A1E37AD1862E952F
P0318,H1,HISTORICAL_WEATHER,1,0,0,0,CC8CD41CEF907C4D216069122C4B89936211361F9050A717A1E37AD1862E952F
P0319,H1,HISTORICAL_WEATHER,1,0,0,0,CC8CD41CEF907C4D216069122C4B89936211361F9050A717A1E37AD1862E952F
P0320,H1,HISTORICAL_WEATHER,1,0,0,0,1B897DDDD4C151E2A2E6E3E91B7EA0F7FC4FD5ED00EF1C9669E8566393A02586
P0321,H1,HISTORICAL_WEATHER,1,0,0,0,CC8CD41CEF907C4D216069122C4B89936211361F9050A717A1E37AD1862E952F
P0322,H1,HISTORICAL_WEATHER,1,0,0,0,CC8CD41CEF907C4D216069122C4B89936211361F9050A717A1E37AD1862E952F
P0323,H1,HISTORICAL_WEATHER,1,0,0,0,CC8CD41CEF907C4D216069122C4B89936211361F9050A717A1E37AD1862E952F
P0324,H1,HISTORICAL_WEATHER,1,0,0,0,CC8CD41CEF907C4D216069122C4B89936211361F9050A717A1E37AD1862E952F
P0325,H1,HISTORICAL_WEATHER,1,0,0,0,CC8CD41CEF907C4D216069122C4B89936211361F9050A717A1E37AD1862E952F
P0326,H1,HISTORICAL_WEATHER,1,0,0,0,CC8CD41CEF907C4D216069122C4B89936211361F9050A717A1E37AD1862E952F
P0327,H1,HISTORICAL_WEATHER,1,0,0,0,CC8CD41CEF907C4D216069122C4B89936211361F9050A717A1E37AD1862E952F
P0328,H1,HISTORICAL_WEATHER,1,0,0,0,0EF6657F1EF3D57D3039B838837EE670569C55FAEC16004B220C894540BCD97D
P0329,H1,HISTORICAL_WEATHER,1,0,0,0,0EF6657F1EF3D57D3039B838837EE670569C55FAEC16004B220C894540BCD97D
P0330,H1,HISTORICAL_WEATHER,1,0,0,0,0EF6657F1EF3D57D3039B838837EE670569C55FAEC16004B220C894540BCD97D
P0331,H1,HISTORICAL_WEATHER,1,0,0,0,0EF6657F1EF3D57D3039B838837EE670569C55FAEC16004B220C894540BCD97D
P0332,H1,HISTORICAL_WEATHER,1,0,0,0,0EF6657F1EF3D57D3039B838837EE670569C55FAEC16004B220C894540BCD97D
P0333,H1,HISTORICAL_WEATHER,1,0,0,0,0EF6657F1EF3D57D3039B838837EE670569C55FAEC16004B220C894540BCD97D
P0334,H1,HISTORICAL_WEATHER,1,0,0,0,0EF6657F1EF3D57D3039B838837EE670569C55FAEC16004B220C894540BCD97D
P0335,H1,HISTORICAL_WEATHER,1,0,0,0,0EF6657F1EF3D57D3039B838837EE670569C55FAEC16004B220C894540BCD97D
P0336,H1,HISTORICAL_WEATHER,1,0,0,0,0EF6657F1EF3D57D3039B838837EE670569C55FAEC16004B220C894540BCD97D
P0337,H1,HISTORICAL_WEATHER,1,0,0,0,0EF6657F1EF3D57D3039B838837EE670569C55FAEC16004B220C894540BCD97D
P0338,H1,HISTORICAL_WEATHER,1,13,45,40,CC8CD41CEF907C4D216069122C4B89936211361F9050A717A1E37AD1862E952F
P0339,H1,HISTORICAL_WEATHER,1,0,0,0,A020B7F8043620B11605E4B25E35803538E4679D5F7A9E6AE90300BF28791989
P0340,H1,HISTORICAL_WEATHER,1,0,0,0,A020B7F8043620B11605E4B25E35803538E4679D5F7A9E6AE90300BF28791989
P0341,H1,HISTORICAL_WEATHER,1,0,0,0,0EF6657F1EF3D57D3039B838837EE670569C55FAEC16004B220C894540BCD97D
P0342,H1,HISTORICAL_WEATHER,1,0,0,0,0EF6657F1EF3D57D3039B838837EE670569C55FAEC16004B220C894540BCD97D
P0343,H1,HISTORICAL_WEATHER,1,0,0,0,0EF6657F1EF3D57D3039B838837EE670569C55FAEC16004B220C894540BCD97D
P0344,H1,HISTORICAL_WEATHER,1,13,45,40,CC8CD41CEF907C4D216069122C4B89936211361F9050A717A1E37AD1862E952F
P0345,H1,HISTORICAL_WEATHER,1,0,0,0,A020B7F8043620B11605E4B25E35803538E4679D5F7A9E6AE90300BF28791989
P0346,H1,HISTORICAL_WEATHER,1,0,0,0,A020B7F8043620B11605E4B25E35803538E4679D5F7A9E6AE90300BF28791989
P0347,H1,HISTORICAL_WEATHER,1,0,0,0,0EF6657F1EF3D57D3039B838837EE670569C55FAEC16004B220C894540BCD97D
P0348,H1,HISTORICAL_WEATHER,1,0,0,0,4CBBD8CA5215B8D161AEC181A74B694F4E24B001D5B081DC0030ED797A8973E0
P0349,H1,HISTORICAL_WEATHER,1,0,0,0,0EF6657F1EF3D57D3039B838837EE670569C55FAEC16004B220C894540BCD97D
P0350,H1,HISTORICAL_WEATHER,1,13,45,40,CC8CD41CEF907C4D216069122C4B89936211361F9050A717A1E37AD1862E952F
P0351,H1,HISTORICAL_WEATHER,1,13,45,40,CC8CD41CEF907C4D216069122C4B89936211361F9050A717A1E37AD1862E952F
P0352,H1,HISTORICAL_WEATHER,1,0,0,0,0EF6657F1EF3D57D3039B838837EE670569C55FAEC16004B220C894540BCD97D
P0353,H1,HISTORICAL_WEATHER,1,13,45,40,CC8CD41CEF907C4D216069122C4B89936211361F9050A717A1E37AD1862E952F
P0354,H1,HISTORICAL_WEATHER,1,0,0,0,4CBBD8CA5215B8D161AEC181A74B694F4E24B001D5B081DC0030ED797A8973E0
P0355,H1,HISTORICAL_WEATHER,1,0,0,0,0EF6657F1EF3D57D3039B838837EE670569C55FAEC16004B220C894540BCD97D
P0356,H1,HISTORICAL_WEATHER,1,0,0,0,0EF6657F1EF3D57D3039B838837EE670569C55FAEC16004B220C894540BCD97D
P0357,H1,HISTORICAL_WEATHER,1,0,0,0,0EF6657F1EF3D57D3039B838837EE670569C55FAEC16004B220C894540BCD97D
P0358,H1,HISTORICAL_WEATHER,1,0,0,0,0EF6657F1EF3D57D3039B838837EE670569C55FAEC16004B220C894540BCD97D
P0359,H1,HISTORICAL_WEATHER,1,0,0,0,0EF6657F1EF3D57D3039B838837EE670569C55FAEC16004B220C894540BCD97D
P0360,H1,HISTORICAL_WEATHER,1,0,0,0,0EF6657F1EF3D57D3039B838837EE670569C55FAEC16004B220C894540BCD97D
P0361,H1,HISTORICAL_WEATHER,1,0,0,0,0EF6657F1EF3D57D3039B838837EE670569C55FAEC16004B220C894540BCD97D
P0362,H1,HISTORICAL_WEATHER,1,0,0,0,0EF6657F1EF3D57D3039B838837EE670569C55FAEC16004B220C894540BCD97D
P0363,H1,HISTORICAL_WEATHER,1,0,0,0,0EF6657F1EF3D57D3039B838837EE670569C55FAEC16004B220C894540BCD97D
P0364,H1,HISTORICAL_WEATHER,1,0,0,0,0EF6657F1EF3D57D3039B838837EE670569C55FAEC16004B220C894540BCD97D
P0365,H1,HISTORICAL_WEATHER,1,0,0,0,0EF6657F1EF3D57D3039B838837EE670569C55FAEC16004B220C894540BCD97D
P0366,H1,HISTORICAL_WEATHER,1,0,0,0,0EF6657F1EF3D57D3039B838837EE670569C55FAEC16004B220C894540BCD97D
P0367,H1,HISTORICAL_WEATHER,1,0,0,0,0EF6657F1EF3D57D3039B838837EE670569C55FAEC16004B220C894540BCD97D
P0368,H1,HISTORICAL_WEATHER,1,0,0,0,0EF6657F1EF3D57D3039B838837EE670569C55FAEC16004B220C894540BCD97D
P0369,H1,HISTORICAL_WEATHER,1,0,0,0,0EF6657F1EF3D57D3039B838837EE670569C55FAEC16004B220C894540BCD97D
P0370,H1,HISTORICAL_WEATHER,1,0,0,0,0EF6657F1EF3D57D3039B838837EE670569C55FAEC16004B220C894540BCD97D
P0371,H1,HISTORICAL_WEATHER,1,0,0,0,1B897DDDD4C151E2A2E6E3E91B7EA0F7FC4FD5ED00EF1C9669E8566393A02586
P0372,H1,HISTORICAL_WEATHER,1,0,0,0,1B897DDDD4C151E2A2E6E3E91B7EA0F7FC4FD5ED00EF1C9669E8566393A02586
P0373,H1,HISTORICAL_WEATHER,1,0,0,0,4CBBD8CA5215B8D161AEC181A74B694F4E24B001D5B081DC0030ED797A8973E0
P0374,H1,HISTORICAL_WEATHER,1,0,0,0,0EF6657F1EF3D57D3039B838837EE670569C55FAEC16004B220C894540BCD97D
P0375,H1,HISTORICAL_WEATHER,1,0,0,0,0EF6657F1EF3D57D3039B838837EE670569C55FAEC16004B220C894540BCD97D
P0376,H1,HISTORICAL_WEATHER,1,0,0,0,1B897DDDD4C151E2A2E6E3E91B7EA0F7FC4FD5ED00EF1C9669E8566393A02586
P0377,H1,HISTORICAL_WEATHER,1,13,45,40,CC8CD41CEF907C4D216069122C4B89936211361F9050A717A1E37AD1862E952F
P0378,H1,HISTORICAL_WEATHER,1,0,0,0,4CBBD8CA5215B8D161AEC181A74B694F4E24B001D5B081DC0030ED797A8973E0
P0379,H1,HISTORICAL_WEATHER,1,0,0,0,0EF6657F1EF3D57D3039B838837EE670569C55FAEC16004B220C894540BCD97D
P0380,H1,HISTORICAL_WEATHER,1,0,0,0,0EF6657F1EF3D57D3039B838837EE670569C55FAEC16004B220C894540BCD97D
P0381,H1,HISTORICAL_WEATHER,1,0,0,0,A2AE27368CB8E5358848B174FE9B8BF042D393E0B54D4463130C40AED4CA569B
P0382,H1,HISTORICAL_WEATHER,1,0,0,0,A2AE27368CB8E5358848B174FE9B8BF042D393E0B54D4463130C40AED4CA569B
P0383,H1,HISTORICAL_WEATHER,1,0,0,0,A2AE27368CB8E5358848B174FE9B8BF042D393E0B54D4463130C40AED4CA569B
P0384,H1,HISTORICAL_WEATHER,1,13,45,40,CC8CD41CEF907C4D216069122C4B89936211361F9050A717A1E37AD1862E952F
P0385,H1,HISTORICAL_WEATHER,1,0,0,0,4CBBD8CA5215B8D161AEC181A74B694F4E24B001D5B081DC0030ED797A8973E0
P0386,H1,HISTORICAL_WEATHER,1,0,0,0,1B897DDDD4C151E2A2E6E3E91B7EA0F7FC4FD5ED00EF1C9669E8566393A02586
P0387,H1,HISTORICAL_WEATHER,1,13,45,40,CC8CD41CEF907C4D216069122C4B89936211361F9050A717A1E37AD1862E952F
P0388,H1,HISTORICAL_WEATHER,1,0,0,0,4CBBD8CA5215B8D161AEC181A74B694F4E24B001D5B081DC0030ED797A8973E0
P0389,H1,HISTORICAL_WEATHER,1,0,0,0,A020B7F8043620B11605E4B25E35803538E4679D5F7A9E6AE90300BF28791989
P0390,H1,HISTORICAL_WEATHER,1,13,45,40,CC8CD41CEF907C4D216069122C4B89936211361F9050A717A1E37AD1862E952F
P0391,H1,HISTORICAL_WEATHER,1,0,0,0,A2AE27368CB8E5358848B174FE9B8BF042D393E0B54D4463130C40AED4CA569B
P0392,H1,HISTORICAL_WEATHER,1,0,0,0,A2AE27368CB8E5358848B174FE9B8BF042D393E0B54D4463130C40AED4CA569B
P0393,H1,HISTORICAL_WEATHER,1,0,0,0,1B897DDDD4C151E2A2E6E3E91B7EA0F7FC4FD5ED00EF1C9669E8566393A02586
P0394,H1,HISTORICAL_WEATHER,1,0,0,0,CC8CD41CEF907C4D216069122C4B89936211361F9050A717A1E37AD1862E952F
P0395,H1,HISTORICAL_WEATHER,1,0,0,0,4CBBD8CA5215B8D161AEC181A74B694F4E24B001D5B081DC0030ED797A8973E0
P0396,H1,HISTORICAL_WEATHER,1,0,0,0,CC8CD41CEF907C4D216069122C4B89936211361F9050A717A1E37AD1862E952F
P0397,H1,HISTORICAL_WEATHER,1,0,0,0,CC8CD41CEF907C4D216069122C4B89936211361F9050A717A1E37AD1862E952F
P0398,H1,HISTORICAL_WEATHER,1,0,0,0,0EF6657F1EF3D57D3039B838837EE670569C55FAEC16004B220C894540BCD97D
P0399,H1,HISTORICAL_WEATHER,1,0,0,0,CC8CD41CEF907C4D216069122C4B89936211361F9050A717A1E37AD1862E952F
P0400,H1,HISTORICAL_WEATHER,1,0,0,0,4CBBD8CA5215B8D161AEC181A74B694F4E24B001D5B081DC0030ED797A8973E0
P0401,H1,HISTORICAL_WEATHER,1,0,0,0,4B0EBEA5AFB86AFBADF12EEDC5C56E680F4946E61EFE94AD358B6FF89EA5FEC7
P0402,H1,HISTORICAL_WEATHER,1,0,0,0,1B897DDDD4C151E2A2E6E3E91B7EA0F7FC4FD5ED00EF1C9669E8566393A02586
P0403,H1,HISTORICAL_WEATHER,1,0,0,0,CC8CD41CEF907C4D216069122C4B89936211361F9050A717A1E37AD1862E952F
P0404,H1,HISTORICAL_WEATHER,1,0,0,0,A020B7F8043620B11605E4B25E35803538E4679D5F7A9E6AE90300BF28791989
P0405,H1,HISTORICAL_WEATHER,1,0,0,0,4CBBD8CA5215B8D161AEC181A74B694F4E24B001D5B081DC0030ED797A8973E0
P0406,H1,HISTORICAL_WEATHER,1,0,0,0,CC8CD41CEF907C4D216069122C4B89936211361F9050A717A1E37AD1862E952F
P0407,H1,HISTORICAL_WEATHER,1,0,0,0,CC8CD41CEF907C4D216069122C4B89936211361F9050A717A1E37AD1862E952F
P0408,H1,HISTORICAL_WEATHER,1,0,0,0,4CBBD8CA5215B8D161AEC181A74B694F4E24B001D5B081DC0030ED797A8973E0
P0409,H1,HISTORICAL_WEATHER,1,0,0,0,4B0EBEA5AFB86AFBADF12EEDC5C56E680F4946E61EFE94AD358B6FF89EA5FEC7
P0410,H1,HISTORICAL_WEATHER,1,0,0,0,4B0EBEA5AFB86AFBADF12EEDC5C56E680F4946E61EFE94AD358B6FF89EA5FEC7
P0411,H1,HISTORICAL_WEATHER,1,0,0,0,A2AE27368CB8E5358848B174FE9B8BF042D393E0B54D4463130C40AED4CA569B
P0412,H1,HISTORICAL_WEATHER,1,0,0,0,4B0EBEA5AFB86AFBADF12EEDC5C56E680F4946E61EFE94AD358B6FF89EA5FEC7
P0413,H1,HISTORICAL_WEATHER,1,0,0,0,CC8CD41CEF907C4D216069122C4B89936211361F9050A717A1E37AD1862E952F
P0414,H1,HISTORICAL_WEATHER,1,0,0,0,4CBBD8CA5215B8D161AEC181A74B694F4E24B001D5B081DC0030ED797A8973E0
P0415,H1,HISTORICAL_WEATHER,1,0,0,0,4CBBD8CA5215B8D161AEC181A74B694F4E24B001D5B081DC0030ED797A8973E0
P0416,H1,HISTORICAL_WEATHER,1,0,0,0,A2AE27368CB8E5358848B174FE9B8BF042D393E0B54D4463130C40AED4CA569B
P0417,H1,HISTORICAL_WEATHER,1,0,0,0,CC8CD41CEF907C4D216069122C4B89936211361F9050A717A1E37AD1862E952F
P0418,H1,HISTORICAL_WEATHER,1,0,0,0,4CBBD8CA5215B8D161AEC181A74B694F4E24B001D5B081DC0030ED797A8973E0
P0419,H1,HISTORICAL_WEATHER,1,0,0,0,CC8CD41CEF907C4D216069122C4B89936211361F9050A717A1E37AD1862E952F
P0420,H1,HISTORICAL_WEATHER,1,0,0,0,CC8CD41CEF907C4D216069122C4B89936211361F9050A717A1E37AD1862E952F
P0421,H1,HISTORICAL_WEATHER,1,0,0,0,CC8CD41CEF907C4D216069122C4B89936211361F9050A717A1E37AD1862E952F
P0422,H1,HISTORICAL_WEATHER,1,0,0,0,0EF6657F1EF3D57D3039B838837EE670569C55FAEC16004B220C894540BCD97D
P0423,H1,HISTORICAL_WEATHER,1,0,0,0,0EF6657F1EF3D57D3039B838837EE670569C55FAEC16004B220C894540BCD97D
P0424,H1,HISTORICAL_WEATHER,1,0,0,0,CC8CD41CEF907C4D216069122C4B89936211361F9050A717A1E37AD1862E952F
P0425,H1,HISTORICAL_WEATHER,1,0,0,0,4CBBD8CA5215B8D161AEC181A74B694F4E24B001D5B081DC0030ED797A8973E0
P0426,H1,HISTORICAL_WEATHER,1,0,0,0,4CBBD8CA5215B8D161AEC181A74B694F4E24B001D5B081DC0030ED797A8973E0
P0427,H1,HISTORICAL_WEATHER,1,0,0,0,A020B7F8043620B11605E4B25E35803538E4679D5F7A9E6AE90300BF28791989
P0428,H1,HISTORICAL_WEATHER,1,0,0,0,CC8CD41CEF907C4D216069122C4B89936211361F9050A717A1E37AD1862E952F
P0429,H1,HISTORICAL_WEATHER,1,0,0,0,4CBBD8CA5215B8D161AEC181A74B694F4E24B001D5B081DC0030ED797A8973E0
P0430,H1,HISTORICAL_WEATHER,1,0,0,0,1B897DDDD4C151E2A2E6E3E91B7EA0F7FC4FD5ED00EF1C9669E8566393A02586
P0431,H1,HISTORICAL_WEATHER,1,0,0,0,4CBBD8CA5215B8D161AEC181A74B694F4E24B001D5B081DC0030ED797A8973E0
P0432,H1,HISTORICAL_WEATHER,1,0,0,0,4CBBD8CA5215B8D161AEC181A74B694F4E24B001D5B081DC0030ED797A8973E0
P0433,H1,HISTORICAL_WEATHER,1,0,0,0,CC8CD41CEF907C4D216069122C4B89936211361F9050A717A1E37AD1862E952F
P0434,H1,HISTORICAL_WEATHER,1,0,0,0,4CBBD8CA5215B8D161AEC181A74B694F4E24B001D5B081DC0030ED797A8973E0
P0435,H1,HISTORICAL_WEATHER,1,0,0,0,4B0EBEA5AFB86AFBADF12EEDC5C56E680F4946E61EFE94AD358B6FF89EA5FEC7
P0436,H1,HISTORICAL_WEATHER,1,0,0,0,4CBBD8CA5215B8D161AEC181A74B694F4E24B001D5B081DC0030ED797A8973E0
P0437,H1,HISTORICAL_WEATHER,1,0,0,0,CC8CD41CEF907C4D216069122C4B89936211361F9050A717A1E37AD1862E952F
P0438,H1,HISTORICAL_WEATHER,1,0,0,0,0EF6657F1EF3D57D3039B838837EE670569C55FAEC16004B220C894540BCD97D
P0439,H1,HISTORICAL_WEATHER,1,0,0,0,CC8CD41CEF907C4D216069122C4B89936211361F9050A717A1E37AD1862E952F
P0440,H1,HISTORICAL_WEATHER,1,0,0,0,A020B7F8043620B11605E4B25E35803538E4679D5F7A9E6AE90300BF28791989
P0441,H1,HISTORICAL_WEATHER,1,0,0,0,CC8CD41CEF907C4D216069122C4B89936211361F9050A717A1E37AD1862E952F
P0442,H1,HISTORICAL_WEATHER,1,0,0,0,4B0EBEA5AFB86AFBADF12EEDC5C56E680F4946E61EFE94AD358B6FF89EA5FEC7
P0443,H1,HISTORICAL_WEATHER,1,0,0,0,4CBBD8CA5215B8D161AEC181A74B694F4E24B001D5B081DC0030ED797A8973E0
P0444,H1,HISTORICAL_WEATHER,1,0,0,0,3B0E4842B28D6B39EC725A6459FB943F5F1D658F4D0EE991004DD50F2C182F31
P0445,H1,HISTORICAL_WEATHER,1,0,0,0,CC8CD41CEF907C4D216069122C4B89936211361F9050A717A1E37AD1862E952F
P0446,H1,HISTORICAL_WEATHER,1,0,0,0,4CBBD8CA5215B8D161AEC181A74B694F4E24B001D5B081DC0030ED797A8973E0
P0447,H1,HISTORICAL_WEATHER,1,0,0,0,A2AE27368CB8E5358848B174FE9B8BF042D393E0B54D4463130C40AED4CA569B
P0448,H1,HISTORICAL_WEATHER,1,0,0,0,4CBBD8CA5215B8D161AEC181A74B694F4E24B001D5B081DC0030ED797A8973E0
P0449,H1,HISTORICAL_WEATHER,1,0,0,0,4CBBD8CA5215B8D161AEC181A74B694F4E24B001D5B081DC0030ED797A8973E0
P0450,H1,HISTORICAL_WEATHER,1,0,0,0,4B0EBEA5AFB86AFBADF12EEDC5C56E680F4946E61EFE94AD358B6FF89EA5FEC7
P0451,H1,HISTORICAL_WEATHER,1,0,0,0,4CBBD8CA5215B8D161AEC181A74B694F4E24B001D5B081DC0030ED797A8973E0
P0452,H1,HISTORICAL_WEATHER,1,0,0,0,4CBBD8CA5215B8D161AEC181A74B694F4E24B001D5B081DC0030ED797A8973E0
P0453,H1,HISTORICAL_WEATHER,1,0,0,0,4CBBD8CA5215B8D161AEC181A74B694F4E24B001D5B081DC0030ED797A8973E0
P0454,H1,HISTORICAL_WEATHER,1,0,0,0,CC8CD41CEF907C4D216069122C4B89936211361F9050A717A1E37AD1862E952F
P0455,H1,HISTORICAL_WEATHER,1,0,0,0,4CBBD8CA5215B8D161AEC181A74B694F4E24B001D5B081DC0030ED797A8973E0
P0456,H1,HISTORICAL_WEATHER,1,0,0,0,CC8CD41CEF907C4D216069122C4B89936211361F9050A717A1E37AD1862E952F
P0457,H1,HISTORICAL_WEATHER,1,0,0,0,CC8CD41CEF907C4D216069122C4B89936211361F9050A717A1E37AD1862E952F
P0458,H1,HISTORICAL_WEATHER,1,0,0,0,4B0EBEA5AFB86AFBADF12EEDC5C56E680F4946E61EFE94AD358B6FF89EA5FEC7
P0459,H1,HISTORICAL_WEATHER,1,0,0,0,1B897DDDD4C151E2A2E6E3E91B7EA0F7FC4FD5ED00EF1C9669E8566393A02586
P0460,H1,HISTORICAL_WEATHER,1,0,0,0,A2AE27368CB8E5358848B174FE9B8BF042D393E0B54D4463130C40AED4CA569B
P0461,H1,HISTORICAL_WEATHER,1,0,0,0,CC8CD41CEF907C4D216069122C4B89936211361F9050A717A1E37AD1862E952F
P0462,H1,HISTORICAL_WEATHER,1,0,0,0,1B897DDDD4C151E2A2E6E3E91B7EA0F7FC4FD5ED00EF1C9669E8566393A02586
P0463,H1,HISTORICAL_WEATHER,1,0,0,0,CC8CD41CEF907C4D216069122C4B89936211361F9050A717A1E37AD1862E952F
P0464,H1,HISTORICAL_WEATHER,1,0,0,0,4B0EBEA5AFB86AFBADF12EEDC5C56E680F4946E61EFE94AD358B6FF89EA5FEC7
P0465,H1,HISTORICAL_WEATHER,1,0,0,0,CC8CD41CEF907C4D216069122C4B89936211361F9050A717A1E37AD1862E952F
P0466,H1,HISTORICAL_WEATHER,1,0,0,0,CC8CD41CEF907C4D216069122C4B89936211361F9050A717A1E37AD1862E952F
P0467,H1,HISTORICAL_WEATHER,1,0,0,0,4B0EBEA5AFB86AFBADF12EEDC5C56E680F4946E61EFE94AD358B6FF89EA5FEC7
P0468,H1,HISTORICAL_WEATHER,1,0,0,0,CC8CD41CEF907C4D216069122C4B89936211361F9050A717A1E37AD1862E952F
P0469,H1,HISTORICAL_WEATHER,1,0,0,0,4B0EBEA5AFB86AFBADF12EEDC5C56E680F4946E61EFE94AD358B6FF89EA5FEC7
P0470,H1,HISTORICAL_WEATHER,1,0,0,0,1B897DDDD4C151E2A2E6E3E91B7EA0F7FC4FD5ED00EF1C9669E8566393A02586
P0471,H1,HISTORICAL_WEATHER,1,0,0,0,4CBBD8CA5215B8D161AEC181A74B694F4E24B001D5B081DC0030ED797A8973E0
P0472,H1,HISTORICAL_WEATHER,1,0,0,0,A2AE27368CB8E5358848B174FE9B8BF042D393E0B54D4463130C40AED4CA569B
P0473,H1,HISTORICAL_WEATHER,1,0,0,0,4B0EBEA5AFB86AFBADF12EEDC5C56E680F4946E61EFE94AD358B6FF89EA5FEC7
P0474,H1,HISTORICAL_WEATHER,1,0,0,0,CC8CD41CEF907C4D216069122C4B89936211361F9050A717A1E37AD1862E952F
P0475,H1,HISTORICAL_WEATHER,1,0,0,0,CC8CD41CEF907C4D216069122C4B89936211361F9050A717A1E37AD1862E952F
P0476,H1,HISTORICAL_WEATHER,1,0,0,0,4B0EBEA5AFB86AFBADF12EEDC5C56E680F4946E61EFE94AD358B6FF89EA5FEC7
P0477,H1,HISTORICAL_WEATHER,1,0,0,0,A2AE27368CB8E5358848B174FE9B8BF042D393E0B54D4463130C40AED4CA569B
P0478,H1,HISTORICAL_WEATHER,1,0,0,0,CC8CD41CEF907C4D216069122C4B89936211361F9050A717A1E37AD1862E952F
P0479,H1,HISTORICAL_WEATHER,1,0,0,0,4CBBD8CA5215B8D161AEC181A74B694F4E24B001D5B081DC0030ED797A8973E0
P0480,H1,HISTORICAL_WEATHER,1,0,0,0,CC8CD41CEF907C4D216069122C4B89936211361F9050A717A1E37AD1862E952F
P0481,H1,HISTORICAL_WEATHER,1,0,0,0,4CBBD8CA5215B8D161AEC181A74B694F4E24B001D5B081DC0030ED797A8973E0
P0482,H1,HISTORICAL_WEATHER,1,0,0,0,CC8CD41CEF907C4D216069122C4B89936211361F9050A717A1E37AD1862E952F
P0483,H1,HISTORICAL_WEATHER,1,0,0,0,CC8CD41CEF907C4D216069122C4B89936211361F9050A717A1E37AD1862E952F
P0484,H1,HISTORICAL_WEATHER,1,0,0,0,4B0EBEA5AFB86AFBADF12EEDC5C56E680F4946E61EFE94AD358B6FF89EA5FEC7
P0485,H1,HISTORICAL_WEATHER,1,0,0,0,4CBBD8CA5215B8D161AEC181A74B694F4E24B001D5B081DC0030ED797A8973E0
P0486,H1,HISTORICAL_WEATHER,1,0,0,0,4B0EBEA5AFB86AFBADF12EEDC5C56E680F4946E61EFE94AD358B6FF89EA5FEC7
P0487,H1,HISTORICAL_WEATHER,1,0,0,0,4CBBD8CA5215B8D161AEC181A74B694F4E24B001D5B081DC0030ED797A8973E0
P0488,H1,HISTORICAL_WEATHER,1,0,0,0,CC8CD41CEF907C4D216069122C4B89936211361F9050A717A1E37AD1862E952F
P0489,H1,HISTORICAL_WEATHER,1,0,0,0,A020B7F8043620B11605E4B25E35803538E4679D5F7A9E6AE90300BF28791989
P0490,H1,HISTORICAL_WEATHER,1,0,0,0,4CBBD8CA5215B8D161AEC181A74B694F4E24B001D5B081DC0030ED797A8973E0
P0491,H1,HISTORICAL_WEATHER,1,0,0,0,4CBBD8CA5215B8D161AEC181A74B694F4E24B001D5B081DC0030ED797A8973E0
P0492,H1,HISTORICAL_WEATHER,1,0,0,0,CC8CD41CEF907C4D216069122C4B89936211361F9050A717A1E37AD1862E952F
P0493,H1,HISTORICAL_WEATHER,1,0,0,0,4CBBD8CA5215B8D161AEC181A74B694F4E24B001D5B081DC0030ED797A8973E0
P0494,H1,HISTORICAL_WEATHER,1,0,0,0,4CBBD8CA5215B8D161AEC181A74B694F4E24B001D5B081DC0030ED797A8973E0
P0495,H1,HISTORICAL_WEATHER,1,0,0,0,0EF6657F1EF3D57D3039B838837EE670569C55FAEC16004B220C894540BCD97D
P0496,H1,HISTORICAL_WEATHER,1,0,0,0,4B0EBEA5AFB86AFBADF12EEDC5C56E680F4946E61EFE94AD358B6FF89EA5FEC7
P0497,H1,HISTORICAL_WEATHER,1,0,0,0,A020B7F8043620B11605E4B25E35803538E4679D5F7A9E6AE90300BF28791989
P0498,H1,HISTORICAL_WEATHER,1,0,0,0,4B0EBEA5AFB86AFBADF12EEDC5C56E680F4946E61EFE94AD358B6FF89EA5FEC7
P0499,H1,HISTORICAL_WEATHER,1,0,0,0,4B0EBEA5AFB86AFBADF12EEDC5C56E680F4946E61EFE94AD358B6FF89EA5FEC7
P0500,H1,HISTORICAL_WEATHER,1,0,0,0,4CBBD8CA5215B8D161AEC181A74B694F4E24B001D5B081DC0030ED797A8973E0
P0501,H1,HISTORICAL_WEATHER,1,0,0,0,CC8CD41CEF907C4D216069122C4B89936211361F9050A717A1E37AD1862E952F
P0502,H1,HISTORICAL_WEATHER,1,0,0,0,4CBBD8CA5215B8D161AEC181A74B694F4E24B001D5B081DC0030ED797A8973E0
P0503,H1,HISTORICAL_WEATHER,1,0,0,0,CC8CD41CEF907C4D216069122C4B89936211361F9050A717A1E37AD1862E952F
P0504,H1,HISTORICAL_WEATHER,1,0,0,0,CC8CD41CEF907C4D216069122C4B89936211361F9050A717A1E37AD1862E952F
P0505,H1,HISTORICAL_WEATHER,1,0,0,0,0EF6657F1EF3D57D3039B838837EE670569C55FAEC16004B220C894540BCD97D
P0506,H1,HISTORICAL_WEATHER,1,0,0,0,0EF6657F1EF3D57D3039B838837EE670569C55FAEC16004B220C894540BCD97D
P0507,H1,HISTORICAL_WEATHER,1,0,0,0,4CBBD8CA5215B8D161AEC181A74B694F4E24B001D5B081DC0030ED797A8973E0
P0508,H1,HISTORICAL_WEATHER,1,0,0,0,A020B7F8043620B11605E4B25E35803538E4679D5F7A9E6AE90300BF28791989
P0509,H1,HISTORICAL_WEATHER,1,0,0,0,CC8CD41CEF907C4D216069122C4B89936211361F9050A717A1E37AD1862E952F
P0510,H1,HISTORICAL_WEATHER,1,0,0,0,4CBBD8CA5215B8D161AEC181A74B694F4E24B001D5B081DC0030ED797A8973E0
P0511,H1,HISTORICAL_WEATHER,1,0,0,0,3B0E4842B28D6B39EC725A6459FB943F5F1D658F4D0EE991004DD50F2C182F31
P0512,H1,HISTORICAL_WEATHER,1,0,0,0,CC8CD41CEF907C4D216069122C4B89936211361F9050A717A1E37AD1862E952F
P0513,H1,HISTORICAL_WEATHER,1,0,0,0,4B0EBEA5AFB86AFBADF12EEDC5C56E680F4946E61EFE94AD358B6FF89EA5FEC7
P0514,H1,HISTORICAL_WEATHER,1,0,0,0,CC8CD41CEF907C4D216069122C4B89936211361F9050A717A1E37AD1862E952F
P0515,H1,HISTORICAL_WEATHER,1,0,0,0,4CBBD8CA5215B8D161AEC181A74B694F4E24B001D5B081DC0030ED797A8973E0
P0516,H1,HISTORICAL_WEATHER,1,0,0,0,CC8CD41CEF907C4D216069122C4B89936211361F9050A717A1E37AD1862E952F
P0517,H1,HISTORICAL_WEATHER,1,0,0,0,4B0EBEA5AFB86AFBADF12EEDC5C56E680F4946E61EFE94AD358B6FF89EA5FEC7
P0518,H1,HISTORICAL_WEATHER,1,0,0,0,3B0E4842B28D6B39EC725A6459FB943F5F1D658F4D0EE991004DD50F2C182F31
P0519,H1,HISTORICAL_WEATHER,1,0,0,0,4B0EBEA5AFB86AFBADF12EEDC5C56E680F4946E61EFE94AD358B6FF89EA5FEC7
P0520,H1,HISTORICAL_WEATHER,1,0,0,0,1B897DDDD4C151E2A2E6E3E91B7EA0F7FC4FD5ED00EF1C9669E8566393A02586
P0521,H1,HISTORICAL_WEATHER,1,0,0,0,0EF6657F1EF3D57D3039B838837EE670569C55FAEC16004B220C894540BCD97D
P0522,H1,HISTORICAL_WEATHER,1,0,0,0,4CBBD8CA5215B8D161AEC181A74B694F4E24B001D5B081DC0030ED797A8973E0
P0523,H1,HISTORICAL_WEATHER,1,0,0,0,4CBBD8CA5215B8D161AEC181A74B694F4E24B001D5B081DC0030ED797A8973E0
P0524,H1,HISTORICAL_WEATHER,1,0,0,0,CC8CD41CEF907C4D216069122C4B89936211361F9050A717A1E37AD1862E952F
P0525,H1,HISTORICAL_WEATHER,1,0,0,0,4CBBD8CA5215B8D161AEC181A74B694F4E24B001D5B081DC0030ED797A8973E0
P0526,H1,HISTORICAL_WEATHER,1,0,0,0,CC8CD41CEF907C4D216069122C4B89936211361F9050A717A1E37AD1862E952F
P0527,H1,HISTORICAL_WEATHER,1,0,0,0,4CBBD8CA5215B8D161AEC181A74B694F4E24B001D5B081DC0030ED797A8973E0
P0528,H1,HISTORICAL_WEATHER,1,0,0,0,CC8CD41CEF907C4D216069122C4B89936211361F9050A717A1E37AD1862E952F
P0529,H1,HISTORICAL_WEATHER,1,0,0,0,A020B7F8043620B11605E4B25E35803538E4679D5F7A9E6AE90300BF28791989
P0530,H1,HISTORICAL_WEATHER,1,0,0,0,CC8CD41CEF907C4D216069122C4B89936211361F9050A717A1E37AD1862E952F
P0531,H1,HISTORICAL_WEATHER,1,0,0,0,CC8CD41CEF907C4D216069122C4B89936211361F9050A717A1E37AD1862E952F
P0532,H1,HISTORICAL_WEATHER,1,0,0,0,CC8CD41CEF907C4D216069122C4B89936211361F9050A717A1E37AD1862E952F
P0533,H1,HISTORICAL_WEATHER,1,0,0,0,4B0EBEA5AFB86AFBADF12EEDC5C56E680F4946E61EFE94AD358B6FF89EA5FEC7
P0534,H1,HISTORICAL_WEATHER,1,0,0,0,4B0EBEA5AFB86AFBADF12EEDC5C56E680F4946E61EFE94AD358B6FF89EA5FEC7
P0535,H1,HISTORICAL_WEATHER,1,0,0,0,CC8CD41CEF907C4D216069122C4B89936211361F9050A717A1E37AD1862E952F
P0536,H1,HISTORICAL_WEATHER,1,0,0,0,4B0EBEA5AFB86AFBADF12EEDC5C56E680F4946E61EFE94AD358B6FF89EA5FEC7
P0537,H1,HISTORICAL_WEATHER,1,0,0,0,4CBBD8CA5215B8D161AEC181A74B694F4E24B001D5B081DC0030ED797A8973E0
P0538,H1,HISTORICAL_WEATHER,1,0,0,0,A020B7F8043620B11605E4B25E35803538E4679D5F7A9E6AE90300BF28791989
P0539,H1,HISTORICAL_WEATHER,1,0,0,0,1B897DDDD4C151E2A2E6E3E91B7EA0F7FC4FD5ED00EF1C9669E8566393A02586
P0540,H1,HISTORICAL_WEATHER,1,0,0,0,4CBBD8CA5215B8D161AEC181A74B694F4E24B001D5B081DC0030ED797A8973E0
P0541,H1,HISTORICAL_WEATHER,1,0,0,0,99F4D3181D0BE579A5E933E01B58F09B7FAF629995C121FB02452D7EE3EA2A24
P0542,H1,HISTORICAL_WEATHER,1,0,0,0,CC8CD41CEF907C4D216069122C4B89936211361F9050A717A1E37AD1862E952F
P0543,H1,HISTORICAL_WEATHER,1,0,0,0,4B0EBEA5AFB86AFBADF12EEDC5C56E680F4946E61EFE94AD358B6FF89EA5FEC7
P0544,H1,HISTORICAL_WEATHER,1,0,0,0,CC8CD41CEF907C4D216069122C4B89936211361F9050A717A1E37AD1862E952F
P0545,H1,HISTORICAL_WEATHER,1,0,0,0,1B897DDDD4C151E2A2E6E3E91B7EA0F7FC4FD5ED00EF1C9669E8566393A02586
P0546,H1,HISTORICAL_WEATHER,1,0,0,0,CC8CD41CEF907C4D216069122C4B89936211361F9050A717A1E37AD1862E952F
P0547,H1,HISTORICAL_WEATHER,1,0,0,0,4CBBD8CA5215B8D161AEC181A74B694F4E24B001D5B081DC0030ED797A8973E0
P0548,H1,HISTORICAL_WEATHER,1,0,0,0,CC8CD41CEF907C4D216069122C4B89936211361F9050A717A1E37AD1862E952F
P0549,H1,HISTORICAL_WEATHER,1,0,0,0,4CBBD8CA5215B8D161AEC181A74B694F4E24B001D5B081DC0030ED797A8973E0
P0550,H1,HISTORICAL_WEATHER,1,0,0,0,0EF6657F1EF3D57D3039B838837EE670569C55FAEC16004B220C894540BCD97D
P0551,H1,HISTORICAL_WEATHER,1,0,0,0,4CBBD8CA5215B8D161AEC181A74B694F4E24B001D5B081DC0030ED797A8973E0
P0552,H1,HISTORICAL_WEATHER,1,0,0,0,CC8CD41CEF907C4D216069122C4B89936211361F9050A717A1E37AD1862E952F
P0553,H1,HISTORICAL_WEATHER,1,0,0,0,CC8CD41CEF907C4D216069122C4B89936211361F9050A717A1E37AD1862E952F
P0554,H1,HISTORICAL_WEATHER,1,0,0,0,4CBBD8CA5215B8D161AEC181A74B694F4E24B001D5B081DC0030ED797A8973E0
P0555,H1,HISTORICAL_WEATHER,1,0,0,0,1B897DDDD4C151E2A2E6E3E91B7EA0F7FC4FD5ED00EF1C9669E8566393A02586
P0556,H1,HISTORICAL_WEATHER,1,0,0,0,4CBBD8CA5215B8D161AEC181A74B694F4E24B001D5B081DC0030ED797A8973E0
P0557,H1,HISTORICAL_WEATHER,1,0,0,0,0EF6657F1EF3D57D3039B838837EE670569C55FAEC16004B220C894540BCD97D
P0558,H1,HISTORICAL_WEATHER,1,0,0,0,CC8CD41CEF907C4D216069122C4B89936211361F9050A717A1E37AD1862E952F
P0559,H1,HISTORICAL_WEATHER,1,0,0,0,0EF6657F1EF3D57D3039B838837EE670569C55FAEC16004B220C894540BCD97D
P0560,H1,HISTORICAL_WEATHER,1,0,0,0,0EF6657F1EF3D57D3039B838837EE670569C55FAEC16004B220C894540BCD97D
P0561,H1,HISTORICAL_WEATHER,1,0,0,0,3B0E4842B28D6B39EC725A6459FB943F5F1D658F4D0EE991004DD50F2C182F31
P0562,H1,HISTORICAL_WEATHER,1,0,0,0,CC8CD41CEF907C4D216069122C4B89936211361F9050A717A1E37AD1862E952F
P0563,H1,HISTORICAL_WEATHER,1,0,0,0,CC8CD41CEF907C4D216069122C4B89936211361F9050A717A1E37AD1862E952F
P0564,H1,HISTORICAL_WEATHER,1,0,0,0,CC8CD41CEF907C4D216069122C4B89936211361F9050A717A1E37AD1862E952F
P0565,H1,HISTORICAL_WEATHER,1,0,0,0,CC8CD41CEF907C4D216069122C4B89936211361F9050A717A1E37AD1862E952F
P0566,H1,HISTORICAL_WEATHER,1,0,0,0,1B897DDDD4C151E2A2E6E3E91B7EA0F7FC4FD5ED00EF1C9669E8566393A02586
P0567,H1,HISTORICAL_WEATHER,1,0,0,0,CC8CD41CEF907C4D216069122C4B89936211361F9050A717A1E37AD1862E952F
P0568,H1,HISTORICAL_WEATHER,1,0,0,0,4B0EBEA5AFB86AFBADF12EEDC5C56E680F4946E61EFE94AD358B6FF89EA5FEC7
P0569,H1,HISTORICAL_WEATHER,1,0,0,0,CC8CD41CEF907C4D216069122C4B89936211361F9050A717A1E37AD1862E952F
P0570,H1,HISTORICAL_WEATHER,1,0,0,0,CC8CD41CEF907C4D216069122C4B89936211361F9050A717A1E37AD1862E952F
P0571,H1,HISTORICAL_WEATHER,1,0,0,0,CC8CD41CEF907C4D216069122C4B89936211361F9050A717A1E37AD1862E952F
P0572,H1,HISTORICAL_WEATHER,1,0,0,0,0EF6657F1EF3D57D3039B838837EE670569C55FAEC16004B220C894540BCD97D
P0573,H1,HISTORICAL_WEATHER,1,0,0,0,CC8CD41CEF907C4D216069122C4B89936211361F9050A717A1E37AD1862E952F
P0574,H1,HISTORICAL_WEATHER,1,0,0,0,4CBBD8CA5215B8D161AEC181A74B694F4E24B001D5B081DC0030ED797A8973E0
P0575,H1,HISTORICAL_WEATHER,1,0,0,0,4CBBD8CA5215B8D161AEC181A74B694F4E24B001D5B081DC0030ED797A8973E0
P0576,H1,HISTORICAL_WEATHER,1,0,0,0,99F4D3181D0BE579A5E933E01B58F09B7FAF629995C121FB02452D7EE3EA2A24
P0577,H1,HISTORICAL_WEATHER,1,0,0,0,0EF6657F1EF3D57D3039B838837EE670569C55FAEC16004B220C894540BCD97D
P0578,H1,HISTORICAL_WEATHER,1,0,0,0,CC8CD41CEF907C4D216069122C4B89936211361F9050A717A1E37AD1862E952F
P0579,H1,HISTORICAL_WEATHER,1,0,0,0,4CBBD8CA5215B8D161AEC181A74B694F4E24B001D5B081DC0030ED797A8973E0
P0580,H1,HISTORICAL_WEATHER,1,0,0,0,0EF6657F1EF3D57D3039B838837EE670569C55FAEC16004B220C894540BCD97D
P0581,H1,HISTORICAL_WEATHER,1,0,0,0,4B0EBEA5AFB86AFBADF12EEDC5C56E680F4946E61EFE94AD358B6FF89EA5FEC7
P0582,H1,HISTORICAL_WEATHER,1,0,0,0,CC8CD41CEF907C4D216069122C4B89936211361F9050A717A1E37AD1862E952F
P0583,H1,HISTORICAL_WEATHER,1,0,0,0,4B0EBEA5AFB86AFBADF12EEDC5C56E680F4946E61EFE94AD358B6FF89EA5FEC7
P0584,H1,HISTORICAL_WEATHER,1,0,0,0,1B897DDDD4C151E2A2E6E3E91B7EA0F7FC4FD5ED00EF1C9669E8566393A02586
P0585,H1,HISTORICAL_WEATHER,1,0,0,0,CC8CD41CEF907C4D216069122C4B89936211361F9050A717A1E37AD1862E952F
P0586,H1,HISTORICAL_WEATHER,1,0,0,0,4CBBD8CA5215B8D161AEC181A74B694F4E24B001D5B081DC0030ED797A8973E0
P0587,H1,HISTORICAL_WEATHER,1,0,0,0,CC8CD41CEF907C4D216069122C4B89936211361F9050A717A1E37AD1862E952F
P0588,H1,HISTORICAL_WEATHER,1,0,0,0,4CBBD8CA5215B8D161AEC181A74B694F4E24B001D5B081DC0030ED797A8973E0
P0589,H1,HISTORICAL_WEATHER,1,0,0,0,CC8CD41CEF907C4D216069122C4B89936211361F9050A717A1E37AD1862E952F
P0590,H1,HISTORICAL_WEATHER,1,0,0,0,4B0EBEA5AFB86AFBADF12EEDC5C56E680F4946E61EFE94AD358B6FF89EA5FEC7
P0591,H1,HISTORICAL_WEATHER,1,0,0,0,CC8CD41CEF907C4D216069122C4B89936211361F9050A717A1E37AD1862E952F
P0592,H1,HISTORICAL_WEATHER,1,0,0,0,CC8CD41CEF907C4D216069122C4B89936211361F9050A717A1E37AD1862E952F
P0593,H1,HISTORICAL_WEATHER,1,0,0,0,4B0EBEA5AFB86AFBADF12EEDC5C56E680F4946E61EFE94AD358B6FF89EA5FEC7
P0594,H1,HISTORICAL_WEATHER,1,0,0,0,0EF6657F1EF3D57D3039B838837EE670569C55FAEC16004B220C894540BCD97D
P0595,H1,HISTORICAL_WEATHER,1,0,0,0,99F4D3181D0BE579A5E933E01B58F09B7FAF629995C121FB02452D7EE3EA2A24
P0596,H1,HISTORICAL_WEATHER,1,0,0,0,4B0EBEA5AFB86AFBADF12EEDC5C56E680F4946E61EFE94AD358B6FF89EA5FEC7
P0597,H1,HISTORICAL_WEATHER,1,0,0,0,CC8CD41CEF907C4D216069122C4B89936211361F9050A717A1E37AD1862E952F
P0598,H1,HISTORICAL_WEATHER,1,0,0,0,0EF6657F1EF3D57D3039B838837EE670569C55FAEC16004B220C894540BCD97D
P0599,H1,HISTORICAL_WEATHER,1,0,0,0,CC8CD41CEF907C4D216069122C4B89936211361F9050A717A1E37AD1862E952F
P0600,H1,HISTORICAL_WEATHER,1,0,0,0,CC8CD41CEF907C4D216069122C4B89936211361F9050A717A1E37AD1862E952F
P0001,H2,HISTORICAL_WEATHER,2,0,0,0,4CBBD8CA5215B8D161AEC181A74B694F4E24B001D5B081DC0030ED797A8973E0
P0002,H2,HISTORICAL_WEATHER,2,14,45,80,CC8CD41CEF907C4D216069122C4B89936211361F9050A717A1E37AD1862E952F
P0003,H2,HISTORICAL_WEATHER,2,14,45,80,CC8CD41CEF907C4D216069122C4B89936211361F9050A717A1E37AD1862E952F
P0004,H2,HISTORICAL_WEATHER,2,0,0,0,4CBBD8CA5215B8D161AEC181A74B694F4E24B001D5B081DC0030ED797A8973E0
P0005,H2,HISTORICAL_WEATHER,2,0,0,0,4CBBD8CA5215B8D161AEC181A74B694F4E24B001D5B081DC0030ED797A8973E0
P0006,H2,HISTORICAL_WEATHER,2,0,0,0,4CBBD8CA5215B8D161AEC181A74B694F4E24B001D5B081DC0030ED797A8973E0
P0007,H2,HISTORICAL_WEATHER,2,14,45,80,CC8CD41CEF907C4D216069122C4B89936211361F9050A717A1E37AD1862E952F
P0008,H2,HISTORICAL_WEATHER,2,0,0,0,4CBBD8CA5215B8D161AEC181A74B694F4E24B001D5B081DC0030ED797A8973E0
P0009,H2,HISTORICAL_WEATHER,2,0,0,0,4CBBD8CA5215B8D161AEC181A74B694F4E24B001D5B081DC0030ED797A8973E0
P0010,H2,HISTORICAL_WEATHER,2,0,0,0,4CBBD8CA5215B8D161AEC181A74B694F4E24B001D5B081DC0030ED797A8973E0
P0011,H2,HISTORICAL_WEATHER,2,0,0,0,4CBBD8CA5215B8D161AEC181A74B694F4E24B001D5B081DC0030ED797A8973E0
P0012,H2,HISTORICAL_WEATHER,2,0,0,0,4CBBD8CA5215B8D161AEC181A74B694F4E24B001D5B081DC0030ED797A8973E0
P0013,H2,HISTORICAL_WEATHER,2,0,0,0,4CBBD8CA5215B8D161AEC181A74B694F4E24B001D5B081DC0030ED797A8973E0
P0014,H2,HISTORICAL_WEATHER,2,0,0,0,4CBBD8CA5215B8D161AEC181A74B694F4E24B001D5B081DC0030ED797A8973E0
P0015,H2,HISTORICAL_WEATHER,2,0,0,0,4B0EBEA5AFB86AFBADF12EEDC5C56E680F4946E61EFE94AD358B6FF89EA5FEC7
P0016,H2,HISTORICAL_WEATHER,2,0,0,0,4CBBD8CA5215B8D161AEC181A74B694F4E24B001D5B081DC0030ED797A8973E0
P0017,H2,HISTORICAL_WEATHER,2,0,0,0,4CBBD8CA5215B8D161AEC181A74B694F4E24B001D5B081DC0030ED797A8973E0
P0018,H2,HISTORICAL_WEATHER,2,0,0,0,4CBBD8CA5215B8D161AEC181A74B694F4E24B001D5B081DC0030ED797A8973E0
P0019,H2,HISTORICAL_WEATHER,2,14,45,80,CC8CD41CEF907C4D216069122C4B89936211361F9050A717A1E37AD1862E952F
P0020,H2,HISTORICAL_WEATHER,2,0,0,0,4CBBD8CA5215B8D161AEC181A74B694F4E24B001D5B081DC0030ED797A8973E0
P0021,H2,HISTORICAL_WEATHER,2,0,0,0,4CBBD8CA5215B8D161AEC181A74B694F4E24B001D5B081DC0030ED797A8973E0
P0022,H2,HISTORICAL_WEATHER,2,0,0,0,4CBBD8CA5215B8D161AEC181A74B694F4E24B001D5B081DC0030ED797A8973E0
P0023,H2,HISTORICAL_WEATHER,2,0,0,0,4CBBD8CA5215B8D161AEC181A74B694F4E24B001D5B081DC0030ED797A8973E0
P0024,H2,HISTORICAL_WEATHER,2,0,0,0,A020B7F8043620B11605E4B25E35803538E4679D5F7A9E6AE90300BF28791989
P0025,H2,HISTORICAL_WEATHER,2,0,0,0,4CBBD8CA5215B8D161AEC181A74B694F4E24B001D5B081DC0030ED797A8973E0
P0026,H2,HISTORICAL_WEATHER,2,0,0,0,4CBBD8CA5215B8D161AEC181A74B694F4E24B001D5B081DC0030ED797A8973E0
P0027,H2,HISTORICAL_WEATHER,2,0,0,0,4CBBD8CA5215B8D161AEC181A74B694F4E24B001D5B081DC0030ED797A8973E0
P0028,H2,HISTORICAL_WEATHER,2,0,0,0,4B0EBEA5AFB86AFBADF12EEDC5C56E680F4946E61EFE94AD358B6FF89EA5FEC7
P0029,H2,HISTORICAL_WEATHER,2,0,0,0,CC8CD41CEF907C4D216069122C4B89936211361F9050A717A1E37AD1862E952F
P0030,H2,HISTORICAL_WEATHER,2,0,0,0,CC8CD41CEF907C4D216069122C4B89936211361F9050A717A1E37AD1862E952F
P0031,H2,HISTORICAL_WEATHER,2,0,0,0,CC8CD41CEF907C4D216069122C4B89936211361F9050A717A1E37AD1862E952F
P0032,H2,HISTORICAL_WEATHER,2,0,0,0,CC8CD41CEF907C4D216069122C4B89936211361F9050A717A1E37AD1862E952F
P0033,H2,HISTORICAL_WEATHER,2,0,0,0,CC8CD41CEF907C4D216069122C4B89936211361F9050A717A1E37AD1862E952F
P0034,H2,HISTORICAL_WEATHER,2,0,0,0,CC8CD41CEF907C4D216069122C4B89936211361F9050A717A1E37AD1862E952F
P0035,H2,HISTORICAL_WEATHER,2,0,0,0,CC8CD41CEF907C4D216069122C4B89936211361F9050A717A1E37AD1862E952F
P0036,H2,HISTORICAL_WEATHER,2,0,0,0,4CBBD8CA5215B8D161AEC181A74B694F4E24B001D5B081DC0030ED797A8973E0
P0037,H2,HISTORICAL_WEATHER,2,4,15,0,CC8CD41CEF907C4D216069122C4B89936211361F9050A717A1E37AD1862E952F
P0038,H2,HISTORICAL_WEATHER,2,4,15,0,CC8CD41CEF907C4D216069122C4B89936211361F9050A717A1E37AD1862E952F
P0039,H2,HISTORICAL_WEATHER,2,0,0,0,CC8CD41CEF907C4D216069122C4B89936211361F9050A717A1E37AD1862E952F
P0040,H2,HISTORICAL_WEATHER,2,0,0,0,CC8CD41CEF907C4D216069122C4B89936211361F9050A717A1E37AD1862E952F
P0041,H2,HISTORICAL_WEATHER,2,4,15,0,1B897DDDD4C151E2A2E6E3E91B7EA0F7FC4FD5ED00EF1C9669E8566393A02586
P0042,H2,HISTORICAL_WEATHER,2,4,15,0,1B897DDDD4C151E2A2E6E3E91B7EA0F7FC4FD5ED00EF1C9669E8566393A02586
P0043,H2,HISTORICAL_WEATHER,2,4,15,0,1B897DDDD4C151E2A2E6E3E91B7EA0F7FC4FD5ED00EF1C9669E8566393A02586
P0044,H2,HISTORICAL_WEATHER,2,4,15,0,1B897DDDD4C151E2A2E6E3E91B7EA0F7FC4FD5ED00EF1C9669E8566393A02586
P0045,H2,HISTORICAL_WEATHER,2,4,15,0,1B897DDDD4C151E2A2E6E3E91B7EA0F7FC4FD5ED00EF1C9669E8566393A02586
P0046,H2,HISTORICAL_WEATHER,2,4,15,0,1B897DDDD4C151E2A2E6E3E91B7EA0F7FC4FD5ED00EF1C9669E8566393A02586
P0047,H2,HISTORICAL_WEATHER,2,14,45,80,CC8CD41CEF907C4D216069122C4B89936211361F9050A717A1E37AD1862E952F
P0048,H2,HISTORICAL_WEATHER,2,4,15,0,1B897DDDD4C151E2A2E6E3E91B7EA0F7FC4FD5ED00EF1C9669E8566393A02586
P0049,H2,HISTORICAL_WEATHER,2,4,15,0,CC8CD41CEF907C4D216069122C4B89936211361F9050A717A1E37AD1862E952F
P0050,H2,HISTORICAL_WEATHER,2,0,0,0,CC8CD41CEF907C4D216069122C4B89936211361F9050A717A1E37AD1862E952F
P0051,H2,HISTORICAL_WEATHER,2,0,0,0,CC8CD41CEF907C4D216069122C4B89936211361F9050A717A1E37AD1862E952F
P0052,H2,HISTORICAL_WEATHER,2,4,15,0,CC8CD41CEF907C4D216069122C4B89936211361F9050A717A1E37AD1862E952F
P0053,H2,HISTORICAL_WEATHER,2,14,45,80,CC8CD41CEF907C4D216069122C4B89936211361F9050A717A1E37AD1862E952F
P0054,H2,HISTORICAL_WEATHER,2,4,15,0,1B897DDDD4C151E2A2E6E3E91B7EA0F7FC4FD5ED00EF1C9669E8566393A02586
P0055,H2,HISTORICAL_WEATHER,2,4,15,0,1B897DDDD4C151E2A2E6E3E91B7EA0F7FC4FD5ED00EF1C9669E8566393A02586
P0056,H2,HISTORICAL_WEATHER,2,4,15,0,1B897DDDD4C151E2A2E6E3E91B7EA0F7FC4FD5ED00EF1C9669E8566393A02586
P0057,H2,HISTORICAL_WEATHER,2,0,0,0,CC8CD41CEF907C4D216069122C4B89936211361F9050A717A1E37AD1862E952F
P0058,H2,HISTORICAL_WEATHER,2,0,0,0,CC8CD41CEF907C4D216069122C4B89936211361F9050A717A1E37AD1862E952F
P0059,H2,HISTORICAL_WEATHER,2,0,0,0,CC8CD41CEF907C4D216069122C4B89936211361F9050A717A1E37AD1862E952F
P0060,H2,HISTORICAL_WEATHER,2,0,0,0,CC8CD41CEF907C4D216069122C4B89936211361F9050A717A1E37AD1862E952F
P0061,H2,HISTORICAL_WEATHER,2,0,0,0,4B0EBEA5AFB86AFBADF12EEDC5C56E680F4946E61EFE94AD358B6FF89EA5FEC7
P0062,H2,HISTORICAL_WEATHER,2,4,15,0,CC8CD41CEF907C4D216069122C4B89936211361F9050A717A1E37AD1862E952F
P0063,H2,HISTORICAL_WEATHER,2,4,15,0,CC8CD41CEF907C4D216069122C4B89936211361F9050A717A1E37AD1862E952F
P0064,H2,HISTORICAL_WEATHER,2,4,15,0,1B897DDDD4C151E2A2E6E3E91B7EA0F7FC4FD5ED00EF1C9669E8566393A02586
P0065,H2,HISTORICAL_WEATHER,2,0,0,0,CC8CD41CEF907C4D216069122C4B89936211361F9050A717A1E37AD1862E952F
P0066,H2,HISTORICAL_WEATHER,2,4,15,0,CC8CD41CEF907C4D216069122C4B89936211361F9050A717A1E37AD1862E952F
P0067,H2,HISTORICAL_WEATHER,2,4,15,0,CC8CD41CEF907C4D216069122C4B89936211361F9050A717A1E37AD1862E952F
P0068,H2,HISTORICAL_WEATHER,2,4,15,0,CC8CD41CEF907C4D216069122C4B89936211361F9050A717A1E37AD1862E952F
P0069,H2,HISTORICAL_WEATHER,2,4,15,0,1B897DDDD4C151E2A2E6E3E91B7EA0F7FC4FD5ED00EF1C9669E8566393A02586
P0070,H2,HISTORICAL_WEATHER,2,14,45,80,CC8CD41CEF907C4D216069122C4B89936211361F9050A717A1E37AD1862E952F
P0071,H2,HISTORICAL_WEATHER,2,0,0,0,CC8CD41CEF907C4D216069122C4B89936211361F9050A717A1E37AD1862E952F
P0072,H2,HISTORICAL_WEATHER,2,4,15,0,CC8CD41CEF907C4D216069122C4B89936211361F9050A717A1E37AD1862E952F
P0073,H2,HISTORICAL_WEATHER,2,4,15,0,1B897DDDD4C151E2A2E6E3E91B7EA0F7FC4FD5ED00EF1C9669E8566393A02586
P0074,H2,HISTORICAL_WEATHER,2,4,15,0,1B897DDDD4C151E2A2E6E3E91B7EA0F7FC4FD5ED00EF1C9669E8566393A02586
P0075,H2,HISTORICAL_WEATHER,2,0,0,0,CC8CD41CEF907C4D216069122C4B89936211361F9050A717A1E37AD1862E952F
P0076,H2,HISTORICAL_WEATHER,2,0,0,0,CC8CD41CEF907C4D216069122C4B89936211361F9050A717A1E37AD1862E952F
P0077,H2,HISTORICAL_WEATHER,2,0,0,0,CC8CD41CEF907C4D216069122C4B89936211361F9050A717A1E37AD1862E952F
P0078,H2,HISTORICAL_WEATHER,2,0,0,0,CC8CD41CEF907C4D216069122C4B89936211361F9050A717A1E37AD1862E952F
P0079,H2,HISTORICAL_WEATHER,2,0,0,0,CC8CD41CEF907C4D216069122C4B89936211361F9050A717A1E37AD1862E952F
P0080,H2,HISTORICAL_WEATHER,2,0,0,0,CC8CD41CEF907C4D216069122C4B89936211361F9050A717A1E37AD1862E952F
P0081,H2,HISTORICAL_WEATHER,2,0,0,0,CC8CD41CEF907C4D216069122C4B89936211361F9050A717A1E37AD1862E952F
P0082,H2,HISTORICAL_WEATHER,2,0,0,0,CC8CD41CEF907C4D216069122C4B89936211361F9050A717A1E37AD1862E952F
P0083,H2,HISTORICAL_WEATHER,2,0,0,0,CC8CD41CEF907C4D216069122C4B89936211361F9050A717A1E37AD1862E952F
P0084,H2,HISTORICAL_WEATHER,2,0,0,0,CC8CD41CEF907C4D216069122C4B89936211361F9050A717A1E37AD1862E952F
P0085,H2,HISTORICAL_WEATHER,2,4,15,0,CC8CD41CEF907C4D216069122C4B89936211361F9050A717A1E37AD1862E952F
P0086,H2,HISTORICAL_WEATHER,2,0,0,0,CC8CD41CEF907C4D216069122C4B89936211361F9050A717A1E37AD1862E952F
P0087,H2,HISTORICAL_WEATHER,2,0,0,0,CC8CD41CEF907C4D216069122C4B89936211361F9050A717A1E37AD1862E952F
P0088,H2,HISTORICAL_WEATHER,2,0,0,0,CC8CD41CEF907C4D216069122C4B89936211361F9050A717A1E37AD1862E952F
P0089,H2,HISTORICAL_WEATHER,2,4,15,0,1B897DDDD4C151E2A2E6E3E91B7EA0F7FC4FD5ED00EF1C9669E8566393A02586
P0090,H2,HISTORICAL_WEATHER,2,4,15,0,1B897DDDD4C151E2A2E6E3E91B7EA0F7FC4FD5ED00EF1C9669E8566393A02586
P0091,H2,HISTORICAL_WEATHER,2,4,15,0,1B897DDDD4C151E2A2E6E3E91B7EA0F7FC4FD5ED00EF1C9669E8566393A02586
P0092,H2,HISTORICAL_WEATHER,2,14,45,80,CC8CD41CEF907C4D216069122C4B89936211361F9050A717A1E37AD1862E952F
P0093,H2,HISTORICAL_WEATHER,2,0,0,0,CC8CD41CEF907C4D216069122C4B89936211361F9050A717A1E37AD1862E952F
P0094,H2,HISTORICAL_WEATHER,2,4,15,0,1B897DDDD4C151E2A2E6E3E91B7EA0F7FC4FD5ED00EF1C9669E8566393A02586
P0095,H2,HISTORICAL_WEATHER,2,4,15,0,1B897DDDD4C151E2A2E6E3E91B7EA0F7FC4FD5ED00EF1C9669E8566393A02586
P0096,H2,HISTORICAL_WEATHER,2,4,15,0,1B897DDDD4C151E2A2E6E3E91B7EA0F7FC4FD5ED00EF1C9669E8566393A02586
P0097,H2,HISTORICAL_WEATHER,2,4,15,0,CC8CD41CEF907C4D216069122C4B89936211361F9050A717A1E37AD1862E952F
P0098,H2,HISTORICAL_WEATHER,2,4,15,0,CC8CD41CEF907C4D216069122C4B89936211361F9050A717A1E37AD1862E952F
P0099,H2,HISTORICAL_WEATHER,2,4,15,0,CC8CD41CEF907C4D216069122C4B89936211361F9050A717A1E37AD1862E952F
P0100,H2,HISTORICAL_WEATHER,2,0,0,0,CC8CD41CEF907C4D216069122C4B89936211361F9050A717A1E37AD1862E952F
P0101,H2,HISTORICAL_WEATHER,2,0,0,0,CC8CD41CEF907C4D216069122C4B89936211361F9050A717A1E37AD1862E952F
P0102,H2,HISTORICAL_WEATHER,2,0,0,0,CC8CD41CEF907C4D216069122C4B89936211361F9050A717A1E37AD1862E952F
P0103,H2,HISTORICAL_WEATHER,2,0,0,0,CC8CD41CEF907C4D216069122C4B89936211361F9050A717A1E37AD1862E952F
P0104,H2,HISTORICAL_WEATHER,2,0,0,0,CC8CD41CEF907C4D216069122C4B89936211361F9050A717A1E37AD1862E952F
P0105,H2,HISTORICAL_WEATHER,2,0,0,0,CC8CD41CEF907C4D216069122C4B89936211361F9050A717A1E37AD1862E952F
P0106,H2,HISTORICAL_WEATHER,2,0,0,0,CC8CD41CEF907C4D216069122C4B89936211361F9050A717A1E37AD1862E952F
P0107,H2,HISTORICAL_WEATHER,2,0,0,0,CC8CD41CEF907C4D216069122C4B89936211361F9050A717A1E37AD1862E952F
P0108,H2,HISTORICAL_WEATHER,2,0,0,0,4B0EBEA5AFB86AFBADF12EEDC5C56E680F4946E61EFE94AD358B6FF89EA5FEC7
P0109,H2,HISTORICAL_WEATHER,2,0,0,0,4CBBD8CA5215B8D161AEC181A74B694F4E24B001D5B081DC0030ED797A8973E0
P0110,H2,HISTORICAL_WEATHER,2,0,0,0,4CBBD8CA5215B8D161AEC181A74B694F4E24B001D5B081DC0030ED797A8973E0
P0111,H2,HISTORICAL_WEATHER,2,0,0,0,3B0E4842B28D6B39EC725A6459FB943F5F1D658F4D0EE991004DD50F2C182F31
P0112,H2,HISTORICAL_WEATHER,2,0,0,0,4CBBD8CA5215B8D161AEC181A74B694F4E24B001D5B081DC0030ED797A8973E0
P0113,H2,HISTORICAL_WEATHER,2,4,15,0,1B897DDDD4C151E2A2E6E3E91B7EA0F7FC4FD5ED00EF1C9669E8566393A02586
P0114,H2,HISTORICAL_WEATHER,2,0,0,0,4CBBD8CA5215B8D161AEC181A74B694F4E24B001D5B081DC0030ED797A8973E0
P0115,H2,HISTORICAL_WEATHER,2,0,0,0,3B0E4842B28D6B39EC725A6459FB943F5F1D658F4D0EE991004DD50F2C182F31
P0116,H2,HISTORICAL_WEATHER,2,0,0,0,4CBBD8CA5215B8D161AEC181A74B694F4E24B001D5B081DC0030ED797A8973E0
P0117,H2,HISTORICAL_WEATHER,2,0,0,0,CC8CD41CEF907C4D216069122C4B89936211361F9050A717A1E37AD1862E952F
P0118,H2,HISTORICAL_WEATHER,2,0,0,0,4CBBD8CA5215B8D161AEC181A74B694F4E24B001D5B081DC0030ED797A8973E0
P0119,H2,HISTORICAL_WEATHER,2,0,0,0,4CBBD8CA5215B8D161AEC181A74B694F4E24B001D5B081DC0030ED797A8973E0
P0120,H2,HISTORICAL_WEATHER,2,0,0,0,CC8CD41CEF907C4D216069122C4B89936211361F9050A717A1E37AD1862E952F
P0121,H2,HISTORICAL_WEATHER,2,0,0,0,4CBBD8CA5215B8D161AEC181A74B694F4E24B001D5B081DC0030ED797A8973E0
P0122,H2,HISTORICAL_WEATHER,2,0,0,0,CC8CD41CEF907C4D216069122C4B89936211361F9050A717A1E37AD1862E952F
P0123,H2,HISTORICAL_WEATHER,2,0,0,0,CC8CD41CEF907C4D216069122C4B89936211361F9050A717A1E37AD1862E952F
P0124,H2,HISTORICAL_WEATHER,2,0,0,0,CC8CD41CEF907C4D216069122C4B89936211361F9050A717A1E37AD1862E952F
P0125,H2,HISTORICAL_WEATHER,2,0,0,0,CC8CD41CEF907C4D216069122C4B89936211361F9050A717A1E37AD1862E952F
P0126,H2,HISTORICAL_WEATHER,2,0,0,0,CC8CD41CEF907C4D216069122C4B89936211361F9050A717A1E37AD1862E952F
P0127,H2,HISTORICAL_WEATHER,2,0,0,0,CC8CD41CEF907C4D216069122C4B89936211361F9050A717A1E37AD1862E952F
P0128,H2,HISTORICAL_WEATHER,2,0,0,0,CC8CD41CEF907C4D216069122C4B89936211361F9050A717A1E37AD1862E952F
P0129,H2,HISTORICAL_WEATHER,2,0,0,0,CC8CD41CEF907C4D216069122C4B89936211361F9050A717A1E37AD1862E952F
P0130,H2,HISTORICAL_WEATHER,2,4,15,0,CC8CD41CEF907C4D216069122C4B89936211361F9050A717A1E37AD1862E952F
P0131,H2,HISTORICAL_WEATHER,2,0,0,0,3B0E4842B28D6B39EC725A6459FB943F5F1D658F4D0EE991004DD50F2C182F31
P0132,H2,HISTORICAL_WEATHER,2,0,0,0,4CBBD8CA5215B8D161AEC181A74B694F4E24B001D5B081DC0030ED797A8973E0
P0133,H2,HISTORICAL_WEATHER,2,0,0,0,CC8CD41CEF907C4D216069122C4B89936211361F9050A717A1E37AD1862E952F
P0134,H2,HISTORICAL_WEATHER,2,4,15,0,CC8CD41CEF907C4D216069122C4B89936211361F9050A717A1E37AD1862E952F
P0135,H2,HISTORICAL_WEATHER,2,0,0,0,3B0E4842B28D6B39EC725A6459FB943F5F1D658F4D0EE991004DD50F2C182F31
P0136,H2,HISTORICAL_WEATHER,2,0,0,0,4CBBD8CA5215B8D161AEC181A74B694F4E24B001D5B081DC0030ED797A8973E0
P0137,H2,HISTORICAL_WEATHER,2,0,0,0,4CBBD8CA5215B8D161AEC181A74B694F4E24B001D5B081DC0030ED797A8973E0
P0138,H2,HISTORICAL_WEATHER,2,0,0,0,4CBBD8CA5215B8D161AEC181A74B694F4E24B001D5B081DC0030ED797A8973E0
P0139,H2,HISTORICAL_WEATHER,2,0,0,0,4CBBD8CA5215B8D161AEC181A74B694F4E24B001D5B081DC0030ED797A8973E0
P0140,H2,HISTORICAL_WEATHER,2,14,45,80,CC8CD41CEF907C4D216069122C4B89936211361F9050A717A1E37AD1862E952F
P0141,H2,HISTORICAL_WEATHER,2,4,15,0,CC8CD41CEF907C4D216069122C4B89936211361F9050A717A1E37AD1862E952F
P0142,H2,HISTORICAL_WEATHER,2,0,0,0,3B0E4842B28D6B39EC725A6459FB943F5F1D658F4D0EE991004DD50F2C182F31
P0143,H2,HISTORICAL_WEATHER,2,4,15,0,CC8CD41CEF907C4D216069122C4B89936211361F9050A717A1E37AD1862E952F
P0144,H2,HISTORICAL_WEATHER,2,0,0,0,4CBBD8CA5215B8D161AEC181A74B694F4E24B001D5B081DC0030ED797A8973E0
P0145,H2,HISTORICAL_WEATHER,2,0,0,0,4CBBD8CA5215B8D161AEC181A74B694F4E24B001D5B081DC0030ED797A8973E0
P0146,H2,HISTORICAL_WEATHER,2,4,15,0,1B897DDDD4C151E2A2E6E3E91B7EA0F7FC4FD5ED00EF1C9669E8566393A02586
P0147,H2,HISTORICAL_WEATHER,2,0,0,0,4CBBD8CA5215B8D161AEC181A74B694F4E24B001D5B081DC0030ED797A8973E0
P0148,H2,HISTORICAL_WEATHER,2,0,0,0,4CBBD8CA5215B8D161AEC181A74B694F4E24B001D5B081DC0030ED797A8973E0
P0149,H2,HISTORICAL_WEATHER,2,0,0,0,CC8CD41CEF907C4D216069122C4B89936211361F9050A717A1E37AD1862E952F
P0150,H2,HISTORICAL_WEATHER,2,0,0,0,CC8CD41CEF907C4D216069122C4B89936211361F9050A717A1E37AD1862E952F
P0151,H2,HISTORICAL_WEATHER,2,0,0,0,CC8CD41CEF907C4D216069122C4B89936211361F9050A717A1E37AD1862E952F
P0152,H2,HISTORICAL_WEATHER,2,0,0,0,3B0E4842B28D6B39EC725A6459FB943F5F1D658F4D0EE991004DD50F2C182F31
P0153,H2,HISTORICAL_WEATHER,2,0,0,0,3B0E4842B28D6B39EC725A6459FB943F5F1D658F4D0EE991004DD50F2C182F31
P0154,H2,HISTORICAL_WEATHER,2,0,0,0,CC8CD41CEF907C4D216069122C4B89936211361F9050A717A1E37AD1862E952F
P0155,H2,HISTORICAL_WEATHER,2,0,0,0,CC8CD41CEF907C4D216069122C4B89936211361F9050A717A1E37AD1862E952F
P0156,H2,HISTORICAL_WEATHER,2,0,0,0,3B0E4842B28D6B39EC725A6459FB943F5F1D658F4D0EE991004DD50F2C182F31
P0157,H2,HISTORICAL_WEATHER,2,0,0,0,3B0E4842B28D6B39EC725A6459FB943F5F1D658F4D0EE991004DD50F2C182F31
P0158,H2,HISTORICAL_WEATHER,2,0,0,0,3B0E4842B28D6B39EC725A6459FB943F5F1D658F4D0EE991004DD50F2C182F31
P0159,H2,HISTORICAL_WEATHER,2,4,15,0,1B897DDDD4C151E2A2E6E3E91B7EA0F7FC4FD5ED00EF1C9669E8566393A02586
P0160,H2,HISTORICAL_WEATHER,2,0,0,0,3B0E4842B28D6B39EC725A6459FB943F5F1D658F4D0EE991004DD50F2C182F31
P0161,H2,HISTORICAL_WEATHER,2,0,0,0,4CBBD8CA5215B8D161AEC181A74B694F4E24B001D5B081DC0030ED797A8973E0
P0162,H2,HISTORICAL_WEATHER,2,0,0,0,CC8CD41CEF907C4D216069122C4B89936211361F9050A717A1E37AD1862E952F
P0163,H2,HISTORICAL_WEATHER,2,0,0,0,CC8CD41CEF907C4D216069122C4B89936211361F9050A717A1E37AD1862E952F
P0164,H2,HISTORICAL_WEATHER,2,0,0,0,4CBBD8CA5215B8D161AEC181A74B694F4E24B001D5B081DC0030ED797A8973E0
P0165,H2,HISTORICAL_WEATHER,2,0,0,0,CC8CD41CEF907C4D216069122C4B89936211361F9050A717A1E37AD1862E952F
P0166,H2,HISTORICAL_WEATHER,2,0,0,0,3B0E4842B28D6B39EC725A6459FB943F5F1D658F4D0EE991004DD50F2C182F31
P0167,H2,HISTORICAL_WEATHER,2,0,0,0,3B0E4842B28D6B39EC725A6459FB943F5F1D658F4D0EE991004DD50F2C182F31
P0168,H2,HISTORICAL_WEATHER,2,14,45,80,CC8CD41CEF907C4D216069122C4B89936211361F9050A717A1E37AD1862E952F
P0169,H2,HISTORICAL_WEATHER,2,0,0,0,3B0E4842B28D6B39EC725A6459FB943F5F1D658F4D0EE991004DD50F2C182F31
P0170,H2,HISTORICAL_WEATHER,2,0,0,0,3B0E4842B28D6B39EC725A6459FB943F5F1D658F4D0EE991004DD50F2C182F31
P0171,H2,HISTORICAL_WEATHER,2,0,0,0,4CBBD8CA5215B8D161AEC181A74B694F4E24B001D5B081DC0030ED797A8973E0
P0172,H2,HISTORICAL_WEATHER,2,4,15,0,1B897DDDD4C151E2A2E6E3E91B7EA0F7FC4FD5ED00EF1C9669E8566393A02586
P0173,H2,HISTORICAL_WEATHER,2,0,0,0,CC8CD41CEF907C4D216069122C4B89936211361F9050A717A1E37AD1862E952F
P0174,H2,HISTORICAL_WEATHER,2,0,0,0,CC8CD41CEF907C4D216069122C4B89936211361F9050A717A1E37AD1862E952F
P0175,H2,HISTORICAL_WEATHER,2,0,0,0,CC8CD41CEF907C4D216069122C4B89936211361F9050A717A1E37AD1862E952F
P0176,H2,HISTORICAL_WEATHER,2,0,0,0,CC8CD41CEF907C4D216069122C4B89936211361F9050A717A1E37AD1862E952F
P0177,H2,HISTORICAL_WEATHER,2,0,0,0,CC8CD41CEF907C4D216069122C4B89936211361F9050A717A1E37AD1862E952F
P0178,H2,HISTORICAL_WEATHER,2,0,0,0,CC8CD41CEF907C4D216069122C4B89936211361F9050A717A1E37AD1862E952F
P0179,H2,HISTORICAL_WEATHER,2,0,0,0,CC8CD41CEF907C4D216069122C4B89936211361F9050A717A1E37AD1862E952F
P0180,H2,HISTORICAL_WEATHER,2,4,15,0,CC8CD41CEF907C4D216069122C4B89936211361F9050A717A1E37AD1862E952F
P0181,H2,HISTORICAL_WEATHER,2,0,0,0,4B0EBEA5AFB86AFBADF12EEDC5C56E680F4946E61EFE94AD358B6FF89EA5FEC7
P0182,H2,HISTORICAL_WEATHER,2,0,0,0,4B0EBEA5AFB86AFBADF12EEDC5C56E680F4946E61EFE94AD358B6FF89EA5FEC7
P0183,H2,HISTORICAL_WEATHER,2,4,15,0,1B897DDDD4C151E2A2E6E3E91B7EA0F7FC4FD5ED00EF1C9669E8566393A02586
P0184,H2,HISTORICAL_WEATHER,2,0,0,0,CC8CD41CEF907C4D216069122C4B89936211361F9050A717A1E37AD1862E952F
P0185,H2,HISTORICAL_WEATHER,2,4,15,0,CC8CD41CEF907C4D216069122C4B89936211361F9050A717A1E37AD1862E952F
P0186,H2,HISTORICAL_WEATHER,2,4,15,0,1B897DDDD4C151E2A2E6E3E91B7EA0F7FC4FD5ED00EF1C9669E8566393A02586
P0187,H2,HISTORICAL_WEATHER,2,4,15,0,1B897DDDD4C151E2A2E6E3E91B7EA0F7FC4FD5ED00EF1C9669E8566393A02586
P0188,H2,HISTORICAL_WEATHER,2,0,0,0,CC8CD41CEF907C4D216069122C4B89936211361F9050A717A1E37AD1862E952F
P0189,H2,HISTORICAL_WEATHER,2,4,15,0,1B897DDDD4C151E2A2E6E3E91B7EA0F7FC4FD5ED00EF1C9669E8566393A02586
P0190,H2,HISTORICAL_WEATHER,2,4,15,0,1B897DDDD4C151E2A2E6E3E91B7EA0F7FC4FD5ED00EF1C9669E8566393A02586
P0191,H2,HISTORICAL_WEATHER,2,4,15,0,1B897DDDD4C151E2A2E6E3E91B7EA0F7FC4FD5ED00EF1C9669E8566393A02586
P0192,H2,HISTORICAL_WEATHER,2,4,15,0,1B897DDDD4C151E2A2E6E3E91B7EA0F7FC4FD5ED00EF1C9669E8566393A02586
P0193,H2,HISTORICAL_WEATHER,2,4,15,0,1B897DDDD4C151E2A2E6E3E91B7EA0F7FC4FD5ED00EF1C9669E8566393A02586
P0194,H2,HISTORICAL_WEATHER,2,4,15,0,1B897DDDD4C151E2A2E6E3E91B7EA0F7FC4FD5ED00EF1C9669E8566393A02586
P0195,H2,HISTORICAL_WEATHER,2,0,0,0,CC8CD41CEF907C4D216069122C4B89936211361F9050A717A1E37AD1862E952F
P0196,H2,HISTORICAL_WEATHER,2,0,0,0,CC8CD41CEF907C4D216069122C4B89936211361F9050A717A1E37AD1862E952F
P0197,H2,HISTORICAL_WEATHER,2,0,0,0,CC8CD41CEF907C4D216069122C4B89936211361F9050A717A1E37AD1862E952F
P0198,H2,HISTORICAL_WEATHER,2,14,45,80,CC8CD41CEF907C4D216069122C4B89936211361F9050A717A1E37AD1862E952F
P0199,H2,HISTORICAL_WEATHER,2,4,15,0,CC8CD41CEF907C4D216069122C4B89936211361F9050A717A1E37AD1862E952F
P0200,H2,HISTORICAL_WEATHER,2,4,15,0,1B897DDDD4C151E2A2E6E3E91B7EA0F7FC4FD5ED00EF1C9669E8566393A02586
P0201,H2,HISTORICAL_WEATHER,2,4,15,0,1B897DDDD4C151E2A2E6E3E91B7EA0F7FC4FD5ED00EF1C9669E8566393A02586
P0202,H2,HISTORICAL_WEATHER,2,4,15,0,1B897DDDD4C151E2A2E6E3E91B7EA0F7FC4FD5ED00EF1C9669E8566393A02586
P0203,H2,HISTORICAL_WEATHER,2,0,0,0,CC8CD41CEF907C4D216069122C4B89936211361F9050A717A1E37AD1862E952F
P0204,H2,HISTORICAL_WEATHER,2,0,0,0,CC8CD41CEF907C4D216069122C4B89936211361F9050A717A1E37AD1862E952F
P0205,H2,HISTORICAL_WEATHER,2,0,0,0,CC8CD41CEF907C4D216069122C4B89936211361F9050A717A1E37AD1862E952F
P0206,H2,HISTORICAL_WEATHER,2,0,0,0,CC8CD41CEF907C4D216069122C4B89936211361F9050A717A1E37AD1862E952F
P0207,H2,HISTORICAL_WEATHER,2,0,0,0,CC8CD41CEF907C4D216069122C4B89936211361F9050A717A1E37AD1862E952F
P0208,H2,HISTORICAL_WEATHER,2,0,0,0,CC8CD41CEF907C4D216069122C4B89936211361F9050A717A1E37AD1862E952F
P0209,H2,HISTORICAL_WEATHER,2,0,0,0,CC8CD41CEF907C4D216069122C4B89936211361F9050A717A1E37AD1862E952F
P0210,H2,HISTORICAL_WEATHER,2,0,0,0,CC8CD41CEF907C4D216069122C4B89936211361F9050A717A1E37AD1862E952F
P0211,H2,HISTORICAL_WEATHER,2,4,15,0,CC8CD41CEF907C4D216069122C4B89936211361F9050A717A1E37AD1862E952F
P0212,H2,HISTORICAL_WEATHER,2,4,15,0,CC8CD41CEF907C4D216069122C4B89936211361F9050A717A1E37AD1862E952F
P0213,H2,HISTORICAL_WEATHER,2,4,15,0,CC8CD41CEF907C4D216069122C4B89936211361F9050A717A1E37AD1862E952F
P0214,H2,HISTORICAL_WEATHER,2,4,15,0,1B897DDDD4C151E2A2E6E3E91B7EA0F7FC4FD5ED00EF1C9669E8566393A02586
P0215,H2,HISTORICAL_WEATHER,2,0,0,0,4CBBD8CA5215B8D161AEC181A74B694F4E24B001D5B081DC0030ED797A8973E0
P0216,H2,HISTORICAL_WEATHER,2,4,15,0,CC8CD41CEF907C4D216069122C4B89936211361F9050A717A1E37AD1862E952F
P0217,H2,HISTORICAL_WEATHER,2,4,15,0,CC8CD41CEF907C4D216069122C4B89936211361F9050A717A1E37AD1862E952F
P0218,H2,HISTORICAL_WEATHER,2,4,15,0,1B897DDDD4C151E2A2E6E3E91B7EA0F7FC4FD5ED00EF1C9669E8566393A02586
P0219,H2,HISTORICAL_WEATHER,2,0,0,0,CC8CD41CEF907C4D216069122C4B89936211361F9050A717A1E37AD1862E952F
P0220,H2,HISTORICAL_WEATHER,2,4,15,0,CC8CD41CEF907C4D216069122C4B89936211361F9050A717A1E37AD1862E952F
P0221,H2,HISTORICAL_WEATHER,2,0,0,0,CC8CD41CEF907C4D216069122C4B89936211361F9050A717A1E37AD1862E952F
P0222,H2,HISTORICAL_WEATHER,2,0,0,0,CC8CD41CEF907C4D216069122C4B89936211361F9050A717A1E37AD1862E952F
P0223,H2,HISTORICAL_WEATHER,2,0,0,0,CC8CD41CEF907C4D216069122C4B89936211361F9050A717A1E37AD1862E952F
P0224,H2,HISTORICAL_WEATHER,2,0,0,0,CC8CD41CEF907C4D216069122C4B89936211361F9050A717A1E37AD1862E952F
P0225,H2,HISTORICAL_WEATHER,2,0,0,0,CC8CD41CEF907C4D216069122C4B89936211361F9050A717A1E37AD1862E952F
P0226,H2,HISTORICAL_WEATHER,2,0,0,0,CC8CD41CEF907C4D216069122C4B89936211361F9050A717A1E37AD1862E952F
P0227,H2,HISTORICAL_WEATHER,2,4,15,0,CC8CD41CEF907C4D216069122C4B89936211361F9050A717A1E37AD1862E952F
P0228,H2,HISTORICAL_WEATHER,2,4,15,0,1B897DDDD4C151E2A2E6E3E91B7EA0F7FC4FD5ED00EF1C9669E8566393A02586
P0229,H2,HISTORICAL_WEATHER,2,14,45,80,CC8CD41CEF907C4D216069122C4B89936211361F9050A717A1E37AD1862E952F
P0230,H2,HISTORICAL_WEATHER,2,0,0,0,CC8CD41CEF907C4D216069122C4B89936211361F9050A717A1E37AD1862E952F
P0231,H2,HISTORICAL_WEATHER,2,4,15,0,1B897DDDD4C151E2A2E6E3E91B7EA0F7FC4FD5ED00EF1C9669E8566393A02586
P0232,H2,HISTORICAL_WEATHER,2,4,15,0,1B897DDDD4C151E2A2E6E3E91B7EA0F7FC4FD5ED00EF1C9669E8566393A02586
P0233,H2,HISTORICAL_WEATHER,2,4,15,0,1B897DDDD4C151E2A2E6E3E91B7EA0F7FC4FD5ED00EF1C9669E8566393A02586
P0234,H2,HISTORICAL_WEATHER,2,4,15,0,1B897DDDD4C151E2A2E6E3E91B7EA0F7FC4FD5ED00EF1C9669E8566393A02586
P0235,H2,HISTORICAL_WEATHER,2,0,0,0,CC8CD41CEF907C4D216069122C4B89936211361F9050A717A1E37AD1862E952F
P0236,H2,HISTORICAL_WEATHER,2,4,15,0,CC8CD41CEF907C4D216069122C4B89936211361F9050A717A1E37AD1862E952F
P0237,H2,HISTORICAL_WEATHER,2,4,15,0,CC8CD41CEF907C4D216069122C4B89936211361F9050A717A1E37AD1862E952F
P0238,H2,HISTORICAL_WEATHER,2,4,15,0,1B897DDDD4C151E2A2E6E3E91B7EA0F7FC4FD5ED00EF1C9669E8566393A02586
P0239,H2,HISTORICAL_WEATHER,2,0,0,0,4B0EBEA5AFB86AFBADF12EEDC5C56E680F4946E61EFE94AD358B6FF89EA5FEC7
P0240,H2,HISTORICAL_WEATHER,2,4,15,0,CC8CD41CEF907C4D216069122C4B89936211361F9050A717A1E37AD1862E952F
P0241,H2,HISTORICAL_WEATHER,2,4,15,0,1B897DDDD4C151E2A2E6E3E91B7EA0F7FC4FD5ED00EF1C9669E8566393A02586
P0242,H2,HISTORICAL_WEATHER,2,4,15,0,1B897DDDD4C151E2A2E6E3E91B7EA0F7FC4FD5ED00EF1C9669E8566393A02586
P0243,H2,HISTORICAL_WEATHER,2,4,15,0,CC8CD41CEF907C4D216069122C4B89936211361F9050A717A1E37AD1862E952F
P0244,H2,HISTORICAL_WEATHER,2,4,15,0,CC8CD41CEF907C4D216069122C4B89936211361F9050A717A1E37AD1862E952F
P0245,H2,HISTORICAL_WEATHER,2,4,15,0,CC8CD41CEF907C4D216069122C4B89936211361F9050A717A1E37AD1862E952F
P0246,H2,HISTORICAL_WEATHER,2,4,15,0,1B897DDDD4C151E2A2E6E3E91B7EA0F7FC4FD5ED00EF1C9669E8566393A02586
P0247,H2,HISTORICAL_WEATHER,2,0,0,0,CC8CD41CEF907C4D216069122C4B89936211361F9050A717A1E37AD1862E952F
P0248,H2,HISTORICAL_WEATHER,2,0,0,0,CC8CD41CEF907C4D216069122C4B89936211361F9050A717A1E37AD1862E952F
P0249,H2,HISTORICAL_WEATHER,2,0,0,0,CC8CD41CEF907C4D216069122C4B89936211361F9050A717A1E37AD1862E952F
P0250,H2,HISTORICAL_WEATHER,2,0,0,0,CC8CD41CEF907C4D216069122C4B89936211361F9050A717A1E37AD1862E952F
P0251,H2,HISTORICAL_WEATHER,2,0,0,0,CC8CD41CEF907C4D216069122C4B89936211361F9050A717A1E37AD1862E952F
P0252,H2,HISTORICAL_WEATHER,2,0,0,0,CC8CD41CEF907C4D216069122C4B89936211361F9050A717A1E37AD1862E952F
P0253,H2,HISTORICAL_WEATHER,2,0,0,0,CC8CD41CEF907C4D216069122C4B89936211361F9050A717A1E37AD1862E952F
P0254,H2,HISTORICAL_WEATHER,2,0,0,0,CC8CD41CEF907C4D216069122C4B89936211361F9050A717A1E37AD1862E952F
P0255,H2,HISTORICAL_WEATHER,2,0,0,0,CC8CD41CEF907C4D216069122C4B89936211361F9050A717A1E37AD1862E952F
P0256,H2,HISTORICAL_WEATHER,2,0,0,0,CC8CD41CEF907C4D216069122C4B89936211361F9050A717A1E37AD1862E952F
P0257,H2,HISTORICAL_WEATHER,2,0,0,0,CC8CD41CEF907C4D216069122C4B89936211361F9050A717A1E37AD1862E952F
P0258,H2,HISTORICAL_WEATHER,2,0,0,0,4B0EBEA5AFB86AFBADF12EEDC5C56E680F4946E61EFE94AD358B6FF89EA5FEC7
P0259,H2,HISTORICAL_WEATHER,2,0,0,0,4B0EBEA5AFB86AFBADF12EEDC5C56E680F4946E61EFE94AD358B6FF89EA5FEC7
P0260,H2,HISTORICAL_WEATHER,2,4,15,0,CC8CD41CEF907C4D216069122C4B89936211361F9050A717A1E37AD1862E952F
P0261,H2,HISTORICAL_WEATHER,2,14,45,80,CC8CD41CEF907C4D216069122C4B89936211361F9050A717A1E37AD1862E952F
P0262,H2,HISTORICAL_WEATHER,2,14,45,80,CC8CD41CEF907C4D216069122C4B89936211361F9050A717A1E37AD1862E952F
P0263,H2,HISTORICAL_WEATHER,2,0,0,0,CC8CD41CEF907C4D216069122C4B89936211361F9050A717A1E37AD1862E952F
P0264,H2,HISTORICAL_WEATHER,2,0,0,0,CC8CD41CEF907C4D216069122C4B89936211361F9050A717A1E37AD1862E952F
P0265,H2,HISTORICAL_WEATHER,2,0,0,0,CC8CD41CEF907C4D216069122C4B89936211361F9050A717A1E37AD1862E952F
P0266,H2,HISTORICAL_WEATHER,2,0,0,0,CC8CD41CEF907C4D216069122C4B89936211361F9050A717A1E37AD1862E952F
P0267,H2,HISTORICAL_WEATHER,2,4,15,0,1B897DDDD4C151E2A2E6E3E91B7EA0F7FC4FD5ED00EF1C9669E8566393A02586
P0268,H2,HISTORICAL_WEATHER,2,4,15,0,1B897DDDD4C151E2A2E6E3E91B7EA0F7FC4FD5ED00EF1C9669E8566393A02586
P0269,H2,HISTORICAL_WEATHER,2,4,15,0,1B897DDDD4C151E2A2E6E3E91B7EA0F7FC4FD5ED00EF1C9669E8566393A02586
P0270,H2,HISTORICAL_WEATHER,2,0,0,0,4B0EBEA5AFB86AFBADF12EEDC5C56E680F4946E61EFE94AD358B6FF89EA5FEC7
P0271,H2,HISTORICAL_WEATHER,2,4,15,0,CC8CD41CEF907C4D216069122C4B89936211361F9050A717A1E37AD1862E952F
P0272,H2,HISTORICAL_WEATHER,2,4,15,0,1B897DDDD4C151E2A2E6E3E91B7EA0F7FC4FD5ED00EF1C9669E8566393A02586
P0273,H2,HISTORICAL_WEATHER,2,0,0,0,4B0EBEA5AFB86AFBADF12EEDC5C56E680F4946E61EFE94AD358B6FF89EA5FEC7
P0274,H2,HISTORICAL_WEATHER,2,4,15,0,1B897DDDD4C151E2A2E6E3E91B7EA0F7FC4FD5ED00EF1C9669E8566393A02586
P0275,H2,HISTORICAL_WEATHER,2,0,0,0,CC8CD41CEF907C4D216069122C4B89936211361F9050A717A1E37AD1862E952F
P0276,H2,HISTORICAL_WEATHER,2,4,15,0,CC8CD41CEF907C4D216069122C4B89936211361F9050A717A1E37AD1862E952F
P0277,H2,HISTORICAL_WEATHER,2,0,0,0,CC8CD41CEF907C4D216069122C4B89936211361F9050A717A1E37AD1862E952F
P0278,H2,HISTORICAL_WEATHER,2,0,0,0,CC8CD41CEF907C4D216069122C4B89936211361F9050A717A1E37AD1862E952F
P0279,H2,HISTORICAL_WEATHER,2,4,15,0,CC8CD41CEF907C4D216069122C4B89936211361F9050A717A1E37AD1862E952F
P0280,H2,HISTORICAL_WEATHER,2,4,15,0,1B897DDDD4C151E2A2E6E3E91B7EA0F7FC4FD5ED00EF1C9669E8566393A02586
P0281,H2,HISTORICAL_WEATHER,2,4,15,0,1B897DDDD4C151E2A2E6E3E91B7EA0F7FC4FD5ED00EF1C9669E8566393A02586
P0282,H2,HISTORICAL_WEATHER,2,4,15,0,1B897DDDD4C151E2A2E6E3E91B7EA0F7FC4FD5ED00EF1C9669E8566393A02586
P0283,H2,HISTORICAL_WEATHER,2,0,0,0,CC8CD41CEF907C4D216069122C4B89936211361F9050A717A1E37AD1862E952F
P0284,H2,HISTORICAL_WEATHER,2,0,0,0,CC8CD41CEF907C4D216069122C4B89936211361F9050A717A1E37AD1862E952F
P0285,H2,HISTORICAL_WEATHER,2,0,0,0,CC8CD41CEF907C4D216069122C4B89936211361F9050A717A1E37AD1862E952F
P0286,H2,HISTORICAL_WEATHER,2,0,0,0,CC8CD41CEF907C4D216069122C4B89936211361F9050A717A1E37AD1862E952F
P0287,H2,HISTORICAL_WEATHER,2,0,0,0,CC8CD41CEF907C4D216069122C4B89936211361F9050A717A1E37AD1862E952F
P0288,H2,HISTORICAL_WEATHER,2,0,0,0,CC8CD41CEF907C4D216069122C4B89936211361F9050A717A1E37AD1862E952F
P0289,H2,HISTORICAL_WEATHER,2,0,0,0,CC8CD41CEF907C4D216069122C4B89936211361F9050A717A1E37AD1862E952F
P0290,H2,HISTORICAL_WEATHER,2,0,0,0,CC8CD41CEF907C4D216069122C4B89936211361F9050A717A1E37AD1862E952F
P0291,H2,HISTORICAL_WEATHER,2,0,0,0,CC8CD41CEF907C4D216069122C4B89936211361F9050A717A1E37AD1862E952F
P0292,H2,HISTORICAL_WEATHER,2,4,15,0,CC8CD41CEF907C4D216069122C4B89936211361F9050A717A1E37AD1862E952F
P0293,H2,HISTORICAL_WEATHER,2,4,15,0,CC8CD41CEF907C4D216069122C4B89936211361F9050A717A1E37AD1862E952F
P0294,H2,HISTORICAL_WEATHER,2,0,0,0,CC8CD41CEF907C4D216069122C4B89936211361F9050A717A1E37AD1862E952F
P0295,H2,HISTORICAL_WEATHER,2,0,0,0,CC8CD41CEF907C4D216069122C4B89936211361F9050A717A1E37AD1862E952F
P0296,H2,HISTORICAL_WEATHER,2,4,15,0,CC8CD41CEF907C4D216069122C4B89936211361F9050A717A1E37AD1862E952F
P0297,H2,HISTORICAL_WEATHER,2,4,15,0,CC8CD41CEF907C4D216069122C4B89936211361F9050A717A1E37AD1862E952F
P0298,H2,HISTORICAL_WEATHER,2,4,15,0,CC8CD41CEF907C4D216069122C4B89936211361F9050A717A1E37AD1862E952F
P0299,H2,HISTORICAL_WEATHER,2,4,15,0,CC8CD41CEF907C4D216069122C4B89936211361F9050A717A1E37AD1862E952F
P0300,H2,HISTORICAL_WEATHER,2,0,0,0,4B0EBEA5AFB86AFBADF12EEDC5C56E680F4946E61EFE94AD358B6FF89EA5FEC7
P0301,H2,HISTORICAL_WEATHER,2,0,0,0,CC8CD41CEF907C4D216069122C4B89936211361F9050A717A1E37AD1862E952F
P0302,H2,HISTORICAL_WEATHER,2,0,0,0,CC8CD41CEF907C4D216069122C4B89936211361F9050A717A1E37AD1862E952F
P0303,H2,HISTORICAL_WEATHER,2,0,0,0,CC8CD41CEF907C4D216069122C4B89936211361F9050A717A1E37AD1862E952F
P0304,H2,HISTORICAL_WEATHER,2,0,0,0,CC8CD41CEF907C4D216069122C4B89936211361F9050A717A1E37AD1862E952F
P0305,H2,HISTORICAL_WEATHER,2,0,0,0,4B0EBEA5AFB86AFBADF12EEDC5C56E680F4946E61EFE94AD358B6FF89EA5FEC7
P0306,H2,HISTORICAL_WEATHER,2,0,0,0,CC8CD41CEF907C4D216069122C4B89936211361F9050A717A1E37AD1862E952F
P0307,H2,HISTORICAL_WEATHER,2,0,0,0,CC8CD41CEF907C4D216069122C4B89936211361F9050A717A1E37AD1862E952F
P0308,H2,HISTORICAL_WEATHER,2,0,0,0,CC8CD41CEF907C4D216069122C4B89936211361F9050A717A1E37AD1862E952F
P0309,H2,HISTORICAL_WEATHER,2,0,0,0,CC8CD41CEF907C4D216069122C4B89936211361F9050A717A1E37AD1862E952F
P0310,H2,HISTORICAL_WEATHER,2,0,0,0,CC8CD41CEF907C4D216069122C4B89936211361F9050A717A1E37AD1862E952F
P0311,H2,HISTORICAL_WEATHER,2,4,15,0,1B897DDDD4C151E2A2E6E3E91B7EA0F7FC4FD5ED00EF1C9669E8566393A02586
P0312,H2,HISTORICAL_WEATHER,2,0,0,0,CC8CD41CEF907C4D216069122C4B89936211361F9050A717A1E37AD1862E952F
P0313,H2,HISTORICAL_WEATHER,2,4,15,0,1B897DDDD4C151E2A2E6E3E91B7EA0F7FC4FD5ED00EF1C9669E8566393A02586
P0314,H2,HISTORICAL_WEATHER,2,4,15,0,1B897DDDD4C151E2A2E6E3E91B7EA0F7FC4FD5ED00EF1C9669E8566393A02586
P0315,H2,HISTORICAL_WEATHER,2,4,15,0,1B897DDDD4C151E2A2E6E3E91B7EA0F7FC4FD5ED00EF1C9669E8566393A02586
P0316,H2,HISTORICAL_WEATHER,2,14,45,80,CC8CD41CEF907C4D216069122C4B89936211361F9050A717A1E37AD1862E952F
P0317,H2,HISTORICAL_WEATHER,2,0,0,0,CC8CD41CEF907C4D216069122C4B89936211361F9050A717A1E37AD1862E952F
P0318,H2,HISTORICAL_WEATHER,2,4,15,0,CC8CD41CEF907C4D216069122C4B89936211361F9050A717A1E37AD1862E952F
P0319,H2,HISTORICAL_WEATHER,2,4,15,0,CC8CD41CEF907C4D216069122C4B89936211361F9050A717A1E37AD1862E952F
P0320,H2,HISTORICAL_WEATHER,2,4,15,0,1B897DDDD4C151E2A2E6E3E91B7EA0F7FC4FD5ED00EF1C9669E8566393A02586
P0321,H2,HISTORICAL_WEATHER,2,0,0,0,CC8CD41CEF907C4D216069122C4B89936211361F9050A717A1E37AD1862E952F
P0322,H2,HISTORICAL_WEATHER,2,0,0,0,CC8CD41CEF907C4D216069122C4B89936211361F9050A717A1E37AD1862E952F
P0323,H2,HISTORICAL_WEATHER,2,4,15,0,CC8CD41CEF907C4D216069122C4B89936211361F9050A717A1E37AD1862E952F
P0324,H2,HISTORICAL_WEATHER,2,4,15,0,CC8CD41CEF907C4D216069122C4B89936211361F9050A717A1E37AD1862E952F
P0325,H2,HISTORICAL_WEATHER,2,4,15,0,CC8CD41CEF907C4D216069122C4B89936211361F9050A717A1E37AD1862E952F
P0326,H2,HISTORICAL_WEATHER,2,4,15,0,CC8CD41CEF907C4D216069122C4B89936211361F9050A717A1E37AD1862E952F
P0327,H2,HISTORICAL_WEATHER,2,4,15,0,CC8CD41CEF907C4D216069122C4B89936211361F9050A717A1E37AD1862E952F
P0328,H2,HISTORICAL_WEATHER,2,0,0,0,0EF6657F1EF3D57D3039B838837EE670569C55FAEC16004B220C894540BCD97D
P0329,H2,HISTORICAL_WEATHER,2,0,0,0,0EF6657F1EF3D57D3039B838837EE670569C55FAEC16004B220C894540BCD97D
P0330,H2,HISTORICAL_WEATHER,2,0,0,0,0EF6657F1EF3D57D3039B838837EE670569C55FAEC16004B220C894540BCD97D
P0331,H2,HISTORICAL_WEATHER,2,4,15,0,0EF6657F1EF3D57D3039B838837EE670569C55FAEC16004B220C894540BCD97D
P0332,H2,HISTORICAL_WEATHER,2,0,0,0,0EF6657F1EF3D57D3039B838837EE670569C55FAEC16004B220C894540BCD97D
P0333,H2,HISTORICAL_WEATHER,2,0,0,0,0EF6657F1EF3D57D3039B838837EE670569C55FAEC16004B220C894540BCD97D
P0334,H2,HISTORICAL_WEATHER,2,0,0,0,0EF6657F1EF3D57D3039B838837EE670569C55FAEC16004B220C894540BCD97D
P0335,H2,HISTORICAL_WEATHER,2,0,0,0,0EF6657F1EF3D57D3039B838837EE670569C55FAEC16004B220C894540BCD97D
P0336,H2,HISTORICAL_WEATHER,2,0,0,0,0EF6657F1EF3D57D3039B838837EE670569C55FAEC16004B220C894540BCD97D
P0337,H2,HISTORICAL_WEATHER,2,0,0,0,0EF6657F1EF3D57D3039B838837EE670569C55FAEC16004B220C894540BCD97D
P0338,H2,HISTORICAL_WEATHER,2,14,45,80,CC8CD41CEF907C4D216069122C4B89936211361F9050A717A1E37AD1862E952F
P0339,H2,HISTORICAL_WEATHER,2,0,0,0,A020B7F8043620B11605E4B25E35803538E4679D5F7A9E6AE90300BF28791989
P0340,H2,HISTORICAL_WEATHER,2,0,0,0,A020B7F8043620B11605E4B25E35803538E4679D5F7A9E6AE90300BF28791989
P0341,H2,HISTORICAL_WEATHER,2,0,0,0,0EF6657F1EF3D57D3039B838837EE670569C55FAEC16004B220C894540BCD97D
P0342,H2,HISTORICAL_WEATHER,2,0,0,0,0EF6657F1EF3D57D3039B838837EE670569C55FAEC16004B220C894540BCD97D
P0343,H2,HISTORICAL_WEATHER,2,4,15,0,0EF6657F1EF3D57D3039B838837EE670569C55FAEC16004B220C894540BCD97D
P0344,H2,HISTORICAL_WEATHER,2,14,45,80,CC8CD41CEF907C4D216069122C4B89936211361F9050A717A1E37AD1862E952F
P0345,H2,HISTORICAL_WEATHER,2,0,0,0,A020B7F8043620B11605E4B25E35803538E4679D5F7A9E6AE90300BF28791989
P0346,H2,HISTORICAL_WEATHER,2,0,0,0,A020B7F8043620B11605E4B25E35803538E4679D5F7A9E6AE90300BF28791989
P0347,H2,HISTORICAL_WEATHER,2,4,15,0,0EF6657F1EF3D57D3039B838837EE670569C55FAEC16004B220C894540BCD97D
P0348,H2,HISTORICAL_WEATHER,2,0,0,0,4CBBD8CA5215B8D161AEC181A74B694F4E24B001D5B081DC0030ED797A8973E0
P0349,H2,HISTORICAL_WEATHER,2,4,15,0,0EF6657F1EF3D57D3039B838837EE670569C55FAEC16004B220C894540BCD97D
P0350,H2,HISTORICAL_WEATHER,2,14,45,80,CC8CD41CEF907C4D216069122C4B89936211361F9050A717A1E37AD1862E952F
P0351,H2,HISTORICAL_WEATHER,2,14,45,80,CC8CD41CEF907C4D216069122C4B89936211361F9050A717A1E37AD1862E952F
P0352,H2,HISTORICAL_WEATHER,2,0,0,0,0EF6657F1EF3D57D3039B838837EE670569C55FAEC16004B220C894540BCD97D
P0353,H2,HISTORICAL_WEATHER,2,14,45,80,CC8CD41CEF907C4D216069122C4B89936211361F9050A717A1E37AD1862E952F
P0354,H2,HISTORICAL_WEATHER,2,0,0,0,4CBBD8CA5215B8D161AEC181A74B694F4E24B001D5B081DC0030ED797A8973E0
P0355,H2,HISTORICAL_WEATHER,2,0,0,0,0EF6657F1EF3D57D3039B838837EE670569C55FAEC16004B220C894540BCD97D
P0356,H2,HISTORICAL_WEATHER,2,0,0,0,0EF6657F1EF3D57D3039B838837EE670569C55FAEC16004B220C894540BCD97D
P0357,H2,HISTORICAL_WEATHER,2,0,0,0,0EF6657F1EF3D57D3039B838837EE670569C55FAEC16004B220C894540BCD97D
P0358,H2,HISTORICAL_WEATHER,2,0,0,0,0EF6657F1EF3D57D3039B838837EE670569C55FAEC16004B220C894540BCD97D
P0359,H2,HISTORICAL_WEATHER,2,0,0,0,0EF6657F1EF3D57D3039B838837EE670569C55FAEC16004B220C894540BCD97D
P0360,H2,HISTORICAL_WEATHER,2,0,0,0,0EF6657F1EF3D57D3039B838837EE670569C55FAEC16004B220C894540BCD97D
P0361,H2,HISTORICAL_WEATHER,2,0,0,0,0EF6657F1EF3D57D3039B838837EE670569C55FAEC16004B220C894540BCD97D
P0362,H2,HISTORICAL_WEATHER,2,0,0,0,0EF6657F1EF3D57D3039B838837EE670569C55FAEC16004B220C894540BCD97D
P0363,H2,HISTORICAL_WEATHER,2,0,0,0,0EF6657F1EF3D57D3039B838837EE670569C55FAEC16004B220C894540BCD97D
P0364,H2,HISTORICAL_WEATHER,2,0,0,0,0EF6657F1EF3D57D3039B838837EE670569C55FAEC16004B220C894540BCD97D
P0365,H2,HISTORICAL_WEATHER,2,0,0,0,0EF6657F1EF3D57D3039B838837EE670569C55FAEC16004B220C894540BCD97D
P0366,H2,HISTORICAL_WEATHER,2,0,0,0,0EF6657F1EF3D57D3039B838837EE670569C55FAEC16004B220C894540BCD97D
P0367,H2,HISTORICAL_WEATHER,2,0,0,0,0EF6657F1EF3D57D3039B838837EE670569C55FAEC16004B220C894540BCD97D
P0368,H2,HISTORICAL_WEATHER,2,0,0,0,0EF6657F1EF3D57D3039B838837EE670569C55FAEC16004B220C894540BCD97D
P0369,H2,HISTORICAL_WEATHER,2,4,15,0,0EF6657F1EF3D57D3039B838837EE670569C55FAEC16004B220C894540BCD97D
P0370,H2,HISTORICAL_WEATHER,2,4,15,0,0EF6657F1EF3D57D3039B838837EE670569C55FAEC16004B220C894540BCD97D
P0371,H2,HISTORICAL_WEATHER,2,4,15,0,1B897DDDD4C151E2A2E6E3E91B7EA0F7FC4FD5ED00EF1C9669E8566393A02586
P0372,H2,HISTORICAL_WEATHER,2,4,15,0,1B897DDDD4C151E2A2E6E3E91B7EA0F7FC4FD5ED00EF1C9669E8566393A02586
P0373,H2,HISTORICAL_WEATHER,2,0,0,0,4CBBD8CA5215B8D161AEC181A74B694F4E24B001D5B081DC0030ED797A8973E0
P0374,H2,HISTORICAL_WEATHER,2,4,15,0,0EF6657F1EF3D57D3039B838837EE670569C55FAEC16004B220C894540BCD97D
P0375,H2,HISTORICAL_WEATHER,2,4,15,0,0EF6657F1EF3D57D3039B838837EE670569C55FAEC16004B220C894540BCD97D
P0376,H2,HISTORICAL_WEATHER,2,4,15,0,1B897DDDD4C151E2A2E6E3E91B7EA0F7FC4FD5ED00EF1C9669E8566393A02586
P0377,H2,HISTORICAL_WEATHER,2,14,45,80,CC8CD41CEF907C4D216069122C4B89936211361F9050A717A1E37AD1862E952F
P0378,H2,HISTORICAL_WEATHER,2,0,0,0,4CBBD8CA5215B8D161AEC181A74B694F4E24B001D5B081DC0030ED797A8973E0
P0379,H2,HISTORICAL_WEATHER,2,0,0,0,0EF6657F1EF3D57D3039B838837EE670569C55FAEC16004B220C894540BCD97D
P0380,H2,HISTORICAL_WEATHER,2,0,0,0,0EF6657F1EF3D57D3039B838837EE670569C55FAEC16004B220C894540BCD97D
P0381,H2,HISTORICAL_WEATHER,2,0,0,0,A2AE27368CB8E5358848B174FE9B8BF042D393E0B54D4463130C40AED4CA569B
P0382,H2,HISTORICAL_WEATHER,2,0,0,0,A2AE27368CB8E5358848B174FE9B8BF042D393E0B54D4463130C40AED4CA569B
P0383,H2,HISTORICAL_WEATHER,2,0,0,0,A2AE27368CB8E5358848B174FE9B8BF042D393E0B54D4463130C40AED4CA569B
P0384,H2,HISTORICAL_WEATHER,2,14,45,80,CC8CD41CEF907C4D216069122C4B89936211361F9050A717A1E37AD1862E952F
P0385,H2,HISTORICAL_WEATHER,2,0,0,0,4CBBD8CA5215B8D161AEC181A74B694F4E24B001D5B081DC0030ED797A8973E0
P0386,H2,HISTORICAL_WEATHER,2,4,15,0,1B897DDDD4C151E2A2E6E3E91B7EA0F7FC4FD5ED00EF1C9669E8566393A02586
P0387,H2,HISTORICAL_WEATHER,2,14,45,80,CC8CD41CEF907C4D216069122C4B89936211361F9050A717A1E37AD1862E952F
P0388,H2,HISTORICAL_WEATHER,2,0,0,0,4CBBD8CA5215B8D161AEC181A74B694F4E24B001D5B081DC0030ED797A8973E0
P0389,H2,HISTORICAL_WEATHER,2,0,0,0,A020B7F8043620B11605E4B25E35803538E4679D5F7A9E6AE90300BF28791989
P0390,H2,HISTORICAL_WEATHER,2,14,45,80,CC8CD41CEF907C4D216069122C4B89936211361F9050A717A1E37AD1862E952F
P0391,H2,HISTORICAL_WEATHER,2,4,15,0,A2AE27368CB8E5358848B174FE9B8BF042D393E0B54D4463130C40AED4CA569B
P0392,H2,HISTORICAL_WEATHER,2,4,15,0,A2AE27368CB8E5358848B174FE9B8BF042D393E0B54D4463130C40AED4CA569B
P0393,H2,HISTORICAL_WEATHER,2,4,15,0,1B897DDDD4C151E2A2E6E3E91B7EA0F7FC4FD5ED00EF1C9669E8566393A02586
P0394,H2,HISTORICAL_WEATHER,2,4,15,0,CC8CD41CEF907C4D216069122C4B89936211361F9050A717A1E37AD1862E952F
P0395,H2,HISTORICAL_WEATHER,2,0,0,0,4CBBD8CA5215B8D161AEC181A74B694F4E24B001D5B081DC0030ED797A8973E0
P0396,H2,HISTORICAL_WEATHER,2,0,0,0,CC8CD41CEF907C4D216069122C4B89936211361F9050A717A1E37AD1862E952F
P0397,H2,HISTORICAL_WEATHER,2,4,15,0,CC8CD41CEF907C4D216069122C4B89936211361F9050A717A1E37AD1862E952F
P0398,H2,HISTORICAL_WEATHER,2,0,0,0,0EF6657F1EF3D57D3039B838837EE670569C55FAEC16004B220C894540BCD97D
P0399,H2,HISTORICAL_WEATHER,2,0,0,0,CC8CD41CEF907C4D216069122C4B89936211361F9050A717A1E37AD1862E952F
P0400,H2,HISTORICAL_WEATHER,2,0,0,0,4CBBD8CA5215B8D161AEC181A74B694F4E24B001D5B081DC0030ED797A8973E0
P0401,H2,HISTORICAL_WEATHER,2,0,0,0,4B0EBEA5AFB86AFBADF12EEDC5C56E680F4946E61EFE94AD358B6FF89EA5FEC7
P0402,H2,HISTORICAL_WEATHER,2,4,15,0,1B897DDDD4C151E2A2E6E3E91B7EA0F7FC4FD5ED00EF1C9669E8566393A02586
P0403,H2,HISTORICAL_WEATHER,2,0,0,0,CC8CD41CEF907C4D216069122C4B89936211361F9050A717A1E37AD1862E952F
P0404,H2,HISTORICAL_WEATHER,2,0,0,0,A020B7F8043620B11605E4B25E35803538E4679D5F7A9E6AE90300BF28791989
P0405,H2,HISTORICAL_WEATHER,2,0,0,0,4CBBD8CA5215B8D161AEC181A74B694F4E24B001D5B081DC0030ED797A8973E0
P0406,H2,HISTORICAL_WEATHER,2,0,0,0,CC8CD41CEF907C4D216069122C4B89936211361F9050A717A1E37AD1862E952F
P0407,H2,HISTORICAL_WEATHER,2,0,0,0,CC8CD41CEF907C4D216069122C4B89936211361F9050A717A1E37AD1862E952F
P0408,H2,HISTORICAL_WEATHER,2,0,0,0,4CBBD8CA5215B8D161AEC181A74B694F4E24B001D5B081DC0030ED797A8973E0
P0409,H2,HISTORICAL_WEATHER,2,0,0,0,4B0EBEA5AFB86AFBADF12EEDC5C56E680F4946E61EFE94AD358B6FF89EA5FEC7
P0410,H2,HISTORICAL_WEATHER,2,0,0,0,4B0EBEA5AFB86AFBADF12EEDC5C56E680F4946E61EFE94AD358B6FF89EA5FEC7
P0411,H2,HISTORICAL_WEATHER,2,0,0,0,A2AE27368CB8E5358848B174FE9B8BF042D393E0B54D4463130C40AED4CA569B
P0412,H2,HISTORICAL_WEATHER,2,0,0,0,4B0EBEA5AFB86AFBADF12EEDC5C56E680F4946E61EFE94AD358B6FF89EA5FEC7
P0413,H2,HISTORICAL_WEATHER,2,0,0,0,CC8CD41CEF907C4D216069122C4B89936211361F9050A717A1E37AD1862E952F
P0414,H2,HISTORICAL_WEATHER,2,0,0,0,4CBBD8CA5215B8D161AEC181A74B694F4E24B001D5B081DC0030ED797A8973E0
P0415,H2,HISTORICAL_WEATHER,2,0,0,0,4CBBD8CA5215B8D161AEC181A74B694F4E24B001D5B081DC0030ED797A8973E0
P0416,H2,HISTORICAL_WEATHER,2,4,15,0,A2AE27368CB8E5358848B174FE9B8BF042D393E0B54D4463130C40AED4CA569B
P0417,H2,HISTORICAL_WEATHER,2,0,0,0,CC8CD41CEF907C4D216069122C4B89936211361F9050A717A1E37AD1862E952F
P0418,H2,HISTORICAL_WEATHER,2,0,0,0,4CBBD8CA5215B8D161AEC181A74B694F4E24B001D5B081DC0030ED797A8973E0
P0419,H2,HISTORICAL_WEATHER,2,0,0,0,CC8CD41CEF907C4D216069122C4B89936211361F9050A717A1E37AD1862E952F
P0420,H2,HISTORICAL_WEATHER,2,0,0,0,CC8CD41CEF907C4D216069122C4B89936211361F9050A717A1E37AD1862E952F
P0421,H2,HISTORICAL_WEATHER,2,0,0,0,CC8CD41CEF907C4D216069122C4B89936211361F9050A717A1E37AD1862E952F
P0422,H2,HISTORICAL_WEATHER,2,4,15,0,0EF6657F1EF3D57D3039B838837EE670569C55FAEC16004B220C894540BCD97D
P0423,H2,HISTORICAL_WEATHER,2,0,0,0,0EF6657F1EF3D57D3039B838837EE670569C55FAEC16004B220C894540BCD97D
P0424,H2,HISTORICAL_WEATHER,2,0,0,0,CC8CD41CEF907C4D216069122C4B89936211361F9050A717A1E37AD1862E952F
P0425,H2,HISTORICAL_WEATHER,2,0,0,0,4CBBD8CA5215B8D161AEC181A74B694F4E24B001D5B081DC0030ED797A8973E0
P0426,H2,HISTORICAL_WEATHER,2,0,0,0,4CBBD8CA5215B8D161AEC181A74B694F4E24B001D5B081DC0030ED797A8973E0
P0427,H2,HISTORICAL_WEATHER,2,0,0,0,A020B7F8043620B11605E4B25E35803538E4679D5F7A9E6AE90300BF28791989
P0428,H2,HISTORICAL_WEATHER,2,0,0,0,CC8CD41CEF907C4D216069122C4B89936211361F9050A717A1E37AD1862E952F
P0429,H2,HISTORICAL_WEATHER,2,0,0,0,4CBBD8CA5215B8D161AEC181A74B694F4E24B001D5B081DC0030ED797A8973E0
P0430,H2,HISTORICAL_WEATHER,2,4,15,0,1B897DDDD4C151E2A2E6E3E91B7EA0F7FC4FD5ED00EF1C9669E8566393A02586
P0431,H2,HISTORICAL_WEATHER,2,0,0,0,4CBBD8CA5215B8D161AEC181A74B694F4E24B001D5B081DC0030ED797A8973E0
P0432,H2,HISTORICAL_WEATHER,2,0,0,0,4CBBD8CA5215B8D161AEC181A74B694F4E24B001D5B081DC0030ED797A8973E0
P0433,H2,HISTORICAL_WEATHER,2,0,0,0,CC8CD41CEF907C4D216069122C4B89936211361F9050A717A1E37AD1862E952F
P0434,H2,HISTORICAL_WEATHER,2,0,0,0,4CBBD8CA5215B8D161AEC181A74B694F4E24B001D5B081DC0030ED797A8973E0
P0435,H2,HISTORICAL_WEATHER,2,0,0,0,4B0EBEA5AFB86AFBADF12EEDC5C56E680F4946E61EFE94AD358B6FF89EA5FEC7
P0436,H2,HISTORICAL_WEATHER,2,0,0,0,4CBBD8CA5215B8D161AEC181A74B694F4E24B001D5B081DC0030ED797A8973E0
P0437,H2,HISTORICAL_WEATHER,2,0,0,0,CC8CD41CEF907C4D216069122C4B89936211361F9050A717A1E37AD1862E952F
P0438,H2,HISTORICAL_WEATHER,2,0,0,0,0EF6657F1EF3D57D3039B838837EE670569C55FAEC16004B220C894540BCD97D
P0439,H2,HISTORICAL_WEATHER,2,0,0,0,CC8CD41CEF907C4D216069122C4B89936211361F9050A717A1E37AD1862E952F
P0440,H2,HISTORICAL_WEATHER,2,0,0,0,A020B7F8043620B11605E4B25E35803538E4679D5F7A9E6AE90300BF28791989
P0441,H2,HISTORICAL_WEATHER,2,0,0,0,CC8CD41CEF907C4D216069122C4B89936211361F9050A717A1E37AD1862E952F
P0442,H2,HISTORICAL_WEATHER,2,0,0,0,4B0EBEA5AFB86AFBADF12EEDC5C56E680F4946E61EFE94AD358B6FF89EA5FEC7
P0443,H2,HISTORICAL_WEATHER,2,0,0,0,4CBBD8CA5215B8D161AEC181A74B694F4E24B001D5B081DC0030ED797A8973E0
P0444,H2,HISTORICAL_WEATHER,2,0,0,0,3B0E4842B28D6B39EC725A6459FB943F5F1D658F4D0EE991004DD50F2C182F31
P0445,H2,HISTORICAL_WEATHER,2,0,0,0,CC8CD41CEF907C4D216069122C4B89936211361F9050A717A1E37AD1862E952F
P0446,H2,HISTORICAL_WEATHER,2,0,0,0,4CBBD8CA5215B8D161AEC181A74B694F4E24B001D5B081DC0030ED797A8973E0
P0447,H2,HISTORICAL_WEATHER,2,0,0,0,A2AE27368CB8E5358848B174FE9B8BF042D393E0B54D4463130C40AED4CA569B
P0448,H2,HISTORICAL_WEATHER,2,0,0,0,4CBBD8CA5215B8D161AEC181A74B694F4E24B001D5B081DC0030ED797A8973E0
P0449,H2,HISTORICAL_WEATHER,2,0,0,0,4CBBD8CA5215B8D161AEC181A74B694F4E24B001D5B081DC0030ED797A8973E0
P0450,H2,HISTORICAL_WEATHER,2,0,0,0,4B0EBEA5AFB86AFBADF12EEDC5C56E680F4946E61EFE94AD358B6FF89EA5FEC7
P0451,H2,HISTORICAL_WEATHER,2,0,0,0,4CBBD8CA5215B8D161AEC181A74B694F4E24B001D5B081DC0030ED797A8973E0
P0452,H2,HISTORICAL_WEATHER,2,0,0,0,4CBBD8CA5215B8D161AEC181A74B694F4E24B001D5B081DC0030ED797A8973E0
P0453,H2,HISTORICAL_WEATHER,2,0,0,0,4CBBD8CA5215B8D161AEC181A74B694F4E24B001D5B081DC0030ED797A8973E0
P0454,H2,HISTORICAL_WEATHER,2,0,0,0,CC8CD41CEF907C4D216069122C4B89936211361F9050A717A1E37AD1862E952F
P0455,H2,HISTORICAL_WEATHER,2,0,0,0,4CBBD8CA5215B8D161AEC181A74B694F4E24B001D5B081DC0030ED797A8973E0
P0456,H2,HISTORICAL_WEATHER,2,4,15,0,CC8CD41CEF907C4D216069122C4B89936211361F9050A717A1E37AD1862E952F
P0457,H2,HISTORICAL_WEATHER,2,0,0,0,CC8CD41CEF907C4D216069122C4B89936211361F9050A717A1E37AD1862E952F
P0458,H2,HISTORICAL_WEATHER,2,0,0,0,4B0EBEA5AFB86AFBADF12EEDC5C56E680F4946E61EFE94AD358B6FF89EA5FEC7
P0459,H2,HISTORICAL_WEATHER,2,4,15,0,1B897DDDD4C151E2A2E6E3E91B7EA0F7FC4FD5ED00EF1C9669E8566393A02586
P0460,H2,HISTORICAL_WEATHER,2,0,0,0,A2AE27368CB8E5358848B174FE9B8BF042D393E0B54D4463130C40AED4CA569B
P0461,H2,HISTORICAL_WEATHER,2,0,0,0,CC8CD41CEF907C4D216069122C4B89936211361F9050A717A1E37AD1862E952F
P0462,H2,HISTORICAL_WEATHER,2,0,0,0,1B897DDDD4C151E2A2E6E3E91B7EA0F7FC4FD5ED00EF1C9669E8566393A02586
P0463,H2,HISTORICAL_WEATHER,2,0,0,0,CC8CD41CEF907C4D216069122C4B89936211361F9050A717A1E37AD1862E952F
P0464,H2,HISTORICAL_WEATHER,2,0,0,0,4B0EBEA5AFB86AFBADF12EEDC5C56E680F4946E61EFE94AD358B6FF89EA5FEC7
P0465,H2,HISTORICAL_WEATHER,2,0,0,0,CC8CD41CEF907C4D216069122C4B89936211361F9050A717A1E37AD1862E952F
P0466,H2,HISTORICAL_WEATHER,2,0,0,0,CC8CD41CEF907C4D216069122C4B89936211361F9050A717A1E37AD1862E952F
P0467,H2,HISTORICAL_WEATHER,2,0,0,0,4B0EBEA5AFB86AFBADF12EEDC5C56E680F4946E61EFE94AD358B6FF89EA5FEC7
P0468,H2,HISTORICAL_WEATHER,2,0,0,0,CC8CD41CEF907C4D216069122C4B89936211361F9050A717A1E37AD1862E952F
P0469,H2,HISTORICAL_WEATHER,2,0,0,0,4B0EBEA5AFB86AFBADF12EEDC5C56E680F4946E61EFE94AD358B6FF89EA5FEC7
P0470,H2,HISTORICAL_WEATHER,2,4,15,0,1B897DDDD4C151E2A2E6E3E91B7EA0F7FC4FD5ED00EF1C9669E8566393A02586
P0471,H2,HISTORICAL_WEATHER,2,0,0,0,4CBBD8CA5215B8D161AEC181A74B694F4E24B001D5B081DC0030ED797A8973E0
P0472,H2,HISTORICAL_WEATHER,2,4,15,0,A2AE27368CB8E5358848B174FE9B8BF042D393E0B54D4463130C40AED4CA569B
P0473,H2,HISTORICAL_WEATHER,2,0,0,0,4B0EBEA5AFB86AFBADF12EEDC5C56E680F4946E61EFE94AD358B6FF89EA5FEC7
P0474,H2,HISTORICAL_WEATHER,2,0,0,0,CC8CD41CEF907C4D216069122C4B89936211361F9050A717A1E37AD1862E952F
P0475,H2,HISTORICAL_WEATHER,2,0,0,0,CC8CD41CEF907C4D216069122C4B89936211361F9050A717A1E37AD1862E952F
P0476,H2,HISTORICAL_WEATHER,2,0,0,0,4B0EBEA5AFB86AFBADF12EEDC5C56E680F4946E61EFE94AD358B6FF89EA5FEC7
P0477,H2,HISTORICAL_WEATHER,2,0,0,0,A2AE27368CB8E5358848B174FE9B8BF042D393E0B54D4463130C40AED4CA569B
P0478,H2,HISTORICAL_WEATHER,2,4,15,0,CC8CD41CEF907C4D216069122C4B89936211361F9050A717A1E37AD1862E952F
P0479,H2,HISTORICAL_WEATHER,2,0,0,0,4CBBD8CA5215B8D161AEC181A74B694F4E24B001D5B081DC0030ED797A8973E0
P0480,H2,HISTORICAL_WEATHER,2,0,0,0,CC8CD41CEF907C4D216069122C4B89936211361F9050A717A1E37AD1862E952F
P0481,H2,HISTORICAL_WEATHER,2,0,0,0,4CBBD8CA5215B8D161AEC181A74B694F4E24B001D5B081DC0030ED797A8973E0
P0482,H2,HISTORICAL_WEATHER,2,0,0,0,CC8CD41CEF907C4D216069122C4B89936211361F9050A717A1E37AD1862E952F
P0483,H2,HISTORICAL_WEATHER,2,0,0,0,CC8CD41CEF907C4D216069122C4B89936211361F9050A717A1E37AD1862E952F
P0484,H2,HISTORICAL_WEATHER,2,0,0,0,4B0EBEA5AFB86AFBADF12EEDC5C56E680F4946E61EFE94AD358B6FF89EA5FEC7
P0485,H2,HISTORICAL_WEATHER,2,0,0,0,4CBBD8CA5215B8D161AEC181A74B694F4E24B001D5B081DC0030ED797A8973E0
P0486,H2,HISTORICAL_WEATHER,2,0,0,0,4B0EBEA5AFB86AFBADF12EEDC5C56E680F4946E61EFE94AD358B6FF89EA5FEC7
P0487,H2,HISTORICAL_WEATHER,2,0,0,0,4CBBD8CA5215B8D161AEC181A74B694F4E24B001D5B081DC0030ED797A8973E0
P0488,H2,HISTORICAL_WEATHER,2,0,0,0,CC8CD41CEF907C4D216069122C4B89936211361F9050A717A1E37AD1862E952F
P0489,H2,HISTORICAL_WEATHER,2,0,0,0,A020B7F8043620B11605E4B25E35803538E4679D5F7A9E6AE90300BF28791989
P0490,H2,HISTORICAL_WEATHER,2,0,0,0,4CBBD8CA5215B8D161AEC181A74B694F4E24B001D5B081DC0030ED797A8973E0
P0491,H2,HISTORICAL_WEATHER,2,0,0,0,4CBBD8CA5215B8D161AEC181A74B694F4E24B001D5B081DC0030ED797A8973E0
P0492,H2,HISTORICAL_WEATHER,2,0,0,0,CC8CD41CEF907C4D216069122C4B89936211361F9050A717A1E37AD1862E952F
P0493,H2,HISTORICAL_WEATHER,2,0,0,0,4CBBD8CA5215B8D161AEC181A74B694F4E24B001D5B081DC0030ED797A8973E0
P0494,H2,HISTORICAL_WEATHER,2,0,0,0,4CBBD8CA5215B8D161AEC181A74B694F4E24B001D5B081DC0030ED797A8973E0
P0495,H2,HISTORICAL_WEATHER,2,0,0,0,0EF6657F1EF3D57D3039B838837EE670569C55FAEC16004B220C894540BCD97D
P0496,H2,HISTORICAL_WEATHER,2,0,0,0,4B0EBEA5AFB86AFBADF12EEDC5C56E680F4946E61EFE94AD358B6FF89EA5FEC7
P0497,H2,HISTORICAL_WEATHER,2,0,0,0,A020B7F8043620B11605E4B25E35803538E4679D5F7A9E6AE90300BF28791989
P0498,H2,HISTORICAL_WEATHER,2,0,0,0,4B0EBEA5AFB86AFBADF12EEDC5C56E680F4946E61EFE94AD358B6FF89EA5FEC7
P0499,H2,HISTORICAL_WEATHER,2,0,0,0,4B0EBEA5AFB86AFBADF12EEDC5C56E680F4946E61EFE94AD358B6FF89EA5FEC7
P0500,H2,HISTORICAL_WEATHER,2,0,0,0,4CBBD8CA5215B8D161AEC181A74B694F4E24B001D5B081DC0030ED797A8973E0
P0501,H2,HISTORICAL_WEATHER,2,0,0,0,CC8CD41CEF907C4D216069122C4B89936211361F9050A717A1E37AD1862E952F
P0502,H2,HISTORICAL_WEATHER,2,0,0,0,4CBBD8CA5215B8D161AEC181A74B694F4E24B001D5B081DC0030ED797A8973E0
P0503,H2,HISTORICAL_WEATHER,2,0,0,0,CC8CD41CEF907C4D216069122C4B89936211361F9050A717A1E37AD1862E952F
P0504,H2,HISTORICAL_WEATHER,2,0,0,0,CC8CD41CEF907C4D216069122C4B89936211361F9050A717A1E37AD1862E952F
P0505,H2,HISTORICAL_WEATHER,2,0,0,0,0EF6657F1EF3D57D3039B838837EE670569C55FAEC16004B220C894540BCD97D
P0506,H2,HISTORICAL_WEATHER,2,0,0,0,0EF6657F1EF3D57D3039B838837EE670569C55FAEC16004B220C894540BCD97D
P0507,H2,HISTORICAL_WEATHER,2,0,0,0,4CBBD8CA5215B8D161AEC181A74B694F4E24B001D5B081DC0030ED797A8973E0
P0508,H2,HISTORICAL_WEATHER,2,0,0,0,A020B7F8043620B11605E4B25E35803538E4679D5F7A9E6AE90300BF28791989
P0509,H2,HISTORICAL_WEATHER,2,0,0,0,CC8CD41CEF907C4D216069122C4B89936211361F9050A717A1E37AD1862E952F
P0510,H2,HISTORICAL_WEATHER,2,0,0,0,4CBBD8CA5215B8D161AEC181A74B694F4E24B001D5B081DC0030ED797A8973E0
P0511,H2,HISTORICAL_WEATHER,2,0,0,0,3B0E4842B28D6B39EC725A6459FB943F5F1D658F4D0EE991004DD50F2C182F31
P0512,H2,HISTORICAL_WEATHER,2,0,0,0,CC8CD41CEF907C4D216069122C4B89936211361F9050A717A1E37AD1862E952F
P0513,H2,HISTORICAL_WEATHER,2,0,0,0,4B0EBEA5AFB86AFBADF12EEDC5C56E680F4946E61EFE94AD358B6FF89EA5FEC7
P0514,H2,HISTORICAL_WEATHER,2,4,15,0,CC8CD41CEF907C4D216069122C4B89936211361F9050A717A1E37AD1862E952F
P0515,H2,HISTORICAL_WEATHER,2,0,0,0,4CBBD8CA5215B8D161AEC181A74B694F4E24B001D5B081DC0030ED797A8973E0
P0516,H2,HISTORICAL_WEATHER,2,0,0,0,CC8CD41CEF907C4D216069122C4B89936211361F9050A717A1E37AD1862E952F
P0517,H2,HISTORICAL_WEATHER,2,0,0,0,4B0EBEA5AFB86AFBADF12EEDC5C56E680F4946E61EFE94AD358B6FF89EA5FEC7
P0518,H2,HISTORICAL_WEATHER,2,0,0,0,3B0E4842B28D6B39EC725A6459FB943F5F1D658F4D0EE991004DD50F2C182F31
P0519,H2,HISTORICAL_WEATHER,2,0,0,0,4B0EBEA5AFB86AFBADF12EEDC5C56E680F4946E61EFE94AD358B6FF89EA5FEC7
P0520,H2,HISTORICAL_WEATHER,2,4,15,0,1B897DDDD4C151E2A2E6E3E91B7EA0F7FC4FD5ED00EF1C9669E8566393A02586
P0521,H2,HISTORICAL_WEATHER,2,0,0,0,0EF6657F1EF3D57D3039B838837EE670569C55FAEC16004B220C894540BCD97D
P0522,H2,HISTORICAL_WEATHER,2,0,0,0,4CBBD8CA5215B8D161AEC181A74B694F4E24B001D5B081DC0030ED797A8973E0
P0523,H2,HISTORICAL_WEATHER,2,0,0,0,4CBBD8CA5215B8D161AEC181A74B694F4E24B001D5B081DC0030ED797A8973E0
P0524,H2,HISTORICAL_WEATHER,2,0,0,0,CC8CD41CEF907C4D216069122C4B89936211361F9050A717A1E37AD1862E952F
P0525,H2,HISTORICAL_WEATHER,2,0,0,0,4CBBD8CA5215B8D161AEC181A74B694F4E24B001D5B081DC0030ED797A8973E0
P0526,H2,HISTORICAL_WEATHER,2,0,0,0,CC8CD41CEF907C4D216069122C4B89936211361F9050A717A1E37AD1862E952F
P0527,H2,HISTORICAL_WEATHER,2,0,0,0,4CBBD8CA5215B8D161AEC181A74B694F4E24B001D5B081DC0030ED797A8973E0
P0528,H2,HISTORICAL_WEATHER,2,0,0,0,CC8CD41CEF907C4D216069122C4B89936211361F9050A717A1E37AD1862E952F
P0529,H2,HISTORICAL_WEATHER,2,0,0,0,A020B7F8043620B11605E4B25E35803538E4679D5F7A9E6AE90300BF28791989
P0530,H2,HISTORICAL_WEATHER,2,0,0,0,CC8CD41CEF907C4D216069122C4B89936211361F9050A717A1E37AD1862E952F
P0531,H2,HISTORICAL_WEATHER,2,0,0,0,CC8CD41CEF907C4D216069122C4B89936211361F9050A717A1E37AD1862E952F
P0532,H2,HISTORICAL_WEATHER,2,4,15,0,CC8CD41CEF907C4D216069122C4B89936211361F9050A717A1E37AD1862E952F
P0533,H2,HISTORICAL_WEATHER,2,0,0,0,4B0EBEA5AFB86AFBADF12EEDC5C56E680F4946E61EFE94AD358B6FF89EA5FEC7
P0534,H2,HISTORICAL_WEATHER,2,0,0,0,4B0EBEA5AFB86AFBADF12EEDC5C56E680F4946E61EFE94AD358B6FF89EA5FEC7
P0535,H2,HISTORICAL_WEATHER,2,4,15,0,CC8CD41CEF907C4D216069122C4B89936211361F9050A717A1E37AD1862E952F
P0536,H2,HISTORICAL_WEATHER,2,0,0,0,4B0EBEA5AFB86AFBADF12EEDC5C56E680F4946E61EFE94AD358B6FF89EA5FEC7
P0537,H2,HISTORICAL_WEATHER,2,0,0,0,4CBBD8CA5215B8D161AEC181A74B694F4E24B001D5B081DC0030ED797A8973E0
P0538,H2,HISTORICAL_WEATHER,2,0,0,0,A020B7F8043620B11605E4B25E35803538E4679D5F7A9E6AE90300BF28791989
P0539,H2,HISTORICAL_WEATHER,2,4,15,0,1B897DDDD4C151E2A2E6E3E91B7EA0F7FC4FD5ED00EF1C9669E8566393A02586
P0540,H2,HISTORICAL_WEATHER,2,0,0,0,4CBBD8CA5215B8D161AEC181A74B694F4E24B001D5B081DC0030ED797A8973E0
P0541,H2,HISTORICAL_WEATHER,2,0,0,0,99F4D3181D0BE579A5E933E01B58F09B7FAF629995C121FB02452D7EE3EA2A24
P0542,H2,HISTORICAL_WEATHER,2,0,0,0,CC8CD41CEF907C4D216069122C4B89936211361F9050A717A1E37AD1862E952F
P0543,H2,HISTORICAL_WEATHER,2,0,0,0,4B0EBEA5AFB86AFBADF12EEDC5C56E680F4946E61EFE94AD358B6FF89EA5FEC7
P0544,H2,HISTORICAL_WEATHER,2,0,0,0,CC8CD41CEF907C4D216069122C4B89936211361F9050A717A1E37AD1862E952F
P0545,H2,HISTORICAL_WEATHER,2,4,15,0,1B897DDDD4C151E2A2E6E3E91B7EA0F7FC4FD5ED00EF1C9669E8566393A02586
P0546,H2,HISTORICAL_WEATHER,2,0,0,0,CC8CD41CEF907C4D216069122C4B89936211361F9050A717A1E37AD1862E952F
P0547,H2,HISTORICAL_WEATHER,2,0,0,0,4CBBD8CA5215B8D161AEC181A74B694F4E24B001D5B081DC0030ED797A8973E0
P0548,H2,HISTORICAL_WEATHER,2,0,0,0,CC8CD41CEF907C4D216069122C4B89936211361F9050A717A1E37AD1862E952F
P0549,H2,HISTORICAL_WEATHER,2,0,0,0,4CBBD8CA5215B8D161AEC181A74B694F4E24B001D5B081DC0030ED797A8973E0
P0550,H2,HISTORICAL_WEATHER,2,0,0,0,0EF6657F1EF3D57D3039B838837EE670569C55FAEC16004B220C894540BCD97D
P0551,H2,HISTORICAL_WEATHER,2,0,0,0,4CBBD8CA5215B8D161AEC181A74B694F4E24B001D5B081DC0030ED797A8973E0
P0552,H2,HISTORICAL_WEATHER,2,0,0,0,CC8CD41CEF907C4D216069122C4B89936211361F9050A717A1E37AD1862E952F
P0553,H2,HISTORICAL_WEATHER,2,0,0,0,CC8CD41CEF907C4D216069122C4B89936211361F9050A717A1E37AD1862E952F
P0554,H2,HISTORICAL_WEATHER,2,0,0,0,4CBBD8CA5215B8D161AEC181A74B694F4E24B001D5B081DC0030ED797A8973E0
P0555,H2,HISTORICAL_WEATHER,2,4,15,0,1B897DDDD4C151E2A2E6E3E91B7EA0F7FC4FD5ED00EF1C9669E8566393A02586
P0556,H2,HISTORICAL_WEATHER,2,0,0,0,4CBBD8CA5215B8D161AEC181A74B694F4E24B001D5B081DC0030ED797A8973E0
P0557,H2,HISTORICAL_WEATHER,2,4,15,0,0EF6657F1EF3D57D3039B838837EE670569C55FAEC16004B220C894540BCD97D
P0558,H2,HISTORICAL_WEATHER,2,4,15,0,CC8CD41CEF907C4D216069122C4B89936211361F9050A717A1E37AD1862E952F
P0559,H2,HISTORICAL_WEATHER,2,0,0,0,0EF6657F1EF3D57D3039B838837EE670569C55FAEC16004B220C894540BCD97D
P0560,H2,HISTORICAL_WEATHER,2,0,0,0,0EF6657F1EF3D57D3039B838837EE670569C55FAEC16004B220C894540BCD97D
P0561,H2,HISTORICAL_WEATHER,2,0,0,0,3B0E4842B28D6B39EC725A6459FB943F5F1D658F4D0EE991004DD50F2C182F31
P0562,H2,HISTORICAL_WEATHER,2,0,0,0,CC8CD41CEF907C4D216069122C4B89936211361F9050A717A1E37AD1862E952F
P0563,H2,HISTORICAL_WEATHER,2,0,0,0,CC8CD41CEF907C4D216069122C4B89936211361F9050A717A1E37AD1862E952F
P0564,H2,HISTORICAL_WEATHER,2,0,0,0,CC8CD41CEF907C4D216069122C4B89936211361F9050A717A1E37AD1862E952F
P0565,H2,HISTORICAL_WEATHER,2,4,15,0,CC8CD41CEF907C4D216069122C4B89936211361F9050A717A1E37AD1862E952F
P0566,H2,HISTORICAL_WEATHER,2,4,15,0,1B897DDDD4C151E2A2E6E3E91B7EA0F7FC4FD5ED00EF1C9669E8566393A02586
P0567,H2,HISTORICAL_WEATHER,2,0,0,0,CC8CD41CEF907C4D216069122C4B89936211361F9050A717A1E37AD1862E952F
P0568,H2,HISTORICAL_WEATHER,2,0,0,0,4B0EBEA5AFB86AFBADF12EEDC5C56E680F4946E61EFE94AD358B6FF89EA5FEC7
P0569,H2,HISTORICAL_WEATHER,2,4,15,0,CC8CD41CEF907C4D216069122C4B89936211361F9050A717A1E37AD1862E952F
P0570,H2,HISTORICAL_WEATHER,2,4,15,0,CC8CD41CEF907C4D216069122C4B89936211361F9050A717A1E37AD1862E952F
P0571,H2,HISTORICAL_WEATHER,2,0,0,0,CC8CD41CEF907C4D216069122C4B89936211361F9050A717A1E37AD1862E952F
P0572,H2,HISTORICAL_WEATHER,2,0,0,0,0EF6657F1EF3D57D3039B838837EE670569C55FAEC16004B220C894540BCD97D
P0573,H2,HISTORICAL_WEATHER,2,4,15,0,CC8CD41CEF907C4D216069122C4B89936211361F9050A717A1E37AD1862E952F
P0574,H2,HISTORICAL_WEATHER,2,0,0,0,4CBBD8CA5215B8D161AEC181A74B694F4E24B001D5B081DC0030ED797A8973E0
P0575,H2,HISTORICAL_WEATHER,2,0,0,0,4CBBD8CA5215B8D161AEC181A74B694F4E24B001D5B081DC0030ED797A8973E0
P0576,H2,HISTORICAL_WEATHER,2,0,0,0,99F4D3181D0BE579A5E933E01B58F09B7FAF629995C121FB02452D7EE3EA2A24
P0577,H2,HISTORICAL_WEATHER,2,0,0,0,0EF6657F1EF3D57D3039B838837EE670569C55FAEC16004B220C894540BCD97D
P0578,H2,HISTORICAL_WEATHER,2,4,15,0,CC8CD41CEF907C4D216069122C4B89936211361F9050A717A1E37AD1862E952F
P0579,H2,HISTORICAL_WEATHER,2,0,0,0,4CBBD8CA5215B8D161AEC181A74B694F4E24B001D5B081DC0030ED797A8973E0
P0580,H2,HISTORICAL_WEATHER,2,0,0,0,0EF6657F1EF3D57D3039B838837EE670569C55FAEC16004B220C894540BCD97D
P0581,H2,HISTORICAL_WEATHER,2,0,0,0,4B0EBEA5AFB86AFBADF12EEDC5C56E680F4946E61EFE94AD358B6FF89EA5FEC7
P0582,H2,HISTORICAL_WEATHER,2,4,15,0,CC8CD41CEF907C4D216069122C4B89936211361F9050A717A1E37AD1862E952F
P0583,H2,HISTORICAL_WEATHER,2,0,0,0,4B0EBEA5AFB86AFBADF12EEDC5C56E680F4946E61EFE94AD358B6FF89EA5FEC7
P0584,H2,HISTORICAL_WEATHER,2,4,15,0,1B897DDDD4C151E2A2E6E3E91B7EA0F7FC4FD5ED00EF1C9669E8566393A02586
P0585,H2,HISTORICAL_WEATHER,2,0,0,0,CC8CD41CEF907C4D216069122C4B89936211361F9050A717A1E37AD1862E952F
P0586,H2,HISTORICAL_WEATHER,2,0,0,0,4CBBD8CA5215B8D161AEC181A74B694F4E24B001D5B081DC0030ED797A8973E0
P0587,H2,HISTORICAL_WEATHER,2,0,0,0,CC8CD41CEF907C4D216069122C4B89936211361F9050A717A1E37AD1862E952F
P0588,H2,HISTORICAL_WEATHER,2,0,0,0,4CBBD8CA5215B8D161AEC181A74B694F4E24B001D5B081DC0030ED797A8973E0
P0589,H2,HISTORICAL_WEATHER,2,0,0,0,CC8CD41CEF907C4D216069122C4B89936211361F9050A717A1E37AD1862E952F
P0590,H2,HISTORICAL_WEATHER,2,0,0,0,4B0EBEA5AFB86AFBADF12EEDC5C56E680F4946E61EFE94AD358B6FF89EA5FEC7
P0591,H2,HISTORICAL_WEATHER,2,0,0,0,CC8CD41CEF907C4D216069122C4B89936211361F9050A717A1E37AD1862E952F
P0592,H2,HISTORICAL_WEATHER,2,0,0,0,CC8CD41CEF907C4D216069122C4B89936211361F9050A717A1E37AD1862E952F
P0593,H2,HISTORICAL_WEATHER,2,0,0,0,4B0EBEA5AFB86AFBADF12EEDC5C56E680F4946E61EFE94AD358B6FF89EA5FEC7
P0594,H2,HISTORICAL_WEATHER,2,4,15,0,0EF6657F1EF3D57D3039B838837EE670569C55FAEC16004B220C894540BCD97D
P0595,H2,HISTORICAL_WEATHER,2,0,0,0,99F4D3181D0BE579A5E933E01B58F09B7FAF629995C121FB02452D7EE3EA2A24
P0596,H2,HISTORICAL_WEATHER,2,0,0,0,4B0EBEA5AFB86AFBADF12EEDC5C56E680F4946E61EFE94AD358B6FF89EA5FEC7
P0597,H2,HISTORICAL_WEATHER,2,0,0,0,CC8CD41CEF907C4D216069122C4B89936211361F9050A717A1E37AD1862E952F
P0598,H2,HISTORICAL_WEATHER,2,0,0,0,0EF6657F1EF3D57D3039B838837EE670569C55FAEC16004B220C894540BCD97D
P0599,H2,HISTORICAL_WEATHER,2,0,0,0,CC8CD41CEF907C4D216069122C4B89936211361F9050A717A1E37AD1862E952F
P0600,H2,HISTORICAL_WEATHER,2,0,0,0,CC8CD41CEF907C4D216069122C4B89936211361F9050A717A1E37AD1862E952F
P0001,W0,RANDOM_WEATHER_WGEN,0,0,0,0,4CBBD8CA5215B8D161AEC181A74B694F4E24B001D5B081DC0030ED797A8973E0
P0002,W0,RANDOM_WEATHER_WGEN,0,13,45,40,CC8CD41CEF907C4D216069122C4B89936211361F9050A717A1E37AD1862E952F
P0003,W0,RANDOM_WEATHER_WGEN,0,13,45,40,CC8CD41CEF907C4D216069122C4B89936211361F9050A717A1E37AD1862E952F
P0004,W0,RANDOM_WEATHER_WGEN,0,0,0,0,4CBBD8CA5215B8D161AEC181A74B694F4E24B001D5B081DC0030ED797A8973E0
P0005,W0,RANDOM_WEATHER_WGEN,0,0,0,0,4CBBD8CA5215B8D161AEC181A74B694F4E24B001D5B081DC0030ED797A8973E0
P0006,W0,RANDOM_WEATHER_WGEN,0,0,0,0,4CBBD8CA5215B8D161AEC181A74B694F4E24B001D5B081DC0030ED797A8973E0
P0007,W0,RANDOM_WEATHER_WGEN,0,13,45,40,CC8CD41CEF907C4D216069122C4B89936211361F9050A717A1E37AD1862E952F
P0008,W0,RANDOM_WEATHER_WGEN,0,0,0,0,4CBBD8CA5215B8D161AEC181A74B694F4E24B001D5B081DC0030ED797A8973E0
P0009,W0,RANDOM_WEATHER_WGEN,0,0,0,0,4CBBD8CA5215B8D161AEC181A74B694F4E24B001D5B081DC0030ED797A8973E0
P0010,W0,RANDOM_WEATHER_WGEN,0,0,0,0,4CBBD8CA5215B8D161AEC181A74B694F4E24B001D5B081DC0030ED797A8973E0
P0011,W0,RANDOM_WEATHER_WGEN,0,0,0,0,4CBBD8CA5215B8D161AEC181A74B694F4E24B001D5B081DC0030ED797A8973E0
P0012,W0,RANDOM_WEATHER_WGEN,0,0,0,0,4CBBD8CA5215B8D161AEC181A74B694F4E24B001D5B081DC0030ED797A8973E0
P0013,W0,RANDOM_WEATHER_WGEN,0,0,0,0,4CBBD8CA5215B8D161AEC181A74B694F4E24B001D5B081DC0030ED797A8973E0
P0014,W0,RANDOM_WEATHER_WGEN,0,0,0,0,4CBBD8CA5215B8D161AEC181A74B694F4E24B001D5B081DC0030ED797A8973E0
P0015,W0,RANDOM_WEATHER_WGEN,0,0,0,0,4B0EBEA5AFB86AFBADF12EEDC5C56E680F4946E61EFE94AD358B6FF89EA5FEC7
P0016,W0,RANDOM_WEATHER_WGEN,0,0,0,0,4CBBD8CA5215B8D161AEC181A74B694F4E24B001D5B081DC0030ED797A8973E0
P0017,W0,RANDOM_WEATHER_WGEN,0,0,0,0,4CBBD8CA5215B8D161AEC181A74B694F4E24B001D5B081DC0030ED797A8973E0
P0018,W0,RANDOM_WEATHER_WGEN,0,0,0,0,4CBBD8CA5215B8D161AEC181A74B694F4E24B001D5B081DC0030ED797A8973E0
P0019,W0,RANDOM_WEATHER_WGEN,0,13,45,40,CC8CD41CEF907C4D216069122C4B89936211361F9050A717A1E37AD1862E952F
P0020,W0,RANDOM_WEATHER_WGEN,0,0,0,0,4CBBD8CA5215B8D161AEC181A74B694F4E24B001D5B081DC0030ED797A8973E0
P0021,W0,RANDOM_WEATHER_WGEN,0,0,0,0,4CBBD8CA5215B8D161AEC181A74B694F4E24B001D5B081DC0030ED797A8973E0
P0022,W0,RANDOM_WEATHER_WGEN,0,0,0,0,4CBBD8CA5215B8D161AEC181A74B694F4E24B001D5B081DC0030ED797A8973E0
P0023,W0,RANDOM_WEATHER_WGEN,0,0,0,0,4CBBD8CA5215B8D161AEC181A74B694F4E24B001D5B081DC0030ED797A8973E0
P0024,W0,RANDOM_WEATHER_WGEN,0,0,0,0,A020B7F8043620B11605E4B25E35803538E4679D5F7A9E6AE90300BF28791989
P0025,W0,RANDOM_WEATHER_WGEN,0,0,0,0,4CBBD8CA5215B8D161AEC181A74B694F4E24B001D5B081DC0030ED797A8973E0
P0026,W0,RANDOM_WEATHER_WGEN,0,0,0,0,4CBBD8CA5215B8D161AEC181A74B694F4E24B001D5B081DC0030ED797A8973E0
P0027,W0,RANDOM_WEATHER_WGEN,0,0,0,0,4CBBD8CA5215B8D161AEC181A74B694F4E24B001D5B081DC0030ED797A8973E0
P0028,W0,RANDOM_WEATHER_WGEN,0,0,0,0,4B0EBEA5AFB86AFBADF12EEDC5C56E680F4946E61EFE94AD358B6FF89EA5FEC7
P0029,W0,RANDOM_WEATHER_WGEN,0,0,0,0,CC8CD41CEF907C4D216069122C4B89936211361F9050A717A1E37AD1862E952F
P0030,W0,RANDOM_WEATHER_WGEN,0,0,0,0,CC8CD41CEF907C4D216069122C4B89936211361F9050A717A1E37AD1862E952F
P0031,W0,RANDOM_WEATHER_WGEN,0,0,0,0,CC8CD41CEF907C4D216069122C4B89936211361F9050A717A1E37AD1862E952F
P0032,W0,RANDOM_WEATHER_WGEN,0,0,0,0,CC8CD41CEF907C4D216069122C4B89936211361F9050A717A1E37AD1862E952F
P0033,W0,RANDOM_WEATHER_WGEN,0,0,0,0,CC8CD41CEF907C4D216069122C4B89936211361F9050A717A1E37AD1862E952F
P0034,W0,RANDOM_WEATHER_WGEN,0,0,0,0,CC8CD41CEF907C4D216069122C4B89936211361F9050A717A1E37AD1862E952F
P0035,W0,RANDOM_WEATHER_WGEN,0,0,0,0,CC8CD41CEF907C4D216069122C4B89936211361F9050A717A1E37AD1862E952F
P0036,W0,RANDOM_WEATHER_WGEN,0,0,0,0,4CBBD8CA5215B8D161AEC181A74B694F4E24B001D5B081DC0030ED797A8973E0
P0037,W0,RANDOM_WEATHER_WGEN,0,0,0,0,CC8CD41CEF907C4D216069122C4B89936211361F9050A717A1E37AD1862E952F
P0038,W0,RANDOM_WEATHER_WGEN,0,0,0,0,CC8CD41CEF907C4D216069122C4B89936211361F9050A717A1E37AD1862E952F
P0039,W0,RANDOM_WEATHER_WGEN,0,0,0,0,CC8CD41CEF907C4D216069122C4B89936211361F9050A717A1E37AD1862E952F
P0040,W0,RANDOM_WEATHER_WGEN,0,0,0,0,CC8CD41CEF907C4D216069122C4B89936211361F9050A717A1E37AD1862E952F
P0041,W0,RANDOM_WEATHER_WGEN,0,0,0,0,1B897DDDD4C151E2A2E6E3E91B7EA0F7FC4FD5ED00EF1C9669E8566393A02586
P0042,W0,RANDOM_WEATHER_WGEN,0,0,0,0,1B897DDDD4C151E2A2E6E3E91B7EA0F7FC4FD5ED00EF1C9669E8566393A02586
P0043,W0,RANDOM_WEATHER_WGEN,0,0,0,0,1B897DDDD4C151E2A2E6E3E91B7EA0F7FC4FD5ED00EF1C9669E8566393A02586
P0044,W0,RANDOM_WEATHER_WGEN,0,0,0,0,1B897DDDD4C151E2A2E6E3E91B7EA0F7FC4FD5ED00EF1C9669E8566393A02586
P0045,W0,RANDOM_WEATHER_WGEN,0,0,0,0,1B897DDDD4C151E2A2E6E3E91B7EA0F7FC4FD5ED00EF1C9669E8566393A02586
P0046,W0,RANDOM_WEATHER_WGEN,0,0,0,0,1B897DDDD4C151E2A2E6E3E91B7EA0F7FC4FD5ED00EF1C9669E8566393A02586
P0047,W0,RANDOM_WEATHER_WGEN,0,13,45,40,CC8CD41CEF907C4D216069122C4B89936211361F9050A717A1E37AD1862E952F
P0048,W0,RANDOM_WEATHER_WGEN,0,0,0,0,1B897DDDD4C151E2A2E6E3E91B7EA0F7FC4FD5ED00EF1C9669E8566393A02586
P0049,W0,RANDOM_WEATHER_WGEN,0,0,0,0,CC8CD41CEF907C4D216069122C4B89936211361F9050A717A1E37AD1862E952F
P0050,W0,RANDOM_WEATHER_WGEN,0,0,0,0,CC8CD41CEF907C4D216069122C4B89936211361F9050A717A1E37AD1862E952F
P0051,W0,RANDOM_WEATHER_WGEN,0,0,0,0,CC8CD41CEF907C4D216069122C4B89936211361F9050A717A1E37AD1862E952F
P0052,W0,RANDOM_WEATHER_WGEN,0,0,0,0,CC8CD41CEF907C4D216069122C4B89936211361F9050A717A1E37AD1862E952F
P0053,W0,RANDOM_WEATHER_WGEN,0,13,45,40,CC8CD41CEF907C4D216069122C4B89936211361F9050A717A1E37AD1862E952F
P0054,W0,RANDOM_WEATHER_WGEN,0,0,0,0,1B897DDDD4C151E2A2E6E3E91B7EA0F7FC4FD5ED00EF1C9669E8566393A02586
P0055,W0,RANDOM_WEATHER_WGEN,0,0,0,0,1B897DDDD4C151E2A2E6E3E91B7EA0F7FC4FD5ED00EF1C9669E8566393A02586
P0056,W0,RANDOM_WEATHER_WGEN,0,0,0,0,1B897DDDD4C151E2A2E6E3E91B7EA0F7FC4FD5ED00EF1C9669E8566393A02586
P0057,W0,RANDOM_WEATHER_WGEN,0,0,0,0,CC8CD41CEF907C4D216069122C4B89936211361F9050A717A1E37AD1862E952F
P0058,W0,RANDOM_WEATHER_WGEN,0,0,0,0,CC8CD41CEF907C4D216069122C4B89936211361F9050A717A1E37AD1862E952F
P0059,W0,RANDOM_WEATHER_WGEN,0,0,0,0,CC8CD41CEF907C4D216069122C4B89936211361F9050A717A1E37AD1862E952F
P0060,W0,RANDOM_WEATHER_WGEN,0,0,0,0,CC8CD41CEF907C4D216069122C4B89936211361F9050A717A1E37AD1862E952F
P0061,W0,RANDOM_WEATHER_WGEN,0,0,0,0,4B0EBEA5AFB86AFBADF12EEDC5C56E680F4946E61EFE94AD358B6FF89EA5FEC7
P0062,W0,RANDOM_WEATHER_WGEN,0,0,0,0,CC8CD41CEF907C4D216069122C4B89936211361F9050A717A1E37AD1862E952F
P0063,W0,RANDOM_WEATHER_WGEN,0,0,0,0,CC8CD41CEF907C4D216069122C4B89936211361F9050A717A1E37AD1862E952F
P0064,W0,RANDOM_WEATHER_WGEN,0,0,0,0,1B897DDDD4C151E2A2E6E3E91B7EA0F7FC4FD5ED00EF1C9669E8566393A02586
P0065,W0,RANDOM_WEATHER_WGEN,0,0,0,0,CC8CD41CEF907C4D216069122C4B89936211361F9050A717A1E37AD1862E952F
P0066,W0,RANDOM_WEATHER_WGEN,0,0,0,0,CC8CD41CEF907C4D216069122C4B89936211361F9050A717A1E37AD1862E952F
P0067,W0,RANDOM_WEATHER_WGEN,0,0,0,0,CC8CD41CEF907C4D216069122C4B89936211361F9050A717A1E37AD1862E952F
P0068,W0,RANDOM_WEATHER_WGEN,0,0,0,0,CC8CD41CEF907C4D216069122C4B89936211361F9050A717A1E37AD1862E952F
P0069,W0,RANDOM_WEATHER_WGEN,0,0,0,0,1B897DDDD4C151E2A2E6E3E91B7EA0F7FC4FD5ED00EF1C9669E8566393A02586
P0070,W0,RANDOM_WEATHER_WGEN,0,13,45,40,CC8CD41CEF907C4D216069122C4B89936211361F9050A717A1E37AD1862E952F
P0071,W0,RANDOM_WEATHER_WGEN,0,0,0,0,CC8CD41CEF907C4D216069122C4B89936211361F9050A717A1E37AD1862E952F
P0072,W0,RANDOM_WEATHER_WGEN,0,0,0,0,CC8CD41CEF907C4D216069122C4B89936211361F9050A717A1E37AD1862E952F
P0073,W0,RANDOM_WEATHER_WGEN,0,0,0,0,1B897DDDD4C151E2A2E6E3E91B7EA0F7FC4FD5ED00EF1C9669E8566393A02586
P0074,W0,RANDOM_WEATHER_WGEN,0,0,0,0,1B897DDDD4C151E2A2E6E3E91B7EA0F7FC4FD5ED00EF1C9669E8566393A02586
P0075,W0,RANDOM_WEATHER_WGEN,0,0,0,0,CC8CD41CEF907C4D216069122C4B89936211361F9050A717A1E37AD1862E952F
P0076,W0,RANDOM_WEATHER_WGEN,0,0,0,0,CC8CD41CEF907C4D216069122C4B89936211361F9050A717A1E37AD1862E952F
P0077,W0,RANDOM_WEATHER_WGEN,0,0,0,0,CC8CD41CEF907C4D216069122C4B89936211361F9050A717A1E37AD1862E952F
P0078,W0,RANDOM_WEATHER_WGEN,0,0,0,0,CC8CD41CEF907C4D216069122C4B89936211361F9050A717A1E37AD1862E952F
P0079,W0,RANDOM_WEATHER_WGEN,0,0,0,0,CC8CD41CEF907C4D216069122C4B89936211361F9050A717A1E37AD1862E952F
P0080,W0,RANDOM_WEATHER_WGEN,0,0,0,0,CC8CD41CEF907C4D216069122C4B89936211361F9050A717A1E37AD1862E952F
P0081,W0,RANDOM_WEATHER_WGEN,0,0,0,0,CC8CD41CEF907C4D216069122C4B89936211361F9050A717A1E37AD1862E952F
P0082,W0,RANDOM_WEATHER_WGEN,0,0,0,0,CC8CD41CEF907C4D216069122C4B89936211361F9050A717A1E37AD1862E952F
P0083,W0,RANDOM_WEATHER_WGEN,0,0,0,0,CC8CD41CEF907C4D216069122C4B89936211361F9050A717A1E37AD1862E952F
P0084,W0,RANDOM_WEATHER_WGEN,0,0,0,0,CC8CD41CEF907C4D216069122C4B89936211361F9050A717A1E37AD1862E952F
P0085,W0,RANDOM_WEATHER_WGEN,0,0,0,0,CC8CD41CEF907C4D216069122C4B89936211361F9050A717A1E37AD1862E952F
P0086,W0,RANDOM_WEATHER_WGEN,0,0,0,0,CC8CD41CEF907C4D216069122C4B89936211361F9050A717A1E37AD1862E952F
P0087,W0,RANDOM_WEATHER_WGEN,0,0,0,0,CC8CD41CEF907C4D216069122C4B89936211361F9050A717A1E37AD1862E952F
P0088,W0,RANDOM_WEATHER_WGEN,0,0,0,0,CC8CD41CEF907C4D216069122C4B89936211361F9050A717A1E37AD1862E952F
P0089,W0,RANDOM_WEATHER_WGEN,0,0,0,0,1B897DDDD4C151E2A2E6E3E91B7EA0F7FC4FD5ED00EF1C9669E8566393A02586
P0090,W0,RANDOM_WEATHER_WGEN,0,0,0,0,1B897DDDD4C151E2A2E6E3E91B7EA0F7FC4FD5ED00EF1C9669E8566393A02586
P0091,W0,RANDOM_WEATHER_WGEN,0,0,0,0,1B897DDDD4C151E2A2E6E3E91B7EA0F7FC4FD5ED00EF1C9669E8566393A02586
P0092,W0,RANDOM_WEATHER_WGEN,0,13,45,40,CC8CD41CEF907C4D216069122C4B89936211361F9050A717A1E37AD1862E952F
P0093,W0,RANDOM_WEATHER_WGEN,0,0,0,0,CC8CD41CEF907C4D216069122C4B89936211361F9050A717A1E37AD1862E952F
P0094,W0,RANDOM_WEATHER_WGEN,0,0,0,0,1B897DDDD4C151E2A2E6E3E91B7EA0F7FC4FD5ED00EF1C9669E8566393A02586
P0095,W0,RANDOM_WEATHER_WGEN,0,0,0,0,1B897DDDD4C151E2A2E6E3E91B7EA0F7FC4FD5ED00EF1C9669E8566393A02586
P0096,W0,RANDOM_WEATHER_WGEN,0,0,0,0,1B897DDDD4C151E2A2E6E3E91B7EA0F7FC4FD5ED00EF1C9669E8566393A02586
P0097,W0,RANDOM_WEATHER_WGEN,0,0,0,0,CC8CD41CEF907C4D216069122C4B89936211361F9050A717A1E37AD1862E952F
P0098,W0,RANDOM_WEATHER_WGEN,0,0,0,0,CC8CD41CEF907C4D216069122C4B89936211361F9050A717A1E37AD1862E952F
P0099,W0,RANDOM_WEATHER_WGEN,0,0,0,0,CC8CD41CEF907C4D216069122C4B89936211361F9050A717A1E37AD1862E952F
P0100,W0,RANDOM_WEATHER_WGEN,0,0,0,0,CC8CD41CEF907C4D216069122C4B89936211361F9050A717A1E37AD1862E952F
P0101,W0,RANDOM_WEATHER_WGEN,0,0,0,0,CC8CD41CEF907C4D216069122C4B89936211361F9050A717A1E37AD1862E952F
P0102,W0,RANDOM_WEATHER_WGEN,0,0,0,0,CC8CD41CEF907C4D216069122C4B89936211361F9050A717A1E37AD1862E952F
P0103,W0,RANDOM_WEATHER_WGEN,0,0,0,0,CC8CD41CEF907C4D216069122C4B89936211361F9050A717A1E37AD1862E952F
P0104,W0,RANDOM_WEATHER_WGEN,0,0,0,0,CC8CD41CEF907C4D216069122C4B89936211361F9050A717A1E37AD1862E952F
P0105,W0,RANDOM_WEATHER_WGEN,0,0,0,0,CC8CD41CEF907C4D216069122C4B89936211361F9050A717A1E37AD1862E952F
P0106,W0,RANDOM_WEATHER_WGEN,0,0,0,0,CC8CD41CEF907C4D216069122C4B89936211361F9050A717A1E37AD1862E952F
P0107,W0,RANDOM_WEATHER_WGEN,0,0,0,0,CC8CD41CEF907C4D216069122C4B89936211361F9050A717A1E37AD1862E952F
P0108,W0,RANDOM_WEATHER_WGEN,0,0,0,0,4B0EBEA5AFB86AFBADF12EEDC5C56E680F4946E61EFE94AD358B6FF89EA5FEC7
P0109,W0,RANDOM_WEATHER_WGEN,0,0,0,0,4CBBD8CA5215B8D161AEC181A74B694F4E24B001D5B081DC0030ED797A8973E0
P0110,W0,RANDOM_WEATHER_WGEN,0,0,0,0,4CBBD8CA5215B8D161AEC181A74B694F4E24B001D5B081DC0030ED797A8973E0
P0111,W0,RANDOM_WEATHER_WGEN,0,0,0,0,3B0E4842B28D6B39EC725A6459FB943F5F1D658F4D0EE991004DD50F2C182F31
P0112,W0,RANDOM_WEATHER_WGEN,0,0,0,0,4CBBD8CA5215B8D161AEC181A74B694F4E24B001D5B081DC0030ED797A8973E0
P0113,W0,RANDOM_WEATHER_WGEN,0,0,0,0,1B897DDDD4C151E2A2E6E3E91B7EA0F7FC4FD5ED00EF1C9669E8566393A02586
P0114,W0,RANDOM_WEATHER_WGEN,0,0,0,0,4CBBD8CA5215B8D161AEC181A74B694F4E24B001D5B081DC0030ED797A8973E0
P0115,W0,RANDOM_WEATHER_WGEN,0,0,0,0,3B0E4842B28D6B39EC725A6459FB943F5F1D658F4D0EE991004DD50F2C182F31
P0116,W0,RANDOM_WEATHER_WGEN,0,0,0,0,4CBBD8CA5215B8D161AEC181A74B694F4E24B001D5B081DC0030ED797A8973E0
P0117,W0,RANDOM_WEATHER_WGEN,0,0,0,0,CC8CD41CEF907C4D216069122C4B89936211361F9050A717A1E37AD1862E952F
P0118,W0,RANDOM_WEATHER_WGEN,0,0,0,0,4CBBD8CA5215B8D161AEC181A74B694F4E24B001D5B081DC0030ED797A8973E0
P0119,W0,RANDOM_WEATHER_WGEN,0,0,0,0,4CBBD8CA5215B8D161AEC181A74B694F4E24B001D5B081DC0030ED797A8973E0
P0120,W0,RANDOM_WEATHER_WGEN,0,0,0,0,CC8CD41CEF907C4D216069122C4B89936211361F9050A717A1E37AD1862E952F
P0121,W0,RANDOM_WEATHER_WGEN,0,0,0,0,4CBBD8CA5215B8D161AEC181A74B694F4E24B001D5B081DC0030ED797A8973E0
P0122,W0,RANDOM_WEATHER_WGEN,0,0,0,0,CC8CD41CEF907C4D216069122C4B89936211361F9050A717A1E37AD1862E952F
P0123,W0,RANDOM_WEATHER_WGEN,0,0,0,0,CC8CD41CEF907C4D216069122C4B89936211361F9050A717A1E37AD1862E952F
P0124,W0,RANDOM_WEATHER_WGEN,0,0,0,0,CC8CD41CEF907C4D216069122C4B89936211361F9050A717A1E37AD1862E952F
P0125,W0,RANDOM_WEATHER_WGEN,0,0,0,0,CC8CD41CEF907C4D216069122C4B89936211361F9050A717A1E37AD1862E952F
P0126,W0,RANDOM_WEATHER_WGEN,0,0,0,0,CC8CD41CEF907C4D216069122C4B89936211361F9050A717A1E37AD1862E952F
P0127,W0,RANDOM_WEATHER_WGEN,0,0,0,0,CC8CD41CEF907C4D216069122C4B89936211361F9050A717A1E37AD1862E952F
P0128,W0,RANDOM_WEATHER_WGEN,0,0,0,0,CC8CD41CEF907C4D216069122C4B89936211361F9050A717A1E37AD1862E952F
P0129,W0,RANDOM_WEATHER_WGEN,0,0,0,0,CC8CD41CEF907C4D216069122C4B89936211361F9050A717A1E37AD1862E952F
P0130,W0,RANDOM_WEATHER_WGEN,0,0,0,0,CC8CD41CEF907C4D216069122C4B89936211361F9050A717A1E37AD1862E952F
P0131,W0,RANDOM_WEATHER_WGEN,0,0,0,0,3B0E4842B28D6B39EC725A6459FB943F5F1D658F4D0EE991004DD50F2C182F31
P0132,W0,RANDOM_WEATHER_WGEN,0,0,0,0,4CBBD8CA5215B8D161AEC181A74B694F4E24B001D5B081DC0030ED797A8973E0
P0133,W0,RANDOM_WEATHER_WGEN,0,0,0,0,CC8CD41CEF907C4D216069122C4B89936211361F9050A717A1E37AD1862E952F
P0134,W0,RANDOM_WEATHER_WGEN,0,0,0,0,CC8CD41CEF907C4D216069122C4B89936211361F9050A717A1E37AD1862E952F
P0135,W0,RANDOM_WEATHER_WGEN,0,0,0,0,3B0E4842B28D6B39EC725A6459FB943F5F1D658F4D0EE991004DD50F2C182F31
P0136,W0,RANDOM_WEATHER_WGEN,0,0,0,0,4CBBD8CA5215B8D161AEC181A74B694F4E24B001D5B081DC0030ED797A8973E0
P0137,W0,RANDOM_WEATHER_WGEN,0,0,0,0,4CBBD8CA5215B8D161AEC181A74B694F4E24B001D5B081DC0030ED797A8973E0
P0138,W0,RANDOM_WEATHER_WGEN,0,0,0,0,4CBBD8CA5215B8D161AEC181A74B694F4E24B001D5B081DC0030ED797A8973E0
P0139,W0,RANDOM_WEATHER_WGEN,0,0,0,0,4CBBD8CA5215B8D161AEC181A74B694F4E24B001D5B081DC0030ED797A8973E0
P0140,W0,RANDOM_WEATHER_WGEN,0,13,45,40,CC8CD41CEF907C4D216069122C4B89936211361F9050A717A1E37AD1862E952F
P0141,W0,RANDOM_WEATHER_WGEN,0,0,0,0,CC8CD41CEF907C4D216069122C4B89936211361F9050A717A1E37AD1862E952F
P0142,W0,RANDOM_WEATHER_WGEN,0,0,0,0,3B0E4842B28D6B39EC725A6459FB943F5F1D658F4D0EE991004DD50F2C182F31
P0143,W0,RANDOM_WEATHER_WGEN,0,0,0,0,CC8CD41CEF907C4D216069122C4B89936211361F9050A717A1E37AD1862E952F
P0144,W0,RANDOM_WEATHER_WGEN,0,0,0,0,4CBBD8CA5215B8D161AEC181A74B694F4E24B001D5B081DC0030ED797A8973E0
P0145,W0,RANDOM_WEATHER_WGEN,0,0,0,0,4CBBD8CA5215B8D161AEC181A74B694F4E24B001D5B081DC0030ED797A8973E0
P0146,W0,RANDOM_WEATHER_WGEN,0,0,0,0,1B897DDDD4C151E2A2E6E3E91B7EA0F7FC4FD5ED00EF1C9669E8566393A02586
P0147,W0,RANDOM_WEATHER_WGEN,0,0,0,0,4CBBD8CA5215B8D161AEC181A74B694F4E24B001D5B081DC0030ED797A8973E0
P0148,W0,RANDOM_WEATHER_WGEN,0,0,0,0,4CBBD8CA5215B8D161AEC181A74B694F4E24B001D5B081DC0030ED797A8973E0
P0149,W0,RANDOM_WEATHER_WGEN,0,0,0,0,CC8CD41CEF907C4D216069122C4B89936211361F9050A717A1E37AD1862E952F
P0150,W0,RANDOM_WEATHER_WGEN,0,0,0,0,CC8CD41CEF907C4D216069122C4B89936211361F9050A717A1E37AD1862E952F
P0151,W0,RANDOM_WEATHER_WGEN,0,0,0,0,CC8CD41CEF907C4D216069122C4B89936211361F9050A717A1E37AD1862E952F
P0152,W0,RANDOM_WEATHER_WGEN,0,0,0,0,3B0E4842B28D6B39EC725A6459FB943F5F1D658F4D0EE991004DD50F2C182F31
P0153,W0,RANDOM_WEATHER_WGEN,0,0,0,0,3B0E4842B28D6B39EC725A6459FB943F5F1D658F4D0EE991004DD50F2C182F31
P0154,W0,RANDOM_WEATHER_WGEN,0,0,0,0,CC8CD41CEF907C4D216069122C4B89936211361F9050A717A1E37AD1862E952F
P0155,W0,RANDOM_WEATHER_WGEN,0,0,0,0,CC8CD41CEF907C4D216069122C4B89936211361F9050A717A1E37AD1862E952F
P0156,W0,RANDOM_WEATHER_WGEN,0,0,0,0,3B0E4842B28D6B39EC725A6459FB943F5F1D658F4D0EE991004DD50F2C182F31
P0157,W0,RANDOM_WEATHER_WGEN,0,0,0,0,3B0E4842B28D6B39EC725A6459FB943F5F1D658F4D0EE991004DD50F2C182F31
P0158,W0,RANDOM_WEATHER_WGEN,0,0,0,0,3B0E4842B28D6B39EC725A6459FB943F5F1D658F4D0EE991004DD50F2C182F31
P0159,W0,RANDOM_WEATHER_WGEN,0,0,0,0,1B897DDDD4C151E2A2E6E3E91B7EA0F7FC4FD5ED00EF1C9669E8566393A02586
P0160,W0,RANDOM_WEATHER_WGEN,0,0,0,0,3B0E4842B28D6B39EC725A6459FB943F5F1D658F4D0EE991004DD50F2C182F31
P0161,W0,RANDOM_WEATHER_WGEN,0,0,0,0,4CBBD8CA5215B8D161AEC181A74B694F4E24B001D5B081DC0030ED797A8973E0
P0162,W0,RANDOM_WEATHER_WGEN,0,0,0,0,CC8CD41CEF907C4D216069122C4B89936211361F9050A717A1E37AD1862E952F
P0163,W0,RANDOM_WEATHER_WGEN,0,0,0,0,CC8CD41CEF907C4D216069122C4B89936211361F9050A717A1E37AD1862E952F
P0164,W0,RANDOM_WEATHER_WGEN,0,0,0,0,4CBBD8CA5215B8D161AEC181A74B694F4E24B001D5B081DC0030ED797A8973E0
P0165,W0,RANDOM_WEATHER_WGEN,0,0,0,0,CC8CD41CEF907C4D216069122C4B89936211361F9050A717A1E37AD1862E952F
P0166,W0,RANDOM_WEATHER_WGEN,0,0,0,0,3B0E4842B28D6B39EC725A6459FB943F5F1D658F4D0EE991004DD50F2C182F31
P0167,W0,RANDOM_WEATHER_WGEN,0,0,0,0,3B0E4842B28D6B39EC725A6459FB943F5F1D658F4D0EE991004DD50F2C182F31
P0168,W0,RANDOM_WEATHER_WGEN,0,13,45,40,CC8CD41CEF907C4D216069122C4B89936211361F9050A717A1E37AD1862E952F
P0169,W0,RANDOM_WEATHER_WGEN,0,0,0,0,3B0E4842B28D6B39EC725A6459FB943F5F1D658F4D0EE991004DD50F2C182F31
P0170,W0,RANDOM_WEATHER_WGEN,0,0,0,0,3B0E4842B28D6B39EC725A6459FB943F5F1D658F4D0EE991004DD50F2C182F31
P0171,W0,RANDOM_WEATHER_WGEN,0,0,0,0,4CBBD8CA5215B8D161AEC181A74B694F4E24B001D5B081DC0030ED797A8973E0
P0172,W0,RANDOM_WEATHER_WGEN,0,0,0,0,1B897DDDD4C151E2A2E6E3E91B7EA0F7FC4FD5ED00EF1C9669E8566393A02586
P0173,W0,RANDOM_WEATHER_WGEN,0,0,0,0,CC8CD41CEF907C4D216069122C4B89936211361F9050A717A1E37AD1862E952F
P0174,W0,RANDOM_WEATHER_WGEN,0,0,0,0,CC8CD41CEF907C4D216069122C4B89936211361F9050A717A1E37AD1862E952F
P0175,W0,RANDOM_WEATHER_WGEN,0,0,0,0,CC8CD41CEF907C4D216069122C4B89936211361F9050A717A1E37AD1862E952F
P0176,W0,RANDOM_WEATHER_WGEN,0,0,0,0,CC8CD41CEF907C4D216069122C4B89936211361F9050A717A1E37AD1862E952F
P0177,W0,RANDOM_WEATHER_WGEN,0,0,0,0,CC8CD41CEF907C4D216069122C4B89936211361F9050A717A1E37AD1862E952F
P0178,W0,RANDOM_WEATHER_WGEN,0,0,0,0,CC8CD41CEF907C4D216069122C4B89936211361F9050A717A1E37AD1862E952F
P0179,W0,RANDOM_WEATHER_WGEN,0,0,0,0,CC8CD41CEF907C4D216069122C4B89936211361F9050A717A1E37AD1862E952F
P0180,W0,RANDOM_WEATHER_WGEN,0,0,0,0,CC8CD41CEF907C4D216069122C4B89936211361F9050A717A1E37AD1862E952F
P0181,W0,RANDOM_WEATHER_WGEN,0,0,0,0,4B0EBEA5AFB86AFBADF12EEDC5C56E680F4946E61EFE94AD358B6FF89EA5FEC7
P0182,W0,RANDOM_WEATHER_WGEN,0,0,0,0,4B0EBEA5AFB86AFBADF12EEDC5C56E680F4946E61EFE94AD358B6FF89EA5FEC7
P0183,W0,RANDOM_WEATHER_WGEN,0,0,0,0,1B897DDDD4C151E2A2E6E3E91B7EA0F7FC4FD5ED00EF1C9669E8566393A02586
P0184,W0,RANDOM_WEATHER_WGEN,0,0,0,0,CC8CD41CEF907C4D216069122C4B89936211361F9050A717A1E37AD1862E952F
P0185,W0,RANDOM_WEATHER_WGEN,0,0,0,0,CC8CD41CEF907C4D216069122C4B89936211361F9050A717A1E37AD1862E952F
P0186,W0,RANDOM_WEATHER_WGEN,0,0,0,0,1B897DDDD4C151E2A2E6E3E91B7EA0F7FC4FD5ED00EF1C9669E8566393A02586
P0187,W0,RANDOM_WEATHER_WGEN,0,0,0,0,1B897DDDD4C151E2A2E6E3E91B7EA0F7FC4FD5ED00EF1C9669E8566393A02586
P0188,W0,RANDOM_WEATHER_WGEN,0,0,0,0,CC8CD41CEF907C4D216069122C4B89936211361F9050A717A1E37AD1862E952F
P0189,W0,RANDOM_WEATHER_WGEN,0,0,0,0,1B897DDDD4C151E2A2E6E3E91B7EA0F7FC4FD5ED00EF1C9669E8566393A02586
P0190,W0,RANDOM_WEATHER_WGEN,0,0,0,0,1B897DDDD4C151E2A2E6E3E91B7EA0F7FC4FD5ED00EF1C9669E8566393A02586
P0191,W0,RANDOM_WEATHER_WGEN,0,0,0,0,1B897DDDD4C151E2A2E6E3E91B7EA0F7FC4FD5ED00EF1C9669E8566393A02586
P0192,W0,RANDOM_WEATHER_WGEN,0,0,0,0,1B897DDDD4C151E2A2E6E3E91B7EA0F7FC4FD5ED00EF1C9669E8566393A02586
P0193,W0,RANDOM_WEATHER_WGEN,0,0,0,0,1B897DDDD4C151E2A2E6E3E91B7EA0F7FC4FD5ED00EF1C9669E8566393A02586
P0194,W0,RANDOM_WEATHER_WGEN,0,0,0,0,1B897DDDD4C151E2A2E6E3E91B7EA0F7FC4FD5ED00EF1C9669E8566393A02586
P0195,W0,RANDOM_WEATHER_WGEN,0,0,0,0,CC8CD41CEF907C4D216069122C4B89936211361F9050A717A1E37AD1862E952F
P0196,W0,RANDOM_WEATHER_WGEN,0,0,0,0,CC8CD41CEF907C4D216069122C4B89936211361F9050A717A1E37AD1862E952F
P0197,W0,RANDOM_WEATHER_WGEN,0,0,0,0,CC8CD41CEF907C4D216069122C4B89936211361F9050A717A1E37AD1862E952F
P0198,W0,RANDOM_WEATHER_WGEN,0,13,45,40,CC8CD41CEF907C4D216069122C4B89936211361F9050A717A1E37AD1862E952F
P0199,W0,RANDOM_WEATHER_WGEN,0,0,0,0,CC8CD41CEF907C4D216069122C4B89936211361F9050A717A1E37AD1862E952F
P0200,W0,RANDOM_WEATHER_WGEN,0,0,0,0,1B897DDDD4C151E2A2E6E3E91B7EA0F7FC4FD5ED00EF1C9669E8566393A02586
P0201,W0,RANDOM_WEATHER_WGEN,0,0,0,0,1B897DDDD4C151E2A2E6E3E91B7EA0F7FC4FD5ED00EF1C9669E8566393A02586
P0202,W0,RANDOM_WEATHER_WGEN,0,0,0,0,1B897DDDD4C151E2A2E6E3E91B7EA0F7FC4FD5ED00EF1C9669E8566393A02586
P0203,W0,RANDOM_WEATHER_WGEN,0,0,0,0,CC8CD41CEF907C4D216069122C4B89936211361F9050A717A1E37AD1862E952F
P0204,W0,RANDOM_WEATHER_WGEN,0,0,0,0,CC8CD41CEF907C4D216069122C4B89936211361F9050A717A1E37AD1862E952F
P0205,W0,RANDOM_WEATHER_WGEN,0,0,0,0,CC8CD41CEF907C4D216069122C4B89936211361F9050A717A1E37AD1862E952F
P0206,W0,RANDOM_WEATHER_WGEN,0,0,0,0,CC8CD41CEF907C4D216069122C4B89936211361F9050A717A1E37AD1862E952F
P0207,W0,RANDOM_WEATHER_WGEN,0,0,0,0,CC8CD41CEF907C4D216069122C4B89936211361F9050A717A1E37AD1862E952F
P0208,W0,RANDOM_WEATHER_WGEN,0,0,0,0,CC8CD41CEF907C4D216069122C4B89936211361F9050A717A1E37AD1862E952F
P0209,W0,RANDOM_WEATHER_WGEN,0,0,0,0,CC8CD41CEF907C4D216069122C4B89936211361F9050A717A1E37AD1862E952F
P0210,W0,RANDOM_WEATHER_WGEN,0,0,0,0,CC8CD41CEF907C4D216069122C4B89936211361F9050A717A1E37AD1862E952F
P0211,W0,RANDOM_WEATHER_WGEN,0,0,0,0,CC8CD41CEF907C4D216069122C4B89936211361F9050A717A1E37AD1862E952F
P0212,W0,RANDOM_WEATHER_WGEN,0,0,0,0,CC8CD41CEF907C4D216069122C4B89936211361F9050A717A1E37AD1862E952F
P0213,W0,RANDOM_WEATHER_WGEN,0,0,0,0,CC8CD41CEF907C4D216069122C4B89936211361F9050A717A1E37AD1862E952F
P0214,W0,RANDOM_WEATHER_WGEN,0,0,0,0,1B897DDDD4C151E2A2E6E3E91B7EA0F7FC4FD5ED00EF1C9669E8566393A02586
P0215,W0,RANDOM_WEATHER_WGEN,0,0,0,0,4CBBD8CA5215B8D161AEC181A74B694F4E24B001D5B081DC0030ED797A8973E0
P0216,W0,RANDOM_WEATHER_WGEN,0,0,0,0,CC8CD41CEF907C4D216069122C4B89936211361F9050A717A1E37AD1862E952F
P0217,W0,RANDOM_WEATHER_WGEN,0,0,0,0,CC8CD41CEF907C4D216069122C4B89936211361F9050A717A1E37AD1862E952F
P0218,W0,RANDOM_WEATHER_WGEN,0,0,0,0,1B897DDDD4C151E2A2E6E3E91B7EA0F7FC4FD5ED00EF1C9669E8566393A02586
P0219,W0,RANDOM_WEATHER_WGEN,0,0,0,0,CC8CD41CEF907C4D216069122C4B89936211361F9050A717A1E37AD1862E952F
P0220,W0,RANDOM_WEATHER_WGEN,0,0,0,0,CC8CD41CEF907C4D216069122C4B89936211361F9050A717A1E37AD1862E952F
P0221,W0,RANDOM_WEATHER_WGEN,0,0,0,0,CC8CD41CEF907C4D216069122C4B89936211361F9050A717A1E37AD1862E952F
P0222,W0,RANDOM_WEATHER_WGEN,0,0,0,0,CC8CD41CEF907C4D216069122C4B89936211361F9050A717A1E37AD1862E952F
P0223,W0,RANDOM_WEATHER_WGEN,0,0,0,0,CC8CD41CEF907C4D216069122C4B89936211361F9050A717A1E37AD1862E952F
P0224,W0,RANDOM_WEATHER_WGEN,0,0,0,0,CC8CD41CEF907C4D216069122C4B89936211361F9050A717A1E37AD1862E952F
P0225,W0,RANDOM_WEATHER_WGEN,0,0,0,0,CC8CD41CEF907C4D216069122C4B89936211361F9050A717A1E37AD1862E952F
P0226,W0,RANDOM_WEATHER_WGEN,0,0,0,0,CC8CD41CEF907C4D216069122C4B89936211361F9050A717A1E37AD1862E952F
P0227,W0,RANDOM_WEATHER_WGEN,0,0,0,0,CC8CD41CEF907C4D216069122C4B89936211361F9050A717A1E37AD1862E952F
P0228,W0,RANDOM_WEATHER_WGEN,0,0,0,0,1B897DDDD4C151E2A2E6E3E91B7EA0F7FC4FD5ED00EF1C9669E8566393A02586
P0229,W0,RANDOM_WEATHER_WGEN,0,13,45,40,CC8CD41CEF907C4D216069122C4B89936211361F9050A717A1E37AD1862E952F
P0230,W0,RANDOM_WEATHER_WGEN,0,0,0,0,CC8CD41CEF907C4D216069122C4B89936211361F9050A717A1E37AD1862E952F
P0231,W0,RANDOM_WEATHER_WGEN,0,0,0,0,1B897DDDD4C151E2A2E6E3E91B7EA0F7FC4FD5ED00EF1C9669E8566393A02586
P0232,W0,RANDOM_WEATHER_WGEN,0,0,0,0,1B897DDDD4C151E2A2E6E3E91B7EA0F7FC4FD5ED00EF1C9669E8566393A02586
P0233,W0,RANDOM_WEATHER_WGEN,0,0,0,0,1B897DDDD4C151E2A2E6E3E91B7EA0F7FC4FD5ED00EF1C9669E8566393A02586
P0234,W0,RANDOM_WEATHER_WGEN,0,0,0,0,1B897DDDD4C151E2A2E6E3E91B7EA0F7FC4FD5ED00EF1C9669E8566393A02586
P0235,W0,RANDOM_WEATHER_WGEN,0,0,0,0,CC8CD41CEF907C4D216069122C4B89936211361F9050A717A1E37AD1862E952F
P0236,W0,RANDOM_WEATHER_WGEN,0,0,0,0,CC8CD41CEF907C4D216069122C4B89936211361F9050A717A1E37AD1862E952F
P0237,W0,RANDOM_WEATHER_WGEN,0,0,0,0,CC8CD41CEF907C4D216069122C4B89936211361F9050A717A1E37AD1862E952F
P0238,W0,RANDOM_WEATHER_WGEN,0,0,0,0,1B897DDDD4C151E2A2E6E3E91B7EA0F7FC4FD5ED00EF1C9669E8566393A02586
P0239,W0,RANDOM_WEATHER_WGEN,0,0,0,0,4B0EBEA5AFB86AFBADF12EEDC5C56E680F4946E61EFE94AD358B6FF89EA5FEC7
P0240,W0,RANDOM_WEATHER_WGEN,0,0,0,0,CC8CD41CEF907C4D216069122C4B89936211361F9050A717A1E37AD1862E952F
P0241,W0,RANDOM_WEATHER_WGEN,0,0,0,0,1B897DDDD4C151E2A2E6E3E91B7EA0F7FC4FD5ED00EF1C9669E8566393A02586
P0242,W0,RANDOM_WEATHER_WGEN,0,0,0,0,1B897DDDD4C151E2A2E6E3E91B7EA0F7FC4FD5ED00EF1C9669E8566393A02586
P0243,W0,RANDOM_WEATHER_WGEN,0,0,0,0,CC8CD41CEF907C4D216069122C4B89936211361F9050A717A1E37AD1862E952F
P0244,W0,RANDOM_WEATHER_WGEN,0,0,0,0,CC8CD41CEF907C4D216069122C4B89936211361F9050A717A1E37AD1862E952F
P0245,W0,RANDOM_WEATHER_WGEN,0,0,0,0,CC8CD41CEF907C4D216069122C4B89936211361F9050A717A1E37AD1862E952F
P0246,W0,RANDOM_WEATHER_WGEN,0,0,0,0,1B897DDDD4C151E2A2E6E3E91B7EA0F7FC4FD5ED00EF1C9669E8566393A02586
P0247,W0,RANDOM_WEATHER_WGEN,0,0,0,0,CC8CD41CEF907C4D216069122C4B89936211361F9050A717A1E37AD1862E952F
P0248,W0,RANDOM_WEATHER_WGEN,0,0,0,0,CC8CD41CEF907C4D216069122C4B89936211361F9050A717A1E37AD1862E952F
P0249,W0,RANDOM_WEATHER_WGEN,0,0,0,0,CC8CD41CEF907C4D216069122C4B89936211361F9050A717A1E37AD1862E952F
P0250,W0,RANDOM_WEATHER_WGEN,0,0,0,0,CC8CD41CEF907C4D216069122C4B89936211361F9050A717A1E37AD1862E952F
P0251,W0,RANDOM_WEATHER_WGEN,0,0,0,0,CC8CD41CEF907C4D216069122C4B89936211361F9050A717A1E37AD1862E952F
P0252,W0,RANDOM_WEATHER_WGEN,0,0,0,0,CC8CD41CEF907C4D216069122C4B89936211361F9050A717A1E37AD1862E952F
P0253,W0,RANDOM_WEATHER_WGEN,0,0,0,0,CC8CD41CEF907C4D216069122C4B89936211361F9050A717A1E37AD1862E952F
P0254,W0,RANDOM_WEATHER_WGEN,0,0,0,0,CC8CD41CEF907C4D216069122C4B89936211361F9050A717A1E37AD1862E952F
P0255,W0,RANDOM_WEATHER_WGEN,0,0,0,0,CC8CD41CEF907C4D216069122C4B89936211361F9050A717A1E37AD1862E952F
P0256,W0,RANDOM_WEATHER_WGEN,0,0,0,0,CC8CD41CEF907C4D216069122C4B89936211361F9050A717A1E37AD1862E952F
P0257,W0,RANDOM_WEATHER_WGEN,0,0,0,0,CC8CD41CEF907C4D216069122C4B89936211361F9050A717A1E37AD1862E952F
P0258,W0,RANDOM_WEATHER_WGEN,0,0,0,0,4B0EBEA5AFB86AFBADF12EEDC5C56E680F4946E61EFE94AD358B6FF89EA5FEC7
P0259,W0,RANDOM_WEATHER_WGEN,0,0,0,0,4B0EBEA5AFB86AFBADF12EEDC5C56E680F4946E61EFE94AD358B6FF89EA5FEC7
P0260,W0,RANDOM_WEATHER_WGEN,0,0,0,0,CC8CD41CEF907C4D216069122C4B89936211361F9050A717A1E37AD1862E952F
P0261,W0,RANDOM_WEATHER_WGEN,0,13,45,40,CC8CD41CEF907C4D216069122C4B89936211361F9050A717A1E37AD1862E952F
P0262,W0,RANDOM_WEATHER_WGEN,0,13,45,40,CC8CD41CEF907C4D216069122C4B89936211361F9050A717A1E37AD1862E952F
P0263,W0,RANDOM_WEATHER_WGEN,0,0,0,0,CC8CD41CEF907C4D216069122C4B89936211361F9050A717A1E37AD1862E952F
P0264,W0,RANDOM_WEATHER_WGEN,0,0,0,0,CC8CD41CEF907C4D216069122C4B89936211361F9050A717A1E37AD1862E952F
P0265,W0,RANDOM_WEATHER_WGEN,0,0,0,0,CC8CD41CEF907C4D216069122C4B89936211361F9050A717A1E37AD1862E952F
P0266,W0,RANDOM_WEATHER_WGEN,0,0,0,0,CC8CD41CEF907C4D216069122C4B89936211361F9050A717A1E37AD1862E952F
P0267,W0,RANDOM_WEATHER_WGEN,0,0,0,0,1B897DDDD4C151E2A2E6E3E91B7EA0F7FC4FD5ED00EF1C9669E8566393A02586
P0268,W0,RANDOM_WEATHER_WGEN,0,0,0,0,1B897DDDD4C151E2A2E6E3E91B7EA0F7FC4FD5ED00EF1C9669E8566393A02586
P0269,W0,RANDOM_WEATHER_WGEN,0,0,0,0,1B897DDDD4C151E2A2E6E3E91B7EA0F7FC4FD5ED00EF1C9669E8566393A02586
P0270,W0,RANDOM_WEATHER_WGEN,0,0,0,0,4B0EBEA5AFB86AFBADF12EEDC5C56E680F4946E61EFE94AD358B6FF89EA5FEC7
P0271,W0,RANDOM_WEATHER_WGEN,0,0,0,0,CC8CD41CEF907C4D216069122C4B89936211361F9050A717A1E37AD1862E952F
P0272,W0,RANDOM_WEATHER_WGEN,0,0,0,0,1B897DDDD4C151E2A2E6E3E91B7EA0F7FC4FD5ED00EF1C9669E8566393A02586
P0273,W0,RANDOM_WEATHER_WGEN,0,0,0,0,4B0EBEA5AFB86AFBADF12EEDC5C56E680F4946E61EFE94AD358B6FF89EA5FEC7
P0274,W0,RANDOM_WEATHER_WGEN,0,0,0,0,1B897DDDD4C151E2A2E6E3E91B7EA0F7FC4FD5ED00EF1C9669E8566393A02586
P0275,W0,RANDOM_WEATHER_WGEN,0,0,0,0,CC8CD41CEF907C4D216069122C4B89936211361F9050A717A1E37AD1862E952F
P0276,W0,RANDOM_WEATHER_WGEN,0,0,0,0,CC8CD41CEF907C4D216069122C4B89936211361F9050A717A1E37AD1862E952F
P0277,W0,RANDOM_WEATHER_WGEN,0,0,0,0,CC8CD41CEF907C4D216069122C4B89936211361F9050A717A1E37AD1862E952F
P0278,W0,RANDOM_WEATHER_WGEN,0,0,0,0,CC8CD41CEF907C4D216069122C4B89936211361F9050A717A1E37AD1862E952F
P0279,W0,RANDOM_WEATHER_WGEN,0,0,0,0,CC8CD41CEF907C4D216069122C4B89936211361F9050A717A1E37AD1862E952F
P0280,W0,RANDOM_WEATHER_WGEN,0,0,0,0,1B897DDDD4C151E2A2E6E3E91B7EA0F7FC4FD5ED00EF1C9669E8566393A02586
P0281,W0,RANDOM_WEATHER_WGEN,0,0,0,0,1B897DDDD4C151E2A2E6E3E91B7EA0F7FC4FD5ED00EF1C9669E8566393A02586
P0282,W0,RANDOM_WEATHER_WGEN,0,0,0,0,1B897DDDD4C151E2A2E6E3E91B7EA0F7FC4FD5ED00EF1C9669E8566393A02586
P0283,W0,RANDOM_WEATHER_WGEN,0,0,0,0,CC8CD41CEF907C4D216069122C4B89936211361F9050A717A1E37AD1862E952F
P0284,W0,RANDOM_WEATHER_WGEN,0,0,0,0,CC8CD41CEF907C4D216069122C4B89936211361F9050A717A1E37AD1862E952F
P0285,W0,RANDOM_WEATHER_WGEN,0,0,0,0,CC8CD41CEF907C4D216069122C4B89936211361F9050A717A1E37AD1862E952F
P0286,W0,RANDOM_WEATHER_WGEN,0,0,0,0,CC8CD41CEF907C4D216069122C4B89936211361F9050A717A1E37AD1862E952F
P0287,W0,RANDOM_WEATHER_WGEN,0,0,0,0,CC8CD41CEF907C4D216069122C4B89936211361F9050A717A1E37AD1862E952F
P0288,W0,RANDOM_WEATHER_WGEN,0,0,0,0,CC8CD41CEF907C4D216069122C4B89936211361F9050A717A1E37AD1862E952F
P0289,W0,RANDOM_WEATHER_WGEN,0,0,0,0,CC8CD41CEF907C4D216069122C4B89936211361F9050A717A1E37AD1862E952F
P0290,W0,RANDOM_WEATHER_WGEN,0,0,0,0,CC8CD41CEF907C4D216069122C4B89936211361F9050A717A1E37AD1862E952F
P0291,W0,RANDOM_WEATHER_WGEN,0,0,0,0,CC8CD41CEF907C4D216069122C4B89936211361F9050A717A1E37AD1862E952F
P0292,W0,RANDOM_WEATHER_WGEN,0,0,0,0,CC8CD41CEF907C4D216069122C4B89936211361F9050A717A1E37AD1862E952F
P0293,W0,RANDOM_WEATHER_WGEN,0,0,0,0,CC8CD41CEF907C4D216069122C4B89936211361F9050A717A1E37AD1862E952F
P0294,W0,RANDOM_WEATHER_WGEN,0,0,0,0,CC8CD41CEF907C4D216069122C4B89936211361F9050A717A1E37AD1862E952F
P0295,W0,RANDOM_WEATHER_WGEN,0,0,0,0,CC8CD41CEF907C4D216069122C4B89936211361F9050A717A1E37AD1862E952F
P0296,W0,RANDOM_WEATHER_WGEN,0,0,0,0,CC8CD41CEF907C4D216069122C4B89936211361F9050A717A1E37AD1862E952F
P0297,W0,RANDOM_WEATHER_WGEN,0,0,0,0,CC8CD41CEF907C4D216069122C4B89936211361F9050A717A1E37AD1862E952F
P0298,W0,RANDOM_WEATHER_WGEN,0,0,0,0,CC8CD41CEF907C4D216069122C4B89936211361F9050A717A1E37AD1862E952F
P0299,W0,RANDOM_WEATHER_WGEN,0,0,0,0,CC8CD41CEF907C4D216069122C4B89936211361F9050A717A1E37AD1862E952F
P0300,W0,RANDOM_WEATHER_WGEN,0,0,0,0,4B0EBEA5AFB86AFBADF12EEDC5C56E680F4946E61EFE94AD358B6FF89EA5FEC7
P0301,W0,RANDOM_WEATHER_WGEN,0,0,0,0,CC8CD41CEF907C4D216069122C4B89936211361F9050A717A1E37AD1862E952F
P0302,W0,RANDOM_WEATHER_WGEN,0,0,0,0,CC8CD41CEF907C4D216069122C4B89936211361F9050A717A1E37AD1862E952F
P0303,W0,RANDOM_WEATHER_WGEN,0,0,0,0,CC8CD41CEF907C4D216069122C4B89936211361F9050A717A1E37AD1862E952F
P0304,W0,RANDOM_WEATHER_WGEN,0,0,0,0,CC8CD41CEF907C4D216069122C4B89936211361F9050A717A1E37AD1862E952F
P0305,W0,RANDOM_WEATHER_WGEN,0,0,0,0,4B0EBEA5AFB86AFBADF12EEDC5C56E680F4946E61EFE94AD358B6FF89EA5FEC7
P0306,W0,RANDOM_WEATHER_WGEN,0,0,0,0,CC8CD41CEF907C4D216069122C4B89936211361F9050A717A1E37AD1862E952F
P0307,W0,RANDOM_WEATHER_WGEN,0,0,0,0,CC8CD41CEF907C4D216069122C4B89936211361F9050A717A1E37AD1862E952F
P0308,W0,RANDOM_WEATHER_WGEN,0,0,0,0,CC8CD41CEF907C4D216069122C4B89936211361F9050A717A1E37AD1862E952F
P0309,W0,RANDOM_WEATHER_WGEN,0,0,0,0,CC8CD41CEF907C4D216069122C4B89936211361F9050A717A1E37AD1862E952F
P0310,W0,RANDOM_WEATHER_WGEN,0,0,0,0,CC8CD41CEF907C4D216069122C4B89936211361F9050A717A1E37AD1862E952F
P0311,W0,RANDOM_WEATHER_WGEN,0,0,0,0,1B897DDDD4C151E2A2E6E3E91B7EA0F7FC4FD5ED00EF1C9669E8566393A02586
P0312,W0,RANDOM_WEATHER_WGEN,0,0,0,0,CC8CD41CEF907C4D216069122C4B89936211361F9050A717A1E37AD1862E952F
P0313,W0,RANDOM_WEATHER_WGEN,0,0,0,0,1B897DDDD4C151E2A2E6E3E91B7EA0F7FC4FD5ED00EF1C9669E8566393A02586
P0314,W0,RANDOM_WEATHER_WGEN,0,0,0,0,1B897DDDD4C151E2A2E6E3E91B7EA0F7FC4FD5ED00EF1C9669E8566393A02586
P0315,W0,RANDOM_WEATHER_WGEN,0,0,0,0,1B897DDDD4C151E2A2E6E3E91B7EA0F7FC4FD5ED00EF1C9669E8566393A02586
P0316,W0,RANDOM_WEATHER_WGEN,0,13,45,40,CC8CD41CEF907C4D216069122C4B89936211361F9050A717A1E37AD1862E952F
P0317,W0,RANDOM_WEATHER_WGEN,0,0,0,0,CC8CD41CEF907C4D216069122C4B89936211361F9050A717A1E37AD1862E952F
P0318,W0,RANDOM_WEATHER_WGEN,0,0,0,0,CC8CD41CEF907C4D216069122C4B89936211361F9050A717A1E37AD1862E952F
P0319,W0,RANDOM_WEATHER_WGEN,0,0,0,0,CC8CD41CEF907C4D216069122C4B89936211361F9050A717A1E37AD1862E952F
P0320,W0,RANDOM_WEATHER_WGEN,0,0,0,0,1B897DDDD4C151E2A2E6E3E91B7EA0F7FC4FD5ED00EF1C9669E8566393A02586
P0321,W0,RANDOM_WEATHER_WGEN,0,0,0,0,CC8CD41CEF907C4D216069122C4B89936211361F9050A717A1E37AD1862E952F
P0322,W0,RANDOM_WEATHER_WGEN,0,0,0,0,CC8CD41CEF907C4D216069122C4B89936211361F9050A717A1E37AD1862E952F
P0323,W0,RANDOM_WEATHER_WGEN,0,0,0,0,CC8CD41CEF907C4D216069122C4B89936211361F9050A717A1E37AD1862E952F
P0324,W0,RANDOM_WEATHER_WGEN,0,0,0,0,CC8CD41CEF907C4D216069122C4B89936211361F9050A717A1E37AD1862E952F
P0325,W0,RANDOM_WEATHER_WGEN,0,0,0,0,CC8CD41CEF907C4D216069122C4B89936211361F9050A717A1E37AD1862E952F
P0326,W0,RANDOM_WEATHER_WGEN,0,0,0,0,CC8CD41CEF907C4D216069122C4B89936211361F9050A717A1E37AD1862E952F
P0327,W0,RANDOM_WEATHER_WGEN,0,0,0,0,CC8CD41CEF907C4D216069122C4B89936211361F9050A717A1E37AD1862E952F
P0328,W0,RANDOM_WEATHER_WGEN,0,0,0,0,0EF6657F1EF3D57D3039B838837EE670569C55FAEC16004B220C894540BCD97D
P0329,W0,RANDOM_WEATHER_WGEN,0,0,0,0,0EF6657F1EF3D57D3039B838837EE670569C55FAEC16004B220C894540BCD97D
P0330,W0,RANDOM_WEATHER_WGEN,0,0,0,0,0EF6657F1EF3D57D3039B838837EE670569C55FAEC16004B220C894540BCD97D
P0331,W0,RANDOM_WEATHER_WGEN,0,0,0,0,0EF6657F1EF3D57D3039B838837EE670569C55FAEC16004B220C894540BCD97D
P0332,W0,RANDOM_WEATHER_WGEN,0,0,0,0,0EF6657F1EF3D57D3039B838837EE670569C55FAEC16004B220C894540BCD97D
P0333,W0,RANDOM_WEATHER_WGEN,0,0,0,0,0EF6657F1EF3D57D3039B838837EE670569C55FAEC16004B220C894540BCD97D
P0334,W0,RANDOM_WEATHER_WGEN,0,0,0,0,0EF6657F1EF3D57D3039B838837EE670569C55FAEC16004B220C894540BCD97D
P0335,W0,RANDOM_WEATHER_WGEN,0,0,0,0,0EF6657F1EF3D57D3039B838837EE670569C55FAEC16004B220C894540BCD97D
P0336,W0,RANDOM_WEATHER_WGEN,0,0,0,0,0EF6657F1EF3D57D3039B838837EE670569C55FAEC16004B220C894540BCD97D
P0337,W0,RANDOM_WEATHER_WGEN,0,0,0,0,0EF6657F1EF3D57D3039B838837EE670569C55FAEC16004B220C894540BCD97D
P0338,W0,RANDOM_WEATHER_WGEN,0,13,45,40,CC8CD41CEF907C4D216069122C4B89936211361F9050A717A1E37AD1862E952F
P0339,W0,RANDOM_WEATHER_WGEN,0,0,0,0,A020B7F8043620B11605E4B25E35803538E4679D5F7A9E6AE90300BF28791989
P0340,W0,RANDOM_WEATHER_WGEN,0,0,0,0,A020B7F8043620B11605E4B25E35803538E4679D5F7A9E6AE90300BF28791989
P0341,W0,RANDOM_WEATHER_WGEN,0,0,0,0,0EF6657F1EF3D57D3039B838837EE670569C55FAEC16004B220C894540BCD97D
P0342,W0,RANDOM_WEATHER_WGEN,0,0,0,0,0EF6657F1EF3D57D3039B838837EE670569C55FAEC16004B220C894540BCD97D
P0343,W0,RANDOM_WEATHER_WGEN,0,0,0,0,0EF6657F1EF3D57D3039B838837EE670569C55FAEC16004B220C894540BCD97D
P0344,W0,RANDOM_WEATHER_WGEN,0,13,45,40,CC8CD41CEF907C4D216069122C4B89936211361F9050A717A1E37AD1862E952F
P0345,W0,RANDOM_WEATHER_WGEN,0,0,0,0,A020B7F8043620B11605E4B25E35803538E4679D5F7A9E6AE90300BF28791989
P0346,W0,RANDOM_WEATHER_WGEN,0,0,0,0,A020B7F8043620B11605E4B25E35803538E4679D5F7A9E6AE90300BF28791989
P0347,W0,RANDOM_WEATHER_WGEN,0,0,0,0,0EF6657F1EF3D57D3039B838837EE670569C55FAEC16004B220C894540BCD97D
P0348,W0,RANDOM_WEATHER_WGEN,0,0,0,0,4CBBD8CA5215B8D161AEC181A74B694F4E24B001D5B081DC0030ED797A8973E0
P0349,W0,RANDOM_WEATHER_WGEN,0,0,0,0,0EF6657F1EF3D57D3039B838837EE670569C55FAEC16004B220C894540BCD97D
P0350,W0,RANDOM_WEATHER_WGEN,0,13,45,40,CC8CD41CEF907C4D216069122C4B89936211361F9050A717A1E37AD1862E952F
P0351,W0,RANDOM_WEATHER_WGEN,0,13,45,40,CC8CD41CEF907C4D216069122C4B89936211361F9050A717A1E37AD1862E952F
P0352,W0,RANDOM_WEATHER_WGEN,0,0,0,0,0EF6657F1EF3D57D3039B838837EE670569C55FAEC16004B220C894540BCD97D
P0353,W0,RANDOM_WEATHER_WGEN,0,13,45,40,CC8CD41CEF907C4D216069122C4B89936211361F9050A717A1E37AD1862E952F
P0354,W0,RANDOM_WEATHER_WGEN,0,0,0,0,4CBBD8CA5215B8D161AEC181A74B694F4E24B001D5B081DC0030ED797A8973E0
P0355,W0,RANDOM_WEATHER_WGEN,0,0,0,0,0EF6657F1EF3D57D3039B838837EE670569C55FAEC16004B220C894540BCD97D
P0356,W0,RANDOM_WEATHER_WGEN,0,0,0,0,0EF6657F1EF3D57D3039B838837EE670569C55FAEC16004B220C894540BCD97D
P0357,W0,RANDOM_WEATHER_WGEN,0,0,0,0,0EF6657F1EF3D57D3039B838837EE670569C55FAEC16004B220C894540BCD97D
P0358,W0,RANDOM_WEATHER_WGEN,0,0,0,0,0EF6657F1EF3D57D3039B838837EE670569C55FAEC16004B220C894540BCD97D
P0359,W0,RANDOM_WEATHER_WGEN,0,0,0,0,0EF6657F1EF3D57D3039B838837EE670569C55FAEC16004B220C894540BCD97D
P0360,W0,RANDOM_WEATHER_WGEN,0,0,0,0,0EF6657F1EF3D57D3039B838837EE670569C55FAEC16004B220C894540BCD97D
P0361,W0,RANDOM_WEATHER_WGEN,0,0,0,0,0EF6657F1EF3D57D3039B838837EE670569C55FAEC16004B220C894540BCD97D
P0362,W0,RANDOM_WEATHER_WGEN,0,0,0,0,0EF6657F1EF3D57D3039B838837EE670569C55FAEC16004B220C894540BCD97D
P0363,W0,RANDOM_WEATHER_WGEN,0,0,0,0,0EF6657F1EF3D57D3039B838837EE670569C55FAEC16004B220C894540BCD97D
P0364,W0,RANDOM_WEATHER_WGEN,0,0,0,0,0EF6657F1EF3D57D3039B838837EE670569C55FAEC16004B220C894540BCD97D
P0365,W0,RANDOM_WEATHER_WGEN,0,0,0,0,0EF6657F1EF3D57D3039B838837EE670569C55FAEC16004B220C894540BCD97D
P0366,W0,RANDOM_WEATHER_WGEN,0,0,0,0,0EF6657F1EF3D57D3039B838837EE670569C55FAEC16004B220C894540BCD97D
P0367,W0,RANDOM_WEATHER_WGEN,0,0,0,0,0EF6657F1EF3D57D3039B838837EE670569C55FAEC16004B220C894540BCD97D
P0368,W0,RANDOM_WEATHER_WGEN,0,0,0,0,0EF6657F1EF3D57D3039B838837EE670569C55FAEC16004B220C894540BCD97D
P0369,W0,RANDOM_WEATHER_WGEN,0,0,0,0,0EF6657F1EF3D57D3039B838837EE670569C55FAEC16004B220C894540BCD97D
P0370,W0,RANDOM_WEATHER_WGEN,0,0,0,0,0EF6657F1EF3D57D3039B838837EE670569C55FAEC16004B220C894540BCD97D
P0371,W0,RANDOM_WEATHER_WGEN,0,0,0,0,1B897DDDD4C151E2A2E6E3E91B7EA0F7FC4FD5ED00EF1C9669E8566393A02586
P0372,W0,RANDOM_WEATHER_WGEN,0,0,0,0,1B897DDDD4C151E2A2E6E3E91B7EA0F7FC4FD5ED00EF1C9669E8566393A02586
P0373,W0,RANDOM_WEATHER_WGEN,0,0,0,0,4CBBD8CA5215B8D161AEC181A74B694F4E24B001D5B081DC0030ED797A8973E0
P0374,W0,RANDOM_WEATHER_WGEN,0,0,0,0,0EF6657F1EF3D57D3039B838837EE670569C55FAEC16004B220C894540BCD97D
P0375,W0,RANDOM_WEATHER_WGEN,0,0,0,0,0EF6657F1EF3D57D3039B838837EE670569C55FAEC16004B220C894540BCD97D
P0376,W0,RANDOM_WEATHER_WGEN,0,0,0,0,1B897DDDD4C151E2A2E6E3E91B7EA0F7FC4FD5ED00EF1C9669E8566393A02586
P0377,W0,RANDOM_WEATHER_WGEN,0,13,45,40,CC8CD41CEF907C4D216069122C4B89936211361F9050A717A1E37AD1862E952F
P0378,W0,RANDOM_WEATHER_WGEN,0,0,0,0,4CBBD8CA5215B8D161AEC181A74B694F4E24B001D5B081DC0030ED797A8973E0
P0379,W0,RANDOM_WEATHER_WGEN,0,0,0,0,0EF6657F1EF3D57D3039B838837EE670569C55FAEC16004B220C894540BCD97D
P0380,W0,RANDOM_WEATHER_WGEN,0,0,0,0,0EF6657F1EF3D57D3039B838837EE670569C55FAEC16004B220C894540BCD97D
P0381,W0,RANDOM_WEATHER_WGEN,0,0,0,0,A2AE27368CB8E5358848B174FE9B8BF042D393E0B54D4463130C40AED4CA569B
P0382,W0,RANDOM_WEATHER_WGEN,0,0,0,0,A2AE27368CB8E5358848B174FE9B8BF042D393E0B54D4463130C40AED4CA569B
P0383,W0,RANDOM_WEATHER_WGEN,0,0,0,0,A2AE27368CB8E5358848B174FE9B8BF042D393E0B54D4463130C40AED4CA569B
P0384,W0,RANDOM_WEATHER_WGEN,0,13,45,40,CC8CD41CEF907C4D216069122C4B89936211361F9050A717A1E37AD1862E952F
P0385,W0,RANDOM_WEATHER_WGEN,0,0,0,0,4CBBD8CA5215B8D161AEC181A74B694F4E24B001D5B081DC0030ED797A8973E0
P0386,W0,RANDOM_WEATHER_WGEN,0,0,0,0,1B897DDDD4C151E2A2E6E3E91B7EA0F7FC4FD5ED00EF1C9669E8566393A02586
P0387,W0,RANDOM_WEATHER_WGEN,0,13,45,40,CC8CD41CEF907C4D216069122C4B89936211361F9050A717A1E37AD1862E952F
P0388,W0,RANDOM_WEATHER_WGEN,0,0,0,0,4CBBD8CA5215B8D161AEC181A74B694F4E24B001D5B081DC0030ED797A8973E0
P0389,W0,RANDOM_WEATHER_WGEN,0,0,0,0,A020B7F8043620B11605E4B25E35803538E4679D5F7A9E6AE90300BF28791989
P0390,W0,RANDOM_WEATHER_WGEN,0,13,45,40,CC8CD41CEF907C4D216069122C4B89936211361F9050A717A1E37AD1862E952F
P0391,W0,RANDOM_WEATHER_WGEN,0,0,0,0,A2AE27368CB8E5358848B174FE9B8BF042D393E0B54D4463130C40AED4CA569B
P0392,W0,RANDOM_WEATHER_WGEN,0,0,0,0,A2AE27368CB8E5358848B174FE9B8BF042D393E0B54D4463130C40AED4CA569B
P0393,W0,RANDOM_WEATHER_WGEN,0,0,0,0,1B897DDDD4C151E2A2E6E3E91B7EA0F7FC4FD5ED00EF1C9669E8566393A02586
P0394,W0,RANDOM_WEATHER_WGEN,0,0,0,0,CC8CD41CEF907C4D216069122C4B89936211361F9050A717A1E37AD1862E952F
P0395,W0,RANDOM_WEATHER_WGEN,0,0,0,0,4CBBD8CA5215B8D161AEC181A74B694F4E24B001D5B081DC0030ED797A8973E0
P0396,W0,RANDOM_WEATHER_WGEN,0,0,0,0,CC8CD41CEF907C4D216069122C4B89936211361F9050A717A1E37AD1862E952F
P0397,W0,RANDOM_WEATHER_WGEN,0,0,0,0,CC8CD41CEF907C4D216069122C4B89936211361F9050A717A1E37AD1862E952F
P0398,W0,RANDOM_WEATHER_WGEN,0,0,0,0,0EF6657F1EF3D57D3039B838837EE670569C55FAEC16004B220C894540BCD97D
P0399,W0,RANDOM_WEATHER_WGEN,0,0,0,0,CC8CD41CEF907C4D216069122C4B89936211361F9050A717A1E37AD1862E952F
P0400,W0,RANDOM_WEATHER_WGEN,0,0,0,0,4CBBD8CA5215B8D161AEC181A74B694F4E24B001D5B081DC0030ED797A8973E0
P0401,W0,RANDOM_WEATHER_WGEN,0,0,0,0,4B0EBEA5AFB86AFBADF12EEDC5C56E680F4946E61EFE94AD358B6FF89EA5FEC7
P0402,W0,RANDOM_WEATHER_WGEN,0,0,0,0,1B897DDDD4C151E2A2E6E3E91B7EA0F7FC4FD5ED00EF1C9669E8566393A02586
P0403,W0,RANDOM_WEATHER_WGEN,0,0,0,0,CC8CD41CEF907C4D216069122C4B89936211361F9050A717A1E37AD1862E952F
P0404,W0,RANDOM_WEATHER_WGEN,0,0,0,0,A020B7F8043620B11605E4B25E35803538E4679D5F7A9E6AE90300BF28791989
P0405,W0,RANDOM_WEATHER_WGEN,0,0,0,0,4CBBD8CA5215B8D161AEC181A74B694F4E24B001D5B081DC0030ED797A8973E0
P0406,W0,RANDOM_WEATHER_WGEN,0,0,0,0,CC8CD41CEF907C4D216069122C4B89936211361F9050A717A1E37AD1862E952F
P0407,W0,RANDOM_WEATHER_WGEN,0,0,0,0,CC8CD41CEF907C4D216069122C4B89936211361F9050A717A1E37AD1862E952F
P0408,W0,RANDOM_WEATHER_WGEN,0,0,0,0,4CBBD8CA5215B8D161AEC181A74B694F4E24B001D5B081DC0030ED797A8973E0
P0409,W0,RANDOM_WEATHER_WGEN,0,0,0,0,4B0EBEA5AFB86AFBADF12EEDC5C56E680F4946E61EFE94AD358B6FF89EA5FEC7
P0410,W0,RANDOM_WEATHER_WGEN,0,0,0,0,4B0EBEA5AFB86AFBADF12EEDC5C56E680F4946E61EFE94AD358B6FF89EA5FEC7
P0411,W0,RANDOM_WEATHER_WGEN,0,0,0,0,A2AE27368CB8E5358848B174FE9B8BF042D393E0B54D4463130C40AED4CA569B
P0412,W0,RANDOM_WEATHER_WGEN,0,0,0,0,4B0EBEA5AFB86AFBADF12EEDC5C56E680F4946E61EFE94AD358B6FF89EA5FEC7
P0413,W0,RANDOM_WEATHER_WGEN,0,0,0,0,CC8CD41CEF907C4D216069122C4B89936211361F9050A717A1E37AD1862E952F
P0414,W0,RANDOM_WEATHER_WGEN,0,0,0,0,4CBBD8CA5215B8D161AEC181A74B694F4E24B001D5B081DC0030ED797A8973E0
P0415,W0,RANDOM_WEATHER_WGEN,0,0,0,0,4CBBD8CA5215B8D161AEC181A74B694F4E24B001D5B081DC0030ED797A8973E0
P0416,W0,RANDOM_WEATHER_WGEN,0,0,0,0,A2AE27368CB8E5358848B174FE9B8BF042D393E0B54D4463130C40AED4CA569B
P0417,W0,RANDOM_WEATHER_WGEN,0,0,0,0,CC8CD41CEF907C4D216069122C4B89936211361F9050A717A1E37AD1862E952F
P0418,W0,RANDOM_WEATHER_WGEN,0,0,0,0,4CBBD8CA5215B8D161AEC181A74B694F4E24B001D5B081DC0030ED797A8973E0
P0419,W0,RANDOM_WEATHER_WGEN,0,0,0,0,CC8CD41CEF907C4D216069122C4B89936211361F9050A717A1E37AD1862E952F
P0420,W0,RANDOM_WEATHER_WGEN,0,0,0,0,CC8CD41CEF907C4D216069122C4B89936211361F9050A717A1E37AD1862E952F
P0421,W0,RANDOM_WEATHER_WGEN,0,0,0,0,CC8CD41CEF907C4D216069122C4B89936211361F9050A717A1E37AD1862E952F
P0422,W0,RANDOM_WEATHER_WGEN,0,0,0,0,0EF6657F1EF3D57D3039B838837EE670569C55FAEC16004B220C894540BCD97D
P0423,W0,RANDOM_WEATHER_WGEN,0,0,0,0,0EF6657F1EF3D57D3039B838837EE670569C55FAEC16004B220C894540BCD97D
P0424,W0,RANDOM_WEATHER_WGEN,0,0,0,0,CC8CD41CEF907C4D216069122C4B89936211361F9050A717A1E37AD1862E952F
P0425,W0,RANDOM_WEATHER_WGEN,0,0,0,0,4CBBD8CA5215B8D161AEC181A74B694F4E24B001D5B081DC0030ED797A8973E0
P0426,W0,RANDOM_WEATHER_WGEN,0,0,0,0,4CBBD8CA5215B8D161AEC181A74B694F4E24B001D5B081DC0030ED797A8973E0
P0427,W0,RANDOM_WEATHER_WGEN,0,0,0,0,A020B7F8043620B11605E4B25E35803538E4679D5F7A9E6AE90300BF28791989
P0428,W0,RANDOM_WEATHER_WGEN,0,0,0,0,CC8CD41CEF907C4D216069122C4B89936211361F9050A717A1E37AD1862E952F
P0429,W0,RANDOM_WEATHER_WGEN,0,0,0,0,4CBBD8CA5215B8D161AEC181A74B694F4E24B001D5B081DC0030ED797A8973E0
P0430,W0,RANDOM_WEATHER_WGEN,0,0,0,0,1B897DDDD4C151E2A2E6E3E91B7EA0F7FC4FD5ED00EF1C9669E8566393A02586
P0431,W0,RANDOM_WEATHER_WGEN,0,0,0,0,4CBBD8CA5215B8D161AEC181A74B694F4E24B001D5B081DC0030ED797A8973E0
P0432,W0,RANDOM_WEATHER_WGEN,0,0,0,0,4CBBD8CA5215B8D161AEC181A74B694F4E24B001D5B081DC0030ED797A8973E0
P0433,W0,RANDOM_WEATHER_WGEN,0,0,0,0,CC8CD41CEF907C4D216069122C4B89936211361F9050A717A1E37AD1862E952F
P0434,W0,RANDOM_WEATHER_WGEN,0,0,0,0,4CBBD8CA5215B8D161AEC181A74B694F4E24B001D5B081DC0030ED797A8973E0
P0435,W0,RANDOM_WEATHER_WGEN,0,0,0,0,4B0EBEA5AFB86AFBADF12EEDC5C56E680F4946E61EFE94AD358B6FF89EA5FEC7
P0436,W0,RANDOM_WEATHER_WGEN,0,0,0,0,4CBBD8CA5215B8D161AEC181A74B694F4E24B001D5B081DC0030ED797A8973E0
P0437,W0,RANDOM_WEATHER_WGEN,0,0,0,0,CC8CD41CEF907C4D216069122C4B89936211361F9050A717A1E37AD1862E952F
P0438,W0,RANDOM_WEATHER_WGEN,0,0,0,0,0EF6657F1EF3D57D3039B838837EE670569C55FAEC16004B220C894540BCD97D
P0439,W0,RANDOM_WEATHER_WGEN,0,0,0,0,CC8CD41CEF907C4D216069122C4B89936211361F9050A717A1E37AD1862E952F
P0440,W0,RANDOM_WEATHER_WGEN,0,0,0,0,A020B7F8043620B11605E4B25E35803538E4679D5F7A9E6AE90300BF28791989
P0441,W0,RANDOM_WEATHER_WGEN,0,0,0,0,CC8CD41CEF907C4D216069122C4B89936211361F9050A717A1E37AD1862E952F
P0442,W0,RANDOM_WEATHER_WGEN,0,0,0,0,4B0EBEA5AFB86AFBADF12EEDC5C56E680F4946E61EFE94AD358B6FF89EA5FEC7
P0443,W0,RANDOM_WEATHER_WGEN,0,0,0,0,4CBBD8CA5215B8D161AEC181A74B694F4E24B001D5B081DC0030ED797A8973E0
P0444,W0,RANDOM_WEATHER_WGEN,0,0,0,0,3B0E4842B28D6B39EC725A6459FB943F5F1D658F4D0EE991004DD50F2C182F31
P0445,W0,RANDOM_WEATHER_WGEN,0,0,0,0,CC8CD41CEF907C4D216069122C4B89936211361F9050A717A1E37AD1862E952F
P0446,W0,RANDOM_WEATHER_WGEN,0,0,0,0,4CBBD8CA5215B8D161AEC181A74B694F4E24B001D5B081DC0030ED797A8973E0
P0447,W0,RANDOM_WEATHER_WGEN,0,0,0,0,A2AE27368CB8E5358848B174FE9B8BF042D393E0B54D4463130C40AED4CA569B
P0448,W0,RANDOM_WEATHER_WGEN,0,0,0,0,4CBBD8CA5215B8D161AEC181A74B694F4E24B001D5B081DC0030ED797A8973E0
P0449,W0,RANDOM_WEATHER_WGEN,0,0,0,0,4CBBD8CA5215B8D161AEC181A74B694F4E24B001D5B081DC0030ED797A8973E0
P0450,W0,RANDOM_WEATHER_WGEN,0,0,0,0,4B0EBEA5AFB86AFBADF12EEDC5C56E680F4946E61EFE94AD358B6FF89EA5FEC7
P0451,W0,RANDOM_WEATHER_WGEN,0,0,0,0,4CBBD8CA5215B8D161AEC181A74B694F4E24B001D5B081DC0030ED797A8973E0
P0452,W0,RANDOM_WEATHER_WGEN,0,0,0,0,4CBBD8CA5215B8D161AEC181A74B694F4E24B001D5B081DC0030ED797A8973E0
P0453,W0,RANDOM_WEATHER_WGEN,0,0,0,0,4CBBD8CA5215B8D161AEC181A74B694F4E24B001D5B081DC0030ED797A8973E0
P0454,W0,RANDOM_WEATHER_WGEN,0,0,0,0,CC8CD41CEF907C4D216069122C4B89936211361F9050A717A1E37AD1862E952F
P0455,W0,RANDOM_WEATHER_WGEN,0,0,0,0,4CBBD8CA5215B8D161AEC181A74B694F4E24B001D5B081DC0030ED797A8973E0
P0456,W0,RANDOM_WEATHER_WGEN,0,0,0,0,CC8CD41CEF907C4D216069122C4B89936211361F9050A717A1E37AD1862E952F
P0457,W0,RANDOM_WEATHER_WGEN,0,0,0,0,CC8CD41CEF907C4D216069122C4B89936211361F9050A717A1E37AD1862E952F
P0458,W0,RANDOM_WEATHER_WGEN,0,0,0,0,4B0EBEA5AFB86AFBADF12EEDC5C56E680F4946E61EFE94AD358B6FF89EA5FEC7
P0459,W0,RANDOM_WEATHER_WGEN,0,0,0,0,1B897DDDD4C151E2A2E6E3E91B7EA0F7FC4FD5ED00EF1C9669E8566393A02586
P0460,W0,RANDOM_WEATHER_WGEN,0,0,0,0,A2AE27368CB8E5358848B174FE9B8BF042D393E0B54D4463130C40AED4CA569B
P0461,W0,RANDOM_WEATHER_WGEN,0,0,0,0,CC8CD41CEF907C4D216069122C4B89936211361F9050A717A1E37AD1862E952F
P0462,W0,RANDOM_WEATHER_WGEN,0,0,0,0,1B897DDDD4C151E2A2E6E3E91B7EA0F7FC4FD5ED00EF1C9669E8566393A02586
P0463,W0,RANDOM_WEATHER_WGEN,0,0,0,0,CC8CD41CEF907C4D216069122C4B89936211361F9050A717A1E37AD1862E952F
P0464,W0,RANDOM_WEATHER_WGEN,0,0,0,0,4B0EBEA5AFB86AFBADF12EEDC5C56E680F4946E61EFE94AD358B6FF89EA5FEC7
P0465,W0,RANDOM_WEATHER_WGEN,0,0,0,0,CC8CD41CEF907C4D216069122C4B89936211361F9050A717A1E37AD1862E952F
P0466,W0,RANDOM_WEATHER_WGEN,0,0,0,0,CC8CD41CEF907C4D216069122C4B89936211361F9050A717A1E37AD1862E952F
P0467,W0,RANDOM_WEATHER_WGEN,0,0,0,0,4B0EBEA5AFB86AFBADF12EEDC5C56E680F4946E61EFE94AD358B6FF89EA5FEC7
P0468,W0,RANDOM_WEATHER_WGEN,0,0,0,0,CC8CD41CEF907C4D216069122C4B89936211361F9050A717A1E37AD1862E952F
P0469,W0,RANDOM_WEATHER_WGEN,0,0,0,0,4B0EBEA5AFB86AFBADF12EEDC5C56E680F4946E61EFE94AD358B6FF89EA5FEC7
P0470,W0,RANDOM_WEATHER_WGEN,0,0,0,0,1B897DDDD4C151E2A2E6E3E91B7EA0F7FC4FD5ED00EF1C9669E8566393A02586
P0471,W0,RANDOM_WEATHER_WGEN,0,0,0,0,4CBBD8CA5215B8D161AEC181A74B694F4E24B001D5B081DC0030ED797A8973E0
P0472,W0,RANDOM_WEATHER_WGEN,0,0,0,0,A2AE27368CB8E5358848B174FE9B8BF042D393E0B54D4463130C40AED4CA569B
P0473,W0,RANDOM_WEATHER_WGEN,0,0,0,0,4B0EBEA5AFB86AFBADF12EEDC5C56E680F4946E61EFE94AD358B6FF89EA5FEC7
P0474,W0,RANDOM_WEATHER_WGEN,0,0,0,0,CC8CD41CEF907C4D216069122C4B89936211361F9050A717A1E37AD1862E952F
P0475,W0,RANDOM_WEATHER_WGEN,0,0,0,0,CC8CD41CEF907C4D216069122C4B89936211361F9050A717A1E37AD1862E952F
P0476,W0,RANDOM_WEATHER_WGEN,0,0,0,0,4B0EBEA5AFB86AFBADF12EEDC5C56E680F4946E61EFE94AD358B6FF89EA5FEC7
P0477,W0,RANDOM_WEATHER_WGEN,0,0,0,0,A2AE27368CB8E5358848B174FE9B8BF042D393E0B54D4463130C40AED4CA569B
P0478,W0,RANDOM_WEATHER_WGEN,0,0,0,0,CC8CD41CEF907C4D216069122C4B89936211361F9050A717A1E37AD1862E952F
P0479,W0,RANDOM_WEATHER_WGEN,0,0,0,0,4CBBD8CA5215B8D161AEC181A74B694F4E24B001D5B081DC0030ED797A8973E0
P0480,W0,RANDOM_WEATHER_WGEN,0,0,0,0,CC8CD41CEF907C4D216069122C4B89936211361F9050A717A1E37AD1862E952F
P0481,W0,RANDOM_WEATHER_WGEN,0,0,0,0,4CBBD8CA5215B8D161AEC181A74B694F4E24B001D5B081DC0030ED797A8973E0
P0482,W0,RANDOM_WEATHER_WGEN,0,0,0,0,CC8CD41CEF907C4D216069122C4B89936211361F9050A717A1E37AD1862E952F
P0483,W0,RANDOM_WEATHER_WGEN,0,0,0,0,CC8CD41CEF907C4D216069122C4B89936211361F9050A717A1E37AD1862E952F
P0484,W0,RANDOM_WEATHER_WGEN,0,0,0,0,4B0EBEA5AFB86AFBADF12EEDC5C56E680F4946E61EFE94AD358B6FF89EA5FEC7
P0485,W0,RANDOM_WEATHER_WGEN,0,0,0,0,4CBBD8CA5215B8D161AEC181A74B694F4E24B001D5B081DC0030ED797A8973E0
P0486,W0,RANDOM_WEATHER_WGEN,0,0,0,0,4B0EBEA5AFB86AFBADF12EEDC5C56E680F4946E61EFE94AD358B6FF89EA5FEC7
P0487,W0,RANDOM_WEATHER_WGEN,0,0,0,0,4CBBD8CA5215B8D161AEC181A74B694F4E24B001D5B081DC0030ED797A8973E0
P0488,W0,RANDOM_WEATHER_WGEN,0,0,0,0,CC8CD41CEF907C4D216069122C4B89936211361F9050A717A1E37AD1862E952F
P0489,W0,RANDOM_WEATHER_WGEN,0,0,0,0,A020B7F8043620B11605E4B25E35803538E4679D5F7A9E6AE90300BF28791989
P0490,W0,RANDOM_WEATHER_WGEN,0,0,0,0,4CBBD8CA5215B8D161AEC181A74B694F4E24B001D5B081DC0030ED797A8973E0
P0491,W0,RANDOM_WEATHER_WGEN,0,0,0,0,4CBBD8CA5215B8D161AEC181A74B694F4E24B001D5B081DC0030ED797A8973E0
P0492,W0,RANDOM_WEATHER_WGEN,0,0,0,0,CC8CD41CEF907C4D216069122C4B89936211361F9050A717A1E37AD1862E952F
P0493,W0,RANDOM_WEATHER_WGEN,0,0,0,0,4CBBD8CA5215B8D161AEC181A74B694F4E24B001D5B081DC0030ED797A8973E0
P0494,W0,RANDOM_WEATHER_WGEN,0,0,0,0,4CBBD8CA5215B8D161AEC181A74B694F4E24B001D5B081DC0030ED797A8973E0
P0495,W0,RANDOM_WEATHER_WGEN,0,0,0,0,0EF6657F1EF3D57D3039B838837EE670569C55FAEC16004B220C894540BCD97D
P0496,W0,RANDOM_WEATHER_WGEN,0,0,0,0,4B0EBEA5AFB86AFBADF12EEDC5C56E680F4946E61EFE94AD358B6FF89EA5FEC7
P0497,W0,RANDOM_WEATHER_WGEN,0,0,0,0,A020B7F8043620B11605E4B25E35803538E4679D5F7A9E6AE90300BF28791989
P0498,W0,RANDOM_WEATHER_WGEN,0,0,0,0,4B0EBEA5AFB86AFBADF12EEDC5C56E680F4946E61EFE94AD358B6FF89EA5FEC7
P0499,W0,RANDOM_WEATHER_WGEN,0,0,0,0,4B0EBEA5AFB86AFBADF12EEDC5C56E680F4946E61EFE94AD358B6FF89EA5FEC7
P0500,W0,RANDOM_WEATHER_WGEN,0,0,0,0,4CBBD8CA5215B8D161AEC181A74B694F4E24B001D5B081DC0030ED797A8973E0
P0501,W0,RANDOM_WEATHER_WGEN,0,0,0,0,CC8CD41CEF907C4D216069122C4B89936211361F9050A717A1E37AD1862E952F
P0502,W0,RANDOM_WEATHER_WGEN,0,0,0,0,4CBBD8CA5215B8D161AEC181A74B694F4E24B001D5B081DC0030ED797A8973E0
P0503,W0,RANDOM_WEATHER_WGEN,0,0,0,0,CC8CD41CEF907C4D216069122C4B89936211361F9050A717A1E37AD1862E952F
P0504,W0,RANDOM_WEATHER_WGEN,0,0,0,0,CC8CD41CEF907C4D216069122C4B89936211361F9050A717A1E37AD1862E952F
P0505,W0,RANDOM_WEATHER_WGEN,0,0,0,0,0EF6657F1EF3D57D3039B838837EE670569C55FAEC16004B220C894540BCD97D
P0506,W0,RANDOM_WEATHER_WGEN,0,0,0,0,0EF6657F1EF3D57D3039B838837EE670569C55FAEC16004B220C894540BCD97D
P0507,W0,RANDOM_WEATHER_WGEN,0,0,0,0,4CBBD8CA5215B8D161AEC181A74B694F4E24B001D5B081DC0030ED797A8973E0
P0508,W0,RANDOM_WEATHER_WGEN,0,0,0,0,A020B7F8043620B11605E4B25E35803538E4679D5F7A9E6AE90300BF28791989
P0509,W0,RANDOM_WEATHER_WGEN,0,0,0,0,CC8CD41CEF907C4D216069122C4B89936211361F9050A717A1E37AD1862E952F
P0510,W0,RANDOM_WEATHER_WGEN,0,0,0,0,4CBBD8CA5215B8D161AEC181A74B694F4E24B001D5B081DC0030ED797A8973E0
P0511,W0,RANDOM_WEATHER_WGEN,0,0,0,0,3B0E4842B28D6B39EC725A6459FB943F5F1D658F4D0EE991004DD50F2C182F31
P0512,W0,RANDOM_WEATHER_WGEN,0,0,0,0,CC8CD41CEF907C4D216069122C4B89936211361F9050A717A1E37AD1862E952F
P0513,W0,RANDOM_WEATHER_WGEN,0,0,0,0,4B0EBEA5AFB86AFBADF12EEDC5C56E680F4946E61EFE94AD358B6FF89EA5FEC7
P0514,W0,RANDOM_WEATHER_WGEN,0,0,0,0,CC8CD41CEF907C4D216069122C4B89936211361F9050A717A1E37AD1862E952F
P0515,W0,RANDOM_WEATHER_WGEN,0,0,0,0,4CBBD8CA5215B8D161AEC181A74B694F4E24B001D5B081DC0030ED797A8973E0
P0516,W0,RANDOM_WEATHER_WGEN,0,0,0,0,CC8CD41CEF907C4D216069122C4B89936211361F9050A717A1E37AD1862E952F
P0517,W0,RANDOM_WEATHER_WGEN,0,0,0,0,4B0EBEA5AFB86AFBADF12EEDC5C56E680F4946E61EFE94AD358B6FF89EA5FEC7
P0518,W0,RANDOM_WEATHER_WGEN,0,0,0,0,3B0E4842B28D6B39EC725A6459FB943F5F1D658F4D0EE991004DD50F2C182F31
P0519,W0,RANDOM_WEATHER_WGEN,0,0,0,0,4B0EBEA5AFB86AFBADF12EEDC5C56E680F4946E61EFE94AD358B6FF89EA5FEC7
P0520,W0,RANDOM_WEATHER_WGEN,0,0,0,0,1B897DDDD4C151E2A2E6E3E91B7EA0F7FC4FD5ED00EF1C9669E8566393A02586
P0521,W0,RANDOM_WEATHER_WGEN,0,0,0,0,0EF6657F1EF3D57D3039B838837EE670569C55FAEC16004B220C894540BCD97D
P0522,W0,RANDOM_WEATHER_WGEN,0,0,0,0,4CBBD8CA5215B8D161AEC181A74B694F4E24B001D5B081DC0030ED797A8973E0
P0523,W0,RANDOM_WEATHER_WGEN,0,0,0,0,4CBBD8CA5215B8D161AEC181A74B694F4E24B001D5B081DC0030ED797A8973E0
P0524,W0,RANDOM_WEATHER_WGEN,0,0,0,0,CC8CD41CEF907C4D216069122C4B89936211361F9050A717A1E37AD1862E952F
P0525,W0,RANDOM_WEATHER_WGEN,0,0,0,0,4CBBD8CA5215B8D161AEC181A74B694F4E24B001D5B081DC0030ED797A8973E0
P0526,W0,RANDOM_WEATHER_WGEN,0,0,0,0,CC8CD41CEF907C4D216069122C4B89936211361F9050A717A1E37AD1862E952F
P0527,W0,RANDOM_WEATHER_WGEN,0,0,0,0,4CBBD8CA5215B8D161AEC181A74B694F4E24B001D5B081DC0030ED797A8973E0
P0528,W0,RANDOM_WEATHER_WGEN,0,0,0,0,CC8CD41CEF907C4D216069122C4B89936211361F9050A717A1E37AD1862E952F
P0529,W0,RANDOM_WEATHER_WGEN,0,0,0,0,A020B7F8043620B11605E4B25E35803538E4679D5F7A9E6AE90300BF28791989
P0530,W0,RANDOM_WEATHER_WGEN,0,0,0,0,CC8CD41CEF907C4D216069122C4B89936211361F9050A717A1E37AD1862E952F
P0531,W0,RANDOM_WEATHER_WGEN,0,0,0,0,CC8CD41CEF907C4D216069122C4B89936211361F9050A717A1E37AD1862E952F
P0532,W0,RANDOM_WEATHER_WGEN,0,0,0,0,CC8CD41CEF907C4D216069122C4B89936211361F9050A717A1E37AD1862E952F
P0533,W0,RANDOM_WEATHER_WGEN,0,0,0,0,4B0EBEA5AFB86AFBADF12EEDC5C56E680F4946E61EFE94AD358B6FF89EA5FEC7
P0534,W0,RANDOM_WEATHER_WGEN,0,0,0,0,4B0EBEA5AFB86AFBADF12EEDC5C56E680F4946E61EFE94AD358B6FF89EA5FEC7
P0535,W0,RANDOM_WEATHER_WGEN,0,0,0,0,CC8CD41CEF907C4D216069122C4B89936211361F9050A717A1E37AD1862E952F
P0536,W0,RANDOM_WEATHER_WGEN,0,0,0,0,4B0EBEA5AFB86AFBADF12EEDC5C56E680F4946E61EFE94AD358B6FF89EA5FEC7
P0537,W0,RANDOM_WEATHER_WGEN,0,0,0,0,4CBBD8CA5215B8D161AEC181A74B694F4E24B001D5B081DC0030ED797A8973E0
P0538,W0,RANDOM_WEATHER_WGEN,0,0,0,0,A020B7F8043620B11605E4B25E35803538E4679D5F7A9E6AE90300BF28791989
P0539,W0,RANDOM_WEATHER_WGEN,0,0,0,0,1B897DDDD4C151E2A2E6E3E91B7EA0F7FC4FD5ED00EF1C9669E8566393A02586
P0540,W0,RANDOM_WEATHER_WGEN,0,0,0,0,4CBBD8CA5215B8D161AEC181A74B694F4E24B001D5B081DC0030ED797A8973E0
P0541,W0,RANDOM_WEATHER_WGEN,0,0,0,0,99F4D3181D0BE579A5E933E01B58F09B7FAF629995C121FB02452D7EE3EA2A24
P0542,W0,RANDOM_WEATHER_WGEN,0,0,0,0,CC8CD41CEF907C4D216069122C4B89936211361F9050A717A1E37AD1862E952F
P0543,W0,RANDOM_WEATHER_WGEN,0,0,0,0,4B0EBEA5AFB86AFBADF12EEDC5C56E680F4946E61EFE94AD358B6FF89EA5FEC7
P0544,W0,RANDOM_WEATHER_WGEN,0,0,0,0,CC8CD41CEF907C4D216069122C4B89936211361F9050A717A1E37AD1862E952F
P0545,W0,RANDOM_WEATHER_WGEN,0,0,0,0,1B897DDDD4C151E2A2E6E3E91B7EA0F7FC4FD5ED00EF1C9669E8566393A02586
P0546,W0,RANDOM_WEATHER_WGEN,0,0,0,0,CC8CD41CEF907C4D216069122C4B89936211361F9050A717A1E37AD1862E952F
P0547,W0,RANDOM_WEATHER_WGEN,0,0,0,0,4CBBD8CA5215B8D161AEC181A74B694F4E24B001D5B081DC0030ED797A8973E0
P0548,W0,RANDOM_WEATHER_WGEN,0,0,0,0,CC8CD41CEF907C4D216069122C4B89936211361F9050A717A1E37AD1862E952F
P0549,W0,RANDOM_WEATHER_WGEN,0,0,0,0,4CBBD8CA5215B8D161AEC181A74B694F4E24B001D5B081DC0030ED797A8973E0
P0550,W0,RANDOM_WEATHER_WGEN,0,0,0,0,0EF6657F1EF3D57D3039B838837EE670569C55FAEC16004B220C894540BCD97D
P0551,W0,RANDOM_WEATHER_WGEN,0,0,0,0,4CBBD8CA5215B8D161AEC181A74B694F4E24B001D5B081DC0030ED797A8973E0
P0552,W0,RANDOM_WEATHER_WGEN,0,0,0,0,CC8CD41CEF907C4D216069122C4B89936211361F9050A717A1E37AD1862E952F
P0553,W0,RANDOM_WEATHER_WGEN,0,0,0,0,CC8CD41CEF907C4D216069122C4B89936211361F9050A717A1E37AD1862E952F
P0554,W0,RANDOM_WEATHER_WGEN,0,0,0,0,4CBBD8CA5215B8D161AEC181A74B694F4E24B001D5B081DC0030ED797A8973E0
P0555,W0,RANDOM_WEATHER_WGEN,0,0,0,0,1B897DDDD4C151E2A2E6E3E91B7EA0F7FC4FD5ED00EF1C9669E8566393A02586
P0556,W0,RANDOM_WEATHER_WGEN,0,0,0,0,4CBBD8CA5215B8D161AEC181A74B694F4E24B001D5B081DC0030ED797A8973E0
P0557,W0,RANDOM_WEATHER_WGEN,0,0,0,0,0EF6657F1EF3D57D3039B838837EE670569C55FAEC16004B220C894540BCD97D
P0558,W0,RANDOM_WEATHER_WGEN,0,0,0,0,CC8CD41CEF907C4D216069122C4B89936211361F9050A717A1E37AD1862E952F
P0559,W0,RANDOM_WEATHER_WGEN,0,0,0,0,0EF6657F1EF3D57D3039B838837EE670569C55FAEC16004B220C894540BCD97D
P0560,W0,RANDOM_WEATHER_WGEN,0,0,0,0,0EF6657F1EF3D57D3039B838837EE670569C55FAEC16004B220C894540BCD97D
P0561,W0,RANDOM_WEATHER_WGEN,0,0,0,0,3B0E4842B28D6B39EC725A6459FB943F5F1D658F4D0EE991004DD50F2C182F31
P0562,W0,RANDOM_WEATHER_WGEN,0,0,0,0,CC8CD41CEF907C4D216069122C4B89936211361F9050A717A1E37AD1862E952F
P0563,W0,RANDOM_WEATHER_WGEN,0,0,0,0,CC8CD41CEF907C4D216069122C4B89936211361F9050A717A1E37AD1862E952F
P0564,W0,RANDOM_WEATHER_WGEN,0,0,0,0,CC8CD41CEF907C4D216069122C4B89936211361F9050A717A1E37AD1862E952F
P0565,W0,RANDOM_WEATHER_WGEN,0,0,0,0,CC8CD41CEF907C4D216069122C4B89936211361F9050A717A1E37AD1862E952F
P0566,W0,RANDOM_WEATHER_WGEN,0,0,0,0,1B897DDDD4C151E2A2E6E3E91B7EA0F7FC4FD5ED00EF1C9669E8566393A02586
P0567,W0,RANDOM_WEATHER_WGEN,0,0,0,0,CC8CD41CEF907C4D216069122C4B89936211361F9050A717A1E37AD1862E952F
P0568,W0,RANDOM_WEATHER_WGEN,0,0,0,0,4B0EBEA5AFB86AFBADF12EEDC5C56E680F4946E61EFE94AD358B6FF89EA5FEC7
P0569,W0,RANDOM_WEATHER_WGEN,0,0,0,0,CC8CD41CEF907C4D216069122C4B89936211361F9050A717A1E37AD1862E952F
P0570,W0,RANDOM_WEATHER_WGEN,0,0,0,0,CC8CD41CEF907C4D216069122C4B89936211361F9050A717A1E37AD1862E952F
P0571,W0,RANDOM_WEATHER_WGEN,0,0,0,0,CC8CD41CEF907C4D216069122C4B89936211361F9050A717A1E37AD1862E952F
P0572,W0,RANDOM_WEATHER_WGEN,0,0,0,0,0EF6657F1EF3D57D3039B838837EE670569C55FAEC16004B220C894540BCD97D
P0573,W0,RANDOM_WEATHER_WGEN,0,0,0,0,CC8CD41CEF907C4D216069122C4B89936211361F9050A717A1E37AD1862E952F
P0574,W0,RANDOM_WEATHER_WGEN,0,0,0,0,4CBBD8CA5215B8D161AEC181A74B694F4E24B001D5B081DC0030ED797A8973E0
P0575,W0,RANDOM_WEATHER_WGEN,0,0,0,0,4CBBD8CA5215B8D161AEC181A74B694F4E24B001D5B081DC0030ED797A8973E0
P0576,W0,RANDOM_WEATHER_WGEN,0,0,0,0,99F4D3181D0BE579A5E933E01B58F09B7FAF629995C121FB02452D7EE3EA2A24
P0577,W0,RANDOM_WEATHER_WGEN,0,0,0,0,0EF6657F1EF3D57D3039B838837EE670569C55FAEC16004B220C894540BCD97D
P0578,W0,RANDOM_WEATHER_WGEN,0,0,0,0,CC8CD41CEF907C4D216069122C4B89936211361F9050A717A1E37AD1862E952F
P0579,W0,RANDOM_WEATHER_WGEN,0,0,0,0,4CBBD8CA5215B8D161AEC181A74B694F4E24B001D5B081DC0030ED797A8973E0
P0580,W0,RANDOM_WEATHER_WGEN,0,0,0,0,0EF6657F1EF3D57D3039B838837EE670569C55FAEC16004B220C894540BCD97D
P0581,W0,RANDOM_WEATHER_WGEN,0,0,0,0,4B0EBEA5AFB86AFBADF12EEDC5C56E680F4946E61EFE94AD358B6FF89EA5FEC7
P0582,W0,RANDOM_WEATHER_WGEN,0,0,0,0,CC8CD41CEF907C4D216069122C4B89936211361F9050A717A1E37AD1862E952F
P0583,W0,RANDOM_WEATHER_WGEN,0,0,0,0,4B0EBEA5AFB86AFBADF12EEDC5C56E680F4946E61EFE94AD358B6FF89EA5FEC7
P0584,W0,RANDOM_WEATHER_WGEN,0,0,0,0,1B897DDDD4C151E2A2E6E3E91B7EA0F7FC4FD5ED00EF1C9669E8566393A02586
P0585,W0,RANDOM_WEATHER_WGEN,0,0,0,0,CC8CD41CEF907C4D216069122C4B89936211361F9050A717A1E37AD1862E952F
P0586,W0,RANDOM_WEATHER_WGEN,0,0,0,0,4CBBD8CA5215B8D161AEC181A74B694F4E24B001D5B081DC0030ED797A8973E0
P0587,W0,RANDOM_WEATHER_WGEN,0,0,0,0,CC8CD41CEF907C4D216069122C4B89936211361F9050A717A1E37AD1862E952F
P0588,W0,RANDOM_WEATHER_WGEN,0,0,0,0,4CBBD8CA5215B8D161AEC181A74B694F4E24B001D5B081DC0030ED797A8973E0
P0589,W0,RANDOM_WEATHER_WGEN,0,0,0,0,CC8CD41CEF907C4D216069122C4B89936211361F9050A717A1E37AD1862E952F
P0590,W0,RANDOM_WEATHER_WGEN,0,0,0,0,4B0EBEA5AFB86AFBADF12EEDC5C56E680F4946E61EFE94AD358B6FF89EA5FEC7
P0591,W0,RANDOM_WEATHER_WGEN,0,0,0,0,CC8CD41CEF907C4D216069122C4B89936211361F9050A717A1E37AD1862E952F
P0592,W0,RANDOM_WEATHER_WGEN,0,0,0,0,CC8CD41CEF907C4D216069122C4B89936211361F9050A717A1E37AD1862E952F
P0593,W0,RANDOM_WEATHER_WGEN,0,0,0,0,4B0EBEA5AFB86AFBADF12EEDC5C56E680F4946E61EFE94AD358B6FF89EA5FEC7
P0594,W0,RANDOM_WEATHER_WGEN,0,0,0,0,0EF6657F1EF3D57D3039B838837EE670569C55FAEC16004B220C894540BCD97D
P0595,W0,RANDOM_WEATHER_WGEN,0,0,0,0,99F4D3181D0BE579A5E933E01B58F09B7FAF629995C121FB02452D7EE3EA2A24
P0596,W0,RANDOM_WEATHER_WGEN,0,0,0,0,4B0EBEA5AFB86AFBADF12EEDC5C56E680F4946E61EFE94AD358B6FF89EA5FEC7
P0597,W0,RANDOM_WEATHER_WGEN,0,0,0,0,CC8CD41CEF907C4D216069122C4B89936211361F9050A717A1E37AD1862E952F
P0598,W0,RANDOM_WEATHER_WGEN,0,0,0,0,0EF6657F1EF3D57D3039B838837EE670569C55FAEC16004B220C894540BCD97D
P0599,W0,RANDOM_WEATHER_WGEN,0,0,0,0,CC8CD41CEF907C4D216069122C4B89936211361F9050A717A1E37AD1862E952F
P0600,W0,RANDOM_WEATHER_WGEN,0,0,0,0,CC8CD41CEF907C4D216069122C4B89936211361F9050A717A1E37AD1862E952F
P0001,W1,RANDOM_WEATHER_WGEN,1,0,0,0,4CBBD8CA5215B8D161AEC181A74B694F4E24B001D5B081DC0030ED797A8973E0
P0002,W1,RANDOM_WEATHER_WGEN,1,15,45,120,CC8CD41CEF907C4D216069122C4B89936211361F9050A717A1E37AD1862E952F
P0003,W1,RANDOM_WEATHER_WGEN,1,15,45,120,CC8CD41CEF907C4D216069122C4B89936211361F9050A717A1E37AD1862E952F
P0004,W1,RANDOM_WEATHER_WGEN,1,0,0,0,4CBBD8CA5215B8D161AEC181A74B694F4E24B001D5B081DC0030ED797A8973E0
P0005,W1,RANDOM_WEATHER_WGEN,1,0,0,0,4CBBD8CA5215B8D161AEC181A74B694F4E24B001D5B081DC0030ED797A8973E0
P0006,W1,RANDOM_WEATHER_WGEN,1,0,0,0,4CBBD8CA5215B8D161AEC181A74B694F4E24B001D5B081DC0030ED797A8973E0
P0007,W1,RANDOM_WEATHER_WGEN,1,15,45,120,CC8CD41CEF907C4D216069122C4B89936211361F9050A717A1E37AD1862E952F
P0008,W1,RANDOM_WEATHER_WGEN,1,0,0,0,4CBBD8CA5215B8D161AEC181A74B694F4E24B001D5B081DC0030ED797A8973E0
P0009,W1,RANDOM_WEATHER_WGEN,1,0,0,0,4CBBD8CA5215B8D161AEC181A74B694F4E24B001D5B081DC0030ED797A8973E0
P0010,W1,RANDOM_WEATHER_WGEN,1,0,0,0,4CBBD8CA5215B8D161AEC181A74B694F4E24B001D5B081DC0030ED797A8973E0
P0011,W1,RANDOM_WEATHER_WGEN,1,0,0,0,4CBBD8CA5215B8D161AEC181A74B694F4E24B001D5B081DC0030ED797A8973E0
P0012,W1,RANDOM_WEATHER_WGEN,1,0,0,0,4CBBD8CA5215B8D161AEC181A74B694F4E24B001D5B081DC0030ED797A8973E0
P0013,W1,RANDOM_WEATHER_WGEN,1,0,0,0,4CBBD8CA5215B8D161AEC181A74B694F4E24B001D5B081DC0030ED797A8973E0
P0014,W1,RANDOM_WEATHER_WGEN,1,0,0,0,4CBBD8CA5215B8D161AEC181A74B694F4E24B001D5B081DC0030ED797A8973E0
P0015,W1,RANDOM_WEATHER_WGEN,1,0,0,0,4B0EBEA5AFB86AFBADF12EEDC5C56E680F4946E61EFE94AD358B6FF89EA5FEC7
P0016,W1,RANDOM_WEATHER_WGEN,1,0,0,0,4CBBD8CA5215B8D161AEC181A74B694F4E24B001D5B081DC0030ED797A8973E0
P0017,W1,RANDOM_WEATHER_WGEN,1,0,0,0,4CBBD8CA5215B8D161AEC181A74B694F4E24B001D5B081DC0030ED797A8973E0
P0018,W1,RANDOM_WEATHER_WGEN,1,0,0,0,4CBBD8CA5215B8D161AEC181A74B694F4E24B001D5B081DC0030ED797A8973E0
P0019,W1,RANDOM_WEATHER_WGEN,1,15,45,120,CC8CD41CEF907C4D216069122C4B89936211361F9050A717A1E37AD1862E952F
P0020,W1,RANDOM_WEATHER_WGEN,1,0,0,0,4CBBD8CA5215B8D161AEC181A74B694F4E24B001D5B081DC0030ED797A8973E0
P0021,W1,RANDOM_WEATHER_WGEN,1,0,0,0,4CBBD8CA5215B8D161AEC181A74B694F4E24B001D5B081DC0030ED797A8973E0
P0022,W1,RANDOM_WEATHER_WGEN,1,0,0,0,4CBBD8CA5215B8D161AEC181A74B694F4E24B001D5B081DC0030ED797A8973E0
P0023,W1,RANDOM_WEATHER_WGEN,1,0,0,0,4CBBD8CA5215B8D161AEC181A74B694F4E24B001D5B081DC0030ED797A8973E0
P0024,W1,RANDOM_WEATHER_WGEN,1,0,0,0,A020B7F8043620B11605E4B25E35803538E4679D5F7A9E6AE90300BF28791989
P0025,W1,RANDOM_WEATHER_WGEN,1,0,0,0,4CBBD8CA5215B8D161AEC181A74B694F4E24B001D5B081DC0030ED797A8973E0
P0026,W1,RANDOM_WEATHER_WGEN,1,0,0,0,4CBBD8CA5215B8D161AEC181A74B694F4E24B001D5B081DC0030ED797A8973E0
P0027,W1,RANDOM_WEATHER_WGEN,1,0,0,0,4CBBD8CA5215B8D161AEC181A74B694F4E24B001D5B081DC0030ED797A8973E0
P0028,W1,RANDOM_WEATHER_WGEN,1,0,0,0,4B0EBEA5AFB86AFBADF12EEDC5C56E680F4946E61EFE94AD358B6FF89EA5FEC7
P0029,W1,RANDOM_WEATHER_WGEN,1,0,0,0,CC8CD41CEF907C4D216069122C4B89936211361F9050A717A1E37AD1862E952F
P0030,W1,RANDOM_WEATHER_WGEN,1,0,0,0,CC8CD41CEF907C4D216069122C4B89936211361F9050A717A1E37AD1862E952F
P0031,W1,RANDOM_WEATHER_WGEN,1,0,0,0,CC8CD41CEF907C4D216069122C4B89936211361F9050A717A1E37AD1862E952F
P0032,W1,RANDOM_WEATHER_WGEN,1,0,0,0,CC8CD41CEF907C4D216069122C4B89936211361F9050A717A1E37AD1862E952F
P0033,W1,RANDOM_WEATHER_WGEN,1,0,0,0,CC8CD41CEF907C4D216069122C4B89936211361F9050A717A1E37AD1862E952F
P0034,W1,RANDOM_WEATHER_WGEN,1,0,0,0,CC8CD41CEF907C4D216069122C4B89936211361F9050A717A1E37AD1862E952F
P0035,W1,RANDOM_WEATHER_WGEN,1,0,0,0,CC8CD41CEF907C4D216069122C4B89936211361F9050A717A1E37AD1862E952F
P0036,W1,RANDOM_WEATHER_WGEN,1,0,0,0,4CBBD8CA5215B8D161AEC181A74B694F4E24B001D5B081DC0030ED797A8973E0
P0037,W1,RANDOM_WEATHER_WGEN,1,0,0,0,CC8CD41CEF907C4D216069122C4B89936211361F9050A717A1E37AD1862E952F
P0038,W1,RANDOM_WEATHER_WGEN,1,0,0,0,CC8CD41CEF907C4D216069122C4B89936211361F9050A717A1E37AD1862E952F
P0039,W1,RANDOM_WEATHER_WGEN,1,0,0,0,CC8CD41CEF907C4D216069122C4B89936211361F9050A717A1E37AD1862E952F
P0040,W1,RANDOM_WEATHER_WGEN,1,0,0,0,CC8CD41CEF907C4D216069122C4B89936211361F9050A717A1E37AD1862E952F
P0041,W1,RANDOM_WEATHER_WGEN,1,0,0,0,1B897DDDD4C151E2A2E6E3E91B7EA0F7FC4FD5ED00EF1C9669E8566393A02586
P0042,W1,RANDOM_WEATHER_WGEN,1,0,0,0,1B897DDDD4C151E2A2E6E3E91B7EA0F7FC4FD5ED00EF1C9669E8566393A02586
P0043,W1,RANDOM_WEATHER_WGEN,1,0,0,0,1B897DDDD4C151E2A2E6E3E91B7EA0F7FC4FD5ED00EF1C9669E8566393A02586
P0044,W1,RANDOM_WEATHER_WGEN,1,0,0,0,1B897DDDD4C151E2A2E6E3E91B7EA0F7FC4FD5ED00EF1C9669E8566393A02586
P0045,W1,RANDOM_WEATHER_WGEN,1,0,0,0,1B897DDDD4C151E2A2E6E3E91B7EA0F7FC4FD5ED00EF1C9669E8566393A02586
P0046,W1,RANDOM_WEATHER_WGEN,1,0,0,0,1B897DDDD4C151E2A2E6E3E91B7EA0F7FC4FD5ED00EF1C9669E8566393A02586
P0047,W1,RANDOM_WEATHER_WGEN,1,15,45,120,CC8CD41CEF907C4D216069122C4B89936211361F9050A717A1E37AD1862E952F
P0048,W1,RANDOM_WEATHER_WGEN,1,0,0,0,1B897DDDD4C151E2A2E6E3E91B7EA0F7FC4FD5ED00EF1C9669E8566393A02586
P0049,W1,RANDOM_WEATHER_WGEN,1,0,0,0,CC8CD41CEF907C4D216069122C4B89936211361F9050A717A1E37AD1862E952F
P0050,W1,RANDOM_WEATHER_WGEN,1,0,0,0,CC8CD41CEF907C4D216069122C4B89936211361F9050A717A1E37AD1862E952F
P0051,W1,RANDOM_WEATHER_WGEN,1,0,0,0,CC8CD41CEF907C4D216069122C4B89936211361F9050A717A1E37AD1862E952F
P0052,W1,RANDOM_WEATHER_WGEN,1,0,0,0,CC8CD41CEF907C4D216069122C4B89936211361F9050A717A1E37AD1862E952F
P0053,W1,RANDOM_WEATHER_WGEN,1,15,45,120,CC8CD41CEF907C4D216069122C4B89936211361F9050A717A1E37AD1862E952F
P0054,W1,RANDOM_WEATHER_WGEN,1,0,0,0,1B897DDDD4C151E2A2E6E3E91B7EA0F7FC4FD5ED00EF1C9669E8566393A02586
P0055,W1,RANDOM_WEATHER_WGEN,1,0,0,0,1B897DDDD4C151E2A2E6E3E91B7EA0F7FC4FD5ED00EF1C9669E8566393A02586
P0056,W1,RANDOM_WEATHER_WGEN,1,0,0,0,1B897DDDD4C151E2A2E6E3E91B7EA0F7FC4FD5ED00EF1C9669E8566393A02586
P0057,W1,RANDOM_WEATHER_WGEN,1,0,0,0,CC8CD41CEF907C4D216069122C4B89936211361F9050A717A1E37AD1862E952F
P0058,W1,RANDOM_WEATHER_WGEN,1,0,0,0,CC8CD41CEF907C4D216069122C4B89936211361F9050A717A1E37AD1862E952F
P0059,W1,RANDOM_WEATHER_WGEN,1,0,0,0,CC8CD41CEF907C4D216069122C4B89936211361F9050A717A1E37AD1862E952F
P0060,W1,RANDOM_WEATHER_WGEN,1,0,0,0,CC8CD41CEF907C4D216069122C4B89936211361F9050A717A1E37AD1862E952F
P0061,W1,RANDOM_WEATHER_WGEN,1,0,0,0,4B0EBEA5AFB86AFBADF12EEDC5C56E680F4946E61EFE94AD358B6FF89EA5FEC7
P0062,W1,RANDOM_WEATHER_WGEN,1,0,0,0,CC8CD41CEF907C4D216069122C4B89936211361F9050A717A1E37AD1862E952F
P0063,W1,RANDOM_WEATHER_WGEN,1,0,0,0,CC8CD41CEF907C4D216069122C4B89936211361F9050A717A1E37AD1862E952F
P0064,W1,RANDOM_WEATHER_WGEN,1,0,0,0,1B897DDDD4C151E2A2E6E3E91B7EA0F7FC4FD5ED00EF1C9669E8566393A02586
P0065,W1,RANDOM_WEATHER_WGEN,1,0,0,0,CC8CD41CEF907C4D216069122C4B89936211361F9050A717A1E37AD1862E952F
P0066,W1,RANDOM_WEATHER_WGEN,1,0,0,0,CC8CD41CEF907C4D216069122C4B89936211361F9050A717A1E37AD1862E952F
P0067,W1,RANDOM_WEATHER_WGEN,1,0,0,0,CC8CD41CEF907C4D216069122C4B89936211361F9050A717A1E37AD1862E952F
P0068,W1,RANDOM_WEATHER_WGEN,1,0,0,0,CC8CD41CEF907C4D216069122C4B89936211361F9050A717A1E37AD1862E952F
P0069,W1,RANDOM_WEATHER_WGEN,1,0,0,0,1B897DDDD4C151E2A2E6E3E91B7EA0F7FC4FD5ED00EF1C9669E8566393A02586
P0070,W1,RANDOM_WEATHER_WGEN,1,15,45,120,CC8CD41CEF907C4D216069122C4B89936211361F9050A717A1E37AD1862E952F
P0071,W1,RANDOM_WEATHER_WGEN,1,0,0,0,CC8CD41CEF907C4D216069122C4B89936211361F9050A717A1E37AD1862E952F
P0072,W1,RANDOM_WEATHER_WGEN,1,0,0,0,CC8CD41CEF907C4D216069122C4B89936211361F9050A717A1E37AD1862E952F
P0073,W1,RANDOM_WEATHER_WGEN,1,0,0,0,1B897DDDD4C151E2A2E6E3E91B7EA0F7FC4FD5ED00EF1C9669E8566393A02586
P0074,W1,RANDOM_WEATHER_WGEN,1,0,0,0,1B897DDDD4C151E2A2E6E3E91B7EA0F7FC4FD5ED00EF1C9669E8566393A02586
P0075,W1,RANDOM_WEATHER_WGEN,1,0,0,0,CC8CD41CEF907C4D216069122C4B89936211361F9050A717A1E37AD1862E952F
P0076,W1,RANDOM_WEATHER_WGEN,1,0,0,0,CC8CD41CEF907C4D216069122C4B89936211361F9050A717A1E37AD1862E952F
P0077,W1,RANDOM_WEATHER_WGEN,1,0,0,0,CC8CD41CEF907C4D216069122C4B89936211361F9050A717A1E37AD1862E952F
P0078,W1,RANDOM_WEATHER_WGEN,1,0,0,0,CC8CD41CEF907C4D216069122C4B89936211361F9050A717A1E37AD1862E952F
P0079,W1,RANDOM_WEATHER_WGEN,1,0,0,0,CC8CD41CEF907C4D216069122C4B89936211361F9050A717A1E37AD1862E952F
P0080,W1,RANDOM_WEATHER_WGEN,1,0,0,0,CC8CD41CEF907C4D216069122C4B89936211361F9050A717A1E37AD1862E952F
P0081,W1,RANDOM_WEATHER_WGEN,1,0,0,0,CC8CD41CEF907C4D216069122C4B89936211361F9050A717A1E37AD1862E952F
P0082,W1,RANDOM_WEATHER_WGEN,1,0,0,0,CC8CD41CEF907C4D216069122C4B89936211361F9050A717A1E37AD1862E952F
P0083,W1,RANDOM_WEATHER_WGEN,1,0,0,0,CC8CD41CEF907C4D216069122C4B89936211361F9050A717A1E37AD1862E952F
P0084,W1,RANDOM_WEATHER_WGEN,1,0,0,0,CC8CD41CEF907C4D216069122C4B89936211361F9050A717A1E37AD1862E952F
P0085,W1,RANDOM_WEATHER_WGEN,1,0,0,0,CC8CD41CEF907C4D216069122C4B89936211361F9050A717A1E37AD1862E952F
P0086,W1,RANDOM_WEATHER_WGEN,1,0,0,0,CC8CD41CEF907C4D216069122C4B89936211361F9050A717A1E37AD1862E952F
P0087,W1,RANDOM_WEATHER_WGEN,1,0,0,0,CC8CD41CEF907C4D216069122C4B89936211361F9050A717A1E37AD1862E952F
P0088,W1,RANDOM_WEATHER_WGEN,1,0,0,0,CC8CD41CEF907C4D216069122C4B89936211361F9050A717A1E37AD1862E952F
P0089,W1,RANDOM_WEATHER_WGEN,1,0,0,0,1B897DDDD4C151E2A2E6E3E91B7EA0F7FC4FD5ED00EF1C9669E8566393A02586
P0090,W1,RANDOM_WEATHER_WGEN,1,0,0,0,1B897DDDD4C151E2A2E6E3E91B7EA0F7FC4FD5ED00EF1C9669E8566393A02586
P0091,W1,RANDOM_WEATHER_WGEN,1,0,0,0,1B897DDDD4C151E2A2E6E3E91B7EA0F7FC4FD5ED00EF1C9669E8566393A02586
P0092,W1,RANDOM_WEATHER_WGEN,1,15,45,120,CC8CD41CEF907C4D216069122C4B89936211361F9050A717A1E37AD1862E952F
P0093,W1,RANDOM_WEATHER_WGEN,1,0,0,0,CC8CD41CEF907C4D216069122C4B89936211361F9050A717A1E37AD1862E952F
P0094,W1,RANDOM_WEATHER_WGEN,1,0,0,0,1B897DDDD4C151E2A2E6E3E91B7EA0F7FC4FD5ED00EF1C9669E8566393A02586
P0095,W1,RANDOM_WEATHER_WGEN,1,0,0,0,1B897DDDD4C151E2A2E6E3E91B7EA0F7FC4FD5ED00EF1C9669E8566393A02586
P0096,W1,RANDOM_WEATHER_WGEN,1,0,0,0,1B897DDDD4C151E2A2E6E3E91B7EA0F7FC4FD5ED00EF1C9669E8566393A02586
P0097,W1,RANDOM_WEATHER_WGEN,1,0,0,0,CC8CD41CEF907C4D216069122C4B89936211361F9050A717A1E37AD1862E952F
P0098,W1,RANDOM_WEATHER_WGEN,1,0,0,0,CC8CD41CEF907C4D216069122C4B89936211361F9050A717A1E37AD1862E952F
P0099,W1,RANDOM_WEATHER_WGEN,1,0,0,0,CC8CD41CEF907C4D216069122C4B89936211361F9050A717A1E37AD1862E952F
P0100,W1,RANDOM_WEATHER_WGEN,1,0,0,0,CC8CD41CEF907C4D216069122C4B89936211361F9050A717A1E37AD1862E952F
P0101,W1,RANDOM_WEATHER_WGEN,1,0,0,0,CC8CD41CEF907C4D216069122C4B89936211361F9050A717A1E37AD1862E952F
P0102,W1,RANDOM_WEATHER_WGEN,1,0,0,0,CC8CD41CEF907C4D216069122C4B89936211361F9050A717A1E37AD1862E952F
P0103,W1,RANDOM_WEATHER_WGEN,1,0,0,0,CC8CD41CEF907C4D216069122C4B89936211361F9050A717A1E37AD1862E952F
P0104,W1,RANDOM_WEATHER_WGEN,1,0,0,0,CC8CD41CEF907C4D216069122C4B89936211361F9050A717A1E37AD1862E952F
P0105,W1,RANDOM_WEATHER_WGEN,1,0,0,0,CC8CD41CEF907C4D216069122C4B89936211361F9050A717A1E37AD1862E952F
P0106,W1,RANDOM_WEATHER_WGEN,1,0,0,0,CC8CD41CEF907C4D216069122C4B89936211361F9050A717A1E37AD1862E952F
P0107,W1,RANDOM_WEATHER_WGEN,1,0,0,0,CC8CD41CEF907C4D216069122C4B89936211361F9050A717A1E37AD1862E952F
P0108,W1,RANDOM_WEATHER_WGEN,1,0,0,0,4B0EBEA5AFB86AFBADF12EEDC5C56E680F4946E61EFE94AD358B6FF89EA5FEC7
P0109,W1,RANDOM_WEATHER_WGEN,1,0,0,0,4CBBD8CA5215B8D161AEC181A74B694F4E24B001D5B081DC0030ED797A8973E0
P0110,W1,RANDOM_WEATHER_WGEN,1,0,0,0,4CBBD8CA5215B8D161AEC181A74B694F4E24B001D5B081DC0030ED797A8973E0
P0111,W1,RANDOM_WEATHER_WGEN,1,0,0,0,3B0E4842B28D6B39EC725A6459FB943F5F1D658F4D0EE991004DD50F2C182F31
P0112,W1,RANDOM_WEATHER_WGEN,1,0,0,0,4CBBD8CA5215B8D161AEC181A74B694F4E24B001D5B081DC0030ED797A8973E0
P0113,W1,RANDOM_WEATHER_WGEN,1,0,0,0,1B897DDDD4C151E2A2E6E3E91B7EA0F7FC4FD5ED00EF1C9669E8566393A02586
P0114,W1,RANDOM_WEATHER_WGEN,1,0,0,0,4CBBD8CA5215B8D161AEC181A74B694F4E24B001D5B081DC0030ED797A8973E0
P0115,W1,RANDOM_WEATHER_WGEN,1,0,0,0,3B0E4842B28D6B39EC725A6459FB943F5F1D658F4D0EE991004DD50F2C182F31
P0116,W1,RANDOM_WEATHER_WGEN,1,0,0,0,4CBBD8CA5215B8D161AEC181A74B694F4E24B001D5B081DC0030ED797A8973E0
P0117,W1,RANDOM_WEATHER_WGEN,1,0,0,0,CC8CD41CEF907C4D216069122C4B89936211361F9050A717A1E37AD1862E952F
P0118,W1,RANDOM_WEATHER_WGEN,1,0,0,0,4CBBD8CA5215B8D161AEC181A74B694F4E24B001D5B081DC0030ED797A8973E0
P0119,W1,RANDOM_WEATHER_WGEN,1,0,0,0,4CBBD8CA5215B8D161AEC181A74B694F4E24B001D5B081DC0030ED797A8973E0
P0120,W1,RANDOM_WEATHER_WGEN,1,0,0,0,CC8CD41CEF907C4D216069122C4B89936211361F9050A717A1E37AD1862E952F
P0121,W1,RANDOM_WEATHER_WGEN,1,0,0,0,4CBBD8CA5215B8D161AEC181A74B694F4E24B001D5B081DC0030ED797A8973E0
P0122,W1,RANDOM_WEATHER_WGEN,1,0,0,0,CC8CD41CEF907C4D216069122C4B89936211361F9050A717A1E37AD1862E952F
P0123,W1,RANDOM_WEATHER_WGEN,1,0,0,0,CC8CD41CEF907C4D216069122C4B89936211361F9050A717A1E37AD1862E952F
P0124,W1,RANDOM_WEATHER_WGEN,1,0,0,0,CC8CD41CEF907C4D216069122C4B89936211361F9050A717A1E37AD1862E952F
P0125,W1,RANDOM_WEATHER_WGEN,1,0,0,0,CC8CD41CEF907C4D216069122C4B89936211361F9050A717A1E37AD1862E952F
P0126,W1,RANDOM_WEATHER_WGEN,1,0,0,0,CC8CD41CEF907C4D216069122C4B89936211361F9050A717A1E37AD1862E952F
P0127,W1,RANDOM_WEATHER_WGEN,1,0,0,0,CC8CD41CEF907C4D216069122C4B89936211361F9050A717A1E37AD1862E952F
P0128,W1,RANDOM_WEATHER_WGEN,1,0,0,0,CC8CD41CEF907C4D216069122C4B89936211361F9050A717A1E37AD1862E952F
P0129,W1,RANDOM_WEATHER_WGEN,1,0,0,0,CC8CD41CEF907C4D216069122C4B89936211361F9050A717A1E37AD1862E952F
P0130,W1,RANDOM_WEATHER_WGEN,1,0,0,0,CC8CD41CEF907C4D216069122C4B89936211361F9050A717A1E37AD1862E952F
P0131,W1,RANDOM_WEATHER_WGEN,1,0,0,0,3B0E4842B28D6B39EC725A6459FB943F5F1D658F4D0EE991004DD50F2C182F31
P0132,W1,RANDOM_WEATHER_WGEN,1,0,0,0,4CBBD8CA5215B8D161AEC181A74B694F4E24B001D5B081DC0030ED797A8973E0
P0133,W1,RANDOM_WEATHER_WGEN,1,0,0,0,CC8CD41CEF907C4D216069122C4B89936211361F9050A717A1E37AD1862E952F
P0134,W1,RANDOM_WEATHER_WGEN,1,0,0,0,CC8CD41CEF907C4D216069122C4B89936211361F9050A717A1E37AD1862E952F
P0135,W1,RANDOM_WEATHER_WGEN,1,0,0,0,3B0E4842B28D6B39EC725A6459FB943F5F1D658F4D0EE991004DD50F2C182F31
P0136,W1,RANDOM_WEATHER_WGEN,1,0,0,0,4CBBD8CA5215B8D161AEC181A74B694F4E24B001D5B081DC0030ED797A8973E0
P0137,W1,RANDOM_WEATHER_WGEN,1,0,0,0,4CBBD8CA5215B8D161AEC181A74B694F4E24B001D5B081DC0030ED797A8973E0
P0138,W1,RANDOM_WEATHER_WGEN,1,0,0,0,4CBBD8CA5215B8D161AEC181A74B694F4E24B001D5B081DC0030ED797A8973E0
P0139,W1,RANDOM_WEATHER_WGEN,1,0,0,0,4CBBD8CA5215B8D161AEC181A74B694F4E24B001D5B081DC0030ED797A8973E0
P0140,W1,RANDOM_WEATHER_WGEN,1,15,45,120,CC8CD41CEF907C4D216069122C4B89936211361F9050A717A1E37AD1862E952F
P0141,W1,RANDOM_WEATHER_WGEN,1,0,0,0,CC8CD41CEF907C4D216069122C4B89936211361F9050A717A1E37AD1862E952F
P0142,W1,RANDOM_WEATHER_WGEN,1,0,0,0,3B0E4842B28D6B39EC725A6459FB943F5F1D658F4D0EE991004DD50F2C182F31
P0143,W1,RANDOM_WEATHER_WGEN,1,0,0,0,CC8CD41CEF907C4D216069122C4B89936211361F9050A717A1E37AD1862E952F
P0144,W1,RANDOM_WEATHER_WGEN,1,0,0,0,4CBBD8CA5215B8D161AEC181A74B694F4E24B001D5B081DC0030ED797A8973E0
P0145,W1,RANDOM_WEATHER_WGEN,1,0,0,0,4CBBD8CA5215B8D161AEC181A74B694F4E24B001D5B081DC0030ED797A8973E0
P0146,W1,RANDOM_WEATHER_WGEN,1,0,0,0,1B897DDDD4C151E2A2E6E3E91B7EA0F7FC4FD5ED00EF1C9669E8566393A02586
P0147,W1,RANDOM_WEATHER_WGEN,1,0,0,0,4CBBD8CA5215B8D161AEC181A74B694F4E24B001D5B081DC0030ED797A8973E0
P0148,W1,RANDOM_WEATHER_WGEN,1,0,0,0,4CBBD8CA5215B8D161AEC181A74B694F4E24B001D5B081DC0030ED797A8973E0
P0149,W1,RANDOM_WEATHER_WGEN,1,0,0,0,CC8CD41CEF907C4D216069122C4B89936211361F9050A717A1E37AD1862E952F
P0150,W1,RANDOM_WEATHER_WGEN,1,0,0,0,CC8CD41CEF907C4D216069122C4B89936211361F9050A717A1E37AD1862E952F
P0151,W1,RANDOM_WEATHER_WGEN,1,0,0,0,CC8CD41CEF907C4D216069122C4B89936211361F9050A717A1E37AD1862E952F
P0152,W1,RANDOM_WEATHER_WGEN,1,0,0,0,3B0E4842B28D6B39EC725A6459FB943F5F1D658F4D0EE991004DD50F2C182F31
P0153,W1,RANDOM_WEATHER_WGEN,1,0,0,0,3B0E4842B28D6B39EC725A6459FB943F5F1D658F4D0EE991004DD50F2C182F31
P0154,W1,RANDOM_WEATHER_WGEN,1,0,0,0,CC8CD41CEF907C4D216069122C4B89936211361F9050A717A1E37AD1862E952F
P0155,W1,RANDOM_WEATHER_WGEN,1,0,0,0,CC8CD41CEF907C4D216069122C4B89936211361F9050A717A1E37AD1862E952F
P0156,W1,RANDOM_WEATHER_WGEN,1,0,0,0,3B0E4842B28D6B39EC725A6459FB943F5F1D658F4D0EE991004DD50F2C182F31
P0157,W1,RANDOM_WEATHER_WGEN,1,0,0,0,3B0E4842B28D6B39EC725A6459FB943F5F1D658F4D0EE991004DD50F2C182F31
P0158,W1,RANDOM_WEATHER_WGEN,1,0,0,0,3B0E4842B28D6B39EC725A6459FB943F5F1D658F4D0EE991004DD50F2C182F31
P0159,W1,RANDOM_WEATHER_WGEN,1,0,0,0,1B897DDDD4C151E2A2E6E3E91B7EA0F7FC4FD5ED00EF1C9669E8566393A02586
P0160,W1,RANDOM_WEATHER_WGEN,1,0,0,0,3B0E4842B28D6B39EC725A6459FB943F5F1D658F4D0EE991004DD50F2C182F31
P0161,W1,RANDOM_WEATHER_WGEN,1,0,0,0,4CBBD8CA5215B8D161AEC181A74B694F4E24B001D5B081DC0030ED797A8973E0
P0162,W1,RANDOM_WEATHER_WGEN,1,0,0,0,CC8CD41CEF907C4D216069122C4B89936211361F9050A717A1E37AD1862E952F
P0163,W1,RANDOM_WEATHER_WGEN,1,0,0,0,CC8CD41CEF907C4D216069122C4B89936211361F9050A717A1E37AD1862E952F
P0164,W1,RANDOM_WEATHER_WGEN,1,0,0,0,4CBBD8CA5215B8D161AEC181A74B694F4E24B001D5B081DC0030ED797A8973E0
P0165,W1,RANDOM_WEATHER_WGEN,1,0,0,0,CC8CD41CEF907C4D216069122C4B89936211361F9050A717A1E37AD1862E952F
P0166,W1,RANDOM_WEATHER_WGEN,1,0,0,0,3B0E4842B28D6B39EC725A6459FB943F5F1D658F4D0EE991004DD50F2C182F31
P0167,W1,RANDOM_WEATHER_WGEN,1,0,0,0,3B0E4842B28D6B39EC725A6459FB943F5F1D658F4D0EE991004DD50F2C182F31
P0168,W1,RANDOM_WEATHER_WGEN,1,15,45,120,CC8CD41CEF907C4D216069122C4B89936211361F9050A717A1E37AD1862E952F
P0169,W1,RANDOM_WEATHER_WGEN,1,0,0,0,3B0E4842B28D6B39EC725A6459FB943F5F1D658F4D0EE991004DD50F2C182F31
P0170,W1,RANDOM_WEATHER_WGEN,1,0,0,0,3B0E4842B28D6B39EC725A6459FB943F5F1D658F4D0EE991004DD50F2C182F31
P0171,W1,RANDOM_WEATHER_WGEN,1,0,0,0,4CBBD8CA5215B8D161AEC181A74B694F4E24B001D5B081DC0030ED797A8973E0
P0172,W1,RANDOM_WEATHER_WGEN,1,0,0,0,1B897DDDD4C151E2A2E6E3E91B7EA0F7FC4FD5ED00EF1C9669E8566393A02586
P0173,W1,RANDOM_WEATHER_WGEN,1,0,0,0,CC8CD41CEF907C4D216069122C4B89936211361F9050A717A1E37AD1862E952F
P0174,W1,RANDOM_WEATHER_WGEN,1,0,0,0,CC8CD41CEF907C4D216069122C4B89936211361F9050A717A1E37AD1862E952F
P0175,W1,RANDOM_WEATHER_WGEN,1,0,0,0,CC8CD41CEF907C4D216069122C4B89936211361F9050A717A1E37AD1862E952F
P0176,W1,RANDOM_WEATHER_WGEN,1,0,0,0,CC8CD41CEF907C4D216069122C4B89936211361F9050A717A1E37AD1862E952F
P0177,W1,RANDOM_WEATHER_WGEN,1,0,0,0,CC8CD41CEF907C4D216069122C4B89936211361F9050A717A1E37AD1862E952F
P0178,W1,RANDOM_WEATHER_WGEN,1,0,0,0,CC8CD41CEF907C4D216069122C4B89936211361F9050A717A1E37AD1862E952F
P0179,W1,RANDOM_WEATHER_WGEN,1,0,0,0,CC8CD41CEF907C4D216069122C4B89936211361F9050A717A1E37AD1862E952F
P0180,W1,RANDOM_WEATHER_WGEN,1,0,0,0,CC8CD41CEF907C4D216069122C4B89936211361F9050A717A1E37AD1862E952F
P0181,W1,RANDOM_WEATHER_WGEN,1,0,0,0,4B0EBEA5AFB86AFBADF12EEDC5C56E680F4946E61EFE94AD358B6FF89EA5FEC7
P0182,W1,RANDOM_WEATHER_WGEN,1,0,0,0,4B0EBEA5AFB86AFBADF12EEDC5C56E680F4946E61EFE94AD358B6FF89EA5FEC7
P0183,W1,RANDOM_WEATHER_WGEN,1,0,0,0,1B897DDDD4C151E2A2E6E3E91B7EA0F7FC4FD5ED00EF1C9669E8566393A02586
P0184,W1,RANDOM_WEATHER_WGEN,1,0,0,0,CC8CD41CEF907C4D216069122C4B89936211361F9050A717A1E37AD1862E952F
P0185,W1,RANDOM_WEATHER_WGEN,1,0,0,0,CC8CD41CEF907C4D216069122C4B89936211361F9050A717A1E37AD1862E952F
P0186,W1,RANDOM_WEATHER_WGEN,1,0,0,0,1B897DDDD4C151E2A2E6E3E91B7EA0F7FC4FD5ED00EF1C9669E8566393A02586
P0187,W1,RANDOM_WEATHER_WGEN,1,0,0,0,1B897DDDD4C151E2A2E6E3E91B7EA0F7FC4FD5ED00EF1C9669E8566393A02586
P0188,W1,RANDOM_WEATHER_WGEN,1,0,0,0,CC8CD41CEF907C4D216069122C4B89936211361F9050A717A1E37AD1862E952F
P0189,W1,RANDOM_WEATHER_WGEN,1,0,0,0,1B897DDDD4C151E2A2E6E3E91B7EA0F7FC4FD5ED00EF1C9669E8566393A02586
P0190,W1,RANDOM_WEATHER_WGEN,1,0,0,0,1B897DDDD4C151E2A2E6E3E91B7EA0F7FC4FD5ED00EF1C9669E8566393A02586
P0191,W1,RANDOM_WEATHER_WGEN,1,0,0,0,1B897DDDD4C151E2A2E6E3E91B7EA0F7FC4FD5ED00EF1C9669E8566393A02586
P0192,W1,RANDOM_WEATHER_WGEN,1,0,0,0,1B897DDDD4C151E2A2E6E3E91B7EA0F7FC4FD5ED00EF1C9669E8566393A02586
P0193,W1,RANDOM_WEATHER_WGEN,1,0,0,0,1B897DDDD4C151E2A2E6E3E91B7EA0F7FC4FD5ED00EF1C9669E8566393A02586
P0194,W1,RANDOM_WEATHER_WGEN,1,0,0,0,1B897DDDD4C151E2A2E6E3E91B7EA0F7FC4FD5ED00EF1C9669E8566393A02586
P0195,W1,RANDOM_WEATHER_WGEN,1,0,0,0,CC8CD41CEF907C4D216069122C4B89936211361F9050A717A1E37AD1862E952F
P0196,W1,RANDOM_WEATHER_WGEN,1,0,0,0,CC8CD41CEF907C4D216069122C4B89936211361F9050A717A1E37AD1862E952F
P0197,W1,RANDOM_WEATHER_WGEN,1,0,0,0,CC8CD41CEF907C4D216069122C4B89936211361F9050A717A1E37AD1862E952F
P0198,W1,RANDOM_WEATHER_WGEN,1,15,45,120,CC8CD41CEF907C4D216069122C4B89936211361F9050A717A1E37AD1862E952F
P0199,W1,RANDOM_WEATHER_WGEN,1,0,0,0,CC8CD41CEF907C4D216069122C4B89936211361F9050A717A1E37AD1862E952F
P0200,W1,RANDOM_WEATHER_WGEN,1,0,0,0,1B897DDDD4C151E2A2E6E3E91B7EA0F7FC4FD5ED00EF1C9669E8566393A02586
P0201,W1,RANDOM_WEATHER_WGEN,1,0,0,0,1B897DDDD4C151E2A2E6E3E91B7EA0F7FC4FD5ED00EF1C9669E8566393A02586
P0202,W1,RANDOM_WEATHER_WGEN,1,0,0,0,1B897DDDD4C151E2A2E6E3E91B7EA0F7FC4FD5ED00EF1C9669E8566393A02586
P0203,W1,RANDOM_WEATHER_WGEN,1,0,0,0,CC8CD41CEF907C4D216069122C4B89936211361F9050A717A1E37AD1862E952F
P0204,W1,RANDOM_WEATHER_WGEN,1,0,0,0,CC8CD41CEF907C4D216069122C4B89936211361F9050A717A1E37AD1862E952F
P0205,W1,RANDOM_WEATHER_WGEN,1,0,0,0,CC8CD41CEF907C4D216069122C4B89936211361F9050A717A1E37AD1862E952F
P0206,W1,RANDOM_WEATHER_WGEN,1,0,0,0,CC8CD41CEF907C4D216069122C4B89936211361F9050A717A1E37AD1862E952F
P0207,W1,RANDOM_WEATHER_WGEN,1,0,0,0,CC8CD41CEF907C4D216069122C4B89936211361F9050A717A1E37AD1862E952F
P0208,W1,RANDOM_WEATHER_WGEN,1,0,0,0,CC8CD41CEF907C4D216069122C4B89936211361F9050A717A1E37AD1862E952F
P0209,W1,RANDOM_WEATHER_WGEN,1,0,0,0,CC8CD41CEF907C4D216069122C4B89936211361F9050A717A1E37AD1862E952F
P0210,W1,RANDOM_WEATHER_WGEN,1,0,0,0,CC8CD41CEF907C4D216069122C4B89936211361F9050A717A1E37AD1862E952F
P0211,W1,RANDOM_WEATHER_WGEN,1,0,0,0,CC8CD41CEF907C4D216069122C4B89936211361F9050A717A1E37AD1862E952F
P0212,W1,RANDOM_WEATHER_WGEN,1,0,0,0,CC8CD41CEF907C4D216069122C4B89936211361F9050A717A1E37AD1862E952F
P0213,W1,RANDOM_WEATHER_WGEN,1,0,0,0,CC8CD41CEF907C4D216069122C4B89936211361F9050A717A1E37AD1862E952F
P0214,W1,RANDOM_WEATHER_WGEN,1,0,0,0,1B897DDDD4C151E2A2E6E3E91B7EA0F7FC4FD5ED00EF1C9669E8566393A02586
P0215,W1,RANDOM_WEATHER_WGEN,1,0,0,0,4CBBD8CA5215B8D161AEC181A74B694F4E24B001D5B081DC0030ED797A8973E0
P0216,W1,RANDOM_WEATHER_WGEN,1,0,0,0,CC8CD41CEF907C4D216069122C4B89936211361F9050A717A1E37AD1862E952F
P0217,W1,RANDOM_WEATHER_WGEN,1,0,0,0,CC8CD41CEF907C4D216069122C4B89936211361F9050A717A1E37AD1862E952F
P0218,W1,RANDOM_WEATHER_WGEN,1,0,0,0,1B897DDDD4C151E2A2E6E3E91B7EA0F7FC4FD5ED00EF1C9669E8566393A02586
P0219,W1,RANDOM_WEATHER_WGEN,1,0,0,0,CC8CD41CEF907C4D216069122C4B89936211361F9050A717A1E37AD1862E952F
P0220,W1,RANDOM_WEATHER_WGEN,1,0,0,0,CC8CD41CEF907C4D216069122C4B89936211361F9050A717A1E37AD1862E952F
P0221,W1,RANDOM_WEATHER_WGEN,1,0,0,0,CC8CD41CEF907C4D216069122C4B89936211361F9050A717A1E37AD1862E952F
P0222,W1,RANDOM_WEATHER_WGEN,1,0,0,0,CC8CD41CEF907C4D216069122C4B89936211361F9050A717A1E37AD1862E952F
P0223,W1,RANDOM_WEATHER_WGEN,1,0,0,0,CC8CD41CEF907C4D216069122C4B89936211361F9050A717A1E37AD1862E952F
P0224,W1,RANDOM_WEATHER_WGEN,1,0,0,0,CC8CD41CEF907C4D216069122C4B89936211361F9050A717A1E37AD1862E952F
P0225,W1,RANDOM_WEATHER_WGEN,1,0,0,0,CC8CD41CEF907C4D216069122C4B89936211361F9050A717A1E37AD1862E952F
P0226,W1,RANDOM_WEATHER_WGEN,1,0,0,0,CC8CD41CEF907C4D216069122C4B89936211361F9050A717A1E37AD1862E952F
P0227,W1,RANDOM_WEATHER_WGEN,1,0,0,0,CC8CD41CEF907C4D216069122C4B89936211361F9050A717A1E37AD1862E952F
P0228,W1,RANDOM_WEATHER_WGEN,1,0,0,0,1B897DDDD4C151E2A2E6E3E91B7EA0F7FC4FD5ED00EF1C9669E8566393A02586
P0229,W1,RANDOM_WEATHER_WGEN,1,15,45,120,CC8CD41CEF907C4D216069122C4B89936211361F9050A717A1E37AD1862E952F
P0230,W1,RANDOM_WEATHER_WGEN,1,0,0,0,CC8CD41CEF907C4D216069122C4B89936211361F9050A717A1E37AD1862E952F
P0231,W1,RANDOM_WEATHER_WGEN,1,0,0,0,1B897DDDD4C151E2A2E6E3E91B7EA0F7FC4FD5ED00EF1C9669E8566393A02586
P0232,W1,RANDOM_WEATHER_WGEN,1,0,0,0,1B897DDDD4C151E2A2E6E3E91B7EA0F7FC4FD5ED00EF1C9669E8566393A02586
P0233,W1,RANDOM_WEATHER_WGEN,1,0,0,0,1B897DDDD4C151E2A2E6E3E91B7EA0F7FC4FD5ED00EF1C9669E8566393A02586
P0234,W1,RANDOM_WEATHER_WGEN,1,0,0,0,1B897DDDD4C151E2A2E6E3E91B7EA0F7FC4FD5ED00EF1C9669E8566393A02586
P0235,W1,RANDOM_WEATHER_WGEN,1,0,0,0,CC8CD41CEF907C4D216069122C4B89936211361F9050A717A1E37AD1862E952F
P0236,W1,RANDOM_WEATHER_WGEN,1,0,0,0,CC8CD41CEF907C4D216069122C4B89936211361F9050A717A1E37AD1862E952F
P0237,W1,RANDOM_WEATHER_WGEN,1,0,0,0,CC8CD41CEF907C4D216069122C4B89936211361F9050A717A1E37AD1862E952F
P0238,W1,RANDOM_WEATHER_WGEN,1,0,0,0,1B897DDDD4C151E2A2E6E3E91B7EA0F7FC4FD5ED00EF1C9669E8566393A02586
P0239,W1,RANDOM_WEATHER_WGEN,1,0,0,0,4B0EBEA5AFB86AFBADF12EEDC5C56E680F4946E61EFE94AD358B6FF89EA5FEC7
P0240,W1,RANDOM_WEATHER_WGEN,1,0,0,0,CC8CD41CEF907C4D216069122C4B89936211361F9050A717A1E37AD1862E952F
P0241,W1,RANDOM_WEATHER_WGEN,1,0,0,0,1B897DDDD4C151E2A2E6E3E91B7EA0F7FC4FD5ED00EF1C9669E8566393A02586
P0242,W1,RANDOM_WEATHER_WGEN,1,0,0,0,1B897DDDD4C151E2A2E6E3E91B7EA0F7FC4FD5ED00EF1C9669E8566393A02586
P0243,W1,RANDOM_WEATHER_WGEN,1,0,0,0,CC8CD41CEF907C4D216069122C4B89936211361F9050A717A1E37AD1862E952F
P0244,W1,RANDOM_WEATHER_WGEN,1,0,0,0,CC8CD41CEF907C4D216069122C4B89936211361F9050A717A1E37AD1862E952F
P0245,W1,RANDOM_WEATHER_WGEN,1,0,0,0,CC8CD41CEF907C4D216069122C4B89936211361F9050A717A1E37AD1862E952F
P0246,W1,RANDOM_WEATHER_WGEN,1,0,0,0,1B897DDDD4C151E2A2E6E3E91B7EA0F7FC4FD5ED00EF1C9669E8566393A02586
P0247,W1,RANDOM_WEATHER_WGEN,1,0,0,0,CC8CD41CEF907C4D216069122C4B89936211361F9050A717A1E37AD1862E952F
P0248,W1,RANDOM_WEATHER_WGEN,1,0,0,0,CC8CD41CEF907C4D216069122C4B89936211361F9050A717A1E37AD1862E952F
P0249,W1,RANDOM_WEATHER_WGEN,1,0,0,0,CC8CD41CEF907C4D216069122C4B89936211361F9050A717A1E37AD1862E952F
P0250,W1,RANDOM_WEATHER_WGEN,1,0,0,0,CC8CD41CEF907C4D216069122C4B89936211361F9050A717A1E37AD1862E952F
P0251,W1,RANDOM_WEATHER_WGEN,1,0,0,0,CC8CD41CEF907C4D216069122C4B89936211361F9050A717A1E37AD1862E952F
P0252,W1,RANDOM_WEATHER_WGEN,1,0,0,0,CC8CD41CEF907C4D216069122C4B89936211361F9050A717A1E37AD1862E952F
P0253,W1,RANDOM_WEATHER_WGEN,1,0,0,0,CC8CD41CEF907C4D216069122C4B89936211361F9050A717A1E37AD1862E952F
P0254,W1,RANDOM_WEATHER_WGEN,1,0,0,0,CC8CD41CEF907C4D216069122C4B89936211361F9050A717A1E37AD1862E952F
P0255,W1,RANDOM_WEATHER_WGEN,1,0,0,0,CC8CD41CEF907C4D216069122C4B89936211361F9050A717A1E37AD1862E952F
P0256,W1,RANDOM_WEATHER_WGEN,1,0,0,0,CC8CD41CEF907C4D216069122C4B89936211361F9050A717A1E37AD1862E952F
P0257,W1,RANDOM_WEATHER_WGEN,1,0,0,0,CC8CD41CEF907C4D216069122C4B89936211361F9050A717A1E37AD1862E952F
P0258,W1,RANDOM_WEATHER_WGEN,1,0,0,0,4B0EBEA5AFB86AFBADF12EEDC5C56E680F4946E61EFE94AD358B6FF89EA5FEC7
P0259,W1,RANDOM_WEATHER_WGEN,1,0,0,0,4B0EBEA5AFB86AFBADF12EEDC5C56E680F4946E61EFE94AD358B6FF89EA5FEC7
P0260,W1,RANDOM_WEATHER_WGEN,1,0,0,0,CC8CD41CEF907C4D216069122C4B89936211361F9050A717A1E37AD1862E952F
P0261,W1,RANDOM_WEATHER_WGEN,1,15,45,120,CC8CD41CEF907C4D216069122C4B89936211361F9050A717A1E37AD1862E952F
P0262,W1,RANDOM_WEATHER_WGEN,1,15,45,120,CC8CD41CEF907C4D216069122C4B89936211361F9050A717A1E37AD1862E952F
P0263,W1,RANDOM_WEATHER_WGEN,1,0,0,0,CC8CD41CEF907C4D216069122C4B89936211361F9050A717A1E37AD1862E952F
P0264,W1,RANDOM_WEATHER_WGEN,1,0,0,0,CC8CD41CEF907C4D216069122C4B89936211361F9050A717A1E37AD1862E952F
P0265,W1,RANDOM_WEATHER_WGEN,1,0,0,0,CC8CD41CEF907C4D216069122C4B89936211361F9050A717A1E37AD1862E952F
P0266,W1,RANDOM_WEATHER_WGEN,1,0,0,0,CC8CD41CEF907C4D216069122C4B89936211361F9050A717A1E37AD1862E952F
P0267,W1,RANDOM_WEATHER_WGEN,1,0,0,0,1B897DDDD4C151E2A2E6E3E91B7EA0F7FC4FD5ED00EF1C9669E8566393A02586
P0268,W1,RANDOM_WEATHER_WGEN,1,0,0,0,1B897DDDD4C151E2A2E6E3E91B7EA0F7FC4FD5ED00EF1C9669E8566393A02586
P0269,W1,RANDOM_WEATHER_WGEN,1,0,0,0,1B897DDDD4C151E2A2E6E3E91B7EA0F7FC4FD5ED00EF1C9669E8566393A02586
P0270,W1,RANDOM_WEATHER_WGEN,1,0,0,0,4B0EBEA5AFB86AFBADF12EEDC5C56E680F4946E61EFE94AD358B6FF89EA5FEC7
P0271,W1,RANDOM_WEATHER_WGEN,1,0,0,0,CC8CD41CEF907C4D216069122C4B89936211361F9050A717A1E37AD1862E952F
P0272,W1,RANDOM_WEATHER_WGEN,1,0,0,0,1B897DDDD4C151E2A2E6E3E91B7EA0F7FC4FD5ED00EF1C9669E8566393A02586
P0273,W1,RANDOM_WEATHER_WGEN,1,0,0,0,4B0EBEA5AFB86AFBADF12EEDC5C56E680F4946E61EFE94AD358B6FF89EA5FEC7
P0274,W1,RANDOM_WEATHER_WGEN,1,0,0,0,1B897DDDD4C151E2A2E6E3E91B7EA0F7FC4FD5ED00EF1C9669E8566393A02586
P0275,W1,RANDOM_WEATHER_WGEN,1,0,0,0,CC8CD41CEF907C4D216069122C4B89936211361F9050A717A1E37AD1862E952F
P0276,W1,RANDOM_WEATHER_WGEN,1,0,0,0,CC8CD41CEF907C4D216069122C4B89936211361F9050A717A1E37AD1862E952F
P0277,W1,RANDOM_WEATHER_WGEN,1,0,0,0,CC8CD41CEF907C4D216069122C4B89936211361F9050A717A1E37AD1862E952F
P0278,W1,RANDOM_WEATHER_WGEN,1,0,0,0,CC8CD41CEF907C4D216069122C4B89936211361F9050A717A1E37AD1862E952F
P0279,W1,RANDOM_WEATHER_WGEN,1,0,0,0,CC8CD41CEF907C4D216069122C4B89936211361F9050A717A1E37AD1862E952F
P0280,W1,RANDOM_WEATHER_WGEN,1,0,0,0,1B897DDDD4C151E2A2E6E3E91B7EA0F7FC4FD5ED00EF1C9669E8566393A02586
P0281,W1,RANDOM_WEATHER_WGEN,1,0,0,0,1B897DDDD4C151E2A2E6E3E91B7EA0F7FC4FD5ED00EF1C9669E8566393A02586
P0282,W1,RANDOM_WEATHER_WGEN,1,0,0,0,1B897DDDD4C151E2A2E6E3E91B7EA0F7FC4FD5ED00EF1C9669E8566393A02586
P0283,W1,RANDOM_WEATHER_WGEN,1,0,0,0,CC8CD41CEF907C4D216069122C4B89936211361F9050A717A1E37AD1862E952F
P0284,W1,RANDOM_WEATHER_WGEN,1,0,0,0,CC8CD41CEF907C4D216069122C4B89936211361F9050A717A1E37AD1862E952F
P0285,W1,RANDOM_WEATHER_WGEN,1,0,0,0,CC8CD41CEF907C4D216069122C4B89936211361F9050A717A1E37AD1862E952F
P0286,W1,RANDOM_WEATHER_WGEN,1,0,0,0,CC8CD41CEF907C4D216069122C4B89936211361F9050A717A1E37AD1862E952F
P0287,W1,RANDOM_WEATHER_WGEN,1,0,0,0,CC8CD41CEF907C4D216069122C4B89936211361F9050A717A1E37AD1862E952F
P0288,W1,RANDOM_WEATHER_WGEN,1,0,0,0,CC8CD41CEF907C4D216069122C4B89936211361F9050A717A1E37AD1862E952F
P0289,W1,RANDOM_WEATHER_WGEN,1,0,0,0,CC8CD41CEF907C4D216069122C4B89936211361F9050A717A1E37AD1862E952F
P0290,W1,RANDOM_WEATHER_WGEN,1,0,0,0,CC8CD41CEF907C4D216069122C4B89936211361F9050A717A1E37AD1862E952F
P0291,W1,RANDOM_WEATHER_WGEN,1,0,0,0,CC8CD41CEF907C4D216069122C4B89936211361F9050A717A1E37AD1862E952F
P0292,W1,RANDOM_WEATHER_WGEN,1,0,0,0,CC8CD41CEF907C4D216069122C4B89936211361F9050A717A1E37AD1862E952F
P0293,W1,RANDOM_WEATHER_WGEN,1,0,0,0,CC8CD41CEF907C4D216069122C4B89936211361F9050A717A1E37AD1862E952F
P0294,W1,RANDOM_WEATHER_WGEN,1,0,0,0,CC8CD41CEF907C4D216069122C4B89936211361F9050A717A1E37AD1862E952F
P0295,W1,RANDOM_WEATHER_WGEN,1,0,0,0,CC8CD41CEF907C4D216069122C4B89936211361F9050A717A1E37AD1862E952F
P0296,W1,RANDOM_WEATHER_WGEN,1,0,0,0,CC8CD41CEF907C4D216069122C4B89936211361F9050A717A1E37AD1862E952F
P0297,W1,RANDOM_WEATHER_WGEN,1,0,0,0,CC8CD41CEF907C4D216069122C4B89936211361F9050A717A1E37AD1862E952F
P0298,W1,RANDOM_WEATHER_WGEN,1,0,0,0,CC8CD41CEF907C4D216069122C4B89936211361F9050A717A1E37AD1862E952F
P0299,W1,RANDOM_WEATHER_WGEN,1,0,0,0,CC8CD41CEF907C4D216069122C4B89936211361F9050A717A1E37AD1862E952F
P0300,W1,RANDOM_WEATHER_WGEN,1,0,0,0,4B0EBEA5AFB86AFBADF12EEDC5C56E680F4946E61EFE94AD358B6FF89EA5FEC7
P0301,W1,RANDOM_WEATHER_WGEN,1,0,0,0,CC8CD41CEF907C4D216069122C4B89936211361F9050A717A1E37AD1862E952F
P0302,W1,RANDOM_WEATHER_WGEN,1,0,0,0,CC8CD41CEF907C4D216069122C4B89936211361F9050A717A1E37AD1862E952F
P0303,W1,RANDOM_WEATHER_WGEN,1,0,0,0,CC8CD41CEF907C4D216069122C4B89936211361F9050A717A1E37AD1862E952F
P0304,W1,RANDOM_WEATHER_WGEN,1,0,0,0,CC8CD41CEF907C4D216069122C4B89936211361F9050A717A1E37AD1862E952F
P0305,W1,RANDOM_WEATHER_WGEN,1,0,0,0,4B0EBEA5AFB86AFBADF12EEDC5C56E680F4946E61EFE94AD358B6FF89EA5FEC7
P0306,W1,RANDOM_WEATHER_WGEN,1,0,0,0,CC8CD41CEF907C4D216069122C4B89936211361F9050A717A1E37AD1862E952F
P0307,W1,RANDOM_WEATHER_WGEN,1,0,0,0,CC8CD41CEF907C4D216069122C4B89936211361F9050A717A1E37AD1862E952F
P0308,W1,RANDOM_WEATHER_WGEN,1,0,0,0,CC8CD41CEF907C4D216069122C4B89936211361F9050A717A1E37AD1862E952F
P0309,W1,RANDOM_WEATHER_WGEN,1,0,0,0,CC8CD41CEF907C4D216069122C4B89936211361F9050A717A1E37AD1862E952F
P0310,W1,RANDOM_WEATHER_WGEN,1,0,0,0,CC8CD41CEF907C4D216069122C4B89936211361F9050A717A1E37AD1862E952F
P0311,W1,RANDOM_WEATHER_WGEN,1,0,0,0,1B897DDDD4C151E2A2E6E3E91B7EA0F7FC4FD5ED00EF1C9669E8566393A02586
P0312,W1,RANDOM_WEATHER_WGEN,1,0,0,0,CC8CD41CEF907C4D216069122C4B89936211361F9050A717A1E37AD1862E952F
P0313,W1,RANDOM_WEATHER_WGEN,1,0,0,0,1B897DDDD4C151E2A2E6E3E91B7EA0F7FC4FD5ED00EF1C9669E8566393A02586
P0314,W1,RANDOM_WEATHER_WGEN,1,0,0,0,1B897DDDD4C151E2A2E6E3E91B7EA0F7FC4FD5ED00EF1C9669E8566393A02586
P0315,W1,RANDOM_WEATHER_WGEN,1,0,0,0,1B897DDDD4C151E2A2E6E3E91B7EA0F7FC4FD5ED00EF1C9669E8566393A02586
P0316,W1,RANDOM_WEATHER_WGEN,1,15,45,120,CC8CD41CEF907C4D216069122C4B89936211361F9050A717A1E37AD1862E952F
P0317,W1,RANDOM_WEATHER_WGEN,1,0,0,0,CC8CD41CEF907C4D216069122C4B89936211361F9050A717A1E37AD1862E952F
P0318,W1,RANDOM_WEATHER_WGEN,1,0,0,0,CC8CD41CEF907C4D216069122C4B89936211361F9050A717A1E37AD1862E952F
P0319,W1,RANDOM_WEATHER_WGEN,1,0,0,0,CC8CD41CEF907C4D216069122C4B89936211361F9050A717A1E37AD1862E952F
P0320,W1,RANDOM_WEATHER_WGEN,1,0,0,0,1B897DDDD4C151E2A2E6E3E91B7EA0F7FC4FD5ED00EF1C9669E8566393A02586
P0321,W1,RANDOM_WEATHER_WGEN,1,0,0,0,CC8CD41CEF907C4D216069122C4B89936211361F9050A717A1E37AD1862E952F
P0322,W1,RANDOM_WEATHER_WGEN,1,0,0,0,CC8CD41CEF907C4D216069122C4B89936211361F9050A717A1E37AD1862E952F
P0323,W1,RANDOM_WEATHER_WGEN,1,0,0,0,CC8CD41CEF907C4D216069122C4B89936211361F9050A717A1E37AD1862E952F
P0324,W1,RANDOM_WEATHER_WGEN,1,0,0,0,CC8CD41CEF907C4D216069122C4B89936211361F9050A717A1E37AD1862E952F
P0325,W1,RANDOM_WEATHER_WGEN,1,0,0,0,CC8CD41CEF907C4D216069122C4B89936211361F9050A717A1E37AD1862E952F
P0326,W1,RANDOM_WEATHER_WGEN,1,0,0,0,CC8CD41CEF907C4D216069122C4B89936211361F9050A717A1E37AD1862E952F
P0327,W1,RANDOM_WEATHER_WGEN,1,0,0,0,CC8CD41CEF907C4D216069122C4B89936211361F9050A717A1E37AD1862E952F
P0328,W1,RANDOM_WEATHER_WGEN,1,0,0,0,0EF6657F1EF3D57D3039B838837EE670569C55FAEC16004B220C894540BCD97D
P0329,W1,RANDOM_WEATHER_WGEN,1,0,0,0,0EF6657F1EF3D57D3039B838837EE670569C55FAEC16004B220C894540BCD97D
P0330,W1,RANDOM_WEATHER_WGEN,1,0,0,0,0EF6657F1EF3D57D3039B838837EE670569C55FAEC16004B220C894540BCD97D
P0331,W1,RANDOM_WEATHER_WGEN,1,0,0,0,0EF6657F1EF3D57D3039B838837EE670569C55FAEC16004B220C894540BCD97D
P0332,W1,RANDOM_WEATHER_WGEN,1,0,0,0,0EF6657F1EF3D57D3039B838837EE670569C55FAEC16004B220C894540BCD97D
P0333,W1,RANDOM_WEATHER_WGEN,1,0,0,0,0EF6657F1EF3D57D3039B838837EE670569C55FAEC16004B220C894540BCD97D
P0334,W1,RANDOM_WEATHER_WGEN,1,0,0,0,0EF6657F1EF3D57D3039B838837EE670569C55FAEC16004B220C894540BCD97D
P0335,W1,RANDOM_WEATHER_WGEN,1,0,0,0,0EF6657F1EF3D57D3039B838837EE670569C55FAEC16004B220C894540BCD97D
P0336,W1,RANDOM_WEATHER_WGEN,1,0,0,0,0EF6657F1EF3D57D3039B838837EE670569C55FAEC16004B220C894540BCD97D
P0337,W1,RANDOM_WEATHER_WGEN,1,0,0,0,0EF6657F1EF3D57D3039B838837EE670569C55FAEC16004B220C894540BCD97D
P0338,W1,RANDOM_WEATHER_WGEN,1,15,45,120,CC8CD41CEF907C4D216069122C4B89936211361F9050A717A1E37AD1862E952F
P0339,W1,RANDOM_WEATHER_WGEN,1,0,0,0,A020B7F8043620B11605E4B25E35803538E4679D5F7A9E6AE90300BF28791989
P0340,W1,RANDOM_WEATHER_WGEN,1,0,0,0,A020B7F8043620B11605E4B25E35803538E4679D5F7A9E6AE90300BF28791989
P0341,W1,RANDOM_WEATHER_WGEN,1,0,0,0,0EF6657F1EF3D57D3039B838837EE670569C55FAEC16004B220C894540BCD97D
P0342,W1,RANDOM_WEATHER_WGEN,1,0,0,0,0EF6657F1EF3D57D3039B838837EE670569C55FAEC16004B220C894540BCD97D
P0343,W1,RANDOM_WEATHER_WGEN,1,0,0,0,0EF6657F1EF3D57D3039B838837EE670569C55FAEC16004B220C894540BCD97D
P0344,W1,RANDOM_WEATHER_WGEN,1,15,45,120,CC8CD41CEF907C4D216069122C4B89936211361F9050A717A1E37AD1862E952F
P0345,W1,RANDOM_WEATHER_WGEN,1,0,0,0,A020B7F8043620B11605E4B25E35803538E4679D5F7A9E6AE90300BF28791989
P0346,W1,RANDOM_WEATHER_WGEN,1,0,0,0,A020B7F8043620B11605E4B25E35803538E4679D5F7A9E6AE90300BF28791989
P0347,W1,RANDOM_WEATHER_WGEN,1,0,0,0,0EF6657F1EF3D57D3039B838837EE670569C55FAEC16004B220C894540BCD97D
P0348,W1,RANDOM_WEATHER_WGEN,1,0,0,0,4CBBD8CA5215B8D161AEC181A74B694F4E24B001D5B081DC0030ED797A8973E0
P0349,W1,RANDOM_WEATHER_WGEN,1,0,0,0,0EF6657F1EF3D57D3039B838837EE670569C55FAEC16004B220C894540BCD97D
P0350,W1,RANDOM_WEATHER_WGEN,1,15,45,120,CC8CD41CEF907C4D216069122C4B89936211361F9050A717A1E37AD1862E952F
P0351,W1,RANDOM_WEATHER_WGEN,1,15,45,120,CC8CD41CEF907C4D216069122C4B89936211361F9050A717A1E37AD1862E952F
P0352,W1,RANDOM_WEATHER_WGEN,1,0,0,0,0EF6657F1EF3D57D3039B838837EE670569C55FAEC16004B220C894540BCD97D
P0353,W1,RANDOM_WEATHER_WGEN,1,15,45,120,CC8CD41CEF907C4D216069122C4B89936211361F9050A717A1E37AD1862E952F
P0354,W1,RANDOM_WEATHER_WGEN,1,0,0,0,4CBBD8CA5215B8D161AEC181A74B694F4E24B001D5B081DC0030ED797A8973E0
P0355,W1,RANDOM_WEATHER_WGEN,1,0,0,0,0EF6657F1EF3D57D3039B838837EE670569C55FAEC16004B220C894540BCD97D
P0356,W1,RANDOM_WEATHER_WGEN,1,0,0,0,0EF6657F1EF3D57D3039B838837EE670569C55FAEC16004B220C894540BCD97D
P0357,W1,RANDOM_WEATHER_WGEN,1,0,0,0,0EF6657F1EF3D57D3039B838837EE670569C55FAEC16004B220C894540BCD97D
P0358,W1,RANDOM_WEATHER_WGEN,1,0,0,0,0EF6657F1EF3D57D3039B838837EE670569C55FAEC16004B220C894540BCD97D
P0359,W1,RANDOM_WEATHER_WGEN,1,0,0,0,0EF6657F1EF3D57D3039B838837EE670569C55FAEC16004B220C894540BCD97D
P0360,W1,RANDOM_WEATHER_WGEN,1,0,0,0,0EF6657F1EF3D57D3039B838837EE670569C55FAEC16004B220C894540BCD97D
P0361,W1,RANDOM_WEATHER_WGEN,1,0,0,0,0EF6657F1EF3D57D3039B838837EE670569C55FAEC16004B220C894540BCD97D
P0362,W1,RANDOM_WEATHER_WGEN,1,0,0,0,0EF6657F1EF3D57D3039B838837EE670569C55FAEC16004B220C894540BCD97D
P0363,W1,RANDOM_WEATHER_WGEN,1,0,0,0,0EF6657F1EF3D57D3039B838837EE670569C55FAEC16004B220C894540BCD97D
P0364,W1,RANDOM_WEATHER_WGEN,1,0,0,0,0EF6657F1EF3D57D3039B838837EE670569C55FAEC16004B220C894540BCD97D
P0365,W1,RANDOM_WEATHER_WGEN,1,0,0,0,0EF6657F1EF3D57D3039B838837EE670569C55FAEC16004B220C894540BCD97D
P0366,W1,RANDOM_WEATHER_WGEN,1,0,0,0,0EF6657F1EF3D57D3039B838837EE670569C55FAEC16004B220C894540BCD97D
P0367,W1,RANDOM_WEATHER_WGEN,1,0,0,0,0EF6657F1EF3D57D3039B838837EE670569C55FAEC16004B220C894540BCD97D
P0368,W1,RANDOM_WEATHER_WGEN,1,0,0,0,0EF6657F1EF3D57D3039B838837EE670569C55FAEC16004B220C894540BCD97D
P0369,W1,RANDOM_WEATHER_WGEN,1,0,0,0,0EF6657F1EF3D57D3039B838837EE670569C55FAEC16004B220C894540BCD97D
P0370,W1,RANDOM_WEATHER_WGEN,1,0,0,0,0EF6657F1EF3D57D3039B838837EE670569C55FAEC16004B220C894540BCD97D
P0371,W1,RANDOM_WEATHER_WGEN,1,0,0,0,1B897DDDD4C151E2A2E6E3E91B7EA0F7FC4FD5ED00EF1C9669E8566393A02586
P0372,W1,RANDOM_WEATHER_WGEN,1,0,0,0,1B897DDDD4C151E2A2E6E3E91B7EA0F7FC4FD5ED00EF1C9669E8566393A02586
P0373,W1,RANDOM_WEATHER_WGEN,1,0,0,0,4CBBD8CA5215B8D161AEC181A74B694F4E24B001D5B081DC0030ED797A8973E0
P0374,W1,RANDOM_WEATHER_WGEN,1,0,0,0,0EF6657F1EF3D57D3039B838837EE670569C55FAEC16004B220C894540BCD97D
P0375,W1,RANDOM_WEATHER_WGEN,1,0,0,0,0EF6657F1EF3D57D3039B838837EE670569C55FAEC16004B220C894540BCD97D
P0376,W1,RANDOM_WEATHER_WGEN,1,0,0,0,1B897DDDD4C151E2A2E6E3E91B7EA0F7FC4FD5ED00EF1C9669E8566393A02586
P0377,W1,RANDOM_WEATHER_WGEN,1,15,45,120,CC8CD41CEF907C4D216069122C4B89936211361F9050A717A1E37AD1862E952F
P0378,W1,RANDOM_WEATHER_WGEN,1,0,0,0,4CBBD8CA5215B8D161AEC181A74B694F4E24B001D5B081DC0030ED797A8973E0
P0379,W1,RANDOM_WEATHER_WGEN,1,0,0,0,0EF6657F1EF3D57D3039B838837EE670569C55FAEC16004B220C894540BCD97D
P0380,W1,RANDOM_WEATHER_WGEN,1,0,0,0,0EF6657F1EF3D57D3039B838837EE670569C55FAEC16004B220C894540BCD97D
P0381,W1,RANDOM_WEATHER_WGEN,1,0,0,0,A2AE27368CB8E5358848B174FE9B8BF042D393E0B54D4463130C40AED4CA569B
P0382,W1,RANDOM_WEATHER_WGEN,1,0,0,0,A2AE27368CB8E5358848B174FE9B8BF042D393E0B54D4463130C40AED4CA569B
P0383,W1,RANDOM_WEATHER_WGEN,1,0,0,0,A2AE27368CB8E5358848B174FE9B8BF042D393E0B54D4463130C40AED4CA569B
P0384,W1,RANDOM_WEATHER_WGEN,1,15,45,120,CC8CD41CEF907C4D216069122C4B89936211361F9050A717A1E37AD1862E952F
P0385,W1,RANDOM_WEATHER_WGEN,1,0,0,0,4CBBD8CA5215B8D161AEC181A74B694F4E24B001D5B081DC0030ED797A8973E0
P0386,W1,RANDOM_WEATHER_WGEN,1,0,0,0,1B897DDDD4C151E2A2E6E3E91B7EA0F7FC4FD5ED00EF1C9669E8566393A02586
P0387,W1,RANDOM_WEATHER_WGEN,1,15,45,120,CC8CD41CEF907C4D216069122C4B89936211361F9050A717A1E37AD1862E952F
P0388,W1,RANDOM_WEATHER_WGEN,1,0,0,0,4CBBD8CA5215B8D161AEC181A74B694F4E24B001D5B081DC0030ED797A8973E0
P0389,W1,RANDOM_WEATHER_WGEN,1,0,0,0,A020B7F8043620B11605E4B25E35803538E4679D5F7A9E6AE90300BF28791989
P0390,W1,RANDOM_WEATHER_WGEN,1,15,45,120,CC8CD41CEF907C4D216069122C4B89936211361F9050A717A1E37AD1862E952F
P0391,W1,RANDOM_WEATHER_WGEN,1,0,0,0,A2AE27368CB8E5358848B174FE9B8BF042D393E0B54D4463130C40AED4CA569B
P0392,W1,RANDOM_WEATHER_WGEN,1,0,0,0,A2AE27368CB8E5358848B174FE9B8BF042D393E0B54D4463130C40AED4CA569B
P0393,W1,RANDOM_WEATHER_WGEN,1,0,0,0,1B897DDDD4C151E2A2E6E3E91B7EA0F7FC4FD5ED00EF1C9669E8566393A02586
P0394,W1,RANDOM_WEATHER_WGEN,1,0,0,0,CC8CD41CEF907C4D216069122C4B89936211361F9050A717A1E37AD1862E952F
P0395,W1,RANDOM_WEATHER_WGEN,1,0,0,0,4CBBD8CA5215B8D161AEC181A74B694F4E24B001D5B081DC0030ED797A8973E0
P0396,W1,RANDOM_WEATHER_WGEN,1,0,0,0,CC8CD41CEF907C4D216069122C4B89936211361F9050A717A1E37AD1862E952F
P0397,W1,RANDOM_WEATHER_WGEN,1,0,0,0,CC8CD41CEF907C4D216069122C4B89936211361F9050A717A1E37AD1862E952F
P0398,W1,RANDOM_WEATHER_WGEN,1,0,0,0,0EF6657F1EF3D57D3039B838837EE670569C55FAEC16004B220C894540BCD97D
P0399,W1,RANDOM_WEATHER_WGEN,1,0,0,0,CC8CD41CEF907C4D216069122C4B89936211361F9050A717A1E37AD1862E952F
P0400,W1,RANDOM_WEATHER_WGEN,1,0,0,0,4CBBD8CA5215B8D161AEC181A74B694F4E24B001D5B081DC0030ED797A8973E0
P0401,W1,RANDOM_WEATHER_WGEN,1,0,0,0,4B0EBEA5AFB86AFBADF12EEDC5C56E680F4946E61EFE94AD358B6FF89EA5FEC7
P0402,W1,RANDOM_WEATHER_WGEN,1,0,0,0,1B897DDDD4C151E2A2E6E3E91B7EA0F7FC4FD5ED00EF1C9669E8566393A02586
P0403,W1,RANDOM_WEATHER_WGEN,1,0,0,0,CC8CD41CEF907C4D216069122C4B89936211361F9050A717A1E37AD1862E952F
P0404,W1,RANDOM_WEATHER_WGEN,1,0,0,0,A020B7F8043620B11605E4B25E35803538E4679D5F7A9E6AE90300BF28791989
P0405,W1,RANDOM_WEATHER_WGEN,1,0,0,0,4CBBD8CA5215B8D161AEC181A74B694F4E24B001D5B081DC0030ED797A8973E0
P0406,W1,RANDOM_WEATHER_WGEN,1,0,0,0,CC8CD41CEF907C4D216069122C4B89936211361F9050A717A1E37AD1862E952F
P0407,W1,RANDOM_WEATHER_WGEN,1,0,0,0,CC8CD41CEF907C4D216069122C4B89936211361F9050A717A1E37AD1862E952F
P0408,W1,RANDOM_WEATHER_WGEN,1,0,0,0,4CBBD8CA5215B8D161AEC181A74B694F4E24B001D5B081DC0030ED797A8973E0
P0409,W1,RANDOM_WEATHER_WGEN,1,0,0,0,4B0EBEA5AFB86AFBADF12EEDC5C56E680F4946E61EFE94AD358B6FF89EA5FEC7
P0410,W1,RANDOM_WEATHER_WGEN,1,0,0,0,4B0EBEA5AFB86AFBADF12EEDC5C56E680F4946E61EFE94AD358B6FF89EA5FEC7
P0411,W1,RANDOM_WEATHER_WGEN,1,0,0,0,A2AE27368CB8E5358848B174FE9B8BF042D393E0B54D4463130C40AED4CA569B
P0412,W1,RANDOM_WEATHER_WGEN,1,0,0,0,4B0EBEA5AFB86AFBADF12EEDC5C56E680F4946E61EFE94AD358B6FF89EA5FEC7
P0413,W1,RANDOM_WEATHER_WGEN,1,0,0,0,CC8CD41CEF907C4D216069122C4B89936211361F9050A717A1E37AD1862E952F
P0414,W1,RANDOM_WEATHER_WGEN,1,0,0,0,4CBBD8CA5215B8D161AEC181A74B694F4E24B001D5B081DC0030ED797A8973E0
P0415,W1,RANDOM_WEATHER_WGEN,1,0,0,0,4CBBD8CA5215B8D161AEC181A74B694F4E24B001D5B081DC0030ED797A8973E0
P0416,W1,RANDOM_WEATHER_WGEN,1,0,0,0,A2AE27368CB8E5358848B174FE9B8BF042D393E0B54D4463130C40AED4CA569B
P0417,W1,RANDOM_WEATHER_WGEN,1,0,0,0,CC8CD41CEF907C4D216069122C4B89936211361F9050A717A1E37AD1862E952F
P0418,W1,RANDOM_WEATHER_WGEN,1,0,0,0,4CBBD8CA5215B8D161AEC181A74B694F4E24B001D5B081DC0030ED797A8973E0
P0419,W1,RANDOM_WEATHER_WGEN,1,0,0,0,CC8CD41CEF907C4D216069122C4B89936211361F9050A717A1E37AD1862E952F
P0420,W1,RANDOM_WEATHER_WGEN,1,0,0,0,CC8CD41CEF907C4D216069122C4B89936211361F9050A717A1E37AD1862E952F
P0421,W1,RANDOM_WEATHER_WGEN,1,0,0,0,CC8CD41CEF907C4D216069122C4B89936211361F9050A717A1E37AD1862E952F
P0422,W1,RANDOM_WEATHER_WGEN,1,0,0,0,0EF6657F1EF3D57D3039B838837EE670569C55FAEC16004B220C894540BCD97D
P0423,W1,RANDOM_WEATHER_WGEN,1,0,0,0,0EF6657F1EF3D57D3039B838837EE670569C55FAEC16004B220C894540BCD97D
P0424,W1,RANDOM_WEATHER_WGEN,1,0,0,0,CC8CD41CEF907C4D216069122C4B89936211361F9050A717A1E37AD1862E952F
P0425,W1,RANDOM_WEATHER_WGEN,1,0,0,0,4CBBD8CA5215B8D161AEC181A74B694F4E24B001D5B081DC0030ED797A8973E0
P0426,W1,RANDOM_WEATHER_WGEN,1,0,0,0,4CBBD8CA5215B8D161AEC181A74B694F4E24B001D5B081DC0030ED797A8973E0
P0427,W1,RANDOM_WEATHER_WGEN,1,0,0,0,A020B7F8043620B11605E4B25E35803538E4679D5F7A9E6AE90300BF28791989
P0428,W1,RANDOM_WEATHER_WGEN,1,0,0,0,CC8CD41CEF907C4D216069122C4B89936211361F9050A717A1E37AD1862E952F
P0429,W1,RANDOM_WEATHER_WGEN,1,0,0,0,4CBBD8CA5215B8D161AEC181A74B694F4E24B001D5B081DC0030ED797A8973E0
P0430,W1,RANDOM_WEATHER_WGEN,1,0,0,0,1B897DDDD4C151E2A2E6E3E91B7EA0F7FC4FD5ED00EF1C9669E8566393A02586
P0431,W1,RANDOM_WEATHER_WGEN,1,0,0,0,4CBBD8CA5215B8D161AEC181A74B694F4E24B001D5B081DC0030ED797A8973E0
P0432,W1,RANDOM_WEATHER_WGEN,1,0,0,0,4CBBD8CA5215B8D161AEC181A74B694F4E24B001D5B081DC0030ED797A8973E0
P0433,W1,RANDOM_WEATHER_WGEN,1,0,0,0,CC8CD41CEF907C4D216069122C4B89936211361F9050A717A1E37AD1862E952F
P0434,W1,RANDOM_WEATHER_WGEN,1,0,0,0,4CBBD8CA5215B8D161AEC181A74B694F4E24B001D5B081DC0030ED797A8973E0
P0435,W1,RANDOM_WEATHER_WGEN,1,0,0,0,4B0EBEA5AFB86AFBADF12EEDC5C56E680F4946E61EFE94AD358B6FF89EA5FEC7
P0436,W1,RANDOM_WEATHER_WGEN,1,0,0,0,4CBBD8CA5215B8D161AEC181A74B694F4E24B001D5B081DC0030ED797A8973E0
P0437,W1,RANDOM_WEATHER_WGEN,1,0,0,0,CC8CD41CEF907C4D216069122C4B89936211361F9050A717A1E37AD1862E952F
P0438,W1,RANDOM_WEATHER_WGEN,1,0,0,0,0EF6657F1EF3D57D3039B838837EE670569C55FAEC16004B220C894540BCD97D
P0439,W1,RANDOM_WEATHER_WGEN,1,0,0,0,CC8CD41CEF907C4D216069122C4B89936211361F9050A717A1E37AD1862E952F
P0440,W1,RANDOM_WEATHER_WGEN,1,0,0,0,A020B7F8043620B11605E4B25E35803538E4679D5F7A9E6AE90300BF28791989
P0441,W1,RANDOM_WEATHER_WGEN,1,0,0,0,CC8CD41CEF907C4D216069122C4B89936211361F9050A717A1E37AD1862E952F
P0442,W1,RANDOM_WEATHER_WGEN,1,0,0,0,4B0EBEA5AFB86AFBADF12EEDC5C56E680F4946E61EFE94AD358B6FF89EA5FEC7
P0443,W1,RANDOM_WEATHER_WGEN,1,0,0,0,4CBBD8CA5215B8D161AEC181A74B694F4E24B001D5B081DC0030ED797A8973E0
P0444,W1,RANDOM_WEATHER_WGEN,1,0,0,0,3B0E4842B28D6B39EC725A6459FB943F5F1D658F4D0EE991004DD50F2C182F31
P0445,W1,RANDOM_WEATHER_WGEN,1,0,0,0,CC8CD41CEF907C4D216069122C4B89936211361F9050A717A1E37AD1862E952F
P0446,W1,RANDOM_WEATHER_WGEN,1,0,0,0,4CBBD8CA5215B8D161AEC181A74B694F4E24B001D5B081DC0030ED797A8973E0
P0447,W1,RANDOM_WEATHER_WGEN,1,0,0,0,A2AE27368CB8E5358848B174FE9B8BF042D393E0B54D4463130C40AED4CA569B
P0448,W1,RANDOM_WEATHER_WGEN,1,0,0,0,4CBBD8CA5215B8D161AEC181A74B694F4E24B001D5B081DC0030ED797A8973E0
P0449,W1,RANDOM_WEATHER_WGEN,1,0,0,0,4CBBD8CA5215B8D161AEC181A74B694F4E24B001D5B081DC0030ED797A8973E0
P0450,W1,RANDOM_WEATHER_WGEN,1,0,0,0,4B0EBEA5AFB86AFBADF12EEDC5C56E680F4946E61EFE94AD358B6FF89EA5FEC7
P0451,W1,RANDOM_WEATHER_WGEN,1,0,0,0,4CBBD8CA5215B8D161AEC181A74B694F4E24B001D5B081DC0030ED797A8973E0
P0452,W1,RANDOM_WEATHER_WGEN,1,0,0,0,4CBBD8CA5215B8D161AEC181A74B694F4E24B001D5B081DC0030ED797A8973E0
P0453,W1,RANDOM_WEATHER_WGEN,1,0,0,0,4CBBD8CA5215B8D161AEC181A74B694F4E24B001D5B081DC0030ED797A8973E0
P0454,W1,RANDOM_WEATHER_WGEN,1,0,0,0,CC8CD41CEF907C4D216069122C4B89936211361F9050A717A1E37AD1862E952F
P0455,W1,RANDOM_WEATHER_WGEN,1,0,0,0,4CBBD8CA5215B8D161AEC181A74B694F4E24B001D5B081DC0030ED797A8973E0
P0456,W1,RANDOM_WEATHER_WGEN,1,0,0,0,CC8CD41CEF907C4D216069122C4B89936211361F9050A717A1E37AD1862E952F
P0457,W1,RANDOM_WEATHER_WGEN,1,0,0,0,CC8CD41CEF907C4D216069122C4B89936211361F9050A717A1E37AD1862E952F
P0458,W1,RANDOM_WEATHER_WGEN,1,0,0,0,4B0EBEA5AFB86AFBADF12EEDC5C56E680F4946E61EFE94AD358B6FF89EA5FEC7
P0459,W1,RANDOM_WEATHER_WGEN,1,0,0,0,1B897DDDD4C151E2A2E6E3E91B7EA0F7FC4FD5ED00EF1C9669E8566393A02586
P0460,W1,RANDOM_WEATHER_WGEN,1,0,0,0,A2AE27368CB8E5358848B174FE9B8BF042D393E0B54D4463130C40AED4CA569B
P0461,W1,RANDOM_WEATHER_WGEN,1,0,0,0,CC8CD41CEF907C4D216069122C4B89936211361F9050A717A1E37AD1862E952F
P0462,W1,RANDOM_WEATHER_WGEN,1,0,0,0,1B897DDDD4C151E2A2E6E3E91B7EA0F7FC4FD5ED00EF1C9669E8566393A02586
P0463,W1,RANDOM_WEATHER_WGEN,1,0,0,0,CC8CD41CEF907C4D216069122C4B89936211361F9050A717A1E37AD1862E952F
P0464,W1,RANDOM_WEATHER_WGEN,1,0,0,0,4B0EBEA5AFB86AFBADF12EEDC5C56E680F4946E61EFE94AD358B6FF89EA5FEC7
P0465,W1,RANDOM_WEATHER_WGEN,1,0,0,0,CC8CD41CEF907C4D216069122C4B89936211361F9050A717A1E37AD1862E952F
P0466,W1,RANDOM_WEATHER_WGEN,1,0,0,0,CC8CD41CEF907C4D216069122C4B89936211361F9050A717A1E37AD1862E952F
P0467,W1,RANDOM_WEATHER_WGEN,1,0,0,0,4B0EBEA5AFB86AFBADF12EEDC5C56E680F4946E61EFE94AD358B6FF89EA5FEC7
P0468,W1,RANDOM_WEATHER_WGEN,1,0,0,0,CC8CD41CEF907C4D216069122C4B89936211361F9050A717A1E37AD1862E952F
P0469,W1,RANDOM_WEATHER_WGEN,1,0,0,0,4B0EBEA5AFB86AFBADF12EEDC5C56E680F4946E61EFE94AD358B6FF89EA5FEC7
P0470,W1,RANDOM_WEATHER_WGEN,1,0,0,0,1B897DDDD4C151E2A2E6E3E91B7EA0F7FC4FD5ED00EF1C9669E8566393A02586
P0471,W1,RANDOM_WEATHER_WGEN,1,0,0,0,4CBBD8CA5215B8D161AEC181A74B694F4E24B001D5B081DC0030ED797A8973E0
P0472,W1,RANDOM_WEATHER_WGEN,1,0,0,0,A2AE27368CB8E5358848B174FE9B8BF042D393E0B54D4463130C40AED4CA569B
P0473,W1,RANDOM_WEATHER_WGEN,1,0,0,0,4B0EBEA5AFB86AFBADF12EEDC5C56E680F4946E61EFE94AD358B6FF89EA5FEC7
P0474,W1,RANDOM_WEATHER_WGEN,1,0,0,0,CC8CD41CEF907C4D216069122C4B89936211361F9050A717A1E37AD1862E952F
P0475,W1,RANDOM_WEATHER_WGEN,1,0,0,0,CC8CD41CEF907C4D216069122C4B89936211361F9050A717A1E37AD1862E952F
P0476,W1,RANDOM_WEATHER_WGEN,1,0,0,0,4B0EBEA5AFB86AFBADF12EEDC5C56E680F4946E61EFE94AD358B6FF89EA5FEC7
P0477,W1,RANDOM_WEATHER_WGEN,1,0,0,0,A2AE27368CB8E5358848B174FE9B8BF042D393E0B54D4463130C40AED4CA569B
P0478,W1,RANDOM_WEATHER_WGEN,1,0,0,0,CC8CD41CEF907C4D216069122C4B89936211361F9050A717A1E37AD1862E952F
P0479,W1,RANDOM_WEATHER_WGEN,1,0,0,0,4CBBD8CA5215B8D161AEC181A74B694F4E24B001D5B081DC0030ED797A8973E0
P0480,W1,RANDOM_WEATHER_WGEN,1,0,0,0,CC8CD41CEF907C4D216069122C4B89936211361F9050A717A1E37AD1862E952F
P0481,W1,RANDOM_WEATHER_WGEN,1,0,0,0,4CBBD8CA5215B8D161AEC181A74B694F4E24B001D5B081DC0030ED797A8973E0
P0482,W1,RANDOM_WEATHER_WGEN,1,0,0,0,CC8CD41CEF907C4D216069122C4B89936211361F9050A717A1E37AD1862E952F
P0483,W1,RANDOM_WEATHER_WGEN,1,0,0,0,CC8CD41CEF907C4D216069122C4B89936211361F9050A717A1E37AD1862E952F
P0484,W1,RANDOM_WEATHER_WGEN,1,0,0,0,4B0EBEA5AFB86AFBADF12EEDC5C56E680F4946E61EFE94AD358B6FF89EA5FEC7
P0485,W1,RANDOM_WEATHER_WGEN,1,0,0,0,4CBBD8CA5215B8D161AEC181A74B694F4E24B001D5B081DC0030ED797A8973E0
P0486,W1,RANDOM_WEATHER_WGEN,1,0,0,0,4B0EBEA5AFB86AFBADF12EEDC5C56E680F4946E61EFE94AD358B6FF89EA5FEC7
P0487,W1,RANDOM_WEATHER_WGEN,1,0,0,0,4CBBD8CA5215B8D161AEC181A74B694F4E24B001D5B081DC0030ED797A8973E0
P0488,W1,RANDOM_WEATHER_WGEN,1,0,0,0,CC8CD41CEF907C4D216069122C4B89936211361F9050A717A1E37AD1862E952F
P0489,W1,RANDOM_WEATHER_WGEN,1,0,0,0,A020B7F8043620B11605E4B25E35803538E4679D5F7A9E6AE90300BF28791989
P0490,W1,RANDOM_WEATHER_WGEN,1,0,0,0,4CBBD8CA5215B8D161AEC181A74B694F4E24B001D5B081DC0030ED797A8973E0
P0491,W1,RANDOM_WEATHER_WGEN,1,0,0,0,4CBBD8CA5215B8D161AEC181A74B694F4E24B001D5B081DC0030ED797A8973E0
P0492,W1,RANDOM_WEATHER_WGEN,1,0,0,0,CC8CD41CEF907C4D216069122C4B89936211361F9050A717A1E37AD1862E952F
P0493,W1,RANDOM_WEATHER_WGEN,1,0,0,0,4CBBD8CA5215B8D161AEC181A74B694F4E24B001D5B081DC0030ED797A8973E0
P0494,W1,RANDOM_WEATHER_WGEN,1,0,0,0,4CBBD8CA5215B8D161AEC181A74B694F4E24B001D5B081DC0030ED797A8973E0
P0495,W1,RANDOM_WEATHER_WGEN,1,0,0,0,0EF6657F1EF3D57D3039B838837EE670569C55FAEC16004B220C894540BCD97D
P0496,W1,RANDOM_WEATHER_WGEN,1,0,0,0,4B0EBEA5AFB86AFBADF12EEDC5C56E680F4946E61EFE94AD358B6FF89EA5FEC7
P0497,W1,RANDOM_WEATHER_WGEN,1,0,0,0,A020B7F8043620B11605E4B25E35803538E4679D5F7A9E6AE90300BF28791989
P0498,W1,RANDOM_WEATHER_WGEN,1,0,0,0,4B0EBEA5AFB86AFBADF12EEDC5C56E680F4946E61EFE94AD358B6FF89EA5FEC7
P0499,W1,RANDOM_WEATHER_WGEN,1,0,0,0,4B0EBEA5AFB86AFBADF12EEDC5C56E680F4946E61EFE94AD358B6FF89EA5FEC7
P0500,W1,RANDOM_WEATHER_WGEN,1,0,0,0,4CBBD8CA5215B8D161AEC181A74B694F4E24B001D5B081DC0030ED797A8973E0
P0501,W1,RANDOM_WEATHER_WGEN,1,0,0,0,CC8CD41CEF907C4D216069122C4B89936211361F9050A717A1E37AD1862E952F
P0502,W1,RANDOM_WEATHER_WGEN,1,0,0,0,4CBBD8CA5215B8D161AEC181A74B694F4E24B001D5B081DC0030ED797A8973E0
P0503,W1,RANDOM_WEATHER_WGEN,1,0,0,0,CC8CD41CEF907C4D216069122C4B89936211361F9050A717A1E37AD1862E952F
P0504,W1,RANDOM_WEATHER_WGEN,1,0,0,0,CC8CD41CEF907C4D216069122C4B89936211361F9050A717A1E37AD1862E952F
P0505,W1,RANDOM_WEATHER_WGEN,1,0,0,0,0EF6657F1EF3D57D3039B838837EE670569C55FAEC16004B220C894540BCD97D
P0506,W1,RANDOM_WEATHER_WGEN,1,0,0,0,0EF6657F1EF3D57D3039B838837EE670569C55FAEC16004B220C894540BCD97D
P0507,W1,RANDOM_WEATHER_WGEN,1,0,0,0,4CBBD8CA5215B8D161AEC181A74B694F4E24B001D5B081DC0030ED797A8973E0
P0508,W1,RANDOM_WEATHER_WGEN,1,0,0,0,A020B7F8043620B11605E4B25E35803538E4679D5F7A9E6AE90300BF28791989
P0509,W1,RANDOM_WEATHER_WGEN,1,0,0,0,CC8CD41CEF907C4D216069122C4B89936211361F9050A717A1E37AD1862E952F
P0510,W1,RANDOM_WEATHER_WGEN,1,0,0,0,4CBBD8CA5215B8D161AEC181A74B694F4E24B001D5B081DC0030ED797A8973E0
P0511,W1,RANDOM_WEATHER_WGEN,1,0,0,0,3B0E4842B28D6B39EC725A6459FB943F5F1D658F4D0EE991004DD50F2C182F31
P0512,W1,RANDOM_WEATHER_WGEN,1,0,0,0,CC8CD41CEF907C4D216069122C4B89936211361F9050A717A1E37AD1862E952F
P0513,W1,RANDOM_WEATHER_WGEN,1,0,0,0,4B0EBEA5AFB86AFBADF12EEDC5C56E680F4946E61EFE94AD358B6FF89EA5FEC7
P0514,W1,RANDOM_WEATHER_WGEN,1,0,0,0,CC8CD41CEF907C4D216069122C4B89936211361F9050A717A1E37AD1862E952F
P0515,W1,RANDOM_WEATHER_WGEN,1,0,0,0,4CBBD8CA5215B8D161AEC181A74B694F4E24B001D5B081DC0030ED797A8973E0
P0516,W1,RANDOM_WEATHER_WGEN,1,0,0,0,CC8CD41CEF907C4D216069122C4B89936211361F9050A717A1E37AD1862E952F
P0517,W1,RANDOM_WEATHER_WGEN,1,0,0,0,4B0EBEA5AFB86AFBADF12EEDC5C56E680F4946E61EFE94AD358B6FF89EA5FEC7
P0518,W1,RANDOM_WEATHER_WGEN,1,0,0,0,3B0E4842B28D6B39EC725A6459FB943F5F1D658F4D0EE991004DD50F2C182F31
P0519,W1,RANDOM_WEATHER_WGEN,1,0,0,0,4B0EBEA5AFB86AFBADF12EEDC5C56E680F4946E61EFE94AD358B6FF89EA5FEC7
P0520,W1,RANDOM_WEATHER_WGEN,1,0,0,0,1B897DDDD4C151E2A2E6E3E91B7EA0F7FC4FD5ED00EF1C9669E8566393A02586
P0521,W1,RANDOM_WEATHER_WGEN,1,0,0,0,0EF6657F1EF3D57D3039B838837EE670569C55FAEC16004B220C894540BCD97D
P0522,W1,RANDOM_WEATHER_WGEN,1,0,0,0,4CBBD8CA5215B8D161AEC181A74B694F4E24B001D5B081DC0030ED797A8973E0
P0523,W1,RANDOM_WEATHER_WGEN,1,0,0,0,4CBBD8CA5215B8D161AEC181A74B694F4E24B001D5B081DC0030ED797A8973E0
P0524,W1,RANDOM_WEATHER_WGEN,1,0,0,0,CC8CD41CEF907C4D216069122C4B89936211361F9050A717A1E37AD1862E952F
P0525,W1,RANDOM_WEATHER_WGEN,1,0,0,0,4CBBD8CA5215B8D161AEC181A74B694F4E24B001D5B081DC0030ED797A8973E0
P0526,W1,RANDOM_WEATHER_WGEN,1,0,0,0,CC8CD41CEF907C4D216069122C4B89936211361F9050A717A1E37AD1862E952F
P0527,W1,RANDOM_WEATHER_WGEN,1,0,0,0,4CBBD8CA5215B8D161AEC181A74B694F4E24B001D5B081DC0030ED797A8973E0
P0528,W1,RANDOM_WEATHER_WGEN,1,0,0,0,CC8CD41CEF907C4D216069122C4B89936211361F9050A717A1E37AD1862E952F
P0529,W1,RANDOM_WEATHER_WGEN,1,0,0,0,A020B7F8043620B11605E4B25E35803538E4679D5F7A9E6AE90300BF28791989
P0530,W1,RANDOM_WEATHER_WGEN,1,0,0,0,CC8CD41CEF907C4D216069122C4B89936211361F9050A717A1E37AD1862E952F
P0531,W1,RANDOM_WEATHER_WGEN,1,0,0,0,CC8CD41CEF907C4D216069122C4B89936211361F9050A717A1E37AD1862E952F
P0532,W1,RANDOM_WEATHER_WGEN,1,0,0,0,CC8CD41CEF907C4D216069122C4B89936211361F9050A717A1E37AD1862E952F
P0533,W1,RANDOM_WEATHER_WGEN,1,0,0,0,4B0EBEA5AFB86AFBADF12EEDC5C56E680F4946E61EFE94AD358B6FF89EA5FEC7
P0534,W1,RANDOM_WEATHER_WGEN,1,0,0,0,4B0EBEA5AFB86AFBADF12EEDC5C56E680F4946E61EFE94AD358B6FF89EA5FEC7
P0535,W1,RANDOM_WEATHER_WGEN,1,0,0,0,CC8CD41CEF907C4D216069122C4B89936211361F9050A717A1E37AD1862E952F
P0536,W1,RANDOM_WEATHER_WGEN,1,0,0,0,4B0EBEA5AFB86AFBADF12EEDC5C56E680F4946E61EFE94AD358B6FF89EA5FEC7
P0537,W1,RANDOM_WEATHER_WGEN,1,0,0,0,4CBBD8CA5215B8D161AEC181A74B694F4E24B001D5B081DC0030ED797A8973E0
P0538,W1,RANDOM_WEATHER_WGEN,1,0,0,0,A020B7F8043620B11605E4B25E35803538E4679D5F7A9E6AE90300BF28791989
P0539,W1,RANDOM_WEATHER_WGEN,1,0,0,0,1B897DDDD4C151E2A2E6E3E91B7EA0F7FC4FD5ED00EF1C9669E8566393A02586
P0540,W1,RANDOM_WEATHER_WGEN,1,0,0,0,4CBBD8CA5215B8D161AEC181A74B694F4E24B001D5B081DC0030ED797A8973E0
P0541,W1,RANDOM_WEATHER_WGEN,1,0,0,0,99F4D3181D0BE579A5E933E01B58F09B7FAF629995C121FB02452D7EE3EA2A24
P0542,W1,RANDOM_WEATHER_WGEN,1,0,0,0,CC8CD41CEF907C4D216069122C4B89936211361F9050A717A1E37AD1862E952F
P0543,W1,RANDOM_WEATHER_WGEN,1,0,0,0,4B0EBEA5AFB86AFBADF12EEDC5C56E680F4946E61EFE94AD358B6FF89EA5FEC7
P0544,W1,RANDOM_WEATHER_WGEN,1,0,0,0,CC8CD41CEF907C4D216069122C4B89936211361F9050A717A1E37AD1862E952F
P0545,W1,RANDOM_WEATHER_WGEN,1,0,0,0,1B897DDDD4C151E2A2E6E3E91B7EA0F7FC4FD5ED00EF1C9669E8566393A02586
P0546,W1,RANDOM_WEATHER_WGEN,1,0,0,0,CC8CD41CEF907C4D216069122C4B89936211361F9050A717A1E37AD1862E952F
P0547,W1,RANDOM_WEATHER_WGEN,1,0,0,0,4CBBD8CA5215B8D161AEC181A74B694F4E24B001D5B081DC0030ED797A8973E0
P0548,W1,RANDOM_WEATHER_WGEN,1,0,0,0,CC8CD41CEF907C4D216069122C4B89936211361F9050A717A1E37AD1862E952F
P0549,W1,RANDOM_WEATHER_WGEN,1,0,0,0,4CBBD8CA5215B8D161AEC181A74B694F4E24B001D5B081DC0030ED797A8973E0
P0550,W1,RANDOM_WEATHER_WGEN,1,0,0,0,0EF6657F1EF3D57D3039B838837EE670569C55FAEC16004B220C894540BCD97D
P0551,W1,RANDOM_WEATHER_WGEN,1,0,0,0,4CBBD8CA5215B8D161AEC181A74B694F4E24B001D5B081DC0030ED797A8973E0
P0552,W1,RANDOM_WEATHER_WGEN,1,0,0,0,CC8CD41CEF907C4D216069122C4B89936211361F9050A717A1E37AD1862E952F
P0553,W1,RANDOM_WEATHER_WGEN,1,0,0,0,CC8CD41CEF907C4D216069122C4B89936211361F9050A717A1E37AD1862E952F
P0554,W1,RANDOM_WEATHER_WGEN,1,0,0,0,4CBBD8CA5215B8D161AEC181A74B694F4E24B001D5B081DC0030ED797A8973E0
P0555,W1,RANDOM_WEATHER_WGEN,1,0,0,0,1B897DDDD4C151E2A2E6E3E91B7EA0F7FC4FD5ED00EF1C9669E8566393A02586
P0556,W1,RANDOM_WEATHER_WGEN,1,0,0,0,4CBBD8CA5215B8D161AEC181A74B694F4E24B001D5B081DC0030ED797A8973E0
P0557,W1,RANDOM_WEATHER_WGEN,1,0,0,0,0EF6657F1EF3D57D3039B838837EE670569C55FAEC16004B220C894540BCD97D
P0558,W1,RANDOM_WEATHER_WGEN,1,0,0,0,CC8CD41CEF907C4D216069122C4B89936211361F9050A717A1E37AD1862E952F
P0559,W1,RANDOM_WEATHER_WGEN,1,0,0,0,0EF6657F1EF3D57D3039B838837EE670569C55FAEC16004B220C894540BCD97D
P0560,W1,RANDOM_WEATHER_WGEN,1,0,0,0,0EF6657F1EF3D57D3039B838837EE670569C55FAEC16004B220C894540BCD97D
P0561,W1,RANDOM_WEATHER_WGEN,1,0,0,0,3B0E4842B28D6B39EC725A6459FB943F5F1D658F4D0EE991004DD50F2C182F31
P0562,W1,RANDOM_WEATHER_WGEN,1,0,0,0,CC8CD41CEF907C4D216069122C4B89936211361F9050A717A1E37AD1862E952F
P0563,W1,RANDOM_WEATHER_WGEN,1,0,0,0,CC8CD41CEF907C4D216069122C4B89936211361F9050A717A1E37AD1862E952F
P0564,W1,RANDOM_WEATHER_WGEN,1,0,0,0,CC8CD41CEF907C4D216069122C4B89936211361F9050A717A1E37AD1862E952F
P0565,W1,RANDOM_WEATHER_WGEN,1,0,0,0,CC8CD41CEF907C4D216069122C4B89936211361F9050A717A1E37AD1862E952F
P0566,W1,RANDOM_WEATHER_WGEN,1,0,0,0,1B897DDDD4C151E2A2E6E3E91B7EA0F7FC4FD5ED00EF1C9669E8566393A02586
P0567,W1,RANDOM_WEATHER_WGEN,1,0,0,0,CC8CD41CEF907C4D216069122C4B89936211361F9050A717A1E37AD1862E952F
P0568,W1,RANDOM_WEATHER_WGEN,1,0,0,0,4B0EBEA5AFB86AFBADF12EEDC5C56E680F4946E61EFE94AD358B6FF89EA5FEC7
P0569,W1,RANDOM_WEATHER_WGEN,1,0,0,0,CC8CD41CEF907C4D216069122C4B89936211361F9050A717A1E37AD1862E952F
P0570,W1,RANDOM_WEATHER_WGEN,1,0,0,0,CC8CD41CEF907C4D216069122C4B89936211361F9050A717A1E37AD1862E952F
P0571,W1,RANDOM_WEATHER_WGEN,1,0,0,0,CC8CD41CEF907C4D216069122C4B89936211361F9050A717A1E37AD1862E952F
P0572,W1,RANDOM_WEATHER_WGEN,1,0,0,0,0EF6657F1EF3D57D3039B838837EE670569C55FAEC16004B220C894540BCD97D
P0573,W1,RANDOM_WEATHER_WGEN,1,0,0,0,CC8CD41CEF907C4D216069122C4B89936211361F9050A717A1E37AD1862E952F
P0574,W1,RANDOM_WEATHER_WGEN,1,0,0,0,4CBBD8CA5215B8D161AEC181A74B694F4E24B001D5B081DC0030ED797A8973E0
P0575,W1,RANDOM_WEATHER_WGEN,1,0,0,0,4CBBD8CA5215B8D161AEC181A74B694F4E24B001D5B081DC0030ED797A8973E0
P0576,W1,RANDOM_WEATHER_WGEN,1,0,0,0,99F4D3181D0BE579A5E933E01B58F09B7FAF629995C121FB02452D7EE3EA2A24
P0577,W1,RANDOM_WEATHER_WGEN,1,0,0,0,0EF6657F1EF3D57D3039B838837EE670569C55FAEC16004B220C894540BCD97D
P0578,W1,RANDOM_WEATHER_WGEN,1,0,0,0,CC8CD41CEF907C4D216069122C4B89936211361F9050A717A1E37AD1862E952F
P0579,W1,RANDOM_WEATHER_WGEN,1,0,0,0,4CBBD8CA5215B8D161AEC181A74B694F4E24B001D5B081DC0030ED797A8973E0
P0580,W1,RANDOM_WEATHER_WGEN,1,0,0,0,0EF6657F1EF3D57D3039B838837EE670569C55FAEC16004B220C894540BCD97D
P0581,W1,RANDOM_WEATHER_WGEN,1,0,0,0,4B0EBEA5AFB86AFBADF12EEDC5C56E680F4946E61EFE94AD358B6FF89EA5FEC7
P0582,W1,RANDOM_WEATHER_WGEN,1,0,0,0,CC8CD41CEF907C4D216069122C4B89936211361F9050A717A1E37AD1862E952F
P0583,W1,RANDOM_WEATHER_WGEN,1,0,0,0,4B0EBEA5AFB86AFBADF12EEDC5C56E680F4946E61EFE94AD358B6FF89EA5FEC7
P0584,W1,RANDOM_WEATHER_WGEN,1,0,0,0,1B897DDDD4C151E2A2E6E3E91B7EA0F7FC4FD5ED00EF1C9669E8566393A02586
P0585,W1,RANDOM_WEATHER_WGEN,1,0,0,0,CC8CD41CEF907C4D216069122C4B89936211361F9050A717A1E37AD1862E952F
P0586,W1,RANDOM_WEATHER_WGEN,1,0,0,0,4CBBD8CA5215B8D161AEC181A74B694F4E24B001D5B081DC0030ED797A8973E0
P0587,W1,RANDOM_WEATHER_WGEN,1,0,0,0,CC8CD41CEF907C4D216069122C4B89936211361F9050A717A1E37AD1862E952F
P0588,W1,RANDOM_WEATHER_WGEN,1,0,0,0,4CBBD8CA5215B8D161AEC181A74B694F4E24B001D5B081DC0030ED797A8973E0
P0589,W1,RANDOM_WEATHER_WGEN,1,0,0,0,CC8CD41CEF907C4D216069122C4B89936211361F9050A717A1E37AD1862E952F
P0590,W1,RANDOM_WEATHER_WGEN,1,0,0,0,4B0EBEA5AFB86AFBADF12EEDC5C56E680F4946E61EFE94AD358B6FF89EA5FEC7
P0591,W1,RANDOM_WEATHER_WGEN,1,0,0,0,CC8CD41CEF907C4D216069122C4B89936211361F9050A717A1E37AD1862E952F
P0592,W1,RANDOM_WEATHER_WGEN,1,0,0,0,CC8CD41CEF907C4D216069122C4B89936211361F9050A717A1E37AD1862E952F
P0593,W1,RANDOM_WEATHER_WGEN,1,0,0,0,4B0EBEA5AFB86AFBADF12EEDC5C56E680F4946E61EFE94AD358B6FF89EA5FEC7
P0594,W1,RANDOM_WEATHER_WGEN,1,0,0,0,0EF6657F1EF3D57D3039B838837EE670569C55FAEC16004B220C894540BCD97D
P0595,W1,RANDOM_WEATHER_WGEN,1,0,0,0,99F4D3181D0BE579A5E933E01B58F09B7FAF629995C121FB02452D7EE3EA2A24
P0596,W1,RANDOM_WEATHER_WGEN,1,0,0,0,4B0EBEA5AFB86AFBADF12EEDC5C56E680F4946E61EFE94AD358B6FF89EA5FEC7
P0597,W1,RANDOM_WEATHER_WGEN,1,0,0,0,CC8CD41CEF907C4D216069122C4B89936211361F9050A717A1E37AD1862E952F
P0598,W1,RANDOM_WEATHER_WGEN,1,0,0,0,0EF6657F1EF3D57D3039B838837EE670569C55FAEC16004B220C894540BCD97D
P0599,W1,RANDOM_WEATHER_WGEN,1,0,0,0,CC8CD41CEF907C4D216069122C4B89936211361F9050A717A1E37AD1862E952F
P0600,W1,RANDOM_WEATHER_WGEN,1,0,0,0,CC8CD41CEF907C4D216069122C4B89936211361F9050A717A1E37AD1862E952F
P0001,W2,RANDOM_WEATHER_WGEN,2,0,0,0,4CBBD8CA5215B8D161AEC181A74B694F4E24B001D5B081DC0030ED797A8973E0
P0002,W2,RANDOM_WEATHER_WGEN,2,15,45,120,CC8CD41CEF907C4D216069122C4B89936211361F9050A717A1E37AD1862E952F
P0003,W2,RANDOM_WEATHER_WGEN,2,15,45,120,CC8CD41CEF907C4D216069122C4B89936211361F9050A717A1E37AD1862E952F
P0004,W2,RANDOM_WEATHER_WGEN,2,0,0,0,4CBBD8CA5215B8D161AEC181A74B694F4E24B001D5B081DC0030ED797A8973E0
P0005,W2,RANDOM_WEATHER_WGEN,2,0,0,0,4CBBD8CA5215B8D161AEC181A74B694F4E24B001D5B081DC0030ED797A8973E0
P0006,W2,RANDOM_WEATHER_WGEN,2,0,0,0,4CBBD8CA5215B8D161AEC181A74B694F4E24B001D5B081DC0030ED797A8973E0
P0007,W2,RANDOM_WEATHER_WGEN,2,15,45,120,CC8CD41CEF907C4D216069122C4B89936211361F9050A717A1E37AD1862E952F
P0008,W2,RANDOM_WEATHER_WGEN,2,0,0,0,4CBBD8CA5215B8D161AEC181A74B694F4E24B001D5B081DC0030ED797A8973E0
P0009,W2,RANDOM_WEATHER_WGEN,2,0,0,0,4CBBD8CA5215B8D161AEC181A74B694F4E24B001D5B081DC0030ED797A8973E0
P0010,W2,RANDOM_WEATHER_WGEN,2,0,0,0,4CBBD8CA5215B8D161AEC181A74B694F4E24B001D5B081DC0030ED797A8973E0
P0011,W2,RANDOM_WEATHER_WGEN,2,0,0,0,4CBBD8CA5215B8D161AEC181A74B694F4E24B001D5B081DC0030ED797A8973E0
P0012,W2,RANDOM_WEATHER_WGEN,2,0,0,0,4CBBD8CA5215B8D161AEC181A74B694F4E24B001D5B081DC0030ED797A8973E0
P0013,W2,RANDOM_WEATHER_WGEN,2,0,0,0,4CBBD8CA5215B8D161AEC181A74B694F4E24B001D5B081DC0030ED797A8973E0
P0014,W2,RANDOM_WEATHER_WGEN,2,0,0,0,4CBBD8CA5215B8D161AEC181A74B694F4E24B001D5B081DC0030ED797A8973E0
P0015,W2,RANDOM_WEATHER_WGEN,2,9,30,40,4B0EBEA5AFB86AFBADF12EEDC5C56E680F4946E61EFE94AD358B6FF89EA5FEC7
P0016,W2,RANDOM_WEATHER_WGEN,2,0,0,0,4CBBD8CA5215B8D161AEC181A74B694F4E24B001D5B081DC0030ED797A8973E0
P0017,W2,RANDOM_WEATHER_WGEN,2,0,0,0,4CBBD8CA5215B8D161AEC181A74B694F4E24B001D5B081DC0030ED797A8973E0
P0018,W2,RANDOM_WEATHER_WGEN,2,0,0,0,4CBBD8CA5215B8D161AEC181A74B694F4E24B001D5B081DC0030ED797A8973E0
P0019,W2,RANDOM_WEATHER_WGEN,2,15,45,120,CC8CD41CEF907C4D216069122C4B89936211361F9050A717A1E37AD1862E952F
P0020,W2,RANDOM_WEATHER_WGEN,2,0,0,0,4CBBD8CA5215B8D161AEC181A74B694F4E24B001D5B081DC0030ED797A8973E0
P0021,W2,RANDOM_WEATHER_WGEN,2,0,0,0,4CBBD8CA5215B8D161AEC181A74B694F4E24B001D5B081DC0030ED797A8973E0
P0022,W2,RANDOM_WEATHER_WGEN,2,0,0,0,4CBBD8CA5215B8D161AEC181A74B694F4E24B001D5B081DC0030ED797A8973E0
P0023,W2,RANDOM_WEATHER_WGEN,2,0,0,0,4CBBD8CA5215B8D161AEC181A74B694F4E24B001D5B081DC0030ED797A8973E0
P0024,W2,RANDOM_WEATHER_WGEN,2,0,0,0,A020B7F8043620B11605E4B25E35803538E4679D5F7A9E6AE90300BF28791989
P0025,W2,RANDOM_WEATHER_WGEN,2,0,0,0,4CBBD8CA5215B8D161AEC181A74B694F4E24B001D5B081DC0030ED797A8973E0
P0026,W2,RANDOM_WEATHER_WGEN,2,0,0,0,4CBBD8CA5215B8D161AEC181A74B694F4E24B001D5B081DC0030ED797A8973E0
P0027,W2,RANDOM_WEATHER_WGEN,2,0,0,0,4CBBD8CA5215B8D161AEC181A74B694F4E24B001D5B081DC0030ED797A8973E0
P0028,W2,RANDOM_WEATHER_WGEN,2,5,15,40,4B0EBEA5AFB86AFBADF12EEDC5C56E680F4946E61EFE94AD358B6FF89EA5FEC7
P0029,W2,RANDOM_WEATHER_WGEN,2,0,0,0,CC8CD41CEF907C4D216069122C4B89936211361F9050A717A1E37AD1862E952F
P0030,W2,RANDOM_WEATHER_WGEN,2,0,0,0,CC8CD41CEF907C4D216069122C4B89936211361F9050A717A1E37AD1862E952F
P0031,W2,RANDOM_WEATHER_WGEN,2,0,0,0,CC8CD41CEF907C4D216069122C4B89936211361F9050A717A1E37AD1862E952F
P0032,W2,RANDOM_WEATHER_WGEN,2,0,0,0,CC8CD41CEF907C4D216069122C4B89936211361F9050A717A1E37AD1862E952F
P0033,W2,RANDOM_WEATHER_WGEN,2,0,0,0,CC8CD41CEF907C4D216069122C4B89936211361F9050A717A1E37AD1862E952F
P0034,W2,RANDOM_WEATHER_WGEN,2,0,0,0,CC8CD41CEF907C4D216069122C4B89936211361F9050A717A1E37AD1862E952F
P0035,W2,RANDOM_WEATHER_WGEN,2,0,0,0,CC8CD41CEF907C4D216069122C4B89936211361F9050A717A1E37AD1862E952F
P0036,W2,RANDOM_WEATHER_WGEN,2,0,0,0,4CBBD8CA5215B8D161AEC181A74B694F4E24B001D5B081DC0030ED797A8973E0
P0037,W2,RANDOM_WEATHER_WGEN,2,0,0,0,CC8CD41CEF907C4D216069122C4B89936211361F9050A717A1E37AD1862E952F
P0038,W2,RANDOM_WEATHER_WGEN,2,0,0,0,CC8CD41CEF907C4D216069122C4B89936211361F9050A717A1E37AD1862E952F
P0039,W2,RANDOM_WEATHER_WGEN,2,0,0,0,CC8CD41CEF907C4D216069122C4B89936211361F9050A717A1E37AD1862E952F
P0040,W2,RANDOM_WEATHER_WGEN,2,0,0,0,CC8CD41CEF907C4D216069122C4B89936211361F9050A717A1E37AD1862E952F
P0041,W2,RANDOM_WEATHER_WGEN,2,0,0,0,1B897DDDD4C151E2A2E6E3E91B7EA0F7FC4FD5ED00EF1C9669E8566393A02586
P0042,W2,RANDOM_WEATHER_WGEN,2,0,0,0,1B897DDDD4C151E2A2E6E3E91B7EA0F7FC4FD5ED00EF1C9669E8566393A02586
P0043,W2,RANDOM_WEATHER_WGEN,2,0,0,0,1B897DDDD4C151E2A2E6E3E91B7EA0F7FC4FD5ED00EF1C9669E8566393A02586
P0044,W2,RANDOM_WEATHER_WGEN,2,0,0,0,1B897DDDD4C151E2A2E6E3E91B7EA0F7FC4FD5ED00EF1C9669E8566393A02586
P0045,W2,RANDOM_WEATHER_WGEN,2,0,0,0,1B897DDDD4C151E2A2E6E3E91B7EA0F7FC4FD5ED00EF1C9669E8566393A02586
P0046,W2,RANDOM_WEATHER_WGEN,2,0,0,0,1B897DDDD4C151E2A2E6E3E91B7EA0F7FC4FD5ED00EF1C9669E8566393A02586
P0047,W2,RANDOM_WEATHER_WGEN,2,15,45,120,CC8CD41CEF907C4D216069122C4B89936211361F9050A717A1E37AD1862E952F
P0048,W2,RANDOM_WEATHER_WGEN,2,0,0,0,1B897DDDD4C151E2A2E6E3E91B7EA0F7FC4FD5ED00EF1C9669E8566393A02586
P0049,W2,RANDOM_WEATHER_WGEN,2,0,0,0,CC8CD41CEF907C4D216069122C4B89936211361F9050A717A1E37AD1862E952F
P0050,W2,RANDOM_WEATHER_WGEN,2,0,0,0,CC8CD41CEF907C4D216069122C4B89936211361F9050A717A1E37AD1862E952F
P0051,W2,RANDOM_WEATHER_WGEN,2,0,0,0,CC8CD41CEF907C4D216069122C4B89936211361F9050A717A1E37AD1862E952F
P0052,W2,RANDOM_WEATHER_WGEN,2,0,0,0,CC8CD41CEF907C4D216069122C4B89936211361F9050A717A1E37AD1862E952F
P0053,W2,RANDOM_WEATHER_WGEN,2,15,45,120,CC8CD41CEF907C4D216069122C4B89936211361F9050A717A1E37AD1862E952F
P0054,W2,RANDOM_WEATHER_WGEN,2,0,0,0,1B897DDDD4C151E2A2E6E3E91B7EA0F7FC4FD5ED00EF1C9669E8566393A02586
P0055,W2,RANDOM_WEATHER_WGEN,2,0,0,0,1B897DDDD4C151E2A2E6E3E91B7EA0F7FC4FD5ED00EF1C9669E8566393A02586
P0056,W2,RANDOM_WEATHER_WGEN,2,0,0,0,1B897DDDD4C151E2A2E6E3E91B7EA0F7FC4FD5ED00EF1C9669E8566393A02586
P0057,W2,RANDOM_WEATHER_WGEN,2,0,0,0,CC8CD41CEF907C4D216069122C4B89936211361F9050A717A1E37AD1862E952F
P0058,W2,RANDOM_WEATHER_WGEN,2,0,0,0,CC8CD41CEF907C4D216069122C4B89936211361F9050A717A1E37AD1862E952F
P0059,W2,RANDOM_WEATHER_WGEN,2,0,0,0,CC8CD41CEF907C4D216069122C4B89936211361F9050A717A1E37AD1862E952F
P0060,W2,RANDOM_WEATHER_WGEN,2,0,0,0,CC8CD41CEF907C4D216069122C4B89936211361F9050A717A1E37AD1862E952F
P0061,W2,RANDOM_WEATHER_WGEN,2,9,30,40,4B0EBEA5AFB86AFBADF12EEDC5C56E680F4946E61EFE94AD358B6FF89EA5FEC7
P0062,W2,RANDOM_WEATHER_WGEN,2,0,0,0,CC8CD41CEF907C4D216069122C4B89936211361F9050A717A1E37AD1862E952F
P0063,W2,RANDOM_WEATHER_WGEN,2,0,0,0,CC8CD41CEF907C4D216069122C4B89936211361F9050A717A1E37AD1862E952F
P0064,W2,RANDOM_WEATHER_WGEN,2,0,0,0,1B897DDDD4C151E2A2E6E3E91B7EA0F7FC4FD5ED00EF1C9669E8566393A02586
P0065,W2,RANDOM_WEATHER_WGEN,2,0,0,0,CC8CD41CEF907C4D216069122C4B89936211361F9050A717A1E37AD1862E952F
P0066,W2,RANDOM_WEATHER_WGEN,2,0,0,0,CC8CD41CEF907C4D216069122C4B89936211361F9050A717A1E37AD1862E952F
P0067,W2,RANDOM_WEATHER_WGEN,2,0,0,0,CC8CD41CEF907C4D216069122C4B89936211361F9050A717A1E37AD1862E952F
P0068,W2,RANDOM_WEATHER_WGEN,2,0,0,0,CC8CD41CEF907C4D216069122C4B89936211361F9050A717A1E37AD1862E952F
P0069,W2,RANDOM_WEATHER_WGEN,2,0,0,0,1B897DDDD4C151E2A2E6E3E91B7EA0F7FC4FD5ED00EF1C9669E8566393A02586
P0070,W2,RANDOM_WEATHER_WGEN,2,15,45,120,CC8CD41CEF907C4D216069122C4B89936211361F9050A717A1E37AD1862E952F
P0071,W2,RANDOM_WEATHER_WGEN,2,0,0,0,CC8CD41CEF907C4D216069122C4B89936211361F9050A717A1E37AD1862E952F
P0072,W2,RANDOM_WEATHER_WGEN,2,0,0,0,CC8CD41CEF907C4D216069122C4B89936211361F9050A717A1E37AD1862E952F
P0073,W2,RANDOM_WEATHER_WGEN,2,0,0,0,1B897DDDD4C151E2A2E6E3E91B7EA0F7FC4FD5ED00EF1C9669E8566393A02586
P0074,W2,RANDOM_WEATHER_WGEN,2,0,0,0,1B897DDDD4C151E2A2E6E3E91B7EA0F7FC4FD5ED00EF1C9669E8566393A02586
P0075,W2,RANDOM_WEATHER_WGEN,2,0,0,0,CC8CD41CEF907C4D216069122C4B89936211361F9050A717A1E37AD1862E952F
P0076,W2,RANDOM_WEATHER_WGEN,2,0,0,0,CC8CD41CEF907C4D216069122C4B89936211361F9050A717A1E37AD1862E952F
P0077,W2,RANDOM_WEATHER_WGEN,2,0,0,0,CC8CD41CEF907C4D216069122C4B89936211361F9050A717A1E37AD1862E952F
P0078,W2,RANDOM_WEATHER_WGEN,2,0,0,0,CC8CD41CEF907C4D216069122C4B89936211361F9050A717A1E37AD1862E952F
P0079,W2,RANDOM_WEATHER_WGEN,2,0,0,0,CC8CD41CEF907C4D216069122C4B89936211361F9050A717A1E37AD1862E952F
P0080,W2,RANDOM_WEATHER_WGEN,2,0,0,0,CC8CD41CEF907C4D216069122C4B89936211361F9050A717A1E37AD1862E952F
P0081,W2,RANDOM_WEATHER_WGEN,2,0,0,0,CC8CD41CEF907C4D216069122C4B89936211361F9050A717A1E37AD1862E952F
P0082,W2,RANDOM_WEATHER_WGEN,2,0,0,0,CC8CD41CEF907C4D216069122C4B89936211361F9050A717A1E37AD1862E952F
P0083,W2,RANDOM_WEATHER_WGEN,2,0,0,0,CC8CD41CEF907C4D216069122C4B89936211361F9050A717A1E37AD1862E952F
P0084,W2,RANDOM_WEATHER_WGEN,2,0,0,0,CC8CD41CEF907C4D216069122C4B89936211361F9050A717A1E37AD1862E952F
P0085,W2,RANDOM_WEATHER_WGEN,2,0,0,0,CC8CD41CEF907C4D216069122C4B89936211361F9050A717A1E37AD1862E952F
P0086,W2,RANDOM_WEATHER_WGEN,2,0,0,0,CC8CD41CEF907C4D216069122C4B89936211361F9050A717A1E37AD1862E952F
P0087,W2,RANDOM_WEATHER_WGEN,2,0,0,0,CC8CD41CEF907C4D216069122C4B89936211361F9050A717A1E37AD1862E952F
P0088,W2,RANDOM_WEATHER_WGEN,2,0,0,0,CC8CD41CEF907C4D216069122C4B89936211361F9050A717A1E37AD1862E952F
P0089,W2,RANDOM_WEATHER_WGEN,2,0,0,0,1B897DDDD4C151E2A2E6E3E91B7EA0F7FC4FD5ED00EF1C9669E8566393A02586
P0090,W2,RANDOM_WEATHER_WGEN,2,0,0,0,1B897DDDD4C151E2A2E6E3E91B7EA0F7FC4FD5ED00EF1C9669E8566393A02586
P0091,W2,RANDOM_WEATHER_WGEN,2,0,0,0,1B897DDDD4C151E2A2E6E3E91B7EA0F7FC4FD5ED00EF1C9669E8566393A02586
P0092,W2,RANDOM_WEATHER_WGEN,2,15,45,120,CC8CD41CEF907C4D216069122C4B89936211361F9050A717A1E37AD1862E952F
P0093,W2,RANDOM_WEATHER_WGEN,2,0,0,0,CC8CD41CEF907C4D216069122C4B89936211361F9050A717A1E37AD1862E952F
P0094,W2,RANDOM_WEATHER_WGEN,2,0,0,0,1B897DDDD4C151E2A2E6E3E91B7EA0F7FC4FD5ED00EF1C9669E8566393A02586
P0095,W2,RANDOM_WEATHER_WGEN,2,0,0,0,1B897DDDD4C151E2A2E6E3E91B7EA0F7FC4FD5ED00EF1C9669E8566393A02586
P0096,W2,RANDOM_WEATHER_WGEN,2,0,0,0,1B897DDDD4C151E2A2E6E3E91B7EA0F7FC4FD5ED00EF1C9669E8566393A02586
P0097,W2,RANDOM_WEATHER_WGEN,2,0,0,0,CC8CD41CEF907C4D216069122C4B89936211361F9050A717A1E37AD1862E952F
P0098,W2,RANDOM_WEATHER_WGEN,2,0,0,0,CC8CD41CEF907C4D216069122C4B89936211361F9050A717A1E37AD1862E952F
P0099,W2,RANDOM_WEATHER_WGEN,2,0,0,0,CC8CD41CEF907C4D216069122C4B89936211361F9050A717A1E37AD1862E952F
P0100,W2,RANDOM_WEATHER_WGEN,2,0,0,0,CC8CD41CEF907C4D216069122C4B89936211361F9050A717A1E37AD1862E952F
P0101,W2,RANDOM_WEATHER_WGEN,2,0,0,0,CC8CD41CEF907C4D216069122C4B89936211361F9050A717A1E37AD1862E952F
P0102,W2,RANDOM_WEATHER_WGEN,2,0,0,0,CC8CD41CEF907C4D216069122C4B89936211361F9050A717A1E37AD1862E952F
P0103,W2,RANDOM_WEATHER_WGEN,2,0,0,0,CC8CD41CEF907C4D216069122C4B89936211361F9050A717A1E37AD1862E952F
P0104,W2,RANDOM_WEATHER_WGEN,2,0,0,0,CC8CD41CEF907C4D216069122C4B89936211361F9050A717A1E37AD1862E952F
P0105,W2,RANDOM_WEATHER_WGEN,2,0,0,0,CC8CD41CEF907C4D216069122C4B89936211361F9050A717A1E37AD1862E952F
P0106,W2,RANDOM_WEATHER_WGEN,2,0,0,0,CC8CD41CEF907C4D216069122C4B89936211361F9050A717A1E37AD1862E952F
P0107,W2,RANDOM_WEATHER_WGEN,2,0,0,0,CC8CD41CEF907C4D216069122C4B89936211361F9050A717A1E37AD1862E952F
P0108,W2,RANDOM_WEATHER_WGEN,2,5,15,40,4B0EBEA5AFB86AFBADF12EEDC5C56E680F4946E61EFE94AD358B6FF89EA5FEC7
P0109,W2,RANDOM_WEATHER_WGEN,2,0,0,0,4CBBD8CA5215B8D161AEC181A74B694F4E24B001D5B081DC0030ED797A8973E0
P0110,W2,RANDOM_WEATHER_WGEN,2,0,0,0,4CBBD8CA5215B8D161AEC181A74B694F4E24B001D5B081DC0030ED797A8973E0
P0111,W2,RANDOM_WEATHER_WGEN,2,0,0,0,3B0E4842B28D6B39EC725A6459FB943F5F1D658F4D0EE991004DD50F2C182F31
P0112,W2,RANDOM_WEATHER_WGEN,2,0,0,0,4CBBD8CA5215B8D161AEC181A74B694F4E24B001D5B081DC0030ED797A8973E0
P0113,W2,RANDOM_WEATHER_WGEN,2,0,0,0,1B897DDDD4C151E2A2E6E3E91B7EA0F7FC4FD5ED00EF1C9669E8566393A02586
P0114,W2,RANDOM_WEATHER_WGEN,2,0,0,0,4CBBD8CA5215B8D161AEC181A74B694F4E24B001D5B081DC0030ED797A8973E0
P0115,W2,RANDOM_WEATHER_WGEN,2,0,0,0,3B0E4842B28D6B39EC725A6459FB943F5F1D658F4D0EE991004DD50F2C182F31
P0116,W2,RANDOM_WEATHER_WGEN,2,0,0,0,4CBBD8CA5215B8D161AEC181A74B694F4E24B001D5B081DC0030ED797A8973E0
P0117,W2,RANDOM_WEATHER_WGEN,2,0,0,0,CC8CD41CEF907C4D216069122C4B89936211361F9050A717A1E37AD1862E952F
P0118,W2,RANDOM_WEATHER_WGEN,2,0,0,0,4CBBD8CA5215B8D161AEC181A74B694F4E24B001D5B081DC0030ED797A8973E0
P0119,W2,RANDOM_WEATHER_WGEN,2,0,0,0,4CBBD8CA5215B8D161AEC181A74B694F4E24B001D5B081DC0030ED797A8973E0
P0120,W2,RANDOM_WEATHER_WGEN,2,0,0,0,CC8CD41CEF907C4D216069122C4B89936211361F9050A717A1E37AD1862E952F
P0121,W2,RANDOM_WEATHER_WGEN,2,0,0,0,4CBBD8CA5215B8D161AEC181A74B694F4E24B001D5B081DC0030ED797A8973E0
P0122,W2,RANDOM_WEATHER_WGEN,2,0,0,0,CC8CD41CEF907C4D216069122C4B89936211361F9050A717A1E37AD1862E952F
P0123,W2,RANDOM_WEATHER_WGEN,2,0,0,0,CC8CD41CEF907C4D216069122C4B89936211361F9050A717A1E37AD1862E952F
P0124,W2,RANDOM_WEATHER_WGEN,2,0,0,0,CC8CD41CEF907C4D216069122C4B89936211361F9050A717A1E37AD1862E952F
P0125,W2,RANDOM_WEATHER_WGEN,2,0,0,0,CC8CD41CEF907C4D216069122C4B89936211361F9050A717A1E37AD1862E952F
P0126,W2,RANDOM_WEATHER_WGEN,2,0,0,0,CC8CD41CEF907C4D216069122C4B89936211361F9050A717A1E37AD1862E952F
P0127,W2,RANDOM_WEATHER_WGEN,2,0,0,0,CC8CD41CEF907C4D216069122C4B89936211361F9050A717A1E37AD1862E952F
P0128,W2,RANDOM_WEATHER_WGEN,2,0,0,0,CC8CD41CEF907C4D216069122C4B89936211361F9050A717A1E37AD1862E952F
P0129,W2,RANDOM_WEATHER_WGEN,2,0,0,0,CC8CD41CEF907C4D216069122C4B89936211361F9050A717A1E37AD1862E952F
P0130,W2,RANDOM_WEATHER_WGEN,2,0,0,0,CC8CD41CEF907C4D216069122C4B89936211361F9050A717A1E37AD1862E952F
P0131,W2,RANDOM_WEATHER_WGEN,2,0,0,0,3B0E4842B28D6B39EC725A6459FB943F5F1D658F4D0EE991004DD50F2C182F31
P0132,W2,RANDOM_WEATHER_WGEN,2,0,0,0,4CBBD8CA5215B8D161AEC181A74B694F4E24B001D5B081DC0030ED797A8973E0
P0133,W2,RANDOM_WEATHER_WGEN,2,0,0,0,CC8CD41CEF907C4D216069122C4B89936211361F9050A717A1E37AD1862E952F
P0134,W2,RANDOM_WEATHER_WGEN,2,0,0,0,CC8CD41CEF907C4D216069122C4B89936211361F9050A717A1E37AD1862E952F
P0135,W2,RANDOM_WEATHER_WGEN,2,0,0,0,3B0E4842B28D6B39EC725A6459FB943F5F1D658F4D0EE991004DD50F2C182F31
P0136,W2,RANDOM_WEATHER_WGEN,2,0,0,0,4CBBD8CA5215B8D161AEC181A74B694F4E24B001D5B081DC0030ED797A8973E0
P0137,W2,RANDOM_WEATHER_WGEN,2,0,0,0,4CBBD8CA5215B8D161AEC181A74B694F4E24B001D5B081DC0030ED797A8973E0
P0138,W2,RANDOM_WEATHER_WGEN,2,0,0,0,4CBBD8CA5215B8D161AEC181A74B694F4E24B001D5B081DC0030ED797A8973E0
P0139,W2,RANDOM_WEATHER_WGEN,2,0,0,0,4CBBD8CA5215B8D161AEC181A74B694F4E24B001D5B081DC0030ED797A8973E0
P0140,W2,RANDOM_WEATHER_WGEN,2,15,45,120,CC8CD41CEF907C4D216069122C4B89936211361F9050A717A1E37AD1862E952F
P0141,W2,RANDOM_WEATHER_WGEN,2,0,0,0,CC8CD41CEF907C4D216069122C4B89936211361F9050A717A1E37AD1862E952F
P0142,W2,RANDOM_WEATHER_WGEN,2,0,0,0,3B0E4842B28D6B39EC725A6459FB943F5F1D658F4D0EE991004DD50F2C182F31
P0143,W2,RANDOM_WEATHER_WGEN,2,0,0,0,CC8CD41CEF907C4D216069122C4B89936211361F9050A717A1E37AD1862E952F
P0144,W2,RANDOM_WEATHER_WGEN,2,0,0,0,4CBBD8CA5215B8D161AEC181A74B694F4E24B001D5B081DC0030ED797A8973E0
P0145,W2,RANDOM_WEATHER_WGEN,2,0,0,0,4CBBD8CA5215B8D161AEC181A74B694F4E24B001D5B081DC0030ED797A8973E0
P0146,W2,RANDOM_WEATHER_WGEN,2,0,0,0,1B897DDDD4C151E2A2E6E3E91B7EA0F7FC4FD5ED00EF1C9669E8566393A02586
P0147,W2,RANDOM_WEATHER_WGEN,2,0,0,0,4CBBD8CA5215B8D161AEC181A74B694F4E24B001D5B081DC0030ED797A8973E0
P0148,W2,RANDOM_WEATHER_WGEN,2,0,0,0,4CBBD8CA5215B8D161AEC181A74B694F4E24B001D5B081DC0030ED797A8973E0
P0149,W2,RANDOM_WEATHER_WGEN,2,0,0,0,CC8CD41CEF907C4D216069122C4B89936211361F9050A717A1E37AD1862E952F
P0150,W2,RANDOM_WEATHER_WGEN,2,0,0,0,CC8CD41CEF907C4D216069122C4B89936211361F9050A717A1E37AD1862E952F
P0151,W2,RANDOM_WEATHER_WGEN,2,0,0,0,CC8CD41CEF907C4D216069122C4B89936211361F9050A717A1E37AD1862E952F
P0152,W2,RANDOM_WEATHER_WGEN,2,0,0,0,3B0E4842B28D6B39EC725A6459FB943F5F1D658F4D0EE991004DD50F2C182F31
P0153,W2,RANDOM_WEATHER_WGEN,2,0,0,0,3B0E4842B28D6B39EC725A6459FB943F5F1D658F4D0EE991004DD50F2C182F31
P0154,W2,RANDOM_WEATHER_WGEN,2,0,0,0,CC8CD41CEF907C4D216069122C4B89936211361F9050A717A1E37AD1862E952F
P0155,W2,RANDOM_WEATHER_WGEN,2,0,0,0,CC8CD41CEF907C4D216069122C4B89936211361F9050A717A1E37AD1862E952F
P0156,W2,RANDOM_WEATHER_WGEN,2,0,0,0,3B0E4842B28D6B39EC725A6459FB943F5F1D658F4D0EE991004DD50F2C182F31
P0157,W2,RANDOM_WEATHER_WGEN,2,0,0,0,3B0E4842B28D6B39EC725A6459FB943F5F1D658F4D0EE991004DD50F2C182F31
P0158,W2,RANDOM_WEATHER_WGEN,2,0,0,0,3B0E4842B28D6B39EC725A6459FB943F5F1D658F4D0EE991004DD50F2C182F31
P0159,W2,RANDOM_WEATHER_WGEN,2,0,0,0,1B897DDDD4C151E2A2E6E3E91B7EA0F7FC4FD5ED00EF1C9669E8566393A02586
P0160,W2,RANDOM_WEATHER_WGEN,2,0,0,0,3B0E4842B28D6B39EC725A6459FB943F5F1D658F4D0EE991004DD50F2C182F31
P0161,W2,RANDOM_WEATHER_WGEN,2,0,0,0,4CBBD8CA5215B8D161AEC181A74B694F4E24B001D5B081DC0030ED797A8973E0
P0162,W2,RANDOM_WEATHER_WGEN,2,0,0,0,CC8CD41CEF907C4D216069122C4B89936211361F9050A717A1E37AD1862E952F
P0163,W2,RANDOM_WEATHER_WGEN,2,0,0,0,CC8CD41CEF907C4D216069122C4B89936211361F9050A717A1E37AD1862E952F
P0164,W2,RANDOM_WEATHER_WGEN,2,0,0,0,4CBBD8CA5215B8D161AEC181A74B694F4E24B001D5B081DC0030ED797A8973E0
P0165,W2,RANDOM_WEATHER_WGEN,2,0,0,0,CC8CD41CEF907C4D216069122C4B89936211361F9050A717A1E37AD1862E952F
P0166,W2,RANDOM_WEATHER_WGEN,2,0,0,0,3B0E4842B28D6B39EC725A6459FB943F5F1D658F4D0EE991004DD50F2C182F31
P0167,W2,RANDOM_WEATHER_WGEN,2,0,0,0,3B0E4842B28D6B39EC725A6459FB943F5F1D658F4D0EE991004DD50F2C182F31
P0168,W2,RANDOM_WEATHER_WGEN,2,15,45,120,CC8CD41CEF907C4D216069122C4B89936211361F9050A717A1E37AD1862E952F
P0169,W2,RANDOM_WEATHER_WGEN,2,0,0,0,3B0E4842B28D6B39EC725A6459FB943F5F1D658F4D0EE991004DD50F2C182F31
P0170,W2,RANDOM_WEATHER_WGEN,2,0,0,0,3B0E4842B28D6B39EC725A6459FB943F5F1D658F4D0EE991004DD50F2C182F31
P0171,W2,RANDOM_WEATHER_WGEN,2,0,0,0,4CBBD8CA5215B8D161AEC181A74B694F4E24B001D5B081DC0030ED797A8973E0
P0172,W2,RANDOM_WEATHER_WGEN,2,0,0,0,1B897DDDD4C151E2A2E6E3E91B7EA0F7FC4FD5ED00EF1C9669E8566393A02586
P0173,W2,RANDOM_WEATHER_WGEN,2,0,0,0,CC8CD41CEF907C4D216069122C4B89936211361F9050A717A1E37AD1862E952F
P0174,W2,RANDOM_WEATHER_WGEN,2,0,0,0,CC8CD41CEF907C4D216069122C4B89936211361F9050A717A1E37AD1862E952F
P0175,W2,RANDOM_WEATHER_WGEN,2,0,0,0,CC8CD41CEF907C4D216069122C4B89936211361F9050A717A1E37AD1862E952F
P0176,W2,RANDOM_WEATHER_WGEN,2,0,0,0,CC8CD41CEF907C4D216069122C4B89936211361F9050A717A1E37AD1862E952F
P0177,W2,RANDOM_WEATHER_WGEN,2,0,0,0,CC8CD41CEF907C4D216069122C4B89936211361F9050A717A1E37AD1862E952F
P0178,W2,RANDOM_WEATHER_WGEN,2,0,0,0,CC8CD41CEF907C4D216069122C4B89936211361F9050A717A1E37AD1862E952F
P0179,W2,RANDOM_WEATHER_WGEN,2,0,0,0,CC8CD41CEF907C4D216069122C4B89936211361F9050A717A1E37AD1862E952F
P0180,W2,RANDOM_WEATHER_WGEN,2,0,0,0,CC8CD41CEF907C4D216069122C4B89936211361F9050A717A1E37AD1862E952F
P0181,W2,RANDOM_WEATHER_WGEN,2,9,30,40,4B0EBEA5AFB86AFBADF12EEDC5C56E680F4946E61EFE94AD358B6FF89EA5FEC7
P0182,W2,RANDOM_WEATHER_WGEN,2,0,0,0,4B0EBEA5AFB86AFBADF12EEDC5C56E680F4946E61EFE94AD358B6FF89EA5FEC7
P0183,W2,RANDOM_WEATHER_WGEN,2,0,0,0,1B897DDDD4C151E2A2E6E3E91B7EA0F7FC4FD5ED00EF1C9669E8566393A02586
P0184,W2,RANDOM_WEATHER_WGEN,2,0,0,0,CC8CD41CEF907C4D216069122C4B89936211361F9050A717A1E37AD1862E952F
P0185,W2,RANDOM_WEATHER_WGEN,2,0,0,0,CC8CD41CEF907C4D216069122C4B89936211361F9050A717A1E37AD1862E952F
P0186,W2,RANDOM_WEATHER_WGEN,2,0,0,0,1B897DDDD4C151E2A2E6E3E91B7EA0F7FC4FD5ED00EF1C9669E8566393A02586
P0187,W2,RANDOM_WEATHER_WGEN,2,0,0,0,1B897DDDD4C151E2A2E6E3E91B7EA0F7FC4FD5ED00EF1C9669E8566393A02586
P0188,W2,RANDOM_WEATHER_WGEN,2,0,0,0,CC8CD41CEF907C4D216069122C4B89936211361F9050A717A1E37AD1862E952F
P0189,W2,RANDOM_WEATHER_WGEN,2,0,0,0,1B897DDDD4C151E2A2E6E3E91B7EA0F7FC4FD5ED00EF1C9669E8566393A02586
P0190,W2,RANDOM_WEATHER_WGEN,2,0,0,0,1B897DDDD4C151E2A2E6E3E91B7EA0F7FC4FD5ED00EF1C9669E8566393A02586
P0191,W2,RANDOM_WEATHER_WGEN,2,0,0,0,1B897DDDD4C151E2A2E6E3E91B7EA0F7FC4FD5ED00EF1C9669E8566393A02586
P0192,W2,RANDOM_WEATHER_WGEN,2,0,0,0,1B897DDDD4C151E2A2E6E3E91B7EA0F7FC4FD5ED00EF1C9669E8566393A02586
P0193,W2,RANDOM_WEATHER_WGEN,2,0,0,0,1B897DDDD4C151E2A2E6E3E91B7EA0F7FC4FD5ED00EF1C9669E8566393A02586
P0194,W2,RANDOM_WEATHER_WGEN,2,0,0,0,1B897DDDD4C151E2A2E6E3E91B7EA0F7FC4FD5ED00EF1C9669E8566393A02586
P0195,W2,RANDOM_WEATHER_WGEN,2,0,0,0,CC8CD41CEF907C4D216069122C4B89936211361F9050A717A1E37AD1862E952F
P0196,W2,RANDOM_WEATHER_WGEN,2,0,0,0,CC8CD41CEF907C4D216069122C4B89936211361F9050A717A1E37AD1862E952F
P0197,W2,RANDOM_WEATHER_WGEN,2,0,0,0,CC8CD41CEF907C4D216069122C4B89936211361F9050A717A1E37AD1862E952F
P0198,W2,RANDOM_WEATHER_WGEN,2,15,45,120,CC8CD41CEF907C4D216069122C4B89936211361F9050A717A1E37AD1862E952F
P0199,W2,RANDOM_WEATHER_WGEN,2,0,0,0,CC8CD41CEF907C4D216069122C4B89936211361F9050A717A1E37AD1862E952F
P0200,W2,RANDOM_WEATHER_WGEN,2,0,0,0,1B897DDDD4C151E2A2E6E3E91B7EA0F7FC4FD5ED00EF1C9669E8566393A02586
P0201,W2,RANDOM_WEATHER_WGEN,2,0,0,0,1B897DDDD4C151E2A2E6E3E91B7EA0F7FC4FD5ED00EF1C9669E8566393A02586
P0202,W2,RANDOM_WEATHER_WGEN,2,0,0,0,1B897DDDD4C151E2A2E6E3E91B7EA0F7FC4FD5ED00EF1C9669E8566393A02586
P0203,W2,RANDOM_WEATHER_WGEN,2,0,0,0,CC8CD41CEF907C4D216069122C4B89936211361F9050A717A1E37AD1862E952F
P0204,W2,RANDOM_WEATHER_WGEN,2,0,0,0,CC8CD41CEF907C4D216069122C4B89936211361F9050A717A1E37AD1862E952F
P0205,W2,RANDOM_WEATHER_WGEN,2,0,0,0,CC8CD41CEF907C4D216069122C4B89936211361F9050A717A1E37AD1862E952F
P0206,W2,RANDOM_WEATHER_WGEN,2,0,0,0,CC8CD41CEF907C4D216069122C4B89936211361F9050A717A1E37AD1862E952F
P0207,W2,RANDOM_WEATHER_WGEN,2,0,0,0,CC8CD41CEF907C4D216069122C4B89936211361F9050A717A1E37AD1862E952F
P0208,W2,RANDOM_WEATHER_WGEN,2,0,0,0,CC8CD41CEF907C4D216069122C4B89936211361F9050A717A1E37AD1862E952F
P0209,W2,RANDOM_WEATHER_WGEN,2,0,0,0,CC8CD41CEF907C4D216069122C4B89936211361F9050A717A1E37AD1862E952F
P0210,W2,RANDOM_WEATHER_WGEN,2,0,0,0,CC8CD41CEF907C4D216069122C4B89936211361F9050A717A1E37AD1862E952F
P0211,W2,RANDOM_WEATHER_WGEN,2,0,0,0,CC8CD41CEF907C4D216069122C4B89936211361F9050A717A1E37AD1862E952F
P0212,W2,RANDOM_WEATHER_WGEN,2,0,0,0,CC8CD41CEF907C4D216069122C4B89936211361F9050A717A1E37AD1862E952F
P0213,W2,RANDOM_WEATHER_WGEN,2,0,0,0,CC8CD41CEF907C4D216069122C4B89936211361F9050A717A1E37AD1862E952F
P0214,W2,RANDOM_WEATHER_WGEN,2,0,0,0,1B897DDDD4C151E2A2E6E3E91B7EA0F7FC4FD5ED00EF1C9669E8566393A02586
P0215,W2,RANDOM_WEATHER_WGEN,2,0,0,0,4CBBD8CA5215B8D161AEC181A74B694F4E24B001D5B081DC0030ED797A8973E0
P0216,W2,RANDOM_WEATHER_WGEN,2,0,0,0,CC8CD41CEF907C4D216069122C4B89936211361F9050A717A1E37AD1862E952F
P0217,W2,RANDOM_WEATHER_WGEN,2,0,0,0,CC8CD41CEF907C4D216069122C4B89936211361F9050A717A1E37AD1862E952F
P0218,W2,RANDOM_WEATHER_WGEN,2,0,0,0,1B897DDDD4C151E2A2E6E3E91B7EA0F7FC4FD5ED00EF1C9669E8566393A02586
P0219,W2,RANDOM_WEATHER_WGEN,2,0,0,0,CC8CD41CEF907C4D216069122C4B89936211361F9050A717A1E37AD1862E952F
P0220,W2,RANDOM_WEATHER_WGEN,2,0,0,0,CC8CD41CEF907C4D216069122C4B89936211361F9050A717A1E37AD1862E952F
P0221,W2,RANDOM_WEATHER_WGEN,2,0,0,0,CC8CD41CEF907C4D216069122C4B89936211361F9050A717A1E37AD1862E952F
P0222,W2,RANDOM_WEATHER_WGEN,2,0,0,0,CC8CD41CEF907C4D216069122C4B89936211361F9050A717A1E37AD1862E952F
P0223,W2,RANDOM_WEATHER_WGEN,2,0,0,0,CC8CD41CEF907C4D216069122C4B89936211361F9050A717A1E37AD1862E952F
P0224,W2,RANDOM_WEATHER_WGEN,2,0,0,0,CC8CD41CEF907C4D216069122C4B89936211361F9050A717A1E37AD1862E952F
P0225,W2,RANDOM_WEATHER_WGEN,2,0,0,0,CC8CD41CEF907C4D216069122C4B89936211361F9050A717A1E37AD1862E952F
P0226,W2,RANDOM_WEATHER_WGEN,2,0,0,0,CC8CD41CEF907C4D216069122C4B89936211361F9050A717A1E37AD1862E952F
P0227,W2,RANDOM_WEATHER_WGEN,2,0,0,0,CC8CD41CEF907C4D216069122C4B89936211361F9050A717A1E37AD1862E952F
P0228,W2,RANDOM_WEATHER_WGEN,2,0,0,0,1B897DDDD4C151E2A2E6E3E91B7EA0F7FC4FD5ED00EF1C9669E8566393A02586
P0229,W2,RANDOM_WEATHER_WGEN,2,15,45,120,CC8CD41CEF907C4D216069122C4B89936211361F9050A717A1E37AD1862E952F
P0230,W2,RANDOM_WEATHER_WGEN,2,0,0,0,CC8CD41CEF907C4D216069122C4B89936211361F9050A717A1E37AD1862E952F
P0231,W2,RANDOM_WEATHER_WGEN,2,0,0,0,1B897DDDD4C151E2A2E6E3E91B7EA0F7FC4FD5ED00EF1C9669E8566393A02586
P0232,W2,RANDOM_WEATHER_WGEN,2,0,0,0,1B897DDDD4C151E2A2E6E3E91B7EA0F7FC4FD5ED00EF1C9669E8566393A02586
P0233,W2,RANDOM_WEATHER_WGEN,2,0,0,0,1B897DDDD4C151E2A2E6E3E91B7EA0F7FC4FD5ED00EF1C9669E8566393A02586
P0234,W2,RANDOM_WEATHER_WGEN,2,0,0,0,1B897DDDD4C151E2A2E6E3E91B7EA0F7FC4FD5ED00EF1C9669E8566393A02586
P0235,W2,RANDOM_WEATHER_WGEN,2,0,0,0,CC8CD41CEF907C4D216069122C4B89936211361F9050A717A1E37AD1862E952F
P0236,W2,RANDOM_WEATHER_WGEN,2,0,0,0,CC8CD41CEF907C4D216069122C4B89936211361F9050A717A1E37AD1862E952F
P0237,W2,RANDOM_WEATHER_WGEN,2,0,0,0,CC8CD41CEF907C4D216069122C4B89936211361F9050A717A1E37AD1862E952F
P0238,W2,RANDOM_WEATHER_WGEN,2,0,0,0,1B897DDDD4C151E2A2E6E3E91B7EA0F7FC4FD5ED00EF1C9669E8566393A02586
P0239,W2,RANDOM_WEATHER_WGEN,2,5,15,40,4B0EBEA5AFB86AFBADF12EEDC5C56E680F4946E61EFE94AD358B6FF89EA5FEC7
P0240,W2,RANDOM_WEATHER_WGEN,2,0,0,0,CC8CD41CEF907C4D216069122C4B89936211361F9050A717A1E37AD1862E952F
P0241,W2,RANDOM_WEATHER_WGEN,2,0,0,0,1B897DDDD4C151E2A2E6E3E91B7EA0F7FC4FD5ED00EF1C9669E8566393A02586
P0242,W2,RANDOM_WEATHER_WGEN,2,0,0,0,1B897DDDD4C151E2A2E6E3E91B7EA0F7FC4FD5ED00EF1C9669E8566393A02586
P0243,W2,RANDOM_WEATHER_WGEN,2,0,0,0,CC8CD41CEF907C4D216069122C4B89936211361F9050A717A1E37AD1862E952F
P0244,W2,RANDOM_WEATHER_WGEN,2,0,0,0,CC8CD41CEF907C4D216069122C4B89936211361F9050A717A1E37AD1862E952F
P0245,W2,RANDOM_WEATHER_WGEN,2,0,0,0,CC8CD41CEF907C4D216069122C4B89936211361F9050A717A1E37AD1862E952F
P0246,W2,RANDOM_WEATHER_WGEN,2,0,0,0,1B897DDDD4C151E2A2E6E3E91B7EA0F7FC4FD5ED00EF1C9669E8566393A02586
P0247,W2,RANDOM_WEATHER_WGEN,2,0,0,0,CC8CD41CEF907C4D216069122C4B89936211361F9050A717A1E37AD1862E952F
P0248,W2,RANDOM_WEATHER_WGEN,2,0,0,0,CC8CD41CEF907C4D216069122C4B89936211361F9050A717A1E37AD1862E952F
P0249,W2,RANDOM_WEATHER_WGEN,2,0,0,0,CC8CD41CEF907C4D216069122C4B89936211361F9050A717A1E37AD1862E952F
P0250,W2,RANDOM_WEATHER_WGEN,2,0,0,0,CC8CD41CEF907C4D216069122C4B89936211361F9050A717A1E37AD1862E952F
P0251,W2,RANDOM_WEATHER_WGEN,2,0,0,0,CC8CD41CEF907C4D216069122C4B89936211361F9050A717A1E37AD1862E952F
P0252,W2,RANDOM_WEATHER_WGEN,2,0,0,0,CC8CD41CEF907C4D216069122C4B89936211361F9050A717A1E37AD1862E952F
P0253,W2,RANDOM_WEATHER_WGEN,2,0,0,0,CC8CD41CEF907C4D216069122C4B89936211361F9050A717A1E37AD1862E952F
P0254,W2,RANDOM_WEATHER_WGEN,2,0,0,0,CC8CD41CEF907C4D216069122C4B89936211361F9050A717A1E37AD1862E952F
P0255,W2,RANDOM_WEATHER_WGEN,2,0,0,0,CC8CD41CEF907C4D216069122C4B89936211361F9050A717A1E37AD1862E952F
P0256,W2,RANDOM_WEATHER_WGEN,2,0,0,0,CC8CD41CEF907C4D216069122C4B89936211361F9050A717A1E37AD1862E952F
P0257,W2,RANDOM_WEATHER_WGEN,2,0,0,0,CC8CD41CEF907C4D216069122C4B89936211361F9050A717A1E37AD1862E952F
P0258,W2,RANDOM_WEATHER_WGEN,2,5,15,40,4B0EBEA5AFB86AFBADF12EEDC5C56E680F4946E61EFE94AD358B6FF89EA5FEC7
P0259,W2,RANDOM_WEATHER_WGEN,2,0,0,0,4B0EBEA5AFB86AFBADF12EEDC5C56E680F4946E61EFE94AD358B6FF89EA5FEC7
P0260,W2,RANDOM_WEATHER_WGEN,2,0,0,0,CC8CD41CEF907C4D216069122C4B89936211361F9050A717A1E37AD1862E952F
P0261,W2,RANDOM_WEATHER_WGEN,2,15,45,120,CC8CD41CEF907C4D216069122C4B89936211361F9050A717A1E37AD1862E952F
P0262,W2,RANDOM_WEATHER_WGEN,2,15,45,120,CC8CD41CEF907C4D216069122C4B89936211361F9050A717A1E37AD1862E952F
P0263,W2,RANDOM_WEATHER_WGEN,2,0,0,0,CC8CD41CEF907C4D216069122C4B89936211361F9050A717A1E37AD1862E952F
P0264,W2,RANDOM_WEATHER_WGEN,2,0,0,0,CC8CD41CEF907C4D216069122C4B89936211361F9050A717A1E37AD1862E952F
P0265,W2,RANDOM_WEATHER_WGEN,2,0,0,0,CC8CD41CEF907C4D216069122C4B89936211361F9050A717A1E37AD1862E952F
P0266,W2,RANDOM_WEATHER_WGEN,2,0,0,0,CC8CD41CEF907C4D216069122C4B89936211361F9050A717A1E37AD1862E952F
P0267,W2,RANDOM_WEATHER_WGEN,2,0,0,0,1B897DDDD4C151E2A2E6E3E91B7EA0F7FC4FD5ED00EF1C9669E8566393A02586
P0268,W2,RANDOM_WEATHER_WGEN,2,0,0,0,1B897DDDD4C151E2A2E6E3E91B7EA0F7FC4FD5ED00EF1C9669E8566393A02586
P0269,W2,RANDOM_WEATHER_WGEN,2,0,0,0,1B897DDDD4C151E2A2E6E3E91B7EA0F7FC4FD5ED00EF1C9669E8566393A02586
P0270,W2,RANDOM_WEATHER_WGEN,2,0,0,0,4B0EBEA5AFB86AFBADF12EEDC5C56E680F4946E61EFE94AD358B6FF89EA5FEC7
P0271,W2,RANDOM_WEATHER_WGEN,2,0,0,0,CC8CD41CEF907C4D216069122C4B89936211361F9050A717A1E37AD1862E952F
P0272,W2,RANDOM_WEATHER_WGEN,2,0,0,0,1B897DDDD4C151E2A2E6E3E91B7EA0F7FC4FD5ED00EF1C9669E8566393A02586
P0273,W2,RANDOM_WEATHER_WGEN,2,0,0,0,4B0EBEA5AFB86AFBADF12EEDC5C56E680F4946E61EFE94AD358B6FF89EA5FEC7
P0274,W2,RANDOM_WEATHER_WGEN,2,0,0,0,1B897DDDD4C151E2A2E6E3E91B7EA0F7FC4FD5ED00EF1C9669E8566393A02586
P0275,W2,RANDOM_WEATHER_WGEN,2,0,0,0,CC8CD41CEF907C4D216069122C4B89936211361F9050A717A1E37AD1862E952F
P0276,W2,RANDOM_WEATHER_WGEN,2,0,0,0,CC8CD41CEF907C4D216069122C4B89936211361F9050A717A1E37AD1862E952F
P0277,W2,RANDOM_WEATHER_WGEN,2,0,0,0,CC8CD41CEF907C4D216069122C4B89936211361F9050A717A1E37AD1862E952F
P0278,W2,RANDOM_WEATHER_WGEN,2,0,0,0,CC8CD41CEF907C4D216069122C4B89936211361F9050A717A1E37AD1862E952F
P0279,W2,RANDOM_WEATHER_WGEN,2,0,0,0,CC8CD41CEF907C4D216069122C4B89936211361F9050A717A1E37AD1862E952F
P0280,W2,RANDOM_WEATHER_WGEN,2,0,0,0,1B897DDDD4C151E2A2E6E3E91B7EA0F7FC4FD5ED00EF1C9669E8566393A02586
P0281,W2,RANDOM_WEATHER_WGEN,2,0,0,0,1B897DDDD4C151E2A2E6E3E91B7EA0F7FC4FD5ED00EF1C9669E8566393A02586
P0282,W2,RANDOM_WEATHER_WGEN,2,0,0,0,1B897DDDD4C151E2A2E6E3E91B7EA0F7FC4FD5ED00EF1C9669E8566393A02586
P0283,W2,RANDOM_WEATHER_WGEN,2,0,0,0,CC8CD41CEF907C4D216069122C4B89936211361F9050A717A1E37AD1862E952F
P0284,W2,RANDOM_WEATHER_WGEN,2,0,0,0,CC8CD41CEF907C4D216069122C4B89936211361F9050A717A1E37AD1862E952F
P0285,W2,RANDOM_WEATHER_WGEN,2,0,0,0,CC8CD41CEF907C4D216069122C4B89936211361F9050A717A1E37AD1862E952F
P0286,W2,RANDOM_WEATHER_WGEN,2,0,0,0,CC8CD41CEF907C4D216069122C4B89936211361F9050A717A1E37AD1862E952F
P0287,W2,RANDOM_WEATHER_WGEN,2,0,0,0,CC8CD41CEF907C4D216069122C4B89936211361F9050A717A1E37AD1862E952F
P0288,W2,RANDOM_WEATHER_WGEN,2,0,0,0,CC8CD41CEF907C4D216069122C4B89936211361F9050A717A1E37AD1862E952F
P0289,W2,RANDOM_WEATHER_WGEN,2,0,0,0,CC8CD41CEF907C4D216069122C4B89936211361F9050A717A1E37AD1862E952F
P0290,W2,RANDOM_WEATHER_WGEN,2,0,0,0,CC8CD41CEF907C4D216069122C4B89936211361F9050A717A1E37AD1862E952F
P0291,W2,RANDOM_WEATHER_WGEN,2,0,0,0,CC8CD41CEF907C4D216069122C4B89936211361F9050A717A1E37AD1862E952F
P0292,W2,RANDOM_WEATHER_WGEN,2,0,0,0,CC8CD41CEF907C4D216069122C4B89936211361F9050A717A1E37AD1862E952F
P0293,W2,RANDOM_WEATHER_WGEN,2,0,0,0,CC8CD41CEF907C4D216069122C4B89936211361F9050A717A1E37AD1862E952F
P0294,W2,RANDOM_WEATHER_WGEN,2,0,0,0,CC8CD41CEF907C4D216069122C4B89936211361F9050A717A1E37AD1862E952F
P0295,W2,RANDOM_WEATHER_WGEN,2,0,0,0,CC8CD41CEF907C4D216069122C4B89936211361F9050A717A1E37AD1862E952F
P0296,W2,RANDOM_WEATHER_WGEN,2,0,0,0,CC8CD41CEF907C4D216069122C4B89936211361F9050A717A1E37AD1862E952F
P0297,W2,RANDOM_WEATHER_WGEN,2,0,0,0,CC8CD41CEF907C4D216069122C4B89936211361F9050A717A1E37AD1862E952F
P0298,W2,RANDOM_WEATHER_WGEN,2,0,0,0,CC8CD41CEF907C4D216069122C4B89936211361F9050A717A1E37AD1862E952F
P0299,W2,RANDOM_WEATHER_WGEN,2,0,0,0,CC8CD41CEF907C4D216069122C4B89936211361F9050A717A1E37AD1862E952F
P0300,W2,RANDOM_WEATHER_WGEN,2,0,0,0,4B0EBEA5AFB86AFBADF12EEDC5C56E680F4946E61EFE94AD358B6FF89EA5FEC7
P0301,W2,RANDOM_WEATHER_WGEN,2,0,0,0,CC8CD41CEF907C4D216069122C4B89936211361F9050A717A1E37AD1862E952F
P0302,W2,RANDOM_WEATHER_WGEN,2,0,0,0,CC8CD41CEF907C4D216069122C4B89936211361F9050A717A1E37AD1862E952F
P0303,W2,RANDOM_WEATHER_WGEN,2,0,0,0,CC8CD41CEF907C4D216069122C4B89936211361F9050A717A1E37AD1862E952F
P0304,W2,RANDOM_WEATHER_WGEN,2,0,0,0,CC8CD41CEF907C4D216069122C4B89936211361F9050A717A1E37AD1862E952F
P0305,W2,RANDOM_WEATHER_WGEN,2,0,0,0,4B0EBEA5AFB86AFBADF12EEDC5C56E680F4946E61EFE94AD358B6FF89EA5FEC7
P0306,W2,RANDOM_WEATHER_WGEN,2,0,0,0,CC8CD41CEF907C4D216069122C4B89936211361F9050A717A1E37AD1862E952F
P0307,W2,RANDOM_WEATHER_WGEN,2,0,0,0,CC8CD41CEF907C4D216069122C4B89936211361F9050A717A1E37AD1862E952F
P0308,W2,RANDOM_WEATHER_WGEN,2,0,0,0,CC8CD41CEF907C4D216069122C4B89936211361F9050A717A1E37AD1862E952F
P0309,W2,RANDOM_WEATHER_WGEN,2,0,0,0,CC8CD41CEF907C4D216069122C4B89936211361F9050A717A1E37AD1862E952F
P0310,W2,RANDOM_WEATHER_WGEN,2,0,0,0,CC8CD41CEF907C4D216069122C4B89936211361F9050A717A1E37AD1862E952F
P0311,W2,RANDOM_WEATHER_WGEN,2,0,0,0,1B897DDDD4C151E2A2E6E3E91B7EA0F7FC4FD5ED00EF1C9669E8566393A02586
P0312,W2,RANDOM_WEATHER_WGEN,2,0,0,0,CC8CD41CEF907C4D216069122C4B89936211361F9050A717A1E37AD1862E952F
P0313,W2,RANDOM_WEATHER_WGEN,2,0,0,0,1B897DDDD4C151E2A2E6E3E91B7EA0F7FC4FD5ED00EF1C9669E8566393A02586
P0314,W2,RANDOM_WEATHER_WGEN,2,0,0,0,1B897DDDD4C151E2A2E6E3E91B7EA0F7FC4FD5ED00EF1C9669E8566393A02586
P0315,W2,RANDOM_WEATHER_WGEN,2,0,0,0,1B897DDDD4C151E2A2E6E3E91B7EA0F7FC4FD5ED00EF1C9669E8566393A02586
P0316,W2,RANDOM_WEATHER_WGEN,2,15,45,120,CC8CD41CEF907C4D216069122C4B89936211361F9050A717A1E37AD1862E952F
P0317,W2,RANDOM_WEATHER_WGEN,2,0,0,0,CC8CD41CEF907C4D216069122C4B89936211361F9050A717A1E37AD1862E952F
P0318,W2,RANDOM_WEATHER_WGEN,2,0,0,0,CC8CD41CEF907C4D216069122C4B89936211361F9050A717A1E37AD1862E952F
P0319,W2,RANDOM_WEATHER_WGEN,2,0,0,0,CC8CD41CEF907C4D216069122C4B89936211361F9050A717A1E37AD1862E952F
P0320,W2,RANDOM_WEATHER_WGEN,2,0,0,0,1B897DDDD4C151E2A2E6E3E91B7EA0F7FC4FD5ED00EF1C9669E8566393A02586
P0321,W2,RANDOM_WEATHER_WGEN,2,0,0,0,CC8CD41CEF907C4D216069122C4B89936211361F9050A717A1E37AD1862E952F
P0322,W2,RANDOM_WEATHER_WGEN,2,0,0,0,CC8CD41CEF907C4D216069122C4B89936211361F9050A717A1E37AD1862E952F
P0323,W2,RANDOM_WEATHER_WGEN,2,0,0,0,CC8CD41CEF907C4D216069122C4B89936211361F9050A717A1E37AD1862E952F
P0324,W2,RANDOM_WEATHER_WGEN,2,0,0,0,CC8CD41CEF907C4D216069122C4B89936211361F9050A717A1E37AD1862E952F
P0325,W2,RANDOM_WEATHER_WGEN,2,0,0,0,CC8CD41CEF907C4D216069122C4B89936211361F9050A717A1E37AD1862E952F
P0326,W2,RANDOM_WEATHER_WGEN,2,0,0,0,CC8CD41CEF907C4D216069122C4B89936211361F9050A717A1E37AD1862E952F
P0327,W2,RANDOM_WEATHER_WGEN,2,0,0,0,CC8CD41CEF907C4D216069122C4B89936211361F9050A717A1E37AD1862E952F
P0328,W2,RANDOM_WEATHER_WGEN,2,0,0,0,0EF6657F1EF3D57D3039B838837EE670569C55FAEC16004B220C894540BCD97D
P0329,W2,RANDOM_WEATHER_WGEN,2,0,0,0,0EF6657F1EF3D57D3039B838837EE670569C55FAEC16004B220C894540BCD97D
P0330,W2,RANDOM_WEATHER_WGEN,2,0,0,0,0EF6657F1EF3D57D3039B838837EE670569C55FAEC16004B220C894540BCD97D
P0331,W2,RANDOM_WEATHER_WGEN,2,0,0,0,0EF6657F1EF3D57D3039B838837EE670569C55FAEC16004B220C894540BCD97D
P0332,W2,RANDOM_WEATHER_WGEN,2,0,0,0,0EF6657F1EF3D57D3039B838837EE670569C55FAEC16004B220C894540BCD97D
P0333,W2,RANDOM_WEATHER_WGEN,2,0,0,0,0EF6657F1EF3D57D3039B838837EE670569C55FAEC16004B220C894540BCD97D
P0334,W2,RANDOM_WEATHER_WGEN,2,0,0,0,0EF6657F1EF3D57D3039B838837EE670569C55FAEC16004B220C894540BCD97D
P0335,W2,RANDOM_WEATHER_WGEN,2,0,0,0,0EF6657F1EF3D57D3039B838837EE670569C55FAEC16004B220C894540BCD97D
P0336,W2,RANDOM_WEATHER_WGEN,2,0,0,0,0EF6657F1EF3D57D3039B838837EE670569C55FAEC16004B220C894540BCD97D
P0337,W2,RANDOM_WEATHER_WGEN,2,0,0,0,0EF6657F1EF3D57D3039B838837EE670569C55FAEC16004B220C894540BCD97D
P0338,W2,RANDOM_WEATHER_WGEN,2,15,45,120,CC8CD41CEF907C4D216069122C4B89936211361F9050A717A1E37AD1862E952F
P0339,W2,RANDOM_WEATHER_WGEN,2,0,0,0,A020B7F8043620B11605E4B25E35803538E4679D5F7A9E6AE90300BF28791989
P0340,W2,RANDOM_WEATHER_WGEN,2,0,0,0,A020B7F8043620B11605E4B25E35803538E4679D5F7A9E6AE90300BF28791989
P0341,W2,RANDOM_WEATHER_WGEN,2,0,0,0,0EF6657F1EF3D57D3039B838837EE670569C55FAEC16004B220C894540BCD97D
P0342,W2,RANDOM_WEATHER_WGEN,2,0,0,0,0EF6657F1EF3D57D3039B838837EE670569C55FAEC16004B220C894540BCD97D
P0343,W2,RANDOM_WEATHER_WGEN,2,0,0,0,0EF6657F1EF3D57D3039B838837EE670569C55FAEC16004B220C894540BCD97D
P0344,W2,RANDOM_WEATHER_WGEN,2,15,45,120,CC8CD41CEF907C4D216069122C4B89936211361F9050A717A1E37AD1862E952F
P0345,W2,RANDOM_WEATHER_WGEN,2,0,0,0,A020B7F8043620B11605E4B25E35803538E4679D5F7A9E6AE90300BF28791989
P0346,W2,RANDOM_WEATHER_WGEN,2,0,0,0,A020B7F8043620B11605E4B25E35803538E4679D5F7A9E6AE90300BF28791989
P0347,W2,RANDOM_WEATHER_WGEN,2,0,0,0,0EF6657F1EF3D57D3039B838837EE670569C55FAEC16004B220C894540BCD97D
P0348,W2,RANDOM_WEATHER_WGEN,2,0,0,0,4CBBD8CA5215B8D161AEC181A74B694F4E24B001D5B081DC0030ED797A8973E0
P0349,W2,RANDOM_WEATHER_WGEN,2,0,0,0,0EF6657F1EF3D57D3039B838837EE670569C55FAEC16004B220C894540BCD97D
P0350,W2,RANDOM_WEATHER_WGEN,2,15,45,120,CC8CD41CEF907C4D216069122C4B89936211361F9050A717A1E37AD1862E952F
P0351,W2,RANDOM_WEATHER_WGEN,2,15,45,120,CC8CD41CEF907C4D216069122C4B89936211361F9050A717A1E37AD1862E952F
P0352,W2,RANDOM_WEATHER_WGEN,2,0,0,0,0EF6657F1EF3D57D3039B838837EE670569C55FAEC16004B220C894540BCD97D
P0353,W2,RANDOM_WEATHER_WGEN,2,15,45,120,CC8CD41CEF907C4D216069122C4B89936211361F9050A717A1E37AD1862E952F
P0354,W2,RANDOM_WEATHER_WGEN,2,0,0,0,4CBBD8CA5215B8D161AEC181A74B694F4E24B001D5B081DC0030ED797A8973E0
P0355,W2,RANDOM_WEATHER_WGEN,2,0,0,0,0EF6657F1EF3D57D3039B838837EE670569C55FAEC16004B220C894540BCD97D
P0356,W2,RANDOM_WEATHER_WGEN,2,0,0,0,0EF6657F1EF3D57D3039B838837EE670569C55FAEC16004B220C894540BCD97D
P0357,W2,RANDOM_WEATHER_WGEN,2,0,0,0,0EF6657F1EF3D57D3039B838837EE670569C55FAEC16004B220C894540BCD97D
P0358,W2,RANDOM_WEATHER_WGEN,2,0,0,0,0EF6657F1EF3D57D3039B838837EE670569C55FAEC16004B220C894540BCD97D
P0359,W2,RANDOM_WEATHER_WGEN,2,0,0,0,0EF6657F1EF3D57D3039B838837EE670569C55FAEC16004B220C894540BCD97D
P0360,W2,RANDOM_WEATHER_WGEN,2,0,0,0,0EF6657F1EF3D57D3039B838837EE670569C55FAEC16004B220C894540BCD97D
P0361,W2,RANDOM_WEATHER_WGEN,2,0,0,0,0EF6657F1EF3D57D3039B838837EE670569C55FAEC16004B220C894540BCD97D
P0362,W2,RANDOM_WEATHER_WGEN,2,0,0,0,0EF6657F1EF3D57D3039B838837EE670569C55FAEC16004B220C894540BCD97D
P0363,W2,RANDOM_WEATHER_WGEN,2,0,0,0,0EF6657F1EF3D57D3039B838837EE670569C55FAEC16004B220C894540BCD97D
P0364,W2,RANDOM_WEATHER_WGEN,2,0,0,0,0EF6657F1EF3D57D3039B838837EE670569C55FAEC16004B220C894540BCD97D
P0365,W2,RANDOM_WEATHER_WGEN,2,0,0,0,0EF6657F1EF3D57D3039B838837EE670569C55FAEC16004B220C894540BCD97D
P0366,W2,RANDOM_WEATHER_WGEN,2,0,0,0,0EF6657F1EF3D57D3039B838837EE670569C55FAEC16004B220C894540BCD97D
P0367,W2,RANDOM_WEATHER_WGEN,2,0,0,0,0EF6657F1EF3D57D3039B838837EE670569C55FAEC16004B220C894540BCD97D
P0368,W2,RANDOM_WEATHER_WGEN,2,0,0,0,0EF6657F1EF3D57D3039B838837EE670569C55FAEC16004B220C894540BCD97D
P0369,W2,RANDOM_WEATHER_WGEN,2,0,0,0,0EF6657F1EF3D57D3039B838837EE670569C55FAEC16004B220C894540BCD97D
P0370,W2,RANDOM_WEATHER_WGEN,2,0,0,0,0EF6657F1EF3D57D3039B838837EE670569C55FAEC16004B220C894540BCD97D
P0371,W2,RANDOM_WEATHER_WGEN,2,0,0,0,1B897DDDD4C151E2A2E6E3E91B7EA0F7FC4FD5ED00EF1C9669E8566393A02586
P0372,W2,RANDOM_WEATHER_WGEN,2,0,0,0,1B897DDDD4C151E2A2E6E3E91B7EA0F7FC4FD5ED00EF1C9669E8566393A02586
P0373,W2,RANDOM_WEATHER_WGEN,2,0,0,0,4CBBD8CA5215B8D161AEC181A74B694F4E24B001D5B081DC0030ED797A8973E0
P0374,W2,RANDOM_WEATHER_WGEN,2,0,0,0,0EF6657F1EF3D57D3039B838837EE670569C55FAEC16004B220C894540BCD97D
P0375,W2,RANDOM_WEATHER_WGEN,2,0,0,0,0EF6657F1EF3D57D3039B838837EE670569C55FAEC16004B220C894540BCD97D
P0376,W2,RANDOM_WEATHER_WGEN,2,0,0,0,1B897DDDD4C151E2A2E6E3E91B7EA0F7FC4FD5ED00EF1C9669E8566393A02586
P0377,W2,RANDOM_WEATHER_WGEN,2,15,45,120,CC8CD41CEF907C4D216069122C4B89936211361F9050A717A1E37AD1862E952F
P0378,W2,RANDOM_WEATHER_WGEN,2,0,0,0,4CBBD8CA5215B8D161AEC181A74B694F4E24B001D5B081DC0030ED797A8973E0
P0379,W2,RANDOM_WEATHER_WGEN,2,0,0,0,0EF6657F1EF3D57D3039B838837EE670569C55FAEC16004B220C894540BCD97D
P0380,W2,RANDOM_WEATHER_WGEN,2,0,0,0,0EF6657F1EF3D57D3039B838837EE670569C55FAEC16004B220C894540BCD97D
P0381,W2,RANDOM_WEATHER_WGEN,2,0,0,0,A2AE27368CB8E5358848B174FE9B8BF042D393E0B54D4463130C40AED4CA569B
P0382,W2,RANDOM_WEATHER_WGEN,2,0,0,0,A2AE27368CB8E5358848B174FE9B8BF042D393E0B54D4463130C40AED4CA569B
P0383,W2,RANDOM_WEATHER_WGEN,2,0,0,0,A2AE27368CB8E5358848B174FE9B8BF042D393E0B54D4463130C40AED4CA569B
P0384,W2,RANDOM_WEATHER_WGEN,2,15,45,120,CC8CD41CEF907C4D216069122C4B89936211361F9050A717A1E37AD1862E952F
P0385,W2,RANDOM_WEATHER_WGEN,2,0,0,0,4CBBD8CA5215B8D161AEC181A74B694F4E24B001D5B081DC0030ED797A8973E0
P0386,W2,RANDOM_WEATHER_WGEN,2,0,0,0,1B897DDDD4C151E2A2E6E3E91B7EA0F7FC4FD5ED00EF1C9669E8566393A02586
P0387,W2,RANDOM_WEATHER_WGEN,2,15,45,120,CC8CD41CEF907C4D216069122C4B89936211361F9050A717A1E37AD1862E952F
P0388,W2,RANDOM_WEATHER_WGEN,2,0,0,0,4CBBD8CA5215B8D161AEC181A74B694F4E24B001D5B081DC0030ED797A8973E0
P0389,W2,RANDOM_WEATHER_WGEN,2,0,0,0,A020B7F8043620B11605E4B25E35803538E4679D5F7A9E6AE90300BF28791989
P0390,W2,RANDOM_WEATHER_WGEN,2,15,45,120,CC8CD41CEF907C4D216069122C4B89936211361F9050A717A1E37AD1862E952F
P0391,W2,RANDOM_WEATHER_WGEN,2,0,0,0,A2AE27368CB8E5358848B174FE9B8BF042D393E0B54D4463130C40AED4CA569B
P0392,W2,RANDOM_WEATHER_WGEN,2,0,0,0,A2AE27368CB8E5358848B174FE9B8BF042D393E0B54D4463130C40AED4CA569B
P0393,W2,RANDOM_WEATHER_WGEN,2,0,0,0,1B897DDDD4C151E2A2E6E3E91B7EA0F7FC4FD5ED00EF1C9669E8566393A02586
P0394,W2,RANDOM_WEATHER_WGEN,2,0,0,0,CC8CD41CEF907C4D216069122C4B89936211361F9050A717A1E37AD1862E952F
P0395,W2,RANDOM_WEATHER_WGEN,2,0,0,0,4CBBD8CA5215B8D161AEC181A74B694F4E24B001D5B081DC0030ED797A8973E0
P0396,W2,RANDOM_WEATHER_WGEN,2,0,0,0,CC8CD41CEF907C4D216069122C4B89936211361F9050A717A1E37AD1862E952F
P0397,W2,RANDOM_WEATHER_WGEN,2,0,0,0,CC8CD41CEF907C4D216069122C4B89936211361F9050A717A1E37AD1862E952F
P0398,W2,RANDOM_WEATHER_WGEN,2,0,0,0,0EF6657F1EF3D57D3039B838837EE670569C55FAEC16004B220C894540BCD97D
P0399,W2,RANDOM_WEATHER_WGEN,2,0,0,0,CC8CD41CEF907C4D216069122C4B89936211361F9050A717A1E37AD1862E952F
P0400,W2,RANDOM_WEATHER_WGEN,2,0,0,0,4CBBD8CA5215B8D161AEC181A74B694F4E24B001D5B081DC0030ED797A8973E0
P0401,W2,RANDOM_WEATHER_WGEN,2,0,0,0,4B0EBEA5AFB86AFBADF12EEDC5C56E680F4946E61EFE94AD358B6FF89EA5FEC7
P0402,W2,RANDOM_WEATHER_WGEN,2,0,0,0,1B897DDDD4C151E2A2E6E3E91B7EA0F7FC4FD5ED00EF1C9669E8566393A02586
P0403,W2,RANDOM_WEATHER_WGEN,2,0,0,0,CC8CD41CEF907C4D216069122C4B89936211361F9050A717A1E37AD1862E952F
P0404,W2,RANDOM_WEATHER_WGEN,2,0,0,0,A020B7F8043620B11605E4B25E35803538E4679D5F7A9E6AE90300BF28791989
P0405,W2,RANDOM_WEATHER_WGEN,2,0,0,0,4CBBD8CA5215B8D161AEC181A74B694F4E24B001D5B081DC0030ED797A8973E0
P0406,W2,RANDOM_WEATHER_WGEN,2,0,0,0,CC8CD41CEF907C4D216069122C4B89936211361F9050A717A1E37AD1862E952F
P0407,W2,RANDOM_WEATHER_WGEN,2,0,0,0,CC8CD41CEF907C4D216069122C4B89936211361F9050A717A1E37AD1862E952F
P0408,W2,RANDOM_WEATHER_WGEN,2,0,0,0,4CBBD8CA5215B8D161AEC181A74B694F4E24B001D5B081DC0030ED797A8973E0
P0409,W2,RANDOM_WEATHER_WGEN,2,0,0,0,4B0EBEA5AFB86AFBADF12EEDC5C56E680F4946E61EFE94AD358B6FF89EA5FEC7
P0410,W2,RANDOM_WEATHER_WGEN,2,0,0,0,4B0EBEA5AFB86AFBADF12EEDC5C56E680F4946E61EFE94AD358B6FF89EA5FEC7
P0411,W2,RANDOM_WEATHER_WGEN,2,0,0,0,A2AE27368CB8E5358848B174FE9B8BF042D393E0B54D4463130C40AED4CA569B
P0412,W2,RANDOM_WEATHER_WGEN,2,0,0,0,4B0EBEA5AFB86AFBADF12EEDC5C56E680F4946E61EFE94AD358B6FF89EA5FEC7
P0413,W2,RANDOM_WEATHER_WGEN,2,0,0,0,CC8CD41CEF907C4D216069122C4B89936211361F9050A717A1E37AD1862E952F
P0414,W2,RANDOM_WEATHER_WGEN,2,0,0,0,4CBBD8CA5215B8D161AEC181A74B694F4E24B001D5B081DC0030ED797A8973E0
P0415,W2,RANDOM_WEATHER_WGEN,2,0,0,0,4CBBD8CA5215B8D161AEC181A74B694F4E24B001D5B081DC0030ED797A8973E0
P0416,W2,RANDOM_WEATHER_WGEN,2,0,0,0,A2AE27368CB8E5358848B174FE9B8BF042D393E0B54D4463130C40AED4CA569B
P0417,W2,RANDOM_WEATHER_WGEN,2,0,0,0,CC8CD41CEF907C4D216069122C4B89936211361F9050A717A1E37AD1862E952F
P0418,W2,RANDOM_WEATHER_WGEN,2,0,0,0,4CBBD8CA5215B8D161AEC181A74B694F4E24B001D5B081DC0030ED797A8973E0
P0419,W2,RANDOM_WEATHER_WGEN,2,0,0,0,CC8CD41CEF907C4D216069122C4B89936211361F9050A717A1E37AD1862E952F
P0420,W2,RANDOM_WEATHER_WGEN,2,0,0,0,CC8CD41CEF907C4D216069122C4B89936211361F9050A717A1E37AD1862E952F
P0421,W2,RANDOM_WEATHER_WGEN,2,0,0,0,CC8CD41CEF907C4D216069122C4B89936211361F9050A717A1E37AD1862E952F
P0422,W2,RANDOM_WEATHER_WGEN,2,0,0,0,0EF6657F1EF3D57D3039B838837EE670569C55FAEC16004B220C894540BCD97D
P0423,W2,RANDOM_WEATHER_WGEN,2,0,0,0,0EF6657F1EF3D57D3039B838837EE670569C55FAEC16004B220C894540BCD97D
P0424,W2,RANDOM_WEATHER_WGEN,2,0,0,0,CC8CD41CEF907C4D216069122C4B89936211361F9050A717A1E37AD1862E952F
P0425,W2,RANDOM_WEATHER_WGEN,2,0,0,0,4CBBD8CA5215B8D161AEC181A74B694F4E24B001D5B081DC0030ED797A8973E0
P0426,W2,RANDOM_WEATHER_WGEN,2,0,0,0,4CBBD8CA5215B8D161AEC181A74B694F4E24B001D5B081DC0030ED797A8973E0
P0427,W2,RANDOM_WEATHER_WGEN,2,0,0,0,A020B7F8043620B11605E4B25E35803538E4679D5F7A9E6AE90300BF28791989
P0428,W2,RANDOM_WEATHER_WGEN,2,0,0,0,CC8CD41CEF907C4D216069122C4B89936211361F9050A717A1E37AD1862E952F
P0429,W2,RANDOM_WEATHER_WGEN,2,0,0,0,4CBBD8CA5215B8D161AEC181A74B694F4E24B001D5B081DC0030ED797A8973E0
P0430,W2,RANDOM_WEATHER_WGEN,2,0,0,0,1B897DDDD4C151E2A2E6E3E91B7EA0F7FC4FD5ED00EF1C9669E8566393A02586
P0431,W2,RANDOM_WEATHER_WGEN,2,0,0,0,4CBBD8CA5215B8D161AEC181A74B694F4E24B001D5B081DC0030ED797A8973E0
P0432,W2,RANDOM_WEATHER_WGEN,2,0,0,0,4CBBD8CA5215B8D161AEC181A74B694F4E24B001D5B081DC0030ED797A8973E0
P0433,W2,RANDOM_WEATHER_WGEN,2,0,0,0,CC8CD41CEF907C4D216069122C4B89936211361F9050A717A1E37AD1862E952F
P0434,W2,RANDOM_WEATHER_WGEN,2,0,0,0,4CBBD8CA5215B8D161AEC181A74B694F4E24B001D5B081DC0030ED797A8973E0
P0435,W2,RANDOM_WEATHER_WGEN,2,0,0,0,4B0EBEA5AFB86AFBADF12EEDC5C56E680F4946E61EFE94AD358B6FF89EA5FEC7
P0436,W2,RANDOM_WEATHER_WGEN,2,0,0,0,4CBBD8CA5215B8D161AEC181A74B694F4E24B001D5B081DC0030ED797A8973E0
P0437,W2,RANDOM_WEATHER_WGEN,2,0,0,0,CC8CD41CEF907C4D216069122C4B89936211361F9050A717A1E37AD1862E952F
P0438,W2,RANDOM_WEATHER_WGEN,2,0,0,0,0EF6657F1EF3D57D3039B838837EE670569C55FAEC16004B220C894540BCD97D
P0439,W2,RANDOM_WEATHER_WGEN,2,0,0,0,CC8CD41CEF907C4D216069122C4B89936211361F9050A717A1E37AD1862E952F
P0440,W2,RANDOM_WEATHER_WGEN,2,0,0,0,A020B7F8043620B11605E4B25E35803538E4679D5F7A9E6AE90300BF28791989
P0441,W2,RANDOM_WEATHER_WGEN,2,0,0,0,CC8CD41CEF907C4D216069122C4B89936211361F9050A717A1E37AD1862E952F
P0442,W2,RANDOM_WEATHER_WGEN,2,0,0,0,4B0EBEA5AFB86AFBADF12EEDC5C56E680F4946E61EFE94AD358B6FF89EA5FEC7
P0443,W2,RANDOM_WEATHER_WGEN,2,0,0,0,4CBBD8CA5215B8D161AEC181A74B694F4E24B001D5B081DC0030ED797A8973E0
P0444,W2,RANDOM_WEATHER_WGEN,2,0,0,0,3B0E4842B28D6B39EC725A6459FB943F5F1D658F4D0EE991004DD50F2C182F31
P0445,W2,RANDOM_WEATHER_WGEN,2,0,0,0,CC8CD41CEF907C4D216069122C4B89936211361F9050A717A1E37AD1862E952F
P0446,W2,RANDOM_WEATHER_WGEN,2,0,0,0,4CBBD8CA5215B8D161AEC181A74B694F4E24B001D5B081DC0030ED797A8973E0
P0447,W2,RANDOM_WEATHER_WGEN,2,0,0,0,A2AE27368CB8E5358848B174FE9B8BF042D393E0B54D4463130C40AED4CA569B
P0448,W2,RANDOM_WEATHER_WGEN,2,0,0,0,4CBBD8CA5215B8D161AEC181A74B694F4E24B001D5B081DC0030ED797A8973E0
P0449,W2,RANDOM_WEATHER_WGEN,2,0,0,0,4CBBD8CA5215B8D161AEC181A74B694F4E24B001D5B081DC0030ED797A8973E0
P0450,W2,RANDOM_WEATHER_WGEN,2,0,0,0,4B0EBEA5AFB86AFBADF12EEDC5C56E680F4946E61EFE94AD358B6FF89EA5FEC7
P0451,W2,RANDOM_WEATHER_WGEN,2,0,0,0,4CBBD8CA5215B8D161AEC181A74B694F4E24B001D5B081DC0030ED797A8973E0
P0452,W2,RANDOM_WEATHER_WGEN,2,0,0,0,4CBBD8CA5215B8D161AEC181A74B694F4E24B001D5B081DC0030ED797A8973E0
P0453,W2,RANDOM_WEATHER_WGEN,2,0,0,0,4CBBD8CA5215B8D161AEC181A74B694F4E24B001D5B081DC0030ED797A8973E0
P0454,W2,RANDOM_WEATHER_WGEN,2,0,0,0,CC8CD41CEF907C4D216069122C4B89936211361F9050A717A1E37AD1862E952F
P0455,W2,RANDOM_WEATHER_WGEN,2,0,0,0,4CBBD8CA5215B8D161AEC181A74B694F4E24B001D5B081DC0030ED797A8973E0
P0456,W2,RANDOM_WEATHER_WGEN,2,0,0,0,CC8CD41CEF907C4D216069122C4B89936211361F9050A717A1E37AD1862E952F
P0457,W2,RANDOM_WEATHER_WGEN,2,0,0,0,CC8CD41CEF907C4D216069122C4B89936211361F9050A717A1E37AD1862E952F
P0458,W2,RANDOM_WEATHER_WGEN,2,9,30,40,4B0EBEA5AFB86AFBADF12EEDC5C56E680F4946E61EFE94AD358B6FF89EA5FEC7
P0459,W2,RANDOM_WEATHER_WGEN,2,0,0,0,1B897DDDD4C151E2A2E6E3E91B7EA0F7FC4FD5ED00EF1C9669E8566393A02586
P0460,W2,RANDOM_WEATHER_WGEN,2,0,0,0,A2AE27368CB8E5358848B174FE9B8BF042D393E0B54D4463130C40AED4CA569B
P0461,W2,RANDOM_WEATHER_WGEN,2,0,0,0,CC8CD41CEF907C4D216069122C4B89936211361F9050A717A1E37AD1862E952F
P0462,W2,RANDOM_WEATHER_WGEN,2,0,0,0,1B897DDDD4C151E2A2E6E3E91B7EA0F7FC4FD5ED00EF1C9669E8566393A02586
P0463,W2,RANDOM_WEATHER_WGEN,2,0,0,0,CC8CD41CEF907C4D216069122C4B89936211361F9050A717A1E37AD1862E952F
P0464,W2,RANDOM_WEATHER_WGEN,2,0,0,0,4B0EBEA5AFB86AFBADF12EEDC5C56E680F4946E61EFE94AD358B6FF89EA5FEC7
P0465,W2,RANDOM_WEATHER_WGEN,2,0,0,0,CC8CD41CEF907C4D216069122C4B89936211361F9050A717A1E37AD1862E952F
P0466,W2,RANDOM_WEATHER_WGEN,2,0,0,0,CC8CD41CEF907C4D216069122C4B89936211361F9050A717A1E37AD1862E952F
P0467,W2,RANDOM_WEATHER_WGEN,2,0,0,0,4B0EBEA5AFB86AFBADF12EEDC5C56E680F4946E61EFE94AD358B6FF89EA5FEC7
P0468,W2,RANDOM_WEATHER_WGEN,2,0,0,0,CC8CD41CEF907C4D216069122C4B89936211361F9050A717A1E37AD1862E952F
P0469,W2,RANDOM_WEATHER_WGEN,2,0,0,0,4B0EBEA5AFB86AFBADF12EEDC5C56E680F4946E61EFE94AD358B6FF89EA5FEC7
P0470,W2,RANDOM_WEATHER_WGEN,2,0,0,0,1B897DDDD4C151E2A2E6E3E91B7EA0F7FC4FD5ED00EF1C9669E8566393A02586
P0471,W2,RANDOM_WEATHER_WGEN,2,0,0,0,4CBBD8CA5215B8D161AEC181A74B694F4E24B001D5B081DC0030ED797A8973E0
P0472,W2,RANDOM_WEATHER_WGEN,2,0,0,0,A2AE27368CB8E5358848B174FE9B8BF042D393E0B54D4463130C40AED4CA569B
P0473,W2,RANDOM_WEATHER_WGEN,2,0,0,0,4B0EBEA5AFB86AFBADF12EEDC5C56E680F4946E61EFE94AD358B6FF89EA5FEC7
P0474,W2,RANDOM_WEATHER_WGEN,2,0,0,0,CC8CD41CEF907C4D216069122C4B89936211361F9050A717A1E37AD1862E952F
P0475,W2,RANDOM_WEATHER_WGEN,2,0,0,0,CC8CD41CEF907C4D216069122C4B89936211361F9050A717A1E37AD1862E952F
P0476,W2,RANDOM_WEATHER_WGEN,2,5,15,40,4B0EBEA5AFB86AFBADF12EEDC5C56E680F4946E61EFE94AD358B6FF89EA5FEC7
P0477,W2,RANDOM_WEATHER_WGEN,2,0,0,0,A2AE27368CB8E5358848B174FE9B8BF042D393E0B54D4463130C40AED4CA569B
P0478,W2,RANDOM_WEATHER_WGEN,2,0,0,0,CC8CD41CEF907C4D216069122C4B89936211361F9050A717A1E37AD1862E952F
P0479,W2,RANDOM_WEATHER_WGEN,2,0,0,0,4CBBD8CA5215B8D161AEC181A74B694F4E24B001D5B081DC0030ED797A8973E0
P0480,W2,RANDOM_WEATHER_WGEN,2,0,0,0,CC8CD41CEF907C4D216069122C4B89936211361F9050A717A1E37AD1862E952F
P0481,W2,RANDOM_WEATHER_WGEN,2,0,0,0,4CBBD8CA5215B8D161AEC181A74B694F4E24B001D5B081DC0030ED797A8973E0
P0482,W2,RANDOM_WEATHER_WGEN,2,0,0,0,CC8CD41CEF907C4D216069122C4B89936211361F9050A717A1E37AD1862E952F
P0483,W2,RANDOM_WEATHER_WGEN,2,0,0,0,CC8CD41CEF907C4D216069122C4B89936211361F9050A717A1E37AD1862E952F
P0484,W2,RANDOM_WEATHER_WGEN,2,0,0,0,4B0EBEA5AFB86AFBADF12EEDC5C56E680F4946E61EFE94AD358B6FF89EA5FEC7
P0485,W2,RANDOM_WEATHER_WGEN,2,0,0,0,4CBBD8CA5215B8D161AEC181A74B694F4E24B001D5B081DC0030ED797A8973E0
P0486,W2,RANDOM_WEATHER_WGEN,2,0,0,0,4B0EBEA5AFB86AFBADF12EEDC5C56E680F4946E61EFE94AD358B6FF89EA5FEC7
P0487,W2,RANDOM_WEATHER_WGEN,2,0,0,0,4CBBD8CA5215B8D161AEC181A74B694F4E24B001D5B081DC0030ED797A8973E0
P0488,W2,RANDOM_WEATHER_WGEN,2,0,0,0,CC8CD41CEF907C4D216069122C4B89936211361F9050A717A1E37AD1862E952F
P0489,W2,RANDOM_WEATHER_WGEN,2,0,0,0,A020B7F8043620B11605E4B25E35803538E4679D5F7A9E6AE90300BF28791989
P0490,W2,RANDOM_WEATHER_WGEN,2,0,0,0,4CBBD8CA5215B8D161AEC181A74B694F4E24B001D5B081DC0030ED797A8973E0
P0491,W2,RANDOM_WEATHER_WGEN,2,0,0,0,4CBBD8CA5215B8D161AEC181A74B694F4E24B001D5B081DC0030ED797A8973E0
P0492,W2,RANDOM_WEATHER_WGEN,2,0,0,0,CC8CD41CEF907C4D216069122C4B89936211361F9050A717A1E37AD1862E952F
P0493,W2,RANDOM_WEATHER_WGEN,2,0,0,0,4CBBD8CA5215B8D161AEC181A74B694F4E24B001D5B081DC0030ED797A8973E0
P0494,W2,RANDOM_WEATHER_WGEN,2,0,0,0,4CBBD8CA5215B8D161AEC181A74B694F4E24B001D5B081DC0030ED797A8973E0
P0495,W2,RANDOM_WEATHER_WGEN,2,0,0,0,0EF6657F1EF3D57D3039B838837EE670569C55FAEC16004B220C894540BCD97D
P0496,W2,RANDOM_WEATHER_WGEN,2,5,15,40,4B0EBEA5AFB86AFBADF12EEDC5C56E680F4946E61EFE94AD358B6FF89EA5FEC7
P0497,W2,RANDOM_WEATHER_WGEN,2,0,0,0,A020B7F8043620B11605E4B25E35803538E4679D5F7A9E6AE90300BF28791989
P0498,W2,RANDOM_WEATHER_WGEN,2,5,15,40,4B0EBEA5AFB86AFBADF12EEDC5C56E680F4946E61EFE94AD358B6FF89EA5FEC7
P0499,W2,RANDOM_WEATHER_WGEN,2,0,0,0,4B0EBEA5AFB86AFBADF12EEDC5C56E680F4946E61EFE94AD358B6FF89EA5FEC7
P0500,W2,RANDOM_WEATHER_WGEN,2,0,0,0,4CBBD8CA5215B8D161AEC181A74B694F4E24B001D5B081DC0030ED797A8973E0
P0501,W2,RANDOM_WEATHER_WGEN,2,0,0,0,CC8CD41CEF907C4D216069122C4B89936211361F9050A717A1E37AD1862E952F
P0502,W2,RANDOM_WEATHER_WGEN,2,0,0,0,4CBBD8CA5215B8D161AEC181A74B694F4E24B001D5B081DC0030ED797A8973E0
P0503,W2,RANDOM_WEATHER_WGEN,2,0,0,0,CC8CD41CEF907C4D216069122C4B89936211361F9050A717A1E37AD1862E952F
P0504,W2,RANDOM_WEATHER_WGEN,2,0,0,0,CC8CD41CEF907C4D216069122C4B89936211361F9050A717A1E37AD1862E952F
P0505,W2,RANDOM_WEATHER_WGEN,2,0,0,0,0EF6657F1EF3D57D3039B838837EE670569C55FAEC16004B220C894540BCD97D
P0506,W2,RANDOM_WEATHER_WGEN,2,0,0,0,0EF6657F1EF3D57D3039B838837EE670569C55FAEC16004B220C894540BCD97D
P0507,W2,RANDOM_WEATHER_WGEN,2,0,0,0,4CBBD8CA5215B8D161AEC181A74B694F4E24B001D5B081DC0030ED797A8973E0
P0508,W2,RANDOM_WEATHER_WGEN,2,0,0,0,A020B7F8043620B11605E4B25E35803538E4679D5F7A9E6AE90300BF28791989
P0509,W2,RANDOM_WEATHER_WGEN,2,0,0,0,CC8CD41CEF907C4D216069122C4B89936211361F9050A717A1E37AD1862E952F
P0510,W2,RANDOM_WEATHER_WGEN,2,0,0,0,4CBBD8CA5215B8D161AEC181A74B694F4E24B001D5B081DC0030ED797A8973E0
P0511,W2,RANDOM_WEATHER_WGEN,2,0,0,0,3B0E4842B28D6B39EC725A6459FB943F5F1D658F4D0EE991004DD50F2C182F31
P0512,W2,RANDOM_WEATHER_WGEN,2,0,0,0,CC8CD41CEF907C4D216069122C4B89936211361F9050A717A1E37AD1862E952F
P0513,W2,RANDOM_WEATHER_WGEN,2,0,0,0,4B0EBEA5AFB86AFBADF12EEDC5C56E680F4946E61EFE94AD358B6FF89EA5FEC7
P0514,W2,RANDOM_WEATHER_WGEN,2,0,0,0,CC8CD41CEF907C4D216069122C4B89936211361F9050A717A1E37AD1862E952F
P0515,W2,RANDOM_WEATHER_WGEN,2,0,0,0,4CBBD8CA5215B8D161AEC181A74B694F4E24B001D5B081DC0030ED797A8973E0
P0516,W2,RANDOM_WEATHER_WGEN,2,0,0,0,CC8CD41CEF907C4D216069122C4B89936211361F9050A717A1E37AD1862E952F
P0517,W2,RANDOM_WEATHER_WGEN,2,0,0,0,4B0EBEA5AFB86AFBADF12EEDC5C56E680F4946E61EFE94AD358B6FF89EA5FEC7
P0518,W2,RANDOM_WEATHER_WGEN,2,1,0,40,3B0E4842B28D6B39EC725A6459FB943F5F1D658F4D0EE991004DD50F2C182F31
P0519,W2,RANDOM_WEATHER_WGEN,2,0,0,0,4B0EBEA5AFB86AFBADF12EEDC5C56E680F4946E61EFE94AD358B6FF89EA5FEC7
P0520,W2,RANDOM_WEATHER_WGEN,2,0,0,0,1B897DDDD4C151E2A2E6E3E91B7EA0F7FC4FD5ED00EF1C9669E8566393A02586
P0521,W2,RANDOM_WEATHER_WGEN,2,0,0,0,0EF6657F1EF3D57D3039B838837EE670569C55FAEC16004B220C894540BCD97D
P0522,W2,RANDOM_WEATHER_WGEN,2,0,0,0,4CBBD8CA5215B8D161AEC181A74B694F4E24B001D5B081DC0030ED797A8973E0
P0523,W2,RANDOM_WEATHER_WGEN,2,0,0,0,4CBBD8CA5215B8D161AEC181A74B694F4E24B001D5B081DC0030ED797A8973E0
P0524,W2,RANDOM_WEATHER_WGEN,2,0,0,0,CC8CD41CEF907C4D216069122C4B89936211361F9050A717A1E37AD1862E952F
P0525,W2,RANDOM_WEATHER_WGEN,2,0,0,0,4CBBD8CA5215B8D161AEC181A74B694F4E24B001D5B081DC0030ED797A8973E0
P0526,W2,RANDOM_WEATHER_WGEN,2,0,0,0,CC8CD41CEF907C4D216069122C4B89936211361F9050A717A1E37AD1862E952F
P0527,W2,RANDOM_WEATHER_WGEN,2,0,0,0,4CBBD8CA5215B8D161AEC181A74B694F4E24B001D5B081DC0030ED797A8973E0
P0528,W2,RANDOM_WEATHER_WGEN,2,0,0,0,CC8CD41CEF907C4D216069122C4B89936211361F9050A717A1E37AD1862E952F
P0529,W2,RANDOM_WEATHER_WGEN,2,0,0,0,A020B7F8043620B11605E4B25E35803538E4679D5F7A9E6AE90300BF28791989
P0530,W2,RANDOM_WEATHER_WGEN,2,0,0,0,CC8CD41CEF907C4D216069122C4B89936211361F9050A717A1E37AD1862E952F
P0531,W2,RANDOM_WEATHER_WGEN,2,0,0,0,CC8CD41CEF907C4D216069122C4B89936211361F9050A717A1E37AD1862E952F
P0532,W2,RANDOM_WEATHER_WGEN,2,0,0,0,CC8CD41CEF907C4D216069122C4B89936211361F9050A717A1E37AD1862E952F
P0533,W2,RANDOM_WEATHER_WGEN,2,0,0,0,4B0EBEA5AFB86AFBADF12EEDC5C56E680F4946E61EFE94AD358B6FF89EA5FEC7
P0534,W2,RANDOM_WEATHER_WGEN,2,0,0,0,4B0EBEA5AFB86AFBADF12EEDC5C56E680F4946E61EFE94AD358B6FF89EA5FEC7
P0535,W2,RANDOM_WEATHER_WGEN,2,0,0,0,CC8CD41CEF907C4D216069122C4B89936211361F9050A717A1E37AD1862E952F
P0536,W2,RANDOM_WEATHER_WGEN,2,0,0,0,4B0EBEA5AFB86AFBADF12EEDC5C56E680F4946E61EFE94AD358B6FF89EA5FEC7
P0537,W2,RANDOM_WEATHER_WGEN,2,0,0,0,4CBBD8CA5215B8D161AEC181A74B694F4E24B001D5B081DC0030ED797A8973E0
P0538,W2,RANDOM_WEATHER_WGEN,2,0,0,0,A020B7F8043620B11605E4B25E35803538E4679D5F7A9E6AE90300BF28791989
P0539,W2,RANDOM_WEATHER_WGEN,2,0,0,0,1B897DDDD4C151E2A2E6E3E91B7EA0F7FC4FD5ED00EF1C9669E8566393A02586
P0540,W2,RANDOM_WEATHER_WGEN,2,0,0,0,4CBBD8CA5215B8D161AEC181A74B694F4E24B001D5B081DC0030ED797A8973E0
P0541,W2,RANDOM_WEATHER_WGEN,2,1,0,40,99F4D3181D0BE579A5E933E01B58F09B7FAF629995C121FB02452D7EE3EA2A24
P0542,W2,RANDOM_WEATHER_WGEN,2,0,0,0,CC8CD41CEF907C4D216069122C4B89936211361F9050A717A1E37AD1862E952F
P0543,W2,RANDOM_WEATHER_WGEN,2,0,0,0,4B0EBEA5AFB86AFBADF12EEDC5C56E680F4946E61EFE94AD358B6FF89EA5FEC7
P0544,W2,RANDOM_WEATHER_WGEN,2,0,0,0,CC8CD41CEF907C4D216069122C4B89936211361F9050A717A1E37AD1862E952F
P0545,W2,RANDOM_WEATHER_WGEN,2,0,0,0,1B897DDDD4C151E2A2E6E3E91B7EA0F7FC4FD5ED00EF1C9669E8566393A02586
P0546,W2,RANDOM_WEATHER_WGEN,2,0,0,0,CC8CD41CEF907C4D216069122C4B89936211361F9050A717A1E37AD1862E952F
P0547,W2,RANDOM_WEATHER_WGEN,2,0,0,0,4CBBD8CA5215B8D161AEC181A74B694F4E24B001D5B081DC0030ED797A8973E0
P0548,W2,RANDOM_WEATHER_WGEN,2,0,0,0,CC8CD41CEF907C4D216069122C4B89936211361F9050A717A1E37AD1862E952F
P0549,W2,RANDOM_WEATHER_WGEN,2,0,0,0,4CBBD8CA5215B8D161AEC181A74B694F4E24B001D5B081DC0030ED797A8973E0
P0550,W2,RANDOM_WEATHER_WGEN,2,0,0,0,0EF6657F1EF3D57D3039B838837EE670569C55FAEC16004B220C894540BCD97D
P0551,W2,RANDOM_WEATHER_WGEN,2,0,0,0,4CBBD8CA5215B8D161AEC181A74B694F4E24B001D5B081DC0030ED797A8973E0
P0552,W2,RANDOM_WEATHER_WGEN,2,0,0,0,CC8CD41CEF907C4D216069122C4B89936211361F9050A717A1E37AD1862E952F
P0553,W2,RANDOM_WEATHER_WGEN,2,0,0,0,CC8CD41CEF907C4D216069122C4B89936211361F9050A717A1E37AD1862E952F
P0554,W2,RANDOM_WEATHER_WGEN,2,0,0,0,4CBBD8CA5215B8D161AEC181A74B694F4E24B001D5B081DC0030ED797A8973E0
P0555,W2,RANDOM_WEATHER_WGEN,2,0,0,0,1B897DDDD4C151E2A2E6E3E91B7EA0F7FC4FD5ED00EF1C9669E8566393A02586
P0556,W2,RANDOM_WEATHER_WGEN,2,0,0,0,4CBBD8CA5215B8D161AEC181A74B694F4E24B001D5B081DC0030ED797A8973E0
P0557,W2,RANDOM_WEATHER_WGEN,2,0,0,0,0EF6657F1EF3D57D3039B838837EE670569C55FAEC16004B220C894540BCD97D
P0558,W2,RANDOM_WEATHER_WGEN,2,0,0,0,CC8CD41CEF907C4D216069122C4B89936211361F9050A717A1E37AD1862E952F
P0559,W2,RANDOM_WEATHER_WGEN,2,0,0,0,0EF6657F1EF3D57D3039B838837EE670569C55FAEC16004B220C894540BCD97D
P0560,W2,RANDOM_WEATHER_WGEN,2,0,0,0,0EF6657F1EF3D57D3039B838837EE670569C55FAEC16004B220C894540BCD97D
P0561,W2,RANDOM_WEATHER_WGEN,2,0,0,0,3B0E4842B28D6B39EC725A6459FB943F5F1D658F4D0EE991004DD50F2C182F31
P0562,W2,RANDOM_WEATHER_WGEN,2,0,0,0,CC8CD41CEF907C4D216069122C4B89936211361F9050A717A1E37AD1862E952F
P0563,W2,RANDOM_WEATHER_WGEN,2,0,0,0,CC8CD41CEF907C4D216069122C4B89936211361F9050A717A1E37AD1862E952F
P0564,W2,RANDOM_WEATHER_WGEN,2,0,0,0,CC8CD41CEF907C4D216069122C4B89936211361F9050A717A1E37AD1862E952F
P0565,W2,RANDOM_WEATHER_WGEN,2,0,0,0,CC8CD41CEF907C4D216069122C4B89936211361F9050A717A1E37AD1862E952F
P0566,W2,RANDOM_WEATHER_WGEN,2,0,0,0,1B897DDDD4C151E2A2E6E3E91B7EA0F7FC4FD5ED00EF1C9669E8566393A02586
P0567,W2,RANDOM_WEATHER_WGEN,2,0,0,0,CC8CD41CEF907C4D216069122C4B89936211361F9050A717A1E37AD1862E952F
P0568,W2,RANDOM_WEATHER_WGEN,2,0,0,0,4B0EBEA5AFB86AFBADF12EEDC5C56E680F4946E61EFE94AD358B6FF89EA5FEC7
P0569,W2,RANDOM_WEATHER_WGEN,2,0,0,0,CC8CD41CEF907C4D216069122C4B89936211361F9050A717A1E37AD1862E952F
P0570,W2,RANDOM_WEATHER_WGEN,2,0,0,0,CC8CD41CEF907C4D216069122C4B89936211361F9050A717A1E37AD1862E952F
P0571,W2,RANDOM_WEATHER_WGEN,2,0,0,0,CC8CD41CEF907C4D216069122C4B89936211361F9050A717A1E37AD1862E952F
P0572,W2,RANDOM_WEATHER_WGEN,2,0,0,0,0EF6657F1EF3D57D3039B838837EE670569C55FAEC16004B220C894540BCD97D
P0573,W2,RANDOM_WEATHER_WGEN,2,0,0,0,CC8CD41CEF907C4D216069122C4B89936211361F9050A717A1E37AD1862E952F
P0574,W2,RANDOM_WEATHER_WGEN,2,0,0,0,4CBBD8CA5215B8D161AEC181A74B694F4E24B001D5B081DC0030ED797A8973E0
P0575,W2,RANDOM_WEATHER_WGEN,2,0,0,0,4CBBD8CA5215B8D161AEC181A74B694F4E24B001D5B081DC0030ED797A8973E0
P0576,W2,RANDOM_WEATHER_WGEN,2,0,0,0,99F4D3181D0BE579A5E933E01B58F09B7FAF629995C121FB02452D7EE3EA2A24
P0577,W2,RANDOM_WEATHER_WGEN,2,0,0,0,0EF6657F1EF3D57D3039B838837EE670569C55FAEC16004B220C894540BCD97D
P0578,W2,RANDOM_WEATHER_WGEN,2,0,0,0,CC8CD41CEF907C4D216069122C4B89936211361F9050A717A1E37AD1862E952F
P0579,W2,RANDOM_WEATHER_WGEN,2,0,0,0,4CBBD8CA5215B8D161AEC181A74B694F4E24B001D5B081DC0030ED797A8973E0
P0580,W2,RANDOM_WEATHER_WGEN,2,0,0,0,0EF6657F1EF3D57D3039B838837EE670569C55FAEC16004B220C894540BCD97D
P0581,W2,RANDOM_WEATHER_WGEN,2,5,15,40,4B0EBEA5AFB86AFBADF12EEDC5C56E680F4946E61EFE94AD358B6FF89EA5FEC7
P0582,W2,RANDOM_WEATHER_WGEN,2,0,0,0,CC8CD41CEF907C4D216069122C4B89936211361F9050A717A1E37AD1862E952F
P0583,W2,RANDOM_WEATHER_WGEN,2,0,0,0,4B0EBEA5AFB86AFBADF12EEDC5C56E680F4946E61EFE94AD358B6FF89EA5FEC7
P0584,W2,RANDOM_WEATHER_WGEN,2,0,0,0,1B897DDDD4C151E2A2E6E3E91B7EA0F7FC4FD5ED00EF1C9669E8566393A02586
P0585,W2,RANDOM_WEATHER_WGEN,2,0,0,0,CC8CD41CEF907C4D216069122C4B89936211361F9050A717A1E37AD1862E952F
P0586,W2,RANDOM_WEATHER_WGEN,2,0,0,0,4CBBD8CA5215B8D161AEC181A74B694F4E24B001D5B081DC0030ED797A8973E0
P0587,W2,RANDOM_WEATHER_WGEN,2,0,0,0,CC8CD41CEF907C4D216069122C4B89936211361F9050A717A1E37AD1862E952F
P0588,W2,RANDOM_WEATHER_WGEN,2,0,0,0,4CBBD8CA5215B8D161AEC181A74B694F4E24B001D5B081DC0030ED797A8973E0
P0589,W2,RANDOM_WEATHER_WGEN,2,0,0,0,CC8CD41CEF907C4D216069122C4B89936211361F9050A717A1E37AD1862E952F
P0590,W2,RANDOM_WEATHER_WGEN,2,0,0,0,4B0EBEA5AFB86AFBADF12EEDC5C56E680F4946E61EFE94AD358B6FF89EA5FEC7
P0591,W2,RANDOM_WEATHER_WGEN,2,0,0,0,CC8CD41CEF907C4D216069122C4B89936211361F9050A717A1E37AD1862E952F
P0592,W2,RANDOM_WEATHER_WGEN,2,0,0,0,CC8CD41CEF907C4D216069122C4B89936211361F9050A717A1E37AD1862E952F
P0593,W2,RANDOM_WEATHER_WGEN,2,0,0,0,4B0EBEA5AFB86AFBADF12EEDC5C56E680F4946E61EFE94AD358B6FF89EA5FEC7
P0594,W2,RANDOM_WEATHER_WGEN,2,0,0,0,0EF6657F1EF3D57D3039B838837EE670569C55FAEC16004B220C894540BCD97D
P0595,W2,RANDOM_WEATHER_WGEN,2,0,0,0,99F4D3181D0BE579A5E933E01B58F09B7FAF629995C121FB02452D7EE3EA2A24
P0596,W2,RANDOM_WEATHER_WGEN,2,0,0,0,4B0EBEA5AFB86AFBADF12EEDC5C56E680F4946E61EFE94AD358B6FF89EA5FEC7
P0597,W2,RANDOM_WEATHER_WGEN,2,0,0,0,CC8CD41CEF907C4D216069122C4B89936211361F9050A717A1E37AD1862E952F
P0598,W2,RANDOM_WEATHER_WGEN,2,0,0,0,0EF6657F1EF3D57D3039B838837EE670569C55FAEC16004B220C894540BCD97D
P0599,W2,RANDOM_WEATHER_WGEN,2,0,0,0,CC8CD41CEF907C4D216069122C4B89936211361F9050A717A1E37AD1862E952F
P0600,W2,RANDOM_WEATHER_WGEN,2,0,0,0,CC8CD41CEF907C4D216069122C4B89936211361F9050A717A1E37AD1862E952F
