probe_id,model_id,evaluation_weather_type,episode_key,timestep,date,dap,istage,swfac,nstres,cumulative_irrigation,cumulative_fertilizer,season_phase,swfac_bin,nstres_bin,resource_bin,action_mask_used_json,observation_vector_json,observation_variables_json
P0001,H0,heldout_wgen,heldout_wgen:1081,44,2008-07-25,39,3.0,0.293760597705841,0.0,105.0,240.0,mid,"(0.25,0.50]",<=0.05,2,"[1, 0, 0, 0, 0, 0, 0, 0, 0, 0, 0, 0, 0, 0, 0, 0]","[239.99998474121094,39.0,15.73466682434082,3.2986977100372314,0.0,3.0,0.0,90.0,22.315471649169922,0.4276689887046814,0.2874779999256134,0.12401299923658371,0.13725300133228302,0.14074799418449402,0.09484600275754929,0.29376059770584106,26.050731658935547,3963.04541015625,105.0,19.0,90.0,3.7189807891845703]","{""cumsumfert"":239.99998474121094,""dap"":39.0,""dlayr"":5.0,""dtt"":15.73466682434082,""dul"":0.33000001311302185,""ep"":3.2986977100372314,""grnwt"":0.0,""istage"":3.0,""ll"":0.09000000357627869,""nstres"":0.0,""rtdep"":90.0,""sat"":0.4599999785423279,""srad"":22.315471649169922,""sw"":0.4276689887046814,""swfac"":0.29376059770584106,""tmax"":26.050731658935547,""topwt"":3963.0453491210938,""totir"":105.0,""vstage"":19.0,""wtdep"":90.0,""xlai"":3.7189807891845703}"
P0002,H0,heldout_wgen,heldout_wgen:1082,1,2008-06-12,0,7.0,0.1500000059604644,0.0,45.0,40.0,early,"(0.05,0.25]",<=0.05,0,"[1, 1, 1, 1, 1, 1, 1, 1, 1, 1, 1, 1, 1, 1, 1, 1]","[0.0,0.0,0.0,0.0,0.0,7.0,0.0,0.0,22.903867721557617,0.15000000596046448,0.15000000596046448,0.15000000596046448,0.15000000596046448,0.15000000596046448,0.15000000596046448,0.0,32.19139862060547,0.0,0.0,0.0,0.0,0.0]","{""cumsumfert"":0.0,""dap"":0.0,""dtt"":0.0,""ep"":0.0,""grnwt"":0.0,""istage"":7.0,""nstres"":0.0,""rtdep"":0.0,""srad"":22.903867721557617,""sw"":0.15000000596046448,""swfac"":0.15000000596046448,""tmax"":0.15000000596046448,""topwt"":0.15000000596046448,""totir"":0.15000000596046448,""vstage"":0.15000000596046448,""wtdep"":0.0,""xlai"":32.19139862060547}"
P0003,H0,heldout_wgen,heldout_wgen:1083,1,2008-06-12,0,7.0,0.1500000059604644,0.0,45.0,40.0,early,"(0.05,0.25]",<=0.05,0,"[1, 1, 1, 1, 1, 1, 1, 1, 1, 1, 1, 1, 1, 1, 1, 1]","[0.0,0.0,0.0,0.0,0.0,7.0,0.0,0.0,23.464237213134766,0.15000000596046448,0.15000000596046448,0.15000000596046448,0.15000000596046448,0.15000000596046448,0.15000000596046448,0.0,32.18851852416992,0.0,0.0,0.0,0.0,0.0]","{""cumsumfert"":0.0,""dap"":0.0,""dtt"":0.0,""ep"":0.0,""grnwt"":0.0,""istage"":7.0,""nstres"":0.0,""rtdep"":0.0,""srad"":23.464237213134766,""sw"":0.15000000596046448,""swfac"":0.15000000596046448,""tmax"":0.15000000596046448,""topwt"":0.15000000596046448,""totir"":0.15000000596046448,""vstage"":0.15000000596046448,""wtdep"":0.0,""xlai"":32.18851852416992}"
P0004,H0,heldout_wgen,heldout_wgen:1083,75,2008-08-25,70,5.0,0.0,0.0,165.0,240.0,mid,<=0.05,<=0.05,2,"[1, 0, 0, 0, 0, 0, 0, 0, 0, 0, 0, 0, 0, 0, 0, 0]","[239.99998474121094,70.0,15.816261291503906,2.8464391231536865,1185.378662109375,5.0,0.0,90.0,13.16836166381836,0.39776700735092163,0.42395099997520447,0.4500400125980377,0.48474499583244324,0.3602519929409027,0.13484999537467957,0.0,27.759828567504883,10744.0869140625,165.0,24.0,90.0,4.169492244720459]","{""cumsumfert"":239.99998474121094,""dap"":70.0,""dlayr"":5.0,""dtt"":15.816261291503906,""dul"":0.33000001311302185,""ep"":2.8464391231536865,""grnwt"":1185.378646850586,""istage"":5.0,""ll"":0.09000000357627869,""nstres"":0.0,""rtdep"":90.0,""sat"":0.4599999785423279,""srad"":13.16836166381836,""sw"":0.39776700735092163,""swfac"":0.0,""tmax"":27.759828567504883,""topwt"":10744.0869140625,""totir"":165.0,""vstage"":24.0,""wtdep"":90.0,""xlai"":4.169492244720459}"
P0005,H0,heldout_wgen,heldout_wgen:1084,41,2008-07-22,36,3.0,0.0,0.0,90.0,200.0,mid,<=0.05,<=0.05,2,"[1, 0, 0, 0, 0, 0, 0, 0, 0, 0, 0, 0, 0, 0, 0, 0]","[199.99998474121094,36.0,22.724952697753906,3.640730619430542,0.0,3.0,0.0,90.0,14.652704238891602,0.31178900599479675,0.3141089975833893,0.3060449957847595,0.21148300170898438,0.16408200562000275,0.1363700032234192,0.0,36.312191009521484,3215.814208984375,90.0,18.0,90.0,3.3296475410461426]","{""cumsumfert"":199.99998474121094,""dap"":36.0,""dlayr"":5.0,""dtt"":22.724952697753906,""dul"":0.33000001311302185,""ep"":3.640730619430542,""grnwt"":0.0,""istage"":3.0,""ll"":0.09000000357627869,""nstres"":0.0,""rtdep"":90.0,""sat"":0.4599999785423279,""srad"":14.652704238891602,""sw"":0.31178900599479675,""swfac"":0.0,""tmax"":36.312191009521484,""topwt"":3215.814208984375,""totir"":90.0,""vstage"":18.0,""wtdep"":90.0,""xlai"":3.3296475410461426}"
P0006,H0,heldout_wgen,heldout_wgen:1089,37,2008-07-18,32,3.0,0.0,0.0,90.0,200.0,early,<=0.05,<=0.05,2,"[1, 0, 0, 0, 0, 0, 0, 0, 0, 0, 0, 0, 0, 0, 0, 0]","[199.99998474121094,32.0,17.168607711791992,5.206264495849609,0.0,3.0,0.0,90.0,27.405357360839844,0.4209139943122864,0.3087019920349121,0.2684839963912964,0.2584950029850006,0.19183200597763062,0.14342999458312988,0.0,30.013521194458008,1924.7735595703125,90.0,15.0,90.0,2.4419186115264893]","{""cumsumfert"":199.99998474121094,""dap"":32.0,""dlayr"":5.0,""dtt"":17.168607711791992,""dul"":0.33000001311302185,""ep"":5.206264495849609,""grnwt"":0.0,""istage"":3.0,""ll"":0.09000000357627869,""nstres"":0.0,""rtdep"":90.0,""sat"":0.4599999785423279,""srad"":27.405357360839844,""sw"":0.4209139943122864,""swfac"":0.0,""tmax"":30.013521194458008,""topwt"":1924.7735595703125,""totir"":90.0,""vstage"":15.0,""wtdep"":90.0,""xlai"":2.4419186115264893}"
P0007,H0,heldout_wgen,heldout_wgen:1090,1,2008-06-12,0,7.0,0.1500000059604644,0.0,45.0,40.0,early,"(0.05,0.25]",<=0.05,0,"[1, 1, 1, 1, 1, 1, 1, 1, 1, 1, 1, 1, 1, 1, 1, 1]","[0.0,0.0,0.0,0.0,0.0,7.0,0.0,0.0,15.851299285888672,0.15000000596046448,0.15000000596046448,0.15000000596046448,0.15000000596046448,0.15000000596046448,0.15000000596046448,0.0,32.168514251708984,0.0,0.0,0.0,0.0,0.0]","{""cumsumfert"":0.0,""dap"":0.0,""dtt"":0.0,""ep"":0.0,""grnwt"":0.0,""istage"":7.0,""nstres"":0.0,""rtdep"":0.0,""srad"":15.851299285888672,""sw"":0.15000000596046448,""swfac"":0.15000000596046448,""tmax"":0.15000000596046448,""topwt"":0.15000000596046448,""totir"":0.15000000596046448,""vstage"":0.15000000596046448,""wtdep"":0.0,""xlai"":32.168514251708984}"
P0008,H0,heldout_wgen,heldout_wgen:1094,84,2008-09-03,79,5.0,0.0,0.0,180.0,240.0,late,<=0.05,<=0.05,2,"[1, 0, 0, 0, 0, 0, 0, 0, 0, 0, 0, 0, 0, 0, 0, 0]","[239.99998474121094,79.0,5.9243268966674805,0.921294629573822,2495.189208984375,5.0,0.0,90.0,5.382071018218994,0.45124098658561707,0.4527199864387512,0.4705899953842163,0.4969170093536377,0.4961659908294678,0.4594849944114685,0.0,15.771417617797852,12038.287109375,180.0,24.0,78.1030044555664,3.7480177879333496]","{""cumsumfert"":239.99998474121094,""dap"":79.0,""dlayr"":5.0,""dtt"":5.9243268966674805,""dul"":0.33000001311302185,""ep"":0.921294629573822,""grnwt"":2495.189208984375,""istage"":5.0,""ll"":0.09000000357627869,""nstres"":0.0,""rtdep"":90.0,""sat"":0.4599999785423279,""srad"":5.382071018218994,""sw"":0.45124098658561707,""swfac"":0.0,""tmax"":15.771417617797852,""topwt"":12038.287353515625,""totir"":180.0,""vstage"":24.0,""wtdep"":78.1030044555664,""xlai"":3.7480177879333496}"
P0009,H0,heldout_wgen,heldout_wgen:1095,89,2008-09-08,84,5.0,0.0,0.0,195.0,240.0,late,<=0.05,<=0.05,2,"[1, 0, 0, 0, 0, 0, 0, 0, 0, 0, 0, 0, 0, 0, 0, 0]","[239.99998474121094,84.0,11.433902740478516,1.7436878681182861,5306.38134765625,5.0,0.0,90.0,9.414266586303711,0.38270899653434753,0.41781699657440186,0.39970600605010986,0.34877800941467285,0.31383299827575684,0.2972849905490875,0.0,24.09576988220215,15303.1015625,195.0,24.0,90.0,2.873178720474243]","{""cumsumfert"":239.99998474121094,""dap"":84.0,""dlayr"":5.0,""dtt"":11.433902740478516,""dul"":0.33000001311302185,""ep"":1.7436878681182861,""grnwt"":5306.3812255859375,""istage"":5.0,""ll"":0.09000000357627869,""nstres"":0.0,""rtdep"":90.0,""sat"":0.4599999785423279,""srad"":9.414266586303711,""sw"":0.38270899653434753,""swfac"":0.0,""tmax"":24.09576988220215,""topwt"":15303.101806640625,""totir"":195.0,""vstage"":24.0,""wtdep"":90.0,""xlai"":2.873178720474243}"
P0010,H0,heldout_wgen,heldout_wgen:1097,62,2008-08-12,57,4.0,0.0,0.0,135.0,240.0,mid,<=0.05,<=0.05,2,"[1, 0, 0, 0, 0, 0, 0, 0, 0, 0, 0, 0, 0, 0, 0, 0]","[239.99998474121094,57.0,17.585647583007812,1.3355958461761475,0.0,4.0,0.0,90.0,6.020822048187256,0.45012998580932617,0.45117899775505066,0.404899001121521,0.36165300011634827,0.33748000860214233,0.24960599839687347,0.0,28.14655303955078,8251.8017578125,135.0,24.0,90.0,4.131204128265381]","{""cumsumfert"":239.99998474121094,""dap"":57.0,""dlayr"":5.0,""dtt"":17.585647583007812,""dul"":0.33000001311302185,""ep"":1.3355958461761475,""grnwt"":0.0,""istage"":4.0,""ll"":0.09000000357627869,""nstres"":0.0,""rtdep"":90.0,""sat"":0.4599999785423279,""srad"":6.020822048187256,""sw"":0.45012998580932617,""swfac"":0.0,""tmax"":28.14655303955078,""topwt"":8251.8017578125,""totir"":135.0,""vstage"":24.0,""wtdep"":90.0,""xlai"":4.131204128265381}"
P0011,H0,heldout_wgen,heldout_wgen:1100,69,2008-08-19,64,5.0,0.0,0.0,150.0,240.0,mid,<=0.05,<=0.05,2,"[1, 0, 0, 0, 0, 0, 0, 0, 0, 0, 0, 0, 0, 0, 0, 0]","[239.99998474121094,64.0,17.365793228149414,3.320627450942993,204.65594482421875,5.0,0.0,90.0,15.109126091003418,0.4011090099811554,0.4224739968776703,0.45487499237060547,0.49564599990844727,0.4227209985256195,0.3974109888076782,0.0,27.858898162841797,9080.0771484375,150.0,24.0,90.0,3.9222495555877686]","{""cumsumfert"":239.99998474121094,""dap"":64.0,""dlayr"":5.0,""dtt"":17.365793228149414,""dul"":0.33000001311302185,""ep"":3.320627450942993,""grnwt"":204.65595245361328,""istage"":5.0,""ll"":0.09000000357627869,""nstres"":0.0,""rtdep"":90.0,""sat"":0.4599999785423279,""srad"":15.109126091003418,""sw"":0.4011090099811554,""swfac"":0.0,""tmax"":27.858898162841797,""topwt"":9080.077514648438,""totir"":150.0,""vstage"":24.0,""wtdep"":90.0,""xlai"":3.9222495555877686}"
P0012,H0,observed_weather,observed_weather:2014,69,2014-08-20,64,4.0,0.0,0.0,150.0,240.0,mid,<=0.05,<=0.05,2,"[1, 0, 0, 0, 0, 0, 0, 0, 0, 0, 0, 0, 0, 0, 0, 0]","[239.99998474121094,64.0,16.150001525878906,4.7599687576293945,0.0,4.0,0.0,90.0,21.399999618530273,0.3026149868965149,0.29080599546432495,0.15036700665950775,0.1387529969215393,0.1402530074119568,0.09310799837112427,0.0,30.700000762939453,11413.3681640625,150.0,24.0,90.0,4.672860622406006]","{""cumsumfert"":239.99998474121094,""dap"":64.0,""dlayr"":5.0,""dtt"":16.150001525878906,""dul"":0.33000001311302185,""ep"":4.7599687576293945,""grnwt"":0.0,""istage"":4.0,""ll"":0.09000000357627869,""nstres"":0.0,""rtdep"":90.0,""sat"":0.4599999785423279,""srad"":21.399999618530273,""sw"":0.3026149868965149,""swfac"":0.0,""tmax"":30.700000762939453,""topwt"":11413.367919921875,""totir"":150.0,""vstage"":24.0,""wtdep"":90.0,""xlai"":4.672860622406006}"
P0013,H0,observed_weather,observed_weather:2015,77,2015-08-28,72,5.0,0.0,0.0,165.0,240.0,late,<=0.05,<=0.05,2,"[1, 0, 0, 0, 0, 0, 0, 0, 0, 0, 0, 0, 0, 0, 0, 0]","[239.99998474121094,72.0,17.049999237060547,4.380056381225586,1558.0614013671875,5.0,0.0,90.0,19.399999618530273,0.44828000664711,0.3736410140991211,0.3096590042114258,0.26782000064849854,0.19194500148296356,0.103302001953125,0.0,31.600000381469727,13074.892578125,165.0,24.0,90.0,4.5948710441589355]","{""cumsumfert"":239.99998474121094,""dap"":72.0,""dlayr"":5.0,""dtt"":17.049999237060547,""dul"":0.33000001311302185,""ep"":4.380056381225586,""grnwt"":1558.0613708496094,""istage"":5.0,""ll"":0.09000000357627869,""nstres"":0.0,""rtdep"":90.0,""sat"":0.4599999785423279,""srad"":19.399999618530273,""sw"":0.44828000664711,""swfac"":0.0,""tmax"":31.600000381469727,""topwt"":13074.892578125,""totir"":165.0,""vstage"":24.0,""wtdep"":90.0,""xlai"":4.5948710441589355}"
P0014,H0,observed_weather,observed_weather:2015,105,2015-09-25,100,5.0,0.0,0.0,225.0,240.0,late,<=0.05,<=0.05,2,"[1, 0, 0, 0, 0, 0, 0, 0, 0, 0, 0, 0, 0, 0, 0, 0]","[239.99998474121094,100.0,13.549999237060547,2.92102313041687,8829.0166015625,5.0,0.0,90.0,15.800000190734863,0.4234359860420227,0.3561049997806549,0.3081029951572418,0.2632350027561188,0.17396999895572662,0.09937400370836258,0.0,27.899999618530273,20034.5625,225.0,24.0,90.0,2.3262507915496826]","{""cumsumfert"":239.99998474121094,""dap"":100.0,""dlayr"":5.0,""dtt"":13.549999237060547,""dul"":0.33000001311302185,""ep"":2.92102313041687,""grnwt"":8829.016723632812,""istage"":5.0,""ll"":0.09000000357627869,""nstres"":0.0,""rtdep"":90.0,""sat"":0.4599999785423279,""srad"":15.800000190734863,""sw"":0.4234359860420227,""swfac"":0.0,""tmax"":27.899999618530273,""topwt"":20034.56298828125,""totir"":225.0,""vstage"":24.0,""wtdep"":90.0,""xlai"":2.3262507915496826}"
P0015,H0,observed_weather,observed_weather:2016,13,2016-06-24,8,1.0,0.0,0.0038987398147583,60.0,40.0,early,<=0.05,<=0.05,0,"[1, 1, 1, 1, 1, 1, 1, 1, 1, 1, 1, 1, 0, 0, 0, 0]","[39.999996185302734,8.0,17.066268920898438,0.042655400931835175,0.0,1.0,0.0038987398147583008,23.89452362060547,22.0,0.32462599873542786,0.4383000135421753,0.38930898904800415,0.2962380051612854,0.16658900678157806,0.1485310047864914,0.0,31.0,26.400001525878906,45.0,3.0,90.0,0.01523273903876543]","{""cumsumfert"":39.999996185302734,""dap"":8.0,""dlayr"":5.0,""dtt"":17.066268920898438,""dul"":0.33000001311302185,""ep"":0.042655400931835175,""grnwt"":0.0,""istage"":1.0,""ll"":0.09000000357627869,""nstres"":0.0038987398147583008,""rtdep"":23.89452362060547,""sat"":0.4599999785423279,""srad"":22.0,""sw"":0.32462599873542786,""swfac"":0.0,""tmax"":31.0,""topwt"":26.400001049041748,""totir"":45.0,""vstage"":3.0,""wtdep"":90.0,""xlai"":0.01523273903876543}"
P0016,H0,observed_weather,observed_weather:2017,56,2017-08-07,51,3.0,0.0,0.0,120.0,240.0,mid,<=0.05,<=0.05,2,"[1, 0, 0, 0, 0, 0, 0, 0, 0, 0, 0, 0, 0, 0, 0, 0]","[239.99998474121094,51.0,20.495464324951172,3.788574695587158,0.0,3.0,0.0,90.0,15.899999618530273,0.36327001452445984,0.40301400423049927,0.4339419901371002,0.40522500872612,0.34667399525642395,0.11480399966239929,0.0,34.099998474121094,6846.78515625,120.0,25.0,90.0,4.549736022949219]","{""cumsumfert"":239.99998474121094,""dap"":51.0,""dlayr"":5.0,""dtt"":20.495464324951172,""dul"":0.33000001311302185,""ep"":3.788574695587158,""grnwt"":0.0,""istage"":3.0,""ll"":0.09000000357627869,""nstres"":0.0,""rtdep"":90.0,""sat"":0.4599999785423279,""srad"":15.899999618530273,""sw"":0.36327001452445984,""swfac"":0.0,""tmax"":34.099998474121094,""topwt"":6846.7852783203125,""totir"":120.0,""vstage"":25.0,""wtdep"":90.0,""xlai"":4.549736022949219}"
P0017,H0,observed_weather,observed_weather:2017,88,2017-09-08,83,5.0,0.0,0.0,195.0,240.0,late,<=0.05,<=0.05,2,"[1, 0, 0, 0, 0, 0, 0, 0, 0, 0, 0, 0, 0, 0, 0, 0]","[239.99998474121094,83.0,18.950000762939453,4.25831413269043,5161.2578125,5.0,0.0,90.0,19.100000381469727,0.4039129912853241,0.42328301072120667,0.43202900886535645,0.3658809959888458,0.3509190082550049,0.1374099999666214,0.0,32.900001525878906,15419.0185546875,195.0,25.0,90.0,3.380089044570923]","{""cumsumfert"":239.99998474121094,""dap"":83.0,""dlayr"":5.0,""dtt"":18.950000762939453,""dul"":0.33000001311302185,""ep"":4.25831413269043,""grnwt"":5161.2579345703125,""istage"":5.0,""ll"":0.09000000357627869,""nstres"":0.0,""rtdep"":90.0,""sat"":0.4599999785423279,""srad"":19.100000381469727,""sw"":0.4039129912853241,""swfac"":0.0,""tmax"":32.900001525878906,""topwt"":15419.0185546875,""totir"":195.0,""vstage"":25.0,""wtdep"":90.0,""xlai"":3.380089044570923}"
P0018,H0,observed_weather,observed_weather:2018,12,2018-06-24,7,1.0,0.0,0.0080974102020263,45.0,40.0,early,<=0.05,<=0.05,0,"[1, 0, 0, 0, 0, 0, 0, 0, 0, 0, 0, 0, 0, 0, 0, 0]","[39.999996185302734,7.0,23.067594528198242,0.032432474195957184,0.0,1.0,0.008097410202026367,22.494365692138672,27.799999237060547,0.24744099378585815,0.25582799315452576,0.22488099336624146,0.15770100057125092,0.15318100154399872,0.14847099781036377,0.0,35.900001525878906,26.400001525878906,45.0,3.0,90.0,0.011760901659727097]","{""cumsumfert"":39.999996185302734,""dap"":7.0,""dlayr"":5.0,""dtt"":23.067594528198242,""dul"":0.33000001311302185,""ep"":0.032432474195957184,""grnwt"":0.0,""istage"":1.0,""ll"":0.09000000357627869,""nstres"":0.008097410202026367,""rtdep"":22.494365692138672,""sat"":0.4599999785423279,""srad"":27.799999237060547,""sw"":0.24744099378585815,""swfac"":0.0,""tmax"":35.900001525878906,""topwt"":26.400001049041748,""totir"":45.0,""vstage"":3.0,""wtdep"":90.0,""xlai"":0.011760901659727097}"
P0019,H0,observed_weather,observed_weather:2019,1,2019-06-13,0,7.0,0.1500000059604644,0.0,45.0,40.0,early,"(0.05,0.25]",<=0.05,0,"[1, 1, 1, 1, 1, 1, 1, 1, 1, 1, 1, 1, 1, 1, 1, 1]","[0.0,0.0,0.0,0.0,0.0,7.0,0.0,0.0,23.5,0.15000000596046448,0.15000000596046448,0.15000000596046448,0.15000000596046448,0.15000000596046448,0.15000000596046448,0.0,36.400001525878906,0.0,0.0,0.0,0.0,0.0]","{""cumsumfert"":0.0,""dap"":0.0,""dtt"":0.0,""ep"":0.0,""grnwt"":0.0,""istage"":7.0,""nstres"":0.0,""rtdep"":0.0,""srad"":23.5,""sw"":0.15000000596046448,""swfac"":0.15000000596046448,""tmax"":0.15000000596046448,""topwt"":0.15000000596046448,""totir"":0.15000000596046448,""vstage"":0.15000000596046448,""wtdep"":0.0,""xlai"":36.400001525878906}"
P0020,H0,observed_weather,observed_weather:2019,38,2019-07-20,33,3.0,0.0,0.0,90.0,200.0,early,<=0.05,<=0.05,2,"[1, 0, 0, 0, 0, 0, 0, 0, 0, 0, 0, 0, 0, 0, 0, 0]","[199.99998474121094,33.0,21.003686904907227,3.996365547180176,0.0,3.0,0.0,90.0,18.100000381469727,0.31783199310302734,0.13972699642181396,0.15085799992084503,0.15705899894237518,0.15468400716781616,0.1327109932899475,0.0,35.099998474121094,2744.847412109375,90.0,16.0,90.0,3.0301740169525146]","{""cumsumfert"":199.99998474121094,""dap"":33.0,""dlayr"":5.0,""dtt"":21.003686904907227,""dul"":0.33000001311302185,""ep"":3.996365547180176,""grnwt"":0.0,""istage"":3.0,""ll"":0.09000000357627869,""nstres"":0.0,""rtdep"":90.0,""sat"":0.4599999785423279,""srad"":18.100000381469727,""sw"":0.31783199310302734,""swfac"":0.0,""tmax"":35.099998474121094,""topwt"":2744.847412109375,""totir"":90.0,""vstage"":16.0,""wtdep"":90.0,""xlai"":3.0301740169525146}"
P0021,H0,observed_weather,observed_weather:2019,44,2019-07-26,39,3.0,0.0925556421279907,0.0,105.0,240.0,mid,"(0.05,0.25]",<=0.05,2,"[1, 0, 0, 0, 0, 0, 0, 0, 0, 0, 0, 0, 0, 0, 0, 0]","[239.99998474121094,39.0,22.099533081054688,6.891806125640869,0.0,3.0,0.0,90.0,26.399999618530273,0.3794820010662079,0.1067190021276474,0.12677699327468872,0.1416510045528412,0.1446859985589981,0.09957300126552582,0.09255564212799072,38.79999923706055,4668.5322265625,105.0,19.0,90.0,4.010715961456299]","{""cumsumfert"":239.99998474121094,""dap"":39.0,""dlayr"":5.0,""dtt"":22.099533081054688,""dul"":0.33000001311302185,""ep"":6.891806125640869,""grnwt"":0.0,""istage"":3.0,""ll"":0.09000000357627869,""nstres"":0.0,""rtdep"":90.0,""sat"":0.4599999785423279,""srad"":26.399999618530273,""sw"":0.3794820010662079,""swfac"":0.09255564212799072,""tmax"":38.79999923706055,""topwt"":4668.5321044921875,""totir"":105.0,""vstage"":19.0,""wtdep"":90.0,""xlai"":4.010715961456299}"
P0022,H0,observed_weather,observed_weather:2019,68,2019-08-19,63,5.0,0.0,0.0,150.0,240.0,mid,<=0.05,<=0.05,2,"[1, 0, 0, 0, 0, 0, 0, 0, 0, 0, 0, 0, 0, 0, 0, 0]","[239.99998474121094,63.0,16.299999237060547,5.3470540046691895,490.4880065917969,5.0,0.0,90.0,24.0,0.36039701104164124,0.3060460090637207,0.24135200679302216,0.14684000611305237,0.13374899327754974,0.0868460014462471,0.0,31.700000762939453,11288.556640625,150.0,23.0,90.0,4.557967662811279]","{""cumsumfert"":239.99998474121094,""dap"":63.0,""dlayr"":5.0,""dtt"":16.299999237060547,""dul"":0.33000001311302185,""ep"":5.3470540046691895,""grnwt"":490.4880142211914,""istage"":5.0,""ll"":0.09000000357627869,""nstres"":0.0,""rtdep"":90.0,""sat"":0.4599999785423279,""srad"":24.0,""sw"":0.36039701104164124,""swfac"":0.0,""tmax"":31.700000762939453,""topwt"":11288.55712890625,""totir"":150.0,""vstage"":23.0,""wtdep"":90.0,""xlai"":4.557967662811279}"
P0023,H0,observed_weather,observed_weather:2020,38,2020-07-19,33,3.0,0.0,0.0,90.0,200.0,early,<=0.05,<=0.05,2,"[1, 0, 0, 0, 0, 0, 0, 0, 0, 0, 0, 0, 0, 0, 0, 0]","[199.99998474121094,33.0,17.100000381469727,2.408975839614868,0.0,3.0,0.0,90.0,12.600000381469727,0.36864399909973145,0.29774799942970276,0.281607985496521,0.25838398933410645,0.1843090057373047,0.14207300543785095,0.0,28.700000762939453,2004.6715087890625,90.0,15.0,90.0,2.49552583694458]","{""cumsumfert"":199.99998474121094,""dap"":33.0,""dlayr"":5.0,""dtt"":17.100000381469727,""dul"":0.33000001311302185,""ep"":2.408975839614868,""grnwt"":0.0,""istage"":3.0,""ll"":0.09000000357627869,""nstres"":0.0,""rtdep"":90.0,""sat"":0.4599999785423279,""srad"":12.600000381469727,""sw"":0.36864399909973145,""swfac"":0.0,""tmax"":28.700000762939453,""topwt"":2004.6714782714844,""totir"":90.0,""vstage"":15.0,""wtdep"":90.0,""xlai"":2.49552583694458}"
P0024,H0,observed_weather,observed_weather:2021,42,2021-07-24,37,3.0,0.0,0.0,90.0,240.0,mid,<=0.05,<=0.05,2,"[1, 1, 0, 0, 0, 0, 0, 0, 0, 0, 0, 0, 0, 0, 0, 0]","[199.99998474121094,37.0,20.678020477294922,5.493862628936768,0.0,3.0,0.0,90.0,24.799999237060547,0.39288100600242615,0.40971800684928894,0.4217979907989502,0.34345999360084534,0.2797969877719879,0.13708700239658356,0.0,34.29999923706055,3155.30224609375,90.0,18.0,90.0,3.2031354904174805]","{""cumsumfert"":199.99998474121094,""dap"":37.0,""dlayr"":5.0,""dtt"":20.678020477294922,""dul"":0.33000001311302185,""ep"":5.493862628936768,""grnwt"":0.0,""istage"":3.0,""ll"":0.09000000357627869,""nstres"":0.0,""rtdep"":90.0,""sat"":0.4599999785423279,""srad"":24.799999237060547,""sw"":0.39288100600242615,""swfac"":0.0,""tmax"":34.29999923706055,""topwt"":3155.3021240234375,""totir"":90.0,""vstage"":18.0,""wtdep"":90.0,""xlai"":3.2031354904174805}"
P0025,H0,observed_weather,observed_weather:2022,52,2022-08-03,47,3.0,0.0,0.0,120.0,240.0,mid,<=0.05,<=0.05,2,"[1, 0, 0, 0, 0, 0, 0, 0, 0, 0, 0, 0, 0, 0, 0, 0]","[239.99998474121094,47.0,22.146690368652344,6.0753068923950195,0.0,3.0,0.0,90.0,24.899999618530273,0.4117250144481659,0.4375709891319275,0.39250800013542175,0.3286060094833374,0.23590999841690063,0.11295700073242188,0.0,34.79999923706055,6652.53125,120.0,23.0,90.0,4.531871318817139]","{""cumsumfert"":239.99998474121094,""dap"":47.0,""dlayr"":5.0,""dtt"":22.146690368652344,""dul"":0.33000001311302185,""ep"":6.0753068923950195,""grnwt"":0.0,""istage"":3.0,""ll"":0.09000000357627869,""nstres"":0.0,""rtdep"":90.0,""sat"":0.4599999785423279,""srad"":24.899999618530273,""sw"":0.4117250144481659,""swfac"":0.0,""tmax"":34.79999923706055,""topwt"":6652.5311279296875,""totir"":120.0,""vstage"":23.0,""wtdep"":90.0,""xlai"":4.531871318817139}"
P0026,H0,observed_weather,observed_weather:2023,82,2023-09-02,77,5.0,0.0,0.0,180.0,240.0,late,<=0.05,<=0.05,2,"[1, 0, 0, 0, 0, 0, 0, 0, 0, 0, 0, 0, 0, 0, 0, 0]","[239.99998474121094,77.0,17.950000762939453,4.072528839111328,5228.34228515625,5.0,0.0,90.0,17.899999618530273,0.3946639895439148,0.4164769947528839,0.35475999116897583,0.24450600147247314,0.1520330011844635,0.09014800190925598,0.0,31.0,18651.787109375,180.0,25.0,90.0,4.537836074829102]","{""cumsumfert"":239.99998474121094,""dap"":77.0,""dlayr"":5.0,""dtt"":17.950000762939453,""dul"":0.33000001311302185,""ep"":4.072528839111328,""grnwt"":5228.34228515625,""istage"":5.0,""ll"":0.09000000357627869,""nstres"":0.0,""rtdep"":90.0,""sat"":0.4599999785423279,""srad"":17.899999618530273,""sw"":0.3946639895439148,""swfac"":0.0,""tmax"":31.0,""topwt"":18651.787109375,""totir"":180.0,""vstage"":25.0,""wtdep"":90.0,""xlai"":4.537836074829102}"
P0027,H0,observed_weather,observed_weather:2023,95,2023-09-15,90,5.0,0.0,0.0,195.0,240.0,late,<=0.05,<=0.05,2,"[1, 0, 0, 0, 0, 0, 0, 0, 0, 0, 0, 0, 0, 0, 0, 0]","[239.99998474121094,90.0,14.549999237060547,4.0091328620910645,9584.9453125,5.0,0.0,90.0,20.700000762939453,0.26587098836898804,0.2734540104866028,0.28211700916290283,0.21349799633026123,0.15592500567436218,0.08835899829864502,0.0,31.0,22652.0390625,195.0,25.0,90.0,2.5090858936309814]","{""cumsumfert"":239.99998474121094,""dap"":90.0,""dlayr"":5.0,""dtt"":14.549999237060547,""dul"":0.33000001311302185,""ep"":4.0091328620910645,""grnwt"":9584.945068359375,""istage"":5.0,""ll"":0.09000000357627869,""nstres"":0.0,""rtdep"":90.0,""sat"":0.4599999785423279,""srad"":20.700000762939453,""sw"":0.26587098836898804,""swfac"":0.0,""tmax"":31.0,""topwt"":22652.03857421875,""totir"":195.0,""vstage"":25.0,""wtdep"":90.0,""xlai"":2.5090858936309814}"
P0028,H1,heldout_wgen,heldout_wgen:1081,17,2008-06-28,12,1.0,0.0,0.0,45.0,40.0,early,<=0.05,<=0.05,0,"[1, 1, 1, 1, 1, 1, 1, 1, 1, 1, 1, 1, 0, 0, 0, 0]","[39.999996185302734,12.0,19.86139678955078,0.2983470559120178,0.0,1.0,0.0,30.43923568725586,19.295610427856445,0.22165599465370178,0.24212400615215302,0.24105699360370636,0.16690200567245483,0.15483400225639343,0.1478559970855713,0.0,31.283737182617188,56.45840072631836,45.0,5.0,90.0,0.11677473038434982]","{""cumsumfert"":39.999996185302734,""dap"":12.0,""dlayr"":5.0,""dtt"":19.86139678955078,""dul"":0.33000001311302185,""ep"":0.2983470559120178,""grnwt"":0.0,""istage"":1.0,""ll"":0.09000000357627869,""nstres"":0.0,""rtdep"":30.43923568725586,""sat"":0.4599999785423279,""srad"":19.295610427856445,""sw"":0.22165599465370178,""swfac"":0.0,""tmax"":31.283737182617188,""topwt"":56.458401679992676,""totir"":45.0,""vstage"":5.0,""wtdep"":90.0,""xlai"":0.11677473038434982}"
P0029,H1,heldout_wgen,heldout_wgen:1081,39,2008-07-20,34,3.0,0.5634078979492188,0.0,45.0,40.0,early,>0.50,<=0.05,0,"[1, 1, 1, 1, 1, 1, 1, 1, 1, 1, 1, 1, 1, 1, 1, 1]","[39.999996185302734,34.0,20.85524559020996,2.040839195251465,0.0,3.0,0.0,90.0,21.44520378112793,0.0772550031542778,0.10108800232410431,0.1275079995393753,0.13971999287605286,0.14288100600242615,0.09740400314331055,0.5634078979492188,33.538551330566406,2568.23291015625,45.0,17.0,90.0,2.8628017902374268]","{""cumsumfert"":39.999996185302734,""dap"":34.0,""dlayr"":5.0,""dtt"":20.85524559020996,""dul"":0.33000001311302185,""ep"":2.040839195251465,""grnwt"":0.0,""istage"":3.0,""ll"":0.09000000357627869,""nstres"":0.0,""rtdep"":90.0,""sat"":0.4599999785423279,""srad"":21.44520378112793,""sw"":0.0772550031542778,""swfac"":0.5634078979492188,""tmax"":33.538551330566406,""topwt"":2568.2330322265625,""totir"":45.0,""vstage"":17.0,""wtdep"":90.0,""xlai"":2.8628017902374268}"
P0030,H1,heldout_wgen,heldout_wgen:1081,40,2008-07-21,35,3.0,0.5082544982433319,0.0,45.0,40.0,early,>0.50,<=0.05,0,"[1, 1, 1, 1, 1, 1, 1, 1, 1, 1, 1, 1, 1, 1, 1, 1]","[39.999996185302734,35.0,19.84857177734375,1.7334768772125244,0.0,3.0,0.0,90.0,16.591909408569336,0.06596899777650833,0.09934300184249878,0.12578999996185303,0.13786299526691437,0.14112399518489838,0.09482400119304657,0.5082545280456543,30.96198272705078,2667.92529296875,45.0,18.0,90.0,2.851576328277588]","{""cumsumfert"":39.999996185302734,""dap"":35.0,""dlayr"":5.0,""dtt"":19.84857177734375,""dul"":0.33000001311302185,""ep"":1.7334768772125244,""grnwt"":0.0,""istage"":3.0,""ll"":0.09000000357627869,""nstres"":0.0,""rtdep"":90.0,""sat"":0.4599999785423279,""srad"":16.591909408569336,""sw"":0.06596899777650833,""swfac"":0.5082544982433319,""tmax"":30.96198272705078,""topwt"":2667.9254150390625,""totir"":45.0,""vstage"":18.0,""wtdep"":90.0,""xlai"":2.851576328277588}"
P0031,H1,heldout_wgen,heldout_wgen:1081,41,2008-07-22,36,3.0,0.2974036931991577,0.0,45.0,40.0,mid,"(0.25,0.50]",<=0.05,0,"[1, 1, 1, 1, 1, 1, 1, 1, 1, 1, 1, 1, 1, 1, 1, 1]","[39.999996185302734,36.0,15.11693000793457,1.4666748046875,0.0,3.0,0.0,90.0,10.760637283325195,0.059870000928640366,0.09777799993753433,0.12429700046777725,0.13622699677944183,0.13958199322223663,0.09275099635124207,0.2974036931991577,25.521709442138672,2782.841796875,45.0,18.0,90.0,2.8769896030426025]","{""cumsumfert"":39.999996185302734,""dap"":36.0,""dlayr"":5.0,""dtt"":15.11693000793457,""dul"":0.33000001311302185,""ep"":1.4666748046875,""grnwt"":0.0,""istage"":3.0,""ll"":0.09000000357627869,""nstres"":0.0,""rtdep"":90.0,""sat"":0.4599999785423279,""srad"":10.760637283325195,""sw"":0.059870000928640366,""swfac"":0.2974036931991577,""tmax"":25.521709442138672,""topwt"":2782.841796875,""totir"":45.0,""vstage"":18.0,""wtdep"":90.0,""xlai"":2.8769896030426025}"
P0032,H1,heldout_wgen,heldout_wgen:1081,49,2008-07-30,44,3.0,0.0,0.0,45.0,40.0,mid,<=0.05,<=0.05,0,"[1, 1, 1, 1, 1, 1, 1, 1, 1, 1, 1, 1, 1, 1, 1, 1]","[39.999996185302734,44.0,16.331233978271484,1.601272702217102,0.0,3.0,0.0,90.0,7.871690273284912,0.4472329914569855,0.4268780052661896,0.38787299394607544,0.13740700483322144,0.13493900001049042,0.08735200017690659,0.0,26.698701858520508,3916.89208984375,45.0,21.0,90.0,3.06781005859375]","{""cumsumfert"":39.999996185302734,""dap"":44.0,""dlayr"":5.0,""dtt"":16.331233978271484,""dul"":0.33000001311302185,""ep"":1.601272702217102,""grnwt"":0.0,""istage"":3.0,""ll"":0.09000000357627869,""nstres"":0.0,""rtdep"":90.0,""sat"":0.4599999785423279,""srad"":7.871690273284912,""sw"":0.4472329914569855,""swfac"":0.0,""tmax"":26.698701858520508,""topwt"":3916.89208984375,""totir"":45.0,""vstage"":21.0,""wtdep"":90.0,""xlai"":3.06781005859375}"
P0033,H1,heldout_wgen,heldout_wgen:1082,42,2008-07-23,37,3.0,0.1022164225578308,0.0,45.0,40.0,mid,"(0.05,0.25]",<=0.05,0,"[1, 1, 1, 1, 1, 1, 1, 1, 1, 1, 1, 1, 1, 1, 1, 1]","[39.999996185302734,37.0,22.123666763305664,2.8334877490997314,0.0,3.0,0.0,90.0,16.686962127685547,0.09000000357627869,0.10448600351810455,0.12212499976158142,0.13249999284744263,0.1343120038509369,0.08987999707460403,0.10221642255783081,35.93671798706055,3123.404541015625,45.0,18.0,90.0,3.16969895362854]","{""cumsumfert"":39.999996185302734,""dap"":37.0,""dlayr"":5.0,""dtt"":22.123666763305664,""dul"":0.33000001311302185,""ep"":2.8334877490997314,""grnwt"":0.0,""istage"":3.0,""ll"":0.09000000357627869,""nstres"":0.0,""rtdep"":90.0,""sat"":0.4599999785423279,""srad"":16.686962127685547,""sw"":0.09000000357627869,""swfac"":0.10221642255783081,""tmax"":35.93671798706055,""topwt"":3123.404541015625,""totir"":45.0,""vstage"":18.0,""wtdep"":90.0,""xlai"":3.16969895362854}"
P0034,H1,heldout_wgen,heldout_wgen:1082,45,2008-07-26,40,3.0,0.7846756726503372,0.0,45.0,40.0,mid,>0.50,<=0.05,0,"[1, 1, 1, 1, 1, 1, 1, 1, 1, 1, 1, 1, 1, 1, 1, 1]","[39.999996185302734,40.0,20.44856834411621,0.9890711307525635,0.0,3.0,0.0,90.0,20.56859588623047,0.3683770000934601,0.09907100349664688,0.11866399645805359,0.1286199986934662,0.1305830031633377,0.08616600185632706,0.784675657749176,35.21849060058594,3329.56494140625,45.0,19.0,90.0,2.927241802215576]","{""cumsumfert"":39.999996185302734,""dap"":40.0,""dlayr"":5.0,""dtt"":20.44856834411621,""dul"":0.33000001311302185,""ep"":0.9890711307525635,""grnwt"":0.0,""istage"":3.0,""ll"":0.09000000357627869,""nstres"":0.0,""rtdep"":90.0,""sat"":0.4599999785423279,""srad"":20.56859588623047,""sw"":0.3683770000934601,""swfac"":0.7846756726503372,""tmax"":35.21849060058594,""topwt"":3329.5648193359375,""totir"":45.0,""vstage"":19.0,""wtdep"":90.0,""xlai"":2.927241802215576}"
P0035,H1,heldout_wgen,heldout_wgen:1082,65,2008-08-15,60,4.0,0.2690128684043884,0.0,45.0,40.0,mid,"(0.25,0.50]",<=0.05,0,"[1, 1, 1, 1, 1, 1, 1, 1, 1, 1, 1, 1, 1, 1, 1, 1]","[39.999996185302734,60.0,23.561538696289062,2.041203737258911,0.0,4.0,0.0,90.0,12.02292537689209,0.44394800066947937,0.26633501052856445,0.13139399886131287,0.12334399670362473,0.12335900217294693,0.07877299934625626,0.2690128684043884,33.14845275878906,7509.58203125,45.0,24.0,90.0,3.1616642475128174]","{""cumsumfert"":39.999996185302734,""dap"":60.0,""dlayr"":5.0,""dtt"":23.561538696289062,""dul"":0.33000001311302185,""ep"":2.041203737258911,""grnwt"":0.0,""istage"":4.0,""ll"":0.09000000357627869,""nstres"":0.0,""rtdep"":90.0,""sat"":0.4599999785423279,""srad"":12.02292537689209,""sw"":0.44394800066947937,""swfac"":0.2690128684043884,""tmax"":33.14845275878906,""topwt"":7509.5819091796875,""totir"":45.0,""vstage"":24.0,""wtdep"":90.0,""xlai"":3.1616642475128174}"
P0036,H1,heldout_wgen,heldout_wgen:1083,4,2008-06-15,0,7.0,0.0,0.0,45.0,40.0,early,<=0.05,<=0.05,0,"[1, 0, 0, 0, 0, 0, 0, 0, 0, 0, 0, 0, 0, 0, 0, 0]","[39.999996185302734,0.0,0.0,0.0,0.0,7.0,0.0,0.0,28.160266876220703,0.30030199885368347,0.37298500537872314,0.17821800708770752,0.15057699382305145,0.15087999403476715,0.14955900609493256,0.0,35.9300651550293,0.0,45.0,0.0,90.0,0.0]","{""cumsumfert"":39.999996185302734,""dap"":0.0,""dlayr"":5.0,""dtt"":0.0,""dul"":0.33000001311302185,""ep"":0.0,""grnwt"":0.0,""istage"":7.0,""ll"":0.09000000357627869,""nstres"":0.0,""rtdep"":0.0,""sat"":0.4599999785423279,""srad"":28.160266876220703,""sw"":0.30030199885368347,""swfac"":0.0,""tmax"":35.9300651550293,""topwt"":0.0,""totir"":45.0,""vstage"":0.0,""wtdep"":90.0,""xlai"":0.0}"
P0037,H1,heldout_wgen,heldout_wgen:1086,89,2008-09-08,84,5.0,0.0,0.2472749352455139,45.0,40.0,late,<=0.05,"(0.05,0.25]",0,"[1, 1, 1, 1, 1, 1, 1, 1, 1, 1, 1, 1, 1, 1, 1, 1]","[39.999996185302734,84.0,17.981582641601562,2.9220259189605713,5449.4775390625,5.0,0.24727493524551392,90.0,14.183539390563965,0.2975879907608032,0.3027989864349365,0.3152860105037689,0.2860200107097626,0.2051129937171936,0.09803800284862518,0.0,32.054969787597656,14115.6533203125,45.0,24.0,90.0,2.6029818058013916]","{""cumsumfert"":39.999996185302734,""dap"":84.0,""dlayr"":5.0,""dtt"":17.981582641601562,""dul"":0.33000001311302185,""ep"":2.9220259189605713,""grnwt"":5449.4775390625,""istage"":5.0,""ll"":0.09000000357627869,""nstres"":0.24727493524551392,""rtdep"":90.0,""sat"":0.4599999785423279,""srad"":14.183539390563965,""sw"":0.2975879907608032,""swfac"":0.0,""tmax"":32.054969787597656,""topwt"":14115.653076171875,""totir"":45.0,""vstage"":24.0,""wtdep"":90.0,""xlai"":2.6029818058013916}"
P0038,H1,heldout_wgen,heldout_wgen:1087,77,2008-08-27,72,5.0,0.0,0.0733771324157714,45.0,40.0,late,<=0.05,"(0.05,0.25]",0,"[1, 1, 1, 1, 1, 1, 1, 1, 1, 1, 1, 1, 1, 1, 1, 1]","[39.999996185302734,72.0,19.01749038696289,6.200711727142334,2372.916259765625,5.0,0.07337713241577148,90.0,27.23941421508789,0.4271619915962219,0.4162279963493347,0.3370720148086548,0.27918699383735657,0.22471700608730316,0.10142699629068375,0.0,32.451419830322266,11656.41796875,45.0,24.0,90.0,3.8414268493652344]","{""cumsumfert"":39.999996185302734,""dap"":72.0,""dlayr"":5.0,""dtt"":19.01749038696289,""dul"":0.33000001311302185,""ep"":6.200711727142334,""grnwt"":2372.916259765625,""istage"":5.0,""ll"":0.09000000357627869,""nstres"":0.07337713241577148,""rtdep"":90.0,""sat"":0.4599999785423279,""srad"":27.23941421508789,""sw"":0.4271619915962219,""swfac"":0.0,""tmax"":32.451419830322266,""topwt"":11656.41845703125,""totir"":45.0,""vstage"":24.0,""wtdep"":90.0,""xlai"":3.8414268493652344}"
P0039,H1,heldout_wgen,heldout_wgen:1088,65,2008-08-15,60,4.0,0.0,0.0104787349700927,45.0,40.0,mid,<=0.05,<=0.05,0,"[1, 1, 1, 1, 1, 1, 1, 1, 1, 1, 1, 1, 1, 1, 1, 1]","[39.999996185302734,60.0,21.068708419799805,4.1229400634765625,0.0,4.0,0.010478734970092773,90.0,17.40032386779785,0.43477100133895874,0.4437730014324188,0.4738810062408447,0.5144919753074646,0.4984090030193329,0.18736599385738373,0.0,34.45902633666992,8675.3134765625,45.0,23.0,90.0,3.967372179031372]","{""cumsumfert"":39.999996185302734,""dap"":60.0,""dlayr"":5.0,""dtt"":21.068708419799805,""dul"":0.33000001311302185,""ep"":4.1229400634765625,""grnwt"":0.0,""istage"":4.0,""ll"":0.09000000357627869,""nstres"":0.010478734970092773,""rtdep"":90.0,""sat"":0.4599999785423279,""srad"":17.40032386779785,""sw"":0.43477100133895874,""swfac"":0.0,""tmax"":34.45902633666992,""topwt"":8675.313720703125,""totir"":45.0,""vstage"":23.0,""wtdep"":90.0,""xlai"":3.967372179031372}"
P0040,H1,heldout_wgen,heldout_wgen:1089,45,2008-07-26,40,3.0,0.0,0.0,45.0,40.0,mid,<=0.05,<=0.05,0,"[1, 1, 1, 1, 1, 1, 1, 1, 1, 1, 1, 1, 1, 1, 1, 1]","[39.999996185302734,40.0,15.838760375976562,1.5363354682922363,0.0,3.0,0.0,90.0,7.43166446685791,0.4169209897518158,0.27605101466178894,0.2144870012998581,0.18798699975013733,0.16367900371551514,0.1287969946861267,0.0,26.81231689453125,3358.99951171875,45.0,18.0,90.0,3.4409003257751465]","{""cumsumfert"":39.999996185302734,""dap"":40.0,""dlayr"":5.0,""dtt"":15.838760375976562,""dul"":0.33000001311302185,""ep"":1.5363354682922363,""grnwt"":0.0,""istage"":3.0,""ll"":0.09000000357627869,""nstres"":0.0,""rtdep"":90.0,""sat"":0.4599999785423279,""srad"":7.43166446685791,""sw"":0.4169209897518158,""swfac"":0.0,""tmax"":26.81231689453125,""topwt"":3358.9996337890625,""totir"":45.0,""vstage"":18.0,""wtdep"":90.0,""xlai"":3.4409003257751465}"
P0041,H1,heldout_wgen,heldout_wgen:1091,103,2008-09-22,98,5.0,0.0,0.5098183751106262,45.0,40.0,late,<=0.05,>0.50,0,"[1, 0, 0, 0, 1, 0, 0, 0, 1, 0, 0, 0, 1, 0, 0, 0]","[39.999996185302734,98.0,16.629642486572266,2.2300641536712646,7829.1201171875,5.0,0.5098183751106262,90.0,12.672067642211914,0.0671830028295517,0.10320000350475311,0.12418700009584427,0.13519500195980072,0.13427899777889252,0.08133800327777863,0.0,31.99823570251465,16876.015625,45.0,25.0,90.0,1.8487926721572876]","{""cumsumfert"":39.999996185302734,""dap"":98.0,""dlayr"":5.0,""dtt"":16.629642486572266,""dul"":0.33000001311302185,""ep"":2.2300641536712646,""grnwt"":7829.119873046875,""istage"":5.0,""ll"":0.09000000357627869,""nstres"":0.5098183751106262,""rtdep"":90.0,""sat"":0.4599999785423279,""srad"":12.672067642211914,""sw"":0.0671830028295517,""swfac"":0.0,""tmax"":31.99823570251465,""topwt"":16876.015625,""totir"":45.0,""vstage"":25.0,""wtdep"":90.0,""xlai"":1.8487926721572876}"
P0042,H1,heldout_wgen,heldout_wgen:1091,104,2008-09-23,99,5.0,0.1017912030220031,0.5241997838020325,45.0,40.0,late,"(0.05,0.25]",>0.50,0,"[1, 0, 0, 0, 1, 0, 0, 0, 1, 0, 0, 0, 1, 0, 0, 0]","[39.999996185302734,99.0,15.808515548706055,1.9207236766815186,8053.5126953125,5.0,0.5241997838020325,90.0,12.58642578125,0.05998700112104416,0.09997399896383286,0.1212100014090538,0.13258300721645355,0.13223999738693237,0.07976499944925308,0.10179120302200317,30.670516967773438,16988.328125,45.0,25.0,90.0,1.7775987386703491]","{""cumsumfert"":39.999996185302734,""dap"":99.0,""dlayr"":5.0,""dtt"":15.808515548706055,""dul"":0.33000001311302185,""ep"":1.9207236766815186,""grnwt"":8053.5125732421875,""istage"":5.0,""ll"":0.09000000357627869,""nstres"":0.5241997838020325,""rtdep"":90.0,""sat"":0.4599999785423279,""srad"":12.58642578125,""sw"":0.05998700112104416,""swfac"":0.10179120302200317,""tmax"":30.670516967773438,""topwt"":16988.328857421875,""totir"":45.0,""vstage"":25.0,""wtdep"":90.0,""xlai"":1.7775987386703491}"
P0043,H1,heldout_wgen,heldout_wgen:1091,105,2008-09-24,100,5.0,0.0641219019889831,0.544619083404541,45.0,40.0,late,"(0.05,0.25]",>0.50,0,"[1, 0, 0, 0, 1, 0, 0, 0, 1, 0, 0, 0, 1, 0, 0, 0]","[39.999996185302734,100.0,12.422964096069336,1.5274641513824463,8126.48974609375,5.0,0.544619083404541,90.0,10.608979225158691,0.3666119873523712,0.09848800301551819,0.11894900351762772,0.13051800429821014,0.13054099678993225,0.07842600345611572,0.06412190198898315,23.38510513305664,17043.75390625,45.0,25.0,90.0,1.7076339721679688]","{""cumsumfert"":39.999996185302734,""dap"":100.0,""dlayr"":5.0,""dtt"":12.422964096069336,""dul"":0.33000001311302185,""ep"":1.5274641513824463,""grnwt"":8126.4898681640625,""istage"":5.0,""ll"":0.09000000357627869,""nstres"":0.544619083404541,""rtdep"":90.0,""sat"":0.4599999785423279,""srad"":10.608979225158691,""sw"":0.3666119873523712,""swfac"":0.06412190198898315,""tmax"":23.38510513305664,""topwt"":17043.7548828125,""totir"":45.0,""vstage"":25.0,""wtdep"":90.0,""xlai"":1.7076339721679688}"
P0044,H1,heldout_wgen,heldout_wgen:1091,107,2008-09-26,102,6.0,0.0,0.5242430567741394,45.0,40.0,late,<=0.05,>0.50,0,"[1, 0, 0, 0, 1, 0, 0, 0, 1, 0, 0, 0, 1, 0, 0, 0]","[39.999996185302734,102.0,12.735122680664062,2.760474920272827,8126.48974609375,6.0,0.5242430567741394,90.0,17.58557891845703,0.3167099952697754,0.12624099850654602,0.11819200217723846,0.1295270025730133,0.1296820044517517,0.07776500284671783,0.0,26.86324691772461,17043.75390625,45.0,25.0,90.0,1.7076339721679688]","{""cumsumfert"":39.999996185302734,""dap"":102.0,""dlayr"":5.0,""dtt"":12.735122680664062,""dul"":0.33000001311302185,""ep"":2.760474920272827,""grnwt"":8126.4898681640625,""istage"":6.0,""ll"":0.09000000357627869,""nstres"":0.5242430567741394,""rtdep"":90.0,""sat"":0.4599999785423279,""srad"":17.58557891845703,""sw"":0.3167099952697754,""swfac"":0.0,""tmax"":26.86324691772461,""topwt"":17043.7548828125,""totir"":45.0,""vstage"":25.0,""wtdep"":90.0,""xlai"":1.7076339721679688}"
P0045,H1,heldout_wgen,heldout_wgen:1091,108,2008-09-27,103,6.0,0.0,0.5242430567741394,45.0,40.0,late,<=0.05,>0.50,0,"[1, 0, 0, 0, 1, 0, 0, 0, 1, 0, 0, 0, 1, 0, 0, 0]","[39.999996185302734,103.0,12.193819046020508,1.6945351362228394,8126.48974609375,6.0,0.5242430567741394,90.0,10.894180297851562,0.2576960027217865,0.13280600309371948,0.11814700067043304,0.12919600307941437,0.1293880045413971,0.07754199951887131,0.0,28.132343292236328,17043.75390625,45.0,25.0,90.0,1.7076339721679688]","{""cumsumfert"":39.999996185302734,""dap"":103.0,""dlayr"":5.0,""dtt"":12.193819046020508,""dul"":0.33000001311302185,""ep"":1.6945351362228394,""grnwt"":8126.4898681640625,""istage"":6.0,""ll"":0.09000000357627869,""nstres"":0.5242430567741394,""rtdep"":90.0,""sat"":0.4599999785423279,""srad"":10.894180297851562,""sw"":0.2576960027217865,""swfac"":0.0,""tmax"":28.132343292236328,""topwt"":17043.7548828125,""totir"":45.0,""vstage"":25.0,""wtdep"":90.0,""xlai"":1.7076339721679688}"
P0046,H1,heldout_wgen,heldout_wgen:1092,102,2008-09-21,97,6.0,0.0,0.460121214389801,45.0,40.0,late,<=0.05,"(0.25,0.50]",0,"[1, 0, 0, 0, 1, 0, 0, 0, 1, 0, 0, 0, 1, 0, 0, 0]","[39.999996185302734,97.0,13.042381286621094,2.032863140106201,6892.736328125,6.0,0.460121214389801,90.0,12.705217361450195,0.2304220050573349,0.25201600790023804,0.27012598514556885,0.17569400370121002,0.15238599479198456,0.09297499805688858,0.0,28.357267379760742,15067.5205078125,45.0,24.0,90.0,1.7758865356445312]","{""cumsumfert"":39.999996185302734,""dap"":97.0,""dlayr"":5.0,""dtt"":13.042381286621094,""dul"":0.33000001311302185,""ep"":2.032863140106201,""grnwt"":6892.7362060546875,""istage"":6.0,""ll"":0.09000000357627869,""nstres"":0.460121214389801,""rtdep"":90.0,""sat"":0.4599999785423279,""srad"":12.705217361450195,""sw"":0.2304220050573349,""swfac"":0.0,""tmax"":28.357267379760742,""topwt"":15067.520751953125,""totir"":45.0,""vstage"":24.0,""wtdep"":90.0,""xlai"":1.7758865356445312}"
P0047,H1,heldout_wgen,heldout_wgen:1093,1,2008-06-12,0,7.0,0.1500000059604644,0.0,45.0,40.0,early,"(0.05,0.25]",<=0.05,0,"[1, 1, 1, 1, 1, 1, 1, 1, 1, 1, 1, 1, 1, 1, 1, 1]","[0.0,0.0,0.0,0.0,0.0,7.0,0.0,0.0,13.772747039794922,0.15000000596046448,0.15000000596046448,0.15000000596046448,0.15000000596046448,0.15000000596046448,0.15000000596046448,0.0,32.16001892089844,0.0,0.0,0.0,0.0,0.0]","{""cumsumfert"":0.0,""dap"":0.0,""dtt"":0.0,""ep"":0.0,""grnwt"":0.0,""istage"":7.0,""nstres"":0.0,""rtdep"":0.0,""srad"":13.772747039794922,""sw"":0.15000000596046448,""swfac"":0.15000000596046448,""tmax"":0.15000000596046448,""topwt"":0.15000000596046448,""totir"":0.15000000596046448,""vstage"":0.15000000596046448,""wtdep"":0.0,""xlai"":32.16001892089844}"
P0048,H1,heldout_wgen,heldout_wgen:1093,102,2008-09-21,97,5.0,0.0,0.3681687116622925,45.0,40.0,late,<=0.05,"(0.25,0.50]",0,"[1, 0, 0, 0, 1, 0, 0, 0, 1, 0, 0, 0, 1, 0, 0, 0]","[39.999996185302734,97.0,17.481369018554688,3.3233535289764404,6602.279296875,5.0,0.3681687116622925,90.0,17.300514221191406,0.2525460124015808,0.260140985250473,0.2577050030231476,0.244485005736351,0.16705000400543213,0.09155599772930145,0.0,32.37377166748047,15739.0029296875,45.0,24.0,90.0,2.178799867630005]","{""cumsumfert"":39.999996185302734,""dap"":97.0,""dlayr"":5.0,""dtt"":17.481369018554688,""dul"":0.33000001311302185,""ep"":3.3233535289764404,""grnwt"":6602.279052734375,""istage"":5.0,""ll"":0.09000000357627869,""nstres"":0.3681687116622925,""rtdep"":90.0,""sat"":0.4599999785423279,""srad"":17.300514221191406,""sw"":0.2525460124015808,""swfac"":0.0,""tmax"":32.37377166748047,""topwt"":15739.002685546875,""totir"":45.0,""vstage"":24.0,""wtdep"":90.0,""xlai"":2.178799867630005}"
P0049,H1,heldout_wgen,heldout_wgen:1094,85,2008-09-04,80,5.0,0.0,0.0566258430480957,45.0,40.0,late,<=0.05,"(0.05,0.25]",0,"[1, 1, 1, 1, 1, 1, 1, 1, 1, 1, 1, 1, 1, 1, 1, 1]","[39.999996185302734,80.0,6.410558700561523,0.9317638874053955,2518.237060546875,5.0,0.0566258430480957,90.0,5.348843097686768,0.4522620141506195,0.4532049894332886,0.4828450083732605,0.5154229998588562,0.4385620057582855,0.2259030044078827,0.0,18.016048431396484,11735.5,45.0,24.0,90.0,3.6946921348571777]","{""cumsumfert"":39.999996185302734,""dap"":80.0,""dlayr"":5.0,""dtt"":6.410558700561523,""dul"":0.33000001311302185,""ep"":0.9317638874053955,""grnwt"":2518.2369995117188,""istage"":5.0,""ll"":0.09000000357627869,""nstres"":0.0566258430480957,""rtdep"":90.0,""sat"":0.4599999785423279,""srad"":5.348843097686768,""sw"":0.4522620141506195,""swfac"":0.0,""tmax"":18.016048431396484,""topwt"":11735.50048828125,""totir"":45.0,""vstage"":24.0,""wtdep"":90.0,""xlai"":3.6946921348571777}"
P0050,H1,heldout_wgen,heldout_wgen:1096,40,2008-07-21,35,3.0,0.0,0.0,45.0,40.0,early,<=0.05,<=0.05,0,"[1, 1, 1, 1, 1, 1, 1, 1, 1, 1, 1, 1, 1, 1, 1, 1]","[39.999996185302734,35.0,19.796594619750977,3.178882598876953,0.0,3.0,0.0,90.0,14.675719261169434,0.3937689960002899,0.3998759984970093,0.2129649966955185,0.16308000683784485,0.15505599975585938,0.126677006483078,0.0,29.99411964416504,2953.914794921875,45.0,18.0,90.0,3.186966896057129]","{""cumsumfert"":39.999996185302734,""dap"":35.0,""dlayr"":5.0,""dtt"":19.796594619750977,""dul"":0.33000001311302185,""ep"":3.178882598876953,""grnwt"":0.0,""istage"":3.0,""ll"":0.09000000357627869,""nstres"":0.0,""rtdep"":90.0,""sat"":0.4599999785423279,""srad"":14.675719261169434,""sw"":0.3937689960002899,""swfac"":0.0,""tmax"":29.99411964416504,""topwt"":2953.914794921875,""totir"":45.0,""vstage"":18.0,""wtdep"":90.0,""xlai"":3.186966896057129}"
P0051,H1,heldout_wgen,heldout_wgen:1098,46,2008-07-27,41,3.0,0.0,0.0,45.0,40.0,mid,<=0.05,<=0.05,0,"[1, 1, 1, 1, 1, 1, 1, 1, 1, 1, 1, 1, 1, 1, 1, 1]","[39.999996185302734,41.0,14.013599395751953,1.278298020362854,0.0,3.0,0.0,90.0,6.356966972351074,0.32330799102783203,0.31189998984336853,0.31723499298095703,0.1968879997730255,0.1557770073413849,0.12642300128936768,0.0,22.714200973510742,4146.3740234375,45.0,20.0,90.0,3.6829912662506104]","{""cumsumfert"":39.999996185302734,""dap"":41.0,""dlayr"":5.0,""dtt"":14.013599395751953,""dul"":0.33000001311302185,""ep"":1.278298020362854,""grnwt"":0.0,""istage"":3.0,""ll"":0.09000000357627869,""nstres"":0.0,""rtdep"":90.0,""sat"":0.4599999785423279,""srad"":6.356966972351074,""sw"":0.32330799102783203,""swfac"":0.0,""tmax"":22.714200973510742,""topwt"":4146.3739013671875,""totir"":45.0,""vstage"":20.0,""wtdep"":90.0,""xlai"":3.6829912662506104}"
P0052,H1,heldout_wgen,heldout_wgen:1098,92,2008-09-11,87,5.0,0.0,0.1220289468765258,45.0,40.0,late,<=0.05,"(0.05,0.25]",0,"[1, 1, 1, 1, 1, 1, 1, 1, 1, 1, 1, 1, 1, 1, 1, 1]","[39.999996185302734,87.0,15.607860565185547,2.853776216506958,4146.90625,5.0,0.12202894687652588,90.0,14.021171569824219,0.4448849856853485,0.45217400789260864,0.48213401436805725,0.515408992767334,0.38919100165367126,0.10528499633073807,0.0,27.812562942504883,13086.431640625,45.0,24.0,90.0,2.990013837814331]","{""cumsumfert"":39.999996185302734,""dap"":87.0,""dlayr"":5.0,""dtt"":15.607860565185547,""dul"":0.33000001311302185,""ep"":2.853776216506958,""grnwt"":4146.9061279296875,""istage"":5.0,""ll"":0.09000000357627869,""nstres"":0.12202894687652588,""rtdep"":90.0,""sat"":0.4599999785423279,""srad"":14.021171569824219,""sw"":0.4448849856853485,""swfac"":0.0,""tmax"":27.812562942504883,""topwt"":13086.431884765625,""totir"":45.0,""vstage"":24.0,""wtdep"":90.0,""xlai"":2.990013837814331}"
P0053,H1,heldout_wgen,heldout_wgen:1099,1,2008-06-12,0,7.0,0.1500000059604644,0.0,45.0,40.0,early,"(0.05,0.25]",<=0.05,0,"[1, 1, 1, 1, 1, 1, 1, 1, 1, 1, 1, 1, 1, 1, 1, 1]","[0.0,0.0,0.0,0.0,0.0,7.0,0.0,0.0,19.630176544189453,0.15000000596046448,0.15000000596046448,0.15000000596046448,0.15000000596046448,0.15000000596046448,0.15000000596046448,0.0,32.14318084716797,0.0,0.0,0.0,0.0,0.0]","{""cumsumfert"":0.0,""dap"":0.0,""dtt"":0.0,""ep"":0.0,""grnwt"":0.0,""istage"":7.0,""nstres"":0.0,""rtdep"":0.0,""srad"":19.630176544189453,""sw"":0.15000000596046448,""swfac"":0.15000000596046448,""tmax"":0.15000000596046448,""topwt"":0.15000000596046448,""totir"":0.15000000596046448,""vstage"":0.15000000596046448,""wtdep"":0.0,""xlai"":32.14318084716797}"
P0054,H1,heldout_wgen,heldout_wgen:1099,101,2008-09-20,96,5.0,0.2089229226112365,0.4052910804748535,45.0,40.0,late,"(0.05,0.25]","(0.25,0.50]",0,"[1, 0, 0, 0, 1, 0, 0, 0, 1, 0, 0, 0, 1, 0, 0, 0]","[39.999996185302734,96.0,14.049680709838867,2.7628328800201416,7226.46728515625,5.0,0.4052910804748535,90.0,20.27457046508789,0.07467100024223328,0.10377299785614014,0.12551000714302063,0.13721700012683868,0.13608099520206451,0.08347000181674957,0.20892292261123657,28.553895950317383,15408.51171875,45.0,25.0,90.0,1.9615675210952759]","{""cumsumfert"":39.999996185302734,""dap"":96.0,""dlayr"":5.0,""dtt"":14.049680709838867,""dul"":0.33000001311302185,""ep"":2.7628328800201416,""grnwt"":7226.46728515625,""istage"":5.0,""ll"":0.09000000357627869,""nstres"":0.4052910804748535,""rtdep"":90.0,""sat"":0.4599999785423279,""srad"":20.27457046508789,""sw"":0.07467100024223328,""swfac"":0.20892292261123657,""tmax"":28.553895950317383,""topwt"":15408.511962890625,""totir"":45.0,""vstage"":25.0,""wtdep"":90.0,""xlai"":1.9615675210952759}"
P0055,H1,heldout_wgen,heldout_wgen:1099,104,2008-09-23,99,6.0,0.3753587007522583,0.4592795372009277,45.0,40.0,late,"(0.25,0.50]","(0.25,0.50]",0,"[1, 0, 0, 0, 1, 0, 0, 0, 1, 0, 0, 0, 1, 0, 0, 0]","[39.999996185302734,99.0,9.453117370605469,1.477221131324768,7226.46728515625,6.0,0.45927953720092773,90.0,15.465193748474121,0.05988699942827225,0.09777200222015381,0.11969000101089478,0.131849005818367,0.13182300329208374,0.08018600195646286,0.3753587007522583,23.000852584838867,15408.51171875,45.0,25.0,90.0,1.9615675210952759]","{""cumsumfert"":39.999996185302734,""dap"":99.0,""dlayr"":5.0,""dtt"":9.453117370605469,""dul"":0.33000001311302185,""ep"":1.477221131324768,""grnwt"":7226.46728515625,""istage"":6.0,""ll"":0.09000000357627869,""nstres"":0.45927953720092773,""rtdep"":90.0,""sat"":0.4599999785423279,""srad"":15.465193748474121,""sw"":0.05988699942827225,""swfac"":0.3753587007522583,""tmax"":23.000852584838867,""topwt"":15408.511962890625,""totir"":45.0,""vstage"":25.0,""wtdep"":90.0,""xlai"":1.9615675210952759}"
P0056,H1,heldout_wgen,heldout_wgen:1099,105,2008-09-24,100,6.0,0.5293612480163574,0.4592795372009277,45.0,40.0,late,>0.50,"(0.25,0.50]",0,"[1, 0, 0, 0, 1, 0, 0, 0, 1, 0, 0, 0, 1, 0, 0, 0]","[39.999996185302734,100.0,11.474483489990234,1.2440663576126099,7226.46728515625,6.0,0.45927953720092773,90.0,16.600414276123047,0.059824999421834946,0.0960329994559288,0.11791399866342545,0.13015300035476685,0.13038699328899384,0.07903999835252762,0.5293612480163574,24.71310806274414,15408.51171875,45.0,25.0,90.0,1.9615675210952759]","{""cumsumfert"":39.999996185302734,""dap"":100.0,""dlayr"":5.0,""dtt"":11.474483489990234,""dul"":0.33000001311302185,""ep"":1.2440663576126099,""grnwt"":7226.46728515625,""istage"":6.0,""ll"":0.09000000357627869,""nstres"":0.45927953720092773,""rtdep"":90.0,""sat"":0.4599999785423279,""srad"":16.600414276123047,""sw"":0.059824999421834946,""swfac"":0.5293612480163574,""tmax"":24.71310806274414,""topwt"":15408.511962890625,""totir"":45.0,""vstage"":25.0,""wtdep"":90.0,""xlai"":1.9615675210952759}"
P0057,H1,observed_weather,observed_weather:2014,52,2014-08-03,47,3.0,0.3601442575454712,0.1187682747840881,45.0,40.0,mid,"(0.25,0.50]","(0.05,0.25]",0,"[1, 1, 1, 1, 1, 1, 1, 1, 1, 1, 1, 1, 1, 1, 1, 1]","[39.999996185302734,47.0,20.81689453125,3.320321559906006,0.0,3.0,0.11876827478408813,90.0,21.399999618530273,0.09170199930667877,0.10174199938774109,0.1253190040588379,0.13726399838924408,0.1366170048713684,0.09023500233888626,0.3601442575454712,35.29999923706055,6171.4619140625,45.0,22.0,90.0,4.299556732177734]","{""cumsumfert"":39.999996185302734,""dap"":47.0,""dlayr"":5.0,""dtt"":20.81689453125,""dul"":0.33000001311302185,""ep"":3.320321559906006,""grnwt"":0.0,""istage"":3.0,""ll"":0.09000000357627869,""nstres"":0.11876827478408813,""rtdep"":90.0,""sat"":0.4599999785423279,""srad"":21.399999618530273,""sw"":0.09170199930667877,""swfac"":0.3601442575454712,""tmax"":35.29999923706055,""topwt"":6171.4617919921875,""totir"":45.0,""vstage"":22.0,""wtdep"":90.0,""xlai"":4.299556732177734}"
P0058,H1,observed_weather,observed_weather:2014,54,2014-08-05,49,3.0,0.1750505566596985,0.1363965272903442,45.0,40.0,mid,"(0.05,0.25]","(0.05,0.25]",0,"[1, 1, 1, 1, 1, 1, 1, 1, 1, 1, 1, 1, 1, 1, 1, 1]","[39.999996185302734,49.0,17.75,1.8242943286895752,0.0,3.0,0.13639652729034424,90.0,9.899999618530273,0.08409799635410309,0.09662400186061859,0.12028100341558456,0.13220399618148804,0.13171599805355072,0.08551699668169022,0.1750505566596985,29.799999237060547,6468.32080078125,45.0,23.0,90.0,4.192626476287842]","{""cumsumfert"":39.999996185302734,""dap"":49.0,""dlayr"":5.0,""dtt"":17.75,""dul"":0.33000001311302185,""ep"":1.8242943286895752,""grnwt"":0.0,""istage"":3.0,""ll"":0.09000000357627869,""nstres"":0.13639652729034424,""rtdep"":90.0,""sat"":0.4599999785423279,""srad"":9.899999618530273,""sw"":0.08409799635410309,""swfac"":0.1750505566596985,""tmax"":29.799999237060547,""topwt"":6468.3209228515625,""totir"":45.0,""vstage"":23.0,""wtdep"":90.0,""xlai"":4.192626476287842}"
P0059,H1,observed_weather,observed_weather:2014,59,2014-08-10,54,3.0,0.8178990185260773,0.136621356010437,45.0,40.0,mid,>0.50,"(0.05,0.25]",0,"[1, 1, 1, 1, 1, 1, 1, 1, 1, 1, 1, 1, 1, 1, 1, 1]","[39.999996185302734,54.0,15.950000762939453,0.9131776094436646,0.0,3.0,0.136621356010437,90.0,23.399999618530273,0.07761900126934052,0.09023000299930573,0.11329200118780136,0.12507100403308868,0.1247439980506897,0.07889900356531143,0.8178989887237549,31.0,6820.490234375,45.0,24.0,90.0,3.6317858695983887]","{""cumsumfert"":39.999996185302734,""dap"":54.0,""dlayr"":5.0,""dtt"":15.950000762939453,""dul"":0.33000001311302185,""ep"":0.9131776094436646,""grnwt"":0.0,""istage"":3.0,""ll"":0.09000000357627869,""nstres"":0.136621356010437,""rtdep"":90.0,""sat"":0.4599999785423279,""srad"":23.399999618530273,""sw"":0.07761900126934052,""swfac"":0.8178990185260773,""tmax"":31.0,""topwt"":6820.4901123046875,""totir"":45.0,""vstage"":24.0,""wtdep"":90.0,""xlai"":3.6317858695983887}"
P0060,H1,observed_weather,observed_weather:2014,84,2014-09-04,79,5.0,0.9475634954869748,0.0,45.0,40.0,late,>0.50,<=0.05,0,"[1, 1, 1, 1, 1, 1, 1, 1, 1, 1, 1, 1, 1, 1, 1, 1]","[39.999996185302734,79.0,13.299999237060547,0.10441756248474121,1218.022705078125,5.0,0.0,90.0,24.399999618530273,0.05965099856257439,0.0900219976902008,0.11000499874353409,0.11999999731779099,0.119998998939991,0.07000000029802322,0.9475634694099426,29.899999618530273,8904.12890625,45.0,24.0,90.00018310546875,1.5904655456542969]","{""cumsumfert"":39.999996185302734,""dap"":79.0,""dlayr"":5.0,""dtt"":13.299999237060547,""dul"":0.33000001311302185,""ep"":0.10441756248474121,""grnwt"":1218.0227661132812,""istage"":5.0,""ll"":0.09000000357627869,""nstres"":0.0,""rtdep"":90.0,""sat"":0.4599999785423279,""srad"":24.399999618530273,""sw"":0.05965099856257439,""swfac"":0.9475634954869747,""tmax"":29.899999618530273,""topwt"":8904.12841796875,""totir"":45.0,""vstage"":24.0,""wtdep"":90.00018310546875,""xlai"":1.5904655456542969}"
P0061,H1,observed_weather,observed_weather:2015,13,2015-06-25,8,1.0,0.0,0.0117386579513549,45.0,40.0,early,<=0.05,<=0.05,0,"[1, 1, 1, 1, 1, 1, 1, 1, 1, 1, 1, 1, 0, 0, 0, 0]","[39.999996185302734,8.0,14.427377700805664,0.005338191986083984,0.0,1.0,0.01173865795135498,21.079681396484375,8.100000381469727,0.40681400895118713,0.303631991147995,0.2288839966058731,0.1592320054769516,0.15348799526691437,0.1483439952135086,0.0,24.299999237060547,26.400001525878906,45.0,2.0,90.0,0.007074111606925726]","{""cumsumfert"":39.999996185302734,""dap"":8.0,""dlayr"":5.0,""dtt"":14.427377700805664,""dul"":0.33000001311302185,""ep"":0.005338191986083984,""grnwt"":0.0,""istage"":1.0,""ll"":0.09000000357627869,""nstres"":0.01173865795135498,""rtdep"":21.079681396484375,""sat"":0.4599999785423279,""srad"":8.100000381469727,""sw"":0.40681400895118713,""swfac"":0.0,""tmax"":24.299999237060547,""topwt"":26.400001049041748,""totir"":45.0,""vstage"":2.0,""wtdep"":90.0,""xlai"":0.007074111606925726}"
P0062,H1,observed_weather,observed_weather:2015,87,2015-09-07,82,5.0,0.3808856010437011,0.1646979451179504,45.0,40.0,late,"(0.25,0.50]","(0.05,0.25]",0,"[1, 1, 1, 1, 1, 1, 1, 1, 1, 1, 1, 1, 1, 1, 1, 1]","[39.999996185302734,82.0,11.600000381469727,2.419793128967285,3446.08837890625,5.0,0.16469794511795044,90.0,21.5,0.09000000357627869,0.10393700003623962,0.1205729991197586,0.13016200065612793,0.12948299944400787,0.07961300015449524,0.38088560104370117,27.899999618530273,13343.68359375,45.0,24.0,90.0,2.821899175643921]","{""cumsumfert"":39.999996185302734,""dap"":82.0,""dlayr"":5.0,""dtt"":11.600000381469727,""dul"":0.33000001311302185,""ep"":2.419793128967285,""grnwt"":3446.0882568359375,""istage"":5.0,""ll"":0.09000000357627869,""nstres"":0.16469794511795044,""rtdep"":90.0,""sat"":0.4599999785423279,""srad"":21.5,""sw"":0.09000000357627869,""swfac"":0.38088560104370117,""tmax"":27.899999618530273,""topwt"":13343.68408203125,""totir"":45.0,""vstage"":24.0,""wtdep"":90.0,""xlai"":2.821899175643921}"
P0063,H1,observed_weather,observed_weather:2015,90,2015-09-10,85,5.0,0.3029690980911255,0.1899549961090088,45.0,40.0,late,"(0.25,0.50]","(0.05,0.25]",0,"[1, 1, 1, 1, 1, 1, 1, 1, 1, 1, 1, 1, 1, 1, 1, 1]","[39.999996185302734,85.0,14.649999618530273,1.1056052446365356,4000.630126953125,5.0,0.1899549961090088,90.0,8.399999618530273,0.146137997508049,0.09570799767971039,0.11579100042581558,0.12583300471305847,0.1259389966726303,0.07625199854373932,0.3029690980911255,25.5,13677.099609375,45.0,24.0,90.0,2.6223244667053223]","{""cumsumfert"":39.999996185302734,""dap"":85.0,""dlayr"":5.0,""dtt"":14.649999618530273,""dul"":0.33000001311302185,""ep"":1.1056052446365356,""grnwt"":4000.6301879882812,""istage"":5.0,""ll"":0.09000000357627869,""nstres"":0.1899549961090088,""rtdep"":90.0,""sat"":0.4599999785423279,""srad"":8.399999618530273,""sw"":0.146137997508049,""swfac"":0.3029690980911255,""tmax"":25.5,""topwt"":13677.099609375,""totir"":45.0,""vstage"":24.0,""wtdep"":90.0,""xlai"":2.6223244667053223}"
P0064,H1,observed_weather,observed_weather:2015,101,2015-09-21,96,5.0,0.9618080146610736,0.2530913949012756,45.0,40.0,late,>0.50,"(0.25,0.50]",0,"[1, 0, 0, 0, 1, 0, 0, 0, 1, 0, 0, 0, 1, 0, 0, 0]","[39.999996185302734,96.0,13.0,0.00014975666999816895,5442.29443359375,5.0,0.25309139490127563,90.0,14.600000381469727,0.05962499976158142,0.09000000357627869,0.10999999940395355,0.11999999731779099,0.11999999731779099,0.07000000029802322,0.9618080258369446,29.5,14393.498046875,45.0,24.0,90.0,1.7048847675323486]","{""cumsumfert"":39.999996185302734,""dap"":96.0,""dlayr"":5.0,""dtt"":13.0,""dul"":0.33000001311302185,""ep"":0.00014975666999816895,""grnwt"":5442.2943115234375,""istage"":5.0,""ll"":0.09000000357627869,""nstres"":0.25309139490127563,""rtdep"":90.0,""sat"":0.4599999785423279,""srad"":14.600000381469727,""sw"":0.05962499976158142,""swfac"":0.9618080146610737,""tmax"":29.5,""topwt"":14393.49853515625,""totir"":45.0,""vstage"":24.0,""wtdep"":90.0,""xlai"":1.7048847675323486}"
P0065,H1,observed_weather,observed_weather:2016,56,2016-08-06,51,3.0,0.0,0.1273361444473266,45.0,40.0,mid,<=0.05,"(0.05,0.25]",0,"[1, 1, 1, 1, 1, 1, 1, 1, 1, 1, 1, 1, 1, 1, 1, 1]","[39.999996185302734,51.0,18.650001525878906,1.4059665203094482,0.0,3.0,0.12733614444732666,90.0,6.199999809265137,0.23036900162696838,0.20796599984169006,0.23248599469661713,0.2178950011730194,0.17668800055980682,0.11576300114393234,0.0,28.600000381469727,7347.9208984375,45.0,24.0,90.0,4.353549480438232]","{""cumsumfert"":39.999996185302734,""dap"":51.0,""dlayr"":5.0,""dtt"":18.650001525878906,""dul"":0.33000001311302185,""ep"":1.4059665203094482,""grnwt"":0.0,""istage"":3.0,""ll"":0.09000000357627869,""nstres"":0.12733614444732666,""rtdep"":90.0,""sat"":0.4599999785423279,""srad"":6.199999809265137,""sw"":0.23036900162696838,""swfac"":0.0,""tmax"":28.600000381469727,""topwt"":7347.921142578125,""totir"":45.0,""vstage"":24.0,""wtdep"":90.0,""xlai"":4.353549480438232}"
P0066,H1,observed_weather,observed_weather:2016,81,2016-08-31,76,5.0,0.3539586067199707,0.1055409908294677,45.0,40.0,late,"(0.25,0.50]","(0.05,0.25]",0,"[1, 1, 1, 1, 1, 1, 1, 1, 1, 1, 1, 1, 1, 1, 1, 1]","[39.999996185302734,76.0,16.75,2.9850196838378906,2665.65673828125,5.0,0.10554099082946777,90.0,22.0,0.08205799758434296,0.10264299809932709,0.12487799674272537,0.13592299818992615,0.13672299683094025,0.08568499982357025,0.3539586067199707,31.899999618530273,11854.689453125,45.0,24.0,90.0,3.352482795715332]","{""cumsumfert"":39.999996185302734,""dap"":76.0,""dlayr"":5.0,""dtt"":16.75,""dul"":0.33000001311302185,""ep"":2.9850196838378906,""grnwt"":2665.65673828125,""istage"":5.0,""ll"":0.09000000357627869,""nstres"":0.10554099082946777,""rtdep"":90.0,""sat"":0.4599999785423279,""srad"":22.0,""sw"":0.08205799758434296,""swfac"":0.3539586067199707,""tmax"":31.899999618530273,""topwt"":11854.68994140625,""totir"":45.0,""vstage"":24.0,""wtdep"":90.0,""xlai"":3.352482795715332}"
P0067,H1,observed_weather,observed_weather:2016,90,2016-09-09,85,5.0,0.8173913657665253,0.1264524459838867,45.0,40.0,late,>0.50,"(0.05,0.25]",0,"[1, 1, 1, 1, 1, 1, 1, 1, 1, 1, 1, 1, 1, 1, 1, 1]","[39.999996185302734,85.0,15.799999237060547,0.6202684640884399,3799.113525390625,5.0,0.12645244598388672,90.0,17.399999618530273,0.05962499976158142,0.09001299738883972,0.11102599650621414,0.1225460022687912,0.12378600239753723,0.07406099885702133,0.8173913955688477,32.70000076293945,12750.6591796875,45.0,24.0,90.0,2.494661569595337]","{""cumsumfert"":39.999996185302734,""dap"":85.0,""dlayr"":5.0,""dtt"":15.799999237060547,""dul"":0.33000001311302185,""ep"":0.6202684640884399,""grnwt"":3799.1134643554688,""istage"":5.0,""ll"":0.09000000357627869,""nstres"":0.12645244598388672,""rtdep"":90.0,""sat"":0.4599999785423279,""srad"":17.399999618530273,""sw"":0.05962499976158142,""swfac"":0.8173913657665253,""tmax"":32.70000076293945,""topwt"":12750.6591796875,""totir"":45.0,""vstage"":24.0,""wtdep"":90.0,""xlai"":2.494661569595337}"
P0068,H1,observed_weather,observed_weather:2016,94,2016-09-13,89,5.0,0.8267812281847,0.1263738274574279,45.0,40.0,late,>0.50,"(0.05,0.25]",0,"[1, 1, 1, 1, 1, 1, 1, 1, 1, 1, 1, 1, 1, 1, 1, 1]","[39.999996185302734,89.0,16.0,0.31450748443603516,4222.5576171875,5.0,0.12637382745742798,90.0,15.199999809265137,0.05962499976158142,0.09000000357627869,0.10999999940395355,0.11999999731779099,0.1209070011973381,0.07149700075387955,0.8267812132835388,29.5,12947.806640625,45.0,24.0,90.0,2.10445499420166]","{""cumsumfert"":39.999996185302734,""dap"":89.0,""dlayr"":5.0,""dtt"":16.0,""dul"":0.33000001311302185,""ep"":0.31450748443603516,""grnwt"":4222.557373046875,""istage"":5.0,""ll"":0.09000000357627869,""nstres"":0.12637382745742798,""rtdep"":90.0,""sat"":0.4599999785423279,""srad"":15.199999809265137,""sw"":0.05962499976158142,""swfac"":0.8267812281847,""tmax"":29.5,""topwt"":12947.806396484375,""totir"":45.0,""vstage"":24.0,""wtdep"":90.0,""xlai"":2.10445499420166}"
P0069,H1,observed_weather,observed_weather:2016,98,2016-09-17,93,6.0,0.966542448848486,0.1233618259429931,45.0,40.0,late,>0.50,"(0.05,0.25]",0,"[1, 0, 0, 0, 1, 0, 0, 0, 1, 0, 0, 0, 1, 0, 0, 0]","[39.999996185302734,93.0,14.5,0.00014975666999816895,4513.65380859375,6.0,0.12336182594299316,90.0,15.300000190734863,0.05962499976158142,0.09000000357627869,0.10999999940395355,0.11999999731779099,0.11999999731779099,0.07000000029802322,0.9665424227714539,29.100000381469727,13014.779296875,45.0,24.0,90.0,1.828670859336853]","{""cumsumfert"":39.999996185302734,""dap"":93.0,""dlayr"":5.0,""dtt"":14.5,""dul"":0.33000001311302185,""ep"":0.00014975666999816895,""grnwt"":4513.653869628906,""istage"":6.0,""ll"":0.09000000357627869,""nstres"":0.12336182594299316,""rtdep"":90.0,""sat"":0.4599999785423279,""srad"":15.300000190734863,""sw"":0.05962499976158142,""swfac"":0.966542448848486,""tmax"":29.100000381469727,""topwt"":13014.779052734375,""totir"":45.0,""vstage"":24.0,""wtdep"":90.0,""xlai"":1.828670859336853}"
P0070,H1,observed_weather,observed_weather:2017,1,2017-06-13,0,7.0,0.1500000059604644,0.0,45.0,40.0,early,"(0.05,0.25]",<=0.05,0,"[1, 1, 1, 1, 1, 1, 1, 1, 1, 1, 1, 1, 1, 1, 1, 1]","[0.0,0.0,0.0,0.0,0.0,7.0,0.0,0.0,20.799999237060547,0.15000000596046448,0.15000000596046448,0.15000000596046448,0.15000000596046448,0.15000000596046448,0.15000000596046448,0.0,28.100000381469727,0.0,0.0,0.0,0.0,0.0]","{""cumsumfert"":0.0,""dap"":0.0,""dtt"":0.0,""ep"":0.0,""grnwt"":0.0,""istage"":7.0,""nstres"":0.0,""rtdep"":0.0,""srad"":20.799999237060547,""sw"":0.15000000596046448,""swfac"":0.15000000596046448,""tmax"":0.15000000596046448,""topwt"":0.15000000596046448,""totir"":0.15000000596046448,""vstage"":0.15000000596046448,""wtdep"":0.0,""xlai"":28.100000381469727}"
P0071,H1,observed_weather,observed_weather:2017,64,2017-08-15,59,4.0,0.0,0.0951474905014038,45.0,40.0,mid,<=0.05,"(0.05,0.25]",0,"[1, 1, 1, 1, 1, 1, 1, 1, 1, 1, 1, 1, 1, 1, 1, 1]","[39.999996185302734,59.0,17.200000762939453,4.849633693695068,0.0,4.0,0.09514749050140381,90.0,21.799999237060547,0.26367199420928955,0.2658250033855438,0.2904900014400482,0.27959001064300537,0.17105500400066376,0.1000249981880188,0.0,30.799999237060547,9129.140625,45.0,25.0,90.0,4.161615371704102]","{""cumsumfert"":39.999996185302734,""dap"":59.0,""dlayr"":5.0,""dtt"":17.200000762939453,""dul"":0.33000001311302185,""ep"":4.849633693695068,""grnwt"":0.0,""istage"":4.0,""ll"":0.09000000357627869,""nstres"":0.09514749050140381,""rtdep"":90.0,""sat"":0.4599999785423279,""srad"":21.799999237060547,""sw"":0.26367199420928955,""swfac"":0.0,""tmax"":30.799999237060547,""topwt"":9129.140625,""totir"":45.0,""vstage"":25.0,""wtdep"":90.0,""xlai"":4.161615371704102}"
P0072,H1,observed_weather,observed_weather:2017,83,2017-09-03,78,5.0,0.0,0.1274293661117553,45.0,40.0,late,<=0.05,"(0.05,0.25]",0,"[1, 1, 1, 1, 1, 1, 1, 1, 1, 1, 1, 1, 1, 1, 1, 1]","[39.999996185302734,78.0,15.450000762939453,3.004134178161621,3487.878662109375,5.0,0.12742936611175537,90.0,14.399999618530273,0.28950101137161255,0.29716700315475464,0.29204800724983215,0.218626007437706,0.15876099467277527,0.09374099969863892,0.0,28.799999237060547,13106.5087890625,45.0,25.0,90.0,3.4658167362213135]","{""cumsumfert"":39.999996185302734,""dap"":78.0,""dlayr"":5.0,""dtt"":15.450000762939453,""dul"":0.33000001311302185,""ep"":3.004134178161621,""grnwt"":3487.8787231445312,""istage"":5.0,""ll"":0.09000000357627869,""nstres"":0.12742936611175537,""rtdep"":90.0,""sat"":0.4599999785423279,""srad"":14.399999618530273,""sw"":0.28950101137161255,""swfac"":0.0,""tmax"":28.799999237060547,""topwt"":13106.5087890625,""totir"":45.0,""vstage"":25.0,""wtdep"":90.0,""xlai"":3.4658167362213135}"
P0073,H1,observed_weather,observed_weather:2017,99,2017-09-19,94,6.0,0.0,0.5154843330383301,45.0,40.0,late,<=0.05,>0.50,0,"[1, 0, 0, 0, 1, 0, 0, 0, 1, 0, 0, 0, 1, 0, 0, 0]","[39.999996185302734,94.0,16.299999237060547,3.16182279586792,7127.4072265625,6.0,0.5154843330383301,90.0,17.700000762939453,0.08247199654579163,0.1311900019645691,0.16509099304676056,0.1571269929409027,0.1485619992017746,0.08955100178718567,0.0,31.600000381469727,16227.986328125,45.0,25.0,90.0,2.041443347930908]","{""cumsumfert"":39.999996185302734,""dap"":94.0,""dlayr"":5.0,""dtt"":16.299999237060547,""dul"":0.33000001311302185,""ep"":3.16182279586792,""grnwt"":7127.4072265625,""istage"":6.0,""ll"":0.09000000357627869,""nstres"":0.5154843330383301,""rtdep"":90.0,""sat"":0.4599999785423279,""srad"":17.700000762939453,""sw"":0.08247199654579163,""swfac"":0.0,""tmax"":31.600000381469727,""topwt"":16227.98583984375,""totir"":45.0,""vstage"":25.0,""wtdep"":90.0,""xlai"":2.041443347930908}"
P0074,H1,observed_weather,observed_weather:2017,101,2017-09-21,96,6.0,0.0,0.5154843330383301,45.0,40.0,late,<=0.05,>0.50,0,"[1, 0, 0, 0, 1, 0, 0, 0, 1, 0, 0, 0, 1, 0, 0, 0]","[39.999996185302734,96.0,13.25,2.660599708557129,7127.4072265625,6.0,0.5154843330383301,90.0,15.699999809265137,0.06081699952483177,0.11796600371599197,0.1438249945640564,0.15151099860668182,0.1460220068693161,0.08844900131225586,0.0,29.600000381469727,16227.986328125,45.0,25.0,90.0,2.041443347930908]","{""cumsumfert"":39.999996185302734,""dap"":96.0,""dlayr"":5.0,""dtt"":13.25,""dul"":0.33000001311302185,""ep"":2.660599708557129,""grnwt"":7127.4072265625,""istage"":6.0,""ll"":0.09000000357627869,""nstres"":0.5154843330383301,""rtdep"":90.0,""sat"":0.4599999785423279,""srad"":15.699999809265137,""sw"":0.06081699952483177,""swfac"":0.0,""tmax"":29.600000381469727,""topwt"":16227.98583984375,""totir"":45.0,""vstage"":25.0,""wtdep"":90.0,""xlai"":2.041443347930908}"
P0075,H1,observed_weather,observed_weather:2018,37,2018-07-19,32,3.0,0.0,0.0,45.0,40.0,early,<=0.05,<=0.05,0,"[1, 1, 1, 1, 1, 1, 1, 1, 1, 1, 1, 1, 1, 1, 1, 1]","[39.999996185302734,32.0,23.62833595275879,5.799710750579834,0.0,3.0,0.0,90.0,25.799999237060547,0.3039489984512329,0.3343679904937744,0.31632301211357117,0.2695060074329376,0.18953999876976013,0.14025600254535675,0.0,35.20000076293945,2549.794677734375,45.0,16.0,90.0,2.8527722358703613]","{""cumsumfert"":39.999996185302734,""dap"":32.0,""dlayr"":5.0,""dtt"":23.62833595275879,""dul"":0.33000001311302185,""ep"":5.799710750579834,""grnwt"":0.0,""istage"":3.0,""ll"":0.09000000357627869,""nstres"":0.0,""rtdep"":90.0,""sat"":0.4599999785423279,""srad"":25.799999237060547,""sw"":0.3039489984512329,""swfac"":0.0,""tmax"":35.20000076293945,""topwt"":2549.7947692871094,""totir"":45.0,""vstage"":16.0,""wtdep"":90.0,""xlai"":2.8527722358703613}"
P0076,H1,observed_weather,observed_weather:2018,44,2018-07-26,39,3.0,0.0,0.0329400300979614,45.0,40.0,mid,<=0.05,<=0.05,0,"[1, 1, 1, 1, 1, 1, 1, 1, 1, 1, 1, 1, 1, 1, 1, 1]","[39.999996185302734,39.0,22.361083984375,5.465449810028076,0.0,3.0,0.032940030097961426,90.0,22.700000762939453,0.21535900235176086,0.22025999426841736,0.24042899906635284,0.2233320027589798,0.16865600645542145,0.11808499693870544,0.0,34.400001525878906,5283.29150390625,45.0,20.0,90.0,4.25141716003418]","{""cumsumfert"":39.999996185302734,""dap"":39.0,""dlayr"":5.0,""dtt"":22.361083984375,""dul"":0.33000001311302185,""ep"":5.465449810028076,""grnwt"":0.0,""istage"":3.0,""ll"":0.09000000357627869,""nstres"":0.032940030097961426,""rtdep"":90.0,""sat"":0.4599999785423279,""srad"":22.700000762939453,""sw"":0.21535900235176086,""swfac"":0.0,""tmax"":34.400001525878906,""topwt"":5283.2916259765625,""totir"":45.0,""vstage"":20.0,""wtdep"":90.0,""xlai"":4.25141716003418}"
P0077,H1,observed_weather,observed_weather:2018,54,2018-08-05,49,3.0,0.0,0.1462322473526001,45.0,40.0,mid,<=0.05,"(0.05,0.25]",0,"[1, 1, 1, 1, 1, 1, 1, 1, 1, 1, 1, 1, 1, 1, 1, 1]","[39.999996185302734,49.0,22.33348274230957,4.271688938140869,0.0,3.0,0.1462322473526001,90.0,17.5,0.16451799869537354,0.1530580073595047,0.14482499659061432,0.15447799861431122,0.15275900065898895,0.10012300312519073,0.0,34.599998474121094,8221.7861328125,45.0,24.0,90.0,4.4167351722717285]","{""cumsumfert"":39.999996185302734,""dap"":49.0,""dlayr"":5.0,""dtt"":22.33348274230957,""dul"":0.33000001311302185,""ep"":4.271688938140869,""grnwt"":0.0,""istage"":3.0,""ll"":0.09000000357627869,""nstres"":0.1462322473526001,""rtdep"":90.0,""sat"":0.4599999785423279,""srad"":17.5,""sw"":0.16451799869537354,""swfac"":0.0,""tmax"":34.599998474121094,""topwt"":8221.785888671875,""totir"":45.0,""vstage"":24.0,""wtdep"":90.0,""xlai"":4.4167351722717285}"
P0078,H1,observed_weather,observed_weather:2018,58,2018-08-09,53,4.0,0.1506327390670776,0.1304695606231689,45.0,40.0,mid,"(0.05,0.25]","(0.05,0.25]",0,"[1, 1, 1, 1, 1, 1, 1, 1, 1, 1, 1, 1, 1, 1, 1, 1]","[39.999996185302734,53.0,22.099998474121094,2.9729714393615723,0.0,4.0,0.13046956062316895,90.0,14.600000381469727,0.09766999632120132,0.10333000123500824,0.12474299967288971,0.1370919942855835,0.1395920068025589,0.08813100308179855,0.15063273906707764,33.099998474121094,9190.681640625,45.0,24.0,90.0,4.12079381942749]","{""cumsumfert"":39.999996185302734,""dap"":53.0,""dlayr"":5.0,""dtt"":22.099998474121094,""dul"":0.33000001311302185,""ep"":2.9729714393615723,""grnwt"":0.0,""istage"":4.0,""ll"":0.09000000357627869,""nstres"":0.13046956062316895,""rtdep"":90.0,""sat"":0.4599999785423279,""srad"":14.600000381469727,""sw"":0.09766999632120132,""swfac"":0.15063273906707764,""tmax"":33.099998474121094,""topwt"":9190.68115234375,""totir"":45.0,""vstage"":24.0,""wtdep"":90.0,""xlai"":4.12079381942749}"
P0079,H1,observed_weather,observed_weather:2018,61,2018-08-12,56,4.0,0.7683349251747131,0.1095577478408813,45.0,40.0,mid,>0.50,"(0.05,0.25]",0,"[1, 1, 1, 1, 1, 1, 1, 1, 1, 1, 1, 1, 1, 1, 1, 1]","[39.999996185302734,56.0,21.889530181884766,1.3762413263320923,0.0,4.0,0.10955774784088135,90.0,24.0,0.07399299740791321,0.09680300205945969,0.11824599653482437,0.1305920034646988,0.133433997631073,0.08265600353479385,0.7683349251747131,35.79999923706055,9380.9599609375,45.0,24.0,90.0,3.7093846797943115]","{""cumsumfert"":39.999996185302734,""dap"":56.0,""dlayr"":5.0,""dtt"":21.889530181884766,""dul"":0.33000001311302185,""ep"":1.3762413263320923,""grnwt"":0.0,""istage"":4.0,""ll"":0.09000000357627869,""nstres"":0.10955774784088135,""rtdep"":90.0,""sat"":0.4599999785423279,""srad"":24.0,""sw"":0.07399299740791321,""swfac"":0.7683349251747131,""tmax"":35.79999923706055,""topwt"":9380.960083007812,""totir"":45.0,""vstage"":24.0,""wtdep"":90.0,""xlai"":3.7093846797943115}"
P0080,H1,observed_weather,observed_weather:2019,40,2019-07-22,35,3.0,0.2676612734794616,0.0,45.0,40.0,early,"(0.25,0.50]",<=0.05,0,"[1, 1, 1, 1, 1, 1, 1, 1, 1, 1, 1, 1, 1, 1, 1, 1]","[39.999996185302734,35.0,21.805763244628906,3.859524965286255,0.0,3.0,0.0,90.0,21.200000762939453,0.06005899980664253,0.10104499757289886,0.12779900431632996,0.14035700261592865,0.1431560069322586,0.09893900156021118,0.26766127347946167,36.70000076293945,3220.340576171875,45.0,17.0,90.0,3.2777256965637207]","{""cumsumfert"":39.999996185302734,""dap"":35.0,""dlayr"":5.0,""dtt"":21.805763244628906,""dul"":0.33000001311302185,""ep"":3.859524965286255,""grnwt"":0.0,""istage"":3.0,""ll"":0.09000000357627869,""nstres"":0.0,""rtdep"":90.0,""sat"":0.4599999785423279,""srad"":21.200000762939453,""sw"":0.06005899980664253,""swfac"":0.26766127347946167,""tmax"":36.70000076293945,""topwt"":3220.340576171875,""totir"":45.0,""vstage"":17.0,""wtdep"":90.0,""xlai"":3.2777256965637207}"
P0081,H1,observed_weather,observed_weather:2019,43,2019-07-25,38,3.0,0.4412723779678345,0.0075372457504272,45.0,40.0,mid,"(0.25,0.50]",<=0.05,0,"[1, 1, 1, 1, 1, 1, 1, 1, 1, 1, 1, 1, 1, 1, 1, 1]","[39.999996185302734,38.0,23.113327026367188,1.6758835315704346,0.0,3.0,0.007537245750427246,90.0,12.699999809265137,0.08393699675798416,0.09504300355911255,0.12029000371694565,0.13262400031089783,0.13601599633693695,0.09170699864625931,0.4412723779678345,34.900001525878906,3800.27734375,45.0,19.0,90.0,3.433560371398926]","{""cumsumfert"":39.999996185302734,""dap"":38.0,""dlayr"":5.0,""dtt"":23.113327026367188,""dul"":0.33000001311302185,""ep"":1.6758835315704346,""grnwt"":0.0,""istage"":3.0,""ll"":0.09000000357627869,""nstres"":0.007537245750427246,""rtdep"":90.0,""sat"":0.4599999785423279,""srad"":12.699999809265137,""sw"":0.08393699675798416,""swfac"":0.4412723779678345,""tmax"":34.900001525878906,""topwt"":3800.2774047851562,""totir"":45.0,""vstage"":19.0,""wtdep"":90.0,""xlai"":3.433560371398926}"
P0082,H1,observed_weather,observed_weather:2019,47,2019-07-29,42,3.0,0.7859286814928055,0.0318824648857116,45.0,40.0,mid,>0.50,<=0.05,0,"[1, 1, 1, 1, 1, 1, 1, 1, 1, 1, 1, 1, 1, 1, 1, 1]","[39.999996185302734,42.0,21.375585556030273,0.9372055530548096,0.0,3.0,0.03188246488571167,90.0,18.0,0.05964900180697441,0.09000399708747864,0.11486800014972687,0.12689800560474396,0.1305840015411377,0.08639399707317352,0.7859286665916443,36.5,4074.22216796875,45.0,21.0,90.0,3.0417282581329346]","{""cumsumfert"":39.999996185302734,""dap"":42.0,""dlayr"":5.0,""dtt"":21.375585556030273,""dul"":0.33000001311302185,""ep"":0.9372055530548096,""grnwt"":0.0,""istage"":3.0,""ll"":0.09000000357627869,""nstres"":0.03188246488571167,""rtdep"":90.0,""sat"":0.4599999785423279,""srad"":18.0,""sw"":0.05964900180697441,""swfac"":0.7859286814928055,""tmax"":36.5,""topwt"":4074.2221069335938,""totir"":45.0,""vstage"":21.0,""wtdep"":90.0,""xlai"":3.0417282581329346}"
P0083,H1,observed_weather,observed_weather:2019,48,2019-07-30,43,3.0,0.7117613554000854,0.0294504165649414,45.0,40.0,mid,>0.50,<=0.05,0,"[1, 1, 1, 1, 1, 1, 1, 1, 1, 1, 1, 1, 1, 1, 1, 1]","[39.999996185302734,43.0,19.700000762939453,0.8435547351837158,0.0,3.0,0.029450416564941406,90.0,13.600000381469727,0.4541260004043579,0.23832499980926514,0.11386600136756897,0.12585300207138062,0.12956899404525757,0.08541300147771835,0.7117613554000854,31.200000762939453,4140.134765625,45.0,21.0,90.0,2.9532549381256104]","{""cumsumfert"":39.999996185302734,""dap"":43.0,""dlayr"":5.0,""dtt"":19.700000762939453,""dul"":0.33000001311302185,""ep"":0.8435547351837158,""grnwt"":0.0,""istage"":3.0,""ll"":0.09000000357627869,""nstres"":0.029450416564941406,""rtdep"":90.0,""sat"":0.4599999785423279,""srad"":13.600000381469727,""sw"":0.4541260004043579,""swfac"":0.7117613554000854,""tmax"":31.200000762939453,""topwt"":4140.1348876953125,""totir"":45.0,""vstage"":21.0,""wtdep"":90.0,""xlai"":2.9532549381256104}"
P0084,H1,observed_weather,observed_weather:2019,57,2019-08-08,52,4.0,0.3085507750511169,0.082478642463684,45.0,40.0,mid,"(0.25,0.50]","(0.05,0.25]",0,"[1, 1, 1, 1, 1, 1, 1, 1, 1, 1, 1, 1, 1, 1, 1, 1]","[39.999996185302734,52.0,19.850000381469727,2.961458206176758,0.0,4.0,0.08247864246368408,90.0,23.5,0.09000000357627869,0.10409899801015854,0.11985400319099426,0.12348400056362152,0.12684400379657745,0.0826369971036911,0.30855077505111694,33.0,6638.4912109375,45.0,23.0,90.0,3.3338396549224854]","{""cumsumfert"":39.999996185302734,""dap"":52.0,""dlayr"":5.0,""dtt"":19.850000381469727,""dul"":0.33000001311302185,""ep"":2.961458206176758,""grnwt"":0.0,""istage"":4.0,""ll"":0.09000000357627869,""nstres"":0.08247864246368408,""rtdep"":90.0,""sat"":0.4599999785423279,""srad"":23.5,""sw"":0.09000000357627869,""swfac"":0.30855077505111694,""tmax"":33.0,""topwt"":6638.4912109375,""totir"":45.0,""vstage"":23.0,""wtdep"":90.0,""xlai"":3.3338396549224854}"
P0085,H1,observed_weather,observed_weather:2019,89,2019-09-09,84,5.0,0.9624543339014052,0.007654845714569,45.0,40.0,late,>0.50,<=0.05,0,"[1, 1, 1, 1, 1, 1, 1, 1, 1, 1, 1, 1, 1, 1, 1, 1]","[39.999996185302734,84.0,17.400001525878906,1.1176380212418735e-05,2972.88037109375,5.0,0.007654845714569092,90.0,18.399999618530273,0.05962499976158142,0.09000000357627869,0.10999999940395355,0.119998998939991,0.119998998939991,0.07000000029802322,0.9624543190002441,33.400001525878906,10071.310546875,45.0,23.0,90.00096893310547,1.4979318380355835]","{""cumsumfert"":39.999996185302734,""dap"":84.0,""dlayr"":5.0,""dtt"":17.400001525878906,""dul"":0.33000001311302185,""ep"":1.1176380212418735e-05,""grnwt"":2972.8802490234375,""istage"":5.0,""ll"":0.09000000357627869,""nstres"":0.007654845714569092,""rtdep"":90.0,""sat"":0.4599999785423279,""srad"":18.399999618530273,""sw"":0.05962499976158142,""swfac"":0.9624543339014053,""tmax"":33.400001525878906,""topwt"":10071.310424804688,""totir"":45.0,""vstage"":23.0,""wtdep"":90.00096893310547,""xlai"":1.4979318380355835}"
P0086,H1,observed_weather,observed_weather:2020,74,2020-08-24,69,5.0,0.0,0.095201551914215,45.0,40.0,mid,<=0.05,"(0.05,0.25]",0,"[1, 1, 1, 1, 1, 1, 1, 1, 1, 1, 1, 1, 1, 1, 1, 1]","[39.999996185302734,69.0,17.099998474121094,1.827957034111023,721.8289184570312,5.0,0.09520155191421509,90.0,8.600000381469727,0.44708698987960815,0.4373469948768616,0.3654640018939972,0.22238199412822723,0.14288300275802612,0.08899399638175964,0.0,28.399999618530273,9807.58203125,45.0,24.0,90.0,3.404916286468506]","{""cumsumfert"":39.999996185302734,""dap"":69.0,""dlayr"":5.0,""dtt"":17.099998474121094,""dul"":0.33000001311302185,""ep"":1.827957034111023,""grnwt"":721.8289184570312,""istage"":5.0,""ll"":0.09000000357627869,""nstres"":0.09520155191421509,""rtdep"":90.0,""sat"":0.4599999785423279,""srad"":8.600000381469727,""sw"":0.44708698987960815,""swfac"":0.0,""tmax"":28.399999618530273,""topwt"":9807.582397460938,""totir"":45.0,""vstage"":24.0,""wtdep"":90.0,""xlai"":3.404916286468506}"
P0087,H1,observed_weather,observed_weather:2020,76,2020-08-26,71,5.0,0.0,0.0961722135543823,45.0,40.0,late,<=0.05,"(0.05,0.25]",0,"[1, 1, 1, 1, 1, 1, 1, 1, 1, 1, 1, 1, 1, 1, 1, 1]","[39.999996185302734,71.0,17.049999237060547,1.9632956981658936,1080.587890625,5.0,0.09617221355438232,90.0,9.300000190734863,0.41278401017189026,0.4061039984226227,0.33741599321365356,0.23735399544239044,0.1447789967060089,0.0885939970612526,0.0,27.899999618530273,10177.552734375,45.0,24.0,90.0,3.3235697746276855]","{""cumsumfert"":39.999996185302734,""dap"":71.0,""dlayr"":5.0,""dtt"":17.049999237060547,""dul"":0.33000001311302185,""ep"":1.9632956981658936,""grnwt"":1080.5878448486328,""istage"":5.0,""ll"":0.09000000357627869,""nstres"":0.09617221355438232,""rtdep"":90.0,""sat"":0.4599999785423279,""srad"":9.300000190734863,""sw"":0.41278401017189026,""swfac"":0.0,""tmax"":27.899999618530273,""topwt"":10177.553100585938,""totir"":45.0,""vstage"":24.0,""wtdep"":90.0,""xlai"":3.3235697746276855}"
P0088,H1,observed_weather,observed_weather:2020,78,2020-08-28,73,5.0,0.0,0.0999816060066223,45.0,40.0,late,<=0.05,"(0.05,0.25]",0,"[1, 1, 1, 1, 1, 1, 1, 1, 1, 1, 1, 1, 1, 1, 1, 1]","[39.999996185302734,73.0,17.950000762939453,4.819225788116455,1439.3468017578125,5.0,0.09998160600662231,90.0,22.299999237060547,0.36687299609184265,0.3563230037689209,0.31859201192855835,0.23377299308776855,0.1464020013809204,0.08795800060033798,0.0,32.400001525878906,10552.6611328125,45.0,24.0,90.0,3.241225004196167]","{""cumsumfert"":39.999996185302734,""dap"":73.0,""dlayr"":5.0,""dtt"":17.950000762939453,""dul"":0.33000001311302185,""ep"":4.819225788116455,""grnwt"":1439.3467712402344,""istage"":5.0,""ll"":0.09000000357627869,""nstres"":0.09998160600662231,""rtdep"":90.0,""sat"":0.4599999785423279,""srad"":22.299999237060547,""sw"":0.36687299609184265,""swfac"":0.0,""tmax"":32.400001525878906,""topwt"":10552.6611328125,""totir"":45.0,""vstage"":24.0,""wtdep"":90.0,""xlai"":3.241225004196167}"
P0089,H1,observed_weather,observed_weather:2020,98,2020-09-17,93,5.0,0.0,0.2671584486961365,45.0,40.0,late,<=0.05,"(0.25,0.50]",0,"[1, 0, 0, 0, 1, 0, 0, 0, 1, 0, 0, 0, 1, 0, 0, 0]","[39.999996185302734,93.0,11.600000381469727,3.6972827911376953,5024.69287109375,5.0,0.2671584486961365,90.00188446044922,21.600000381469727,0.09299000352621078,0.11235500127077103,0.13374100625514984,0.14211300015449524,0.13697800040245056,0.08064799755811691,0.0,27.0,14138.0078125,45.0,24.0,90.00188446044922,2.2236099243164062]","{""cumsumfert"":39.999996185302734,""dap"":93.0,""dlayr"":5.0,""dtt"":11.600000381469727,""dul"":0.33000001311302185,""ep"":3.6972827911376953,""grnwt"":5024.6929931640625,""istage"":5.0,""ll"":0.09000000357627869,""nstres"":0.2671584486961365,""rtdep"":90.00188446044922,""sat"":0.4599999785423279,""srad"":21.600000381469727,""sw"":0.09299000352621078,""swfac"":0.0,""tmax"":27.0,""topwt"":14138.0078125,""totir"":45.0,""vstage"":24.0,""wtdep"":90.00188446044922,""xlai"":2.2236099243164062}"
P0090,H1,observed_weather,observed_weather:2020,100,2020-09-19,95,5.0,0.138934850692749,0.3511590957641601,45.0,40.0,late,"(0.05,0.25]","(0.25,0.50]",0,"[1, 0, 0, 0, 1, 0, 0, 0, 1, 0, 0, 0, 1, 0, 0, 0]","[39.999996185302734,95.0,13.049999237060547,2.9047694206237793,5369.7451171875,5.0,0.35115909576416016,90.00224304199219,19.5,0.060065001249313354,0.10109599679708481,0.1225610002875328,0.13249799609184265,0.13039900362491608,0.0762920007109642,0.13893485069274902,30.0,14483.060546875,45.0,24.0,90.00224304199219,2.090543031692505]","{""cumsumfert"":39.999996185302734,""dap"":95.0,""dlayr"":5.0,""dtt"":13.049999237060547,""dul"":0.33000001311302185,""ep"":2.9047694206237793,""grnwt"":5369.744873046875,""istage"":5.0,""ll"":0.09000000357627869,""nstres"":0.35115909576416016,""rtdep"":90.00224304199219,""sat"":0.4599999785423279,""srad"":19.5,""sw"":0.060065001249313354,""swfac"":0.13893485069274902,""tmax"":30.0,""topwt"":14483.060302734375,""totir"":45.0,""vstage"":24.0,""wtdep"":90.00224304199219,""xlai"":2.090543031692505}"
P0091,H1,observed_weather,observed_weather:2020,102,2020-09-21,97,6.0,0.3960877060890198,0.409046471118927,45.0,40.0,late,"(0.25,0.50]","(0.25,0.50]",0,"[1, 0, 0, 0, 1, 0, 0, 0, 1, 0, 0, 0, 1, 0, 0, 0]","[39.999996185302734,97.0,14.049999237060547,1.6200900077819824,5508.51025390625,6.0,0.409046471118927,90.00262451171875,15.699999809265137,0.05983699858188629,0.09600500017404556,0.11727499961853027,0.12736199796199799,0.1260569989681244,0.07303500175476074,0.3960877060890198,29.799999237060547,14621.826171875,45.0,24.0,90.00262451171875,2.022346258163452]","{""cumsumfert"":39.999996185302734,""dap"":97.0,""dlayr"":5.0,""dtt"":14.049999237060547,""dul"":0.33000001311302185,""ep"":1.6200900077819824,""grnwt"":5508.5101318359375,""istage"":6.0,""ll"":0.09000000357627869,""nstres"":0.409046471118927,""rtdep"":90.00262451171875,""sat"":0.4599999785423279,""srad"":15.699999809265137,""sw"":0.05983699858188629,""swfac"":0.3960877060890198,""tmax"":29.799999237060547,""topwt"":14621.826171875,""totir"":45.0,""vstage"":24.0,""wtdep"":90.00262451171875,""xlai"":2.022346258163452}"
P0092,H1,observed_weather,observed_weather:2021,1,2021-06-13,0,7.0,0.1500000059604644,0.0,45.0,40.0,early,"(0.05,0.25]",<=0.05,0,"[1, 1, 1, 1, 1, 1, 1, 1, 1, 1, 1, 1, 1, 1, 1, 1]","[0.0,0.0,0.0,0.0,0.0,7.0,0.0,0.0,19.899999618530273,0.15000000596046448,0.15000000596046448,0.15000000596046448,0.15000000596046448,0.15000000596046448,0.15000000596046448,0.0,36.29999923706055,0.0,0.0,0.0,0.0,0.0]","{""cumsumfert"":0.0,""dap"":0.0,""dtt"":0.0,""ep"":0.0,""grnwt"":0.0,""istage"":7.0,""nstres"":0.0,""rtdep"":0.0,""srad"":19.899999618530273,""sw"":0.15000000596046448,""swfac"":0.15000000596046448,""tmax"":0.15000000596046448,""topwt"":0.15000000596046448,""totir"":0.15000000596046448,""vstage"":0.15000000596046448,""wtdep"":0.0,""xlai"":36.29999923706055}"
P0093,H1,observed_weather,observed_weather:2021,67,2021-08-18,62,4.0,0.0,0.1229987144470214,45.0,40.0,mid,<=0.05,"(0.05,0.25]",0,"[1, 1, 1, 1, 1, 1, 1, 1, 1, 1, 1, 1, 1, 1, 1, 1]","[39.999996185302734,62.0,18.200000762939453,5.22036075592041,0.0,4.0,0.12299871444702148,90.0,23.5,0.23330999910831451,0.24182400107383728,0.2661699950695038,0.26462098956108093,0.24385200440883636,0.1023780032992363,0.0,30.899999618530273,10177.998046875,45.0,25.0,90.0,3.7794065475463867]","{""cumsumfert"":39.999996185302734,""dap"":62.0,""dlayr"":5.0,""dtt"":18.200000762939453,""dul"":0.33000001311302185,""ep"":5.22036075592041,""grnwt"":0.0,""istage"":4.0,""ll"":0.09000000357627869,""nstres"":0.12299871444702148,""rtdep"":90.0,""sat"":0.4599999785423279,""srad"":23.5,""sw"":0.23330999910831451,""swfac"":0.0,""tmax"":30.899999618530273,""topwt"":10177.998046875,""totir"":45.0,""vstage"":25.0,""wtdep"":90.0,""xlai"":3.7794065475463867}"
P0094,H1,observed_weather,observed_weather:2021,102,2021-09-22,97,5.0,0.0,0.4304589629173279,45.0,40.0,late,<=0.05,"(0.25,0.50]",0,"[1, 0, 0, 0, 1, 0, 0, 0, 1, 0, 0, 0, 1, 0, 0, 0]","[39.999996185302734,97.0,14.700000762939453,3.5533430576324463,7333.96044921875,5.0,0.4304589629173279,90.0,20.899999618530273,0.37824100255966187,0.43218401074409485,0.38188499212265015,0.29159098863601685,0.16937799751758575,0.09248299896717072,0.0,30.600000381469727,16653.11328125,45.0,25.0,90.00031280517578,1.7985610961914062]","{""cumsumfert"":39.999996185302734,""dap"":97.0,""dlayr"":5.0,""dtt"":14.700000762939453,""dul"":0.33000001311302185,""ep"":3.5533430576324463,""grnwt"":7333.9605712890625,""istage"":5.0,""ll"":0.09000000357627869,""nstres"":0.4304589629173279,""rtdep"":90.0,""sat"":0.4599999785423279,""srad"":20.899999618530273,""sw"":0.37824100255966187,""swfac"":0.0,""tmax"":30.600000381469727,""topwt"":16653.11279296875,""totir"":45.0,""vstage"":25.0,""wtdep"":90.00031280517578,""xlai"":1.7985610961914062}"
P0095,H1,observed_weather,observed_weather:2022,100,2022-09-20,95,6.0,0.0,0.5114496350288391,45.0,40.0,late,<=0.05,>0.50,0,"[1, 0, 0, 0, 1, 0, 0, 0, 1, 0, 0, 0, 1, 0, 0, 0]","[39.999996185302734,95.0,12.299999237060547,1.6185657978057861,7255.9189453125,6.0,0.5114496350288391,90.0,10.5,0.15311500430107117,0.20138700306415558,0.2425519973039627,0.25143998861312866,0.23902800679206848,0.10286799818277359,0.0,24.799999237060547,16547.951171875,45.0,24.0,90.0,1.7639074325561523]","{""cumsumfert"":39.999996185302734,""dap"":95.0,""dlayr"":5.0,""dtt"":12.299999237060547,""dul"":0.33000001311302185,""ep"":1.6185657978057861,""grnwt"":7255.919189453125,""istage"":6.0,""ll"":0.09000000357627869,""nstres"":0.5114496350288391,""rtdep"":90.0,""sat"":0.4599999785423279,""srad"":10.5,""sw"":0.15311500430107117,""swfac"":0.0,""tmax"":24.799999237060547,""topwt"":16547.95166015625,""totir"":45.0,""vstage"":24.0,""wtdep"":90.0,""xlai"":1.7639074325561523}"
P0096,H1,observed_weather,observed_weather:2022,101,2022-09-21,96,6.0,0.0,0.5114496350288391,45.0,40.0,late,<=0.05,>0.50,0,"[1, 0, 0, 0, 1, 0, 0, 0, 1, 0, 0, 0, 1, 0, 0, 0]","[39.999996185302734,96.0,10.549999237060547,3.072232246398926,7255.9189453125,6.0,0.5114496350288391,90.0,20.399999618530273,0.14352799952030182,0.1943809986114502,0.23659099638462067,0.24624699354171753,0.2343669980764389,0.10250300168991089,0.0,26.299999237060547,16547.951171875,45.0,24.0,90.0,1.7639074325561523]","{""cumsumfert"":39.999996185302734,""dap"":96.0,""dlayr"":5.0,""dtt"":10.549999237060547,""dul"":0.33000001311302185,""ep"":3.072232246398926,""grnwt"":7255.919189453125,""istage"":6.0,""ll"":0.09000000357627869,""nstres"":0.5114496350288391,""rtdep"":90.0,""sat"":0.4599999785423279,""srad"":20.399999618530273,""sw"":0.14352799952030182,""swfac"":0.0,""tmax"":26.299999237060547,""topwt"":16547.95166015625,""totir"":45.0,""vstage"":24.0,""wtdep"":90.0,""xlai"":1.7639074325561523}"
P0097,H1,observed_weather,observed_weather:2023,84,2023-09-04,79,5.0,0.4292418956756592,0.2708436846733093,45.0,40.0,late,"(0.25,0.50]","(0.25,0.50]",0,"[1, 1, 1, 1, 1, 1, 1, 1, 1, 1, 1, 1, 1, 1, 1, 1]","[39.999996185302734,79.0,19.049999237060547,2.2688052654266357,3772.56103515625,5.0,0.2708436846733093,90.00283813476562,20.200000762939453,0.06987199932336807,0.10235799849033356,0.12370800226926804,0.1252959966659546,0.12280300259590149,0.0727429986000061,0.4292418956756592,33.20000076293945,14771.38671875,45.0,25.0,90.00283813476562,2.2479679584503174]","{""cumsumfert"":39.999996185302734,""dap"":79.0,""dlayr"":5.0,""dtt"":19.049999237060547,""dul"":0.33000001311302185,""ep"":2.2688052654266357,""grnwt"":3772.56103515625,""istage"":5.0,""ll"":0.09000000357627869,""nstres"":0.2708436846733093,""rtdep"":90.00283813476562,""sat"":0.4599999785423279,""srad"":20.200000762939453,""sw"":0.06987199932336807,""swfac"":0.4292418956756592,""tmax"":33.20000076293945,""topwt"":14771.38671875,""totir"":45.0,""vstage"":25.0,""wtdep"":90.00283813476562,""xlai"":2.2479679584503174}"
P0098,H1,observed_weather,observed_weather:2023,89,2023-09-09,84,5.0,0.8046190440654755,0.2958385348320007,45.0,40.0,late,>0.50,"(0.25,0.50]",0,"[1, 1, 1, 1, 1, 1, 1, 1, 1, 1, 1, 1, 1, 1, 1, 1]","[39.999996185302734,84.0,18.5,0.3868153393268585,4413.3876953125,5.0,0.29583853483200073,90.00283813476562,17.600000381469727,0.05970500037074089,0.09194999933242798,0.11285199970006943,0.11999800056219101,0.11999800056219101,0.06999800354242325,0.8046190738677979,31.799999237060547,15221.4755859375,45.0,25.0,90.00410461425781,1.86574387550354]","{""cumsumfert"":39.999996185302734,""dap"":84.0,""dlayr"":5.0,""dtt"":18.5,""dul"":0.33000001311302185,""ep"":0.3868153393268585,""grnwt"":4413.387451171875,""istage"":5.0,""ll"":0.09000000357627869,""nstres"":0.29583853483200073,""rtdep"":90.00283813476562,""sat"":0.4599999785423279,""srad"":17.600000381469727,""sw"":0.05970500037074089,""swfac"":0.8046190440654755,""tmax"":31.799999237060547,""topwt"":15221.475830078125,""totir"":45.0,""vstage"":25.0,""wtdep"":90.00410461425781,""xlai"":1.86574387550354}"
P0099,H1,observed_weather,observed_weather:2023,95,2023-09-15,90,5.0,1.0,0.3067864179611206,45.0,40.0,late,>0.50,"(0.25,0.50]",0,"[1, 1, 1, 1, 1, 1, 1, 1, 1, 1, 1, 1, 1, 1, 1, 1]","[39.999996185302734,90.0,14.549999237060547,0.0,5228.05419921875,5.0,0.3067864179611206,90.00283813476562,20.700000762939453,0.05962499976158142,0.09000000357627869,0.10999999940395355,0.11999800056219101,0.11999499797821045,0.06999699771404266,1.0,31.0,15441.046875,45.0,25.0,90.00534057617188,1.4540446996688843]","{""cumsumfert"":39.999996185302734,""dap"":90.0,""dlayr"":5.0,""dtt"":14.549999237060547,""dul"":0.33000001311302185,""ep"":0.0,""grnwt"":5228.05419921875,""istage"":5.0,""ll"":0.09000000357627869,""nstres"":0.3067864179611206,""rtdep"":90.00283813476562,""sat"":0.4599999785423279,""srad"":20.700000762939453,""sw"":0.05962499976158142,""swfac"":1.0,""tmax"":31.0,""topwt"":15441.04736328125,""totir"":45.0,""vstage"":25.0,""wtdep"":90.00534057617188,""xlai"":1.4540446996688843}"
P0100,H2,heldout_wgen,heldout_wgen:1081,39,2008-07-20,34,3.0,0.5534649789333344,0.0,45.0,80.0,early,>0.50,<=0.05,0,"[1, 1, 1, 1, 1, 1, 1, 1, 1, 1, 1, 1, 1, 1, 1, 1]","[80.0,34.0,20.85524559020996,2.082435131072998,0.0,3.0,0.0,90.0,21.44520378112793,0.0778380036354065,0.10090599954128265,0.1260949969291687,0.139383003115654,0.14281100034713745,0.09816300123929977,0.5534650087356567,33.538551330566406,2544.986328125,45.0,17.0,90.0,2.8426034450531006]","{""cumsumfert"":80.0,""dap"":34.0,""dlayr"":5.0,""dtt"":20.85524559020996,""dul"":0.33000001311302185,""ep"":2.082435131072998,""grnwt"":0.0,""istage"":3.0,""ll"":0.09000000357627869,""nstres"":0.0,""rtdep"":90.0,""sat"":0.4599999785423279,""srad"":21.44520378112793,""sw"":0.0778380036354065,""swfac"":0.5534649789333344,""tmax"":33.538551330566406,""topwt"":2544.9862670898438,""totir"":45.0,""vstage"":17.0,""wtdep"":90.0,""xlai"":2.8426034450531006}"
P0101,H2,heldout_wgen,heldout_wgen:1081,40,2008-07-21,35,3.0,0.4959428310394287,0.0,45.0,80.0,early,"(0.25,0.50]",<=0.05,0,"[1, 1, 1, 1, 1, 1, 1, 1, 1, 1, 1, 1, 1, 1, 1, 1]","[80.0,35.0,19.84857177734375,1.773238182067871,0.0,3.0,0.0,90.0,16.591909408569336,0.06644099950790405,0.09933999925851822,0.12426900118589401,0.13749100267887115,0.14100199937820435,0.095489002764225,0.4959428310394287,30.96198272705078,2647.24755859375,45.0,18.0,90.0,2.835386276245117]","{""cumsumfert"":80.0,""dap"":35.0,""dlayr"":5.0,""dtt"":19.84857177734375,""dul"":0.33000001311302185,""ep"":1.773238182067871,""grnwt"":0.0,""istage"":3.0,""ll"":0.09000000357627869,""nstres"":0.0,""rtdep"":90.0,""sat"":0.4599999785423279,""srad"":16.591909408569336,""sw"":0.06644099950790405,""swfac"":0.4959428310394287,""tmax"":30.96198272705078,""topwt"":2647.2476196289062,""totir"":45.0,""vstage"":18.0,""wtdep"":90.0,""xlai"":2.835386276245117}"
P0102,H2,heldout_wgen,heldout_wgen:1081,41,2008-07-22,36,3.0,0.2791486382484436,0.0,45.0,80.0,mid,"(0.25,0.50]",<=0.05,0,"[1, 1, 1, 1, 1, 1, 1, 1, 1, 1, 1, 1, 1, 1, 1, 1]","[80.0,36.0,15.11693000793457,1.5022878646850586,0.0,3.0,0.0,90.0,10.760637283325195,0.059870000928640366,0.09797099977731705,0.12266799807548523,0.1358260065317154,0.13939900696277618,0.09333200007677078,0.2791486382484436,25.521709442138672,2764.927978515625,45.0,18.0,90.0,2.865440845489502]","{""cumsumfert"":80.0,""dap"":36.0,""dlayr"":5.0,""dtt"":15.11693000793457,""dul"":0.33000001311302185,""ep"":1.5022878646850586,""grnwt"":0.0,""istage"":3.0,""ll"":0.09000000357627869,""nstres"":0.0,""rtdep"":90.0,""sat"":0.4599999785423279,""srad"":10.760637283325195,""sw"":0.059870000928640366,""swfac"":0.2791486382484436,""tmax"":25.521709442138672,""topwt"":2764.927978515625,""totir"":45.0,""vstage"":18.0,""wtdep"":90.0,""xlai"":2.865440845489502}"
P0103,H2,heldout_wgen,heldout_wgen:1081,44,2008-07-25,39,3.0,0.755479484796524,0.0,45.0,80.0,mid,>0.50,<=0.05,0,"[1, 1, 1, 1, 1, 1, 1, 1, 1, 1, 1, 1, 1, 1, 1, 1]","[80.0,39.0,15.73466682434082,1.057195782661438,0.0,3.0,0.0,90.0,22.315471649169922,0.4384689927101135,0.10741899907588959,0.11876700073480606,0.13176299631595612,0.13548000156879425,0.08857499808073044,0.7554794549942017,26.050731658935547,2927.490234375,45.0,19.0,90.0,2.650252103805542]","{""cumsumfert"":80.0,""dap"":39.0,""dlayr"":5.0,""dtt"":15.73466682434082,""dul"":0.33000001311302185,""ep"":1.057195782661438,""grnwt"":0.0,""istage"":3.0,""ll"":0.09000000357627869,""nstres"":0.0,""rtdep"":90.0,""sat"":0.4599999785423279,""srad"":22.315471649169922,""sw"":0.4384689927101135,""swfac"":0.755479484796524,""tmax"":26.050731658935547,""topwt"":2927.490234375,""totir"":45.0,""vstage"":19.0,""wtdep"":90.0,""xlai"":2.650252103805542}"
P0104,H2,heldout_wgen,heldout_wgen:1081,81,2008-08-31,76,5.0,0.0,0.0,45.0,80.0,late,<=0.05,<=0.05,0,"[1, 1, 1, 1, 1, 1, 1, 1, 1, 1, 1, 1, 1, 1, 1, 1]","[80.0,76.0,20.94091033935547,2.981935739517212,1658.95947265625,5.0,0.0,90.0,12.624795913696289,0.430866003036499,0.4293760061264038,0.3953849971294403,0.3430039882659912,0.19444799423217773,0.08522699773311615,0.0,32.60407638549805,11582.09765625,45.0,25.0,90.0,4.065147399902344]","{""cumsumfert"":80.0,""dap"":76.0,""dlayr"":5.0,""dtt"":20.94091033935547,""dul"":0.33000001311302185,""ep"":2.981935739517212,""grnwt"":1658.9595031738281,""istage"":5.0,""ll"":0.09000000357627869,""nstres"":0.0,""rtdep"":90.0,""sat"":0.4599999785423279,""srad"":12.624795913696289,""sw"":0.430866003036499,""swfac"":0.0,""tmax"":32.60407638549805,""topwt"":11582.09716796875,""totir"":45.0,""vstage"":25.0,""wtdep"":90.0,""xlai"":4.065147399902344}"
P0105,H2,heldout_wgen,heldout_wgen:1082,43,2008-07-24,38,3.0,0.5838146805763245,0.0,45.0,80.0,mid,>0.50,<=0.05,0,"[1, 1, 1, 1, 1, 1, 1, 1, 1, 1, 1, 1, 1, 1, 1, 1]","[80.0,38.0,23.369441986083984,1.350473403930664,0.0,3.0,0.0,90.0,12.514911651611328,0.0820470005273819,0.10125900059938431,0.1198199987411499,0.13137699663639069,0.1337359994649887,0.08946699649095535,0.5838146805763245,37.12217712402344,3218.8837890625,45.0,18.0,90.0,3.1262106895446777]","{""cumsumfert"":80.0,""dap"":38.0,""dlayr"":5.0,""dtt"":23.369441986083984,""dul"":0.33000001311302185,""ep"":1.350473403930664,""grnwt"":0.0,""istage"":3.0,""ll"":0.09000000357627869,""nstres"":0.0,""rtdep"":90.0,""sat"":0.4599999785423279,""srad"":12.514911651611328,""sw"":0.0820470005273819,""swfac"":0.5838146805763245,""tmax"":37.12217712402344,""topwt"":3218.8836669921875,""totir"":45.0,""vstage"":18.0,""wtdep"":90.0,""xlai"":3.1262106895446777}"
P0106,H2,heldout_wgen,heldout_wgen:1082,49,2008-07-30,44,3.0,0.8000810444355011,0.0,45.0,80.0,mid,>0.50,<=0.05,0,"[1, 1, 1, 1, 1, 1, 1, 1, 1, 1, 1, 1, 1, 1, 1, 1]","[80.0,44.0,22.986906051635742,1.1193249225616455,0.0,3.0,0.0,90.0,19.715784072875977,0.07908699661493301,0.10337500274181366,0.11486899852752686,0.12581999599933624,0.12839500606060028,0.08416499942541122,0.8000810146331787,38.70661163330078,4486.51708984375,45.0,21.0,90.0,3.357686996459961]","{""cumsumfert"":80.0,""dap"":44.0,""dlayr"":5.0,""dtt"":22.986906051635742,""dul"":0.33000001311302185,""ep"":1.1193249225616455,""grnwt"":0.0,""istage"":3.0,""ll"":0.09000000357627869,""nstres"":0.0,""rtdep"":90.0,""sat"":0.4599999785423279,""srad"":19.715784072875977,""sw"":0.07908699661493301,""swfac"":0.8000810444355011,""tmax"":38.70661163330078,""topwt"":4486.517028808594,""totir"":45.0,""vstage"":21.0,""wtdep"":90.0,""xlai"":3.357686996459961}"
P0107,H2,heldout_wgen,heldout_wgen:1082,65,2008-08-15,60,4.0,0.259375512599945,0.0,45.0,80.0,mid,"(0.25,0.50]",<=0.05,0,"[1, 1, 1, 1, 1, 1, 1, 1, 1, 1, 1, 1, 1, 1, 1, 1]","[80.0,60.0,23.561538696289062,2.1042585372924805,0.0,4.0,0.0,90.0,12.02292537689209,0.4442090094089508,0.26589399576187134,0.1286119967699051,0.12346100062131882,0.12432499974966049,0.08016499876976013,0.25937551259994507,33.14845275878906,7707.84375,45.0,24.0,90.0,3.4061503410339355]","{""cumsumfert"":80.0,""dap"":60.0,""dlayr"":5.0,""dtt"":23.561538696289062,""dul"":0.33000001311302185,""ep"":2.1042585372924805,""grnwt"":0.0,""istage"":4.0,""ll"":0.09000000357627869,""nstres"":0.0,""rtdep"":90.0,""sat"":0.4599999785423279,""srad"":12.02292537689209,""sw"":0.4442090094089508,""swfac"":0.25937551259994507,""tmax"":33.14845275878906,""topwt"":7707.8436279296875,""totir"":45.0,""vstage"":24.0,""wtdep"":90.0,""xlai"":3.4061503410339355}"
P0108,H2,heldout_wgen,heldout_wgen:1088,15,2008-06-26,10,1.0,0.0,0.0,45.0,80.0,early,<=0.05,<=0.05,0,"[1, 1, 1, 1, 1, 1, 1, 1, 1, 1, 1, 1, 0, 0, 0, 0]","[80.0,10.0,20.930217742919922,0.13642551004886627,0.0,1.0,0.0,30.474994659423828,17.184080123901367,0.323309987783432,0.4238640069961548,0.27340400218963623,0.16375400125980377,0.15412800014019012,0.1480959951877594,0.0,34.38406753540039,35.16207504272461,45.0,4.0,90.0,0.06799010932445526]","{""cumsumfert"":80.0,""dap"":10.0,""dlayr"":5.0,""dtt"":20.930217742919922,""dul"":0.33000001311302185,""ep"":0.13642551004886627,""grnwt"":0.0,""istage"":1.0,""ll"":0.09000000357627869,""nstres"":0.0,""rtdep"":30.474994659423828,""sat"":0.4599999785423279,""srad"":17.184080123901367,""sw"":0.323309987783432,""swfac"":0.0,""tmax"":34.38406753540039,""topwt"":35.16207456588745,""totir"":45.0,""vstage"":4.0,""wtdep"":90.0,""xlai"":0.06799010932445526}"
P0109,H2,heldout_wgen,heldout_wgen:1089,107,2008-09-26,102,5.0,0.0,0.3280475735664367,105.0,80.0,late,<=0.05,"(0.25,0.50]",1,"[1, 0, 0, 0, 0, 0, 0, 0, 0, 0, 0, 0, 0, 0, 0, 0]","[80.0,102.0,10.220645904541016,1.0310680866241455,8299.6708984375,5.0,0.32804757356643677,90.0,6.221309661865234,0.4377959966659546,0.44579198956489563,0.42548900842666626,0.3461860120296478,0.29550901055336,0.10604599863290787,0.0,23.838516235351562,17688.181640625,105.0,24.0,90.0,2.0839412212371826]","{""cumsumfert"":80.0,""dap"":102.0,""dlayr"":5.0,""dtt"":10.220645904541016,""dul"":0.33000001311302185,""ep"":1.0310680866241455,""grnwt"":8299.671020507812,""istage"":5.0,""ll"":0.09000000357627869,""nstres"":0.32804757356643677,""rtdep"":90.0,""sat"":0.4599999785423279,""srad"":6.221309661865234,""sw"":0.4377959966659546,""swfac"":0.0,""tmax"":23.838516235351562,""topwt"":17688.18115234375,""totir"":105.0,""vstage"":24.0,""wtdep"":90.0,""xlai"":2.0839412212371826}"
P0110,H2,heldout_wgen,heldout_wgen:1090,100,2008-09-19,95,6.0,0.0,0.1614539623260498,105.0,80.0,late,<=0.05,"(0.05,0.25]",1,"[1, 0, 0, 0, 0, 0, 0, 0, 0, 0, 0, 0, 0, 0, 0, 0]","[80.0,95.0,13.284931182861328,3.293616533279419,6610.37109375,6.0,0.1614539623260498,90.0,20.03386878967285,0.4301379919052124,0.44630101323127747,0.4454149901866913,0.3979650139808655,0.34474900364875793,0.3274109959602356,0.0,27.702905654907227,16076.0302734375,105.0,24.0,90.0,1.8647396564483643]","{""cumsumfert"":80.0,""dap"":95.0,""dlayr"":5.0,""dtt"":13.284931182861328,""dul"":0.33000001311302185,""ep"":3.293616533279419,""grnwt"":6610.37109375,""istage"":6.0,""ll"":0.09000000357627869,""nstres"":0.1614539623260498,""rtdep"":90.0,""sat"":0.4599999785423279,""srad"":20.03386878967285,""sw"":0.4301379919052124,""swfac"":0.0,""tmax"":27.702905654907227,""topwt"":16076.0302734375,""totir"":105.0,""vstage"":24.0,""wtdep"":90.0,""xlai"":1.8647396564483643}"
P0111,H2,heldout_wgen,heldout_wgen:1091,88,2008-09-07,83,5.0,0.0,0.0971860885620117,75.0,80.0,late,<=0.05,"(0.05,0.25]",1,"[1, 1, 1, 1, 0, 0, 0, 0, 0, 0, 0, 0, 0, 0, 0, 0]","[80.0,83.0,11.064676284790039,1.9443291425704956,4873.1630859375,5.0,0.09718608856201172,90.0,9.855714797973633,0.38606300950050354,0.29431799054145813,0.2254139930009842,0.16029499471187592,0.14681999385356903,0.09167099744081497,0.0,25.523170471191406,15838.2568359375,75.0,25.0,90.0,3.9185428619384766]","{""cumsumfert"":80.0,""dap"":83.0,""dlayr"":5.0,""dtt"":11.064676284790039,""dul"":0.33000001311302185,""ep"":1.9443291425704956,""grnwt"":4873.163146972656,""istage"":5.0,""ll"":0.09000000357627869,""nstres"":0.09718608856201172,""rtdep"":90.0,""sat"":0.4599999785423279,""srad"":9.855714797973633,""sw"":0.38606300950050354,""swfac"":0.0,""tmax"":25.523170471191406,""topwt"":15838.2568359375,""totir"":75.0,""vstage"":25.0,""wtdep"":90.0,""xlai"":3.9185428619384766}"
P0112,H2,heldout_wgen,heldout_wgen:1091,106,2008-09-25,101,6.0,0.0,0.4368857741355896,105.0,80.0,late,<=0.05,"(0.25,0.50]",1,"[1, 0, 0, 0, 0, 0, 0, 0, 0, 0, 0, 0, 0, 0, 0, 0]","[80.0,101.0,16.37531280517578,0.8435114622116089,9030.2861328125,6.0,0.4368857741355896,90.0,4.5950517654418945,0.44730299711227417,0.3693389892578125,0.254364013671875,0.16168199479579926,0.14211900532245636,0.08773499727249146,0.0,27.121702194213867,19187.884765625,105.0,25.0,90.0,2.1646318435668945]","{""cumsumfert"":80.0,""dap"":101.0,""dlayr"":5.0,""dtt"":16.37531280517578,""dul"":0.33000001311302185,""ep"":0.8435114622116089,""grnwt"":9030.286254882812,""istage"":6.0,""ll"":0.09000000357627869,""nstres"":0.4368857741355896,""rtdep"":90.0,""sat"":0.4599999785423279,""srad"":4.5950517654418945,""sw"":0.44730299711227417,""swfac"":0.0,""tmax"":27.121702194213867,""topwt"":19187.884521484375,""totir"":105.0,""vstage"":25.0,""wtdep"":90.0,""xlai"":2.1646318435668945}"
P0113,H2,heldout_wgen,heldout_wgen:1091,107,2008-09-26,102,6.0,0.0,0.4368857741355896,120.0,80.0,late,<=0.05,"(0.25,0.50]",1,"[1, 0, 0, 0, 1, 0, 0, 0, 1, 0, 0, 0, 1, 0, 0, 0]","[80.0,102.0,12.735122680664062,3.052382230758667,9030.2861328125,6.0,0.4368857741355896,90.0,17.58557891845703,0.4167430102825165,0.33983901143074036,0.2583659887313843,0.1617709994316101,0.14192800223827362,0.08753400295972824,0.0,26.86324691772461,19187.884765625,105.0,25.0,90.0,2.1646318435668945]","{""cumsumfert"":80.0,""dap"":102.0,""dlayr"":5.0,""dtt"":12.735122680664062,""dul"":0.33000001311302185,""ep"":3.052382230758667,""grnwt"":9030.286254882812,""istage"":6.0,""ll"":0.09000000357627869,""nstres"":0.4368857741355896,""rtdep"":90.0,""sat"":0.4599999785423279,""srad"":17.58557891845703,""sw"":0.4167430102825165,""swfac"":0.0,""tmax"":26.86324691772461,""topwt"":19187.884521484375,""totir"":105.0,""vstage"":25.0,""wtdep"":90.0,""xlai"":2.1646318435668945}"
P0114,H2,heldout_wgen,heldout_wgen:1091,108,2008-09-27,103,6.0,0.0,0.4368857741355896,120.0,80.0,late,<=0.05,"(0.25,0.50]",1,"[1, 0, 0, 0, 0, 0, 0, 0, 0, 0, 0, 0, 0, 0, 0, 0]","[80.0,103.0,12.193819046020508,1.8816180229187012,9030.2861328125,6.0,0.4368857741355896,90.0,10.894180297851562,0.4394280016422272,0.4292620122432709,0.27409499883651733,0.16291899979114532,0.1418589949607849,0.08741799741983414,0.0,28.132343292236328,19187.884765625,120.0,25.0,90.0,2.1646318435668945]","{""cumsumfert"":80.0,""dap"":103.0,""dlayr"":5.0,""dtt"":12.193819046020508,""dul"":0.33000001311302185,""ep"":1.8816180229187012,""grnwt"":9030.286254882812,""istage"":6.0,""ll"":0.09000000357627869,""nstres"":0.4368857741355896,""rtdep"":90.0,""sat"":0.4599999785423279,""srad"":10.894180297851562,""sw"":0.4394280016422272,""swfac"":0.0,""tmax"":28.132343292236328,""topwt"":19187.884521484375,""totir"":120.0,""vstage"":25.0,""wtdep"":90.0,""xlai"":2.1646318435668945}"
P0115,H2,heldout_wgen,heldout_wgen:1092,84,2008-09-03,79,5.0,0.0,0.0,60.0,80.0,late,<=0.05,<=0.05,0,"[1, 1, 1, 1, 0, 0, 0, 0, 0, 0, 0, 0, 0, 0, 0, 0]","[80.0,79.0,11.286514282226562,1.9337248802185059,3168.34228515625,5.0,0.0,90.0,10.157950401306152,0.4490329921245575,0.3615129888057709,0.32458698749542236,0.22404399514198303,0.17328299582004547,0.10339000076055527,0.0,23.786754608154297,11945.3330078125,60.0,24.0,90.0,3.307096481323242]","{""cumsumfert"":80.0,""dap"":79.0,""dlayr"":5.0,""dtt"":11.286514282226562,""dul"":0.33000001311302185,""ep"":1.9337248802185059,""grnwt"":3168.34228515625,""istage"":5.0,""ll"":0.09000000357627869,""nstres"":0.0,""rtdep"":90.0,""sat"":0.4599999785423279,""srad"":10.157950401306152,""sw"":0.4490329921245575,""swfac"":0.0,""tmax"":23.786754608154297,""topwt"":11945.333251953125,""totir"":60.0,""vstage"":24.0,""wtdep"":90.0,""xlai"":3.307096481323242}"
P0116,H2,heldout_wgen,heldout_wgen:1092,103,2008-09-22,98,6.0,0.0,0.1518573760986328,105.0,80.0,late,<=0.05,"(0.05,0.25]",1,"[1, 0, 0, 0, 0, 0, 0, 0, 0, 0, 0, 0, 0, 0, 0, 0]","[80.0,98.0,10.846298217773438,0.7266202569007874,7071.890625,6.0,0.1518573760986328,90.0,4.707387447357178,0.44734498858451843,0.3993520140647888,0.3328140079975128,0.29922598600387573,0.1843850016593933,0.09869399666786194,0.0,24.937009811401367,15924.3603515625,105.0,24.0,90.0,1.7899038791656494]","{""cumsumfert"":80.0,""dap"":98.0,""dlayr"":5.0,""dtt"":10.846298217773438,""dul"":0.33000001311302185,""ep"":0.7266202569007874,""grnwt"":7071.890869140625,""istage"":6.0,""ll"":0.09000000357627869,""nstres"":0.1518573760986328,""rtdep"":90.0,""sat"":0.4599999785423279,""srad"":4.707387447357178,""sw"":0.44734498858451843,""swfac"":0.0,""tmax"":24.937009811401367,""topwt"":15924.3603515625,""totir"":105.0,""vstage"":24.0,""wtdep"":90.0,""xlai"":1.7899038791656494}"
P0117,H2,heldout_wgen,heldout_wgen:1093,78,2008-08-28,73,5.0,0.0,0.0,45.0,80.0,late,<=0.05,<=0.05,0,"[1, 1, 1, 1, 1, 1, 1, 1, 1, 1, 1, 1, 1, 1, 1, 1]","[80.0,73.0,16.295124053955078,3.0939412117004395,1823.0616455078125,5.0,0.0,90.0,14.037799835205078,0.29431599378585815,0.28868699073791504,0.3032650053501129,0.2813589870929718,0.17727500200271606,0.09887000173330307,0.0,28.815410614013672,12169.8095703125,45.0,24.0,90.0,4.477406978607178]","{""cumsumfert"":80.0,""dap"":73.0,""dlayr"":5.0,""dtt"":16.295124053955078,""dul"":0.33000001311302185,""ep"":3.0939412117004395,""grnwt"":1823.0616760253906,""istage"":5.0,""ll"":0.09000000357627869,""nstres"":0.0,""rtdep"":90.0,""sat"":0.4599999785423279,""srad"":14.037799835205078,""sw"":0.29431599378585815,""swfac"":0.0,""tmax"":28.815410614013672,""topwt"":12169.8095703125,""totir"":45.0,""vstage"":24.0,""wtdep"":90.0,""xlai"":4.477406978607178}"
P0118,H2,heldout_wgen,heldout_wgen:1093,107,2008-09-26,102,6.0,0.0,0.3583650588989258,105.0,80.0,late,<=0.05,"(0.25,0.50]",1,"[1, 0, 0, 0, 0, 0, 0, 0, 0, 0, 0, 0, 0, 0, 0, 0]","[80.0,102.0,10.891284942626953,1.906355381011963,8184.48193359375,6.0,0.3583650588989258,90.0,11.799636840820312,0.3535670042037964,0.37062299251556396,0.33353400230407715,0.3005560040473938,0.20911100506782532,0.09506899863481522,0.0,24.192108154296875,18183.28125,105.0,24.0,90.0,2.015061140060425]","{""cumsumfert"":80.0,""dap"":102.0,""dlayr"":5.0,""dtt"":10.891284942626953,""dul"":0.33000001311302185,""ep"":1.906355381011963,""grnwt"":8184.4818115234375,""istage"":6.0,""ll"":0.09000000357627869,""nstres"":0.3583650588989258,""rtdep"":90.0,""sat"":0.4599999785423279,""srad"":11.799636840820312,""sw"":0.3535670042037964,""swfac"":0.0,""tmax"":24.192108154296875,""topwt"":18183.28125,""totir"":105.0,""vstage"":24.0,""wtdep"":90.0,""xlai"":2.015061140060425}"
P0119,H2,heldout_wgen,heldout_wgen:1093,108,2008-09-27,103,6.0,0.0,0.3583650588989258,105.0,80.0,late,<=0.05,"(0.25,0.50]",1,"[1, 0, 0, 0, 0, 0, 0, 0, 0, 0, 0, 0, 0, 0, 0, 0]","[80.0,103.0,11.753349304199219,1.9400928020477295,8184.48193359375,6.0,0.3583650588989258,90.0,11.771018028259277,0.3359859883785248,0.3543660044670105,0.3315339982509613,0.30040600895881653,0.21050700545310974,0.09514400362968445,0.0,25.847942352294922,18183.28125,105.0,24.0,90.0,2.015061140060425]","{""cumsumfert"":80.0,""dap"":103.0,""dlayr"":5.0,""dtt"":11.753349304199219,""dul"":0.33000001311302185,""ep"":1.9400928020477295,""grnwt"":8184.4818115234375,""istage"":6.0,""ll"":0.09000000357627869,""nstres"":0.3583650588989258,""rtdep"":90.0,""sat"":0.4599999785423279,""srad"":11.771018028259277,""sw"":0.3359859883785248,""swfac"":0.0,""tmax"":25.847942352294922,""topwt"":18183.28125,""totir"":105.0,""vstage"":24.0,""wtdep"":90.0,""xlai"":2.015061140060425}"
P0120,H2,heldout_wgen,heldout_wgen:1098,79,2008-08-29,74,5.0,0.0,0.0,45.0,80.0,late,<=0.05,<=0.05,0,"[1, 1, 1, 1, 1, 1, 1, 1, 1, 1, 1, 1, 1, 1, 1, 1]","[80.0,74.0,18.964824676513672,2.0992000102996826,1822.333984375,5.0,0.0,90.0,9.19339370727539,0.4437960088253021,0.38927099108695984,0.3675360083580017,0.3358420133590698,0.24680499732494354,0.09995000064373016,0.0,30.382678985595703,11752.107421875,45.0,24.0,90.0,4.121102809906006]","{""cumsumfert"":80.0,""dap"":74.0,""dlayr"":5.0,""dtt"":18.964824676513672,""dul"":0.33000001311302185,""ep"":2.0992000102996826,""grnwt"":1822.333984375,""istage"":5.0,""ll"":0.09000000357627869,""nstres"":0.0,""rtdep"":90.0,""sat"":0.4599999785423279,""srad"":9.19339370727539,""sw"":0.4437960088253021,""swfac"":0.0,""tmax"":30.382678985595703,""topwt"":11752.10693359375,""totir"":45.0,""vstage"":24.0,""wtdep"":90.0,""xlai"":4.121102809906006}"
P0121,H2,heldout_wgen,heldout_wgen:1098,105,2008-09-24,100,6.0,0.0,0.1297439336776733,105.0,80.0,late,<=0.05,"(0.05,0.25]",1,"[1, 0, 0, 0, 0, 0, 0, 0, 0, 0, 0, 0, 0, 0, 0, 0]","[80.0,100.0,13.944000244140625,2.6782774925231934,6586.642578125,6.0,0.12974393367767334,90.0,15.54967975616455,0.3808780014514923,0.4354430139064789,0.46544399857521057,0.4679279923439026,0.37329599261283875,0.298009991645813,0.0,30.817386627197266,15846.154296875,105.0,24.0,90.0,1.9541512727737427]","{""cumsumfert"":80.0,""dap"":100.0,""dlayr"":5.0,""dtt"":13.944000244140625,""dul"":0.33000001311302185,""ep"":2.6782774925231934,""grnwt"":6586.6424560546875,""istage"":6.0,""ll"":0.09000000357627869,""nstres"":0.12974393367767334,""rtdep"":90.0,""sat"":0.4599999785423279,""srad"":15.54967975616455,""sw"":0.3808780014514923,""swfac"":0.0,""tmax"":30.817386627197266,""topwt"":15846.15478515625,""totir"":105.0,""vstage"":24.0,""wtdep"":90.0,""xlai"":1.9541512727737427}"
P0122,H2,heldout_wgen,heldout_wgen:1099,57,2008-08-07,52,3.0,0.0,0.0,45.0,80.0,mid,<=0.05,<=0.05,0,"[1, 1, 1, 1, 1, 1, 1, 1, 1, 1, 1, 1, 1, 1, 1, 1]","[80.0,52.0,21.937711715698242,2.878488540649414,0.0,3.0,0.0,90.0,11.504317283630371,0.40562400221824646,0.35067400336265564,0.2841759920120239,0.22914700210094452,0.16613300144672394,0.10721500217914581,0.0,35.37500762939453,7077.9443359375,45.0,25.0,90.0,4.6346516609191895]","{""cumsumfert"":80.0,""dap"":52.0,""dlayr"":5.0,""dtt"":21.937711715698242,""dul"":0.33000001311302185,""ep"":2.878488540649414,""grnwt"":0.0,""istage"":3.0,""ll"":0.09000000357627869,""nstres"":0.0,""rtdep"":90.0,""sat"":0.4599999785423279,""srad"":11.504317283630371,""sw"":0.40562400221824646,""swfac"":0.0,""tmax"":35.37500762939453,""topwt"":7077.9443359375,""totir"":45.0,""vstage"":25.0,""wtdep"":90.0,""xlai"":4.6346516609191895}"
P0123,H2,heldout_wgen,heldout_wgen:1100,75,2008-08-25,70,5.0,0.0,0.0,45.0,80.0,mid,<=0.05,<=0.05,0,"[1, 1, 1, 1, 1, 1, 1, 1, 1, 1, 1, 1, 1, 1, 1, 1]","[80.0,70.0,17.201889038085938,3.7791690826416016,1444.4012451171875,5.0,0.0,90.0,17.017534255981445,0.3556329905986786,0.38105499744415283,0.3942059874534607,0.3578380048274994,0.3352540135383606,0.19708199799060822,0.0,30.82513427734375,10826.7919921875,45.0,24.0,90.0,4.0445356369018555]","{""cumsumfert"":80.0,""dap"":70.0,""dlayr"":5.0,""dtt"":17.201889038085938,""dul"":0.33000001311302185,""ep"":3.7791690826416016,""grnwt"":1444.4012451171875,""istage"":5.0,""ll"":0.09000000357627869,""nstres"":0.0,""rtdep"":90.0,""sat"":0.4599999785423279,""srad"":17.017534255981445,""sw"":0.3556329905986786,""swfac"":0.0,""tmax"":30.82513427734375,""topwt"":10826.7919921875,""totir"":45.0,""vstage"":24.0,""wtdep"":90.0,""xlai"":4.0445356369018555}"
P0124,H2,observed_weather,observed_weather:2014,52,2014-08-03,47,3.0,0.4084928035736084,0.0087385177612304,45.0,80.0,mid,"(0.25,0.50]",<=0.05,0,"[1, 1, 1, 1, 1, 1, 1, 1, 1, 1, 1, 1, 1, 1, 1, 1]","[80.0,47.0,20.81689453125,3.0673813819885254,0.0,3.0,0.008738517761230469,90.0,21.399999618530273,0.09000000357627869,0.09995000064373016,0.12190599739551544,0.13562700152397156,0.13997399806976318,0.09297499805688858,0.4084928035736084,35.29999923706055,6236.85302734375,45.0,22.0,90.0,4.478609085083008]","{""cumsumfert"":80.0,""dap"":47.0,""dlayr"":5.0,""dtt"":20.81689453125,""dul"":0.33000001311302185,""ep"":3.0673813819885254,""grnwt"":0.0,""istage"":3.0,""ll"":0.09000000357627869,""nstres"":0.008738517761230469,""rtdep"":90.0,""sat"":0.4599999785423279,""srad"":21.399999618530273,""sw"":0.09000000357627869,""swfac"":0.4084928035736084,""tmax"":35.29999923706055,""topwt"":6236.85302734375,""totir"":45.0,""vstage"":22.0,""wtdep"":90.0,""xlai"":4.478609085083008}"
P0125,H2,observed_weather,observed_weather:2014,54,2014-08-05,49,3.0,0.2034822106361389,0.0268787145614624,45.0,80.0,mid,"(0.05,0.25]",<=0.05,0,"[1, 1, 1, 1, 1, 1, 1, 1, 1, 1, 1, 1, 1, 1, 1, 1]","[80.0,49.0,17.75,1.7713003158569336,0.0,3.0,0.026878714561462402,90.0,9.899999618530273,0.08326199650764465,0.09535200148820877,0.11711999773979187,0.13079799711704254,0.1352279931306839,0.08826799690723419,0.20348221063613892,29.799999237060547,6519.705078125,45.0,23.0,90.0,4.38383150100708]","{""cumsumfert"":80.0,""dap"":49.0,""dlayr"":5.0,""dtt"":17.75,""dul"":0.33000001311302185,""ep"":1.7713003158569336,""grnwt"":0.0,""istage"":3.0,""ll"":0.09000000357627869,""nstres"":0.026878714561462402,""rtdep"":90.0,""sat"":0.4599999785423279,""srad"":9.899999618530273,""sw"":0.08326199650764465,""swfac"":0.20348221063613892,""tmax"":29.799999237060547,""topwt"":6519.7052001953125,""totir"":45.0,""vstage"":23.0,""wtdep"":90.0,""xlai"":4.38383150100708}"
P0126,H2,observed_weather,observed_weather:2014,58,2014-08-09,53,3.0,0.676422119140625,0.0260888338088989,45.0,80.0,mid,>0.50,<=0.05,0,"[1, 1, 1, 1, 1, 1, 1, 1, 1, 1, 1, 1, 1, 1, 1, 1]","[80.0,53.0,16.049999237060547,1.0076637268066406,0.0,3.0,0.026088833808898926,90.0,15.199999809265137,0.08687599748373032,0.09038499742746353,0.11144299805164337,0.12497500330209732,0.12935900688171387,0.08262500166893005,0.676422119140625,27.799999237060547,6843.28564453125,45.0,24.0,90.0,4.002608299255371]","{""cumsumfert"":80.0,""dap"":53.0,""dlayr"":5.0,""dtt"":16.049999237060547,""dul"":0.33000001311302185,""ep"":1.0076637268066406,""grnwt"":0.0,""istage"":3.0,""ll"":0.09000000357627869,""nstres"":0.026088833808898926,""rtdep"":90.0,""sat"":0.4599999785423279,""srad"":15.199999809265137,""sw"":0.08687599748373032,""swfac"":0.676422119140625,""tmax"":27.799999237060547,""topwt"":6843.2855224609375,""totir"":45.0,""vstage"":24.0,""wtdep"":90.0,""xlai"":4.002608299255371}"
P0127,H2,observed_weather,observed_weather:2014,61,2014-08-12,56,4.0,0.8710508942604065,0.0116344690322875,45.0,80.0,mid,>0.50,<=0.05,0,"[1, 1, 1, 1, 1, 1, 1, 1, 1, 1, 1, 1, 1, 1, 1, 1]","[80.0,56.0,17.5,0.5621041059494019,0.0,4.0,0.011634469032287598,90.0,23.100000381469727,0.06368400156497955,0.09000000357627869,0.1100120022892952,0.12195000052452087,0.12624099850654602,0.07960200309753418,0.8710508942604065,32.900001525878906,6934.61328125,45.0,24.0,90.0,3.532381534576416]","{""cumsumfert"":80.0,""dap"":56.0,""dlayr"":5.0,""dtt"":17.5,""dul"":0.33000001311302185,""ep"":0.5621041059494019,""grnwt"":0.0,""istage"":4.0,""ll"":0.09000000357627869,""nstres"":0.011634469032287598,""rtdep"":90.0,""sat"":0.4599999785423279,""srad"":23.100000381469727,""sw"":0.06368400156497955,""swfac"":0.8710508942604065,""tmax"":32.900001525878906,""topwt"":6934.613037109375,""totir"":45.0,""vstage"":24.0,""wtdep"":90.0,""xlai"":3.532381534576416}"
P0128,H2,observed_weather,observed_weather:2014,66,2014-08-17,61,4.0,0.3470050692558288,0.0,45.0,80.0,mid,"(0.25,0.50]",<=0.05,0,"[1, 1, 1, 1, 1, 1, 1, 1, 1, 1, 1, 1, 1, 1, 1, 1]","[80.0,61.0,15.0,0.29039424657821655,0.0,4.0,0.0,90.0,4.099999904632568,0.45177900791168213,0.14383000135421753,0.10999999940395355,0.11999999731779099,0.12243600189685822,0.07594899833202362,0.34700506925582886,26.200000762939453,7026.869140625,45.0,24.0,90.0,2.954874038696289]","{""cumsumfert"":80.0,""dap"":61.0,""dlayr"":5.0,""dtt"":15.0,""dul"":0.33000001311302185,""ep"":0.29039424657821655,""grnwt"":0.0,""istage"":4.0,""ll"":0.09000000357627869,""nstres"":0.0,""rtdep"":90.0,""sat"":0.4599999785423279,""srad"":4.099999904632568,""sw"":0.45177900791168213,""swfac"":0.34700506925582886,""tmax"":26.200000762939453,""topwt"":7026.868896484375,""totir"":45.0,""vstage"":24.0,""wtdep"":90.0,""xlai"":2.954874038696289}"
P0129,H2,observed_weather,observed_weather:2014,84,2014-09-04,79,5.0,0.9742333628237247,0.0,45.0,80.0,late,>0.50,<=0.05,0,"[1, 1, 1, 1, 1, 1, 1, 1, 1, 1, 1, 1, 1, 1, 1, 1]","[80.0,79.0,13.299999237060547,0.10438515245914459,1341.885986328125,5.0,0.0,90.0,24.399999618530273,0.0603020004928112,0.0900219976902008,0.11000499874353409,0.11999999731779099,0.11999999731779099,0.07000000029802322,0.9742333889007568,29.899999618530273,9261.7080078125,45.0,24.0,90.0,1.8332034349441528]","{""cumsumfert"":80.0,""dap"":79.0,""dlayr"":5.0,""dtt"":13.299999237060547,""dul"":0.33000001311302185,""ep"":0.10438515245914459,""grnwt"":1341.885986328125,""istage"":5.0,""ll"":0.09000000357627869,""nstres"":0.0,""rtdep"":90.0,""sat"":0.4599999785423279,""srad"":24.399999618530273,""sw"":0.0603020004928112,""swfac"":0.9742333628237247,""tmax"":29.899999618530273,""topwt"":9261.708374023438,""totir"":45.0,""vstage"":24.0,""wtdep"":90.0,""xlai"":1.8332034349441528}"
P0130,H2,observed_weather,observed_weather:2014,89,2014-09-09,84,5.0,1.0,0.0,60.0,80.0,late,>0.50,<=0.05,0,"[1, 1, 1, 1, 1, 1, 1, 1, 1, 1, 1, 1, 1, 1, 1, 1]","[80.0,84.0,16.549999237060547,0.0,1755.4578857421875,5.0,0.0,90.0,15.5,0.05962499976158142,0.09000000357627869,0.10999999940395355,0.11999999731779099,0.11999999731779099,0.07000000029802322,1.0,29.600000381469727,9300.265625,45.0,24.0,90.0,1.4232139587402344]","{""cumsumfert"":80.0,""dap"":84.0,""dlayr"":5.0,""dtt"":16.549999237060547,""dul"":0.33000001311302185,""ep"":0.0,""grnwt"":1755.4579162597656,""istage"":5.0,""ll"":0.09000000357627869,""nstres"":0.0,""rtdep"":90.0,""sat"":0.4599999785423279,""srad"":15.5,""sw"":0.05962499976158142,""swfac"":1.0,""tmax"":29.600000381469727,""topwt"":9300.265502929688,""totir"":45.0,""vstage"":24.0,""wtdep"":90.0,""xlai"":1.4232139587402344}"
P0131,H2,observed_weather,observed_weather:2014,93,2014-09-13,88,5.0,0.0,0.0,60.0,80.0,late,<=0.05,<=0.05,0,"[1, 1, 1, 1, 0, 0, 0, 0, 0, 0, 0, 0, 0, 0, 0, 0]","[80.0,88.0,13.200000762939453,2.6236653327941895,2210.594970703125,5.0,0.0,90.0,19.0,0.26052799820899963,0.12459299713373184,0.10999999940395355,0.11999999731779099,0.11999999731779099,0.07000000029802322,0.0,28.299999237060547,9663.35546875,60.0,24.0,90.0,1.3520530462265015]","{""cumsumfert"":80.0,""dap"":88.0,""dlayr"":5.0,""dtt"":13.200000762939453,""dul"":0.33000001311302185,""ep"":2.6236653327941895,""grnwt"":2210.594940185547,""istage"":5.0,""ll"":0.09000000357627869,""nstres"":0.0,""rtdep"":90.0,""sat"":0.4599999785423279,""srad"":19.0,""sw"":0.26052799820899963,""swfac"":0.0,""tmax"":28.299999237060547,""topwt"":9663.355102539062,""totir"":60.0,""vstage"":24.0,""wtdep"":90.0,""xlai"":1.3520530462265015}"
P0132,H2,observed_weather,observed_weather:2014,101,2014-09-21,96,5.0,0.0,0.0,75.0,80.0,late,<=0.05,<=0.05,1,"[1, 0, 0, 0, 0, 0, 0, 0, 0, 0, 0, 0, 0, 0, 0, 0]","[80.0,96.0,14.599998474121094,2.4740171432495117,3041.43115234375,5.0,0.0,90.0,17.200000762939453,0.2894569933414459,0.3435249924659729,0.2038699984550476,0.12309300154447556,0.11999999731779099,0.07000000029802322,0.0,29.299999237060547,10536.4248046875,75.0,24.0,90.0,1.3520530462265015]","{""cumsumfert"":80.0,""dap"":96.0,""dlayr"":5.0,""dtt"":14.599998474121094,""dul"":0.33000001311302185,""ep"":2.4740171432495117,""grnwt"":3041.4312744140625,""istage"":5.0,""ll"":0.09000000357627869,""nstres"":0.0,""rtdep"":90.0,""sat"":0.4599999785423279,""srad"":17.200000762939453,""sw"":0.2894569933414459,""swfac"":0.0,""tmax"":29.299999237060547,""topwt"":10536.424560546875,""totir"":75.0,""vstage"":24.0,""wtdep"":90.0,""xlai"":1.3520530462265015}"
P0133,H2,observed_weather,observed_weather:2015,69,2015-08-20,64,4.0,0.0,0.0,45.0,80.0,mid,<=0.05,<=0.05,0,"[1, 1, 1, 1, 1, 1, 1, 1, 1, 1, 1, 1, 1, 1, 1, 1]","[80.0,64.0,16.75,3.9504897594451904,0.0,4.0,0.0,90.0,17.600000381469727,0.15733100473880768,0.14980000257492065,0.17732299864292145,0.156808003783226,0.14446599781513214,0.09597200155258179,0.0,30.399999618530273,10742.6845703125,45.0,24.0,90.0,4.778141021728516]","{""cumsumfert"":80.0,""dap"":64.0,""dlayr"":5.0,""dtt"":16.75,""dul"":0.33000001311302185,""ep"":3.9504897594451904,""grnwt"":0.0,""istage"":4.0,""ll"":0.09000000357627869,""nstres"":0.0,""rtdep"":90.0,""sat"":0.4599999785423279,""srad"":17.600000381469727,""sw"":0.15733100473880768,""swfac"":0.0,""tmax"":30.399999618530273,""topwt"":10742.684326171875,""totir"":45.0,""vstage"":24.0,""wtdep"":90.0,""xlai"":4.778141021728516}"
P0134,H2,observed_weather,observed_weather:2015,88,2015-09-08,83,5.0,0.0,0.0877496004104614,75.0,80.0,late,<=0.05,"(0.05,0.25]",1,"[1, 1, 1, 1, 1, 1, 1, 1, 1, 1, 1, 1, 1, 1, 1, 1]","[80.0,83.0,14.5,3.5063421726226807,4323.138671875,5.0,0.08774960041046143,90.0,16.5,0.15123499929904938,0.14576900005340576,0.1288679987192154,0.13312800228595734,0.13304099440574646,0.08337599784135818,0.0,29.5,15475.9677734375,60.0,24.0,90.0,4.141063690185547]","{""cumsumfert"":80.0,""dap"":83.0,""dlayr"":5.0,""dtt"":14.5,""dul"":0.33000001311302185,""ep"":3.5063421726226807,""grnwt"":4323.138427734375,""istage"":5.0,""ll"":0.09000000357627869,""nstres"":0.08774960041046143,""rtdep"":90.0,""sat"":0.4599999785423279,""srad"":16.5,""sw"":0.15123499929904938,""swfac"":0.0,""tmax"":29.5,""topwt"":15475.968017578125,""totir"":60.0,""vstage"":24.0,""wtdep"":90.0,""xlai"":4.141063690185547}"
P0135,H2,observed_weather,observed_weather:2015,93,2015-09-13,88,5.0,0.0,0.1415914297103881,75.0,80.0,late,<=0.05,"(0.05,0.25]",1,"[1, 1, 1, 1, 0, 0, 0, 0, 0, 0, 0, 0, 0, 0, 0, 0]","[80.0,88.0,9.900001525878906,3.497870445251465,5594.650390625,5.0,0.14159142971038818,90.0,18.200000762939453,0.23017799854278564,0.17005500197410583,0.12983499467372894,0.13204899430274963,0.1319970041513443,0.08237999677658081,0.0,26.200000762939453,16454.181640625,75.0,24.0,90.0,3.7844295501708984]","{""cumsumfert"":80.0,""dap"":88.0,""dlayr"":5.0,""dtt"":9.900001525878906,""dul"":0.33000001311302185,""ep"":3.497870445251465,""grnwt"":5594.6502685546875,""istage"":5.0,""ll"":0.09000000357627869,""nstres"":0.14159142971038818,""rtdep"":90.0,""sat"":0.4599999785423279,""srad"":18.200000762939453,""sw"":0.23017799854278564,""swfac"":0.0,""tmax"":26.200000762939453,""topwt"":16454.18212890625,""totir"":75.0,""vstage"":24.0,""wtdep"":90.0,""xlai"":3.7844295501708984}"
P0136,H2,observed_weather,observed_weather:2015,103,2015-09-23,98,5.0,0.159299612045288,0.4458279013633728,105.0,80.0,late,"(0.05,0.25]","(0.25,0.50]",1,"[1, 0, 0, 0, 0, 0, 0, 0, 0, 0, 0, 0, 0, 0, 0, 0]","[80.0,98.0,13.700000762939453,2.030954122543335,8115.392578125,5.0,0.4458279013633728,90.0,12.699999809265137,0.39020800590515137,0.10500700026750565,0.11937499791383743,0.12671899795532227,0.12732400000095367,0.07777199894189835,0.15929961204528809,28.200000762939453,18506.345703125,105.0,24.0,90.0,2.638288974761963]","{""cumsumfert"":80.0,""dap"":98.0,""dlayr"":5.0,""dtt"":13.700000762939453,""dul"":0.33000001311302185,""ep"":2.030954122543335,""grnwt"":8115.3924560546875,""istage"":5.0,""ll"":0.09000000357627869,""nstres"":0.4458279013633728,""rtdep"":90.0,""sat"":0.4599999785423279,""srad"":12.699999809265137,""sw"":0.39020800590515137,""swfac"":0.15929961204528809,""tmax"":28.200000762939453,""topwt"":18506.34521484375,""totir"":105.0,""vstage"":24.0,""wtdep"":90.0,""xlai"":2.638288974761963}"
P0137,H2,observed_weather,observed_weather:2015,106,2015-09-26,101,5.0,0.0,0.5057185888290405,105.0,80.0,late,<=0.05,>0.50,1,"[1, 0, 0, 0, 0, 0, 0, 0, 0, 0, 0, 0, 0, 0, 0, 0]","[80.0,101.0,12.100000381469727,3.2124924659729004,8777.7275390625,5.0,0.5057185888290405,90.0,18.200000762939453,0.22084300220012665,0.12638600170612335,0.11833000183105469,0.1257610023021698,0.12645399570465088,0.076944999396801,0.0,29.899999618530273,18865.0625,105.0,24.0,90.0,2.1584677696228027]","{""cumsumfert"":80.0,""dap"":101.0,""dlayr"":5.0,""dtt"":12.100000381469727,""dul"":0.33000001311302185,""ep"":3.2124924659729004,""grnwt"":8777.727661132812,""istage"":5.0,""ll"":0.09000000357627869,""nstres"":0.5057185888290405,""rtdep"":90.0,""sat"":0.4599999785423279,""srad"":18.200000762939453,""sw"":0.22084300220012665,""swfac"":0.0,""tmax"":29.899999618530273,""topwt"":18865.062255859375,""totir"":105.0,""vstage"":24.0,""wtdep"":90.0,""xlai"":2.1584677696228027}"
P0138,H2,observed_weather,observed_weather:2015,107,2015-09-27,102,6.0,0.0,0.5123451352119446,105.0,80.0,late,<=0.05,>0.50,1,"[1, 0, 0, 0, 0, 0, 0, 0, 0, 0, 0, 0, 0, 0, 0, 0]","[80.0,102.0,13.75,2.419867992401123,8777.7275390625,6.0,0.5123451352119446,90.0,13.699999809265137,0.17050600051879883,0.12194699794054031,0.11808499693870544,0.1255040019750595,0.12621499598026276,0.07672099769115448,0.0,30.5,18865.0625,105.0,24.0,90.0,2.1584677696228027]","{""cumsumfert"":80.0,""dap"":102.0,""dlayr"":5.0,""dtt"":13.75,""dul"":0.33000001311302185,""ep"":2.419867992401123,""grnwt"":8777.727661132812,""istage"":6.0,""ll"":0.09000000357627869,""nstres"":0.5123451352119446,""rtdep"":90.0,""sat"":0.4599999785423279,""srad"":13.699999809265137,""sw"":0.17050600051879883,""swfac"":0.0,""tmax"":30.5,""topwt"":18865.062255859375,""totir"":105.0,""vstage"":24.0,""wtdep"":90.0,""xlai"":2.1584677696228027}"
P0139,H2,observed_weather,observed_weather:2015,108,2015-09-28,103,6.0,0.0,0.5123451352119446,105.0,80.0,late,<=0.05,>0.50,1,"[1, 0, 0, 0, 0, 0, 0, 0, 0, 0, 0, 0, 0, 0, 0, 0]","[80.0,103.0,13.649999618530273,1.1907329559326172,8777.7275390625,6.0,0.5123451352119446,90.0,6.900000095367432,0.14486399292945862,0.12021999806165695,0.11799400299787521,0.12537099421024323,0.12608200311660767,0.07660000026226044,0.0,25.399999618530273,18865.0625,105.0,24.0,90.0,2.1584677696228027]","{""cumsumfert"":80.0,""dap"":103.0,""dlayr"":5.0,""dtt"":13.649999618530273,""dul"":0.33000001311302185,""ep"":1.1907329559326172,""grnwt"":8777.727661132812,""istage"":6.0,""ll"":0.09000000357627869,""nstres"":0.5123451352119446,""rtdep"":90.0,""sat"":0.4599999785423279,""srad"":6.900000095367432,""sw"":0.14486399292945862,""swfac"":0.0,""tmax"":25.399999618530273,""topwt"":18865.062255859375,""totir"":105.0,""vstage"":24.0,""wtdep"":90.0,""xlai"":2.1584677696228027}"
P0140,H2,observed_weather,observed_weather:2016,1,2016-06-12,0,7.0,0.1500000059604644,0.0,45.0,80.0,early,"(0.05,0.25]",<=0.05,0,"[1, 1, 1, 1, 1, 1, 1, 1, 1, 1, 1, 1, 1, 1, 1, 1]","[0.0,0.0,0.0,0.0,0.0,7.0,0.0,0.0,24.5,0.15000000596046448,0.15000000596046448,0.15000000596046448,0.15000000596046448,0.15000000596046448,0.15000000596046448,0.0,33.400001525878906,0.0,0.0,0.0,0.0,0.0]","{""cumsumfert"":0.0,""dap"":0.0,""dtt"":0.0,""ep"":0.0,""grnwt"":0.0,""istage"":7.0,""nstres"":0.0,""rtdep"":0.0,""srad"":24.5,""sw"":0.15000000596046448,""swfac"":0.15000000596046448,""tmax"":0.15000000596046448,""topwt"":0.15000000596046448,""totir"":0.15000000596046448,""vstage"":0.15000000596046448,""wtdep"":0.0,""xlai"":33.400001525878906}"
P0141,H2,observed_weather,observed_weather:2016,85,2016-09-04,80,5.0,0.1187760829925537,0.0086866617202758,75.0,80.0,late,"(0.05,0.25]",<=0.05,1,"[1, 1, 1, 1, 1, 1, 1, 1, 1, 1, 1, 1, 1, 1, 1, 1]","[80.0,80.0,17.549999237060547,2.5992355346679688,3846.40771484375,5.0,0.008686661720275879,90.0,13.5,0.09568700194358826,0.10197299718856812,0.11956299841403961,0.13124500215053558,0.13301199674606323,0.08282999694347382,0.11877608299255371,30.899999618530273,13606.48828125,60.0,24.0,90.0,3.6111130714416504]","{""cumsumfert"":80.0,""dap"":80.0,""dlayr"":5.0,""dtt"":17.549999237060547,""dul"":0.33000001311302185,""ep"":2.5992355346679688,""grnwt"":3846.4077758789062,""istage"":5.0,""ll"":0.09000000357627869,""nstres"":0.008686661720275879,""rtdep"":90.0,""sat"":0.4599999785423279,""srad"":13.5,""sw"":0.09568700194358826,""swfac"":0.11877608299255371,""tmax"":30.899999618530273,""topwt"":13606.488037109375,""totir"":60.0,""vstage"":24.0,""wtdep"":90.0,""xlai"":3.6111130714416504}"
P0142,H2,observed_weather,observed_weather:2016,86,2016-09-05,81,5.0,0.4575810432434082,0.0188516974449157,75.0,80.0,late,"(0.25,0.50]",<=0.05,1,"[1, 1, 1, 1, 0, 0, 0, 0, 0, 0, 0, 0, 0, 0, 0, 0]","[80.0,81.0,17.75,1.8954870700836182,4008.31103515625,5.0,0.01885169744491577,90.0,16.0,0.38497400283813477,0.10032399743795395,0.11736900359392166,0.12918399274349213,0.1309729963541031,0.08091600239276886,0.4575810432434082,31.5,13768.3896484375,75.0,24.0,90.0,3.504685163497925]","{""cumsumfert"":80.0,""dap"":81.0,""dlayr"":5.0,""dtt"":17.75,""dul"":0.33000001311302185,""ep"":1.8954870700836182,""grnwt"":4008.3111572265625,""istage"":5.0,""ll"":0.09000000357627869,""nstres"":0.01885169744491577,""rtdep"":90.0,""sat"":0.4599999785423279,""srad"":16.0,""sw"":0.38497400283813477,""swfac"":0.4575810432434082,""tmax"":31.5,""topwt"":13768.389892578125,""totir"":75.0,""vstage"":24.0,""wtdep"":90.0,""xlai"":3.504685163497925}"
P0143,H2,observed_weather,observed_weather:2016,92,2016-09-11,87,5.0,0.6248331069946289,0.0886553525924682,90.0,80.0,late,>0.50,"(0.05,0.25]",1,"[1, 1, 1, 1, 1, 1, 1, 1, 1, 1, 1, 1, 1, 1, 1, 1]","[80.0,87.0,15.0,1.246443271636963,5170.220703125,5.0,0.08865535259246826,90.0,16.899999618530273,0.07279700040817261,0.09963200241327286,0.1123720034956932,0.12376199662685394,0.1255210041999817,0.07589799910783768,0.6248331069946289,29.0,14905.8505859375,75.0,24.0,90.0,2.755858898162842]","{""cumsumfert"":80.0,""dap"":87.0,""dlayr"":5.0,""dtt"":15.0,""dul"":0.33000001311302185,""ep"":1.246443271636963,""grnwt"":5170.220947265625,""istage"":5.0,""ll"":0.09000000357627869,""nstres"":0.08865535259246826,""rtdep"":90.0,""sat"":0.4599999785423279,""srad"":16.899999618530273,""sw"":0.07279700040817261,""swfac"":0.6248331069946289,""tmax"":29.0,""topwt"":14905.850830078125,""totir"":75.0,""vstage"":24.0,""wtdep"":90.0,""xlai"":2.755858898162842}"
P0144,H2,observed_weather,observed_weather:2016,97,2016-09-16,92,5.0,0.1968830823898315,0.154423177242279,90.0,80.0,late,"(0.05,0.25]","(0.05,0.25]",1,"[1, 0, 0, 0, 0, 0, 0, 0, 0, 0, 0, 0, 0, 0, 0, 0]","[80.0,92.0,16.399999618530273,2.0049052238464355,6144.47998046875,5.0,0.15442317724227905,90.0,16.799999237060547,0.09000000357627869,0.10396800190210342,0.10999999940395355,0.12051499634981155,0.12224800139665604,0.07290799915790558,0.19688308238983154,31.299999237060547,15904.5595703125,90.0,24.0,90.0,1.930319905281067]","{""cumsumfert"":80.0,""dap"":92.0,""dlayr"":5.0,""dtt"":16.399999618530273,""dul"":0.33000001311302185,""ep"":2.0049052238464355,""grnwt"":6144.47998046875,""istage"":5.0,""ll"":0.09000000357627869,""nstres"":0.15442317724227905,""rtdep"":90.0,""sat"":0.4599999785423279,""srad"":16.799999237060547,""sw"":0.09000000357627869,""swfac"":0.19688308238983154,""tmax"":31.299999237060547,""topwt"":15904.559326171875,""totir"":90.0,""vstage"":24.0,""wtdep"":90.0,""xlai"":1.930319905281067}"
P0145,H2,observed_weather,observed_weather:2016,98,2016-09-17,93,6.0,0.6767702102661133,0.1725367307662964,90.0,80.0,late,>0.50,"(0.05,0.25]",1,"[1, 0, 0, 0, 0, 0, 0, 0, 0, 0, 0, 0, 0, 0, 0, 0]","[80.0,93.0,14.5,0.7890923023223877,6144.47998046875,6.0,0.1725367307662964,90.0,15.300000190734863,0.07150500267744064,0.10002999752759933,0.11007499694824219,0.11999999731779099,0.1214279979467392,0.07215599715709686,0.6767702102661133,29.100000381469727,15904.5595703125,90.0,24.0,90.0,1.930319905281067]","{""cumsumfert"":80.0,""dap"":93.0,""dlayr"":5.0,""dtt"":14.5,""dul"":0.33000001311302185,""ep"":0.7890923023223877,""grnwt"":6144.47998046875,""istage"":6.0,""ll"":0.09000000357627869,""nstres"":0.1725367307662964,""rtdep"":90.0,""sat"":0.4599999785423279,""srad"":15.300000190734863,""sw"":0.07150500267744064,""swfac"":0.6767702102661133,""tmax"":29.100000381469727,""topwt"":15904.559326171875,""totir"":90.0,""vstage"":24.0,""wtdep"":90.0,""xlai"":1.930319905281067}"
P0146,H2,observed_weather,observed_weather:2016,99,2016-09-18,94,6.0,0.4686715006828308,0.1725367307662964,105.0,80.0,late,"(0.25,0.50]","(0.05,0.25]",1,"[1, 0, 0, 0, 1, 0, 0, 0, 1, 0, 0, 0, 1, 0, 0, 0]","[80.0,94.0,13.5,0.5904927253723145,6144.47998046875,6.0,0.1725367307662964,90.0,8.199999809265137,0.06198100000619888,0.09734199941158295,0.10999999940395355,0.1200060024857521,0.12066499888896942,0.07145600020885468,0.4686715006828308,24.700000762939453,15904.5595703125,90.0,24.0,90.0,1.930319905281067]","{""cumsumfert"":80.0,""dap"":94.0,""dlayr"":5.0,""dtt"":13.5,""dul"":0.33000001311302185,""ep"":0.5904927253723145,""grnwt"":6144.47998046875,""istage"":6.0,""ll"":0.09000000357627869,""nstres"":0.1725367307662964,""rtdep"":90.0,""sat"":0.4599999785423279,""srad"":8.199999809265137,""sw"":0.06198100000619888,""swfac"":0.4686715006828308,""tmax"":24.700000762939453,""topwt"":15904.559326171875,""totir"":90.0,""vstage"":24.0,""wtdep"":90.0,""xlai"":1.930319905281067}"
P0147,H2,observed_weather,observed_weather:2017,98,2017-09-18,93,5.0,0.0,0.3157052397727966,90.0,80.0,late,<=0.05,"(0.25,0.50]",1,"[1, 0, 0, 0, 0, 0, 0, 0, 0, 0, 0, 0, 0, 0, 0, 0]","[80.0,93.0,16.450000762939453,2.981009006500244,7826.0576171875,5.0,0.31570523977279663,90.0,15.800000190734863,0.26493600010871887,0.2721869945526123,0.2709510028362274,0.20809100568294525,0.15746699273586273,0.0932760015130043,0.0,31.799999237060547,17940.109375,90.0,25.0,90.0,2.0847437381744385]","{""cumsumfert"":80.0,""dap"":93.0,""dlayr"":5.0,""dtt"":16.450000762939453,""dul"":0.33000001311302185,""ep"":2.981009006500244,""grnwt"":7826.0577392578125,""istage"":5.0,""ll"":0.09000000357627869,""nstres"":0.31570523977279663,""rtdep"":90.0,""sat"":0.4599999785423279,""srad"":15.800000190734863,""sw"":0.26493600010871887,""swfac"":0.0,""tmax"":31.799999237060547,""topwt"":17940.108642578125,""totir"":90.0,""vstage"":25.0,""wtdep"":90.0,""xlai"":2.0847437381744385}"
P0148,H2,observed_weather,observed_weather:2017,101,2017-09-21,96,6.0,0.0,0.3604203462600708,105.0,80.0,late,<=0.05,"(0.25,0.50]",1,"[1, 0, 0, 0, 0, 0, 0, 0, 0, 0, 0, 0, 0, 0, 0, 0]","[80.0,96.0,13.25,2.7286922931671143,7826.0576171875,6.0,0.3604203462600708,90.0,15.699999809265137,0.36490398645401,0.2936590015888214,0.2546280026435852,0.19772300124168396,0.15628600120544434,0.0926700010895729,0.0,29.600000381469727,17940.109375,105.0,25.0,90.0,2.0847437381744385]","{""cumsumfert"":80.0,""dap"":96.0,""dlayr"":5.0,""dtt"":13.25,""dul"":0.33000001311302185,""ep"":2.7286922931671143,""grnwt"":7826.0577392578125,""istage"":6.0,""ll"":0.09000000357627869,""nstres"":0.3604203462600708,""rtdep"":90.0,""sat"":0.4599999785423279,""srad"":15.699999809265137,""sw"":0.36490398645401,""swfac"":0.0,""tmax"":29.600000381469727,""topwt"":17940.108642578125,""totir"":105.0,""vstage"":25.0,""wtdep"":90.0,""xlai"":2.0847437381744385}"
P0149,H2,observed_weather,observed_weather:2018,50,2018-08-01,45,3.0,0.0,0.0144823789596557,45.0,80.0,mid,<=0.05,<=0.05,0,"[1, 1, 1, 1, 1, 1, 1, 1, 1, 1, 1, 1, 1, 1, 1, 1]","[80.0,45.0,22.46335792541504,6.018577575683594,0.0,3.0,0.014482378959655762,90.0,24.100000381469727,0.2292580008506775,0.20945100486278534,0.18354900181293488,0.1769080013036728,0.16192999482154846,0.11235900223255157,0.0,35.20000076293945,7420.951171875,45.0,23.0,90.0,4.8061299324035645]","{""cumsumfert"":80.0,""dap"":45.0,""dlayr"":5.0,""dtt"":22.46335792541504,""dul"":0.33000001311302185,""ep"":6.018577575683594,""grnwt"":0.0,""istage"":3.0,""ll"":0.09000000357627869,""nstres"":0.014482378959655762,""rtdep"":90.0,""sat"":0.4599999785423279,""srad"":24.100000381469727,""sw"":0.2292580008506775,""swfac"":0.0,""tmax"":35.20000076293945,""topwt"":7420.950927734375,""totir"":45.0,""vstage"":23.0,""wtdep"":90.0,""xlai"":4.8061299324035645}"
P0150,H2,observed_weather,observed_weather:2018,57,2018-08-08,52,4.0,0.2062504887580871,0.0496654510498046,45.0,80.0,mid,"(0.05,0.25]",<=0.05,0,"[1, 1, 1, 1, 1, 1, 1, 1, 1, 1, 1, 1, 1, 1, 1, 1]","[80.0,52.0,23.771202087402344,4.683760643005371,0.0,4.0,0.04966545104980469,90.0,20.600000381469727,0.10126599669456482,0.10641399770975113,0.12789799273014069,0.14080199599266052,0.14473800361156464,0.09495700150728226,0.20625048875808716,37.5,9776.029296875,45.0,24.0,90.0,4.884217262268066]","{""cumsumfert"":80.0,""dap"":52.0,""dlayr"":5.0,""dtt"":23.771202087402344,""dul"":0.33000001311302185,""ep"":4.683760643005371,""grnwt"":0.0,""istage"":4.0,""ll"":0.09000000357627869,""nstres"":0.04966545104980469,""rtdep"":90.0,""sat"":0.4599999785423279,""srad"":20.600000381469727,""sw"":0.10126599669456482,""swfac"":0.20625048875808716,""tmax"":37.5,""topwt"":9776.029052734375,""totir"":45.0,""vstage"":24.0,""wtdep"":90.0,""xlai"":4.884217262268066}"
P0151,H2,observed_weather,observed_weather:2018,58,2018-08-09,53,4.0,0.2136163711547851,0.0405019521713256,45.0,80.0,mid,"(0.05,0.25]",<=0.05,0,"[1, 1, 1, 1, 1, 1, 1, 1, 1, 1, 1, 1, 1, 1, 1, 1]","[80.0,53.0,22.099998474121094,2.8087399005889893,0.0,4.0,0.040501952171325684,90.0,14.600000381469727,0.09756500273942947,0.10286100208759308,0.12436699867248535,0.13734200596809387,0.14159899950027466,0.09202499687671661,0.21361637115478516,33.099998474121094,9933.62890625,45.0,24.0,90.0,4.832049369812012]","{""cumsumfert"":80.0,""dap"":53.0,""dlayr"":5.0,""dtt"":22.099998474121094,""dul"":0.33000001311302185,""ep"":2.8087399005889893,""grnwt"":0.0,""istage"":4.0,""ll"":0.09000000357627869,""nstres"":0.040501952171325684,""rtdep"":90.0,""sat"":0.4599999785423279,""srad"":14.600000381469727,""sw"":0.09756500273942947,""swfac"":0.21361637115478516,""tmax"":33.099998474121094,""topwt"":9933.628540039062,""totir"":45.0,""vstage"":24.0,""wtdep"":90.0,""xlai"":4.832049369812012}"
P0152,H2,observed_weather,observed_weather:2018,78,2018-08-29,73,5.0,0.0,0.0024861097335815,60.0,80.0,late,<=0.05,<=0.05,0,"[1, 1, 1, 1, 0, 0, 0, 0, 0, 0, 0, 0, 0, 0, 0, 0]","[80.0,73.0,20.0,4.518857002258301,2955.130615234375,5.0,0.002486109733581543,90.0,19.600000381469727,0.3857550024986267,0.3318359851837158,0.2951419949531555,0.1652040034532547,0.131972998380661,0.0817049965262413,0.0,31.600000381469727,13075.1064453125,60.0,24.0,90.0,3.871081590652466]","{""cumsumfert"":80.0,""dap"":73.0,""dlayr"":5.0,""dtt"":20.0,""dul"":0.33000001311302185,""ep"":4.518857002258301,""grnwt"":2955.130615234375,""istage"":5.0,""ll"":0.09000000357627869,""nstres"":0.002486109733581543,""rtdep"":90.0,""sat"":0.4599999785423279,""srad"":19.600000381469727,""sw"":0.3857550024986267,""swfac"":0.0,""tmax"":31.600000381469727,""topwt"":13075.106201171875,""totir"":60.0,""vstage"":24.0,""wtdep"":90.0,""xlai"":3.871081590652466}"
P0153,H2,observed_weather,observed_weather:2018,79,2018-08-30,74,5.0,0.0,0.0055750608444213,60.0,80.0,late,<=0.05,<=0.05,0,"[1, 1, 1, 1, 0, 0, 0, 0, 0, 0, 0, 0, 0, 0, 0, 0]","[80.0,74.0,16.75,1.4640076160430908,3142.386474609375,5.0,0.005575060844421387,90.0,6.800000190734863,0.3773370087146759,0.3102799952030182,0.2987219989299774,0.16823600232601166,0.13215099275112152,0.08164600282907486,0.0,27.100000381469727,13210.291015625,60.0,24.0,90.0,3.7673230171203613]","{""cumsumfert"":80.0,""dap"":74.0,""dlayr"":5.0,""dtt"":16.75,""dul"":0.33000001311302185,""ep"":1.4640076160430908,""grnwt"":3142.386474609375,""istage"":5.0,""ll"":0.09000000357627869,""nstres"":0.005575060844421387,""rtdep"":90.0,""sat"":0.4599999785423279,""srad"":6.800000190734863,""sw"":0.3773370087146759,""swfac"":0.0,""tmax"":27.100000381469727,""topwt"":13210.29052734375,""totir"":60.0,""vstage"":24.0,""wtdep"":90.0,""xlai"":3.7673230171203613}"
P0154,H2,observed_weather,observed_weather:2019,57,2019-08-08,52,4.0,0.3632551431655884,0.0,45.0,80.0,mid,"(0.25,0.50]",<=0.05,0,"[1, 1, 1, 1, 1, 1, 1, 1, 1, 1, 1, 1, 1, 1, 1, 1]","[80.0,52.0,19.850000381469727,3.0094122886657715,0.0,4.0,0.0,90.0,23.5,0.09000000357627869,0.10412000119686127,0.11689099669456482,0.12298499792814255,0.12701299786567688,0.08196800202131271,0.3632551431655884,33.0,6749.92919921875,45.0,23.0,90.0,3.513345718383789]","{""cumsumfert"":80.0,""dap"":52.0,""dlayr"":5.0,""dtt"":19.850000381469727,""dul"":0.33000001311302185,""ep"":3.0094122886657715,""grnwt"":0.0,""istage"":4.0,""ll"":0.09000000357627869,""nstres"":0.0,""rtdep"":90.0,""sat"":0.4599999785423279,""srad"":23.5,""sw"":0.09000000357627869,""swfac"":0.3632551431655884,""tmax"":33.0,""topwt"":6749.92919921875,""totir"":45.0,""vstage"":23.0,""wtdep"":90.0,""xlai"":3.513345718383789}"
P0155,H2,observed_weather,observed_weather:2019,73,2019-08-24,68,5.0,0.1812837123870849,0.0,45.0,80.0,mid,"(0.05,0.25]",<=0.05,0,"[1, 1, 1, 1, 1, 1, 1, 1, 1, 1, 1, 1, 1, 1, 1, 1]","[80.0,68.0,16.299999237060547,1.1366324424743652,1320.8489990234375,5.0,0.0,90.0,7.099999904632568,0.08861999958753586,0.09868200123310089,0.12063699960708618,0.11999999731779099,0.1228019967675209,0.07792899757623672,0.18128371238708496,28.200000762939453,9580.275390625,45.0,23.0,90.0,3.1698248386383057]","{""cumsumfert"":80.0,""dap"":68.0,""dlayr"":5.0,""dtt"":16.299999237060547,""dul"":0.33000001311302185,""ep"":1.1366324424743652,""grnwt"":1320.8489990234375,""istage"":5.0,""ll"":0.09000000357627869,""nstres"":0.0,""rtdep"":90.0,""sat"":0.4599999785423279,""srad"":7.099999904632568,""sw"":0.08861999958753586,""swfac"":0.18128371238708496,""tmax"":28.200000762939453,""topwt"":9580.27587890625,""totir"":45.0,""vstage"":23.0,""wtdep"":90.0,""xlai"":3.1698248386383057}"
P0156,H2,observed_weather,observed_weather:2019,79,2019-08-30,74,5.0,0.0,0.0,60.0,80.0,late,<=0.05,<=0.05,0,"[1, 1, 1, 1, 0, 0, 0, 0, 0, 0, 0, 0, 0, 0, 0, 0]","[80.0,74.0,14.0,4.620735168457031,2176.4580078125,5.0,0.0,90.0,24.5,0.23138800263404846,0.10293299704790115,0.11101700365543365,0.11999999731779099,0.12029500305652618,0.07545000314712524,0.0,30.299999237060547,10199.2587890625,60.0,23.0,90.0,2.6971912384033203]","{""cumsumfert"":80.0,""dap"":74.0,""dlayr"":5.0,""dtt"":14.0,""dul"":0.33000001311302185,""ep"":4.620735168457031,""grnwt"":2176.4581298828125,""istage"":5.0,""ll"":0.09000000357627869,""nstres"":0.0,""rtdep"":90.0,""sat"":0.4599999785423279,""srad"":24.5,""sw"":0.23138800263404846,""swfac"":0.0,""tmax"":30.299999237060547,""topwt"":10199.259033203125,""totir"":60.0,""vstage"":23.0,""wtdep"":90.0,""xlai"":2.6971912384033203}"
P0157,H2,observed_weather,observed_weather:2019,81,2019-09-01,76,5.0,0.4168554544448852,0.0,60.0,80.0,late,"(0.25,0.50]",<=0.05,0,"[1, 1, 1, 1, 0, 0, 0, 0, 0, 0, 0, 0, 0, 0, 0, 0]","[80.0,76.0,15.450000762939453,1.680850863456726,2532.079833984375,5.0,0.0,90.0,21.299999237060547,0.09000000357627869,0.10076899826526642,0.10999999940395355,0.11999999731779099,0.12001299858093262,0.07473199814558029,0.41685545444488525,31.5,10697.75390625,60.0,23.0,90.0,2.6409740447998047]","{""cumsumfert"":80.0,""dap"":76.0,""dlayr"":5.0,""dtt"":15.450000762939453,""dul"":0.33000001311302185,""ep"":1.680850863456726,""grnwt"":2532.0797729492188,""istage"":5.0,""ll"":0.09000000357627869,""nstres"":0.0,""rtdep"":90.0,""sat"":0.4599999785423279,""srad"":21.299999237060547,""sw"":0.09000000357627869,""swfac"":0.41685545444488525,""tmax"":31.5,""topwt"":10697.75390625,""totir"":60.0,""vstage"":23.0,""wtdep"":90.0,""xlai"":2.6409740447998047}"
P0158,H2,observed_weather,observed_weather:2019,89,2019-09-09,84,5.0,0.8396992236375809,0.0,75.0,80.0,late,>0.50,<=0.05,1,"[1, 1, 1, 1, 0, 0, 0, 0, 0, 0, 0, 0, 0, 0, 0, 0]","[80.0,84.0,17.400001525878906,0.4405312240123749,3648.6953125,5.0,0.0,90.0,18.399999618530273,0.07039599865674973,0.09910199791193008,0.10999999940395355,0.12000100314617157,0.1200060024857521,0.07216300070285797,0.8396992087364197,33.400001525878906,11725.0830078125,75.0,23.0,90.0,2.104853868484497]","{""cumsumfert"":80.0,""dap"":84.0,""dlayr"":5.0,""dtt"":17.400001525878906,""dul"":0.33000001311302185,""ep"":0.4405312240123749,""grnwt"":3648.6953735351562,""istage"":5.0,""ll"":0.09000000357627869,""nstres"":0.0,""rtdep"":90.0,""sat"":0.4599999785423279,""srad"":18.399999618530273,""sw"":0.07039599865674973,""swfac"":0.8396992236375809,""tmax"":33.400001525878906,""topwt"":11725.0830078125,""totir"":75.0,""vstage"":23.0,""wtdep"":90.0,""xlai"":2.104853868484497}"
P0159,H2,observed_weather,observed_weather:2019,98,2019-09-18,93,6.0,0.0,0.0620478391647338,105.0,80.0,late,<=0.05,"(0.05,0.25]",1,"[1, 0, 0, 0, 1, 0, 0, 0, 1, 0, 0, 0, 1, 0, 0, 0]","[80.0,93.0,11.299999237060547,3.265126943588257,5053.013671875,6.0,0.06204783916473389,90.0,21.299999237060547,0.17172899842262268,0.20154400169849396,0.12456800043582916,0.12001299858093262,0.11999999731779099,0.07102199643850327,0.0,25.5,12704.36328125,90.0,23.0,90.0,1.7925841808319092]","{""cumsumfert"":80.0,""dap"":93.0,""dlayr"":5.0,""dtt"":11.299999237060547,""dul"":0.33000001311302185,""ep"":3.265126943588257,""grnwt"":5053.013610839844,""istage"":6.0,""ll"":0.09000000357627869,""nstres"":0.06204783916473389,""rtdep"":90.0,""sat"":0.4599999785423279,""srad"":21.299999237060547,""sw"":0.17172899842262268,""swfac"":0.0,""tmax"":25.5,""topwt"":12704.36279296875,""totir"":90.0,""vstage"":23.0,""wtdep"":90.0,""xlai"":1.7925841808319092}"
P0160,H2,observed_weather,observed_weather:2020,91,2020-09-10,86,5.0,0.0,0.0641423463821411,75.0,80.0,late,<=0.05,"(0.05,0.25]",1,"[1, 1, 1, 1, 0, 0, 0, 0, 0, 0, 0, 0, 0, 0, 0, 0]","[80.0,86.0,16.200000762939453,4.487901210784912,4331.6357421875,5.0,0.06414234638214111,90.0,21.100000381469727,0.3418389856815338,0.2930929958820343,0.2373580038547516,0.15876899659633636,0.1435140073299408,0.08634799718856812,0.0,30.200000762939453,14310.6044921875,75.0,24.0,90.0,3.453842878341675]","{""cumsumfert"":80.0,""dap"":86.0,""dlayr"":5.0,""dtt"":16.200000762939453,""dul"":0.33000001311302185,""ep"":4.487901210784912,""grnwt"":4331.6357421875,""istage"":5.0,""ll"":0.09000000357627869,""nstres"":0.06414234638214111,""rtdep"":90.0,""sat"":0.4599999785423279,""srad"":21.100000381469727,""sw"":0.3418389856815338,""swfac"":0.0,""tmax"":30.200000762939453,""topwt"":14310.604248046875,""totir"":75.0,""vstage"":24.0,""wtdep"":90.0,""xlai"":3.453842878341675}"
P0161,H2,observed_weather,observed_weather:2020,103,2020-09-22,98,6.0,0.0,0.2527444958686828,105.0,80.0,late,<=0.05,"(0.25,0.50]",1,"[1, 0, 0, 0, 0, 0, 0, 0, 0, 0, 0, 0, 0, 0, 0, 0]","[80.0,98.0,13.600000381469727,2.4769511222839355,6395.5458984375,6.0,0.25274449586868286,90.00116729736328,14.199999809265137,0.4370569884777069,0.24918200075626373,0.1847590059041977,0.15093499422073364,0.13858500123023987,0.08296500146389008,0.0,28.899999618530273,16374.513671875,105.0,24.0,90.00116729736328,2.146446704864502]","{""cumsumfert"":80.0,""dap"":98.0,""dlayr"":5.0,""dtt"":13.600000381469727,""dul"":0.33000001311302185,""ep"":2.4769511222839355,""grnwt"":6395.545654296875,""istage"":6.0,""ll"":0.09000000357627869,""nstres"":0.25274449586868286,""rtdep"":90.00116729736328,""sat"":0.4599999785423279,""srad"":14.199999809265137,""sw"":0.4370569884777069,""swfac"":0.0,""tmax"":28.899999618530273,""topwt"":16374.51416015625,""totir"":105.0,""vstage"":24.0,""wtdep"":90.00116729736328,""xlai"":2.146446704864502}"
P0162,H2,observed_weather,observed_weather:2021,45,2021-07-27,40,3.0,0.0,0.0,45.0,80.0,mid,<=0.05,<=0.05,0,"[1, 1, 1, 1, 1, 1, 1, 1, 1, 1, 1, 1, 1, 1, 1, 1]","[80.0,40.0,20.099998474121094,2.6598784923553467,0.0,3.0,0.0,90.0,11.699999809265137,0.357479989528656,0.30994099378585815,0.32400500774383545,0.30862098932266235,0.2354689985513687,0.1287190020084381,0.0,30.799999237060547,4390.27783203125,45.0,20.0,90.0,3.8292510509490967]","{""cumsumfert"":80.0,""dap"":40.0,""dlayr"":5.0,""dtt"":20.099998474121094,""dul"":0.33000001311302185,""ep"":2.6598784923553467,""grnwt"":0.0,""istage"":3.0,""ll"":0.09000000357627869,""nstres"":0.0,""rtdep"":90.0,""sat"":0.4599999785423279,""srad"":11.699999809265137,""sw"":0.357479989528656,""swfac"":0.0,""tmax"":30.799999237060547,""topwt"":4390.278015136719,""totir"":45.0,""vstage"":20.0,""wtdep"":90.0,""xlai"":3.8292510509490967}"
P0163,H2,observed_weather,observed_weather:2021,76,2021-08-27,71,5.0,0.0,0.0056188106536865,45.0,80.0,late,<=0.05,<=0.05,0,"[1, 1, 1, 1, 1, 1, 1, 1, 1, 1, 1, 1, 1, 1, 1, 1]","[80.0,71.0,14.700000762939453,4.618170738220215,1559.569580078125,5.0,0.0056188106536865234,90.0,21.600000381469727,0.29705700278282166,0.29714900255203247,0.28922998905181885,0.23312099277973175,0.20792700350284576,0.10258299857378006,0.0,27.5,13312.099609375,45.0,25.0,90.0,4.5422258377075195]","{""cumsumfert"":80.0,""dap"":71.0,""dlayr"":5.0,""dtt"":14.700000762939453,""dul"":0.33000001311302185,""ep"":4.618170738220215,""grnwt"":1559.5695495605469,""istage"":5.0,""ll"":0.09000000357627869,""nstres"":0.0056188106536865234,""rtdep"":90.0,""sat"":0.4599999785423279,""srad"":21.600000381469727,""sw"":0.29705700278282166,""swfac"":0.0,""tmax"":27.5,""topwt"":13312.099609375,""totir"":45.0,""vstage"":25.0,""wtdep"":90.0,""xlai"":4.5422258377075195}"
P0164,H2,observed_weather,observed_weather:2021,102,2021-09-22,97,5.0,0.0,0.3499488234519958,105.0,80.0,late,<=0.05,"(0.25,0.50]",1,"[1, 0, 0, 0, 0, 0, 0, 0, 0, 0, 0, 0, 0, 0, 0, 0]","[80.0,97.0,14.700000762939453,3.885160446166992,8316.0830078125,5.0,0.34994882345199585,90.0,20.899999618530273,0.4280180037021637,0.450872004032135,0.47920501232147217,0.44663000106811523,0.25791600346565247,0.09567800164222717,0.0,30.600000381469727,18994.822265625,105.0,25.0,90.0,2.1622140407562256]","{""cumsumfert"":80.0,""dap"":97.0,""dlayr"":5.0,""dtt"":14.700000762939453,""dul"":0.33000001311302185,""ep"":3.885160446166992,""grnwt"":8316.082763671875,""istage"":5.0,""ll"":0.09000000357627869,""nstres"":0.34994882345199585,""rtdep"":90.0,""sat"":0.4599999785423279,""srad"":20.899999618530273,""sw"":0.4280180037021637,""swfac"":0.0,""tmax"":30.600000381469727,""topwt"":18994.822998046875,""totir"":105.0,""vstage"":25.0,""wtdep"":90.0,""xlai"":2.1622140407562256}"
P0165,H2,observed_weather,observed_weather:2022,69,2022-08-20,64,5.0,0.0,0.0,45.0,80.0,mid,<=0.05,<=0.05,0,"[1, 1, 1, 1, 1, 1, 1, 1, 1, 1, 1, 1, 1, 1, 1, 1]","[80.0,64.0,18.299999237060547,4.913796901702881,459.31744384765625,5.0,0.0,90.0,21.600000381469727,0.43438100814819336,0.4344390034675598,0.3924750089645386,0.37052199244499207,0.35080501437187195,0.10608799755573273,0.0,29.5,11135.994140625,45.0,24.0,90.0,4.532031059265137]","{""cumsumfert"":80.0,""dap"":64.0,""dlayr"":5.0,""dtt"":18.299999237060547,""dul"":0.33000001311302185,""ep"":4.913796901702881,""grnwt"":459.3174362182617,""istage"":5.0,""ll"":0.09000000357627869,""nstres"":0.0,""rtdep"":90.0,""sat"":0.4599999785423279,""srad"":21.600000381469727,""sw"":0.43438100814819336,""swfac"":0.0,""tmax"":29.5,""topwt"":11135.99365234375,""totir"":45.0,""vstage"":24.0,""wtdep"":90.0,""xlai"":4.532031059265137}"
P0166,H2,observed_weather,observed_weather:2022,79,2022-08-30,74,5.0,0.0,0.0300453901290893,60.0,80.0,late,<=0.05,<=0.05,0,"[1, 1, 1, 1, 0, 0, 0, 0, 0, 0, 0, 0, 0, 0, 0, 0]","[80.0,74.0,13.650001525878906,3.4784488677978516,3069.301513671875,5.0,0.030045390129089355,90.0,16.799999237060547,0.44106000661849976,0.4383319914340973,0.4606359899044037,0.36784300208091736,0.33753299713134766,0.1117819994688034,0.0,25.700000762939453,13489.958984375,60.0,24.0,90.0,4.196874141693115]","{""cumsumfert"":80.0,""dap"":74.0,""dlayr"":5.0,""dtt"":13.650001525878906,""dul"":0.33000001311302185,""ep"":3.4784488677978516,""grnwt"":3069.3014526367188,""istage"":5.0,""ll"":0.09000000357627869,""nstres"":0.030045390129089355,""rtdep"":90.0,""sat"":0.4599999785423279,""srad"":16.799999237060547,""sw"":0.44106000661849976,""swfac"":0.0,""tmax"":25.700000762939453,""topwt"":13489.95849609375,""totir"":60.0,""vstage"":24.0,""wtdep"":90.0,""xlai"":4.196874141693115}"
P0167,H2,observed_weather,observed_weather:2022,83,2022-09-03,78,5.0,0.0,0.087411880493164,60.0,80.0,late,<=0.05,"(0.05,0.25]",0,"[1, 1, 1, 1, 0, 0, 0, 0, 0, 0, 0, 0, 0, 0, 0, 0]","[80.0,78.0,12.600000381469727,2.570004940032959,4130.54052734375,5.0,0.08741188049316406,90.0,12.699999809265137,0.3848609924316406,0.39854300022125244,0.40134501457214355,0.35566601157188416,0.33149901032447815,0.11051499843597412,0.0,26.399999618530273,14775.5751953125,60.0,24.0,90.0,3.9571073055267334]","{""cumsumfert"":80.0,""dap"":78.0,""dlayr"":5.0,""dtt"":12.600000381469727,""dul"":0.33000001311302185,""ep"":2.570004940032959,""grnwt"":4130.540466308594,""istage"":5.0,""ll"":0.09000000357627869,""nstres"":0.08741188049316406,""rtdep"":90.0,""sat"":0.4599999785423279,""srad"":12.699999809265137,""sw"":0.3848609924316406,""swfac"":0.0,""tmax"":26.399999618530273,""topwt"":14775.574951171875,""totir"":60.0,""vstage"":24.0,""wtdep"":90.0,""xlai"":3.9571073055267334}"
P0168,H2,observed_weather,observed_weather:2023,1,2023-06-13,0,7.0,0.1500000059604644,0.0,45.0,80.0,early,"(0.05,0.25]",<=0.05,0,"[1, 1, 1, 1, 1, 1, 1, 1, 1, 1, 1, 1, 1, 1, 1, 1]","[0.0,0.0,0.0,0.0,0.0,7.0,0.0,0.0,24.600000381469727,0.15000000596046448,0.15000000596046448,0.15000000596046448,0.15000000596046448,0.15000000596046448,0.15000000596046448,0.0,33.400001525878906,0.0,0.0,0.0,0.0,0.0]","{""cumsumfert"":0.0,""dap"":0.0,""dtt"":0.0,""ep"":0.0,""grnwt"":0.0,""istage"":7.0,""nstres"":0.0,""rtdep"":0.0,""srad"":24.600000381469727,""sw"":0.15000000596046448,""swfac"":0.15000000596046448,""tmax"":0.15000000596046448,""topwt"":0.15000000596046448,""totir"":0.15000000596046448,""vstage"":0.15000000596046448,""wtdep"":0.0,""xlai"":33.400001525878906}"
P0169,H2,observed_weather,observed_weather:2023,89,2023-09-09,84,5.0,0.0,0.3208048939704895,75.0,80.0,late,<=0.05,"(0.25,0.50]",1,"[1, 1, 1, 1, 0, 0, 0, 0, 0, 0, 0, 0, 0, 0, 0, 0]","[80.0,84.0,18.5,3.789297580718994,6888.560546875,5.0,0.3208048939704895,90.00177764892578,17.600000381469727,0.11781399697065353,0.11680199950933456,0.13018600642681122,0.12542499601840973,0.12416800111532211,0.07478100061416626,0.0,31.799999237060547,19057.330078125,75.0,25.0,90.00215911865234,3.114732027053833]","{""cumsumfert"":80.0,""dap"":84.0,""dlayr"":5.0,""dtt"":18.5,""dul"":0.33000001311302185,""ep"":3.789297580718994,""grnwt"":6888.560791015625,""istage"":5.0,""ll"":0.09000000357627869,""nstres"":0.3208048939704895,""rtdep"":90.00177764892578,""sat"":0.4599999785423279,""srad"":17.600000381469727,""sw"":0.11781399697065353,""swfac"":0.0,""tmax"":31.799999237060547,""topwt"":19057.330322265625,""totir"":75.0,""vstage"":25.0,""wtdep"":90.00215911865234,""xlai"":3.114732027053833}"
P0170,H2,observed_weather,observed_weather:2023,93,2023-09-13,88,5.0,0.0,0.4122586250305176,90.0,80.0,late,<=0.05,"(0.25,0.50]",1,"[1, 1, 1, 1, 0, 0, 0, 0, 0, 0, 0, 0, 0, 0, 0, 0]","[80.0,88.0,14.75,4.379378318786621,8108.4482421875,5.0,0.4122586250305176,90.00177764892578,22.399999618530273,0.27837300300598145,0.12890399992465973,0.12471599876880646,0.12389100342988968,0.12281399965286255,0.07347399741411209,0.0,28.799999237060547,19611.58984375,90.0,25.0,90.0029525756836,2.7260544300079346]","{""cumsumfert"":80.0,""dap"":88.0,""dlayr"":5.0,""dtt"":14.75,""dul"":0.33000001311302185,""ep"":4.379378318786621,""grnwt"":8108.448486328125,""istage"":5.0,""ll"":0.09000000357627869,""nstres"":0.4122586250305176,""rtdep"":90.00177764892578,""sat"":0.4599999785423279,""srad"":22.399999618530273,""sw"":0.27837300300598145,""swfac"":0.0,""tmax"":28.799999237060547,""topwt"":19611.58935546875,""totir"":90.0,""vstage"":25.0,""wtdep"":90.0029525756836,""xlai"":2.7260544300079346}"
P0171,H2,observed_weather,observed_weather:2023,96,2023-09-16,91,6.0,0.0,0.5019990801811218,90.0,80.0,late,<=0.05,>0.50,1,"[1, 0, 0, 0, 0, 0, 0, 0, 0, 0, 0, 0, 0, 0, 0, 0]","[80.0,91.0,15.350000381469727,2.9826364517211914,8718.392578125,6.0,0.5019990801811218,90.00177764892578,20.399999618530273,0.09000000357627869,0.1050959974527359,0.11957599967718124,0.12182900309562683,0.1210860013961792,0.07182899862527847,0.0,31.0,20042.966796875,90.0,25.0,90.00353240966797,2.4297091960906982]","{""cumsumfert"":80.0,""dap"":91.0,""dlayr"":5.0,""dtt"":15.350000381469727,""dul"":0.33000001311302185,""ep"":2.9826364517211914,""grnwt"":8718.392944335938,""istage"":6.0,""ll"":0.09000000357627869,""nstres"":0.5019990801811218,""rtdep"":90.00177764892578,""sat"":0.4599999785423279,""srad"":20.399999618530273,""sw"":0.09000000357627869,""swfac"":0.0,""tmax"":31.0,""topwt"":20042.967529296875,""totir"":90.0,""vstage"":25.0,""wtdep"":90.00353240966797,""xlai"":2.4297091960906982}"
P0172,H2,observed_weather,observed_weather:2023,97,2023-09-17,92,6.0,0.6360355317592621,0.5019990801811218,105.0,80.0,late,>0.50,>0.50,1,"[1, 0, 0, 0, 1, 0, 0, 0, 1, 0, 0, 0, 1, 0, 0, 0]","[80.0,92.0,15.849998474121094,1.2852706909179688,8718.392578125,6.0,0.5019990801811218,90.00177764892578,18.600000381469727,0.07380499690771103,0.10080400109291077,0.11733300238847733,0.12076900154352188,0.12020300328731537,0.07099699974060059,0.6360355615615845,31.299999237060547,20042.966796875,90.0,25.0,90.00373077392578,2.4297091960906982]","{""cumsumfert"":80.0,""dap"":92.0,""dlayr"":5.0,""dtt"":15.849998474121094,""dul"":0.33000001311302185,""ep"":1.2852706909179688,""grnwt"":8718.392944335938,""istage"":6.0,""ll"":0.09000000357627869,""nstres"":0.5019990801811218,""rtdep"":90.00177764892578,""sat"":0.4599999785423279,""srad"":18.600000381469727,""sw"":0.07380499690771103,""swfac"":0.6360355317592621,""tmax"":31.299999237060547,""topwt"":20042.967529296875,""totir"":90.0,""vstage"":25.0,""wtdep"":90.00373077392578,""xlai"":2.4297091960906982}"
P0173,W0,heldout_wgen,heldout_wgen:1081,39,2008-07-20,34,3.0,0.5634078979492188,0.0,45.0,40.0,early,>0.50,<=0.05,0,"[1, 1, 1, 1, 1, 1, 1, 1, 1, 1, 1, 1, 1, 1, 1, 1]","[39.999996185302734,34.0,20.85524559020996,2.040839195251465,0.0,3.0,0.0,90.0,21.44520378112793,0.0772550031542778,0.10108800232410431,0.1275079995393753,0.13971999287605286,0.14288100600242615,0.09740400314331055,0.5634078979492188,33.538551330566406,2568.23291015625,45.0,17.0,90.0,2.8628017902374268]","{""cumsumfert"":39.999996185302734,""dap"":34.0,""dlayr"":5.0,""dtt"":20.85524559020996,""dul"":0.33000001311302185,""ep"":2.040839195251465,""grnwt"":0.0,""istage"":3.0,""ll"":0.09000000357627869,""nstres"":0.0,""rtdep"":90.0,""sat"":0.4599999785423279,""srad"":21.44520378112793,""sw"":0.0772550031542778,""swfac"":0.5634078979492188,""tmax"":33.538551330566406,""topwt"":2568.2330322265625,""totir"":45.0,""vstage"":17.0,""wtdep"":90.0,""xlai"":2.8628017902374268}"
P0174,W0,heldout_wgen,heldout_wgen:1081,40,2008-07-21,35,3.0,0.5082544982433319,0.0,45.0,40.0,early,>0.50,<=0.05,0,"[1, 1, 1, 1, 1, 1, 1, 1, 1, 1, 1, 1, 1, 1, 1, 1]","[39.999996185302734,35.0,19.84857177734375,1.7334768772125244,0.0,3.0,0.0,90.0,16.591909408569336,0.06596899777650833,0.09934300184249878,0.12578999996185303,0.13786299526691437,0.14112399518489838,0.09482400119304657,0.5082545280456543,30.96198272705078,2667.92529296875,45.0,18.0,90.0,2.851576328277588]","{""cumsumfert"":39.999996185302734,""dap"":35.0,""dlayr"":5.0,""dtt"":19.84857177734375,""dul"":0.33000001311302185,""ep"":1.7334768772125244,""grnwt"":0.0,""istage"":3.0,""ll"":0.09000000357627869,""nstres"":0.0,""rtdep"":90.0,""sat"":0.4599999785423279,""srad"":16.591909408569336,""sw"":0.06596899777650833,""swfac"":0.5082544982433319,""tmax"":30.96198272705078,""topwt"":2667.9254150390625,""totir"":45.0,""vstage"":18.0,""wtdep"":90.0,""xlai"":2.851576328277588}"
P0175,W0,heldout_wgen,heldout_wgen:1081,41,2008-07-22,36,3.0,0.2974036931991577,0.0,45.0,40.0,mid,"(0.25,0.50]",<=0.05,0,"[1, 1, 1, 1, 1, 1, 1, 1, 1, 1, 1, 1, 1, 1, 1, 1]","[39.999996185302734,36.0,15.11693000793457,1.4666748046875,0.0,3.0,0.0,90.0,10.760637283325195,0.059870000928640366,0.09777799993753433,0.12429700046777725,0.13622699677944183,0.13958199322223663,0.09275099635124207,0.2974036931991577,25.521709442138672,2782.841796875,45.0,18.0,90.0,2.8769896030426025]","{""cumsumfert"":39.999996185302734,""dap"":36.0,""dlayr"":5.0,""dtt"":15.11693000793457,""dul"":0.33000001311302185,""ep"":1.4666748046875,""grnwt"":0.0,""istage"":3.0,""ll"":0.09000000357627869,""nstres"":0.0,""rtdep"":90.0,""sat"":0.4599999785423279,""srad"":10.760637283325195,""sw"":0.059870000928640366,""swfac"":0.2974036931991577,""tmax"":25.521709442138672,""topwt"":2782.841796875,""totir"":45.0,""vstage"":18.0,""wtdep"":90.0,""xlai"":2.8769896030426025}"
P0176,W0,heldout_wgen,heldout_wgen:1081,42,2008-07-23,37,3.0,0.7659142017364502,0.0,45.0,40.0,mid,>0.50,<=0.05,0,"[1, 1, 1, 1, 1, 1, 1, 1, 1, 1, 1, 1, 1, 1, 1, 1]","[39.999996185302734,37.0,16.57423210144043,1.2481886148452759,0.0,3.0,0.0,90.0,26.589908599853516,0.059824999421834946,0.09638699889183044,0.12299200147390366,0.1347929984331131,0.13823199272155762,0.09106499701738358,0.7659142017364502,27.820510864257812,2827.161865234375,45.0,18.0,90.0,2.7907183170318604]","{""cumsumfert"":39.999996185302734,""dap"":37.0,""dlayr"":5.0,""dtt"":16.57423210144043,""dul"":0.33000001311302185,""ep"":1.2481886148452759,""grnwt"":0.0,""istage"":3.0,""ll"":0.09000000357627869,""nstres"":0.0,""rtdep"":90.0,""sat"":0.4599999785423279,""srad"":26.589908599853516,""sw"":0.059824999421834946,""swfac"":0.7659142017364502,""tmax"":27.820510864257812,""topwt"":2827.161865234375,""totir"":45.0,""vstage"":18.0,""wtdep"":90.0,""xlai"":2.7907183170318604}"
P0177,W0,heldout_wgen,heldout_wgen:1082,42,2008-07-23,37,3.0,0.1022164225578308,0.0,45.0,40.0,mid,"(0.05,0.25]",<=0.05,0,"[1, 1, 1, 1, 1, 1, 1, 1, 1, 1, 1, 1, 1, 1, 1, 1]","[39.999996185302734,37.0,22.123666763305664,2.8334877490997314,0.0,3.0,0.0,90.0,16.686962127685547,0.09000000357627869,0.10448600351810455,0.12212499976158142,0.13249999284744263,0.1343120038509369,0.08987999707460403,0.10221642255783081,35.93671798706055,3123.404541015625,45.0,18.0,90.0,3.16969895362854]","{""cumsumfert"":39.999996185302734,""dap"":37.0,""dlayr"":5.0,""dtt"":22.123666763305664,""dul"":0.33000001311302185,""ep"":2.8334877490997314,""grnwt"":0.0,""istage"":3.0,""ll"":0.09000000357627869,""nstres"":0.0,""rtdep"":90.0,""sat"":0.4599999785423279,""srad"":16.686962127685547,""sw"":0.09000000357627869,""swfac"":0.10221642255783081,""tmax"":35.93671798706055,""topwt"":3123.404541015625,""totir"":45.0,""vstage"":18.0,""wtdep"":90.0,""xlai"":3.16969895362854}"
P0178,W0,heldout_wgen,heldout_wgen:1082,49,2008-07-30,44,3.0,0.8113986104726791,0.0268745422363281,45.0,40.0,mid,>0.50,<=0.05,0,"[1, 1, 1, 1, 1, 1, 1, 1, 1, 1, 1, 1, 1, 1, 1, 1]","[39.999996185302734,44.0,22.986906051635742,1.0550518035888672,0.0,3.0,0.026874542236328125,90.0,19.715784072875977,0.07896099984645844,0.1034810021519661,0.11628299951553345,0.1256999969482422,0.12772999703884125,0.0833590030670166,0.8113986253738403,38.70661163330078,4466.2451171875,45.0,21.0,90.0,3.3412957191467285]","{""cumsumfert"":39.999996185302734,""dap"":44.0,""dlayr"":5.0,""dtt"":22.986906051635742,""dul"":0.33000001311302185,""ep"":1.0550518035888672,""grnwt"":0.0,""istage"":3.0,""ll"":0.09000000357627869,""nstres"":0.026874542236328125,""rtdep"":90.0,""sat"":0.4599999785423279,""srad"":19.715784072875977,""sw"":0.07896099984645844,""swfac"":0.8113986104726791,""tmax"":38.70661163330078,""topwt"":4466.2451171875,""totir"":45.0,""vstage"":21.0,""wtdep"":90.0,""xlai"":3.3412957191467285}"
P0179,W0,heldout_wgen,heldout_wgen:1082,65,2008-08-15,60,4.0,0.2690128684043884,0.0,45.0,40.0,mid,"(0.25,0.50]",<=0.05,0,"[1, 1, 1, 1, 1, 1, 1, 1, 1, 1, 1, 1, 1, 1, 1, 1]","[39.999996185302734,60.0,23.561538696289062,2.041203737258911,0.0,4.0,0.0,90.0,12.02292537689209,0.44394800066947937,0.26633501052856445,0.13139399886131287,0.12334399670362473,0.12335900217294693,0.07877299934625626,0.2690128684043884,33.14845275878906,7509.58203125,45.0,24.0,90.0,3.1616642475128174]","{""cumsumfert"":39.999996185302734,""dap"":60.0,""dlayr"":5.0,""dtt"":23.561538696289062,""dul"":0.33000001311302185,""ep"":2.041203737258911,""grnwt"":0.0,""istage"":4.0,""ll"":0.09000000357627869,""nstres"":0.0,""rtdep"":90.0,""sat"":0.4599999785423279,""srad"":12.02292537689209,""sw"":0.44394800066947937,""swfac"":0.2690128684043884,""tmax"":33.14845275878906,""topwt"":7509.5819091796875,""totir"":45.0,""vstage"":24.0,""wtdep"":90.0,""xlai"":3.1616642475128174}"
P0180,W0,heldout_wgen,heldout_wgen:1084,81,2008-08-31,76,5.0,0.0,0.1407263278961181,45.0,40.0,late,<=0.05,"(0.05,0.25]",0,"[1, 1, 1, 1, 1, 1, 1, 1, 1, 1, 1, 1, 1, 1, 1, 1]","[39.999996185302734,76.0,15.726982116699219,1.567636489868164,3481.54248046875,5.0,0.14072632789611816,90.0,7.5844807624816895,0.36690300703048706,0.2961679995059967,0.30574798583984375,0.2622449994087219,0.16166600584983826,0.09433399885892868,0.0,27.158676147460938,13337.607421875,45.0,25.0,90.0,3.312610387802124]","{""cumsumfert"":39.999996185302734,""dap"":76.0,""dlayr"":5.0,""dtt"":15.726982116699219,""dul"":0.33000001311302185,""ep"":1.567636489868164,""grnwt"":3481.5423583984375,""istage"":5.0,""ll"":0.09000000357627869,""nstres"":0.14072632789611816,""rtdep"":90.0,""sat"":0.4599999785423279,""srad"":7.5844807624816895,""sw"":0.36690300703048706,""swfac"":0.0,""tmax"":27.158676147460938,""topwt"":13337.607421875,""totir"":45.0,""vstage"":25.0,""wtdep"":90.0,""xlai"":3.312610387802124}"
P0181,W0,heldout_wgen,heldout_wgen:1085,17,2008-06-28,12,1.0,0.0,0.0,45.0,40.0,early,<=0.05,<=0.05,0,"[1, 1, 1, 1, 1, 1, 1, 1, 1, 1, 1, 1, 0, 0, 0, 0]","[39.999996185302734,12.0,21.446880340576172,0.11820308119058609,0.0,1.0,0.0,30.561885833740234,12.321690559387207,0.39440199732780457,0.3267279863357544,0.2934429943561554,0.170973002910614,0.1548279970884323,0.1478559970855713,0.0,33.45854568481445,40.25199508666992,45.0,5.0,90.0,0.08028353005647659]","{""cumsumfert"":39.999996185302734,""dap"":12.0,""dlayr"":5.0,""dtt"":21.446880340576172,""dul"":0.33000001311302185,""ep"":0.11820308119058609,""grnwt"":0.0,""istage"":1.0,""ll"":0.09000000357627869,""nstres"":0.0,""rtdep"":30.561885833740234,""sat"":0.4599999785423279,""srad"":12.321690559387207,""sw"":0.39440199732780457,""swfac"":0.0,""tmax"":33.45854568481445,""topwt"":40.251994132995605,""totir"":45.0,""vstage"":5.0,""wtdep"":90.0,""xlai"":0.08028353005647659}"
P0182,W0,heldout_wgen,heldout_wgen:1085,32,2008-07-13,27,3.0,0.0,0.0,45.0,40.0,early,<=0.05,<=0.05,0,"[1, 1, 1, 1, 1, 1, 1, 1, 1, 1, 1, 1, 0, 0, 0, 0]","[39.999996185302734,27.0,22.43026351928711,2.448922634124756,0.0,3.0,0.0,77.18382263183594,15.559252738952637,0.3751150071620941,0.44502899050712585,0.4607970118522644,0.42960798740386963,0.1980230063199997,0.14617200195789337,0.0,36.26754379272461,804.9329223632812,45.0,12.0,90.0,1.245938777923584]","{""cumsumfert"":39.999996185302734,""dap"":27.0,""dlayr"":5.0,""dtt"":22.43026351928711,""dul"":0.33000001311302185,""ep"":2.448922634124756,""grnwt"":0.0,""istage"":3.0,""ll"":0.09000000357627869,""nstres"":0.0,""rtdep"":77.18382263183594,""sat"":0.4599999785423279,""srad"":15.559252738952637,""sw"":0.3751150071620941,""swfac"":0.0,""tmax"":36.26754379272461,""topwt"":804.9329376220703,""totir"":45.0,""vstage"":12.0,""wtdep"":90.0,""xlai"":1.245938777923584}"
P0183,W0,heldout_wgen,heldout_wgen:1085,97,2008-09-16,92,6.0,0.0,0.2983729839324951,45.0,40.0,late,<=0.05,"(0.25,0.50]",0,"[1, 0, 0, 0, 1, 0, 0, 0, 1, 0, 0, 0, 1, 0, 0, 0]","[39.999996185302734,92.0,8.128082275390625,0.648242712020874,6686.45703125,6.0,0.2983729839324951,90.0,4.928690433502197,0.44601500034332275,0.4525560140609741,0.44428300857543945,0.3673489987850189,0.34963300824165344,0.15331999957561493,0.0,17.898452758789062,13662.92578125,45.0,23.0,90.0,1.4930211305618286]","{""cumsumfert"":39.999996185302734,""dap"":92.0,""dlayr"":5.0,""dtt"":8.128082275390625,""dul"":0.33000001311302185,""ep"":0.648242712020874,""grnwt"":6686.4569091796875,""istage"":6.0,""ll"":0.09000000357627869,""nstres"":0.2983729839324951,""rtdep"":90.0,""sat"":0.4599999785423279,""srad"":4.928690433502197,""sw"":0.44601500034332275,""swfac"":0.0,""tmax"":17.898452758789062,""topwt"":13662.926025390625,""totir"":45.0,""vstage"":23.0,""wtdep"":90.0,""xlai"":1.4930211305618286}"
P0184,W0,heldout_wgen,heldout_wgen:1088,77,2008-08-27,72,5.0,0.0,0.0,45.0,40.0,late,<=0.05,<=0.05,0,"[1, 1, 1, 1, 1, 1, 1, 1, 1, 1, 1, 1, 1, 1, 1, 1]","[39.999996185302734,72.0,10.992584228515625,3.479954719543457,1747.6036376953125,5.0,0.0,90.0,17.925264358520508,0.41662201285362244,0.4111199975013733,0.41221699118614197,0.45101800560951233,0.39664900302886963,0.39721399545669556,0.0,25.550264358520508,10422.9189453125,45.0,23.0,90.0,3.6159462928771973]","{""cumsumfert"":39.999996185302734,""dap"":72.0,""dlayr"":5.0,""dtt"":10.992584228515625,""dul"":0.33000001311302185,""ep"":3.479954719543457,""grnwt"":1747.6036071777344,""istage"":5.0,""ll"":0.09000000357627869,""nstres"":0.0,""rtdep"":90.0,""sat"":0.4599999785423279,""srad"":17.925264358520508,""sw"":0.41662201285362244,""swfac"":0.0,""tmax"":25.550264358520508,""topwt"":10422.918701171875,""totir"":45.0,""vstage"":23.0,""wtdep"":90.0,""xlai"":3.6159462928771973}"
P0185,W0,heldout_wgen,heldout_wgen:1088,83,2008-09-02,78,5.0,0.0,0.0495904088020324,45.0,40.0,late,<=0.05,<=0.05,0,"[1, 1, 1, 1, 1, 1, 1, 1, 1, 1, 1, 1, 1, 1, 1, 1]","[39.999996185302734,78.0,12.805110931396484,4.3890767097473145,2808.412109375,5.0,0.04959040880203247,90.0,22.17136001586914,0.3992049992084503,0.42303499579429626,0.45037001371383667,0.4950200021266937,0.39452001452445984,0.3954089879989624,0.0,27.098983764648438,11483.728515625,45.0,23.0,90.0,3.315399408340454]","{""cumsumfert"":39.999996185302734,""dap"":78.0,""dlayr"":5.0,""dtt"":12.805110931396484,""dul"":0.33000001311302185,""ep"":4.3890767097473145,""grnwt"":2808.4121704101562,""istage"":5.0,""ll"":0.09000000357627869,""nstres"":0.04959040880203247,""rtdep"":90.0,""sat"":0.4599999785423279,""srad"":22.17136001586914,""sw"":0.3992049992084503,""swfac"":0.0,""tmax"":27.098983764648438,""topwt"":11483.72802734375,""totir"":45.0,""vstage"":23.0,""wtdep"":90.0,""xlai"":3.315399408340454}"
P0186,W0,heldout_wgen,heldout_wgen:1089,106,2008-09-25,101,5.0,0.0,0.4449785947799682,45.0,40.0,late,<=0.05,"(0.25,0.50]",0,"[1, 0, 0, 0, 1, 0, 0, 0, 1, 0, 0, 0, 1, 0, 0, 0]","[39.999996185302734,101.0,7.713129997253418,0.6907033324241638,7296.58447265625,5.0,0.44497859477996826,90.0,4.5950517654418945,0.4242349863052368,0.33915698528289795,0.2883659899234772,0.26715999841690063,0.21986199915409088,0.0955979973077774,0.0,18.09626007080078,15962.7548828125,45.0,24.0,90.0,1.9799405336380005]","{""cumsumfert"":39.999996185302734,""dap"":101.0,""dlayr"":5.0,""dtt"":7.713129997253418,""dul"":0.33000001311302185,""ep"":0.6907033324241638,""grnwt"":7296.58447265625,""istage"":5.0,""ll"":0.09000000357627869,""nstres"":0.44497859477996826,""rtdep"":90.0,""sat"":0.4599999785423279,""srad"":4.5950517654418945,""sw"":0.4242349863052368,""swfac"":0.0,""tmax"":18.09626007080078,""topwt"":15962.755126953125,""totir"":45.0,""vstage"":24.0,""wtdep"":90.0,""xlai"":1.9799405336380005}"
P0187,W0,heldout_wgen,heldout_wgen:1089,108,2008-09-27,103,6.0,0.0,0.4549015164375305,45.0,40.0,late,<=0.05,"(0.25,0.50]",0,"[1, 0, 0, 0, 1, 0, 0, 0, 1, 0, 0, 0, 1, 0, 0, 0]","[39.999996185302734,103.0,7.662236213684082,1.3176517486572266,7515.30712890625,6.0,0.4549015164375305,90.0,8.850298881530762,0.37961700558662415,0.31049999594688416,0.3014110028743744,0.2672789990901947,0.21898099780082703,0.09597399830818176,0.0,22.66490936279297,16017.439453125,45.0,24.0,90.0,1.9099935293197632]","{""cumsumfert"":39.999996185302734,""dap"":103.0,""dlayr"":5.0,""dtt"":7.662236213684082,""dul"":0.33000001311302185,""ep"":1.3176517486572266,""grnwt"":7515.3070068359375,""istage"":6.0,""ll"":0.09000000357627869,""nstres"":0.4549015164375305,""rtdep"":90.0,""sat"":0.4599999785423279,""srad"":8.850298881530762,""sw"":0.37961700558662415,""swfac"":0.0,""tmax"":22.66490936279297,""topwt"":16017.43896484375,""totir"":45.0,""vstage"":24.0,""wtdep"":90.0,""xlai"":1.9099935293197632}"
P0188,W0,heldout_wgen,heldout_wgen:1090,67,2008-08-17,62,4.0,0.0,0.0516747236251831,45.0,40.0,mid,<=0.05,"(0.05,0.25]",0,"[1, 1, 1, 1, 1, 1, 1, 1, 1, 1, 1, 1, 1, 1, 1, 1]","[39.999996185302734,62.0,15.625850677490234,3.4000792503356934,0.0,4.0,0.051674723625183105,90.0,15.925410270690918,0.4356890022754669,0.444009006023407,0.47377198934555054,0.5190860033035278,0.49825799465179443,0.17266300320625305,0.0,29.028854370117188,9218.5322265625,45.0,24.0,90.0,3.804302930831909]","{""cumsumfert"":39.999996185302734,""dap"":62.0,""dlayr"":5.0,""dtt"":15.625850677490234,""dul"":0.33000001311302185,""ep"":3.4000792503356934,""grnwt"":0.0,""istage"":4.0,""ll"":0.09000000357627869,""nstres"":0.051674723625183105,""rtdep"":90.0,""sat"":0.4599999785423279,""srad"":15.925410270690918,""sw"":0.4356890022754669,""swfac"":0.0,""tmax"":29.028854370117188,""topwt"":9218.532104492188,""totir"":45.0,""vstage"":24.0,""wtdep"":90.0,""xlai"":3.804302930831909}"
P0189,W0,heldout_wgen,heldout_wgen:1090,100,2008-09-19,95,6.0,0.0,0.2886500954627991,45.0,40.0,late,<=0.05,"(0.25,0.50]",0,"[1, 0, 0, 0, 1, 0, 0, 0, 1, 0, 0, 0, 1, 0, 0, 0]","[39.999996185302734,95.0,13.284931182861328,3.2850539684295654,6068.9990234375,6.0,0.2886500954627991,90.0,20.03386878967285,0.30091801285743713,0.3671329915523529,0.34324198961257935,0.3344779908657074,0.30746299028396606,0.2802329957485199,0.0,27.702905654907227,15128.8779296875,45.0,24.0,90.0,1.8544206619262695]","{""cumsumfert"":39.999996185302734,""dap"":95.0,""dlayr"":5.0,""dtt"":13.284931182861328,""dul"":0.33000001311302185,""ep"":3.2850539684295654,""grnwt"":6068.9990234375,""istage"":6.0,""ll"":0.09000000357627869,""nstres"":0.2886500954627991,""rtdep"":90.0,""sat"":0.4599999785423279,""srad"":20.03386878967285,""sw"":0.30091801285743713,""swfac"":0.0,""tmax"":27.702905654907227,""topwt"":15128.878173828125,""totir"":45.0,""vstage"":24.0,""wtdep"":90.0,""xlai"":1.8544206619262695}"
P0190,W0,heldout_wgen,heldout_wgen:1091,103,2008-09-22,98,5.0,0.0,0.5098183751106262,45.0,40.0,late,<=0.05,>0.50,0,"[1, 0, 0, 0, 1, 0, 0, 0, 1, 0, 0, 0, 1, 0, 0, 0]","[39.999996185302734,98.0,16.629642486572266,2.2300641536712646,7829.1201171875,5.0,0.5098183751106262,90.0,12.672067642211914,0.0671830028295517,0.10320000350475311,0.12418700009584427,0.13519500195980072,0.13427899777889252,0.08133800327777863,0.0,31.99823570251465,16876.015625,45.0,25.0,90.0,1.8487926721572876]","{""cumsumfert"":39.999996185302734,""dap"":98.0,""dlayr"":5.0,""dtt"":16.629642486572266,""dul"":0.33000001311302185,""ep"":2.2300641536712646,""grnwt"":7829.119873046875,""istage"":5.0,""ll"":0.09000000357627869,""nstres"":0.5098183751106262,""rtdep"":90.0,""sat"":0.4599999785423279,""srad"":12.672067642211914,""sw"":0.0671830028295517,""swfac"":0.0,""tmax"":31.99823570251465,""topwt"":16876.015625,""totir"":45.0,""vstage"":25.0,""wtdep"":90.0,""xlai"":1.8487926721572876}"
P0191,W0,heldout_wgen,heldout_wgen:1091,104,2008-09-23,99,5.0,0.1017912030220031,0.5241997838020325,45.0,40.0,late,"(0.05,0.25]",>0.50,0,"[1, 0, 0, 0, 1, 0, 0, 0, 1, 0, 0, 0, 1, 0, 0, 0]","[39.999996185302734,99.0,15.808515548706055,1.9207236766815186,8053.5126953125,5.0,0.5241997838020325,90.0,12.58642578125,0.05998700112104416,0.09997399896383286,0.1212100014090538,0.13258300721645355,0.13223999738693237,0.07976499944925308,0.10179120302200317,30.670516967773438,16988.328125,45.0,25.0,90.0,1.7775987386703491]","{""cumsumfert"":39.999996185302734,""dap"":99.0,""dlayr"":5.0,""dtt"":15.808515548706055,""dul"":0.33000001311302185,""ep"":1.9207236766815186,""grnwt"":8053.5125732421875,""istage"":5.0,""ll"":0.09000000357627869,""nstres"":0.5241997838020325,""rtdep"":90.0,""sat"":0.4599999785423279,""srad"":12.58642578125,""sw"":0.05998700112104416,""swfac"":0.10179120302200317,""tmax"":30.670516967773438,""topwt"":16988.328857421875,""totir"":45.0,""vstage"":25.0,""wtdep"":90.0,""xlai"":1.7775987386703491}"
P0192,W0,heldout_wgen,heldout_wgen:1091,105,2008-09-24,100,5.0,0.0641219019889831,0.544619083404541,45.0,40.0,late,"(0.05,0.25]",>0.50,0,"[1, 0, 0, 0, 1, 0, 0, 0, 1, 0, 0, 0, 1, 0, 0, 0]","[39.999996185302734,100.0,12.422964096069336,1.5274641513824463,8126.48974609375,5.0,0.544619083404541,90.0,10.608979225158691,0.3666119873523712,0.09848800301551819,0.11894900351762772,0.13051800429821014,0.13054099678993225,0.07842600345611572,0.06412190198898315,23.38510513305664,17043.75390625,45.0,25.0,90.0,1.7076339721679688]","{""cumsumfert"":39.999996185302734,""dap"":100.0,""dlayr"":5.0,""dtt"":12.422964096069336,""dul"":0.33000001311302185,""ep"":1.5274641513824463,""grnwt"":8126.4898681640625,""istage"":5.0,""ll"":0.09000000357627869,""nstres"":0.544619083404541,""rtdep"":90.0,""sat"":0.4599999785423279,""srad"":10.608979225158691,""sw"":0.3666119873523712,""swfac"":0.06412190198898315,""tmax"":23.38510513305664,""topwt"":17043.7548828125,""totir"":45.0,""vstage"":25.0,""wtdep"":90.0,""xlai"":1.7076339721679688}"
P0193,W0,heldout_wgen,heldout_wgen:1091,107,2008-09-26,102,6.0,0.0,0.5242430567741394,45.0,40.0,late,<=0.05,>0.50,0,"[1, 0, 0, 0, 1, 0, 0, 0, 1, 0, 0, 0, 1, 0, 0, 0]","[39.999996185302734,102.0,12.735122680664062,2.760474920272827,8126.48974609375,6.0,0.5242430567741394,90.0,17.58557891845703,0.3167099952697754,0.12624099850654602,0.11819200217723846,0.1295270025730133,0.1296820044517517,0.07776500284671783,0.0,26.86324691772461,17043.75390625,45.0,25.0,90.0,1.7076339721679688]","{""cumsumfert"":39.999996185302734,""dap"":102.0,""dlayr"":5.0,""dtt"":12.735122680664062,""dul"":0.33000001311302185,""ep"":2.760474920272827,""grnwt"":8126.4898681640625,""istage"":6.0,""ll"":0.09000000357627869,""nstres"":0.5242430567741394,""rtdep"":90.0,""sat"":0.4599999785423279,""srad"":17.58557891845703,""sw"":0.3167099952697754,""swfac"":0.0,""tmax"":26.86324691772461,""topwt"":17043.7548828125,""totir"":45.0,""vstage"":25.0,""wtdep"":90.0,""xlai"":1.7076339721679688}"
P0194,W0,heldout_wgen,heldout_wgen:1091,108,2008-09-27,103,6.0,0.0,0.5242430567741394,45.0,40.0,late,<=0.05,>0.50,0,"[1, 0, 0, 0, 1, 0, 0, 0, 1, 0, 0, 0, 1, 0, 0, 0]","[39.999996185302734,103.0,12.193819046020508,1.6945351362228394,8126.48974609375,6.0,0.5242430567741394,90.0,10.894180297851562,0.2576960027217865,0.13280600309371948,0.11814700067043304,0.12919600307941437,0.1293880045413971,0.07754199951887131,0.0,28.132343292236328,17043.75390625,45.0,25.0,90.0,1.7076339721679688]","{""cumsumfert"":39.999996185302734,""dap"":103.0,""dlayr"":5.0,""dtt"":12.193819046020508,""dul"":0.33000001311302185,""ep"":1.6945351362228394,""grnwt"":8126.4898681640625,""istage"":6.0,""ll"":0.09000000357627869,""nstres"":0.5242430567741394,""rtdep"":90.0,""sat"":0.4599999785423279,""srad"":10.894180297851562,""sw"":0.2576960027217865,""swfac"":0.0,""tmax"":28.132343292236328,""topwt"":17043.7548828125,""totir"":45.0,""vstage"":25.0,""wtdep"":90.0,""xlai"":1.7076339721679688}"
P0195,W0,heldout_wgen,heldout_wgen:1095,53,2008-08-03,48,3.0,0.0,0.086819052696228,45.0,40.0,mid,<=0.05,"(0.05,0.25]",0,"[1, 1, 1, 1, 1, 1, 1, 1, 1, 1, 1, 1, 1, 1, 1, 1]","[39.999996185302734,48.0,21.273826599121094,2.030825614929199,0.0,3.0,0.08681905269622803,90.0,8.562155723571777,0.4501340091228485,0.43105900287628174,0.276078999042511,0.26674801111221313,0.2532530128955841,0.14848999679088593,0.0,31.980390548706055,6055.9580078125,45.0,23.0,90.0,4.2057905197143555]","{""cumsumfert"":39.999996185302734,""dap"":48.0,""dlayr"":5.0,""dtt"":21.273826599121094,""dul"":0.33000001311302185,""ep"":2.030825614929199,""grnwt"":0.0,""istage"":3.0,""ll"":0.09000000357627869,""nstres"":0.08681905269622803,""rtdep"":90.0,""sat"":0.4599999785423279,""srad"":8.562155723571777,""sw"":0.4501340091228485,""swfac"":0.0,""tmax"":31.980390548706055,""topwt"":6055.958251953125,""totir"":45.0,""vstage"":23.0,""wtdep"":90.0,""xlai"":4.2057905197143555}"
P0196,W0,heldout_wgen,heldout_wgen:1095,68,2008-08-18,63,4.0,0.0,0.0604820251464843,45.0,40.0,mid,<=0.05,"(0.05,0.25]",0,"[1, 1, 1, 1, 1, 1, 1, 1, 1, 1, 1, 1, 1, 1, 1, 1]","[39.999996185302734,63.0,20.53415870666504,5.30521297454834,0.0,4.0,0.060482025146484375,90.0,22.882404327392578,0.34446099400520325,0.36458098888397217,0.3337230086326599,0.317454993724823,0.2764190137386322,0.11379300057888031,0.0,32.514320373535156,9773.7021484375,45.0,24.0,90.0,3.801241397857666]","{""cumsumfert"":39.999996185302734,""dap"":63.0,""dlayr"":5.0,""dtt"":20.53415870666504,""dul"":0.33000001311302185,""ep"":5.30521297454834,""grnwt"":0.0,""istage"":4.0,""ll"":0.09000000357627869,""nstres"":0.060482025146484375,""rtdep"":90.0,""sat"":0.4599999785423279,""srad"":22.882404327392578,""sw"":0.34446099400520325,""swfac"":0.0,""tmax"":32.514320373535156,""topwt"":9773.701782226562,""totir"":45.0,""vstage"":24.0,""wtdep"":90.0,""xlai"":3.801241397857666}"
P0197,W0,heldout_wgen,heldout_wgen:1096,60,2008-08-10,55,3.0,0.0,0.1612954139709472,45.0,40.0,mid,<=0.05,"(0.05,0.25]",0,"[1, 1, 1, 1, 1, 1, 1, 1, 1, 1, 1, 1, 1, 1, 1, 1]","[39.999996185302734,55.0,16.62664794921875,3.014291524887085,0.0,3.0,0.16129541397094727,90.0,13.767376899719238,0.4201509952545166,0.357371985912323,0.3214010000228882,0.21597999334335327,0.15165400505065918,0.0957380011677742,0.0,27.642274856567383,8509.25,45.0,25.0,90.0,4.19379186630249]","{""cumsumfert"":39.999996185302734,""dap"":55.0,""dlayr"":5.0,""dtt"":16.62664794921875,""dul"":0.33000001311302185,""ep"":3.014291524887085,""grnwt"":0.0,""istage"":3.0,""ll"":0.09000000357627869,""nstres"":0.16129541397094727,""rtdep"":90.0,""sat"":0.4599999785423279,""srad"":13.767376899719238,""sw"":0.4201509952545166,""swfac"":0.0,""tmax"":27.642274856567383,""topwt"":8509.25048828125,""totir"":45.0,""vstage"":25.0,""wtdep"":90.0,""xlai"":4.19379186630249}"
P0198,W0,heldout_wgen,heldout_wgen:1097,1,2008-06-12,0,7.0,0.1500000059604644,0.0,45.0,40.0,early,"(0.05,0.25]",<=0.05,0,"[1, 1, 1, 1, 1, 1, 1, 1, 1, 1, 1, 1, 1, 1, 1, 1]","[0.0,0.0,0.0,0.0,0.0,7.0,0.0,0.0,16.942745208740234,0.15000000596046448,0.15000000596046448,0.15000000596046448,0.15000000596046448,0.15000000596046448,0.15000000596046448,0.0,32.148773193359375,0.0,0.0,0.0,0.0,0.0]","{""cumsumfert"":0.0,""dap"":0.0,""dtt"":0.0,""ep"":0.0,""grnwt"":0.0,""istage"":7.0,""nstres"":0.0,""rtdep"":0.0,""srad"":16.942745208740234,""sw"":0.15000000596046448,""swfac"":0.15000000596046448,""tmax"":0.15000000596046448,""topwt"":0.15000000596046448,""totir"":0.15000000596046448,""vstage"":0.15000000596046448,""wtdep"":0.0,""xlai"":32.148773193359375}"
P0199,W0,heldout_wgen,heldout_wgen:1098,94,2008-09-13,89,5.0,0.0,0.1403154134750366,45.0,40.0,late,<=0.05,"(0.05,0.25]",0,"[1, 1, 1, 1, 1, 1, 1, 1, 1, 1, 1, 1, 1, 1, 1, 1]","[39.999996185302734,89.0,13.51025390625,0.9587400555610657,4528.80078125,5.0,0.14031541347503662,90.0,5.036988258361816,0.44405099749565125,0.44853800535202026,0.47987300157546997,0.5236510038375854,0.4045960009098053,0.1104779988527298,0.0,23.624929428100586,13349.677734375,45.0,24.0,90.0,2.7794947624206543]","{""cumsumfert"":39.999996185302734,""dap"":89.0,""dlayr"":5.0,""dtt"":13.51025390625,""dul"":0.33000001311302185,""ep"":0.9587400555610657,""grnwt"":4528.8006591796875,""istage"":5.0,""ll"":0.09000000357627869,""nstres"":0.14031541347503662,""rtdep"":90.0,""sat"":0.4599999785423279,""srad"":5.036988258361816,""sw"":0.44405099749565125,""swfac"":0.0,""tmax"":23.624929428100586,""topwt"":13349.677734375,""totir"":45.0,""vstage"":24.0,""wtdep"":90.0,""xlai"":2.7794947624206543}"
P0200,W0,heldout_wgen,heldout_wgen:1099,101,2008-09-20,96,5.0,0.2089229226112365,0.4052910804748535,45.0,40.0,late,"(0.05,0.25]","(0.25,0.50]",0,"[1, 0, 0, 0, 1, 0, 0, 0, 1, 0, 0, 0, 1, 0, 0, 0]","[39.999996185302734,96.0,14.049680709838867,2.7628328800201416,7226.46728515625,5.0,0.4052910804748535,90.0,20.27457046508789,0.07467100024223328,0.10377299785614014,0.12551000714302063,0.13721700012683868,0.13608099520206451,0.08347000181674957,0.20892292261123657,28.553895950317383,15408.51171875,45.0,25.0,90.0,1.9615675210952759]","{""cumsumfert"":39.999996185302734,""dap"":96.0,""dlayr"":5.0,""dtt"":14.049680709838867,""dul"":0.33000001311302185,""ep"":2.7628328800201416,""grnwt"":7226.46728515625,""istage"":5.0,""ll"":0.09000000357627869,""nstres"":0.4052910804748535,""rtdep"":90.0,""sat"":0.4599999785423279,""srad"":20.27457046508789,""sw"":0.07467100024223328,""swfac"":0.20892292261123657,""tmax"":28.553895950317383,""topwt"":15408.511962890625,""totir"":45.0,""vstage"":25.0,""wtdep"":90.0,""xlai"":1.9615675210952759}"
P0201,W0,heldout_wgen,heldout_wgen:1099,104,2008-09-23,99,6.0,0.3753587007522583,0.4592795372009277,45.0,40.0,late,"(0.25,0.50]","(0.25,0.50]",0,"[1, 0, 0, 0, 1, 0, 0, 0, 1, 0, 0, 0, 1, 0, 0, 0]","[39.999996185302734,99.0,9.453117370605469,1.477221131324768,7226.46728515625,6.0,0.45927953720092773,90.0,15.465193748474121,0.05988699942827225,0.09777200222015381,0.11969000101089478,0.131849005818367,0.13182300329208374,0.08018600195646286,0.3753587007522583,23.000852584838867,15408.51171875,45.0,25.0,90.0,1.9615675210952759]","{""cumsumfert"":39.999996185302734,""dap"":99.0,""dlayr"":5.0,""dtt"":9.453117370605469,""dul"":0.33000001311302185,""ep"":1.477221131324768,""grnwt"":7226.46728515625,""istage"":6.0,""ll"":0.09000000357627869,""nstres"":0.45927953720092773,""rtdep"":90.0,""sat"":0.4599999785423279,""srad"":15.465193748474121,""sw"":0.05988699942827225,""swfac"":0.3753587007522583,""tmax"":23.000852584838867,""topwt"":15408.511962890625,""totir"":45.0,""vstage"":25.0,""wtdep"":90.0,""xlai"":1.9615675210952759}"
P0202,W0,heldout_wgen,heldout_wgen:1099,105,2008-09-24,100,6.0,0.5293612480163574,0.4592795372009277,45.0,40.0,late,>0.50,"(0.25,0.50]",0,"[1, 0, 0, 0, 1, 0, 0, 0, 1, 0, 0, 0, 1, 0, 0, 0]","[39.999996185302734,100.0,11.474483489990234,1.2440663576126099,7226.46728515625,6.0,0.45927953720092773,90.0,16.600414276123047,0.059824999421834946,0.0960329994559288,0.11791399866342545,0.13015300035476685,0.13038699328899384,0.07903999835252762,0.5293612480163574,24.71310806274414,15408.51171875,45.0,25.0,90.0,1.9615675210952759]","{""cumsumfert"":39.999996185302734,""dap"":100.0,""dlayr"":5.0,""dtt"":11.474483489990234,""dul"":0.33000001311302185,""ep"":1.2440663576126099,""grnwt"":7226.46728515625,""istage"":6.0,""ll"":0.09000000357627869,""nstres"":0.45927953720092773,""rtdep"":90.0,""sat"":0.4599999785423279,""srad"":16.600414276123047,""sw"":0.059824999421834946,""swfac"":0.5293612480163574,""tmax"":24.71310806274414,""topwt"":15408.511962890625,""totir"":45.0,""vstage"":25.0,""wtdep"":90.0,""xlai"":1.9615675210952759}"
P0203,W0,heldout_wgen,heldout_wgen:1100,54,2008-08-04,49,3.0,0.0,0.0719499588012695,45.0,40.0,mid,<=0.05,"(0.05,0.25]",0,"[1, 1, 1, 1, 1, 1, 1, 1, 1, 1, 1, 1, 1, 1, 1, 1]","[39.999996185302734,49.0,18.610668182373047,3.6452693939208984,0.0,3.0,0.07194995880126953,90.0,15.987591743469238,0.3965570032596588,0.41643500328063965,0.442220002412796,0.41561201214790344,0.3617030084133148,0.16042600572109222,0.0,31.295949935913086,6328.525390625,45.0,24.0,90.0,4.2089643478393555]","{""cumsumfert"":39.999996185302734,""dap"":49.0,""dlayr"":5.0,""dtt"":18.610668182373047,""dul"":0.33000001311302185,""ep"":3.6452693939208984,""grnwt"":0.0,""istage"":3.0,""ll"":0.09000000357627869,""nstres"":0.07194995880126953,""rtdep"":90.0,""sat"":0.4599999785423279,""srad"":15.987591743469238,""sw"":0.3965570032596588,""swfac"":0.0,""tmax"":31.295949935913086,""topwt"":6328.525390625,""totir"":45.0,""vstage"":24.0,""wtdep"":90.0,""xlai"":4.2089643478393555}"
P0204,W0,heldout_wgen,heldout_wgen:1100,63,2008-08-13,58,4.0,0.0,0.0724779367446899,45.0,40.0,mid,<=0.05,"(0.05,0.25]",0,"[1, 1, 1, 1, 1, 1, 1, 1, 1, 1, 1, 1, 1, 1, 1, 1]","[39.999996185302734,58.0,21.19379425048828,4.35648250579834,0.0,4.0,0.07247793674468994,90.0,18.31877326965332,0.4270710051059723,0.43542999029159546,0.4559909999370575,0.3994620144367218,0.3607510030269623,0.16195499897003174,0.0,33.73258590698242,8351.9765625,45.0,24.0,90.0,4.066614151000977]","{""cumsumfert"":39.999996185302734,""dap"":58.0,""dlayr"":5.0,""dtt"":21.19379425048828,""dul"":0.33000001311302185,""ep"":4.35648250579834,""grnwt"":0.0,""istage"":4.0,""ll"":0.09000000357627869,""nstres"":0.07247793674468994,""rtdep"":90.0,""sat"":0.4599999785423279,""srad"":18.31877326965332,""sw"":0.4270710051059723,""swfac"":0.0,""tmax"":33.73258590698242,""topwt"":8351.976318359375,""totir"":45.0,""vstage"":24.0,""wtdep"":90.0,""xlai"":4.066614151000977}"
P0205,W0,observed_weather,observed_weather:2014,52,2014-08-03,47,3.0,0.3601442575454712,0.1187682747840881,45.0,40.0,mid,"(0.25,0.50]","(0.05,0.25]",0,"[1, 1, 1, 1, 1, 1, 1, 1, 1, 1, 1, 1, 1, 1, 1, 1]","[39.999996185302734,47.0,20.81689453125,3.320321559906006,0.0,3.0,0.11876827478408813,90.0,21.399999618530273,0.09170199930667877,0.10174199938774109,0.1253190040588379,0.13726399838924408,0.1366170048713684,0.09023500233888626,0.3601442575454712,35.29999923706055,6171.4619140625,45.0,22.0,90.0,4.299556732177734]","{""cumsumfert"":39.999996185302734,""dap"":47.0,""dlayr"":5.0,""dtt"":20.81689453125,""dul"":0.33000001311302185,""ep"":3.320321559906006,""grnwt"":0.0,""istage"":3.0,""ll"":0.09000000357627869,""nstres"":0.11876827478408813,""rtdep"":90.0,""sat"":0.4599999785423279,""srad"":21.399999618530273,""sw"":0.09170199930667877,""swfac"":0.3601442575454712,""tmax"":35.29999923706055,""topwt"":6171.4617919921875,""totir"":45.0,""vstage"":22.0,""wtdep"":90.0,""xlai"":4.299556732177734}"
P0206,W0,observed_weather,observed_weather:2014,54,2014-08-05,49,3.0,0.1750505566596985,0.1363965272903442,45.0,40.0,mid,"(0.05,0.25]","(0.05,0.25]",0,"[1, 1, 1, 1, 1, 1, 1, 1, 1, 1, 1, 1, 1, 1, 1, 1]","[39.999996185302734,49.0,17.75,1.8242943286895752,0.0,3.0,0.13639652729034424,90.0,9.899999618530273,0.08409799635410309,0.09662400186061859,0.12028100341558456,0.13220399618148804,0.13171599805355072,0.08551699668169022,0.1750505566596985,29.799999237060547,6468.32080078125,45.0,23.0,90.0,4.192626476287842]","{""cumsumfert"":39.999996185302734,""dap"":49.0,""dlayr"":5.0,""dtt"":17.75,""dul"":0.33000001311302185,""ep"":1.8242943286895752,""grnwt"":0.0,""istage"":3.0,""ll"":0.09000000357627869,""nstres"":0.13639652729034424,""rtdep"":90.0,""sat"":0.4599999785423279,""srad"":9.899999618530273,""sw"":0.08409799635410309,""swfac"":0.1750505566596985,""tmax"":29.799999237060547,""topwt"":6468.3209228515625,""totir"":45.0,""vstage"":23.0,""wtdep"":90.0,""xlai"":4.192626476287842}"
P0207,W0,observed_weather,observed_weather:2014,56,2014-08-07,51,3.0,0.6865042150020599,0.1403267383575439,45.0,40.0,mid,>0.50,"(0.05,0.25]",0,"[1, 1, 1, 1, 1, 1, 1, 1, 1, 1, 1, 1, 1, 1, 1, 1]","[39.999996185302734,51.0,17.25,1.5497959852218628,0.0,3.0,0.14032673835754395,90.0,22.299999237060547,0.09801500290632248,0.09365800023078918,0.11694999784231186,0.12882100045681,0.12841199338436127,0.08239900320768356,0.6865042448043823,30.5,6648.919921875,45.0,24.0,90.0,4.020153999328613]","{""cumsumfert"":39.999996185302734,""dap"":51.0,""dlayr"":5.0,""dtt"":17.25,""dul"":0.33000001311302185,""ep"":1.5497959852218628,""grnwt"":0.0,""istage"":3.0,""ll"":0.09000000357627869,""nstres"":0.14032673835754395,""rtdep"":90.0,""sat"":0.4599999785423279,""srad"":22.299999237060547,""sw"":0.09801500290632248,""swfac"":0.6865042150020599,""tmax"":30.5,""topwt"":6648.919677734375,""totir"":45.0,""vstage"":24.0,""wtdep"":90.0,""xlai"":4.020153999328613}"
P0208,W0,observed_weather,observed_weather:2014,61,2014-08-12,56,4.0,0.8634036779403687,0.130134105682373,45.0,40.0,mid,>0.50,"(0.05,0.25]",0,"[1, 1, 1, 1, 1, 1, 1, 1, 1, 1, 1, 1, 1, 1, 1, 1]","[39.999996185302734,56.0,17.5,0.6854075193405151,0.0,4.0,0.13013410568237305,90.0,23.100000381469727,0.05962499976158142,0.09001599997282028,0.11137499660253525,0.12309300154447556,0.12280800193548203,0.07703500241041183,0.8634036779403687,32.900001525878906,6881.5625,45.0,24.0,90.0,3.3415725231170654]","{""cumsumfert"":39.999996185302734,""dap"":56.0,""dlayr"":5.0,""dtt"":17.5,""dul"":0.33000001311302185,""ep"":0.6854075193405151,""grnwt"":0.0,""istage"":4.0,""ll"":0.09000000357627869,""nstres"":0.13013410568237305,""rtdep"":90.0,""sat"":0.4599999785423279,""srad"":23.100000381469727,""sw"":0.05962499976158142,""swfac"":0.8634036779403687,""tmax"":32.900001525878906,""topwt"":6881.5625,""totir"":45.0,""vstage"":24.0,""wtdep"":90.0,""xlai"":3.3415725231170654}"
P0209,W0,observed_weather,observed_weather:2014,63,2014-08-14,58,4.0,0.889621302485466,0.1162811517715454,45.0,40.0,mid,>0.50,"(0.05,0.25]",0,"[1, 1, 1, 1, 1, 1, 1, 1, 1, 1, 1, 1, 1, 1, 1, 1]","[39.999996185302734,58.0,16.850000381469727,0.5426900386810303,0.0,4.0,0.11628115177154541,90.0,25.0,0.12562499940395355,0.09000399708747864,0.10999999940395355,0.12142500281333923,0.12117599695920944,0.07547199726104736,0.8896213173866272,30.100000381469727,6899.66064453125,45.0,24.0,90.0,3.07505202293396]","{""cumsumfert"":39.999996185302734,""dap"":58.0,""dlayr"":5.0,""dtt"":16.850000381469727,""dul"":0.33000001311302185,""ep"":0.5426900386810303,""grnwt"":0.0,""istage"":4.0,""ll"":0.09000000357627869,""nstres"":0.11628115177154541,""rtdep"":90.0,""sat"":0.4599999785423279,""srad"":25.0,""sw"":0.12562499940395355,""swfac"":0.889621302485466,""tmax"":30.100000381469727,""topwt"":6899.66064453125,""totir"":45.0,""vstage"":24.0,""wtdep"":90.0,""xlai"":3.07505202293396}"
P0210,W0,observed_weather,observed_weather:2014,64,2014-08-15,59,4.0,0.6301925182342529,0.1085470914840698,45.0,40.0,mid,>0.50,"(0.05,0.25]",0,"[1, 1, 1, 1, 1, 1, 1, 1, 1, 1, 1, 1, 1, 1, 1, 1]","[39.999996185302734,59.0,16.450000762939453,1.53289794921875,0.0,4.0,0.10854709148406982,90.0,23.5,0.09000000357627869,0.09000000357627869,0.11000800132751465,0.12068299949169159,0.12044999748468399,0.07478000223636627,0.6301925182342529,31.100000381469727,7000.3984375,45.0,24.0,90.0,2.9781582355499268]","{""cumsumfert"":39.999996185302734,""dap"":59.0,""dlayr"":5.0,""dtt"":16.450000762939453,""dul"":0.33000001311302185,""ep"":1.53289794921875,""grnwt"":0.0,""istage"":4.0,""ll"":0.09000000357627869,""nstres"":0.10854709148406982,""rtdep"":90.0,""sat"":0.4599999785423279,""srad"":23.5,""sw"":0.09000000357627869,""swfac"":0.6301925182342529,""tmax"":31.100000381469727,""topwt"":7000.3985595703125,""totir"":45.0,""vstage"":24.0,""wtdep"":90.0,""xlai"":2.9781582355499268}"
P0211,W0,observed_weather,observed_weather:2014,92,2014-09-12,87,5.0,1.0,0.0,45.0,40.0,late,>0.50,<=0.05,0,"[1, 1, 1, 1, 1, 1, 1, 1, 1, 1, 1, 1, 1, 1, 1, 1]","[39.999996185302734,87.0,11.25,0.0,1833.7445068359375,5.0,0.0,90.0,8.800000190734863,0.1876250058412552,0.09000000357627869,0.10999999940395355,0.11999999731779099,0.119998998939991,0.07000000029802322,1.0,23.0,8940.228515625,45.0,24.0,90.00018310546875,1.0585087537765503]","{""cumsumfert"":39.999996185302734,""dap"":87.0,""dlayr"":5.0,""dtt"":11.25,""dul"":0.33000001311302185,""ep"":0.0,""grnwt"":1833.7445068359375,""istage"":5.0,""ll"":0.09000000357627869,""nstres"":0.0,""rtdep"":90.0,""sat"":0.4599999785423279,""srad"":8.800000190734863,""sw"":0.1876250058412552,""swfac"":1.0,""tmax"":23.0,""topwt"":8940.228271484375,""totir"":45.0,""vstage"":24.0,""wtdep"":90.00018310546875,""xlai"":1.0585087537765503}"
P0212,W0,observed_weather,observed_weather:2015,87,2015-09-07,82,5.0,0.3808856010437011,0.1646979451179504,45.0,40.0,late,"(0.25,0.50]","(0.05,0.25]",0,"[1, 1, 1, 1, 1, 1, 1, 1, 1, 1, 1, 1, 1, 1, 1, 1]","[39.999996185302734,82.0,11.600000381469727,2.419793128967285,3446.08837890625,5.0,0.16469794511795044,90.0,21.5,0.09000000357627869,0.10393700003623962,0.1205729991197586,0.13016200065612793,0.12948299944400787,0.07961300015449524,0.38088560104370117,27.899999618530273,13343.68359375,45.0,24.0,90.0,2.821899175643921]","{""cumsumfert"":39.999996185302734,""dap"":82.0,""dlayr"":5.0,""dtt"":11.600000381469727,""dul"":0.33000001311302185,""ep"":2.419793128967285,""grnwt"":3446.0882568359375,""istage"":5.0,""ll"":0.09000000357627869,""nstres"":0.16469794511795044,""rtdep"":90.0,""sat"":0.4599999785423279,""srad"":21.5,""sw"":0.09000000357627869,""swfac"":0.38088560104370117,""tmax"":27.899999618530273,""topwt"":13343.68408203125,""totir"":45.0,""vstage"":24.0,""wtdep"":90.0,""xlai"":2.821899175643921}"
P0213,W0,observed_weather,observed_weather:2015,88,2015-09-08,83,5.0,0.5208297967910767,0.1742013692855835,45.0,40.0,late,>0.50,"(0.05,0.25]",0,"[1, 1, 1, 1, 1, 1, 1, 1, 1, 1, 1, 1, 1, 1, 1, 1]","[39.999996185302734,83.0,14.5,1.5357742309570312,3601.448974609375,5.0,0.1742013692855835,90.0,16.5,0.07947299629449844,0.10005799680948257,0.11861000210046768,0.12841199338436127,0.12808699905872345,0.07827699929475784,0.5208297967910767,29.5,13489.083984375,45.0,24.0,90.0,2.748412609100342]","{""cumsumfert"":39.999996185302734,""dap"":83.0,""dlayr"":5.0,""dtt"":14.5,""dul"":0.33000001311302185,""ep"":1.5357742309570312,""grnwt"":3601.448974609375,""istage"":5.0,""ll"":0.09000000357627869,""nstres"":0.1742013692855835,""rtdep"":90.0,""sat"":0.4599999785423279,""srad"":16.5,""sw"":0.07947299629449844,""swfac"":0.5208297967910767,""tmax"":29.5,""topwt"":13489.08447265625,""totir"":45.0,""vstage"":24.0,""wtdep"":90.0,""xlai"":2.748412609100342}"
P0214,W0,observed_weather,observed_weather:2015,106,2015-09-26,101,5.0,0.962037082761526,0.2470207810401916,45.0,40.0,late,>0.50,"(0.05,0.25]",0,"[1, 0, 0, 0, 1, 0, 0, 0, 1, 0, 0, 0, 1, 0, 0, 0]","[39.999996185302734,101.0,12.100000381469727,0.02246573567390442,5869.6640625,5.0,0.24702078104019165,90.0,18.200000762939453,0.05962999910116196,0.09000000357627869,0.11000099778175354,0.11999999731779099,0.11999999731779099,0.07000000029802322,0.9620370864868164,29.899999618530273,14403.275390625,45.0,24.0,90.0,1.3291387557983398]","{""cumsumfert"":39.999996185302734,""dap"":101.0,""dlayr"":5.0,""dtt"":12.100000381469727,""dul"":0.33000001311302185,""ep"":0.02246573567390442,""grnwt"":5869.664306640625,""istage"":5.0,""ll"":0.09000000357627869,""nstres"":0.24702078104019165,""rtdep"":90.0,""sat"":0.4599999785423279,""srad"":18.200000762939453,""sw"":0.05962999910116196,""swfac"":0.9620370827615261,""tmax"":29.899999618530273,""topwt"":14403.275146484375,""totir"":45.0,""vstage"":24.0,""wtdep"":90.0,""xlai"":1.3291387557983398}"
P0215,W0,observed_weather,observed_weather:2016,2,2016-06-13,0,7.0,0.0,0.0,45.0,40.0,early,<=0.05,<=0.05,0,"[1, 0, 0, 0, 0, 0, 0, 0, 0, 0, 0, 0, 0, 0, 0, 0]","[39.999996185302734,0.0,0.0,0.0,0.0,7.0,0.0,0.0,17.399999618530273,0.36377501487731934,0.4416640102863312,0.1540990024805069,0.15007400512695312,0.15029799938201904,0.149850994348526,0.0,33.900001525878906,0.0,45.0,0.0,90.0,0.0]","{""cumsumfert"":39.999996185302734,""dap"":0.0,""dlayr"":5.0,""dtt"":0.0,""dul"":0.33000001311302185,""ep"":0.0,""grnwt"":0.0,""istage"":7.0,""ll"":0.09000000357627869,""nstres"":0.0,""rtdep"":0.0,""sat"":0.4599999785423279,""srad"":17.399999618530273,""sw"":0.36377501487731934,""swfac"":0.0,""tmax"":33.900001525878906,""topwt"":0.0,""totir"":45.0,""vstage"":0.0,""wtdep"":90.0,""xlai"":0.0}"
P0216,W0,observed_weather,observed_weather:2016,81,2016-08-31,76,5.0,0.3539586067199707,0.1055409908294677,45.0,40.0,late,"(0.25,0.50]","(0.05,0.25]",0,"[1, 1, 1, 1, 1, 1, 1, 1, 1, 1, 1, 1, 1, 1, 1, 1]","[39.999996185302734,76.0,16.75,2.9850196838378906,2665.65673828125,5.0,0.10554099082946777,90.0,22.0,0.08205799758434296,0.10264299809932709,0.12487799674272537,0.13592299818992615,0.13672299683094025,0.08568499982357025,0.3539586067199707,31.899999618530273,11854.689453125,45.0,24.0,90.0,3.352482795715332]","{""cumsumfert"":39.999996185302734,""dap"":76.0,""dlayr"":5.0,""dtt"":16.75,""dul"":0.33000001311302185,""ep"":2.9850196838378906,""grnwt"":2665.65673828125,""istage"":5.0,""ll"":0.09000000357627869,""nstres"":0.10554099082946777,""rtdep"":90.0,""sat"":0.4599999785423279,""srad"":22.0,""sw"":0.08205799758434296,""swfac"":0.3539586067199707,""tmax"":31.899999618530273,""topwt"":11854.68994140625,""totir"":45.0,""vstage"":24.0,""wtdep"":90.0,""xlai"":3.352482795715332}"
P0217,W0,observed_weather,observed_weather:2016,90,2016-09-09,85,5.0,0.8173913657665253,0.1264524459838867,45.0,40.0,late,>0.50,"(0.05,0.25]",0,"[1, 1, 1, 1, 1, 1, 1, 1, 1, 1, 1, 1, 1, 1, 1, 1]","[39.999996185302734,85.0,15.799999237060547,0.6202684640884399,3799.113525390625,5.0,0.12645244598388672,90.0,17.399999618530273,0.05962499976158142,0.09001299738883972,0.11102599650621414,0.1225460022687912,0.12378600239753723,0.07406099885702133,0.8173913955688477,32.70000076293945,12750.6591796875,45.0,24.0,90.0,2.494661569595337]","{""cumsumfert"":39.999996185302734,""dap"":85.0,""dlayr"":5.0,""dtt"":15.799999237060547,""dul"":0.33000001311302185,""ep"":0.6202684640884399,""grnwt"":3799.1134643554688,""istage"":5.0,""ll"":0.09000000357627869,""nstres"":0.12645244598388672,""rtdep"":90.0,""sat"":0.4599999785423279,""srad"":17.399999618530273,""sw"":0.05962499976158142,""swfac"":0.8173913657665253,""tmax"":32.70000076293945,""topwt"":12750.6591796875,""totir"":45.0,""vstage"":24.0,""wtdep"":90.0,""xlai"":2.494661569595337}"
P0218,W0,observed_weather,observed_weather:2017,101,2017-09-21,96,6.0,0.0,0.5154843330383301,45.0,40.0,late,<=0.05,>0.50,0,"[1, 0, 0, 0, 1, 0, 0, 0, 1, 0, 0, 0, 1, 0, 0, 0]","[39.999996185302734,96.0,13.25,2.660599708557129,7127.4072265625,6.0,0.5154843330383301,90.0,15.699999809265137,0.06081699952483177,0.11796600371599197,0.1438249945640564,0.15151099860668182,0.1460220068693161,0.08844900131225586,0.0,29.600000381469727,16227.986328125,45.0,25.0,90.0,2.041443347930908]","{""cumsumfert"":39.999996185302734,""dap"":96.0,""dlayr"":5.0,""dtt"":13.25,""dul"":0.33000001311302185,""ep"":2.660599708557129,""grnwt"":7127.4072265625,""istage"":6.0,""ll"":0.09000000357627869,""nstres"":0.5154843330383301,""rtdep"":90.0,""sat"":0.4599999785423279,""srad"":15.699999809265137,""sw"":0.06081699952483177,""swfac"":0.0,""tmax"":29.600000381469727,""topwt"":16227.98583984375,""totir"":45.0,""vstage"":25.0,""wtdep"":90.0,""xlai"":2.041443347930908}"
P0219,W0,observed_weather,observed_weather:2018,58,2018-08-09,53,4.0,0.1506327390670776,0.1304695606231689,45.0,40.0,mid,"(0.05,0.25]","(0.05,0.25]",0,"[1, 1, 1, 1, 1, 1, 1, 1, 1, 1, 1, 1, 1, 1, 1, 1]","[39.999996185302734,53.0,22.099998474121094,2.9729714393615723,0.0,4.0,0.13046956062316895,90.0,14.600000381469727,0.09766999632120132,0.10333000123500824,0.12474299967288971,0.1370919942855835,0.1395920068025589,0.08813100308179855,0.15063273906707764,33.099998474121094,9190.681640625,45.0,24.0,90.0,4.12079381942749]","{""cumsumfert"":39.999996185302734,""dap"":53.0,""dlayr"":5.0,""dtt"":22.099998474121094,""dul"":0.33000001311302185,""ep"":2.9729714393615723,""grnwt"":0.0,""istage"":4.0,""ll"":0.09000000357627869,""nstres"":0.13046956062316895,""rtdep"":90.0,""sat"":0.4599999785423279,""srad"":14.600000381469727,""sw"":0.09766999632120132,""swfac"":0.15063273906707764,""tmax"":33.099998474121094,""topwt"":9190.68115234375,""totir"":45.0,""vstage"":24.0,""wtdep"":90.0,""xlai"":4.12079381942749}"
P0220,W0,observed_weather,observed_weather:2018,82,2018-09-02,77,5.0,0.0,0.1321614980697631,45.0,40.0,late,<=0.05,"(0.05,0.25]",0,"[1, 1, 1, 1, 1, 1, 1, 1, 1, 1, 1, 1, 1, 1, 1, 1]","[39.999996185302734,77.0,16.200000762939453,1.393921971321106,3519.1103515625,5.0,0.13216149806976318,90.0,7.0,0.3193250000476837,0.2941490113735199,0.2564789950847626,0.16327600181102753,0.13054099678993225,0.07797899842262268,0.0,28.0,12849.1064453125,45.0,24.0,90.0,2.756143093109131]","{""cumsumfert"":39.999996185302734,""dap"":77.0,""dlayr"":5.0,""dtt"":16.200000762939453,""dul"":0.33000001311302185,""ep"":1.393921971321106,""grnwt"":3519.1104125976562,""istage"":5.0,""ll"":0.09000000357627869,""nstres"":0.13216149806976318,""rtdep"":90.0,""sat"":0.4599999785423279,""srad"":7.0,""sw"":0.3193250000476837,""swfac"":0.0,""tmax"":28.0,""topwt"":12849.1064453125,""totir"":45.0,""vstage"":24.0,""wtdep"":90.0,""xlai"":2.756143093109131}"
P0221,W0,observed_weather,observed_weather:2019,40,2019-07-22,35,3.0,0.2676612734794616,0.0,45.0,40.0,early,"(0.25,0.50]",<=0.05,0,"[1, 1, 1, 1, 1, 1, 1, 1, 1, 1, 1, 1, 1, 1, 1, 1]","[39.999996185302734,35.0,21.805763244628906,3.859524965286255,0.0,3.0,0.0,90.0,21.200000762939453,0.06005899980664253,0.10104499757289886,0.12779900431632996,0.14035700261592865,0.1431560069322586,0.09893900156021118,0.26766127347946167,36.70000076293945,3220.340576171875,45.0,17.0,90.0,3.2777256965637207]","{""cumsumfert"":39.999996185302734,""dap"":35.0,""dlayr"":5.0,""dtt"":21.805763244628906,""dul"":0.33000001311302185,""ep"":3.859524965286255,""grnwt"":0.0,""istage"":3.0,""ll"":0.09000000357627869,""nstres"":0.0,""rtdep"":90.0,""sat"":0.4599999785423279,""srad"":21.200000762939453,""sw"":0.06005899980664253,""swfac"":0.26766127347946167,""tmax"":36.70000076293945,""topwt"":3220.340576171875,""totir"":45.0,""vstage"":17.0,""wtdep"":90.0,""xlai"":3.2777256965637207}"
P0222,W0,observed_weather,observed_weather:2019,41,2019-07-23,36,3.0,0.3364269137382507,0.0013903975486755,45.0,40.0,mid,"(0.25,0.50]",<=0.05,0,"[1, 1, 1, 1, 1, 1, 1, 1, 1, 1, 1, 1, 1, 1, 1, 1]","[39.999996185302734,36.0,20.399999618530273,2.5998291969299316,0.0,3.0,0.0013903975486755371,90.0,17.700000762939453,0.13991999626159668,0.0982000008225441,0.12459900230169296,0.13713599741458893,0.14019499719142914,0.09586399793624878,0.33642691373825073,31.0,3383.205322265625,45.0,18.0,90.0,3.3089182376861572]","{""cumsumfert"":39.999996185302734,""dap"":36.0,""dlayr"":5.0,""dtt"":20.399999618530273,""dul"":0.33000001311302185,""ep"":2.5998291969299316,""grnwt"":0.0,""istage"":3.0,""ll"":0.09000000357627869,""nstres"":0.0013903975486755371,""rtdep"":90.0,""sat"":0.4599999785423279,""srad"":17.700000762939453,""sw"":0.13991999626159668,""swfac"":0.33642691373825073,""tmax"":31.0,""topwt"":3383.2052612304688,""totir"":45.0,""vstage"":18.0,""wtdep"":90.0,""xlai"":3.3089182376861572}"
P0223,W0,observed_weather,observed_weather:2019,43,2019-07-25,38,3.0,0.4412723779678345,0.0075372457504272,45.0,40.0,mid,"(0.25,0.50]",<=0.05,0,"[1, 1, 1, 1, 1, 1, 1, 1, 1, 1, 1, 1, 1, 1, 1, 1]","[39.999996185302734,38.0,23.113327026367188,1.6758835315704346,0.0,3.0,0.007537245750427246,90.0,12.699999809265137,0.08393699675798416,0.09504300355911255,0.12029000371694565,0.13262400031089783,0.13601599633693695,0.09170699864625931,0.4412723779678345,34.900001525878906,3800.27734375,45.0,19.0,90.0,3.433560371398926]","{""cumsumfert"":39.999996185302734,""dap"":38.0,""dlayr"":5.0,""dtt"":23.113327026367188,""dul"":0.33000001311302185,""ep"":1.6758835315704346,""grnwt"":0.0,""istage"":3.0,""ll"":0.09000000357627869,""nstres"":0.007537245750427246,""rtdep"":90.0,""sat"":0.4599999785423279,""srad"":12.699999809265137,""sw"":0.08393699675798416,""swfac"":0.4412723779678345,""tmax"":34.900001525878906,""topwt"":3800.2774047851562,""totir"":45.0,""vstage"":19.0,""wtdep"":90.0,""xlai"":3.433560371398926}"
P0224,W0,observed_weather,observed_weather:2019,46,2019-07-28,41,3.0,0.8328775018453598,0.0328045487403869,45.0,40.0,mid,>0.50,<=0.05,0,"[1, 1, 1, 1, 1, 1, 1, 1, 1, 1, 1, 1, 1, 1, 1, 1]","[39.999996185302734,41.0,22.048770904541016,1.0472643375396729,0.0,3.0,0.03280454874038696,90.0,25.299999237060547,0.05967700108885765,0.0910160019993782,0.11597999930381775,0.12806199491024017,0.13170799612998962,0.08748500049114227,0.832877516746521,36.5,4008.82275390625,45.0,20.0,90.0,3.143571138381958]","{""cumsumfert"":39.999996185302734,""dap"":41.0,""dlayr"":5.0,""dtt"":22.048770904541016,""dul"":0.33000001311302185,""ep"":1.0472643375396729,""grnwt"":0.0,""istage"":3.0,""ll"":0.09000000357627869,""nstres"":0.03280454874038696,""rtdep"":90.0,""sat"":0.4599999785423279,""srad"":25.299999237060547,""sw"":0.05967700108885765,""swfac"":0.8328775018453598,""tmax"":36.5,""topwt"":4008.8226318359375,""totir"":45.0,""vstage"":20.0,""wtdep"":90.0,""xlai"":3.143571138381958}"
P0225,W0,observed_weather,observed_weather:2019,47,2019-07-29,42,3.0,0.7859286814928055,0.0318824648857116,45.0,40.0,mid,>0.50,<=0.05,0,"[1, 1, 1, 1, 1, 1, 1, 1, 1, 1, 1, 1, 1, 1, 1, 1]","[39.999996185302734,42.0,21.375585556030273,0.9372055530548096,0.0,3.0,0.03188246488571167,90.0,18.0,0.05964900180697441,0.09000399708747864,0.11486800014972687,0.12689800560474396,0.1305840015411377,0.08639399707317352,0.7859286665916443,36.5,4074.22216796875,45.0,21.0,90.0,3.0417282581329346]","{""cumsumfert"":39.999996185302734,""dap"":42.0,""dlayr"":5.0,""dtt"":21.375585556030273,""dul"":0.33000001311302185,""ep"":0.9372055530548096,""grnwt"":0.0,""istage"":3.0,""ll"":0.09000000357627869,""nstres"":0.03188246488571167,""rtdep"":90.0,""sat"":0.4599999785423279,""srad"":18.0,""sw"":0.05964900180697441,""swfac"":0.7859286814928055,""tmax"":36.5,""topwt"":4074.2221069335938,""totir"":45.0,""vstage"":21.0,""wtdep"":90.0,""xlai"":3.0417282581329346}"
P0226,W0,observed_weather,observed_weather:2019,57,2019-08-08,52,4.0,0.3085507750511169,0.082478642463684,45.0,40.0,mid,"(0.25,0.50]","(0.05,0.25]",0,"[1, 1, 1, 1, 1, 1, 1, 1, 1, 1, 1, 1, 1, 1, 1, 1]","[39.999996185302734,52.0,19.850000381469727,2.961458206176758,0.0,4.0,0.08247864246368408,90.0,23.5,0.09000000357627869,0.10409899801015854,0.11985400319099426,0.12348400056362152,0.12684400379657745,0.0826369971036911,0.30855077505111694,33.0,6638.4912109375,45.0,23.0,90.0,3.3338396549224854]","{""cumsumfert"":39.999996185302734,""dap"":52.0,""dlayr"":5.0,""dtt"":19.850000381469727,""dul"":0.33000001311302185,""ep"":2.961458206176758,""grnwt"":0.0,""istage"":4.0,""ll"":0.09000000357627869,""nstres"":0.08247864246368408,""rtdep"":90.0,""sat"":0.4599999785423279,""srad"":23.5,""sw"":0.09000000357627869,""swfac"":0.30855077505111694,""tmax"":33.0,""topwt"":6638.4912109375,""totir"":45.0,""vstage"":23.0,""wtdep"":90.0,""xlai"":3.3338396549224854}"
P0227,W0,observed_weather,observed_weather:2019,80,2019-08-31,75,5.0,0.9012064784765244,0.0307629108428955,45.0,40.0,late,>0.50,<=0.05,0,"[1, 1, 1, 1, 1, 1, 1, 1, 1, 1, 1, 1, 1, 1, 1, 1]","[39.999996185302734,75.0,14.100000381469727,0.3525621294975281,2189.917236328125,5.0,0.030762910842895508,90.0,22.899999618530273,0.05963199958205223,0.09000000357627869,0.11182499676942825,0.12001000344753265,0.12000799924135208,0.07280399650335312,0.9012064933776855,31.200000762939453,9843.3173828125,45.0,23.0,90.00032043457031,2.2978835105895996]","{""cumsumfert"":39.999996185302734,""dap"":75.0,""dlayr"":5.0,""dtt"":14.100000381469727,""dul"":0.33000001311302185,""ep"":0.3525621294975281,""grnwt"":2189.9172973632812,""istage"":5.0,""ll"":0.09000000357627869,""nstres"":0.030762910842895508,""rtdep"":90.0,""sat"":0.4599999785423279,""srad"":22.899999618530273,""sw"":0.05963199958205223,""swfac"":0.9012064784765244,""tmax"":31.200000762939453,""topwt"":9843.317260742188,""totir"":45.0,""vstage"":23.0,""wtdep"":90.00032043457031,""xlai"":2.2978835105895996}"
P0228,W0,observed_weather,observed_weather:2019,100,2019-09-20,95,6.0,0.341407299041748,0.0860306024551391,45.0,40.0,late,"(0.25,0.50]","(0.05,0.25]",0,"[1, 0, 0, 0, 1, 0, 0, 0, 1, 0, 0, 0, 1, 0, 0, 0]","[39.999996185302734,95.0,10.399999618530273,0.521181583404541,3700.84130859375,6.0,0.08603060245513916,90.0,7.400000095367432,0.06229399889707565,0.1016089990735054,0.10999999940395355,0.119998998939991,0.119998998939991,0.07000000029802322,0.34140729904174805,23.299999237060547,10799.2724609375,45.0,23.0,90.0015869140625,1.2790358066558838]","{""cumsumfert"":39.999996185302734,""dap"":95.0,""dlayr"":5.0,""dtt"":10.399999618530273,""dul"":0.33000001311302185,""ep"":0.521181583404541,""grnwt"":3700.8413696289062,""istage"":6.0,""ll"":0.09000000357627869,""nstres"":0.08603060245513916,""rtdep"":90.0,""sat"":0.4599999785423279,""srad"":7.400000095367432,""sw"":0.06229399889707565,""swfac"":0.34140729904174805,""tmax"":23.299999237060547,""topwt"":10799.2724609375,""totir"":45.0,""vstage"":23.0,""wtdep"":90.0015869140625,""xlai"":1.2790358066558838}"
P0229,W0,observed_weather,observed_weather:2020,1,2020-06-12,0,7.0,0.1500000059604644,0.0,45.0,40.0,early,"(0.05,0.25]",<=0.05,0,"[1, 1, 1, 1, 1, 1, 1, 1, 1, 1, 1, 1, 1, 1, 1, 1]","[0.0,0.0,0.0,0.0,0.0,7.0,0.0,0.0,21.799999237060547,0.15000000596046448,0.15000000596046448,0.15000000596046448,0.15000000596046448,0.15000000596046448,0.15000000596046448,0.0,32.79999923706055,0.0,0.0,0.0,0.0,0.0]","{""cumsumfert"":0.0,""dap"":0.0,""dtt"":0.0,""ep"":0.0,""grnwt"":0.0,""istage"":7.0,""nstres"":0.0,""rtdep"":0.0,""srad"":21.799999237060547,""sw"":0.15000000596046448,""swfac"":0.15000000596046448,""tmax"":0.15000000596046448,""topwt"":0.15000000596046448,""totir"":0.15000000596046448,""vstage"":0.15000000596046448,""wtdep"":0.0,""xlai"":32.79999923706055}"
P0230,W0,observed_weather,observed_weather:2020,62,2020-08-12,57,4.0,0.0,0.1555964350700378,45.0,40.0,mid,<=0.05,"(0.05,0.25]",0,"[1, 1, 1, 1, 1, 1, 1, 1, 1, 1, 1, 1, 1, 1, 1, 1]","[39.999996185302734,57.0,20.400001525878906,1.6773147583007812,0.0,4.0,0.15559643507003784,90.0,7.199999809265137,0.4184429943561554,0.3181860148906708,0.15982000529766083,0.14259999990463257,0.14132000505924225,0.09279900044202805,0.0,31.700000762939453,7840.6015625,45.0,24.0,90.0,4.045259475708008]","{""cumsumfert"":39.999996185302734,""dap"":57.0,""dlayr"":5.0,""dtt"":20.400001525878906,""dul"":0.33000001311302185,""ep"":1.6773147583007812,""grnwt"":0.0,""istage"":4.0,""ll"":0.09000000357627869,""nstres"":0.15559643507003784,""rtdep"":90.0,""sat"":0.4599999785423279,""srad"":7.199999809265137,""sw"":0.4184429943561554,""swfac"":0.0,""tmax"":31.700000762939453,""topwt"":7840.601806640625,""totir"":45.0,""vstage"":24.0,""wtdep"":90.0,""xlai"":4.045259475708008}"
P0231,W0,observed_weather,observed_weather:2020,100,2020-09-19,95,5.0,0.138934850692749,0.3511590957641601,45.0,40.0,late,"(0.05,0.25]","(0.25,0.50]",0,"[1, 0, 0, 0, 1, 0, 0, 0, 1, 0, 0, 0, 1, 0, 0, 0]","[39.999996185302734,95.0,13.049999237060547,2.9047694206237793,5369.7451171875,5.0,0.35115909576416016,90.00224304199219,19.5,0.060065001249313354,0.10109599679708481,0.1225610002875328,0.13249799609184265,0.13039900362491608,0.0762920007109642,0.13893485069274902,30.0,14483.060546875,45.0,24.0,90.00224304199219,2.090543031692505]","{""cumsumfert"":39.999996185302734,""dap"":95.0,""dlayr"":5.0,""dtt"":13.049999237060547,""dul"":0.33000001311302185,""ep"":2.9047694206237793,""grnwt"":5369.744873046875,""istage"":5.0,""ll"":0.09000000357627869,""nstres"":0.35115909576416016,""rtdep"":90.00224304199219,""sat"":0.4599999785423279,""srad"":19.5,""sw"":0.060065001249313354,""swfac"":0.13893485069274902,""tmax"":30.0,""topwt"":14483.060302734375,""totir"":45.0,""vstage"":24.0,""wtdep"":90.00224304199219,""xlai"":2.090543031692505}"
P0232,W0,observed_weather,observed_weather:2020,101,2020-09-20,96,5.0,0.4116671681404114,0.3829156160354614,45.0,40.0,late,"(0.25,0.50]","(0.25,0.50]",0,"[1, 0, 0, 0, 1, 0, 0, 0, 1, 0, 0, 0, 1, 0, 0, 0]","[39.999996185302734,96.0,14.549999237060547,2.0549283027648926,5508.51025390625,5.0,0.3829156160354614,90.00242614746094,19.899999618530273,0.0599219985306263,0.09818799793720245,0.11955299973487854,0.1295969933271408,0.12799400091171265,0.07451900094747543,0.4116671681404114,31.200000762939453,14621.826171875,45.0,24.0,90.00242614746094,2.022346258163452]","{""cumsumfert"":39.999996185302734,""dap"":96.0,""dlayr"":5.0,""dtt"":14.549999237060547,""dul"":0.33000001311302185,""ep"":2.0549283027648926,""grnwt"":5508.5101318359375,""istage"":5.0,""ll"":0.09000000357627869,""nstres"":0.3829156160354614,""rtdep"":90.00242614746094,""sat"":0.4599999785423279,""srad"":19.899999618530273,""sw"":0.0599219985306263,""swfac"":0.4116671681404114,""tmax"":31.200000762939453,""topwt"":14621.826171875,""totir"":45.0,""vstage"":24.0,""wtdep"":90.00242614746094,""xlai"":2.022346258163452}"
P0233,W0,observed_weather,observed_weather:2020,102,2020-09-21,97,6.0,0.3960877060890198,0.409046471118927,45.0,40.0,late,"(0.25,0.50]","(0.25,0.50]",0,"[1, 0, 0, 0, 1, 0, 0, 0, 1, 0, 0, 0, 1, 0, 0, 0]","[39.999996185302734,97.0,14.049999237060547,1.6200900077819824,5508.51025390625,6.0,0.409046471118927,90.00262451171875,15.699999809265137,0.05983699858188629,0.09600500017404556,0.11727499961853027,0.12736199796199799,0.1260569989681244,0.07303500175476074,0.3960877060890198,29.799999237060547,14621.826171875,45.0,24.0,90.00262451171875,2.022346258163452]","{""cumsumfert"":39.999996185302734,""dap"":97.0,""dlayr"":5.0,""dtt"":14.049999237060547,""dul"":0.33000001311302185,""ep"":1.6200900077819824,""grnwt"":5508.5101318359375,""istage"":6.0,""ll"":0.09000000357627869,""nstres"":0.409046471118927,""rtdep"":90.00262451171875,""sat"":0.4599999785423279,""srad"":15.699999809265137,""sw"":0.05983699858188629,""swfac"":0.3960877060890198,""tmax"":29.799999237060547,""topwt"":14621.826171875,""totir"":45.0,""vstage"":24.0,""wtdep"":90.00262451171875,""xlai"":2.022346258163452}"
P0234,W0,observed_weather,observed_weather:2020,104,2020-09-23,99,6.0,0.3321143388748169,0.409046471118927,45.0,40.0,late,"(0.25,0.50]","(0.25,0.50]",0,"[1, 0, 0, 0, 1, 0, 0, 0, 1, 0, 0, 0, 1, 0, 0, 0]","[39.999996185302734,99.0,12.299999237060547,1.1538665294647217,5508.51025390625,6.0,0.409046471118927,90.00277709960938,10.600000381469727,0.05973000079393387,0.09278599917888641,0.11387400329113007,0.12398499995470047,0.12302599847316742,0.07063999772071838,0.3321143388748169,24.799999237060547,14621.826171875,45.0,24.0,90.00277709960938,2.022346258163452]","{""cumsumfert"":39.999996185302734,""dap"":99.0,""dlayr"":5.0,""dtt"":12.299999237060547,""dul"":0.33000001311302185,""ep"":1.1538665294647217,""grnwt"":5508.5101318359375,""istage"":6.0,""ll"":0.09000000357627869,""nstres"":0.409046471118927,""rtdep"":90.00277709960938,""sat"":0.4599999785423279,""srad"":10.600000381469727,""sw"":0.05973000079393387,""swfac"":0.3321143388748169,""tmax"":24.799999237060547,""topwt"":14621.826171875,""totir"":45.0,""vstage"":24.0,""wtdep"":90.00277709960938,""xlai"":2.022346258163452}"
P0235,W0,observed_weather,observed_weather:2021,48,2021-07-30,43,3.0,0.0,0.041700005531311,45.0,40.0,mid,<=0.05,<=0.05,0,"[1, 1, 1, 1, 1, 1, 1, 1, 1, 1, 1, 1, 1, 1, 1, 1]","[39.999996185302734,43.0,17.399999618530273,4.588142395019531,0.0,3.0,0.041700005531311035,90.0,20.899999618530273,0.44190600514411926,0.4458160102367401,0.4646129906177521,0.34911298751831055,0.24026300013065338,0.12085200101137161,0.0,29.899999618530273,4933.54833984375,45.0,21.0,90.0,3.9698097705841064]","{""cumsumfert"":39.999996185302734,""dap"":43.0,""dlayr"":5.0,""dtt"":17.399999618530273,""dul"":0.33000001311302185,""ep"":4.588142395019531,""grnwt"":0.0,""istage"":3.0,""ll"":0.09000000357627869,""nstres"":0.041700005531311035,""rtdep"":90.0,""sat"":0.4599999785423279,""srad"":20.899999618530273,""sw"":0.44190600514411926,""swfac"":0.0,""tmax"":29.899999618530273,""topwt"":4933.548278808594,""totir"":45.0,""vstage"":21.0,""wtdep"":90.0,""xlai"":3.9698097705841064}"
P0236,W0,observed_weather,observed_weather:2021,83,2021-09-03,78,5.0,0.0,0.130824327468872,45.0,40.0,late,<=0.05,"(0.05,0.25]",0,"[1, 1, 1, 1, 1, 1, 1, 1, 1, 1, 1, 1, 1, 1, 1, 1]","[39.999996185302734,78.0,15.75,3.268613576889038,2983.12060546875,5.0,0.13082432746887207,90.0,16.100000381469727,0.37853801250457764,0.40194299817085266,0.33400601148605347,0.265500009059906,0.18722699582576752,0.0976950004696846,0.0,28.799999237060547,13191.5029296875,45.0,25.0,90.0,3.0097463130950928]","{""cumsumfert"":39.999996185302734,""dap"":78.0,""dlayr"":5.0,""dtt"":15.75,""dul"":0.33000001311302185,""ep"":3.268613576889038,""grnwt"":2983.1207275390625,""istage"":5.0,""ll"":0.09000000357627869,""nstres"":0.13082432746887207,""rtdep"":90.0,""sat"":0.4599999785423279,""srad"":16.100000381469727,""sw"":0.37853801250457764,""swfac"":0.0,""tmax"":28.799999237060547,""topwt"":13191.502685546875,""totir"":45.0,""vstage"":25.0,""wtdep"":90.0,""xlai"":3.0097463130950928}"
P0237,W0,observed_weather,observed_weather:2021,95,2021-09-15,90,5.0,0.0,0.3076593279838562,45.0,40.0,late,<=0.05,"(0.25,0.50]",0,"[1, 1, 1, 1, 1, 1, 1, 1, 1, 1, 1, 1, 1, 1, 1, 1]","[39.999996185302734,90.0,14.549999237060547,4.057032585144043,5730.4921875,5.0,0.3076593279838562,90.0,22.100000381469727,0.268871009349823,0.28474000096321106,0.3002980053424835,0.26878198981285095,0.16750499606132507,0.09346500039100647,0.0,28.799999237060547,15858.9765625,45.0,25.0,90.0,2.2801482677459717]","{""cumsumfert"":39.999996185302734,""dap"":90.0,""dlayr"":5.0,""dtt"":14.549999237060547,""dul"":0.33000001311302185,""ep"":4.057032585144043,""grnwt"":5730.491943359375,""istage"":5.0,""ll"":0.09000000357627869,""nstres"":0.3076593279838562,""rtdep"":90.0,""sat"":0.4599999785423279,""srad"":22.100000381469727,""sw"":0.268871009349823,""swfac"":0.0,""tmax"":28.799999237060547,""topwt"":15858.97705078125,""totir"":45.0,""vstage"":25.0,""wtdep"":90.0,""xlai"":2.2801482677459717}"
P0238,W0,observed_weather,observed_weather:2021,96,2021-09-16,91,5.0,0.0,0.3402823805809021,45.0,40.0,late,<=0.05,"(0.25,0.50]",0,"[1, 0, 0, 0, 1, 0, 0, 0, 1, 0, 0, 0, 1, 0, 0, 0]","[39.999996185302734,91.0,13.700000762939453,2.4680886268615723,5959.55859375,5.0,0.3402823805809021,90.0,13.800000190734863,0.2619119882583618,0.2734360098838806,0.2932870090007782,0.2651729881763458,0.16753800213336945,0.09325800091028214,0.0,28.5,16014.318359375,45.0,25.0,90.0,2.2098164558410645]","{""cumsumfert"":39.999996185302734,""dap"":91.0,""dlayr"":5.0,""dtt"":13.700000762939453,""dul"":0.33000001311302185,""ep"":2.4680886268615723,""grnwt"":5959.5587158203125,""istage"":5.0,""ll"":0.09000000357627869,""nstres"":0.3402823805809021,""rtdep"":90.0,""sat"":0.4599999785423279,""srad"":13.800000190734863,""sw"":0.2619119882583618,""swfac"":0.0,""tmax"":28.5,""topwt"":16014.31884765625,""totir"":45.0,""vstage"":25.0,""wtdep"":90.0,""xlai"":2.2098164558410645}"
P0239,W0,observed_weather,observed_weather:2022,17,2022-06-29,12,1.0,0.0,0.0,45.0,40.0,early,<=0.05,<=0.05,0,"[1, 1, 1, 1, 1, 1, 1, 1, 1, 1, 1, 1, 0, 0, 0, 0]","[39.999996185302734,12.0,19.21762466430664,0.3765558898448944,0.0,1.0,0.0,34.76939392089844,18.899999618530273,0.2383909970521927,0.25890299677848816,0.2704339921474457,0.18341299891471863,0.15583600103855133,0.14787599444389343,0.0,31.700000762939453,70.60388946533203,45.0,6.0,90.0,0.14609670639038086]","{""cumsumfert"":39.999996185302734,""dap"":12.0,""dlayr"":5.0,""dtt"":19.21762466430664,""dul"":0.33000001311302185,""ep"":0.3765558898448944,""grnwt"":0.0,""istage"":1.0,""ll"":0.09000000357627869,""nstres"":0.0,""rtdep"":34.76939392089844,""sat"":0.4599999785423279,""srad"":18.899999618530273,""sw"":0.2383909970521927,""swfac"":0.0,""tmax"":31.700000762939453,""topwt"":70.60389041900635,""totir"":45.0,""vstage"":6.0,""wtdep"":90.0,""xlai"":0.14609670639038086}"
P0240,W0,observed_weather,observed_weather:2022,92,2022-09-12,87,5.0,0.0,0.3249009251594543,45.0,40.0,late,<=0.05,"(0.25,0.50]",0,"[1, 1, 1, 1, 1, 1, 1, 1, 1, 1, 1, 1, 1, 1, 1, 1]","[39.999996185302734,87.0,15.399999618530273,3.840226650238037,5648.09765625,5.0,0.32490092515945435,90.0,20.600000381469727,0.23580600321292877,0.25948798656463623,0.2894020080566406,0.2900339961051941,0.2729089856147766,0.10458000004291534,0.0,31.0,15422.6162109375,45.0,24.0,90.0,2.2512459754943848]","{""cumsumfert"":39.999996185302734,""dap"":87.0,""dlayr"":5.0,""dtt"":15.399999618530273,""dul"":0.33000001311302185,""ep"":3.840226650238037,""grnwt"":5648.0975341796875,""istage"":5.0,""ll"":0.09000000357627869,""nstres"":0.32490092515945435,""rtdep"":90.0,""sat"":0.4599999785423279,""srad"":20.600000381469727,""sw"":0.23580600321292877,""swfac"":0.0,""tmax"":31.0,""topwt"":15422.615966796875,""totir"":45.0,""vstage"":24.0,""wtdep"":90.0,""xlai"":2.2512459754943848}"
P0241,W0,observed_weather,observed_weather:2022,96,2022-09-16,91,5.0,0.0,0.4253885746002197,45.0,40.0,late,<=0.05,"(0.25,0.50]",0,"[1, 0, 0, 0, 1, 0, 0, 0, 1, 0, 0, 0, 1, 0, 0, 0]","[39.999996185302734,91.0,15.549999237060547,3.739166736602783,6566.85302734375,5.0,0.4253885746002197,90.0,21.200000762939453,0.19614599645137787,0.22918599843978882,0.26552098989486694,0.2709830105304718,0.25643301010131836,0.10395599901676178,0.0,29.399999618530273,16053.5830078125,45.0,24.0,90.0,1.9678312540054321]","{""cumsumfert"":39.999996185302734,""dap"":91.0,""dlayr"":5.0,""dtt"":15.549999237060547,""dul"":0.33000001311302185,""ep"":3.739166736602783,""grnwt"":6566.85302734375,""istage"":5.0,""ll"":0.09000000357627869,""nstres"":0.4253885746002197,""rtdep"":90.0,""sat"":0.4599999785423279,""srad"":21.200000762939453,""sw"":0.19614599645137787,""swfac"":0.0,""tmax"":29.399999618530273,""topwt"":16053.582763671875,""totir"":45.0,""vstage"":24.0,""wtdep"":90.0,""xlai"":1.9678312540054321}"
P0242,W0,observed_weather,observed_weather:2022,102,2022-09-22,97,6.0,0.0,0.5114496350288391,45.0,40.0,late,<=0.05,>0.50,0,"[1, 0, 0, 0, 1, 0, 0, 0, 1, 0, 0, 0, 1, 0, 0, 0]","[39.999996185302734,97.0,13.650001525878906,3.125408887863159,7255.9189453125,6.0,0.5114496350288391,90.0,19.600000381469727,0.13396799564361572,0.18745799362659454,0.23059800267219543,0.24098600447177887,0.22963400185108185,0.10211800038814545,0.0,28.200000762939453,16547.951171875,45.0,24.0,90.0,1.7639074325561523]","{""cumsumfert"":39.999996185302734,""dap"":97.0,""dlayr"":5.0,""dtt"":13.650001525878906,""dul"":0.33000001311302185,""ep"":3.125408887863159,""grnwt"":7255.919189453125,""istage"":6.0,""ll"":0.09000000357627869,""nstres"":0.5114496350288391,""rtdep"":90.0,""sat"":0.4599999785423279,""srad"":19.600000381469727,""sw"":0.13396799564361572,""swfac"":0.0,""tmax"":28.200000762939453,""topwt"":16547.95166015625,""totir"":45.0,""vstage"":24.0,""wtdep"":90.0,""xlai"":1.7639074325561523}"
P0243,W0,observed_weather,observed_weather:2023,84,2023-09-04,79,5.0,0.4292418956756592,0.2708436846733093,45.0,40.0,late,"(0.25,0.50]","(0.25,0.50]",0,"[1, 1, 1, 1, 1, 1, 1, 1, 1, 1, 1, 1, 1, 1, 1, 1]","[39.999996185302734,79.0,19.049999237060547,2.2688052654266357,3772.56103515625,5.0,0.2708436846733093,90.00283813476562,20.200000762939453,0.06987199932336807,0.10235799849033356,0.12370800226926804,0.1252959966659546,0.12280300259590149,0.0727429986000061,0.4292418956756592,33.20000076293945,14771.38671875,45.0,25.0,90.00283813476562,2.2479679584503174]","{""cumsumfert"":39.999996185302734,""dap"":79.0,""dlayr"":5.0,""dtt"":19.049999237060547,""dul"":0.33000001311302185,""ep"":2.2688052654266357,""grnwt"":3772.56103515625,""istage"":5.0,""ll"":0.09000000357627869,""nstres"":0.2708436846733093,""rtdep"":90.00283813476562,""sat"":0.4599999785423279,""srad"":20.200000762939453,""sw"":0.06987199932336807,""swfac"":0.4292418956756592,""tmax"":33.20000076293945,""topwt"":14771.38671875,""totir"":45.0,""vstage"":25.0,""wtdep"":90.00283813476562,""xlai"":2.2479679584503174}"
P0244,W0,observed_weather,observed_weather:2023,85,2023-09-05,80,5.0,0.5924091935157776,0.2792899012565613,45.0,40.0,late,>0.50,"(0.25,0.50]",0,"[1, 1, 1, 1, 1, 1, 1, 1, 1, 1, 1, 1, 1, 1, 1, 1]","[39.999996185302734,80.0,18.799999237060547,1.5752441883087158,3917.134033203125,5.0,0.2792899012565613,90.00283813476562,20.0,0.059960998594760895,0.09907600283622742,0.12033700197935104,0.12381599843502045,0.1216059997677803,0.07155399769544601,0.5924091935157776,32.29999923706055,14909.666015625,45.0,25.0,90.0030746459961,2.181382179260254]","{""cumsumfert"":39.999996185302734,""dap"":80.0,""dlayr"":5.0,""dtt"":18.799999237060547,""dul"":0.33000001311302185,""ep"":1.5752441883087158,""grnwt"":3917.1340942382812,""istage"":5.0,""ll"":0.09000000357627869,""nstres"":0.2792899012565613,""rtdep"":90.00283813476562,""sat"":0.4599999785423279,""srad"":20.0,""sw"":0.059960998594760895,""swfac"":0.5924091935157776,""tmax"":32.29999923706055,""topwt"":14909.66552734375,""totir"":45.0,""vstage"":25.0,""wtdep"":90.0030746459961,""xlai"":2.181382179260254}"
P0245,W0,observed_weather,observed_weather:2023,90,2023-09-10,85,5.0,0.821576401591301,0.293727159500122,45.0,40.0,late,>0.50,"(0.25,0.50]",0,"[1, 1, 1, 1, 1, 1, 1, 1, 1, 1, 1, 1, 1, 1, 1, 1]","[39.999996185302734,85.0,17.450000762939453,0.2960215210914612,4530.931640625,5.0,0.29372715950012207,90.00283813476562,9.600000381469727,0.13767200708389282,0.09080100059509277,0.11161799728870392,0.12000899761915207,0.11999700218439102,0.06999800354242325,0.8215764164924622,28.5,15248.1787109375,45.0,25.0,90.00436401367188,1.7891013622283936]","{""cumsumfert"":39.999996185302734,""dap"":85.0,""dlayr"":5.0,""dtt"":17.450000762939453,""dul"":0.33000001311302185,""ep"":0.2960215210914612,""grnwt"":4530.931701660156,""istage"":5.0,""ll"":0.09000000357627869,""nstres"":0.29372715950012207,""rtdep"":90.00283813476562,""sat"":0.4599999785423279,""srad"":9.600000381469727,""sw"":0.13767200708389282,""swfac"":0.821576401591301,""tmax"":28.5,""topwt"":15248.1787109375,""totir"":45.0,""vstage"":25.0,""wtdep"":90.00436401367188,""xlai"":1.7891013622283936}"
P0246,W0,observed_weather,observed_weather:2023,97,2023-09-17,92,6.0,1.0,0.2999865412712097,45.0,40.0,late,>0.50,"(0.25,0.50]",0,"[1, 0, 0, 0, 1, 0, 0, 0, 1, 0, 0, 0, 1, 0, 0, 0]","[39.999996185302734,92.0,15.849998474121094,0.0,5228.05419921875,6.0,0.2999865412712097,90.00283813476562,18.600000381469727,0.05962499976158142,0.09000000357627869,0.10999999940395355,0.11999800056219101,0.11999499797821045,0.06999699771404266,1.0,31.299999237060547,15441.046875,45.0,25.0,90.00526428222656,1.4540446996688843]","{""cumsumfert"":39.999996185302734,""dap"":92.0,""dlayr"":5.0,""dtt"":15.849998474121094,""dul"":0.33000001311302185,""ep"":0.0,""grnwt"":5228.05419921875,""istage"":6.0,""ll"":0.09000000357627869,""nstres"":0.2999865412712097,""rtdep"":90.00283813476562,""sat"":0.4599999785423279,""srad"":18.600000381469727,""sw"":0.05962499976158142,""swfac"":1.0,""tmax"":31.299999237060547,""topwt"":15441.04736328125,""totir"":45.0,""vstage"":25.0,""wtdep"":90.00526428222656,""xlai"":1.4540446996688843}"
P0247,W1,heldout_wgen,heldout_wgen:1081,39,2008-07-20,34,3.0,0.5495775043964386,0.0,45.0,120.0,early,>0.50,<=0.05,1,"[1, 1, 1, 1, 1, 1, 1, 1, 1, 1, 1, 1, 1, 1, 1, 1]","[120.0,34.0,20.85524559020996,2.0987045764923096,0.0,3.0,0.0,90.0,21.44520378112793,0.07797499746084213,0.10084600001573563,0.12562699615955353,0.13919700682163239,0.14276699721813202,0.0984250009059906,0.5495774745941162,33.538551330566406,2536.72216796875,45.0,17.0,90.0,2.8352527618408203]","{""cumsumfert"":120.0,""dap"":34.0,""dlayr"":5.0,""dtt"":20.85524559020996,""dul"":0.33000001311302185,""ep"":2.0987045764923096,""grnwt"":0.0,""istage"":3.0,""ll"":0.09000000357627869,""nstres"":0.0,""rtdep"":90.0,""sat"":0.4599999785423279,""srad"":21.44520378112793,""sw"":0.07797499746084213,""swfac"":0.5495775043964386,""tmax"":33.538551330566406,""topwt"":2536.7221069335938,""totir"":45.0,""vstage"":17.0,""wtdep"":90.0,""xlai"":2.8352527618408203}"
P0248,W1,heldout_wgen,heldout_wgen:1081,40,2008-07-21,35,3.0,0.4911190867424011,0.0,45.0,120.0,early,"(0.25,0.50]",<=0.05,1,"[1, 1, 1, 1, 1, 1, 1, 1, 1, 1, 1, 1, 1, 1, 1, 1]","[120.0,35.0,19.84857177734375,1.7888545989990234,0.0,3.0,0.0,90.0,16.591909408569336,0.06660299748182297,0.09931500256061554,0.12383600324392319,0.1372770071029663,0.14092600345611572,0.09570000320672989,0.4911190867424011,30.96198272705078,2639.831298828125,45.0,18.0,90.0,2.8294856548309326]","{""cumsumfert"":120.0,""dap"":35.0,""dlayr"":5.0,""dtt"":19.84857177734375,""dul"":0.33000001311302185,""ep"":1.7888545989990234,""grnwt"":0.0,""istage"":3.0,""ll"":0.09000000357627869,""nstres"":0.0,""rtdep"":90.0,""sat"":0.4599999785423279,""srad"":16.591909408569336,""sw"":0.06660299748182297,""swfac"":0.4911190867424011,""tmax"":30.96198272705078,""topwt"":2639.8312377929688,""totir"":45.0,""vstage"":18.0,""wtdep"":90.0,""xlai"":2.8294856548309326}"
P0249,W1,heldout_wgen,heldout_wgen:1081,41,2008-07-22,36,3.0,0.2730151414871216,0.0,45.0,120.0,mid,"(0.25,0.50]",<=0.05,1,"[1, 1, 1, 1, 1, 1, 1, 1, 1, 1, 1, 1, 1, 1, 1, 1]","[120.0,36.0,15.11693000793457,1.5141462087631226,0.0,3.0,0.0,90.0,10.760637283325195,0.05986899882555008,0.09797900170087814,0.12226700037717819,0.13558800518512726,0.13929200172424316,0.09350299835205078,0.2730151414871216,25.521709442138672,2758.423828125,45.0,18.0,90.0,2.861095666885376]","{""cumsumfert"":120.0,""dap"":36.0,""dlayr"":5.0,""dtt"":15.11693000793457,""dul"":0.33000001311302185,""ep"":1.5141462087631226,""grnwt"":0.0,""istage"":3.0,""ll"":0.09000000357627869,""nstres"":0.0,""rtdep"":90.0,""sat"":0.4599999785423279,""srad"":10.760637283325195,""sw"":0.05986899882555008,""swfac"":0.2730151414871216,""tmax"":25.521709442138672,""topwt"":2758.4237670898438,""totir"":45.0,""vstage"":18.0,""wtdep"":90.0,""xlai"":2.861095666885376}"
P0250,W1,heldout_wgen,heldout_wgen:1081,43,2008-07-24,38,3.0,0.6199168860912323,0.0,45.0,120.0,mid,>0.50,<=0.05,1,"[1, 1, 1, 1, 1, 1, 1, 1, 1, 1, 1, 1, 1, 1, 1, 1]","[120.0,38.0,15.05385971069336,1.1870172023773193,0.0,3.0,0.0,90.0,16.19548225402832,0.08014100044965744,0.09574799984693527,0.11963599920272827,0.1327340006828308,0.13650000095367432,0.09006600081920624,0.6199169158935547,26.304533004760742,2873.052978515625,45.0,19.0,90.0,2.7270314693450928]","{""cumsumfert"":120.0,""dap"":38.0,""dlayr"":5.0,""dtt"":15.05385971069336,""dul"":0.33000001311302185,""ep"":1.1870172023773193,""grnwt"":0.0,""istage"":3.0,""ll"":0.09000000357627869,""nstres"":0.0,""rtdep"":90.0,""sat"":0.4599999785423279,""srad"":16.19548225402832,""sw"":0.08014100044965744,""swfac"":0.6199168860912323,""tmax"":26.304533004760742,""topwt"":2873.052978515625,""totir"":45.0,""vstage"":19.0,""wtdep"":90.0,""xlai"":2.7270314693450928}"
P0251,W1,heldout_wgen,heldout_wgen:1081,53,2008-08-03,48,3.0,0.0,0.0,45.0,120.0,mid,<=0.05,<=0.05,1,"[1, 1, 1, 1, 1, 1, 1, 1, 1, 1, 1, 1, 1, 1, 1, 1]","[120.0,48.0,20.642234802246094,4.682015419006348,0.0,3.0,0.0,90.0,20.53824234008789,0.3637849986553192,0.3385860025882721,0.3182060122489929,0.1693969964981079,0.13399599492549896,0.08644100278615952,0.0,31.493453979492188,5262.39794921875,45.0,23.0,90.0,3.648069143295288]","{""cumsumfert"":120.0,""dap"":48.0,""dlayr"":5.0,""dtt"":20.642234802246094,""dul"":0.33000001311302185,""ep"":4.682015419006348,""grnwt"":0.0,""istage"":3.0,""ll"":0.09000000357627869,""nstres"":0.0,""rtdep"":90.0,""sat"":0.4599999785423279,""srad"":20.53824234008789,""sw"":0.3637849986553192,""swfac"":0.0,""tmax"":31.493453979492188,""topwt"":5262.3980712890625,""totir"":45.0,""vstage"":23.0,""wtdep"":90.0,""xlai"":3.648069143295288}"
P0252,W1,heldout_wgen,heldout_wgen:1082,43,2008-07-24,38,3.0,0.5791150331497192,0.0,45.0,120.0,mid,>0.50,<=0.05,1,"[1, 1, 1, 1, 1, 1, 1, 1, 1, 1, 1, 1, 1, 1, 1, 1]","[120.0,38.0,23.369441986083984,1.3635247945785522,0.0,3.0,0.0,90.0,12.514911651611328,0.0819299966096878,0.1013450026512146,0.11918999999761581,0.13121700286865234,0.13382400572299957,0.08955200016498566,0.5791150331497192,37.12217712402344,3192.31591796875,45.0,18.0,90.0,3.1078271865844727]","{""cumsumfert"":120.0,""dap"":38.0,""dlayr"":5.0,""dtt"":23.369441986083984,""dul"":0.33000001311302185,""ep"":1.3635247945785522,""grnwt"":0.0,""istage"":3.0,""ll"":0.09000000357627869,""nstres"":0.0,""rtdep"":90.0,""sat"":0.4599999785423279,""srad"":12.514911651611328,""sw"":0.0819299966096878,""swfac"":0.5791150331497192,""tmax"":37.12217712402344,""topwt"":3192.3159790039062,""totir"":45.0,""vstage"":18.0,""wtdep"":90.0,""xlai"":3.1078271865844727}"
P0253,W1,heldout_wgen,heldout_wgen:1082,44,2008-07-25,39,3.0,0.7871926426887512,0.0,45.0,120.0,mid,>0.50,<=0.05,1,"[1, 1, 1, 1, 1, 1, 1, 1, 1, 1, 1, 1, 1, 1, 1, 1]","[120.0,39.0,21.220333099365234,1.1592206954956055,0.0,3.0,0.0,90.0,24.29216957092285,0.07132899761199951,0.09927500039339066,0.11794400215148926,0.12991200387477875,0.13256500661373138,0.08823200315237045,0.7871926426887512,34.39336395263672,3252.9052734375,45.0,19.0,90.0,3.0131945610046387]","{""cumsumfert"":120.0,""dap"":39.0,""dlayr"":5.0,""dtt"":21.220333099365234,""dul"":0.33000001311302185,""ep"":1.1592206954956055,""grnwt"":0.0,""istage"":3.0,""ll"":0.09000000357627869,""nstres"":0.0,""rtdep"":90.0,""sat"":0.4599999785423279,""srad"":24.29216957092285,""sw"":0.07132899761199951,""swfac"":0.7871926426887512,""tmax"":34.39336395263672,""topwt"":3252.9052734375,""totir"":45.0,""vstage"":19.0,""wtdep"":90.0,""xlai"":3.0131945610046387}"
P0254,W1,heldout_wgen,heldout_wgen:1082,45,2008-07-26,40,3.0,0.7757241427898407,0.0,45.0,120.0,mid,>0.50,<=0.05,1,"[1, 1, 1, 1, 1, 1, 1, 1, 1, 1, 1, 1, 1, 1, 1, 1]","[120.0,40.0,20.44856834411621,1.029684066772461,0.0,3.0,0.0,90.0,20.56859588623047,0.368369996547699,0.09872300177812576,0.11680199950933456,0.12872299551963806,0.1314219981431961,0.08707199990749359,0.7757241725921631,35.21849060058594,3319.17919921875,45.0,19.0,90.0,2.9245450496673584]","{""cumsumfert"":120.0,""dap"":40.0,""dlayr"":5.0,""dtt"":20.44856834411621,""dul"":0.33000001311302185,""ep"":1.029684066772461,""grnwt"":0.0,""istage"":3.0,""ll"":0.09000000357627869,""nstres"":0.0,""rtdep"":90.0,""sat"":0.4599999785423279,""srad"":20.56859588623047,""sw"":0.368369996547699,""swfac"":0.7757241427898407,""tmax"":35.21849060058594,""topwt"":3319.1790771484375,""totir"":45.0,""vstage"":19.0,""wtdep"":90.0,""xlai"":2.9245450496673584}"
P0255,W1,heldout_wgen,heldout_wgen:1082,50,2008-07-31,45,3.0,0.7232785820960999,0.0,45.0,120.0,mid,>0.50,<=0.05,1,"[1, 1, 1, 1, 1, 1, 1, 1, 1, 1, 1, 1, 1, 1, 1, 1]","[120.0,45.0,23.339004516601562,0.8739931583404541,0.0,3.0,0.0,90.0,12.276954650878906,0.07219400256872177,0.10060500353574753,0.11326099932193756,0.12465400248765945,0.12752200663089752,0.08329100161790848,0.7232785820960999,36.72517013549805,4516.37158203125,45.0,22.0,90.0,3.2378387451171875]","{""cumsumfert"":120.0,""dap"":45.0,""dlayr"":5.0,""dtt"":23.339004516601562,""dul"":0.33000001311302185,""ep"":0.8739931583404541,""grnwt"":0.0,""istage"":3.0,""ll"":0.09000000357627869,""nstres"":0.0,""rtdep"":90.0,""sat"":0.4599999785423279,""srad"":12.276954650878906,""sw"":0.07219400256872177,""swfac"":0.7232785820960999,""tmax"":36.72517013549805,""topwt"":4516.3714599609375,""totir"":45.0,""vstage"":22.0,""wtdep"":90.0,""xlai"":3.2378387451171875}"
P0256,W1,heldout_wgen,heldout_wgen:1082,51,2008-08-01,46,3.0,0.7219740450382233,0.0,45.0,120.0,mid,>0.50,<=0.05,1,"[1, 1, 1, 1, 1, 1, 1, 1, 1, 1, 1, 1, 1, 1, 1, 1]","[120.0,46.0,23.299013137817383,0.7570581436157227,0.0,3.0,0.0,90.0,11.061552047729492,0.06580899655818939,0.09830799698829651,0.11253499984741211,0.12388499826192856,0.12678900361061096,0.08259999752044678,0.7219740152359009,36.007713317871094,4568.4892578125,45.0,23.0,90.0,3.135101079940796]","{""cumsumfert"":120.0,""dap"":46.0,""dlayr"":5.0,""dtt"":23.299013137817383,""dul"":0.33000001311302185,""ep"":0.7570581436157227,""grnwt"":0.0,""istage"":3.0,""ll"":0.09000000357627869,""nstres"":0.0,""rtdep"":90.0,""sat"":0.4599999785423279,""srad"":11.061552047729492,""sw"":0.06580899655818939,""swfac"":0.7219740450382233,""tmax"":36.007713317871094,""topwt"":4568.4893798828125,""totir"":45.0,""vstage"":23.0,""wtdep"":90.0,""xlai"":3.135101079940796}"
P0257,W1,heldout_wgen,heldout_wgen:1082,65,2008-08-15,60,4.0,0.2289677858352661,0.0,45.0,120.0,mid,"(0.05,0.25]",<=0.05,1,"[1, 1, 1, 1, 1, 1, 1, 1, 1, 1, 1, 1, 1, 1, 1, 1]","[120.0,60.0,23.561538696289062,2.188466787338257,0.0,4.0,0.0,90.0,12.02292537689209,0.4437919855117798,0.26606300473213196,0.12734399735927582,0.12306799739599228,0.12416599690914154,0.08006300032138824,0.2289677858352661,33.14845275878906,7683.041015625,45.0,24.0,90.0,3.3959667682647705]","{""cumsumfert"":120.0,""dap"":60.0,""dlayr"":5.0,""dtt"":23.561538696289062,""dul"":0.33000001311302185,""ep"":2.188466787338257,""grnwt"":0.0,""istage"":4.0,""ll"":0.09000000357627869,""nstres"":0.0,""rtdep"":90.0,""sat"":0.4599999785423279,""srad"":12.02292537689209,""sw"":0.4437919855117798,""swfac"":0.2289677858352661,""tmax"":33.14845275878906,""topwt"":7683.040771484375,""totir"":45.0,""vstage"":24.0,""wtdep"":90.0,""xlai"":3.3959667682647705}"
P0258,W1,heldout_wgen,heldout_wgen:1084,20,2008-07-01,15,1.0,0.0,0.0,45.0,120.0,early,<=0.05,<=0.05,1,"[1, 1, 1, 1, 1, 1, 1, 1, 1, 1, 1, 1, 0, 0, 0, 0]","[120.0,15.0,21.55560874938965,0.982873797416687,0.0,1.0,0.0,38.279598236083984,24.28818702697754,0.2454410046339035,0.26043400168418884,0.2847079932689667,0.22063399851322174,0.1602640002965927,0.14759300649166107,0.0,33.34420394897461,145.94415283203125,45.0,7.0,90.0,0.2845640182495117]","{""cumsumfert"":120.0,""dap"":15.0,""dlayr"":5.0,""dtt"":21.55560874938965,""dul"":0.33000001311302185,""ep"":0.982873797416687,""grnwt"":0.0,""istage"":1.0,""ll"":0.09000000357627869,""nstres"":0.0,""rtdep"":38.279598236083984,""sat"":0.4599999785423279,""srad"":24.28818702697754,""sw"":0.2454410046339035,""swfac"":0.0,""tmax"":33.34420394897461,""topwt"":145.94415664672852,""totir"":45.0,""vstage"":7.0,""wtdep"":90.0,""xlai"":0.2845640182495117}"
P0259,W1,heldout_wgen,heldout_wgen:1084,24,2008-07-05,19,2.0,0.0,0.0060360431671142,45.0,120.0,early,<=0.05,<=0.05,1,"[1, 1, 1, 1, 1, 1, 1, 1, 1, 1, 1, 1, 0, 0, 0, 0]","[120.0,19.0,22.17119598388672,2.4185855388641357,0.0,2.0,0.006036043167114258,54.60997009277344,27.642253875732422,0.2195570021867752,0.23003900051116943,0.2575930058956146,0.22141599655151367,0.16447199881076813,0.14726999402046204,0.0,35.599327087402344,362.1554260253906,45.0,9.0,90.0,0.6535739302635193]","{""cumsumfert"":120.0,""dap"":19.0,""dlayr"":5.0,""dtt"":22.17119598388672,""dul"":0.33000001311302185,""ep"":2.4185855388641357,""grnwt"":0.0,""istage"":2.0,""ll"":0.09000000357627869,""nstres"":0.006036043167114258,""rtdep"":54.60997009277344,""sat"":0.4599999785423279,""srad"":27.642253875732422,""sw"":0.2195570021867752,""swfac"":0.0,""tmax"":35.599327087402344,""topwt"":362.1554183959961,""totir"":45.0,""vstage"":9.0,""wtdep"":90.0,""xlai"":0.6535739302635193}"
P0260,W1,heldout_wgen,heldout_wgen:1084,77,2008-08-27,72,5.0,0.0,0.0,45.0,120.0,late,<=0.05,<=0.05,1,"[1, 1, 1, 1, 1, 1, 1, 1, 1, 1, 1, 1, 1, 1, 1, 1]","[120.0,72.0,16.45977783203125,5.938584327697754,2718.19384765625,5.0,0.0,90.0,26.8367919921875,0.41097500920295715,0.3689360022544861,0.32999399304389954,0.24487300217151642,0.1568949967622757,0.10254199802875519,0.0,31.119047164916992,13445.728515625,45.0,25.0,90.0,4.186892986297607]","{""cumsumfert"":120.0,""dap"":72.0,""dlayr"":5.0,""dtt"":16.45977783203125,""dul"":0.33000001311302185,""ep"":5.938584327697754,""grnwt"":2718.1939697265625,""istage"":5.0,""ll"":0.09000000357627869,""nstres"":0.0,""rtdep"":90.0,""sat"":0.4599999785423279,""srad"":26.8367919921875,""sw"":0.41097500920295715,""swfac"":0.0,""tmax"":31.119047164916992,""topwt"":13445.728759765625,""totir"":45.0,""vstage"":25.0,""wtdep"":90.0,""xlai"":4.186892986297607}"
P0261,W1,heldout_wgen,heldout_wgen:1086,1,2008-06-12,0,7.0,0.1500000059604644,0.0,45.0,120.0,early,"(0.05,0.25]",<=0.05,1,"[1, 1, 1, 1, 1, 1, 1, 1, 1, 1, 1, 1, 1, 1, 1, 1]","[0.0,0.0,0.0,0.0,0.0,7.0,0.0,0.0,21.806589126586914,0.15000000596046448,0.15000000596046448,0.15000000596046448,0.15000000596046448,0.15000000596046448,0.15000000596046448,0.0,32.17991256713867,0.0,0.0,0.0,0.0,0.0]","{""cumsumfert"":0.0,""dap"":0.0,""dtt"":0.0,""ep"":0.0,""grnwt"":0.0,""istage"":7.0,""nstres"":0.0,""rtdep"":0.0,""srad"":21.806589126586914,""sw"":0.15000000596046448,""swfac"":0.15000000596046448,""tmax"":0.15000000596046448,""topwt"":0.15000000596046448,""totir"":0.15000000596046448,""vstage"":0.15000000596046448,""wtdep"":0.0,""xlai"":32.17991256713867}"
P0262,W1,heldout_wgen,heldout_wgen:1087,1,2008-06-12,0,7.0,0.1500000059604644,0.0,45.0,120.0,early,"(0.05,0.25]",<=0.05,1,"[1, 1, 1, 1, 1, 1, 1, 1, 1, 1, 1, 1, 1, 1, 1, 1]","[0.0,0.0,0.0,0.0,0.0,7.0,0.0,0.0,20.416818618774414,0.15000000596046448,0.15000000596046448,0.15000000596046448,0.15000000596046448,0.15000000596046448,0.15000000596046448,0.0,32.17705535888672,0.0,0.0,0.0,0.0,0.0]","{""cumsumfert"":0.0,""dap"":0.0,""dtt"":0.0,""ep"":0.0,""grnwt"":0.0,""istage"":7.0,""nstres"":0.0,""rtdep"":0.0,""srad"":20.416818618774414,""sw"":0.15000000596046448,""swfac"":0.15000000596046448,""tmax"":0.15000000596046448,""topwt"":0.15000000596046448,""totir"":0.15000000596046448,""vstage"":0.15000000596046448,""wtdep"":0.0,""xlai"":32.17705535888672}"
P0263,W1,heldout_wgen,heldout_wgen:1087,43,2008-07-24,38,3.0,0.0,0.0,45.0,120.0,mid,<=0.05,<=0.05,1,"[1, 1, 1, 1, 1, 1, 1, 1, 1, 1, 1, 1, 1, 1, 1, 1]","[120.0,38.0,18.559555053710938,4.588399410247803,0.0,3.0,0.0,90.0,21.70648765563965,0.3983660042285919,0.4358760118484497,0.34068000316619873,0.3175489902496338,0.1884939968585968,0.13582399487495422,0.0,30.681804656982422,3012.290283203125,45.0,17.0,90.0,3.0834689140319824]","{""cumsumfert"":120.0,""dap"":38.0,""dlayr"":5.0,""dtt"":18.559555053710938,""dul"":0.33000001311302185,""ep"":4.588399410247803,""grnwt"":0.0,""istage"":3.0,""ll"":0.09000000357627869,""nstres"":0.0,""rtdep"":90.0,""sat"":0.4599999785423279,""srad"":21.70648765563965,""sw"":0.3983660042285919,""swfac"":0.0,""tmax"":30.681804656982422,""topwt"":3012.2903442382812,""totir"":45.0,""vstage"":17.0,""wtdep"":90.0,""xlai"":3.0834689140319824}"
P0264,W1,heldout_wgen,heldout_wgen:1089,46,2008-07-27,41,3.0,0.0,0.0,45.0,120.0,mid,<=0.05,<=0.05,1,"[1, 1, 1, 1, 1, 1, 1, 1, 1, 1, 1, 1, 1, 1, 1, 1]","[120.0,41.0,14.039192199707031,3.6464383602142334,0.0,3.0,0.0,90.0,18.203550338745117,0.3594909906387329,0.27974000573158264,0.20859800279140472,0.18193799257278442,0.16463300585746765,0.13164100050926208,0.0,24.170207977294922,3622.802490234375,45.0,18.0,90.0,3.57769513130188]","{""cumsumfert"":120.0,""dap"":41.0,""dlayr"":5.0,""dtt"":14.039192199707031,""dul"":0.33000001311302185,""ep"":3.6464383602142334,""grnwt"":0.0,""istage"":3.0,""ll"":0.09000000357627869,""nstres"":0.0,""rtdep"":90.0,""sat"":0.4599999785423279,""srad"":18.203550338745117,""sw"":0.3594909906387329,""swfac"":0.0,""tmax"":24.170207977294922,""topwt"":3622.8024291992188,""totir"":45.0,""vstage"":18.0,""wtdep"":90.0,""xlai"":3.57769513130188}"
P0265,W1,heldout_wgen,heldout_wgen:1089,81,2008-08-31,76,5.0,0.0,0.0,45.0,120.0,late,<=0.05,<=0.05,1,"[1, 1, 1, 1, 1, 1, 1, 1, 1, 1, 1, 1, 1, 1, 1, 1]","[120.0,76.0,15.476806640625,3.579042434692383,2193.70947265625,5.0,0.0,90.0,16.509872436523438,0.4491040110588074,0.45220500230789185,0.45023900270462036,0.33235499262809753,0.1966859996318817,0.09994400292634964,0.0,27.60706901550293,12431.4013671875,45.0,24.0,90.0,4.4236297607421875]","{""cumsumfert"":120.0,""dap"":76.0,""dlayr"":5.0,""dtt"":15.476806640625,""dul"":0.33000001311302185,""ep"":3.579042434692383,""grnwt"":2193.7094116210938,""istage"":5.0,""ll"":0.09000000357627869,""nstres"":0.0,""rtdep"":90.0,""sat"":0.4599999785423279,""srad"":16.509872436523438,""sw"":0.4491040110588074,""swfac"":0.0,""tmax"":27.60706901550293,""topwt"":12431.4013671875,""totir"":45.0,""vstage"":24.0,""wtdep"":90.0,""xlai"":4.4236297607421875}"
P0266,W1,heldout_wgen,heldout_wgen:1091,40,2008-07-21,35,3.0,0.0,0.0,45.0,120.0,early,<=0.05,<=0.05,1,"[1, 1, 1, 1, 1, 1, 1, 1, 1, 1, 1, 1, 1, 1, 1, 1]","[120.0,35.0,23.498857498168945,5.204289436340332,0.0,3.0,0.0,90.0,18.504331588745117,0.3012770116329193,0.3468810021877289,0.32152900099754333,0.2583959996700287,0.16881799697875977,0.13563600182533264,0.0,39.70966339111328,2467.994140625,45.0,17.0,90.0,2.817605495452881]","{""cumsumfert"":120.0,""dap"":35.0,""dlayr"":5.0,""dtt"":23.498857498168945,""dul"":0.33000001311302185,""ep"":5.204289436340332,""grnwt"":0.0,""istage"":3.0,""ll"":0.09000000357627869,""nstres"":0.0,""rtdep"":90.0,""sat"":0.4599999785423279,""srad"":18.504331588745117,""sw"":0.3012770116329193,""swfac"":0.0,""tmax"":39.70966339111328,""topwt"":2467.9942321777344,""totir"":45.0,""vstage"":17.0,""wtdep"":90.0,""xlai"":2.817605495452881}"
P0267,W1,heldout_wgen,heldout_wgen:1091,104,2008-09-23,99,5.0,0.2531513571739197,0.1776161789894104,45.0,120.0,late,"(0.25,0.50]","(0.05,0.25]",1,"[1, 0, 0, 0, 1, 0, 0, 0, 1, 0, 0, 0, 1, 0, 0, 0]","[120.0,99.0,15.808515548706055,1.807605504989624,9079.7763671875,5.0,0.1776161789894104,90.0,12.58642578125,0.07316700369119644,0.09856799989938736,0.11889500170946121,0.1311420053243637,0.13290700316429138,0.08249200135469437,0.2531513571739197,30.670516967773438,20144.634765625,45.0,25.0,90.0,2.335944414138794]","{""cumsumfert"":120.0,""dap"":99.0,""dlayr"":5.0,""dtt"":15.808515548706055,""dul"":0.33000001311302185,""ep"":1.807605504989624,""grnwt"":9079.776611328125,""istage"":5.0,""ll"":0.09000000357627869,""nstres"":0.1776161789894104,""rtdep"":90.0,""sat"":0.4599999785423279,""srad"":12.58642578125,""sw"":0.07316700369119644,""swfac"":0.2531513571739197,""tmax"":30.670516967773438,""topwt"":20144.635009765625,""totir"":45.0,""vstage"":25.0,""wtdep"":90.0,""xlai"":2.335944414138794}"
P0268,W1,heldout_wgen,heldout_wgen:1091,105,2008-09-24,100,5.0,0.2027480602264404,0.1910110712051391,45.0,120.0,late,"(0.05,0.25]","(0.05,0.25]",1,"[1, 0, 0, 0, 1, 0, 0, 0, 1, 0, 0, 0, 1, 0, 0, 0]","[120.0,100.0,12.422964096069336,1.4602065086364746,9318.5537109375,5.0,0.19101107120513916,90.0,10.608979225158691,0.3702090084552765,0.09747900068759918,0.11679200083017349,0.1292240023612976,0.13132299482822418,0.08113999664783478,0.20274806022644043,23.38510513305664,20289.294921875,45.0,25.0,90.0,2.1847100257873535]","{""cumsumfert"":120.0,""dap"":100.0,""dlayr"":5.0,""dtt"":12.422964096069336,""dul"":0.33000001311302185,""ep"":1.4602065086364746,""grnwt"":9318.554077148438,""istage"":5.0,""ll"":0.09000000357627869,""nstres"":0.19101107120513916,""rtdep"":90.0,""sat"":0.4599999785423279,""srad"":10.608979225158691,""sw"":0.3702090084552765,""swfac"":0.20274806022644043,""tmax"":23.38510513305664,""topwt"":20289.295654296875,""totir"":45.0,""vstage"":25.0,""wtdep"":90.0,""xlai"":2.1847100257873535}"
P0269,W1,heldout_wgen,heldout_wgen:1091,106,2008-09-25,101,6.0,0.0,0.2100773453712463,45.0,120.0,late,<=0.05,"(0.05,0.25]",1,"[1, 0, 0, 0, 1, 0, 0, 0, 1, 0, 0, 0, 1, 0, 0, 0]","[120.0,101.0,16.37531280517578,0.8448302745819092,9318.5537109375,6.0,0.21007734537124634,90.0,4.5950517654418945,0.41160300374031067,0.11544699966907501,0.11661700159311295,0.12897899746894836,0.1310970038175583,0.08096600323915482,0.0,27.121702194213867,20289.294921875,45.0,25.0,90.0,2.1847100257873535]","{""cumsumfert"":120.0,""dap"":101.0,""dlayr"":5.0,""dtt"":16.37531280517578,""dul"":0.33000001311302185,""ep"":0.8448302745819092,""grnwt"":9318.554077148438,""istage"":6.0,""ll"":0.09000000357627869,""nstres"":0.21007734537124634,""rtdep"":90.0,""sat"":0.4599999785423279,""srad"":4.5950517654418945,""sw"":0.41160300374031067,""swfac"":0.0,""tmax"":27.121702194213867,""topwt"":20289.295654296875,""totir"":45.0,""vstage"":25.0,""wtdep"":90.0,""xlai"":2.1847100257873535}"
P0270,W1,heldout_wgen,heldout_wgen:1092,26,2008-07-07,21,2.0,0.0,0.0042153596878051,45.0,120.0,early,<=0.05,<=0.05,1,"[1, 1, 1, 1, 1, 1, 1, 1, 1, 1, 1, 1, 0, 0, 0, 0]","[120.0,21.0,21.707557678222656,0.9343525171279907,0.0,2.0,0.004215359687805176,53.379520416259766,11.954641342163086,0.38731199502944946,0.4544839859008789,0.3243499994277954,0.192454993724823,0.1592250019311905,0.14689800143241882,0.0,34.131553649902344,289.2543640136719,45.0,9.0,90.0,0.5422606468200684]","{""cumsumfert"":120.0,""dap"":21.0,""dlayr"":5.0,""dtt"":21.707557678222656,""dul"":0.33000001311302185,""ep"":0.9343525171279907,""grnwt"":0.0,""istage"":2.0,""ll"":0.09000000357627869,""nstres"":0.004215359687805176,""rtdep"":53.379520416259766,""sat"":0.4599999785423279,""srad"":11.954641342163086,""sw"":0.38731199502944946,""swfac"":0.0,""tmax"":34.131553649902344,""topwt"":289.2543601989746,""totir"":45.0,""vstage"":9.0,""wtdep"":90.0,""xlai"":0.5422606468200684}"
P0271,W1,heldout_wgen,heldout_wgen:1092,85,2008-09-04,80,5.0,0.0,0.0,45.0,120.0,late,<=0.05,<=0.05,1,"[1, 1, 1, 1, 1, 1, 1, 1, 1, 1, 1, 1, 1, 1, 1, 1]","[120.0,80.0,11.984296798706055,3.5058295726776123,3413.064453125,5.0,0.0,90.0,18.003250122070312,0.43172499537467957,0.30634599924087524,0.28501901030540466,0.18480099737644196,0.163565993309021,0.10551600158214569,0.0,27.314748764038086,12241.0537109375,45.0,24.0,90.0,3.256577730178833]","{""cumsumfert"":120.0,""dap"":80.0,""dlayr"":5.0,""dtt"":11.984296798706055,""dul"":0.33000001311302185,""ep"":3.5058295726776123,""grnwt"":3413.0645751953125,""istage"":5.0,""ll"":0.09000000357627869,""nstres"":0.0,""rtdep"":90.0,""sat"":0.4599999785423279,""srad"":18.003250122070312,""sw"":0.43172499537467957,""swfac"":0.0,""tmax"":27.314748764038086,""topwt"":12241.053466796875,""totir"":45.0,""vstage"":24.0,""wtdep"":90.0,""xlai"":3.256577730178833}"
P0272,W1,heldout_wgen,heldout_wgen:1093,106,2008-09-25,101,5.0,0.0,0.0719015598297119,45.0,120.0,late,<=0.05,"(0.05,0.25]",1,"[1, 0, 0, 0, 1, 0, 0, 0, 1, 0, 0, 0, 1, 0, 0, 0]","[120.0,101.0,18.01543617248535,2.187913417816162,8282.9697265625,5.0,0.07190155982971191,90.0,11.499072074890137,0.2106820046901703,0.22850100696086884,0.23547199368476868,0.2076369971036911,0.15838399529457092,0.09686099737882614,0.0,29.259967803955078,18577.7578125,45.0,24.0,90.0,2.0178472995758057]","{""cumsumfert"":120.0,""dap"":101.0,""dlayr"":5.0,""dtt"":18.01543617248535,""dul"":0.33000001311302185,""ep"":2.187913417816162,""grnwt"":8282.969970703125,""istage"":5.0,""ll"":0.09000000357627869,""nstres"":0.07190155982971191,""rtdep"":90.0,""sat"":0.4599999785423279,""srad"":11.499072074890137,""sw"":0.2106820046901703,""swfac"":0.0,""tmax"":29.259967803955078,""topwt"":18577.7587890625,""totir"":45.0,""vstage"":24.0,""wtdep"":90.0,""xlai"":2.0178472995758057}"
P0273,W1,heldout_wgen,heldout_wgen:1094,27,2008-07-08,22,2.0,0.0,0.0,45.0,120.0,early,<=0.05,<=0.05,1,"[1, 1, 1, 1, 1, 1, 1, 1, 1, 1, 1, 1, 0, 0, 0, 0]","[120.0,22.0,20.978832244873047,0.6810280084609985,0.0,2.0,0.0,62.51800537109375,6.604648113250732,0.35482901334762573,0.23240399360656738,0.21114100515842438,0.17058700323104858,0.1578810065984726,0.14676299691200256,0.0,31.610340118408203,432.7662658691406,45.0,11.0,90.0,0.7534560561180115]","{""cumsumfert"":120.0,""dap"":22.0,""dlayr"":5.0,""dtt"":20.978832244873047,""dul"":0.33000001311302185,""ep"":0.6810280084609985,""grnwt"":0.0,""istage"":2.0,""ll"":0.09000000357627869,""nstres"":0.0,""rtdep"":62.51800537109375,""sat"":0.4599999785423279,""srad"":6.604648113250732,""sw"":0.35482901334762573,""swfac"":0.0,""tmax"":31.610340118408203,""topwt"":432.7662658691406,""totir"":45.0,""vstage"":11.0,""wtdep"":90.0,""xlai"":0.7534560561180115}"
P0274,W1,heldout_wgen,heldout_wgen:1094,102,2008-09-21,97,5.0,0.0,0.0,45.0,120.0,late,<=0.05,<=0.05,1,"[1, 0, 0, 0, 1, 0, 0, 0, 1, 0, 0, 0, 1, 0, 0, 0]","[120.0,97.0,10.825687408447266,2.167607069015503,6225.45947265625,5.0,0.0,90.0,12.096628189086914,0.3206540048122406,0.354636013507843,0.3845120072364807,0.36107000708580017,0.343654990196228,0.34937798976898193,0.0,25.596372604370117,16177.5439453125,45.0,24.0,90.0,2.5928924083709717]","{""cumsumfert"":120.0,""dap"":97.0,""dlayr"":5.0,""dtt"":10.825687408447266,""dul"":0.33000001311302185,""ep"":2.167607069015503,""grnwt"":6225.4595947265625,""istage"":5.0,""ll"":0.09000000357627869,""nstres"":0.0,""rtdep"":90.0,""sat"":0.4599999785423279,""srad"":12.096628189086914,""sw"":0.3206540048122406,""swfac"":0.0,""tmax"":25.596372604370117,""topwt"":16177.5439453125,""totir"":45.0,""vstage"":24.0,""wtdep"":90.0,""xlai"":2.5928924083709717}"
P0275,W1,heldout_wgen,heldout_wgen:1095,60,2008-08-10,55,3.0,0.0,0.0,45.0,120.0,mid,<=0.05,<=0.05,1,"[1, 1, 1, 1, 1, 1, 1, 1, 1, 1, 1, 1, 1, 1, 1, 1]","[120.0,55.0,16.025405883789062,1.3173216581344604,0.0,3.0,0.0,90.0,6.069091320037842,0.4523639976978302,0.45190200209617615,0.42127400636672974,0.34114301204681396,0.25828999280929565,0.15311500430107117,0.0,24.665992736816406,7838.486328125,45.0,24.0,90.0,4.620086193084717]","{""cumsumfert"":120.0,""dap"":55.0,""dlayr"":5.0,""dtt"":16.025405883789062,""dul"":0.33000001311302185,""ep"":1.3173216581344604,""grnwt"":0.0,""istage"":3.0,""ll"":0.09000000357627869,""nstres"":0.0,""rtdep"":90.0,""sat"":0.4599999785423279,""srad"":6.069091320037842,""sw"":0.4523639976978302,""swfac"":0.0,""tmax"":24.665992736816406,""topwt"":7838.486328125,""totir"":45.0,""vstage"":24.0,""wtdep"":90.0,""xlai"":4.620086193084717}"
P0276,W1,heldout_wgen,heldout_wgen:1095,89,2008-09-08,84,5.0,0.0,0.0,45.0,120.0,late,<=0.05,<=0.05,1,"[1, 1, 1, 1, 1, 1, 1, 1, 1, 1, 1, 1, 1, 1, 1, 1]","[120.0,84.0,11.433902740478516,1.7500331401824951,5324.83154296875,5.0,0.0,90.0,9.414266586303711,0.23476800322532654,0.24033600091934204,0.25384101271629333,0.23053599894046783,0.19866499304771423,0.12107100337743759,0.0,24.09576988220215,15583.4453125,45.0,24.0,90.0,2.9535021781921387]","{""cumsumfert"":120.0,""dap"":84.0,""dlayr"":5.0,""dtt"":11.433902740478516,""dul"":0.33000001311302185,""ep"":1.7500331401824951,""grnwt"":5324.83154296875,""istage"":5.0,""ll"":0.09000000357627869,""nstres"":0.0,""rtdep"":90.0,""sat"":0.4599999785423279,""srad"":9.414266586303711,""sw"":0.23476800322532654,""swfac"":0.0,""tmax"":24.09576988220215,""topwt"":15583.44482421875,""totir"":45.0,""vstage"":24.0,""wtdep"":90.0,""xlai"":2.9535021781921387}"
P0277,W1,heldout_wgen,heldout_wgen:1097,50,2008-07-31,45,3.0,0.0,0.0,45.0,120.0,mid,<=0.05,<=0.05,1,"[1, 1, 1, 1, 1, 1, 1, 1, 1, 1, 1, 1, 1, 1, 1, 1]","[120.0,45.0,15.329360961914062,2.225736141204834,0.0,3.0,0.0,90.0,10.65777587890625,0.35638800263404846,0.3122900128364563,0.3276039958000183,0.3214310109615326,0.3036310076713562,0.16431200504302979,0.0,28.24086570739746,4448.02880859375,45.0,21.0,90.0,3.6249866485595703]","{""cumsumfert"":120.0,""dap"":45.0,""dlayr"":5.0,""dtt"":15.329360961914062,""dul"":0.33000001311302185,""ep"":2.225736141204834,""grnwt"":0.0,""istage"":3.0,""ll"":0.09000000357627869,""nstres"":0.0,""rtdep"":90.0,""sat"":0.4599999785423279,""srad"":10.65777587890625,""sw"":0.35638800263404846,""swfac"":0.0,""tmax"":28.24086570739746,""topwt"":4448.028869628906,""totir"":45.0,""vstage"":21.0,""wtdep"":90.0,""xlai"":3.6249866485595703}"
P0278,W1,heldout_wgen,heldout_wgen:1098,63,2008-08-13,58,4.0,0.0,0.0,45.0,120.0,mid,<=0.05,<=0.05,1,"[1, 1, 1, 1, 1, 1, 1, 1, 1, 1, 1, 1, 1, 1, 1, 1]","[120.0,58.0,21.27127456665039,2.222334384918213,0.0,4.0,0.0,90.0,9.190361022949219,0.4510509967803955,0.4488149881362915,0.4650079905986786,0.19948600232601166,0.15217900276184082,0.1082099974155426,0.0,33.19155502319336,9027.84765625,45.0,24.0,90.0,4.655666828155518]","{""cumsumfert"":120.0,""dap"":58.0,""dlayr"":5.0,""dtt"":21.27127456665039,""dul"":0.33000001311302185,""ep"":2.222334384918213,""grnwt"":0.0,""istage"":4.0,""ll"":0.09000000357627869,""nstres"":0.0,""rtdep"":90.0,""sat"":0.4599999785423279,""srad"":9.190361022949219,""sw"":0.4510509967803955,""swfac"":0.0,""tmax"":33.19155502319336,""topwt"":9027.847290039062,""totir"":45.0,""vstage"":24.0,""wtdep"":90.0,""xlai"":4.655666828155518}"
P0279,W1,heldout_wgen,heldout_wgen:1099,83,2008-09-02,78,5.0,0.0,0.0,45.0,120.0,late,<=0.05,<=0.05,1,"[1, 1, 1, 1, 1, 1, 1, 1, 1, 1, 1, 1, 1, 1, 1, 1]","[120.0,78.0,11.508975982666016,2.0337696075439453,3911.391845703125,5.0,0.0,90.0,10.272860527038574,0.250122994184494,0.24319399893283844,0.23194600641727448,0.16128599643707275,0.15082700550556183,0.09802299737930298,0.0,25.024248123168945,13181.560546875,45.0,25.0,90.0,3.9429409503936768]","{""cumsumfert"":120.0,""dap"":78.0,""dlayr"":5.0,""dtt"":11.508975982666016,""dul"":0.33000001311302185,""ep"":2.0337696075439453,""grnwt"":3911.3919067382812,""istage"":5.0,""ll"":0.09000000357627869,""nstres"":0.0,""rtdep"":90.0,""sat"":0.4599999785423279,""srad"":10.272860527038574,""sw"":0.250122994184494,""swfac"":0.0,""tmax"":25.024248123168945,""topwt"":13181.56005859375,""totir"":45.0,""vstage"":25.0,""wtdep"":90.0,""xlai"":3.9429409503936768}"
P0280,W1,heldout_wgen,heldout_wgen:1099,101,2008-09-20,96,5.0,0.2231491804122924,0.0089767575263977,45.0,120.0,late,"(0.05,0.25]",<=0.05,1,"[1, 0, 0, 0, 1, 0, 0, 0, 1, 0, 0, 0, 1, 0, 0, 0]","[120.0,96.0,14.049680709838867,2.7166366577148438,8325.2958984375,5.0,0.008976757526397705,90.0,20.27457046508789,0.08233600109815598,0.10379499942064285,0.12228599935770035,0.13240399956703186,0.13657499849796295,0.08779200166463852,0.22314918041229248,28.553895950317383,17301.1015625,45.0,25.0,90.0,1.9913034439086914]","{""cumsumfert"":120.0,""dap"":96.0,""dlayr"":5.0,""dtt"":14.049680709838867,""dul"":0.33000001311302185,""ep"":2.7166366577148438,""grnwt"":8325.296020507812,""istage"":5.0,""ll"":0.09000000357627869,""nstres"":0.008976757526397705,""rtdep"":90.0,""sat"":0.4599999785423279,""srad"":20.27457046508789,""sw"":0.08233600109815598,""swfac"":0.22314918041229248,""tmax"":28.553895950317383,""topwt"":17301.102294921875,""totir"":45.0,""vstage"":25.0,""wtdep"":90.0,""xlai"":1.9913034439086914}"
P0281,W1,heldout_wgen,heldout_wgen:1099,104,2008-09-23,99,6.0,0.381445050239563,0.0410141944885253,45.0,120.0,late,"(0.25,0.50]",<=0.05,1,"[1, 0, 0, 0, 1, 0, 0, 0, 1, 0, 0, 0, 1, 0, 0, 0]","[120.0,99.0,9.453117370605469,1.4726364612579346,8325.2958984375,6.0,0.04101419448852539,90.0,15.465193748474121,0.05988200008869171,0.09756699949502945,0.11670000106096268,0.12720400094985962,0.13234800100326538,0.08432900160551071,0.381445050239563,23.000852584838867,17301.1015625,45.0,25.0,90.0,1.9913034439086914]","{""cumsumfert"":120.0,""dap"":99.0,""dlayr"":5.0,""dtt"":9.453117370605469,""dul"":0.33000001311302185,""ep"":1.4726364612579346,""grnwt"":8325.296020507812,""istage"":6.0,""ll"":0.09000000357627869,""nstres"":0.04101419448852539,""rtdep"":90.0,""sat"":0.4599999785423279,""srad"":15.465193748474121,""sw"":0.05988200008869171,""swfac"":0.381445050239563,""tmax"":23.000852584838867,""topwt"":17301.102294921875,""totir"":45.0,""vstage"":25.0,""wtdep"":90.0,""xlai"":1.9913034439086914}"
P0282,W1,heldout_wgen,heldout_wgen:1099,105,2008-09-24,100,6.0,0.5323807299137115,0.0410141944885253,45.0,120.0,late,>0.50,<=0.05,1,"[1, 0, 0, 0, 1, 0, 0, 0, 1, 0, 0, 0, 1, 0, 0, 0]","[120.0,100.0,11.474483489990234,1.2441421747207642,8325.2958984375,6.0,0.04101419448852539,90.0,16.600414276123047,0.05981900170445442,0.09580100327730179,0.11498700082302094,0.125560000538826,0.1309249997138977,0.08312799781560898,0.5323807001113892,24.71310806274414,17301.1015625,45.0,25.0,90.0,1.9913034439086914]","{""cumsumfert"":120.0,""dap"":100.0,""dlayr"":5.0,""dtt"":11.474483489990234,""dul"":0.33000001311302185,""ep"":1.2441421747207642,""grnwt"":8325.296020507812,""istage"":6.0,""ll"":0.09000000357627869,""nstres"":0.04101419448852539,""rtdep"":90.0,""sat"":0.4599999785423279,""srad"":16.600414276123047,""sw"":0.05981900170445442,""swfac"":0.5323807299137115,""tmax"":24.71310806274414,""topwt"":17301.102294921875,""totir"":45.0,""vstage"":25.0,""wtdep"":90.0,""xlai"":1.9913034439086914}"
P0283,W1,observed_weather,observed_weather:2014,52,2014-08-03,47,3.0,0.4121947288513183,0.0,45.0,120.0,mid,"(0.25,0.50]",<=0.05,1,"[1, 1, 1, 1, 1, 1, 1, 1, 1, 1, 1, 1, 1, 1, 1, 1]","[120.0,47.0,20.81689453125,3.021489381790161,0.0,3.0,0.0,90.0,21.399999618530273,0.09000000357627869,0.09992499649524689,0.12173400074243546,0.1348389983177185,0.1401900053024292,0.0935010015964508,0.41219472885131836,35.29999923706055,6235.45361328125,45.0,22.0,90.0,4.477355003356934]","{""cumsumfert"":120.0,""dap"":47.0,""dlayr"":5.0,""dtt"":20.81689453125,""dul"":0.33000001311302185,""ep"":3.021489381790161,""grnwt"":0.0,""istage"":3.0,""ll"":0.09000000357627869,""nstres"":0.0,""rtdep"":90.0,""sat"":0.4599999785423279,""srad"":21.399999618530273,""sw"":0.09000000357627869,""swfac"":0.41219472885131836,""tmax"":35.29999923706055,""topwt"":6235.4534912109375,""totir"":45.0,""vstage"":22.0,""wtdep"":90.0,""xlai"":4.477355003356934}"
P0284,W1,observed_weather,observed_weather:2014,54,2014-08-05,49,3.0,0.2195423245429992,0.0,45.0,120.0,mid,"(0.05,0.25]",<=0.05,1,"[1, 1, 1, 1, 1, 1, 1, 1, 1, 1, 1, 1, 1, 1, 1, 1]","[120.0,49.0,17.75,1.73539400100708,0.0,3.0,0.0,90.0,9.899999618530273,0.0832500010728836,0.0953340008854866,0.11689099669456482,0.12978799641132355,0.1354680061340332,0.08915500342845917,0.21954232454299927,29.799999237060547,6513.03466796875,45.0,23.0,90.0,4.376114845275879]","{""cumsumfert"":120.0,""dap"":49.0,""dlayr"":5.0,""dtt"":17.75,""dul"":0.33000001311302185,""ep"":1.73539400100708,""grnwt"":0.0,""istage"":3.0,""ll"":0.09000000357627869,""nstres"":0.0,""rtdep"":90.0,""sat"":0.4599999785423279,""srad"":9.899999618530273,""sw"":0.0832500010728836,""swfac"":0.21954232454299927,""tmax"":29.799999237060547,""topwt"":6513.03466796875,""totir"":45.0,""vstage"":23.0,""wtdep"":90.0,""xlai"":4.376114845275879}"
P0285,W1,observed_weather,observed_weather:2014,55,2014-08-06,50,3.0,0.0677639245986938,0.0,45.0,120.0,mid,"(0.05,0.25]",<=0.05,1,"[1, 1, 1, 1, 1, 1, 1, 1, 1, 1, 1, 1, 1, 1, 1, 1]","[120.0,50.0,17.349998474121094,1.4278817176818848,0.0,3.0,0.0,90.0,6.900000095367432,0.10976699739694595,0.09369900077581406,0.11513199657201767,0.12794199585914612,0.13372200727462769,0.08759400248527527,0.06776392459869385,28.299999237060547,6630.220703125,45.0,23.0,90.0,4.389787197113037]","{""cumsumfert"":120.0,""dap"":50.0,""dlayr"":5.0,""dtt"":17.349998474121094,""dul"":0.33000001311302185,""ep"":1.4278817176818848,""grnwt"":0.0,""istage"":3.0,""ll"":0.09000000357627869,""nstres"":0.0,""rtdep"":90.0,""sat"":0.4599999785423279,""srad"":6.900000095367432,""sw"":0.10976699739694595,""swfac"":0.06776392459869385,""tmax"":28.299999237060547,""topwt"":6630.220947265625,""totir"":45.0,""vstage"":23.0,""wtdep"":90.0,""xlai"":4.389787197113037}"
P0286,W1,observed_weather,observed_weather:2014,56,2014-08-07,51,3.0,0.6922878921031952,0.0,45.0,120.0,mid,>0.50,<=0.05,1,"[1, 1, 1, 1, 1, 1, 1, 1, 1, 1, 1, 1, 1, 1, 1, 1]","[120.0,51.0,17.25,1.534191370010376,0.0,3.0,0.0,90.0,22.299999237060547,0.0977109968662262,0.0925849974155426,0.11364000290632248,0.12637600302696228,0.13222800195217133,0.08626800030469894,0.6922879219055176,30.5,6702.197265625,45.0,24.0,90.0,4.25386905670166]","{""cumsumfert"":120.0,""dap"":51.0,""dlayr"":5.0,""dtt"":17.25,""dul"":0.33000001311302185,""ep"":1.534191370010376,""grnwt"":0.0,""istage"":3.0,""ll"":0.09000000357627869,""nstres"":0.0,""rtdep"":90.0,""sat"":0.4599999785423279,""srad"":22.299999237060547,""sw"":0.0977109968662262,""swfac"":0.6922878921031952,""tmax"":30.5,""topwt"":6702.197265625,""totir"":45.0,""vstage"":24.0,""wtdep"":90.0,""xlai"":4.25386905670166}"
P0287,W1,observed_weather,observed_weather:2014,60,2014-08-11,55,3.0,0.8463372141122818,0.0,45.0,120.0,mid,>0.50,<=0.05,1,"[1, 1, 1, 1, 1, 1, 1, 1, 1, 1, 1, 1, 1, 1, 1, 1]","[120.0,55.0,18.450000762939453,0.6071416139602661,0.0,3.0,0.0,90.0,21.100000381469727,0.07222700119018555,0.09000100195407867,0.10999999940395355,0.12139599770307541,0.1274610012769699,0.08222199976444244,0.8463371992111206,32.900001525878906,6904.98046875,45.0,24.0,90.0,3.678877353668213]","{""cumsumfert"":120.0,""dap"":55.0,""dlayr"":5.0,""dtt"":18.450000762939453,""dul"":0.33000001311302185,""ep"":0.6071416139602661,""grnwt"":0.0,""istage"":3.0,""ll"":0.09000000357627869,""nstres"":0.0,""rtdep"":90.0,""sat"":0.4599999785423279,""srad"":21.100000381469727,""sw"":0.07222700119018555,""swfac"":0.8463372141122818,""tmax"":32.900001525878906,""topwt"":6904.98046875,""totir"":45.0,""vstage"":24.0,""wtdep"":90.0,""xlai"":3.678877353668213}"
P0288,W1,observed_weather,observed_weather:2014,61,2014-08-12,56,4.0,0.8747914433479309,0.0,45.0,120.0,mid,>0.50,<=0.05,1,"[1, 1, 1, 1, 1, 1, 1, 1, 1, 1, 1, 1, 1, 1, 1, 1]","[120.0,56.0,17.5,0.5428024530410767,0.0,4.0,0.0,90.0,23.100000381469727,0.0633080005645752,0.09000000357627869,0.11000599712133408,0.12040600180625916,0.12646299600601196,0.08140400052070618,0.8747914433479309,32.900001525878906,6917.34814453125,45.0,24.0,90.0,3.5179643630981445]","{""cumsumfert"":120.0,""dap"":56.0,""dlayr"":5.0,""dtt"":17.5,""dul"":0.33000001311302185,""ep"":0.5428024530410767,""grnwt"":0.0,""istage"":4.0,""ll"":0.09000000357627869,""nstres"":0.0,""rtdep"":90.0,""sat"":0.4599999785423279,""srad"":23.100000381469727,""sw"":0.0633080005645752,""swfac"":0.8747914433479309,""tmax"":32.900001525878906,""topwt"":6917.3480224609375,""totir"":45.0,""vstage"":24.0,""wtdep"":90.0,""xlai"":3.5179643630981445}"
P0289,W1,observed_weather,observed_weather:2014,64,2014-08-15,59,4.0,0.6104676127433777,0.0,45.0,120.0,mid,>0.50,<=0.05,1,"[1, 1, 1, 1, 1, 1, 1, 1, 1, 1, 1, 1, 1, 1, 1, 1]","[120.0,59.0,16.450000762939453,1.4341368675231934,0.0,4.0,0.0,90.0,23.5,0.09000000357627869,0.09051600098609924,0.10999999940395355,0.11999999731779099,0.12393099814653397,0.07930999994277954,0.6104676127433777,31.100000381469727,7018.25390625,45.0,24.0,90.0,3.125434160232544]","{""cumsumfert"":120.0,""dap"":59.0,""dlayr"":5.0,""dtt"":16.450000762939453,""dul"":0.33000001311302185,""ep"":1.4341368675231934,""grnwt"":0.0,""istage"":4.0,""ll"":0.09000000357627869,""nstres"":0.0,""rtdep"":90.0,""sat"":0.4599999785423279,""srad"":23.5,""sw"":0.09000000357627869,""swfac"":0.6104676127433777,""tmax"":31.100000381469727,""topwt"":7018.2537841796875,""totir"":45.0,""vstage"":24.0,""wtdep"":90.0,""xlai"":3.125434160232544}"
P0290,W1,observed_weather,observed_weather:2014,83,2014-09-03,78,5.0,0.0,0.0,45.0,120.0,late,<=0.05,<=0.05,1,"[1, 1, 1, 1, 1, 1, 1, 1, 1, 1, 1, 1, 1, 1, 1, 1]","[120.0,78.0,14.0,1.9886500835418701,1241.5552978515625,5.0,0.0,90.0,18.299999237060547,0.09000000357627869,0.09108699858188629,0.10999999940395355,0.11999999731779099,0.1200070008635521,0.07259300351142883,0.0,27.0,9181.947265625,45.0,24.0,90.0,1.9061025381088257]","{""cumsumfert"":120.0,""dap"":78.0,""dlayr"":5.0,""dtt"":14.0,""dul"":0.33000001311302185,""ep"":1.9886500835418701,""grnwt"":1241.5552520751953,""istage"":5.0,""ll"":0.09000000357627869,""nstres"":0.0,""rtdep"":90.0,""sat"":0.4599999785423279,""srad"":18.299999237060547,""sw"":0.09000000357627869,""swfac"":0.0,""tmax"":27.0,""topwt"":9181.947021484375,""totir"":45.0,""vstage"":24.0,""wtdep"":90.0,""xlai"":1.9061025381088257}"
P0291,W1,observed_weather,observed_weather:2014,88,2014-09-08,83,5.0,0.9057605266571044,0.0,45.0,120.0,late,>0.50,<=0.05,1,"[1, 1, 1, 1, 1, 1, 1, 1, 1, 1, 1, 1, 1, 1, 1, 1]","[120.0,83.0,15.350000381469727,0.09270656108856201,1660.488525390625,5.0,0.0,90.0,11.5,0.05962499976158142,0.09000000357627869,0.10999999940395355,0.11999999731779099,0.11999999731779099,0.07094399631023407,0.9057605266571045,28.700000762939453,9279.5537109375,45.0,24.0,90.0,1.5078221559524536]","{""cumsumfert"":120.0,""dap"":83.0,""dlayr"":5.0,""dtt"":15.350000381469727,""dul"":0.33000001311302185,""ep"":0.09270656108856201,""grnwt"":1660.4885864257812,""istage"":5.0,""ll"":0.09000000357627869,""nstres"":0.0,""rtdep"":90.0,""sat"":0.4599999785423279,""srad"":11.5,""sw"":0.05962499976158142,""swfac"":0.9057605266571045,""tmax"":28.700000762939453,""topwt"":9279.553833007812,""totir"":45.0,""vstage"":24.0,""wtdep"":90.0,""xlai"":1.5078221559524536}"
P0292,W1,observed_weather,observed_weather:2014,89,2014-09-09,84,5.0,0.9629070349037648,0.0,45.0,120.0,late,>0.50,<=0.05,1,"[1, 1, 1, 1, 1, 1, 1, 1, 1, 1, 1, 1, 1, 1, 1, 1]","[120.0,84.0,16.549999237060547,0.08881457149982452,1739.9130859375,5.0,0.0,90.0,15.5,0.05962499976158142,0.09000000357627869,0.10999999940395355,0.11999999731779099,0.12000200152397156,0.07064700126647949,0.9629070162773132,29.600000381469727,9287.53125,45.0,24.0,90.0,1.435227632522583]","{""cumsumfert"":120.0,""dap"":84.0,""dlayr"":5.0,""dtt"":16.549999237060547,""dul"":0.33000001311302185,""ep"":0.08881457149982452,""grnwt"":1739.9130249023438,""istage"":5.0,""ll"":0.09000000357627869,""nstres"":0.0,""rtdep"":90.0,""sat"":0.4599999785423279,""srad"":15.5,""sw"":0.05962499976158142,""swfac"":0.9629070349037647,""tmax"":29.600000381469727,""topwt"":9287.53173828125,""totir"":45.0,""vstage"":24.0,""wtdep"":90.0,""xlai"":1.435227632522583}"
P0293,W1,observed_weather,observed_weather:2015,87,2015-09-07,82,5.0,0.4525673985481262,0.0,45.0,120.0,late,"(0.25,0.50]",<=0.05,1,"[1, 1, 1, 1, 1, 1, 1, 1, 1, 1, 1, 1, 1, 1, 1, 1]","[120.0,82.0,11.600000381469727,2.3805184364318848,4090.193115234375,5.0,0.0,90.0,21.5,0.09955000132322311,0.10381399840116501,0.11717099696397781,0.12981900572776794,0.13204100728034973,0.08307100087404251,0.4525673985481262,27.899999618530273,15435.560546875,45.0,24.0,90.0,4.206171989440918]","{""cumsumfert"":120.0,""dap"":82.0,""dlayr"":5.0,""dtt"":11.600000381469727,""dul"":0.33000001311302185,""ep"":2.3805184364318848,""grnwt"":4090.1931762695312,""istage"":5.0,""ll"":0.09000000357627869,""nstres"":0.0,""rtdep"":90.0,""sat"":0.4599999785423279,""srad"":21.5,""sw"":0.09955000132322311,""swfac"":0.4525673985481262,""tmax"":27.899999618530273,""topwt"":15435.560302734375,""totir"":45.0,""vstage"":24.0,""wtdep"":90.0,""xlai"":4.206171989440918}"
P0294,W1,observed_weather,observed_weather:2016,37,2016-07-18,32,3.0,0.0,0.0,45.0,120.0,early,<=0.05,<=0.05,1,"[1, 1, 1, 1, 1, 1, 1, 1, 1, 1, 1, 1, 1, 1, 1, 1]","[120.0,32.0,18.149999618530273,2.156522035598755,0.0,3.0,0.0,90.0,11.399999618530273,0.3088130056858063,0.24832400679588318,0.2567119896411896,0.25971999764442444,0.23620100319385529,0.15413999557495117,0.0,30.799999237060547,1827.1142578125,45.0,15.0,90.0,2.309269428253174]","{""cumsumfert"":120.0,""dap"":32.0,""dlayr"":5.0,""dtt"":18.149999618530273,""dul"":0.33000001311302185,""ep"":2.156522035598755,""grnwt"":0.0,""istage"":3.0,""ll"":0.09000000357627869,""nstres"":0.0,""rtdep"":90.0,""sat"":0.4599999785423279,""srad"":11.399999618530273,""sw"":0.3088130056858063,""swfac"":0.0,""tmax"":30.799999237060547,""topwt"":1827.1142578125,""totir"":45.0,""vstage"":15.0,""wtdep"":90.0,""xlai"":2.309269428253174}"
P0295,W1,observed_weather,observed_weather:2016,68,2016-08-18,63,5.0,0.0,0.0,45.0,120.0,mid,<=0.05,<=0.05,1,"[1, 1, 1, 1, 1, 1, 1, 1, 1, 1, 1, 1, 1, 1, 1, 1]","[120.0,63.0,19.049999237060547,3.3085272312164307,216.67709350585938,5.0,0.0,90.0,14.300000190734863,0.37838199734687805,0.2456589937210083,0.15044499933719635,0.16090500354766846,0.16058699786663055,0.11305700242519379,0.0,31.0,10015.1640625,45.0,24.0,90.0,4.440870761871338]","{""cumsumfert"":120.0,""dap"":63.0,""dlayr"":5.0,""dtt"":19.049999237060547,""dul"":0.33000001311302185,""ep"":3.3085272312164307,""grnwt"":216.67709350585938,""istage"":5.0,""ll"":0.09000000357627869,""nstres"":0.0,""rtdep"":90.0,""sat"":0.4599999785423279,""srad"":14.300000190734863,""sw"":0.37838199734687805,""swfac"":0.0,""tmax"":31.0,""topwt"":10015.16357421875,""totir"":45.0,""vstage"":24.0,""wtdep"":90.0,""xlai"":4.440870761871338}"
P0296,W1,observed_weather,observed_weather:2016,80,2016-08-30,75,5.0,0.1469358801841735,0.0,45.0,120.0,late,"(0.05,0.25]",<=0.05,1,"[1, 1, 1, 1, 1, 1, 1, 1, 1, 1, 1, 1, 1, 1, 1, 1]","[120.0,75.0,15.549999237060547,4.005221366882324,2782.82861328125,5.0,0.0,90.0,21.799999237060547,0.10355699807405472,0.10329999774694443,0.1231900006532669,0.1363919973373413,0.14219200611114502,0.09482300281524658,0.14693588018417358,30.700000762939453,12581.314453125,45.0,24.0,90.0,3.9934144020080566]","{""cumsumfert"":120.0,""dap"":75.0,""dlayr"":5.0,""dtt"":15.549999237060547,""dul"":0.33000001311302185,""ep"":4.005221366882324,""grnwt"":2782.8286743164062,""istage"":5.0,""ll"":0.09000000357627869,""nstres"":0.0,""rtdep"":90.0,""sat"":0.4599999785423279,""srad"":21.799999237060547,""sw"":0.10355699807405472,""swfac"":0.14693588018417358,""tmax"":30.700000762939453,""topwt"":12581.314697265625,""totir"":45.0,""vstage"":24.0,""wtdep"":90.0,""xlai"":3.9934144020080566}"
P0297,W1,observed_weather,observed_weather:2016,81,2016-08-31,76,5.0,0.4644909501075744,0.0,45.0,120.0,late,"(0.25,0.50]",<=0.05,1,"[1, 1, 1, 1, 1, 1, 1, 1, 1, 1, 1, 1, 1, 1, 1, 1]","[120.0,76.0,16.75,2.587846279144287,2945.166015625,5.0,0.0,90.0,22.0,0.09516499936580658,0.09986399859189987,0.1200300008058548,0.1333020031452179,0.13939699530601501,0.09213999658823013,0.46449095010757446,31.899999618530273,12743.65234375,45.0,24.0,90.0,3.9006686210632324]","{""cumsumfert"":120.0,""dap"":76.0,""dlayr"":5.0,""dtt"":16.75,""dul"":0.33000001311302185,""ep"":2.587846279144287,""grnwt"":2945.166015625,""istage"":5.0,""ll"":0.09000000357627869,""nstres"":0.0,""rtdep"":90.0,""sat"":0.4599999785423279,""srad"":22.0,""sw"":0.09516499936580658,""swfac"":0.46449095010757446,""tmax"":31.899999618530273,""topwt"":12743.65234375,""totir"":45.0,""vstage"":24.0,""wtdep"":90.0,""xlai"":3.9006686210632324}"
P0298,W1,observed_weather,observed_weather:2016,95,2016-09-14,90,5.0,0.9235806912183762,0.0,45.0,120.0,late,>0.50,<=0.05,1,"[1, 1, 1, 1, 1, 1, 1, 1, 1, 1, 1, 1, 1, 1, 1, 1]","[120.0,90.0,15.899999618530273,0.24606257677078247,4722.74169921875,5.0,0.0,90.0,17.100000381469727,0.05962499976158142,0.09000000357627869,0.10999999940395355,0.12001899629831314,0.12412600219249725,0.07822000235319138,0.9235807061195374,30.899999618530273,13773.4677734375,45.0,24.0,90.0,2.2679343223571777]","{""cumsumfert"":120.0,""dap"":90.0,""dlayr"":5.0,""dtt"":15.899999618530273,""dul"":0.33000001311302185,""ep"":0.24606257677078247,""grnwt"":4722.74169921875,""istage"":5.0,""ll"":0.09000000357627869,""nstres"":0.0,""rtdep"":90.0,""sat"":0.4599999785423279,""srad"":17.100000381469727,""sw"":0.05962499976158142,""swfac"":0.9235806912183762,""tmax"":30.899999618530273,""topwt"":13773.468017578125,""totir"":45.0,""vstage"":24.0,""wtdep"":90.0,""xlai"":2.2679343223571777}"
P0299,W1,observed_weather,observed_weather:2017,81,2017-09-01,76,5.0,0.0,0.0,45.0,120.0,late,<=0.05,<=0.05,1,"[1, 1, 1, 1, 1, 1, 1, 1, 1, 1, 1, 1, 1, 1, 1, 1]","[120.0,76.0,13.600000381469727,3.781297445297241,3300.5673828125,5.0,0.0,90.0,18.200000762939453,0.413318008184433,0.3061409890651703,0.2904910147190094,0.2017499953508377,0.1610340029001236,0.10066799819469452,0.0,28.200000762939453,13619.1689453125,45.0,25.0,90.0,4.011940956115723]","{""cumsumfert"":120.0,""dap"":76.0,""dlayr"":5.0,""dtt"":13.600000381469727,""dul"":0.33000001311302185,""ep"":3.781297445297241,""grnwt"":3300.5673217773438,""istage"":5.0,""ll"":0.09000000357627869,""nstres"":0.0,""rtdep"":90.0,""sat"":0.4599999785423279,""srad"":18.200000762939453,""sw"":0.413318008184433,""swfac"":0.0,""tmax"":28.200000762939453,""topwt"":13619.168701171875,""totir"":45.0,""vstage"":25.0,""wtdep"":90.0,""xlai"":4.011940956115723}"
P0300,W1,observed_weather,observed_weather:2018,35,2018-07-17,30,3.0,0.0,0.0,45.0,120.0,early,<=0.05,<=0.05,1,"[1, 1, 1, 1, 1, 1, 1, 1, 1, 1, 1, 1, 0, 0, 0, 0]","[120.0,30.0,23.0,3.6043295860290527,0.0,3.0,0.0,90.0,17.399999618530273,0.3344219923019409,0.3858039975166321,0.3297339975833893,0.27164798974990845,0.1942719966173172,0.14490699768066406,0.0,34.0,1971.5732421875,45.0,15.0,90.0,2.4280340671539307]","{""cumsumfert"":120.0,""dap"":30.0,""dlayr"":5.0,""dtt"":23.0,""dul"":0.33000001311302185,""ep"":3.6043295860290527,""grnwt"":0.0,""istage"":3.0,""ll"":0.09000000357627869,""nstres"":0.0,""rtdep"":90.0,""sat"":0.4599999785423279,""srad"":17.399999618530273,""sw"":0.3344219923019409,""swfac"":0.0,""tmax"":34.0,""topwt"":1971.5731811523438,""totir"":45.0,""vstage"":15.0,""wtdep"":90.0,""xlai"":2.4280340671539307}"
P0301,W1,observed_weather,observed_weather:2018,46,2018-07-28,41,3.0,0.0,0.0,45.0,120.0,mid,<=0.05,<=0.05,1,"[1, 1, 1, 1, 1, 1, 1, 1, 1, 1, 1, 1, 1, 1, 1, 1]","[120.0,41.0,21.049999237060547,4.5274529457092285,0.0,3.0,0.0,90.0,19.0,0.39660799503326416,0.19790199398994446,0.2198919951915741,0.20766900479793549,0.1686760038137436,0.12426800280809402,0.0,33.70000076293945,5840.451171875,45.0,21.0,90.0,4.4570441246032715]","{""cumsumfert"":120.0,""dap"":41.0,""dlayr"":5.0,""dtt"":21.049999237060547,""dul"":0.33000001311302185,""ep"":4.5274529457092285,""grnwt"":0.0,""istage"":3.0,""ll"":0.09000000357627869,""nstres"":0.0,""rtdep"":90.0,""sat"":0.4599999785423279,""srad"":19.0,""sw"":0.39660799503326416,""swfac"":0.0,""tmax"":33.70000076293945,""topwt"":5840.4510498046875,""totir"":45.0,""vstage"":21.0,""wtdep"":90.0,""xlai"":4.4570441246032715}"
P0302,W1,observed_weather,observed_weather:2018,57,2018-08-08,52,4.0,0.2596732974052429,0.0,45.0,120.0,mid,"(0.25,0.50]",<=0.05,1,"[1, 1, 1, 1, 1, 1, 1, 1, 1, 1, 1, 1, 1, 1, 1, 1]","[120.0,52.0,23.771202087402344,4.370573043823242,0.0,4.0,0.0,90.0,20.600000381469727,0.10124800354242325,0.10547900199890137,0.12692700326442719,0.13958600163459778,0.14459900557994843,0.09752099961042404,0.2596732974052429,37.5,9887.3759765625,45.0,24.0,90.0,4.892569065093994]","{""cumsumfert"":120.0,""dap"":52.0,""dlayr"":5.0,""dtt"":23.771202087402344,""dul"":0.33000001311302185,""ep"":4.370573043823242,""grnwt"":0.0,""istage"":4.0,""ll"":0.09000000357627869,""nstres"":0.0,""rtdep"":90.0,""sat"":0.4599999785423279,""srad"":20.600000381469727,""sw"":0.10124800354242325,""swfac"":0.2596732974052429,""tmax"":37.5,""topwt"":9887.376098632812,""totir"":45.0,""vstage"":24.0,""wtdep"":90.0,""xlai"":4.892569065093994}"
P0303,W1,observed_weather,observed_weather:2018,58,2018-08-09,53,4.0,0.2371717095375061,0.0,45.0,120.0,mid,"(0.05,0.25]",<=0.05,1,"[1, 1, 1, 1, 1, 1, 1, 1, 1, 1, 1, 1, 1, 1, 1, 1]","[120.0,53.0,22.099998474121094,2.7251172065734863,0.0,4.0,0.0,90.0,14.600000381469727,0.09755399823188782,0.10213399678468704,0.1235240027308464,0.13626399636268616,0.14154499769210815,0.09462299942970276,0.2371717095375061,33.099998474121094,10038.1630859375,45.0,24.0,90.0,4.834550380706787]","{""cumsumfert"":120.0,""dap"":53.0,""dlayr"":5.0,""dtt"":22.099998474121094,""dul"":0.33000001311302185,""ep"":2.7251172065734863,""grnwt"":0.0,""istage"":4.0,""ll"":0.09000000357627869,""nstres"":0.0,""rtdep"":90.0,""sat"":0.4599999785423279,""srad"":14.600000381469727,""sw"":0.09755399823188782,""swfac"":0.2371717095375061,""tmax"":33.099998474121094,""topwt"":10038.163452148438,""totir"":45.0,""vstage"":24.0,""wtdep"":90.0,""xlai"":4.834550380706787}"
P0304,W1,observed_weather,observed_weather:2018,60,2018-08-11,55,4.0,0.7001309990882874,0.0,45.0,120.0,mid,>0.50,<=0.05,1,"[1, 1, 1, 1, 1, 1, 1, 1, 1, 1, 1, 1, 1, 1, 1, 1]","[120.0,55.0,21.8717098236084,1.5970749855041504,0.0,4.0,0.0,90.0,21.899999618530273,0.0881349965929985,0.09773900359869003,0.11906400322914124,0.13182300329208374,0.13729000091552734,0.09065700322389603,0.7001309990882874,35.20000076293945,10183.1494140625,45.0,24.0,90.0,4.5159406661987305]","{""cumsumfert"":120.0,""dap"":55.0,""dlayr"":5.0,""dtt"":21.8717098236084,""dul"":0.33000001311302185,""ep"":1.5970749855041504,""grnwt"":0.0,""istage"":4.0,""ll"":0.09000000357627869,""nstres"":0.0,""rtdep"":90.0,""sat"":0.4599999785423279,""srad"":21.899999618530273,""sw"":0.0881349965929985,""swfac"":0.7001309990882874,""tmax"":35.20000076293945,""topwt"":10183.1494140625,""totir"":45.0,""vstage"":24.0,""wtdep"":90.0,""xlai"":4.5159406661987305}"
P0305,W1,observed_weather,observed_weather:2019,33,2019-07-15,28,3.0,0.0,0.0,45.0,120.0,early,<=0.05,<=0.05,1,"[1, 1, 1, 1, 1, 1, 1, 1, 1, 1, 1, 1, 0, 0, 0, 0]","[120.0,28.0,21.191009521484375,4.560141563415527,0.0,3.0,0.0,84.3440170288086,23.5,0.11010000109672546,0.1644269973039627,0.16974599659442902,0.15971800684928894,0.15637999773025513,0.14309599995613098,0.0,35.900001525878906,1495.2576904296875,45.0,13.0,90.0,2.0246849060058594]","{""cumsumfert"":120.0,""dap"":28.0,""dlayr"":5.0,""dtt"":21.191009521484375,""dul"":0.33000001311302185,""ep"":4.560141563415527,""grnwt"":0.0,""istage"":3.0,""ll"":0.09000000357627869,""nstres"":0.0,""rtdep"":84.3440170288086,""sat"":0.4599999785423279,""srad"":23.5,""sw"":0.11010000109672546,""swfac"":0.0,""tmax"":35.900001525878906,""topwt"":1495.2577209472656,""totir"":45.0,""vstage"":13.0,""wtdep"":90.0,""xlai"":2.0246849060058594}"
P0306,W1,observed_weather,observed_weather:2019,42,2019-07-24,37,3.0,0.0703812837600708,0.0,45.0,120.0,mid,"(0.05,0.25]",<=0.05,1,"[1, 1, 1, 1, 1, 1, 1, 1, 1, 1, 1, 1, 1, 1, 1, 1]","[120.0,37.0,21.86254119873047,3.771359920501709,0.0,3.0,0.0,90.0,26.899999618530273,0.09000000357627869,0.09752000123262405,0.12032800167798996,0.13476699590682983,0.13857799768447876,0.09260299801826477,0.0703812837600708,38.20000076293945,3678.3681640625,45.0,18.0,90.0,3.456010341644287]","{""cumsumfert"":120.0,""dap"":37.0,""dlayr"":5.0,""dtt"":21.86254119873047,""dul"":0.33000001311302185,""ep"":3.771359920501709,""grnwt"":0.0,""istage"":3.0,""ll"":0.09000000357627869,""nstres"":0.0,""rtdep"":90.0,""sat"":0.4599999785423279,""srad"":26.899999618530273,""sw"":0.09000000357627869,""swfac"":0.0703812837600708,""tmax"":38.20000076293945,""topwt"":3678.3682250976562,""totir"":45.0,""vstage"":18.0,""wtdep"":90.0,""xlai"":3.456010341644287}"
P0307,W1,observed_weather,observed_weather:2019,43,2019-07-25,38,3.0,0.3743743896484375,0.0,45.0,120.0,mid,"(0.25,0.50]",<=0.05,1,"[1, 1, 1, 1, 1, 1, 1, 1, 1, 1, 1, 1, 1, 1, 1, 1]","[120.0,38.0,23.113327026367188,1.8767085075378418,0.0,3.0,0.0,90.0,12.699999809265137,0.08395899832248688,0.09557300060987473,0.11828900128602982,0.1325100064277649,0.13637800514698029,0.09021300077438354,0.3743743896484375,34.900001525878906,3817.293701171875,45.0,19.0,90.0,3.4533467292785645]","{""cumsumfert"":120.0,""dap"":38.0,""dlayr"":5.0,""dtt"":23.113327026367188,""dul"":0.33000001311302185,""ep"":1.8767085075378418,""grnwt"":0.0,""istage"":3.0,""ll"":0.09000000357627869,""nstres"":0.0,""rtdep"":90.0,""sat"":0.4599999785423279,""srad"":12.699999809265137,""sw"":0.08395899832248688,""swfac"":0.3743743896484375,""tmax"":34.900001525878906,""topwt"":3817.293701171875,""totir"":45.0,""vstage"":19.0,""wtdep"":90.0,""xlai"":3.4533467292785645}"
P0308,W1,observed_weather,observed_weather:2019,57,2019-08-08,52,4.0,0.3320429921150207,0.0,45.0,120.0,mid,"(0.25,0.50]",<=0.05,1,"[1, 1, 1, 1, 1, 1, 1, 1, 1, 1, 1, 1, 1, 1, 1, 1]","[120.0,52.0,19.850000381469727,3.0631723403930664,0.0,4.0,0.0,90.0,23.5,0.09000000357627869,0.10422699898481369,0.11773999780416489,0.12289799749851227,0.1264359951019287,0.0805170014500618,0.33204299211502075,33.0,6780.97412109375,45.0,23.0,90.0,3.5316734313964844]","{""cumsumfert"":120.0,""dap"":52.0,""dlayr"":5.0,""dtt"":19.850000381469727,""dul"":0.33000001311302185,""ep"":3.0631723403930664,""grnwt"":0.0,""istage"":4.0,""ll"":0.09000000357627869,""nstres"":0.0,""rtdep"":90.0,""sat"":0.4599999785423279,""srad"":23.5,""sw"":0.09000000357627869,""swfac"":0.33204299211502075,""tmax"":33.0,""topwt"":6780.97412109375,""totir"":45.0,""vstage"":23.0,""wtdep"":90.0,""xlai"":3.5316734313964844}"
P0309,W1,observed_weather,observed_weather:2019,73,2019-08-24,68,5.0,0.1586304903030395,0.0,45.0,120.0,mid,"(0.05,0.25]",<=0.05,1,"[1, 1, 1, 1, 1, 1, 1, 1, 1, 1, 1, 1, 1, 1, 1, 1]","[120.0,68.0,16.299999237060547,1.1821001768112183,1334.5477294921875,5.0,0.0,90.0,7.099999904632568,0.0887020006775856,0.0988290011882782,0.12084399908781052,0.1201620027422905,0.12185599654912949,0.07627599686384201,0.15863049030303955,28.200000762939453,9629.2333984375,45.0,23.0,90.0,3.19584321975708]","{""cumsumfert"":120.0,""dap"":68.0,""dlayr"":5.0,""dtt"":16.299999237060547,""dul"":0.33000001311302185,""ep"":1.1821001768112183,""grnwt"":1334.5477294921875,""istage"":5.0,""ll"":0.09000000357627869,""nstres"":0.0,""rtdep"":90.0,""sat"":0.4599999785423279,""srad"":7.099999904632568,""sw"":0.0887020006775856,""swfac"":0.15863049030303955,""tmax"":28.200000762939453,""topwt"":9629.2333984375,""totir"":45.0,""vstage"":23.0,""wtdep"":90.0,""xlai"":3.19584321975708}"
P0310,W1,observed_weather,observed_weather:2019,76,2019-08-27,71,5.0,0.8000919222831726,0.0,45.0,120.0,late,>0.50,<=0.05,1,"[1, 1, 1, 1, 1, 1, 1, 1, 1, 1, 1, 1, 1, 1, 1, 1]","[120.0,71.0,17.549999237060547,0.646771252155304,1785.839599609375,5.0,0.0,90.0,17.299999237060547,0.07306399941444397,0.09359399974346161,0.11499900370836258,0.11999999731779099,0.1204409971833229,0.0749569982290268,0.8000919222831726,30.600000381469727,9826.8955078125,45.0,23.0,90.0,2.9767262935638428]","{""cumsumfert"":120.0,""dap"":71.0,""dlayr"":5.0,""dtt"":17.549999237060547,""dul"":0.33000001311302185,""ep"":0.646771252155304,""grnwt"":1785.8395385742188,""istage"":5.0,""ll"":0.09000000357627869,""nstres"":0.0,""rtdep"":90.0,""sat"":0.4599999785423279,""srad"":17.299999237060547,""sw"":0.07306399941444397,""swfac"":0.8000919222831726,""tmax"":30.600000381469727,""topwt"":9826.895751953125,""totir"":45.0,""vstage"":23.0,""wtdep"":90.0,""xlai"":2.9767262935638428}"
P0311,W1,observed_weather,observed_weather:2019,101,2019-09-21,96,6.0,0.8442713767290115,0.0,45.0,120.0,late,>0.50,<=0.05,1,"[1, 0, 0, 0, 1, 0, 0, 0, 1, 0, 0, 0, 1, 0, 0, 0]","[120.0,96.0,13.099998474121094,0.2863307595252991,3483.098388671875,6.0,0.0,90.0,18.899999618530273,0.05990999937057495,0.09780500084161758,0.10999999940395355,0.12000100314617157,0.11999999731779099,0.07000000029802322,0.8442713618278503,27.799999237060547,10876.16796875,45.0,23.0,90.0,1.3782775402069092]","{""cumsumfert"":120.0,""dap"":96.0,""dlayr"":5.0,""dtt"":13.099998474121094,""dul"":0.33000001311302185,""ep"":0.2863307595252991,""grnwt"":3483.0984497070312,""istage"":6.0,""ll"":0.09000000357627869,""nstres"":0.0,""rtdep"":90.0,""sat"":0.4599999785423279,""srad"":18.899999618530273,""sw"":0.05990999937057495,""swfac"":0.8442713767290115,""tmax"":27.799999237060547,""topwt"":10876.168212890625,""totir"":45.0,""vstage"":23.0,""wtdep"":90.0,""xlai"":1.3782775402069092}"
P0312,W1,observed_weather,observed_weather:2020,67,2020-08-17,62,4.0,0.0,0.0,45.0,120.0,mid,<=0.05,<=0.05,1,"[1, 1, 1, 1, 1, 1, 1, 1, 1, 1, 1, 1, 1, 1, 1, 1]","[120.0,62.0,21.70435905456543,5.449976921081543,0.0,4.0,0.0,90.0,21.899999618530273,0.4187299907207489,0.4108099937438965,0.446491003036499,0.16824500262737274,0.14336399734020233,0.09631799906492233,0.0,35.29999923706055,9623.9453125,45.0,24.0,90.0,4.741400241851807]","{""cumsumfert"":120.0,""dap"":62.0,""dlayr"":5.0,""dtt"":21.70435905456543,""dul"":0.33000001311302185,""ep"":5.449976921081543,""grnwt"":0.0,""istage"":4.0,""ll"":0.09000000357627869,""nstres"":0.0,""rtdep"":90.0,""sat"":0.4599999785423279,""srad"":21.899999618530273,""sw"":0.4187299907207489,""swfac"":0.0,""tmax"":35.29999923706055,""topwt"":9623.9453125,""totir"":45.0,""vstage"":24.0,""wtdep"":90.0,""xlai"":4.741400241851807}"
P0313,W1,observed_weather,observed_weather:2020,97,2020-09-16,92,5.0,0.0,0.0,45.0,120.0,late,<=0.05,<=0.05,1,"[1, 0, 0, 0, 1, 0, 0, 0, 1, 0, 0, 0, 1, 0, 0, 0]","[120.0,92.0,12.5,3.1362085342407227,5676.521484375,5.0,0.0,90.0,16.799999237060547,0.13277700543403625,0.11734999716281891,0.13667799532413483,0.14331699907779694,0.14282700419425964,0.08855199813842773,0.0,26.399999618530273,15844.3994140625,45.0,24.0,90.0,2.727910041809082]","{""cumsumfert"":120.0,""dap"":92.0,""dlayr"":5.0,""dtt"":12.5,""dul"":0.33000001311302185,""ep"":3.1362085342407227,""grnwt"":5676.5216064453125,""istage"":5.0,""ll"":0.09000000357627869,""nstres"":0.0,""rtdep"":90.0,""sat"":0.4599999785423279,""srad"":16.799999237060547,""sw"":0.13277700543403625,""swfac"":0.0,""tmax"":26.399999618530273,""topwt"":15844.3994140625,""totir"":45.0,""vstage"":24.0,""wtdep"":90.0,""xlai"":2.727910041809082}"
P0314,W1,observed_weather,observed_weather:2020,102,2020-09-21,97,6.0,0.4844266772270202,0.0257716178894042,45.0,120.0,late,"(0.25,0.50]",<=0.05,1,"[1, 0, 0, 0, 1, 0, 0, 0, 1, 0, 0, 0, 1, 0, 0, 0]","[120.0,97.0,14.049999237060547,1.4212524890899658,6412.744140625,6.0,0.025771617889404297,90.0,15.699999809265137,0.05981000140309334,0.09526800364255905,0.11635500192642212,0.1264220029115677,0.13179700076580048,0.08095800131559372,0.48442667722702026,29.799999237060547,16580.623046875,45.0,24.0,90.0,2.1607935428619385]","{""cumsumfert"":120.0,""dap"":97.0,""dlayr"":5.0,""dtt"":14.049999237060547,""dul"":0.33000001311302185,""ep"":1.4212524890899658,""grnwt"":6412.744140625,""istage"":6.0,""ll"":0.09000000357627869,""nstres"":0.025771617889404297,""rtdep"":90.0,""sat"":0.4599999785423279,""srad"":15.699999809265137,""sw"":0.05981000140309334,""swfac"":0.48442667722702026,""tmax"":29.799999237060547,""topwt"":16580.62255859375,""totir"":45.0,""vstage"":24.0,""wtdep"":90.0,""xlai"":2.1607935428619385}"
P0315,W1,observed_weather,observed_weather:2020,104,2020-09-23,99,6.0,0.4110189080238342,0.0257716178894042,45.0,120.0,late,"(0.25,0.50]",<=0.05,1,"[1, 0, 0, 0, 1, 0, 0, 0, 1, 0, 0, 0, 1, 0, 0, 0]","[120.0,99.0,12.299999237060547,1.0456130504608154,6412.744140625,6.0,0.025771617889404297,90.0,10.600000381469727,0.059714000672101974,0.09228699654340744,0.11323700100183487,0.12337999790906906,0.12909400463104248,0.07885000109672546,0.41101890802383423,24.799999237060547,16580.623046875,45.0,24.0,90.0,2.1607935428619385]","{""cumsumfert"":120.0,""dap"":99.0,""dlayr"":5.0,""dtt"":12.299999237060547,""dul"":0.33000001311302185,""ep"":1.0456130504608154,""grnwt"":6412.744140625,""istage"":6.0,""ll"":0.09000000357627869,""nstres"":0.025771617889404297,""rtdep"":90.0,""sat"":0.4599999785423279,""srad"":10.600000381469727,""sw"":0.059714000672101974,""swfac"":0.41101890802383423,""tmax"":24.799999237060547,""topwt"":16580.62255859375,""totir"":45.0,""vstage"":24.0,""wtdep"":90.0,""xlai"":2.1607935428619385}"
P0316,W1,observed_weather,observed_weather:2021,1,2021-06-13,0,7.0,0.1500000059604644,0.0,45.0,120.0,early,"(0.05,0.25]",<=0.05,1,"[1, 1, 1, 1, 1, 1, 1, 1, 1, 1, 1, 1, 1, 1, 1, 1]","[0.0,0.0,0.0,0.0,0.0,7.0,0.0,0.0,19.899999618530273,0.15000000596046448,0.15000000596046448,0.15000000596046448,0.15000000596046448,0.15000000596046448,0.15000000596046448,0.0,36.29999923706055,0.0,0.0,0.0,0.0,0.0]","{""cumsumfert"":0.0,""dap"":0.0,""dtt"":0.0,""ep"":0.0,""grnwt"":0.0,""istage"":7.0,""nstres"":0.0,""rtdep"":0.0,""srad"":19.899999618530273,""sw"":0.15000000596046448,""swfac"":0.15000000596046448,""tmax"":0.15000000596046448,""topwt"":0.15000000596046448,""totir"":0.15000000596046448,""vstage"":0.15000000596046448,""wtdep"":0.0,""xlai"":36.29999923706055}"
P0317,W1,observed_weather,observed_weather:2021,49,2021-07-31,44,3.0,0.0,0.0,45.0,120.0,mid,<=0.05,<=0.05,1,"[1, 1, 1, 1, 1, 1, 1, 1, 1, 1, 1, 1, 1, 1, 1, 1]","[120.0,44.0,20.32898712158203,6.117098331451416,0.0,3.0,0.0,90.0,26.100000381469727,0.4205560088157654,0.42785701155662537,0.43890801072120667,0.33830198645591736,0.2431650012731552,0.12632499635219574,0.0,34.29999923706055,5458.755859375,45.0,22.0,90.0,4.286226272583008]","{""cumsumfert"":120.0,""dap"":44.0,""dlayr"":5.0,""dtt"":20.32898712158203,""dul"":0.33000001311302185,""ep"":6.117098331451416,""grnwt"":0.0,""istage"":3.0,""ll"":0.09000000357627869,""nstres"":0.0,""rtdep"":90.0,""sat"":0.4599999785423279,""srad"":26.100000381469727,""sw"":0.4205560088157654,""swfac"":0.0,""tmax"":34.29999923706055,""topwt"":5458.756103515625,""totir"":45.0,""vstage"":22.0,""wtdep"":90.0,""xlai"":4.286226272583008}"
P0318,W1,observed_weather,observed_weather:2022,79,2022-08-30,74,5.0,0.0,0.0,45.0,120.0,late,<=0.05,<=0.05,1,"[1, 1, 1, 1, 1, 1, 1, 1, 1, 1, 1, 1, 1, 1, 1, 1]","[120.0,74.0,13.650001525878906,3.479203701019287,3138.6806640625,5.0,0.0,90.0,16.799999237060547,0.4413149952888489,0.4391460120677948,0.4052770137786865,0.3462429940700531,0.30967599153518677,0.11364799737930298,0.0,25.700000762939453,13658.26953125,45.0,24.0,90.0,4.203326225280762]","{""cumsumfert"":120.0,""dap"":74.0,""dlayr"":5.0,""dtt"":13.650001525878906,""dul"":0.33000001311302185,""ep"":3.479203701019287,""grnwt"":3138.6807250976562,""istage"":5.0,""ll"":0.09000000357627869,""nstres"":0.0,""rtdep"":90.0,""sat"":0.4599999785423279,""srad"":16.799999237060547,""sw"":0.4413149952888489,""swfac"":0.0,""tmax"":25.700000762939453,""topwt"":13658.26904296875,""totir"":45.0,""vstage"":24.0,""wtdep"":90.0,""xlai"":4.203326225280762}"
P0319,W1,observed_weather,observed_weather:2022,95,2022-09-15,90,5.0,0.0,0.0931132435798645,45.0,120.0,late,<=0.05,"(0.05,0.25]",1,"[1, 1, 1, 1, 1, 1, 1, 1, 1, 1, 1, 1, 1, 1, 1, 1]","[120.0,90.0,14.350000381469727,1.6597740650177002,7479.59033203125,5.0,0.0931132435798645,90.0,8.699999809265137,0.24813300371170044,0.2538909912109375,0.2793410122394562,0.2729650139808655,0.24441500008106232,0.10554900020360947,0.0,25.5,18093.595703125,45.0,24.0,90.0,2.6551098823547363]","{""cumsumfert"":120.0,""dap"":90.0,""dlayr"":5.0,""dtt"":14.350000381469727,""dul"":0.33000001311302185,""ep"":1.6597740650177002,""grnwt"":7479.5904541015625,""istage"":5.0,""ll"":0.09000000357627869,""nstres"":0.0931132435798645,""rtdep"":90.0,""sat"":0.4599999785423279,""srad"":8.699999809265137,""sw"":0.24813300371170044,""swfac"":0.0,""tmax"":25.5,""topwt"":18093.594970703125,""totir"":45.0,""vstage"":24.0,""wtdep"":90.0,""xlai"":2.6551098823547363}"
P0320,W1,observed_weather,observed_weather:2022,100,2022-09-20,95,6.0,0.0,0.1880261301994323,45.0,120.0,late,<=0.05,"(0.05,0.25]",1,"[1, 0, 0, 0, 1, 0, 0, 0, 1, 0, 0, 0, 1, 0, 0, 0]","[120.0,95.0,12.299999237060547,1.71532142162323,8564.81640625,6.0,0.18802613019943237,90.0,10.5,0.17579199373722076,0.21548600494861603,0.2480749934911728,0.24560000002384186,0.21959500014781952,0.10340700298547745,0.0,24.799999237060547,19235.8984375,45.0,24.0,90.0,2.0066277980804443]","{""cumsumfert"":120.0,""dap"":95.0,""dlayr"":5.0,""dtt"":12.299999237060547,""dul"":0.33000001311302185,""ep"":1.71532142162323,""grnwt"":8564.81689453125,""istage"":6.0,""ll"":0.09000000357627869,""nstres"":0.18802613019943237,""rtdep"":90.0,""sat"":0.4599999785423279,""srad"":10.5,""sw"":0.17579199373722076,""swfac"":0.0,""tmax"":24.799999237060547,""topwt"":19235.8984375,""totir"":45.0,""vstage"":24.0,""wtdep"":90.0,""xlai"":2.0066277980804443}"
P0321,W1,observed_weather,observed_weather:2023,41,2023-07-23,36,3.0,0.0,0.0,45.0,120.0,mid,<=0.05,<=0.05,1,"[1, 1, 1, 1, 1, 1, 1, 1, 1, 1, 1, 1, 1, 1, 1, 1]","[120.0,36.0,20.44999885559082,4.864996433258057,0.0,3.0,0.0,90.0,21.100000381469727,0.35522401332855225,0.2984769940376282,0.15097899734973907,0.1497189998626709,0.1502240002155304,0.11171100288629532,0.0,33.599998474121094,4072.364501953125,45.0,19.0,90.0,3.8988165855407715]","{""cumsumfert"":120.0,""dap"":36.0,""dlayr"":5.0,""dtt"":20.44999885559082,""dul"":0.33000001311302185,""ep"":4.864996433258057,""grnwt"":0.0,""istage"":3.0,""ll"":0.09000000357627869,""nstres"":0.0,""rtdep"":90.0,""sat"":0.4599999785423279,""srad"":21.100000381469727,""sw"":0.35522401332855225,""swfac"":0.0,""tmax"":33.599998474121094,""topwt"":4072.364501953125,""totir"":45.0,""vstage"":19.0,""wtdep"":90.0,""xlai"":3.8988165855407715}"
P0322,W1,observed_weather,observed_weather:2023,49,2023-07-31,44,3.0,0.0,0.0,45.0,120.0,mid,<=0.05,<=0.05,1,"[1, 1, 1, 1, 1, 1, 1, 1, 1, 1, 1, 1, 1, 1, 1, 1]","[120.0,44.0,19.600000381469727,4.181032657623291,0.0,3.0,0.0,90.0,17.700000762939453,0.4392409920692444,0.39384499192237854,0.28925400972366333,0.1468620002269745,0.14389200508594513,0.09798700362443924,0.0,32.5,7076.494140625,45.0,23.0,90.0,4.990248680114746]","{""cumsumfert"":120.0,""dap"":44.0,""dlayr"":5.0,""dtt"":19.600000381469727,""dul"":0.33000001311302185,""ep"":4.181032657623291,""grnwt"":0.0,""istage"":3.0,""ll"":0.09000000357627869,""nstres"":0.0,""rtdep"":90.0,""sat"":0.4599999785423279,""srad"":17.700000762939453,""sw"":0.4392409920692444,""swfac"":0.0,""tmax"":32.5,""topwt"":7076.494140625,""totir"":45.0,""vstage"":23.0,""wtdep"":90.0,""xlai"":4.990248680114746}"
P0323,W1,observed_weather,observed_weather:2023,84,2023-09-04,79,5.0,0.477695107460022,0.1059103608131408,45.0,120.0,late,"(0.25,0.50]","(0.05,0.25]",1,"[1, 1, 1, 1, 1, 1, 1, 1, 1, 1, 1, 1, 1, 1, 1, 1]","[120.0,79.0,19.049999237060547,2.44339919090271,5747.427734375,5.0,0.10591036081314087,90.0,20.200000762939453,0.09879399836063385,0.10156100243330002,0.12322600185871124,0.12499800324440002,0.12537400424480438,0.07609900087118149,0.477695107460022,33.20000076293945,19033.40625,45.0,25.0,90.0,4.326791763305664]","{""cumsumfert"":120.0,""dap"":79.0,""dlayr"":5.0,""dtt"":19.049999237060547,""dul"":0.33000001311302185,""ep"":2.44339919090271,""grnwt"":5747.427978515625,""istage"":5.0,""ll"":0.09000000357627869,""nstres"":0.10591036081314087,""rtdep"":90.0,""sat"":0.4599999785423279,""srad"":20.200000762939453,""sw"":0.09879399836063385,""swfac"":0.477695107460022,""tmax"":33.20000076293945,""topwt"":19033.40576171875,""totir"":45.0,""vstage"":25.0,""wtdep"":90.0,""xlai"":4.326791763305664}"
P0324,W1,observed_weather,observed_weather:2023,85,2023-09-05,80,5.0,0.6439019441604614,0.1157933473587036,45.0,120.0,late,>0.50,"(0.05,0.25]",1,"[1, 1, 1, 1, 1, 1, 1, 1, 1, 1, 1, 1, 1, 1, 1, 1]","[120.0,80.0,18.799999237060547,1.6325738430023193,5961.66748046875,5.0,0.11579334735870361,90.0,20.0,0.09164100140333176,0.09863699972629547,0.11999300122261047,0.12356600165367126,0.12416800111532211,0.07492300122976303,0.6439019441604614,32.29999923706055,19178.8359375,45.0,25.0,90.00006103515625,4.187489986419678]","{""cumsumfert"":120.0,""dap"":80.0,""dlayr"":5.0,""dtt"":18.799999237060547,""dul"":0.33000001311302185,""ep"":1.6325738430023193,""grnwt"":5961.66748046875,""istage"":5.0,""ll"":0.09000000357627869,""nstres"":0.11579334735870361,""rtdep"":90.0,""sat"":0.4599999785423279,""srad"":20.0,""sw"":0.09164100140333176,""swfac"":0.6439019441604614,""tmax"":32.29999923706055,""topwt"":19178.836669921875,""totir"":45.0,""vstage"":25.0,""wtdep"":90.00006103515625,""xlai"":4.187489986419678}"
P0325,W1,observed_weather,observed_weather:2023,86,2023-09-06,81,5.0,0.7257561683654785,0.1216164827346801,45.0,120.0,late,>0.50,"(0.05,0.25]",1,"[1, 1, 1, 1, 1, 1, 1, 1, 1, 1, 1, 1, 1, 1, 1, 1]","[120.0,81.0,17.549999237060547,1.2412385940551758,6160.97265625,5.0,0.12161648273468018,90.0,21.200000762939453,0.08609700202941895,0.09637700021266937,0.11759500205516815,0.12230300158262253,0.12308499962091446,0.07388000190258026,0.7257561683654785,31.0,19296.921875,45.0,25.0,90.0001220703125,4.035534858703613]","{""cumsumfert"":120.0,""dap"":81.0,""dlayr"":5.0,""dtt"":17.549999237060547,""dul"":0.33000001311302185,""ep"":1.2412385940551758,""grnwt"":6160.972900390625,""istage"":5.0,""ll"":0.09000000357627869,""nstres"":0.12161648273468018,""rtdep"":90.0,""sat"":0.4599999785423279,""srad"":21.200000762939453,""sw"":0.08609700202941895,""swfac"":0.7257561683654785,""tmax"":31.0,""topwt"":19296.922607421875,""totir"":45.0,""vstage"":25.0,""wtdep"":90.0001220703125,""xlai"":4.035534858703613}"
P0326,W1,observed_weather,observed_weather:2023,89,2023-09-09,84,5.0,0.7871348112821579,0.1267513036727905,45.0,120.0,late,>0.50,"(0.05,0.25]",1,"[1, 1, 1, 1, 1, 1, 1, 1, 1, 1, 1, 1, 1, 1, 1, 1]","[120.0,84.0,18.5,0.7152774930000305,6725.384765625,5.0,0.12675130367279053,90.0,17.600000381469727,0.06640700250864029,0.09175299853086472,0.11267700046300888,0.119998998939991,0.12037499994039536,0.07130900025367737,0.7871348261833191,31.799999237060547,19549.318359375,45.0,25.0,90.00033569335938,3.577655076980591]","{""cumsumfert"":120.0,""dap"":84.0,""dlayr"":5.0,""dtt"":18.5,""dul"":0.33000001311302185,""ep"":0.7152774930000305,""grnwt"":6725.384521484375,""istage"":5.0,""ll"":0.09000000357627869,""nstres"":0.12675130367279053,""rtdep"":90.0,""sat"":0.4599999785423279,""srad"":17.600000381469727,""sw"":0.06640700250864029,""swfac"":0.7871348112821579,""tmax"":31.799999237060547,""topwt"":19549.31884765625,""totir"":45.0,""vstage"":25.0,""wtdep"":90.00033569335938,""xlai"":3.577655076980591}"
P0327,W1,observed_weather,observed_weather:2023,95,2023-09-15,90,5.0,1.0,0.1563021540641784,45.0,120.0,late,>0.50,"(0.05,0.25]",1,"[1, 1, 1, 1, 1, 1, 1, 1, 1, 1, 1, 1, 1, 1, 1, 1]","[120.0,90.0,14.549999237060547,0.0,7830.15625,5.0,0.15630215406417847,90.0,20.700000762939453,0.05962499976158142,0.09000000357627869,0.10999999940395355,0.119998998939991,0.119998998939991,0.06999900192022324,1.0,31.0,19816.73046875,45.0,25.0,90.00151824951172,2.565227746963501]","{""cumsumfert"":120.0,""dap"":90.0,""dlayr"":5.0,""dtt"":14.549999237060547,""dul"":0.33000001311302185,""ep"":0.0,""grnwt"":7830.15625,""istage"":5.0,""ll"":0.09000000357627869,""nstres"":0.15630215406417847,""rtdep"":90.0,""sat"":0.4599999785423279,""srad"":20.700000762939453,""sw"":0.05962499976158142,""swfac"":1.0,""tmax"":31.0,""topwt"":19816.73095703125,""totir"":45.0,""vstage"":25.0,""wtdep"":90.00151824951172,""xlai"":2.565227746963501}"
P0328,W2,heldout_wgen,heldout_wgen:1081,42,2008-07-23,37,3.0,0.3344302773475647,0.0,75.0,200.0,mid,"(0.25,0.50]",<=0.05,2,"[1, 1, 0, 0, 1, 1, 0, 0, 1, 1, 0, 0, 1, 1, 0, 0]","[200.0,37.0,16.57423210144043,3.7295351028442383,0.0,3.0,0.0,90.0,26.589908599853516,0.06782200187444687,0.10521399974822998,0.12894299626350403,0.14354899525642395,0.1477780044078827,0.10407800227403641,0.3344302773475647,27.820510864257812,3529.49462890625,75.0,18.0,90.0,3.5083343982696533]","{""cumsumfert"":200.0,""dap"":37.0,""dlayr"":5.0,""dtt"":16.57423210144043,""dul"":0.33000001311302185,""ep"":3.7295351028442383,""grnwt"":0.0,""istage"":3.0,""ll"":0.09000000357627869,""nstres"":0.0,""rtdep"":90.0,""sat"":0.4599999785423279,""srad"":26.589908599853516,""sw"":0.06782200187444687,""swfac"":0.3344302773475647,""tmax"":27.820510864257812,""topwt"":3529.49462890625,""totir"":75.0,""vstage"":18.0,""wtdep"":90.0,""xlai"":3.5083343982696533}"
P0329,W2,heldout_wgen,heldout_wgen:1081,43,2008-07-24,38,3.0,0.0929658412933349,0.0,75.0,200.0,mid,"(0.05,0.25]",<=0.05,2,"[1, 1, 0, 0, 1, 1, 0, 0, 1, 1, 0, 0, 1, 1, 0, 0]","[200.0,38.0,15.05385971069336,3.0097806453704834,0.0,3.0,0.0,90.0,16.19548225402832,0.0819690003991127,0.1026030033826828,0.12599900364875793,0.1404149979352951,0.14493900537490845,0.0993029996752739,0.09296584129333496,26.304533004760742,3700.93212890625,75.0,19.0,90.0,3.580148458480835]","{""cumsumfert"":200.0,""dap"":38.0,""dlayr"":5.0,""dtt"":15.05385971069336,""dul"":0.33000001311302185,""ep"":3.0097806453704834,""grnwt"":0.0,""istage"":3.0,""ll"":0.09000000357627869,""nstres"":0.0,""rtdep"":90.0,""sat"":0.4599999785423279,""srad"":16.19548225402832,""sw"":0.0819690003991127,""swfac"":0.09296584129333496,""tmax"":26.304533004760742,""topwt"":3700.9320068359375,""totir"":75.0,""vstage"":19.0,""wtdep"":90.0,""xlai"":3.580148458480835}"
P0330,W2,heldout_wgen,heldout_wgen:1081,44,2008-07-25,39,3.0,0.4963976144790649,0.0,75.0,200.0,mid,"(0.25,0.50]",<=0.05,2,"[1, 1, 0, 0, 1, 1, 0, 0, 1, 1, 0, 0, 1, 1, 0, 0]","[200.0,39.0,15.73466682434082,2.334955930709839,0.0,3.0,0.0,90.0,22.315471649169922,0.4457260072231293,0.11389700323343277,0.12363000214099884,0.13782000541687012,0.14244599640369415,0.0958930030465126,0.49639761447906494,26.050731658935547,3806.122802734375,75.0,19.0,90.0,3.541147470474243]","{""cumsumfert"":200.0,""dap"":39.0,""dlayr"":5.0,""dtt"":15.73466682434082,""dul"":0.33000001311302185,""ep"":2.334955930709839,""grnwt"":0.0,""istage"":3.0,""ll"":0.09000000357627869,""nstres"":0.0,""rtdep"":90.0,""sat"":0.4599999785423279,""srad"":22.315471649169922,""sw"":0.4457260072231293,""swfac"":0.49639761447906494,""tmax"":26.050731658935547,""topwt"":3806.1227416992188,""totir"":75.0,""vstage"":19.0,""wtdep"":90.0,""xlai"":3.541147470474243}"
P0331,W2,heldout_wgen,heldout_wgen:1081,90,2008-09-09,85,5.0,0.0,0.0,75.0,200.0,late,<=0.05,<=0.05,2,"[1, 1, 0, 0, 1, 1, 0, 0, 1, 1, 0, 0, 1, 1, 0, 0]","[200.0,85.0,14.09218978881836,2.819467782974243,3719.321044921875,5.0,0.0,90.0,13.5582914352417,0.39383000135421753,0.40985599160194397,0.3518190085887909,0.33310699462890625,0.23939299583435059,0.09191399812698364,0.0,26.68361473083496,14859.951171875,75.0,25.0,90.0,3.895789861679077]","{""cumsumfert"":200.0,""dap"":85.0,""dlayr"":5.0,""dtt"":14.09218978881836,""dul"":0.33000001311302185,""ep"":2.819467782974243,""grnwt"":3719.3209838867188,""istage"":5.0,""ll"":0.09000000357627869,""nstres"":0.0,""rtdep"":90.0,""sat"":0.4599999785423279,""srad"":13.5582914352417,""sw"":0.39383000135421753,""swfac"":0.0,""tmax"":26.68361473083496,""topwt"":14859.951171875,""totir"":75.0,""vstage"":25.0,""wtdep"":90.0,""xlai"":3.895789861679077}"
P0332,W2,heldout_wgen,heldout_wgen:1082,44,2008-07-25,39,3.0,0.4604373574256897,0.0,75.0,200.0,mid,"(0.25,0.50]",<=0.05,2,"[1, 1, 0, 0, 1, 1, 0, 0, 1, 1, 0, 0, 1, 1, 0, 0]","[200.0,39.0,21.220333099365234,3.031789779663086,0.0,3.0,0.0,90.0,24.29216957092285,0.09218700230121613,0.10625100135803223,0.12507499754428864,0.13934500515460968,0.14271000027656555,0.09755299985408783,0.4604373574256897,34.39336395263672,3786.004638671875,75.0,19.0,90.0,3.5311472415924072]","{""cumsumfert"":200.0,""dap"":39.0,""dlayr"":5.0,""dtt"":21.220333099365234,""dul"":0.33000001311302185,""ep"":3.031789779663086,""grnwt"":0.0,""istage"":3.0,""ll"":0.09000000357627869,""nstres"":0.0,""rtdep"":90.0,""sat"":0.4599999785423279,""srad"":24.29216957092285,""sw"":0.09218700230121613,""swfac"":0.4604373574256897,""tmax"":34.39336395263672,""topwt"":3786.004638671875,""totir"":75.0,""vstage"":19.0,""wtdep"":90.0,""xlai"":3.5311472415924072}"
P0333,W2,heldout_wgen,heldout_wgen:1082,45,2008-07-26,40,3.0,0.5213757753372192,0.0,75.0,200.0,mid,>0.50,<=0.05,2,"[1, 1, 0, 0, 1, 1, 0, 0, 1, 1, 0, 0, 1, 1, 0, 0]","[200.0,40.0,20.44856834411621,2.284209728240967,0.0,3.0,0.0,90.0,20.56859588623047,0.39020100235939026,0.10448099672794342,0.12267599999904633,0.13689400255680084,0.1404239982366562,0.09467700123786926,0.5213757753372192,35.21849060058594,3931.85107421875,75.0,19.0,90.0,3.5008373260498047]","{""cumsumfert"":200.0,""dap"":40.0,""dlayr"":5.0,""dtt"":20.44856834411621,""dul"":0.33000001311302185,""ep"":2.284209728240967,""grnwt"":0.0,""istage"":3.0,""ll"":0.09000000357627869,""nstres"":0.0,""rtdep"":90.0,""sat"":0.4599999785423279,""srad"":20.56859588623047,""sw"":0.39020100235939026,""swfac"":0.5213757753372192,""tmax"":35.21849060058594,""topwt"":3931.8511962890625,""totir"":75.0,""vstage"":19.0,""wtdep"":90.0,""xlai"":3.5008373260498047}"
P0334,W2,heldout_wgen,heldout_wgen:1082,49,2008-07-30,44,3.0,0.5120903551578522,0.0,75.0,200.0,mid,>0.50,<=0.05,2,"[1, 1, 0, 0, 1, 1, 0, 0, 1, 1, 0, 0, 1, 1, 0, 0]","[200.0,44.0,22.986906051635742,2.8143439292907715,0.0,3.0,0.0,90.0,19.715784072875977,0.09656599909067154,0.10637100040912628,0.11760099977254868,0.13117100298404694,0.13476699590682983,0.08839300274848938,0.5120903253555298,38.70661163330078,5224.2490234375,75.0,21.0,90.0,4.00450325012207]","{""cumsumfert"":200.0,""dap"":44.0,""dlayr"":5.0,""dtt"":22.986906051635742,""dul"":0.33000001311302185,""ep"":2.8143439292907715,""grnwt"":0.0,""istage"":3.0,""ll"":0.09000000357627869,""nstres"":0.0,""rtdep"":90.0,""sat"":0.4599999785423279,""srad"":19.715784072875977,""sw"":0.09656599909067154,""swfac"":0.5120903551578522,""tmax"":38.70661163330078,""topwt"":5224.249267578125,""totir"":75.0,""vstage"":21.0,""wtdep"":90.0,""xlai"":4.00450325012207}"
P0335,W2,heldout_wgen,heldout_wgen:1082,50,2008-07-31,45,3.0,0.5816667377948761,0.0,75.0,200.0,mid,>0.50,<=0.05,2,"[1, 1, 0, 0, 1, 1, 0, 0, 1, 1, 0, 0, 1, 1, 0, 0]","[200.0,45.0,23.339004516601562,1.370498538017273,0.0,3.0,0.0,90.0,12.276954650878906,0.09116300195455551,0.10266099870204926,0.11642500013113022,0.1299230009317398,0.13349699974060059,0.087056003510952,0.5816667079925537,36.72517013549805,5315.9716796875,75.0,22.0,90.0,3.915785789489746]","{""cumsumfert"":200.0,""dap"":45.0,""dlayr"":5.0,""dtt"":23.339004516601562,""dul"":0.33000001311302185,""ep"":1.370498538017273,""grnwt"":0.0,""istage"":3.0,""ll"":0.09000000357627869,""nstres"":0.0,""rtdep"":90.0,""sat"":0.4599999785423279,""srad"":12.276954650878906,""sw"":0.09116300195455551,""swfac"":0.5816667377948761,""tmax"":36.72517013549805,""topwt"":5315.9716796875,""totir"":75.0,""vstage"":22.0,""wtdep"":90.0,""xlai"":3.915785789489746}"
P0336,W2,heldout_wgen,heldout_wgen:1082,51,2008-08-01,46,3.0,0.6007296442985535,0.0,75.0,200.0,mid,>0.50,<=0.05,2,"[1, 1, 0, 0, 1, 1, 0, 0, 1, 1, 0, 0, 1, 1, 0, 0]","[200.0,46.0,23.299013137817383,1.0973597764968872,0.0,3.0,0.0,90.0,11.061552047729492,0.08730600029230118,0.10002399981021881,0.11536400020122528,0.12880900502204895,0.13235899806022644,0.08588100224733353,0.6007296442985535,36.007713317871094,5394.408203125,75.0,23.0,90.0,3.8196089267730713]","{""cumsumfert"":200.0,""dap"":46.0,""dlayr"":5.0,""dtt"":23.299013137817383,""dul"":0.33000001311302185,""ep"":1.0973597764968872,""grnwt"":0.0,""istage"":3.0,""ll"":0.09000000357627869,""nstres"":0.0,""rtdep"":90.0,""sat"":0.4599999785423279,""srad"":11.061552047729492,""sw"":0.08730600029230118,""swfac"":0.6007296442985535,""tmax"":36.007713317871094,""topwt"":5394.407958984375,""totir"":75.0,""vstage"":23.0,""wtdep"":90.0,""xlai"":3.8196089267730713}"
P0337,W2,heldout_wgen,heldout_wgen:1082,52,2008-08-02,47,3.0,0.3401734828948974,0.0,75.0,200.0,mid,"(0.25,0.50]",<=0.05,2,"[1, 1, 0, 0, 1, 1, 0, 0, 1, 1, 0, 0, 1, 1, 0, 0]","[200.0,47.0,20.999004364013672,0.9556281566619873,0.0,3.0,0.0,90.0,6.244426250457764,0.45212599635124207,0.4370500147342682,0.1182280033826828,0.1278029978275299,0.1313289999961853,0.08483199775218964,0.34017348289489746,31.86640167236328,5467.1669921875,75.0,23.0,90.0,3.7733561992645264]","{""cumsumfert"":200.0,""dap"":47.0,""dlayr"":5.0,""dtt"":20.999004364013672,""dul"":0.33000001311302185,""ep"":0.9556281566619873,""grnwt"":0.0,""istage"":3.0,""ll"":0.09000000357627869,""nstres"":0.0,""rtdep"":90.0,""sat"":0.4599999785423279,""srad"":6.244426250457764,""sw"":0.45212599635124207,""swfac"":0.34017348289489746,""tmax"":31.86640167236328,""topwt"":5467.166748046875,""totir"":75.0,""vstage"":23.0,""wtdep"":90.0,""xlai"":3.7733561992645264}"
P0338,W2,heldout_wgen,heldout_wgen:1083,1,2008-06-12,0,7.0,0.1500000059604644,0.0,45.0,120.0,early,"(0.05,0.25]",<=0.05,1,"[1, 1, 1, 1, 1, 1, 1, 1, 1, 1, 1, 1, 1, 1, 1, 1]","[0.0,0.0,0.0,0.0,0.0,7.0,0.0,0.0,23.464237213134766,0.15000000596046448,0.15000000596046448,0.15000000596046448,0.15000000596046448,0.15000000596046448,0.15000000596046448,0.0,32.18851852416992,0.0,0.0,0.0,0.0,0.0]","{""cumsumfert"":0.0,""dap"":0.0,""dtt"":0.0,""ep"":0.0,""grnwt"":0.0,""istage"":7.0,""nstres"":0.0,""rtdep"":0.0,""srad"":23.464237213134766,""sw"":0.15000000596046448,""swfac"":0.15000000596046448,""tmax"":0.15000000596046448,""topwt"":0.15000000596046448,""totir"":0.15000000596046448,""vstage"":0.15000000596046448,""wtdep"":0.0,""xlai"":32.18851852416992}"
P0339,W2,heldout_wgen,heldout_wgen:1083,31,2008-07-12,26,3.0,0.0,0.0,75.0,200.0,early,<=0.05,<=0.05,2,"[1, 1, 0, 0, 0, 0, 0, 0, 0, 0, 0, 0, 0, 0, 0, 0]","[200.0,26.0,17.184127807617188,2.8088808059692383,0.0,3.0,0.0,70.95775604248047,20.26654624938965,0.2762320041656494,0.30291399359703064,0.2805350124835968,0.18351499736309052,0.15994299948215485,0.14624899625778198,0.0,29.95736312866211,878.422119140625,75.0,12.0,90.0,1.340108036994934]","{""cumsumfert"":200.0,""dap"":26.0,""dlayr"":5.0,""dtt"":17.184127807617188,""dul"":0.33000001311302185,""ep"":2.8088808059692383,""grnwt"":0.0,""istage"":3.0,""ll"":0.09000000357627869,""nstres"":0.0,""rtdep"":70.95775604248047,""sat"":0.4599999785423279,""srad"":20.26654624938965,""sw"":0.2762320041656494,""swfac"":0.0,""tmax"":29.95736312866211,""topwt"":878.4220886230469,""totir"":75.0,""vstage"":12.0,""wtdep"":90.0,""xlai"":1.340108036994934}"
P0340,W2,heldout_wgen,heldout_wgen:1084,35,2008-07-16,30,3.0,0.0,0.0,75.0,200.0,early,<=0.05,<=0.05,2,"[1, 1, 0, 0, 0, 0, 0, 0, 0, 0, 0, 0, 0, 0, 0, 0]","[200.0,30.0,20.419620513916016,1.3202753067016602,0.0,3.0,0.0,90.0,6.520529270172119,0.4313870072364807,0.4493820071220398,0.2815069854259491,0.24137000739574432,0.17448699474334717,0.1443600058555603,0.0,31.482677459716797,1858.299560546875,75.0,15.0,90.0,2.396883249282837]","{""cumsumfert"":200.0,""dap"":30.0,""dlayr"":5.0,""dtt"":20.419620513916016,""dul"":0.33000001311302185,""ep"":1.3202753067016602,""grnwt"":0.0,""istage"":3.0,""ll"":0.09000000357627869,""nstres"":0.0,""rtdep"":90.0,""sat"":0.4599999785423279,""srad"":6.520529270172119,""sw"":0.4313870072364807,""swfac"":0.0,""tmax"":31.482677459716797,""topwt"":1858.299560546875,""totir"":75.0,""vstage"":15.0,""wtdep"":90.0,""xlai"":2.396883249282837}"
P0341,W2,heldout_wgen,heldout_wgen:1084,40,2008-07-21,35,3.0,0.0,0.0,75.0,200.0,early,<=0.05,<=0.05,2,"[1, 1, 0, 0, 1, 1, 0, 0, 1, 1, 0, 0, 1, 1, 0, 0]","[200.0,35.0,22.424571990966797,5.521971702575684,0.0,3.0,0.0,90.0,22.111164093017578,0.30150100588798523,0.29686999320983887,0.2871969938278198,0.22543899714946747,0.16857799887657166,0.13880999386310577,0.0,36.842689514160156,2983.01318359375,75.0,17.0,90.0,3.198920965194702]","{""cumsumfert"":200.0,""dap"":35.0,""dlayr"":5.0,""dtt"":22.424571990966797,""dul"":0.33000001311302185,""ep"":5.521971702575684,""grnwt"":0.0,""istage"":3.0,""ll"":0.09000000357627869,""nstres"":0.0,""rtdep"":90.0,""sat"":0.4599999785423279,""srad"":22.111164093017578,""sw"":0.30150100588798523,""swfac"":0.0,""tmax"":36.842689514160156,""topwt"":2983.0133056640625,""totir"":75.0,""vstage"":17.0,""wtdep"":90.0,""xlai"":3.198920965194702}"
P0342,W2,heldout_wgen,heldout_wgen:1084,61,2008-08-11,56,4.0,0.0,0.0,75.0,200.0,mid,<=0.05,<=0.05,2,"[1, 1, 0, 0, 1, 1, 0, 0, 1, 1, 0, 0, 1, 1, 0, 0]","[200.0,56.0,19.97743797302246,1.9412496089935303,0.0,4.0,0.0,90.0,8.227361679077148,0.4096730053424835,0.39770200848579407,0.3263710141181946,0.2566629946231842,0.16747500002384186,0.11299599707126617,0.0,30.85215187072754,8849.978515625,75.0,25.0,90.0,4.723074913024902]","{""cumsumfert"":200.0,""dap"":56.0,""dlayr"":5.0,""dtt"":19.97743797302246,""dul"":0.33000001311302185,""ep"":1.9412496089935303,""grnwt"":0.0,""istage"":4.0,""ll"":0.09000000357627869,""nstres"":0.0,""rtdep"":90.0,""sat"":0.4599999785423279,""srad"":8.227361679077148,""sw"":0.4096730053424835,""swfac"":0.0,""tmax"":30.85215187072754,""topwt"":8849.978637695312,""totir"":75.0,""vstage"":25.0,""wtdep"":90.0,""xlai"":4.723074913024902}"
P0343,W2,heldout_wgen,heldout_wgen:1085,88,2008-09-07,83,5.0,0.0,0.0,75.0,200.0,late,<=0.05,<=0.05,2,"[1, 1, 0, 0, 1, 1, 0, 0, 1, 1, 0, 0, 1, 1, 0, 0]","[200.0,83.0,12.222160339355469,1.2494207620620728,4875.3720703125,5.0,0.0,90.0,7.057765960693359,0.41865700483322144,0.40059301257133484,0.4259920120239258,0.38030800223350525,0.34812501072883606,0.24242499470710754,0.0,23.359878540039062,12559.669921875,75.0,23.0,90.0,2.3953490257263184]","{""cumsumfert"":200.0,""dap"":83.0,""dlayr"":5.0,""dtt"":12.222160339355469,""dul"":0.33000001311302185,""ep"":1.2494207620620728,""grnwt"":4875.372314453125,""istage"":5.0,""ll"":0.09000000357627869,""nstres"":0.0,""rtdep"":90.0,""sat"":0.4599999785423279,""srad"":7.057765960693359,""sw"":0.41865700483322144,""swfac"":0.0,""tmax"":23.359878540039062,""topwt"":12559.67041015625,""totir"":75.0,""vstage"":23.0,""wtdep"":90.0,""xlai"":2.3953490257263184}"
P0344,W2,heldout_wgen,heldout_wgen:1092,1,2008-06-12,0,7.0,0.1500000059604644,0.0,45.0,120.0,early,"(0.05,0.25]",<=0.05,1,"[1, 1, 1, 1, 1, 1, 1, 1, 1, 1, 1, 1, 1, 1, 1, 1]","[0.0,0.0,0.0,0.0,0.0,7.0,0.0,0.0,14.019399642944336,0.15000000596046448,0.15000000596046448,0.15000000596046448,0.15000000596046448,0.15000000596046448,0.15000000596046448,0.0,32.162845611572266,0.0,0.0,0.0,0.0,0.0]","{""cumsumfert"":0.0,""dap"":0.0,""dtt"":0.0,""ep"":0.0,""grnwt"":0.0,""istage"":7.0,""nstres"":0.0,""rtdep"":0.0,""srad"":14.019399642944336,""sw"":0.15000000596046448,""swfac"":0.15000000596046448,""tmax"":0.15000000596046448,""topwt"":0.15000000596046448,""totir"":0.15000000596046448,""vstage"":0.15000000596046448,""wtdep"":0.0,""xlai"":32.162845611572266}"
P0345,W2,heldout_wgen,heldout_wgen:1093,27,2008-07-08,22,2.0,0.0,0.0,75.0,200.0,early,<=0.05,<=0.05,2,"[1, 1, 0, 0, 0, 0, 0, 0, 0, 0, 0, 0, 0, 0, 0, 0]","[200.0,22.0,19.583213806152344,1.4777846336364746,0.0,2.0,0.0,60.60969924926758,15.073949813842773,0.3029730021953583,0.30395400524139404,0.32451099157333374,0.30101099610328674,0.1900710016489029,0.14757700264453888,0.0,31.227825164794922,451.7074890136719,75.0,10.0,90.0,0.7828449606895447]","{""cumsumfert"":200.0,""dap"":22.0,""dlayr"":5.0,""dtt"":19.583213806152344,""dul"":0.33000001311302185,""ep"":1.4777846336364746,""grnwt"":0.0,""istage"":2.0,""ll"":0.09000000357627869,""nstres"":0.0,""rtdep"":60.60969924926758,""sat"":0.4599999785423279,""srad"":15.073949813842773,""sw"":0.3029730021953583,""swfac"":0.0,""tmax"":31.227825164794922,""topwt"":451.7074966430664,""totir"":75.0,""vstage"":10.0,""wtdep"":90.0,""xlai"":0.7828449606895447}"
P0346,W2,heldout_wgen,heldout_wgen:1093,32,2008-07-13,27,3.0,0.0,0.0,75.0,200.0,early,<=0.05,<=0.05,2,"[1, 1, 0, 0, 0, 0, 0, 0, 0, 0, 0, 0, 0, 0, 0, 0]","[200.0,27.0,17.628087997436523,1.6452616453170776,0.0,3.0,0.0,80.38036346435547,10.565690994262695,0.2386379987001419,0.2566069960594177,0.28620100021362305,0.278779000043869,0.2008260041475296,0.14770600199699402,0.0,31.26906967163086,1077.9705810546875,75.0,12.0,90.0,1.5811424255371094]","{""cumsumfert"":200.0,""dap"":27.0,""dlayr"":5.0,""dtt"":17.628087997436523,""dul"":0.33000001311302185,""ep"":1.6452616453170776,""grnwt"":0.0,""istage"":3.0,""ll"":0.09000000357627869,""nstres"":0.0,""rtdep"":80.38036346435547,""sat"":0.4599999785423279,""srad"":10.565690994262695,""sw"":0.2386379987001419,""swfac"":0.0,""tmax"":31.26906967163086,""topwt"":1077.9705810546875,""totir"":75.0,""vstage"":12.0,""wtdep"":90.0,""xlai"":1.5811424255371094}"
P0347,W2,heldout_wgen,heldout_wgen:1093,91,2008-09-10,86,5.0,0.0,0.0,75.0,200.0,late,<=0.05,<=0.05,2,"[1, 1, 0, 0, 1, 1, 0, 0, 1, 1, 0, 0, 1, 1, 0, 0]","[200.0,86.0,10.55611801147461,1.8692283630371094,4842.63623046875,5.0,0.0,90.0,9.688785552978516,0.3775160014629364,0.349141001701355,0.33201900124549866,0.3026770055294037,0.22752100229263306,0.10572200268507004,0.0,23.59473419189453,15115.0087890625,75.0,24.0,90.0,3.794725179672241]","{""cumsumfert"":200.0,""dap"":86.0,""dlayr"":5.0,""dtt"":10.55611801147461,""dul"":0.33000001311302185,""ep"":1.8692283630371094,""grnwt"":4842.6361083984375,""istage"":5.0,""ll"":0.09000000357627869,""nstres"":0.0,""rtdep"":90.0,""sat"":0.4599999785423279,""srad"":9.688785552978516,""sw"":0.3775160014629364,""swfac"":0.0,""tmax"":23.59473419189453,""topwt"":15115.008544921875,""totir"":75.0,""vstage"":24.0,""wtdep"":90.0,""xlai"":3.794725179672241}"
P0348,W2,heldout_wgen,heldout_wgen:1094,14,2008-06-25,9,1.0,0.0,0.0050641894340515,75.0,160.0,early,<=0.05,<=0.05,1,"[1, 0, 0, 0, 0, 0, 0, 0, 0, 0, 0, 0, 0, 0, 0, 0]","[160.0,9.0,20.43730926513672,0.032253701239824295,0.0,1.0,0.005064189434051514,22.46636199951172,19.59661293029785,0.3467240035533905,0.4324530065059662,0.23247799277305603,0.16032199561595917,0.15378700196743011,0.1482190042734146,0.0,33.17765426635742,26.400001525878906,75.0,3.0,90.0,0.014331483282148838]","{""cumsumfert"":160.0,""dap"":9.0,""dlayr"":5.0,""dtt"":20.43730926513672,""dul"":0.33000001311302185,""ep"":0.032253701239824295,""grnwt"":0.0,""istage"":1.0,""ll"":0.09000000357627869,""nstres"":0.005064189434051514,""rtdep"":22.46636199951172,""sat"":0.4599999785423279,""srad"":19.59661293029785,""sw"":0.3467240035533905,""swfac"":0.0,""tmax"":33.17765426635742,""topwt"":26.400001049041748,""totir"":75.0,""vstage"":3.0,""wtdep"":90.0,""xlai"":0.014331483282148838}"
P0349,W2,heldout_wgen,heldout_wgen:1094,94,2008-09-13,89,5.0,0.0,0.0,75.0,200.0,late,<=0.05,<=0.05,2,"[1, 1, 0, 0, 1, 1, 0, 0, 1, 1, 0, 0, 1, 1, 0, 0]","[200.0,89.0,9.671619415283203,1.8189058303833008,4555.0673828125,5.0,0.0,90.0,9.802788734436035,0.38849499821662903,0.4112200140953064,0.4260900020599365,0.4517289996147156,0.3621250092983246,0.37773698568344116,0.0,23.622600555419922,14493.23046875,75.0,24.0,90.0,3.344097852706909]","{""cumsumfert"":200.0,""dap"":89.0,""dlayr"":5.0,""dtt"":9.671619415283203,""dul"":0.33000001311302185,""ep"":1.8189058303833008,""grnwt"":4555.067443847656,""istage"":5.0,""ll"":0.09000000357627869,""nstres"":0.0,""rtdep"":90.0,""sat"":0.4599999785423279,""srad"":9.802788734436035,""sw"":0.38849499821662903,""swfac"":0.0,""tmax"":23.622600555419922,""topwt"":14493.22998046875,""totir"":75.0,""vstage"":24.0,""wtdep"":90.0,""xlai"":3.344097852706909}"
P0350,W2,heldout_wgen,heldout_wgen:1096,1,2008-06-12,0,7.0,0.1500000059604644,0.0,45.0,120.0,early,"(0.05,0.25]",<=0.05,1,"[1, 1, 1, 1, 1, 1, 1, 1, 1, 1, 1, 1, 1, 1, 1, 1]","[0.0,0.0,0.0,0.0,0.0,7.0,0.0,0.0,15.685789108276367,0.15000000596046448,0.15000000596046448,0.15000000596046448,0.15000000596046448,0.15000000596046448,0.15000000596046448,0.0,32.15157699584961,0.0,0.0,0.0,0.0,0.0]","{""cumsumfert"":0.0,""dap"":0.0,""dtt"":0.0,""ep"":0.0,""grnwt"":0.0,""istage"":7.0,""nstres"":0.0,""rtdep"":0.0,""srad"":15.685789108276367,""sw"":0.15000000596046448,""swfac"":0.15000000596046448,""tmax"":0.15000000596046448,""topwt"":0.15000000596046448,""totir"":0.15000000596046448,""vstage"":0.15000000596046448,""wtdep"":0.0,""xlai"":32.15157699584961}"
P0351,W2,heldout_wgen,heldout_wgen:1097,1,2008-06-12,0,7.0,0.1500000059604644,0.0,45.0,120.0,early,"(0.05,0.25]",<=0.05,1,"[1, 1, 1, 1, 1, 1, 1, 1, 1, 1, 1, 1, 1, 1, 1, 1]","[0.0,0.0,0.0,0.0,0.0,7.0,0.0,0.0,16.942745208740234,0.15000000596046448,0.15000000596046448,0.15000000596046448,0.15000000596046448,0.15000000596046448,0.15000000596046448,0.0,32.148773193359375,0.0,0.0,0.0,0.0,0.0]","{""cumsumfert"":0.0,""dap"":0.0,""dtt"":0.0,""ep"":0.0,""grnwt"":0.0,""istage"":7.0,""nstres"":0.0,""rtdep"":0.0,""srad"":16.942745208740234,""sw"":0.15000000596046448,""swfac"":0.15000000596046448,""tmax"":0.15000000596046448,""topwt"":0.15000000596046448,""totir"":0.15000000596046448,""vstage"":0.15000000596046448,""wtdep"":0.0,""xlai"":32.148773193359375}"
P0352,W2,heldout_wgen,heldout_wgen:1099,72,2008-08-22,67,5.0,0.0,0.0,75.0,200.0,mid,<=0.05,<=0.05,2,"[1, 1, 0, 0, 1, 1, 0, 0, 1, 1, 0, 0, 1, 1, 0, 0]","[200.0,67.0,15.48178482055664,1.2400866746902466,982.9967651367188,5.0,0.0,90.0,5.75392484664917,0.4097580015659332,0.30769601464271545,0.29502901434898376,0.2248309999704361,0.16896000504493713,0.10562200099229813,0.0,27.01637077331543,10542.92578125,75.0,25.0,90.0,4.326225280761719]","{""cumsumfert"":200.0,""dap"":67.0,""dlayr"":5.0,""dtt"":15.48178482055664,""dul"":0.33000001311302185,""ep"":1.2400866746902466,""grnwt"":982.9967498779297,""istage"":5.0,""ll"":0.09000000357627869,""nstres"":0.0,""rtdep"":90.0,""sat"":0.4599999785423279,""srad"":5.75392484664917,""sw"":0.4097580015659332,""swfac"":0.0,""tmax"":27.01637077331543,""topwt"":10542.926025390625,""totir"":75.0,""vstage"":25.0,""wtdep"":90.0,""xlai"":4.326225280761719}"
P0353,W2,observed_weather,observed_weather:2014,1,2014-06-13,0,7.0,0.1500000059604644,0.0,45.0,120.0,early,"(0.05,0.25]",<=0.05,1,"[1, 1, 1, 1, 1, 1, 1, 1, 1, 1, 1, 1, 1, 1, 1, 1]","[0.0,0.0,0.0,0.0,0.0,7.0,0.0,0.0,21.200000762939453,0.15000000596046448,0.15000000596046448,0.15000000596046448,0.15000000596046448,0.15000000596046448,0.15000000596046448,0.0,35.0,0.0,0.0,0.0,0.0,0.0]","{""cumsumfert"":0.0,""dap"":0.0,""dtt"":0.0,""ep"":0.0,""grnwt"":0.0,""istage"":7.0,""nstres"":0.0,""rtdep"":0.0,""srad"":21.200000762939453,""sw"":0.15000000596046448,""swfac"":0.15000000596046448,""tmax"":0.15000000596046448,""topwt"":0.15000000596046448,""totir"":0.15000000596046448,""vstage"":0.15000000596046448,""wtdep"":0.0,""xlai"":35.0}"
P0354,W2,observed_weather,observed_weather:2014,10,2014-06-22,5,9.0,0.0,0.0,45.0,120.0,early,<=0.05,<=0.05,1,"[1, 0, 0, 0, 0, 0, 0, 0, 0, 0, 0, 0, 0, 0, 0, 0]","[120.0,5.0,16.39853286743164,0.0,0.0,9.0,0.0,13.847533226013184,24.100000381469727,0.2626889944076538,0.4246149957180023,0.3492630124092102,0.18611599504947662,0.15295900404453278,0.1487320065498352,0.0,29.299999237060547,0.0,45.0,0.0,90.0,0.0]","{""cumsumfert"":120.0,""dap"":5.0,""dlayr"":5.0,""dtt"":16.39853286743164,""dul"":0.33000001311302185,""ep"":0.0,""grnwt"":0.0,""istage"":9.0,""ll"":0.09000000357627869,""nstres"":0.0,""rtdep"":13.847533226013184,""sat"":0.4599999785423279,""srad"":24.100000381469727,""sw"":0.2626889944076538,""swfac"":0.0,""tmax"":29.299999237060547,""topwt"":0.0,""totir"":45.0,""vstage"":0.0,""wtdep"":90.0,""xlai"":0.0}"
P0355,W2,observed_weather,observed_weather:2014,57,2014-08-08,52,3.0,0.1998956799507141,0.0,75.0,200.0,mid,"(0.05,0.25]",<=0.05,2,"[1, 1, 0, 0, 1, 1, 0, 0, 1, 1, 0, 0, 1, 1, 0, 0]","[200.0,52.0,15.200000762939453,3.258894920349121,0.0,3.0,0.0,90.0,18.899999618530273,0.08931899815797806,0.10006500035524368,0.1217069998383522,0.13398699462413788,0.13843600451946259,0.09262900054454803,0.1998956799507141,30.799999237060547,7634.8115234375,75.0,24.0,90.0,4.762609481811523]","{""cumsumfert"":200.0,""dap"":52.0,""dlayr"":5.0,""dtt"":15.200000762939453,""dul"":0.33000001311302185,""ep"":3.258894920349121,""grnwt"":0.0,""istage"":3.0,""ll"":0.09000000357627869,""nstres"":0.0,""rtdep"":90.0,""sat"":0.4599999785423279,""srad"":18.899999618530273,""sw"":0.08931899815797806,""swfac"":0.1998956799507141,""tmax"":30.799999237060547,""topwt"":7634.8114013671875,""totir"":75.0,""vstage"":24.0,""wtdep"":90.0,""xlai"":4.762609481811523}"
P0356,W2,observed_weather,observed_weather:2014,58,2014-08-09,53,3.0,0.2723113298416137,0.0,75.0,200.0,mid,"(0.25,0.50]",<=0.05,2,"[1, 1, 0, 0, 1, 1, 0, 0, 1, 1, 0, 0, 1, 1, 0, 0]","[200.0,53.0,16.049999237060547,2.430161476135254,0.0,3.0,0.0,90.0,15.199999809265137,0.08691299706697464,0.0974389985203743,0.11893799901008606,0.13108399510383606,0.1353680044412613,0.08973000198602676,0.27231132984161377,27.799999237060547,7794.71142578125,75.0,24.0,90.0,4.734649658203125]","{""cumsumfert"":200.0,""dap"":53.0,""dlayr"":5.0,""dtt"":16.049999237060547,""dul"":0.33000001311302185,""ep"":2.430161476135254,""grnwt"":0.0,""istage"":3.0,""ll"":0.09000000357627869,""nstres"":0.0,""rtdep"":90.0,""sat"":0.4599999785423279,""srad"":15.199999809265137,""sw"":0.08691299706697464,""swfac"":0.27231132984161377,""tmax"":27.799999237060547,""topwt"":7794.7113037109375,""totir"":75.0,""vstage"":24.0,""wtdep"":90.0,""xlai"":4.734649658203125}"
P0357,W2,observed_weather,observed_weather:2014,59,2014-08-10,54,3.0,0.6333343982696533,0.0,75.0,200.0,mid,>0.50,<=0.05,2,"[1, 1, 0, 0, 1, 1, 0, 0, 1, 1, 0, 0, 1, 1, 0, 0]","[200.0,54.0,15.950000762939453,1.903317928314209,0.0,3.0,0.0,90.0,23.399999618530273,0.08286699652671814,0.09541500359773636,0.11679500341415405,0.12880800664424896,0.1329440027475357,0.08744999766349792,0.6333343982696533,31.0,7874.26953125,75.0,24.0,90.0,4.602453708648682]","{""cumsumfert"":200.0,""dap"":54.0,""dlayr"":5.0,""dtt"":15.950000762939453,""dul"":0.33000001311302185,""ep"":1.903317928314209,""grnwt"":0.0,""istage"":3.0,""ll"":0.09000000357627869,""nstres"":0.0,""rtdep"":90.0,""sat"":0.4599999785423279,""srad"":23.399999618530273,""sw"":0.08286699652671814,""swfac"":0.6333343982696533,""tmax"":31.0,""topwt"":7874.2694091796875,""totir"":75.0,""vstage"":24.0,""wtdep"":90.0,""xlai"":4.602453708648682}"
P0358,W2,observed_weather,observed_weather:2014,60,2014-08-11,55,3.0,0.6696970760822296,0.0,75.0,200.0,mid,>0.50,<=0.05,2,"[1, 1, 0, 0, 1, 1, 0, 0, 1, 1, 0, 0, 1, 1, 0, 0]","[200.0,55.0,18.450000762939453,1.609033465385437,0.0,3.0,0.0,90.0,21.100000381469727,0.07863499969244003,0.09376499801874161,0.11503700166940689,0.12690599262714386,0.1308860033750534,0.08547300100326538,0.6696970462799072,32.900001525878906,7957.29931640625,75.0,24.0,90.0,4.466833114624023]","{""cumsumfert"":200.0,""dap"":55.0,""dlayr"":5.0,""dtt"":18.450000762939453,""dul"":0.33000001311302185,""ep"":1.609033465385437,""grnwt"":0.0,""istage"":3.0,""ll"":0.09000000357627869,""nstres"":0.0,""rtdep"":90.0,""sat"":0.4599999785423279,""srad"":21.100000381469727,""sw"":0.07863499969244003,""swfac"":0.6696970760822296,""tmax"":32.900001525878906,""topwt"":7957.2991943359375,""totir"":75.0,""vstage"":24.0,""wtdep"":90.0,""xlai"":4.466833114624023}"
P0359,W2,observed_weather,observed_weather:2014,61,2014-08-12,56,4.0,0.7369451224803925,0.0,75.0,200.0,mid,>0.50,<=0.05,2,"[1, 1, 0, 0, 1, 1, 0, 0, 1, 1, 0, 0, 1, 1, 0, 0]","[200.0,56.0,17.5,1.3783382177352905,0.0,4.0,0.0,90.0,23.100000381469727,0.07354799658060074,0.09237200021743774,0.11354299634695053,0.12528499960899353,0.12912599742412567,0.08376500010490417,0.7369451522827148,32.900001525878906,8029.1240234375,75.0,24.0,90.0,4.302242279052734]","{""cumsumfert"":200.0,""dap"":56.0,""dlayr"":5.0,""dtt"":17.5,""dul"":0.33000001311302185,""ep"":1.3783382177352905,""grnwt"":0.0,""istage"":4.0,""ll"":0.09000000357627869,""nstres"":0.0,""rtdep"":90.0,""sat"":0.4599999785423279,""srad"":23.100000381469727,""sw"":0.07354799658060074,""swfac"":0.7369451224803925,""tmax"":32.900001525878906,""topwt"":8029.1241455078125,""totir"":75.0,""vstage"":24.0,""wtdep"":90.0,""xlai"":4.302242279052734}"
P0360,W2,observed_weather,observed_weather:2014,62,2014-08-13,57,4.0,0.5905882716178894,0.0,75.0,200.0,mid,>0.50,<=0.05,2,"[1, 1, 0, 0, 1, 1, 0, 0, 1, 1, 0, 0, 1, 1, 0, 0]","[200.0,57.0,17.700000762939453,1.1784285306930542,0.0,4.0,0.0,90.0,12.899999618530273,0.07040199637413025,0.09117399901151657,0.1122480034828186,0.1238899976015091,0.1276250034570694,0.08232200145721436,0.5905882716178894,29.0,8081.67724609375,75.0,24.0,90.0,4.175199508666992]","{""cumsumfert"":200.0,""dap"":57.0,""dlayr"":5.0,""dtt"":17.700000762939453,""dul"":0.33000001311302185,""ep"":1.1784285306930542,""grnwt"":0.0,""istage"":4.0,""ll"":0.09000000357627869,""nstres"":0.0,""rtdep"":90.0,""sat"":0.4599999785423279,""srad"":12.899999618530273,""sw"":0.07040199637413025,""swfac"":0.5905882716178894,""tmax"":29.0,""topwt"":8081.67724609375,""totir"":75.0,""vstage"":24.0,""wtdep"":90.0,""xlai"":4.175199508666992}"
P0361,W2,observed_weather,observed_weather:2014,64,2014-08-15,59,4.0,0.3940788507461548,0.0,75.0,200.0,mid,"(0.25,0.50]",<=0.05,2,"[1, 1, 0, 0, 1, 1, 0, 0, 1, 1, 0, 0, 1, 1, 0, 0]","[200.0,59.0,16.450000762939453,2.4647579193115234,0.0,4.0,0.0,90.0,23.5,0.09000000357627869,0.09000000357627869,0.11008500307798386,0.12157599627971649,0.1251560002565384,0.07996899634599686,0.3940788507461548,31.100000381469727,8328.73046875,75.0,24.0,90.0,3.9265873432159424]","{""cumsumfert"":200.0,""dap"":59.0,""dlayr"":5.0,""dtt"":16.450000762939453,""dul"":0.33000001311302185,""ep"":2.4647579193115234,""grnwt"":0.0,""istage"":4.0,""ll"":0.09000000357627869,""nstres"":0.0,""rtdep"":90.0,""sat"":0.4599999785423279,""srad"":23.5,""sw"":0.09000000357627869,""swfac"":0.3940788507461548,""tmax"":31.100000381469727,""topwt"":8328.73046875,""totir"":75.0,""vstage"":24.0,""wtdep"":90.0,""xlai"":3.9265873432159424}"
P0362,W2,observed_weather,observed_weather:2014,66,2014-08-17,61,4.0,0.2438881397247314,0.0,75.0,200.0,mid,"(0.05,0.25]",<=0.05,2,"[1, 1, 0, 0, 1, 1, 0, 0, 1, 1, 0, 0, 1, 1, 0, 0]","[200.0,61.0,15.0,0.5975464582443237,0.0,4.0,0.0,90.0,4.099999904632568,0.45274999737739563,0.1447409987449646,0.11000200361013412,0.11999999731779099,0.12315099686384201,0.0780399963259697,0.24388813972473145,26.200000762939453,8329.353515625,75.0,24.0,90.0,3.721802234649658]","{""cumsumfert"":200.0,""dap"":61.0,""dlayr"":5.0,""dtt"":15.0,""dul"":0.33000001311302185,""ep"":0.5975464582443237,""grnwt"":0.0,""istage"":4.0,""ll"":0.09000000357627869,""nstres"":0.0,""rtdep"":90.0,""sat"":0.4599999785423279,""srad"":4.099999904632568,""sw"":0.45274999737739563,""swfac"":0.24388813972473145,""tmax"":26.200000762939453,""topwt"":8329.353637695312,""totir"":75.0,""vstage"":24.0,""wtdep"":90.0,""xlai"":3.721802234649658}"
P0363,W2,observed_weather,observed_weather:2014,72,2014-08-23,67,5.0,0.407814085483551,0.0,75.0,200.0,mid,"(0.25,0.50]",<=0.05,2,"[1, 1, 0, 0, 1, 1, 0, 0, 1, 1, 0, 0, 1, 1, 0, 0]","[200.0,67.0,18.299999237060547,0.9897834062576294,150.8853759765625,5.0,0.0,90.0,9.300000190734863,0.08708299696445465,0.10271500051021576,0.10999999940395355,0.11999999731779099,0.12086399644613266,0.07576099783182144,0.407814085483551,29.799999237060547,9880.2255859375,75.0,24.0,90.0,3.6459124088287354]","{""cumsumfert"":200.0,""dap"":67.0,""dlayr"":5.0,""dtt"":18.299999237060547,""dul"":0.33000001311302185,""ep"":0.9897834062576294,""grnwt"":150.8853816986084,""istage"":5.0,""ll"":0.09000000357627869,""nstres"":0.0,""rtdep"":90.0,""sat"":0.4599999785423279,""srad"":9.300000190734863,""sw"":0.08708299696445465,""swfac"":0.407814085483551,""tmax"":29.799999237060547,""topwt"":9880.225830078125,""totir"":75.0,""vstage"":24.0,""wtdep"":90.0,""xlai"":3.6459124088287354}"
P0364,W2,observed_weather,observed_weather:2014,73,2014-08-24,68,5.0,0.8109767735004425,0.0,75.0,200.0,mid,>0.50,<=0.05,2,"[1, 1, 0, 0, 1, 1, 0, 0, 1, 1, 0, 0, 1, 1, 0, 0]","[200.0,68.0,16.25,0.6358888745307922,258.6391906738281,5.0,0.0,90.0,15.899999618530273,0.15536600351333618,0.09919899702072144,0.1100659966468811,0.12000299990177155,0.12017399817705154,0.07506600022315979,0.8109767436981201,28.200000762939453,9939.431640625,75.0,24.0,90.0,3.498074531555176]","{""cumsumfert"":200.0,""dap"":68.0,""dlayr"":5.0,""dtt"":16.25,""dul"":0.33000001311302185,""ep"":0.6358888745307922,""grnwt"":258.6392021179199,""istage"":5.0,""ll"":0.09000000357627869,""nstres"":0.0,""rtdep"":90.0,""sat"":0.4599999785423279,""srad"":15.899999618530273,""sw"":0.15536600351333618,""swfac"":0.8109767735004425,""tmax"":28.200000762939453,""topwt"":9939.43115234375,""totir"":75.0,""vstage"":24.0,""wtdep"":90.0,""xlai"":3.498074531555176}"
P0365,W2,observed_weather,observed_weather:2014,75,2014-08-26,70,5.0,0.9026360362768172,0.0,75.0,200.0,mid,>0.50,<=0.05,2,"[1, 1, 0, 0, 1, 1, 0, 0, 1, 1, 0, 0, 1, 1, 0, 0]","[200.0,70.0,16.100000381469727,0.4239312410354614,551.1016235351562,5.0,0.0,90.0,20.5,0.08145199716091156,0.09620799869298935,0.1100429967045784,0.11999999731779099,0.12001200020313263,0.07389900088310242,0.9026360511779785,32.20000076293945,10263.35546875,75.0,24.0,90.0,3.340200662612915]","{""cumsumfert"":200.0,""dap"":70.0,""dlayr"":5.0,""dtt"":16.100000381469727,""dul"":0.33000001311302185,""ep"":0.4239312410354614,""grnwt"":551.1016082763672,""istage"":5.0,""ll"":0.09000000357627869,""nstres"":0.0,""rtdep"":90.0,""sat"":0.4599999785423279,""srad"":20.5,""sw"":0.08145199716091156,""swfac"":0.9026360362768173,""tmax"":32.20000076293945,""topwt"":10263.355712890625,""totir"":75.0,""vstage"":24.0,""wtdep"":90.0,""xlai"":3.340200662612915}"
P0366,W2,observed_weather,observed_weather:2014,81,2014-09-01,76,5.0,0.9490303620696068,0.0,75.0,200.0,late,>0.50,<=0.05,2,"[1, 1, 0, 0, 1, 1, 0, 0, 1, 1, 0, 0, 1, 1, 0, 0]","[200.0,76.0,16.299999237060547,0.14418713748455048,1152.8336181640625,5.0,0.0,90.0,14.399999618530273,0.05962499976158142,0.09000000357627869,0.10999999940395355,0.11999999731779099,0.12000200152397156,0.07054200023412704,0.949030339717865,29.700000762939453,10477.052734375,75.0,24.0,90.0,2.549248456954956]","{""cumsumfert"":200.0,""dap"":76.0,""dlayr"":5.0,""dtt"":16.299999237060547,""dul"":0.33000001311302185,""ep"":0.14418713748455048,""grnwt"":1152.8336334228516,""istage"":5.0,""ll"":0.09000000357627869,""nstres"":0.0,""rtdep"":90.0,""sat"":0.4599999785423279,""srad"":14.399999618530273,""sw"":0.05962499976158142,""swfac"":0.9490303620696068,""tmax"":29.700000762939453,""topwt"":10477.05322265625,""totir"":75.0,""vstage"":24.0,""wtdep"":90.0,""xlai"":2.549248456954956}"
P0367,W2,observed_weather,observed_weather:2014,84,2014-09-04,79,5.0,0.9765147995203732,0.0,75.0,200.0,late,>0.50,<=0.05,2,"[1, 1, 0, 0, 1, 1, 0, 0, 1, 1, 0, 0, 1, 1, 0, 0]","[200.0,79.0,13.299999237060547,0.10438515245914459,1537.31591796875,5.0,0.0,90.0,24.399999618530273,0.0692560002207756,0.0900219976902008,0.11000499874353409,0.11999999731779099,0.11999999731779099,0.07000000029802322,0.9765148162841797,29.899999618530273,10765.998046875,75.0,24.0,90.0,2.31758451461792]","{""cumsumfert"":200.0,""dap"":79.0,""dlayr"":5.0,""dtt"":13.299999237060547,""dul"":0.33000001311302185,""ep"":0.10438515245914459,""grnwt"":1537.3159790039062,""istage"":5.0,""ll"":0.09000000357627869,""nstres"":0.0,""rtdep"":90.0,""sat"":0.4599999785423279,""srad"":24.399999618530273,""sw"":0.0692560002207756,""swfac"":0.9765147995203733,""tmax"":29.899999618530273,""topwt"":10765.99853515625,""totir"":75.0,""vstage"":24.0,""wtdep"":90.0,""xlai"":2.31758451461792}"
P0368,W2,observed_weather,observed_weather:2014,86,2014-09-06,81,5.0,1.0,0.0,75.0,200.0,late,>0.50,<=0.05,2,"[1, 1, 0, 0, 1, 1, 0, 0, 1, 1, 0, 0, 1, 1, 0, 0]","[200.0,81.0,14.350000381469727,0.0,1724.449951171875,5.0,0.0,90.0,10.699999809265137,0.05962499976158142,0.09000000357627869,0.10999999940395355,0.11999999731779099,0.11999999731779099,0.07000000029802322,1.0,28.100000381469727,10786.947265625,75.0,24.0,90.0,2.0978305339813232]","{""cumsumfert"":200.0,""dap"":81.0,""dlayr"":5.0,""dtt"":14.350000381469727,""dul"":0.33000001311302185,""ep"":0.0,""grnwt"":1724.4499206542969,""istage"":5.0,""ll"":0.09000000357627869,""nstres"":0.0,""rtdep"":90.0,""sat"":0.4599999785423279,""srad"":10.699999809265137,""sw"":0.05962499976158142,""swfac"":1.0,""tmax"":28.100000381469727,""topwt"":10786.947021484375,""totir"":75.0,""vstage"":24.0,""wtdep"":90.0,""xlai"":2.0978305339813232}"
P0369,W2,observed_weather,observed_weather:2015,94,2015-09-14,89,5.0,0.0506629347801208,0.0,75.0,200.0,late,"(0.05,0.25]",<=0.05,2,"[1, 1, 0, 0, 1, 1, 0, 0, 1, 1, 0, 0, 1, 1, 0, 0]","[200.0,89.0,11.700000762939453,3.288198947906494,5965.3330078125,5.0,0.0,90.0,17.5,0.10024300217628479,0.10373400151729584,0.12265200167894363,0.1314219981431961,0.13604600727558136,0.08815699815750122,0.05066293478012085,26.899999618530273,17246.1875,75.0,24.0,90.0,3.748187303543091]","{""cumsumfert"":200.0,""dap"":89.0,""dlayr"":5.0,""dtt"":11.700000762939453,""dul"":0.33000001311302185,""ep"":3.288198947906494,""grnwt"":5965.333251953125,""istage"":5.0,""ll"":0.09000000357627869,""nstres"":0.0,""rtdep"":90.0,""sat"":0.4599999785423279,""srad"":17.5,""sw"":0.10024300217628479,""swfac"":0.05066293478012085,""tmax"":26.899999618530273,""topwt"":17246.187744140625,""totir"":75.0,""vstage"":24.0,""wtdep"":90.0,""xlai"":3.748187303543091}"
P0370,W2,observed_weather,observed_weather:2015,95,2015-09-15,90,5.0,0.3994641304016113,0.0,75.0,200.0,late,"(0.25,0.50]",<=0.05,2,"[1, 1, 0, 0, 1, 1, 0, 0, 1, 1, 0, 0, 1, 1, 0, 0]","[200.0,90.0,11.75,2.1765007972717285,6167.9580078125,5.0,0.0,90.0,18.299999237060547,0.09264300018548965,0.1000870019197464,0.11962900310754776,0.12900599837303162,0.13388599455356598,0.08617299795150757,0.39946413040161133,27.899999618530273,17456.45703125,75.0,24.0,90.0,3.6631956100463867]","{""cumsumfert"":200.0,""dap"":90.0,""dlayr"":5.0,""dtt"":11.75,""dul"":0.33000001311302185,""ep"":2.1765007972717285,""grnwt"":6167.957763671875,""istage"":5.0,""ll"":0.09000000357627869,""nstres"":0.0,""rtdep"":90.0,""sat"":0.4599999785423279,""srad"":18.299999237060547,""sw"":0.09264300018548965,""swfac"":0.39946413040161133,""tmax"":27.899999618530273,""topwt"":17456.45751953125,""totir"":75.0,""vstage"":24.0,""wtdep"":90.0,""xlai"":3.6631956100463867}"
P0371,W2,observed_weather,observed_weather:2015,99,2015-09-19,94,5.0,0.6697952449321747,0.0,75.0,200.0,late,>0.50,<=0.05,2,"[1, 0, 0, 0, 1, 0, 0, 0, 1, 0, 0, 0, 1, 0, 0, 0]","[200.0,94.0,14.299999237060547,1.0159422159194946,6874.43408203125,5.0,0.0,90.0,15.199999809265137,0.06814900040626526,0.0923829972743988,0.11260099709033966,0.12281899899244308,0.1280820071697235,0.08092799782752991,0.6697952747344971,30.0,17953.39453125,75.0,24.0,90.0,3.187272071838379]","{""cumsumfert"":200.0,""dap"":94.0,""dlayr"":5.0,""dtt"":14.299999237060547,""dul"":0.33000001311302185,""ep"":1.0159422159194946,""grnwt"":6874.4342041015625,""istage"":5.0,""ll"":0.09000000357627869,""nstres"":0.0,""rtdep"":90.0,""sat"":0.4599999785423279,""srad"":15.199999809265137,""sw"":0.06814900040626526,""swfac"":0.6697952449321747,""tmax"":30.0,""topwt"":17953.3935546875,""totir"":75.0,""vstage"":24.0,""wtdep"":90.0,""xlai"":3.187272071838379}"
P0372,W2,observed_weather,observed_weather:2015,102,2015-09-22,97,5.0,0.4851582050323486,0.0,75.0,200.0,late,"(0.25,0.50]",<=0.05,2,"[1, 0, 0, 0, 1, 0, 0, 0, 1, 0, 0, 0, 1, 0, 0, 0]","[200.0,97.0,12.600000381469727,0.5408792495727539,7374.888671875,5.0,0.0,90.0,7.699999809265137,0.05962799862027168,0.09000000357627869,0.10999999940395355,0.11999999731779099,0.12517400085926056,0.0783270001411438,0.48515820503234863,25.899999618530273,18194.958984375,75.0,24.0,90.0,2.8086767196655273]","{""cumsumfert"":200.0,""dap"":97.0,""dlayr"":5.0,""dtt"":12.600000381469727,""dul"":0.33000001311302185,""ep"":0.5408792495727539,""grnwt"":7374.888916015625,""istage"":5.0,""ll"":0.09000000357627869,""nstres"":0.0,""rtdep"":90.0,""sat"":0.4599999785423279,""srad"":7.699999809265137,""sw"":0.05962799862027168,""swfac"":0.48515820503234863,""tmax"":25.899999618530273,""topwt"":18194.959716796875,""totir"":75.0,""vstage"":24.0,""wtdep"":90.0,""xlai"":2.8086767196655273}"
P0373,W2,observed_weather,observed_weather:2016,25,2016-07-06,20,2.0,0.0,0.0,75.0,200.0,early,<=0.05,<=0.05,2,"[1, 0, 0, 0, 0, 0, 0, 0, 0, 0, 0, 0, 0, 0, 0, 0]","[200.0,20.0,19.27419662475586,1.583728313446045,0.0,2.0,0.0,57.039794921875,19.700000762939453,0.29649099707603455,0.3405640125274658,0.37290000915527344,0.34331101179122925,0.2764489948749542,0.15362299978733063,0.0,32.79999923706055,342.6029052734375,75.0,9.0,90.0,0.6241392493247986]","{""cumsumfert"":200.0,""dap"":20.0,""dlayr"":5.0,""dtt"":19.27419662475586,""dul"":0.33000001311302185,""ep"":1.583728313446045,""grnwt"":0.0,""istage"":2.0,""ll"":0.09000000357627869,""nstres"":0.0,""rtdep"":57.039794921875,""sat"":0.4599999785423279,""srad"":19.700000762939453,""sw"":0.29649099707603455,""swfac"":0.0,""tmax"":32.79999923706055,""topwt"":342.60292053222656,""totir"":75.0,""vstage"":9.0,""wtdep"":90.0,""xlai"":0.6241392493247986}"
P0374,W2,observed_weather,observed_weather:2016,88,2016-09-07,83,5.0,0.4940927624702453,0.0,75.0,200.0,late,"(0.25,0.50]",<=0.05,2,"[1, 1, 0, 0, 1, 1, 0, 0, 1, 1, 0, 0, 1, 1, 0, 0]","[200.0,83.0,16.450000762939453,1.9950586557388306,4483.46142578125,5.0,0.0,90.0,18.799999237060547,0.07758600264787674,0.09680800139904022,0.1178549975156784,0.1288059949874878,0.1319420039653778,0.08681199699640274,0.49409276247024536,29.700000762939453,14223.365234375,75.0,24.0,90.0,3.263967275619507]","{""cumsumfert"":200.0,""dap"":83.0,""dlayr"":5.0,""dtt"":16.450000762939453,""dul"":0.33000001311302185,""ep"":1.9950586557388306,""grnwt"":4483.461608886719,""istage"":5.0,""ll"":0.09000000357627869,""nstres"":0.0,""rtdep"":90.0,""sat"":0.4599999785423279,""srad"":18.799999237060547,""sw"":0.07758600264787674,""swfac"":0.49409276247024536,""tmax"":29.700000762939453,""topwt"":14223.365478515625,""totir"":75.0,""vstage"":24.0,""wtdep"":90.0,""xlai"":3.263967275619507}"
P0375,W2,observed_weather,observed_weather:2016,94,2016-09-13,89,5.0,0.7559261322021484,0.0,75.0,200.0,late,>0.50,<=0.05,2,"[1, 1, 0, 0, 1, 1, 0, 0, 1, 1, 0, 0, 1, 1, 0, 0]","[200.0,89.0,16.0,0.662456214427948,5293.7587890625,5.0,0.0,90.0,15.199999809265137,0.05962499976158142,0.09000399708747864,0.10999999940395355,0.1205189973115921,0.12363400310277939,0.07920199632644653,0.7559261322021484,29.5,14839.052734375,75.0,24.0,90.0,2.4516453742980957]","{""cumsumfert"":200.0,""dap"":89.0,""dlayr"":5.0,""dtt"":16.0,""dul"":0.33000001311302185,""ep"":0.662456214427948,""grnwt"":5293.758544921875,""istage"":5.0,""ll"":0.09000000357627869,""nstres"":0.0,""rtdep"":90.0,""sat"":0.4599999785423279,""srad"":15.199999809265137,""sw"":0.05962499976158142,""swfac"":0.7559261322021484,""tmax"":29.5,""topwt"":14839.052734375,""totir"":75.0,""vstage"":24.0,""wtdep"":90.0,""xlai"":2.4516453742980957}"
P0376,W2,observed_weather,observed_weather:2016,96,2016-09-15,91,5.0,0.8309359103441238,0.0,75.0,200.0,late,>0.50,<=0.05,2,"[1, 0, 0, 0, 1, 0, 0, 0, 1, 0, 0, 0, 1, 0, 0, 0]","[200.0,91.0,16.849998474121094,0.35246193408966064,5532.78125,5.0,0.0,90.0,15.399999618530273,0.05962499976158142,0.09000000357627869,0.10999999940395355,0.12001100182533264,0.12188500165939331,0.07761400192975998,0.8309358954429626,31.799999237060547,14939.939453125,75.0,24.0,90.0,2.1064951419830322]","{""cumsumfert"":200.0,""dap"":91.0,""dlayr"":5.0,""dtt"":16.849998474121094,""dul"":0.33000001311302185,""ep"":0.35246193408966064,""grnwt"":5532.7813720703125,""istage"":5.0,""ll"":0.09000000357627869,""nstres"":0.0,""rtdep"":90.0,""sat"":0.4599999785423279,""srad"":15.399999618530273,""sw"":0.05962499976158142,""swfac"":0.8309359103441238,""tmax"":31.799999237060547,""topwt"":14939.93896484375,""totir"":75.0,""vstage"":24.0,""wtdep"":90.0,""xlai"":2.1064951419830322}"
P0377,W2,observed_weather,observed_weather:2017,1,2017-06-13,0,7.0,0.1500000059604644,0.0,45.0,120.0,early,"(0.05,0.25]",<=0.05,1,"[1, 1, 1, 1, 1, 1, 1, 1, 1, 1, 1, 1, 1, 1, 1, 1]","[0.0,0.0,0.0,0.0,0.0,7.0,0.0,0.0,20.799999237060547,0.15000000596046448,0.15000000596046448,0.15000000596046448,0.15000000596046448,0.15000000596046448,0.15000000596046448,0.0,28.100000381469727,0.0,0.0,0.0,0.0,0.0]","{""cumsumfert"":0.0,""dap"":0.0,""dtt"":0.0,""ep"":0.0,""grnwt"":0.0,""istage"":7.0,""nstres"":0.0,""rtdep"":0.0,""srad"":20.799999237060547,""sw"":0.15000000596046448,""swfac"":0.15000000596046448,""tmax"":0.15000000596046448,""topwt"":0.15000000596046448,""totir"":0.15000000596046448,""vstage"":0.15000000596046448,""wtdep"":0.0,""xlai"":28.100000381469727}"
P0378,W2,observed_weather,observed_weather:2017,22,2017-07-04,17,1.0,0.0,0.0,75.0,200.0,early,<=0.05,<=0.05,2,"[1, 0, 0, 0, 0, 0, 0, 0, 0, 0, 0, 0, 0, 0, 0, 0]","[200.0,17.0,23.20987892150879,0.6774001121520996,0.0,1.0,0.0,46.819602966308594,10.699999809265137,0.27557501196861267,0.28606298565864563,0.30646100640296936,0.2271060049533844,0.16024599969387054,0.14734099805355072,0.0,36.20000076293945,209.19837951660156,75.0,8.0,90.0,0.41383597254753113]","{""cumsumfert"":200.0,""dap"":17.0,""dlayr"":5.0,""dtt"":23.20987892150879,""dul"":0.33000001311302185,""ep"":0.6774001121520996,""grnwt"":0.0,""istage"":1.0,""ll"":0.09000000357627869,""nstres"":0.0,""rtdep"":46.819602966308594,""sat"":0.4599999785423279,""srad"":10.699999809265137,""sw"":0.27557501196861267,""swfac"":0.0,""tmax"":36.20000076293945,""topwt"":209.19837951660156,""totir"":75.0,""vstage"":8.0,""wtdep"":90.0,""xlai"":0.41383597254753113}"
P0379,W2,observed_weather,observed_weather:2017,38,2017-07-20,33,3.0,0.0,0.0,75.0,200.0,early,<=0.05,<=0.05,2,"[1, 1, 0, 0, 1, 1, 0, 0, 1, 1, 0, 0, 1, 1, 0, 0]","[200.0,33.0,23.12374496459961,5.327719688415527,0.0,3.0,0.0,90.0,23.600000381469727,0.37998801469802856,0.3708449900150299,0.30458998680114746,0.204025000333786,0.16502900421619415,0.1376200020313263,0.0,35.099998474121094,2645.921630859375,75.0,17.0,90.0,2.9692482948303223]","{""cumsumfert"":200.0,""dap"":33.0,""dlayr"":5.0,""dtt"":23.12374496459961,""dul"":0.33000001311302185,""ep"":5.327719688415527,""grnwt"":0.0,""istage"":3.0,""ll"":0.09000000357627869,""nstres"":0.0,""rtdep"":90.0,""sat"":0.4599999785423279,""srad"":23.600000381469727,""sw"":0.37998801469802856,""swfac"":0.0,""tmax"":35.099998474121094,""topwt"":2645.921630859375,""totir"":75.0,""vstage"":17.0,""wtdep"":90.0,""xlai"":2.9692482948303223}"
P0380,W2,observed_weather,observed_weather:2018,70,2018-08-21,65,5.0,0.0,0.0,75.0,200.0,mid,<=0.05,<=0.05,2,"[1, 1, 0, 0, 1, 1, 0, 0, 1, 1, 0, 0, 1, 1, 0, 0]","[200.0,65.0,18.399999618530273,4.804734706878662,2309.339111328125,5.0,0.0,90.0,20.899999618530273,0.42500901222229004,0.36081400513648987,0.2916190028190613,0.1505260020494461,0.14299499988555908,0.09791000187397003,0.0,32.0,13309.775390625,75.0,24.0,90.0,4.486939430236816]","{""cumsumfert"":200.0,""dap"":65.0,""dlayr"":5.0,""dtt"":18.399999618530273,""dul"":0.33000001311302185,""ep"":4.804734706878662,""grnwt"":2309.339141845703,""istage"":5.0,""ll"":0.09000000357627869,""nstres"":0.0,""rtdep"":90.0,""sat"":0.4599999785423279,""srad"":20.899999618530273,""sw"":0.42500901222229004,""swfac"":0.0,""tmax"":32.0,""topwt"":13309.775390625,""totir"":75.0,""vstage"":24.0,""wtdep"":90.0,""xlai"":4.486939430236816}"
P0381,W2,observed_weather,observed_weather:2019,45,2019-07-27,40,3.0,0.3505589962005615,0.0,75.0,160.0,mid,"(0.25,0.50]",<=0.05,1,"[1, 1, 1, 0, 1, 1, 1, 0, 1, 1, 1, 0, 1, 1, 1, 0]","[160.0,40.0,22.89154624938965,2.264887571334839,0.0,3.0,0.0,90.0,13.5,0.06946299970149994,0.09780500084161758,0.1200300008058548,0.1354130059480667,0.14039300382137299,0.09430500119924545,0.3505589962005615,36.400001525878906,4648.923828125,75.0,20.0,90.0,3.8518261909484863]","{""cumsumfert"":160.0,""dap"":40.0,""dlayr"":5.0,""dtt"":22.89154624938965,""dul"":0.33000001311302185,""ep"":2.264887571334839,""grnwt"":0.0,""istage"":3.0,""ll"":0.09000000357627869,""nstres"":0.0,""rtdep"":90.0,""sat"":0.4599999785423279,""srad"":13.5,""sw"":0.06946299970149994,""swfac"":0.3505589962005615,""tmax"":36.400001525878906,""topwt"":4648.923645019531,""totir"":75.0,""vstage"":20.0,""wtdep"":90.0,""xlai"":3.8518261909484863}"
P0382,W2,observed_weather,observed_weather:2019,46,2019-07-28,41,3.0,0.7285944521427155,0.0,75.0,160.0,mid,>0.50,<=0.05,1,"[1, 1, 1, 0, 1, 1, 1, 0, 1, 1, 1, 0, 1, 1, 1, 0]","[160.0,41.0,22.048770904541016,1.762993335723877,0.0,3.0,0.0,90.0,25.299999237060547,0.05982600152492523,0.09583199769258499,0.11798299849033356,0.13328799605369568,0.13841299712657928,0.09212899953126907,0.7285944223403931,36.5,4752.4736328125,75.0,20.0,90.0,3.7514896392822266]","{""cumsumfert"":160.0,""dap"":41.0,""dlayr"":5.0,""dtt"":22.048770904541016,""dul"":0.33000001311302185,""ep"":1.762993335723877,""grnwt"":0.0,""istage"":3.0,""ll"":0.09000000357627869,""nstres"":0.0,""rtdep"":90.0,""sat"":0.4599999785423279,""srad"":25.299999237060547,""sw"":0.05982600152492523,""swfac"":0.7285944521427155,""tmax"":36.5,""topwt"":4752.4737548828125,""totir"":75.0,""vstage"":20.0,""wtdep"":90.0,""xlai"":3.7514896392822266}"
P0383,W2,observed_weather,observed_weather:2019,59,2019-08-10,54,4.0,0.4245891571044922,0.0,75.0,160.0,mid,"(0.25,0.50]",<=0.05,1,"[1, 1, 1, 0, 1, 1, 1, 0, 1, 1, 1, 0, 1, 1, 1, 0]","[160.0,54.0,17.399999618530273,1.1098649501800537,0.0,4.0,0.0,90.0,8.800000190734863,0.13315999507904053,0.09797299653291702,0.11629900336265564,0.1250009983778,0.1296519935131073,0.08339399844408035,0.4245891571044922,28.299999237060547,7902.54833984375,75.0,23.0,90.0,3.9598331451416016]","{""cumsumfert"":160.0,""dap"":54.0,""dlayr"":5.0,""dtt"":17.399999618530273,""dul"":0.33000001311302185,""ep"":1.1098649501800537,""grnwt"":0.0,""istage"":4.0,""ll"":0.09000000357627869,""nstres"":0.0,""rtdep"":90.0,""sat"":0.4599999785423279,""srad"":8.800000190734863,""sw"":0.13315999507904053,""swfac"":0.4245891571044922,""tmax"":28.299999237060547,""topwt"":7902.5482177734375,""totir"":75.0,""vstage"":23.0,""wtdep"":90.0,""xlai"":3.9598331451416016}"
P0384,W2,observed_weather,observed_weather:2020,1,2020-06-12,0,7.0,0.1500000059604644,0.0,45.0,120.0,early,"(0.05,0.25]",<=0.05,1,"[1, 1, 1, 1, 1, 1, 1, 1, 1, 1, 1, 1, 1, 1, 1, 1]","[0.0,0.0,0.0,0.0,0.0,7.0,0.0,0.0,21.799999237060547,0.15000000596046448,0.15000000596046448,0.15000000596046448,0.15000000596046448,0.15000000596046448,0.15000000596046448,0.0,32.79999923706055,0.0,0.0,0.0,0.0,0.0]","{""cumsumfert"":0.0,""dap"":0.0,""dtt"":0.0,""ep"":0.0,""grnwt"":0.0,""istage"":7.0,""nstres"":0.0,""rtdep"":0.0,""srad"":21.799999237060547,""sw"":0.15000000596046448,""swfac"":0.15000000596046448,""tmax"":0.15000000596046448,""topwt"":0.15000000596046448,""totir"":0.15000000596046448,""vstage"":0.15000000596046448,""wtdep"":0.0,""xlai"":32.79999923706055}"
P0385,W2,observed_weather,observed_weather:2020,12,2020-06-23,7,1.0,0.0,0.0139694213867187,45.0,120.0,early,<=0.05,<=0.05,1,"[1, 0, 0, 0, 0, 0, 0, 0, 0, 0, 0, 0, 0, 0, 0, 0]","[120.0,7.0,16.94046974182129,0.010512162931263447,0.0,1.0,0.01396942138671875,19.461605072021484,11.399999618530273,0.25169798731803894,0.2605369985103607,0.22826500236988068,0.15797799825668335,0.15318399667739868,0.14847099781036377,0.0,27.299999237060547,26.400001525878906,45.0,2.0,90.0,0.00922271516174078]","{""cumsumfert"":120.0,""dap"":7.0,""dlayr"":5.0,""dtt"":16.94046974182129,""dul"":0.33000001311302185,""ep"":0.010512162931263447,""grnwt"":0.0,""istage"":1.0,""ll"":0.09000000357627869,""nstres"":0.01396942138671875,""rtdep"":19.461605072021484,""sat"":0.4599999785423279,""srad"":11.399999618530273,""sw"":0.25169798731803894,""swfac"":0.0,""tmax"":27.299999237060547,""topwt"":26.400001049041748,""totir"":45.0,""vstage"":2.0,""wtdep"":90.0,""xlai"":0.00922271516174078}"
P0386,W2,observed_weather,observed_weather:2020,96,2020-09-15,91,5.0,0.0,0.0,75.0,200.0,late,<=0.05,<=0.05,2,"[1, 0, 0, 0, 1, 0, 0, 0, 1, 0, 0, 0, 1, 0, 0, 0]","[200.0,91.0,15.849998474121094,2.246960401535034,5465.59375,5.0,0.0,90.0,11.199999809265137,0.23335500061511993,0.18024200201034546,0.19210700690746307,0.17304299771785736,0.15121899545192719,0.09275499731302261,0.0,27.899999618530273,15600.697265625,75.0,24.0,90.0,2.846806287765503]","{""cumsumfert"":200.0,""dap"":91.0,""dlayr"":5.0,""dtt"":15.849998474121094,""dul"":0.33000001311302185,""ep"":2.246960401535034,""grnwt"":5465.5938720703125,""istage"":5.0,""ll"":0.09000000357627869,""nstres"":0.0,""rtdep"":90.0,""sat"":0.4599999785423279,""srad"":11.199999809265137,""sw"":0.23335500061511993,""swfac"":0.0,""tmax"":27.899999618530273,""topwt"":15600.697021484375,""totir"":75.0,""vstage"":24.0,""wtdep"":90.0,""xlai"":2.846806287765503}"
P0387,W2,observed_weather,observed_weather:2021,1,2021-06-13,0,7.0,0.1500000059604644,0.0,45.0,120.0,early,"(0.05,0.25]",<=0.05,1,"[1, 1, 1, 1, 1, 1, 1, 1, 1, 1, 1, 1, 1, 1, 1, 1]","[0.0,0.0,0.0,0.0,0.0,7.0,0.0,0.0,19.899999618530273,0.15000000596046448,0.15000000596046448,0.15000000596046448,0.15000000596046448,0.15000000596046448,0.15000000596046448,0.0,36.29999923706055,0.0,0.0,0.0,0.0,0.0]","{""cumsumfert"":0.0,""dap"":0.0,""dtt"":0.0,""ep"":0.0,""grnwt"":0.0,""istage"":7.0,""nstres"":0.0,""rtdep"":0.0,""srad"":19.899999618530273,""sw"":0.15000000596046448,""swfac"":0.15000000596046448,""tmax"":0.15000000596046448,""topwt"":0.15000000596046448,""totir"":0.15000000596046448,""vstage"":0.15000000596046448,""wtdep"":0.0,""xlai"":36.29999923706055}"
P0388,W2,observed_weather,observed_weather:2021,16,2021-06-28,11,1.0,0.0,0.0,75.0,160.0,early,<=0.05,<=0.05,1,"[1, 0, 0, 0, 0, 0, 0, 0, 0, 0, 0, 0, 0, 0, 0, 0]","[160.0,11.0,22.60837173461914,0.3534724712371826,0.0,1.0,0.0,31.41324234008789,23.5,0.2995609939098358,0.3632330000400543,0.3002919852733612,0.19392000138759613,0.15633900463581085,0.14801199734210968,0.0,36.70000076293945,52.40024185180664,75.0,5.0,90.0,0.10791312903165817]","{""cumsumfert"":160.0,""dap"":11.0,""dlayr"":5.0,""dtt"":22.60837173461914,""dul"":0.33000001311302185,""ep"":0.3534724712371826,""grnwt"":0.0,""istage"":1.0,""ll"":0.09000000357627869,""nstres"":0.0,""rtdep"":31.41324234008789,""sat"":0.4599999785423279,""srad"":23.5,""sw"":0.2995609939098358,""swfac"":0.0,""tmax"":36.70000076293945,""topwt"":52.400240898132324,""totir"":75.0,""vstage"":5.0,""wtdep"":90.0,""xlai"":0.10791312903165817}"
P0389,W2,observed_weather,observed_weather:2021,30,2021-07-12,25,3.0,0.0,0.0,75.0,200.0,early,<=0.05,<=0.05,2,"[1, 1, 0, 0, 0, 0, 0, 0, 0, 0, 0, 0, 0, 0, 0, 0]","[200.0,25.0,18.149999618530273,1.0036020278930664,0.0,3.0,0.0,79.4745101928711,6.699999809265137,0.43911799788475037,0.4507710039615631,0.3973119854927063,0.263139009475708,0.17868900299072266,0.146806001663208,0.0,29.399999618530273,956.1854248046875,75.0,12.0,90.0,1.4313452243804932]","{""cumsumfert"":200.0,""dap"":25.0,""dlayr"":5.0,""dtt"":18.149999618530273,""dul"":0.33000001311302185,""ep"":1.0036020278930664,""grnwt"":0.0,""istage"":3.0,""ll"":0.09000000357627869,""nstres"":0.0,""rtdep"":79.4745101928711,""sat"":0.4599999785423279,""srad"":6.699999809265137,""sw"":0.43911799788475037,""swfac"":0.0,""tmax"":29.399999618530273,""topwt"":956.1854553222656,""totir"":75.0,""vstage"":12.0,""wtdep"":90.0,""xlai"":1.4313452243804932}"
P0390,W2,observed_weather,observed_weather:2023,1,2023-06-13,0,7.0,0.1500000059604644,0.0,45.0,120.0,early,"(0.05,0.25]",<=0.05,1,"[1, 1, 1, 1, 1, 1, 1, 1, 1, 1, 1, 1, 1, 1, 1, 1]","[0.0,0.0,0.0,0.0,0.0,7.0,0.0,0.0,24.600000381469727,0.15000000596046448,0.15000000596046448,0.15000000596046448,0.15000000596046448,0.15000000596046448,0.15000000596046448,0.0,33.400001525878906,0.0,0.0,0.0,0.0,0.0]","{""cumsumfert"":0.0,""dap"":0.0,""dtt"":0.0,""ep"":0.0,""grnwt"":0.0,""istage"":7.0,""nstres"":0.0,""rtdep"":0.0,""srad"":24.600000381469727,""sw"":0.15000000596046448,""swfac"":0.15000000596046448,""tmax"":0.15000000596046448,""topwt"":0.15000000596046448,""totir"":0.15000000596046448,""vstage"":0.15000000596046448,""wtdep"":0.0,""xlai"":33.400001525878906}"
P0391,W2,observed_weather,observed_weather:2023,79,2023-08-30,74,5.0,0.0,0.0,75.0,160.0,late,<=0.05,<=0.05,1,"[1, 1, 1, 0, 1, 1, 1, 0, 1, 1, 1, 0, 1, 1, 1, 0]","[160.0,74.0,15.5,4.916345119476318,4223.61669921875,5.0,0.0,90.0,22.5,0.25704899430274963,0.25711798667907715,0.14301300048828125,0.13286100327968597,0.13356700539588928,0.08516500145196915,0.0,29.600000381469727,17663.177734375,75.0,25.0,90.0,4.608519554138184]","{""cumsumfert"":160.0,""dap"":74.0,""dlayr"":5.0,""dtt"":15.5,""dul"":0.33000001311302185,""ep"":4.916345119476318,""grnwt"":4223.616638183594,""istage"":5.0,""ll"":0.09000000357627869,""nstres"":0.0,""rtdep"":90.0,""sat"":0.4599999785423279,""srad"":22.5,""sw"":0.25704899430274963,""swfac"":0.0,""tmax"":29.600000381469727,""topwt"":17663.177490234375,""totir"":75.0,""vstage"":25.0,""wtdep"":90.0,""xlai"":4.608519554138184}"
P0392,W2,observed_weather,observed_weather:2023,92,2023-09-12,87,5.0,0.2918053269386291,0.0244354009628295,75.0,160.0,late,"(0.25,0.50]",<=0.05,1,"[1, 1, 1, 0, 1, 1, 1, 0, 1, 1, 1, 0, 1, 1, 1, 0]","[160.0,87.0,15.0,1.0477778911590576,7924.224609375,5.0,0.02443540096282959,90.0,7.699999809265137,0.09906300157308578,0.09178899973630905,0.11183899641036987,0.11999999731779099,0.12265200167894363,0.075033999979496,0.29180532693862915,26.100000381469727,20678.591796875,75.0,25.0,90.0,3.069288492202759]","{""cumsumfert"":160.0,""dap"":87.0,""dlayr"":5.0,""dtt"":15.0,""dul"":0.33000001311302185,""ep"":1.0477778911590576,""grnwt"":7924.224853515625,""istage"":5.0,""ll"":0.09000000357627869,""nstres"":0.02443540096282959,""rtdep"":90.0,""sat"":0.4599999785423279,""srad"":7.699999809265137,""sw"":0.09906300157308578,""swfac"":0.29180532693862915,""tmax"":26.100000381469727,""topwt"":20678.59130859375,""totir"":75.0,""vstage"":25.0,""wtdep"":90.0,""xlai"":3.069288492202759}"
P0393,W2,observed_weather,observed_weather:2020,97,2020-09-16,92,5.0,0.0,0.0,75.0,200.0,late,<=0.05,<=0.05,2,"[1, 0, 0, 0, 1, 0, 0, 0, 1, 0, 0, 0, 1, 0, 0, 0]","[200.0,92.0,12.5,3.138988494873047,5675.91015625,5.0,0.0,90.0,16.799999237060547,0.2085759937763214,0.17717400193214417,0.18532399833202362,0.16699300706386566,0.1504559963941574,0.09249299764633179,0.0,26.399999618530273,15830.9375,75.0,24.0,90.0,2.72227144241333]","{""cumsumfert"":200.0,""dap"":92.0,""dlayr"":5.0,""dtt"":12.5,""dul"":0.33000001311302185,""ep"":3.138988494873047,""grnwt"":5675.9100341796875,""istage"":5.0,""ll"":0.09000000357627869,""nstres"":0.0,""rtdep"":90.0,""sat"":0.4599999785423279,""srad"":16.799999237060547,""sw"":0.2085759937763214,""swfac"":0.0,""tmax"":26.399999618530273,""topwt"":15830.9375,""totir"":75.0,""vstage"":24.0,""wtdep"":90.0,""xlai"":2.72227144241333}"
P0394,W0,heldout_wgen,heldout_wgen:1090,94,2008-09-13,89,5.0,0.0,0.1678895354270935,45.0,40.0,late,<=0.05,"(0.05,0.25]",0,"[1, 1, 1, 1, 1, 1, 1, 1, 1, 1, 1, 1, 1, 1, 1, 1]","[39.999996185302734,89.0,9.184053421020508,2.507577896118164,5074.6279296875,5.0,0.1678895354270935,90.0,14.479925155639648,0.41692399978637695,0.43606099486351013,0.375326007604599,0.3555090129375458,0.3182559907436371,0.28099098801612854,0.0,23.72739601135254,14147.41796875,45.0,24.0,90.0,2.582340955734253]","{""cumsumfert"":39.999996185302734,""dap"":89.0,""dlayr"":5.0,""dtt"":9.184053421020508,""dul"":0.33000001311302185,""ep"":2.507577896118164,""grnwt"":5074.627990722656,""istage"":5.0,""ll"":0.09000000357627869,""nstres"":0.1678895354270935,""rtdep"":90.0,""sat"":0.4599999785423279,""srad"":14.479925155639648,""sw"":0.41692399978637695,""swfac"":0.0,""tmax"":23.72739601135254,""topwt"":14147.418212890625,""totir"":45.0,""vstage"":24.0,""wtdep"":90.0,""xlai"":2.582340955734253}"
P0395,H0,heldout_wgen,heldout_wgen:1099,38,2008-07-19,33,3.0,0.0,0.0,90.0,200.0,early,<=0.05,<=0.05,2,"[1, 0, 0, 0, 0, 0, 0, 0, 0, 0, 0, 0, 0, 0, 0, 0]","[199.99998474121094,33.0,16.17236328125,3.796645402908325,0.0,3.0,0.0,90.0,19.446325302124023,0.4071199893951416,0.43922799825668335,0.44442999362945557,0.34261101484298706,0.2010820060968399,0.14113199710845947,0.0,28.13837432861328,2293.376220703125,90.0,16.0,90.0,2.721877336502075]","{""cumsumfert"":199.99998474121094,""dap"":33.0,""dlayr"":5.0,""dtt"":16.17236328125,""dul"":0.33000001311302185,""ep"":3.796645402908325,""grnwt"":0.0,""istage"":3.0,""ll"":0.09000000357627869,""nstres"":0.0,""rtdep"":90.0,""sat"":0.4599999785423279,""srad"":19.446325302124023,""sw"":0.4071199893951416,""swfac"":0.0,""tmax"":28.13837432861328,""topwt"":2293.3763122558594,""totir"":90.0,""vstage"":16.0,""wtdep"":90.0,""xlai"":2.721877336502075}"
P0396,H1,heldout_wgen,heldout_wgen:1093,53,2008-08-03,48,3.0,0.0,0.0873029232025146,45.0,40.0,mid,<=0.05,"(0.05,0.25]",0,"[1, 1, 1, 1, 1, 1, 1, 1, 1, 1, 1, 1, 1, 1, 1, 1]","[39.999996185302734,48.0,14.983829498291016,2.357975721359253,0.0,3.0,0.08730292320251465,90.0,11.074934005737305,0.45002999901771545,0.4473699927330017,0.4652259945869446,0.24064399302005768,0.15801100432872772,0.10955599695444107,0.0,25.76432228088379,5920.1142578125,45.0,22.0,90.0,4.356559753417969]","{""cumsumfert"":39.999996185302734,""dap"":48.0,""dlayr"":5.0,""dtt"":14.983829498291016,""dul"":0.33000001311302185,""ep"":2.357975721359253,""grnwt"":0.0,""istage"":3.0,""ll"":0.09000000357627869,""nstres"":0.08730292320251465,""rtdep"":90.0,""sat"":0.4599999785423279,""srad"":11.074934005737305,""sw"":0.45002999901771545,""swfac"":0.0,""tmax"":25.76432228088379,""topwt"":5920.1141357421875,""totir"":45.0,""vstage"":22.0,""wtdep"":90.0,""xlai"":4.356559753417969}"
P0397,H2,heldout_wgen,heldout_wgen:1082,82,2008-09-01,77,5.0,0.0,0.0,75.0,80.0,late,<=0.05,<=0.05,1,"[1, 1, 1, 1, 1, 1, 1, 1, 1, 1, 1, 1, 1, 1, 1, 1]","[80.0,77.0,15.241641998291016,3.8780436515808105,3225.805419921875,5.0,0.0,90.0,18.905170440673828,0.3917500078678131,0.4186129868030548,0.3455730080604553,0.19592399895191193,0.12526699900627136,0.07920899987220764,0.0,28.822673797607422,10950.70703125,60.0,24.0,90.0,3.176185369491577]","{""cumsumfert"":80.0,""dap"":77.0,""dlayr"":5.0,""dtt"":15.241641998291016,""dul"":0.33000001311302185,""ep"":3.8780436515808105,""grnwt"":3225.8053588867188,""istage"":5.0,""ll"":0.09000000357627869,""nstres"":0.0,""rtdep"":90.0,""sat"":0.4599999785423279,""srad"":18.905170440673828,""sw"":0.3917500078678131,""swfac"":0.0,""tmax"":28.822673797607422,""topwt"":10950.706787109375,""totir"":60.0,""vstage"":24.0,""wtdep"":90.0,""xlai"":3.176185369491577}"
P0398,W2,heldout_wgen,heldout_wgen:1087,44,2008-07-25,39,3.0,0.0,0.0,75.0,200.0,mid,<=0.05,<=0.05,2,"[1, 1, 0, 0, 1, 1, 0, 0, 1, 1, 0, 0, 1, 1, 0, 0]","[200.0,39.0,20.594167709350586,4.520605087280273,0.0,3.0,0.0,90.0,20.29018783569336,0.37243399024009705,0.4269390106201172,0.3967519998550415,0.3387939929962158,0.2643359899520874,0.1421090066432953,0.0,33.97991180419922,3348.464111328125,75.0,18.0,90.0,3.255388021469116]","{""cumsumfert"":200.0,""dap"":39.0,""dlayr"":5.0,""dtt"":20.594167709350586,""dul"":0.33000001311302185,""ep"":4.520605087280273,""grnwt"":0.0,""istage"":3.0,""ll"":0.09000000357627869,""nstres"":0.0,""rtdep"":90.0,""sat"":0.4599999785423279,""srad"":20.29018783569336,""sw"":0.37243399024009705,""swfac"":0.0,""tmax"":33.97991180419922,""topwt"":3348.4640502929688,""totir"":75.0,""vstage"":18.0,""wtdep"":90.0,""xlai"":3.255388021469116}"
P0399,W0,heldout_wgen,heldout_wgen:1096,47,2008-07-28,42,3.0,0.0,0.0450111627578735,45.0,40.0,mid,<=0.05,<=0.05,0,"[1, 1, 1, 1, 1, 1, 1, 1, 1, 1, 1, 1, 1, 1, 1, 1]","[39.999996185302734,42.0,18.35356330871582,4.828707695007324,0.0,3.0,0.045011162757873535,90.0,21.413372039794922,0.3941200077533722,0.38149499893188477,0.3890939950942993,0.2140129953622818,0.15249599516391754,0.10802000015974045,0.0,30.485557556152344,5182.4892578125,45.0,21.0,90.0,4.173254489898682]","{""cumsumfert"":39.999996185302734,""dap"":42.0,""dlayr"":5.0,""dtt"":18.35356330871582,""dul"":0.33000001311302185,""ep"":4.828707695007324,""grnwt"":0.0,""istage"":3.0,""ll"":0.09000000357627869,""nstres"":0.045011162757873535,""rtdep"":90.0,""sat"":0.4599999785423279,""srad"":21.413372039794922,""sw"":0.3941200077533722,""swfac"":0.0,""tmax"":30.485557556152344,""topwt"":5182.489013671875,""totir"":45.0,""vstage"":21.0,""wtdep"":90.0,""xlai"":4.173254489898682}"
P0400,H1,observed_weather,observed_weather:2017,4,2017-06-16,0,7.0,0.0,0.0,45.0,40.0,early,<=0.05,<=0.05,0,"[1, 0, 0, 0, 0, 0, 0, 0, 0, 0, 0, 0, 0, 0, 0, 0]","[39.999996185302734,0.0,0.0,0.0,0.0,7.0,0.0,0.0,25.100000381469727,0.2980180084705353,0.3765009939670563,0.17821800708770752,0.15057699382305145,0.15087999403476715,0.14955900609493256,0.0,36.099998474121094,0.0,45.0,0.0,90.0,0.0]","{""cumsumfert"":39.999996185302734,""dap"":0.0,""dlayr"":5.0,""dtt"":0.0,""dul"":0.33000001311302185,""ep"":0.0,""grnwt"":0.0,""istage"":7.0,""ll"":0.09000000357627869,""nstres"":0.0,""rtdep"":0.0,""sat"":0.4599999785423279,""srad"":25.100000381469727,""sw"":0.2980180084705353,""swfac"":0.0,""tmax"":36.099998474121094,""topwt"":0.0,""totir"":45.0,""vstage"":0.0,""wtdep"":90.0,""xlai"":0.0}"
P0401,H1,observed_weather,observed_weather:2019,21,2019-07-03,16,1.0,0.0,0.0,45.0,40.0,early,<=0.05,<=0.05,0,"[1, 1, 1, 1, 1, 1, 1, 1, 1, 1, 1, 1, 0, 0, 0, 0]","[39.999996185302734,16.0,22.381080627441406,1.5333784818649292,0.0,1.0,0.0,44.523101806640625,27.200000762939453,0.17736099660396576,0.20615500211715698,0.21654899418354034,0.16739100217819214,0.15600000321865082,0.14739300310611725,0.0,36.5,202.31324768066406,45.0,8.0,90.0,0.37658801674842834]","{""cumsumfert"":39.999996185302734,""dap"":16.0,""dlayr"":5.0,""dtt"":22.381080627441406,""dul"":0.33000001311302185,""ep"":1.5333784818649292,""grnwt"":0.0,""istage"":1.0,""ll"":0.09000000357627869,""nstres"":0.0,""rtdep"":44.523101806640625,""sat"":0.4599999785423279,""srad"":27.200000762939453,""sw"":0.17736099660396576,""swfac"":0.0,""tmax"":36.5,""topwt"":202.31325149536133,""totir"":45.0,""vstage"":8.0,""wtdep"":90.0,""xlai"":0.37658801674842834}"
P0402,W0,heldout_wgen,heldout_wgen:1090,101,2008-09-20,96,6.0,0.0,0.2886500954627991,45.0,40.0,late,<=0.05,"(0.25,0.50]",0,"[1, 0, 0, 0, 1, 0, 0, 0, 1, 0, 0, 0, 1, 0, 0, 0]","[39.999996185302734,96.0,12.747674942016602,2.88041090965271,6068.9990234375,6.0,0.2886500954627991,90.0,17.679967880249023,0.3039419949054718,0.33927300572395325,0.3404980003833771,0.3316720128059387,0.3051370084285736,0.27958500385284424,0.0,28.40434455871582,15128.8779296875,45.0,24.0,90.0,1.8544206619262695]","{""cumsumfert"":39.999996185302734,""dap"":96.0,""dlayr"":5.0,""dtt"":12.747674942016602,""dul"":0.33000001311302185,""ep"":2.88041090965271,""grnwt"":6068.9990234375,""istage"":6.0,""ll"":0.09000000357627869,""nstres"":0.2886500954627991,""rtdep"":90.0,""sat"":0.4599999785423279,""srad"":17.679967880249023,""sw"":0.3039419949054718,""swfac"":0.0,""tmax"":28.40434455871582,""topwt"":15128.878173828125,""totir"":45.0,""vstage"":24.0,""wtdep"":90.0,""xlai"":1.8544206619262695}"
P0403,H1,observed_weather,observed_weather:2019,71,2019-08-22,66,5.0,0.0,0.0191328525543212,45.0,40.0,mid,<=0.05,<=0.05,0,"[1, 1, 1, 1, 1, 1, 1, 1, 1, 1, 1, 1, 1, 1, 1, 1]","[39.999996185302734,66.0,16.100000381469727,3.605761766433716,982.9478759765625,5.0,0.01913285255432129,90.0,17.700000762939453,0.0961180031299591,0.10821499675512314,0.1354060024023056,0.12192200124263763,0.12348700314760208,0.07896099984645844,0.0,30.700000762939453,9123.177734375,45.0,23.0,90.0,3.01792573928833]","{""cumsumfert"":39.999996185302734,""dap"":66.0,""dlayr"":5.0,""dtt"":16.100000381469727,""dul"":0.33000001311302185,""ep"":3.605761766433716,""grnwt"":982.9478454589844,""istage"":5.0,""ll"":0.09000000357627869,""nstres"":0.01913285255432129,""rtdep"":90.0,""sat"":0.4599999785423279,""srad"":17.700000762939453,""sw"":0.0961180031299591,""swfac"":0.0,""tmax"":30.700000762939453,""topwt"":9123.177490234375,""totir"":45.0,""vstage"":23.0,""wtdep"":90.0,""xlai"":3.01792573928833}"
P0404,H0,heldout_wgen,heldout_wgen:1093,42,2008-07-23,37,3.0,0.0,0.0,90.0,240.0,mid,<=0.05,<=0.05,2,"[1, 1, 0, 0, 0, 0, 0, 0, 0, 0, 0, 0, 0, 0, 0, 0]","[199.99998474121094,37.0,16.59557342529297,5.449242115020752,0.0,3.0,0.0,90.0,26.541763305664062,0.2987369894981384,0.2981710135936737,0.296205997467041,0.24613800644874573,0.18080100417137146,0.13767999410629272,0.0,29.5416259765625,2953.55517578125,90.0,17.0,90.0,3.142477035522461]","{""cumsumfert"":199.99998474121094,""dap"":37.0,""dlayr"":5.0,""dtt"":16.59557342529297,""dul"":0.33000001311302185,""ep"":5.449242115020752,""grnwt"":0.0,""istage"":3.0,""ll"":0.09000000357627869,""nstres"":0.0,""rtdep"":90.0,""sat"":0.4599999785423279,""srad"":26.541763305664062,""sw"":0.2987369894981384,""swfac"":0.0,""tmax"":29.5416259765625,""topwt"":2953.5552978515625,""totir"":90.0,""vstage"":17.0,""wtdep"":90.0,""xlai"":3.142477035522461}"
P0405,H0,observed_weather,observed_weather:2018,53,2018-08-04,48,3.0,0.0,0.0,120.0,240.0,mid,<=0.05,<=0.05,2,"[1, 0, 0, 0, 0, 0, 0, 0, 0, 0, 0, 0, 0, 0, 0, 0]","[239.99998474121094,48.0,22.324462890625,6.123591423034668,0.0,3.0,0.0,90.0,24.700000762939453,0.373198002576828,0.2991650104522705,0.2795940041542053,0.23038700222969055,0.19159600138664246,0.11890199780464172,0.0,34.900001525878906,8677.4892578125,120.0,24.0,90.0,4.994235038757324]","{""cumsumfert"":239.99998474121094,""dap"":48.0,""dlayr"":5.0,""dtt"":22.324462890625,""dul"":0.33000001311302185,""ep"":6.123591423034668,""grnwt"":0.0,""istage"":3.0,""ll"":0.09000000357627869,""nstres"":0.0,""rtdep"":90.0,""sat"":0.4599999785423279,""srad"":24.700000762939453,""sw"":0.373198002576828,""swfac"":0.0,""tmax"":34.900001525878906,""topwt"":8677.489013671875,""totir"":120.0,""vstage"":24.0,""wtdep"":90.0,""xlai"":4.994235038757324}"
P0406,H2,observed_weather,observed_weather:2021,44,2021-07-26,39,3.0,0.0,0.0,45.0,80.0,mid,<=0.05,<=0.05,0,"[1, 1, 1, 1, 1, 1, 1, 1, 1, 1, 1, 1, 1, 1, 1, 1]","[80.0,39.0,21.251911163330078,6.253983497619629,0.0,3.0,0.0,90.0,27.0,0.3145950138568878,0.3317829966545105,0.32735100388526917,0.31270700693130493,0.23345500230789185,0.129488006234169,0.0,34.5,4181.560546875,45.0,19.0,90.0,3.740851402282715]","{""cumsumfert"":80.0,""dap"":39.0,""dlayr"":5.0,""dtt"":21.251911163330078,""dul"":0.33000001311302185,""ep"":6.253983497619629,""grnwt"":0.0,""istage"":3.0,""ll"":0.09000000357627869,""nstres"":0.0,""rtdep"":90.0,""sat"":0.4599999785423279,""srad"":27.0,""sw"":0.3145950138568878,""swfac"":0.0,""tmax"":34.5,""topwt"":4181.5606689453125,""totir"":45.0,""vstage"":19.0,""wtdep"":90.0,""xlai"":3.740851402282715}"
P0407,H1,observed_weather,observed_weather:2014,70,2014-08-21,65,4.0,0.0,0.0577137470245361,45.0,40.0,mid,<=0.05,"(0.05,0.25]",0,"[1, 1, 1, 1, 1, 1, 1, 1, 1, 1, 1, 1, 1, 1, 1, 1]","[39.999996185302734,65.0,17.900001525878906,4.59391450881958,0.0,4.0,0.05771374702453613,90.0,22.600000381469727,0.1358339935541153,0.1131109967827797,0.11070399731397629,0.12000499665737152,0.12000799924135208,0.07269400358200073,0.0,31.700000762939453,7934.95166015625,45.0,24.0,90.0,2.644287347793579]","{""cumsumfert"":39.999996185302734,""dap"":65.0,""dlayr"":5.0,""dtt"":17.900001525878906,""dul"":0.33000001311302185,""ep"":4.59391450881958,""grnwt"":0.0,""istage"":4.0,""ll"":0.09000000357627869,""nstres"":0.05771374702453613,""rtdep"":90.0,""sat"":0.4599999785423279,""srad"":22.600000381469727,""sw"":0.1358339935541153,""swfac"":0.0,""tmax"":31.700000762939453,""topwt"":7934.9517822265625,""totir"":45.0,""vstage"":24.0,""wtdep"":90.0,""xlai"":2.644287347793579}"
P0408,W0,observed_weather,observed_weather:2016,5,2016-06-16,0,7.0,0.0,0.0,45.0,40.0,early,<=0.05,<=0.05,0,"[1, 0, 0, 0, 0, 0, 0, 0, 0, 0, 0, 0, 0, 0, 0, 0]","[39.999996185302734,0.0,0.0,0.0,0.0,7.0,0.0,0.0,26.799999237060547,0.2640889883041382,0.43118101358413696,0.4329479932785034,0.17828799784183502,0.15135599672794342,0.14941799640655518,0.0,34.900001525878906,0.0,45.0,0.0,90.0,0.0]","{""cumsumfert"":39.999996185302734,""dap"":0.0,""dlayr"":5.0,""dtt"":0.0,""dul"":0.33000001311302185,""ep"":0.0,""grnwt"":0.0,""istage"":7.0,""ll"":0.09000000357627869,""nstres"":0.0,""rtdep"":0.0,""sat"":0.4599999785423279,""srad"":26.799999237060547,""sw"":0.2640889883041382,""swfac"":0.0,""tmax"":34.900001525878906,""topwt"":0.0,""totir"":45.0,""vstage"":0.0,""wtdep"":90.0,""xlai"":0.0}"
P0409,W0,heldout_wgen,heldout_wgen:1091,25,2008-07-06,20,2.0,0.0,0.0,45.0,40.0,early,<=0.05,<=0.05,0,"[1, 1, 1, 1, 1, 1, 1, 1, 1, 1, 1, 1, 0, 0, 0, 0]","[39.999996185302734,20.0,23.38778305053711,2.511364221572876,0.0,2.0,0.0,49.64533233642578,27.632036209106445,0.21849499642848969,0.24915899336338043,0.27171701192855835,0.19842299818992615,0.15973800420761108,0.14701999723911285,0.0,40.02080154418945,284.3284912109375,45.0,9.0,90.0,0.5352859497070312]","{""cumsumfert"":39.999996185302734,""dap"":20.0,""dlayr"":5.0,""dtt"":23.38778305053711,""dul"":0.33000001311302185,""ep"":2.511364221572876,""grnwt"":0.0,""istage"":2.0,""ll"":0.09000000357627869,""nstres"":0.0,""rtdep"":49.64533233642578,""sat"":0.4599999785423279,""srad"":27.632036209106445,""sw"":0.21849499642848969,""swfac"":0.0,""tmax"":40.02080154418945,""topwt"":284.32849884033203,""totir"":45.0,""vstage"":9.0,""wtdep"":90.0,""xlai"":0.5352859497070312}"
P0410,W1,observed_weather,observed_weather:2017,33,2017-07-15,28,3.0,0.0,0.0,45.0,120.0,early,<=0.05,<=0.05,1,"[1, 1, 1, 1, 1, 1, 1, 1, 1, 1, 1, 1, 0, 0, 0, 0]","[120.0,28.0,18.950000762939453,1.3576548099517822,0.0,3.0,0.0,88.72850799560547,7.400000095367432,0.44854098558425903,0.40751001238822937,0.20150600373744965,0.167261004447937,0.15825000405311584,0.14295600354671478,0.0,30.700000762939453,1546.21630859375,45.0,14.0,90.0,2.0864789485931396]","{""cumsumfert"":120.0,""dap"":28.0,""dlayr"":5.0,""dtt"":18.950000762939453,""dul"":0.33000001311302185,""ep"":1.3576548099517822,""grnwt"":0.0,""istage"":3.0,""ll"":0.09000000357627869,""nstres"":0.0,""rtdep"":88.72850799560547,""sat"":0.4599999785423279,""srad"":7.400000095367432,""sw"":0.44854098558425903,""swfac"":0.0,""tmax"":30.700000762939453,""topwt"":1546.2162780761719,""totir"":45.0,""vstage"":14.0,""wtdep"":90.0,""xlai"":2.0864789485931396}"
P0411,W2,heldout_wgen,heldout_wgen:1090,47,2008-07-28,42,3.0,0.0,0.0,75.0,160.0,mid,<=0.05,<=0.05,1,"[1, 1, 1, 0, 1, 1, 1, 0, 1, 1, 1, 0, 1, 1, 1, 0]","[160.0,42.0,21.169208526611328,4.156483173370361,0.0,3.0,0.0,90.0,17.517383575439453,0.44261300563812256,0.43618500232696533,0.47582998871803284,0.339464008808136,0.22639200091362,0.115726999938488,0.0,32.93347930908203,5313.001953125,75.0,21.0,90.0,4.237875461578369]","{""cumsumfert"":160.0,""dap"":42.0,""dlayr"":5.0,""dtt"":21.169208526611328,""dul"":0.33000001311302185,""ep"":4.156483173370361,""grnwt"":0.0,""istage"":3.0,""ll"":0.09000000357627869,""nstres"":0.0,""rtdep"":90.0,""sat"":0.4599999785423279,""srad"":17.517383575439453,""sw"":0.44261300563812256,""swfac"":0.0,""tmax"":32.93347930908203,""topwt"":5313.001708984375,""totir"":75.0,""vstage"":21.0,""wtdep"":90.0,""xlai"":4.237875461578369}"
P0412,H2,heldout_wgen,heldout_wgen:1093,35,2008-07-16,30,3.0,0.0,0.0,45.0,80.0,early,<=0.05,<=0.05,0,"[1, 1, 1, 1, 1, 1, 1, 1, 1, 1, 1, 1, 0, 0, 0, 0]","[80.0,30.0,20.213397979736328,1.2427014112472534,0.0,3.0,0.0,88.98677825927734,6.520529270172119,0.39454999566078186,0.2982969880104065,0.23127500712871552,0.21468999981880188,0.16985799372196198,0.14443199336528778,0.0,32.91322708129883,1518.2432861328125,45.0,14.0,90.0,2.0559396743774414]","{""cumsumfert"":80.0,""dap"":30.0,""dlayr"":5.0,""dtt"":20.213397979736328,""dul"":0.33000001311302185,""ep"":1.2427014112472534,""grnwt"":0.0,""istage"":3.0,""ll"":0.09000000357627869,""nstres"":0.0,""rtdep"":88.98677825927734,""sat"":0.4599999785423279,""srad"":6.520529270172119,""sw"":0.39454999566078186,""swfac"":0.0,""tmax"":32.91322708129883,""topwt"":1518.2432556152344,""totir"":45.0,""vstage"":14.0,""wtdep"":90.0,""xlai"":2.0559396743774414}"
P0413,H1,heldout_wgen,heldout_wgen:1092,76,2008-08-26,71,5.0,0.0,0.0,45.0,40.0,late,<=0.05,<=0.05,0,"[1, 1, 1, 1, 1, 1, 1, 1, 1, 1, 1, 1, 1, 1, 1, 1]","[39.999996185302734,71.0,17.473255157470703,1.2953641414642334,1278.0123291015625,5.0,0.0,90.0,5.940098762512207,0.23893800377845764,0.22675800323486328,0.24103499948978424,0.22390200197696686,0.18955400586128235,0.10221800208091736,0.0,29.521812438964844,10111.0205078125,45.0,24.0,90.0,3.683603525161743]","{""cumsumfert"":39.999996185302734,""dap"":71.0,""dlayr"":5.0,""dtt"":17.473255157470703,""dul"":0.33000001311302185,""ep"":1.2953641414642334,""grnwt"":1278.0123138427734,""istage"":5.0,""ll"":0.09000000357627869,""nstres"":0.0,""rtdep"":90.0,""sat"":0.4599999785423279,""srad"":5.940098762512207,""sw"":0.23893800377845764,""swfac"":0.0,""tmax"":29.521812438964844,""topwt"":10111.0205078125,""totir"":45.0,""vstage"":24.0,""wtdep"":90.0,""xlai"":3.683603525161743}"
P0414,W1,heldout_wgen,heldout_wgen:1088,7,2008-06-18,2,9.0,0.0,0.0,45.0,120.0,early,<=0.05,<=0.05,1,"[1, 0, 0, 0, 0, 0, 0, 0, 0, 0, 0, 0, 0, 0, 0, 0]","[120.0,2.0,24.072097778320312,0.0,0.0,9.0,0.0,8.610815048217773,22.153711318969727,0.30403798818588257,0.30052900314331055,0.2067199945449829,0.1525229960680008,0.1517370045185089,0.1491360068321228,0.0,38.08201217651367,0.0,45.0,0.0,90.0,0.0]","{""cumsumfert"":120.0,""dap"":2.0,""dlayr"":5.0,""dtt"":24.072097778320312,""dul"":0.33000001311302185,""ep"":0.0,""grnwt"":0.0,""istage"":9.0,""ll"":0.09000000357627869,""nstres"":0.0,""rtdep"":8.610815048217773,""sat"":0.4599999785423279,""srad"":22.153711318969727,""sw"":0.30403798818588257,""swfac"":0.0,""tmax"":38.08201217651367,""topwt"":0.0,""totir"":45.0,""vstage"":0.0,""wtdep"":90.0,""xlai"":0.0}"
P0415,H2,heldout_wgen,heldout_wgen:1089,108,2008-09-27,103,6.0,0.0,0.3437706232070923,105.0,80.0,late,<=0.05,"(0.25,0.50]",1,"[1, 0, 0, 0, 0, 0, 0, 0, 0, 0, 0, 0, 0, 0, 0, 0]","[80.0,103.0,7.662236213684082,1.3665008544921875,8299.6708984375,6.0,0.3437706232070923,90.0,8.850298881530762,0.4226369857788086,0.4392479956150055,0.41326001286506653,0.35051900148391724,0.29948800802230835,0.1067110002040863,0.0,22.66490936279297,17688.181640625,105.0,24.0,90.0,2.0839412212371826]","{""cumsumfert"":80.0,""dap"":103.0,""dlayr"":5.0,""dtt"":7.662236213684082,""dul"":0.33000001311302185,""ep"":1.3665008544921875,""grnwt"":8299.671020507812,""istage"":6.0,""ll"":0.09000000357627869,""nstres"":0.3437706232070923,""rtdep"":90.0,""sat"":0.4599999785423279,""srad"":8.850298881530762,""sw"":0.4226369857788086,""swfac"":0.0,""tmax"":22.66490936279297,""topwt"":17688.18115234375,""totir"":105.0,""vstage"":24.0,""wtdep"":90.0,""xlai"":2.0839412212371826}"
P0416,W2,observed_weather,observed_weather:2022,95,2022-09-15,90,5.0,0.0,0.0,75.0,160.0,late,<=0.05,<=0.05,1,"[1, 1, 1, 0, 1, 1, 1, 0, 1, 1, 1, 0, 1, 1, 1, 0]","[160.0,90.0,14.350000381469727,1.6603295803070068,7478.94970703125,5.0,0.0,90.0,8.699999809265137,0.2730819880962372,0.2770160138607025,0.3001149892807007,0.2953230142593384,0.2722049951553345,0.109375,0.0,25.5,18117.30859375,75.0,24.0,90.0,2.6514697074890137]","{""cumsumfert"":160.0,""dap"":90.0,""dlayr"":5.0,""dtt"":14.350000381469727,""dul"":0.33000001311302185,""ep"":1.6603295803070068,""grnwt"":7478.9495849609375,""istage"":5.0,""ll"":0.09000000357627869,""nstres"":0.0,""rtdep"":90.0,""sat"":0.4599999785423279,""srad"":8.699999809265137,""sw"":0.2730819880962372,""swfac"":0.0,""tmax"":25.5,""topwt"":18117.308349609375,""totir"":75.0,""vstage"":24.0,""wtdep"":90.0,""xlai"":2.6514697074890137}"
P0417,W0,heldout_wgen,heldout_wgen:1081,51,2008-08-01,46,3.0,0.0,0.0,45.0,40.0,mid,<=0.05,<=0.05,0,"[1, 1, 1, 1, 1, 1, 1, 1, 1, 1, 1, 1, 1, 1, 1, 1]","[39.999996185302734,46.0,14.913276672363281,2.121243953704834,0.0,3.0,0.0,90.0,10.48571491241455,0.4111180007457733,0.3849569857120514,0.34739500284194946,0.1627040058374405,0.1348150074481964,0.08694200217723846,0.0,25.068201065063477,4565.59765625,45.0,22.0,90.0,3.4036576747894287]","{""cumsumfert"":39.999996185302734,""dap"":46.0,""dlayr"":5.0,""dtt"":14.913276672363281,""dul"":0.33000001311302185,""ep"":2.121243953704834,""grnwt"":0.0,""istage"":3.0,""ll"":0.09000000357627869,""nstres"":0.0,""rtdep"":90.0,""sat"":0.4599999785423279,""srad"":10.48571491241455,""sw"":0.4111180007457733,""swfac"":0.0,""tmax"":25.068201065063477,""topwt"":4565.5975341796875,""totir"":45.0,""vstage"":22.0,""wtdep"":90.0,""xlai"":3.4036576747894287}"
P0418,W2,observed_weather,observed_weather:2021,6,2021-06-18,1,8.0,0.0,0.0,45.0,120.0,early,<=0.05,<=0.05,1,"[1, 0, 0, 0, 0, 0, 0, 0, 0, 0, 0, 0, 0, 0, 0, 0]","[120.0,1.0,19.999814987182617,0.0,0.0,8.0,0.0,5.0,24.200000762939453,0.2616110146045685,0.35714998841285706,0.2741119861602783,0.1586190015077591,0.15156100690364838,0.14927799999713898,0.0,34.0,0.0,45.0,0.0,90.0,0.0]","{""cumsumfert"":120.0,""dap"":1.0,""dlayr"":5.0,""dtt"":19.999814987182617,""dul"":0.33000001311302185,""ep"":0.0,""grnwt"":0.0,""istage"":8.0,""ll"":0.09000000357627869,""nstres"":0.0,""rtdep"":5.0,""sat"":0.4599999785423279,""srad"":24.200000762939453,""sw"":0.2616110146045685,""swfac"":0.0,""tmax"":34.0,""topwt"":0.0,""totir"":45.0,""vstage"":0.0,""wtdep"":90.0,""xlai"":0.0}"
P0419,H1,heldout_wgen,heldout_wgen:1087,57,2008-08-07,52,3.0,0.0,0.0900045037269592,45.0,40.0,mid,<=0.05,"(0.05,0.25]",0,"[1, 1, 1, 1, 1, 1, 1, 1, 1, 1, 1, 1, 1, 1, 1, 1]","[39.999996185302734,52.0,22.943634033203125,4.180339813232422,0.0,3.0,0.09000450372695923,90.0,16.948928833007812,0.44484901428222656,0.43589699268341064,0.3591650128364563,0.26407501101493835,0.18708300590515137,0.10926800221204758,0.0,34.64967346191406,7006.0595703125,45.0,24.0,90.0,4.380092144012451]","{""cumsumfert"":39.999996185302734,""dap"":52.0,""dlayr"":5.0,""dtt"":22.943634033203125,""dul"":0.33000001311302185,""ep"":4.180339813232422,""grnwt"":0.0,""istage"":3.0,""ll"":0.09000000357627869,""nstres"":0.09000450372695923,""rtdep"":90.0,""sat"":0.4599999785423279,""srad"":16.948928833007812,""sw"":0.44484901428222656,""swfac"":0.0,""tmax"":34.64967346191406,""topwt"":7006.0595703125,""totir"":45.0,""vstage"":24.0,""wtdep"":90.0,""xlai"":4.380092144012451}"
P0420,W1,observed_weather,observed_weather:2019,47,2019-07-29,42,3.0,0.7727399170398712,0.0,45.0,120.0,mid,>0.50,<=0.05,1,"[1, 1, 1, 1, 1, 1, 1, 1, 1, 1, 1, 1, 1, 1, 1, 1]","[120.0,42.0,21.375585556030273,0.9977598190307617,0.0,3.0,0.0,90.0,18.0,0.05965999886393547,0.09042800217866898,0.11274799704551697,0.12643900513648987,0.13037699460983276,0.08418300002813339,0.7727398872375488,36.5,4113.6181640625,45.0,21.0,90.0,3.079023838043213]","{""cumsumfert"":120.0,""dap"":42.0,""dlayr"":5.0,""dtt"":21.375585556030273,""dul"":0.33000001311302185,""ep"":0.9977598190307617,""grnwt"":0.0,""istage"":3.0,""ll"":0.09000000357627869,""nstres"":0.0,""rtdep"":90.0,""sat"":0.4599999785423279,""srad"":18.0,""sw"":0.05965999886393547,""swfac"":0.7727399170398712,""tmax"":36.5,""topwt"":4113.6181640625,""totir"":45.0,""vstage"":21.0,""wtdep"":90.0,""xlai"":3.079023838043213}"
P0421,W1,heldout_wgen,heldout_wgen:1087,45,2008-07-26,40,3.0,0.0,0.0,45.0,120.0,mid,<=0.05,<=0.05,1,"[1, 1, 1, 1, 1, 1, 1, 1, 1, 1, 1, 1, 1, 1, 1, 1]","[120.0,40.0,17.41854476928711,3.8669257164001465,0.0,3.0,0.0,90.0,18.17518424987793,0.35929998755455017,0.3954299986362457,0.3306350111961365,0.30654001235961914,0.1927649974822998,0.13260899484157562,0.0,29.794986724853516,3667.2431640625,45.0,18.0,90.0,3.4164531230926514]","{""cumsumfert"":120.0,""dap"":40.0,""dlayr"":5.0,""dtt"":17.41854476928711,""dul"":0.33000001311302185,""ep"":3.8669257164001465,""grnwt"":0.0,""istage"":3.0,""ll"":0.09000000357627869,""nstres"":0.0,""rtdep"":90.0,""sat"":0.4599999785423279,""srad"":18.17518424987793,""sw"":0.35929998755455017,""swfac"":0.0,""tmax"":29.794986724853516,""topwt"":3667.2430419921875,""totir"":45.0,""vstage"":18.0,""wtdep"":90.0,""xlai"":3.4164531230926514}"
P0422,W2,heldout_wgen,heldout_wgen:1085,89,2008-09-08,84,5.0,0.0,0.0,75.0,200.0,late,<=0.05,<=0.05,2,"[1, 1, 0, 0, 1, 1, 0, 0, 1, 1, 0, 0, 1, 1, 0, 0]","[200.0,84.0,15.796220779418945,2.590620994567871,5101.7294921875,5.0,0.0,90.0,13.586238861083984,0.40009400248527527,0.3942900002002716,0.4190230071544647,0.370043009519577,0.348376989364624,0.24539099633693695,0.0,29.974016189575195,12790.1865234375,75.0,23.0,90.0,2.298017978668213]","{""cumsumfert"":200.0,""dap"":84.0,""dlayr"":5.0,""dtt"":15.796220779418945,""dul"":0.33000001311302185,""ep"":2.590620994567871,""grnwt"":5101.729736328125,""istage"":5.0,""ll"":0.09000000357627869,""nstres"":0.0,""rtdep"":90.0,""sat"":0.4599999785423279,""srad"":13.586238861083984,""sw"":0.40009400248527527,""swfac"":0.0,""tmax"":29.974016189575195,""topwt"":12790.186767578125,""totir"":75.0,""vstage"":23.0,""wtdep"":90.0,""xlai"":2.298017978668213}"
P0423,W2,observed_weather,observed_weather:2014,82,2014-09-02,77,5.0,0.8841660469770432,0.0,75.0,200.0,late,>0.50,<=0.05,2,"[1, 1, 0, 0, 1, 1, 0, 0, 1, 1, 0, 0, 1, 1, 0, 0]","[200.0,77.0,15.25,0.13773176074028015,1252.7574462890625,5.0,0.0,90.0,10.699999809265137,0.1536249965429306,0.09000000357627869,0.10999999940395355,0.11999999731779099,0.11999999731779099,0.07008399814367294,0.8841660618782043,27.100000381469727,10499.052734375,75.0,24.0,90.0,2.4365506172180176]","{""cumsumfert"":200.0,""dap"":77.0,""dlayr"":5.0,""dtt"":15.25,""dul"":0.33000001311302185,""ep"":0.13773176074028015,""grnwt"":1252.7574920654297,""istage"":5.0,""ll"":0.09000000357627869,""nstres"":0.0,""rtdep"":90.0,""sat"":0.4599999785423279,""srad"":10.699999809265137,""sw"":0.1536249965429306,""swfac"":0.8841660469770432,""tmax"":27.100000381469727,""topwt"":10499.052734375,""totir"":75.0,""vstage"":24.0,""wtdep"":90.0,""xlai"":2.4365506172180176}"
P0424,H1,heldout_wgen,heldout_wgen:1096,80,2008-08-30,75,5.0,0.0,0.0888339281082153,45.0,40.0,late,<=0.05,"(0.05,0.25]",0,"[1, 1, 1, 1, 1, 1, 1, 1, 1, 1, 1, 1, 1, 1, 1, 1]","[39.999996185302734,75.0,17.307659149169922,4.142784595489502,2013.06640625,5.0,0.08883392810821533,90.0,19.474374771118164,0.32527801394462585,0.30390000343322754,0.30805400013923645,0.24692000448703766,0.1585330069065094,0.09001299738883972,0.0,30.6611328125,11597.58984375,45.0,25.0,90.0,3.207218885421753]","{""cumsumfert"":39.999996185302734,""dap"":75.0,""dlayr"":5.0,""dtt"":17.307659149169922,""dul"":0.33000001311302185,""ep"":4.142784595489502,""grnwt"":2013.06640625,""istage"":5.0,""ll"":0.09000000357627869,""nstres"":0.08883392810821533,""rtdep"":90.0,""sat"":0.4599999785423279,""srad"":19.474374771118164,""sw"":0.32527801394462585,""swfac"":0.0,""tmax"":30.6611328125,""topwt"":11597.59033203125,""totir"":45.0,""vstage"":25.0,""wtdep"":90.0,""xlai"":3.207218885421753}"
P0425,W0,heldout_wgen,heldout_wgen:1089,11,2008-06-22,6,1.0,0.0,0.0121910572052001,45.0,40.0,early,<=0.05,<=0.05,0,"[1, 0, 0, 0, 0, 0, 0, 0, 0, 0, 0, 0, 0, 0, 0, 0]","[39.999996185302734,6.0,19.93775177001953,0.0,0.0,1.0,0.012191057205200195,18.7623233795166,26.61924171447754,0.31004101037979126,0.30434298515319824,0.2971630096435547,0.1673640012741089,0.15307800471782684,0.1486009955406189,0.0,33.30529022216797,26.400001525878906,45.0,2.0,90.0,0.00487739872187376]","{""cumsumfert"":39.999996185302734,""dap"":6.0,""dlayr"":5.0,""dtt"":19.93775177001953,""dul"":0.33000001311302185,""ep"":0.0,""grnwt"":0.0,""istage"":1.0,""ll"":0.09000000357627869,""nstres"":0.012191057205200195,""rtdep"":18.7623233795166,""sat"":0.4599999785423279,""srad"":26.61924171447754,""sw"":0.31004101037979126,""swfac"":0.0,""tmax"":33.30529022216797,""topwt"":26.400001049041748,""totir"":45.0,""vstage"":2.0,""wtdep"":90.0,""xlai"":0.00487739872187376}"
P0426,W1,heldout_wgen,heldout_wgen:1087,3,2008-06-14,0,7.0,0.0,0.0,45.0,120.0,early,<=0.05,<=0.05,1,"[1, 0, 0, 0, 0, 0, 0, 0, 0, 0, 0, 0, 0, 0, 0, 0]","[120.0,0.0,0.0,0.0,0.0,7.0,0.0,0.0,24.50945472717285,0.26380300521850586,0.42361900210380554,0.16676899790763855,0.1502559930086136,0.15059100091457367,0.1497039943933487,0.0,36.771156311035156,0.0,45.0,0.0,90.0,0.0]","{""cumsumfert"":120.0,""dap"":0.0,""dlayr"":5.0,""dtt"":0.0,""dul"":0.33000001311302185,""ep"":0.0,""grnwt"":0.0,""istage"":7.0,""ll"":0.09000000357627869,""nstres"":0.0,""rtdep"":0.0,""sat"":0.4599999785423279,""srad"":24.50945472717285,""sw"":0.26380300521850586,""swfac"":0.0,""tmax"":36.771156311035156,""topwt"":0.0,""totir"":45.0,""vstage"":0.0,""wtdep"":90.0,""xlai"":0.0}"
P0427,W2,heldout_wgen,heldout_wgen:1094,32,2008-07-13,27,3.0,0.0,0.0,75.0,200.0,early,<=0.05,<=0.05,2,"[1, 1, 0, 0, 0, 0, 0, 0, 0, 0, 0, 0, 0, 0, 0, 0]","[200.0,27.0,23.065481185913086,3.3382086753845215,0.0,3.0,0.0,83.64757537841797,17.81462860107422,0.32504698634147644,0.3722729980945587,0.2803809940814972,0.18727900087833405,0.16020600497722626,0.1443749964237213,0.0,37.19862365722656,1084.0206298828125,75.0,13.0,90.0,1.5800729990005493]","{""cumsumfert"":200.0,""dap"":27.0,""dlayr"":5.0,""dtt"":23.065481185913086,""dul"":0.33000001311302185,""ep"":3.3382086753845215,""grnwt"":0.0,""istage"":3.0,""ll"":0.09000000357627869,""nstres"":0.0,""rtdep"":83.64757537841797,""sat"":0.4599999785423279,""srad"":17.81462860107422,""sw"":0.32504698634147644,""swfac"":0.0,""tmax"":37.19862365722656,""topwt"":1084.0206146240234,""totir"":75.0,""vstage"":13.0,""wtdep"":90.0,""xlai"":1.5800729990005493}"
P0428,W1,heldout_wgen,heldout_wgen:1081,65,2008-08-15,60,4.0,0.0,0.0,45.0,120.0,mid,<=0.05,<=0.05,1,"[1, 1, 1, 1, 1, 1, 1, 1, 1, 1, 1, 1, 1, 1, 1, 1]","[120.0,60.0,19.21871566772461,3.8742423057556152,0.0,4.0,0.0,90.0,16.838462829589844,0.44292300939559937,0.4409239888191223,0.35929399728775024,0.21708600223064423,0.1400499939918518,0.08541599661111832,0.0,30.658952713012695,8322.3837890625,45.0,25.0,90.0,4.243605613708496]","{""cumsumfert"":120.0,""dap"":60.0,""dlayr"":5.0,""dtt"":19.21871566772461,""dul"":0.33000001311302185,""ep"":3.8742423057556152,""grnwt"":0.0,""istage"":4.0,""ll"":0.09000000357627869,""nstres"":0.0,""rtdep"":90.0,""sat"":0.4599999785423279,""srad"":16.838462829589844,""sw"":0.44292300939559937,""swfac"":0.0,""tmax"":30.658952713012695,""topwt"":8322.384033203125,""totir"":45.0,""vstage"":25.0,""wtdep"":90.0,""xlai"":4.243605613708496}"
P0429,W0,heldout_wgen,heldout_wgen:1081,11,2008-06-22,6,1.0,0.0,0.0121910572052001,45.0,40.0,early,<=0.05,<=0.05,0,"[1, 0, 0, 0, 0, 0, 0, 0, 0, 0, 0, 0, 0, 0, 0, 0]","[39.999996185302734,6.0,23.207054138183594,0.0,0.0,1.0,0.012191057205200195,19.146116256713867,19.350624084472656,0.2591739892959595,0.26929399371147156,0.23401899635791779,0.1576550006866455,0.15290600061416626,0.1485999971628189,0.0,37.28554153442383,26.400001525878906,45.0,2.0,90.0,0.005827927030622959]","{""cumsumfert"":39.999996185302734,""dap"":6.0,""dlayr"":5.0,""dtt"":23.207054138183594,""dul"":0.33000001311302185,""ep"":0.0,""grnwt"":0.0,""istage"":1.0,""ll"":0.09000000357627869,""nstres"":0.012191057205200195,""rtdep"":19.146116256713867,""sat"":0.4599999785423279,""srad"":19.350624084472656,""sw"":0.2591739892959595,""swfac"":0.0,""tmax"":37.28554153442383,""topwt"":26.400001049041748,""totir"":45.0,""vstage"":2.0,""wtdep"":90.0,""xlai"":0.005827927030622959}"
P0430,W2,heldout_wgen,heldout_wgen:1087,96,2008-09-15,91,5.0,0.0,0.0,75.0,200.0,late,<=0.05,<=0.05,2,"[1, 0, 0, 0, 1, 0, 0, 0, 1, 0, 0, 0, 1, 0, 0, 0]","[200.0,91.0,15.546241760253906,0.8958392143249512,7240.2001953125,5.0,0.0,90.0,4.964992046356201,0.3914240002632141,0.42257699370384216,0.35843199491500854,0.3318580090999603,0.2553200125694275,0.11339399963617325,0.0,28.37849998474121,15762.912109375,75.0,24.0,90.0,1.9538850784301758]","{""cumsumfert"":200.0,""dap"":91.0,""dlayr"":5.0,""dtt"":15.546241760253906,""dul"":0.33000001311302185,""ep"":0.8958392143249512,""grnwt"":7240.2001953125,""istage"":5.0,""ll"":0.09000000357627869,""nstres"":0.0,""rtdep"":90.0,""sat"":0.4599999785423279,""srad"":4.964992046356201,""sw"":0.3914240002632141,""swfac"":0.0,""tmax"":28.37849998474121,""topwt"":15762.91259765625,""totir"":75.0,""vstage"":24.0,""wtdep"":90.0,""xlai"":1.9538850784301758}"
P0431,H0,observed_weather,observed_weather:2017,59,2017-08-10,54,3.0,0.0,0.0,135.0,240.0,mid,<=0.05,<=0.05,2,"[1, 0, 0, 0, 0, 0, 0, 0, 0, 0, 0, 0, 0, 0, 0, 0]","[239.99998474121094,54.0,19.399999618530273,5.539295673370361,0.0,3.0,0.0,90.0,23.5,0.4187079966068268,0.4274879992008209,0.41421300172805786,0.3667620122432709,0.3543989956378937,0.11664900183677673,0.0,33.79999923706055,8060.3642578125,135.0,25.0,90.0,4.76639986038208]","{""cumsumfert"":239.99998474121094,""dap"":54.0,""dlayr"":5.0,""dtt"":19.399999618530273,""dul"":0.33000001311302185,""ep"":5.539295673370361,""grnwt"":0.0,""istage"":3.0,""ll"":0.09000000357627869,""nstres"":0.0,""rtdep"":90.0,""sat"":0.4599999785423279,""srad"":23.5,""sw"":0.4187079966068268,""swfac"":0.0,""tmax"":33.79999923706055,""topwt"":8060.3643798828125,""totir"":135.0,""vstage"":25.0,""wtdep"":90.0,""xlai"":4.76639986038208}"
P0432,W2,observed_weather,observed_weather:2021,19,2021-07-01,14,1.0,0.0,0.0,75.0,160.0,early,<=0.05,<=0.05,1,"[1, 0, 0, 0, 0, 0, 0, 0, 0, 0, 0, 0, 0, 0, 0, 0]","[160.0,14.0,17.04305648803711,0.32644715905189514,0.0,1.0,0.0,36.98689270019531,10.300000190734863,0.3149630129337311,0.42935600876808167,0.38623300194740295,0.22063499689102173,0.1588210016489029,0.14769500494003296,0.0,29.399999618530273,111.1459732055664,75.0,6.0,90.0,0.22345510125160217]","{""cumsumfert"":160.0,""dap"":14.0,""dlayr"":5.0,""dtt"":17.04305648803711,""dul"":0.33000001311302185,""ep"":0.32644715905189514,""grnwt"":0.0,""istage"":1.0,""ll"":0.09000000357627869,""nstres"":0.0,""rtdep"":36.98689270019531,""sat"":0.4599999785423279,""srad"":10.300000190734863,""sw"":0.3149630129337311,""swfac"":0.0,""tmax"":29.399999618530273,""topwt"":111.1459732055664,""totir"":75.0,""vstage"":6.0,""wtdep"":90.0,""xlai"":0.22345510125160217}"
P0433,W1,observed_weather,observed_weather:2020,78,2020-08-28,73,5.0,0.0,0.0,45.0,120.0,late,<=0.05,<=0.05,1,"[1, 1, 1, 1, 1, 1, 1, 1, 1, 1, 1, 1, 1, 1, 1, 1]","[120.0,73.0,17.950000762939453,5.092564105987549,1682.711669921875,5.0,0.0,90.0,22.299999237060547,0.38279101252555847,0.3580720126628876,0.3191019892692566,0.22143399715423584,0.14904199540615082,0.09379799664020538,0.0,32.400001525878906,11850.591796875,45.0,24.0,90.0,4.490051746368408]","{""cumsumfert"":120.0,""dap"":73.0,""dlayr"":5.0,""dtt"":17.950000762939453,""dul"":0.33000001311302185,""ep"":5.092564105987549,""grnwt"":1682.7116394042969,""istage"":5.0,""ll"":0.09000000357627869,""nstres"":0.0,""rtdep"":90.0,""sat"":0.4599999785423279,""srad"":22.299999237060547,""sw"":0.38279101252555847,""swfac"":0.0,""tmax"":32.400001525878906,""topwt"":11850.592041015625,""totir"":45.0,""vstage"":24.0,""wtdep"":90.0,""xlai"":4.490051746368408}"
P0434,W2,observed_weather,observed_weather:2022,15,2022-06-27,10,1.0,0.0,0.0,75.0,160.0,early,<=0.05,<=0.05,1,"[1, 0, 0, 0, 0, 0, 0, 0, 0, 0, 0, 0, 0, 0, 0, 0]","[160.0,10.0,19.27300453186035,0.1373322308063507,0.0,1.0,0.0,30.85126495361328,14.699999809265137,0.3228220045566559,0.4228909909725189,0.3116680085659027,0.18054799735546112,0.15489499270915985,0.14810900390148163,0.0,30.299999237060547,38.69732666015625,75.0,5.0,90.0,0.07658160477876663]","{""cumsumfert"":160.0,""dap"":10.0,""dlayr"":5.0,""dtt"":19.27300453186035,""dul"":0.33000001311302185,""ep"":0.1373322308063507,""grnwt"":0.0,""istage"":1.0,""ll"":0.09000000357627869,""nstres"":0.0,""rtdep"":30.85126495361328,""sat"":0.4599999785423279,""srad"":14.699999809265137,""sw"":0.3228220045566559,""swfac"":0.0,""tmax"":30.299999237060547,""topwt"":38.69732618331909,""totir"":75.0,""vstage"":5.0,""wtdep"":90.0,""xlai"":0.07658160477876663}"
P0435,W1,observed_weather,observed_weather:2021,28,2021-07-10,23,2.0,0.0,0.0,45.0,120.0,early,<=0.05,<=0.05,1,"[1, 1, 1, 1, 1, 1, 1, 1, 1, 1, 1, 1, 0, 0, 0, 0]","[120.0,23.0,21.855560302734375,4.007439136505127,0.0,2.0,0.0,70.28598022460938,25.899999618530273,0.20802199840545654,0.2365490049123764,0.263045996427536,0.21426400542259216,0.16499799489974976,0.14677999913692474,0.0,37.599998474121094,747.040283203125,45.0,11.0,90.0,1.1749602556228638]","{""cumsumfert"":120.0,""dap"":23.0,""dlayr"":5.0,""dtt"":21.855560302734375,""dul"":0.33000001311302185,""ep"":4.007439136505127,""grnwt"":0.0,""istage"":2.0,""ll"":0.09000000357627869,""nstres"":0.0,""rtdep"":70.28598022460938,""sat"":0.4599999785423279,""srad"":25.899999618530273,""sw"":0.20802199840545654,""swfac"":0.0,""tmax"":37.599998474121094,""topwt"":747.0402526855469,""totir"":45.0,""vstage"":11.0,""wtdep"":90.0,""xlai"":1.1749602556228638}"
P0436,H0,observed_weather,observed_weather:2022,89,2022-09-09,84,5.0,0.0,0.0,195.0,240.0,late,<=0.05,<=0.05,2,"[1, 0, 0, 0, 0, 0, 0, 0, 0, 0, 0, 0, 0, 0, 0, 0]","[239.99998474121094,84.0,14.950000762939453,2.8351855278015137,5845.2216796875,5.0,0.0,90.0,13.699999809265137,0.3899739980697632,0.4171609878540039,0.4225369989871979,0.3801240026950836,0.35366299748420715,0.348921000957489,0.0,29.5,16445.166015625,195.0,24.0,90.0,3.369572877883911]","{""cumsumfert"":239.99998474121094,""dap"":84.0,""dlayr"":5.0,""dtt"":14.950000762939453,""dul"":0.33000001311302185,""ep"":2.8351855278015137,""grnwt"":5845.2215576171875,""istage"":5.0,""ll"":0.09000000357627869,""nstres"":0.0,""rtdep"":90.0,""sat"":0.4599999785423279,""srad"":13.699999809265137,""sw"":0.3899739980697632,""swfac"":0.0,""tmax"":29.5,""topwt"":16445.166015625,""totir"":195.0,""vstage"":24.0,""wtdep"":90.0,""xlai"":3.369572877883911}"
P0437,W0,observed_weather,observed_weather:2015,44,2015-07-26,39,3.0,0.0,0.0,45.0,40.0,mid,<=0.05,<=0.05,0,"[1, 1, 1, 1, 1, 1, 1, 1, 1, 1, 1, 1, 1, 1, 1, 1]","[39.999996185302734,39.0,21.126773834228516,4.832283973693848,0.0,3.0,0.0,90.0,21.299999237060547,0.21017800271511078,0.21841099858283997,0.15216700732707977,0.15493999421596527,0.15492700040340424,0.12605999410152435,0.0,34.29999923706055,3503.67822265625,45.0,18.0,90.0,3.464904546737671]","{""cumsumfert"":39.999996185302734,""dap"":39.0,""dlayr"":5.0,""dtt"":21.126773834228516,""dul"":0.33000001311302185,""ep"":4.832283973693848,""grnwt"":0.0,""istage"":3.0,""ll"":0.09000000357627869,""nstres"":0.0,""rtdep"":90.0,""sat"":0.4599999785423279,""srad"":21.299999237060547,""sw"":0.21017800271511078,""swfac"":0.0,""tmax"":34.29999923706055,""topwt"":3503.6782836914062,""totir"":45.0,""vstage"":18.0,""wtdep"":90.0,""xlai"":3.464904546737671}"
P0438,W2,heldout_wgen,heldout_wgen:1089,67,2008-08-17,62,4.0,0.0,0.0,75.0,200.0,mid,<=0.05,<=0.05,2,"[1, 1, 0, 0, 1, 1, 0, 0, 1, 1, 0, 0, 1, 1, 0, 0]","[200.0,62.0,21.222097396850586,1.9013969898223877,0.0,4.0,0.0,90.0,7.8679890632629395,0.4171690046787262,0.34788501262664795,0.30603399872779846,0.23167000710964203,0.16287800669670105,0.10820700228214264,0.0,32.4051513671875,9268.8583984375,75.0,24.0,90.0,4.777195930480957]","{""cumsumfert"":200.0,""dap"":62.0,""dlayr"":5.0,""dtt"":21.222097396850586,""dul"":0.33000001311302185,""ep"":1.9013969898223877,""grnwt"":0.0,""istage"":4.0,""ll"":0.09000000357627869,""nstres"":0.0,""rtdep"":90.0,""sat"":0.4599999785423279,""srad"":7.8679890632629395,""sw"":0.4171690046787262,""swfac"":0.0,""tmax"":32.4051513671875,""topwt"":9268.858642578125,""totir"":75.0,""vstage"":24.0,""wtdep"":90.0,""xlai"":4.777195930480957}"
P0439,W0,heldout_wgen,heldout_wgen:1098,58,2008-08-08,53,3.0,0.0,0.1118925213813781,45.0,40.0,mid,<=0.05,"(0.05,0.25]",0,"[1, 1, 1, 1, 1, 1, 1, 1, 1, 1, 1, 1, 1, 1, 1, 1]","[39.999996185302734,53.0,16.563488006591797,5.341320991516113,0.0,3.0,0.11189252138137817,90.0,24.251434326171875,0.2746169865131378,0.2695089876651764,0.2578180134296417,0.1664620041847229,0.15088100731372833,0.10521099716424942,0.0,28.661808013916016,7498.8408203125,45.0,24.0,90.0,4.354032039642334]","{""cumsumfert"":39.999996185302734,""dap"":53.0,""dlayr"":5.0,""dtt"":16.563488006591797,""dul"":0.33000001311302185,""ep"":5.341320991516113,""grnwt"":0.0,""istage"":3.0,""ll"":0.09000000357627869,""nstres"":0.11189252138137817,""rtdep"":90.0,""sat"":0.4599999785423279,""srad"":24.251434326171875,""sw"":0.2746169865131378,""swfac"":0.0,""tmax"":28.661808013916016,""topwt"":7498.8409423828125,""totir"":45.0,""vstage"":24.0,""wtdep"":90.0,""xlai"":4.354032039642334}"
P0440,W2,heldout_wgen,heldout_wgen:1097,27,2008-07-08,22,2.0,0.0,0.0,75.0,200.0,early,<=0.05,<=0.05,2,"[1, 1, 0, 0, 0, 0, 0, 0, 0, 0, 0, 0, 0, 0, 0, 0]","[200.0,22.0,19.595809936523438,2.1758463382720947,0.0,2.0,0.0,64.69758605957031,19.276140213012695,0.38804900646209717,0.43806299567222595,0.48047301173210144,0.351626992225647,0.24046699702739716,0.1503159999847412,0.0,31.8161563873291,559.80078125,75.0,11.0,90.0,0.9319493770599365]","{""cumsumfert"":200.0,""dap"":22.0,""dlayr"":5.0,""dtt"":19.595809936523438,""dul"":0.33000001311302185,""ep"":2.1758463382720947,""grnwt"":0.0,""istage"":2.0,""ll"":0.09000000357627869,""nstres"":0.0,""rtdep"":64.69758605957031,""sat"":0.4599999785423279,""srad"":19.276140213012695,""sw"":0.38804900646209717,""swfac"":0.0,""tmax"":31.8161563873291,""topwt"":559.8007583618164,""totir"":75.0,""vstage"":11.0,""wtdep"":90.0,""xlai"":0.9319493770599365}"
P0441,H1,heldout_wgen,heldout_wgen:1084,45,2008-07-26,40,3.0,0.0,0.0,45.0,40.0,mid,<=0.05,<=0.05,0,"[1, 1, 1, 1, 1, 1, 1, 1, 1, 1, 1, 1, 1, 1, 1, 1]","[39.999996185302734,40.0,19.557933807373047,1.8994015455245972,0.0,3.0,0.0,90.0,8.337963104248047,0.3597339987754822,0.2801559865474701,0.23350000381469727,0.1650020033121109,0.15660899877548218,0.12655599415302277,0.0,32.20098114013672,4273.10205078125,45.0,20.0,90.0,3.812842845916748]","{""cumsumfert"":39.999996185302734,""dap"":40.0,""dlayr"":5.0,""dtt"":19.557933807373047,""dul"":0.33000001311302185,""ep"":1.8994015455245972,""grnwt"":0.0,""istage"":3.0,""ll"":0.09000000357627869,""nstres"":0.0,""rtdep"":90.0,""sat"":0.4599999785423279,""srad"":8.337963104248047,""sw"":0.3597339987754822,""swfac"":0.0,""tmax"":32.20098114013672,""topwt"":4273.102111816406,""totir"":45.0,""vstage"":20.0,""wtdep"":90.0,""xlai"":3.812842845916748}"
P0442,W1,heldout_wgen,heldout_wgen:1100,24,2008-07-05,19,2.0,0.0,0.0,45.0,120.0,early,<=0.05,<=0.05,1,"[1, 1, 1, 1, 1, 1, 1, 1, 1, 1, 1, 1, 0, 0, 0, 0]","[120.0,19.0,23.089176177978516,0.7747378945350647,0.0,2.0,0.0,49.476497650146484,11.637872695922852,0.4045189917087555,0.4301599860191345,0.33309200406074524,0.2186480015516281,0.16185599565505981,0.14718300104141235,0.0,34.475650787353516,246.48764038085938,45.0,8.0,90.0,0.4750426113605499]","{""cumsumfert"":120.0,""dap"":19.0,""dlayr"":5.0,""dtt"":23.089176177978516,""dul"":0.33000001311302185,""ep"":0.7747378945350647,""grnwt"":0.0,""istage"":2.0,""ll"":0.09000000357627869,""nstres"":0.0,""rtdep"":49.476497650146484,""sat"":0.4599999785423279,""srad"":11.637872695922852,""sw"":0.4045189917087555,""swfac"":0.0,""tmax"":34.475650787353516,""topwt"":246.4876365661621,""totir"":45.0,""vstage"":8.0,""wtdep"":90.0,""xlai"":0.4750426113605499}"
P0443,H0,heldout_wgen,heldout_wgen:1085,86,2008-09-05,81,5.0,0.0,0.0,195.0,240.0,late,<=0.05,<=0.05,2,"[1, 0, 0, 0, 0, 0, 0, 0, 0, 0, 0, 0, 0, 0, 0, 0]","[239.99998474121094,81.0,16.151626586914062,2.4242594242095947,4406.2939453125,5.0,0.0,90.0,12.361139297485352,0.4414680004119873,0.45044198632240295,0.4699209928512573,0.47458401322364807,0.4643769860267639,0.39950698614120483,0.0,30.58772850036621,11984.841796875,195.0,23.0,90.0,2.4856114387512207]","{""cumsumfert"":239.99998474121094,""dap"":81.0,""dlayr"":5.0,""dtt"":16.151626586914062,""dul"":0.33000001311302185,""ep"":2.4242594242095947,""grnwt"":4406.2939453125,""istage"":5.0,""ll"":0.09000000357627869,""nstres"":0.0,""rtdep"":90.0,""sat"":0.4599999785423279,""srad"":12.361139297485352,""sw"":0.4414680004119873,""swfac"":0.0,""tmax"":30.58772850036621,""topwt"":11984.84130859375,""totir"":195.0,""vstage"":23.0,""wtdep"":90.0,""xlai"":2.4856114387512207}"
P0444,H2,observed_weather,observed_weather:2015,86,2015-09-06,81,5.0,0.0,0.0588685274124145,60.0,80.0,late,<=0.05,"(0.05,0.25]",0,"[1, 1, 1, 1, 0, 0, 0, 0, 0, 0, 0, 0, 0, 0, 0, 0]","[80.0,81.0,14.75,4.546821594238281,3814.53369140625,5.0,0.05886852741241455,90.0,21.399999618530273,0.2103240042924881,0.19438999891281128,0.12925300002098083,0.1339460015296936,0.1337440013885498,0.08406899869441986,0.0,27.200000762939453,14866.076171875,60.0,24.0,90.0,4.2665886878967285]","{""cumsumfert"":80.0,""dap"":81.0,""dlayr"":5.0,""dtt"":14.75,""dul"":0.33000001311302185,""ep"":4.546821594238281,""grnwt"":3814.53369140625,""istage"":5.0,""ll"":0.09000000357627869,""nstres"":0.05886852741241455,""rtdep"":90.0,""sat"":0.4599999785423279,""srad"":21.399999618530273,""sw"":0.2103240042924881,""swfac"":0.0,""tmax"":27.200000762939453,""topwt"":14866.07666015625,""totir"":60.0,""vstage"":24.0,""wtdep"":90.0,""xlai"":4.2665886878967285}"
P0445,H1,heldout_wgen,heldout_wgen:1084,47,2008-07-28,42,3.0,0.0,0.0069895982742309,45.0,40.0,mid,<=0.05,<=0.05,0,"[1, 1, 1, 1, 1, 1, 1, 1, 1, 1, 1, 1, 1, 1, 1, 1]","[39.999996185302734,42.0,20.123598098754883,3.9820680618286133,0.0,3.0,0.006989598274230957,90.0,17.275592803955078,0.39650800824165344,0.39608800411224365,0.24063600599765778,0.1637129932641983,0.15528999269008636,0.12275999784469604,0.0,31.487001419067383,4807.67626953125,45.0,21.0,90.0,4.044867515563965]","{""cumsumfert"":39.999996185302734,""dap"":42.0,""dlayr"":5.0,""dtt"":20.123598098754883,""dul"":0.33000001311302185,""ep"":3.9820680618286133,""grnwt"":0.0,""istage"":3.0,""ll"":0.09000000357627869,""nstres"":0.006989598274230957,""rtdep"":90.0,""sat"":0.4599999785423279,""srad"":17.275592803955078,""sw"":0.39650800824165344,""swfac"":0.0,""tmax"":31.487001419067383,""topwt"":4807.6763916015625,""totir"":45.0,""vstage"":21.0,""wtdep"":90.0,""xlai"":4.044867515563965}"
P0446,H0,observed_weather,observed_weather:2021,73,2021-08-24,68,5.0,0.0,0.0,165.0,240.0,mid,<=0.05,<=0.05,2,"[1, 0, 0, 0, 0, 0, 0, 0, 0, 0, 0, 0, 0, 0, 0, 0]","[239.99998474121094,68.0,17.700000762939453,5.603091716766357,808.536865234375,5.0,0.0,90.0,24.700000762939453,0.42959699034690857,0.4389980137348175,0.4650709927082062,0.36327800154685974,0.3310979902744293,0.17229999601840973,0.0,30.899999618530273,12439.7021484375,165.0,25.0,90.0,4.5676350593566895]","{""cumsumfert"":239.99998474121094,""dap"":68.0,""dlayr"":5.0,""dtt"":17.700000762939453,""dul"":0.33000001311302185,""ep"":5.603091716766357,""grnwt"":808.5368347167969,""istage"":5.0,""ll"":0.09000000357627869,""nstres"":0.0,""rtdep"":90.0,""sat"":0.4599999785423279,""srad"":24.700000762939453,""sw"":0.42959699034690857,""swfac"":0.0,""tmax"":30.899999618530273,""topwt"":12439.7021484375,""totir"":165.0,""vstage"":25.0,""wtdep"":90.0,""xlai"":4.5676350593566895}"
P0447,W2,observed_weather,observed_weather:2019,62,2019-08-13,57,4.0,0.0,0.0,75.0,160.0,mid,<=0.05,<=0.05,1,"[1, 1, 1, 0, 1, 1, 1, 0, 1, 1, 1, 0, 1, 1, 1, 0]","[160.0,57.0,16.200000762939453,2.059323787689209,0.0,4.0,0.0,90.0,9.600000381469727,0.4034169912338257,0.40089601278305054,0.13041900098323822,0.12469299882650375,0.12916800379753113,0.0829629972577095,0.0,27.299999237060547,8073.35986328125,75.0,23.0,90.0,3.9598331451416016]","{""cumsumfert"":160.0,""dap"":57.0,""dlayr"":5.0,""dtt"":16.200000762939453,""dul"":0.33000001311302185,""ep"":2.059323787689209,""grnwt"":0.0,""istage"":4.0,""ll"":0.09000000357627869,""nstres"":0.0,""rtdep"":90.0,""sat"":0.4599999785423279,""srad"":9.600000381469727,""sw"":0.4034169912338257,""swfac"":0.0,""tmax"":27.299999237060547,""topwt"":8073.3599853515625,""totir"":75.0,""vstage"":23.0,""wtdep"":90.0,""xlai"":3.9598331451416016}"
P0448,H0,heldout_wgen,heldout_wgen:1090,86,2008-09-05,81,5.0,0.0,0.0,195.0,240.0,late,<=0.05,<=0.05,2,"[1, 0, 0, 0, 0, 0, 0, 0, 0, 0, 0, 0, 0, 0, 0, 0]","[239.99998474121094,81.0,12.32882308959961,3.2560553550720215,3789.75927734375,5.0,0.0,90.0,16.556541442871094,0.44340598583221436,0.44995400309562683,0.4636420011520386,0.46004900336265564,0.4346809983253479,0.39666301012039185,0.0,28.23971939086914,13224.3154296875,195.0,24.0,90.0,3.265523910522461]","{""cumsumfert"":239.99998474121094,""dap"":81.0,""dlayr"":5.0,""dtt"":12.32882308959961,""dul"":0.33000001311302185,""ep"":3.2560553550720215,""grnwt"":3789.7592163085938,""istage"":5.0,""ll"":0.09000000357627869,""nstres"":0.0,""rtdep"":90.0,""sat"":0.4599999785423279,""srad"":16.556541442871094,""sw"":0.44340598583221436,""swfac"":0.0,""tmax"":28.23971939086914,""topwt"":13224.315185546875,""totir"":195.0,""vstage"":24.0,""wtdep"":90.0,""xlai"":3.265523910522461}"
P0449,W0,observed_weather,observed_weather:2021,7,2021-06-19,2,9.0,0.0,0.0,45.0,40.0,early,<=0.05,<=0.05,0,"[1, 0, 0, 0, 0, 0, 0, 0, 0, 0, 0, 0, 0, 0, 0, 0]","[39.999996185302734,2.0,21.435504913330078,0.0,0.0,9.0,0.0,8.215326309204102,27.899999618530273,0.3030810058116913,0.30542001128196716,0.2822760045528412,0.1620659977197647,0.1519169956445694,0.14914000034332275,0.0,36.20000076293945,0.0,45.0,0.0,90.0,0.0]","{""cumsumfert"":39.999996185302734,""dap"":2.0,""dlayr"":5.0,""dtt"":21.435504913330078,""dul"":0.33000001311302185,""ep"":0.0,""grnwt"":0.0,""istage"":9.0,""ll"":0.09000000357627869,""nstres"":0.0,""rtdep"":8.215326309204102,""sat"":0.4599999785423279,""srad"":27.899999618530273,""sw"":0.3030810058116913,""swfac"":0.0,""tmax"":36.20000076293945,""topwt"":0.0,""totir"":45.0,""vstage"":0.0,""wtdep"":90.0,""xlai"":0.0}"
P0450,W0,observed_weather,observed_weather:2016,22,2016-07-03,17,1.0,0.0,0.0,45.0,40.0,early,<=0.05,<=0.05,0,"[1, 1, 1, 1, 1, 1, 1, 1, 1, 1, 1, 1, 0, 0, 0, 0]","[39.999996185302734,17.0,18.996036529541016,0.7387968301773071,0.0,1.0,0.0,45.94602584838867,14.100000381469727,0.3951230049133301,0.3382140100002289,0.33782199025154114,0.3211649954319,0.22139300405979156,0.1495860069990158,0.0,31.299999237060547,201.93203735351562,45.0,8.0,90.0,0.37598657608032227]","{""cumsumfert"":39.999996185302734,""dap"":17.0,""dlayr"":5.0,""dtt"":18.996036529541016,""dul"":0.33000001311302185,""ep"":0.7387968301773071,""grnwt"":0.0,""istage"":1.0,""ll"":0.09000000357627869,""nstres"":0.0,""rtdep"":45.94602584838867,""sat"":0.4599999785423279,""srad"":14.100000381469727,""sw"":0.3951230049133301,""swfac"":0.0,""tmax"":31.299999237060547,""topwt"":201.9320297241211,""totir"":45.0,""vstage"":8.0,""wtdep"":90.0,""xlai"":0.37598657608032227}"
P0451,H2,heldout_wgen,heldout_wgen:1086,3,2008-06-14,0,7.0,0.0,0.0,45.0,80.0,early,<=0.05,<=0.05,0,"[1, 0, 0, 0, 0, 0, 0, 0, 0, 0, 0, 0, 0, 0, 0, 0]","[80.0,0.0,0.0,0.0,0.0,7.0,0.0,0.0,31.035274505615234,0.23413799703121185,0.42361900210380554,0.16651099920272827,0.1502559930086136,0.15059100091457367,0.1497039943933487,0.0,36.30224609375,0.0,45.0,0.0,90.0,0.0]","{""cumsumfert"":80.0,""dap"":0.0,""dlayr"":5.0,""dtt"":0.0,""dul"":0.33000001311302185,""ep"":0.0,""grnwt"":0.0,""istage"":7.0,""ll"":0.09000000357627869,""nstres"":0.0,""rtdep"":0.0,""sat"":0.4599999785423279,""srad"":31.035274505615234,""sw"":0.23413799703121185,""swfac"":0.0,""tmax"":36.30224609375,""topwt"":0.0,""totir"":45.0,""vstage"":0.0,""wtdep"":90.0,""xlai"":0.0}"
P0452,H2,heldout_wgen,heldout_wgen:1098,104,2008-09-23,99,6.0,0.0,0.1297439336776733,105.0,80.0,late,<=0.05,"(0.05,0.25]",1,"[1, 0, 0, 0, 0, 0, 0, 0, 0, 0, 0, 0, 0, 0, 0, 0]","[80.0,99.0,9.893808364868164,1.3666177988052368,6586.642578125,6.0,0.12974393367767334,90.0,8.64306926727295,0.4084179997444153,0.44275999069213867,0.47276100516319275,0.47775799036026,0.39341801404953003,0.28446298837661743,0.0,25.41729736328125,15846.154296875,105.0,24.0,90.0,1.9541512727737427]","{""cumsumfert"":80.0,""dap"":99.0,""dlayr"":5.0,""dtt"":9.893808364868164,""dul"":0.33000001311302185,""ep"":1.3666177988052368,""grnwt"":6586.6424560546875,""istage"":6.0,""ll"":0.09000000357627869,""nstres"":0.12974393367767334,""rtdep"":90.0,""sat"":0.4599999785423279,""srad"":8.64306926727295,""sw"":0.4084179997444153,""swfac"":0.0,""tmax"":25.41729736328125,""topwt"":15846.15478515625,""totir"":105.0,""vstage"":24.0,""wtdep"":90.0,""xlai"":1.9541512727737427}"
P0453,W2,heldout_wgen,heldout_wgen:1084,18,2008-06-29,13,1.0,0.0,0.0,75.0,160.0,early,<=0.05,<=0.05,1,"[1, 0, 0, 0, 0, 0, 0, 0, 0, 0, 0, 0, 0, 0, 0, 0]","[160.0,13.0,19.781661987304688,0.5048969984054565,0.0,1.0,0.0,33.770347595214844,21.034025192260742,0.30932798981666565,0.34652799367904663,0.33674898743629456,0.2420330047607422,0.1597760021686554,0.14779900014400482,0.0,33.01692581176758,82.82911682128906,75.0,6.0,90.0,0.17048393189907074]","{""cumsumfert"":160.0,""dap"":13.0,""dlayr"":5.0,""dtt"":19.781661987304688,""dul"":0.33000001311302185,""ep"":0.5048969984054565,""grnwt"":0.0,""istage"":1.0,""ll"":0.09000000357627869,""nstres"":0.0,""rtdep"":33.770347595214844,""sat"":0.4599999785423279,""srad"":21.034025192260742,""sw"":0.30932798981666565,""swfac"":0.0,""tmax"":33.01692581176758,""topwt"":82.8291130065918,""totir"":75.0,""vstage"":6.0,""wtdep"":90.0,""xlai"":0.17048393189907074}"
P0454,W0,heldout_wgen,heldout_wgen:1083,69,2008-08-19,64,4.0,0.0,0.0327256917953491,45.0,40.0,mid,<=0.05,<=0.05,0,"[1, 1, 1, 1, 1, 1, 1, 1, 1, 1, 1, 1, 1, 1, 1, 1]","[39.999996185302734,64.0,19.424028396606445,1.3221930265426636,0.0,4.0,0.03272569179534912,90.0,5.8383564949035645,0.4493449926376343,0.43438398838043213,0.35638201236724854,0.2492240071296692,0.15216900408267975,0.100832998752594,0.0,28.56218910217285,9086.1015625,45.0,24.0,90.0,3.948148250579834]","{""cumsumfert"":39.999996185302734,""dap"":64.0,""dlayr"":5.0,""dtt"":19.424028396606445,""dul"":0.33000001311302185,""ep"":1.3221930265426636,""grnwt"":0.0,""istage"":4.0,""ll"":0.09000000357627869,""nstres"":0.03272569179534912,""rtdep"":90.0,""sat"":0.4599999785423279,""srad"":5.8383564949035645,""sw"":0.4493449926376343,""swfac"":0.0,""tmax"":28.56218910217285,""topwt"":9086.101684570312,""totir"":45.0,""vstage"":24.0,""wtdep"":90.0,""xlai"":3.948148250579834}"
P0455,H0,heldout_wgen,heldout_wgen:1083,66,2008-08-16,61,4.0,0.0,0.0,150.0,240.0,mid,<=0.05,<=0.05,2,"[1, 0, 0, 0, 0, 0, 0, 0, 0, 0, 0, 0, 0, 0, 0, 0]","[239.99998474121094,61.0,20.978456497192383,5.664569854736328,0.0,4.0,0.0,90.0,23.493192672729492,0.43259599804878235,0.441864013671875,0.45030099153518677,0.47897401452064514,0.2901209890842438,0.11056599766016006,0.0,34.62944030761719,9023.498046875,150.0,24.0,90.0,4.478531360626221]","{""cumsumfert"":239.99998474121094,""dap"":61.0,""dlayr"":5.0,""dtt"":20.978456497192383,""dul"":0.33000001311302185,""ep"":5.664569854736328,""grnwt"":0.0,""istage"":4.0,""ll"":0.09000000357627869,""nstres"":0.0,""rtdep"":90.0,""sat"":0.4599999785423279,""srad"":23.493192672729492,""sw"":0.43259599804878235,""swfac"":0.0,""tmax"":34.62944030761719,""topwt"":9023.497924804688,""totir"":150.0,""vstage"":24.0,""wtdep"":90.0,""xlai"":4.478531360626221}"
P0456,W1,observed_weather,observed_weather:2018,81,2018-09-01,76,5.0,0.0,0.0,45.0,120.0,late,<=0.05,<=0.05,1,"[1, 1, 1, 1, 1, 1, 1, 1, 1, 1, 1, 1, 1, 1, 1, 1]","[120.0,76.0,17.75,4.509898662567139,3502.1005859375,5.0,0.0,90.0,20.600000381469727,0.3824940025806427,0.2930710017681122,0.25505098700523376,0.16098099946975708,0.1322769969701767,0.08357100188732147,0.0,29.899999618530273,13718.470703125,45.0,24.0,90.0,3.5529468059539795]","{""cumsumfert"":120.0,""dap"":76.0,""dlayr"":5.0,""dtt"":17.75,""dul"":0.33000001311302185,""ep"":4.509898662567139,""grnwt"":3502.1005249023438,""istage"":5.0,""ll"":0.09000000357627869,""nstres"":0.0,""rtdep"":90.0,""sat"":0.4599999785423279,""srad"":20.600000381469727,""sw"":0.3824940025806427,""swfac"":0.0,""tmax"":29.899999618530273,""topwt"":13718.470458984375,""totir"":45.0,""vstage"":24.0,""wtdep"":90.0,""xlai"":3.5529468059539795}"
P0457,W0,heldout_wgen,heldout_wgen:1087,56,2008-08-06,51,3.0,0.0,0.081722617149353,45.0,40.0,mid,<=0.05,"(0.05,0.25]",0,"[1, 1, 1, 1, 1, 1, 1, 1, 1, 1, 1, 1, 1, 1, 1, 1]","[39.999996185302734,51.0,23.095306396484375,5.715518951416016,0.0,3.0,0.08172261714935303,90.0,23.210739135742188,0.44132599234580994,0.430186003446579,0.3400300145149231,0.26149600744247437,0.18925699591636658,0.11025899648666382,0.0,34.27580261230469,6725.17041015625,45.0,24.0,90.0,4.359103202819824]","{""cumsumfert"":39.999996185302734,""dap"":51.0,""dlayr"":5.0,""dtt"":23.095306396484375,""dul"":0.33000001311302185,""ep"":5.715518951416016,""grnwt"":0.0,""istage"":3.0,""ll"":0.09000000357627869,""nstres"":0.08172261714935303,""rtdep"":90.0,""sat"":0.4599999785423279,""srad"":23.210739135742188,""sw"":0.44132599234580994,""swfac"":0.0,""tmax"":34.27580261230469,""topwt"":6725.1702880859375,""totir"":45.0,""vstage"":24.0,""wtdep"":90.0,""xlai"":4.359103202819824}"
P0458,H1,observed_weather,observed_weather:2015,14,2015-06-26,9,1.0,0.0,0.0055167078971862,45.0,40.0,early,<=0.05,<=0.05,0,"[1, 1, 1, 1, 1, 1, 1, 1, 1, 1, 1, 1, 0, 0, 0, 0]","[39.999996185302734,9.0,17.596233367919922,0.027930133044719696,0.0,1.0,0.005516707897186279,22.839303970336914,20.700000762939453,0.28242799639701843,0.30634498596191406,0.23727500438690186,0.16072799265384674,0.15379400551319122,0.1482190042734146,0.0,31.299999237060547,26.400001525878906,45.0,3.0,90.0,0.011827254667878151]","{""cumsumfert"":39.999996185302734,""dap"":9.0,""dlayr"":5.0,""dtt"":17.596233367919922,""dul"":0.33000001311302185,""ep"":0.027930133044719696,""grnwt"":0.0,""istage"":1.0,""ll"":0.09000000357627869,""nstres"":0.005516707897186279,""rtdep"":22.839303970336914,""sat"":0.4599999785423279,""srad"":20.700000762939453,""sw"":0.28242799639701843,""swfac"":0.0,""tmax"":31.299999237060547,""topwt"":26.400001049041748,""totir"":45.0,""vstage"":3.0,""wtdep"":90.0,""xlai"":0.011827254667878151}"
P0459,W1,heldout_wgen,heldout_wgen:1089,97,2008-09-16,92,5.0,0.0,0.0,45.0,120.0,late,<=0.05,<=0.05,1,"[1, 0, 0, 0, 1, 0, 0, 0, 1, 0, 0, 0, 1, 0, 0, 0]","[120.0,92.0,9.915903091430664,2.882237434387207,6093.638671875,5.0,0.0,90.0,15.7229642868042,0.29515600204467773,0.29981398582458496,0.31326499581336975,0.291018009185791,0.21866799890995026,0.10010600090026855,0.0,25.21729278564453,16491.177734375,45.0,24.0,90.0,3.010274648666382]","{""cumsumfert"":120.0,""dap"":92.0,""dlayr"":5.0,""dtt"":9.915903091430664,""dul"":0.33000001311302185,""ep"":2.882237434387207,""grnwt"":6093.638916015625,""istage"":5.0,""ll"":0.09000000357627869,""nstres"":0.0,""rtdep"":90.0,""sat"":0.4599999785423279,""srad"":15.7229642868042,""sw"":0.29515600204467773,""swfac"":0.0,""tmax"":25.21729278564453,""topwt"":16491.177978515625,""totir"":45.0,""vstage"":24.0,""wtdep"":90.0,""xlai"":3.010274648666382}"
P0460,W2,observed_weather,observed_weather:2022,72,2022-08-23,67,5.0,0.0,0.0,75.0,160.0,mid,<=0.05,<=0.05,1,"[1, 1, 1, 0, 1, 1, 1, 0, 1, 1, 1, 0, 1, 1, 1, 0]","[160.0,67.0,16.850000381469727,5.880374431610107,1239.4267578125,5.0,0.0,90.0,26.5,0.4253000020980835,0.4104340076446533,0.387364000082016,0.3748669922351837,0.3574739992618561,0.12603799998760223,0.0,29.100000381469727,12008.5341796875,75.0,24.0,90.0,4.452309608459473]","{""cumsumfert"":160.0,""dap"":67.0,""dlayr"":5.0,""dtt"":16.850000381469727,""dul"":0.33000001311302185,""ep"":5.880374431610107,""grnwt"":1239.4268035888672,""istage"":5.0,""ll"":0.09000000357627869,""nstres"":0.0,""rtdep"":90.0,""sat"":0.4599999785423279,""srad"":26.5,""sw"":0.4253000020980835,""swfac"":0.0,""tmax"":29.100000381469727,""topwt"":12008.533935546875,""totir"":75.0,""vstage"":24.0,""wtdep"":90.0,""xlai"":4.452309608459473}"
P0461,H2,heldout_wgen,heldout_wgen:1091,42,2008-07-23,37,3.0,0.0,0.0,45.0,80.0,mid,<=0.05,<=0.05,0,"[1, 1, 1, 1, 1, 1, 1, 1, 1, 1, 1, 1, 1, 1, 1, 1]","[80.0,37.0,20.209423065185547,4.523883819580078,0.0,3.0,0.0,90.0,20.677913665771484,0.286545991897583,0.29199498891830444,0.3030470013618469,0.25600799918174744,0.169732004404068,0.13098900020122528,0.0,32.512210845947266,3086.963134765625,45.0,18.0,90.0,3.200483798980713]","{""cumsumfert"":80.0,""dap"":37.0,""dlayr"":5.0,""dtt"":20.209423065185547,""dul"":0.33000001311302185,""ep"":4.523883819580078,""grnwt"":0.0,""istage"":3.0,""ll"":0.09000000357627869,""nstres"":0.0,""rtdep"":90.0,""sat"":0.4599999785423279,""srad"":20.677913665771484,""sw"":0.286545991897583,""swfac"":0.0,""tmax"":32.512210845947266,""topwt"":3086.9631958007812,""totir"":45.0,""vstage"":18.0,""wtdep"":90.0,""xlai"":3.200483798980713}"
P0462,H0,heldout_wgen,heldout_wgen:1094,43,2008-07-24,38,3.0,0.0,0.0,105.0,240.0,mid,<=0.05,<=0.05,2,"[1, 0, 0, 0, 1, 0, 0, 0, 1, 0, 0, 0, 1, 0, 0, 0]","[239.99998474121094,38.0,16.82819366455078,1.3249529600143433,0.0,3.0,0.0,90.0,6.407074928283691,0.4472639858722687,0.450423002243042,0.397024005651474,0.22978299856185913,0.15853199362754822,0.12920300662517548,0.0,27.26727294921875,3247.38330078125,90.0,19.0,90.0,3.1590583324432373]","{""cumsumfert"":239.99998474121094,""dap"":38.0,""dlayr"":5.0,""dtt"":16.82819366455078,""dul"":0.33000001311302185,""ep"":1.3249529600143433,""grnwt"":0.0,""istage"":3.0,""ll"":0.09000000357627869,""nstres"":0.0,""rtdep"":90.0,""sat"":0.4599999785423279,""srad"":6.407074928283691,""sw"":0.4472639858722687,""swfac"":0.0,""tmax"":27.26727294921875,""topwt"":3247.3834228515625,""totir"":90.0,""vstage"":19.0,""wtdep"":90.0,""xlai"":3.1590583324432373}"
P0463,W0,heldout_wgen,heldout_wgen:1100,76,2008-08-26,71,5.0,0.0,0.0253362655639648,45.0,40.0,late,<=0.05,<=0.05,0,"[1, 1, 1, 1, 1, 1, 1, 1, 1, 1, 1, 1, 1, 1, 1, 1]","[39.999996185302734,71.0,18.142215728759766,3.868039131164551,1552.88427734375,5.0,0.025336265563964844,90.0,17.339677810668945,0.44115498661994934,0.37562400102615356,0.39958199858665466,0.3592259883880615,0.34622201323509216,0.17921899259090424,0.0,30.353893280029297,10518.359375,45.0,24.0,90.0,3.8863255977630615]","{""cumsumfert"":39.999996185302734,""dap"":71.0,""dlayr"":5.0,""dtt"":18.142215728759766,""dul"":0.33000001311302185,""ep"":3.868039131164551,""grnwt"":1552.8842163085938,""istage"":5.0,""ll"":0.09000000357627869,""nstres"":0.025336265563964844,""rtdep"":90.0,""sat"":0.4599999785423279,""srad"":17.339677810668945,""sw"":0.44115498661994934,""swfac"":0.0,""tmax"":30.353893280029297,""topwt"":10518.359375,""totir"":45.0,""vstage"":24.0,""wtdep"":90.0,""xlai"":3.8863255977630615}"
P0464,H2,observed_weather,observed_weather:2015,26,2015-07-08,21,2.0,0.0,0.0040174722671508,45.0,80.0,early,<=0.05,<=0.05,0,"[1, 1, 1, 1, 1, 1, 1, 1, 1, 1, 1, 1, 0, 0, 0, 0]","[80.0,21.0,20.14350128173828,1.544667363166809,0.0,2.0,0.004017472267150879,51.63375473022461,21.200000762939453,0.18561199307441711,0.22012299299240112,0.24611899256706238,0.18291300535202026,0.15844300389289856,0.14688199758529663,0.0,33.400001525878906,299.38214111328125,45.0,9.0,90.0,0.5581784248352051]","{""cumsumfert"":80.0,""dap"":21.0,""dlayr"":5.0,""dtt"":20.14350128173828,""dul"":0.33000001311302185,""ep"":1.544667363166809,""grnwt"":0.0,""istage"":2.0,""ll"":0.09000000357627869,""nstres"":0.004017472267150879,""rtdep"":51.63375473022461,""sat"":0.4599999785423279,""srad"":21.200000762939453,""sw"":0.18561199307441711,""swfac"":0.0,""tmax"":33.400001525878906,""topwt"":299.38215255737305,""totir"":45.0,""vstage"":9.0,""wtdep"":90.0,""xlai"":0.5581784248352051}"
P0465,H2,observed_weather,observed_weather:2022,49,2022-07-31,44,3.0,0.0,0.0,45.0,80.0,mid,<=0.05,<=0.05,0,"[1, 1, 1, 1, 1, 1, 1, 1, 1, 1, 1, 1, 1, 1, 1, 1]","[80.0,44.0,20.400001525878906,5.429532527923584,0.0,3.0,0.0,90.0,23.200000762939453,0.4119659960269928,0.353412002325058,0.31052300333976746,0.2725059986114502,0.17234399914741516,0.11317099630832672,0.0,33.70000076293945,5526.58935546875,45.0,21.0,90.0,4.228659629821777]","{""cumsumfert"":80.0,""dap"":44.0,""dlayr"":5.0,""dtt"":20.400001525878906,""dul"":0.33000001311302185,""ep"":5.429532527923584,""grnwt"":0.0,""istage"":3.0,""ll"":0.09000000357627869,""nstres"":0.0,""rtdep"":90.0,""sat"":0.4599999785423279,""srad"":23.200000762939453,""sw"":0.4119659960269928,""swfac"":0.0,""tmax"":33.70000076293945,""topwt"":5526.58935546875,""totir"":45.0,""vstage"":21.0,""wtdep"":90.0,""xlai"":4.228659629821777}"
P0466,W0,heldout_wgen,heldout_wgen:1099,55,2008-08-05,50,3.0,0.0,0.1019168496131897,45.0,40.0,mid,<=0.05,"(0.05,0.25]",0,"[1, 1, 1, 1, 1, 1, 1, 1, 1, 1, 1, 1, 1, 1, 1, 1]","[39.999996185302734,50.0,20.201738357543945,1.4895589351654053,0.0,3.0,0.1019168496131897,90.0,6.3592753410339355,0.38893699645996094,0.30146199464797974,0.28698301315307617,0.2432679980993271,0.16644300520420074,0.1041489988565445,0.0,31.213699340820312,6397.31640625,45.0,24.0,90.0,4.309787273406982]","{""cumsumfert"":39.999996185302734,""dap"":50.0,""dlayr"":5.0,""dtt"":20.201738357543945,""dul"":0.33000001311302185,""ep"":1.4895589351654053,""grnwt"":0.0,""istage"":3.0,""ll"":0.09000000357627869,""nstres"":0.1019168496131897,""rtdep"":90.0,""sat"":0.4599999785423279,""srad"":6.3592753410339355,""sw"":0.38893699645996094,""swfac"":0.0,""tmax"":31.213699340820312,""topwt"":6397.3162841796875,""totir"":45.0,""vstage"":24.0,""wtdep"":90.0,""xlai"":4.309787273406982}"
P0467,H2,observed_weather,observed_weather:2020,31,2020-07-12,26,3.0,0.0,0.0,45.0,80.0,early,<=0.05,<=0.05,0,"[1, 1, 1, 1, 1, 1, 1, 1, 1, 1, 1, 1, 0, 0, 0, 0]","[80.0,26.0,14.299999237060547,1.2659058570861816,0.0,3.0,0.0,70.28165435791016,9.800000190734863,0.4356299936771393,0.325747013092041,0.2701829969882965,0.215161994099617,0.16425900161266327,0.1464969962835312,0.0,25.600000381469727,851.563720703125,45.0,12.0,90.0,1.3069082498550415]","{""cumsumfert"":80.0,""dap"":26.0,""dlayr"":5.0,""dtt"":14.299999237060547,""dul"":0.33000001311302185,""ep"":1.2659058570861816,""grnwt"":0.0,""istage"":3.0,""ll"":0.09000000357627869,""nstres"":0.0,""rtdep"":70.28165435791016,""sat"":0.4599999785423279,""srad"":9.800000190734863,""sw"":0.4356299936771393,""swfac"":0.0,""tmax"":25.600000381469727,""topwt"":851.563720703125,""totir"":45.0,""vstage"":12.0,""wtdep"":90.0,""xlai"":1.3069082498550415}"
P0468,W1,observed_weather,observed_weather:2016,71,2016-08-21,66,5.0,0.0,0.0,45.0,120.0,mid,<=0.05,<=0.05,1,"[1, 1, 1, 1, 1, 1, 1, 1, 1, 1, 1, 1, 1, 1, 1, 1]","[120.0,66.0,17.200000762939453,4.97029972076416,870.7965698242188,5.0,0.0,90.0,22.200000762939453,0.2535249888896942,0.24605199694633484,0.14966200292110443,0.15614500641822815,0.1576700061559677,0.11022499948740005,0.0,30.799999237060547,10618.66796875,45.0,24.0,90.0,4.375892639160156]","{""cumsumfert"":120.0,""dap"":66.0,""dlayr"":5.0,""dtt"":17.200000762939453,""dul"":0.33000001311302185,""ep"":4.97029972076416,""grnwt"":870.7965850830078,""istage"":5.0,""ll"":0.09000000357627869,""nstres"":0.0,""rtdep"":90.0,""sat"":0.4599999785423279,""srad"":22.200000762939453,""sw"":0.2535249888896942,""swfac"":0.0,""tmax"":30.799999237060547,""topwt"":10618.668212890625,""totir"":45.0,""vstage"":24.0,""wtdep"":90.0,""xlai"":4.375892639160156}"
P0469,H2,heldout_wgen,heldout_wgen:1088,24,2008-07-05,19,2.0,0.0,0.0,45.0,80.0,early,<=0.05,<=0.05,0,"[1, 1, 1, 1, 1, 1, 1, 1, 1, 1, 1, 1, 0, 0, 0, 0]","[80.0,19.0,20.85448455810547,1.3359990119934082,0.0,2.0,0.0,54.35258865356445,16.79291343688965,0.24514299631118774,0.2834469974040985,0.29405999183654785,0.20017200708389282,0.15873000025749207,0.1471009999513626,0.0,33.826988220214844,326.7880859375,45.0,9.0,90.0,0.6000150442123413]","{""cumsumfert"":80.0,""dap"":19.0,""dlayr"":5.0,""dtt"":20.85448455810547,""dul"":0.33000001311302185,""ep"":1.3359990119934082,""grnwt"":0.0,""istage"":2.0,""ll"":0.09000000357627869,""nstres"":0.0,""rtdep"":54.35258865356445,""sat"":0.4599999785423279,""srad"":16.79291343688965,""sw"":0.24514299631118774,""swfac"":0.0,""tmax"":33.826988220214844,""topwt"":326.78810119628906,""totir"":45.0,""vstage"":9.0,""wtdep"":90.0,""xlai"":0.6000150442123413}"
P0470,W0,heldout_wgen,heldout_wgen:1091,97,2008-09-16,92,5.0,0.0,0.3814378380775451,45.0,40.0,late,<=0.05,"(0.25,0.50]",0,"[1, 0, 0, 0, 1, 0, 0, 0, 1, 0, 0, 0, 1, 0, 0, 0]","[39.999996185302734,92.0,11.965309143066406,3.0737690925598145,6412.52392578125,5.0,0.38143783807754517,90.0,17.507083892822266,0.14071600139141083,0.14689800143241882,0.14125199615955353,0.14700299501419067,0.14180399477481842,0.08668000251054764,0.0,26.918046951293945,16130.314453125,45.0,25.0,90.0,2.3019471168518066]","{""cumsumfert"":39.999996185302734,""dap"":92.0,""dlayr"":5.0,""dtt"":11.965309143066406,""dul"":0.33000001311302185,""ep"":3.0737690925598145,""grnwt"":6412.5238037109375,""istage"":5.0,""ll"":0.09000000357627869,""nstres"":0.38143783807754517,""rtdep"":90.0,""sat"":0.4599999785423279,""srad"":17.507083892822266,""sw"":0.14071600139141083,""swfac"":0.0,""tmax"":26.918046951293945,""topwt"":16130.31494140625,""totir"":45.0,""vstage"":25.0,""wtdep"":90.0,""xlai"":2.3019471168518066}"
P0471,H1,heldout_wgen,heldout_wgen:1091,7,2008-06-18,2,9.0,0.0,0.0,45.0,40.0,early,<=0.05,<=0.05,0,"[1, 0, 0, 0, 0, 0, 0, 0, 0, 0, 0, 0, 0, 0, 0, 0]","[39.999996185302734,2.0,22.705699920654297,0.0,0.0,9.0,0.0,8.405855178833008,13.040191650390625,0.31194400787353516,0.30457600951194763,0.21316799521446228,0.1529099941253662,0.15174399316310883,0.1491360068321228,0.0,36.16619110107422,0.0,45.0,0.0,90.0,0.0]","{""cumsumfert"":39.999996185302734,""dap"":2.0,""dlayr"":5.0,""dtt"":22.705699920654297,""dul"":0.33000001311302185,""ep"":0.0,""grnwt"":0.0,""istage"":9.0,""ll"":0.09000000357627869,""nstres"":0.0,""rtdep"":8.405855178833008,""sat"":0.4599999785423279,""srad"":13.040191650390625,""sw"":0.31194400787353516,""swfac"":0.0,""tmax"":36.16619110107422,""topwt"":0.0,""totir"":45.0,""vstage"":0.0,""wtdep"":90.0,""xlai"":0.0}"
P0472,W2,observed_weather,observed_weather:2019,87,2019-09-07,82,5.0,0.9704765006899834,0.0,75.0,160.0,late,>0.50,<=0.05,1,"[1, 1, 1, 0, 1, 1, 1, 0, 1, 1, 1, 0, 1, 1, 1, 0]","[160.0,82.0,16.599998474121094,0.11265944689512253,3117.039794921875,5.0,0.0,90.0,20.299999237060547,0.05962499976158142,0.09000000357627869,0.10999999940395355,0.11999999731779099,0.1200060024857521,0.0722379982471466,0.970476508140564,31.899999618530273,11472.244140625,75.0,23.0,90.0,2.1723039150238037]","{""cumsumfert"":160.0,""dap"":82.0,""dlayr"":5.0,""dtt"":16.599998474121094,""dul"":0.33000001311302185,""ep"":0.11265944689512253,""grnwt"":3117.039794921875,""istage"":5.0,""ll"":0.09000000357627869,""nstres"":0.0,""rtdep"":90.0,""sat"":0.4599999785423279,""srad"":20.299999237060547,""sw"":0.05962499976158142,""swfac"":0.9704765006899834,""tmax"":31.899999618530273,""topwt"":11472.24365234375,""totir"":75.0,""vstage"":23.0,""wtdep"":90.0,""xlai"":2.1723039150238037}"
P0473,W1,heldout_wgen,heldout_wgen:1095,32,2008-07-13,27,3.0,0.0,0.0,45.0,120.0,early,<=0.05,<=0.05,1,"[1, 1, 1, 1, 1, 1, 1, 1, 1, 1, 1, 1, 0, 0, 0, 0]","[120.0,27.0,21.455224990844727,2.226567029953003,0.0,3.0,0.0,80.9547119140625,15.234256744384766,0.35651901364326477,0.4346809983253479,0.4403170049190521,0.35475099086761475,0.29404300451278687,0.15332800149917603,0.0,35.029823303222656,839.9572143554688,45.0,13.0,90.0,1.2873328924179077]","{""cumsumfert"":120.0,""dap"":27.0,""dlayr"":5.0,""dtt"":21.455224990844727,""dul"":0.33000001311302185,""ep"":2.226567029953003,""grnwt"":0.0,""istage"":3.0,""ll"":0.09000000357627869,""nstres"":0.0,""rtdep"":80.9547119140625,""sat"":0.4599999785423279,""srad"":15.234256744384766,""sw"":0.35651901364326477,""swfac"":0.0,""tmax"":35.029823303222656,""topwt"":839.9571990966797,""totir"":45.0,""vstage"":13.0,""wtdep"":90.0,""xlai"":1.2873328924179077}"
P0474,H1,heldout_wgen,heldout_wgen:1087,75,2008-08-25,70,5.0,0.0,0.0586951375007629,45.0,40.0,mid,<=0.05,"(0.05,0.25]",0,"[1, 1, 1, 1, 1, 1, 1, 1, 1, 1, 1, 1, 1, 1, 1, 1]","[39.999996185302734,70.0,15.218074798583984,3.658517360687256,1874.60205078125,5.0,0.05869513750076294,90.0,17.233980178833008,0.44523099064826965,0.44498398900032043,0.29927799105644226,0.27169498801231384,0.23078300058841705,0.10197500139474869,0.0,28.467058181762695,11176.357421875,45.0,24.0,90.0,3.9095206260681152]","{""cumsumfert"":39.999996185302734,""dap"":70.0,""dlayr"":5.0,""dtt"":15.218074798583984,""dul"":0.33000001311302185,""ep"":3.658517360687256,""grnwt"":1874.60205078125,""istage"":5.0,""ll"":0.09000000357627869,""nstres"":0.05869513750076294,""rtdep"":90.0,""sat"":0.4599999785423279,""srad"":17.233980178833008,""sw"":0.44523099064826965,""swfac"":0.0,""tmax"":28.467058181762695,""topwt"":11176.357421875,""totir"":45.0,""vstage"":24.0,""wtdep"":90.0,""xlai"":3.9095206260681152}"
P0475,W0,heldout_wgen,heldout_wgen:1082,55,2008-08-05,50,3.0,0.0,0.0350376367568969,45.0,40.0,mid,<=0.05,<=0.05,0,"[1, 1, 1, 1, 1, 1, 1, 1, 1, 1, 1, 1, 1, 1, 1, 1]","[39.999996185302734,50.0,20.348567962646484,2.560492992401123,0.0,3.0,0.03503763675689697,90.0,11.508342742919922,0.3408209979534149,0.3287459909915924,0.14733600616455078,0.12346599996089935,0.1251700073480606,0.08081600069999695,0.0,32.48344039916992,5357.69970703125,45.0,24.0,90.0,3.205958843231201]","{""cumsumfert"":39.999996185302734,""dap"":50.0,""dlayr"":5.0,""dtt"":20.348567962646484,""dul"":0.33000001311302185,""ep"":2.560492992401123,""grnwt"":0.0,""istage"":3.0,""ll"":0.09000000357627869,""nstres"":0.03503763675689697,""rtdep"":90.0,""sat"":0.4599999785423279,""srad"":11.508342742919922,""sw"":0.3408209979534149,""swfac"":0.0,""tmax"":32.48344039916992,""topwt"":5357.6995849609375,""totir"":45.0,""vstage"":24.0,""wtdep"":90.0,""xlai"":3.205958843231201}"
P0476,W0,heldout_wgen,heldout_wgen:1097,19,2008-06-30,14,1.0,0.0,0.0,45.0,40.0,early,<=0.05,<=0.05,0,"[1, 1, 1, 1, 1, 1, 1, 1, 1, 1, 1, 1, 0, 0, 0, 0]","[39.999996185302734,14.0,19.356164932250977,0.856576681137085,0.0,1.0,0.0,35.55708694458008,27.86997413635254,0.3027380108833313,0.3569130003452301,0.3373259902000427,0.24269799888134003,0.15989099442958832,0.14768600463867188,0.0,31.340068817138672,110.30616760253906,45.0,7.0,90.0,0.221994087100029]","{""cumsumfert"":39.999996185302734,""dap"":14.0,""dlayr"":5.0,""dtt"":19.356164932250977,""dul"":0.33000001311302185,""ep"":0.856576681137085,""grnwt"":0.0,""istage"":1.0,""ll"":0.09000000357627869,""nstres"":0.0,""rtdep"":35.55708694458008,""sat"":0.4599999785423279,""srad"":27.86997413635254,""sw"":0.3027380108833313,""swfac"":0.0,""tmax"":31.340068817138672,""topwt"":110.30616760253906,""totir"":45.0,""vstage"":7.0,""wtdep"":90.0,""xlai"":0.221994087100029}"
P0477,W2,observed_weather,observed_weather:2019,53,2019-08-04,48,3.0,0.0,0.0,75.0,160.0,mid,<=0.05,<=0.05,1,"[1, 1, 1, 0, 1, 1, 1, 0, 1, 1, 1, 0, 1, 1, 1, 0]","[160.0,48.0,21.200000762939453,4.50727653503418,0.0,3.0,0.0,90.0,19.200000762939453,0.20754000544548035,0.17709800601005554,0.12349899858236313,0.12865599989891052,0.13364599645137787,0.0873349979519844,0.0,33.400001525878906,6571.078125,75.0,23.0,90.0,4.000485897064209]","{""cumsumfert"":160.0,""dap"":48.0,""dlayr"":5.0,""dtt"":21.200000762939453,""dul"":0.33000001311302185,""ep"":4.50727653503418,""grnwt"":0.0,""istage"":3.0,""ll"":0.09000000357627869,""nstres"":0.0,""rtdep"":90.0,""sat"":0.4599999785423279,""srad"":19.200000762939453,""sw"":0.20754000544548035,""swfac"":0.0,""tmax"":33.400001525878906,""topwt"":6571.077880859375,""totir"":75.0,""vstage"":23.0,""wtdep"":90.0,""xlai"":4.000485897064209}"
P0478,H1,observed_weather,observed_weather:2015,83,2015-09-03,78,5.0,0.0,0.1411397457122802,45.0,40.0,late,<=0.05,"(0.05,0.25]",0,"[1, 1, 1, 1, 1, 1, 1, 1, 1, 1, 1, 1, 1, 1, 1, 1]","[39.999996185302734,78.0,15.649999618530273,3.9357426166534424,2620.775390625,5.0,0.14113974571228027,90.0,19.200000762939453,0.20973500609397888,0.12198299914598465,0.12480200082063675,0.13418099284172058,0.13248500227928162,0.08251100033521652,0.0,31.0,12594.2373046875,45.0,24.0,90.0,3.0550012588500977]","{""cumsumfert"":39.999996185302734,""dap"":78.0,""dlayr"":5.0,""dtt"":15.649999618530273,""dul"":0.33000001311302185,""ep"":3.9357426166534424,""grnwt"":2620.7754516601562,""istage"":5.0,""ll"":0.09000000357627869,""nstres"":0.14113974571228027,""rtdep"":90.0,""sat"":0.4599999785423279,""srad"":19.200000762939453,""sw"":0.20973500609397888,""swfac"":0.0,""tmax"":31.0,""topwt"":12594.237060546875,""totir"":45.0,""vstage"":24.0,""wtdep"":90.0,""xlai"":3.0550012588500977}"
P0479,H0,heldout_wgen,heldout_wgen:1098,49,2008-07-30,44,3.0,0.0,0.0,105.0,240.0,mid,<=0.05,<=0.05,2,"[1, 0, 0, 0, 0, 0, 0, 0, 0, 0, 0, 0, 0, 0, 0, 0]","[239.99998474121094,44.0,18.444232940673828,2.2160468101501465,0.0,3.0,0.0,90.0,9.822336196899414,0.44624900817871094,0.41935598850250244,0.3231639862060547,0.27832698822021484,0.1715719997882843,0.12701299786567688,0.0,29.374897003173828,5238.4736328125,105.0,21.0,90.0,4.2181077003479]","{""cumsumfert"":239.99998474121094,""dap"":44.0,""dlayr"":5.0,""dtt"":18.444232940673828,""dul"":0.33000001311302185,""ep"":2.2160468101501465,""grnwt"":0.0,""istage"":3.0,""ll"":0.09000000357627869,""nstres"":0.0,""rtdep"":90.0,""sat"":0.4599999785423279,""srad"":9.822336196899414,""sw"":0.44624900817871094,""swfac"":0.0,""tmax"":29.374897003173828,""topwt"":5238.4735107421875,""totir"":105.0,""vstage"":21.0,""wtdep"":90.0,""xlai"":4.2181077003479}"
P0480,W0,heldout_wgen,heldout_wgen:1085,60,2008-08-10,55,4.0,0.0,0.0,45.0,40.0,mid,<=0.05,<=0.05,0,"[1, 1, 1, 1, 1, 1, 1, 1, 1, 1, 1, 1, 1, 1, 1, 1]","[39.999996185302734,55.0,20.799312591552734,4.600249767303467,0.0,4.0,0.0,90.0,19.859230041503906,0.3991590142250061,0.4272159934043884,0.4324980080127716,0.3552039861679077,0.32134100794792175,0.1389009952545166,0.0,33.43280029296875,6764.28125,45.0,23.0,90.0,3.635572910308838]","{""cumsumfert"":39.999996185302734,""dap"":55.0,""dlayr"":5.0,""dtt"":20.799312591552734,""dul"":0.33000001311302185,""ep"":4.600249767303467,""grnwt"":0.0,""istage"":4.0,""ll"":0.09000000357627869,""nstres"":0.0,""rtdep"":90.0,""sat"":0.4599999785423279,""srad"":19.859230041503906,""sw"":0.3991590142250061,""swfac"":0.0,""tmax"":33.43280029296875,""topwt"":6764.281005859375,""totir"":45.0,""vstage"":23.0,""wtdep"":90.0,""xlai"":3.635572910308838}"
P0481,H0,heldout_wgen,heldout_wgen:1097,49,2008-07-30,44,3.0,0.0,0.0,105.0,240.0,mid,<=0.05,<=0.05,2,"[1, 0, 0, 0, 0, 0, 0, 0, 0, 0, 0, 0, 0, 0, 0, 0]","[239.99998474121094,44.0,17.62429428100586,3.5496697425842285,0.0,3.0,0.0,90.0,16.43341827392578,0.37599000334739685,0.42664700746536255,0.4270020127296448,0.36304500699043274,0.3426330089569092,0.19823700189590454,0.0,30.98006820678711,4155.5546875,105.0,21.0,90.0,3.48663592338562]","{""cumsumfert"":239.99998474121094,""dap"":44.0,""dlayr"":5.0,""dtt"":17.62429428100586,""dul"":0.33000001311302185,""ep"":3.5496697425842285,""grnwt"":0.0,""istage"":3.0,""ll"":0.09000000357627869,""nstres"":0.0,""rtdep"":90.0,""sat"":0.4599999785423279,""srad"":16.43341827392578,""sw"":0.37599000334739685,""swfac"":0.0,""tmax"":30.98006820678711,""topwt"":4155.554504394531,""totir"":105.0,""vstage"":21.0,""wtdep"":90.0,""xlai"":3.48663592338562}"
P0482,H2,heldout_wgen,heldout_wgen:1097,43,2008-07-24,38,3.0,0.0,0.0,45.0,80.0,mid,<=0.05,<=0.05,0,"[1, 1, 1, 1, 1, 1, 1, 1, 1, 1, 1, 1, 1, 1, 1, 1]","[80.0,38.0,20.33114242553711,1.5152066946029663,0.0,3.0,0.0,90.0,7.098145484924316,0.43496400117874146,0.3322249948978424,0.37495699524879456,0.3509080111980438,0.32624900341033936,0.15826000273227692,0.0,33.43262481689453,2554.513916015625,45.0,18.0,90.0,2.731858015060425]","{""cumsumfert"":80.0,""dap"":38.0,""dlayr"":5.0,""dtt"":20.33114242553711,""dul"":0.33000001311302185,""ep"":1.5152066946029663,""grnwt"":0.0,""istage"":3.0,""ll"":0.09000000357627869,""nstres"":0.0,""rtdep"":90.0,""sat"":0.4599999785423279,""srad"":7.098145484924316,""sw"":0.43496400117874146,""swfac"":0.0,""tmax"":33.43262481689453,""topwt"":2554.5140075683594,""totir"":45.0,""vstage"":18.0,""wtdep"":90.0,""xlai"":2.731858015060425}"
P0483,W1,observed_weather,observed_weather:2020,76,2020-08-26,71,5.0,0.0,0.0,45.0,120.0,late,<=0.05,<=0.05,1,"[1, 1, 1, 1, 1, 1, 1, 1, 1, 1, 1, 1, 1, 1, 1, 1]","[120.0,71.0,17.049999237060547,2.064749002456665,1262.03369140625,5.0,0.0,90.0,9.300000190734863,0.4190239906311035,0.40741899609565735,0.33897799253463745,0.22666099667549133,0.14766399562358856,0.09436400234699249,0.0,27.899999618530273,11410.830078125,45.0,24.0,90.0,4.527493476867676]","{""cumsumfert"":120.0,""dap"":71.0,""dlayr"":5.0,""dtt"":17.049999237060547,""dul"":0.33000001311302185,""ep"":2.064749002456665,""grnwt"":1262.03369140625,""istage"":5.0,""ll"":0.09000000357627869,""nstres"":0.0,""rtdep"":90.0,""sat"":0.4599999785423279,""srad"":9.300000190734863,""sw"":0.4190239906311035,""swfac"":0.0,""tmax"":27.899999618530273,""topwt"":11410.830078125,""totir"":45.0,""vstage"":24.0,""wtdep"":90.0,""xlai"":4.527493476867676}"
P0484,W0,observed_weather,observed_weather:2014,35,2014-07-17,30,3.0,0.0,0.0,45.0,40.0,early,<=0.05,<=0.05,0,"[1, 1, 1, 1, 1, 1, 1, 1, 1, 1, 1, 1, 0, 0, 0, 0]","[39.999996185302734,30.0,20.8530216217041,4.672037124633789,0.0,3.0,0.0,90.0,24.799999237060547,0.22782300412654877,0.2164050042629242,0.2184540033340454,0.21561700105667114,0.1722790002822876,0.1423649936914444,0.0,34.5,1544.670166015625,45.0,14.0,90.0,2.0727837085723877]","{""cumsumfert"":39.999996185302734,""dap"":30.0,""dlayr"":5.0,""dtt"":20.8530216217041,""dul"":0.33000001311302185,""ep"":4.672037124633789,""grnwt"":0.0,""istage"":3.0,""ll"":0.09000000357627869,""nstres"":0.0,""rtdep"":90.0,""sat"":0.4599999785423279,""srad"":24.799999237060547,""sw"":0.22782300412654877,""swfac"":0.0,""tmax"":34.5,""topwt"":1544.6701049804688,""totir"":45.0,""vstage"":14.0,""wtdep"":90.0,""xlai"":2.0727837085723877}"
P0485,H0,heldout_wgen,heldout_wgen:1088,87,2008-09-06,82,5.0,0.0,0.0,195.0,240.0,late,<=0.05,<=0.05,2,"[1, 0, 0, 0, 0, 0, 0, 0, 0, 0, 0, 0, 0, 0, 0, 0]","[239.99998474121094,82.0,11.992919921875,3.138037919998169,3696.98193359375,5.0,0.0,90.0,16.56648826599121,0.425135999917984,0.4446440041065216,0.4742330014705658,0.46132999658584595,0.45674699544906616,0.4535369873046875,0.0,26.163253784179688,12271.720703125,195.0,23.0,79.2926025390625,2.9294111728668213]","{""cumsumfert"":239.99998474121094,""dap"":82.0,""dlayr"":5.0,""dtt"":11.992919921875,""dul"":0.33000001311302185,""ep"":3.138037919998169,""grnwt"":3696.9818115234375,""istage"":5.0,""ll"":0.09000000357627869,""nstres"":0.0,""rtdep"":90.0,""sat"":0.4599999785423279,""srad"":16.56648826599121,""sw"":0.425135999917984,""swfac"":0.0,""tmax"":26.163253784179688,""topwt"":12271.72119140625,""totir"":195.0,""vstage"":23.0,""wtdep"":79.2926025390625,""xlai"":2.9294111728668213}"
P0486,W1,heldout_wgen,heldout_wgen:1081,30,2008-07-11,25,3.0,0.0,0.0,45.0,120.0,early,<=0.05,<=0.05,1,"[1, 1, 1, 1, 1, 1, 1, 1, 1, 1, 1, 1, 0, 0, 0, 0]","[120.0,25.0,21.711278915405273,2.0752251148223877,0.0,3.0,0.0,71.1249771118164,13.80749225616455,0.12307099997997284,0.14903399348258972,0.17736299335956573,0.1642419993877411,0.15775899589061737,0.14643000066280365,0.0,34.482906341552734,924.580810546875,45.0,12.0,90.0,1.391682744026184]","{""cumsumfert"":120.0,""dap"":25.0,""dlayr"":5.0,""dtt"":21.711278915405273,""dul"":0.33000001311302185,""ep"":2.0752251148223877,""grnwt"":0.0,""istage"":3.0,""ll"":0.09000000357627869,""nstres"":0.0,""rtdep"":71.1249771118164,""sat"":0.4599999785423279,""srad"":13.80749225616455,""sw"":0.12307099997997284,""swfac"":0.0,""tmax"":34.482906341552734,""topwt"":924.5808410644531,""totir"":45.0,""vstage"":12.0,""wtdep"":90.0,""xlai"":1.391682744026184}"
P0487,W0,heldout_wgen,heldout_wgen:1085,9,2008-06-20,4,9.0,0.0,0.0,45.0,40.0,early,<=0.05,<=0.05,0,"[1, 0, 0, 0, 0, 0, 0, 0, 0, 0, 0, 0, 0, 0, 0, 0]","[39.999996185302734,4.0,18.895551681518555,0.0,0.0,9.0,0.0,13.441173553466797,18.655179977416992,0.2747730016708374,0.27922600507736206,0.2166150063276291,0.1543779969215393,0.15230800211429596,0.1488640010356903,0.0,33.103118896484375,0.0,45.0,0.0,90.0,0.0]","{""cumsumfert"":39.999996185302734,""dap"":4.0,""dlayr"":5.0,""dtt"":18.895551681518555,""dul"":0.33000001311302185,""ep"":0.0,""grnwt"":0.0,""istage"":9.0,""ll"":0.09000000357627869,""nstres"":0.0,""rtdep"":13.441173553466797,""sat"":0.4599999785423279,""srad"":18.655179977416992,""sw"":0.2747730016708374,""swfac"":0.0,""tmax"":33.103118896484375,""topwt"":0.0,""totir"":45.0,""vstage"":0.0,""wtdep"":90.0,""xlai"":0.0}"
P0488,H1,observed_weather,observed_weather:2018,65,2018-08-16,60,5.0,0.0,0.0874134302139282,45.0,40.0,mid,<=0.05,"(0.05,0.25]",0,"[1, 1, 1, 1, 1, 1, 1, 1, 1, 1, 1, 1, 1, 1, 1, 1]","[39.999996185302734,60.0,18.5,3.3333394527435303,533.8069458007812,5.0,0.08741343021392822,90.0,15.199999809265137,0.433786004781723,0.4026489853858948,0.14866000413894653,0.12797300517559052,0.13060900568962097,0.08020800352096558,0.0,30.0,9929.2783203125,45.0,24.0,90.0,3.4667890071868896]","{""cumsumfert"":39.999996185302734,""dap"":60.0,""dlayr"":5.0,""dtt"":18.5,""dul"":0.33000001311302185,""ep"":3.3333394527435303,""grnwt"":533.8069534301758,""istage"":5.0,""ll"":0.09000000357627869,""nstres"":0.08741343021392822,""rtdep"":90.0,""sat"":0.4599999785423279,""srad"":15.199999809265137,""sw"":0.433786004781723,""swfac"":0.0,""tmax"":30.0,""topwt"":9929.278564453125,""totir"":45.0,""vstage"":24.0,""wtdep"":90.0,""xlai"":3.4667890071868896}"
P0489,W2,observed_weather,observed_weather:2020,28,2020-07-09,23,2.0,0.0,0.0,75.0,200.0,early,<=0.05,<=0.05,2,"[1, 1, 0, 0, 0, 0, 0, 0, 0, 0, 0, 0, 0, 0, 0, 0]","[200.0,23.0,16.893306732177734,1.0235271453857422,0.0,2.0,0.0,63.230960845947266,9.399999618530273,0.41402098536491394,0.2991099953651428,0.3158949911594391,0.2924779951572418,0.18579299747943878,0.14735500514507294,0.0,29.200000762939453,542.8069458007812,75.0,10.0,90.0,0.9087787866592407]","{""cumsumfert"":200.0,""dap"":23.0,""dlayr"":5.0,""dtt"":16.893306732177734,""dul"":0.33000001311302185,""ep"":1.0235271453857422,""grnwt"":0.0,""istage"":2.0,""ll"":0.09000000357627869,""nstres"":0.0,""rtdep"":63.230960845947266,""sat"":0.4599999785423279,""srad"":9.399999618530273,""sw"":0.41402098536491394,""swfac"":0.0,""tmax"":29.200000762939453,""topwt"":542.8069686889648,""totir"":75.0,""vstage"":10.0,""wtdep"":90.0,""xlai"":0.9087787866592407}"
P0490,H0,observed_weather,observed_weather:2018,56,2018-08-07,51,4.0,0.0,0.0,120.0,240.0,mid,<=0.05,<=0.05,2,"[1, 0, 0, 0, 0, 0, 0, 0, 0, 0, 0, 0, 0, 0, 0, 0]","[239.99998474121094,51.0,23.187814712524414,5.050417900085449,0.0,4.0,0.0,90.0,19.299999237060547,0.27215999364852905,0.26884201169013977,0.26669299602508545,0.21855199337005615,0.18032699823379517,0.11421400308609009,0.0,35.79999923706055,9635.494140625,120.0,24.0,90.0,4.9496564865112305]","{""cumsumfert"":239.99998474121094,""dap"":51.0,""dlayr"":5.0,""dtt"":23.187814712524414,""dul"":0.33000001311302185,""ep"":5.050417900085449,""grnwt"":0.0,""istage"":4.0,""ll"":0.09000000357627869,""nstres"":0.0,""rtdep"":90.0,""sat"":0.4599999785423279,""srad"":19.299999237060547,""sw"":0.27215999364852905,""swfac"":0.0,""tmax"":35.79999923706055,""topwt"":9635.494384765625,""totir"":120.0,""vstage"":24.0,""wtdep"":90.0,""xlai"":4.9496564865112305}"
P0491,W1,heldout_wgen,heldout_wgen:1091,9,2008-06-20,4,9.0,0.0,0.0,45.0,120.0,early,<=0.05,<=0.05,1,"[1, 0, 0, 0, 0, 0, 0, 0, 0, 0, 0, 0, 0, 0, 0, 0]","[120.0,4.0,22.849884033203125,0.0,0.0,9.0,0.0,14.411307334899902,23.96927261352539,0.23275800049304962,0.40728700160980225,0.23763500154018402,0.1554349958896637,0.1523279994726181,0.1488640010356903,0.0,39.416473388671875,0.0,45.0,0.0,90.0,0.0]","{""cumsumfert"":120.0,""dap"":4.0,""dlayr"":5.0,""dtt"":22.849884033203125,""dul"":0.33000001311302185,""ep"":0.0,""grnwt"":0.0,""istage"":9.0,""ll"":0.09000000357627869,""nstres"":0.0,""rtdep"":14.411307334899902,""sat"":0.4599999785423279,""srad"":23.96927261352539,""sw"":0.23275800049304962,""swfac"":0.0,""tmax"":39.416473388671875,""topwt"":0.0,""totir"":45.0,""vstage"":0.0,""wtdep"":90.0,""xlai"":0.0}"
P0492,H2,heldout_wgen,heldout_wgen:1088,55,2008-08-05,50,3.0,0.0,0.0,45.0,80.0,mid,<=0.05,<=0.05,0,"[1, 1, 1, 1, 1, 1, 1, 1, 1, 1, 1, 1, 1, 1, 1, 1]","[80.0,50.0,19.68532371520996,4.470982551574707,0.0,3.0,0.0,90.0,19.181289672851562,0.3441280126571655,0.35697299242019653,0.3386560082435608,0.32928600907325745,0.2910909950733185,0.12178099900484085,0.0,31.529672622680664,7204.84912109375,45.0,23.0,90.0,4.451930522918701]","{""cumsumfert"":80.0,""dap"":50.0,""dlayr"":5.0,""dtt"":19.68532371520996,""dul"":0.33000001311302185,""ep"":4.470982551574707,""grnwt"":0.0,""istage"":3.0,""ll"":0.09000000357627869,""nstres"":0.0,""rtdep"":90.0,""sat"":0.4599999785423279,""srad"":19.181289672851562,""sw"":0.3441280126571655,""swfac"":0.0,""tmax"":31.529672622680664,""topwt"":7204.8492431640625,""totir"":45.0,""vstage"":23.0,""wtdep"":90.0,""xlai"":4.451930522918701}"
P0493,H0,heldout_wgen,heldout_wgen:1098,67,2008-08-17,62,4.0,0.0,0.0,150.0,240.0,mid,<=0.05,<=0.05,2,"[1, 0, 0, 0, 0, 0, 0, 0, 0, 0, 0, 0, 0, 0, 0, 0]","[239.99998474121094,62.0,16.6785945892334,3.014768123626709,0.0,4.0,0.0,90.0,13.591390609741211,0.44708898663520813,0.45022401213645935,0.48045700788497925,0.5259900093078613,0.40591898560523987,0.12581300735473633,0.0,28.12967300415039,9603.021484375,150.0,24.0,90.0,4.552691459655762]","{""cumsumfert"":239.99998474121094,""dap"":62.0,""dlayr"":5.0,""dtt"":16.6785945892334,""dul"":0.33000001311302185,""ep"":3.014768123626709,""grnwt"":0.0,""istage"":4.0,""ll"":0.09000000357627869,""nstres"":0.0,""rtdep"":90.0,""sat"":0.4599999785423279,""srad"":13.591390609741211,""sw"":0.44708898663520813,""swfac"":0.0,""tmax"":28.12967300415039,""topwt"":9603.021850585938,""totir"":150.0,""vstage"":24.0,""wtdep"":90.0,""xlai"":4.552691459655762}"
P0494,H0,observed_weather,observed_weather:2021,32,2021-07-14,27,3.0,0.0,0.0,75.0,160.0,early,<=0.05,<=0.05,1,"[1, 0, 0, 0, 0, 0, 0, 0, 0, 0, 0, 0, 0, 0, 0, 0]","[159.99998474121094,27.0,20.2180118560791,2.970001220703125,0.0,3.0,0.0,86.61842346191406,16.799999237060547,0.4176349937915802,0.4464319944381714,0.4639579951763153,0.27344000339508057,0.17256100475788116,0.14554700255393982,0.0,34.79999923706055,1279.681396484375,75.0,13.0,90.0,1.8034981489181519]","{""cumsumfert"":159.99998474121094,""dap"":27.0,""dlayr"":5.0,""dtt"":20.2180118560791,""dul"":0.33000001311302185,""ep"":2.970001220703125,""grnwt"":0.0,""istage"":3.0,""ll"":0.09000000357627869,""nstres"":0.0,""rtdep"":86.61842346191406,""sat"":0.4599999785423279,""srad"":16.799999237060547,""sw"":0.4176349937915802,""swfac"":0.0,""tmax"":34.79999923706055,""topwt"":1279.681396484375,""totir"":75.0,""vstage"":13.0,""wtdep"":90.0,""xlai"":1.8034981489181519}"
P0495,W2,heldout_wgen,heldout_wgen:1093,73,2008-08-23,68,5.0,0.0,0.0,75.0,200.0,mid,<=0.05,<=0.05,2,"[1, 1, 0, 0, 1, 1, 0, 0, 1, 1, 0, 0, 1, 1, 0, 0]","[200.0,68.0,12.456686019897461,3.0488977432250977,691.8052978515625,5.0,0.0,90.0,14.950499534606934,0.390608012676239,0.40587499737739563,0.34415799379348755,0.3230679929256439,0.2365269958972931,0.10729300230741501,0.0,23.235721588134766,11088.6328125,75.0,24.0,90.0,4.574959754943848]","{""cumsumfert"":200.0,""dap"":68.0,""dlayr"":5.0,""dtt"":12.456686019897461,""dul"":0.33000001311302185,""ep"":3.0488977432250977,""grnwt"":691.8052673339844,""istage"":5.0,""ll"":0.09000000357627869,""nstres"":0.0,""rtdep"":90.0,""sat"":0.4599999785423279,""srad"":14.950499534606934,""sw"":0.390608012676239,""swfac"":0.0,""tmax"":23.235721588134766,""topwt"":11088.6328125,""totir"":75.0,""vstage"":24.0,""wtdep"":90.0,""xlai"":4.574959754943848}"
P0496,W1,heldout_wgen,heldout_wgen:1096,18,2008-06-29,13,1.0,0.0,0.0,45.0,120.0,early,<=0.05,<=0.05,1,"[1, 1, 1, 1, 1, 1, 1, 1, 1, 1, 1, 1, 0, 0, 0, 0]","[120.0,13.0,22.604263305664062,0.8322855830192566,0.0,1.0,0.0,32.22715759277344,28.824913024902344,0.19868500530719757,0.22092899680137634,0.22785699367523193,0.16541199386119843,0.15505099296569824,0.14773599803447723,0.0,38.85862350463867,84.47065734863281,45.0,6.0,90.0,0.1737220585346222]","{""cumsumfert"":120.0,""dap"":13.0,""dlayr"":5.0,""dtt"":22.604263305664062,""dul"":0.33000001311302185,""ep"":0.8322855830192566,""grnwt"":0.0,""istage"":1.0,""ll"":0.09000000357627869,""nstres"":0.0,""rtdep"":32.22715759277344,""sat"":0.4599999785423279,""srad"":28.824913024902344,""sw"":0.19868500530719757,""swfac"":0.0,""tmax"":38.85862350463867,""topwt"":84.47065353393555,""totir"":45.0,""vstage"":6.0,""wtdep"":90.0,""xlai"":0.1737220585346222}"
P0497,W2,heldout_wgen,heldout_wgen:1085,28,2008-07-09,23,2.0,0.0,0.0,75.0,200.0,early,<=0.05,<=0.05,2,"[1, 1, 0, 0, 0, 0, 0, 0, 0, 0, 0, 0, 0, 0, 0, 0]","[200.0,23.0,16.704946517944336,1.4394117593765259,0.0,2.0,0.0,64.89158630371094,15.143280982971191,0.38751500844955444,0.4488460123538971,0.36322900652885437,0.2906169891357422,0.18771499395370483,0.1474580019712448,0.0,29.02819061279297,447.78228759765625,75.0,10.0,90.0,0.7763252854347229]","{""cumsumfert"":200.0,""dap"":23.0,""dlayr"":5.0,""dtt"":16.704946517944336,""dul"":0.33000001311302185,""ep"":1.4394117593765259,""grnwt"":0.0,""istage"":2.0,""ll"":0.09000000357627869,""nstres"":0.0,""rtdep"":64.89158630371094,""sat"":0.4599999785423279,""srad"":15.143280982971191,""sw"":0.38751500844955444,""swfac"":0.0,""tmax"":29.02819061279297,""topwt"":447.78228759765625,""totir"":75.0,""vstage"":10.0,""wtdep"":90.0,""xlai"":0.7763252854347229}"
P0498,W1,heldout_wgen,heldout_wgen:1099,19,2008-06-30,14,1.0,0.0,0.0,45.0,120.0,early,<=0.05,<=0.05,1,"[1, 1, 1, 1, 1, 1, 1, 1, 1, 1, 1, 1, 0, 0, 0, 0]","[120.0,14.0,23.053077697753906,0.6257386207580566,0.0,1.0,0.0,36.3232307434082,20.355859756469727,0.2507619857788086,0.30854201316833496,0.30249300599098206,0.18641099333763123,0.15611200034618378,0.1476300060749054,0.0,34.98023986816406,105.77912139892578,45.0,7.0,90.0,0.22827355563640594]","{""cumsumfert"":120.0,""dap"":14.0,""dlayr"":5.0,""dtt"":23.053077697753906,""dul"":0.33000001311302185,""ep"":0.6257386207580566,""grnwt"":0.0,""istage"":1.0,""ll"":0.09000000357627869,""nstres"":0.0,""rtdep"":36.3232307434082,""sat"":0.4599999785423279,""srad"":20.355859756469727,""sw"":0.2507619857788086,""swfac"":0.0,""tmax"":34.98023986816406,""topwt"":105.77912330627441,""totir"":45.0,""vstage"":7.0,""wtdep"":90.0,""xlai"":0.22827355563640594}"
P0499,H2,observed_weather,observed_weather:2020,33,2020-07-14,28,3.0,0.0,0.0,45.0,80.0,early,<=0.05,<=0.05,0,"[1, 1, 1, 1, 1, 1, 1, 1, 1, 1, 1, 1, 0, 0, 0, 0]","[80.0,28.0,16.950000762939453,3.3785483837127686,0.0,3.0,0.0,76.72110748291016,21.5,0.2977060079574585,0.2974349856376648,0.27224498987197876,0.21175499260425568,0.16500499844551086,0.14604100584983826,0.0,31.0,1121.3033447265625,45.0,13.0,90.0,1.6312165260314941]","{""cumsumfert"":80.0,""dap"":28.0,""dlayr"":5.0,""dtt"":16.950000762939453,""dul"":0.33000001311302185,""ep"":3.3785483837127686,""grnwt"":0.0,""istage"":3.0,""ll"":0.09000000357627869,""nstres"":0.0,""rtdep"":76.72110748291016,""sat"":0.4599999785423279,""srad"":21.5,""sw"":0.2977060079574585,""swfac"":0.0,""tmax"":31.0,""topwt"":1121.3033294677734,""totir"":45.0,""vstage"":13.0,""wtdep"":90.0,""xlai"":1.6312165260314941}"
P0500,H0,observed_weather,observed_weather:2023,22,2023-07-04,17,2.0,0.0,0.0,75.0,120.0,early,<=0.05,<=0.05,1,"[1, 0, 0, 0, 0, 0, 0, 0, 0, 0, 0, 0, 0, 0, 0, 0]","[119.99998474121094,17.0,19.540613174438477,1.2335450649261475,0.0,2.0,0.0,48.35940933227539,17.700000762939453,0.36285099387168884,0.4481639862060547,0.27367499470710754,0.17328399419784546,0.1564510017633438,0.14728300273418427,0.0,29.0,273.0968017578125,75.0,8.0,90.0,0.5176066756248474]","{""cumsumfert"":119.99998474121094,""dap"":17.0,""dlayr"":5.0,""dtt"":19.540613174438477,""dul"":0.33000001311302185,""ep"":1.2335450649261475,""grnwt"":0.0,""istage"":2.0,""ll"":0.09000000357627869,""nstres"":0.0,""rtdep"":48.35940933227539,""sat"":0.4599999785423279,""srad"":17.700000762939453,""sw"":0.36285099387168884,""swfac"":0.0,""tmax"":29.0,""topwt"":273.0967903137207,""totir"":75.0,""vstage"":8.0,""wtdep"":90.0,""xlai"":0.5176066756248474}"
P0501,W0,observed_weather,observed_weather:2021,77,2021-08-28,72,5.0,0.0,0.117253303527832,45.0,40.0,late,<=0.05,"(0.05,0.25]",0,"[1, 1, 1, 1, 1, 1, 1, 1, 1, 1, 1, 1, 1, 1, 1, 1]","[39.999996185302734,72.0,13.950000762939453,3.7277400493621826,1608.71923828125,5.0,0.11725330352783203,90.0,18.5,0.27956700325012207,0.2795470058917999,0.28676700592041016,0.2365580052137375,0.19982999563217163,0.09884300082921982,0.0,28.899999618530273,12153.63671875,45.0,25.0,90.0,3.309852361679077]","{""cumsumfert"":39.999996185302734,""dap"":72.0,""dlayr"":5.0,""dtt"":13.950000762939453,""dul"":0.33000001311302185,""ep"":3.7277400493621826,""grnwt"":1608.7191772460938,""istage"":5.0,""ll"":0.09000000357627869,""nstres"":0.11725330352783203,""rtdep"":90.0,""sat"":0.4599999785423279,""srad"":18.5,""sw"":0.27956700325012207,""swfac"":0.0,""tmax"":28.899999618530273,""topwt"":12153.636474609375,""totir"":45.0,""vstage"":25.0,""wtdep"":90.0,""xlai"":3.309852361679077}"
P0502,H0,observed_weather,observed_weather:2016,46,2016-07-27,41,3.0,0.0,0.0,105.0,240.0,mid,<=0.05,<=0.05,2,"[1, 0, 0, 0, 0, 0, 0, 0, 0, 0, 0, 0, 0, 0, 0, 0]","[239.99998474121094,41.0,19.049999237060547,3.793787956237793,0.0,3.0,0.0,90.0,16.899999618530273,0.3868600130081177,0.4155089855194092,0.36163800954818726,0.3316429853439331,0.26257699728012085,0.15371599793434143,0.0,32.599998474121094,4395.92236328125,105.0,19.0,90.0,3.7393851280212402]","{""cumsumfert"":239.99998474121094,""dap"":41.0,""dlayr"":5.0,""dtt"":19.049999237060547,""dul"":0.33000001311302185,""ep"":3.793787956237793,""grnwt"":0.0,""istage"":3.0,""ll"":0.09000000357627869,""nstres"":0.0,""rtdep"":90.0,""sat"":0.4599999785423279,""srad"":16.899999618530273,""sw"":0.3868600130081177,""swfac"":0.0,""tmax"":32.599998474121094,""topwt"":4395.9222412109375,""totir"":105.0,""vstage"":19.0,""wtdep"":90.0,""xlai"":3.7393851280212402}"
P0503,H1,heldout_wgen,heldout_wgen:1093,46,2008-07-27,41,3.0,0.0,0.0,45.0,40.0,mid,<=0.05,<=0.05,0,"[1, 1, 1, 1, 1, 1, 1, 1, 1, 1, 1, 1, 1, 1, 1, 1]","[39.999996185302734,41.0,18.42876434326172,3.8901853561401367,0.0,3.0,0.0,90.0,17.623119354248047,0.42845699191093445,0.4119749963283539,0.27198100090026855,0.173458993434906,0.1605069935321808,0.12338899821043015,0.0,29.92379379272461,4103.0869140625,45.0,19.0,90.0,3.7427494525909424]","{""cumsumfert"":39.999996185302734,""dap"":41.0,""dlayr"":5.0,""dtt"":18.42876434326172,""dul"":0.33000001311302185,""ep"":3.8901853561401367,""grnwt"":0.0,""istage"":3.0,""ll"":0.09000000357627869,""nstres"":0.0,""rtdep"":90.0,""sat"":0.4599999785423279,""srad"":17.623119354248047,""sw"":0.42845699191093445,""swfac"":0.0,""tmax"":29.92379379272461,""topwt"":4103.086853027344,""totir"":45.0,""vstage"":19.0,""wtdep"":90.0,""xlai"":3.7427494525909424}"
P0504,H2,heldout_wgen,heldout_wgen:1084,54,2008-08-04,49,3.0,0.0,0.0,45.0,80.0,mid,<=0.05,<=0.05,0,"[1, 1, 1, 1, 1, 1, 1, 1, 1, 1, 1, 1, 1, 1, 1, 1]","[80.0,49.0,19.597328186035156,3.225170373916626,0.0,3.0,0.0,90.0,13.627366065979004,0.38307100534439087,0.36149701476097107,0.33316001296043396,0.2027209997177124,0.15463200211524963,0.11526300013065338,0.0,34.30681610107422,7000.0126953125,45.0,24.0,90.0,4.63881778717041]","{""cumsumfert"":80.0,""dap"":49.0,""dlayr"":5.0,""dtt"":19.597328186035156,""dul"":0.33000001311302185,""ep"":3.225170373916626,""grnwt"":0.0,""istage"":3.0,""ll"":0.09000000357627869,""nstres"":0.0,""rtdep"":90.0,""sat"":0.4599999785423279,""srad"":13.627366065979004,""sw"":0.38307100534439087,""swfac"":0.0,""tmax"":34.30681610107422,""topwt"":7000.0128173828125,""totir"":45.0,""vstage"":24.0,""wtdep"":90.0,""xlai"":4.63881778717041}"
P0505,W2,heldout_wgen,heldout_wgen:1081,40,2008-07-21,35,3.0,0.0,0.0,75.0,200.0,early,<=0.05,<=0.05,2,"[1, 1, 0, 0, 1, 1, 0, 0, 1, 1, 0, 0, 1, 1, 0, 0]","[200.0,35.0,19.84857177734375,3.626159429550171,0.0,3.0,0.0,90.0,16.591909408569336,0.08195000141859055,0.11035499721765518,0.13450799882411957,0.14882299304008484,0.15187500417232513,0.11479800194501877,0.0,30.96198272705078,3212.443603515625,75.0,18.0,90.0,3.3882369995117188]","{""cumsumfert"":200.0,""dap"":35.0,""dlayr"":5.0,""dtt"":19.84857177734375,""dul"":0.33000001311302185,""ep"":3.626159429550171,""grnwt"":0.0,""istage"":3.0,""ll"":0.09000000357627869,""nstres"":0.0,""rtdep"":90.0,""sat"":0.4599999785423279,""srad"":16.591909408569336,""sw"":0.08195000141859055,""swfac"":0.0,""tmax"":30.96198272705078,""topwt"":3212.4435424804688,""totir"":75.0,""vstage"":18.0,""wtdep"":90.0,""xlai"":3.3882369995117188}"
P0506,W2,heldout_wgen,heldout_wgen:1094,40,2008-07-21,35,3.0,0.0,0.0,75.0,200.0,early,<=0.05,<=0.05,2,"[1, 1, 0, 0, 1, 1, 0, 0, 1, 1, 0, 0, 1, 1, 0, 0]","[200.0,35.0,17.953372955322266,4.668152809143066,0.0,3.0,0.0,90.0,22.9591007232666,0.38389500975608826,0.37411201000213623,0.3120419979095459,0.18001499772071838,0.15877899527549744,0.13405999541282654,0.0,30.225330352783203,2626.954345703125,75.0,18.0,90.0,2.8178446292877197]","{""cumsumfert"":200.0,""dap"":35.0,""dlayr"":5.0,""dtt"":17.953372955322266,""dul"":0.33000001311302185,""ep"":4.668152809143066,""grnwt"":0.0,""istage"":3.0,""ll"":0.09000000357627869,""nstres"":0.0,""rtdep"":90.0,""sat"":0.4599999785423279,""srad"":22.9591007232666,""sw"":0.38389500975608826,""swfac"":0.0,""tmax"":30.225330352783203,""topwt"":2626.954345703125,""totir"":75.0,""vstage"":18.0,""wtdep"":90.0,""xlai"":2.8178446292877197}"
P0507,H0,observed_weather,observed_weather:2019,63,2019-08-14,58,4.0,0.0,0.0,135.0,240.0,mid,<=0.05,<=0.05,2,"[1, 0, 0, 0, 0, 0, 0, 0, 0, 0, 0, 0, 0, 0, 0, 0]","[239.99998474121094,58.0,17.399999618530273,5.242626190185547,0.0,4.0,0.0,90.0,23.100000381469727,0.39252999424934387,0.3754720091819763,0.2574079930782318,0.13737300038337708,0.1344889998435974,0.08793999999761581,0.0,31.399999618530273,9764.87890625,135.0,23.0,90.0,4.673729419708252]","{""cumsumfert"":239.99998474121094,""dap"":58.0,""dlayr"":5.0,""dtt"":17.399999618530273,""dul"":0.33000001311302185,""ep"":5.242626190185547,""grnwt"":0.0,""istage"":4.0,""ll"":0.09000000357627869,""nstres"":0.0,""rtdep"":90.0,""sat"":0.4599999785423279,""srad"":23.100000381469727,""sw"":0.39252999424934387,""swfac"":0.0,""tmax"":31.399999618530273,""topwt"":9764.879150390625,""totir"":135.0,""vstage"":23.0,""wtdep"":90.0,""xlai"":4.673729419708252}"
P0508,W2,heldout_wgen,heldout_wgen:1098,34,2008-07-15,29,3.0,0.0,0.0,75.0,200.0,early,<=0.05,<=0.05,2,"[1, 1, 0, 0, 0, 0, 0, 0, 0, 0, 0, 0, 0, 0, 0, 0]","[200.0,29.0,17.64444351196289,2.2990293502807617,0.0,3.0,0.0,86.13208770751953,13.320868492126465,0.4098230004310608,0.33084699511528015,0.3088090121746063,0.20818500220775604,0.16157500445842743,0.1452919989824295,0.0,27.367610931396484,1434.4349365234375,75.0,14.0,90.0,1.95132577419281]","{""cumsumfert"":200.0,""dap"":29.0,""dlayr"":5.0,""dtt"":17.64444351196289,""dul"":0.33000001311302185,""ep"":2.2990293502807617,""grnwt"":0.0,""istage"":3.0,""ll"":0.09000000357627869,""nstres"":0.0,""rtdep"":86.13208770751953,""sat"":0.4599999785423279,""srad"":13.320868492126465,""sw"":0.4098230004310608,""swfac"":0.0,""tmax"":27.367610931396484,""topwt"":1434.4349670410156,""totir"":75.0,""vstage"":14.0,""wtdep"":90.0,""xlai"":1.95132577419281}"
P0509,W0,heldout_wgen,heldout_wgen:1097,74,2008-08-24,69,5.0,0.0,0.0094279050827026,45.0,40.0,mid,<=0.05,<=0.05,0,"[1, 1, 1, 1, 1, 1, 1, 1, 1, 1, 1, 1, 1, 1, 1, 1]","[39.999996185302734,69.0,19.604890823364258,3.778066873550415,993.6920776367188,5.0,0.009427905082702637,90.0,16.40038299560547,0.38693299889564514,0.3933910131454468,0.40720200538635254,0.3460850119590759,0.2800320088863373,0.11341899633407593,0.0,32.962127685546875,10432.86328125,45.0,24.0,90.0,3.905694007873535]","{""cumsumfert"":39.999996185302734,""dap"":69.0,""dlayr"":5.0,""dtt"":19.604890823364258,""dul"":0.33000001311302185,""ep"":3.778066873550415,""grnwt"":993.6920928955078,""istage"":5.0,""ll"":0.09000000357627869,""nstres"":0.009427905082702637,""rtdep"":90.0,""sat"":0.4599999785423279,""srad"":16.40038299560547,""sw"":0.38693299889564514,""swfac"":0.0,""tmax"":32.962127685546875,""topwt"":10432.86376953125,""totir"":45.0,""vstage"":24.0,""wtdep"":90.0,""xlai"":3.905694007873535}"
P0510,H0,heldout_wgen,heldout_wgen:1092,101,2008-09-20,96,6.0,0.0,0.0,210.0,240.0,late,<=0.05,<=0.05,2,"[1, 0, 0, 0, 0, 0, 0, 0, 0, 0, 0, 0, 0, 0, 0, 0]","[239.99998474121094,96.0,14.098161697387695,2.021068811416626,7016.9169921875,6.0,0.0,90.0,12.501152038574219,0.3308719992637634,0.42123499512672424,0.4457260072231293,0.36668598651885986,0.3465310037136078,0.21197299659252167,0.0,30.184303283691406,15460.30859375,210.0,24.0,90.0,1.702954888343811]","{""cumsumfert"":239.99998474121094,""dap"":96.0,""dlayr"":5.0,""dtt"":14.098161697387695,""dul"":0.33000001311302185,""ep"":2.021068811416626,""grnwt"":7016.9171142578125,""istage"":6.0,""ll"":0.09000000357627869,""nstres"":0.0,""rtdep"":90.0,""sat"":0.4599999785423279,""srad"":12.501152038574219,""sw"":0.3308719992637634,""swfac"":0.0,""tmax"":30.184303283691406,""topwt"":15460.308837890625,""totir"":210.0,""vstage"":24.0,""wtdep"":90.0,""xlai"":1.702954888343811}"
P0511,H2,heldout_wgen,heldout_wgen:1085,78,2008-08-28,73,5.0,0.0,0.0,60.0,80.0,late,<=0.05,<=0.05,0,"[1, 1, 1, 1, 0, 0, 0, 0, 0, 0, 0, 0, 0, 0, 0, 0]","[80.0,73.0,19.137109756469727,2.975139617919922,2621.837158203125,5.0,0.0,90.0,13.561225891113281,0.4196709990501404,0.43862399458885193,0.4559110105037689,0.44699400663375854,0.3412710130214691,0.1490200012922287,0.0,33.34723663330078,10476.875,60.0,23.0,90.0,3.1032161712646484]","{""cumsumfert"":80.0,""dap"":73.0,""dlayr"":5.0,""dtt"":19.137109756469727,""dul"":0.33000001311302185,""ep"":2.975139617919922,""grnwt"":2621.837158203125,""istage"":5.0,""ll"":0.09000000357627869,""nstres"":0.0,""rtdep"":90.0,""sat"":0.4599999785423279,""srad"":13.561225891113281,""sw"":0.4196709990501404,""swfac"":0.0,""tmax"":33.34723663330078,""topwt"":10476.875,""totir"":60.0,""vstage"":23.0,""wtdep"":90.0,""xlai"":3.1032161712646484}"
P0512,H1,heldout_wgen,heldout_wgen:1092,75,2008-08-25,70,5.0,0.0,0.0,45.0,40.0,mid,<=0.05,<=0.05,0,"[1, 1, 1, 1, 1, 1, 1, 1, 1, 1, 1, 1, 1, 1, 1, 1]","[39.999996185302734,70.0,18.44528579711914,1.260404109954834,1039.55126953125,5.0,0.0,90.0,5.665924072265625,0.2498989999294281,0.22654199600219727,0.2437330037355423,0.22565099596977234,0.19079600274562836,0.10230699926614761,0.0,30.832536697387695,9993.9765625,45.0,24.0,90.0,3.7134361267089844]","{""cumsumfert"":39.999996185302734,""dap"":70.0,""dlayr"":5.0,""dtt"":18.44528579711914,""dul"":0.33000001311302185,""ep"":1.260404109954834,""grnwt"":1039.5513153076172,""istage"":5.0,""ll"":0.09000000357627869,""nstres"":0.0,""rtdep"":90.0,""sat"":0.4599999785423279,""srad"":5.665924072265625,""sw"":0.2498989999294281,""swfac"":0.0,""tmax"":30.832536697387695,""topwt"":9993.976440429688,""totir"":45.0,""vstage"":24.0,""wtdep"":90.0,""xlai"":3.7134361267089844}"
P0513,W0,heldout_wgen,heldout_wgen:1092,32,2008-07-13,27,3.0,0.0,0.0,45.0,40.0,early,<=0.05,<=0.05,0,"[1, 1, 1, 1, 1, 1, 1, 1, 1, 1, 1, 1, 0, 0, 0, 0]","[39.999996185302734,27.0,23.418323516845703,2.497502565383911,0.0,3.0,0.0,77.53892517089844,14.507868766784668,0.4091860055923462,0.4378019869327545,0.43970900774002075,0.2462179958820343,0.16441099345684052,0.14616599678993225,0.0,36.783084869384766,903.5101318359375,45.0,12.0,90.0,1.3680115938186646]","{""cumsumfert"":39.999996185302734,""dap"":27.0,""dlayr"":5.0,""dtt"":23.418323516845703,""dul"":0.33000001311302185,""ep"":2.497502565383911,""grnwt"":0.0,""istage"":3.0,""ll"":0.09000000357627869,""nstres"":0.0,""rtdep"":77.53892517089844,""sat"":0.4599999785423279,""srad"":14.507868766784668,""sw"":0.4091860055923462,""swfac"":0.0,""tmax"":36.783084869384766,""topwt"":903.5101318359375,""totir"":45.0,""vstage"":12.0,""wtdep"":90.0,""xlai"":1.3680115938186646}"
P0514,W0,observed_weather,observed_weather:2021,84,2021-09-04,79,5.0,0.0,0.1430245041847229,45.0,40.0,late,<=0.05,"(0.05,0.25]",0,"[1, 1, 1, 1, 1, 1, 1, 1, 1, 1, 1, 1, 1, 1, 1, 1]","[39.999996185302734,79.0,12.649999618530273,1.1127285957336426,3212.1875,5.0,0.1430245041847229,90.0,5.900000095367432,0.4491710066795349,0.4409930109977722,0.34735599160194397,0.27058398723602295,0.18782199919223785,0.09768400341272354,0.0,23.5,13286.662109375,45.0,25.0,90.0,2.955937385559082]","{""cumsumfert"":39.999996185302734,""dap"":79.0,""dlayr"":5.0,""dtt"":12.649999618530273,""dul"":0.33000001311302185,""ep"":1.1127285957336426,""grnwt"":3212.1875,""istage"":5.0,""ll"":0.09000000357627869,""nstres"":0.1430245041847229,""rtdep"":90.0,""sat"":0.4599999785423279,""srad"":5.900000095367432,""sw"":0.4491710066795349,""swfac"":0.0,""tmax"":23.5,""topwt"":13286.66259765625,""totir"":45.0,""vstage"":25.0,""wtdep"":90.0,""xlai"":2.955937385559082}"
P0515,H2,heldout_wgen,heldout_wgen:1081,103,2008-09-22,98,5.0,0.0,0.1257839202880859,90.0,80.0,late,<=0.05,"(0.05,0.25]",1,"[1, 0, 0, 0, 0, 0, 0, 0, 0, 0, 0, 0, 0, 0, 0, 0]","[80.0,98.0,10.665359497070312,3.793046712875366,6598.92041015625,5.0,0.12578392028808594,90.0,22.759992599487305,0.3851419985294342,0.43529999256134033,0.35715898871421814,0.33719998598098755,0.2924860119819641,0.09687300026416779,0.0,26.752201080322266,16576.076171875,90.0,25.0,90.0,2.019040107727051]","{""cumsumfert"":80.0,""dap"":98.0,""dlayr"":5.0,""dtt"":10.665359497070312,""dul"":0.33000001311302185,""ep"":3.793046712875366,""grnwt"":6598.9202880859375,""istage"":5.0,""ll"":0.09000000357627869,""nstres"":0.12578392028808594,""rtdep"":90.0,""sat"":0.4599999785423279,""srad"":22.759992599487305,""sw"":0.3851419985294342,""swfac"":0.0,""tmax"":26.752201080322266,""topwt"":16576.07666015625,""totir"":90.0,""vstage"":25.0,""wtdep"":90.0,""xlai"":2.019040107727051}"
P0516,W1,heldout_wgen,heldout_wgen:1093,44,2008-07-25,39,3.0,0.0,0.0,45.0,120.0,mid,<=0.05,<=0.05,1,"[1, 1, 1, 1, 1, 1, 1, 1, 1, 1, 1, 1, 1, 1, 1, 1]","[120.0,39.0,18.203969955444336,3.431217670440674,0.0,3.0,0.0,90.0,15.872127532958984,0.18299500644207,0.2028760015964508,0.20174700021743774,0.1761080026626587,0.16390199959278107,0.13278399407863617,0.0,30.640329360961914,3551.764892578125,45.0,18.0,90.0,3.4787697792053223]","{""cumsumfert"":120.0,""dap"":39.0,""dlayr"":5.0,""dtt"":18.203969955444336,""dul"":0.33000001311302185,""ep"":3.431217670440674,""grnwt"":0.0,""istage"":3.0,""ll"":0.09000000357627869,""nstres"":0.0,""rtdep"":90.0,""sat"":0.4599999785423279,""srad"":15.872127532958984,""sw"":0.18299500644207,""swfac"":0.0,""tmax"":30.640329360961914,""topwt"":3551.7648315429688,""totir"":45.0,""vstage"":18.0,""wtdep"":90.0,""xlai"":3.4787697792053223}"
P0517,W1,heldout_wgen,heldout_wgen:1100,35,2008-07-16,30,3.0,0.0,0.0,45.0,120.0,early,<=0.05,<=0.05,1,"[1, 1, 1, 1, 1, 1, 1, 1, 1, 1, 1, 1, 0, 0, 0, 0]","[120.0,30.0,21.040800094604492,3.5470130443573,0.0,3.0,0.0,90.0,18.883272171020508,0.3855080008506775,0.44290900230407715,0.4501509964466095,0.37077099084854126,0.19602300226688385,0.14400500059127808,0.0,32.35881423950195,1504.947998046875,45.0,14.0,90.0,2.0224504470825195]","{""cumsumfert"":120.0,""dap"":30.0,""dlayr"":5.0,""dtt"":21.040800094604492,""dul"":0.33000001311302185,""ep"":3.5470130443573,""grnwt"":0.0,""istage"":3.0,""ll"":0.09000000357627869,""nstres"":0.0,""rtdep"":90.0,""sat"":0.4599999785423279,""srad"":18.883272171020508,""sw"":0.3855080008506775,""swfac"":0.0,""tmax"":32.35881423950195,""topwt"":1504.9479675292969,""totir"":45.0,""vstage"":14.0,""wtdep"":90.0,""xlai"":2.0224504470825195}"
P0518,H0,heldout_wgen,heldout_wgen:1085,14,2008-06-25,9,1.0,0.0,0.0047887563705444,60.0,80.0,early,<=0.05,<=0.05,0,"[1, 1, 1, 1, 0, 0, 0, 0, 0, 0, 0, 0, 0, 0, 0, 0]","[39.999996185302734,9.0,16.730897903442383,0.016411226242780685,0.0,1.0,0.004788756370544434,23.788373947143555,10.647378921508789,0.39602500200271606,0.4358009994029999,0.3589189946651459,0.16056300699710846,0.15378500521183014,0.1482190042734146,0.0,27.567384719848633,26.400001525878906,60.0,3.0,90.0,0.012843199074268341]","{""cumsumfert"":39.999996185302734,""dap"":9.0,""dlayr"":5.0,""dtt"":16.730897903442383,""dul"":0.33000001311302185,""ep"":0.016411226242780685,""grnwt"":0.0,""istage"":1.0,""ll"":0.09000000357627869,""nstres"":0.004788756370544434,""rtdep"":23.788373947143555,""sat"":0.4599999785423279,""srad"":10.647378921508789,""sw"":0.39602500200271606,""swfac"":0.0,""tmax"":27.567384719848633,""topwt"":26.400001049041748,""totir"":60.0,""vstage"":3.0,""wtdep"":90.0,""xlai"":0.012843199074268341}"
P0519,H1,observed_weather,observed_weather:2023,32,2023-07-14,27,3.0,0.0,0.0,45.0,40.0,early,<=0.05,<=0.05,0,"[1, 1, 1, 1, 1, 1, 1, 1, 1, 1, 1, 1, 0, 0, 0, 0]","[39.999996185302734,27.0,22.127368927001953,5.323675155639648,0.0,3.0,0.0,87.4211654663086,25.100000381469727,0.3390519917011261,0.3075219988822937,0.18945500254631042,0.15960699319839478,0.1554809957742691,0.1432420015335083,0.0,36.0,1747.178466796875,45.0,14.0,90.0,2.300053358078003]","{""cumsumfert"":39.999996185302734,""dap"":27.0,""dlayr"":5.0,""dtt"":22.127368927001953,""dul"":0.33000001311302185,""ep"":5.323675155639648,""grnwt"":0.0,""istage"":3.0,""ll"":0.09000000357627869,""nstres"":0.0,""rtdep"":87.4211654663086,""sat"":0.4599999785423279,""srad"":25.100000381469727,""sw"":0.3390519917011261,""swfac"":0.0,""tmax"":36.0,""topwt"":1747.1784973144531,""totir"":45.0,""vstage"":14.0,""wtdep"":90.0,""xlai"":2.300053358078003}"
P0520,H1,observed_weather,observed_weather:2017,97,2017-09-17,92,5.0,0.0,0.477247416973114,45.0,40.0,late,<=0.05,"(0.25,0.50]",0,"[1, 0, 0, 0, 1, 0, 0, 0, 1, 0, 0, 0, 1, 0, 0, 0]","[39.999996185302734,92.0,13.5,3.1245217323303223,6884.771484375,5.0,0.477247416973114,90.0,17.299999237060547,0.11653699725866318,0.15486200153827667,0.1844249963760376,0.16111299395561218,0.15010200440883636,0.09013800323009491,0.0,29.799999237060547,16091.65234375,45.0,25.0,90.0,2.218998670578003]","{""cumsumfert"":39.999996185302734,""dap"":92.0,""dlayr"":5.0,""dtt"":13.5,""dul"":0.33000001311302185,""ep"":3.1245217323303223,""grnwt"":6884.771728515625,""istage"":5.0,""ll"":0.09000000357627869,""nstres"":0.477247416973114,""rtdep"":90.0,""sat"":0.4599999785423279,""srad"":17.299999237060547,""sw"":0.11653699725866318,""swfac"":0.0,""tmax"":29.799999237060547,""topwt"":16091.65283203125,""totir"":45.0,""vstage"":25.0,""wtdep"":90.0,""xlai"":2.218998670578003}"
P0521,W2,heldout_wgen,heldout_wgen:1097,65,2008-08-15,60,4.0,0.0,0.0,75.0,200.0,mid,<=0.05,<=0.05,2,"[1, 1, 0, 0, 1, 1, 0, 0, 1, 1, 0, 0, 1, 1, 0, 0]","[200.0,60.0,12.067092895507812,2.196826696395874,0.0,4.0,0.0,90.0,11.051247596740723,0.4293780028820038,0.3365890085697174,0.3250789940357208,0.3027290105819702,0.2713269889354706,0.21238499879837036,0.0,21.857595443725586,8848.255859375,75.0,24.0,90.0,4.127415180206299]","{""cumsumfert"":200.0,""dap"":60.0,""dlayr"":5.0,""dtt"":12.067092895507812,""dul"":0.33000001311302185,""ep"":2.196826696395874,""grnwt"":0.0,""istage"":4.0,""ll"":0.09000000357627869,""nstres"":0.0,""rtdep"":90.0,""sat"":0.4599999785423279,""srad"":11.051247596740723,""sw"":0.4293780028820038,""swfac"":0.0,""tmax"":21.857595443725586,""topwt"":8848.255615234375,""totir"":75.0,""vstage"":24.0,""wtdep"":90.0,""xlai"":4.127415180206299}"
P0522,W1,observed_weather,observed_weather:2014,11,2014-06-23,6,9.0,0.0,0.0,45.0,120.0,early,<=0.05,<=0.05,1,"[1, 0, 0, 0, 0, 0, 0, 0, 0, 0, 0, 0, 0, 0, 0, 0]","[120.0,6.0,18.655120849609375,0.0,0.0,9.0,0.0,16.645801544189453,26.700000762939453,0.3215560019016266,0.38155001401901245,0.34525400400161743,0.19628599286079407,0.15366700291633606,0.14860400557518005,0.0,31.5,0.0,45.0,0.0,90.0,0.0]","{""cumsumfert"":120.0,""dap"":6.0,""dlayr"":5.0,""dtt"":18.655120849609375,""dul"":0.33000001311302185,""ep"":0.0,""grnwt"":0.0,""istage"":9.0,""ll"":0.09000000357627869,""nstres"":0.0,""rtdep"":16.645801544189453,""sat"":0.4599999785423279,""srad"":26.700000762939453,""sw"":0.3215560019016266,""swfac"":0.0,""tmax"":31.5,""topwt"":0.0,""totir"":45.0,""vstage"":0.0,""wtdep"":90.0,""xlai"":0.0}"
P0523,W0,heldout_wgen,heldout_wgen:1089,3,2008-06-14,0,7.0,0.0,0.0,45.0,40.0,early,<=0.05,<=0.05,0,"[1, 0, 0, 0, 0, 0, 0, 0, 0, 0, 0, 0, 0, 0, 0, 0]","[39.999996185302734,0.0,0.0,0.0,0.0,7.0,0.0,0.0,16.159618377685547,0.29555100202560425,0.42361900210380554,0.16651099920272827,0.1502559930086136,0.15059100091457367,0.1497039943933487,0.0,33.28120422363281,0.0,45.0,0.0,90.0,0.0]","{""cumsumfert"":39.999996185302734,""dap"":0.0,""dlayr"":5.0,""dtt"":0.0,""dul"":0.33000001311302185,""ep"":0.0,""grnwt"":0.0,""istage"":7.0,""ll"":0.09000000357627869,""nstres"":0.0,""rtdep"":0.0,""sat"":0.4599999785423279,""srad"":16.159618377685547,""sw"":0.29555100202560425,""swfac"":0.0,""tmax"":33.28120422363281,""topwt"":0.0,""totir"":45.0,""vstage"":0.0,""wtdep"":90.0,""xlai"":0.0}"
P0524,H1,heldout_wgen,heldout_wgen:1092,53,2008-08-03,48,3.0,0.0,0.0,45.0,40.0,mid,<=0.05,<=0.05,0,"[1, 1, 1, 1, 1, 1, 1, 1, 1, 1, 1, 1, 1, 1, 1, 1]","[39.999996185302734,48.0,22.93151092529297,5.974970817565918,0.0,3.0,0.0,90.0,20.22930145263672,0.2850179970264435,0.29049599170684814,0.3069480061531067,0.2975110113620758,0.2536590099334717,0.1193149983882904,0.0,39.20122146606445,5185.40478515625,45.0,23.0,90.0,3.7988901138305664]","{""cumsumfert"":39.999996185302734,""dap"":48.0,""dlayr"":5.0,""dtt"":22.93151092529297,""dul"":0.33000001311302185,""ep"":5.974970817565918,""grnwt"":0.0,""istage"":3.0,""ll"":0.09000000357627869,""nstres"":0.0,""rtdep"":90.0,""sat"":0.4599999785423279,""srad"":20.22930145263672,""sw"":0.2850179970264435,""swfac"":0.0,""tmax"":39.20122146606445,""topwt"":5185.4046630859375,""totir"":45.0,""vstage"":23.0,""wtdep"":90.0,""xlai"":3.7988901138305664}"
P0525,H0,heldout_wgen,heldout_wgen:1081,87,2008-09-06,82,5.0,0.0,0.0,195.0,240.0,late,<=0.05,<=0.05,2,"[1, 0, 0, 0, 0, 0, 0, 0, 0, 0, 0, 0, 0, 0, 0, 0]","[239.99998474121094,82.0,19.06172752380371,4.0491943359375,3034.699951171875,5.0,0.0,90.0,17.437171936035156,0.43828898668289185,0.4449630081653595,0.4748159945011139,0.508508026599884,0.4579539895057678,0.18379899859428406,0.0,33.38497543334961,14145.802734375,195.0,25.0,90.0,4.213308334350586]","{""cumsumfert"":239.99998474121094,""dap"":82.0,""dlayr"":5.0,""dtt"":19.06172752380371,""dul"":0.33000001311302185,""ep"":4.0491943359375,""grnwt"":3034.7000122070312,""istage"":5.0,""ll"":0.09000000357627869,""nstres"":0.0,""rtdep"":90.0,""sat"":0.4599999785423279,""srad"":17.437171936035156,""sw"":0.43828898668289185,""swfac"":0.0,""tmax"":33.38497543334961,""topwt"":14145.80322265625,""totir"":195.0,""vstage"":25.0,""wtdep"":90.0,""xlai"":4.213308334350586}"
P0526,H2,heldout_wgen,heldout_wgen:1086,64,2008-08-14,59,4.0,0.0,0.0,45.0,80.0,mid,<=0.05,<=0.05,0,"[1, 1, 1, 1, 1, 1, 1, 1, 1, 1, 1, 1, 1, 1, 1, 1]","[80.0,59.0,20.997318267822266,2.9396259784698486,0.0,4.0,0.0,90.0,12.47227668762207,0.41089901328086853,0.32291001081466675,0.3116390109062195,0.2805579900741577,0.26078200340270996,0.13167500495910645,0.0,33.309112548828125,8755.642578125,45.0,24.0,90.0,3.9608476161956787]","{""cumsumfert"":80.0,""dap"":59.0,""dlayr"":5.0,""dtt"":20.997318267822266,""dul"":0.33000001311302185,""ep"":2.9396259784698486,""grnwt"":0.0,""istage"":4.0,""ll"":0.09000000357627869,""nstres"":0.0,""rtdep"":90.0,""sat"":0.4599999785423279,""srad"":12.47227668762207,""sw"":0.41089901328086853,""swfac"":0.0,""tmax"":33.309112548828125,""topwt"":8755.642700195312,""totir"":45.0,""vstage"":24.0,""wtdep"":90.0,""xlai"":3.9608476161956787}"
P0527,W2,heldout_wgen,heldout_wgen:1087,26,2008-07-07,21,2.0,0.0,0.0,75.0,200.0,early,<=0.05,<=0.05,2,"[1, 0, 0, 0, 0, 0, 0, 0, 0, 0, 0, 0, 0, 0, 0, 0]","[200.0,21.0,22.460525512695312,2.523611545562744,0.0,2.0,0.0,61.861083984375,24.087688446044922,0.2689099907875061,0.2789590060710907,0.30347898602485657,0.28752401471138,0.18458199501037598,0.14748500287532806,0.0,36.51441192626953,436.1087646484375,75.0,10.0,90.0,0.7603403329849243]","{""cumsumfert"":200.0,""dap"":21.0,""dlayr"":5.0,""dtt"":22.460525512695312,""dul"":0.33000001311302185,""ep"":2.523611545562744,""grnwt"":0.0,""istage"":2.0,""ll"":0.09000000357627869,""nstres"":0.0,""rtdep"":61.861083984375,""sat"":0.4599999785423279,""srad"":24.087688446044922,""sw"":0.2689099907875061,""swfac"":0.0,""tmax"":36.51441192626953,""topwt"":436.10877990722656,""totir"":75.0,""vstage"":10.0,""wtdep"":90.0,""xlai"":0.7603403329849243}"
P0528,W0,heldout_wgen,heldout_wgen:1092,45,2008-07-26,40,3.0,0.0,0.0,45.0,40.0,mid,<=0.05,<=0.05,0,"[1, 1, 1, 1, 1, 1, 1, 1, 1, 1, 1, 1, 1, 1, 1, 1]","[39.999996185302734,40.0,20.07699203491211,3.9499902725219727,0.0,3.0,0.0,90.0,18.27235221862793,0.3685219883918762,0.42799699306488037,0.4148609936237335,0.3456690013408661,0.23774300515651703,0.1376200020313263,0.0,33.617958068847656,3090.434326171875,45.0,19.0,90.0,2.981153726577759]","{""cumsumfert"":39.999996185302734,""dap"":40.0,""dlayr"":5.0,""dtt"":20.07699203491211,""dul"":0.33000001311302185,""ep"":3.9499902725219727,""grnwt"":0.0,""istage"":3.0,""ll"":0.09000000357627869,""nstres"":0.0,""rtdep"":90.0,""sat"":0.4599999785423279,""srad"":18.27235221862793,""sw"":0.3685219883918762,""swfac"":0.0,""tmax"":33.617958068847656,""topwt"":3090.4342651367188,""totir"":45.0,""vstage"":19.0,""wtdep"":90.0,""xlai"":2.981153726577759}"
P0529,W2,observed_weather,observed_weather:2017,34,2017-07-16,29,3.0,0.0,0.0,75.0,200.0,early,<=0.05,<=0.05,2,"[1, 1, 0, 0, 0, 0, 0, 0, 0, 0, 0, 0, 0, 0, 0, 0]","[200.0,29.0,19.200000762939453,2.2124428749084473,0.0,3.0,0.0,90.0,11.600000381469727,0.4348199963569641,0.4285910129547119,0.2575629949569702,0.2101760059595108,0.16683800518512726,0.14265300333499908,0.0,30.299999237060547,1716.985107421875,75.0,15.0,90.0,2.2484946250915527]","{""cumsumfert"":200.0,""dap"":29.0,""dlayr"":5.0,""dtt"":19.200000762939453,""dul"":0.33000001311302185,""ep"":2.2124428749084473,""grnwt"":0.0,""istage"":3.0,""ll"":0.09000000357627869,""nstres"":0.0,""rtdep"":90.0,""sat"":0.4599999785423279,""srad"":11.600000381469727,""sw"":0.4348199963569641,""swfac"":0.0,""tmax"":30.299999237060547,""topwt"":1716.9851684570312,""totir"":75.0,""vstage"":15.0,""wtdep"":90.0,""xlai"":2.2484946250915527}"
P0530,H2,heldout_wgen,heldout_wgen:1094,60,2008-08-10,55,3.0,0.0,0.0,45.0,80.0,mid,<=0.05,<=0.05,0,"[1, 1, 1, 1, 1, 1, 1, 1, 1, 1, 1, 1, 1, 1, 1, 1]","[80.0,55.0,19.205551147460938,4.372719764709473,0.0,3.0,0.0,90.0,18.726898193359375,0.37234899401664734,0.3038170039653778,0.3157149851322174,0.2956100106239319,0.18958400189876556,0.10637299716472626,0.0,33.04014587402344,7809.7060546875,45.0,24.0,90.0,4.538479804992676]","{""cumsumfert"":80.0,""dap"":55.0,""dlayr"":5.0,""dtt"":19.205551147460938,""dul"":0.33000001311302185,""ep"":4.372719764709473,""grnwt"":0.0,""istage"":3.0,""ll"":0.09000000357627869,""nstres"":0.0,""rtdep"":90.0,""sat"":0.4599999785423279,""srad"":18.726898193359375,""sw"":0.37234899401664734,""swfac"":0.0,""tmax"":33.04014587402344,""topwt"":7809.705810546875,""totir"":45.0,""vstage"":24.0,""wtdep"":90.0,""xlai"":4.538479804992676}"
P0531,W1,heldout_wgen,heldout_wgen:1091,45,2008-07-26,40,3.0,0.0,0.0,45.0,120.0,mid,<=0.05,<=0.05,1,"[1, 1, 1, 1, 1, 1, 1, 1, 1, 1, 1, 1, 1, 1, 1, 1]","[120.0,40.0,18.14402961730957,3.8324527740478516,0.0,3.0,0.0,90.0,17.39808464050293,0.26688599586486816,0.2688570022583008,0.27320000529289246,0.24100999534130096,0.16994300484657288,0.1267469972372055,0.0,31.730377197265625,4061.089111328125,45.0,19.0,90.0,3.696336269378662]","{""cumsumfert"":120.0,""dap"":40.0,""dlayr"":5.0,""dtt"":18.14402961730957,""dul"":0.33000001311302185,""ep"":3.8324527740478516,""grnwt"":0.0,""istage"":3.0,""ll"":0.09000000357627869,""nstres"":0.0,""rtdep"":90.0,""sat"":0.4599999785423279,""srad"":17.39808464050293,""sw"":0.26688599586486816,""swfac"":0.0,""tmax"":31.730377197265625,""topwt"":4061.0891723632812,""totir"":45.0,""vstage"":19.0,""wtdep"":90.0,""xlai"":3.696336269378662}"
P0532,W1,heldout_wgen,heldout_wgen:1097,83,2008-09-02,78,5.0,0.0,0.0,45.0,120.0,late,<=0.05,<=0.05,1,"[1, 1, 1, 1, 1, 1, 1, 1, 1, 1, 1, 1, 1, 1, 1, 1]","[120.0,78.0,11.323570251464844,2.4516234397888184,2950.2197265625,5.0,0.0,90.0,12.728034973144531,0.4380669891834259,0.4213240146636963,0.3424459993839264,0.32058900594711304,0.2710619866847992,0.13591399788856506,0.0,22.94102668762207,12608.794921875,45.0,24.0,90.0,3.563453435897827]","{""cumsumfert"":120.0,""dap"":78.0,""dlayr"":5.0,""dtt"":11.323570251464844,""dul"":0.33000001311302185,""ep"":2.4516234397888184,""grnwt"":2950.2197265625,""istage"":5.0,""ll"":0.09000000357627869,""nstres"":0.0,""rtdep"":90.0,""sat"":0.4599999785423279,""srad"":12.728034973144531,""sw"":0.4380669891834259,""swfac"":0.0,""tmax"":22.94102668762207,""topwt"":12608.795166015625,""totir"":45.0,""vstage"":24.0,""wtdep"":90.0,""xlai"":3.563453435897827}"
P0533,H2,heldout_wgen,heldout_wgen:1086,29,2008-07-10,24,3.0,0.0,0.0,45.0,80.0,early,<=0.05,<=0.05,0,"[1, 1, 1, 1, 1, 1, 1, 1, 1, 1, 1, 1, 0, 0, 0, 0]","[80.0,24.0,17.595054626464844,1.5420629978179932,0.0,3.0,0.0,69.8484878540039,12.149293899536133,0.4179359972476959,0.43091899156570435,0.3394010066986084,0.24572500586509705,0.17556999623775482,0.14718499779701233,0.0,30.428226470947266,705.2346801757812,45.0,11.0,90.0,1.1188157796859741]","{""cumsumfert"":80.0,""dap"":24.0,""dlayr"":5.0,""dtt"":17.595054626464844,""dul"":0.33000001311302185,""ep"":1.5420629978179932,""grnwt"":0.0,""istage"":3.0,""ll"":0.09000000357627869,""nstres"":0.0,""rtdep"":69.8484878540039,""sat"":0.4599999785423279,""srad"":12.149293899536133,""sw"":0.4179359972476959,""swfac"":0.0,""tmax"":30.428226470947266,""topwt"":705.2346801757812,""totir"":45.0,""vstage"":11.0,""wtdep"":90.0,""xlai"":1.1188157796859741}"
P0534,H1,heldout_wgen,heldout_wgen:1096,20,2008-07-01,15,1.0,0.0,0.0,45.0,40.0,early,<=0.05,<=0.05,0,"[1, 1, 1, 1, 1, 1, 1, 1, 1, 1, 1, 1, 0, 0, 0, 0]","[39.999996185302734,15.0,21.19384765625,0.7388306260108948,0.0,1.0,0.0,36.10541915893555,18.19417953491211,0.18152999877929688,0.20975099503993988,0.22363899648189545,0.16754400730133057,0.15570400655269623,0.1475059986114502,0.0,33.29051971435547,147.74305725097656,45.0,7.0,90.0,0.28770869970321655]","{""cumsumfert"":39.999996185302734,""dap"":15.0,""dlayr"":5.0,""dtt"":21.19384765625,""dul"":0.33000001311302185,""ep"":0.7388306260108948,""grnwt"":0.0,""istage"":1.0,""ll"":0.09000000357627869,""nstres"":0.0,""rtdep"":36.10541915893555,""sat"":0.4599999785423279,""srad"":18.19417953491211,""sw"":0.18152999877929688,""swfac"":0.0,""tmax"":33.29051971435547,""topwt"":147.74306297302246,""totir"":45.0,""vstage"":7.0,""wtdep"":90.0,""xlai"":0.28770869970321655}"
P0535,W0,observed_weather,observed_weather:2016,86,2016-09-05,81,5.0,0.6850771307945251,0.1233677268028259,45.0,40.0,late,>0.50,"(0.05,0.25]",0,"[1, 1, 1, 1, 1, 1, 1, 1, 1, 1, 1, 1, 1, 1, 1, 1]","[39.999996185302734,81.0,17.75,1.052139401435852,3333.01611328125,5.0,0.12336772680282593,90.0,16.0,0.05972899869084358,0.09293700009584427,0.11509200185537338,0.1265850067138672,0.12774799764156342,0.07759299874305725,0.6850771307945251,31.5,12460.9775390625,45.0,24.0,90.0,2.8969473838806152]","{""cumsumfert"":39.999996185302734,""dap"":81.0,""dlayr"":5.0,""dtt"":17.75,""dul"":0.33000001311302185,""ep"":1.052139401435852,""grnwt"":3333.0160522460938,""istage"":5.0,""ll"":0.09000000357627869,""nstres"":0.12336772680282593,""rtdep"":90.0,""sat"":0.4599999785423279,""srad"":16.0,""sw"":0.05972899869084358,""swfac"":0.6850771307945251,""tmax"":31.5,""topwt"":12460.977783203125,""totir"":45.0,""vstage"":24.0,""wtdep"":90.0,""xlai"":2.8969473838806152}"
P0536,W0,observed_weather,observed_weather:2016,33,2016-07-14,28,3.0,0.0,0.0,45.0,40.0,early,<=0.05,<=0.05,0,"[1, 1, 1, 1, 1, 1, 1, 1, 1, 1, 1, 1, 0, 0, 0, 0]","[39.999996185302734,28.0,18.200000762939453,1.1261444091796875,0.0,3.0,0.0,88.89961242675781,6.800000190734863,0.2011290043592453,0.2318740040063858,0.27260398864746094,0.2764100134372711,0.24192699790000916,0.15393200516700745,0.0,28.299999237060547,1215.99462890625,45.0,13.0,90.0,1.730296015739441]","{""cumsumfert"":39.999996185302734,""dap"":28.0,""dlayr"":5.0,""dtt"":18.200000762939453,""dul"":0.33000001311302185,""ep"":1.1261444091796875,""grnwt"":0.0,""istage"":3.0,""ll"":0.09000000357627869,""nstres"":0.0,""rtdep"":88.89961242675781,""sat"":0.4599999785423279,""srad"":6.800000190734863,""sw"":0.2011290043592453,""swfac"":0.0,""tmax"":28.299999237060547,""topwt"":1215.994644165039,""totir"":45.0,""vstage"":13.0,""wtdep"":90.0,""xlai"":1.730296015739441}"
P0537,W2,observed_weather,observed_weather:2014,26,2014-07-08,21,2.0,0.0,0.0,75.0,200.0,early,<=0.05,<=0.05,2,"[1, 0, 0, 0, 0, 0, 0, 0, 0, 0, 0, 0, 0, 0, 0, 0]","[200.0,21.0,22.399169921875,1.9188207387924194,0.0,2.0,0.0,57.0703010559082,21.399999618530273,0.26769399642944336,0.28339698910713196,0.310029000043869,0.29887300729751587,0.2011840045452118,0.14825500547885895,0.0,34.70000076293945,382.1396484375,75.0,9.0,90.0,0.6829729080200195]","{""cumsumfert"":200.0,""dap"":21.0,""dlayr"":5.0,""dtt"":22.399169921875,""dul"":0.33000001311302185,""ep"":1.9188207387924194,""grnwt"":0.0,""istage"":2.0,""ll"":0.09000000357627869,""nstres"":0.0,""rtdep"":57.0703010559082,""sat"":0.4599999785423279,""srad"":21.399999618530273,""sw"":0.26769399642944336,""swfac"":0.0,""tmax"":34.70000076293945,""topwt"":382.13966369628906,""totir"":75.0,""vstage"":9.0,""wtdep"":90.0,""xlai"":0.6829729080200195}"
P0538,W2,observed_weather,observed_weather:2017,29,2017-07-11,24,3.0,0.0,0.0,75.0,200.0,early,<=0.05,<=0.05,2,"[1, 1, 0, 0, 0, 0, 0, 0, 0, 0, 0, 0, 0, 0, 0, 0]","[200.0,24.0,22.854625701904297,4.357633590698242,0.0,3.0,0.0,73.69508361816406,26.100000381469727,0.2363719940185547,0.2586509883403778,0.2773509919643402,0.23229999840259552,0.16762800514698029,0.1464349925518036,0.0,37.79999923706055,848.4024658203125,75.0,12.0,90.0,1.3003195524215698]","{""cumsumfert"":200.0,""dap"":24.0,""dlayr"":5.0,""dtt"":22.854625701904297,""dul"":0.33000001311302185,""ep"":4.357633590698242,""grnwt"":0.0,""istage"":3.0,""ll"":0.09000000357627869,""nstres"":0.0,""rtdep"":73.69508361816406,""sat"":0.4599999785423279,""srad"":26.100000381469727,""sw"":0.2363719940185547,""swfac"":0.0,""tmax"":37.79999923706055,""topwt"":848.4024810791016,""totir"":75.0,""vstage"":12.0,""wtdep"":90.0,""xlai"":1.3003195524215698}"
P0539,H1,heldout_wgen,heldout_wgen:1096,97,2008-09-16,92,6.0,0.0,0.1603978276252746,45.0,40.0,late,<=0.05,"(0.05,0.25]",0,"[1, 0, 0, 0, 1, 0, 0, 0, 1, 0, 0, 0, 1, 0, 0, 0]","[39.999996185302734,92.0,14.753480911254883,2.714797019958496,4654.55322265625,6.0,0.16039782762527466,90.0,15.458984375,0.10641799867153168,0.15729500353336334,0.18299999833106995,0.16570499539375305,0.15088500082492828,0.08674100041389465,0.0,30.684120178222656,14235.53125,45.0,25.0,90.0,2.056318998336792]","{""cumsumfert"":39.999996185302734,""dap"":92.0,""dlayr"":5.0,""dtt"":14.753480911254883,""dul"":0.33000001311302185,""ep"":2.714797019958496,""grnwt"":4654.55322265625,""istage"":6.0,""ll"":0.09000000357627869,""nstres"":0.16039782762527466,""rtdep"":90.0,""sat"":0.4599999785423279,""srad"":15.458984375,""sw"":0.10641799867153168,""swfac"":0.0,""tmax"":30.684120178222656,""topwt"":14235.531005859375,""totir"":45.0,""vstage"":25.0,""wtdep"":90.0,""xlai"":2.056318998336792}"
P0540,H0,heldout_wgen,heldout_wgen:1096,5,2008-06-16,0,7.0,0.0,0.0,45.0,40.0,early,<=0.05,<=0.05,0,"[1, 0, 0, 0, 0, 0, 0, 0, 0, 0, 0, 0, 0, 0, 0, 0]","[39.999996185302734,0.0,0.0,0.0,0.0,7.0,0.0,0.0,9.334127426147461,0.3038190007209778,0.349031001329422,0.1894170045852661,0.15106500685214996,0.15116700530052185,0.1494159996509552,0.0,28.031583786010742,0.0,45.0,0.0,90.0,0.0]","{""cumsumfert"":39.999996185302734,""dap"":0.0,""dlayr"":5.0,""dtt"":0.0,""dul"":0.33000001311302185,""ep"":0.0,""grnwt"":0.0,""istage"":7.0,""ll"":0.09000000357627869,""nstres"":0.0,""rtdep"":0.0,""sat"":0.4599999785423279,""srad"":9.334127426147461,""sw"":0.3038190007209778,""swfac"":0.0,""tmax"":28.031583786010742,""topwt"":0.0,""totir"":45.0,""vstage"":0.0,""wtdep"":90.0,""xlai"":0.0}"
P0541,W2,heldout_wgen,heldout_wgen:1093,20,2008-07-01,15,1.0,0.0,0.0,75.0,200.0,early,<=0.05,<=0.05,2,"[1, 1, 1, 0, 0, 0, 0, 0, 0, 0, 0, 0, 0, 0, 0, 0]","[160.0,15.0,17.265499114990234,0.8121442794799805,0.0,1.0,0.0,36.201290130615234,25.646547317504883,0.3101550042629242,0.3309989869594574,0.3474609851837158,0.2722960114479065,0.16316300630569458,0.1475919932126999,0.0,28.12092399597168,113.005615234375,75.0,6.0,90.0,0.22687584161758423]","{""cumsumfert"":160.0,""dap"":15.0,""dlayr"":5.0,""dtt"":17.265499114990234,""dul"":0.33000001311302185,""ep"":0.8121442794799805,""grnwt"":0.0,""istage"":1.0,""ll"":0.09000000357627869,""nstres"":0.0,""rtdep"":36.201290130615234,""sat"":0.4599999785423279,""srad"":25.646547317504883,""sw"":0.3101550042629242,""swfac"":0.0,""tmax"":28.12092399597168,""topwt"":113.00561904907227,""totir"":75.0,""vstage"":6.0,""wtdep"":90.0,""xlai"":0.22687584161758423}"
P0542,H2,heldout_wgen,heldout_wgen:1081,54,2008-08-04,49,3.0,0.0,0.0,45.0,80.0,mid,<=0.05,<=0.05,0,"[1, 1, 1, 1, 1, 1, 1, 1, 1, 1, 1, 1, 1, 1, 1, 1]","[80.0,49.0,17.95339584350586,3.7214744091033936,0.0,3.0,0.0,90.0,16.905542373657227,0.34598100185394287,0.31022799015045166,0.3126809895038605,0.17274099588394165,0.1345990002155304,0.08649799972772598,0.0,30.659709930419922,5565.93359375,45.0,23.0,90.0,3.7395284175872803]","{""cumsumfert"":80.0,""dap"":49.0,""dlayr"":5.0,""dtt"":17.95339584350586,""dul"":0.33000001311302185,""ep"":3.7214744091033936,""grnwt"":0.0,""istage"":3.0,""ll"":0.09000000357627869,""nstres"":0.0,""rtdep"":90.0,""sat"":0.4599999785423279,""srad"":16.905542373657227,""sw"":0.34598100185394287,""swfac"":0.0,""tmax"":30.659709930419922,""topwt"":5565.933837890625,""totir"":45.0,""vstage"":23.0,""wtdep"":90.0,""xlai"":3.7395284175872803}"
P0543,H1,heldout_wgen,heldout_wgen:1096,28,2008-07-09,23,2.0,0.0,0.0,45.0,40.0,early,<=0.05,<=0.05,0,"[1, 1, 1, 1, 1, 1, 1, 1, 1, 1, 1, 1, 0, 0, 0, 0]","[39.999996185302734,23.0,20.42350196838379,2.3108716011047363,0.0,2.0,0.0,65.20394897460938,18.506275177001953,0.2957940101623535,0.28839099407196045,0.2784779965877533,0.1780019998550415,0.15826499462127686,0.1466660052537918,0.0,34.96278381347656,657.357666015625,45.0,11.0,90.0,1.0594013929367065]","{""cumsumfert"":39.999996185302734,""dap"":23.0,""dlayr"":5.0,""dtt"":20.42350196838379,""dul"":0.33000001311302185,""ep"":2.3108716011047363,""grnwt"":0.0,""istage"":2.0,""ll"":0.09000000357627869,""nstres"":0.0,""rtdep"":65.20394897460938,""sat"":0.4599999785423279,""srad"":18.506275177001953,""sw"":0.2957940101623535,""swfac"":0.0,""tmax"":34.96278381347656,""topwt"":657.3576354980469,""totir"":45.0,""vstage"":11.0,""wtdep"":90.0,""xlai"":1.0594013929367065}"
P0544,W0,observed_weather,observed_weather:2015,61,2015-08-12,56,3.0,0.0,0.1434126496315002,45.0,40.0,mid,<=0.05,"(0.05,0.25]",0,"[1, 1, 1, 1, 1, 1, 1, 1, 1, 1, 1, 1, 1, 1, 1, 1]","[39.999996185302734,56.0,18.950000762939453,5.286044597625732,0.0,3.0,0.14341264963150024,90.0,22.899999618530273,0.25177499651908875,0.25308799743652344,0.2746270000934601,0.16652800142765045,0.14437399804592133,0.09656299650669098,0.0,33.5,7958.27197265625,45.0,24.0,90.0,4.240211009979248]","{""cumsumfert"":39.999996185302734,""dap"":56.0,""dlayr"":5.0,""dtt"":18.950000762939453,""dul"":0.33000001311302185,""ep"":5.286044597625732,""grnwt"":0.0,""istage"":3.0,""ll"":0.09000000357627869,""nstres"":0.14341264963150024,""rtdep"":90.0,""sat"":0.4599999785423279,""srad"":22.899999618530273,""sw"":0.25177499651908875,""swfac"":0.0,""tmax"":33.5,""topwt"":7958.2720947265625,""totir"":45.0,""vstage"":24.0,""wtdep"":90.0,""xlai"":4.240211009979248}"
P0545,W2,observed_weather,observed_weather:2021,99,2021-09-19,94,5.0,0.0,0.0,75.0,200.0,late,<=0.05,<=0.05,2,"[1, 0, 0, 0, 1, 0, 0, 0, 1, 0, 0, 0, 1, 0, 0, 0]","[200.0,94.0,9.350000381469727,0.37726911902427673,7828.98828125,5.0,0.0,90.0,2.200000047683716,0.4394870102405548,0.4544239938259125,0.427717000246048,0.28428301215171814,0.18730300664901733,0.101842001080513,0.0,19.600000381469727,19248.634765625,75.0,25.0,90.0,2.651376962661743]","{""cumsumfert"":200.0,""dap"":94.0,""dlayr"":5.0,""dtt"":9.350000381469727,""dul"":0.33000001311302185,""ep"":0.37726911902427673,""grnwt"":7828.988037109375,""istage"":5.0,""ll"":0.09000000357627869,""nstres"":0.0,""rtdep"":90.0,""sat"":0.4599999785423279,""srad"":2.200000047683716,""sw"":0.4394870102405548,""swfac"":0.0,""tmax"":19.600000381469727,""topwt"":19248.63525390625,""totir"":75.0,""vstage"":25.0,""wtdep"":90.0,""xlai"":2.651376962661743}"
P0546,H1,heldout_wgen,heldout_wgen:1088,67,2008-08-17,62,5.0,0.0,0.00350022315979,45.0,40.0,mid,<=0.05,<=0.05,0,"[1, 1, 1, 1, 1, 1, 1, 1, 1, 1, 1, 1, 1, 1, 1, 1]","[39.999996185302734,62.0,23.02608299255371,4.813971519470215,193.4530029296875,5.0,0.003500223159790039,90.0,18.2071533203125,0.44118499755859375,0.4480609893798828,0.4782550036907196,0.5256779789924622,0.5158259868621826,0.2893739938735962,0.0,36.58905792236328,8868.767578125,45.0,23.0,90.0,3.965636730194092]","{""cumsumfert"":39.999996185302734,""dap"":62.0,""dlayr"":5.0,""dtt"":23.02608299255371,""dul"":0.33000001311302185,""ep"":4.813971519470215,""grnwt"":193.45300674438477,""istage"":5.0,""ll"":0.09000000357627869,""nstres"":0.003500223159790039,""rtdep"":90.0,""sat"":0.4599999785423279,""srad"":18.2071533203125,""sw"":0.44118499755859375,""swfac"":0.0,""tmax"":36.58905792236328,""topwt"":8868.76708984375,""totir"":45.0,""vstage"":23.0,""wtdep"":90.0,""xlai"":3.965636730194092}"
P0547,H0,heldout_wgen,heldout_wgen:1087,29,2008-07-10,24,3.0,0.0,0.0,75.0,160.0,early,<=0.05,<=0.05,1,"[1, 0, 0, 0, 0, 0, 0, 0, 0, 0, 0, 0, 0, 0, 0, 0]","[159.99998474121094,24.0,17.927669525146484,0.8192484378814697,0.0,3.0,0.0,72.3684310913086,6.586366176605225,0.44050800800323486,0.44903799891471863,0.3536030054092407,0.2537989914417267,0.17596599459648132,0.14706699550151825,0.0,29.39174461364746,662.4307861328125,75.0,11.0,90.0,1.0611217021942139]","{""cumsumfert"":159.99998474121094,""dap"":24.0,""dlayr"":5.0,""dtt"":17.927669525146484,""dul"":0.33000001311302185,""ep"":0.8192484378814697,""grnwt"":0.0,""istage"":3.0,""ll"":0.09000000357627869,""nstres"":0.0,""rtdep"":72.3684310913086,""sat"":0.4599999785423279,""srad"":6.586366176605225,""sw"":0.44050800800323486,""swfac"":0.0,""tmax"":29.39174461364746,""topwt"":662.4308013916016,""totir"":75.0,""vstage"":11.0,""wtdep"":90.0,""xlai"":1.0611217021942139}"
P0548,H1,heldout_wgen,heldout_wgen:1095,56,2008-08-06,51,3.0,0.0,0.1068847179412841,45.0,40.0,mid,<=0.05,"(0.05,0.25]",0,"[1, 1, 1, 1, 1, 1, 1, 1, 1, 1, 1, 1, 1, 1, 1, 1]","[39.999996185302734,51.0,19.131912231445312,2.6061301231384277,0.0,3.0,0.10688471794128418,90.0,11.334736824035645,0.45066800713539124,0.44991499185562134,0.4676640033721924,0.35296401381492615,0.24601499736309052,0.14318999648094177,0.0,31.01130485534668,6722.10693359375,45.0,24.0,90.0,4.213540554046631]","{""cumsumfert"":39.999996185302734,""dap"":51.0,""dlayr"":5.0,""dtt"":19.131912231445312,""dul"":0.33000001311302185,""ep"":2.6061301231384277,""grnwt"":0.0,""istage"":3.0,""ll"":0.09000000357627869,""nstres"":0.10688471794128418,""rtdep"":90.0,""sat"":0.4599999785423279,""srad"":11.334736824035645,""sw"":0.45066800713539124,""swfac"":0.0,""tmax"":31.01130485534668,""topwt"":6722.10693359375,""totir"":45.0,""vstage"":24.0,""wtdep"":90.0,""xlai"":4.213540554046631}"
P0549,H0,heldout_wgen,heldout_wgen:1087,33,2008-07-14,28,3.0,0.0,0.0,75.0,160.0,early,<=0.05,<=0.05,1,"[1, 0, 0, 0, 0, 0, 0, 0, 0, 0, 0, 0, 0, 0, 0, 0]","[159.99998474121094,28.0,21.510696411132812,3.230062484741211,0.0,3.0,0.0,86.41495513916016,19.15622901916504,0.3832220137119293,0.444472998380661,0.44273099303245544,0.31532299518585205,0.18391500413417816,0.14605699479579926,0.0,33.987327575683594,1112.411865234375,75.0,13.0,90.0,1.6099108457565308]","{""cumsumfert"":159.99998474121094,""dap"":28.0,""dlayr"":5.0,""dtt"":21.510696411132812,""dul"":0.33000001311302185,""ep"":3.230062484741211,""grnwt"":0.0,""istage"":3.0,""ll"":0.09000000357627869,""nstres"":0.0,""rtdep"":86.41495513916016,""sat"":0.4599999785423279,""srad"":19.15622901916504,""sw"":0.3832220137119293,""swfac"":0.0,""tmax"":33.987327575683594,""topwt"":1112.4118041992188,""totir"":75.0,""vstage"":13.0,""wtdep"":90.0,""xlai"":1.6099108457565308}"
P0550,W2,observed_weather,observed_weather:2020,78,2020-08-28,73,5.0,0.0,0.0,75.0,200.0,late,<=0.05,<=0.05,2,"[1, 1, 0, 0, 1, 1, 0, 0, 1, 1, 0, 0, 1, 1, 0, 0]","[200.0,73.0,17.950000762939453,5.092315196990967,1682.5302734375,5.0,0.0,90.0,22.299999237060547,0.389741986989975,0.38028401136398315,0.3332349956035614,0.30583998560905457,0.17586800456047058,0.0991860032081604,0.0,32.400001525878906,11837.560546875,75.0,24.0,90.0,4.487083435058594]","{""cumsumfert"":200.0,""dap"":73.0,""dlayr"":5.0,""dtt"":17.950000762939453,""dul"":0.33000001311302185,""ep"":5.092315196990967,""grnwt"":1682.5302124023438,""istage"":5.0,""ll"":0.09000000357627869,""nstres"":0.0,""rtdep"":90.0,""sat"":0.4599999785423279,""srad"":22.299999237060547,""sw"":0.389741986989975,""swfac"":0.0,""tmax"":32.400001525878906,""topwt"":11837.56103515625,""totir"":75.0,""vstage"":24.0,""wtdep"":90.0,""xlai"":4.487083435058594}"
P0551,H2,observed_weather,observed_weather:2015,3,2015-06-15,0,7.0,0.0,0.0,45.0,80.0,early,<=0.05,<=0.05,0,"[1, 0, 0, 0, 0, 0, 0, 0, 0, 0, 0, 0, 0, 0, 0, 0]","[80.0,0.0,0.0,0.0,0.0,7.0,0.0,0.0,14.600000381469727,0.30091699957847595,0.42361900210380554,0.16651099920272827,0.1502559930086136,0.15059100091457367,0.1497039943933487,0.0,32.599998474121094,0.0,45.0,0.0,90.0,0.0]","{""cumsumfert"":80.0,""dap"":0.0,""dlayr"":5.0,""dtt"":0.0,""dul"":0.33000001311302185,""ep"":0.0,""grnwt"":0.0,""istage"":7.0,""ll"":0.09000000357627869,""nstres"":0.0,""rtdep"":0.0,""sat"":0.4599999785423279,""srad"":14.600000381469727,""sw"":0.30091699957847595,""swfac"":0.0,""tmax"":32.599998474121094,""topwt"":0.0,""totir"":45.0,""vstage"":0.0,""wtdep"":90.0,""xlai"":0.0}"
P0552,H1,observed_weather,observed_weather:2015,38,2015-07-20,33,3.0,0.0,0.0,45.0,40.0,early,<=0.05,<=0.05,0,"[1, 1, 1, 1, 1, 1, 1, 1, 1, 1, 1, 1, 1, 1, 1, 1]","[39.999996185302734,33.0,18.850000381469727,3.581582546234131,0.0,3.0,0.0,90.0,18.700000762939453,0.22472000122070312,0.14584100246429443,0.1737390011548996,0.16402600705623627,0.15882499516010284,0.14257599413394928,0.0,32.400001525878906,1853.6431884765625,45.0,15.0,90.0,2.3520185947418213]","{""cumsumfert"":39.999996185302734,""dap"":33.0,""dlayr"":5.0,""dtt"":18.850000381469727,""dul"":0.33000001311302185,""ep"":3.581582546234131,""grnwt"":0.0,""istage"":3.0,""ll"":0.09000000357627869,""nstres"":0.0,""rtdep"":90.0,""sat"":0.4599999785423279,""srad"":18.700000762939453,""sw"":0.22472000122070312,""swfac"":0.0,""tmax"":32.400001525878906,""topwt"":1853.6431884765625,""totir"":45.0,""vstage"":15.0,""wtdep"":90.0,""xlai"":2.3520185947418213}"
P0553,H1,heldout_wgen,heldout_wgen:1083,64,2008-08-14,59,4.0,0.0,0.0905745029449462,45.0,40.0,mid,<=0.05,"(0.05,0.25]",0,"[1, 1, 1, 1, 1, 1, 1, 1, 1, 1, 1, 1, 1, 1, 1, 1]","[39.999996185302734,59.0,18.979419708251953,1.8092241287231445,0.0,4.0,0.09057450294494629,90.0,7.928894996643066,0.4425030052661896,0.4367370009422302,0.47215399146080017,0.19157099723815918,0.14920200407505035,0.10361500084400177,0.0,30.370559692382812,7982.5625,45.0,24.0,90.0,4.089071750640869]","{""cumsumfert"":39.999996185302734,""dap"":59.0,""dlayr"":5.0,""dtt"":18.979419708251953,""dul"":0.33000001311302185,""ep"":1.8092241287231445,""grnwt"":0.0,""istage"":4.0,""ll"":0.09000000357627869,""nstres"":0.09057450294494629,""rtdep"":90.0,""sat"":0.4599999785423279,""srad"":7.928894996643066,""sw"":0.4425030052661896,""swfac"":0.0,""tmax"":30.370559692382812,""topwt"":7982.562255859375,""totir"":45.0,""vstage"":24.0,""wtdep"":90.0,""xlai"":4.089071750640869}"
P0554,H0,heldout_wgen,heldout_wgen:1087,31,2008-07-12,26,3.0,0.0,0.0,75.0,160.0,early,<=0.05,<=0.05,1,"[1, 0, 0, 0, 0, 0, 0, 0, 0, 0, 0, 0, 0, 0, 0, 0]","[159.99998474121094,26.0,15.391592025756836,3.0271763801574707,0.0,3.0,0.0,78.31947326660156,22.10672378540039,0.35172799229621887,0.4320420026779175,0.41229501366615295,0.281480997800827,0.17857399582862854,0.14680799841880798,0.0,26.987579345703125,881.5015869140625,75.0,12.0,90.0,1.343182921409607]","{""cumsumfert"":159.99998474121094,""dap"":26.0,""dlayr"":5.0,""dtt"":15.391592025756836,""dul"":0.33000001311302185,""ep"":3.0271763801574707,""grnwt"":0.0,""istage"":3.0,""ll"":0.09000000357627869,""nstres"":0.0,""rtdep"":78.31947326660156,""sat"":0.4599999785423279,""srad"":22.10672378540039,""sw"":0.35172799229621887,""swfac"":0.0,""tmax"":26.987579345703125,""topwt"":881.5016174316406,""totir"":75.0,""vstage"":12.0,""wtdep"":90.0,""xlai"":1.343182921409607}"
P0555,W1,heldout_wgen,heldout_wgen:1092,98,2008-09-17,93,5.0,0.0,0.0,45.0,120.0,late,<=0.05,<=0.05,1,"[1, 0, 0, 0, 1, 0, 0, 0, 1, 0, 0, 0, 1, 0, 0, 0]","[120.0,93.0,17.767131805419922,1.795884609222412,6593.69091796875,5.0,0.0,90.0,9.292818069458008,0.3116160035133362,0.30473101139068604,0.29711800813674927,0.17064300179481506,0.1515049934387207,0.09955299645662308,0.0,31.059368133544922,15498.234375,45.0,24.0,90.0,2.1306381225585938]","{""cumsumfert"":120.0,""dap"":93.0,""dlayr"":5.0,""dtt"":17.767131805419922,""dul"":0.33000001311302185,""ep"":1.795884609222412,""grnwt"":6593.6907958984375,""istage"":5.0,""ll"":0.09000000357627869,""nstres"":0.0,""rtdep"":90.0,""sat"":0.4599999785423279,""srad"":9.292818069458008,""sw"":0.3116160035133362,""swfac"":0.0,""tmax"":31.059368133544922,""topwt"":15498.23486328125,""totir"":45.0,""vstage"":24.0,""wtdep"":90.0,""xlai"":2.1306381225585938}"
P0556,W2,heldout_wgen,heldout_wgen:1088,6,2008-06-17,1,8.0,0.0,0.0,45.0,120.0,early,<=0.05,<=0.05,1,"[1, 0, 0, 0, 0, 0, 0, 0, 0, 0, 0, 0, 0, 0, 0, 0]","[120.0,1.0,24.48175048828125,0.0,0.0,8.0,0.0,5.0,26.03277587890625,0.30943500995635986,0.31907299160957336,0.1992720067501068,0.1517229974269867,0.15145200490951538,0.149275004863739,0.0,39.98590087890625,0.0,45.0,0.0,90.0,0.0]","{""cumsumfert"":120.0,""dap"":1.0,""dlayr"":5.0,""dtt"":24.48175048828125,""dul"":0.33000001311302185,""ep"":0.0,""grnwt"":0.0,""istage"":8.0,""ll"":0.09000000357627869,""nstres"":0.0,""rtdep"":5.0,""sat"":0.4599999785423279,""srad"":26.03277587890625,""sw"":0.30943500995635986,""swfac"":0.0,""tmax"":39.98590087890625,""topwt"":0.0,""totir"":45.0,""vstage"":0.0,""wtdep"":90.0,""xlai"":0.0}"
P0557,W2,heldout_wgen,heldout_wgen:1091,92,2008-09-11,87,5.0,0.0,0.0,75.0,200.0,late,<=0.05,<=0.05,2,"[1, 1, 0, 0, 1, 1, 0, 0, 1, 1, 0, 0, 1, 1, 0, 0]","[200.0,87.0,4.816937446594238,2.6341567039489746,5905.77734375,5.0,0.0,90.0,15.54910945892334,0.32503101229667664,0.26430198550224304,0.1892230063676834,0.1571750044822693,0.151869997382164,0.09819400310516357,0.0,18.093379974365234,17179.416015625,75.0,25.0,90.0,3.7601983547210693]","{""cumsumfert"":200.0,""dap"":87.0,""dlayr"":5.0,""dtt"":4.816937446594238,""dul"":0.33000001311302185,""ep"":2.6341567039489746,""grnwt"":5905.777587890625,""istage"":5.0,""ll"":0.09000000357627869,""nstres"":0.0,""rtdep"":90.0,""sat"":0.4599999785423279,""srad"":15.54910945892334,""sw"":0.32503101229667664,""swfac"":0.0,""tmax"":18.093379974365234,""topwt"":17179.41650390625,""totir"":75.0,""vstage"":25.0,""wtdep"":90.0,""xlai"":3.7601983547210693}"
P0558,W1,heldout_wgen,heldout_wgen:1099,82,2008-09-01,77,5.0,0.0,0.0,45.0,120.0,late,<=0.05,<=0.05,1,"[1, 1, 1, 1, 1, 1, 1, 1, 1, 1, 1, 1, 1, 1, 1, 1]","[120.0,77.0,11.3221435546875,2.9029319286346436,3645.257568359375,5.0,0.0,90.0,14.668134689331055,0.2581019997596741,0.25075098872184753,0.23766399919986725,0.1616159975528717,0.15115700662136078,0.09823799878358841,0.0,25.237459182739258,12976.234375,45.0,25.0,90.0,3.988964319229126]","{""cumsumfert"":120.0,""dap"":77.0,""dlayr"":5.0,""dtt"":11.3221435546875,""dul"":0.33000001311302185,""ep"":2.9029319286346436,""grnwt"":3645.257568359375,""istage"":5.0,""ll"":0.09000000357627869,""nstres"":0.0,""rtdep"":90.0,""sat"":0.4599999785423279,""srad"":14.668134689331055,""sw"":0.2581019997596741,""swfac"":0.0,""tmax"":25.237459182739258,""topwt"":12976.234130859375,""totir"":45.0,""vstage"":25.0,""wtdep"":90.0,""xlai"":3.988964319229126}"
P0559,W2,observed_weather,observed_weather:2021,55,2021-08-06,50,3.0,0.0,0.0,75.0,200.0,mid,<=0.05,<=0.05,2,"[1, 1, 0, 0, 1, 1, 0, 0, 1, 1, 0, 0, 1, 1, 0, 0]","[200.0,50.0,19.549999237060547,5.848023891448975,0.0,3.0,0.0,90.0,24.799999237060547,0.37472599744796753,0.395363986492157,0.39567801356315613,0.3479219973087311,0.3195210099220276,0.13234999775886536,0.0,33.599998474121094,7477.3330078125,75.0,24.0,90.0,4.786535263061523]","{""cumsumfert"":200.0,""dap"":50.0,""dlayr"":5.0,""dtt"":19.549999237060547,""dul"":0.33000001311302185,""ep"":5.848023891448975,""grnwt"":0.0,""istage"":3.0,""ll"":0.09000000357627869,""nstres"":0.0,""rtdep"":90.0,""sat"":0.4599999785423279,""srad"":24.799999237060547,""sw"":0.37472599744796753,""swfac"":0.0,""tmax"":33.599998474121094,""topwt"":7477.332763671875,""totir"":75.0,""vstage"":24.0,""wtdep"":90.0,""xlai"":4.786535263061523}"
P0560,W2,heldout_wgen,heldout_wgen:1081,70,2008-08-20,65,4.0,0.0,0.0,75.0,200.0,mid,<=0.05,<=0.05,2,"[1, 1, 0, 0, 1, 1, 0, 0, 1, 1, 0, 0, 1, 1, 0, 0]","[200.0,65.0,15.314672470092773,3.370659112930298,0.0,4.0,0.0,90.0,15.394264221191406,0.4162119925022125,0.35867801308631897,0.3141539990901947,0.23146100342273712,0.15040700137615204,0.08961699903011322,0.0,29.243515014648438,10907.001953125,75.0,25.0,90.0,4.6846842765808105]","{""cumsumfert"":200.0,""dap"":65.0,""dlayr"":5.0,""dtt"":15.314672470092773,""dul"":0.33000001311302185,""ep"":3.370659112930298,""grnwt"":0.0,""istage"":4.0,""ll"":0.09000000357627869,""nstres"":0.0,""rtdep"":90.0,""sat"":0.4599999785423279,""srad"":15.394264221191406,""sw"":0.4162119925022125,""swfac"":0.0,""tmax"":29.243515014648438,""topwt"":10907.001953125,""totir"":75.0,""vstage"":25.0,""wtdep"":90.0,""xlai"":4.6846842765808105}"
P0561,H2,observed_weather,observed_weather:2021,86,2021-09-06,81,5.0,0.0,0.0705269575119018,60.0,80.0,late,<=0.05,"(0.05,0.25]",0,"[1, 1, 1, 1, 0, 0, 0, 0, 0, 0, 0, 0, 0, 0, 0, 0]","[80.0,81.0,13.700000762939453,1.3563449382781982,4158.85302734375,5.0,0.07052695751190186,90.0,6.599999904632568,0.452223002910614,0.4530859887599945,0.449862003326416,0.3069689869880676,0.19360800087451935,0.10021699965000153,0.0,23.399999618530273,15137.8955078125,60.0,25.0,90.0,4.198465824127197]","{""cumsumfert"":80.0,""dap"":81.0,""dlayr"":5.0,""dtt"":13.700000762939453,""dul"":0.33000001311302185,""ep"":1.3563449382781982,""grnwt"":4158.852844238281,""istage"":5.0,""ll"":0.09000000357627869,""nstres"":0.07052695751190186,""rtdep"":90.0,""sat"":0.4599999785423279,""srad"":6.599999904632568,""sw"":0.452223002910614,""swfac"":0.0,""tmax"":23.399999618530273,""topwt"":15137.8955078125,""totir"":60.0,""vstage"":25.0,""wtdep"":90.0,""xlai"":4.198465824127197}"
P0562,H1,heldout_wgen,heldout_wgen:1081,37,2008-07-18,32,3.0,0.0,0.0,45.0,40.0,early,<=0.05,<=0.05,0,"[1, 1, 1, 1, 1, 1, 1, 1, 1, 1, 1, 1, 1, 1, 1, 1]","[39.999996185302734,32.0,22.169336318969727,3.588240146636963,0.0,3.0,0.0,90.0,16.445362091064453,0.09731700271368027,0.10485000163316727,0.13146400451660156,0.14386799931526184,0.14675100147724152,0.10455700010061264,0.0,35.189964294433594,2305.37060546875,45.0,16.0,90.0,2.757780075073242]","{""cumsumfert"":39.999996185302734,""dap"":32.0,""dlayr"":5.0,""dtt"":22.169336318969727,""dul"":0.33000001311302185,""ep"":3.588240146636963,""grnwt"":0.0,""istage"":3.0,""ll"":0.09000000357627869,""nstres"":0.0,""rtdep"":90.0,""sat"":0.4599999785423279,""srad"":16.445362091064453,""sw"":0.09731700271368027,""swfac"":0.0,""tmax"":35.189964294433594,""topwt"":2305.370635986328,""totir"":45.0,""vstage"":16.0,""wtdep"":90.0,""xlai"":2.757780075073242}"
P0563,W1,observed_weather,observed_weather:2015,41,2015-07-23,36,3.0,0.0,0.0,45.0,120.0,mid,<=0.05,<=0.05,1,"[1, 1, 1, 1, 1, 1, 1, 1, 1, 1, 1, 1, 1, 1, 1, 1]","[120.0,36.0,18.600000381469727,3.916529417037964,0.0,3.0,0.0,90.0,18.899999618530273,0.3462809920310974,0.2653680145740509,0.15512800216674805,0.15988999605178833,0.15803299844264984,0.13868799805641174,0.0,31.600000381469727,2536.19677734375,45.0,16.0,90.0,2.8773975372314453]","{""cumsumfert"":120.0,""dap"":36.0,""dlayr"":5.0,""dtt"":18.600000381469727,""dul"":0.33000001311302185,""ep"":3.916529417037964,""grnwt"":0.0,""istage"":3.0,""ll"":0.09000000357627869,""nstres"":0.0,""rtdep"":90.0,""sat"":0.4599999785423279,""srad"":18.899999618530273,""sw"":0.3462809920310974,""swfac"":0.0,""tmax"":31.600000381469727,""topwt"":2536.196746826172,""totir"":45.0,""vstage"":16.0,""wtdep"":90.0,""xlai"":2.8773975372314453}"
P0564,H1,heldout_wgen,heldout_wgen:1089,67,2008-08-17,62,4.0,0.0,0.1136260032653808,45.0,40.0,mid,<=0.05,"(0.05,0.25]",0,"[1, 1, 1, 1, 1, 1, 1, 1, 1, 1, 1, 1, 1, 1, 1, 1]","[39.999996185302734,62.0,21.222097396850586,1.8662272691726685,0.0,4.0,0.11362600326538086,90.0,7.8679890632629395,0.4122459888458252,0.3309969902038574,0.2964099943637848,0.17156699299812317,0.14923100173473358,0.0990149974822998,0.0,32.4051513671875,8597.373046875,45.0,24.0,90.0,4.095369815826416]","{""cumsumfert"":39.999996185302734,""dap"":62.0,""dlayr"":5.0,""dtt"":21.222097396850586,""dul"":0.33000001311302185,""ep"":1.8662272691726685,""grnwt"":0.0,""istage"":4.0,""ll"":0.09000000357627869,""nstres"":0.11362600326538086,""rtdep"":90.0,""sat"":0.4599999785423279,""srad"":7.8679890632629395,""sw"":0.4122459888458252,""swfac"":0.0,""tmax"":32.4051513671875,""topwt"":8597.373046875,""totir"":45.0,""vstage"":24.0,""wtdep"":90.0,""xlai"":4.095369815826416}"
P0565,H1,heldout_wgen,heldout_wgen:1100,88,2008-09-07,83,5.0,0.0,0.0820655822753906,45.0,40.0,late,<=0.05,"(0.05,0.25]",0,"[1, 1, 1, 1, 1, 1, 1, 1, 1, 1, 1, 1, 1, 1, 1, 1]","[39.999996185302734,83.0,13.295730590820312,3.0419788360595703,3728.9404296875,5.0,0.08206558227539062,90.0,15.360461235046387,0.32779398560523987,0.3495590090751648,0.3363269865512848,0.32487401366233826,0.301595002412796,0.1708180010318756,0.0,30.055269241333008,12694.41796875,45.0,24.0,90.0,3.0480239391326904]","{""cumsumfert"":39.999996185302734,""dap"":83.0,""dlayr"":5.0,""dtt"":13.295730590820312,""dul"":0.33000001311302185,""ep"":3.0419788360595703,""grnwt"":3728.9404296875,""istage"":5.0,""ll"":0.09000000357627869,""nstres"":0.08206558227539062,""rtdep"":90.0,""sat"":0.4599999785423279,""srad"":15.360461235046387,""sw"":0.32779398560523987,""swfac"":0.0,""tmax"":30.055269241333008,""topwt"":12694.417724609375,""totir"":45.0,""vstage"":24.0,""wtdep"":90.0,""xlai"":3.0480239391326904}"
P0566,W1,heldout_wgen,heldout_wgen:1091,99,2008-09-18,94,5.0,0.0,0.1018530130386352,45.0,120.0,late,<=0.05,"(0.05,0.25]",1,"[1, 0, 0, 0, 1, 0, 0, 0, 1, 0, 0, 0, 1, 0, 0, 0]","[120.0,94.0,7.57569694519043,0.874439001083374,7776.6787109375,5.0,0.10185301303863525,90.0,5.124582290649414,0.18870200216770172,0.11966300010681152,0.13493399322032928,0.1432110071182251,0.14123499393463135,0.08945400267839432,0.0,17.38477897644043,19055.0546875,45.0,25.0,90.0,3.107159376144409]","{""cumsumfert"":120.0,""dap"":94.0,""dlayr"":5.0,""dtt"":7.57569694519043,""dul"":0.33000001311302185,""ep"":0.874439001083374,""grnwt"":7776.678466796875,""istage"":5.0,""ll"":0.09000000357627869,""nstres"":0.10185301303863525,""rtdep"":90.0,""sat"":0.4599999785423279,""srad"":5.124582290649414,""sw"":0.18870200216770172,""swfac"":0.0,""tmax"":17.38477897644043,""topwt"":19055.054931640625,""totir"":45.0,""vstage"":25.0,""wtdep"":90.0,""xlai"":3.107159376144409}"
P0567,H2,observed_weather,observed_weather:2020,71,2020-08-21,66,5.0,0.0,0.0,45.0,80.0,mid,<=0.05,<=0.05,0,"[1, 1, 1, 1, 1, 1, 1, 1, 1, 1, 1, 1, 1, 1, 1, 1]","[80.0,66.0,15.049999237060547,5.3233442306518555,206.39120483398438,5.0,0.0,90.0,24.700000762939453,0.4173159897327423,0.36726000905036926,0.3551259934902191,0.20906299352645874,0.14333699643611908,0.09343399852514267,0.0,27.5,10185.3623046875,45.0,24.0,90.0,4.604842662811279]","{""cumsumfert"":80.0,""dap"":66.0,""dlayr"":5.0,""dtt"":15.049999237060547,""dul"":0.33000001311302185,""ep"":5.3233442306518555,""grnwt"":206.3912010192871,""istage"":5.0,""ll"":0.09000000357627869,""nstres"":0.0,""rtdep"":90.0,""sat"":0.4599999785423279,""srad"":24.700000762939453,""sw"":0.4173159897327423,""swfac"":0.0,""tmax"":27.5,""topwt"":10185.361938476562,""totir"":45.0,""vstage"":24.0,""wtdep"":90.0,""xlai"":4.604842662811279}"
P0568,W0,heldout_wgen,heldout_wgen:1085,34,2008-07-15,29,3.0,0.0,0.0,45.0,40.0,early,<=0.05,<=0.05,0,"[1, 1, 1, 1, 1, 1, 1, 1, 1, 1, 1, 1, 0, 0, 0, 0]","[39.999996185302734,29.0,23.309627532958984,4.020491123199463,0.0,3.0,0.0,85.78434753417969,17.912538528442383,0.353206992149353,0.44285500049591064,0.4715839922428131,0.42976298928260803,0.2364879995584488,0.1453240066766739,0.0,40.99182891845703,1029.5615234375,45.0,13.0,90.0,1.5031177997589111]","{""cumsumfert"":39.999996185302734,""dap"":29.0,""dlayr"":5.0,""dtt"":23.309627532958984,""dul"":0.33000001311302185,""ep"":4.020491123199463,""grnwt"":0.0,""istage"":3.0,""ll"":0.09000000357627869,""nstres"":0.0,""rtdep"":85.78434753417969,""sat"":0.4599999785423279,""srad"":17.912538528442383,""sw"":0.353206992149353,""swfac"":0.0,""tmax"":40.99182891845703,""topwt"":1029.5614624023438,""totir"":45.0,""vstage"":13.0,""wtdep"":90.0,""xlai"":1.5031177997589111}"
P0569,H1,heldout_wgen,heldout_wgen:1090,84,2008-09-03,79,5.0,0.0,0.0668566226959228,45.0,40.0,late,<=0.05,"(0.05,0.25]",0,"[1, 1, 1, 1, 1, 1, 1, 1, 1, 1, 1, 1, 1, 1, 1, 1]","[39.999996185302734,79.0,13.889114379882812,3.287764072418213,3085.886474609375,5.0,0.06685662269592285,90.0,16.31364631652832,0.3395940065383911,0.3922579884529114,0.4247229993343353,0.40127500891685486,0.3534870147705078,0.26090100407600403,0.0,28.100290298461914,12304.41796875,45.0,24.0,90.0,3.3228073120117188]","{""cumsumfert"":39.999996185302734,""dap"":79.0,""dlayr"":5.0,""dtt"":13.889114379882812,""dul"":0.33000001311302185,""ep"":3.287764072418213,""grnwt"":3085.8865356445312,""istage"":5.0,""ll"":0.09000000357627869,""nstres"":0.06685662269592285,""rtdep"":90.0,""sat"":0.4599999785423279,""srad"":16.31364631652832,""sw"":0.3395940065383911,""swfac"":0.0,""tmax"":28.100290298461914,""topwt"":12304.417724609375,""totir"":45.0,""vstage"":24.0,""wtdep"":90.0,""xlai"":3.3228073120117188}"
P0570,W1,observed_weather,observed_weather:2022,91,2022-09-11,86,5.0,0.0,0.0167199373245239,45.0,120.0,late,<=0.05,<=0.05,1,"[1, 1, 1, 1, 1, 1, 1, 1, 1, 1, 1, 1, 1, 1, 1, 1]","[120.0,86.0,16.549999237060547,4.1812520027160645,6394.36279296875,5.0,0.016719937324523926,90.0,19.899999618530273,0.27840301394462585,0.28341400623321533,0.30398300290107727,0.29258599877357483,0.26124799251556396,0.10679999738931656,0.0,30.299999237060547,17172.375,45.0,24.0,90.0,3.1833255290985107]","{""cumsumfert"":120.0,""dap"":86.0,""dlayr"":5.0,""dtt"":16.549999237060547,""dul"":0.33000001311302185,""ep"":4.1812520027160645,""grnwt"":6394.36279296875,""istage"":5.0,""ll"":0.09000000357627869,""nstres"":0.016719937324523926,""rtdep"":90.0,""sat"":0.4599999785423279,""srad"":19.899999618530273,""sw"":0.27840301394462585,""swfac"":0.0,""tmax"":30.299999237060547,""topwt"":17172.374267578125,""totir"":45.0,""vstage"":24.0,""wtdep"":90.0,""xlai"":3.1833255290985107}"
P0571,W1,heldout_wgen,heldout_wgen:1090,65,2008-08-15,60,4.0,0.0,0.0,45.0,120.0,mid,<=0.05,<=0.05,1,"[1, 1, 1, 1, 1, 1, 1, 1, 1, 1, 1, 1, 1, 1, 1, 1]","[120.0,60.0,13.11895751953125,2.4874589443206787,0.0,4.0,0.0,90.0,12.166122436523438,0.44937899708747864,0.4513939917087555,0.47581300139427185,0.5117570161819458,0.48809298872947693,0.15312300622463226,0.0,22.17444610595703,9207.609375,45.0,24.0,90.0,4.427682876586914]","{""cumsumfert"":120.0,""dap"":60.0,""dlayr"":5.0,""dtt"":13.11895751953125,""dul"":0.33000001311302185,""ep"":2.4874589443206787,""grnwt"":0.0,""istage"":4.0,""ll"":0.09000000357627869,""nstres"":0.0,""rtdep"":90.0,""sat"":0.4599999785423279,""srad"":12.166122436523438,""sw"":0.44937899708747864,""swfac"":0.0,""tmax"":22.17444610595703,""topwt"":9207.60986328125,""totir"":45.0,""vstage"":24.0,""wtdep"":90.0,""xlai"":4.427682876586914}"
P0572,W2,observed_weather,observed_weather:2021,77,2021-08-28,72,5.0,0.0,0.0,75.0,200.0,late,<=0.05,<=0.05,2,"[1, 1, 0, 0, 1, 1, 0, 0, 1, 1, 0, 0, 1, 1, 0, 0]","[200.0,72.0,13.950000762939453,3.9303481578826904,1890.16259765625,5.0,0.0,90.0,18.5,0.31088900566101074,0.30291199684143066,0.30487900972366333,0.2606149911880493,0.21676400303840637,0.11084900051355362,0.0,28.899999618530273,13900.8408203125,75.0,25.0,90.0,4.540526390075684]","{""cumsumfert"":200.0,""dap"":72.0,""dlayr"":5.0,""dtt"":13.950000762939453,""dul"":0.33000001311302185,""ep"":3.9303481578826904,""grnwt"":1890.1626586914062,""istage"":5.0,""ll"":0.09000000357627869,""nstres"":0.0,""rtdep"":90.0,""sat"":0.4599999785423279,""srad"":18.5,""sw"":0.31088900566101074,""swfac"":0.0,""tmax"":28.899999618530273,""topwt"":13900.841064453125,""totir"":75.0,""vstage"":25.0,""wtdep"":90.0,""xlai"":4.540526390075684}"
P0573,W0,observed_weather,observed_weather:2020,89,2020-09-08,84,5.0,0.0,0.1444399952888488,45.0,40.0,late,<=0.05,"(0.05,0.25]",0,"[1, 1, 1, 1, 1, 1, 1, 1, 1, 1, 1, 1, 1, 1, 1, 1]","[39.999996185302734,84.0,16.200000762939453,4.329141616821289,3410.27783203125,5.0,0.14443999528884888,90.00039672851562,21.700000762939453,0.20265500247478485,0.18453000485897064,0.20691700279712677,0.1616310030221939,0.14455899596214294,0.0846719965338707,0.0,30.299999237060547,12523.5927734375,45.0,24.0,90.00039672851562,2.747126579284668]","{""cumsumfert"":39.999996185302734,""dap"":84.0,""dlayr"":5.0,""dtt"":16.200000762939453,""dul"":0.33000001311302185,""ep"":4.329141616821289,""grnwt"":3410.2777099609375,""istage"":5.0,""ll"":0.09000000357627869,""nstres"":0.14443999528884888,""rtdep"":90.00039672851562,""sat"":0.4599999785423279,""srad"":21.700000762939453,""sw"":0.20265500247478485,""swfac"":0.0,""tmax"":30.299999237060547,""topwt"":12523.592529296875,""totir"":45.0,""vstage"":24.0,""wtdep"":90.00039672851562,""xlai"":2.747126579284668}"
P0574,H0,observed_weather,observed_weather:2015,54,2015-08-05,49,3.0,0.0,0.0,120.0,240.0,mid,<=0.05,<=0.05,2,"[1, 0, 0, 0, 0, 0, 0, 0, 0, 0, 0, 0, 0, 0, 0, 0]","[239.99998474121094,49.0,18.25,2.3038759231567383,0.0,3.0,0.0,90.0,10.100000381469727,0.43027299642562866,0.43473300337791443,0.44519999623298645,0.32822901010513306,0.16075499355793,0.11474800109863281,0.0,30.200000762939453,6234.22900390625,120.0,23.0,90.0,4.566969871520996]","{""cumsumfert"":239.99998474121094,""dap"":49.0,""dlayr"":5.0,""dtt"":18.25,""dul"":0.33000001311302185,""ep"":2.3038759231567383,""grnwt"":0.0,""istage"":3.0,""ll"":0.09000000357627869,""nstres"":0.0,""rtdep"":90.0,""sat"":0.4599999785423279,""srad"":10.100000381469727,""sw"":0.43027299642562866,""swfac"":0.0,""tmax"":30.200000762939453,""topwt"":6234.2291259765625,""totir"":120.0,""vstage"":23.0,""wtdep"":90.0,""xlai"":4.566969871520996}"
P0575,W0,heldout_wgen,heldout_wgen:1091,8,2008-06-19,3,9.0,0.0,0.0,45.0,40.0,early,<=0.05,<=0.05,0,"[1, 0, 0, 0, 0, 0, 0, 0, 0, 0, 0, 0, 0, 0, 0, 0]","[39.999996185302734,3.0,17.18646240234375,0.0,0.0,9.0,0.0,10.983824729919434,17.739917755126953,0.3493439853191376,0.42955300211906433,0.22393499314785004,0.15399199724197388,0.1520339995622635,0.14899900555610657,0.0,29.245450973510742,0.0,45.0,0.0,90.0,0.0]","{""cumsumfert"":39.999996185302734,""dap"":3.0,""dlayr"":5.0,""dtt"":17.18646240234375,""dul"":0.33000001311302185,""ep"":0.0,""grnwt"":0.0,""istage"":9.0,""ll"":0.09000000357627869,""nstres"":0.0,""rtdep"":10.983824729919434,""sat"":0.4599999785423279,""srad"":17.739917755126953,""sw"":0.3493439853191376,""swfac"":0.0,""tmax"":29.245450973510742,""topwt"":0.0,""totir"":45.0,""vstage"":0.0,""wtdep"":90.0,""xlai"":0.0}"
P0576,W2,observed_weather,observed_weather:2019,29,2019-07-11,24,3.0,0.0,0.0,75.0,160.0,early,<=0.05,<=0.05,1,"[1, 1, 1, 0, 0, 0, 0, 0, 0, 0, 0, 0, 0, 0, 0, 0]","[160.0,24.0,17.299999237060547,3.2214016914367676,0.0,3.0,0.0,70.74852752685547,23.899999618530273,0.23543000221252441,0.25894901156425476,0.26077499985694885,0.1804019957780838,0.15908299386501312,0.1464730054140091,0.0,31.200000762939453,818.0667114257812,75.0,11.0,90.0,1.2653971910476685]","{""cumsumfert"":160.0,""dap"":24.0,""dlayr"":5.0,""dtt"":17.299999237060547,""dul"":0.33000001311302185,""ep"":3.2214016914367676,""grnwt"":0.0,""istage"":3.0,""ll"":0.09000000357627869,""nstres"":0.0,""rtdep"":70.74852752685547,""sat"":0.4599999785423279,""srad"":23.899999618530273,""sw"":0.23543000221252441,""swfac"":0.0,""tmax"":31.200000762939453,""topwt"":818.0667114257812,""totir"":75.0,""vstage"":11.0,""wtdep"":90.0,""xlai"":1.2653971910476685}"
P0577,W2,heldout_wgen,heldout_wgen:1097,72,2008-08-22,67,5.0,0.0,0.0,75.0,200.0,mid,<=0.05,<=0.05,2,"[1, 1, 0, 0, 1, 1, 0, 0, 1, 1, 0, 0, 1, 1, 0, 0]","[200.0,67.0,17.065486907958984,3.6875202655792236,637.337890625,5.0,0.0,90.0,16.79412078857422,0.4148780107498169,0.4095970094203949,0.4362640082836151,0.34965699911117554,0.2825999855995178,0.20493799448013306,0.0,29.48116683959961,10286.1044921875,75.0,24.0,90.0,3.930969715118408]","{""cumsumfert"":200.0,""dap"":67.0,""dlayr"":5.0,""dtt"":17.065486907958984,""dul"":0.33000001311302185,""ep"":3.6875202655792236,""grnwt"":637.3379135131836,""istage"":5.0,""ll"":0.09000000357627869,""nstres"":0.0,""rtdep"":90.0,""sat"":0.4599999785423279,""srad"":16.79412078857422,""sw"":0.4148780107498169,""swfac"":0.0,""tmax"":29.48116683959961,""topwt"":10286.104736328125,""totir"":75.0,""vstage"":24.0,""wtdep"":90.0,""xlai"":3.930969715118408}"
P0578,W0,heldout_wgen,heldout_wgen:1085,77,2008-08-27,72,5.0,0.0,0.0,45.0,40.0,late,<=0.05,<=0.05,0,"[1, 1, 1, 1, 1, 1, 1, 1, 1, 1, 1, 1, 1, 1, 1, 1]","[39.999996185302734,72.0,16.99964714050293,2.6757750511169434,2397.83251953125,5.0,0.0,90.0,12.70570182800293,0.4318450093269348,0.4448449909687042,0.4687100052833557,0.40005800127983093,0.332302987575531,0.12663699686527252,0.0,29.550004959106445,10235.1953125,45.0,23.0,90.0,3.157996892929077]","{""cumsumfert"":39.999996185302734,""dap"":72.0,""dlayr"":5.0,""dtt"":16.99964714050293,""dul"":0.33000001311302185,""ep"":2.6757750511169434,""grnwt"":2397.832489013672,""istage"":5.0,""ll"":0.09000000357627869,""nstres"":0.0,""rtdep"":90.0,""sat"":0.4599999785423279,""srad"":12.70570182800293,""sw"":0.4318450093269348,""swfac"":0.0,""tmax"":29.550004959106445,""topwt"":10235.1953125,""totir"":45.0,""vstage"":23.0,""wtdep"":90.0,""xlai"":3.157996892929077}"
P0579,W1,heldout_wgen,heldout_wgen:1095,12,2008-06-23,7,1.0,0.0,0.0092920064926147,45.0,120.0,early,<=0.05,<=0.05,1,"[1, 0, 0, 0, 0, 0, 0, 0, 0, 0, 0, 0, 0, 0, 0, 0]","[120.0,7.0,21.845670700073242,0.03263162076473236,0.0,1.0,0.009292006492614746,21.956527709960938,27.215137481689453,0.24759699404239655,0.2561289966106415,0.22550900280475616,0.15778300166130066,0.1531829982995987,0.14847099781036377,0.0,36.30148696899414,26.400001525878906,45.0,3.0,90.0,0.011565263383090496]","{""cumsumfert"":120.0,""dap"":7.0,""dlayr"":5.0,""dtt"":21.845670700073242,""dul"":0.33000001311302185,""ep"":0.03263162076473236,""grnwt"":0.0,""istage"":1.0,""ll"":0.09000000357627869,""nstres"":0.009292006492614746,""rtdep"":21.956527709960938,""sat"":0.4599999785423279,""srad"":27.215137481689453,""sw"":0.24759699404239655,""swfac"":0.0,""tmax"":36.30148696899414,""topwt"":26.400001049041748,""totir"":45.0,""vstage"":3.0,""wtdep"":90.0,""xlai"":0.011565263383090496}"
P0580,W2,observed_weather,observed_weather:2017,74,2017-08-25,69,5.0,0.0,0.0,75.0,200.0,mid,<=0.05,<=0.05,2,"[1, 1, 0, 0, 1, 1, 0, 0, 1, 1, 0, 0, 1, 1, 0, 0]","[200.0,69.0,17.600000381469727,1.9411370754241943,1433.5308837890625,5.0,0.0,90.0,8.699999809265137,0.3920069932937622,0.38003799319267273,0.2991819977760315,0.23954999446868896,0.2024649977684021,0.10684599727392197,0.0,28.5,12057.29296875,75.0,25.0,90.0,4.306107044219971]","{""cumsumfert"":200.0,""dap"":69.0,""dlayr"":5.0,""dtt"":17.600000381469727,""dul"":0.33000001311302185,""ep"":1.9411370754241943,""grnwt"":1433.5308837890625,""istage"":5.0,""ll"":0.09000000357627869,""nstres"":0.0,""rtdep"":90.0,""sat"":0.4599999785423279,""srad"":8.699999809265137,""sw"":0.3920069932937622,""swfac"":0.0,""tmax"":28.5,""topwt"":12057.29248046875,""totir"":75.0,""vstage"":25.0,""wtdep"":90.0,""xlai"":4.306107044219971}"
P0581,H1,observed_weather,observed_weather:2021,19,2021-07-01,14,1.0,0.0,0.0,45.0,40.0,early,<=0.05,<=0.05,0,"[1, 1, 1, 1, 1, 1, 1, 1, 1, 1, 1, 1, 0, 0, 0, 0]","[39.999996185302734,14.0,17.04305648803711,0.3257533311843872,0.0,1.0,0.0,36.98689270019531,10.300000190734863,0.30241701006889343,0.4312810003757477,0.2893010079860687,0.19854600727558136,0.15817700326442719,0.14768999814987183,0.0,29.399999618530273,111.1459732055664,45.0,6.0,90.0,0.22345510125160217]","{""cumsumfert"":39.999996185302734,""dap"":14.0,""dlayr"":5.0,""dtt"":17.04305648803711,""dul"":0.33000001311302185,""ep"":0.3257533311843872,""grnwt"":0.0,""istage"":1.0,""ll"":0.09000000357627869,""nstres"":0.0,""rtdep"":36.98689270019531,""sat"":0.4599999785423279,""srad"":10.300000190734863,""sw"":0.30241701006889343,""swfac"":0.0,""tmax"":29.399999618530273,""topwt"":111.1459732055664,""totir"":45.0,""vstage"":6.0,""wtdep"":90.0,""xlai"":0.22345510125160217}"
P0582,H1,observed_weather,observed_weather:2021,94,2021-09-14,89,5.0,0.0,0.2782315611839294,45.0,40.0,late,<=0.05,"(0.25,0.50]",0,"[1, 1, 1, 1, 1, 1, 1, 1, 1, 1, 1, 1, 1, 1, 1, 1]","[39.999996185302734,89.0,17.25,3.703160047531128,5501.42529296875,5.0,0.27823156118392944,90.0,19.100000381469727,0.2947559952735901,0.2965880036354065,0.3096010088920593,0.27449899911880493,0.1690160036087036,0.0938669964671135,0.0,29.700000762939453,15612.3193359375,45.0,25.0,90.0,2.3494226932525635]","{""cumsumfert"":39.999996185302734,""dap"":89.0,""dlayr"":5.0,""dtt"":17.25,""dul"":0.33000001311302185,""ep"":3.703160047531128,""grnwt"":5501.4251708984375,""istage"":5.0,""ll"":0.09000000357627869,""nstres"":0.27823156118392944,""rtdep"":90.0,""sat"":0.4599999785423279,""srad"":19.100000381469727,""sw"":0.2947559952735901,""swfac"":0.0,""tmax"":29.700000762939453,""topwt"":15612.3193359375,""totir"":45.0,""vstage"":25.0,""wtdep"":90.0,""xlai"":2.3494226932525635}"
P0583,H1,observed_weather,observed_weather:2015,24,2015-07-06,19,1.0,0.0,0.0,45.0,40.0,early,<=0.05,<=0.05,0,"[1, 1, 1, 1, 1, 1, 1, 1, 1, 1, 1, 1, 0, 0, 0, 0]","[39.999996185302734,19.0,18.717147827148438,0.5628751516342163,0.0,1.0,0.0,45.29877471923828,10.899999618530273,0.20863400399684906,0.2377610057592392,0.2569819986820221,0.18176700174808502,0.1575469970703125,0.14708200097084045,0.0,30.299999237060547,201.38836669921875,45.0,8.0,90.0,0.37492722272872925]","{""cumsumfert"":39.999996185302734,""dap"":19.0,""dlayr"":5.0,""dtt"":18.717147827148438,""dul"":0.33000001311302185,""ep"":0.5628751516342163,""grnwt"":0.0,""istage"":1.0,""ll"":0.09000000357627869,""nstres"":0.0,""rtdep"":45.29877471923828,""sat"":0.4599999785423279,""srad"":10.899999618530273,""sw"":0.20863400399684906,""swfac"":0.0,""tmax"":30.299999237060547,""topwt"":201.38835906982422,""totir"":45.0,""vstage"":8.0,""wtdep"":90.0,""xlai"":0.37492722272872925}"
P0584,H1,observed_weather,observed_weather:2022,97,2022-09-17,92,5.0,0.0,0.4318912029266357,45.0,40.0,late,<=0.05,"(0.25,0.50]",0,"[1, 0, 0, 0, 1, 0, 0, 0, 1, 0, 0, 0, 1, 0, 0, 0]","[39.999996185302734,92.0,15.0,3.1684556007385254,6796.5419921875,5.0,0.43189120292663574,90.0,18.299999237060547,0.18367800116539001,0.22154000401496887,0.2591420114040375,0.2655960023403168,0.2516799867153168,0.1036200001835823,0.0,30.799999237060547,16219.849609375,45.0,24.0,90.0,1.8996219635009766]","{""cumsumfert"":39.999996185302734,""dap"":92.0,""dlayr"":5.0,""dtt"":15.0,""dul"":0.33000001311302185,""ep"":3.1684556007385254,""grnwt"":6796.541748046875,""istage"":5.0,""ll"":0.09000000357627869,""nstres"":0.43189120292663574,""rtdep"":90.0,""sat"":0.4599999785423279,""srad"":18.299999237060547,""sw"":0.18367800116539001,""swfac"":0.0,""tmax"":30.799999237060547,""topwt"":16219.849853515625,""totir"":45.0,""vstage"":24.0,""wtdep"":90.0,""xlai"":1.8996219635009766}"
P0585,H1,heldout_wgen,heldout_wgen:1083,41,2008-07-22,36,3.0,0.0,0.0,45.0,40.0,mid,<=0.05,<=0.05,0,"[1, 1, 1, 1, 1, 1, 1, 1, 1, 1, 1, 1, 1, 1, 1, 1]","[39.999996185302734,36.0,21.03998374938965,4.047637462615967,0.0,3.0,0.0,90.0,17.25843620300293,0.41397398710250854,0.3963629901409149,0.23952800035476685,0.16166099905967712,0.15511800348758698,0.1343490034341812,0.0,36.201576232910156,2709.763671875,45.0,16.0,90.0,3.0223007202148438]","{""cumsumfert"":39.999996185302734,""dap"":36.0,""dlayr"":5.0,""dtt"":21.03998374938965,""dul"":0.33000001311302185,""ep"":4.047637462615967,""grnwt"":0.0,""istage"":3.0,""ll"":0.09000000357627869,""nstres"":0.0,""rtdep"":90.0,""sat"":0.4599999785423279,""srad"":17.25843620300293,""sw"":0.41397398710250854,""swfac"":0.0,""tmax"":36.201576232910156,""topwt"":2709.7637939453125,""totir"":45.0,""vstage"":16.0,""wtdep"":90.0,""xlai"":3.0223007202148438}"
P0586,H0,heldout_wgen,heldout_wgen:1091,56,2008-08-06,51,3.0,0.0,0.0,120.0,240.0,mid,<=0.05,<=0.05,2,"[1, 0, 0, 0, 0, 0, 0, 0, 0, 0, 0, 0, 0, 0, 0, 0]","[239.99998474121094,51.0,15.455890655517578,4.731315612792969,0.0,3.0,0.0,90.0,21.64097785949707,0.35411500930786133,0.39142298698425293,0.3688200116157532,0.3356190025806427,0.25495100021362305,0.11489900201559067,0.0,27.882545471191406,7831.029296875,120.0,25.0,90.0,4.83411979675293]","{""cumsumfert"":239.99998474121094,""dap"":51.0,""dlayr"":5.0,""dtt"":15.455890655517578,""dul"":0.33000001311302185,""ep"":4.731315612792969,""grnwt"":0.0,""istage"":3.0,""ll"":0.09000000357627869,""nstres"":0.0,""rtdep"":90.0,""sat"":0.4599999785423279,""srad"":21.64097785949707,""sw"":0.35411500930786133,""swfac"":0.0,""tmax"":27.882545471191406,""topwt"":7831.029052734375,""totir"":120.0,""vstage"":25.0,""wtdep"":90.0,""xlai"":4.83411979675293}"
P0587,W1,heldout_wgen,heldout_wgen:1085,66,2008-08-16,61,4.0,0.0,0.0,45.0,120.0,mid,<=0.05,<=0.05,1,"[1, 1, 1, 1, 1, 1, 1, 1, 1, 1, 1, 1, 1, 1, 1, 1]","[120.0,61.0,20.746604919433594,3.7711048126220703,0.0,4.0,0.0,90.0,16.445871353149414,0.33823999762535095,0.3792969882488251,0.34751400351524353,0.34052300453186035,0.31088000535964966,0.15474200248718262,0.0,32.9427604675293,7879.791015625,45.0,23.0,90.0,3.5113847255706787]","{""cumsumfert"":120.0,""dap"":61.0,""dlayr"":5.0,""dtt"":20.746604919433594,""dul"":0.33000001311302185,""ep"":3.7711048126220703,""grnwt"":0.0,""istage"":4.0,""ll"":0.09000000357627869,""nstres"":0.0,""rtdep"":90.0,""sat"":0.4599999785423279,""srad"":16.445871353149414,""sw"":0.33823999762535095,""swfac"":0.0,""tmax"":32.9427604675293,""topwt"":7879.791259765625,""totir"":45.0,""vstage"":23.0,""wtdep"":90.0,""xlai"":3.5113847255706787}"
P0588,H0,heldout_wgen,heldout_wgen:1083,67,2008-08-17,62,4.0,0.0,0.0,150.0,240.0,mid,<=0.05,<=0.05,2,"[1, 0, 0, 0, 0, 0, 0, 0, 0, 0, 0, 0, 0, 0, 0, 0]","[239.99998474121094,62.0,19.663101196289062,3.57997989654541,0.0,4.0,0.0,90.0,15.300904273986816,0.41864699125289917,0.4326759874820709,0.43814998865127563,0.454012006521225,0.3122220039367676,0.11094299703836441,0.0,31.68465805053711,9244.50390625,150.0,24.0,90.0,4.454692840576172]","{""cumsumfert"":239.99998474121094,""dap"":62.0,""dlayr"":5.0,""dtt"":19.663101196289062,""dul"":0.33000001311302185,""ep"":3.57997989654541,""grnwt"":0.0,""istage"":4.0,""ll"":0.09000000357627869,""nstres"":0.0,""rtdep"":90.0,""sat"":0.4599999785423279,""srad"":15.300904273986816,""sw"":0.41864699125289917,""swfac"":0.0,""tmax"":31.68465805053711,""topwt"":9244.503784179688,""totir"":150.0,""vstage"":24.0,""wtdep"":90.0,""xlai"":4.454692840576172}"
P0589,W0,heldout_wgen,heldout_wgen:1086,53,2008-08-03,48,3.0,0.0,0.0005465745925903,45.0,40.0,mid,<=0.05,<=0.05,0,"[1, 1, 1, 1, 1, 1, 1, 1, 1, 1, 1, 1, 1, 1, 1, 1]","[39.999996185302734,48.0,21.189361572265625,5.004141330718994,0.0,3.0,0.000546574592590332,90.0,21.29880142211914,0.3667770028114319,0.39504000544548035,0.3451080024242401,0.34175699949264526,0.31349000334739685,0.1343510001897812,0.0,32.997100830078125,5678.1416015625,45.0,24.0,90.0,3.9726061820983887]","{""cumsumfert"":39.999996185302734,""dap"":48.0,""dlayr"":5.0,""dtt"":21.189361572265625,""dul"":0.33000001311302185,""ep"":5.004141330718994,""grnwt"":0.0,""istage"":3.0,""ll"":0.09000000357627869,""nstres"":0.000546574592590332,""rtdep"":90.0,""sat"":0.4599999785423279,""srad"":21.29880142211914,""sw"":0.3667770028114319,""swfac"":0.0,""tmax"":32.997100830078125,""topwt"":5678.1414794921875,""totir"":45.0,""vstage"":24.0,""wtdep"":90.0,""xlai"":3.9726061820983887}"
P0590,W1,heldout_wgen,heldout_wgen:1088,25,2008-07-06,20,2.0,0.0,0.0,45.0,120.0,early,<=0.05,<=0.05,1,"[1, 1, 1, 1, 1, 1, 1, 1, 1, 1, 1, 1, 0, 0, 0, 0]","[120.0,20.0,19.555997848510742,1.7545135021209717,0.0,2.0,0.0,57.45842361450195,19.61137580871582,0.23521199822425842,0.26627200841903687,0.2862299978733063,0.201883003115654,0.15940900146961212,0.14700600504875183,0.0,32.314414978027344,399.7525634765625,45.0,9.0,90.0,0.7080214023590088]","{""cumsumfert"":120.0,""dap"":20.0,""dlayr"":5.0,""dtt"":19.555997848510742,""dul"":0.33000001311302185,""ep"":1.7545135021209717,""grnwt"":0.0,""istage"":2.0,""ll"":0.09000000357627869,""nstres"":0.0,""rtdep"":57.45842361450195,""sat"":0.4599999785423279,""srad"":19.61137580871582,""sw"":0.23521199822425842,""swfac"":0.0,""tmax"":32.314414978027344,""topwt"":399.75257873535156,""totir"":45.0,""vstage"":9.0,""wtdep"":90.0,""xlai"":0.7080214023590088}"
P0591,H1,heldout_wgen,heldout_wgen:1087,58,2008-08-08,53,3.0,0.0,0.0984833240509033,45.0,40.0,mid,<=0.05,"(0.05,0.25]",0,"[1, 1, 1, 1, 1, 1, 1, 1, 1, 1, 1, 1, 1, 1, 1, 1]","[39.999996185302734,53.0,24.549184799194336,1.834865927696228,0.0,3.0,0.09848332405090332,90.0,7.218018054962158,0.4514560103416443,0.4508320093154907,0.4499810039997101,0.2773500084877014,0.18718500435352325,0.10886599868535995,0.0,35.10905075073242,7124.2060546875,45.0,24.0,90.0,4.355293273925781]","{""cumsumfert"":39.999996185302734,""dap"":53.0,""dlayr"":5.0,""dtt"":24.549184799194336,""dul"":0.33000001311302185,""ep"":1.834865927696228,""grnwt"":0.0,""istage"":3.0,""ll"":0.09000000357627869,""nstres"":0.09848332405090332,""rtdep"":90.0,""sat"":0.4599999785423279,""srad"":7.218018054962158,""sw"":0.4514560103416443,""swfac"":0.0,""tmax"":35.10905075073242,""topwt"":7124.2059326171875,""totir"":45.0,""vstage"":24.0,""wtdep"":90.0,""xlai"":4.355293273925781}"
P0592,H2,heldout_wgen,heldout_wgen:1100,65,2008-08-15,60,4.0,0.0,0.0,45.0,80.0,mid,<=0.05,<=0.05,0,"[1, 1, 1, 1, 1, 1, 1, 1, 1, 1, 1, 1, 1, 1, 1, 1]","[80.0,60.0,15.00534439086914,1.2577301263809204,0.0,4.0,0.0,90.0,5.9451680183410645,0.45259198546409607,0.4531629979610443,0.482930988073349,0.4280320107936859,0.35358598828315735,0.18275900185108185,0.0,23.820411682128906,8830.201171875,45.0,24.0,90.0,4.349738121032715]","{""cumsumfert"":80.0,""dap"":60.0,""dlayr"":5.0,""dtt"":15.00534439086914,""dul"":0.33000001311302185,""ep"":1.2577301263809204,""grnwt"":0.0,""istage"":4.0,""ll"":0.09000000357627869,""nstres"":0.0,""rtdep"":90.0,""sat"":0.4599999785423279,""srad"":5.9451680183410645,""sw"":0.45259198546409607,""swfac"":0.0,""tmax"":23.820411682128906,""topwt"":8830.200805664062,""totir"":45.0,""vstage"":24.0,""wtdep"":90.0,""xlai"":4.349738121032715}"
P0593,W0,heldout_wgen,heldout_wgen:1081,28,2008-07-09,23,2.0,0.0,0.0,45.0,40.0,early,<=0.05,<=0.05,0,"[1, 1, 1, 1, 1, 1, 1, 1, 1, 1, 1, 1, 0, 0, 0, 0]","[39.999996185302734,23.0,24.08490753173828,4.20518684387207,0.0,2.0,0.0,62.37680435180664,25.506149291992188,0.14239299297332764,0.18178999423980713,0.19363999366760254,0.16713100671768188,0.15796299278736115,0.14668099582195282,0.0,40.276756286621094,670.372802734375,45.0,11.0,90.0,1.0777159929275513]","{""cumsumfert"":39.999996185302734,""dap"":23.0,""dlayr"":5.0,""dtt"":24.08490753173828,""dul"":0.33000001311302185,""ep"":4.20518684387207,""grnwt"":0.0,""istage"":2.0,""ll"":0.09000000357627869,""nstres"":0.0,""rtdep"":62.37680435180664,""sat"":0.4599999785423279,""srad"":25.506149291992188,""sw"":0.14239299297332764,""swfac"":0.0,""tmax"":40.276756286621094,""topwt"":670.3727722167969,""totir"":45.0,""vstage"":11.0,""wtdep"":90.0,""xlai"":1.0777159929275513}"
P0594,W2,heldout_wgen,heldout_wgen:1087,85,2008-09-04,80,5.0,0.0,0.0,75.0,200.0,late,<=0.05,<=0.05,2,"[1, 1, 0, 0, 1, 1, 0, 0, 1, 1, 0, 0, 1, 1, 0, 0]","[200.0,80.0,15.002876281738281,2.4836487770080566,4630.994140625,5.0,0.0,90.0,12.104827880859375,0.3162519931793213,0.31184500455856323,0.3198780119419098,0.2936129868030548,0.2535029947757721,0.11302299797534943,0.0,27.56086540222168,14177.3037109375,75.0,24.0,90.0,3.313225746154785]","{""cumsumfert"":200.0,""dap"":80.0,""dlayr"":5.0,""dtt"":15.002876281738281,""dul"":0.33000001311302185,""ep"":2.4836487770080566,""grnwt"":4630.9942626953125,""istage"":5.0,""ll"":0.09000000357627869,""nstres"":0.0,""rtdep"":90.0,""sat"":0.4599999785423279,""srad"":12.104827880859375,""sw"":0.3162519931793213,""swfac"":0.0,""tmax"":27.56086540222168,""topwt"":14177.303466796875,""totir"":75.0,""vstage"":24.0,""wtdep"":90.0,""xlai"":3.313225746154785}"
P0595,W2,heldout_wgen,heldout_wgen:1088,32,2008-07-13,27,3.0,0.0,0.0,75.0,160.0,early,<=0.05,<=0.05,1,"[1, 1, 1, 0, 0, 0, 0, 0, 0, 0, 0, 0, 0, 0, 0, 0]","[160.0,27.0,21.234153747558594,1.8516550064086914,0.0,3.0,0.0,86.43023681640625,10.89706039428711,0.38667500019073486,0.4095819890499115,0.32361799478530884,0.2814989984035492,0.1927489936351776,0.14713400602340698,0.0,35.26125717163086,1075.0972900390625,75.0,13.0,90.0,1.565132737159729]","{""cumsumfert"":160.0,""dap"":27.0,""dlayr"":5.0,""dtt"":21.234153747558594,""dul"":0.33000001311302185,""ep"":1.8516550064086914,""grnwt"":0.0,""istage"":3.0,""ll"":0.09000000357627869,""nstres"":0.0,""rtdep"":86.43023681640625,""sat"":0.4599999785423279,""srad"":10.89706039428711,""sw"":0.38667500019073486,""swfac"":0.0,""tmax"":35.26125717163086,""topwt"":1075.0972747802734,""totir"":75.0,""vstage"":13.0,""wtdep"":90.0,""xlai"":1.565132737159729}"
P0596,H2,observed_weather,observed_weather:2016,35,2016-07-16,30,3.0,0.0,0.0,45.0,80.0,early,<=0.05,<=0.05,0,"[1, 1, 1, 1, 1, 1, 1, 1, 1, 1, 1, 1, 0, 0, 0, 0]","[80.0,30.0,14.099998474121094,2.525934934616089,0.0,3.0,0.0,90.0,15.199999809265137,0.31831398606300354,0.24771100282669067,0.2637679874897003,0.2690330147743225,0.24056200683116913,0.15450899302959442,0.0,27.399999618530273,1471.25537109375,45.0,14.0,90.0,1.989113211631775]","{""cumsumfert"":80.0,""dap"":30.0,""dlayr"":5.0,""dtt"":14.099998474121094,""dul"":0.33000001311302185,""ep"":2.525934934616089,""grnwt"":0.0,""istage"":3.0,""ll"":0.09000000357627869,""nstres"":0.0,""rtdep"":90.0,""sat"":0.4599999785423279,""srad"":15.199999809265137,""sw"":0.31831398606300354,""swfac"":0.0,""tmax"":27.399999618530273,""topwt"":1471.2553405761719,""totir"":45.0,""vstage"":14.0,""wtdep"":90.0,""xlai"":1.989113211631775}"
P0597,W0,heldout_wgen,heldout_wgen:1092,47,2008-07-28,42,3.0,0.0,0.0,45.0,40.0,mid,<=0.05,<=0.05,0,"[1, 1, 1, 1, 1, 1, 1, 1, 1, 1, 1, 1, 1, 1, 1, 1]","[39.999996185302734,42.0,20.874725341796875,2.8801398277282715,0.0,3.0,0.0,90.0,12.893693923950195,0.34291499853134155,0.41111600399017334,0.3859870135784149,0.3428789973258972,0.249876007437706,0.1357250064611435,0.0,33.684967041015625,3528.751953125,45.0,20.0,90.0,3.175442934036255]","{""cumsumfert"":39.999996185302734,""dap"":42.0,""dlayr"":5.0,""dtt"":20.874725341796875,""dul"":0.33000001311302185,""ep"":2.8801398277282715,""grnwt"":0.0,""istage"":3.0,""ll"":0.09000000357627869,""nstres"":0.0,""rtdep"":90.0,""sat"":0.4599999785423279,""srad"":12.893693923950195,""sw"":0.34291499853134155,""swfac"":0.0,""tmax"":33.684967041015625,""topwt"":3528.7518310546875,""totir"":45.0,""vstage"":20.0,""wtdep"":90.0,""xlai"":3.175442934036255}"
P0598,W2,heldout_wgen,heldout_wgen:1086,62,2008-08-12,57,4.0,0.0,0.0,75.0,200.0,mid,<=0.05,<=0.05,2,"[1, 1, 0, 0, 1, 1, 0, 0, 1, 1, 0, 0, 1, 1, 0, 0]","[200.0,57.0,21.447509765625,3.5238969326019287,0.0,4.0,0.0,90.0,14.767826080322266,0.43327799439430237,0.383760005235672,0.3210369944572449,0.3051440119743347,0.283843994140625,0.18815000355243683,0.0,34.7957763671875,8371.07421875,75.0,24.0,90.0,3.9510412216186523]","{""cumsumfert"":200.0,""dap"":57.0,""dlayr"":5.0,""dtt"":21.447509765625,""dul"":0.33000001311302185,""ep"":3.5238969326019287,""grnwt"":0.0,""istage"":4.0,""ll"":0.09000000357627869,""nstres"":0.0,""rtdep"":90.0,""sat"":0.4599999785423279,""srad"":14.767826080322266,""sw"":0.43327799439430237,""swfac"":0.0,""tmax"":34.7957763671875,""topwt"":8371.07421875,""totir"":75.0,""vstage"":24.0,""wtdep"":90.0,""xlai"":3.9510412216186523}"
P0599,H1,observed_weather,observed_weather:2022,60,2022-08-11,55,4.0,0.0,0.152344524860382,45.0,40.0,mid,<=0.05,"(0.05,0.25]",0,"[1, 1, 1, 1, 1, 1, 1, 1, 1, 1, 1, 1, 1, 1, 1, 1]","[39.999996185302734,55.0,17.149999618530273,2.8869967460632324,0.0,4.0,0.15234452486038208,90.0,13.100000381469727,0.44158101081848145,0.4389120042324066,0.45618298649787903,0.3721800148487091,0.18368999660015106,0.09833300113677979,0.0,28.799999237060547,8150.47412109375,45.0,24.0,90.0,4.07379674911499]","{""cumsumfert"":39.999996185302734,""dap"":55.0,""dlayr"":5.0,""dtt"":17.149999618530273,""dul"":0.33000001311302185,""ep"":2.8869967460632324,""grnwt"":0.0,""istage"":4.0,""ll"":0.09000000357627869,""nstres"":0.15234452486038208,""rtdep"":90.0,""sat"":0.4599999785423279,""srad"":13.100000381469727,""sw"":0.44158101081848145,""swfac"":0.0,""tmax"":28.799999237060547,""topwt"":8150.4742431640625,""totir"":45.0,""vstage"":24.0,""wtdep"":90.0,""xlai"":4.07379674911499}"
P0600,H1,observed_weather,observed_weather:2023,69,2023-08-20,64,5.0,0.0,0.1669850349426269,45.0,40.0,mid,<=0.05,"(0.05,0.25]",0,"[1, 1, 1, 1, 1, 1, 1, 1, 1, 1, 1, 1, 1, 1, 1, 1]","[39.999996185302734,64.0,20.099998474121094,2.539583683013916,610.2214965820312,5.0,0.16698503494262695,90.0,11.399999618530273,0.4202510118484497,0.1421239972114563,0.13140399754047394,0.13648299872875214,0.13084200024604797,0.08093900233507156,0.0,33.099998474121094,11498.8515625,45.0,25.0,90.0,3.239863872528076]","{""cumsumfert"":39.999996185302734,""dap"":64.0,""dlayr"":5.0,""dtt"":20.099998474121094,""dul"":0.33000001311302185,""ep"":2.539583683013916,""grnwt"":610.2214813232422,""istage"":5.0,""ll"":0.09000000357627869,""nstres"":0.16698503494262695,""rtdep"":90.0,""sat"":0.4599999785423279,""srad"":11.399999618530273,""sw"":0.4202510118484497,""swfac"":0.0,""tmax"":33.099998474121094,""topwt"":11498.851318359375,""totir"":45.0,""vstage"":25.0,""wtdep"":90.0,""xlai"":3.239863872528076}"
