station_code,year,seed,checkpoint_step,algorithm,date,doy,dap,rain,srad,tmax,tmin,swfac,nstres,topwt,grnwt,xlai,reward,discrete_action_index,requested_discrete_action_index,mask_forced_noop,raw_action_amir,raw_action_anfer,safe_action_amir,safe_action_anfer,season_cumulative_irrigation,season_cumulative_n,action_safety_triggered,mask_valid_action_count,yield_component,resource_cost,water_stress_relief,nitrogen_stress_relief,stress_relief_bonus,reward_unscaled,reward_scale,reward_stress_aware,previous_cumulative_irrigation,previous_cumulative_n,i240_staged_irrigation_reserve_enabled,early_dap_end,mid_dap_end,early_cum_irrigation_cap_mm,mid_cum_irrigation_cap_mm,season_irrigation_cap_mm,irrigation_before_action_mm,irrigation_after_action_mm,active_stage_for_irrigation_mask,early_remaining_before_action_mm,mid_remaining_before_action_mm,late_reserved_reference_before_action_mm,swfac_guardrail_enabled,swfac_guardrail_threshold,swfac_guardrail_coef,swfac_after_step,swfac_guardrail_excess,swfac_guardrail_penalty_unscaled,swfac_guardrail_penalty_scaled,reward_before_swfac_guardrail,reward_after_swfac_guardrail,late_irrigation_reserve_mask_enabled,late_reserve_dap_end,pre_late_cum_irrigation_cap_mm,late_reserved_irrigation_mm,late_reserve_active_before_action,late_reserve_irrigation_before_action_mm,late_reserve_irrigation_after_action_mm,late_reserve_remaining_before_action_mm,done,info
SYA,2014,0,10000,MaskablePPO,2014-04-21,111,1,0.0,20.16,21.8,3.8,0.0,0.0,0.0,0.0,0.0,-0.1264,1,1,False,0.0,80.0,0.0,80.0,0.0,80.0,,2,0.0,126.4,0.14499999582767487,0.0,0.0,-126.4,0.001,-0.1264,0.0,0.0,True,30,60,75.0,150.0,240.0,0.0,0.0,early,75.0,150.0,90.0,True,0.05,50.0,0.0,0.0,0.0,0.0,-0.1264,-0.1264,True,90,195.0,45.0,True,0.0,0.0,195.0,False,"{""sat"": ""[0.43000001 0.42500001 0.41999999 0.46999997 0.43000001 0.41999999\n 0.41999999 0.46999997 0.46999997]"", ""dul"": ""[0.37       0.34499997 0.31999999 0.31       0.31999999 0.31\n 0.31       0.34999999 0.34999999]"", ""ll"": ""[0.14       0.14500001 0.15000001 0.16       0.14       0.13\n 0.13       0.13       0.13      ]"", ""dlayr"": ""[ 5. 10.  5. 10. 10. 10. 10. 20. 20.]""}"
SYA,2014,0,10000,MaskablePPO,2014-04-22,112,2,0.0,20.443,25.1,8.5,0.0,0.0,0.0,0.0,0.0,0.0,0,0,False,0.0,0.0,0.0,0.0,0.0,80.0,,2,0.0,0.0,0.0,0.0,0.0,0.0,0.001,0.0,0.0,80.0,True,30,60,75.0,150.0,240.0,0.0,0.0,early,75.0,150.0,90.0,True,0.05,50.0,0.0,0.0,0.0,0.0,0.0,0.0,True,90,195.0,45.0,True,0.0,0.0,195.0,False,"{""sat"": ""[0.43000001 0.42500001 0.41999999 0.46999997 0.43000001 0.41999999\n 0.41999999 0.46999997 0.46999997]"", ""dul"": ""[0.37       0.34499997 0.31999999 0.31       0.31999999 0.31\n 0.31       0.34999999 0.34999999]"", ""ll"": ""[0.14       0.14500001 0.15000001 0.16       0.14       0.13\n 0.13       0.13       0.13      ]"", ""dlayr"": ""[ 5. 10.  5. 10. 10. 10. 10. 20. 20.]""}"
SYA,2014,0,10000,MaskablePPO,2014-04-23,113,3,0.0,17.141,26.6,11.5,0.0,0.0,0.0,0.0,0.0,0.0,0,0,False,0.0,0.0,0.0,0.0,0.0,80.0,,2,0.0,0.0,0.0,0.0,0.0,0.0,0.001,0.0,0.0,80.0,True,30,60,75.0,150.0,240.0,0.0,0.0,early,75.0,150.0,90.0,True,0.05,50.0,0.0,0.0,0.0,0.0,0.0,0.0,True,90,195.0,45.0,True,0.0,0.0,195.0,False,"{""sat"": ""[0.43000001 0.42500001 0.41999999 0.46999997 0.43000001 0.41999999\n 0.41999999 0.46999997 0.46999997]"", ""dul"": ""[0.37       0.34499997 0.31999999 0.31       0.31999999 0.31\n 0.31       0.34999999 0.34999999]"", ""ll"": ""[0.14       0.14500001 0.15000001 0.16       0.14       0.13\n 0.13       0.13       0.13      ]"", ""dlayr"": ""[ 5. 10.  5. 10. 10. 10. 10. 20. 20.]""}"
SYA,2014,0,10000,MaskablePPO,2014-04-24,114,4,0.0,17.766,24.6,14.6,0.0,0.0,0.0,0.0,0.0,0.0,0,0,False,0.0,0.0,0.0,0.0,0.0,80.0,,2,0.0,0.0,0.0,0.0,0.0,0.0,0.001,0.0,0.0,80.0,True,30,60,75.0,150.0,240.0,0.0,0.0,early,75.0,150.0,90.0,True,0.05,50.0,0.0,0.0,0.0,0.0,0.0,0.0,True,90,195.0,45.0,True,0.0,0.0,195.0,False,"{""sat"": ""[0.43000001 0.42500001 0.41999999 0.46999997 0.43000001 0.41999999\n 0.41999999 0.46999997 0.46999997]"", ""dul"": ""[0.37       0.34499997 0.31999999 0.31       0.31999999 0.31\n 0.31       0.34999999 0.34999999]"", ""ll"": ""[0.14       0.14500001 0.15000001 0.16       0.14       0.13\n 0.13       0.13       0.13      ]"", ""dlayr"": ""[ 5. 10.  5. 10. 10. 10. 10. 20. 20.]""}"
SYA,2014,0,10000,MaskablePPO,2014-04-25,115,5,0.0,21.535,27.3,12.9,0.0,0.0,0.0,0.0,0.0,0.0,0,0,False,0.0,0.0,0.0,0.0,0.0,80.0,,2,0.0,0.0,0.0,0.0,0.0,0.0,0.001,0.0,0.0,80.0,True,30,60,75.0,150.0,240.0,0.0,0.0,early,75.0,150.0,90.0,True,0.05,50.0,0.0,0.0,0.0,0.0,0.0,0.0,True,90,195.0,45.0,True,0.0,0.0,195.0,False,"{""sat"": ""[0.43000001 0.42500001 0.41999999 0.46999997 0.43000001 0.41999999\n 0.41999999 0.46999997 0.46999997]"", ""dul"": ""[0.37       0.34499997 0.31999999 0.31       0.31999999 0.31\n 0.31       0.34999999 0.34999999]"", ""ll"": ""[0.14       0.14500001 0.15000001 0.16       0.14       0.13\n 0.13       0.13       0.13      ]"", ""dlayr"": ""[ 5. 10.  5. 10. 10. 10. 10. 20. 20.]""}"
SYA,2014,0,10000,MaskablePPO,2014-04-21,111,1,0.0,20.16,21.8,3.8,0.0,0.0,0.0,0.0,0.0,0.0,0,0,False,0.0,0.0,0.0,0.0,0.0,80.0,,2,0.0,0.0,0.0,0.0,0.0,0.0,0.001,0.0,0.0,80.0,True,30,60,75.0,150.0,240.0,0.0,0.0,early,75.0,150.0,90.0,True,0.05,50.0,0.0,0.0,0.0,0.0,0.0,0.0,True,90,195.0,45.0,True,0.0,0.0,195.0,False,"{""sat"": ""[0.43000001 0.42500001 0.41999999 0.46999997 0.43000001 0.41999999\n 0.41999999 0.46999997 0.46999997]"", ""dul"": ""[0.37       0.34499997 0.31999999 0.31       0.31999999 0.31\n 0.31       0.34999999 0.34999999]"", ""ll"": ""[0.14       0.14500001 0.15000001 0.16       0.14       0.13\n 0.13       0.13       0.13      ]"", ""dlayr"": ""[ 5. 10.  5. 10. 10. 10. 10. 20. 20.]""}"
SYA,2014,0,10000,MaskablePPO,2014-04-22,112,2,0.0,20.443,25.1,8.5,0.0,0.0,0.0,0.0,0.0,0.0,0,0,False,0.0,0.0,0.0,0.0,0.0,80.0,,2,0.0,0.0,0.0,0.0,0.0,0.0,0.001,0.0,0.0,80.0,True,30,60,75.0,150.0,240.0,0.0,0.0,early,75.0,150.0,90.0,True,0.05,50.0,0.0,0.0,0.0,0.0,0.0,0.0,True,90,195.0,45.0,True,0.0,0.0,195.0,False,"{""sat"": ""[0.43000001 0.42500001 0.41999999 0.46999997 0.43000001 0.41999999\n 0.41999999 0.46999997 0.46999997]"", ""dul"": ""[0.37       0.34499997 0.31999999 0.31       0.31999999 0.31\n 0.31       0.34999999 0.34999999]"", ""ll"": ""[0.14       0.14500001 0.15000001 0.16       0.14       0.13\n 0.13       0.13       0.13      ]"", ""dlayr"": ""[ 5. 10.  5. 10. 10. 10. 10. 20. 20.]""}"
SYA,2014,0,10000,MaskablePPO,2014-04-23,113,3,0.0,17.141,26.6,11.5,0.0,0.0,0.0,0.0,0.0,0.0,0,0,False,0.0,0.0,0.0,0.0,0.0,80.0,,2,0.0,0.0,0.0,0.0,0.0,0.0,0.001,0.0,0.0,80.0,True,30,60,75.0,150.0,240.0,0.0,0.0,early,75.0,150.0,90.0,True,0.05,50.0,0.0,0.0,0.0,0.0,0.0,0.0,True,90,195.0,45.0,True,0.0,0.0,195.0,False,"{""sat"": ""[0.43000001 0.42500001 0.41999999 0.46999997 0.43000001 0.41999999\n 0.41999999 0.46999997 0.46999997]"", ""dul"": ""[0.37       0.34499997 0.31999999 0.31       0.31999999 0.31\n 0.31       0.34999999 0.34999999]"", ""ll"": ""[0.14       0.14500001 0.15000001 0.16       0.14       0.13\n 0.13       0.13       0.13      ]"", ""dlayr"": ""[ 5. 10.  5. 10. 10. 10. 10. 20. 20.]""}"
SYA,2014,0,10000,MaskablePPO,2014-04-24,114,4,0.0,17.766,24.6,14.6,0.0,0.0,0.0,0.0,0.0,0.0,0,0,False,0.0,0.0,0.0,0.0,0.0,80.0,,2,0.0,0.0,0.0,0.0,0.0,0.0,0.001,0.0,0.0,80.0,True,30,60,75.0,150.0,240.0,0.0,0.0,early,75.0,150.0,90.0,True,0.05,50.0,0.0,0.0,0.0,0.0,0.0,0.0,True,90,195.0,45.0,True,0.0,0.0,195.0,False,"{""sat"": ""[0.43000001 0.42500001 0.41999999 0.46999997 0.43000001 0.41999999\n 0.41999999 0.46999997 0.46999997]"", ""dul"": ""[0.37       0.34499997 0.31999999 0.31       0.31999999 0.31\n 0.31       0.34999999 0.34999999]"", ""ll"": ""[0.14       0.14500001 0.15000001 0.16       0.14       0.13\n 0.13       0.13       0.13      ]"", ""dlayr"": ""[ 5. 10.  5. 10. 10. 10. 10. 20. 20.]""}"
SYA,2014,0,10000,MaskablePPO,2014-04-25,115,5,0.0,21.535,27.3,12.9,0.0,0.0,0.0,0.0,0.0,0.0,0,0,False,0.0,0.0,0.0,0.0,0.0,80.0,,2,0.0,0.0,0.0,0.0,0.0,0.0,0.001,0.0,0.0,80.0,True,30,60,75.0,150.0,240.0,0.0,0.0,early,75.0,150.0,90.0,True,0.05,50.0,0.0,0.0,0.0,0.0,0.0,0.0,True,90,195.0,45.0,True,0.0,0.0,195.0,False,"{""sat"": ""[0.43000001 0.42500001 0.41999999 0.46999997 0.43000001 0.41999999\n 0.41999999 0.46999997 0.46999997]"", ""dul"": ""[0.37       0.34499997 0.31999999 0.31       0.31999999 0.31\n 0.31       0.34999999 0.34999999]"", ""ll"": ""[0.14       0.14500001 0.15000001 0.16       0.14       0.13\n 0.13       0.13       0.13      ]"", ""dlayr"": ""[ 5. 10.  5. 10. 10. 10. 10. 20. 20.]""}"
SYA,2014,0,10000,MaskablePPO,2014-04-26,116,6,0.0,10.201,21.0,14.3,0.0,0.0,0.0,0.0,0.0,0.0,0,0,False,0.0,0.0,0.0,0.0,0.0,80.0,,2,0.0,0.0,0.0,0.0,0.0,0.0,0.001,0.0,0.0,80.0,True,30,60,75.0,150.0,240.0,0.0,0.0,early,75.0,150.0,90.0,True,0.05,50.0,0.0,0.0,0.0,0.0,0.0,0.0,True,90,195.0,45.0,True,0.0,0.0,195.0,False,"{""sat"": ""[0.43000001 0.42500001 0.41999999 0.46999997 0.43000001 0.41999999\n 0.41999999 0.46999997 0.46999997]"", ""dul"": ""[0.37       0.34499997 0.31999999 0.31       0.31999999 0.31\n 0.31       0.34999999 0.34999999]"", ""ll"": ""[0.14       0.14500001 0.15000001 0.16       0.14       0.13\n 0.13       0.13       0.13      ]"", ""dlayr"": ""[ 5. 10.  5. 10. 10. 10. 10. 20. 20.]""}"
SYA,2014,0,10000,MaskablePPO,2014-04-27,117,7,0.0,21.216,20.7,8.6,0.0,0.0,0.0,0.0,0.0,0.0,0,0,False,0.0,0.0,0.0,0.0,0.0,80.0,,4,0.0,0.0,0.0,0.0,0.0,0.0,0.001,0.0,0.0,80.0,True,30,60,75.0,150.0,240.0,0.0,0.0,early,75.0,150.0,90.0,True,0.05,50.0,0.0,0.0,0.0,0.0,0.0,0.0,True,90,195.0,45.0,True,0.0,0.0,195.0,False,"{""sat"": ""[0.43000001 0.42500001 0.41999999 0.46999997 0.43000001 0.41999999\n 0.41999999 0.46999997 0.46999997]"", ""dul"": ""[0.37       0.34499997 0.31999999 0.31       0.31999999 0.31\n 0.31       0.34999999 0.34999999]"", ""ll"": ""[0.14       0.14500001 0.15000001 0.16       0.14       0.13\n 0.13       0.13       0.13      ]"", ""dlayr"": ""[ 5. 10.  5. 10. 10. 10. 10. 20. 20.]""}"
SYA,2014,0,10000,MaskablePPO,2014-04-28,118,8,0.0,24.238,24.4,7.0,0.0,0.0,0.0,0.0,0.0,0.0,0,0,False,0.0,0.0,0.0,0.0,0.0,80.0,,4,0.0,0.0,0.0,0.0,0.0,0.0,0.001,0.0,0.0,80.0,True,30,60,75.0,150.0,240.0,0.0,0.0,early,75.0,150.0,90.0,True,0.05,50.0,0.0,0.0,0.0,0.0,0.0,0.0,True,90,195.0,45.0,True,0.0,0.0,195.0,False,"{""sat"": ""[0.43000001 0.42500001 0.41999999 0.46999997 0.43000001 0.41999999\n 0.41999999 0.46999997 0.46999997]"", ""dul"": ""[0.37       0.34499997 0.31999999 0.31       0.31999999 0.31\n 0.31       0.34999999 0.34999999]"", ""ll"": ""[0.14       0.14500001 0.15000001 0.16       0.14       0.13\n 0.13       0.13       0.13      ]"", ""dlayr"": ""[ 5. 10.  5. 10. 10. 10. 10. 20. 20.]""}"
SYA,2014,0,10000,MaskablePPO,2014-04-29,119,9,0.0,22.362,26.1,5.6,0.0,0.0,0.0,0.0,0.0,0.0,0,0,False,0.0,0.0,0.0,0.0,0.0,80.0,,4,0.0,0.0,0.0,0.0,0.0,0.0,0.001,0.0,0.0,80.0,True,30,60,75.0,150.0,240.0,0.0,0.0,early,75.0,150.0,90.0,True,0.05,50.0,0.0,0.0,0.0,0.0,0.0,0.0,True,90,195.0,45.0,True,0.0,0.0,195.0,False,"{""sat"": ""[0.43000001 0.42500001 0.41999999 0.46999997 0.43000001 0.41999999\n 0.41999999 0.46999997 0.46999997]"", ""dul"": ""[0.37       0.34499997 0.31999999 0.31       0.31999999 0.31\n 0.31       0.34999999 0.34999999]"", ""ll"": ""[0.14       0.14500001 0.15000001 0.16       0.14       0.13\n 0.13       0.13       0.13      ]"", ""dlayr"": ""[ 5. 10.  5. 10. 10. 10. 10. 20. 20.]""}"
SYA,2014,0,10000,MaskablePPO,2014-04-30,120,10,0.0,23.465,28.2,9.4,0.0,0.0,0.0,0.0,0.0,0.0,0,0,False,0.0,0.0,0.0,0.0,0.0,80.0,,4,0.0,0.0,0.0,0.0,0.0,0.0,0.001,0.0,0.0,80.0,True,30,60,75.0,150.0,240.0,0.0,0.0,early,75.0,150.0,90.0,True,0.05,50.0,0.0,0.0,0.0,0.0,0.0,0.0,True,90,195.0,45.0,True,0.0,0.0,195.0,False,"{""sat"": ""[0.43000001 0.42500001 0.41999999 0.46999997 0.43000001 0.41999999\n 0.41999999 0.46999997 0.46999997]"", ""dul"": ""[0.37       0.34499997 0.31999999 0.31       0.31999999 0.31\n 0.31       0.34999999 0.34999999]"", ""ll"": ""[0.14       0.14500001 0.15000001 0.16       0.14       0.13\n 0.13       0.13       0.13      ]"", ""dlayr"": ""[ 5. 10.  5. 10. 10. 10. 10. 20. 20.]""}"
SYA,2014,0,10000,MaskablePPO,2014-05-01,121,11,0.0,20.933,28.3,15.1,0.0,0.0,0.0,0.0,0.0,0.0,0,0,False,0.0,0.0,0.0,0.0,0.0,80.0,,4,0.0,0.0,0.0,0.0,0.0,0.0,0.001,0.0,0.0,80.0,True,30,60,75.0,150.0,240.0,0.0,0.0,early,75.0,150.0,90.0,True,0.05,50.0,0.0,0.0,0.0,0.0,0.0,0.0,True,90,195.0,45.0,True,0.0,0.0,195.0,False,"{""sat"": ""[0.43000001 0.42500001 0.41999999 0.46999997 0.43000001 0.41999999\n 0.41999999 0.46999997 0.46999997]"", ""dul"": ""[0.37       0.34499997 0.31999999 0.31       0.31999999 0.31\n 0.31       0.34999999 0.34999999]"", ""ll"": ""[0.14       0.14500001 0.15000001 0.16       0.14       0.13\n 0.13       0.13       0.13      ]"", ""dlayr"": ""[ 5. 10.  5. 10. 10. 10. 10. 20. 20.]""}"
SYA,2014,0,10000,MaskablePPO,2014-05-02,122,12,9.0,2.667,22.2,6.1,0.0,0.0,0.0,0.0,0.0,0.0,0,0,False,0.0,0.0,0.0,0.0,0.0,80.0,,4,0.0,0.0,0.0,0.0,0.0,0.0,0.001,0.0,0.0,80.0,True,30,60,75.0,150.0,240.0,0.0,0.0,early,75.0,150.0,90.0,True,0.05,50.0,0.0,0.0,0.0,0.0,0.0,0.0,True,90,195.0,45.0,True,0.0,0.0,195.0,False,"{""sat"": ""[0.43000001 0.42500001 0.41999999 0.46999997 0.43000001 0.41999999\n 0.41999999 0.46999997 0.46999997]"", ""dul"": ""[0.37       0.34499997 0.31999999 0.31       0.31999999 0.31\n 0.31       0.34999999 0.34999999]"", ""ll"": ""[0.14       0.14500001 0.15000001 0.16       0.14       0.13\n 0.13       0.13       0.13      ]"", ""dlayr"": ""[ 5. 10.  5. 10. 10. 10. 10. 20. 20.]""}"
SYA,2014,0,10000,MaskablePPO,2014-05-03,123,13,0.0,23.853,22.3,1.7,0.0,0.0,0.0,0.0,0.0,0.0,0,0,False,0.0,0.0,0.0,0.0,0.0,80.0,,4,0.0,0.0,0.0,0.0,0.0,0.0,0.001,0.0,0.0,80.0,True,30,60,75.0,150.0,240.0,0.0,0.0,early,75.0,150.0,90.0,True,0.05,50.0,0.0,0.0,0.0,0.0,0.0,0.0,True,90,195.0,45.0,True,0.0,0.0,195.0,False,"{""sat"": ""[0.43000001 0.42500001 0.41999999 0.46999997 0.43000001 0.41999999\n 0.41999999 0.46999997 0.46999997]"", ""dul"": ""[0.37       0.34499997 0.31999999 0.31       0.31999999 0.31\n 0.31       0.34999999 0.34999999]"", ""ll"": ""[0.14       0.14500001 0.15000001 0.16       0.14       0.13\n 0.13       0.13       0.13      ]"", ""dlayr"": ""[ 5. 10.  5. 10. 10. 10. 10. 20. 20.]""}"
SYA,2014,0,10000,MaskablePPO,2014-05-04,124,14,13.0,8.251,15.0,5.4,0.0,0.0,0.0,0.0,0.0,0.0,0,0,False,0.0,0.0,0.0,0.0,0.0,80.0,,4,0.0,0.0,0.0,0.0,0.0,0.0,0.001,0.0,0.0,80.0,True,30,60,75.0,150.0,240.0,0.0,0.0,early,75.0,150.0,90.0,True,0.05,50.0,0.0,0.0,0.0,0.0,0.0,0.0,True,90,195.0,45.0,True,0.0,0.0,195.0,False,"{""sat"": ""[0.43000001 0.42500001 0.41999999 0.46999997 0.43000001 0.41999999\n 0.41999999 0.46999997 0.46999997]"", ""dul"": ""[0.37       0.34499997 0.31999999 0.31       0.31999999 0.31\n 0.31       0.34999999 0.34999999]"", ""ll"": ""[0.14       0.14500001 0.15000001 0.16       0.14       0.13\n 0.13       0.13       0.13      ]"", ""dlayr"": ""[ 5. 10.  5. 10. 10. 10. 10. 20. 20.]""}"
SYA,2014,0,10000,MaskablePPO,2014-05-05,125,15,0.0,23.657,14.5,1.8,0.0,0.0,0.0,0.0,0.0,0.0,0,0,False,0.0,0.0,0.0,0.0,0.0,80.0,,4,0.0,0.0,0.0,0.0,0.0,0.0,0.001,0.0,0.0,80.0,True,30,60,75.0,150.0,240.0,0.0,0.0,early,75.0,150.0,90.0,True,0.05,50.0,0.0,0.0,0.0,0.0,0.0,0.0,True,90,195.0,45.0,True,0.0,0.0,195.0,False,"{""sat"": ""[0.43000001 0.42500001 0.41999999 0.46999997 0.43000001 0.41999999\n 0.41999999 0.46999997 0.46999997]"", ""dul"": ""[0.37       0.34499997 0.31999999 0.31       0.31999999 0.31\n 0.31       0.34999999 0.34999999]"", ""ll"": ""[0.14       0.14500001 0.15000001 0.16       0.14       0.13\n 0.13       0.13       0.13      ]"", ""dlayr"": ""[ 5. 10.  5. 10. 10. 10. 10. 20. 20.]""}"
SYA,2014,0,10000,MaskablePPO,2014-05-06,126,16,0.0,25.631,19.5,6.2,0.0,0.0,0.0,0.0,0.0,0.0,0,0,False,0.0,0.0,0.0,0.0,0.0,80.0,,4,0.0,0.0,0.0,0.0,0.0,0.0,0.001,0.0,0.0,80.0,True,30,60,75.0,150.0,240.0,0.0,0.0,early,75.0,150.0,90.0,True,0.05,50.0,0.0,0.0,0.0,0.0,0.0,0.0,True,90,195.0,45.0,True,0.0,0.0,195.0,False,"{""sat"": ""[0.43000001 0.42500001 0.41999999 0.46999997 0.43000001 0.41999999\n 0.41999999 0.46999997 0.46999997]"", ""dul"": ""[0.37       0.34499997 0.31999999 0.31       0.31999999 0.31\n 0.31       0.34999999 0.34999999]"", ""ll"": ""[0.14       0.14500001 0.15000001 0.16       0.14       0.13\n 0.13       0.13       0.13      ]"", ""dlayr"": ""[ 5. 10.  5. 10. 10. 10. 10. 20. 20.]""}"
SYA,2014,0,10000,MaskablePPO,2014-05-07,127,17,0.0,6.672,13.2,9.8,0.0,0.0,0.0,0.0,0.0,0.0,0,0,False,0.0,0.0,0.0,0.0,0.0,80.0,,4,0.0,0.0,0.0,0.0,0.0,0.0,0.001,0.0,0.0,80.0,True,30,60,75.0,150.0,240.0,0.0,0.0,early,75.0,150.0,90.0,True,0.05,50.0,0.0,0.0,0.0,0.0,0.0,0.0,True,90,195.0,45.0,True,0.0,0.0,195.0,False,"{""sat"": ""[0.43000001 0.42500001 0.41999999 0.46999997 0.43000001 0.41999999\n 0.41999999 0.46999997 0.46999997]"", ""dul"": ""[0.37       0.34499997 0.31999999 0.31       0.31999999 0.31\n 0.31       0.34999999 0.34999999]"", ""ll"": ""[0.14       0.14500001 0.15000001 0.16       0.14       0.13\n 0.13       0.13       0.13      ]"", ""dlayr"": ""[ 5. 10.  5. 10. 10. 10. 10. 20. 20.]""}"
SYA,2014,0,10000,MaskablePPO,2014-05-08,128,18,0.0,22.495,20.7,4.0,0.0,0.0,0.0,0.0,0.0,0.0,0,0,False,0.0,0.0,0.0,0.0,0.0,80.0,,4,0.0,0.0,0.0,0.0,0.0,0.0,0.001,0.0,0.0,80.0,True,30,60,75.0,150.0,240.0,0.0,0.0,early,75.0,150.0,90.0,True,0.05,50.0,0.0,0.0,0.0,0.0,0.0,0.0,True,90,195.0,45.0,True,0.0,0.0,195.0,False,"{""sat"": ""[0.43000001 0.42500001 0.41999999 0.46999997 0.43000001 0.41999999\n 0.41999999 0.46999997 0.46999997]"", ""dul"": ""[0.37       0.34499997 0.31999999 0.31       0.31999999 0.31\n 0.31       0.34999999 0.34999999]"", ""ll"": ""[0.14       0.14500001 0.15000001 0.16       0.14       0.13\n 0.13       0.13       0.13      ]"", ""dlayr"": ""[ 5. 10.  5. 10. 10. 10. 10. 20. 20.]""}"
SYA,2014,0,10000,MaskablePPO,2014-05-09,129,19,0.0,16.253,21.2,4.7,0.0,0.0,0.0,0.0,0.0,0.0,0,0,False,0.0,0.0,0.0,0.0,0.0,80.0,,4,0.0,0.0,0.0,0.0,0.0,0.0,0.001,0.0,0.0,80.0,True,30,60,75.0,150.0,240.0,0.0,0.0,early,75.0,150.0,90.0,True,0.05,50.0,0.0,0.0,0.0,0.0,0.0,0.0,True,90,195.0,45.0,True,0.0,0.0,195.0,False,"{""sat"": ""[0.43000001 0.42500001 0.41999999 0.46999997 0.43000001 0.41999999\n 0.41999999 0.46999997 0.46999997]"", ""dul"": ""[0.37       0.34499997 0.31999999 0.31       0.31999999 0.31\n 0.31       0.34999999 0.34999999]"", ""ll"": ""[0.14       0.14500001 0.15000001 0.16       0.14       0.13\n 0.13       0.13       0.13      ]"", ""dlayr"": ""[ 5. 10.  5. 10. 10. 10. 10. 20. 20.]""}"
SYA,2014,0,10000,MaskablePPO,2014-05-10,130,20,0.0,22.925,26.2,7.3,0.0,0.0,0.0,0.0,0.0,0.0,0,0,False,0.0,0.0,0.0,0.0,0.0,80.0,,4,0.0,0.0,0.0,0.0,0.0,0.0,0.001,0.0,0.0,80.0,True,30,60,75.0,150.0,240.0,0.0,0.0,early,75.0,150.0,90.0,True,0.05,50.0,0.0,0.0,0.0,0.0,0.0,0.0,True,90,195.0,45.0,True,0.0,0.0,195.0,False,"{""sat"": ""[0.43000001 0.42500001 0.41999999 0.46999997 0.43000001 0.41999999\n 0.41999999 0.46999997 0.46999997]"", ""dul"": ""[0.37       0.34499997 0.31999999 0.31       0.31999999 0.31\n 0.31       0.34999999 0.34999999]"", ""ll"": ""[0.14       0.14500001 0.15000001 0.16       0.14       0.13\n 0.13       0.13       0.13      ]"", ""dlayr"": ""[ 5. 10.  5. 10. 10. 10. 10. 20. 20.]""}"
SYA,2014,0,10000,MaskablePPO,2014-05-11,131,21,19.0,2.645,20.8,11.4,0.0,0.0,0.0,0.0,0.0,0.0,0,0,False,0.0,0.0,0.0,0.0,0.0,80.0,,4,0.0,0.0,0.0,0.0,0.0,0.0,0.001,0.0,0.0,80.0,True,30,60,75.0,150.0,240.0,0.0,0.0,early,75.0,150.0,90.0,True,0.05,50.0,0.0,0.0,0.0,0.0,0.0,0.0,True,90,195.0,45.0,True,0.0,0.0,195.0,False,"{""sat"": ""[0.43000001 0.42500001 0.41999999 0.46999997 0.43000001 0.41999999\n 0.41999999 0.46999997 0.46999997]"", ""dul"": ""[0.37       0.34499997 0.31999999 0.31       0.31999999 0.31\n 0.31       0.34999999 0.34999999]"", ""ll"": ""[0.14       0.14500001 0.15000001 0.16       0.14       0.13\n 0.13       0.13       0.13      ]"", ""dlayr"": ""[ 5. 10.  5. 10. 10. 10. 10. 20. 20.]""}"
SYA,2014,0,10000,MaskablePPO,2014-05-12,132,22,0.0,6.614,18.3,11.0,0.0,0.0,0.0,0.0,0.0,0.0,0,0,False,0.0,0.0,0.0,0.0,0.0,80.0,,4,0.0,0.0,0.0,0.0,0.0,0.0,0.001,0.0,0.0,80.0,True,30,60,75.0,150.0,240.0,0.0,0.0,early,75.0,150.0,90.0,True,0.05,50.0,0.0,0.0,0.0,0.0,0.0,0.0,True,90,195.0,45.0,True,0.0,0.0,195.0,False,"{""sat"": ""[0.43000001 0.42500001 0.41999999 0.46999997 0.43000001 0.41999999\n 0.41999999 0.46999997 0.46999997]"", ""dul"": ""[0.37       0.34499997 0.31999999 0.31       0.31999999 0.31\n 0.31       0.34999999 0.34999999]"", ""ll"": ""[0.14       0.14500001 0.15000001 0.16       0.14       0.13\n 0.13       0.13       0.13      ]"", ""dlayr"": ""[ 5. 10.  5. 10. 10. 10. 10. 20. 20.]""}"
SYA,2014,0,10000,MaskablePPO,2014-05-13,133,23,0.0,20.695,25.3,12.1,0.0,0.0,0.0,0.0,0.0,0.0,0,0,False,0.0,0.0,0.0,0.0,0.0,80.0,,4,0.0,0.0,0.0,0.0,0.0,0.0,0.001,0.0,0.0,80.0,True,30,60,75.0,150.0,240.0,0.0,0.0,early,75.0,150.0,90.0,True,0.05,50.0,0.0,0.0,0.0,0.0,0.0,0.0,True,90,195.0,45.0,True,0.0,0.0,195.0,False,"{""sat"": ""[0.43000001 0.42500001 0.41999999 0.46999997 0.43000001 0.41999999\n 0.41999999 0.46999997 0.46999997]"", ""dul"": ""[0.37       0.34499997 0.31999999 0.31       0.31999999 0.31\n 0.31       0.34999999 0.34999999]"", ""ll"": ""[0.14       0.14500001 0.15000001 0.16       0.14       0.13\n 0.13       0.13       0.13      ]"", ""dlayr"": ""[ 5. 10.  5. 10. 10. 10. 10. 20. 20.]""}"
SYA,2014,0,10000,MaskablePPO,2014-05-14,134,24,0.0,21.656,22.0,11.4,0.0,0.012191057205200195,17.600001096725464,0.0,0.001308342907577753,0.0,0,0,False,0.0,0.0,0.0,0.0,0.0,80.0,,4,0.0,0.0,0.0,0.0,0.0,0.0,0.001,0.0,0.0,80.0,True,30,60,75.0,150.0,240.0,0.0,0.0,early,75.0,150.0,90.0,True,0.05,50.0,0.0,0.0,0.0,0.0,0.0,0.0,True,90,195.0,45.0,True,0.0,0.0,195.0,False,"{""sat"": ""[0.43000001 0.42500001 0.41999999 0.46999997 0.43000001 0.41999999\n 0.41999999 0.46999997 0.46999997]"", ""dul"": ""[0.37       0.34499997 0.31999999 0.31       0.31999999 0.31\n 0.31       0.34999999 0.34999999]"", ""ll"": ""[0.14       0.14500001 0.15000001 0.16       0.14       0.13\n 0.13       0.13       0.13      ]"", ""dlayr"": ""[ 5. 10.  5. 10. 10. 10. 10. 20. 20.]""}"
SYA,2014,0,10000,MaskablePPO,2014-05-15,135,25,0.0,26.154,22.4,9.9,0.0,0.014291882514953613,17.600001096725464,0.0,0.0023910447489470243,0.0,0,0,False,0.0,0.0,0.0,0.0,0.0,80.0,,4,0.0,0.0,0.0,0.0,0.0,0.0,0.001,0.0,0.0,80.0,True,30,60,75.0,150.0,240.0,0.0,0.0,early,75.0,150.0,90.0,True,0.05,50.0,0.0,0.0,0.0,0.0,0.0,0.0,True,90,195.0,45.0,True,0.0,0.0,195.0,False,"{""sat"": ""[0.43000001 0.42500001 0.41999999 0.46999997 0.43000001 0.41999999\n 0.41999999 0.46999997 0.46999997]"", ""dul"": ""[0.37       0.34499997 0.31999999 0.31       0.31999999 0.31\n 0.31       0.34999999 0.34999999]"", ""ll"": ""[0.14       0.14500001 0.15000001 0.16       0.14       0.13\n 0.13       0.13       0.13      ]"", ""dlayr"": ""[ 5. 10.  5. 10. 10. 10. 10. 20. 20.]""}"
SYA,2014,0,10000,MaskablePPO,2014-05-16,136,26,0.0,26.513,24.8,8.5,0.0,0.010439276695251465,17.600001096725464,0.0,0.003641406074166298,0.0,0,0,False,0.0,0.0,0.0,0.0,0.0,80.0,,4,0.0,0.0,0.0,0.0038526058197021484,0.0,0.0,0.001,0.0,0.0,80.0,True,30,60,75.0,150.0,240.0,0.0,0.0,early,75.0,150.0,90.0,True,0.05,50.0,0.0,0.0,0.0,0.0,0.0,0.0,True,90,195.0,45.0,True,0.0,0.0,195.0,False,"{""sat"": ""[0.43000001 0.42500001 0.41999999 0.46999997 0.43000001 0.41999999\n 0.41999999 0.46999997 0.46999997]"", ""dul"": ""[0.37       0.34499997 0.31999999 0.31       0.31999999 0.31\n 0.31       0.34999999 0.34999999]"", ""ll"": ""[0.14       0.14500001 0.15000001 0.16       0.14       0.13\n 0.13       0.13       0.13      ]"", ""dlayr"": ""[ 5. 10.  5. 10. 10. 10. 10. 20. 20.]""}"
SYA,2014,0,10000,MaskablePPO,2014-05-17,137,27,0.0,26.507,24.9,9.4,0.0,0.00555187463760376,17.600001096725464,0.0,0.0054105063900351524,0.0,0,0,False,0.0,0.0,0.0,0.0,0.0,80.0,,4,0.0,0.0,0.0,0.004887402057647705,0.0,0.0,0.001,0.0,0.0,80.0,True,30,60,75.0,150.0,240.0,0.0,0.0,early,75.0,150.0,90.0,True,0.05,50.0,0.0,0.0,0.0,0.0,0.0,0.0,True,90,195.0,45.0,True,0.0,0.0,195.0,False,"{""sat"": ""[0.43000001 0.42500001 0.41999999 0.46999997 0.43000001 0.41999999\n 0.41999999 0.46999997 0.46999997]"", ""dul"": ""[0.37       0.34499997 0.31999999 0.31       0.31999999 0.31\n 0.31       0.34999999 0.34999999]"", ""ll"": ""[0.14       0.14500001 0.15000001 0.16       0.14       0.13\n 0.13       0.13       0.13      ]"", ""dlayr"": ""[ 5. 10.  5. 10. 10. 10. 10. 20. 20.]""}"
SYA,2014,0,10000,MaskablePPO,2014-05-18,138,28,0.0,22.215,27.4,13.6,0.0,0.0017791986465454102,17.600001096725464,0.0,0.006853124126791954,0.0,0,0,False,0.0,0.0,0.0,0.0,0.0,80.0,,4,0.0,0.0,0.0,0.0037726759910583496,0.0,0.0,0.001,0.0,0.0,80.0,True,30,60,75.0,150.0,240.0,0.0,0.0,early,75.0,150.0,90.0,True,0.05,50.0,0.0,0.0,0.0,0.0,0.0,0.0,True,90,195.0,45.0,True,0.0,0.0,195.0,False,"{""sat"": ""[0.43000001 0.42500001 0.41999999 0.46999997 0.43000001 0.41999999\n 0.41999999 0.46999997 0.46999997]"", ""dul"": ""[0.37       0.34499997 0.31999999 0.31       0.31999999 0.31\n 0.31       0.34999999 0.34999999]"", ""ll"": ""[0.14       0.14500001 0.15000001 0.16       0.14       0.13\n 0.13       0.13       0.13      ]"", ""dlayr"": ""[ 5. 10.  5. 10. 10. 10. 10. 20. 20.]""}"
SYA,2014,0,10000,MaskablePPO,2014-05-19,139,29,0.0,7.354,22.3,14.6,0.0,0.0,17.600001096725464,0.0,0.008084901608526707,0.0,0,0,False,0.0,0.0,0.0,0.0,0.0,80.0,,4,0.0,0.0,0.0,0.0017791986465454102,0.0,0.0,0.001,0.0,0.0,80.0,True,30,60,75.0,150.0,240.0,0.0,0.0,early,75.0,150.0,90.0,True,0.05,50.0,0.0,0.0,0.0,0.0,0.0,0.0,True,90,195.0,45.0,True,0.0,0.0,195.0,False,"{""sat"": ""[0.43000001 0.42500001 0.41999999 0.46999997 0.43000001 0.41999999\n 0.41999999 0.46999997 0.46999997]"", ""dul"": ""[0.37       0.34499997 0.31999999 0.31       0.31999999 0.31\n 0.31       0.34999999 0.34999999]"", ""ll"": ""[0.14       0.14500001 0.15000001 0.16       0.14       0.13\n 0.13       0.13       0.13      ]"", ""dlayr"": ""[ 5. 10.  5. 10. 10. 10. 10. 20. 20.]""}"
SYA,2014,0,10000,MaskablePPO,2014-05-20,140,30,15.6,20.632946727549463,19.1,13.1,0.0,0.0,17.600001096725464,0.0,0.010405703447759151,0.0,0,0,False,0.0,0.0,0.0,0.0,0.0,80.0,,4,0.0,0.0,0.0,0.0,0.0,0.0,0.001,0.0,0.0,80.0,True,30,60,75.0,150.0,240.0,0.0,0.0,early,75.0,150.0,90.0,True,0.05,50.0,0.0,0.0,0.0,0.0,0.0,0.0,True,90,195.0,45.0,True,0.0,0.0,195.0,False,"{""sat"": ""[0.43000001 0.42500001 0.41999999 0.46999997 0.43000001 0.41999999\n 0.41999999 0.46999997 0.46999997]"", ""dul"": ""[0.37       0.34499997 0.31999999 0.31       0.31999999 0.31\n 0.31       0.34999999 0.34999999]"", ""ll"": ""[0.14       0.14500001 0.15000001 0.16       0.14       0.13\n 0.13       0.13       0.13      ]"", ""dlayr"": ""[ 5. 10.  5. 10. 10. 10. 10. 20. 20.]""}"
SYA,2014,0,10000,MaskablePPO,2014-05-21,141,31,19.0,28.041,28.7,13.1,0.0,0.0,17.600001096725464,0.0,0.012857339344918728,0.0,0,0,False,0.0,0.0,0.0,0.0,0.0,80.0,,4,0.0,0.0,0.0,0.0,0.0,0.0,0.001,0.0,0.0,80.0,True,30,60,75.0,150.0,240.0,0.0,0.0,mid,,150.0,90.0,True,0.05,50.0,0.0,0.0,0.0,0.0,0.0,0.0,True,90,195.0,45.0,True,0.0,0.0,195.0,False,"{""sat"": ""[0.43000001 0.42500001 0.41999999 0.46999997 0.43000001 0.41999999\n 0.41999999 0.46999997 0.46999997]"", ""dul"": ""[0.37       0.34499997 0.31999999 0.31       0.31999999 0.31\n 0.31       0.34999999 0.34999999]"", ""ll"": ""[0.14       0.14500001 0.15000001 0.16       0.14       0.13\n 0.13       0.13       0.13      ]"", ""dlayr"": ""[ 5. 10.  5. 10. 10. 10. 10. 20. 20.]""}"
SYA,2014,0,10000,MaskablePPO,2014-05-22,142,32,0.0,21.778,31.7,9.7,0.0,0.0,17.600001096725464,0.0,0.02372736670076847,0.0,0,0,False,0.0,0.0,0.0,0.0,0.0,80.0,,4,0.0,0.0,0.0,0.0,0.0,0.0,0.001,0.0,0.0,80.0,True,30,60,75.0,150.0,240.0,0.0,0.0,mid,,150.0,90.0,True,0.05,50.0,0.0,0.0,0.0,0.0,0.0,0.0,True,90,195.0,45.0,True,0.0,0.0,195.0,False,"{""sat"": ""[0.43000001 0.42500001 0.41999999 0.46999997 0.43000001 0.41999999\n 0.41999999 0.46999997 0.46999997]"", ""dul"": ""[0.37       0.34499997 0.31999999 0.31       0.31999999 0.31\n 0.31       0.34999999 0.34999999]"", ""ll"": ""[0.14       0.14500001 0.15000001 0.16       0.14       0.13\n 0.13       0.13       0.13      ]"", ""dlayr"": ""[ 5. 10.  5. 10. 10. 10. 10. 20. 20.]""}"
SYA,2014,0,10000,MaskablePPO,2014-05-23,143,33,0.0,24.578,30.6,20.0,0.0,0.0,18.409063816070557,0.0,0.0323435515165329,0.0,0,0,False,0.0,0.0,0.0,0.0,0.0,80.0,,4,0.0,0.0,0.0,0.0,0.0,0.0,0.001,0.0,0.0,80.0,True,30,60,75.0,150.0,240.0,0.0,0.0,mid,,150.0,90.0,True,0.05,50.0,0.0,0.0,0.0,0.0,0.0,0.0,True,90,195.0,45.0,True,0.0,0.0,195.0,False,"{""sat"": ""[0.43000001 0.42500001 0.41999999 0.46999997 0.43000001 0.41999999\n 0.41999999 0.46999997 0.46999997]"", ""dul"": ""[0.37       0.34499997 0.31999999 0.31       0.31999999 0.31\n 0.31       0.34999999 0.34999999]"", ""ll"": ""[0.14       0.14500001 0.15000001 0.16       0.14       0.13\n 0.13       0.13       0.13      ]"", ""dlayr"": ""[ 5. 10.  5. 10. 10. 10. 10. 20. 20.]""}"
SYA,2014,0,10000,MaskablePPO,2014-05-24,144,34,0.0,10.523,25.8,17.2,0.0,0.0,21.07027292251587,0.0,0.03929653391242027,0.0,0,0,False,0.0,0.0,0.0,0.0,0.0,80.0,,4,0.0,0.0,0.0,0.0,0.0,0.0,0.001,0.0,0.0,80.0,True,30,60,75.0,150.0,240.0,0.0,0.0,mid,,150.0,90.0,True,0.05,50.0,0.0,0.0,0.0,0.0,0.0,0.0,True,90,195.0,45.0,True,0.0,0.0,195.0,False,"{""sat"": ""[0.43000001 0.42500001 0.41999999 0.46999997 0.43000001 0.41999999\n 0.41999999 0.46999997 0.46999997]"", ""dul"": ""[0.37       0.34499997 0.31999999 0.31       0.31999999 0.31\n 0.31       0.34999999 0.34999999]"", ""ll"": ""[0.14       0.14500001 0.15000001 0.16       0.14       0.13\n 0.13       0.13       0.13      ]"", ""dlayr"": ""[ 5. 10.  5. 10. 10. 10. 10. 20. 20.]""}"
SYA,2014,0,10000,MaskablePPO,2014-05-25,145,35,11.4,5.021,19.8,16.4,0.0,0.0,25.538020133972168,0.0,0.050315406173467636,0.0,0,0,False,0.0,0.0,0.0,0.0,0.0,80.0,,4,0.0,0.0,0.0,0.0,0.0,0.0,0.001,0.0,0.0,80.0,True,30,60,75.0,150.0,240.0,0.0,0.0,mid,,150.0,90.0,True,0.05,50.0,0.0,0.0,0.0,0.0,0.0,0.0,True,90,195.0,45.0,True,0.0,0.0,195.0,False,"{""sat"": ""[0.43000001 0.42500001 0.41999999 0.46999997 0.43000001 0.41999999\n 0.41999999 0.46999997 0.46999997]"", ""dul"": ""[0.37       0.34499997 0.31999999 0.31       0.31999999 0.31\n 0.31       0.34999999 0.34999999]"", ""ll"": ""[0.14       0.14500001 0.15000001 0.16       0.14       0.13\n 0.13       0.13       0.13      ]"", ""dlayr"": ""[ 5. 10.  5. 10. 10. 10. 10. 20. 20.]""}"
SYA,2014,0,10000,MaskablePPO,2014-05-26,146,36,0.0,26.983,27.6,14.0,0.0,0.0,31.25401735305786,0.0,0.06356100738048553,0.0,0,0,False,0.0,0.0,0.0,0.0,0.0,80.0,,4,0.0,0.0,0.0,0.0,0.0,0.0,0.001,0.0,0.0,80.0,True,30,60,75.0,150.0,240.0,0.0,0.0,mid,,150.0,90.0,True,0.05,50.0,0.0,0.0,0.0,0.0,0.0,0.0,True,90,195.0,45.0,True,0.0,0.0,195.0,False,"{""sat"": ""[0.43000001 0.42500001 0.41999999 0.46999997 0.43000001 0.41999999\n 0.41999999 0.46999997 0.46999997]"", ""dul"": ""[0.37       0.34499997 0.31999999 0.31       0.31999999 0.31\n 0.31       0.34999999 0.34999999]"", ""ll"": ""[0.14       0.14500001 0.15000001 0.16       0.14       0.13\n 0.13       0.13       0.13      ]"", ""dlayr"": ""[ 5. 10.  5. 10. 10. 10. 10. 20. 20.]""}"
SYA,2014,0,10000,MaskablePPO,2014-05-27,147,37,0.0,25.762,31.3,11.7,0.0,0.0,38.396170139312744,0.0,0.0791621282696724,0.0,0,0,False,0.0,0.0,0.0,0.0,0.0,80.0,,4,0.0,0.0,0.0,0.0,0.0,0.0,0.001,0.0,0.0,80.0,True,30,60,75.0,150.0,240.0,0.0,0.0,mid,,150.0,90.0,True,0.05,50.0,0.0,0.0,0.0,0.0,0.0,0.0,True,90,195.0,45.0,True,0.0,0.0,195.0,False,"{""sat"": ""[0.43000001 0.42500001 0.41999999 0.46999997 0.43000001 0.41999999\n 0.41999999 0.46999997 0.46999997]"", ""dul"": ""[0.37       0.34499997 0.31999999 0.31       0.31999999 0.31\n 0.31       0.34999999 0.34999999]"", ""ll"": ""[0.14       0.14500001 0.15000001 0.16       0.14       0.13\n 0.13       0.13       0.13      ]"", ""dlayr"": ""[ 5. 10.  5. 10. 10. 10. 10. 20. 20.]""}"
SYA,2014,0,10000,MaskablePPO,2014-05-28,148,38,0.0,29.435,29.4,17.0,0.0,0.0,47.581543922424316,0.0,0.09811447560787201,0.0,0,0,False,0.0,0.0,0.0,0.0,0.0,80.0,,4,0.0,0.0,0.0,0.0,0.0,0.0,0.001,0.0,0.0,80.0,True,30,60,75.0,150.0,240.0,0.0,0.0,mid,,150.0,90.0,True,0.05,50.0,0.0,0.0,0.0,0.0,0.0,0.0,True,90,195.0,45.0,True,0.0,0.0,195.0,False,"{""sat"": ""[0.43000001 0.42500001 0.41999999 0.46999997 0.43000001 0.41999999\n 0.41999999 0.46999997 0.46999997]"", ""dul"": ""[0.37       0.34499997 0.31999999 0.31       0.31999999 0.31\n 0.31       0.34999999 0.34999999]"", ""ll"": ""[0.14       0.14500001 0.15000001 0.16       0.14       0.13\n 0.13       0.13       0.13      ]"", ""dlayr"": ""[ 5. 10.  5. 10. 10. 10. 10. 20. 20.]""}"
SYA,2014,0,10000,MaskablePPO,2014-05-29,149,39,0.0,22.454,31.6,19.2,0.0,0.0,58.69314193725586,0.0,0.11982370167970657,0.0,0,0,False,0.0,0.0,0.0,0.0,0.0,80.0,,4,0.0,0.0,0.0,0.0,0.0,0.0,0.001,0.0,0.0,80.0,True,30,60,75.0,150.0,240.0,0.0,0.0,mid,,150.0,90.0,True,0.05,50.0,0.0,0.0,0.0,0.0,0.0,0.0,True,90,195.0,45.0,True,0.0,0.0,195.0,False,"{""sat"": ""[0.43000001 0.42500001 0.41999999 0.46999997 0.43000001 0.41999999\n 0.41999999 0.46999997 0.46999997]"", ""dul"": ""[0.37       0.34499997 0.31999999 0.31       0.31999999 0.31\n 0.31       0.34999999 0.34999999]"", ""ll"": ""[0.14       0.14500001 0.15000001 0.16       0.14       0.13\n 0.13       0.13       0.13      ]"", ""dlayr"": ""[ 5. 10.  5. 10. 10. 10. 10. 20. 20.]""}"
SYA,2014,0,10000,MaskablePPO,2014-05-30,150,40,0.0,27.436,33.9,15.9,0.0,0.0,73.43214988708496,0.0,0.14711366593837738,0.0,0,0,False,0.0,0.0,0.0,0.0,0.0,80.0,,4,0.0,0.0,0.0,0.0,0.0,0.0,0.001,0.0,0.0,80.0,True,30,60,75.0,150.0,240.0,0.0,0.0,mid,,150.0,90.0,True,0.05,50.0,0.0,0.0,0.0,0.0,0.0,0.0,True,90,195.0,45.0,True,0.0,0.0,195.0,False,"{""sat"": ""[0.43000001 0.42500001 0.41999999 0.46999997 0.43000001 0.41999999\n 0.41999999 0.46999997 0.46999997]"", ""dul"": ""[0.37       0.34499997 0.31999999 0.31       0.31999999 0.31\n 0.31       0.34999999 0.34999999]"", ""ll"": ""[0.14       0.14500001 0.15000001 0.16       0.14       0.13\n 0.13       0.13       0.13      ]"", ""dlayr"": ""[ 5. 10.  5. 10. 10. 10. 10. 20. 20.]""}"
SYA,2014,0,10000,MaskablePPO,2014-05-31,151,41,0.0,22.732,35.8,19.6,0.0,0.0,84.87741470336914,0.0,0.1788112372159958,0.0,0,0,False,0.0,0.0,0.0,0.0,0.0,80.0,,4,0.0,0.0,0.0,0.0,0.0,0.0,0.001,0.0,0.0,80.0,True,30,60,75.0,150.0,240.0,0.0,0.0,mid,,150.0,90.0,True,0.05,50.0,0.0,0.0,0.0,0.0,0.0,0.0,True,90,195.0,45.0,True,0.0,0.0,195.0,False,"{""sat"": ""[0.43000001 0.42500001 0.41999999 0.46999997 0.43000001 0.41999999\n 0.41999999 0.46999997 0.46999997]"", ""dul"": ""[0.37       0.34499997 0.31999999 0.31       0.31999999 0.31\n 0.31       0.34999999 0.34999999]"", ""ll"": ""[0.14       0.14500001 0.15000001 0.16       0.14       0.13\n 0.13       0.13       0.13      ]"", ""dlayr"": ""[ 5. 10.  5. 10. 10. 10. 10. 20. 20.]""}"
SYA,2014,0,10000,MaskablePPO,2014-06-01,152,42,0.0,13.686,32.1,21.0,0.0,0.005527138710021973,100.65787315368652,0.0,0.20760788023471832,0.0,0,0,False,0.0,0.0,0.0,0.0,0.0,80.0,,4,0.0,0.0,0.0,0.0,0.0,0.0,0.001,0.0,0.0,80.0,True,30,60,75.0,150.0,240.0,0.0,0.0,mid,,150.0,90.0,True,0.05,50.0,0.0,0.0,0.0,0.0,0.0,0.0,True,90,195.0,45.0,True,0.0,0.0,195.0,False,"{""sat"": ""[0.43000001 0.42500001 0.41999999 0.46999997 0.43000001 0.41999999\n 0.41999999 0.46999997 0.46999997]"", ""dul"": ""[0.37       0.34499997 0.31999999 0.31       0.31999999 0.31\n 0.31       0.34999999 0.34999999]"", ""ll"": ""[0.14       0.14500001 0.15000001 0.16       0.14       0.13\n 0.13       0.13       0.13      ]"", ""dlayr"": ""[ 5. 10.  5. 10. 10. 10. 10. 20. 20.]""}"
SYA,2014,0,10000,MaskablePPO,2014-06-02,153,43,6.8,15.428,28.8,18.4,0.0,0.0,119.5683479309082,0.0,0.24077363312244415,0.0,0,0,False,0.0,0.0,0.0,0.0,0.0,80.0,,4,0.0,0.0,0.0,0.005527138710021973,0.0,0.0,0.001,0.0,0.0,80.0,True,30,60,75.0,150.0,240.0,0.0,0.0,mid,,150.0,90.0,True,0.05,50.0,0.0,0.0,0.0,0.0,0.0,0.0,True,90,195.0,45.0,True,0.0,0.0,195.0,False,"{""sat"": ""[0.43000001 0.42500001 0.41999999 0.46999997 0.43000001 0.41999999\n 0.41999999 0.46999997 0.46999997]"", ""dul"": ""[0.37       0.34499997 0.31999999 0.31       0.31999999 0.31\n 0.31       0.34999999 0.34999999]"", ""ll"": ""[0.14       0.14500001 0.15000001 0.16       0.14       0.13\n 0.13       0.13       0.13      ]"", ""dlayr"": ""[ 5. 10.  5. 10. 10. 10. 10. 20. 20.]""}"
SYA,2014,0,10000,MaskablePPO,2014-06-03,154,44,0.0,23.562,30.2,17.0,0.0,0.0,142.30684280395508,0.0,0.27909916639328003,0.0,0,0,False,0.0,0.0,0.0,0.0,0.0,80.0,,4,0.0,0.0,0.0,0.0,0.0,0.0,0.001,0.0,0.0,80.0,True,30,60,75.0,150.0,240.0,0.0,0.0,mid,,150.0,90.0,True,0.05,50.0,0.0,0.0,0.0,0.0,0.0,0.0,True,90,195.0,45.0,True,0.0,0.0,195.0,False,"{""sat"": ""[0.43000001 0.42500001 0.41999999 0.46999997 0.43000001 0.41999999\n 0.41999999 0.46999997 0.46999997]"", ""dul"": ""[0.37       0.34499997 0.31999999 0.31       0.31999999 0.31\n 0.31       0.34999999 0.34999999]"", ""ll"": ""[0.14       0.14500001 0.15000001 0.16       0.14       0.13\n 0.13       0.13       0.13      ]"", ""dlayr"": ""[ 5. 10.  5. 10. 10. 10. 10. 20. 20.]""}"
SYA,2014,0,10000,MaskablePPO,2014-06-04,155,45,0.0,25.341,30.4,19.1,0.0,0.0,168.8079071044922,0.0,0.3220483958721161,0.0,0,0,False,0.0,0.0,0.0,0.0,0.0,80.0,,4,0.0,0.0,0.0,0.0,0.0,0.0,0.001,0.0,0.0,80.0,True,30,60,75.0,150.0,240.0,0.0,0.0,mid,,150.0,90.0,True,0.05,50.0,0.0,0.0,0.0,0.0,0.0,0.0,True,90,195.0,45.0,True,0.0,0.0,195.0,False,"{""sat"": ""[0.43000001 0.42500001 0.41999999 0.46999997 0.43000001 0.41999999\n 0.41999999 0.46999997 0.46999997]"", ""dul"": ""[0.37       0.34499997 0.31999999 0.31       0.31999999 0.31\n 0.31       0.34999999 0.34999999]"", ""ll"": ""[0.14       0.14500001 0.15000001 0.16       0.14       0.13\n 0.13       0.13       0.13      ]"", ""dlayr"": ""[ 5. 10.  5. 10. 10. 10. 10. 20. 20.]""}"
SYA,2014,0,10000,MaskablePPO,2014-06-05,156,46,0.0,19.081,30.2,21.6,0.0,0.0,194.29683685302734,0.0,0.36193138360977173,0.0,0,0,False,0.0,0.0,0.0,0.0,0.0,80.0,,4,0.0,0.0,0.0,0.0,0.0,0.0,0.001,0.0,0.0,80.0,True,30,60,75.0,150.0,240.0,0.0,0.0,mid,,150.0,90.0,True,0.05,50.0,0.0,0.0,0.0,0.0,0.0,0.0,True,90,195.0,45.0,True,0.0,0.0,195.0,False,"{""sat"": ""[0.43000001 0.42500001 0.41999999 0.46999997 0.43000001 0.41999999\n 0.41999999 0.46999997 0.46999997]"", ""dul"": ""[0.37       0.34499997 0.31999999 0.31       0.31999999 0.31\n 0.31       0.34999999 0.34999999]"", ""ll"": ""[0.14       0.14500001 0.15000001 0.16       0.14       0.13\n 0.13       0.13       0.13      ]"", ""dlayr"": ""[ 5. 10.  5. 10. 10. 10. 10. 20. 20.]""}"
SYA,2014,0,10000,MaskablePPO,2014-06-06,157,47,0.0,19.922,27.4,19.5,0.0,0.0,216.15907669067383,0.0,0.3952014446258545,0.0,0,0,False,0.0,0.0,0.0,0.0,0.0,80.0,,4,0.0,0.0,0.0,0.0,0.0,0.0,0.001,0.0,0.0,80.0,True,30,60,75.0,150.0,240.0,0.0,0.0,mid,,150.0,90.0,True,0.05,50.0,0.0,0.0,0.0,0.0,0.0,0.0,True,90,195.0,45.0,True,0.0,0.0,195.0,False,"{""sat"": ""[0.43000001 0.42500001 0.41999999 0.46999997 0.43000001 0.41999999\n 0.41999999 0.46999997 0.46999997]"", ""dul"": ""[0.37       0.34499997 0.31999999 0.31       0.31999999 0.31\n 0.31       0.34999999 0.34999999]"", ""ll"": ""[0.14       0.14500001 0.15000001 0.16       0.14       0.13\n 0.13       0.13       0.13      ]"", ""dlayr"": ""[ 5. 10.  5. 10. 10. 10. 10. 20. 20.]""}"
SYA,2014,0,10000,MaskablePPO,2014-06-07,158,48,0.0,7.63,23.4,17.9,0.0,0.0,239.83537673950195,0.0,0.43038925528526306,0.0,0,0,False,0.0,0.0,0.0,0.0,0.0,80.0,,4,0.0,0.0,0.0,0.0,0.0,0.0,0.001,0.0,0.0,80.0,True,30,60,75.0,150.0,240.0,0.0,0.0,mid,,150.0,90.0,True,0.05,50.0,0.0,0.0,0.0,0.0,0.0,0.0,True,90,195.0,45.0,True,0.0,0.0,195.0,False,"{""sat"": ""[0.43000001 0.42500001 0.41999999 0.46999997 0.43000001 0.41999999\n 0.41999999 0.46999997 0.46999997]"", ""dul"": ""[0.37       0.34499997 0.31999999 0.31       0.31999999 0.31\n 0.31       0.34999999 0.34999999]"", ""ll"": ""[0.14       0.14500001 0.15000001 0.16       0.14       0.13\n 0.13       0.13       0.13      ]"", ""dlayr"": ""[ 5. 10.  5. 10. 10. 10. 10. 20. 20.]""}"
SYA,2014,0,10000,MaskablePPO,2014-06-08,159,49,8.7,14.626,24.5,16.2,0.0,0.0,266.6532516479492,0.0,0.46931806206703186,0.0,0,0,False,0.0,0.0,0.0,0.0,0.0,80.0,,4,0.0,0.0,0.0,0.0,0.0,0.0,0.001,0.0,0.0,80.0,True,30,60,75.0,150.0,240.0,0.0,0.0,mid,,150.0,90.0,True,0.05,50.0,0.0,0.0,0.0,0.0,0.0,0.0,True,90,195.0,45.0,True,0.0,0.0,195.0,False,"{""sat"": ""[0.43000001 0.42500001 0.41999999 0.46999997 0.43000001 0.41999999\n 0.41999999 0.46999997 0.46999997]"", ""dul"": ""[0.37       0.34499997 0.31999999 0.31       0.31999999 0.31\n 0.31       0.34999999 0.34999999]"", ""ll"": ""[0.14       0.14500001 0.15000001 0.16       0.14       0.13\n 0.13       0.13       0.13      ]"", ""dlayr"": ""[ 5. 10.  5. 10. 10. 10. 10. 20. 20.]""}"
SYA,2014,0,10000,MaskablePPO,2014-06-09,160,50,2.2,16.249,25.5,16.2,0.0,0.0,297.5314140319824,0.0,0.5130704641342163,0.0,0,0,False,0.0,0.0,0.0,0.0,0.0,80.0,,4,0.0,0.0,0.0,0.0,0.0,0.0,0.001,0.0,0.0,80.0,True,30,60,75.0,150.0,240.0,0.0,0.0,mid,,150.0,90.0,True,0.05,50.0,0.0,0.0,0.0,0.0,0.0,0.0,True,90,195.0,45.0,True,0.0,0.0,195.0,False,"{""sat"": ""[0.43000001 0.42500001 0.41999999 0.46999997 0.43000001 0.41999999\n 0.41999999 0.46999997 0.46999997]"", ""dul"": ""[0.37       0.34499997 0.31999999 0.31       0.31999999 0.31\n 0.31       0.34999999 0.34999999]"", ""ll"": ""[0.14       0.14500001 0.15000001 0.16       0.14       0.13\n 0.13       0.13       0.13      ]"", ""dlayr"": ""[ 5. 10.  5. 10. 10. 10. 10. 20. 20.]""}"
SYA,2014,0,10000,MaskablePPO,2014-06-10,161,51,0.0,25.915,26.0,16.4,0.0,0.0,327.3297882080078,0.0,0.5512146353721619,0.0,0,0,False,0.0,0.0,0.0,0.0,0.0,80.0,,4,0.0,0.0,0.0,0.0,0.0,0.0,0.001,0.0,0.0,80.0,True,30,60,75.0,150.0,240.0,0.0,0.0,mid,,150.0,90.0,True,0.05,50.0,0.0,0.0,0.0,0.0,0.0,0.0,True,90,195.0,45.0,True,0.0,0.0,195.0,False,"{""sat"": ""[0.43000001 0.42500001 0.41999999 0.46999997 0.43000001 0.41999999\n 0.41999999 0.46999997 0.46999997]"", ""dul"": ""[0.37       0.34499997 0.31999999 0.31       0.31999999 0.31\n 0.31       0.34999999 0.34999999]"", ""ll"": ""[0.14       0.14500001 0.15000001 0.16       0.14       0.13\n 0.13       0.13       0.13      ]"", ""dlayr"": ""[ 5. 10.  5. 10. 10. 10. 10. 20. 20.]""}"
SYA,2014,0,10000,MaskablePPO,2014-06-11,162,52,0.0,20.17,25.6,14.1,0.0,0.0,364.03167724609375,0.0,0.6031266450881958,0.0,0,0,False,0.0,0.0,0.0,0.0,0.0,80.0,,4,0.0,0.0,0.0,0.0,0.0,0.0,0.001,0.0,0.0,80.0,True,30,60,75.0,150.0,240.0,0.0,0.0,mid,,150.0,90.0,True,0.05,50.0,0.0,0.0,0.0,0.0,0.0,0.0,True,90,195.0,45.0,True,0.0,0.0,195.0,False,"{""sat"": ""[0.43000001 0.42500001 0.41999999 0.46999997 0.43000001 0.41999999\n 0.41999999 0.46999997 0.46999997]"", ""dul"": ""[0.37       0.34499997 0.31999999 0.31       0.31999999 0.31\n 0.31       0.34999999 0.34999999]"", ""ll"": ""[0.14       0.14500001 0.15000001 0.16       0.14       0.13\n 0.13       0.13       0.13      ]"", ""dlayr"": ""[ 5. 10.  5. 10. 10. 10. 10. 20. 20.]""}"
SYA,2014,0,10000,MaskablePPO,2014-06-12,163,53,0.0,23.218,27.7,15.0,0.0,0.0,406.05743408203125,0.0,0.6608286499977112,0.0,0,0,False,0.0,0.0,0.0,0.0,0.0,80.0,,4,0.0,0.0,0.0,0.0,0.0,0.0,0.001,0.0,0.0,80.0,True,30,60,75.0,150.0,240.0,0.0,0.0,mid,,150.0,90.0,True,0.05,50.0,0.0,0.0,0.0,0.0,0.0,0.0,True,90,195.0,45.0,True,0.0,0.0,195.0,False,"{""sat"": ""[0.43000001 0.42500001 0.41999999 0.46999997 0.43000001 0.41999999\n 0.41999999 0.46999997 0.46999997]"", ""dul"": ""[0.37       0.34499997 0.31999999 0.31       0.31999999 0.31\n 0.31       0.34999999 0.34999999]"", ""ll"": ""[0.14       0.14500001 0.15000001 0.16       0.14       0.13\n 0.13       0.13       0.13      ]"", ""dlayr"": ""[ 5. 10.  5. 10. 10. 10. 10. 20. 20.]""}"
SYA,2014,0,10000,MaskablePPO,2014-06-13,164,54,0.0,25.797,28.0,16.0,0.07645118236541748,0.0,433.319091796875,0.0,0.6945534944534302,-0.0013225591182708738,0,0,False,0.0,0.0,0.0,0.0,0.0,80.0,,4,0.0,0.0,0.0,0.0,0.0,0.0,0.001,0.0,0.0,80.0,True,30,60,75.0,150.0,240.0,0.0,0.0,mid,,150.0,90.0,True,0.05,50.0,0.07645118236541748,0.026451182365417478,1.3225591182708738,0.0013225591182708738,0.0,-0.0013225591182708738,True,90,195.0,45.0,True,0.0,0.0,195.0,False,"{""sat"": ""[0.43000001 0.42500001 0.41999999 0.46999997 0.43000001 0.41999999\n 0.41999999 0.46999997 0.46999997]"", ""dul"": ""[0.37       0.34499997 0.31999999 0.31       0.31999999 0.31\n 0.31       0.34999999 0.34999999]"", ""ll"": ""[0.14       0.14500001 0.15000001 0.16       0.14       0.13\n 0.13       0.13       0.13      ]"", ""dlayr"": ""[ 5. 10.  5. 10. 10. 10. 10. 20. 20.]""}"
SYA,2014,0,10000,MaskablePPO,2014-06-14,165,55,0.0,28.645,31.1,14.7,0.6115849614143372,0.0,448.22845458984375,0.0,0.6920987367630005,-0.028079248070716854,0,0,False,0.0,0.0,0.0,0.0,0.0,80.0,,4,0.0,0.0,0.0,0.0,0.0,0.0,0.001,0.0,0.0,80.0,True,30,60,75.0,150.0,240.0,0.0,0.0,mid,,150.0,90.0,True,0.05,50.0,0.6115849614143372,0.5615849614143371,28.079248070716854,0.028079248070716854,0.0,-0.028079248070716854,True,90,195.0,45.0,True,0.0,0.0,195.0,False,"{""sat"": ""[0.43000001 0.42500001 0.41999999 0.46999997 0.43000001 0.41999999\n 0.41999999 0.46999997 0.46999997]"", ""dul"": ""[0.37       0.34499997 0.31999999 0.31       0.31999999 0.31\n 0.31       0.34999999 0.34999999]"", ""ll"": ""[0.14       0.14500001 0.15000001 0.16       0.14       0.13\n 0.13       0.13       0.13      ]"", ""dlayr"": ""[ 5. 10.  5. 10. 10. 10. 10. 20. 20.]""}"
SYA,2014,0,10000,MaskablePPO,2014-06-15,166,56,0.0,27.38,32.3,19.3,0.46088773012161255,0.0,473.37467193603516,0.0,0.707182765007019,-0.020544386506080627,0,0,False,0.0,0.0,0.0,0.0,0.0,80.0,,4,0.0,0.0,0.1506972312927246,0.0,0.0,0.0,0.001,0.0,0.0,80.0,True,30,60,75.0,150.0,240.0,0.0,0.0,mid,,150.0,90.0,True,0.05,50.0,0.46088773012161255,0.41088773012161256,20.544386506080627,0.020544386506080627,0.0,-0.020544386506080627,True,90,195.0,45.0,True,0.0,0.0,195.0,False,"{""sat"": ""[0.43000001 0.42500001 0.41999999 0.46999997 0.43000001 0.41999999\n 0.41999999 0.46999997 0.46999997]"", ""dul"": ""[0.37       0.34499997 0.31999999 0.31       0.31999999 0.31\n 0.31       0.34999999 0.34999999]"", ""ll"": ""[0.14       0.14500001 0.15000001 0.16       0.14       0.13\n 0.13       0.13       0.13      ]"", ""dlayr"": ""[ 5. 10.  5. 10. 10. 10. 10. 20. 20.]""}"
SYA,2014,0,10000,MaskablePPO,2014-06-16,167,57,0.0,14.999,30.7,19.4,0.24845105409622192,0.0,505.89855194091797,0.0,0.7376776933670044,-0.009922552704811096,0,0,False,0.0,0.0,0.0,0.0,0.0,80.0,,4,0.0,0.0,0.21243667602539062,0.0,0.0,0.0,0.001,0.0,0.0,80.0,True,30,60,75.0,150.0,240.0,0.0,0.0,mid,,150.0,90.0,True,0.05,50.0,0.24845105409622192,0.19845105409622193,9.922552704811096,0.009922552704811096,0.0,-0.009922552704811096,True,90,195.0,45.0,True,0.0,0.0,195.0,False,"{""sat"": ""[0.43000001 0.42500001 0.41999999 0.46999997 0.43000001 0.41999999\n 0.41999999 0.46999997 0.46999997]"", ""dul"": ""[0.37       0.34499997 0.31999999 0.31       0.31999999 0.31\n 0.31       0.34999999 0.34999999]"", ""ll"": ""[0.14       0.14500001 0.15000001 0.16       0.14       0.13\n 0.13       0.13       0.13      ]"", ""dlayr"": ""[ 5. 10.  5. 10. 10. 10. 10. 20. 20.]""}"
SYA,2014,0,10000,MaskablePPO,2014-06-17,168,58,5.7,8.784,27.9,18.7,0.0,0.0,562.2880935668945,0.0,0.8042188286781311,0.0,0,0,False,0.0,0.0,0.0,0.0,0.0,80.0,,4,0.0,0.0,0.24845105409622192,0.0,0.0,0.0,0.001,0.0,0.0,80.0,True,30,60,75.0,150.0,240.0,0.0,0.0,mid,,150.0,90.0,True,0.05,50.0,0.0,0.0,0.0,0.0,0.0,0.0,True,90,195.0,45.0,True,0.0,0.0,195.0,False,"{""sat"": ""[0.43000001 0.42500001 0.41999999 0.46999997 0.43000001 0.41999999\n 0.41999999 0.46999997 0.46999997]"", ""dul"": ""[0.37       0.34499997 0.31999999 0.31       0.31999999 0.31\n 0.31       0.34999999 0.34999999]"", ""ll"": ""[0.14       0.14500001 0.15000001 0.16       0.14       0.13\n 0.13       0.13       0.13      ]"", ""dlayr"": ""[ 5. 10.  5. 10. 10. 10. 10. 20. 20.]""}"
SYA,2014,0,10000,MaskablePPO,2014-06-18,169,59,9.4,9.015,25.0,16.7,0.0,0.0,626.6675567626953,0.0,0.8769720196723938,0.0,0,0,False,0.0,0.0,0.0,0.0,0.0,80.0,,4,0.0,0.0,0.0,0.0,0.0,0.0,0.001,0.0,0.0,80.0,True,30,60,75.0,150.0,240.0,0.0,0.0,mid,,150.0,90.0,True,0.05,50.0,0.0,0.0,0.0,0.0,0.0,0.0,True,90,195.0,45.0,True,0.0,0.0,195.0,False,"{""sat"": ""[0.43000001 0.42500001 0.41999999 0.46999997 0.43000001 0.41999999\n 0.41999999 0.46999997 0.46999997]"", ""dul"": ""[0.37       0.34499997 0.31999999 0.31       0.31999999 0.31\n 0.31       0.34999999 0.34999999]"", ""ll"": ""[0.14       0.14500001 0.15000001 0.16       0.14       0.13\n 0.13       0.13       0.13      ]"", ""dlayr"": ""[ 5. 10.  5. 10. 10. 10. 10. 20. 20.]""}"
SYA,2014,0,10000,MaskablePPO,2014-06-19,170,60,0.0,21.667,27.4,16.7,0.0,0.0,695.9954833984375,0.0,0.9518275856971741,0.0,0,0,False,0.0,0.0,0.0,0.0,0.0,80.0,,4,0.0,0.0,0.0,0.0,0.0,0.0,0.001,0.0,0.0,80.0,True,30,60,75.0,150.0,240.0,0.0,0.0,mid,,150.0,90.0,True,0.05,50.0,0.0,0.0,0.0,0.0,0.0,0.0,True,90,195.0,45.0,True,0.0,0.0,195.0,False,"{""sat"": ""[0.43000001 0.42500001 0.41999999 0.46999997 0.43000001 0.41999999\n 0.41999999 0.46999997 0.46999997]"", ""dul"": ""[0.37       0.34499997 0.31999999 0.31       0.31999999 0.31\n 0.31       0.34999999 0.34999999]"", ""ll"": ""[0.14       0.14500001 0.15000001 0.16       0.14       0.13\n 0.13       0.13       0.13      ]"", ""dlayr"": ""[ 5. 10.  5. 10. 10. 10. 10. 20. 20.]""}"
SYA,2014,0,10000,MaskablePPO,2014-06-20,171,61,2.6,11.381,27.1,17.8,0.0,0.0,771.5039825439453,0.0,1.0295556783676147,0.0,0,0,False,0.0,0.0,0.0,0.0,0.0,80.0,,4,0.0,0.0,0.0,0.0,0.0,0.0,0.001,0.0,0.0,80.0,True,30,60,75.0,150.0,240.0,0.0,0.0,late,,,,True,0.05,50.0,0.0,0.0,0.0,0.0,0.0,0.0,True,90,195.0,45.0,True,0.0,0.0,195.0,False,"{""sat"": ""[0.43000001 0.42500001 0.41999999 0.46999997 0.43000001 0.41999999\n 0.41999999 0.46999997 0.46999997]"", ""dul"": ""[0.37       0.34499997 0.31999999 0.31       0.31999999 0.31\n 0.31       0.34999999 0.34999999]"", ""ll"": ""[0.14       0.14500001 0.15000001 0.16       0.14       0.13\n 0.13       0.13       0.13      ]"", ""dlayr"": ""[ 5. 10.  5. 10. 10. 10. 10. 20. 20.]""}"
SYA,2014,0,10000,MaskablePPO,2014-06-21,172,62,0.0,22.641,28.0,18.0,0.5828369855880737,0.0,791.6758728027344,0.0,1.018895149230957,-0.026641849279403683,0,0,False,0.0,0.0,0.0,0.0,0.0,80.0,,4,0.0,0.0,0.0,0.0,0.0,0.0,0.001,0.0,0.0,80.0,True,30,60,75.0,150.0,240.0,0.0,0.0,late,,,,True,0.05,50.0,0.5828369855880737,0.5328369855880737,26.641849279403683,0.026641849279403683,0.0,-0.026641849279403683,True,90,195.0,45.0,True,0.0,0.0,195.0,False,"{""sat"": ""[0.43000001 0.42500001 0.41999999 0.46999997 0.43000001 0.41999999\n 0.41999999 0.46999997 0.46999997]"", ""dul"": ""[0.37       0.34499997 0.31999999 0.31       0.31999999 0.31\n 0.31       0.34999999 0.34999999]"", ""ll"": ""[0.14       0.14500001 0.15000001 0.16       0.14       0.13\n 0.13       0.13       0.13      ]"", ""dlayr"": ""[ 5. 10.  5. 10. 10. 10. 10. 20. 20.]""}"
SYA,2014,0,10000,MaskablePPO,2014-06-22,173,63,38.3,15.019,27.8,15.9,0.0,0.0,870.0907135009766,0.0,1.0933160781860352,0.0,0,0,False,0.0,0.0,0.0,0.0,0.0,80.0,,4,0.0,0.0,0.5828369855880737,0.0,0.0,0.0,0.001,0.0,0.0,80.0,True,30,60,75.0,150.0,240.0,0.0,0.0,late,,,,True,0.05,50.0,0.0,0.0,0.0,0.0,0.0,0.0,True,90,195.0,45.0,True,0.0,0.0,195.0,False,"{""sat"": ""[0.43000001 0.42500001 0.41999999 0.46999997 0.43000001 0.41999999\n 0.41999999 0.46999997 0.46999997]"", ""dul"": ""[0.37       0.34499997 0.31999999 0.31       0.31999999 0.31\n 0.31       0.34999999 0.34999999]"", ""ll"": ""[0.14       0.14500001 0.15000001 0.16       0.14       0.13\n 0.13       0.13       0.13      ]"", ""dlayr"": ""[ 5. 10.  5. 10. 10. 10. 10. 20. 20.]""}"
SYA,2014,0,10000,MaskablePPO,2014-06-23,174,64,0.0,25.617,29.4,15.3,0.0,0.0,960.1334381103516,0.0,1.174473762512207,0.0,0,0,False,0.0,0.0,0.0,0.0,0.0,80.0,,4,0.0,0.0,0.0,0.0,0.0,0.0,0.001,0.0,0.0,80.0,True,30,60,75.0,150.0,240.0,0.0,0.0,late,,,,True,0.05,50.0,0.0,0.0,0.0,0.0,0.0,0.0,True,90,195.0,45.0,True,0.0,0.0,195.0,False,"{""sat"": ""[0.43000001 0.42500001 0.41999999 0.46999997 0.43000001 0.41999999\n 0.41999999 0.46999997 0.46999997]"", ""dul"": ""[0.37       0.34499997 0.31999999 0.31       0.31999999 0.31\n 0.31       0.34999999 0.34999999]"", ""ll"": ""[0.14       0.14500001 0.15000001 0.16       0.14       0.13\n 0.13       0.13       0.13      ]"", ""dlayr"": ""[ 5. 10.  5. 10. 10. 10. 10. 20. 20.]""}"
SYA,2014,0,10000,MaskablePPO,2014-06-24,175,65,0.0,27.866,31.1,16.2,0.0,0.0,1064.2671966552734,0.0,1.2631438970565796,0.0,0,0,False,0.0,0.0,0.0,0.0,0.0,80.0,,4,0.0,0.0,0.0,0.0,0.0,0.0,0.001,0.0,0.0,80.0,True,30,60,75.0,150.0,240.0,0.0,0.0,late,,,,True,0.05,50.0,0.0,0.0,0.0,0.0,0.0,0.0,True,90,195.0,45.0,True,0.0,0.0,195.0,False,"{""sat"": ""[0.43000001 0.42500001 0.41999999 0.46999997 0.43000001 0.41999999\n 0.41999999 0.46999997 0.46999997]"", ""dul"": ""[0.37       0.34499997 0.31999999 0.31       0.31999999 0.31\n 0.31       0.34999999 0.34999999]"", ""ll"": ""[0.14       0.14500001 0.15000001 0.16       0.14       0.13\n 0.13       0.13       0.13      ]"", ""dlayr"": ""[ 5. 10.  5. 10. 10. 10. 10. 20. 20.]""}"
SYA,2014,0,10000,MaskablePPO,2014-06-25,176,66,0.0,23.724,30.0,20.2,0.0,0.0,1160.9101104736328,0.0,1.3412562608718872,0.0,0,0,False,0.0,0.0,0.0,0.0,0.0,80.0,,4,0.0,0.0,0.0,0.0,0.0,0.0,0.001,0.0,0.0,80.0,True,30,60,75.0,150.0,240.0,0.0,0.0,late,,,,True,0.05,50.0,0.0,0.0,0.0,0.0,0.0,0.0,True,90,195.0,45.0,True,0.0,0.0,195.0,False,"{""sat"": ""[0.43000001 0.42500001 0.41999999 0.46999997 0.43000001 0.41999999\n 0.41999999 0.46999997 0.46999997]"", ""dul"": ""[0.37       0.34499997 0.31999999 0.31       0.31999999 0.31\n 0.31       0.34999999 0.34999999]"", ""ll"": ""[0.14       0.14500001 0.15000001 0.16       0.14       0.13\n 0.13       0.13       0.13      ]"", ""dlayr"": ""[ 5. 10.  5. 10. 10. 10. 10. 20. 20.]""}"
SYA,2014,0,10000,MaskablePPO,2014-06-26,177,67,0.0,8.466,25.3,20.8,0.0,0.0,1256.6865539550781,0.0,1.41498601436615,0.0,0,0,False,0.0,0.0,0.0,0.0,0.0,80.0,,4,0.0,0.0,0.0,0.0,0.0,0.0,0.001,0.0,0.0,80.0,True,30,60,75.0,150.0,240.0,0.0,0.0,late,,,,True,0.05,50.0,0.0,0.0,0.0,0.0,0.0,0.0,True,90,195.0,45.0,True,0.0,0.0,195.0,False,"{""sat"": ""[0.43000001 0.42500001 0.41999999 0.46999997 0.43000001 0.41999999\n 0.41999999 0.46999997 0.46999997]"", ""dul"": ""[0.37       0.34499997 0.31999999 0.31       0.31999999 0.31\n 0.31       0.34999999 0.34999999]"", ""ll"": ""[0.14       0.14500001 0.15000001 0.16       0.14       0.13\n 0.13       0.13       0.13      ]"", ""dlayr"": ""[ 5. 10.  5. 10. 10. 10. 10. 20. 20.]""}"
SYA,2014,0,10000,MaskablePPO,2014-06-27,178,68,3.4,11.1,24.6,19.8,0.0,0.0,1355.0221252441406,0.0,1.4871724843978882,0.0,0,0,False,0.0,0.0,0.0,0.0,0.0,80.0,,4,0.0,0.0,0.0,0.0,0.0,0.0,0.001,0.0,0.0,80.0,True,30,60,75.0,150.0,240.0,0.0,0.0,late,,,,True,0.05,50.0,0.0,0.0,0.0,0.0,0.0,0.0,True,90,195.0,45.0,True,0.0,0.0,195.0,False,"{""sat"": ""[0.43000001 0.42500001 0.41999999 0.46999997 0.43000001 0.41999999\n 0.41999999 0.46999997 0.46999997]"", ""dul"": ""[0.37       0.34499997 0.31999999 0.31       0.31999999 0.31\n 0.31       0.34999999 0.34999999]"", ""ll"": ""[0.14       0.14500001 0.15000001 0.16       0.14       0.13\n 0.13       0.13       0.13      ]"", ""dlayr"": ""[ 5. 10.  5. 10. 10. 10. 10. 20. 20.]""}"
SYA,2014,0,10000,MaskablePPO,2014-06-28,179,69,15.6,13.64,26.6,17.2,0.0,0.0,1473.6370849609375,0.0,1.569732427597046,0.0,0,0,False,0.0,0.0,0.0,0.0,0.0,80.0,,4,0.0,0.0,0.0,0.0,0.0,0.0,0.001,0.0,0.0,80.0,True,30,60,75.0,150.0,240.0,0.0,0.0,late,,,,True,0.05,50.0,0.0,0.0,0.0,0.0,0.0,0.0,True,90,195.0,45.0,True,0.0,0.0,195.0,False,"{""sat"": ""[0.43000001 0.42500001 0.41999999 0.46999997 0.43000001 0.41999999\n 0.41999999 0.46999997 0.46999997]"", ""dul"": ""[0.37       0.34499997 0.31999999 0.31       0.31999999 0.31\n 0.31       0.34999999 0.34999999]"", ""ll"": ""[0.14       0.14500001 0.15000001 0.16       0.14       0.13\n 0.13       0.13       0.13      ]"", ""dlayr"": ""[ 5. 10.  5. 10. 10. 10. 10. 20. 20.]""}"
SYA,2014,0,10000,MaskablePPO,2014-06-29,180,70,0.0,20.847,29.3,18.5,0.0,0.0,1612.9275512695312,0.0,1.6611095666885376,0.0,0,0,False,0.0,0.0,0.0,0.0,0.0,80.0,,4,0.0,0.0,0.0,0.0,0.0,0.0,0.001,0.0,0.0,80.0,True,30,60,75.0,150.0,240.0,0.0,0.0,late,,,,True,0.05,50.0,0.0,0.0,0.0,0.0,0.0,0.0,True,90,195.0,45.0,True,0.0,0.0,195.0,False,"{""sat"": ""[0.43000001 0.42500001 0.41999999 0.46999997 0.43000001 0.41999999\n 0.41999999 0.46999997 0.46999997]"", ""dul"": ""[0.37       0.34499997 0.31999999 0.31       0.31999999 0.31\n 0.31       0.34999999 0.34999999]"", ""ll"": ""[0.14       0.14500001 0.15000001 0.16       0.14       0.13\n 0.13       0.13       0.13      ]"", ""dlayr"": ""[ 5. 10.  5. 10. 10. 10. 10. 20. 20.]""}"
SYA,2014,0,10000,MaskablePPO,2014-06-30,181,71,0.0,25.285,32.3,18.9,0.0,0.0,1761.2823486328125,0.0,1.7527644634246826,0.0,0,0,False,0.0,0.0,0.0,0.0,0.0,80.0,,4,0.0,0.0,0.0,0.0,0.0,0.0,0.001,0.0,0.0,80.0,True,30,60,75.0,150.0,240.0,0.0,0.0,late,,,,True,0.05,50.0,0.0,0.0,0.0,0.0,0.0,0.0,True,90,195.0,45.0,True,0.0,0.0,195.0,False,"{""sat"": ""[0.43000001 0.42500001 0.41999999 0.46999997 0.43000001 0.41999999\n 0.41999999 0.46999997 0.46999997]"", ""dul"": ""[0.37       0.34499997 0.31999999 0.31       0.31999999 0.31\n 0.31       0.34999999 0.34999999]"", ""ll"": ""[0.14       0.14500001 0.15000001 0.16       0.14       0.13\n 0.13       0.13       0.13      ]"", ""dlayr"": ""[ 5. 10.  5. 10. 10. 10. 10. 20. 20.]""}"
SYA,2014,0,10000,MaskablePPO,2014-07-01,182,72,0.0,23.683,30.7,20.6,0.019827306270599365,0.0,1858.2412719726562,0.0,1.8076144456863403,0.0,0,0,False,0.0,0.0,0.0,0.0,0.0,80.0,,4,0.0,0.0,0.0,0.0,0.0,0.0,0.001,0.0,0.0,80.0,True,30,60,75.0,150.0,240.0,0.0,0.0,late,,,,True,0.05,50.0,0.019827306270599365,0.0,0.0,0.0,0.0,0.0,True,90,195.0,45.0,True,0.0,0.0,195.0,False,"{""sat"": ""[0.43000001 0.42500001 0.41999999 0.46999997 0.43000001 0.41999999\n 0.41999999 0.46999997 0.46999997]"", ""dul"": ""[0.37       0.34499997 0.31999999 0.31       0.31999999 0.31\n 0.31       0.34999999 0.34999999]"", ""ll"": ""[0.14       0.14500001 0.15000001 0.16       0.14       0.13\n 0.13       0.13       0.13      ]"", ""dlayr"": ""[ 5. 10.  5. 10. 10. 10. 10. 20. 20.]""}"
SYA,2014,0,10000,MaskablePPO,2014-07-02,183,73,0.0,25.395,30.9,18.5,0.7041103839874268,0.0,1888.0738830566406,0.0,1.7598791122436523,-0.03270551919937134,0,0,False,0.0,0.0,0.0,0.0,0.0,80.0,,4,0.0,0.0,0.0,0.0,0.0,0.0,0.001,0.0,0.0,80.0,True,30,60,75.0,150.0,240.0,0.0,0.0,late,,,,True,0.05,50.0,0.7041103839874268,0.6541103839874267,32.70551919937134,0.03270551919937134,0.0,-0.03270551919937134,True,90,195.0,45.0,True,0.0,0.0,195.0,False,"{""sat"": ""[0.43000001 0.42500001 0.41999999 0.46999997 0.43000001 0.41999999\n 0.41999999 0.46999997 0.46999997]"", ""dul"": ""[0.37       0.34499997 0.31999999 0.31       0.31999999 0.31\n 0.31       0.34999999 0.34999999]"", ""ll"": ""[0.14       0.14500001 0.15000001 0.16       0.14       0.13\n 0.13       0.13       0.13      ]"", ""dlayr"": ""[ 5. 10.  5. 10. 10. 10. 10. 20. 20.]""}"
SYA,2014,0,10000,MaskablePPO,2014-07-03,184,74,0.0,14.898,27.8,20.8,0.8393213301897049,0.0,1906.7779541015625,0.0,1.6953681707382202,-0.03946606650948525,0,0,False,0.0,0.0,0.0,0.0,0.0,80.0,,4,0.0,0.0,0.0,0.0,0.0,0.0,0.001,0.0,0.0,80.0,True,30,60,75.0,150.0,240.0,0.0,0.0,late,,,,True,0.05,50.0,0.8393213301897049,0.7893213301897049,39.466066509485245,0.03946606650948525,0.0,-0.03946606650948525,True,90,195.0,45.0,True,0.0,0.0,195.0,False,"{""sat"": ""[0.43000001 0.42500001 0.41999999 0.46999997 0.43000001 0.41999999\n 0.41999999 0.46999997 0.46999997]"", ""dul"": ""[0.37       0.34499997 0.31999999 0.31       0.31999999 0.31\n 0.31       0.34999999 0.34999999]"", ""ll"": ""[0.14       0.14500001 0.15000001 0.16       0.14       0.13\n 0.13       0.13       0.13      ]"", ""dlayr"": ""[ 5. 10.  5. 10. 10. 10. 10. 20. 20.]""}"
SYA,2014,0,10000,MaskablePPO,2014-07-04,185,75,0.0,21.272,30.3,21.7,0.8890998959541321,0.0,1919.9388122558594,0.0,1.626182198524475,-0.041954994797706605,0,0,False,0.0,0.0,0.0,0.0,0.0,80.0,,4,0.0,0.0,0.0,0.0,0.0,0.0,0.001,0.0,0.0,80.0,True,30,60,75.0,150.0,240.0,0.0,0.0,late,,,,True,0.05,50.0,0.8890998959541321,0.839099895954132,41.954994797706604,0.041954994797706605,0.0,-0.041954994797706605,True,90,195.0,45.0,True,0.0,0.0,195.0,False,"{""sat"": ""[0.43000001 0.42500001 0.41999999 0.46999997 0.43000001 0.41999999\n 0.41999999 0.46999997 0.46999997]"", ""dul"": ""[0.37       0.34499997 0.31999999 0.31       0.31999999 0.31\n 0.31       0.34999999 0.34999999]"", ""ll"": ""[0.14       0.14500001 0.15000001 0.16       0.14       0.13\n 0.13       0.13       0.13      ]"", ""dlayr"": ""[ 5. 10.  5. 10. 10. 10. 10. 20. 20.]""}"
SYA,2014,0,10000,MaskablePPO,2014-07-05,186,76,0.0,26.511,31.5,20.1,0.8956320583820343,0.0,1932.4853515625,0.0,1.5589573383331299,-0.04228160291910171,0,0,False,0.0,0.0,0.0,0.0,0.0,80.0,,4,0.0,0.0,0.0,0.0,0.0,0.0,0.001,0.0,0.0,80.0,True,30,60,75.0,150.0,240.0,0.0,0.0,late,,,,True,0.05,50.0,0.8956320583820343,0.8456320583820343,42.281602919101715,0.04228160291910171,0.0,-0.04228160291910171,True,90,195.0,45.0,True,0.0,0.0,195.0,False,"{""sat"": ""[0.43000001 0.42500001 0.41999999 0.46999997 0.43000001 0.41999999\n 0.41999999 0.46999997 0.46999997]"", ""dul"": ""[0.37       0.34499997 0.31999999 0.31       0.31999999 0.31\n 0.31       0.34999999 0.34999999]"", ""ll"": ""[0.14       0.14500001 0.15000001 0.16       0.14       0.13\n 0.13       0.13       0.13      ]"", ""dlayr"": ""[ 5. 10.  5. 10. 10. 10. 10. 20. 20.]""}"
SYA,2014,0,10000,MaskablePPO,2014-07-06,187,77,0.0,25.459,29.7,20.6,0.8927831798791885,0.0,1954.1334533691406,0.0,1.5012582540512085,-0.042139158993959425,0,0,False,0.0,0.0,0.0,0.0,0.0,80.0,,4,0.0,0.0,0.002848878502845764,0.0,0.0,0.0,0.001,0.0,0.0,80.0,True,30,60,75.0,150.0,240.0,0.0,0.0,late,,,,True,0.05,50.0,0.8927831798791885,0.8427831798791885,42.13915899395943,0.042139158993959425,0.0,-0.042139158993959425,True,90,195.0,45.0,True,0.0,0.0,195.0,False,"{""sat"": ""[0.43000001 0.42500001 0.41999999 0.46999997 0.43000001 0.41999999\n 0.41999999 0.46999997 0.46999997]"", ""dul"": ""[0.37       0.34499997 0.31999999 0.31       0.31999999 0.31\n 0.31       0.34999999 0.34999999]"", ""ll"": ""[0.14       0.14500001 0.15000001 0.16       0.14       0.13\n 0.13       0.13       0.13      ]"", ""dlayr"": ""[ 5. 10.  5. 10. 10. 10. 10. 20. 20.]""}"
SYA,2014,0,10000,MaskablePPO,2014-07-07,188,78,0.0,22.557,30.7,19.3,0.7582746893167496,0.0,1982.8379821777344,0.0,1.4571146965026855,-0.03541373446583748,0,0,False,0.0,0.0,0.0,0.0,0.0,80.0,,4,0.0,0.0,0.13450849056243896,0.0,0.0,0.0,0.001,0.0,0.0,80.0,True,30,60,75.0,150.0,240.0,0.0,0.0,late,,,,True,0.05,50.0,0.7582746893167496,0.7082746893167495,35.41373446583748,0.03541373446583748,0.0,-0.03541373446583748,True,90,195.0,45.0,True,0.0,0.0,195.0,False,"{""sat"": ""[0.43000001 0.42500001 0.41999999 0.46999997 0.43000001 0.41999999\n 0.41999999 0.46999997 0.46999997]"", ""dul"": ""[0.37       0.34499997 0.31999999 0.31       0.31999999 0.31\n 0.31       0.34999999 0.34999999]"", ""ll"": ""[0.14       0.14500001 0.15000001 0.16       0.14       0.13\n 0.13       0.13       0.13      ]"", ""dlayr"": ""[ 5. 10.  5. 10. 10. 10. 10. 20. 20.]""}"
SYA,2014,0,10000,MaskablePPO,2014-07-08,189,79,0.0,9.353,28.4,20.6,0.9038090780377388,0.0,1997.5050354003906,0.0,1.3967795372009277,-0.04269045390188694,0,0,False,0.0,0.0,0.0,0.0,0.0,80.0,,4,0.0,0.0,0.0,0.0,0.0,0.0,0.001,0.0,0.0,80.0,True,30,60,75.0,150.0,240.0,0.0,0.0,late,,,,True,0.05,50.0,0.9038090780377388,0.8538090780377388,42.69045390188694,0.04269045390188694,0.0,-0.04269045390188694,True,90,195.0,45.0,True,0.0,0.0,195.0,False,"{""sat"": ""[0.43000001 0.42500001 0.41999999 0.46999997 0.43000001 0.41999999\n 0.41999999 0.46999997 0.46999997]"", ""dul"": ""[0.37       0.34499997 0.31999999 0.31       0.31999999 0.31\n 0.31       0.34999999 0.34999999]"", ""ll"": ""[0.14       0.14500001 0.15000001 0.16       0.14       0.13\n 0.13       0.13       0.13      ]"", ""dlayr"": ""[ 5. 10.  5. 10. 10. 10. 10. 20. 20.]""}"
SYA,2014,0,10000,MaskablePPO,2014-07-09,190,80,2.5,21.438,30.3,20.8,0.9367949664592743,0.0,2005.2128601074219,0.0,1.3338838815689087,-0.04433974832296372,0,0,False,0.0,0.0,0.0,0.0,0.0,80.0,,4,0.0,0.0,0.0,0.0,0.0,0.0,0.001,0.0,0.0,80.0,True,30,60,75.0,150.0,240.0,0.0,0.0,late,,,,True,0.05,50.0,0.9367949664592743,0.8867949664592742,44.339748322963715,0.04433974832296372,0.0,-0.04433974832296372,True,90,195.0,45.0,True,0.0,0.0,195.0,False,"{""sat"": ""[0.43000001 0.42500001 0.41999999 0.46999997 0.43000001 0.41999999\n 0.41999999 0.46999997 0.46999997]"", ""dul"": ""[0.37       0.34499997 0.31999999 0.31       0.31999999 0.31\n 0.31       0.34999999 0.34999999]"", ""ll"": ""[0.14       0.14500001 0.15000001 0.16       0.14       0.13\n 0.13       0.13       0.13      ]"", ""dlayr"": ""[ 5. 10.  5. 10. 10. 10. 10. 20. 20.]""}"
SYA,2014,0,10000,MaskablePPO,2014-07-10,191,81,0.0,28.713,30.1,16.1,0.9596095606684685,0.0,2009.8434448242188,0.0,1.2711883783340454,-0.04548047803342342,0,0,False,0.0,0.0,0.0,0.0,0.0,80.0,,4,0.0,0.0,0.0,0.0,0.0,0.0,0.001,0.0,0.0,80.0,True,30,60,75.0,150.0,240.0,0.0,0.0,late,,,,True,0.05,50.0,0.9596095606684685,0.9096095606684684,45.480478033423424,0.04548047803342342,0.0,-0.04548047803342342,True,90,195.0,45.0,True,0.0,0.0,195.0,False,"{""sat"": ""[0.43000001 0.42500001 0.41999999 0.46999997 0.43000001 0.41999999\n 0.41999999 0.46999997 0.46999997]"", ""dul"": ""[0.37       0.34499997 0.31999999 0.31       0.31999999 0.31\n 0.31       0.34999999 0.34999999]"", ""ll"": ""[0.14       0.14500001 0.15000001 0.16       0.14       0.13\n 0.13       0.13       0.13      ]"", ""dlayr"": ""[ 5. 10.  5. 10. 10. 10. 10. 20. 20.]""}"
SYA,2014,0,10000,MaskablePPO,2014-07-11,192,82,0.0,25.804,29.1,18.2,0.9277750626206398,0.0,2018.4068298339844,0.0,1.2146458625793457,-0.04388875313103199,0,0,False,0.0,0.0,0.0,0.0,0.0,80.0,,4,0.0,0.0,0.031834498047828674,0.0,0.0,0.0,0.001,0.0,0.0,80.0,True,30,60,75.0,150.0,240.0,0.0,0.0,late,,,,True,0.05,50.0,0.9277750626206398,0.8777750626206398,43.88875313103199,0.04388875313103199,0.0,-0.04388875313103199,True,90,195.0,45.0,True,0.0,0.0,195.0,False,"{""sat"": ""[0.43000001 0.42500001 0.41999999 0.46999997 0.43000001 0.41999999\n 0.41999999 0.46999997 0.46999997]"", ""dul"": ""[0.37       0.34499997 0.31999999 0.31       0.31999999 0.31\n 0.31       0.34999999 0.34999999]"", ""ll"": ""[0.14       0.14500001 0.15000001 0.16       0.14       0.13\n 0.13       0.13       0.13      ]"", ""dlayr"": ""[ 5. 10.  5. 10. 10. 10. 10. 20. 20.]""}"
SYA,2014,0,10000,MaskablePPO,2014-07-12,193,83,0.0,23.946,30.1,17.2,0.9691487103700638,0.0,2021.8092346191406,0.0,1.1565476655960083,-0.04595743551850319,0,0,False,0.0,0.0,0.0,0.0,0.0,80.0,,4,0.0,0.0,0.0,0.0,0.0,0.0,0.001,0.0,0.0,80.0,True,30,60,75.0,150.0,240.0,0.0,0.0,late,,,,True,0.05,50.0,0.9691487103700638,0.9191487103700637,45.95743551850319,0.04595743551850319,0.0,-0.04595743551850319,True,90,195.0,45.0,True,0.0,0.0,195.0,False,"{""sat"": ""[0.43000001 0.42500001 0.41999999 0.46999997 0.43000001 0.41999999\n 0.41999999 0.46999997 0.46999997]"", ""dul"": ""[0.37       0.34499997 0.31999999 0.31       0.31999999 0.31\n 0.31       0.34999999 0.34999999]"", ""ll"": ""[0.14       0.14500001 0.15000001 0.16       0.14       0.13\n 0.13       0.13       0.13      ]"", ""dlayr"": ""[ 5. 10.  5. 10. 10. 10. 10. 20. 20.]""}"
SYA,2014,0,10000,MaskablePPO,2014-07-13,194,84,0.0,24.404,30.7,17.6,0.9563751444220543,0.0,2027.3175048828125,0.0,1.1025304794311523,-0.045318757221102714,0,0,False,0.0,0.0,0.0,0.0,0.0,80.0,,4,0.0,0.0,0.012773565948009491,0.0,0.0,0.0,0.001,0.0,0.0,80.0,True,30,60,75.0,150.0,240.0,0.0,0.0,late,,,,True,0.05,50.0,0.9563751444220543,0.9063751444220542,45.318757221102715,0.045318757221102714,0.0,-0.045318757221102714,True,90,195.0,45.0,True,0.0,0.0,195.0,False,"{""sat"": ""[0.43000001 0.42500001 0.41999999 0.46999997 0.43000001 0.41999999\n 0.41999999 0.46999997 0.46999997]"", ""dul"": ""[0.37       0.34499997 0.31999999 0.31       0.31999999 0.31\n 0.31       0.34999999 0.34999999]"", ""ll"": ""[0.14       0.14500001 0.15000001 0.16       0.14       0.13\n 0.13       0.13       0.13      ]"", ""dlayr"": ""[ 5. 10.  5. 10. 10. 10. 10. 20. 20.]""}"
SYA,2014,0,10000,MaskablePPO,2014-07-14,195,85,0.0,24.898,33.3,18.3,0.9608382619917393,0.0,2032.2999572753906,0.0,1.0506322383880615,-0.04554191309958697,0,0,False,0.0,0.0,0.0,0.0,0.0,80.0,,4,0.0,0.0,0.0,0.0,0.0,0.0,0.001,0.0,0.0,80.0,True,30,60,75.0,150.0,240.0,0.0,0.0,late,,,,True,0.05,50.0,0.9608382619917393,0.9108382619917392,45.541913099586964,0.04554191309958697,0.0,-0.04554191309958697,True,90,195.0,45.0,True,0.0,0.0,195.0,False,"{""sat"": ""[0.43000001 0.42500001 0.41999999 0.46999997 0.43000001 0.41999999\n 0.41999999 0.46999997 0.46999997]"", ""dul"": ""[0.37       0.34499997 0.31999999 0.31       0.31999999 0.31\n 0.31       0.34999999 0.34999999]"", ""ll"": ""[0.14       0.14500001 0.15000001 0.16       0.14       0.13\n 0.13       0.13       0.13      ]"", ""dlayr"": ""[ 5. 10.  5. 10. 10. 10. 10. 20. 20.]""}"
SYA,2014,0,10000,MaskablePPO,2014-07-15,196,86,0.0,19.878,31.1,21.7,0.9415721781551838,0.0,2038.8986206054688,0.0,1.00259530544281,-0.04457860890775919,0,0,False,0.0,0.0,0.0,0.0,0.0,80.0,,4,0.0,0.0,0.01926608383655548,0.0,0.0,0.0,0.001,0.0,0.0,80.0,True,30,60,75.0,150.0,240.0,0.0,0.0,late,,,,True,0.05,50.0,0.9415721781551838,0.8915721781551837,44.57860890775919,0.04457860890775919,0.0,-0.04457860890775919,True,90,195.0,45.0,True,0.0,0.0,195.0,False,"{""sat"": ""[0.43000001 0.42500001 0.41999999 0.46999997 0.43000001 0.41999999\n 0.41999999 0.46999997 0.46999997]"", ""dul"": ""[0.37       0.34499997 0.31999999 0.31       0.31999999 0.31\n 0.31       0.34999999 0.34999999]"", ""ll"": ""[0.14       0.14500001 0.15000001 0.16       0.14       0.13\n 0.13       0.13       0.13      ]"", ""dlayr"": ""[ 5. 10.  5. 10. 10. 10. 10. 20. 20.]""}"
SYA,2014,0,10000,MaskablePPO,2014-07-16,197,87,18.6,20.256,30.3,19.0,0.0,0.0,2215.0082397460938,0.0,1.047428846359253,0.0,0,0,False,0.0,0.0,0.0,0.0,0.0,80.0,,4,0.0,0.0,0.9415721781551838,0.0,0.0,0.0,0.001,0.0,0.0,80.0,True,30,60,75.0,150.0,240.0,0.0,0.0,late,,,,True,0.05,50.0,0.0,0.0,0.0,0.0,0.0,0.0,True,90,195.0,45.0,True,0.0,0.0,195.0,False,"{""sat"": ""[0.43000001 0.42500001 0.41999999 0.46999997 0.43000001 0.41999999\n 0.41999999 0.46999997 0.46999997]"", ""dul"": ""[0.37       0.34499997 0.31999999 0.31       0.31999999 0.31\n 0.31       0.34999999 0.34999999]"", ""ll"": ""[0.14       0.14500001 0.15000001 0.16       0.14       0.13\n 0.13       0.13       0.13      ]"", ""dlayr"": ""[ 5. 10.  5. 10. 10. 10. 10. 20. 20.]""}"
SYA,2014,0,10000,MaskablePPO,2014-07-17,198,88,20.8,18.037,29.2,19.4,0.0,0.0,2370.4605102539062,0.0,1.0869296789169312,0.0,0,0,False,0.0,0.0,0.0,0.0,0.0,80.0,,4,0.0,0.0,0.0,0.0,0.0,0.0,0.001,0.0,0.0,80.0,True,30,60,75.0,150.0,240.0,0.0,0.0,late,,,,True,0.05,50.0,0.0,0.0,0.0,0.0,0.0,0.0,True,90,195.0,45.0,True,0.0,0.0,195.0,False,"{""sat"": ""[0.43000001 0.42500001 0.41999999 0.46999997 0.43000001 0.41999999\n 0.41999999 0.46999997 0.46999997]"", ""dul"": ""[0.37       0.34499997 0.31999999 0.31       0.31999999 0.31\n 0.31       0.34999999 0.34999999]"", ""ll"": ""[0.14       0.14500001 0.15000001 0.16       0.14       0.13\n 0.13       0.13       0.13      ]"", ""dlayr"": ""[ 5. 10.  5. 10. 10. 10. 10. 20. 20.]""}"
SYA,2014,0,10000,MaskablePPO,2014-07-18,199,89,0.0,15.233,29.9,22.0,0.0,0.0,2528.725128173828,0.0,1.1270990371704102,0.0,0,0,False,0.0,0.0,0.0,0.0,0.0,80.0,,4,0.0,0.0,0.0,0.0,0.0,0.0,0.001,0.0,0.0,80.0,True,30,60,75.0,150.0,240.0,0.0,0.0,late,,,,True,0.05,50.0,0.0,0.0,0.0,0.0,0.0,0.0,True,90,195.0,45.0,True,0.0,0.0,195.0,False,"{""sat"": ""[0.43000001 0.42500001 0.41999999 0.46999997 0.43000001 0.41999999\n 0.41999999 0.46999997 0.46999997]"", ""dul"": ""[0.37       0.34499997 0.31999999 0.31       0.31999999 0.31\n 0.31       0.34999999 0.34999999]"", ""ll"": ""[0.14       0.14500001 0.15000001 0.16       0.14       0.13\n 0.13       0.13       0.13      ]"", ""dlayr"": ""[ 5. 10.  5. 10. 10. 10. 10. 20. 20.]""}"
SYA,2014,0,10000,MaskablePPO,2014-07-19,200,90,0.0,15.12,32.0,24.0,0.0,0.0,2740.2560424804688,0.0,1.1807717084884644,0.0,0,0,False,0.0,0.0,0.0,0.0,0.0,80.0,,2,0.0,0.0,0.0,0.0,0.0,0.0,0.001,0.0,0.0,80.0,True,30,60,75.0,150.0,240.0,0.0,0.0,late,,,,True,0.05,50.0,0.0,0.0,0.0,0.0,0.0,0.0,True,90,195.0,45.0,True,0.0,0.0,195.0,False,"{""sat"": ""[0.43000001 0.42500001 0.41999999 0.46999997 0.43000001 0.41999999\n 0.41999999 0.46999997 0.46999997]"", ""dul"": ""[0.37       0.34499997 0.31999999 0.31       0.31999999 0.31\n 0.31       0.34999999 0.34999999]"", ""ll"": ""[0.14       0.14500001 0.15000001 0.16       0.14       0.13\n 0.13       0.13       0.13      ]"", ""dlayr"": ""[ 5. 10.  5. 10. 10. 10. 10. 20. 20.]""}"
SYA,2014,0,10000,MaskablePPO,2014-07-20,201,91,0.0,19.676,32.4,24.7,0.0,0.0,2805.2682495117188,0.0,1.1970831155776978,0.0,0,0,False,0.0,0.0,0.0,0.0,0.0,80.0,,2,0.0,0.0,0.0,0.0,0.0,0.0,0.001,0.0,0.0,80.0,True,30,60,75.0,150.0,240.0,0.0,0.0,late,,,,True,0.05,50.0,0.0,0.0,0.0,0.0,0.0,0.0,True,90,195.0,45.0,False,0.0,0.0,,False,"{""sat"": ""[0.43000001 0.42500001 0.41999999 0.46999997 0.43000001 0.41999999\n 0.41999999 0.46999997 0.46999997]"", ""dul"": ""[0.37       0.34499997 0.31999999 0.31       0.31999999 0.31\n 0.31       0.34999999 0.34999999]"", ""ll"": ""[0.14       0.14500001 0.15000001 0.16       0.14       0.13\n 0.13       0.13       0.13      ]"", ""dlayr"": ""[ 5. 10.  5. 10. 10. 10. 10. 20. 20.]""}"
SYA,2014,0,10000,MaskablePPO,2014-07-21,202,92,35.8,5.854,29.5,21.5,0.0,0.0,2951.3174438476562,0.0,1.2340134382247925,0.0,0,0,False,0.0,0.0,0.0,0.0,0.0,80.0,,2,0.0,0.0,0.0,0.0,0.0,0.0,0.001,0.0,0.0,80.0,True,30,60,75.0,150.0,240.0,0.0,0.0,late,,,,True,0.05,50.0,0.0,0.0,0.0,0.0,0.0,0.0,True,90,195.0,45.0,False,0.0,0.0,,False,"{""sat"": ""[0.43000001 0.42500001 0.41999999 0.46999997 0.43000001 0.41999999\n 0.41999999 0.46999997 0.46999997]"", ""dul"": ""[0.37       0.34499997 0.31999999 0.31       0.31999999 0.31\n 0.31       0.34999999 0.34999999]"", ""ll"": ""[0.14       0.14500001 0.15000001 0.16       0.14       0.13\n 0.13       0.13       0.13      ]"", ""dlayr"": ""[ 5. 10.  5. 10. 10. 10. 10. 20. 20.]""}"
SYA,2014,0,10000,MaskablePPO,2014-07-22,203,93,0.0,13.131,28.0,19.6,0.0,0.0,3147.6583862304688,0.0,1.2836685180664062,0.0,0,0,False,0.0,0.0,0.0,0.0,0.0,80.0,,2,0.0,0.0,0.0,0.0,0.0,0.0,0.001,0.0,0.0,80.0,True,30,60,75.0,150.0,240.0,0.0,0.0,late,,,,True,0.05,50.0,0.0,0.0,0.0,0.0,0.0,0.0,True,90,195.0,45.0,False,0.0,0.0,,False,"{""sat"": ""[0.43000001 0.42500001 0.41999999 0.46999997 0.43000001 0.41999999\n 0.41999999 0.46999997 0.46999997]"", ""dul"": ""[0.37       0.34499997 0.31999999 0.31       0.31999999 0.31\n 0.31       0.34999999 0.34999999]"", ""ll"": ""[0.14       0.14500001 0.15000001 0.16       0.14       0.13\n 0.13       0.13       0.13      ]"", ""dlayr"": ""[ 5. 10.  5. 10. 10. 10. 10. 20. 20.]""}"
SYA,2014,0,10000,MaskablePPO,2014-07-23,204,94,0.0,20.124,30.4,21.7,0.0,0.0,3307.32666015625,0.0,1.2836685180664062,0.0,0,0,False,0.0,0.0,0.0,0.0,0.0,80.0,,2,0.0,0.0,0.0,0.0,0.0,0.0,0.001,0.0,0.0,80.0,True,30,60,75.0,150.0,240.0,0.0,0.0,late,,,,True,0.05,50.0,0.0,0.0,0.0,0.0,0.0,0.0,True,90,195.0,45.0,False,0.0,0.0,,False,"{""sat"": ""[0.43000001 0.42500001 0.41999999 0.46999997 0.43000001 0.41999999\n 0.41999999 0.46999997 0.46999997]"", ""dul"": ""[0.37       0.34499997 0.31999999 0.31       0.31999999 0.31\n 0.31       0.34999999 0.34999999]"", ""ll"": ""[0.14       0.14500001 0.15000001 0.16       0.14       0.13\n 0.13       0.13       0.13      ]"", ""dlayr"": ""[ 5. 10.  5. 10. 10. 10. 10. 20. 20.]""}"
SYA,2014,0,10000,MaskablePPO,2014-07-24,205,95,0.0,15.126,29.7,20.5,0.0,0.0,3370.2194213867188,0.0,1.2836685180664062,0.0,0,0,False,0.0,0.0,0.0,0.0,0.0,80.0,,2,0.0,0.0,0.0,0.0,0.0,0.0,0.001,0.0,0.0,80.0,True,30,60,75.0,150.0,240.0,0.0,0.0,late,,,,True,0.05,50.0,0.0,0.0,0.0,0.0,0.0,0.0,True,90,195.0,45.0,False,0.0,0.0,,False,"{""sat"": ""[0.43000001 0.42500001 0.41999999 0.46999997 0.43000001 0.41999999\n 0.41999999 0.46999997 0.46999997]"", ""dul"": ""[0.37       0.34499997 0.31999999 0.31       0.31999999 0.31\n 0.31       0.34999999 0.34999999]"", ""ll"": ""[0.14       0.14500001 0.15000001 0.16       0.14       0.13\n 0.13       0.13       0.13      ]"", ""dlayr"": ""[ 5. 10.  5. 10. 10. 10. 10. 20. 20.]""}"
SYA,2014,0,10000,MaskablePPO,2014-07-25,206,96,0.0,7.114,25.3,19.1,0.0,0.0,3614.1995239257812,0.0,1.2836685180664062,0.0,0,0,False,0.0,0.0,0.0,0.0,0.0,80.0,,2,0.0,0.0,0.0,0.0,0.0,0.0,0.001,0.0,0.0,80.0,True,30,60,75.0,150.0,240.0,0.0,0.0,late,,,,True,0.05,50.0,0.0,0.0,0.0,0.0,0.0,0.0,True,90,195.0,45.0,False,0.0,0.0,,False,"{""sat"": ""[0.43000001 0.42500001 0.41999999 0.46999997 0.43000001 0.41999999\n 0.41999999 0.46999997 0.46999997]"", ""dul"": ""[0.37       0.34499997 0.31999999 0.31       0.31999999 0.31\n 0.31       0.34999999 0.34999999]"", ""ll"": ""[0.14       0.14500001 0.15000001 0.16       0.14       0.13\n 0.13       0.13       0.13      ]"", ""dlayr"": ""[ 5. 10.  5. 10. 10. 10. 10. 20. 20.]""}"
SYA,2014,0,10000,MaskablePPO,2014-07-26,207,97,0.0,22.373,27.9,18.1,0.0,0.0,3854.329833984375,0.0,1.2836685180664062,0.0,0,0,False,0.0,0.0,0.0,0.0,0.0,80.0,,2,0.0,0.0,0.0,0.0,0.0,0.0,0.001,0.0,0.0,80.0,True,30,60,75.0,150.0,240.0,0.0,0.0,late,,,,True,0.05,50.0,0.0,0.0,0.0,0.0,0.0,0.0,True,90,195.0,45.0,False,0.0,0.0,,False,"{""sat"": ""[0.43000001 0.42500001 0.41999999 0.46999997 0.43000001 0.41999999\n 0.41999999 0.46999997 0.46999997]"", ""dul"": ""[0.37       0.34499997 0.31999999 0.31       0.31999999 0.31\n 0.31       0.34999999 0.34999999]"", ""ll"": ""[0.14       0.14500001 0.15000001 0.16       0.14       0.13\n 0.13       0.13       0.13      ]"", ""dlayr"": ""[ 5. 10.  5. 10. 10. 10. 10. 20. 20.]""}"
SYA,2014,0,10000,MaskablePPO,2014-07-27,208,98,0.0,22.232,30.5,16.4,0.0,0.0,4064.2630004882812,0.0,1.2836685180664062,0.0,0,0,False,0.0,0.0,0.0,0.0,0.0,80.0,,2,0.0,0.0,0.0,0.0,0.0,0.0,0.001,0.0,0.0,80.0,True,30,60,75.0,150.0,240.0,0.0,0.0,late,,,,True,0.05,50.0,0.0,0.0,0.0,0.0,0.0,0.0,True,90,195.0,45.0,False,0.0,0.0,,False,"{""sat"": ""[0.43000001 0.42500001 0.41999999 0.46999997 0.43000001 0.41999999\n 0.41999999 0.46999997 0.46999997]"", ""dul"": ""[0.37       0.34499997 0.31999999 0.31       0.31999999 0.31\n 0.31       0.34999999 0.34999999]"", ""ll"": ""[0.14       0.14500001 0.15000001 0.16       0.14       0.13\n 0.13       0.13       0.13      ]"", ""dlayr"": ""[ 5. 10.  5. 10. 10. 10. 10. 20. 20.]""}"
SYA,2014,0,10000,MaskablePPO,2014-07-28,209,99,0.0,19.847,30.2,18.9,0.0,0.0,4249.8779296875,0.0,1.2836685180664062,0.0,0,0,False,0.0,0.0,0.0,0.0,0.0,80.0,,2,0.0,0.0,0.0,0.0,0.0,0.0,0.001,0.0,0.0,80.0,True,30,60,75.0,150.0,240.0,0.0,0.0,late,,,,True,0.05,50.0,0.0,0.0,0.0,0.0,0.0,0.0,True,90,195.0,45.0,False,0.0,0.0,,False,"{""sat"": ""[0.43000001 0.42500001 0.41999999 0.46999997 0.43000001 0.41999999\n 0.41999999 0.46999997 0.46999997]"", ""dul"": ""[0.37       0.34499997 0.31999999 0.31       0.31999999 0.31\n 0.31       0.34999999 0.34999999]"", ""ll"": ""[0.14       0.14500001 0.15000001 0.16       0.14       0.13\n 0.13       0.13       0.13      ]"", ""dlayr"": ""[ 5. 10.  5. 10. 10. 10. 10. 20. 20.]""}"
SYA,2014,0,10000,MaskablePPO,2014-07-29,210,100,0.0,17.9,29.6,21.3,0.0,0.0,4382.760314941406,0.0,1.2836685180664062,0.0,0,0,False,0.0,0.0,0.0,0.0,0.0,80.0,,2,0.0,0.0,0.0,0.0,0.0,0.0,0.001,0.0,0.0,80.0,True,30,60,75.0,150.0,240.0,0.0,0.0,late,,,,True,0.05,50.0,0.0,0.0,0.0,0.0,0.0,0.0,True,90,195.0,45.0,False,0.0,0.0,,False,"{""sat"": ""[0.43000001 0.42500001 0.41999999 0.46999997 0.43000001 0.41999999\n 0.41999999 0.46999997 0.46999997]"", ""dul"": ""[0.37       0.34499997 0.31999999 0.31       0.31999999 0.31\n 0.31       0.34999999 0.34999999]"", ""ll"": ""[0.14       0.14500001 0.15000001 0.16       0.14       0.13\n 0.13       0.13       0.13      ]"", ""dlayr"": ""[ 5. 10.  5. 10. 10. 10. 10. 20. 20.]""}"
SYA,2014,0,10000,MaskablePPO,2014-07-30,211,101,0.0,13.634,27.7,18.7,0.0,0.0,4590.407409667969,0.0,1.2836685180664062,0.0,0,0,False,0.0,0.0,0.0,0.0,0.0,80.0,,2,0.0,0.0,0.0,0.0,0.0,0.0,0.001,0.0,0.0,80.0,True,30,60,75.0,150.0,240.0,0.0,0.0,late,,,,True,0.05,50.0,0.0,0.0,0.0,0.0,0.0,0.0,True,90,195.0,45.0,False,0.0,0.0,,False,"{""sat"": ""[0.43000001 0.42500001 0.41999999 0.46999997 0.43000001 0.41999999\n 0.41999999 0.46999997 0.46999997]"", ""dul"": ""[0.37       0.34499997 0.31999999 0.31       0.31999999 0.31\n 0.31       0.34999999 0.34999999]"", ""ll"": ""[0.14       0.14500001 0.15000001 0.16       0.14       0.13\n 0.13       0.13       0.13      ]"", ""dlayr"": ""[ 5. 10.  5. 10. 10. 10. 10. 20. 20.]""}"
SYA,2014,0,10000,MaskablePPO,2014-07-31,212,102,0.0,20.011,31.2,18.1,0.37607818841934204,0.0,4713.874816894531,0.0,1.2595305442810059,-0.016303909420967103,0,0,False,0.0,0.0,0.0,0.0,0.0,80.0,,2,0.0,0.0,0.0,0.0,0.0,0.0,0.001,0.0,0.0,80.0,True,30,60,75.0,150.0,240.0,0.0,0.0,late,,,,True,0.05,50.0,0.37607818841934204,0.32607818841934205,16.303909420967102,0.016303909420967103,0.0,-0.016303909420967103,True,90,195.0,45.0,False,0.0,0.0,,False,"{""sat"": ""[0.43000001 0.42500001 0.41999999 0.46999997 0.43000001 0.41999999\n 0.41999999 0.46999997 0.46999997]"", ""dul"": ""[0.37       0.34499997 0.31999999 0.31       0.31999999 0.31\n 0.31       0.34999999 0.34999999]"", ""ll"": ""[0.14       0.14500001 0.15000001 0.16       0.14       0.13\n 0.13       0.13       0.13      ]"", ""dlayr"": ""[ 5. 10.  5. 10. 10. 10. 10. 20. 20.]""}"
SYA,2014,0,10000,MaskablePPO,2014-08-01,213,103,0.0,21.008,32.4,23.7,0.7399437725543976,0.0,4753.357849121094,0.0,1.2129313945770264,-0.03449718862771988,0,0,False,0.0,0.0,0.0,0.0,0.0,80.0,,2,0.0,0.0,0.0,0.0,0.0,0.0,0.001,0.0,0.0,80.0,True,30,60,75.0,150.0,240.0,0.0,0.0,late,,,,True,0.05,50.0,0.7399437725543976,0.6899437725543975,34.49718862771988,0.03449718862771988,0.0,-0.03449718862771988,True,90,195.0,45.0,False,0.0,0.0,,False,"{""sat"": ""[0.43000001 0.42500001 0.41999999 0.46999997 0.43000001 0.41999999\n 0.41999999 0.46999997 0.46999997]"", ""dul"": ""[0.37       0.34499997 0.31999999 0.31       0.31999999 0.31\n 0.31       0.34999999 0.34999999]"", ""ll"": ""[0.14       0.14500001 0.15000001 0.16       0.14       0.13\n 0.13       0.13       0.13      ]"", ""dlayr"": ""[ 5. 10.  5. 10. 10. 10. 10. 20. 20.]""}"
SYA,2014,0,10000,MaskablePPO,2014-08-02,214,104,0.0,24.198,33.9,22.2,0.7903276979923248,0.0,4812.955627441406,111.5837574005127,1.1650007963180542,-0.03701638489961624,0,0,False,0.0,0.0,0.0,0.0,0.0,80.0,,2,0.0,0.0,0.0,0.0,0.0,0.0,0.001,0.0,0.0,80.0,True,30,60,75.0,150.0,240.0,0.0,0.0,late,,,,True,0.05,50.0,0.7903276979923248,0.7403276979923248,37.01638489961624,0.03701638489961624,0.0,-0.03701638489961624,True,90,195.0,45.0,False,0.0,0.0,,False,"{""sat"": ""[0.43000001 0.42500001 0.41999999 0.46999997 0.43000001 0.41999999\n 0.41999999 0.46999997 0.46999997]"", ""dul"": ""[0.37       0.34499997 0.31999999 0.31       0.31999999 0.31\n 0.31       0.34999999 0.34999999]"", ""ll"": ""[0.14       0.14500001 0.15000001 0.16       0.14       0.13\n 0.13       0.13       0.13      ]"", ""dlayr"": ""[ 5. 10.  5. 10. 10. 10. 10. 20. 20.]""}"
SYA,2014,0,10000,MaskablePPO,2014-08-03,215,105,0.0,22.741,32.8,21.8,0.7396143972873688,0.0,4864.131774902344,233.23484420776367,1.1219180822372437,-0.03448071986436844,0,0,False,0.0,0.0,0.0,0.0,0.0,80.0,,2,0.0,0.0,0.050713300704956055,0.0,0.0,0.0,0.001,0.0,0.0,80.0,True,30,60,75.0,150.0,240.0,0.0,0.0,late,,,,True,0.05,50.0,0.7396143972873688,0.6896143972873687,34.48071986436844,0.03448071986436844,0.0,-0.03448071986436844,True,90,195.0,45.0,False,0.0,0.0,,False,"{""sat"": ""[0.43000001 0.42500001 0.41999999 0.46999997 0.43000001 0.41999999\n 0.41999999 0.46999997 0.46999997]"", ""dul"": ""[0.37       0.34499997 0.31999999 0.31       0.31999999 0.31\n 0.31       0.34999999 0.34999999]"", ""ll"": ""[0.14       0.14500001 0.15000001 0.16       0.14       0.13\n 0.13       0.13       0.13      ]"", ""dlayr"": ""[ 5. 10.  5. 10. 10. 10. 10. 20. 20.]""}"
SYA,2014,0,10000,MaskablePPO,2014-08-04,216,106,0.0,16.089,29.3,21.5,0.8251473903656006,0.0,4904.342346191406,345.23868560791016,1.075630784034729,-0.03875736951828003,0,0,False,0.0,0.0,0.0,0.0,0.0,80.0,,2,0.0,0.0,0.0,0.0,0.0,0.0,0.001,0.0,0.0,80.0,True,30,60,75.0,150.0,240.0,0.0,0.0,late,,,,True,0.05,50.0,0.8251473903656006,0.7751473903656005,38.75736951828003,0.03875736951828003,0.0,-0.03875736951828003,True,90,195.0,45.0,False,0.0,0.0,,False,"{""sat"": ""[0.43000001 0.42500001 0.41999999 0.46999997 0.43000001 0.41999999\n 0.41999999 0.46999997 0.46999997]"", ""dul"": ""[0.37       0.34499997 0.31999999 0.31       0.31999999 0.31\n 0.31       0.34999999 0.34999999]"", ""ll"": ""[0.14       0.14500001 0.15000001 0.16       0.14       0.13\n 0.13       0.13       0.13      ]"", ""dlayr"": ""[ 5. 10.  5. 10. 10. 10. 10. 20. 20.]""}"
SYA,2014,0,10000,MaskablePPO,2014-08-05,217,107,0.0,19.31,29.6,16.1,0.8621297776699066,0.0,4943.336486816406,453.07132720947266,1.029263973236084,-0.04060648888349533,0,0,False,0.0,0.0,0.0,0.0,0.0,80.0,,2,0.0,0.0,0.0,0.0,0.0,0.0,0.001,0.0,0.0,80.0,True,30,60,75.0,150.0,240.0,0.0,0.0,late,,,,True,0.05,50.0,0.8621297776699066,0.8121297776699066,40.60648888349533,0.04060648888349533,0.0,-0.04060648888349533,True,90,195.0,45.0,False,0.0,0.0,,False,"{""sat"": ""[0.43000001 0.42500001 0.41999999 0.46999997 0.43000001 0.41999999\n 0.41999999 0.46999997 0.46999997]"", ""dul"": ""[0.37       0.34499997 0.31999999 0.31       0.31999999 0.31\n 0.31       0.34999999 0.34999999]"", ""ll"": ""[0.14       0.14500001 0.15000001 0.16       0.14       0.13\n 0.13       0.13       0.13      ]"", ""dlayr"": ""[ 5. 10.  5. 10. 10. 10. 10. 20. 20.]""}"
SYA,2014,0,10000,MaskablePPO,2014-08-06,218,108,0.0,24.413,29.5,18.4,0.8831601440906525,0.0,4973.9794921875,558.5319519042969,0.9838136434555054,-0.041658007204532624,0,0,False,0.0,0.0,0.0,0.0,0.0,80.0,,2,0.0,0.0,0.0,0.0,0.0,0.0,0.001,0.0,0.0,80.0,True,30,60,75.0,150.0,240.0,0.0,0.0,late,,,,True,0.05,50.0,0.8831601440906525,0.8331601440906524,41.65800720453262,0.041658007204532624,0.0,-0.041658007204532624,True,90,195.0,45.0,False,0.0,0.0,,False,"{""sat"": ""[0.43000001 0.42500001 0.41999999 0.46999997 0.43000001 0.41999999\n 0.41999999 0.46999997 0.46999997]"", ""dul"": ""[0.37       0.34499997 0.31999999 0.31       0.31999999 0.31\n 0.31       0.34999999 0.34999999]"", ""ll"": ""[0.14       0.14500001 0.15000001 0.16       0.14       0.13\n 0.13       0.13       0.13      ]"", ""dlayr"": ""[ 5. 10.  5. 10. 10. 10. 10. 20. 20.]""}"
SYA,2014,0,10000,MaskablePPO,2014-08-07,219,109,0.0,23.343,29.5,15.6,0.8810465037822723,0.0,5006.05224609375,664.23095703125,0.940474271774292,-0.041552325189113615,0,0,False,0.0,0.0,0.0,0.0,0.0,80.0,,2,0.0,0.0,0.002113640308380127,0.0,0.0,0.0,0.001,0.0,0.0,80.0,True,30,60,75.0,150.0,240.0,0.0,0.0,late,,,,True,0.05,50.0,0.8810465037822723,0.8310465037822723,41.55232518911362,0.041552325189113615,0.0,-0.041552325189113615,True,90,195.0,45.0,False,0.0,0.0,,False,"{""sat"": ""[0.43000001 0.42500001 0.41999999 0.46999997 0.43000001 0.41999999\n 0.41999999 0.46999997 0.46999997]"", ""dul"": ""[0.37       0.34499997 0.31999999 0.31       0.31999999 0.31\n 0.31       0.34999999 0.34999999]"", ""ll"": ""[0.14       0.14500001 0.15000001 0.16       0.14       0.13\n 0.13       0.13       0.13      ]"", ""dlayr"": ""[ 5. 10.  5. 10. 10. 10. 10. 20. 20.]""}"
SYA,2014,0,10000,MaskablePPO,2014-08-08,220,110,0.0,24.692,30.8,15.0,0.8879836052656174,0.0,5030.231018066406,769.1474914550781,0.8987180590629578,-0.04189918026328087,0,0,False,0.0,0.0,0.0,0.0,0.0,80.0,,2,0.0,0.0,0.0,0.0,0.0,0.0,0.001,0.0,0.0,80.0,True,30,60,75.0,150.0,240.0,0.0,0.0,late,,,,True,0.05,50.0,0.8879836052656174,0.8379836052656173,41.89918026328087,0.04189918026328087,0.0,-0.04189918026328087,True,90,195.0,45.0,False,0.0,0.0,,False,"{""sat"": ""[0.43000001 0.42500001 0.41999999 0.46999997 0.43000001 0.41999999\n 0.41999999 0.46999997 0.46999997]"", ""dul"": ""[0.37       0.34499997 0.31999999 0.31       0.31999999 0.31\n 0.31       0.34999999 0.34999999]"", ""ll"": ""[0.14       0.14500001 0.15000001 0.16       0.14       0.13\n 0.13       0.13       0.13      ]"", ""dlayr"": ""[ 5. 10.  5. 10. 10. 10. 10. 20. 20.]""}"
SYA,2014,0,10000,MaskablePPO,2014-08-09,221,111,0.0,20.405,30.8,17.1,0.9033314511179924,0.0,5048.955078125,872.3330688476562,0.8581259846687317,-0.04266657255589962,0,0,False,0.0,0.0,0.0,0.0,0.0,80.0,,2,0.0,0.0,0.0,0.0,0.0,0.0,0.001,0.0,0.0,80.0,True,30,60,75.0,150.0,240.0,0.0,0.0,late,,,,True,0.05,50.0,0.9033314511179924,0.8533314511179924,42.66657255589962,0.04266657255589962,0.0,-0.04266657255589962,True,90,195.0,45.0,False,0.0,0.0,,False,"{""sat"": ""[0.43000001 0.42500001 0.41999999 0.46999997 0.43000001 0.41999999\n 0.41999999 0.46999997 0.46999997]"", ""dul"": ""[0.37       0.34499997 0.31999999 0.31       0.31999999 0.31\n 0.31       0.34999999 0.34999999]"", ""ll"": ""[0.14       0.14500001 0.15000001 0.16       0.14       0.13\n 0.13       0.13       0.13      ]"", ""dlayr"": ""[ 5. 10.  5. 10. 10. 10. 10. 20. 20.]""}"
SYA,2014,0,10000,MaskablePPO,2014-08-10,222,112,0.0,18.862,29.9,17.3,0.9484112858772278,0.0,5065.169677734375,970.4340362548828,0.8174331784248352,-0.04492056429386139,0,0,False,0.0,0.0,0.0,0.0,0.0,80.0,,2,0.0,0.0,0.0,0.0,0.0,0.0,0.001,0.0,0.0,80.0,True,30,60,75.0,150.0,240.0,0.0,0.0,late,,,,True,0.05,50.0,0.9484112858772278,0.8984112858772277,44.92056429386139,0.04492056429386139,0.0,-0.04492056429386139,True,90,195.0,45.0,False,0.0,0.0,,False,"{""sat"": ""[0.43000001 0.42500001 0.41999999 0.46999997 0.43000001 0.41999999\n 0.41999999 0.46999997 0.46999997]"", ""dul"": ""[0.37       0.34499997 0.31999999 0.31       0.31999999 0.31\n 0.31       0.34999999 0.34999999]"", ""ll"": ""[0.14       0.14500001 0.15000001 0.16       0.14       0.13\n 0.13       0.13       0.13      ]"", ""dlayr"": ""[ 5. 10.  5. 10. 10. 10. 10. 20. 20.]""}"
SYA,2014,0,10000,MaskablePPO,2014-08-11,223,113,0.0,16.937,29.8,17.8,0.995002162642777,0.0,5058.151550292969,971.5915679931641,0.776765763759613,-0.04725010813213885,0,0,False,0.0,0.0,0.0,0.0,0.0,80.0,,2,0.0,0.0,0.0,0.0,0.0,0.0,0.001,0.0,0.0,80.0,True,30,60,75.0,150.0,240.0,0.0,0.0,late,,,,True,0.05,50.0,0.995002162642777,0.9450021626427769,47.25010813213885,0.04725010813213885,0.0,-0.04725010813213885,True,90,195.0,45.0,False,0.0,0.0,,False,"{""sat"": ""[0.43000001 0.42500001 0.41999999 0.46999997 0.43000001 0.41999999\n 0.41999999 0.46999997 0.46999997]"", ""dul"": ""[0.37       0.34499997 0.31999999 0.31       0.31999999 0.31\n 0.31       0.34999999 0.34999999]"", ""ll"": ""[0.14       0.14500001 0.15000001 0.16       0.14       0.13\n 0.13       0.13       0.13      ]"", ""dlayr"": ""[ 5. 10.  5. 10. 10. 10. 10. 20. 20.]""}"
SYA,2014,0,10000,MaskablePPO,2014-08-12,224,114,0.0,24.169,29.7,17.2,0.9997839980060235,0.0,5058.193054199219,971.6332244873047,0.7379358410835266,-0.04748919990030118,0,0,False,0.0,0.0,0.0,0.0,0.0,80.0,,2,0.0,0.0,0.0,0.0,0.0,0.0,0.001,0.0,0.0,80.0,True,30,60,75.0,150.0,240.0,0.0,0.0,late,,,,True,0.05,50.0,0.9997839980060235,0.9497839980060234,47.48919990030117,0.04748919990030118,0.0,-0.04748919990030118,True,90,195.0,45.0,False,0.0,0.0,,False,"{""sat"": ""[0.43000001 0.42500001 0.41999999 0.46999997 0.43000001 0.41999999\n 0.41999999 0.46999997 0.46999997]"", ""dul"": ""[0.37       0.34499997 0.31999999 0.31       0.31999999 0.31\n 0.31       0.34999999 0.34999999]"", ""ll"": ""[0.14       0.14500001 0.15000001 0.16       0.14       0.13\n 0.13       0.13       0.13      ]"", ""dlayr"": ""[ 5. 10.  5. 10. 10. 10. 10. 20. 20.]""}"
SYA,2014,0,10000,MaskablePPO,2014-08-13,225,115,0.0,20.877,30.8,14.2,0.9904554653912783,0.0,5059.361267089844,972.8013610839844,0.7013912200927734,-0.04702277326956392,0,0,False,0.0,0.0,0.0,0.0,0.0,80.0,,2,0.0,0.0,0.0093285326147452,0.0,0.0,0.0,0.001,0.0,0.0,80.0,True,30,60,75.0,150.0,240.0,0.0,0.0,late,,,,True,0.05,50.0,0.9904554653912783,0.9404554653912782,47.02277326956391,0.04702277326956392,0.0,-0.04702277326956392,True,90,195.0,45.0,False,0.0,0.0,,False,"{""sat"": ""[0.43000001 0.42500001 0.41999999 0.46999997 0.43000001 0.41999999\n 0.41999999 0.46999997 0.46999997]"", ""dul"": ""[0.37       0.34499997 0.31999999 0.31       0.31999999 0.31\n 0.31       0.34999999 0.34999999]"", ""ll"": ""[0.14       0.14500001 0.15000001 0.16       0.14       0.13\n 0.13       0.13       0.13      ]"", ""dlayr"": ""[ 5. 10.  5. 10. 10. 10. 10. 20. 20.]""}"
SYA,2014,0,10000,MaskablePPO,2014-08-14,226,116,5.0,13.849,28.4,17.6,0.0,0.0,5216.3580322265625,1129.7978973388672,0.7013912200927734,0.0,0,0,False,0.0,0.0,0.0,0.0,0.0,80.0,,2,0.0,0.0,0.9904554653912783,0.0,0.0,0.0,0.001,0.0,0.0,80.0,True,30,60,75.0,150.0,240.0,0.0,0.0,late,,,,True,0.05,50.0,0.0,0.0,0.0,0.0,0.0,0.0,True,90,195.0,45.0,False,0.0,0.0,,False,"{""sat"": ""[0.43000001 0.42500001 0.41999999 0.46999997 0.43000001 0.41999999\n 0.41999999 0.46999997 0.46999997]"", ""dul"": ""[0.37       0.34499997 0.31999999 0.31       0.31999999 0.31\n 0.31       0.34999999 0.34999999]"", ""ll"": ""[0.14       0.14500001 0.15000001 0.16       0.14       0.13\n 0.13       0.13       0.13      ]"", ""dlayr"": ""[ 5. 10.  5. 10. 10. 10. 10. 20. 20.]""}"
SYA,2014,0,10000,MaskablePPO,2014-08-15,227,117,0.0,18.408,29.3,18.4,0.9527329578995705,0.0,5225.3515625,1138.7915802001953,0.6679793000221252,-0.045136647894978524,0,0,False,0.0,0.0,0.0,0.0,0.0,80.0,,2,0.0,0.0,0.0,0.0,0.0,0.0,0.001,0.0,0.0,80.0,True,30,60,75.0,150.0,240.0,0.0,0.0,late,,,,True,0.05,50.0,0.9527329578995705,0.9027329578995704,45.13664789497852,0.045136647894978524,0.0,-0.045136647894978524,True,90,195.0,45.0,False,0.0,0.0,,False,"{""sat"": ""[0.43000001 0.42500001 0.41999999 0.46999997 0.43000001 0.41999999\n 0.41999999 0.46999997 0.46999997]"", ""dul"": ""[0.37       0.34499997 0.31999999 0.31       0.31999999 0.31\n 0.31       0.34999999 0.34999999]"", ""ll"": ""[0.14       0.14500001 0.15000001 0.16       0.14       0.13\n 0.13       0.13       0.13      ]"", ""dlayr"": ""[ 5. 10.  5. 10. 10. 10. 10. 20. 20.]""}"
SYA,2014,0,10000,MaskablePPO,2014-08-16,228,118,0.0,22.348,30.3,18.9,0.9639557339251041,0.0,5229.6160888671875,1143.056411743164,0.6357842087745667,-0.04569778669625521,0,0,False,0.0,0.0,0.0,0.0,0.0,80.0,,2,0.0,0.0,0.0,0.0,0.0,0.0,0.001,0.0,0.0,80.0,True,30,60,75.0,150.0,240.0,0.0,0.0,late,,,,True,0.05,50.0,0.9639557339251041,0.9139557339251041,45.69778669625521,0.04569778669625521,0.0,-0.04569778669625521,True,90,195.0,45.0,False,0.0,0.0,,False,"{""sat"": ""[0.43000001 0.42500001 0.41999999 0.46999997 0.43000001 0.41999999\n 0.41999999 0.46999997 0.46999997]"", ""dul"": ""[0.37       0.34499997 0.31999999 0.31       0.31999999 0.31\n 0.31       0.34999999 0.34999999]"", ""ll"": ""[0.14       0.14500001 0.15000001 0.16       0.14       0.13\n 0.13       0.13       0.13      ]"", ""dlayr"": ""[ 5. 10.  5. 10. 10. 10. 10. 20. 20.]""}"
SYA,2014,0,10000,MaskablePPO,2014-08-17,229,119,25.8,14.386,30.5,18.0,0.0,0.0,5333.175048828125,1246.614990234375,0.6357842087745667,0.0,0,0,False,0.0,0.0,0.0,0.0,0.0,80.0,,2,0.0,0.0,0.9639557339251041,0.0,0.0,0.0,0.001,0.0,0.0,80.0,True,30,60,75.0,150.0,240.0,0.0,0.0,late,,,,True,0.05,50.0,0.0,0.0,0.0,0.0,0.0,0.0,True,90,195.0,45.0,False,0.0,0.0,,False,"{""sat"": ""[0.43000001 0.42500001 0.41999999 0.46999997 0.43000001 0.41999999\n 0.41999999 0.46999997 0.46999997]"", ""dul"": ""[0.37       0.34499997 0.31999999 0.31       0.31999999 0.31\n 0.31       0.34999999 0.34999999]"", ""ll"": ""[0.14       0.14500001 0.15000001 0.16       0.14       0.13\n 0.13       0.13       0.13      ]"", ""dlayr"": ""[ 5. 10.  5. 10. 10. 10. 10. 20. 20.]""}"
SYA,2014,0,10000,MaskablePPO,2014-08-18,230,120,0.0,13.101,28.8,18.3,0.0,0.0,5497.603759765625,1411.0440063476562,0.6357842087745667,0.0,0,0,False,0.0,0.0,0.0,0.0,0.0,80.0,,1,0.0,0.0,0.0,0.0,0.0,0.0,0.001,0.0,0.0,80.0,True,30,60,75.0,150.0,240.0,0.0,0.0,late,,,,True,0.05,50.0,0.0,0.0,0.0,0.0,0.0,0.0,True,90,195.0,45.0,False,0.0,0.0,,False,"{""sat"": ""[0.43000001 0.42500001 0.41999999 0.46999997 0.43000001 0.41999999\n 0.41999999 0.46999997 0.46999997]"", ""dul"": ""[0.37       0.34499997 0.31999999 0.31       0.31999999 0.31\n 0.31       0.34999999 0.34999999]"", ""ll"": ""[0.14       0.14500001 0.15000001 0.16       0.14       0.13\n 0.13       0.13       0.13      ]"", ""dlayr"": ""[ 5. 10.  5. 10. 10. 10. 10. 20. 20.]""}"
SYA,2014,0,10000,MaskablePPO,2014-08-19,231,121,0.0,20.759,30.6,17.2,0.0,0.0,5669.14794921875,1582.5875854492188,0.6357842087745667,0.0,0,0,False,0.0,0.0,0.0,0.0,0.0,80.0,,1,0.0,0.0,0.0,0.0,0.0,0.0,0.001,0.0,0.0,80.0,True,30,60,75.0,150.0,240.0,0.0,0.0,late,,,,True,0.05,50.0,0.0,0.0,0.0,0.0,0.0,0.0,True,90,195.0,45.0,False,0.0,0.0,,False,"{""sat"": ""[0.43000001 0.42500001 0.41999999 0.46999997 0.43000001 0.41999999\n 0.41999999 0.46999997 0.46999997]"", ""dul"": ""[0.37       0.34499997 0.31999999 0.31       0.31999999 0.31\n 0.31       0.34999999 0.34999999]"", ""ll"": ""[0.14       0.14500001 0.15000001 0.16       0.14       0.13\n 0.13       0.13       0.13      ]"", ""dlayr"": ""[ 5. 10.  5. 10. 10. 10. 10. 20. 20.]""}"
SYA,2014,0,10000,MaskablePPO,2014-08-20,232,122,0.0,21.682,32.6,18.3,0.0,0.0,5759.2669677734375,1672.7073669433594,0.6357842087745667,0.0,0,0,False,0.0,0.0,0.0,0.0,0.0,80.0,,1,0.0,0.0,0.0,0.0,0.0,0.0,0.001,0.0,0.0,80.0,True,30,60,75.0,150.0,240.0,0.0,0.0,late,,,,True,0.05,50.0,0.0,0.0,0.0,0.0,0.0,0.0,True,90,195.0,45.0,False,0.0,0.0,,False,"{""sat"": ""[0.43000001 0.42500001 0.41999999 0.46999997 0.43000001 0.41999999\n 0.41999999 0.46999997 0.46999997]"", ""dul"": ""[0.37       0.34499997 0.31999999 0.31       0.31999999 0.31\n 0.31       0.34999999 0.34999999]"", ""ll"": ""[0.14       0.14500001 0.15000001 0.16       0.14       0.13\n 0.13       0.13       0.13      ]"", ""dlayr"": ""[ 5. 10.  5. 10. 10. 10. 10. 20. 20.]""}"
SYA,2014,0,10000,MaskablePPO,2014-08-21,233,123,0.0,11.427,27.9,19.7,0.0,0.0,5893.6566162109375,1807.0962524414062,0.6357842087745667,0.0,0,0,False,0.0,0.0,0.0,0.0,0.0,80.0,,1,0.0,0.0,0.0,0.0,0.0,0.0,0.001,0.0,0.0,80.0,True,30,60,75.0,150.0,240.0,0.0,0.0,late,,,,True,0.05,50.0,0.0,0.0,0.0,0.0,0.0,0.0,True,90,195.0,45.0,False,0.0,0.0,,False,"{""sat"": ""[0.43000001 0.42500001 0.41999999 0.46999997 0.43000001 0.41999999\n 0.41999999 0.46999997 0.46999997]"", ""dul"": ""[0.37       0.34499997 0.31999999 0.31       0.31999999 0.31\n 0.31       0.34999999 0.34999999]"", ""ll"": ""[0.14       0.14500001 0.15000001 0.16       0.14       0.13\n 0.13       0.13       0.13      ]"", ""dlayr"": ""[ 5. 10.  5. 10. 10. 10. 10. 20. 20.]""}"
SYA,2014,0,10000,MaskablePPO,2014-08-22,234,124,0.0,17.047,31.3,19.9,0.0,0.0,5965.5938720703125,1879.0341186523438,0.6357842087745667,0.0,0,0,False,0.0,0.0,0.0,0.0,0.0,80.0,,1,0.0,0.0,0.0,0.0,0.0,0.0,0.001,0.0,0.0,80.0,True,30,60,75.0,150.0,240.0,0.0,0.0,late,,,,True,0.05,50.0,0.0,0.0,0.0,0.0,0.0,0.0,True,90,195.0,45.0,False,0.0,0.0,,False,"{""sat"": ""[0.43000001 0.42500001 0.41999999 0.46999997 0.43000001 0.41999999\n 0.41999999 0.46999997 0.46999997]"", ""dul"": ""[0.37       0.34499997 0.31999999 0.31       0.31999999 0.31\n 0.31       0.34999999 0.34999999]"", ""ll"": ""[0.14       0.14500001 0.15000001 0.16       0.14       0.13\n 0.13       0.13       0.13      ]"", ""dlayr"": ""[ 5. 10.  5. 10. 10. 10. 10. 20. 20.]""}"
SYA,2014,0,10000,MaskablePPO,2014-08-23,235,125,3.5,9.141,27.2,20.7,0.0,0.0,6066.781005859375,1980.2210998535156,0.6357842087745667,0.0,0,0,False,0.0,0.0,0.0,0.0,0.0,80.0,,1,0.0,0.0,0.0,0.0,0.0,0.0,0.001,0.0,0.0,80.0,True,30,60,75.0,150.0,240.0,0.0,0.0,late,,,,True,0.05,50.0,0.0,0.0,0.0,0.0,0.0,0.0,True,90,195.0,45.0,False,0.0,0.0,,False,"{""sat"": ""[0.43000001 0.42500001 0.41999999 0.46999997 0.43000001 0.41999999\n 0.41999999 0.46999997 0.46999997]"", ""dul"": ""[0.37       0.34499997 0.31999999 0.31       0.31999999 0.31\n 0.31       0.34999999 0.34999999]"", ""ll"": ""[0.14       0.14500001 0.15000001 0.16       0.14       0.13\n 0.13       0.13       0.13      ]"", ""dlayr"": ""[ 5. 10.  5. 10. 10. 10. 10. 20. 20.]""}"
SYA,2014,0,10000,MaskablePPO,2014-08-24,236,126,5.6,12.753,28.6,19.5,0.0,0.0,6124.4891357421875,2037.9292297363281,0.6357842087745667,0.0,0,0,False,0.0,0.0,0.0,0.0,0.0,80.0,,1,0.0,0.0,0.0,0.0,0.0,0.0,0.001,0.0,0.0,80.0,True,30,60,75.0,150.0,240.0,0.0,0.0,late,,,,True,0.05,50.0,0.0,0.0,0.0,0.0,0.0,0.0,True,90,195.0,45.0,False,0.0,0.0,,False,"{""sat"": ""[0.43000001 0.42500001 0.41999999 0.46999997 0.43000001 0.41999999\n 0.41999999 0.46999997 0.46999997]"", ""dul"": ""[0.37       0.34499997 0.31999999 0.31       0.31999999 0.31\n 0.31       0.34999999 0.34999999]"", ""ll"": ""[0.14       0.14500001 0.15000001 0.16       0.14       0.13\n 0.13       0.13       0.13      ]"", ""dlayr"": ""[ 5. 10.  5. 10. 10. 10. 10. 20. 20.]""}"
SYA,2014,0,10000,MaskablePPO,2014-08-25,237,127,0.0,7.321,24.2,19.6,0.0,0.006262838840484619,6305.1715087890625,2218.6109924316406,0.6352865099906921,0.0,0,0,False,0.0,0.0,0.0,0.0,0.0,80.0,,1,0.0,0.0,0.0,0.0,0.0,0.0,0.001,0.0,0.0,80.0,True,30,60,75.0,150.0,240.0,0.0,0.0,late,,,,True,0.05,50.0,0.0,0.0,0.0,0.0,0.0,0.0,True,90,195.0,45.0,False,0.0,0.0,,False,"{""sat"": ""[0.43000001 0.42500001 0.41999999 0.46999997 0.43000001 0.41999999\n 0.41999999 0.46999997 0.46999997]"", ""dul"": ""[0.37       0.34499997 0.31999999 0.31       0.31999999 0.31\n 0.31       0.34999999 0.34999999]"", ""ll"": ""[0.14       0.14500001 0.15000001 0.16       0.14       0.13\n 0.13       0.13       0.13      ]"", ""dlayr"": ""[ 5. 10.  5. 10. 10. 10. 10. 20. 20.]""}"
SYA,2014,0,10000,MaskablePPO,2014-08-26,238,128,0.0,23.029,29.4,17.3,0.5649543702602386,0.0,6380.7855224609375,2294.2254638671875,0.617341160774231,-0.02574771851301193,0,0,False,0.0,0.0,0.0,0.0,0.0,80.0,,1,0.0,0.0,0.0,0.006262838840484619,0.0,0.0,0.001,0.0,0.0,80.0,True,30,60,75.0,150.0,240.0,0.0,0.0,late,,,,True,0.05,50.0,0.5649543702602386,0.5149543702602386,25.74771851301193,0.02574771851301193,0.0,-0.02574771851301193,True,90,195.0,45.0,False,0.0,0.0,,False,"{""sat"": ""[0.43000001 0.42500001 0.41999999 0.46999997 0.43000001 0.41999999\n 0.41999999 0.46999997 0.46999997]"", ""dul"": ""[0.37       0.34499997 0.31999999 0.31       0.31999999 0.31\n 0.31       0.34999999 0.34999999]"", ""ll"": ""[0.14       0.14500001 0.15000001 0.16       0.14       0.13\n 0.13       0.13       0.13      ]"", ""dlayr"": ""[ 5. 10.  5. 10. 10. 10. 10. 20. 20.]""}"
SYA,2014,0,10000,MaskablePPO,2014-08-27,239,129,0.0,21.954,30.5,15.5,0.7013228833675385,0.0,6421.385498046875,2334.8257446289062,0.5956934094429016,-0.03256614416837692,0,0,False,0.0,0.0,0.0,0.0,0.0,80.0,,1,0.0,0.0,0.0,0.0,0.0,0.0,0.001,0.0,0.0,80.0,True,30,60,75.0,150.0,240.0,0.0,0.0,late,,,,True,0.05,50.0,0.7013228833675385,0.6513228833675384,32.56614416837692,0.03256614416837692,0.0,-0.03256614416837692,True,90,195.0,45.0,False,0.0,0.0,,False,"{""sat"": ""[0.43000001 0.42500001 0.41999999 0.46999997 0.43000001 0.41999999\n 0.41999999 0.46999997 0.46999997]"", ""dul"": ""[0.37       0.34499997 0.31999999 0.31       0.31999999 0.31\n 0.31       0.34999999 0.34999999]"", ""ll"": ""[0.14       0.14500001 0.15000001 0.16       0.14       0.13\n 0.13       0.13       0.13      ]"", ""dlayr"": ""[ 5. 10.  5. 10. 10. 10. 10. 20. 20.]""}"
SYA,2014,0,10000,MaskablePPO,2014-08-28,240,130,0.0,17.609,29.5,17.7,0.7099755108356476,0.0,6460.79345703125,2374.2337036132812,0.5745469331741333,-0.03299877554178238,0,0,False,0.0,0.0,0.0,0.0,0.0,80.0,,1,0.0,0.0,0.0,0.0,0.0,0.0,0.001,0.0,0.0,80.0,True,30,60,75.0,150.0,240.0,0.0,0.0,late,,,,True,0.05,50.0,0.7099755108356476,0.6599755108356475,32.99877554178238,0.03299877554178238,0.0,-0.03299877554178238,True,90,195.0,45.0,False,0.0,0.0,,False,"{""sat"": ""[0.43000001 0.42500001 0.41999999 0.46999997 0.43000001 0.41999999\n 0.41999999 0.46999997 0.46999997]"", ""dul"": ""[0.37       0.34499997 0.31999999 0.31       0.31999999 0.31\n 0.31       0.34999999 0.34999999]"", ""ll"": ""[0.14       0.14500001 0.15000001 0.16       0.14       0.13\n 0.13       0.13       0.13      ]"", ""dlayr"": ""[ 5. 10.  5. 10. 10. 10. 10. 20. 20.]""}"
SYA,2014,0,10000,MaskablePPO,2014-08-29,241,131,0.0,18.126,30.2,17.0,0.8210557103157043,0.0,6489.7625732421875,2403.2028198242188,0.5509602427482605,-0.03855278551578522,0,0,False,0.0,0.0,0.0,0.0,0.0,80.0,,1,0.0,0.0,0.0,0.0,0.0,0.0,0.001,0.0,0.0,80.0,True,30,60,75.0,150.0,240.0,0.0,0.0,late,,,,True,0.05,50.0,0.8210557103157043,0.7710557103157043,38.55278551578522,0.03855278551578522,0.0,-0.03855278551578522,True,90,195.0,45.0,False,0.0,0.0,,False,"{""sat"": ""[0.43000001 0.42500001 0.41999999 0.46999997 0.43000001 0.41999999\n 0.41999999 0.46999997 0.46999997]"", ""dul"": ""[0.37       0.34499997 0.31999999 0.31       0.31999999 0.31\n 0.31       0.34999999 0.34999999]"", ""ll"": ""[0.14       0.14500001 0.15000001 0.16       0.14       0.13\n 0.13       0.13       0.13      ]"", ""dlayr"": ""[ 5. 10.  5. 10. 10. 10. 10. 20. 20.]""}"
SYA,2014,0,10000,MaskablePPO,2014-08-30,242,132,0.0,22.151,30.6,15.5,0.7653850167989731,0.0,6519.365234375,2432.80517578125,0.5298753976821899,-0.035769250839948655,0,0,False,0.0,0.0,0.0,0.0,0.0,80.0,,1,0.0,0.0,0.05567069351673126,0.0,0.0,0.0,0.001,0.0,0.0,80.0,True,30,60,75.0,150.0,240.0,0.0,0.0,late,,,,True,0.05,50.0,0.7653850167989731,0.715385016798973,35.769250839948654,0.035769250839948655,0.0,-0.035769250839948655,True,90,195.0,45.0,False,0.0,0.0,,False,"{""sat"": ""[0.43000001 0.42500001 0.41999999 0.46999997 0.43000001 0.41999999\n 0.41999999 0.46999997 0.46999997]"", ""dul"": ""[0.37       0.34499997 0.31999999 0.31       0.31999999 0.31\n 0.31       0.34999999 0.34999999]"", ""ll"": ""[0.14       0.14500001 0.15000001 0.16       0.14       0.13\n 0.13       0.13       0.13      ]"", ""dlayr"": ""[ 5. 10.  5. 10. 10. 10. 10. 20. 20.]""}"
SYA,2014,0,10000,MaskablePPO,2014-08-31,243,133,0.0,17.92,31.1,16.4,0.8372968584299088,0.0,6541.5826416015625,2455.0228881835938,0.5076922178268433,-0.03936484292149544,0,0,False,0.0,0.0,0.0,0.0,0.0,80.0,,1,0.0,0.0,0.0,0.0,0.0,0.0,0.001,0.0,0.0,80.0,True,30,60,75.0,150.0,240.0,0.0,0.0,late,,,,True,0.05,50.0,0.8372968584299088,0.7872968584299087,39.36484292149544,0.03936484292149544,0.0,-0.03936484292149544,True,90,195.0,45.0,False,0.0,0.0,,False,"{""sat"": ""[0.43000001 0.42500001 0.41999999 0.46999997 0.43000001 0.41999999\n 0.41999999 0.46999997 0.46999997]"", ""dul"": ""[0.37       0.34499997 0.31999999 0.31       0.31999999 0.31\n 0.31       0.34999999 0.34999999]"", ""ll"": ""[0.14       0.14500001 0.15000001 0.16       0.14       0.13\n 0.13       0.13       0.13      ]"", ""dlayr"": ""[ 5. 10.  5. 10. 10. 10. 10. 20. 20.]""}"
SYA,2014,0,10000,MaskablePPO,2014-09-01,244,134,0.0,20.046,30.8,15.8,0.7531839907169342,0.0,6566.6363525390625,2480.076446533203,0.4885729253292084,-0.03515919953584671,0,0,False,0.0,0.0,0.0,0.0,0.0,80.0,,1,0.0,0.0,0.08411286771297455,0.0,0.0,0.0,0.001,0.0,0.0,80.0,True,30,60,75.0,150.0,240.0,0.0,0.0,late,,,,True,0.05,50.0,0.7531839907169342,0.7031839907169342,35.15919953584671,0.03515919953584671,0.0,-0.03515919953584671,True,90,195.0,45.0,False,0.0,0.0,,False,"{""sat"": ""[0.43000001 0.42500001 0.41999999 0.46999997 0.43000001 0.41999999\n 0.41999999 0.46999997 0.46999997]"", ""dul"": ""[0.37       0.34499997 0.31999999 0.31       0.31999999 0.31\n 0.31       0.34999999 0.34999999]"", ""ll"": ""[0.14       0.14500001 0.15000001 0.16       0.14       0.13\n 0.13       0.13       0.13      ]"", ""dlayr"": ""[ 5. 10.  5. 10. 10. 10. 10. 20. 20.]""}"
SYA,2014,0,10000,MaskablePPO,2014-09-02,245,135,0.0,15.358,29.4,17.1,0.790809839963913,0.0,6586.536865234375,2499.9766540527344,0.46925443410873413,-0.037040491998195646,0,0,False,0.0,0.0,0.0,0.0,0.0,80.0,,1,0.0,0.0,0.0,0.0,0.0,0.0,0.001,0.0,0.0,80.0,True,30,60,75.0,150.0,240.0,0.0,0.0,late,,,,True,0.05,50.0,0.790809839963913,0.7408098399639129,37.04049199819565,0.037040491998195646,0.0,-0.037040491998195646,True,90,195.0,45.0,False,0.0,0.0,,False,"{""sat"": ""[0.43000001 0.42500001 0.41999999 0.46999997 0.43000001 0.41999999\n 0.41999999 0.46999997 0.46999997]"", ""dul"": ""[0.37       0.34499997 0.31999999 0.31       0.31999999 0.31\n 0.31       0.34999999 0.34999999]"", ""ll"": ""[0.14       0.14500001 0.15000001 0.16       0.14       0.13\n 0.13       0.13       0.13      ]"", ""dlayr"": ""[ 5. 10.  5. 10. 10. 10. 10. 20. 20.]""}"
SYA,2014,0,10000,MaskablePPO,2014-09-03,246,136,0.0,14.935,24.8,15.1,0.8310261517763138,0.0,6605.3106689453125,2518.7509155273438,0.44975629448890686,-0.03905130758881569,0,0,False,0.0,0.0,0.0,0.0,0.0,80.0,,1,0.0,0.0,0.0,0.0,0.0,0.0,0.001,0.0,0.0,80.0,True,30,60,75.0,150.0,240.0,0.0,0.0,late,,,,True,0.05,50.0,0.8310261517763138,0.7810261517763137,39.05130758881569,0.03905130758881569,0.0,-0.03905130758881569,True,90,195.0,45.0,False,0.0,0.0,,False,"{""sat"": ""[0.43000001 0.42500001 0.41999999 0.46999997 0.43000001 0.41999999\n 0.41999999 0.46999997 0.46999997]"", ""dul"": ""[0.37       0.34499997 0.31999999 0.31       0.31999999 0.31\n 0.31       0.34999999 0.34999999]"", ""ll"": ""[0.14       0.14500001 0.15000001 0.16       0.14       0.13\n 0.13       0.13       0.13      ]"", ""dlayr"": ""[ 5. 10.  5. 10. 10. 10. 10. 20. 20.]""}"
SYA,2014,0,10000,MaskablePPO,2014-09-04,247,137,23.2,18.018,28.4,12.4,0.0,0.0,6737.530517578125,2650.9701538085938,0.44975629448890686,0.0,0,0,False,0.0,0.0,0.0,0.0,0.0,80.0,,1,0.0,0.0,0.8310261517763138,0.0,0.0,0.0,0.001,0.0,0.0,80.0,True,30,60,75.0,150.0,240.0,0.0,0.0,late,,,,True,0.05,50.0,0.0,0.0,0.0,0.0,0.0,0.0,True,90,195.0,45.0,False,0.0,0.0,,False,"{""sat"": ""[0.43000001 0.42500001 0.41999999 0.46999997 0.43000001 0.41999999\n 0.41999999 0.46999997 0.46999997]"", ""dul"": ""[0.37       0.34499997 0.31999999 0.31       0.31999999 0.31\n 0.31       0.34999999 0.34999999]"", ""ll"": ""[0.14       0.14500001 0.15000001 0.16       0.14       0.13\n 0.13       0.13       0.13      ]"", ""dlayr"": ""[ 5. 10.  5. 10. 10. 10. 10. 20. 20.]""}"
SYA,2014,0,10000,MaskablePPO,2014-09-05,248,138,0.0,22.217,27.2,10.3,0.0,0.0,6855.455322265625,2768.8949584960938,0.44975629448890686,0.0,0,0,False,0.0,0.0,0.0,0.0,0.0,80.0,,1,0.0,0.0,0.0,0.0,0.0,0.0,0.001,0.0,0.0,80.0,True,30,60,75.0,150.0,240.0,0.0,0.0,late,,,,True,0.05,50.0,0.0,0.0,0.0,0.0,0.0,0.0,True,90,195.0,45.0,False,0.0,0.0,,False,"{""sat"": ""[0.43000001 0.42500001 0.41999999 0.46999997 0.43000001 0.41999999\n 0.41999999 0.46999997 0.46999997]"", ""dul"": ""[0.37       0.34499997 0.31999999 0.31       0.31999999 0.31\n 0.31       0.34999999 0.34999999]"", ""ll"": ""[0.14       0.14500001 0.15000001 0.16       0.14       0.13\n 0.13       0.13       0.13      ]"", ""dlayr"": ""[ 5. 10.  5. 10. 10. 10. 10. 20. 20.]""}"
SYA,2014,0,10000,MaskablePPO,2014-09-06,249,139,0.0,19.775,30.4,12.9,0.0,0.0,6956.7041015625,2870.14404296875,0.44975629448890686,0.0,0,0,False,0.0,0.0,0.0,0.0,0.0,80.0,,1,0.0,0.0,0.0,0.0,0.0,0.0,0.001,0.0,0.0,80.0,True,30,60,75.0,150.0,240.0,0.0,0.0,late,,,,True,0.05,50.0,0.0,0.0,0.0,0.0,0.0,0.0,True,90,195.0,45.0,False,0.0,0.0,,False,"{""sat"": ""[0.43000001 0.42500001 0.41999999 0.46999997 0.43000001 0.41999999\n 0.41999999 0.46999997 0.46999997]"", ""dul"": ""[0.37       0.34499997 0.31999999 0.31       0.31999999 0.31\n 0.31       0.34999999 0.34999999]"", ""ll"": ""[0.14       0.14500001 0.15000001 0.16       0.14       0.13\n 0.13       0.13       0.13      ]"", ""dlayr"": ""[ 5. 10.  5. 10. 10. 10. 10. 20. 20.]""}"
SYA,2014,0,10000,MaskablePPO,2014-09-07,250,140,0.0,16.998,29.2,14.9,0.0,0.0,7091.3055419921875,3004.7454833984375,0.44975629448890686,0.0,0,0,False,0.0,0.0,0.0,0.0,0.0,80.0,,1,0.0,0.0,0.0,0.0,0.0,0.0,0.001,0.0,0.0,80.0,True,30,60,75.0,150.0,240.0,0.0,0.0,late,,,,True,0.05,50.0,0.0,0.0,0.0,0.0,0.0,0.0,True,90,195.0,45.0,False,0.0,0.0,,False,"{""sat"": ""[0.43000001 0.42500001 0.41999999 0.46999997 0.43000001 0.41999999\n 0.41999999 0.46999997 0.46999997]"", ""dul"": ""[0.37       0.34499997 0.31999999 0.31       0.31999999 0.31\n 0.31       0.34999999 0.34999999]"", ""ll"": ""[0.14       0.14500001 0.15000001 0.16       0.14       0.13\n 0.13       0.13       0.13      ]"", ""dlayr"": ""[ 5. 10.  5. 10. 10. 10. 10. 20. 20.]""}"
SYA,2014,0,10000,MaskablePPO,2014-09-08,251,141,0.0,22.579,25.1,14.4,0.0,0.0,7222.9290771484375,3136.3687133789062,0.44975629448890686,0.0,0,0,False,0.0,0.0,0.0,0.0,0.0,80.0,,1,0.0,0.0,0.0,0.0,0.0,0.0,0.001,0.0,0.0,80.0,True,30,60,75.0,150.0,240.0,0.0,0.0,late,,,,True,0.05,50.0,0.0,0.0,0.0,0.0,0.0,0.0,True,90,195.0,45.0,False,0.0,0.0,,False,"{""sat"": ""[0.43000001 0.42500001 0.41999999 0.46999997 0.43000001 0.41999999\n 0.41999999 0.46999997 0.46999997]"", ""dul"": ""[0.37       0.34499997 0.31999999 0.31       0.31999999 0.31\n 0.31       0.34999999 0.34999999]"", ""ll"": ""[0.14       0.14500001 0.15000001 0.16       0.14       0.13\n 0.13       0.13       0.13      ]"", ""dlayr"": ""[ 5. 10.  5. 10. 10. 10. 10. 20. 20.]""}"
SYA,2014,0,10000,MaskablePPO,2014-09-09,252,142,9.3,22.106,25.8,8.2,0.0,0.0,7348.0010986328125,3261.4407348632812,0.44975629448890686,0.0,0,0,False,0.0,0.0,0.0,0.0,0.0,80.0,,1,0.0,0.0,0.0,0.0,0.0,0.0,0.001,0.0,0.0,80.0,True,30,60,75.0,150.0,240.0,0.0,0.0,late,,,,True,0.05,50.0,0.0,0.0,0.0,0.0,0.0,0.0,True,90,195.0,45.0,False,0.0,0.0,,False,"{""sat"": ""[0.43000001 0.42500001 0.41999999 0.46999997 0.43000001 0.41999999\n 0.41999999 0.46999997 0.46999997]"", ""dul"": ""[0.37       0.34499997 0.31999999 0.31       0.31999999 0.31\n 0.31       0.34999999 0.34999999]"", ""ll"": ""[0.14       0.14500001 0.15000001 0.16       0.14       0.13\n 0.13       0.13       0.13      ]"", ""dlayr"": ""[ 5. 10.  5. 10. 10. 10. 10. 20. 20.]""}"
SYA,2014,0,10000,MaskablePPO,2014-09-10,253,143,0.0,21.015,26.9,6.7,0.0,0.03587007522583008,7348.0010986328125,3261.4407348632812,0.44975629448890686,0.0,0,0,False,0.0,0.0,0.0,0.0,0.0,80.0,,1,0.0,0.0,0.0,0.0,0.0,0.0,0.001,0.0,0.0,80.0,True,30,60,75.0,150.0,240.0,0.0,0.0,late,,,,True,0.05,50.0,0.0,0.0,0.0,0.0,0.0,0.0,True,90,195.0,45.0,False,0.0,0.0,,False,"{""sat"": ""[0.43000001 0.42500001 0.41999999 0.46999997 0.43000001 0.41999999\n 0.41999999 0.46999997 0.46999997]"", ""dul"": ""[0.37       0.34499997 0.31999999 0.31       0.31999999 0.31\n 0.31       0.34999999 0.34999999]"", ""ll"": ""[0.14       0.14500001 0.15000001 0.16       0.14       0.13\n 0.13       0.13       0.13      ]"", ""dlayr"": ""[ 5. 10.  5. 10. 10. 10. 10. 20. 20.]""}"
SYA,2014,0,10000,MaskablePPO,2014-09-11,254,144,0.0,19.753,28.2,8.7,0.285530686378479,0.03587007522583008,7348.0010986328125,3261.4407348632812,0.44975629448890686,-0.01177653431892395,0,0,False,0.0,0.0,0.0,0.0,0.0,80.0,,1,0.0,0.0,0.0,0.0,0.0,0.0,0.001,0.0,0.0,80.0,True,30,60,75.0,150.0,240.0,0.0,0.0,late,,,,True,0.05,50.0,0.285530686378479,0.23553068637847902,11.77653431892395,0.01177653431892395,0.0,-0.01177653431892395,True,90,195.0,45.0,False,0.0,0.0,,False,"{""sat"": ""[0.43000001 0.42500001 0.41999999 0.46999997 0.43000001 0.41999999\n 0.41999999 0.46999997 0.46999997]"", ""dul"": ""[0.37       0.34499997 0.31999999 0.31       0.31999999 0.31\n 0.31       0.34999999 0.34999999]"", ""ll"": ""[0.14       0.14500001 0.15000001 0.16       0.14       0.13\n 0.13       0.13       0.13      ]"", ""dlayr"": ""[ 5. 10.  5. 10. 10. 10. 10. 20. 20.]""}"
SYA,2014,0,10000,MaskablePPO,2014-09-12,255,145,0.0,15.611,27.3,9.8,0.548883467912674,0.03587007522583008,7348.0010986328125,3261.4407348632812,0.44975629448890686,-0.0249441733956337,0,0,False,0.0,0.0,0.0,0.0,0.0,80.0,,1,0.0,0.0,0.0,0.0,0.0,0.0,0.001,0.0,0.0,80.0,True,30,60,75.0,150.0,240.0,0.0,0.0,late,,,,True,0.05,50.0,0.548883467912674,0.49888346791267396,24.944173395633698,0.0249441733956337,0.0,-0.0249441733956337,True,90,195.0,45.0,False,0.0,0.0,,False,"{""sat"": ""[0.43000001 0.42500001 0.41999999 0.46999997 0.43000001 0.41999999\n 0.41999999 0.46999997 0.46999997]"", ""dul"": ""[0.37       0.34499997 0.31999999 0.31       0.31999999 0.31\n 0.31       0.34999999 0.34999999]"", ""ll"": ""[0.14       0.14500001 0.15000001 0.16       0.14       0.13\n 0.13       0.13       0.13      ]"", ""dlayr"": ""[ 5. 10.  5. 10. 10. 10. 10. 20. 20.]""}"
SYA,2014,0,10000,MaskablePPO,2014-09-13,256,146,0.0,18.655,28.3,9.9,0.0,0.03587007522583008,7348.0010986328125,3261.4407348632812,0.44975629448890686,0.0,0,0,False,0.0,0.0,0.0,0.0,0.0,80.0,,1,0.0,0.0,0.548883467912674,0.0,0.0,0.0,0.001,0.0,0.0,80.0,True,30,60,75.0,150.0,240.0,0.0,0.0,late,,,,True,0.05,50.0,0.0,0.0,0.0,0.0,0.0,0.0,True,90,195.0,45.0,False,0.0,0.0,,False,"{""sat"": ""[0.43000001 0.42500001 0.41999999 0.46999997 0.43000001 0.41999999\n 0.41999999 0.46999997 0.46999997]"", ""dul"": ""[0.37       0.34499997 0.31999999 0.31       0.31999999 0.31\n 0.31       0.34999999 0.34999999]"", ""ll"": ""[0.14       0.14500001 0.15000001 0.16       0.14       0.13\n 0.13       0.13       0.13      ]"", ""dlayr"": ""[ 5. 10.  5. 10. 10. 10. 10. 20. 20.]""}"
SYA,2014,0,10000,MaskablePPO,2014-09-14,257,147,2.0,3.019,20.9,12.6,0.0,0.03587007522583008,7348.0010986328125,3261.4407348632812,0.44975629448890686,0.5153076361083985,0,0,False,0.0,0.0,0.0,0.0,0.0,80.0,,1,515.3076361083985,0.0,0.0,0.0,0.0,515.3076361083985,0.001,0.5153076361083985,0.0,80.0,True,30,60,75.0,150.0,240.0,0.0,0.0,late,,,,True,0.05,50.0,0.0,0.0,0.0,0.0,0.5153076361083985,0.5153076361083985,True,90,195.0,45.0,False,0.0,0.0,,True,"{""sat"": ""[0.43000001 0.42500001 0.41999999 0.46999997 0.43000001 0.41999999\n 0.41999999 0.46999997 0.46999997]"", ""dul"": ""[0.37       0.34499997 0.31999999 0.31       0.31999999 0.31\n 0.31       0.34999999 0.34999999]"", ""ll"": ""[0.14       0.14500001 0.15000001 0.16       0.14       0.13\n 0.13       0.13       0.13      ]"", ""dlayr"": ""[ 5. 10.  5. 10. 10. 10. 10. 20. 20.]""}"
