experiment_id,config_hash,station_code,year,seed,scenario,checkpoint,dap,date,istage,vstage,topwt,grnwt,xlai,swfac,nstres,totir,cumulative_irrigation,cumulative_nitrogen,action_irrigation,action_nitrogen,raw_action,executed_action,reward,terminal_reward,final_yield
021_04_sy2014_ic2_dqn_seed12_50k__sy_2014_seed1,dba09881156539b3ad34cf72ea1cc08db5be74f8018a03a49e1eba481815ff7f,SY,2014,1,dqn,5000,0.0,,,,0.0,0.0,,0.0,0.0,,0.0,0.0,0.0,0.0,8,"{""amir"": 0.0, ""anfer"": 0.0}",0.0,0.0,11097.0
021_04_sy2014_ic2_dqn_seed12_50k__sy_2014_seed1,dba09881156539b3ad34cf72ea1cc08db5be74f8018a03a49e1eba481815ff7f,SY,2014,1,dqn,5000,0.0,,,,0.0,0.0,,0.0,0.0,,0.0,0.0,0.0,0.0,2,"{""amir"": 0.0, ""anfer"": 0.0}",0.0,0.0,11097.0
021_04_sy2014_ic2_dqn_seed12_50k__sy_2014_seed1,dba09881156539b3ad34cf72ea1cc08db5be74f8018a03a49e1eba481815ff7f,SY,2014,1,dqn,5000,0.0,,,,0.0,0.0,,0.0,0.0,,0.0,0.0,0.0,0.0,3,"{""amir"": 0.0, ""anfer"": 0.0}",0.0,0.0,11097.0
021_04_sy2014_ic2_dqn_seed12_50k__sy_2014_seed1,dba09881156539b3ad34cf72ea1cc08db5be74f8018a03a49e1eba481815ff7f,SY,2014,1,dqn,5000,0.0,,,,0.0,0.0,,0.0,0.0,,0.0,0.0,0.0,0.0,3,"{""amir"": 0.0, ""anfer"": 0.0}",0.0,0.0,11097.0
021_04_sy2014_ic2_dqn_seed12_50k__sy_2014_seed1,dba09881156539b3ad34cf72ea1cc08db5be74f8018a03a49e1eba481815ff7f,SY,2014,1,dqn,5000,0.0,,,,0.0,0.0,,0.0,0.0,,0.0,0.0,0.0,0.0,3,"{""amir"": 0.0, ""anfer"": 0.0}",0.0,0.0,11097.0
021_04_sy2014_ic2_dqn_seed12_50k__sy_2014_seed1,dba09881156539b3ad34cf72ea1cc08db5be74f8018a03a49e1eba481815ff7f,SY,2014,1,dqn,5000,0.0,,,,0.0,0.0,,0.0,0.0,,0.0,0.0,0.0,0.0,3,"{""amir"": 0.0, ""anfer"": 0.0}",0.0,0.0,11097.0
021_04_sy2014_ic2_dqn_seed12_50k__sy_2014_seed1,dba09881156539b3ad34cf72ea1cc08db5be74f8018a03a49e1eba481815ff7f,SY,2014,1,dqn,5000,0.0,,,,0.0,0.0,,0.0,0.0,,0.0,0.0,0.0,0.0,2,"{""amir"": 0.0, ""anfer"": 0.0}",0.0,0.0,11097.0
021_04_sy2014_ic2_dqn_seed12_50k__sy_2014_seed1,dba09881156539b3ad34cf72ea1cc08db5be74f8018a03a49e1eba481815ff7f,SY,2014,1,dqn,5000,0.0,,,,0.0,0.0,,0.0,0.0,,0.0,0.0,0.0,0.0,2,"{""amir"": 0.0, ""anfer"": 0.0}",0.0,0.0,11097.0
021_04_sy2014_ic2_dqn_seed12_50k__sy_2014_seed1,dba09881156539b3ad34cf72ea1cc08db5be74f8018a03a49e1eba481815ff7f,SY,2014,1,dqn,5000,0.0,,,,0.0,0.0,,0.0,0.0,,0.0,0.0,0.0,0.0,2,"{""amir"": 0.0, ""anfer"": 0.0}",0.0,0.0,11097.0
021_04_sy2014_ic2_dqn_seed12_50k__sy_2014_seed1,dba09881156539b3ad34cf72ea1cc08db5be74f8018a03a49e1eba481815ff7f,SY,2014,1,dqn,5000,0.0,,,,0.0,0.0,,0.0,0.0,,0.0,0.0,0.0,0.0,3,"{""amir"": 0.0, ""anfer"": 0.0}",0.0,0.0,11097.0
021_04_sy2014_ic2_dqn_seed12_50k__sy_2014_seed1,dba09881156539b3ad34cf72ea1cc08db5be74f8018a03a49e1eba481815ff7f,SY,2014,1,dqn,5000,0.0,,,,0.0,0.0,,0.0,0.0,,0.0,0.0,0.0,0.0,2,"{""amir"": 0.0, ""anfer"": 0.0}",0.0,0.0,11097.0
021_04_sy2014_ic2_dqn_seed12_50k__sy_2014_seed1,dba09881156539b3ad34cf72ea1cc08db5be74f8018a03a49e1eba481815ff7f,SY,2014,1,dqn,5000,0.0,,,,0.0,0.0,,0.0,0.0,,0.0,0.0,0.0,0.0,2,"{""amir"": 0.0, ""anfer"": 0.0}",0.0,0.0,11097.0
021_04_sy2014_ic2_dqn_seed12_50k__sy_2014_seed1,dba09881156539b3ad34cf72ea1cc08db5be74f8018a03a49e1eba481815ff7f,SY,2014,1,dqn,5000,0.0,,,,0.0,0.0,,0.0,0.0,,0.0,0.0,0.0,0.0,2,"{""amir"": 0.0, ""anfer"": 0.0}",0.0,0.0,11097.0
021_04_sy2014_ic2_dqn_seed12_50k__sy_2014_seed1,dba09881156539b3ad34cf72ea1cc08db5be74f8018a03a49e1eba481815ff7f,SY,2014,1,dqn,5000,0.0,,,,0.0,0.0,,0.0,0.0,,0.0,0.0,0.0,0.0,2,"{""amir"": 0.0, ""anfer"": 0.0}",0.0,0.0,11097.0
021_04_sy2014_ic2_dqn_seed12_50k__sy_2014_seed1,dba09881156539b3ad34cf72ea1cc08db5be74f8018a03a49e1eba481815ff7f,SY,2014,1,dqn,5000,0.0,,,,0.0,0.0,,0.0,0.0,,0.0,0.0,0.0,0.0,5,"{""amir"": 0.0, ""anfer"": 0.0}",0.0,0.0,11097.0
021_04_sy2014_ic2_dqn_seed12_50k__sy_2014_seed1,dba09881156539b3ad34cf72ea1cc08db5be74f8018a03a49e1eba481815ff7f,SY,2014,1,dqn,5000,0.0,,,,0.0,0.0,,0.0,0.0,,0.0,0.0,0.0,0.0,2,"{""amir"": 0.0, ""anfer"": 0.0}",0.0,0.0,11097.0
021_04_sy2014_ic2_dqn_seed12_50k__sy_2014_seed1,dba09881156539b3ad34cf72ea1cc08db5be74f8018a03a49e1eba481815ff7f,SY,2014,1,dqn,5000,0.0,,,,0.0,0.0,,0.0,0.0,,0.0,0.0,0.0,0.0,2,"{""amir"": 0.0, ""anfer"": 0.0}",0.0,0.0,11097.0
021_04_sy2014_ic2_dqn_seed12_50k__sy_2014_seed1,dba09881156539b3ad34cf72ea1cc08db5be74f8018a03a49e1eba481815ff7f,SY,2014,1,dqn,5000,0.0,,,,0.0,0.0,,0.0,0.0,,0.0,0.0,0.0,0.0,2,"{""amir"": 0.0, ""anfer"": 0.0}",0.0,0.0,11097.0
021_04_sy2014_ic2_dqn_seed12_50k__sy_2014_seed1,dba09881156539b3ad34cf72ea1cc08db5be74f8018a03a49e1eba481815ff7f,SY,2014,1,dqn,5000,0.0,,,,0.0,0.0,,0.0,0.0,,0.0,0.0,0.0,0.0,2,"{""amir"": 0.0, ""anfer"": 0.0}",0.0,0.0,11097.0
021_04_sy2014_ic2_dqn_seed12_50k__sy_2014_seed1,dba09881156539b3ad34cf72ea1cc08db5be74f8018a03a49e1eba481815ff7f,SY,2014,1,dqn,5000,0.0,,,,0.0,0.0,,0.0,0.0,,0.0,0.0,0.0,0.0,2,"{""amir"": 0.0, ""anfer"": 0.0}",0.0,0.0,11097.0
021_04_sy2014_ic2_dqn_seed12_50k__sy_2014_seed1,dba09881156539b3ad34cf72ea1cc08db5be74f8018a03a49e1eba481815ff7f,SY,2014,1,dqn,5000,1.0,,,,0.0,0.0,,0.0,0.0,,0.0,0.0,0.0,0.0,2,"{""amir"": 0.0, ""anfer"": 0.0}",0.0,0.0,11097.0
021_04_sy2014_ic2_dqn_seed12_50k__sy_2014_seed1,dba09881156539b3ad34cf72ea1cc08db5be74f8018a03a49e1eba481815ff7f,SY,2014,1,dqn,5000,2.0,,,,0.0,0.0,,0.0,0.0,,30.0,0.0,30.0,0.0,2,"{""amir"": 30.0, ""anfer"": 0.0}",-30.0,0.0,11097.0
021_04_sy2014_ic2_dqn_seed12_50k__sy_2014_seed1,dba09881156539b3ad34cf72ea1cc08db5be74f8018a03a49e1eba481815ff7f,SY,2014,1,dqn,5000,3.0,,,,0.0,0.0,,0.0,0.0,,30.0,0.0,0.0,0.0,2,"{""amir"": 0.0, ""anfer"": 0.0}",0.0,0.0,11097.0
021_04_sy2014_ic2_dqn_seed12_50k__sy_2014_seed1,dba09881156539b3ad34cf72ea1cc08db5be74f8018a03a49e1eba481815ff7f,SY,2014,1,dqn,5000,4.0,,,,0.0,0.0,,0.0,0.0,,30.0,0.0,0.0,0.0,2,"{""amir"": 0.0, ""anfer"": 0.0}",0.0,0.0,11097.0
021_04_sy2014_ic2_dqn_seed12_50k__sy_2014_seed1,dba09881156539b3ad34cf72ea1cc08db5be74f8018a03a49e1eba481815ff7f,SY,2014,1,dqn,5000,5.0,,,,0.0,0.0,,0.0,0.0,,30.0,0.0,0.0,0.0,2,"{""amir"": 0.0, ""anfer"": 0.0}",0.0,0.0,11097.0
021_04_sy2014_ic2_dqn_seed12_50k__sy_2014_seed1,dba09881156539b3ad34cf72ea1cc08db5be74f8018a03a49e1eba481815ff7f,SY,2014,1,dqn,5000,6.0,,,,0.0,0.0,,0.0,0.0,,30.0,0.0,0.0,0.0,2,"{""amir"": 0.0, ""anfer"": 0.0}",0.0,0.0,11097.0
021_04_sy2014_ic2_dqn_seed12_50k__sy_2014_seed1,dba09881156539b3ad34cf72ea1cc08db5be74f8018a03a49e1eba481815ff7f,SY,2014,1,dqn,5000,7.0,,,,0.0,0.0,,0.0,0.0,,30.0,0.0,0.0,0.0,3,"{""amir"": 0.0, ""anfer"": 0.0}",0.0,0.0,11097.0
021_04_sy2014_ic2_dqn_seed12_50k__sy_2014_seed1,dba09881156539b3ad34cf72ea1cc08db5be74f8018a03a49e1eba481815ff7f,SY,2014,1,dqn,5000,8.0,,,,0.0,0.0,,0.0,0.0,,30.0,0.0,0.0,0.0,3,"{""amir"": 0.0, ""anfer"": 0.0}",0.0,0.0,11097.0
021_04_sy2014_ic2_dqn_seed12_50k__sy_2014_seed1,dba09881156539b3ad34cf72ea1cc08db5be74f8018a03a49e1eba481815ff7f,SY,2014,1,dqn,5000,9.0,,,,0.0,0.0,,0.0,0.0,,30.0,50.0,0.0,50.0,3,"{""amir"": 0.0, ""anfer"": 50.0}",-250.0,0.0,11097.0
021_04_sy2014_ic2_dqn_seed12_50k__sy_2014_seed1,dba09881156539b3ad34cf72ea1cc08db5be74f8018a03a49e1eba481815ff7f,SY,2014,1,dqn,5000,10.0,,,,19.200000762939453,0.0,,0.0,0.0121910572052001,,30.0,50.0,0.0,0.0,3,"{""amir"": 0.0, ""anfer"": 0.0}",0.0,0.0,11097.0
021_04_sy2014_ic2_dqn_seed12_50k__sy_2014_seed1,dba09881156539b3ad34cf72ea1cc08db5be74f8018a03a49e1eba481815ff7f,SY,2014,1,dqn,5000,11.0,,,,19.200000762939453,0.0,,0.0,0.011216402053833,,30.0,50.0,0.0,0.0,3,"{""amir"": 0.0, ""anfer"": 0.0}",0.0,0.0,11097.0
021_04_sy2014_ic2_dqn_seed12_50k__sy_2014_seed1,dba09881156539b3ad34cf72ea1cc08db5be74f8018a03a49e1eba481815ff7f,SY,2014,1,dqn,5000,12.0,,,,19.200000762939453,0.0,,0.0,0.0090978145599365,,30.0,50.0,0.0,0.0,3,"{""amir"": 0.0, ""anfer"": 0.0}",0.0,0.0,11097.0
021_04_sy2014_ic2_dqn_seed12_50k__sy_2014_seed1,dba09881156539b3ad34cf72ea1cc08db5be74f8018a03a49e1eba481815ff7f,SY,2014,1,dqn,5000,13.0,,,,19.200000762939453,0.0,,0.0,0.0069259405136108,,30.0,50.0,0.0,0.0,3,"{""amir"": 0.0, ""anfer"": 0.0}",0.0,0.0,11097.0
021_04_sy2014_ic2_dqn_seed12_50k__sy_2014_seed1,dba09881156539b3ad34cf72ea1cc08db5be74f8018a03a49e1eba481815ff7f,SY,2014,1,dqn,5000,14.0,,,,19.200000762939453,0.0,,0.0,0.006073772907257,,30.0,50.0,0.0,0.0,3,"{""amir"": 0.0, ""anfer"": 0.0}",0.0,0.0,11097.0
021_04_sy2014_ic2_dqn_seed12_50k__sy_2014_seed1,dba09881156539b3ad34cf72ea1cc08db5be74f8018a03a49e1eba481815ff7f,SY,2014,1,dqn,5000,15.0,,,,19.200000762939453,0.0,,0.0,0.0052758455276489,,30.0,50.0,0.0,0.0,3,"{""amir"": 0.0, ""anfer"": 0.0}",0.0,0.0,11097.0
021_04_sy2014_ic2_dqn_seed12_50k__sy_2014_seed1,dba09881156539b3ad34cf72ea1cc08db5be74f8018a03a49e1eba481815ff7f,SY,2014,1,dqn,5000,16.0,,,,19.200000762939453,0.0,,0.0,0.0030127763748168,,30.0,100.0,0.0,50.0,3,"{""amir"": 0.0, ""anfer"": 50.0}",-250.0,0.0,11097.0
021_04_sy2014_ic2_dqn_seed12_50k__sy_2014_seed1,dba09881156539b3ad34cf72ea1cc08db5be74f8018a03a49e1eba481815ff7f,SY,2014,1,dqn,5000,17.0,,,,19.200000762939453,0.0,,0.0,0.0017459988594055,,30.0,100.0,0.0,0.0,2,"{""amir"": 0.0, ""anfer"": 0.0}",0.0,0.0,11097.0
021_04_sy2014_ic2_dqn_seed12_50k__sy_2014_seed1,dba09881156539b3ad34cf72ea1cc08db5be74f8018a03a49e1eba481815ff7f,SY,2014,1,dqn,5000,18.0,,,,19.200000762939453,0.0,,0.0,0.0,,30.0,100.0,0.0,0.0,2,"{""amir"": 0.0, ""anfer"": 0.0}",0.0,0.0,11097.0
021_04_sy2014_ic2_dqn_seed12_50k__sy_2014_seed1,dba09881156539b3ad34cf72ea1cc08db5be74f8018a03a49e1eba481815ff7f,SY,2014,1,dqn,5000,19.0,,,,19.200000762939453,0.0,,0.0,0.0,,30.0,100.0,0.0,0.0,2,"{""amir"": 0.0, ""anfer"": 0.0}",0.0,0.0,11097.0
021_04_sy2014_ic2_dqn_seed12_50k__sy_2014_seed1,dba09881156539b3ad34cf72ea1cc08db5be74f8018a03a49e1eba481815ff7f,SY,2014,1,dqn,5000,20.0,,,,19.200000762939453,0.0,,0.0,0.0,,30.0,100.0,0.0,0.0,2,"{""amir"": 0.0, ""anfer"": 0.0}",0.0,0.0,11097.0
021_04_sy2014_ic2_dqn_seed12_50k__sy_2014_seed1,dba09881156539b3ad34cf72ea1cc08db5be74f8018a03a49e1eba481815ff7f,SY,2014,1,dqn,5000,21.0,,,,19.200000762939453,0.0,,0.0,0.0,,30.0,100.0,0.0,0.0,2,"{""amir"": 0.0, ""anfer"": 0.0}",0.0,0.0,11097.0
021_04_sy2014_ic2_dqn_seed12_50k__sy_2014_seed1,dba09881156539b3ad34cf72ea1cc08db5be74f8018a03a49e1eba481815ff7f,SY,2014,1,dqn,5000,22.0,,,,19.200000762939453,0.0,,0.0,0.0,,30.0,100.0,0.0,0.0,2,"{""amir"": 0.0, ""anfer"": 0.0}",0.0,0.0,11097.0
021_04_sy2014_ic2_dqn_seed12_50k__sy_2014_seed1,dba09881156539b3ad34cf72ea1cc08db5be74f8018a03a49e1eba481815ff7f,SY,2014,1,dqn,5000,23.0,,,,19.200000762939453,0.0,,0.0,0.0,,60.0,100.0,30.0,0.0,2,"{""amir"": 30.0, ""anfer"": 0.0}",-30.0,0.0,11097.0
021_04_sy2014_ic2_dqn_seed12_50k__sy_2014_seed1,dba09881156539b3ad34cf72ea1cc08db5be74f8018a03a49e1eba481815ff7f,SY,2014,1,dqn,5000,24.0,,,,19.200000762939453,0.0,,0.0,0.0,,60.0,100.0,0.0,0.0,2,"{""amir"": 0.0, ""anfer"": 0.0}",0.0,0.0,11097.0
021_04_sy2014_ic2_dqn_seed12_50k__sy_2014_seed1,dba09881156539b3ad34cf72ea1cc08db5be74f8018a03a49e1eba481815ff7f,SY,2014,1,dqn,5000,25.0,,,,19.200000762939453,0.0,,0.0,0.0,,60.0,100.0,0.0,0.0,2,"{""amir"": 0.0, ""anfer"": 0.0}",0.0,0.0,11097.0
021_04_sy2014_ic2_dqn_seed12_50k__sy_2014_seed1,dba09881156539b3ad34cf72ea1cc08db5be74f8018a03a49e1eba481815ff7f,SY,2014,1,dqn,5000,26.0,,,,19.200000762939453,0.0,,0.0,0.0,,60.0,100.0,0.0,0.0,2,"{""amir"": 0.0, ""anfer"": 0.0}",0.0,0.0,11097.0
021_04_sy2014_ic2_dqn_seed12_50k__sy_2014_seed1,dba09881156539b3ad34cf72ea1cc08db5be74f8018a03a49e1eba481815ff7f,SY,2014,1,dqn,5000,27.0,,,,21.68613910675049,0.0,,0.0,0.0,,60.0,100.0,0.0,0.0,2,"{""amir"": 0.0, ""anfer"": 0.0}",0.0,0.0,11097.0
021_04_sy2014_ic2_dqn_seed12_50k__sy_2014_seed1,dba09881156539b3ad34cf72ea1cc08db5be74f8018a03a49e1eba481815ff7f,SY,2014,1,dqn,5000,28.0,,,,26.221129894256592,0.0,,0.0,0.0,,60.0,100.0,0.0,0.0,2,"{""amir"": 0.0, ""anfer"": 0.0}",0.0,0.0,11097.0
021_04_sy2014_ic2_dqn_seed12_50k__sy_2014_seed1,dba09881156539b3ad34cf72ea1cc08db5be74f8018a03a49e1eba481815ff7f,SY,2014,1,dqn,5000,29.0,,,,30.27625322341919,0.0,,0.0,0.0,,60.0,100.0,0.0,0.0,2,"{""amir"": 0.0, ""anfer"": 0.0}",0.0,0.0,11097.0
021_04_sy2014_ic2_dqn_seed12_50k__sy_2014_seed1,dba09881156539b3ad34cf72ea1cc08db5be74f8018a03a49e1eba481815ff7f,SY,2014,1,dqn,5000,30.0,,,,33.45052480697632,0.0,,0.0,0.0,,90.0,100.0,30.0,0.0,2,"{""amir"": 30.0, ""anfer"": 0.0}",-30.0,0.0,11097.0
021_04_sy2014_ic2_dqn_seed12_50k__sy_2014_seed1,dba09881156539b3ad34cf72ea1cc08db5be74f8018a03a49e1eba481815ff7f,SY,2014,1,dqn,5000,31.0,,,,39.3684983253479,0.0,,0.0,0.0,,90.0,100.0,0.0,0.0,2,"{""amir"": 0.0, ""anfer"": 0.0}",0.0,0.0,11097.0
021_04_sy2014_ic2_dqn_seed12_50k__sy_2014_seed1,dba09881156539b3ad34cf72ea1cc08db5be74f8018a03a49e1eba481815ff7f,SY,2014,1,dqn,5000,32.0,,,,43.80993843078613,0.0,,0.0,0.0,,90.0,100.0,0.0,0.0,2,"{""amir"": 0.0, ""anfer"": 0.0}",0.0,0.0,11097.0
021_04_sy2014_ic2_dqn_seed12_50k__sy_2014_seed1,dba09881156539b3ad34cf72ea1cc08db5be74f8018a03a49e1eba481815ff7f,SY,2014,1,dqn,5000,33.0,,,,52.03448295593262,0.0,,0.0,0.0,,90.0,100.0,0.0,0.0,2,"{""amir"": 0.0, ""anfer"": 0.0}",0.0,0.0,11097.0
021_04_sy2014_ic2_dqn_seed12_50k__sy_2014_seed1,dba09881156539b3ad34cf72ea1cc08db5be74f8018a03a49e1eba481815ff7f,SY,2014,1,dqn,5000,34.0,,,,59.30706977844238,0.0,,0.0,0.0,,90.0,100.0,0.0,0.0,2,"{""amir"": 0.0, ""anfer"": 0.0}",0.0,0.0,11097.0
021_04_sy2014_ic2_dqn_seed12_50k__sy_2014_seed1,dba09881156539b3ad34cf72ea1cc08db5be74f8018a03a49e1eba481815ff7f,SY,2014,1,dqn,5000,35.0,,,,61.72192573547363,0.0,,0.0,0.0,,90.0,100.0,0.0,0.0,2,"{""amir"": 0.0, ""anfer"": 0.0}",0.0,0.0,11097.0
021_04_sy2014_ic2_dqn_seed12_50k__sy_2014_seed1,dba09881156539b3ad34cf72ea1cc08db5be74f8018a03a49e1eba481815ff7f,SY,2014,1,dqn,5000,36.0,,,,72.6407527923584,0.0,,0.0,0.0017566680908203,,90.0,100.0,0.0,0.0,2,"{""amir"": 0.0, ""anfer"": 0.0}",0.0,0.0,11097.0
021_04_sy2014_ic2_dqn_seed12_50k__sy_2014_seed1,dba09881156539b3ad34cf72ea1cc08db5be74f8018a03a49e1eba481815ff7f,SY,2014,1,dqn,5000,37.0,,,,77.17187881469727,0.0,,0.0,0.0,,120.0,100.0,30.0,0.0,2,"{""amir"": 30.0, ""anfer"": 0.0}",-30.0,0.0,11097.0
021_04_sy2014_ic2_dqn_seed12_50k__sy_2014_seed1,dba09881156539b3ad34cf72ea1cc08db5be74f8018a03a49e1eba481815ff7f,SY,2014,1,dqn,5000,38.0,,,,86.08010292053223,0.0,,0.0,0.0,,120.0,100.0,0.0,0.0,2,"{""amir"": 0.0, ""anfer"": 0.0}",0.0,0.0,11097.0
021_04_sy2014_ic2_dqn_seed12_50k__sy_2014_seed1,dba09881156539b3ad34cf72ea1cc08db5be74f8018a03a49e1eba481815ff7f,SY,2014,1,dqn,5000,39.0,,,,100.75864791870116,0.0,,0.0,0.0,,120.0,100.0,0.0,0.0,2,"{""amir"": 0.0, ""anfer"": 0.0}",0.0,0.0,11097.0
021_04_sy2014_ic2_dqn_seed12_50k__sy_2014_seed1,dba09881156539b3ad34cf72ea1cc08db5be74f8018a03a49e1eba481815ff7f,SY,2014,1,dqn,5000,40.0,,,,119.97206687927246,0.0,,0.0,0.0,,120.0,100.0,0.0,0.0,2,"{""amir"": 0.0, ""anfer"": 0.0}",0.0,0.0,11097.0
021_04_sy2014_ic2_dqn_seed12_50k__sy_2014_seed1,dba09881156539b3ad34cf72ea1cc08db5be74f8018a03a49e1eba481815ff7f,SY,2014,1,dqn,5000,41.0,,,,148.04600715637207,0.0,,0.0,0.0,,120.0,100.0,0.0,0.0,2,"{""amir"": 0.0, ""anfer"": 0.0}",0.0,0.0,11097.0
021_04_sy2014_ic2_dqn_seed12_50k__sy_2014_seed1,dba09881156539b3ad34cf72ea1cc08db5be74f8018a03a49e1eba481815ff7f,SY,2014,1,dqn,5000,42.0,,,,179.08403396606445,0.0,,0.0,0.0,,120.0,100.0,0.0,0.0,2,"{""amir"": 0.0, ""anfer"": 0.0}",0.0,0.0,11097.0
021_04_sy2014_ic2_dqn_seed12_50k__sy_2014_seed1,dba09881156539b3ad34cf72ea1cc08db5be74f8018a03a49e1eba481815ff7f,SY,2014,1,dqn,5000,43.0,,,,208.23352813720703,0.0,,0.0,0.0,,120.0,100.0,0.0,0.0,2,"{""amir"": 0.0, ""anfer"": 0.0}",0.0,0.0,11097.0
021_04_sy2014_ic2_dqn_seed12_50k__sy_2014_seed1,dba09881156539b3ad34cf72ea1cc08db5be74f8018a03a49e1eba481815ff7f,SY,2014,1,dqn,5000,44.0,,,,243.23383331298828,0.0,,0.0,0.0,,120.0,200.0,0.0,100.0,7,"{""amir"": 0.0, ""anfer"": 100.0}",-500.0,0.0,11097.0
021_04_sy2014_ic2_dqn_seed12_50k__sy_2014_seed1,dba09881156539b3ad34cf72ea1cc08db5be74f8018a03a49e1eba481815ff7f,SY,2014,1,dqn,5000,45.0,,,,286.02148056030273,0.0,,0.0,0.0,,120.0,200.0,0.0,0.0,2,"{""amir"": 0.0, ""anfer"": 0.0}",0.0,0.0,11097.0
021_04_sy2014_ic2_dqn_seed12_50k__sy_2014_seed1,dba09881156539b3ad34cf72ea1cc08db5be74f8018a03a49e1eba481815ff7f,SY,2014,1,dqn,5000,46.0,,,,336.91349029541016,0.0,,0.0,0.0,,120.0,200.0,0.0,0.0,2,"{""amir"": 0.0, ""anfer"": 0.0}",0.0,0.0,11097.0
021_04_sy2014_ic2_dqn_seed12_50k__sy_2014_seed1,dba09881156539b3ad34cf72ea1cc08db5be74f8018a03a49e1eba481815ff7f,SY,2014,1,dqn,5000,47.0,,,,384.3429565429688,0.0,,0.0,0.0,,120.0,200.0,0.0,0.0,7,"{""amir"": 0.0, ""anfer"": 0.0}",0.0,0.0,11097.0
021_04_sy2014_ic2_dqn_seed12_50k__sy_2014_seed1,dba09881156539b3ad34cf72ea1cc08db5be74f8018a03a49e1eba481815ff7f,SY,2014,1,dqn,5000,48.0,,,,426.4276123046875,0.0,,0.0,0.0,,120.0,200.0,0.0,0.0,8,"{""amir"": 0.0, ""anfer"": 0.0}",0.0,0.0,11097.0
021_04_sy2014_ic2_dqn_seed12_50k__sy_2014_seed1,dba09881156539b3ad34cf72ea1cc08db5be74f8018a03a49e1eba481815ff7f,SY,2014,1,dqn,5000,49.0,,,,470.7071685791016,0.0,,0.0,0.0,,120.0,200.0,0.0,0.0,8,"{""amir"": 0.0, ""anfer"": 0.0}",0.0,0.0,11097.0
021_04_sy2014_ic2_dqn_seed12_50k__sy_2014_seed1,dba09881156539b3ad34cf72ea1cc08db5be74f8018a03a49e1eba481815ff7f,SY,2014,1,dqn,5000,50.0,,,,527.747802734375,0.0,,0.0,0.0,,120.0,200.0,0.0,0.0,8,"{""amir"": 0.0, ""anfer"": 0.0}",0.0,0.0,11097.0
021_04_sy2014_ic2_dqn_seed12_50k__sy_2014_seed1,dba09881156539b3ad34cf72ea1cc08db5be74f8018a03a49e1eba481815ff7f,SY,2014,1,dqn,5000,51.0,,,,588.7102890014648,0.0,,0.0,0.0,,120.0,300.0,0.0,100.0,8,"{""amir"": 0.0, ""anfer"": 100.0}",-500.0,0.0,11097.0
021_04_sy2014_ic2_dqn_seed12_50k__sy_2014_seed1,dba09881156539b3ad34cf72ea1cc08db5be74f8018a03a49e1eba481815ff7f,SY,2014,1,dqn,5000,52.0,,,,645.5549621582031,0.0,,0.0,0.0,,120.0,300.0,0.0,0.0,8,"{""amir"": 0.0, ""anfer"": 0.0}",0.0,0.0,11097.0
021_04_sy2014_ic2_dqn_seed12_50k__sy_2014_seed1,dba09881156539b3ad34cf72ea1cc08db5be74f8018a03a49e1eba481815ff7f,SY,2014,1,dqn,5000,53.0,,,,712.1465301513672,0.0,,0.0,0.0,,120.0,300.0,0.0,0.0,8,"{""amir"": 0.0, ""anfer"": 0.0}",0.0,0.0,11097.0
021_04_sy2014_ic2_dqn_seed12_50k__sy_2014_seed1,dba09881156539b3ad34cf72ea1cc08db5be74f8018a03a49e1eba481815ff7f,SY,2014,1,dqn,5000,54.0,,,,785.0284576416016,0.0,,0.0,0.0,,120.0,300.0,0.0,0.0,8,"{""amir"": 0.0, ""anfer"": 0.0}",0.0,0.0,11097.0
021_04_sy2014_ic2_dqn_seed12_50k__sy_2014_seed1,dba09881156539b3ad34cf72ea1cc08db5be74f8018a03a49e1eba481815ff7f,SY,2014,1,dqn,5000,55.0,,,,866.2398529052734,0.0,,0.0,0.0,,120.0,300.0,0.0,0.0,8,"{""amir"": 0.0, ""anfer"": 0.0}",0.0,0.0,11097.0
021_04_sy2014_ic2_dqn_seed12_50k__sy_2014_seed1,dba09881156539b3ad34cf72ea1cc08db5be74f8018a03a49e1eba481815ff7f,SY,2014,1,dqn,5000,56.0,,,,968.6331176757812,0.0,,0.0,0.0,,120.0,300.0,0.0,0.0,8,"{""amir"": 0.0, ""anfer"": 0.0}",0.0,0.0,11097.0
021_04_sy2014_ic2_dqn_seed12_50k__sy_2014_seed1,dba09881156539b3ad34cf72ea1cc08db5be74f8018a03a49e1eba481815ff7f,SY,2014,1,dqn,5000,57.0,,,,1072.3714447021484,0.0,,0.0,0.0,,120.0,300.0,0.0,0.0,2,"{""amir"": 0.0, ""anfer"": 0.0}",0.0,0.0,11097.0
021_04_sy2014_ic2_dqn_seed12_50k__sy_2014_seed1,dba09881156539b3ad34cf72ea1cc08db5be74f8018a03a49e1eba481815ff7f,SY,2014,1,dqn,5000,58.0,,,,1170.3994750976562,0.0,,0.0,0.0,,120.0,300.0,0.0,0.0,2,"{""amir"": 0.0, ""anfer"": 0.0}",0.0,0.0,11097.0
021_04_sy2014_ic2_dqn_seed12_50k__sy_2014_seed1,dba09881156539b3ad34cf72ea1cc08db5be74f8018a03a49e1eba481815ff7f,SY,2014,1,dqn,5000,59.0,,,,1256.4542388916016,0.0,,0.0,0.0,,120.0,300.0,0.0,0.0,2,"{""amir"": 0.0, ""anfer"": 0.0}",0.0,0.0,11097.0
021_04_sy2014_ic2_dqn_seed12_50k__sy_2014_seed1,dba09881156539b3ad34cf72ea1cc08db5be74f8018a03a49e1eba481815ff7f,SY,2014,1,dqn,5000,60.0,,,,1354.9520874023438,0.0,,0.0,0.0,,120.0,300.0,0.0,0.0,2,"{""amir"": 0.0, ""anfer"": 0.0}",0.0,0.0,11097.0
021_04_sy2014_ic2_dqn_seed12_50k__sy_2014_seed1,dba09881156539b3ad34cf72ea1cc08db5be74f8018a03a49e1eba481815ff7f,SY,2014,1,dqn,5000,61.0,,,,1461.232452392578,0.0,,0.0,0.0,,120.0,300.0,0.0,0.0,2,"{""amir"": 0.0, ""anfer"": 0.0}",0.0,0.0,11097.0
021_04_sy2014_ic2_dqn_seed12_50k__sy_2014_seed1,dba09881156539b3ad34cf72ea1cc08db5be74f8018a03a49e1eba481815ff7f,SY,2014,1,dqn,5000,62.0,,,,1577.20947265625,0.0,,0.0,0.0,,120.0,300.0,0.0,0.0,2,"{""amir"": 0.0, ""anfer"": 0.0}",0.0,0.0,11097.0
021_04_sy2014_ic2_dqn_seed12_50k__sy_2014_seed1,dba09881156539b3ad34cf72ea1cc08db5be74f8018a03a49e1eba481815ff7f,SY,2014,1,dqn,5000,63.0,,,,1689.4769287109375,0.0,,0.0,0.0,,120.0,300.0,0.0,0.0,3,"{""amir"": 0.0, ""anfer"": 0.0}",0.0,0.0,11097.0
021_04_sy2014_ic2_dqn_seed12_50k__sy_2014_seed1,dba09881156539b3ad34cf72ea1cc08db5be74f8018a03a49e1eba481815ff7f,SY,2014,1,dqn,5000,64.0,,,,1811.5171813964844,0.0,,0.0,0.0,,120.0,300.0,0.0,0.0,3,"{""amir"": 0.0, ""anfer"": 0.0}",0.0,0.0,11097.0
021_04_sy2014_ic2_dqn_seed12_50k__sy_2014_seed1,dba09881156539b3ad34cf72ea1cc08db5be74f8018a03a49e1eba481815ff7f,SY,2014,1,dqn,5000,65.0,,,,1940.6719970703125,0.0,,0.0,0.0,,120.0,300.0,0.0,0.0,3,"{""amir"": 0.0, ""anfer"": 0.0}",0.0,0.0,11097.0
021_04_sy2014_ic2_dqn_seed12_50k__sy_2014_seed1,dba09881156539b3ad34cf72ea1cc08db5be74f8018a03a49e1eba481815ff7f,SY,2014,1,dqn,5000,66.0,,,,2099.9598693847656,0.0,,0.0,0.0,,120.0,300.0,0.0,0.0,3,"{""amir"": 0.0, ""anfer"": 0.0}",0.0,0.0,11097.0
021_04_sy2014_ic2_dqn_seed12_50k__sy_2014_seed1,dba09881156539b3ad34cf72ea1cc08db5be74f8018a03a49e1eba481815ff7f,SY,2014,1,dqn,5000,67.0,,,,2228.411407470703,0.0,,0.0,0.0,,120.0,300.0,0.0,0.0,3,"{""amir"": 0.0, ""anfer"": 0.0}",0.0,0.0,11097.0
021_04_sy2014_ic2_dqn_seed12_50k__sy_2014_seed1,dba09881156539b3ad34cf72ea1cc08db5be74f8018a03a49e1eba481815ff7f,SY,2014,1,dqn,5000,68.0,,,,2376.3694763183594,0.0,,0.0,0.0,,120.0,300.0,0.0,0.0,3,"{""amir"": 0.0, ""anfer"": 0.0}",0.0,0.0,11097.0
021_04_sy2014_ic2_dqn_seed12_50k__sy_2014_seed1,dba09881156539b3ad34cf72ea1cc08db5be74f8018a03a49e1eba481815ff7f,SY,2014,1,dqn,5000,69.0,,,,2520.238647460937,0.0,,0.0,0.0,,120.0,300.0,0.0,0.0,3,"{""amir"": 0.0, ""anfer"": 0.0}",0.0,0.0,11097.0
021_04_sy2014_ic2_dqn_seed12_50k__sy_2014_seed1,dba09881156539b3ad34cf72ea1cc08db5be74f8018a03a49e1eba481815ff7f,SY,2014,1,dqn,5000,70.0,,,,2694.6041870117188,0.0,,0.0,0.0,,120.0,300.0,0.0,0.0,3,"{""amir"": 0.0, ""anfer"": 0.0}",0.0,0.0,11097.0
021_04_sy2014_ic2_dqn_seed12_50k__sy_2014_seed1,dba09881156539b3ad34cf72ea1cc08db5be74f8018a03a49e1eba481815ff7f,SY,2014,1,dqn,5000,71.0,,,,2886.8414306640625,0.0,,0.0,0.0,,120.0,300.0,0.0,0.0,3,"{""amir"": 0.0, ""anfer"": 0.0}",0.0,0.0,11097.0
021_04_sy2014_ic2_dqn_seed12_50k__sy_2014_seed1,dba09881156539b3ad34cf72ea1cc08db5be74f8018a03a49e1eba481815ff7f,SY,2014,1,dqn,5000,72.0,,,,3100.950927734375,0.0,,0.0,0.0,,120.0,300.0,0.0,0.0,3,"{""amir"": 0.0, ""anfer"": 0.0}",0.0,0.0,11097.0
021_04_sy2014_ic2_dqn_seed12_50k__sy_2014_seed1,dba09881156539b3ad34cf72ea1cc08db5be74f8018a03a49e1eba481815ff7f,SY,2014,1,dqn,5000,73.0,,,,3516.8038940429688,0.0,,0.0,0.0,,120.0,300.0,0.0,0.0,3,"{""amir"": 0.0, ""anfer"": 0.0}",0.0,0.0,11097.0
021_04_sy2014_ic2_dqn_seed12_50k__sy_2014_seed1,dba09881156539b3ad34cf72ea1cc08db5be74f8018a03a49e1eba481815ff7f,SY,2014,1,dqn,5000,74.0,,,,3768.302612304688,0.0,,0.0,0.0,,120.0,300.0,0.0,0.0,3,"{""amir"": 0.0, ""anfer"": 0.0}",0.0,0.0,11097.0
021_04_sy2014_ic2_dqn_seed12_50k__sy_2014_seed1,dba09881156539b3ad34cf72ea1cc08db5be74f8018a03a49e1eba481815ff7f,SY,2014,1,dqn,5000,75.0,,,,4049.385070800781,0.0,,0.0,0.0,,120.0,300.0,0.0,0.0,3,"{""amir"": 0.0, ""anfer"": 0.0}",0.0,0.0,11097.0
021_04_sy2014_ic2_dqn_seed12_50k__sy_2014_seed1,dba09881156539b3ad34cf72ea1cc08db5be74f8018a03a49e1eba481815ff7f,SY,2014,1,dqn,5000,76.0,,,,4307.711486816406,0.0,,0.0,0.0,,120.0,300.0,0.0,0.0,3,"{""amir"": 0.0, ""anfer"": 0.0}",0.0,0.0,11097.0
021_04_sy2014_ic2_dqn_seed12_50k__sy_2014_seed1,dba09881156539b3ad34cf72ea1cc08db5be74f8018a03a49e1eba481815ff7f,SY,2014,1,dqn,5000,77.0,,,,4545.272521972656,0.0,,0.0,0.0,,120.0,300.0,0.0,0.0,3,"{""amir"": 0.0, ""anfer"": 0.0}",0.0,0.0,11097.0
021_04_sy2014_ic2_dqn_seed12_50k__sy_2014_seed1,dba09881156539b3ad34cf72ea1cc08db5be74f8018a03a49e1eba481815ff7f,SY,2014,1,dqn,5000,78.0,,,,4772.906494140625,0.0,,0.0,0.0,,120.0,300.0,0.0,0.0,3,"{""amir"": 0.0, ""anfer"": 0.0}",0.0,0.0,11097.0
021_04_sy2014_ic2_dqn_seed12_50k__sy_2014_seed1,dba09881156539b3ad34cf72ea1cc08db5be74f8018a03a49e1eba481815ff7f,SY,2014,1,dqn,5000,79.0,,,,4937.823791503906,0.0,,0.0,0.0,,120.0,300.0,0.0,0.0,2,"{""amir"": 0.0, ""anfer"": 0.0}",0.0,0.0,11097.0
021_04_sy2014_ic2_dqn_seed12_50k__sy_2014_seed1,dba09881156539b3ad34cf72ea1cc08db5be74f8018a03a49e1eba481815ff7f,SY,2014,1,dqn,5000,80.0,,,,5161.806640625,0.0,,0.0,0.0,,120.0,300.0,0.0,0.0,7,"{""amir"": 0.0, ""anfer"": 0.0}",0.0,0.0,11097.0
021_04_sy2014_ic2_dqn_seed12_50k__sy_2014_seed1,dba09881156539b3ad34cf72ea1cc08db5be74f8018a03a49e1eba481815ff7f,SY,2014,1,dqn,5000,81.0,,,,5351.4385986328125,0.0,,0.0,0.0,,120.0,300.0,0.0,0.0,7,"{""amir"": 0.0, ""anfer"": 0.0}",0.0,0.0,11097.0
021_04_sy2014_ic2_dqn_seed12_50k__sy_2014_seed1,dba09881156539b3ad34cf72ea1cc08db5be74f8018a03a49e1eba481815ff7f,SY,2014,1,dqn,5000,82.0,,,,5545.220947265625,0.0,,0.0,0.0,,120.0,300.0,0.0,0.0,7,"{""amir"": 0.0, ""anfer"": 0.0}",0.0,0.0,11097.0
021_04_sy2014_ic2_dqn_seed12_50k__sy_2014_seed1,dba09881156539b3ad34cf72ea1cc08db5be74f8018a03a49e1eba481815ff7f,SY,2014,1,dqn,5000,83.0,,,,5736.619873046875,0.0,,0.0,0.0,,120.0,300.0,0.0,0.0,7,"{""amir"": 0.0, ""anfer"": 0.0}",0.0,0.0,11097.0
021_04_sy2014_ic2_dqn_seed12_50k__sy_2014_seed1,dba09881156539b3ad34cf72ea1cc08db5be74f8018a03a49e1eba481815ff7f,SY,2014,1,dqn,5000,84.0,,,,5934.3206787109375,0.0,,0.0,0.0,,120.0,300.0,0.0,0.0,7,"{""amir"": 0.0, ""anfer"": 0.0}",0.0,0.0,11097.0
021_04_sy2014_ic2_dqn_seed12_50k__sy_2014_seed1,dba09881156539b3ad34cf72ea1cc08db5be74f8018a03a49e1eba481815ff7f,SY,2014,1,dqn,5000,85.0,,,,6152.47314453125,0.0,,0.0,0.0,,120.0,300.0,0.0,0.0,7,"{""amir"": 0.0, ""anfer"": 0.0}",0.0,0.0,11097.0
021_04_sy2014_ic2_dqn_seed12_50k__sy_2014_seed1,dba09881156539b3ad34cf72ea1cc08db5be74f8018a03a49e1eba481815ff7f,SY,2014,1,dqn,5000,86.0,,,,6378.214111328125,0.0,,0.0,0.0,,120.0,300.0,0.0,0.0,7,"{""amir"": 0.0, ""anfer"": 0.0}",0.0,0.0,11097.0
021_04_sy2014_ic2_dqn_seed12_50k__sy_2014_seed1,dba09881156539b3ad34cf72ea1cc08db5be74f8018a03a49e1eba481815ff7f,SY,2014,1,dqn,5000,87.0,,,,6582.623291015625,0.0,,0.0,0.0,,120.0,300.0,0.0,0.0,7,"{""amir"": 0.0, ""anfer"": 0.0}",0.0,0.0,11097.0
021_04_sy2014_ic2_dqn_seed12_50k__sy_2014_seed1,dba09881156539b3ad34cf72ea1cc08db5be74f8018a03a49e1eba481815ff7f,SY,2014,1,dqn,5000,88.0,,,,6782.8948974609375,0.0,,0.0,0.0,,120.0,300.0,0.0,0.0,4,"{""amir"": 0.0, ""anfer"": 0.0}",0.0,0.0,11097.0
021_04_sy2014_ic2_dqn_seed12_50k__sy_2014_seed1,dba09881156539b3ad34cf72ea1cc08db5be74f8018a03a49e1eba481815ff7f,SY,2014,1,dqn,5000,89.0,,,,6997.578125,0.0,,0.0,0.0,,120.0,300.0,0.0,0.0,4,"{""amir"": 0.0, ""anfer"": 0.0}",0.0,0.0,11097.0
021_04_sy2014_ic2_dqn_seed12_50k__sy_2014_seed1,dba09881156539b3ad34cf72ea1cc08db5be74f8018a03a49e1eba481815ff7f,SY,2014,1,dqn,5000,90.0,,,,7243.408813476562,0.0,,0.0,0.0,,120.0,300.0,0.0,0.0,4,"{""amir"": 0.0, ""anfer"": 0.0}",0.0,0.0,11097.0
021_04_sy2014_ic2_dqn_seed12_50k__sy_2014_seed1,dba09881156539b3ad34cf72ea1cc08db5be74f8018a03a49e1eba481815ff7f,SY,2014,1,dqn,5000,91.0,,,,7568.019409179687,0.0,,0.0,0.0,,120.0,300.0,0.0,0.0,4,"{""amir"": 0.0, ""anfer"": 0.0}",0.0,0.0,11097.0
021_04_sy2014_ic2_dqn_seed12_50k__sy_2014_seed1,dba09881156539b3ad34cf72ea1cc08db5be74f8018a03a49e1eba481815ff7f,SY,2014,1,dqn,5000,92.0,,,,7635.55419921875,0.0,,0.0,0.0,,120.0,300.0,0.0,0.0,4,"{""amir"": 0.0, ""anfer"": 0.0}",0.0,0.0,11097.0
021_04_sy2014_ic2_dqn_seed12_50k__sy_2014_seed1,dba09881156539b3ad34cf72ea1cc08db5be74f8018a03a49e1eba481815ff7f,SY,2014,1,dqn,5000,93.0,,,,7832.6409912109375,0.0,,0.0,0.0,,120.0,300.0,0.0,0.0,4,"{""amir"": 0.0, ""anfer"": 0.0}",0.0,0.0,11097.0
021_04_sy2014_ic2_dqn_seed12_50k__sy_2014_seed1,dba09881156539b3ad34cf72ea1cc08db5be74f8018a03a49e1eba481815ff7f,SY,2014,1,dqn,5000,94.0,,,,8155.0244140625,0.0,,0.0,0.0,,120.0,300.0,0.0,0.0,4,"{""amir"": 0.0, ""anfer"": 0.0}",0.0,0.0,11097.0
021_04_sy2014_ic2_dqn_seed12_50k__sy_2014_seed1,dba09881156539b3ad34cf72ea1cc08db5be74f8018a03a49e1eba481815ff7f,SY,2014,1,dqn,5000,95.0,,,,8382.5,0.0,,0.0,0.0,,120.0,300.0,0.0,0.0,4,"{""amir"": 0.0, ""anfer"": 0.0}",0.0,0.0,11097.0
021_04_sy2014_ic2_dqn_seed12_50k__sy_2014_seed1,dba09881156539b3ad34cf72ea1cc08db5be74f8018a03a49e1eba481815ff7f,SY,2014,1,dqn,5000,96.0,,,,8460.763549804688,0.0,,0.0,0.0,,120.0,300.0,0.0,0.0,4,"{""amir"": 0.0, ""anfer"": 0.0}",0.0,0.0,11097.0
021_04_sy2014_ic2_dqn_seed12_50k__sy_2014_seed1,dba09881156539b3ad34cf72ea1cc08db5be74f8018a03a49e1eba481815ff7f,SY,2014,1,dqn,5000,97.0,,,,8816.560668945312,0.0,,0.0,0.0,,120.0,300.0,0.0,0.0,4,"{""amir"": 0.0, ""anfer"": 0.0}",0.0,0.0,11097.0
021_04_sy2014_ic2_dqn_seed12_50k__sy_2014_seed1,dba09881156539b3ad34cf72ea1cc08db5be74f8018a03a49e1eba481815ff7f,SY,2014,1,dqn,5000,98.0,,,,9165.783081054688,0.0,,0.0,0.0,,120.0,300.0,0.0,0.0,4,"{""amir"": 0.0, ""anfer"": 0.0}",0.0,0.0,11097.0
021_04_sy2014_ic2_dqn_seed12_50k__sy_2014_seed1,dba09881156539b3ad34cf72ea1cc08db5be74f8018a03a49e1eba481815ff7f,SY,2014,1,dqn,5000,99.0,,,,9468.02734375,0.0,,0.0,0.0,,120.0,300.0,0.0,0.0,4,"{""amir"": 0.0, ""anfer"": 0.0}",0.0,0.0,11097.0
021_04_sy2014_ic2_dqn_seed12_50k__sy_2014_seed1,dba09881156539b3ad34cf72ea1cc08db5be74f8018a03a49e1eba481815ff7f,SY,2014,1,dqn,5000,100.0,,,,9772.447509765623,304.4194984436035,,0.0,0.0,,120.0,300.0,0.0,0.0,4,"{""amir"": 0.0, ""anfer"": 0.0}",0.0,0.0,11097.0
021_04_sy2014_ic2_dqn_seed12_50k__sy_2014_seed1,dba09881156539b3ad34cf72ea1cc08db5be74f8018a03a49e1eba481815ff7f,SY,2014,1,dqn,5000,101.0,,,,10041.3330078125,608.838996887207,,0.0,0.0,,120.0,300.0,0.0,0.0,4,"{""amir"": 0.0, ""anfer"": 0.0}",0.0,0.0,11097.0
021_04_sy2014_ic2_dqn_seed12_50k__sy_2014_seed1,dba09881156539b3ad34cf72ea1cc08db5be74f8018a03a49e1eba481815ff7f,SY,2014,1,dqn,5000,102.0,,,,10381.28662109375,913.2585144042968,,0.0,0.0,,120.0,300.0,0.0,0.0,4,"{""amir"": 0.0, ""anfer"": 0.0}",0.0,0.0,11097.0
021_04_sy2014_ic2_dqn_seed12_50k__sy_2014_seed1,dba09881156539b3ad34cf72ea1cc08db5be74f8018a03a49e1eba481815ff7f,SY,2014,1,dqn,5000,103.0,,,,10645.750732421877,1177.7228546142578,,0.0,0.0,,120.0,300.0,0.0,0.0,8,"{""amir"": 0.0, ""anfer"": 0.0}",0.0,0.0,11097.0
021_04_sy2014_ic2_dqn_seed12_50k__sy_2014_seed1,dba09881156539b3ad34cf72ea1cc08db5be74f8018a03a49e1eba481815ff7f,SY,2014,1,dqn,5000,104.0,,,,10910.21484375,1442.1871948242188,,0.0,0.0,,120.0,300.0,0.0,0.0,8,"{""amir"": 0.0, ""anfer"": 0.0}",0.0,0.0,11097.0
021_04_sy2014_ic2_dqn_seed12_50k__sy_2014_seed1,dba09881156539b3ad34cf72ea1cc08db5be74f8018a03a49e1eba481815ff7f,SY,2014,1,dqn,5000,105.0,,,,11203.218994140623,1735.1910400390625,,0.0,0.0,,120.0,300.0,0.0,0.0,8,"{""amir"": 0.0, ""anfer"": 0.0}",0.0,0.0,11097.0
021_04_sy2014_ic2_dqn_seed12_50k__sy_2014_seed1,dba09881156539b3ad34cf72ea1cc08db5be74f8018a03a49e1eba481815ff7f,SY,2014,1,dqn,5000,106.0,,,,11507.63916015625,2039.6104431152344,,0.0,0.0,,120.0,300.0,0.0,0.0,8,"{""amir"": 0.0, ""anfer"": 0.0}",0.0,0.0,11097.0
021_04_sy2014_ic2_dqn_seed12_50k__sy_2014_seed1,dba09881156539b3ad34cf72ea1cc08db5be74f8018a03a49e1eba481815ff7f,SY,2014,1,dqn,5000,107.0,,,,11812.05810546875,2344.0298461914062,,0.0,0.0,,120.0,300.0,0.0,0.0,8,"{""amir"": 0.0, ""anfer"": 0.0}",0.0,0.0,11097.0
021_04_sy2014_ic2_dqn_seed12_50k__sy_2014_seed1,dba09881156539b3ad34cf72ea1cc08db5be74f8018a03a49e1eba481815ff7f,SY,2014,1,dqn,5000,108.0,,,,12116.47705078125,2648.4494018554688,,0.0,0.0,,120.0,300.0,0.0,0.0,8,"{""amir"": 0.0, ""anfer"": 0.0}",0.0,0.0,11097.0
021_04_sy2014_ic2_dqn_seed12_50k__sy_2014_seed1,dba09881156539b3ad34cf72ea1cc08db5be74f8018a03a49e1eba481815ff7f,SY,2014,1,dqn,5000,109.0,,,,12420.897216796877,2952.86865234375,,0.0,0.0,,120.0,300.0,0.0,0.0,8,"{""amir"": 0.0, ""anfer"": 0.0}",0.0,0.0,11097.0
021_04_sy2014_ic2_dqn_seed12_50k__sy_2014_seed1,dba09881156539b3ad34cf72ea1cc08db5be74f8018a03a49e1eba481815ff7f,SY,2014,1,dqn,5000,110.0,,,,12725.316162109377,3257.2882080078125,,0.0,0.0,,120.0,300.0,0.0,0.0,8,"{""amir"": 0.0, ""anfer"": 0.0}",0.0,0.0,11097.0
021_04_sy2014_ic2_dqn_seed12_50k__sy_2014_seed1,dba09881156539b3ad34cf72ea1cc08db5be74f8018a03a49e1eba481815ff7f,SY,2014,1,dqn,5000,111.0,,,,13029.736328125,3561.707763671875,,0.0,0.0,,120.0,300.0,0.0,0.0,8,"{""amir"": 0.0, ""anfer"": 0.0}",0.0,0.0,11097.0
021_04_sy2014_ic2_dqn_seed12_50k__sy_2014_seed1,dba09881156539b3ad34cf72ea1cc08db5be74f8018a03a49e1eba481815ff7f,SY,2014,1,dqn,5000,112.0,,,,13334.1552734375,3866.127014160156,,0.0,0.0,,120.0,300.0,0.0,0.0,2,"{""amir"": 0.0, ""anfer"": 0.0}",0.0,0.0,11097.0
021_04_sy2014_ic2_dqn_seed12_50k__sy_2014_seed1,dba09881156539b3ad34cf72ea1cc08db5be74f8018a03a49e1eba481815ff7f,SY,2014,1,dqn,5000,113.0,,,,13638.57421875,4170.546569824219,,0.0,0.0,,120.0,300.0,0.0,0.0,2,"{""amir"": 0.0, ""anfer"": 0.0}",0.0,0.0,11097.0
021_04_sy2014_ic2_dqn_seed12_50k__sy_2014_seed1,dba09881156539b3ad34cf72ea1cc08db5be74f8018a03a49e1eba481815ff7f,SY,2014,1,dqn,5000,114.0,,,,13942.994384765623,4474.966125488281,,0.0,0.0,,120.0,300.0,0.0,0.0,2,"{""amir"": 0.0, ""anfer"": 0.0}",0.0,0.0,11097.0
021_04_sy2014_ic2_dqn_seed12_50k__sy_2014_seed1,dba09881156539b3ad34cf72ea1cc08db5be74f8018a03a49e1eba481815ff7f,SY,2014,1,dqn,5000,115.0,,,,14247.413330078123,4779.3853759765625,,0.0,0.0,,120.0,300.0,0.0,0.0,7,"{""amir"": 0.0, ""anfer"": 0.0}",0.0,0.0,11097.0
021_04_sy2014_ic2_dqn_seed12_50k__sy_2014_seed1,dba09881156539b3ad34cf72ea1cc08db5be74f8018a03a49e1eba481815ff7f,SY,2014,1,dqn,5000,116.0,,,,14514.03564453125,5083.804931640625,,0.0,0.0,,120.0,300.0,0.0,0.0,7,"{""amir"": 0.0, ""anfer"": 0.0}",0.0,0.0,11097.0
021_04_sy2014_ic2_dqn_seed12_50k__sy_2014_seed1,dba09881156539b3ad34cf72ea1cc08db5be74f8018a03a49e1eba481815ff7f,SY,2014,1,dqn,5000,117.0,,,,14843.43505859375,5388.224487304688,,0.0,0.0,,120.0,300.0,0.0,0.0,7,"{""amir"": 0.0, ""anfer"": 0.0}",0.0,0.0,11097.0
021_04_sy2014_ic2_dqn_seed12_50k__sy_2014_seed1,dba09881156539b3ad34cf72ea1cc08db5be74f8018a03a49e1eba481815ff7f,SY,2014,1,dqn,5000,118.0,,,,15160.67138671875,5692.64404296875,,0.0,0.0,,120.0,300.0,0.0,0.0,7,"{""amir"": 0.0, ""anfer"": 0.0}",0.0,0.0,11097.0
021_04_sy2014_ic2_dqn_seed12_50k__sy_2014_seed1,dba09881156539b3ad34cf72ea1cc08db5be74f8018a03a49e1eba481815ff7f,SY,2014,1,dqn,5000,119.0,,,,15435.777587890623,5997.06298828125,,0.0,0.0,,120.0,300.0,0.0,0.0,2,"{""amir"": 0.0, ""anfer"": 0.0}",0.0,0.0,11097.0
021_04_sy2014_ic2_dqn_seed12_50k__sy_2014_seed1,dba09881156539b3ad34cf72ea1cc08db5be74f8018a03a49e1eba481815ff7f,SY,2014,1,dqn,5000,120.0,,,,15684.8486328125,6301.4825439453125,,0.0,0.0,,120.0,300.0,0.0,0.0,2,"{""amir"": 0.0, ""anfer"": 0.0}",0.0,0.0,11097.0
021_04_sy2014_ic2_dqn_seed12_50k__sy_2014_seed1,dba09881156539b3ad34cf72ea1cc08db5be74f8018a03a49e1eba481815ff7f,SY,2014,1,dqn,5000,121.0,,,,16033.787841796877,6605.902099609375,,0.0,0.0,,120.0,300.0,0.0,0.0,2,"{""amir"": 0.0, ""anfer"": 0.0}",0.0,0.0,11097.0
021_04_sy2014_ic2_dqn_seed12_50k__sy_2014_seed1,dba09881156539b3ad34cf72ea1cc08db5be74f8018a03a49e1eba481815ff7f,SY,2014,1,dqn,5000,122.0,,,,16378.349609375,6910.3216552734375,,0.0,0.0,,120.0,300.0,0.0,0.0,2,"{""amir"": 0.0, ""anfer"": 0.0}",0.0,0.0,11097.0
021_04_sy2014_ic2_dqn_seed12_50k__sy_2014_seed1,dba09881156539b3ad34cf72ea1cc08db5be74f8018a03a49e1eba481815ff7f,SY,2014,1,dqn,5000,123.0,,,,16591.202392578125,7214.7412109375,,0.0,0.0,,120.0,300.0,0.0,0.0,2,"{""amir"": 0.0, ""anfer"": 0.0}",0.0,0.0,11097.0
021_04_sy2014_ic2_dqn_seed12_50k__sy_2014_seed1,dba09881156539b3ad34cf72ea1cc08db5be74f8018a03a49e1eba481815ff7f,SY,2014,1,dqn,5000,124.0,,,,16900.958251953125,7519.16015625,,0.0,0.0,,120.0,300.0,0.0,0.0,2,"{""amir"": 0.0, ""anfer"": 0.0}",0.0,0.0,11097.0
021_04_sy2014_ic2_dqn_seed12_50k__sy_2014_seed1,dba09881156539b3ad34cf72ea1cc08db5be74f8018a03a49e1eba481815ff7f,SY,2014,1,dqn,5000,125.0,,,,17068.070068359375,7823.5797119140625,,0.0,0.0,,120.0,300.0,0.0,0.0,8,"{""amir"": 0.0, ""anfer"": 0.0}",0.0,0.0,11097.0
021_04_sy2014_ic2_dqn_seed12_50k__sy_2014_seed1,dba09881156539b3ad34cf72ea1cc08db5be74f8018a03a49e1eba481815ff7f,SY,2014,1,dqn,5000,126.0,,,,17300.909423828125,8127.999267578125,,0.0,0.0,,120.0,300.0,0.0,0.0,8,"{""amir"": 0.0, ""anfer"": 0.0}",0.0,0.0,11097.0
021_04_sy2014_ic2_dqn_seed12_50k__sy_2014_seed1,dba09881156539b3ad34cf72ea1cc08db5be74f8018a03a49e1eba481815ff7f,SY,2014,1,dqn,5000,127.0,,,,17432.275390625,8432.418823242188,,0.0,0.0,,120.0,300.0,0.0,0.0,8,"{""amir"": 0.0, ""anfer"": 0.0}",0.0,0.0,11097.0
021_04_sy2014_ic2_dqn_seed12_50k__sy_2014_seed1,dba09881156539b3ad34cf72ea1cc08db5be74f8018a03a49e1eba481815ff7f,SY,2014,1,dqn,5000,128.0,,,,17789.268798828125,8736.83837890625,,0.0,0.0,,120.0,300.0,0.0,0.0,1,"{""amir"": 0.0, ""anfer"": 0.0}",0.0,0.0,11097.0
021_04_sy2014_ic2_dqn_seed12_50k__sy_2014_seed1,dba09881156539b3ad34cf72ea1cc08db5be74f8018a03a49e1eba481815ff7f,SY,2014,1,dqn,5000,129.0,,,,18134.8193359375,9041.257934570312,,0.0,0.0,,120.0,300.0,0.0,0.0,1,"{""amir"": 0.0, ""anfer"": 0.0}",0.0,0.0,11097.0
021_04_sy2014_ic2_dqn_seed12_50k__sy_2014_seed1,dba09881156539b3ad34cf72ea1cc08db5be74f8018a03a49e1eba481815ff7f,SY,2014,1,dqn,5000,130.0,,,,18439.483642578125,9345.676879882812,,0.0,0.0,,120.0,300.0,0.0,0.0,1,"{""amir"": 0.0, ""anfer"": 0.0}",0.0,0.0,11097.0
021_04_sy2014_ic2_dqn_seed12_50k__sy_2014_seed1,dba09881156539b3ad34cf72ea1cc08db5be74f8018a03a49e1eba481815ff7f,SY,2014,1,dqn,5000,131.0,,,,18745.8203125,9650.096435546877,,0.0,0.0,,120.0,300.0,0.0,0.0,1,"{""amir"": 0.0, ""anfer"": 0.0}",0.0,0.0,11097.0
021_04_sy2014_ic2_dqn_seed12_50k__sy_2014_seed1,dba09881156539b3ad34cf72ea1cc08db5be74f8018a03a49e1eba481815ff7f,SY,2014,1,dqn,5000,132.0,,,,19083.397216796875,9954.515991210938,,0.0,0.0,,120.0,300.0,0.0,0.0,1,"{""amir"": 0.0, ""anfer"": 0.0}",0.0,0.0,11097.0
021_04_sy2014_ic2_dqn_seed12_50k__sy_2014_seed1,dba09881156539b3ad34cf72ea1cc08db5be74f8018a03a49e1eba481815ff7f,SY,2014,1,dqn,5000,133.0,,,,19375.8935546875,10258.935546875,,0.0,0.0,,120.0,300.0,0.0,0.0,1,"{""amir"": 0.0, ""anfer"": 0.0}",0.0,0.0,11097.0
021_04_sy2014_ic2_dqn_seed12_50k__sy_2014_seed1,dba09881156539b3ad34cf72ea1cc08db5be74f8018a03a49e1eba481815ff7f,SY,2014,1,dqn,5000,134.0,,,,19648.2666015625,10539.18701171875,,0.1443428993225097,0.0,,120.0,300.0,0.0,0.0,1,"{""amir"": 0.0, ""anfer"": 0.0}",0.0,0.0,11097.0
021_04_sy2014_ic2_dqn_seed12_50k__sy_2014_seed1,dba09881156539b3ad34cf72ea1cc08db5be74f8018a03a49e1eba481815ff7f,SY,2014,1,dqn,5000,135.0,,,,19856.973876953125,10823.056640625,,0.1227384209632873,0.0,,120.0,300.0,0.0,0.0,1,"{""amir"": 0.0, ""anfer"": 0.0}",0.0,0.0,11097.0
021_04_sy2014_ic2_dqn_seed12_50k__sy_2014_seed1,dba09881156539b3ad34cf72ea1cc08db5be74f8018a03a49e1eba481815ff7f,SY,2014,1,dqn,5000,136.0,,,,20039.031982421875,11097.158203125,,0.1810786128044128,0.0,,120.0,300.0,0.0,0.0,1,"{""amir"": 0.0, ""anfer"": 0.0}",0.0,0.0,11097.0
021_04_sy2014_ic2_dqn_seed12_50k__sy_2014_seed1,dba09881156539b3ad34cf72ea1cc08db5be74f8018a03a49e1eba481815ff7f,SY,2014,1,dqn,5000,137.0,,,,20039.031982421875,11097.158203125,,0.4208618998527527,0.0,,120.0,300.0,0.0,0.0,1,"{""amir"": 0.0, ""anfer"": 0.0}",0.0,0.0,11097.0
021_04_sy2014_ic2_dqn_seed12_50k__sy_2014_seed1,dba09881156539b3ad34cf72ea1cc08db5be74f8018a03a49e1eba481815ff7f,SY,2014,1,dqn,5000,138.0,,,,20039.031982421875,11097.158203125,,0.0,0.0,,120.0,300.0,0.0,0.0,1,"{""amir"": 0.0, ""anfer"": 0.0}",0.0,0.0,11097.0
021_04_sy2014_ic2_dqn_seed12_50k__sy_2014_seed1,dba09881156539b3ad34cf72ea1cc08db5be74f8018a03a49e1eba481815ff7f,SY,2014,1,dqn,5000,139.0,,,,20039.031982421875,11097.158203125,,0.0,0.0,,120.0,300.0,0.0,0.0,1,"{""amir"": 0.0, ""anfer"": 0.0}",0.0,0.0,11097.0
021_04_sy2014_ic2_dqn_seed12_50k__sy_2014_seed1,dba09881156539b3ad34cf72ea1cc08db5be74f8018a03a49e1eba481815ff7f,SY,2014,1,dqn,5000,139.0,,,,20039.031982421875,11097.158203125,,0.0,0.0,,120.0,300.0,0.0,0.0,1,"{""amir"": 0.0, ""anfer"": 0.0}",5689.158203125,5689.158203125,11097.0
021_04_sy2014_ic2_dqn_seed12_50k__sy_2014_seed1,dba09881156539b3ad34cf72ea1cc08db5be74f8018a03a49e1eba481815ff7f,SY,2014,1,dqn,10000,0.0,,,,0.0,0.0,,0.0,0.0,,0.0,0.0,0.0,0.0,1,"{""amir"": 0.0, ""anfer"": 0.0}",0.0,0.0,9041.0
021_04_sy2014_ic2_dqn_seed12_50k__sy_2014_seed1,dba09881156539b3ad34cf72ea1cc08db5be74f8018a03a49e1eba481815ff7f,SY,2014,1,dqn,10000,0.0,,,,0.0,0.0,,0.0,0.0,,0.0,0.0,0.0,0.0,1,"{""amir"": 0.0, ""anfer"": 0.0}",0.0,0.0,9041.0
021_04_sy2014_ic2_dqn_seed12_50k__sy_2014_seed1,dba09881156539b3ad34cf72ea1cc08db5be74f8018a03a49e1eba481815ff7f,SY,2014,1,dqn,10000,0.0,,,,0.0,0.0,,0.0,0.0,,0.0,0.0,0.0,0.0,1,"{""amir"": 0.0, ""anfer"": 0.0}",0.0,0.0,9041.0
021_04_sy2014_ic2_dqn_seed12_50k__sy_2014_seed1,dba09881156539b3ad34cf72ea1cc08db5be74f8018a03a49e1eba481815ff7f,SY,2014,1,dqn,10000,0.0,,,,0.0,0.0,,0.0,0.0,,0.0,0.0,0.0,0.0,1,"{""amir"": 0.0, ""anfer"": 0.0}",0.0,0.0,9041.0
021_04_sy2014_ic2_dqn_seed12_50k__sy_2014_seed1,dba09881156539b3ad34cf72ea1cc08db5be74f8018a03a49e1eba481815ff7f,SY,2014,1,dqn,10000,0.0,,,,0.0,0.0,,0.0,0.0,,0.0,0.0,0.0,0.0,1,"{""amir"": 0.0, ""anfer"": 0.0}",0.0,0.0,9041.0
021_04_sy2014_ic2_dqn_seed12_50k__sy_2014_seed1,dba09881156539b3ad34cf72ea1cc08db5be74f8018a03a49e1eba481815ff7f,SY,2014,1,dqn,10000,0.0,,,,0.0,0.0,,0.0,0.0,,0.0,0.0,0.0,0.0,1,"{""amir"": 0.0, ""anfer"": 0.0}",0.0,0.0,9041.0
021_04_sy2014_ic2_dqn_seed12_50k__sy_2014_seed1,dba09881156539b3ad34cf72ea1cc08db5be74f8018a03a49e1eba481815ff7f,SY,2014,1,dqn,10000,0.0,,,,0.0,0.0,,0.0,0.0,,0.0,0.0,0.0,0.0,1,"{""amir"": 0.0, ""anfer"": 0.0}",0.0,0.0,9041.0
021_04_sy2014_ic2_dqn_seed12_50k__sy_2014_seed1,dba09881156539b3ad34cf72ea1cc08db5be74f8018a03a49e1eba481815ff7f,SY,2014,1,dqn,10000,0.0,,,,0.0,0.0,,0.0,0.0,,0.0,0.0,0.0,0.0,1,"{""amir"": 0.0, ""anfer"": 0.0}",0.0,0.0,9041.0
021_04_sy2014_ic2_dqn_seed12_50k__sy_2014_seed1,dba09881156539b3ad34cf72ea1cc08db5be74f8018a03a49e1eba481815ff7f,SY,2014,1,dqn,10000,0.0,,,,0.0,0.0,,0.0,0.0,,0.0,0.0,0.0,0.0,1,"{""amir"": 0.0, ""anfer"": 0.0}",0.0,0.0,9041.0
021_04_sy2014_ic2_dqn_seed12_50k__sy_2014_seed1,dba09881156539b3ad34cf72ea1cc08db5be74f8018a03a49e1eba481815ff7f,SY,2014,1,dqn,10000,0.0,,,,0.0,0.0,,0.0,0.0,,0.0,0.0,0.0,0.0,1,"{""amir"": 0.0, ""anfer"": 0.0}",0.0,0.0,9041.0
021_04_sy2014_ic2_dqn_seed12_50k__sy_2014_seed1,dba09881156539b3ad34cf72ea1cc08db5be74f8018a03a49e1eba481815ff7f,SY,2014,1,dqn,10000,0.0,,,,0.0,0.0,,0.0,0.0,,0.0,0.0,0.0,0.0,1,"{""amir"": 0.0, ""anfer"": 0.0}",0.0,0.0,9041.0
021_04_sy2014_ic2_dqn_seed12_50k__sy_2014_seed1,dba09881156539b3ad34cf72ea1cc08db5be74f8018a03a49e1eba481815ff7f,SY,2014,1,dqn,10000,0.0,,,,0.0,0.0,,0.0,0.0,,0.0,0.0,0.0,0.0,1,"{""amir"": 0.0, ""anfer"": 0.0}",0.0,0.0,9041.0
021_04_sy2014_ic2_dqn_seed12_50k__sy_2014_seed1,dba09881156539b3ad34cf72ea1cc08db5be74f8018a03a49e1eba481815ff7f,SY,2014,1,dqn,10000,0.0,,,,0.0,0.0,,0.0,0.0,,0.0,0.0,0.0,0.0,1,"{""amir"": 0.0, ""anfer"": 0.0}",0.0,0.0,9041.0
021_04_sy2014_ic2_dqn_seed12_50k__sy_2014_seed1,dba09881156539b3ad34cf72ea1cc08db5be74f8018a03a49e1eba481815ff7f,SY,2014,1,dqn,10000,0.0,,,,0.0,0.0,,0.0,0.0,,0.0,0.0,0.0,0.0,1,"{""amir"": 0.0, ""anfer"": 0.0}",0.0,0.0,9041.0
021_04_sy2014_ic2_dqn_seed12_50k__sy_2014_seed1,dba09881156539b3ad34cf72ea1cc08db5be74f8018a03a49e1eba481815ff7f,SY,2014,1,dqn,10000,0.0,,,,0.0,0.0,,0.0,0.0,,0.0,0.0,0.0,0.0,1,"{""amir"": 0.0, ""anfer"": 0.0}",0.0,0.0,9041.0
021_04_sy2014_ic2_dqn_seed12_50k__sy_2014_seed1,dba09881156539b3ad34cf72ea1cc08db5be74f8018a03a49e1eba481815ff7f,SY,2014,1,dqn,10000,0.0,,,,0.0,0.0,,0.0,0.0,,0.0,0.0,0.0,0.0,1,"{""amir"": 0.0, ""anfer"": 0.0}",0.0,0.0,9041.0
021_04_sy2014_ic2_dqn_seed12_50k__sy_2014_seed1,dba09881156539b3ad34cf72ea1cc08db5be74f8018a03a49e1eba481815ff7f,SY,2014,1,dqn,10000,0.0,,,,0.0,0.0,,0.0,0.0,,0.0,0.0,0.0,0.0,1,"{""amir"": 0.0, ""anfer"": 0.0}",0.0,0.0,9041.0
021_04_sy2014_ic2_dqn_seed12_50k__sy_2014_seed1,dba09881156539b3ad34cf72ea1cc08db5be74f8018a03a49e1eba481815ff7f,SY,2014,1,dqn,10000,0.0,,,,0.0,0.0,,0.0,0.0,,0.0,0.0,0.0,0.0,0,"{""amir"": 0.0, ""anfer"": 0.0}",0.0,0.0,9041.0
021_04_sy2014_ic2_dqn_seed12_50k__sy_2014_seed1,dba09881156539b3ad34cf72ea1cc08db5be74f8018a03a49e1eba481815ff7f,SY,2014,1,dqn,10000,0.0,,,,0.0,0.0,,0.0,0.0,,0.0,0.0,0.0,0.0,1,"{""amir"": 0.0, ""anfer"": 0.0}",0.0,0.0,9041.0
021_04_sy2014_ic2_dqn_seed12_50k__sy_2014_seed1,dba09881156539b3ad34cf72ea1cc08db5be74f8018a03a49e1eba481815ff7f,SY,2014,1,dqn,10000,0.0,,,,0.0,0.0,,0.0,0.0,,0.0,0.0,0.0,0.0,1,"{""amir"": 0.0, ""anfer"": 0.0}",0.0,0.0,9041.0
021_04_sy2014_ic2_dqn_seed12_50k__sy_2014_seed1,dba09881156539b3ad34cf72ea1cc08db5be74f8018a03a49e1eba481815ff7f,SY,2014,1,dqn,10000,1.0,,,,0.0,0.0,,0.0,0.0,,0.0,0.0,0.0,0.0,1,"{""amir"": 0.0, ""anfer"": 0.0}",0.0,0.0,9041.0
021_04_sy2014_ic2_dqn_seed12_50k__sy_2014_seed1,dba09881156539b3ad34cf72ea1cc08db5be74f8018a03a49e1eba481815ff7f,SY,2014,1,dqn,10000,2.0,,,,0.0,0.0,,0.0,0.0,,0.0,0.0,0.0,0.0,0,"{""amir"": 0.0, ""anfer"": 0.0}",0.0,0.0,9041.0
021_04_sy2014_ic2_dqn_seed12_50k__sy_2014_seed1,dba09881156539b3ad34cf72ea1cc08db5be74f8018a03a49e1eba481815ff7f,SY,2014,1,dqn,10000,3.0,,,,0.0,0.0,,0.0,0.0,,0.0,0.0,0.0,0.0,0,"{""amir"": 0.0, ""anfer"": 0.0}",0.0,0.0,9041.0
021_04_sy2014_ic2_dqn_seed12_50k__sy_2014_seed1,dba09881156539b3ad34cf72ea1cc08db5be74f8018a03a49e1eba481815ff7f,SY,2014,1,dqn,10000,4.0,,,,0.0,0.0,,0.0,0.0,,0.0,0.0,0.0,0.0,0,"{""amir"": 0.0, ""anfer"": 0.0}",0.0,0.0,9041.0
021_04_sy2014_ic2_dqn_seed12_50k__sy_2014_seed1,dba09881156539b3ad34cf72ea1cc08db5be74f8018a03a49e1eba481815ff7f,SY,2014,1,dqn,10000,5.0,,,,0.0,0.0,,0.0,0.0,,0.0,0.0,0.0,0.0,0,"{""amir"": 0.0, ""anfer"": 0.0}",0.0,0.0,9041.0
021_04_sy2014_ic2_dqn_seed12_50k__sy_2014_seed1,dba09881156539b3ad34cf72ea1cc08db5be74f8018a03a49e1eba481815ff7f,SY,2014,1,dqn,10000,6.0,,,,0.0,0.0,,0.0,0.0,,0.0,0.0,0.0,0.0,0,"{""amir"": 0.0, ""anfer"": 0.0}",0.0,0.0,9041.0
021_04_sy2014_ic2_dqn_seed12_50k__sy_2014_seed1,dba09881156539b3ad34cf72ea1cc08db5be74f8018a03a49e1eba481815ff7f,SY,2014,1,dqn,10000,7.0,,,,0.0,0.0,,0.0,0.0,,0.0,0.0,0.0,0.0,0,"{""amir"": 0.0, ""anfer"": 0.0}",0.0,0.0,9041.0
021_04_sy2014_ic2_dqn_seed12_50k__sy_2014_seed1,dba09881156539b3ad34cf72ea1cc08db5be74f8018a03a49e1eba481815ff7f,SY,2014,1,dqn,10000,8.0,,,,0.0,0.0,,0.0,0.0,,0.0,0.0,0.0,0.0,0,"{""amir"": 0.0, ""anfer"": 0.0}",0.0,0.0,9041.0
021_04_sy2014_ic2_dqn_seed12_50k__sy_2014_seed1,dba09881156539b3ad34cf72ea1cc08db5be74f8018a03a49e1eba481815ff7f,SY,2014,1,dqn,10000,9.0,,,,0.0,0.0,,0.0,0.0,,0.0,0.0,0.0,0.0,0,"{""amir"": 0.0, ""anfer"": 0.0}",0.0,0.0,9041.0
021_04_sy2014_ic2_dqn_seed12_50k__sy_2014_seed1,dba09881156539b3ad34cf72ea1cc08db5be74f8018a03a49e1eba481815ff7f,SY,2014,1,dqn,10000,10.0,,,,19.200000762939453,0.0,,0.0,0.0121910572052001,,0.0,0.0,0.0,0.0,0,"{""amir"": 0.0, ""anfer"": 0.0}",0.0,0.0,9041.0
021_04_sy2014_ic2_dqn_seed12_50k__sy_2014_seed1,dba09881156539b3ad34cf72ea1cc08db5be74f8018a03a49e1eba481815ff7f,SY,2014,1,dqn,10000,11.0,,,,19.200000762939453,0.0,,0.0,0.011216402053833,,0.0,0.0,0.0,0.0,0,"{""amir"": 0.0, ""anfer"": 0.0}",0.0,0.0,9041.0
021_04_sy2014_ic2_dqn_seed12_50k__sy_2014_seed1,dba09881156539b3ad34cf72ea1cc08db5be74f8018a03a49e1eba481815ff7f,SY,2014,1,dqn,10000,12.0,,,,19.200000762939453,0.0,,0.0,0.0090978145599365,,0.0,0.0,0.0,0.0,0,"{""amir"": 0.0, ""anfer"": 0.0}",0.0,0.0,9041.0
021_04_sy2014_ic2_dqn_seed12_50k__sy_2014_seed1,dba09881156539b3ad34cf72ea1cc08db5be74f8018a03a49e1eba481815ff7f,SY,2014,1,dqn,10000,13.0,,,,19.200000762939453,0.0,,0.0,0.0069259405136108,,0.0,0.0,0.0,0.0,0,"{""amir"": 0.0, ""anfer"": 0.0}",0.0,0.0,9041.0
021_04_sy2014_ic2_dqn_seed12_50k__sy_2014_seed1,dba09881156539b3ad34cf72ea1cc08db5be74f8018a03a49e1eba481815ff7f,SY,2014,1,dqn,10000,14.0,,,,19.200000762939453,0.0,,0.0,0.006073772907257,,0.0,0.0,0.0,0.0,0,"{""amir"": 0.0, ""anfer"": 0.0}",0.0,0.0,9041.0
021_04_sy2014_ic2_dqn_seed12_50k__sy_2014_seed1,dba09881156539b3ad34cf72ea1cc08db5be74f8018a03a49e1eba481815ff7f,SY,2014,1,dqn,10000,15.0,,,,19.200000762939453,0.0,,0.0,0.0052758455276489,,0.0,0.0,0.0,0.0,0,"{""amir"": 0.0, ""anfer"": 0.0}",0.0,0.0,9041.0
021_04_sy2014_ic2_dqn_seed12_50k__sy_2014_seed1,dba09881156539b3ad34cf72ea1cc08db5be74f8018a03a49e1eba481815ff7f,SY,2014,1,dqn,10000,16.0,,,,19.200000762939453,0.0,,0.0,0.0030127763748168,,0.0,0.0,0.0,0.0,0,"{""amir"": 0.0, ""anfer"": 0.0}",0.0,0.0,9041.0
021_04_sy2014_ic2_dqn_seed12_50k__sy_2014_seed1,dba09881156539b3ad34cf72ea1cc08db5be74f8018a03a49e1eba481815ff7f,SY,2014,1,dqn,10000,17.0,,,,19.200000762939453,0.0,,0.0,0.0017459988594055,,0.0,0.0,0.0,0.0,0,"{""amir"": 0.0, ""anfer"": 0.0}",0.0,0.0,9041.0
021_04_sy2014_ic2_dqn_seed12_50k__sy_2014_seed1,dba09881156539b3ad34cf72ea1cc08db5be74f8018a03a49e1eba481815ff7f,SY,2014,1,dqn,10000,18.0,,,,19.200000762939453,0.0,,0.0,0.0,,0.0,0.0,0.0,0.0,0,"{""amir"": 0.0, ""anfer"": 0.0}",0.0,0.0,9041.0
021_04_sy2014_ic2_dqn_seed12_50k__sy_2014_seed1,dba09881156539b3ad34cf72ea1cc08db5be74f8018a03a49e1eba481815ff7f,SY,2014,1,dqn,10000,19.0,,,,19.200000762939453,0.0,,0.0,0.0,,0.0,0.0,0.0,0.0,0,"{""amir"": 0.0, ""anfer"": 0.0}",0.0,0.0,9041.0
021_04_sy2014_ic2_dqn_seed12_50k__sy_2014_seed1,dba09881156539b3ad34cf72ea1cc08db5be74f8018a03a49e1eba481815ff7f,SY,2014,1,dqn,10000,20.0,,,,19.200000762939453,0.0,,0.0,0.0,,0.0,0.0,0.0,0.0,0,"{""amir"": 0.0, ""anfer"": 0.0}",0.0,0.0,9041.0
021_04_sy2014_ic2_dqn_seed12_50k__sy_2014_seed1,dba09881156539b3ad34cf72ea1cc08db5be74f8018a03a49e1eba481815ff7f,SY,2014,1,dqn,10000,21.0,,,,19.200000762939453,0.0,,0.0,0.0,,0.0,0.0,0.0,0.0,0,"{""amir"": 0.0, ""anfer"": 0.0}",0.0,0.0,9041.0
021_04_sy2014_ic2_dqn_seed12_50k__sy_2014_seed1,dba09881156539b3ad34cf72ea1cc08db5be74f8018a03a49e1eba481815ff7f,SY,2014,1,dqn,10000,22.0,,,,19.200000762939453,0.0,,0.0,0.0,,0.0,0.0,0.0,0.0,0,"{""amir"": 0.0, ""anfer"": 0.0}",0.0,0.0,9041.0
021_04_sy2014_ic2_dqn_seed12_50k__sy_2014_seed1,dba09881156539b3ad34cf72ea1cc08db5be74f8018a03a49e1eba481815ff7f,SY,2014,1,dqn,10000,23.0,,,,19.200000762939453,0.0,,0.0,0.0,,0.0,0.0,0.0,0.0,0,"{""amir"": 0.0, ""anfer"": 0.0}",0.0,0.0,9041.0
021_04_sy2014_ic2_dqn_seed12_50k__sy_2014_seed1,dba09881156539b3ad34cf72ea1cc08db5be74f8018a03a49e1eba481815ff7f,SY,2014,1,dqn,10000,24.0,,,,19.200000762939453,0.0,,0.0,0.0,,0.0,0.0,0.0,0.0,0,"{""amir"": 0.0, ""anfer"": 0.0}",0.0,0.0,9041.0
021_04_sy2014_ic2_dqn_seed12_50k__sy_2014_seed1,dba09881156539b3ad34cf72ea1cc08db5be74f8018a03a49e1eba481815ff7f,SY,2014,1,dqn,10000,25.0,,,,19.200000762939453,0.0,,0.0,0.0,,0.0,0.0,0.0,0.0,0,"{""amir"": 0.0, ""anfer"": 0.0}",0.0,0.0,9041.0
021_04_sy2014_ic2_dqn_seed12_50k__sy_2014_seed1,dba09881156539b3ad34cf72ea1cc08db5be74f8018a03a49e1eba481815ff7f,SY,2014,1,dqn,10000,26.0,,,,21.344969272613525,0.0,,0.0,0.0,,0.0,0.0,0.0,0.0,0,"{""amir"": 0.0, ""anfer"": 0.0}",0.0,0.0,9041.0
021_04_sy2014_ic2_dqn_seed12_50k__sy_2014_seed1,dba09881156539b3ad34cf72ea1cc08db5be74f8018a03a49e1eba481815ff7f,SY,2014,1,dqn,10000,27.0,,,,24.753751754760746,0.0,,0.0,0.0,,0.0,0.0,0.0,0.0,0,"{""amir"": 0.0, ""anfer"": 0.0}",0.0,0.0,9041.0
021_04_sy2014_ic2_dqn_seed12_50k__sy_2014_seed1,dba09881156539b3ad34cf72ea1cc08db5be74f8018a03a49e1eba481815ff7f,SY,2014,1,dqn,10000,28.0,,,,29.73308563232422,0.0,,0.0,0.0,,0.0,0.0,0.0,0.0,0,"{""amir"": 0.0, ""anfer"": 0.0}",0.0,0.0,9041.0
021_04_sy2014_ic2_dqn_seed12_50k__sy_2014_seed1,dba09881156539b3ad34cf72ea1cc08db5be74f8018a03a49e1eba481815ff7f,SY,2014,1,dqn,10000,29.0,,,,33.97267818450928,0.0,,0.0,0.0,,0.0,0.0,0.0,0.0,0,"{""amir"": 0.0, ""anfer"": 0.0}",0.0,0.0,9041.0
021_04_sy2014_ic2_dqn_seed12_50k__sy_2014_seed1,dba09881156539b3ad34cf72ea1cc08db5be74f8018a03a49e1eba481815ff7f,SY,2014,1,dqn,10000,30.0,,,,37.713940143585205,0.0,,0.0,0.0,,0.0,0.0,0.0,0.0,0,"{""amir"": 0.0, ""anfer"": 0.0}",0.0,0.0,9041.0
021_04_sy2014_ic2_dqn_seed12_50k__sy_2014_seed1,dba09881156539b3ad34cf72ea1cc08db5be74f8018a03a49e1eba481815ff7f,SY,2014,1,dqn,10000,31.0,,,,45.03967761993408,0.0,,0.0,0.0,,0.0,0.0,0.0,0.0,0,"{""amir"": 0.0, ""anfer"": 0.0}",0.0,0.0,9041.0
021_04_sy2014_ic2_dqn_seed12_50k__sy_2014_seed1,dba09881156539b3ad34cf72ea1cc08db5be74f8018a03a49e1eba481815ff7f,SY,2014,1,dqn,10000,32.0,,,,52.25168704986572,0.0,,0.0,0.0,,0.0,0.0,0.0,0.0,0,"{""amir"": 0.0, ""anfer"": 0.0}",0.0,0.0,9041.0
021_04_sy2014_ic2_dqn_seed12_50k__sy_2014_seed1,dba09881156539b3ad34cf72ea1cc08db5be74f8018a03a49e1eba481815ff7f,SY,2014,1,dqn,10000,33.0,,,,62.70843029022217,0.0,,0.0,0.0,,0.0,0.0,0.0,0.0,0,"{""amir"": 0.0, ""anfer"": 0.0}",0.0,0.0,9041.0
021_04_sy2014_ic2_dqn_seed12_50k__sy_2014_seed1,dba09881156539b3ad34cf72ea1cc08db5be74f8018a03a49e1eba481815ff7f,SY,2014,1,dqn,10000,34.0,,,,71.75473690032959,0.0,,0.0,0.0,,0.0,0.0,0.0,0.0,0,"{""amir"": 0.0, ""anfer"": 0.0}",0.0,0.0,9041.0
021_04_sy2014_ic2_dqn_seed12_50k__sy_2014_seed1,dba09881156539b3ad34cf72ea1cc08db5be74f8018a03a49e1eba481815ff7f,SY,2014,1,dqn,10000,35.0,,,,74.65672969818115,0.0,,0.0,0.0,,0.0,0.0,0.0,0.0,0,"{""amir"": 0.0, ""anfer"": 0.0}",0.0,0.0,9041.0
021_04_sy2014_ic2_dqn_seed12_50k__sy_2014_seed1,dba09881156539b3ad34cf72ea1cc08db5be74f8018a03a49e1eba481815ff7f,SY,2014,1,dqn,10000,36.0,,,,87.41036415100098,0.0,,0.0,0.0017406940460205,,0.0,0.0,0.0,0.0,0,"{""amir"": 0.0, ""anfer"": 0.0}",0.0,0.0,9041.0
021_04_sy2014_ic2_dqn_seed12_50k__sy_2014_seed1,dba09881156539b3ad34cf72ea1cc08db5be74f8018a03a49e1eba481815ff7f,SY,2014,1,dqn,10000,37.0,,,,103.39940071105956,0.0,,0.0,0.0,,0.0,0.0,0.0,0.0,0,"{""amir"": 0.0, ""anfer"": 0.0}",0.0,0.0,9041.0
021_04_sy2014_ic2_dqn_seed12_50k__sy_2014_seed1,dba09881156539b3ad34cf72ea1cc08db5be74f8018a03a49e1eba481815ff7f,SY,2014,1,dqn,10000,38.0,,,,123.37764739990234,0.0,,0.0,0.0,,0.0,0.0,0.0,0.0,0,"{""amir"": 0.0, ""anfer"": 0.0}",0.0,0.0,9041.0
021_04_sy2014_ic2_dqn_seed12_50k__sy_2014_seed1,dba09881156539b3ad34cf72ea1cc08db5be74f8018a03a49e1eba481815ff7f,SY,2014,1,dqn,10000,39.0,,,,148.9447784423828,0.0,,0.0,0.0,,0.0,0.0,0.0,0.0,0,"{""amir"": 0.0, ""anfer"": 0.0}",0.0,0.0,9041.0
021_04_sy2014_ic2_dqn_seed12_50k__sy_2014_seed1,dba09881156539b3ad34cf72ea1cc08db5be74f8018a03a49e1eba481815ff7f,SY,2014,1,dqn,10000,40.0,,,,178.76474380493164,0.0,,0.0,0.0,,0.0,0.0,0.0,0.0,0,"{""amir"": 0.0, ""anfer"": 0.0}",0.0,0.0,9041.0
021_04_sy2014_ic2_dqn_seed12_50k__sy_2014_seed1,dba09881156539b3ad34cf72ea1cc08db5be74f8018a03a49e1eba481815ff7f,SY,2014,1,dqn,10000,41.0,,,,216.6964530944824,0.0,,0.0,0.0,,0.0,0.0,0.0,0.0,0,"{""amir"": 0.0, ""anfer"": 0.0}",0.0,0.0,9041.0
021_04_sy2014_ic2_dqn_seed12_50k__sy_2014_seed1,dba09881156539b3ad34cf72ea1cc08db5be74f8018a03a49e1eba481815ff7f,SY,2014,1,dqn,10000,42.0,,,,254.9726104736328,0.0,,0.0,0.0,,0.0,0.0,0.0,0.0,0,"{""amir"": 0.0, ""anfer"": 0.0}",0.0,0.0,9041.0
021_04_sy2014_ic2_dqn_seed12_50k__sy_2014_seed1,dba09881156539b3ad34cf72ea1cc08db5be74f8018a03a49e1eba481815ff7f,SY,2014,1,dqn,10000,43.0,,,,290.72134017944336,0.0,,0.0,0.0,,0.0,0.0,0.0,0.0,0,"{""amir"": 0.0, ""anfer"": 0.0}",0.0,0.0,9041.0
021_04_sy2014_ic2_dqn_seed12_50k__sy_2014_seed1,dba09881156539b3ad34cf72ea1cc08db5be74f8018a03a49e1eba481815ff7f,SY,2014,1,dqn,10000,44.0,,,,331.7587280273437,0.0,,0.0,0.0,,0.0,0.0,0.0,0.0,0,"{""amir"": 0.0, ""anfer"": 0.0}",0.0,0.0,9041.0
021_04_sy2014_ic2_dqn_seed12_50k__sy_2014_seed1,dba09881156539b3ad34cf72ea1cc08db5be74f8018a03a49e1eba481815ff7f,SY,2014,1,dqn,10000,45.0,,,,379.79591369628906,0.0,,0.0,0.0,,0.0,0.0,0.0,0.0,0,"{""amir"": 0.0, ""anfer"": 0.0}",0.0,0.0,9041.0
021_04_sy2014_ic2_dqn_seed12_50k__sy_2014_seed1,dba09881156539b3ad34cf72ea1cc08db5be74f8018a03a49e1eba481815ff7f,SY,2014,1,dqn,10000,46.0,,,,434.5947647094727,0.0,,0.0,0.0,,0.0,0.0,0.0,0.0,0,"{""amir"": 0.0, ""anfer"": 0.0}",0.0,0.0,9041.0
021_04_sy2014_ic2_dqn_seed12_50k__sy_2014_seed1,dba09881156539b3ad34cf72ea1cc08db5be74f8018a03a49e1eba481815ff7f,SY,2014,1,dqn,10000,47.0,,,,484.5530700683594,0.0,,0.0,0.0,,0.0,0.0,0.0,0.0,0,"{""amir"": 0.0, ""anfer"": 0.0}",0.0,0.0,9041.0
021_04_sy2014_ic2_dqn_seed12_50k__sy_2014_seed1,dba09881156539b3ad34cf72ea1cc08db5be74f8018a03a49e1eba481815ff7f,SY,2014,1,dqn,10000,48.0,,,,528.6686706542969,0.0,,0.0,0.0,,0.0,0.0,0.0,0.0,0,"{""amir"": 0.0, ""anfer"": 0.0}",0.0,0.0,9041.0
021_04_sy2014_ic2_dqn_seed12_50k__sy_2014_seed1,dba09881156539b3ad34cf72ea1cc08db5be74f8018a03a49e1eba481815ff7f,SY,2014,1,dqn,10000,49.0,,,,574.9260330200195,0.0,,0.0,0.0,,0.0,0.0,0.0,0.0,0,"{""amir"": 0.0, ""anfer"": 0.0}",0.0,0.0,9041.0
021_04_sy2014_ic2_dqn_seed12_50k__sy_2014_seed1,dba09881156539b3ad34cf72ea1cc08db5be74f8018a03a49e1eba481815ff7f,SY,2014,1,dqn,10000,50.0,,,,634.3387985229492,0.0,,0.0,0.0,,0.0,0.0,0.0,0.0,0,"{""amir"": 0.0, ""anfer"": 0.0}",0.0,0.0,9041.0
021_04_sy2014_ic2_dqn_seed12_50k__sy_2014_seed1,dba09881156539b3ad34cf72ea1cc08db5be74f8018a03a49e1eba481815ff7f,SY,2014,1,dqn,10000,51.0,,,,697.6332092285156,0.0,,0.0,0.0,,0.0,0.0,0.0,0.0,0,"{""amir"": 0.0, ""anfer"": 0.0}",0.0,0.0,9041.0
021_04_sy2014_ic2_dqn_seed12_50k__sy_2014_seed1,dba09881156539b3ad34cf72ea1cc08db5be74f8018a03a49e1eba481815ff7f,SY,2014,1,dqn,10000,52.0,,,,756.484375,0.0,,0.0,0.0,,0.0,0.0,0.0,0.0,0,"{""amir"": 0.0, ""anfer"": 0.0}",0.0,0.0,9041.0
021_04_sy2014_ic2_dqn_seed12_50k__sy_2014_seed1,dba09881156539b3ad34cf72ea1cc08db5be74f8018a03a49e1eba481815ff7f,SY,2014,1,dqn,10000,53.0,,,,825.2777099609375,0.0,,0.0,0.0,,0.0,0.0,0.0,0.0,0,"{""amir"": 0.0, ""anfer"": 0.0}",0.0,0.0,9041.0
021_04_sy2014_ic2_dqn_seed12_50k__sy_2014_seed1,dba09881156539b3ad34cf72ea1cc08db5be74f8018a03a49e1eba481815ff7f,SY,2014,1,dqn,10000,54.0,,,,900.40771484375,0.0,,0.0,0.0,,0.0,0.0,0.0,0.0,0,"{""amir"": 0.0, ""anfer"": 0.0}",0.0,0.0,9041.0
021_04_sy2014_ic2_dqn_seed12_50k__sy_2014_seed1,dba09881156539b3ad34cf72ea1cc08db5be74f8018a03a49e1eba481815ff7f,SY,2014,1,dqn,10000,55.0,,,,983.9599609375,0.0,,0.0,0.0,,0.0,0.0,0.0,0.0,0,"{""amir"": 0.0, ""anfer"": 0.0}",0.0,0.0,9041.0
021_04_sy2014_ic2_dqn_seed12_50k__sy_2014_seed1,dba09881156539b3ad34cf72ea1cc08db5be74f8018a03a49e1eba481815ff7f,SY,2014,1,dqn,10000,56.0,,,,1089.1144561767578,0.0,,0.0,0.0,,0.0,0.0,0.0,0.0,0,"{""amir"": 0.0, ""anfer"": 0.0}",0.0,0.0,9041.0
021_04_sy2014_ic2_dqn_seed12_50k__sy_2014_seed1,dba09881156539b3ad34cf72ea1cc08db5be74f8018a03a49e1eba481815ff7f,SY,2014,1,dqn,10000,57.0,,,,1195.4468536376953,0.0,,0.0,0.0,,0.0,0.0,0.0,0.0,0,"{""amir"": 0.0, ""anfer"": 0.0}",0.0,0.0,9041.0
021_04_sy2014_ic2_dqn_seed12_50k__sy_2014_seed1,dba09881156539b3ad34cf72ea1cc08db5be74f8018a03a49e1eba481815ff7f,SY,2014,1,dqn,10000,58.0,,,,1295.7649230957031,0.0,,0.0,0.0,,0.0,0.0,0.0,0.0,0,"{""amir"": 0.0, ""anfer"": 0.0}",0.0,0.0,9041.0
021_04_sy2014_ic2_dqn_seed12_50k__sy_2014_seed1,dba09881156539b3ad34cf72ea1cc08db5be74f8018a03a49e1eba481815ff7f,SY,2014,1,dqn,10000,59.0,,,,1383.7161254882812,0.0,,0.0,0.0,,0.0,0.0,0.0,0.0,0,"{""amir"": 0.0, ""anfer"": 0.0}",0.0,0.0,9041.0
021_04_sy2014_ic2_dqn_seed12_50k__sy_2014_seed1,dba09881156539b3ad34cf72ea1cc08db5be74f8018a03a49e1eba481815ff7f,SY,2014,1,dqn,10000,60.0,,,,1484.290008544922,0.0,,0.0,0.0,,0.0,0.0,0.0,0.0,0,"{""amir"": 0.0, ""anfer"": 0.0}",0.0,0.0,9041.0
021_04_sy2014_ic2_dqn_seed12_50k__sy_2014_seed1,dba09881156539b3ad34cf72ea1cc08db5be74f8018a03a49e1eba481815ff7f,SY,2014,1,dqn,10000,61.0,,,,1592.70751953125,0.0,,0.0,0.0,,0.0,0.0,0.0,0.0,0,"{""amir"": 0.0, ""anfer"": 0.0}",0.0,0.0,9041.0
021_04_sy2014_ic2_dqn_seed12_50k__sy_2014_seed1,dba09881156539b3ad34cf72ea1cc08db5be74f8018a03a49e1eba481815ff7f,SY,2014,1,dqn,10000,62.0,,,,1710.9112548828125,0.0,,0.0,0.0,,0.0,0.0,0.0,0.0,0,"{""amir"": 0.0, ""anfer"": 0.0}",0.0,0.0,9041.0
021_04_sy2014_ic2_dqn_seed12_50k__sy_2014_seed1,dba09881156539b3ad34cf72ea1cc08db5be74f8018a03a49e1eba481815ff7f,SY,2014,1,dqn,10000,63.0,,,,1825.2359008789065,0.0,,0.0,0.0,,0.0,0.0,0.0,0.0,0,"{""amir"": 0.0, ""anfer"": 0.0}",0.0,0.0,9041.0
021_04_sy2014_ic2_dqn_seed12_50k__sy_2014_seed1,dba09881156539b3ad34cf72ea1cc08db5be74f8018a03a49e1eba481815ff7f,SY,2014,1,dqn,10000,64.0,,,,1949.4239807128904,0.0,,0.0,0.0,,0.0,0.0,0.0,0.0,0,"{""amir"": 0.0, ""anfer"": 0.0}",0.0,0.0,9041.0
021_04_sy2014_ic2_dqn_seed12_50k__sy_2014_seed1,dba09881156539b3ad34cf72ea1cc08db5be74f8018a03a49e1eba481815ff7f,SY,2014,1,dqn,10000,65.0,,,,2083.9894104003906,0.0,,0.0,0.0207860469818115,,0.0,0.0,0.0,0.0,0,"{""amir"": 0.0, ""anfer"": 0.0}",0.0,0.0,9041.0
021_04_sy2014_ic2_dqn_seed12_50k__sy_2014_seed1,dba09881156539b3ad34cf72ea1cc08db5be74f8018a03a49e1eba481815ff7f,SY,2014,1,dqn,10000,66.0,,,,2230.03662109375,0.0,,0.0,0.0450993180274963,,0.0,0.0,0.0,0.0,0,"{""amir"": 0.0, ""anfer"": 0.0}",0.0,0.0,9041.0
021_04_sy2014_ic2_dqn_seed12_50k__sy_2014_seed1,dba09881156539b3ad34cf72ea1cc08db5be74f8018a03a49e1eba481815ff7f,SY,2014,1,dqn,10000,67.0,,,,2352.093505859375,0.0,,0.0,0.0683484077453613,,0.0,0.0,0.0,0.0,0,"{""amir"": 0.0, ""anfer"": 0.0}",0.0,0.0,9041.0
021_04_sy2014_ic2_dqn_seed12_50k__sy_2014_seed1,dba09881156539b3ad34cf72ea1cc08db5be74f8018a03a49e1eba481815ff7f,SY,2014,1,dqn,10000,68.0,,,,2468.408660888672,0.0,,0.0,0.0903395414352417,,0.0,0.0,0.0,0.0,0,"{""amir"": 0.0, ""anfer"": 0.0}",0.0,0.0,9041.0
021_04_sy2014_ic2_dqn_seed12_50k__sy_2014_seed1,dba09881156539b3ad34cf72ea1cc08db5be74f8018a03a49e1eba481815ff7f,SY,2014,1,dqn,10000,69.0,,,,2581.533508300781,0.0,,0.0,0.1055159568786621,,0.0,0.0,0.0,0.0,0,"{""amir"": 0.0, ""anfer"": 0.0}",0.0,0.0,9041.0
021_04_sy2014_ic2_dqn_seed12_50k__sy_2014_seed1,dba09881156539b3ad34cf72ea1cc08db5be74f8018a03a49e1eba481815ff7f,SY,2014,1,dqn,10000,70.0,,,,2711.787414550781,0.0,,0.0,0.1178019046783447,,0.0,0.0,0.0,0.0,0,"{""amir"": 0.0, ""anfer"": 0.0}",0.0,0.0,9041.0
021_04_sy2014_ic2_dqn_seed12_50k__sy_2014_seed1,dba09881156539b3ad34cf72ea1cc08db5be74f8018a03a49e1eba481815ff7f,SY,2014,1,dqn,10000,71.0,,,,2858.5064697265625,0.0,,0.0,0.1279278993606567,,0.0,0.0,0.0,0.0,0,"{""amir"": 0.0, ""anfer"": 0.0}",0.0,0.0,9041.0
021_04_sy2014_ic2_dqn_seed12_50k__sy_2014_seed1,dba09881156539b3ad34cf72ea1cc08db5be74f8018a03a49e1eba481815ff7f,SY,2014,1,dqn,10000,72.0,,,,3007.1365356445312,0.0,,0.0,0.1395850777626037,,0.0,0.0,0.0,0.0,0,"{""amir"": 0.0, ""anfer"": 0.0}",0.0,0.0,9041.0
021_04_sy2014_ic2_dqn_seed12_50k__sy_2014_seed1,dba09881156539b3ad34cf72ea1cc08db5be74f8018a03a49e1eba481815ff7f,SY,2014,1,dqn,10000,73.0,,,,3295.130920410156,0.0,,0.0,0.151700735092163,,0.0,0.0,0.0,0.0,0,"{""amir"": 0.0, ""anfer"": 0.0}",0.0,0.0,9041.0
021_04_sy2014_ic2_dqn_seed12_50k__sy_2014_seed1,dba09881156539b3ad34cf72ea1cc08db5be74f8018a03a49e1eba481815ff7f,SY,2014,1,dqn,10000,74.0,,,,3468.5317993164062,0.0,,0.0,0.1622416973114013,,0.0,0.0,0.0,0.0,0,"{""amir"": 0.0, ""anfer"": 0.0}",0.0,0.0,9041.0
021_04_sy2014_ic2_dqn_seed12_50k__sy_2014_seed1,dba09881156539b3ad34cf72ea1cc08db5be74f8018a03a49e1eba481815ff7f,SY,2014,1,dqn,10000,75.0,,,,3618.790893554688,0.0,,0.0,0.1850702762603759,,0.0,0.0,0.0,0.0,0,"{""amir"": 0.0, ""anfer"": 0.0}",0.0,0.0,9041.0
021_04_sy2014_ic2_dqn_seed12_50k__sy_2014_seed1,dba09881156539b3ad34cf72ea1cc08db5be74f8018a03a49e1eba481815ff7f,SY,2014,1,dqn,10000,76.0,,,,3750.98876953125,0.0,,0.0,0.193942129611969,,0.0,0.0,0.0,0.0,0,"{""amir"": 0.0, ""anfer"": 0.0}",0.0,0.0,9041.0
021_04_sy2014_ic2_dqn_seed12_50k__sy_2014_seed1,dba09881156539b3ad34cf72ea1cc08db5be74f8018a03a49e1eba481815ff7f,SY,2014,1,dqn,10000,77.0,,,,3869.3011474609375,0.0,,0.0,0.199248194694519,,0.0,0.0,0.0,0.0,0,"{""amir"": 0.0, ""anfer"": 0.0}",0.0,0.0,9041.0
021_04_sy2014_ic2_dqn_seed12_50k__sy_2014_seed1,dba09881156539b3ad34cf72ea1cc08db5be74f8018a03a49e1eba481815ff7f,SY,2014,1,dqn,10000,78.0,,,,3980.799865722656,0.0,,0.0,0.2072367072105407,,0.0,0.0,0.0,0.0,0,"{""amir"": 0.0, ""anfer"": 0.0}",0.0,0.0,9041.0
021_04_sy2014_ic2_dqn_seed12_50k__sy_2014_seed1,dba09881156539b3ad34cf72ea1cc08db5be74f8018a03a49e1eba481815ff7f,SY,2014,1,dqn,10000,79.0,,,,4085.190124511719,0.0,,0.0,0.2129586338996887,,0.0,0.0,0.0,0.0,0,"{""amir"": 0.0, ""anfer"": 0.0}",0.0,0.0,9041.0
021_04_sy2014_ic2_dqn_seed12_50k__sy_2014_seed1,dba09881156539b3ad34cf72ea1cc08db5be74f8018a03a49e1eba481815ff7f,SY,2014,1,dqn,10000,80.0,,,,4193.335571289063,0.0,,0.0,0.2153649926185608,,0.0,0.0,0.0,0.0,0,"{""amir"": 0.0, ""anfer"": 0.0}",0.0,0.0,9041.0
021_04_sy2014_ic2_dqn_seed12_50k__sy_2014_seed1,dba09881156539b3ad34cf72ea1cc08db5be74f8018a03a49e1eba481815ff7f,SY,2014,1,dqn,10000,81.0,,,,4284.2364501953125,0.0,,0.0,0.2190966010093689,,0.0,0.0,0.0,0.0,0,"{""amir"": 0.0, ""anfer"": 0.0}",0.0,0.0,9041.0
021_04_sy2014_ic2_dqn_seed12_50k__sy_2014_seed1,dba09881156539b3ad34cf72ea1cc08db5be74f8018a03a49e1eba481815ff7f,SY,2014,1,dqn,10000,82.0,,,,4376.9134521484375,0.0,,0.0,0.2203364968299865,,0.0,0.0,0.0,0.0,0,"{""amir"": 0.0, ""anfer"": 0.0}",0.0,0.0,9041.0
021_04_sy2014_ic2_dqn_seed12_50k__sy_2014_seed1,dba09881156539b3ad34cf72ea1cc08db5be74f8018a03a49e1eba481815ff7f,SY,2014,1,dqn,10000,83.0,,,,4468.602294921875,0.0,,0.0,0.2192417979240417,,0.0,0.0,0.0,0.0,0,"{""amir"": 0.0, ""anfer"": 0.0}",0.0,0.0,9041.0
021_04_sy2014_ic2_dqn_seed12_50k__sy_2014_seed1,dba09881156539b3ad34cf72ea1cc08db5be74f8018a03a49e1eba481815ff7f,SY,2014,1,dqn,10000,84.0,,,,4563.6083984375,0.0,,0.0,0.2172316908836364,,0.0,0.0,0.0,0.0,0,"{""amir"": 0.0, ""anfer"": 0.0}",0.0,0.0,9041.0
021_04_sy2014_ic2_dqn_seed12_50k__sy_2014_seed1,dba09881156539b3ad34cf72ea1cc08db5be74f8018a03a49e1eba481815ff7f,SY,2014,1,dqn,10000,85.0,,,,4669.2291259765625,0.0,,0.0,0.2127729654312133,,0.0,0.0,0.0,0.0,0,"{""amir"": 0.0, ""anfer"": 0.0}",0.0,0.0,9041.0
021_04_sy2014_ic2_dqn_seed12_50k__sy_2014_seed1,dba09881156539b3ad34cf72ea1cc08db5be74f8018a03a49e1eba481815ff7f,SY,2014,1,dqn,10000,86.0,,,,4779.831237792969,0.0,,0.0,0.2055679559707641,,0.0,0.0,0.0,0.0,0,"{""amir"": 0.0, ""anfer"": 0.0}",0.0,0.0,9041.0
021_04_sy2014_ic2_dqn_seed12_50k__sy_2014_seed1,dba09881156539b3ad34cf72ea1cc08db5be74f8018a03a49e1eba481815ff7f,SY,2014,1,dqn,10000,87.0,,,,4879.786682128906,0.0,,0.0,0.2063058018684387,,0.0,0.0,0.0,0.0,0,"{""amir"": 0.0, ""anfer"": 0.0}",0.0,0.0,9041.0
021_04_sy2014_ic2_dqn_seed12_50k__sy_2014_seed1,dba09881156539b3ad34cf72ea1cc08db5be74f8018a03a49e1eba481815ff7f,SY,2014,1,dqn,10000,88.0,,,,4977.4114990234375,0.0,,0.0,0.2078858017921447,,0.0,0.0,0.0,0.0,0,"{""amir"": 0.0, ""anfer"": 0.0}",0.0,0.0,9041.0
021_04_sy2014_ic2_dqn_seed12_50k__sy_2014_seed1,dba09881156539b3ad34cf72ea1cc08db5be74f8018a03a49e1eba481815ff7f,SY,2014,1,dqn,10000,89.0,,,,5085.112609863281,0.0,,0.0,0.2074021100997924,,0.0,0.0,0.0,0.0,0,"{""amir"": 0.0, ""anfer"": 0.0}",0.0,0.0,9041.0
021_04_sy2014_ic2_dqn_seed12_50k__sy_2014_seed1,dba09881156539b3ad34cf72ea1cc08db5be74f8018a03a49e1eba481815ff7f,SY,2014,1,dqn,10000,90.0,,,,5241.3385009765625,0.0,,0.0,0.2069751024246215,,30.0,50.0,30.0,50.0,5,"{""amir"": 30.0, ""anfer"": 50.0}",-280.0,0.0,9041.0
021_04_sy2014_ic2_dqn_seed12_50k__sy_2014_seed1,dba09881156539b3ad34cf72ea1cc08db5be74f8018a03a49e1eba481815ff7f,SY,2014,1,dqn,10000,91.0,,,,5465.089111328125,0.0,,0.0,0.1526744961738586,,30.0,50.0,0.0,0.0,5,"{""amir"": 0.0, ""anfer"": 0.0}",0.0,0.0,9041.0
021_04_sy2014_ic2_dqn_seed12_50k__sy_2014_seed1,dba09881156539b3ad34cf72ea1cc08db5be74f8018a03a49e1eba481815ff7f,SY,2014,1,dqn,10000,92.0,,,,5512.857055664063,0.0,,0.0,0.0772874355316162,,30.0,50.0,0.0,0.0,5,"{""amir"": 0.0, ""anfer"": 0.0}",0.0,0.0,9041.0
021_04_sy2014_ic2_dqn_seed12_50k__sy_2014_seed1,dba09881156539b3ad34cf72ea1cc08db5be74f8018a03a49e1eba481815ff7f,SY,2014,1,dqn,10000,93.0,,,,5659.9951171875,0.0,,0.0,0.0712149739265441,,30.0,50.0,0.0,0.0,5,"{""amir"": 0.0, ""anfer"": 0.0}",0.0,0.0,9041.0
021_04_sy2014_ic2_dqn_seed12_50k__sy_2014_seed1,dba09881156539b3ad34cf72ea1cc08db5be74f8018a03a49e1eba481815ff7f,SY,2014,1,dqn,10000,94.0,,,,5910.540771484375,0.0,,0.0,0.0432818531990051,,30.0,50.0,0.0,0.0,5,"{""amir"": 0.0, ""anfer"": 0.0}",0.0,0.0,9041.0
021_04_sy2014_ic2_dqn_seed12_50k__sy_2014_seed1,dba09881156539b3ad34cf72ea1cc08db5be74f8018a03a49e1eba481815ff7f,SY,2014,1,dqn,10000,95.0,,,,6092.028198242188,0.0,,0.0,0.0160695314407348,,30.0,50.0,0.0,0.0,5,"{""amir"": 0.0, ""anfer"": 0.0}",0.0,0.0,9041.0
021_04_sy2014_ic2_dqn_seed12_50k__sy_2014_seed1,dba09881156539b3ad34cf72ea1cc08db5be74f8018a03a49e1eba481815ff7f,SY,2014,1,dqn,10000,96.0,,,,6153.942260742188,0.0,,0.0,0.0048174858093261,,30.0,50.0,0.0,0.0,5,"{""amir"": 0.0, ""anfer"": 0.0}",0.0,0.0,9041.0
021_04_sy2014_ic2_dqn_seed12_50k__sy_2014_seed1,dba09881156539b3ad34cf72ea1cc08db5be74f8018a03a49e1eba481815ff7f,SY,2014,1,dqn,10000,97.0,,,,6444.547119140625,0.0,,0.0,0.0,,60.0,100.0,30.0,50.0,5,"{""amir"": 30.0, ""anfer"": 50.0}",-280.0,0.0,9041.0
021_04_sy2014_ic2_dqn_seed12_50k__sy_2014_seed1,dba09881156539b3ad34cf72ea1cc08db5be74f8018a03a49e1eba481815ff7f,SY,2014,1,dqn,10000,98.0,,,,6729.92919921875,0.0,,0.0,0.0,,60.0,100.0,0.0,0.0,5,"{""amir"": 0.0, ""anfer"": 0.0}",0.0,0.0,9041.0
021_04_sy2014_ic2_dqn_seed12_50k__sy_2014_seed1,dba09881156539b3ad34cf72ea1cc08db5be74f8018a03a49e1eba481815ff7f,SY,2014,1,dqn,10000,99.0,,,,6976.806640625,0.0,,0.0,0.0,,60.0,100.0,0.0,0.0,5,"{""amir"": 0.0, ""anfer"": 0.0}",0.0,0.0,9041.0
021_04_sy2014_ic2_dqn_seed12_50k__sy_2014_seed1,dba09881156539b3ad34cf72ea1cc08db5be74f8018a03a49e1eba481815ff7f,SY,2014,1,dqn,10000,100.0,,,,7223.15185546875,246.345329284668,,0.0,0.0,,60.0,100.0,0.0,0.0,5,"{""amir"": 0.0, ""anfer"": 0.0}",0.0,0.0,9041.0
021_04_sy2014_ic2_dqn_seed12_50k__sy_2014_seed1,dba09881156539b3ad34cf72ea1cc08db5be74f8018a03a49e1eba481815ff7f,SY,2014,1,dqn,10000,101.0,,,,7445.7159423828125,492.690658569336,,0.0,0.0,,60.0,100.0,0.0,0.0,5,"{""amir"": 0.0, ""anfer"": 0.0}",0.0,0.0,9041.0
021_04_sy2014_ic2_dqn_seed12_50k__sy_2014_seed1,dba09881156539b3ad34cf72ea1cc08db5be74f8018a03a49e1eba481815ff7f,SY,2014,1,dqn,10000,102.0,,,,7715.842895507812,739.0359497070312,,0.0,0.0,,60.0,100.0,0.0,0.0,5,"{""amir"": 0.0, ""anfer"": 0.0}",0.0,0.0,9041.0
021_04_sy2014_ic2_dqn_seed12_50k__sy_2014_seed1,dba09881156539b3ad34cf72ea1cc08db5be74f8018a03a49e1eba481815ff7f,SY,2014,1,dqn,10000,103.0,,,,7929.855346679687,953.0484008789062,,0.0,0.0,,60.0,100.0,0.0,0.0,5,"{""amir"": 0.0, ""anfer"": 0.0}",0.0,0.0,9041.0
021_04_sy2014_ic2_dqn_seed12_50k__sy_2014_seed1,dba09881156539b3ad34cf72ea1cc08db5be74f8018a03a49e1eba481815ff7f,SY,2014,1,dqn,10000,104.0,,,,8143.867797851562,1167.0609283447266,,0.0,0.0,,90.0,150.0,30.0,50.0,5,"{""amir"": 30.0, ""anfer"": 50.0}",-280.0,0.0,9041.0
021_04_sy2014_ic2_dqn_seed12_50k__sy_2014_seed1,dba09881156539b3ad34cf72ea1cc08db5be74f8018a03a49e1eba481815ff7f,SY,2014,1,dqn,10000,105.0,,,,8380.974731445312,1404.1683959960938,,0.0,0.0,,90.0,150.0,0.0,0.0,5,"{""amir"": 0.0, ""anfer"": 0.0}",0.0,0.0,9041.0
021_04_sy2014_ic2_dqn_seed12_50k__sy_2014_seed1,dba09881156539b3ad34cf72ea1cc08db5be74f8018a03a49e1eba481815ff7f,SY,2014,1,dqn,10000,106.0,,,,8627.320556640625,1650.5136108398438,,0.0,0.0,,90.0,150.0,0.0,0.0,5,"{""amir"": 0.0, ""anfer"": 0.0}",0.0,0.0,9041.0
021_04_sy2014_ic2_dqn_seed12_50k__sy_2014_seed1,dba09881156539b3ad34cf72ea1cc08db5be74f8018a03a49e1eba481815ff7f,SY,2014,1,dqn,10000,107.0,,,,8873.665771484375,1896.8589782714844,,0.0,0.0,,90.0,150.0,0.0,0.0,5,"{""amir"": 0.0, ""anfer"": 0.0}",0.0,0.0,9041.0
021_04_sy2014_ic2_dqn_seed12_50k__sy_2014_seed1,dba09881156539b3ad34cf72ea1cc08db5be74f8018a03a49e1eba481815ff7f,SY,2014,1,dqn,10000,108.0,,,,9120.010375976562,2143.204345703125,,0.0,0.0,,90.0,150.0,0.0,0.0,5,"{""amir"": 0.0, ""anfer"": 0.0}",0.0,0.0,9041.0
021_04_sy2014_ic2_dqn_seed12_50k__sy_2014_seed1,dba09881156539b3ad34cf72ea1cc08db5be74f8018a03a49e1eba481815ff7f,SY,2014,1,dqn,10000,109.0,,,,9366.356201171877,2389.5497131347656,,0.0,0.0,,90.0,150.0,0.0,0.0,5,"{""amir"": 0.0, ""anfer"": 0.0}",0.0,0.0,9041.0
021_04_sy2014_ic2_dqn_seed12_50k__sy_2014_seed1,dba09881156539b3ad34cf72ea1cc08db5be74f8018a03a49e1eba481815ff7f,SY,2014,1,dqn,10000,110.0,,,,9612.702026367188,2635.8950805664062,,0.0,0.0,,90.0,150.0,0.0,0.0,5,"{""amir"": 0.0, ""anfer"": 0.0}",0.0,0.0,9041.0
021_04_sy2014_ic2_dqn_seed12_50k__sy_2014_seed1,dba09881156539b3ad34cf72ea1cc08db5be74f8018a03a49e1eba481815ff7f,SY,2014,1,dqn,10000,111.0,,,,9859.047241210938,2882.240295410156,,0.0,0.0,,120.0,200.0,30.0,50.0,5,"{""amir"": 30.0, ""anfer"": 50.0}",-280.0,0.0,9041.0
021_04_sy2014_ic2_dqn_seed12_50k__sy_2014_seed1,dba09881156539b3ad34cf72ea1cc08db5be74f8018a03a49e1eba481815ff7f,SY,2014,1,dqn,10000,112.0,,,,10105.391845703123,3128.5855102539062,,0.0,0.0,,120.0,200.0,0.0,0.0,5,"{""amir"": 0.0, ""anfer"": 0.0}",0.0,0.0,9041.0
021_04_sy2014_ic2_dqn_seed12_50k__sy_2014_seed1,dba09881156539b3ad34cf72ea1cc08db5be74f8018a03a49e1eba481815ff7f,SY,2014,1,dqn,10000,113.0,,,,10351.73828125,3374.931030273437,,0.0,0.0,,120.0,200.0,0.0,0.0,5,"{""amir"": 0.0, ""anfer"": 0.0}",0.0,0.0,9041.0
021_04_sy2014_ic2_dqn_seed12_50k__sy_2014_seed1,dba09881156539b3ad34cf72ea1cc08db5be74f8018a03a49e1eba481815ff7f,SY,2014,1,dqn,10000,114.0,,,,10598.08349609375,3621.276245117188,,0.0,0.0,,120.0,200.0,0.0,0.0,5,"{""amir"": 0.0, ""anfer"": 0.0}",0.0,0.0,9041.0
021_04_sy2014_ic2_dqn_seed12_50k__sy_2014_seed1,dba09881156539b3ad34cf72ea1cc08db5be74f8018a03a49e1eba481815ff7f,SY,2014,1,dqn,10000,115.0,,,,10844.4287109375,3867.621765136719,,0.0,0.0,,120.0,200.0,0.0,0.0,5,"{""amir"": 0.0, ""anfer"": 0.0}",0.0,0.0,9041.0
021_04_sy2014_ic2_dqn_seed12_50k__sy_2014_seed1,dba09881156539b3ad34cf72ea1cc08db5be74f8018a03a49e1eba481815ff7f,SY,2014,1,dqn,10000,116.0,,,,11070.26611328125,4113.966979980469,,0.0,0.0,,120.0,200.0,0.0,0.0,5,"{""amir"": 0.0, ""anfer"": 0.0}",0.0,0.0,9041.0
021_04_sy2014_ic2_dqn_seed12_50k__sy_2014_seed1,dba09881156539b3ad34cf72ea1cc08db5be74f8018a03a49e1eba481815ff7f,SY,2014,1,dqn,10000,117.0,,,,11337.119140625,4360.312194824219,,0.0,0.0,,120.0,200.0,0.0,0.0,5,"{""amir"": 0.0, ""anfer"": 0.0}",0.0,0.0,9041.0
021_04_sy2014_ic2_dqn_seed12_50k__sy_2014_seed1,dba09881156539b3ad34cf72ea1cc08db5be74f8018a03a49e1eba481815ff7f,SY,2014,1,dqn,10000,118.0,,,,11583.46435546875,4606.65771484375,,0.0,0.0,,120.0,250.0,0.0,50.0,5,"{""amir"": 0.0, ""anfer"": 50.0}",-250.0,0.0,9041.0
021_04_sy2014_ic2_dqn_seed12_50k__sy_2014_seed1,dba09881156539b3ad34cf72ea1cc08db5be74f8018a03a49e1eba481815ff7f,SY,2014,1,dqn,10000,119.0,,,,11819.130859375,4853.0029296875,,0.0,0.0,,120.0,250.0,0.0,0.0,5,"{""amir"": 0.0, ""anfer"": 0.0}",0.0,0.0,9041.0
021_04_sy2014_ic2_dqn_seed12_50k__sy_2014_seed1,dba09881156539b3ad34cf72ea1cc08db5be74f8018a03a49e1eba481815ff7f,SY,2014,1,dqn,10000,120.0,,,,12033.521728515623,5099.348449707031,,0.0,0.0,,120.0,250.0,0.0,0.0,5,"{""amir"": 0.0, ""anfer"": 0.0}",0.0,0.0,9041.0
021_04_sy2014_ic2_dqn_seed12_50k__sy_2014_seed1,dba09881156539b3ad34cf72ea1cc08db5be74f8018a03a49e1eba481815ff7f,SY,2014,1,dqn,10000,121.0,,,,12322.498779296877,5345.6939697265625,,0.0,0.0,,120.0,250.0,0.0,0.0,5,"{""amir"": 0.0, ""anfer"": 0.0}",0.0,0.0,9041.0
021_04_sy2014_ic2_dqn_seed12_50k__sy_2014_seed1,dba09881156539b3ad34cf72ea1cc08db5be74f8018a03a49e1eba481815ff7f,SY,2014,1,dqn,10000,122.0,,,,12568.8427734375,5592.0391845703125,,0.0,0.0,,120.0,250.0,0.0,0.0,5,"{""amir"": 0.0, ""anfer"": 0.0}",0.0,0.0,9041.0
021_04_sy2014_ic2_dqn_seed12_50k__sy_2014_seed1,dba09881156539b3ad34cf72ea1cc08db5be74f8018a03a49e1eba481815ff7f,SY,2014,1,dqn,10000,123.0,,,,12755.41259765625,5838.384399414063,,0.0,0.0,,120.0,250.0,0.0,0.0,5,"{""amir"": 0.0, ""anfer"": 0.0}",0.0,0.0,9041.0
021_04_sy2014_ic2_dqn_seed12_50k__sy_2014_seed1,dba09881156539b3ad34cf72ea1cc08db5be74f8018a03a49e1eba481815ff7f,SY,2014,1,dqn,10000,124.0,,,,13017.6953125,6084.7296142578125,,0.0,0.0,,120.0,250.0,0.0,0.0,5,"{""amir"": 0.0, ""anfer"": 0.0}",0.0,0.0,9041.0
021_04_sy2014_ic2_dqn_seed12_50k__sy_2014_seed1,dba09881156539b3ad34cf72ea1cc08db5be74f8018a03a49e1eba481815ff7f,SY,2014,1,dqn,10000,125.0,,,,13166.622314453123,6331.0748291015625,,0.0,0.0,,120.0,250.0,0.0,0.0,5,"{""amir"": 0.0, ""anfer"": 0.0}",0.0,0.0,9041.0
021_04_sy2014_ic2_dqn_seed12_50k__sy_2014_seed1,dba09881156539b3ad34cf72ea1cc08db5be74f8018a03a49e1eba481815ff7f,SY,2014,1,dqn,10000,126.0,,,,13376.102294921877,6577.41943359375,,0.0,0.0,,120.0,250.0,0.0,0.0,5,"{""amir"": 0.0, ""anfer"": 0.0}",0.0,0.0,9041.0
021_04_sy2014_ic2_dqn_seed12_50k__sy_2014_seed1,dba09881156539b3ad34cf72ea1cc08db5be74f8018a03a49e1eba481815ff7f,SY,2014,1,dqn,10000,127.0,,,,13495.572509765623,6823.7646484375,,0.0,0.0,,120.0,250.0,0.0,0.0,1,"{""amir"": 0.0, ""anfer"": 0.0}",0.0,0.0,9041.0
021_04_sy2014_ic2_dqn_seed12_50k__sy_2014_seed1,dba09881156539b3ad34cf72ea1cc08db5be74f8018a03a49e1eba481815ff7f,SY,2014,1,dqn,10000,128.0,,,,13806.949462890623,7070.10986328125,,0.0,0.0,,120.0,250.0,0.0,0.0,1,"{""amir"": 0.0, ""anfer"": 0.0}",0.0,0.0,9041.0
021_04_sy2014_ic2_dqn_seed12_50k__sy_2014_seed1,dba09881156539b3ad34cf72ea1cc08db5be74f8018a03a49e1eba481815ff7f,SY,2014,1,dqn,10000,129.0,,,,14110.146484375,7316.454467773437,,0.0,0.0,,120.0,250.0,0.0,0.0,1,"{""amir"": 0.0, ""anfer"": 0.0}",0.0,0.0,9041.0
021_04_sy2014_ic2_dqn_seed12_50k__sy_2014_seed1,dba09881156539b3ad34cf72ea1cc08db5be74f8018a03a49e1eba481815ff7f,SY,2014,1,dqn,10000,130.0,,,,14376.265869140623,7562.7996826171875,,0.0,0.0,,120.0,250.0,0.0,0.0,1,"{""amir"": 0.0, ""anfer"": 0.0}",0.0,0.0,9041.0
021_04_sy2014_ic2_dqn_seed12_50k__sy_2014_seed1,dba09881156539b3ad34cf72ea1cc08db5be74f8018a03a49e1eba481815ff7f,SY,2014,1,dqn,10000,131.0,,,,14643.57421875,7809.1448974609375,,0.0,0.0,,120.0,250.0,0.0,0.0,1,"{""amir"": 0.0, ""anfer"": 0.0}",0.0,0.0,9041.0
021_04_sy2014_ic2_dqn_seed12_50k__sy_2014_seed1,dba09881156539b3ad34cf72ea1cc08db5be74f8018a03a49e1eba481815ff7f,SY,2014,1,dqn,10000,132.0,,,,14939.609375,8055.489501953125,,0.0,0.0,,120.0,250.0,0.0,0.0,1,"{""amir"": 0.0, ""anfer"": 0.0}",0.0,0.0,9041.0
021_04_sy2014_ic2_dqn_seed12_50k__sy_2014_seed1,dba09881156539b3ad34cf72ea1cc08db5be74f8018a03a49e1eba481815ff7f,SY,2014,1,dqn,10000,133.0,,,,15198.759765625,8301.834716796875,,0.0,0.0,,120.0,250.0,0.0,0.0,1,"{""amir"": 0.0, ""anfer"": 0.0}",0.0,0.0,9041.0
021_04_sy2014_ic2_dqn_seed12_50k__sy_2014_seed1,dba09881156539b3ad34cf72ea1cc08db5be74f8018a03a49e1eba481815ff7f,SY,2014,1,dqn,10000,134.0,,,,15469.420166015623,8548.179321289062,,0.0,0.0,,120.0,250.0,0.0,0.0,1,"{""amir"": 0.0, ""anfer"": 0.0}",0.0,0.0,9041.0
021_04_sy2014_ic2_dqn_seed12_50k__sy_2014_seed1,dba09881156539b3ad34cf72ea1cc08db5be74f8018a03a49e1eba481815ff7f,SY,2014,1,dqn,10000,135.0,,,,15689.105224609377,8794.524536132812,,0.0,0.0,,120.0,250.0,0.0,0.0,1,"{""amir"": 0.0, ""anfer"": 0.0}",0.0,0.0,9041.0
021_04_sy2014_ic2_dqn_seed12_50k__sy_2014_seed1,dba09881156539b3ad34cf72ea1cc08db5be74f8018a03a49e1eba481815ff7f,SY,2014,1,dqn,10000,136.0,,,,15893.61083984375,9040.869750976562,,0.0,0.0,,120.0,250.0,0.0,0.0,1,"{""amir"": 0.0, ""anfer"": 0.0}",0.0,0.0,9041.0
021_04_sy2014_ic2_dqn_seed12_50k__sy_2014_seed1,dba09881156539b3ad34cf72ea1cc08db5be74f8018a03a49e1eba481815ff7f,SY,2014,1,dqn,10000,137.0,,,,15893.61083984375,9040.869750976562,,0.0,0.0,,120.0,250.0,0.0,0.0,1,"{""amir"": 0.0, ""anfer"": 0.0}",0.0,0.0,9041.0
021_04_sy2014_ic2_dqn_seed12_50k__sy_2014_seed1,dba09881156539b3ad34cf72ea1cc08db5be74f8018a03a49e1eba481815ff7f,SY,2014,1,dqn,10000,138.0,,,,15893.61083984375,9040.869750976562,,0.0,0.0,,120.0,250.0,0.0,0.0,1,"{""amir"": 0.0, ""anfer"": 0.0}",0.0,0.0,9041.0
021_04_sy2014_ic2_dqn_seed12_50k__sy_2014_seed1,dba09881156539b3ad34cf72ea1cc08db5be74f8018a03a49e1eba481815ff7f,SY,2014,1,dqn,10000,139.0,,,,15893.61083984375,9040.869750976562,,0.0,0.0,,120.0,250.0,0.0,0.0,1,"{""amir"": 0.0, ""anfer"": 0.0}",0.0,0.0,9041.0
021_04_sy2014_ic2_dqn_seed12_50k__sy_2014_seed1,dba09881156539b3ad34cf72ea1cc08db5be74f8018a03a49e1eba481815ff7f,SY,2014,1,dqn,10000,139.0,,,,15893.61083984375,9040.869750976562,,0.0,0.0,,120.0,250.0,0.0,0.0,1,"{""amir"": 0.0, ""anfer"": 0.0}",3632.8697509765625,3632.8697509765625,9041.0
021_04_sy2014_ic2_dqn_seed12_50k__sy_2014_seed1,dba09881156539b3ad34cf72ea1cc08db5be74f8018a03a49e1eba481815ff7f,SY,2014,1,dqn,15000,0.0,,,,0.0,0.0,,0.0,0.0,,0.0,0.0,0.0,0.0,4,"{""amir"": 0.0, ""anfer"": 0.0}",0.0,0.0,5408.0
021_04_sy2014_ic2_dqn_seed12_50k__sy_2014_seed1,dba09881156539b3ad34cf72ea1cc08db5be74f8018a03a49e1eba481815ff7f,SY,2014,1,dqn,15000,0.0,,,,0.0,0.0,,0.0,0.0,,0.0,0.0,0.0,0.0,5,"{""amir"": 0.0, ""anfer"": 0.0}",0.0,0.0,5408.0
021_04_sy2014_ic2_dqn_seed12_50k__sy_2014_seed1,dba09881156539b3ad34cf72ea1cc08db5be74f8018a03a49e1eba481815ff7f,SY,2014,1,dqn,15000,0.0,,,,0.0,0.0,,0.0,0.0,,0.0,0.0,0.0,0.0,1,"{""amir"": 0.0, ""anfer"": 0.0}",0.0,0.0,5408.0
021_04_sy2014_ic2_dqn_seed12_50k__sy_2014_seed1,dba09881156539b3ad34cf72ea1cc08db5be74f8018a03a49e1eba481815ff7f,SY,2014,1,dqn,15000,0.0,,,,0.0,0.0,,0.0,0.0,,0.0,0.0,0.0,0.0,7,"{""amir"": 0.0, ""anfer"": 0.0}",0.0,0.0,5408.0
021_04_sy2014_ic2_dqn_seed12_50k__sy_2014_seed1,dba09881156539b3ad34cf72ea1cc08db5be74f8018a03a49e1eba481815ff7f,SY,2014,1,dqn,15000,0.0,,,,0.0,0.0,,0.0,0.0,,0.0,0.0,0.0,0.0,5,"{""amir"": 0.0, ""anfer"": 0.0}",0.0,0.0,5408.0
021_04_sy2014_ic2_dqn_seed12_50k__sy_2014_seed1,dba09881156539b3ad34cf72ea1cc08db5be74f8018a03a49e1eba481815ff7f,SY,2014,1,dqn,15000,0.0,,,,0.0,0.0,,0.0,0.0,,0.0,0.0,0.0,0.0,7,"{""amir"": 0.0, ""anfer"": 0.0}",0.0,0.0,5408.0
021_04_sy2014_ic2_dqn_seed12_50k__sy_2014_seed1,dba09881156539b3ad34cf72ea1cc08db5be74f8018a03a49e1eba481815ff7f,SY,2014,1,dqn,15000,0.0,,,,0.0,0.0,,0.0,0.0,,0.0,0.0,0.0,0.0,5,"{""amir"": 0.0, ""anfer"": 0.0}",0.0,0.0,5408.0
021_04_sy2014_ic2_dqn_seed12_50k__sy_2014_seed1,dba09881156539b3ad34cf72ea1cc08db5be74f8018a03a49e1eba481815ff7f,SY,2014,1,dqn,15000,0.0,,,,0.0,0.0,,0.0,0.0,,0.0,0.0,0.0,0.0,5,"{""amir"": 0.0, ""anfer"": 0.0}",0.0,0.0,5408.0
021_04_sy2014_ic2_dqn_seed12_50k__sy_2014_seed1,dba09881156539b3ad34cf72ea1cc08db5be74f8018a03a49e1eba481815ff7f,SY,2014,1,dqn,15000,0.0,,,,0.0,0.0,,0.0,0.0,,0.0,0.0,0.0,0.0,0,"{""amir"": 0.0, ""anfer"": 0.0}",0.0,0.0,5408.0
021_04_sy2014_ic2_dqn_seed12_50k__sy_2014_seed1,dba09881156539b3ad34cf72ea1cc08db5be74f8018a03a49e1eba481815ff7f,SY,2014,1,dqn,15000,0.0,,,,0.0,0.0,,0.0,0.0,,0.0,0.0,0.0,0.0,1,"{""amir"": 0.0, ""anfer"": 0.0}",0.0,0.0,5408.0
021_04_sy2014_ic2_dqn_seed12_50k__sy_2014_seed1,dba09881156539b3ad34cf72ea1cc08db5be74f8018a03a49e1eba481815ff7f,SY,2014,1,dqn,15000,0.0,,,,0.0,0.0,,0.0,0.0,,0.0,0.0,0.0,0.0,5,"{""amir"": 0.0, ""anfer"": 0.0}",0.0,0.0,5408.0
021_04_sy2014_ic2_dqn_seed12_50k__sy_2014_seed1,dba09881156539b3ad34cf72ea1cc08db5be74f8018a03a49e1eba481815ff7f,SY,2014,1,dqn,15000,0.0,,,,0.0,0.0,,0.0,0.0,,0.0,0.0,0.0,0.0,5,"{""amir"": 0.0, ""anfer"": 0.0}",0.0,0.0,5408.0
021_04_sy2014_ic2_dqn_seed12_50k__sy_2014_seed1,dba09881156539b3ad34cf72ea1cc08db5be74f8018a03a49e1eba481815ff7f,SY,2014,1,dqn,15000,0.0,,,,0.0,0.0,,0.0,0.0,,0.0,0.0,0.0,0.0,0,"{""amir"": 0.0, ""anfer"": 0.0}",0.0,0.0,5408.0
021_04_sy2014_ic2_dqn_seed12_50k__sy_2014_seed1,dba09881156539b3ad34cf72ea1cc08db5be74f8018a03a49e1eba481815ff7f,SY,2014,1,dqn,15000,0.0,,,,0.0,0.0,,0.0,0.0,,0.0,0.0,0.0,0.0,0,"{""amir"": 0.0, ""anfer"": 0.0}",0.0,0.0,5408.0
021_04_sy2014_ic2_dqn_seed12_50k__sy_2014_seed1,dba09881156539b3ad34cf72ea1cc08db5be74f8018a03a49e1eba481815ff7f,SY,2014,1,dqn,15000,0.0,,,,0.0,0.0,,0.0,0.0,,0.0,0.0,0.0,0.0,0,"{""amir"": 0.0, ""anfer"": 0.0}",0.0,0.0,5408.0
021_04_sy2014_ic2_dqn_seed12_50k__sy_2014_seed1,dba09881156539b3ad34cf72ea1cc08db5be74f8018a03a49e1eba481815ff7f,SY,2014,1,dqn,15000,0.0,,,,0.0,0.0,,0.0,0.0,,0.0,0.0,0.0,0.0,5,"{""amir"": 0.0, ""anfer"": 0.0}",0.0,0.0,5408.0
021_04_sy2014_ic2_dqn_seed12_50k__sy_2014_seed1,dba09881156539b3ad34cf72ea1cc08db5be74f8018a03a49e1eba481815ff7f,SY,2014,1,dqn,15000,0.0,,,,0.0,0.0,,0.0,0.0,,0.0,0.0,0.0,0.0,5,"{""amir"": 0.0, ""anfer"": 0.0}",0.0,0.0,5408.0
021_04_sy2014_ic2_dqn_seed12_50k__sy_2014_seed1,dba09881156539b3ad34cf72ea1cc08db5be74f8018a03a49e1eba481815ff7f,SY,2014,1,dqn,15000,0.0,,,,0.0,0.0,,0.0,0.0,,0.0,0.0,0.0,0.0,0,"{""amir"": 0.0, ""anfer"": 0.0}",0.0,0.0,5408.0
021_04_sy2014_ic2_dqn_seed12_50k__sy_2014_seed1,dba09881156539b3ad34cf72ea1cc08db5be74f8018a03a49e1eba481815ff7f,SY,2014,1,dqn,15000,0.0,,,,0.0,0.0,,0.0,0.0,,0.0,0.0,0.0,0.0,5,"{""amir"": 0.0, ""anfer"": 0.0}",0.0,0.0,5408.0
021_04_sy2014_ic2_dqn_seed12_50k__sy_2014_seed1,dba09881156539b3ad34cf72ea1cc08db5be74f8018a03a49e1eba481815ff7f,SY,2014,1,dqn,15000,0.0,,,,0.0,0.0,,0.0,0.0,,0.0,0.0,0.0,0.0,5,"{""amir"": 0.0, ""anfer"": 0.0}",0.0,0.0,5408.0
021_04_sy2014_ic2_dqn_seed12_50k__sy_2014_seed1,dba09881156539b3ad34cf72ea1cc08db5be74f8018a03a49e1eba481815ff7f,SY,2014,1,dqn,15000,1.0,,,,0.0,0.0,,0.0,0.0,,0.0,0.0,0.0,0.0,5,"{""amir"": 0.0, ""anfer"": 0.0}",0.0,0.0,5408.0
021_04_sy2014_ic2_dqn_seed12_50k__sy_2014_seed1,dba09881156539b3ad34cf72ea1cc08db5be74f8018a03a49e1eba481815ff7f,SY,2014,1,dqn,15000,2.0,,,,0.0,0.0,,0.0,0.0,,0.0,0.0,0.0,0.0,0,"{""amir"": 0.0, ""anfer"": 0.0}",0.0,0.0,5408.0
021_04_sy2014_ic2_dqn_seed12_50k__sy_2014_seed1,dba09881156539b3ad34cf72ea1cc08db5be74f8018a03a49e1eba481815ff7f,SY,2014,1,dqn,15000,3.0,,,,0.0,0.0,,0.0,0.0,,0.0,0.0,0.0,0.0,0,"{""amir"": 0.0, ""anfer"": 0.0}",0.0,0.0,5408.0
021_04_sy2014_ic2_dqn_seed12_50k__sy_2014_seed1,dba09881156539b3ad34cf72ea1cc08db5be74f8018a03a49e1eba481815ff7f,SY,2014,1,dqn,15000,4.0,,,,0.0,0.0,,0.0,0.0,,0.0,0.0,0.0,0.0,0,"{""amir"": 0.0, ""anfer"": 0.0}",0.0,0.0,5408.0
021_04_sy2014_ic2_dqn_seed12_50k__sy_2014_seed1,dba09881156539b3ad34cf72ea1cc08db5be74f8018a03a49e1eba481815ff7f,SY,2014,1,dqn,15000,5.0,,,,0.0,0.0,,0.0,0.0,,0.0,0.0,0.0,0.0,0,"{""amir"": 0.0, ""anfer"": 0.0}",0.0,0.0,5408.0
021_04_sy2014_ic2_dqn_seed12_50k__sy_2014_seed1,dba09881156539b3ad34cf72ea1cc08db5be74f8018a03a49e1eba481815ff7f,SY,2014,1,dqn,15000,6.0,,,,0.0,0.0,,0.0,0.0,,0.0,0.0,0.0,0.0,0,"{""amir"": 0.0, ""anfer"": 0.0}",0.0,0.0,5408.0
021_04_sy2014_ic2_dqn_seed12_50k__sy_2014_seed1,dba09881156539b3ad34cf72ea1cc08db5be74f8018a03a49e1eba481815ff7f,SY,2014,1,dqn,15000,7.0,,,,0.0,0.0,,0.0,0.0,,0.0,0.0,0.0,0.0,0,"{""amir"": 0.0, ""anfer"": 0.0}",0.0,0.0,5408.0
021_04_sy2014_ic2_dqn_seed12_50k__sy_2014_seed1,dba09881156539b3ad34cf72ea1cc08db5be74f8018a03a49e1eba481815ff7f,SY,2014,1,dqn,15000,8.0,,,,0.0,0.0,,0.0,0.0,,0.0,0.0,0.0,0.0,0,"{""amir"": 0.0, ""anfer"": 0.0}",0.0,0.0,5408.0
021_04_sy2014_ic2_dqn_seed12_50k__sy_2014_seed1,dba09881156539b3ad34cf72ea1cc08db5be74f8018a03a49e1eba481815ff7f,SY,2014,1,dqn,15000,9.0,,,,0.0,0.0,,0.0,0.0,,0.0,0.0,0.0,0.0,0,"{""amir"": 0.0, ""anfer"": 0.0}",0.0,0.0,5408.0
021_04_sy2014_ic2_dqn_seed12_50k__sy_2014_seed1,dba09881156539b3ad34cf72ea1cc08db5be74f8018a03a49e1eba481815ff7f,SY,2014,1,dqn,15000,10.0,,,,19.200000762939453,0.0,,0.0,0.0121910572052001,,0.0,0.0,0.0,0.0,0,"{""amir"": 0.0, ""anfer"": 0.0}",0.0,0.0,5408.0
021_04_sy2014_ic2_dqn_seed12_50k__sy_2014_seed1,dba09881156539b3ad34cf72ea1cc08db5be74f8018a03a49e1eba481815ff7f,SY,2014,1,dqn,15000,11.0,,,,19.200000762939453,0.0,,0.0,0.011216402053833,,0.0,0.0,0.0,0.0,0,"{""amir"": 0.0, ""anfer"": 0.0}",0.0,0.0,5408.0
021_04_sy2014_ic2_dqn_seed12_50k__sy_2014_seed1,dba09881156539b3ad34cf72ea1cc08db5be74f8018a03a49e1eba481815ff7f,SY,2014,1,dqn,15000,12.0,,,,19.200000762939453,0.0,,0.0,0.0090978145599365,,0.0,0.0,0.0,0.0,0,"{""amir"": 0.0, ""anfer"": 0.0}",0.0,0.0,5408.0
021_04_sy2014_ic2_dqn_seed12_50k__sy_2014_seed1,dba09881156539b3ad34cf72ea1cc08db5be74f8018a03a49e1eba481815ff7f,SY,2014,1,dqn,15000,13.0,,,,19.200000762939453,0.0,,0.0,0.0069259405136108,,0.0,0.0,0.0,0.0,0,"{""amir"": 0.0, ""anfer"": 0.0}",0.0,0.0,5408.0
021_04_sy2014_ic2_dqn_seed12_50k__sy_2014_seed1,dba09881156539b3ad34cf72ea1cc08db5be74f8018a03a49e1eba481815ff7f,SY,2014,1,dqn,15000,14.0,,,,19.200000762939453,0.0,,0.0,0.006073772907257,,0.0,0.0,0.0,0.0,0,"{""amir"": 0.0, ""anfer"": 0.0}",0.0,0.0,5408.0
021_04_sy2014_ic2_dqn_seed12_50k__sy_2014_seed1,dba09881156539b3ad34cf72ea1cc08db5be74f8018a03a49e1eba481815ff7f,SY,2014,1,dqn,15000,15.0,,,,19.200000762939453,0.0,,0.0,0.0052758455276489,,0.0,0.0,0.0,0.0,0,"{""amir"": 0.0, ""anfer"": 0.0}",0.0,0.0,5408.0
021_04_sy2014_ic2_dqn_seed12_50k__sy_2014_seed1,dba09881156539b3ad34cf72ea1cc08db5be74f8018a03a49e1eba481815ff7f,SY,2014,1,dqn,15000,16.0,,,,19.200000762939453,0.0,,0.0,0.0030127763748168,,0.0,0.0,0.0,0.0,0,"{""amir"": 0.0, ""anfer"": 0.0}",0.0,0.0,5408.0
021_04_sy2014_ic2_dqn_seed12_50k__sy_2014_seed1,dba09881156539b3ad34cf72ea1cc08db5be74f8018a03a49e1eba481815ff7f,SY,2014,1,dqn,15000,17.0,,,,19.200000762939453,0.0,,0.0,0.0017459988594055,,0.0,0.0,0.0,0.0,0,"{""amir"": 0.0, ""anfer"": 0.0}",0.0,0.0,5408.0
021_04_sy2014_ic2_dqn_seed12_50k__sy_2014_seed1,dba09881156539b3ad34cf72ea1cc08db5be74f8018a03a49e1eba481815ff7f,SY,2014,1,dqn,15000,18.0,,,,19.200000762939453,0.0,,0.0,0.0,,0.0,0.0,0.0,0.0,0,"{""amir"": 0.0, ""anfer"": 0.0}",0.0,0.0,5408.0
021_04_sy2014_ic2_dqn_seed12_50k__sy_2014_seed1,dba09881156539b3ad34cf72ea1cc08db5be74f8018a03a49e1eba481815ff7f,SY,2014,1,dqn,15000,19.0,,,,19.200000762939453,0.0,,0.0,0.0,,0.0,0.0,0.0,0.0,0,"{""amir"": 0.0, ""anfer"": 0.0}",0.0,0.0,5408.0
021_04_sy2014_ic2_dqn_seed12_50k__sy_2014_seed1,dba09881156539b3ad34cf72ea1cc08db5be74f8018a03a49e1eba481815ff7f,SY,2014,1,dqn,15000,20.0,,,,19.200000762939453,0.0,,0.0,0.0,,0.0,0.0,0.0,0.0,0,"{""amir"": 0.0, ""anfer"": 0.0}",0.0,0.0,5408.0
021_04_sy2014_ic2_dqn_seed12_50k__sy_2014_seed1,dba09881156539b3ad34cf72ea1cc08db5be74f8018a03a49e1eba481815ff7f,SY,2014,1,dqn,15000,21.0,,,,19.200000762939453,0.0,,0.0,0.0,,0.0,0.0,0.0,0.0,0,"{""amir"": 0.0, ""anfer"": 0.0}",0.0,0.0,5408.0
021_04_sy2014_ic2_dqn_seed12_50k__sy_2014_seed1,dba09881156539b3ad34cf72ea1cc08db5be74f8018a03a49e1eba481815ff7f,SY,2014,1,dqn,15000,22.0,,,,19.200000762939453,0.0,,0.0,0.0,,0.0,0.0,0.0,0.0,0,"{""amir"": 0.0, ""anfer"": 0.0}",0.0,0.0,5408.0
021_04_sy2014_ic2_dqn_seed12_50k__sy_2014_seed1,dba09881156539b3ad34cf72ea1cc08db5be74f8018a03a49e1eba481815ff7f,SY,2014,1,dqn,15000,23.0,,,,19.200000762939453,0.0,,0.0,0.0,,0.0,0.0,0.0,0.0,0,"{""amir"": 0.0, ""anfer"": 0.0}",0.0,0.0,5408.0
021_04_sy2014_ic2_dqn_seed12_50k__sy_2014_seed1,dba09881156539b3ad34cf72ea1cc08db5be74f8018a03a49e1eba481815ff7f,SY,2014,1,dqn,15000,24.0,,,,19.200000762939453,0.0,,0.0,0.0,,0.0,0.0,0.0,0.0,0,"{""amir"": 0.0, ""anfer"": 0.0}",0.0,0.0,5408.0
021_04_sy2014_ic2_dqn_seed12_50k__sy_2014_seed1,dba09881156539b3ad34cf72ea1cc08db5be74f8018a03a49e1eba481815ff7f,SY,2014,1,dqn,15000,25.0,,,,19.200000762939453,0.0,,0.0,0.0,,0.0,0.0,0.0,0.0,0,"{""amir"": 0.0, ""anfer"": 0.0}",0.0,0.0,5408.0
021_04_sy2014_ic2_dqn_seed12_50k__sy_2014_seed1,dba09881156539b3ad34cf72ea1cc08db5be74f8018a03a49e1eba481815ff7f,SY,2014,1,dqn,15000,26.0,,,,21.344969272613525,0.0,,0.0,0.0,,0.0,0.0,0.0,0.0,0,"{""amir"": 0.0, ""anfer"": 0.0}",0.0,0.0,5408.0
021_04_sy2014_ic2_dqn_seed12_50k__sy_2014_seed1,dba09881156539b3ad34cf72ea1cc08db5be74f8018a03a49e1eba481815ff7f,SY,2014,1,dqn,15000,27.0,,,,24.753751754760746,0.0,,0.0,0.0,,0.0,0.0,0.0,0.0,0,"{""amir"": 0.0, ""anfer"": 0.0}",0.0,0.0,5408.0
021_04_sy2014_ic2_dqn_seed12_50k__sy_2014_seed1,dba09881156539b3ad34cf72ea1cc08db5be74f8018a03a49e1eba481815ff7f,SY,2014,1,dqn,15000,28.0,,,,29.73308563232422,0.0,,0.0,0.0,,0.0,0.0,0.0,0.0,0,"{""amir"": 0.0, ""anfer"": 0.0}",0.0,0.0,5408.0
021_04_sy2014_ic2_dqn_seed12_50k__sy_2014_seed1,dba09881156539b3ad34cf72ea1cc08db5be74f8018a03a49e1eba481815ff7f,SY,2014,1,dqn,15000,29.0,,,,33.97267818450928,0.0,,0.0,0.0,,0.0,0.0,0.0,0.0,0,"{""amir"": 0.0, ""anfer"": 0.0}",0.0,0.0,5408.0
021_04_sy2014_ic2_dqn_seed12_50k__sy_2014_seed1,dba09881156539b3ad34cf72ea1cc08db5be74f8018a03a49e1eba481815ff7f,SY,2014,1,dqn,15000,30.0,,,,37.713940143585205,0.0,,0.0,0.0,,0.0,0.0,0.0,0.0,0,"{""amir"": 0.0, ""anfer"": 0.0}",0.0,0.0,5408.0
021_04_sy2014_ic2_dqn_seed12_50k__sy_2014_seed1,dba09881156539b3ad34cf72ea1cc08db5be74f8018a03a49e1eba481815ff7f,SY,2014,1,dqn,15000,31.0,,,,45.03967761993408,0.0,,0.0,0.0,,0.0,0.0,0.0,0.0,0,"{""amir"": 0.0, ""anfer"": 0.0}",0.0,0.0,5408.0
021_04_sy2014_ic2_dqn_seed12_50k__sy_2014_seed1,dba09881156539b3ad34cf72ea1cc08db5be74f8018a03a49e1eba481815ff7f,SY,2014,1,dqn,15000,32.0,,,,52.25168704986572,0.0,,0.0,0.0,,0.0,0.0,0.0,0.0,0,"{""amir"": 0.0, ""anfer"": 0.0}",0.0,0.0,5408.0
021_04_sy2014_ic2_dqn_seed12_50k__sy_2014_seed1,dba09881156539b3ad34cf72ea1cc08db5be74f8018a03a49e1eba481815ff7f,SY,2014,1,dqn,15000,33.0,,,,62.70843029022217,0.0,,0.0,0.0,,0.0,0.0,0.0,0.0,0,"{""amir"": 0.0, ""anfer"": 0.0}",0.0,0.0,5408.0
021_04_sy2014_ic2_dqn_seed12_50k__sy_2014_seed1,dba09881156539b3ad34cf72ea1cc08db5be74f8018a03a49e1eba481815ff7f,SY,2014,1,dqn,15000,34.0,,,,71.75473690032959,0.0,,0.0,0.0,,0.0,0.0,0.0,0.0,0,"{""amir"": 0.0, ""anfer"": 0.0}",0.0,0.0,5408.0
021_04_sy2014_ic2_dqn_seed12_50k__sy_2014_seed1,dba09881156539b3ad34cf72ea1cc08db5be74f8018a03a49e1eba481815ff7f,SY,2014,1,dqn,15000,35.0,,,,74.65672969818115,0.0,,0.0,0.0,,0.0,0.0,0.0,0.0,0,"{""amir"": 0.0, ""anfer"": 0.0}",0.0,0.0,5408.0
021_04_sy2014_ic2_dqn_seed12_50k__sy_2014_seed1,dba09881156539b3ad34cf72ea1cc08db5be74f8018a03a49e1eba481815ff7f,SY,2014,1,dqn,15000,36.0,,,,87.41036415100098,0.0,,0.0,0.0017406940460205,,0.0,0.0,0.0,0.0,0,"{""amir"": 0.0, ""anfer"": 0.0}",0.0,0.0,5408.0
021_04_sy2014_ic2_dqn_seed12_50k__sy_2014_seed1,dba09881156539b3ad34cf72ea1cc08db5be74f8018a03a49e1eba481815ff7f,SY,2014,1,dqn,15000,37.0,,,,103.39940071105956,0.0,,0.0,0.0,,0.0,0.0,0.0,0.0,0,"{""amir"": 0.0, ""anfer"": 0.0}",0.0,0.0,5408.0
021_04_sy2014_ic2_dqn_seed12_50k__sy_2014_seed1,dba09881156539b3ad34cf72ea1cc08db5be74f8018a03a49e1eba481815ff7f,SY,2014,1,dqn,15000,38.0,,,,123.37764739990234,0.0,,0.0,0.0,,0.0,0.0,0.0,0.0,0,"{""amir"": 0.0, ""anfer"": 0.0}",0.0,0.0,5408.0
021_04_sy2014_ic2_dqn_seed12_50k__sy_2014_seed1,dba09881156539b3ad34cf72ea1cc08db5be74f8018a03a49e1eba481815ff7f,SY,2014,1,dqn,15000,39.0,,,,148.9447784423828,0.0,,0.0,0.0,,0.0,0.0,0.0,0.0,0,"{""amir"": 0.0, ""anfer"": 0.0}",0.0,0.0,5408.0
021_04_sy2014_ic2_dqn_seed12_50k__sy_2014_seed1,dba09881156539b3ad34cf72ea1cc08db5be74f8018a03a49e1eba481815ff7f,SY,2014,1,dqn,15000,40.0,,,,178.76474380493164,0.0,,0.0,0.0,,0.0,0.0,0.0,0.0,0,"{""amir"": 0.0, ""anfer"": 0.0}",0.0,0.0,5408.0
021_04_sy2014_ic2_dqn_seed12_50k__sy_2014_seed1,dba09881156539b3ad34cf72ea1cc08db5be74f8018a03a49e1eba481815ff7f,SY,2014,1,dqn,15000,41.0,,,,216.6964530944824,0.0,,0.0,0.0,,0.0,0.0,0.0,0.0,0,"{""amir"": 0.0, ""anfer"": 0.0}",0.0,0.0,5408.0
021_04_sy2014_ic2_dqn_seed12_50k__sy_2014_seed1,dba09881156539b3ad34cf72ea1cc08db5be74f8018a03a49e1eba481815ff7f,SY,2014,1,dqn,15000,42.0,,,,254.9726104736328,0.0,,0.0,0.0,,0.0,0.0,0.0,0.0,0,"{""amir"": 0.0, ""anfer"": 0.0}",0.0,0.0,5408.0
021_04_sy2014_ic2_dqn_seed12_50k__sy_2014_seed1,dba09881156539b3ad34cf72ea1cc08db5be74f8018a03a49e1eba481815ff7f,SY,2014,1,dqn,15000,43.0,,,,290.72134017944336,0.0,,0.0,0.0,,0.0,0.0,0.0,0.0,0,"{""amir"": 0.0, ""anfer"": 0.0}",0.0,0.0,5408.0
021_04_sy2014_ic2_dqn_seed12_50k__sy_2014_seed1,dba09881156539b3ad34cf72ea1cc08db5be74f8018a03a49e1eba481815ff7f,SY,2014,1,dqn,15000,44.0,,,,331.7587280273437,0.0,,0.0,0.0,,0.0,0.0,0.0,0.0,0,"{""amir"": 0.0, ""anfer"": 0.0}",0.0,0.0,5408.0
021_04_sy2014_ic2_dqn_seed12_50k__sy_2014_seed1,dba09881156539b3ad34cf72ea1cc08db5be74f8018a03a49e1eba481815ff7f,SY,2014,1,dqn,15000,45.0,,,,379.79591369628906,0.0,,0.0,0.0,,0.0,0.0,0.0,0.0,0,"{""amir"": 0.0, ""anfer"": 0.0}",0.0,0.0,5408.0
021_04_sy2014_ic2_dqn_seed12_50k__sy_2014_seed1,dba09881156539b3ad34cf72ea1cc08db5be74f8018a03a49e1eba481815ff7f,SY,2014,1,dqn,15000,46.0,,,,434.5947647094727,0.0,,0.0,0.0,,0.0,0.0,0.0,0.0,0,"{""amir"": 0.0, ""anfer"": 0.0}",0.0,0.0,5408.0
021_04_sy2014_ic2_dqn_seed12_50k__sy_2014_seed1,dba09881156539b3ad34cf72ea1cc08db5be74f8018a03a49e1eba481815ff7f,SY,2014,1,dqn,15000,47.0,,,,484.5530700683594,0.0,,0.0,0.0,,0.0,0.0,0.0,0.0,0,"{""amir"": 0.0, ""anfer"": 0.0}",0.0,0.0,5408.0
021_04_sy2014_ic2_dqn_seed12_50k__sy_2014_seed1,dba09881156539b3ad34cf72ea1cc08db5be74f8018a03a49e1eba481815ff7f,SY,2014,1,dqn,15000,48.0,,,,528.6686706542969,0.0,,0.0,0.0,,0.0,0.0,0.0,0.0,0,"{""amir"": 0.0, ""anfer"": 0.0}",0.0,0.0,5408.0
021_04_sy2014_ic2_dqn_seed12_50k__sy_2014_seed1,dba09881156539b3ad34cf72ea1cc08db5be74f8018a03a49e1eba481815ff7f,SY,2014,1,dqn,15000,49.0,,,,574.9260330200195,0.0,,0.0,0.0,,0.0,0.0,0.0,0.0,0,"{""amir"": 0.0, ""anfer"": 0.0}",0.0,0.0,5408.0
021_04_sy2014_ic2_dqn_seed12_50k__sy_2014_seed1,dba09881156539b3ad34cf72ea1cc08db5be74f8018a03a49e1eba481815ff7f,SY,2014,1,dqn,15000,50.0,,,,634.3387985229492,0.0,,0.0,0.0,,0.0,0.0,0.0,0.0,0,"{""amir"": 0.0, ""anfer"": 0.0}",0.0,0.0,5408.0
021_04_sy2014_ic2_dqn_seed12_50k__sy_2014_seed1,dba09881156539b3ad34cf72ea1cc08db5be74f8018a03a49e1eba481815ff7f,SY,2014,1,dqn,15000,51.0,,,,697.6332092285156,0.0,,0.0,0.0,,0.0,0.0,0.0,0.0,0,"{""amir"": 0.0, ""anfer"": 0.0}",0.0,0.0,5408.0
021_04_sy2014_ic2_dqn_seed12_50k__sy_2014_seed1,dba09881156539b3ad34cf72ea1cc08db5be74f8018a03a49e1eba481815ff7f,SY,2014,1,dqn,15000,52.0,,,,756.484375,0.0,,0.0,0.0,,0.0,0.0,0.0,0.0,0,"{""amir"": 0.0, ""anfer"": 0.0}",0.0,0.0,5408.0
021_04_sy2014_ic2_dqn_seed12_50k__sy_2014_seed1,dba09881156539b3ad34cf72ea1cc08db5be74f8018a03a49e1eba481815ff7f,SY,2014,1,dqn,15000,53.0,,,,825.2777099609375,0.0,,0.0,0.0,,0.0,0.0,0.0,0.0,0,"{""amir"": 0.0, ""anfer"": 0.0}",0.0,0.0,5408.0
021_04_sy2014_ic2_dqn_seed12_50k__sy_2014_seed1,dba09881156539b3ad34cf72ea1cc08db5be74f8018a03a49e1eba481815ff7f,SY,2014,1,dqn,15000,54.0,,,,900.40771484375,0.0,,0.0,0.0,,0.0,0.0,0.0,0.0,0,"{""amir"": 0.0, ""anfer"": 0.0}",0.0,0.0,5408.0
021_04_sy2014_ic2_dqn_seed12_50k__sy_2014_seed1,dba09881156539b3ad34cf72ea1cc08db5be74f8018a03a49e1eba481815ff7f,SY,2014,1,dqn,15000,55.0,,,,983.9599609375,0.0,,0.0,0.0,,0.0,0.0,0.0,0.0,0,"{""amir"": 0.0, ""anfer"": 0.0}",0.0,0.0,5408.0
021_04_sy2014_ic2_dqn_seed12_50k__sy_2014_seed1,dba09881156539b3ad34cf72ea1cc08db5be74f8018a03a49e1eba481815ff7f,SY,2014,1,dqn,15000,56.0,,,,1089.1144561767578,0.0,,0.0,0.0,,0.0,0.0,0.0,0.0,0,"{""amir"": 0.0, ""anfer"": 0.0}",0.0,0.0,5408.0
021_04_sy2014_ic2_dqn_seed12_50k__sy_2014_seed1,dba09881156539b3ad34cf72ea1cc08db5be74f8018a03a49e1eba481815ff7f,SY,2014,1,dqn,15000,57.0,,,,1195.4468536376953,0.0,,0.0,0.0,,0.0,0.0,0.0,0.0,0,"{""amir"": 0.0, ""anfer"": 0.0}",0.0,0.0,5408.0
021_04_sy2014_ic2_dqn_seed12_50k__sy_2014_seed1,dba09881156539b3ad34cf72ea1cc08db5be74f8018a03a49e1eba481815ff7f,SY,2014,1,dqn,15000,58.0,,,,1295.7649230957031,0.0,,0.0,0.0,,0.0,0.0,0.0,0.0,0,"{""amir"": 0.0, ""anfer"": 0.0}",0.0,0.0,5408.0
021_04_sy2014_ic2_dqn_seed12_50k__sy_2014_seed1,dba09881156539b3ad34cf72ea1cc08db5be74f8018a03a49e1eba481815ff7f,SY,2014,1,dqn,15000,59.0,,,,1383.7161254882812,0.0,,0.0,0.0,,0.0,0.0,0.0,0.0,0,"{""amir"": 0.0, ""anfer"": 0.0}",0.0,0.0,5408.0
021_04_sy2014_ic2_dqn_seed12_50k__sy_2014_seed1,dba09881156539b3ad34cf72ea1cc08db5be74f8018a03a49e1eba481815ff7f,SY,2014,1,dqn,15000,60.0,,,,1484.290008544922,0.0,,0.0,0.0,,0.0,0.0,0.0,0.0,0,"{""amir"": 0.0, ""anfer"": 0.0}",0.0,0.0,5408.0
021_04_sy2014_ic2_dqn_seed12_50k__sy_2014_seed1,dba09881156539b3ad34cf72ea1cc08db5be74f8018a03a49e1eba481815ff7f,SY,2014,1,dqn,15000,61.0,,,,1592.70751953125,0.0,,0.0,0.0,,0.0,0.0,0.0,0.0,0,"{""amir"": 0.0, ""anfer"": 0.0}",0.0,0.0,5408.0
021_04_sy2014_ic2_dqn_seed12_50k__sy_2014_seed1,dba09881156539b3ad34cf72ea1cc08db5be74f8018a03a49e1eba481815ff7f,SY,2014,1,dqn,15000,62.0,,,,1710.9112548828125,0.0,,0.0,0.0,,0.0,0.0,0.0,0.0,0,"{""amir"": 0.0, ""anfer"": 0.0}",0.0,0.0,5408.0
021_04_sy2014_ic2_dqn_seed12_50k__sy_2014_seed1,dba09881156539b3ad34cf72ea1cc08db5be74f8018a03a49e1eba481815ff7f,SY,2014,1,dqn,15000,63.0,,,,1825.2359008789065,0.0,,0.0,0.0,,0.0,0.0,0.0,0.0,0,"{""amir"": 0.0, ""anfer"": 0.0}",0.0,0.0,5408.0
021_04_sy2014_ic2_dqn_seed12_50k__sy_2014_seed1,dba09881156539b3ad34cf72ea1cc08db5be74f8018a03a49e1eba481815ff7f,SY,2014,1,dqn,15000,64.0,,,,1949.4239807128904,0.0,,0.0,0.0,,0.0,0.0,0.0,0.0,0,"{""amir"": 0.0, ""anfer"": 0.0}",0.0,0.0,5408.0
021_04_sy2014_ic2_dqn_seed12_50k__sy_2014_seed1,dba09881156539b3ad34cf72ea1cc08db5be74f8018a03a49e1eba481815ff7f,SY,2014,1,dqn,15000,65.0,,,,2083.9894104003906,0.0,,0.0,0.0207860469818115,,0.0,0.0,0.0,0.0,0,"{""amir"": 0.0, ""anfer"": 0.0}",0.0,0.0,5408.0
021_04_sy2014_ic2_dqn_seed12_50k__sy_2014_seed1,dba09881156539b3ad34cf72ea1cc08db5be74f8018a03a49e1eba481815ff7f,SY,2014,1,dqn,15000,66.0,,,,2230.03662109375,0.0,,0.0,0.0450993180274963,,0.0,0.0,0.0,0.0,0,"{""amir"": 0.0, ""anfer"": 0.0}",0.0,0.0,5408.0
021_04_sy2014_ic2_dqn_seed12_50k__sy_2014_seed1,dba09881156539b3ad34cf72ea1cc08db5be74f8018a03a49e1eba481815ff7f,SY,2014,1,dqn,15000,67.0,,,,2352.093505859375,0.0,,0.0,0.0683484077453613,,0.0,0.0,0.0,0.0,0,"{""amir"": 0.0, ""anfer"": 0.0}",0.0,0.0,5408.0
021_04_sy2014_ic2_dqn_seed12_50k__sy_2014_seed1,dba09881156539b3ad34cf72ea1cc08db5be74f8018a03a49e1eba481815ff7f,SY,2014,1,dqn,15000,68.0,,,,2468.408660888672,0.0,,0.0,0.0903395414352417,,0.0,0.0,0.0,0.0,0,"{""amir"": 0.0, ""anfer"": 0.0}",0.0,0.0,5408.0
021_04_sy2014_ic2_dqn_seed12_50k__sy_2014_seed1,dba09881156539b3ad34cf72ea1cc08db5be74f8018a03a49e1eba481815ff7f,SY,2014,1,dqn,15000,69.0,,,,2581.533508300781,0.0,,0.0,0.1055159568786621,,0.0,0.0,0.0,0.0,0,"{""amir"": 0.0, ""anfer"": 0.0}",0.0,0.0,5408.0
021_04_sy2014_ic2_dqn_seed12_50k__sy_2014_seed1,dba09881156539b3ad34cf72ea1cc08db5be74f8018a03a49e1eba481815ff7f,SY,2014,1,dqn,15000,70.0,,,,2711.787414550781,0.0,,0.0,0.1178019046783447,,0.0,0.0,0.0,0.0,0,"{""amir"": 0.0, ""anfer"": 0.0}",0.0,0.0,5408.0
021_04_sy2014_ic2_dqn_seed12_50k__sy_2014_seed1,dba09881156539b3ad34cf72ea1cc08db5be74f8018a03a49e1eba481815ff7f,SY,2014,1,dqn,15000,71.0,,,,2858.5064697265625,0.0,,0.0,0.1279278993606567,,0.0,0.0,0.0,0.0,0,"{""amir"": 0.0, ""anfer"": 0.0}",0.0,0.0,5408.0
021_04_sy2014_ic2_dqn_seed12_50k__sy_2014_seed1,dba09881156539b3ad34cf72ea1cc08db5be74f8018a03a49e1eba481815ff7f,SY,2014,1,dqn,15000,72.0,,,,3007.1365356445312,0.0,,0.0,0.1395850777626037,,0.0,0.0,0.0,0.0,0,"{""amir"": 0.0, ""anfer"": 0.0}",0.0,0.0,5408.0
021_04_sy2014_ic2_dqn_seed12_50k__sy_2014_seed1,dba09881156539b3ad34cf72ea1cc08db5be74f8018a03a49e1eba481815ff7f,SY,2014,1,dqn,15000,73.0,,,,3295.130920410156,0.0,,0.0,0.151700735092163,,0.0,0.0,0.0,0.0,0,"{""amir"": 0.0, ""anfer"": 0.0}",0.0,0.0,5408.0
021_04_sy2014_ic2_dqn_seed12_50k__sy_2014_seed1,dba09881156539b3ad34cf72ea1cc08db5be74f8018a03a49e1eba481815ff7f,SY,2014,1,dqn,15000,74.0,,,,3468.5317993164062,0.0,,0.0,0.1622416973114013,,0.0,0.0,0.0,0.0,0,"{""amir"": 0.0, ""anfer"": 0.0}",0.0,0.0,5408.0
021_04_sy2014_ic2_dqn_seed12_50k__sy_2014_seed1,dba09881156539b3ad34cf72ea1cc08db5be74f8018a03a49e1eba481815ff7f,SY,2014,1,dqn,15000,75.0,,,,3618.790893554688,0.0,,0.0,0.1850702762603759,,0.0,0.0,0.0,0.0,0,"{""amir"": 0.0, ""anfer"": 0.0}",0.0,0.0,5408.0
021_04_sy2014_ic2_dqn_seed12_50k__sy_2014_seed1,dba09881156539b3ad34cf72ea1cc08db5be74f8018a03a49e1eba481815ff7f,SY,2014,1,dqn,15000,76.0,,,,3750.98876953125,0.0,,0.0,0.193942129611969,,0.0,0.0,0.0,0.0,0,"{""amir"": 0.0, ""anfer"": 0.0}",0.0,0.0,5408.0
021_04_sy2014_ic2_dqn_seed12_50k__sy_2014_seed1,dba09881156539b3ad34cf72ea1cc08db5be74f8018a03a49e1eba481815ff7f,SY,2014,1,dqn,15000,77.0,,,,3869.3011474609375,0.0,,0.0,0.199248194694519,,0.0,0.0,0.0,0.0,0,"{""amir"": 0.0, ""anfer"": 0.0}",0.0,0.0,5408.0
021_04_sy2014_ic2_dqn_seed12_50k__sy_2014_seed1,dba09881156539b3ad34cf72ea1cc08db5be74f8018a03a49e1eba481815ff7f,SY,2014,1,dqn,15000,78.0,,,,3980.799865722656,0.0,,0.0,0.2072367072105407,,0.0,0.0,0.0,0.0,0,"{""amir"": 0.0, ""anfer"": 0.0}",0.0,0.0,5408.0
021_04_sy2014_ic2_dqn_seed12_50k__sy_2014_seed1,dba09881156539b3ad34cf72ea1cc08db5be74f8018a03a49e1eba481815ff7f,SY,2014,1,dqn,15000,79.0,,,,4085.190124511719,0.0,,0.0,0.2129586338996887,,0.0,0.0,0.0,0.0,0,"{""amir"": 0.0, ""anfer"": 0.0}",0.0,0.0,5408.0
021_04_sy2014_ic2_dqn_seed12_50k__sy_2014_seed1,dba09881156539b3ad34cf72ea1cc08db5be74f8018a03a49e1eba481815ff7f,SY,2014,1,dqn,15000,80.0,,,,4193.335571289063,0.0,,0.0,0.2153649926185608,,0.0,0.0,0.0,0.0,0,"{""amir"": 0.0, ""anfer"": 0.0}",0.0,0.0,5408.0
021_04_sy2014_ic2_dqn_seed12_50k__sy_2014_seed1,dba09881156539b3ad34cf72ea1cc08db5be74f8018a03a49e1eba481815ff7f,SY,2014,1,dqn,15000,81.0,,,,4284.2364501953125,0.0,,0.0,0.2190966010093689,,0.0,0.0,0.0,0.0,0,"{""amir"": 0.0, ""anfer"": 0.0}",0.0,0.0,5408.0
021_04_sy2014_ic2_dqn_seed12_50k__sy_2014_seed1,dba09881156539b3ad34cf72ea1cc08db5be74f8018a03a49e1eba481815ff7f,SY,2014,1,dqn,15000,82.0,,,,4376.9134521484375,0.0,,0.0,0.2203364968299865,,0.0,0.0,0.0,0.0,0,"{""amir"": 0.0, ""anfer"": 0.0}",0.0,0.0,5408.0
021_04_sy2014_ic2_dqn_seed12_50k__sy_2014_seed1,dba09881156539b3ad34cf72ea1cc08db5be74f8018a03a49e1eba481815ff7f,SY,2014,1,dqn,15000,83.0,,,,4468.602294921875,0.0,,0.0,0.2192417979240417,,0.0,0.0,0.0,0.0,0,"{""amir"": 0.0, ""anfer"": 0.0}",0.0,0.0,5408.0
021_04_sy2014_ic2_dqn_seed12_50k__sy_2014_seed1,dba09881156539b3ad34cf72ea1cc08db5be74f8018a03a49e1eba481815ff7f,SY,2014,1,dqn,15000,84.0,,,,4563.6083984375,0.0,,0.0,0.2172316908836364,,0.0,0.0,0.0,0.0,0,"{""amir"": 0.0, ""anfer"": 0.0}",0.0,0.0,5408.0
021_04_sy2014_ic2_dqn_seed12_50k__sy_2014_seed1,dba09881156539b3ad34cf72ea1cc08db5be74f8018a03a49e1eba481815ff7f,SY,2014,1,dqn,15000,85.0,,,,4669.2291259765625,0.0,,0.0,0.2127729654312133,,0.0,0.0,0.0,0.0,0,"{""amir"": 0.0, ""anfer"": 0.0}",0.0,0.0,5408.0
021_04_sy2014_ic2_dqn_seed12_50k__sy_2014_seed1,dba09881156539b3ad34cf72ea1cc08db5be74f8018a03a49e1eba481815ff7f,SY,2014,1,dqn,15000,86.0,,,,4779.831237792969,0.0,,0.0,0.2055679559707641,,0.0,0.0,0.0,0.0,0,"{""amir"": 0.0, ""anfer"": 0.0}",0.0,0.0,5408.0
021_04_sy2014_ic2_dqn_seed12_50k__sy_2014_seed1,dba09881156539b3ad34cf72ea1cc08db5be74f8018a03a49e1eba481815ff7f,SY,2014,1,dqn,15000,87.0,,,,4879.786682128906,0.0,,0.0,0.2063058018684387,,0.0,0.0,0.0,0.0,0,"{""amir"": 0.0, ""anfer"": 0.0}",0.0,0.0,5408.0
021_04_sy2014_ic2_dqn_seed12_50k__sy_2014_seed1,dba09881156539b3ad34cf72ea1cc08db5be74f8018a03a49e1eba481815ff7f,SY,2014,1,dqn,15000,88.0,,,,4977.4114990234375,0.0,,0.0,0.2078858017921447,,0.0,0.0,0.0,0.0,0,"{""amir"": 0.0, ""anfer"": 0.0}",0.0,0.0,5408.0
021_04_sy2014_ic2_dqn_seed12_50k__sy_2014_seed1,dba09881156539b3ad34cf72ea1cc08db5be74f8018a03a49e1eba481815ff7f,SY,2014,1,dqn,15000,89.0,,,,5085.112609863281,0.0,,0.0,0.2074021100997924,,0.0,0.0,0.0,0.0,0,"{""amir"": 0.0, ""anfer"": 0.0}",0.0,0.0,5408.0
021_04_sy2014_ic2_dqn_seed12_50k__sy_2014_seed1,dba09881156539b3ad34cf72ea1cc08db5be74f8018a03a49e1eba481815ff7f,SY,2014,1,dqn,15000,90.0,,,,5241.3385009765625,0.0,,0.0,0.2069751024246215,,0.0,0.0,0.0,0.0,0,"{""amir"": 0.0, ""anfer"": 0.0}",0.0,0.0,5408.0
021_04_sy2014_ic2_dqn_seed12_50k__sy_2014_seed1,dba09881156539b3ad34cf72ea1cc08db5be74f8018a03a49e1eba481815ff7f,SY,2014,1,dqn,15000,91.0,,,,5451.069946289063,0.0,,0.0,0.1990035772323608,,0.0,0.0,0.0,0.0,0,"{""amir"": 0.0, ""anfer"": 0.0}",0.0,0.0,5408.0
021_04_sy2014_ic2_dqn_seed12_50k__sy_2014_seed1,dba09881156539b3ad34cf72ea1cc08db5be74f8018a03a49e1eba481815ff7f,SY,2014,1,dqn,15000,92.0,,,,5487.69775390625,0.0,,0.0,0.1991600394248962,,0.0,0.0,0.0,0.0,0,"{""amir"": 0.0, ""anfer"": 0.0}",0.0,0.0,5408.0
021_04_sy2014_ic2_dqn_seed12_50k__sy_2014_seed1,dba09881156539b3ad34cf72ea1cc08db5be74f8018a03a49e1eba481815ff7f,SY,2014,1,dqn,15000,93.0,,,,5607.0025634765625,0.0,,0.0,0.2037560939788818,,0.0,0.0,0.0,0.0,0,"{""amir"": 0.0, ""anfer"": 0.0}",0.0,0.0,5408.0
021_04_sy2014_ic2_dqn_seed12_50k__sy_2014_seed1,dba09881156539b3ad34cf72ea1cc08db5be74f8018a03a49e1eba481815ff7f,SY,2014,1,dqn,15000,94.0,,,,5807.0977783203125,0.0,,0.0,0.1957767605781555,,0.0,0.0,0.0,0.0,0,"{""amir"": 0.0, ""anfer"": 0.0}",0.0,0.0,5408.0
021_04_sy2014_ic2_dqn_seed12_50k__sy_2014_seed1,dba09881156539b3ad34cf72ea1cc08db5be74f8018a03a49e1eba481815ff7f,SY,2014,1,dqn,15000,95.0,,,,5943.446044921875,0.0,,0.0,0.193587064743042,,0.0,0.0,0.0,0.0,0,"{""amir"": 0.0, ""anfer"": 0.0}",0.0,0.0,5408.0
021_04_sy2014_ic2_dqn_seed12_50k__sy_2014_seed1,dba09881156539b3ad34cf72ea1cc08db5be74f8018a03a49e1eba481815ff7f,SY,2014,1,dqn,15000,96.0,,,,5981.95068359375,0.0,,0.0,0.1946513652801513,,0.0,0.0,0.0,0.0,0,"{""amir"": 0.0, ""anfer"": 0.0}",0.0,0.0,5408.0
021_04_sy2014_ic2_dqn_seed12_50k__sy_2014_seed1,dba09881156539b3ad34cf72ea1cc08db5be74f8018a03a49e1eba481815ff7f,SY,2014,1,dqn,15000,97.0,,,,6194.71435546875,0.0,,0.0,0.1926735043525695,,0.0,0.0,0.0,0.0,0,"{""amir"": 0.0, ""anfer"": 0.0}",0.0,0.0,5408.0
021_04_sy2014_ic2_dqn_seed12_50k__sy_2014_seed1,dba09881156539b3ad34cf72ea1cc08db5be74f8018a03a49e1eba481815ff7f,SY,2014,1,dqn,15000,98.0,,,,6401.778564453125,0.0,,0.0,0.1866742372512817,,0.0,0.0,0.0,0.0,0,"{""amir"": 0.0, ""anfer"": 0.0}",0.0,0.0,5408.0
021_04_sy2014_ic2_dqn_seed12_50k__sy_2014_seed1,dba09881156539b3ad34cf72ea1cc08db5be74f8018a03a49e1eba481815ff7f,SY,2014,1,dqn,15000,99.0,,,,6576.16455078125,0.0,,0.0,0.186535358428955,,0.0,0.0,0.0,0.0,0,"{""amir"": 0.0, ""anfer"": 0.0}",0.0,0.0,5408.0
021_04_sy2014_ic2_dqn_seed12_50k__sy_2014_seed1,dba09881156539b3ad34cf72ea1cc08db5be74f8018a03a49e1eba481815ff7f,SY,2014,1,dqn,15000,100.0,,,,6786.5020751953125,210.3375244140625,,0.0,0.1853732466697693,,0.0,0.0,0.0,0.0,0,"{""amir"": 0.0, ""anfer"": 0.0}",0.0,0.0,5408.0
021_04_sy2014_ic2_dqn_seed12_50k__sy_2014_seed1,dba09881156539b3ad34cf72ea1cc08db5be74f8018a03a49e1eba481815ff7f,SY,2014,1,dqn,15000,101.0,,,,6941.429443359375,365.2651596069336,,0.0,0.1993887424468994,,0.0,0.0,0.0,0.0,0,"{""amir"": 0.0, ""anfer"": 0.0}",0.0,0.0,5408.0
021_04_sy2014_ic2_dqn_seed12_50k__sy_2014_seed1,dba09881156539b3ad34cf72ea1cc08db5be74f8018a03a49e1eba481815ff7f,SY,2014,1,dqn,15000,102.0,,,,7096.3568115234375,520.192756652832,,0.0,0.2057101726531982,,0.0,0.0,0.0,0.0,0,"{""amir"": 0.0, ""anfer"": 0.0}",0.0,0.0,5408.0
021_04_sy2014_ic2_dqn_seed12_50k__sy_2014_seed1,dba09881156539b3ad34cf72ea1cc08db5be74f8018a03a49e1eba481815ff7f,SY,2014,1,dqn,15000,103.0,,,,7230.9503173828125,654.7860717773438,,0.0,0.2110117077827453,,0.0,0.0,0.0,0.0,0,"{""amir"": 0.0, ""anfer"": 0.0}",0.0,0.0,5408.0
021_04_sy2014_ic2_dqn_seed12_50k__sy_2014_seed1,dba09881156539b3ad34cf72ea1cc08db5be74f8018a03a49e1eba481815ff7f,SY,2014,1,dqn,15000,104.0,,,,7365.5438232421875,789.3794250488281,,0.0,0.2143617272377014,,0.0,0.0,0.0,0.0,0,"{""amir"": 0.0, ""anfer"": 0.0}",0.0,0.0,5408.0
021_04_sy2014_ic2_dqn_seed12_50k__sy_2014_seed1,dba09881156539b3ad34cf72ea1cc08db5be74f8018a03a49e1eba481815ff7f,SY,2014,1,dqn,15000,105.0,,,,7514.661865234375,938.497314453125,,0.0,0.2191739082336425,,0.0,0.0,0.0,0.0,0,"{""amir"": 0.0, ""anfer"": 0.0}",0.0,0.0,5408.0
021_04_sy2014_ic2_dqn_seed12_50k__sy_2014_seed1,dba09881156539b3ad34cf72ea1cc08db5be74f8018a03a49e1eba481815ff7f,SY,2014,1,dqn,15000,106.0,,,,7669.588623046875,1093.4249877929688,,0.0,0.2290242314338684,,0.0,0.0,0.0,0.0,0,"{""amir"": 0.0, ""anfer"": 0.0}",0.0,0.0,5408.0
021_04_sy2014_ic2_dqn_seed12_50k__sy_2014_seed1,dba09881156539b3ad34cf72ea1cc08db5be74f8018a03a49e1eba481815ff7f,SY,2014,1,dqn,15000,107.0,,,,7824.5166015625,1248.3525848388672,,0.0,0.2422718405723571,,0.0,0.0,0.0,0.0,0,"{""amir"": 0.0, ""anfer"": 0.0}",0.0,0.0,5408.0
021_04_sy2014_ic2_dqn_seed12_50k__sy_2014_seed1,dba09881156539b3ad34cf72ea1cc08db5be74f8018a03a49e1eba481815ff7f,SY,2014,1,dqn,15000,108.0,,,,7979.444580078125,1403.2803344726562,,0.0,0.2550142407417297,,0.0,0.0,0.0,0.0,0,"{""amir"": 0.0, ""anfer"": 0.0}",0.0,0.0,5408.0
021_04_sy2014_ic2_dqn_seed12_50k__sy_2014_seed1,dba09881156539b3ad34cf72ea1cc08db5be74f8018a03a49e1eba481815ff7f,SY,2014,1,dqn,15000,109.0,,,,8134.371337890625,1558.2078552246094,,0.0,0.2699220776557922,,0.0,0.0,0.0,0.0,0,"{""amir"": 0.0, ""anfer"": 0.0}",0.0,0.0,5408.0
021_04_sy2014_ic2_dqn_seed12_50k__sy_2014_seed1,dba09881156539b3ad34cf72ea1cc08db5be74f8018a03a49e1eba481815ff7f,SY,2014,1,dqn,15000,110.0,,,,8289.29931640625,1713.1353759765625,,0.0,0.285437524318695,,0.0,0.0,0.0,0.0,0,"{""amir"": 0.0, ""anfer"": 0.0}",0.0,0.0,5408.0
021_04_sy2014_ic2_dqn_seed12_50k__sy_2014_seed1,dba09881156539b3ad34cf72ea1cc08db5be74f8018a03a49e1eba481815ff7f,SY,2014,1,dqn,15000,111.0,,,,8444.226684570312,1868.062896728516,,0.0,0.3010899424552917,,0.0,0.0,0.0,0.0,0,"{""amir"": 0.0, ""anfer"": 0.0}",0.0,0.0,5408.0
021_04_sy2014_ic2_dqn_seed12_50k__sy_2014_seed1,dba09881156539b3ad34cf72ea1cc08db5be74f8018a03a49e1eba481815ff7f,SY,2014,1,dqn,15000,112.0,,,,8599.154663085938,2022.9905700683596,,0.0,0.317867636680603,,0.0,0.0,0.0,0.0,0,"{""amir"": 0.0, ""anfer"": 0.0}",0.0,0.0,5408.0
021_04_sy2014_ic2_dqn_seed12_50k__sy_2014_seed1,dba09881156539b3ad34cf72ea1cc08db5be74f8018a03a49e1eba481815ff7f,SY,2014,1,dqn,15000,113.0,,,,8737.31201171875,2177.9180908203125,,0.0,0.3351277112960815,,0.0,0.0,0.0,0.0,0,"{""amir"": 0.0, ""anfer"": 0.0}",0.0,0.0,5408.0
021_04_sy2014_ic2_dqn_seed12_50k__sy_2014_seed1,dba09881156539b3ad34cf72ea1cc08db5be74f8018a03a49e1eba481815ff7f,SY,2014,1,dqn,15000,114.0,,,,8909.010009765625,2332.8456115722656,,0.0,0.3534181118011474,,0.0,0.0,0.0,0.0,0,"{""amir"": 0.0, ""anfer"": 0.0}",0.0,0.0,5408.0
021_04_sy2014_ic2_dqn_seed12_50k__sy_2014_seed1,dba09881156539b3ad34cf72ea1cc08db5be74f8018a03a49e1eba481815ff7f,SY,2014,1,dqn,15000,115.0,,,,9063.93798828125,2487.7731323242188,,0.0,0.3701645135879516,,0.0,0.0,0.0,0.0,0,"{""amir"": 0.0, ""anfer"": 0.0}",0.0,0.0,5408.0
021_04_sy2014_ic2_dqn_seed12_50k__sy_2014_seed1,dba09881156539b3ad34cf72ea1cc08db5be74f8018a03a49e1eba481815ff7f,SY,2014,1,dqn,15000,116.0,,,,9160.63232421875,2642.7008056640625,,0.0,0.3937341570854187,,0.0,0.0,0.0,0.0,0,"{""amir"": 0.0, ""anfer"": 0.0}",0.0,0.0,5408.0
021_04_sy2014_ic2_dqn_seed12_50k__sy_2014_seed1,dba09881156539b3ad34cf72ea1cc08db5be74f8018a03a49e1eba481815ff7f,SY,2014,1,dqn,15000,117.0,,,,9282.723999023438,2797.628173828125,,0.0,0.4128777384757995,,0.0,0.0,0.0,0.0,0,"{""amir"": 0.0, ""anfer"": 0.0}",0.0,0.0,5408.0
021_04_sy2014_ic2_dqn_seed12_50k__sy_2014_seed1,dba09881156539b3ad34cf72ea1cc08db5be74f8018a03a49e1eba481815ff7f,SY,2014,1,dqn,15000,118.0,,,,9425.036010742188,2952.5558471679688,,0.0,0.4220222234725952,,0.0,0.0,0.0,0.0,0,"{""amir"": 0.0, ""anfer"": 0.0}",0.0,0.0,5408.0
021_04_sy2014_ic2_dqn_seed12_50k__sy_2014_seed1,dba09881156539b3ad34cf72ea1cc08db5be74f8018a03a49e1eba481815ff7f,SY,2014,1,dqn,15000,119.0,,,,9512.411499023438,3107.4835205078125,,0.0,0.4371584057807922,,0.0,0.0,0.0,0.0,0,"{""amir"": 0.0, ""anfer"": 0.0}",0.0,0.0,5408.0
021_04_sy2014_ic2_dqn_seed12_50k__sy_2014_seed1,dba09881156539b3ad34cf72ea1cc08db5be74f8018a03a49e1eba481815ff7f,SY,2014,1,dqn,15000,120.0,,,,9587.320556640623,3262.411193847656,,0.0,0.4563251137733459,,0.0,0.0,0.0,0.0,0,"{""amir"": 0.0, ""anfer"": 0.0}",0.0,0.0,5408.0
021_04_sy2014_ic2_dqn_seed12_50k__sy_2014_seed1,dba09881156539b3ad34cf72ea1cc08db5be74f8018a03a49e1eba481815ff7f,SY,2014,1,dqn,15000,121.0,,,,9701.028442382812,3417.3388671875,,0.0,0.4667638540267944,,0.0,0.0,0.0,0.0,0,"{""amir"": 0.0, ""anfer"": 0.0}",0.0,0.0,5408.0
021_04_sy2014_ic2_dqn_seed12_50k__sy_2014_seed1,dba09881156539b3ad34cf72ea1cc08db5be74f8018a03a49e1eba481815ff7f,SY,2014,1,dqn,15000,122.0,,,,9815.032348632812,3572.266540527344,,0.0,0.4739112257957458,,0.0,0.0,0.0,0.0,0,"{""amir"": 0.0, ""anfer"": 0.0}",0.0,0.0,5408.0
021_04_sy2014_ic2_dqn_seed12_50k__sy_2014_seed1,dba09881156539b3ad34cf72ea1cc08db5be74f8018a03a49e1eba481815ff7f,SY,2014,1,dqn,15000,123.0,,,,9871.449584960938,3727.194213867188,,0.0,0.4909455180168152,,0.0,0.0,0.0,0.0,0,"{""amir"": 0.0, ""anfer"": 0.0}",0.0,0.0,5408.0
021_04_sy2014_ic2_dqn_seed12_50k__sy_2014_seed1,dba09881156539b3ad34cf72ea1cc08db5be74f8018a03a49e1eba481815ff7f,SY,2014,1,dqn,15000,124.0,,,,9950.611572265623,3882.122192382813,,0.0,0.507566511631012,,0.0,0.0,0.0,0.0,0,"{""amir"": 0.0, ""anfer"": 0.0}",0.0,0.0,5408.0
021_04_sy2014_ic2_dqn_seed12_50k__sy_2014_seed1,dba09881156539b3ad34cf72ea1cc08db5be74f8018a03a49e1eba481815ff7f,SY,2014,1,dqn,15000,125.0,,,,9991.239624023438,4037.049865722656,,0.0,0.5141745805740356,,0.0,0.0,0.0,0.0,0,"{""amir"": 0.0, ""anfer"": 0.0}",0.0,0.0,5408.0
021_04_sy2014_ic2_dqn_seed12_50k__sy_2014_seed1,dba09881156539b3ad34cf72ea1cc08db5be74f8018a03a49e1eba481815ff7f,SY,2014,1,dqn,15000,126.0,,,,10045.576782226562,4191.9775390625,,0.0,0.5244144797325134,,0.0,0.0,0.0,0.0,0,"{""amir"": 0.0, ""anfer"": 0.0}",0.0,0.0,5408.0
021_04_sy2014_ic2_dqn_seed12_50k__sy_2014_seed1,dba09881156539b3ad34cf72ea1cc08db5be74f8018a03a49e1eba481815ff7f,SY,2014,1,dqn,15000,127.0,,,,10075.362548828123,4346.905212402344,,0.0,0.5290577411651611,,0.0,0.0,0.0,0.0,0,"{""amir"": 0.0, ""anfer"": 0.0}",0.0,0.0,5408.0
021_04_sy2014_ic2_dqn_seed12_50k__sy_2014_seed1,dba09881156539b3ad34cf72ea1cc08db5be74f8018a03a49e1eba481815ff7f,SY,2014,1,dqn,15000,128.0,,,,10164.774780273438,4501.833190917969,,0.0,0.537500262260437,,0.0,0.0,0.0,0.0,0,"{""amir"": 0.0, ""anfer"": 0.0}",0.0,0.0,5408.0
021_04_sy2014_ic2_dqn_seed12_50k__sy_2014_seed1,dba09881156539b3ad34cf72ea1cc08db5be74f8018a03a49e1eba481815ff7f,SY,2014,1,dqn,15000,129.0,,,,10246.939697265623,4656.7608642578125,,0.0,0.541728138923645,,0.0,0.0,0.0,0.0,1,"{""amir"": 0.0, ""anfer"": 0.0}",0.0,0.0,5408.0
021_04_sy2014_ic2_dqn_seed12_50k__sy_2014_seed1,dba09881156539b3ad34cf72ea1cc08db5be74f8018a03a49e1eba481815ff7f,SY,2014,1,dqn,15000,130.0,,,,10307.79541015625,4811.688537597656,,0.0,0.5621996223926544,,0.0,0.0,0.0,0.0,1,"{""amir"": 0.0, ""anfer"": 0.0}",0.0,0.0,5408.0
021_04_sy2014_ic2_dqn_seed12_50k__sy_2014_seed1,dba09881156539b3ad34cf72ea1cc08db5be74f8018a03a49e1eba481815ff7f,SY,2014,1,dqn,15000,131.0,,,,10365.67138671875,4966.6162109375,,0.0,0.5818165242671967,,0.0,0.0,0.0,0.0,1,"{""amir"": 0.0, ""anfer"": 0.0}",0.0,0.0,5408.0
021_04_sy2014_ic2_dqn_seed12_50k__sy_2014_seed1,dba09881156539b3ad34cf72ea1cc08db5be74f8018a03a49e1eba481815ff7f,SY,2014,1,dqn,15000,132.0,,,,10431.8701171875,5121.544189453125,,0.0,0.5967754423618317,,0.0,0.0,0.0,0.0,1,"{""amir"": 0.0, ""anfer"": 0.0}",0.0,0.0,5408.0
021_04_sy2014_ic2_dqn_seed12_50k__sy_2014_seed1,dba09881156539b3ad34cf72ea1cc08db5be74f8018a03a49e1eba481815ff7f,SY,2014,1,dqn,15000,133.0,,,,10494.681396484377,5276.471557617188,,0.0,0.6074977815151215,,0.0,0.0,0.0,0.0,1,"{""amir"": 0.0, ""anfer"": 0.0}",0.0,0.0,5408.0
021_04_sy2014_ic2_dqn_seed12_50k__sy_2014_seed1,dba09881156539b3ad34cf72ea1cc08db5be74f8018a03a49e1eba481815ff7f,SY,2014,1,dqn,15000,134.0,,,,10524.593505859377,5329.3060302734375,,0.0,0.6172032952308655,,0.0,0.0,0.0,0.0,1,"{""amir"": 0.0, ""anfer"": 0.0}",0.0,0.0,5408.0
021_04_sy2014_ic2_dqn_seed12_50k__sy_2014_seed1,dba09881156539b3ad34cf72ea1cc08db5be74f8018a03a49e1eba481815ff7f,SY,2014,1,dqn,15000,135.0,,,,10565.489501953123,5370.201416015625,,0.0,0.6012628078460693,,0.0,0.0,0.0,0.0,1,"{""amir"": 0.0, ""anfer"": 0.0}",0.0,0.0,5408.0
021_04_sy2014_ic2_dqn_seed12_50k__sy_2014_seed1,dba09881156539b3ad34cf72ea1cc08db5be74f8018a03a49e1eba481815ff7f,SY,2014,1,dqn,15000,136.0,,,,10603.3837890625,5408.0963134765625,,0.0,0.6043879091739655,,0.0,0.0,0.0,0.0,1,"{""amir"": 0.0, ""anfer"": 0.0}",0.0,0.0,5408.0
021_04_sy2014_ic2_dqn_seed12_50k__sy_2014_seed1,dba09881156539b3ad34cf72ea1cc08db5be74f8018a03a49e1eba481815ff7f,SY,2014,1,dqn,15000,137.0,,,,10603.3837890625,5408.0963134765625,,0.0,0.6143121719360352,,0.0,0.0,0.0,0.0,1,"{""amir"": 0.0, ""anfer"": 0.0}",0.0,0.0,5408.0
021_04_sy2014_ic2_dqn_seed12_50k__sy_2014_seed1,dba09881156539b3ad34cf72ea1cc08db5be74f8018a03a49e1eba481815ff7f,SY,2014,1,dqn,15000,138.0,,,,10603.3837890625,5408.0963134765625,,0.0,0.6143121719360352,,0.0,0.0,0.0,0.0,1,"{""amir"": 0.0, ""anfer"": 0.0}",0.0,0.0,5408.0
021_04_sy2014_ic2_dqn_seed12_50k__sy_2014_seed1,dba09881156539b3ad34cf72ea1cc08db5be74f8018a03a49e1eba481815ff7f,SY,2014,1,dqn,15000,139.0,,,,10603.3837890625,5408.0963134765625,,0.0,0.6143121719360352,,0.0,0.0,0.0,0.0,1,"{""amir"": 0.0, ""anfer"": 0.0}",0.0,0.0,5408.0
021_04_sy2014_ic2_dqn_seed12_50k__sy_2014_seed1,dba09881156539b3ad34cf72ea1cc08db5be74f8018a03a49e1eba481815ff7f,SY,2014,1,dqn,15000,139.0,,,,10603.3837890625,5408.0963134765625,,0.0,0.6143121719360352,,0.0,0.0,0.0,0.0,1,"{""amir"": 0.0, ""anfer"": 0.0}",0.0963134765625,0.0963134765625,5408.0
021_04_sy2014_ic2_dqn_seed12_50k__sy_2014_seed1,dba09881156539b3ad34cf72ea1cc08db5be74f8018a03a49e1eba481815ff7f,SY,2014,1,dqn,20000,0.0,,,,0.0,0.0,,0.0,0.0,,0.0,0.0,0.0,0.0,5,"{""amir"": 0.0, ""anfer"": 0.0}",0.0,0.0,5741.0
021_04_sy2014_ic2_dqn_seed12_50k__sy_2014_seed1,dba09881156539b3ad34cf72ea1cc08db5be74f8018a03a49e1eba481815ff7f,SY,2014,1,dqn,20000,0.0,,,,0.0,0.0,,0.0,0.0,,0.0,0.0,0.0,0.0,0,"{""amir"": 0.0, ""anfer"": 0.0}",0.0,0.0,5741.0
021_04_sy2014_ic2_dqn_seed12_50k__sy_2014_seed1,dba09881156539b3ad34cf72ea1cc08db5be74f8018a03a49e1eba481815ff7f,SY,2014,1,dqn,20000,0.0,,,,0.0,0.0,,0.0,0.0,,0.0,0.0,0.0,0.0,5,"{""amir"": 0.0, ""anfer"": 0.0}",0.0,0.0,5741.0
021_04_sy2014_ic2_dqn_seed12_50k__sy_2014_seed1,dba09881156539b3ad34cf72ea1cc08db5be74f8018a03a49e1eba481815ff7f,SY,2014,1,dqn,20000,0.0,,,,0.0,0.0,,0.0,0.0,,0.0,0.0,0.0,0.0,1,"{""amir"": 0.0, ""anfer"": 0.0}",0.0,0.0,5741.0
021_04_sy2014_ic2_dqn_seed12_50k__sy_2014_seed1,dba09881156539b3ad34cf72ea1cc08db5be74f8018a03a49e1eba481815ff7f,SY,2014,1,dqn,20000,0.0,,,,0.0,0.0,,0.0,0.0,,0.0,0.0,0.0,0.0,1,"{""amir"": 0.0, ""anfer"": 0.0}",0.0,0.0,5741.0
021_04_sy2014_ic2_dqn_seed12_50k__sy_2014_seed1,dba09881156539b3ad34cf72ea1cc08db5be74f8018a03a49e1eba481815ff7f,SY,2014,1,dqn,20000,0.0,,,,0.0,0.0,,0.0,0.0,,0.0,0.0,0.0,0.0,5,"{""amir"": 0.0, ""anfer"": 0.0}",0.0,0.0,5741.0
021_04_sy2014_ic2_dqn_seed12_50k__sy_2014_seed1,dba09881156539b3ad34cf72ea1cc08db5be74f8018a03a49e1eba481815ff7f,SY,2014,1,dqn,20000,0.0,,,,0.0,0.0,,0.0,0.0,,0.0,0.0,0.0,0.0,0,"{""amir"": 0.0, ""anfer"": 0.0}",0.0,0.0,5741.0
021_04_sy2014_ic2_dqn_seed12_50k__sy_2014_seed1,dba09881156539b3ad34cf72ea1cc08db5be74f8018a03a49e1eba481815ff7f,SY,2014,1,dqn,20000,0.0,,,,0.0,0.0,,0.0,0.0,,0.0,0.0,0.0,0.0,0,"{""amir"": 0.0, ""anfer"": 0.0}",0.0,0.0,5741.0
021_04_sy2014_ic2_dqn_seed12_50k__sy_2014_seed1,dba09881156539b3ad34cf72ea1cc08db5be74f8018a03a49e1eba481815ff7f,SY,2014,1,dqn,20000,0.0,,,,0.0,0.0,,0.0,0.0,,0.0,0.0,0.0,0.0,0,"{""amir"": 0.0, ""anfer"": 0.0}",0.0,0.0,5741.0
021_04_sy2014_ic2_dqn_seed12_50k__sy_2014_seed1,dba09881156539b3ad34cf72ea1cc08db5be74f8018a03a49e1eba481815ff7f,SY,2014,1,dqn,20000,0.0,,,,0.0,0.0,,0.0,0.0,,0.0,0.0,0.0,0.0,0,"{""amir"": 0.0, ""anfer"": 0.0}",0.0,0.0,5741.0
021_04_sy2014_ic2_dqn_seed12_50k__sy_2014_seed1,dba09881156539b3ad34cf72ea1cc08db5be74f8018a03a49e1eba481815ff7f,SY,2014,1,dqn,20000,0.0,,,,0.0,0.0,,0.0,0.0,,0.0,0.0,0.0,0.0,0,"{""amir"": 0.0, ""anfer"": 0.0}",0.0,0.0,5741.0
021_04_sy2014_ic2_dqn_seed12_50k__sy_2014_seed1,dba09881156539b3ad34cf72ea1cc08db5be74f8018a03a49e1eba481815ff7f,SY,2014,1,dqn,20000,0.0,,,,0.0,0.0,,0.0,0.0,,0.0,0.0,0.0,0.0,0,"{""amir"": 0.0, ""anfer"": 0.0}",0.0,0.0,5741.0
021_04_sy2014_ic2_dqn_seed12_50k__sy_2014_seed1,dba09881156539b3ad34cf72ea1cc08db5be74f8018a03a49e1eba481815ff7f,SY,2014,1,dqn,20000,0.0,,,,0.0,0.0,,0.0,0.0,,0.0,0.0,0.0,0.0,0,"{""amir"": 0.0, ""anfer"": 0.0}",0.0,0.0,5741.0
021_04_sy2014_ic2_dqn_seed12_50k__sy_2014_seed1,dba09881156539b3ad34cf72ea1cc08db5be74f8018a03a49e1eba481815ff7f,SY,2014,1,dqn,20000,0.0,,,,0.0,0.0,,0.0,0.0,,0.0,0.0,0.0,0.0,0,"{""amir"": 0.0, ""anfer"": 0.0}",0.0,0.0,5741.0
021_04_sy2014_ic2_dqn_seed12_50k__sy_2014_seed1,dba09881156539b3ad34cf72ea1cc08db5be74f8018a03a49e1eba481815ff7f,SY,2014,1,dqn,20000,0.0,,,,0.0,0.0,,0.0,0.0,,0.0,0.0,0.0,0.0,0,"{""amir"": 0.0, ""anfer"": 0.0}",0.0,0.0,5741.0
021_04_sy2014_ic2_dqn_seed12_50k__sy_2014_seed1,dba09881156539b3ad34cf72ea1cc08db5be74f8018a03a49e1eba481815ff7f,SY,2014,1,dqn,20000,0.0,,,,0.0,0.0,,0.0,0.0,,0.0,0.0,0.0,0.0,0,"{""amir"": 0.0, ""anfer"": 0.0}",0.0,0.0,5741.0
021_04_sy2014_ic2_dqn_seed12_50k__sy_2014_seed1,dba09881156539b3ad34cf72ea1cc08db5be74f8018a03a49e1eba481815ff7f,SY,2014,1,dqn,20000,0.0,,,,0.0,0.0,,0.0,0.0,,0.0,0.0,0.0,0.0,0,"{""amir"": 0.0, ""anfer"": 0.0}",0.0,0.0,5741.0
021_04_sy2014_ic2_dqn_seed12_50k__sy_2014_seed1,dba09881156539b3ad34cf72ea1cc08db5be74f8018a03a49e1eba481815ff7f,SY,2014,1,dqn,20000,0.0,,,,0.0,0.0,,0.0,0.0,,0.0,0.0,0.0,0.0,0,"{""amir"": 0.0, ""anfer"": 0.0}",0.0,0.0,5741.0
021_04_sy2014_ic2_dqn_seed12_50k__sy_2014_seed1,dba09881156539b3ad34cf72ea1cc08db5be74f8018a03a49e1eba481815ff7f,SY,2014,1,dqn,20000,0.0,,,,0.0,0.0,,0.0,0.0,,0.0,0.0,0.0,0.0,0,"{""amir"": 0.0, ""anfer"": 0.0}",0.0,0.0,5741.0
021_04_sy2014_ic2_dqn_seed12_50k__sy_2014_seed1,dba09881156539b3ad34cf72ea1cc08db5be74f8018a03a49e1eba481815ff7f,SY,2014,1,dqn,20000,0.0,,,,0.0,0.0,,0.0,0.0,,0.0,0.0,0.0,0.0,0,"{""amir"": 0.0, ""anfer"": 0.0}",0.0,0.0,5741.0
021_04_sy2014_ic2_dqn_seed12_50k__sy_2014_seed1,dba09881156539b3ad34cf72ea1cc08db5be74f8018a03a49e1eba481815ff7f,SY,2014,1,dqn,20000,1.0,,,,0.0,0.0,,0.0,0.0,,0.0,0.0,0.0,0.0,0,"{""amir"": 0.0, ""anfer"": 0.0}",0.0,0.0,5741.0
021_04_sy2014_ic2_dqn_seed12_50k__sy_2014_seed1,dba09881156539b3ad34cf72ea1cc08db5be74f8018a03a49e1eba481815ff7f,SY,2014,1,dqn,20000,2.0,,,,0.0,0.0,,0.0,0.0,,0.0,0.0,0.0,0.0,0,"{""amir"": 0.0, ""anfer"": 0.0}",0.0,0.0,5741.0
021_04_sy2014_ic2_dqn_seed12_50k__sy_2014_seed1,dba09881156539b3ad34cf72ea1cc08db5be74f8018a03a49e1eba481815ff7f,SY,2014,1,dqn,20000,3.0,,,,0.0,0.0,,0.0,0.0,,0.0,0.0,0.0,0.0,0,"{""amir"": 0.0, ""anfer"": 0.0}",0.0,0.0,5741.0
021_04_sy2014_ic2_dqn_seed12_50k__sy_2014_seed1,dba09881156539b3ad34cf72ea1cc08db5be74f8018a03a49e1eba481815ff7f,SY,2014,1,dqn,20000,4.0,,,,0.0,0.0,,0.0,0.0,,0.0,0.0,0.0,0.0,0,"{""amir"": 0.0, ""anfer"": 0.0}",0.0,0.0,5741.0
021_04_sy2014_ic2_dqn_seed12_50k__sy_2014_seed1,dba09881156539b3ad34cf72ea1cc08db5be74f8018a03a49e1eba481815ff7f,SY,2014,1,dqn,20000,5.0,,,,0.0,0.0,,0.0,0.0,,0.0,0.0,0.0,0.0,0,"{""amir"": 0.0, ""anfer"": 0.0}",0.0,0.0,5741.0
021_04_sy2014_ic2_dqn_seed12_50k__sy_2014_seed1,dba09881156539b3ad34cf72ea1cc08db5be74f8018a03a49e1eba481815ff7f,SY,2014,1,dqn,20000,6.0,,,,0.0,0.0,,0.0,0.0,,0.0,0.0,0.0,0.0,0,"{""amir"": 0.0, ""anfer"": 0.0}",0.0,0.0,5741.0
021_04_sy2014_ic2_dqn_seed12_50k__sy_2014_seed1,dba09881156539b3ad34cf72ea1cc08db5be74f8018a03a49e1eba481815ff7f,SY,2014,1,dqn,20000,7.0,,,,0.0,0.0,,0.0,0.0,,0.0,0.0,0.0,0.0,0,"{""amir"": 0.0, ""anfer"": 0.0}",0.0,0.0,5741.0
021_04_sy2014_ic2_dqn_seed12_50k__sy_2014_seed1,dba09881156539b3ad34cf72ea1cc08db5be74f8018a03a49e1eba481815ff7f,SY,2014,1,dqn,20000,8.0,,,,0.0,0.0,,0.0,0.0,,0.0,0.0,0.0,0.0,0,"{""amir"": 0.0, ""anfer"": 0.0}",0.0,0.0,5741.0
021_04_sy2014_ic2_dqn_seed12_50k__sy_2014_seed1,dba09881156539b3ad34cf72ea1cc08db5be74f8018a03a49e1eba481815ff7f,SY,2014,1,dqn,20000,9.0,,,,0.0,0.0,,0.0,0.0,,0.0,0.0,0.0,0.0,0,"{""amir"": 0.0, ""anfer"": 0.0}",0.0,0.0,5741.0
021_04_sy2014_ic2_dqn_seed12_50k__sy_2014_seed1,dba09881156539b3ad34cf72ea1cc08db5be74f8018a03a49e1eba481815ff7f,SY,2014,1,dqn,20000,10.0,,,,19.200000762939453,0.0,,0.0,0.0121910572052001,,0.0,0.0,0.0,0.0,0,"{""amir"": 0.0, ""anfer"": 0.0}",0.0,0.0,5741.0
021_04_sy2014_ic2_dqn_seed12_50k__sy_2014_seed1,dba09881156539b3ad34cf72ea1cc08db5be74f8018a03a49e1eba481815ff7f,SY,2014,1,dqn,20000,11.0,,,,19.200000762939453,0.0,,0.0,0.011216402053833,,0.0,0.0,0.0,0.0,0,"{""amir"": 0.0, ""anfer"": 0.0}",0.0,0.0,5741.0
021_04_sy2014_ic2_dqn_seed12_50k__sy_2014_seed1,dba09881156539b3ad34cf72ea1cc08db5be74f8018a03a49e1eba481815ff7f,SY,2014,1,dqn,20000,12.0,,,,19.200000762939453,0.0,,0.0,0.0090978145599365,,0.0,0.0,0.0,0.0,0,"{""amir"": 0.0, ""anfer"": 0.0}",0.0,0.0,5741.0
021_04_sy2014_ic2_dqn_seed12_50k__sy_2014_seed1,dba09881156539b3ad34cf72ea1cc08db5be74f8018a03a49e1eba481815ff7f,SY,2014,1,dqn,20000,13.0,,,,19.200000762939453,0.0,,0.0,0.0069259405136108,,0.0,0.0,0.0,0.0,0,"{""amir"": 0.0, ""anfer"": 0.0}",0.0,0.0,5741.0
021_04_sy2014_ic2_dqn_seed12_50k__sy_2014_seed1,dba09881156539b3ad34cf72ea1cc08db5be74f8018a03a49e1eba481815ff7f,SY,2014,1,dqn,20000,14.0,,,,19.200000762939453,0.0,,0.0,0.006073772907257,,0.0,0.0,0.0,0.0,0,"{""amir"": 0.0, ""anfer"": 0.0}",0.0,0.0,5741.0
021_04_sy2014_ic2_dqn_seed12_50k__sy_2014_seed1,dba09881156539b3ad34cf72ea1cc08db5be74f8018a03a49e1eba481815ff7f,SY,2014,1,dqn,20000,15.0,,,,19.200000762939453,0.0,,0.0,0.0052758455276489,,0.0,0.0,0.0,0.0,0,"{""amir"": 0.0, ""anfer"": 0.0}",0.0,0.0,5741.0
021_04_sy2014_ic2_dqn_seed12_50k__sy_2014_seed1,dba09881156539b3ad34cf72ea1cc08db5be74f8018a03a49e1eba481815ff7f,SY,2014,1,dqn,20000,16.0,,,,19.200000762939453,0.0,,0.0,0.0030127763748168,,0.0,0.0,0.0,0.0,0,"{""amir"": 0.0, ""anfer"": 0.0}",0.0,0.0,5741.0
021_04_sy2014_ic2_dqn_seed12_50k__sy_2014_seed1,dba09881156539b3ad34cf72ea1cc08db5be74f8018a03a49e1eba481815ff7f,SY,2014,1,dqn,20000,17.0,,,,19.200000762939453,0.0,,0.0,0.0017459988594055,,0.0,0.0,0.0,0.0,0,"{""amir"": 0.0, ""anfer"": 0.0}",0.0,0.0,5741.0
021_04_sy2014_ic2_dqn_seed12_50k__sy_2014_seed1,dba09881156539b3ad34cf72ea1cc08db5be74f8018a03a49e1eba481815ff7f,SY,2014,1,dqn,20000,18.0,,,,19.200000762939453,0.0,,0.0,0.0,,0.0,0.0,0.0,0.0,0,"{""amir"": 0.0, ""anfer"": 0.0}",0.0,0.0,5741.0
021_04_sy2014_ic2_dqn_seed12_50k__sy_2014_seed1,dba09881156539b3ad34cf72ea1cc08db5be74f8018a03a49e1eba481815ff7f,SY,2014,1,dqn,20000,19.0,,,,19.200000762939453,0.0,,0.0,0.0,,0.0,0.0,0.0,0.0,0,"{""amir"": 0.0, ""anfer"": 0.0}",0.0,0.0,5741.0
021_04_sy2014_ic2_dqn_seed12_50k__sy_2014_seed1,dba09881156539b3ad34cf72ea1cc08db5be74f8018a03a49e1eba481815ff7f,SY,2014,1,dqn,20000,20.0,,,,19.200000762939453,0.0,,0.0,0.0,,0.0,0.0,0.0,0.0,0,"{""amir"": 0.0, ""anfer"": 0.0}",0.0,0.0,5741.0
021_04_sy2014_ic2_dqn_seed12_50k__sy_2014_seed1,dba09881156539b3ad34cf72ea1cc08db5be74f8018a03a49e1eba481815ff7f,SY,2014,1,dqn,20000,21.0,,,,19.200000762939453,0.0,,0.0,0.0,,0.0,0.0,0.0,0.0,0,"{""amir"": 0.0, ""anfer"": 0.0}",0.0,0.0,5741.0
021_04_sy2014_ic2_dqn_seed12_50k__sy_2014_seed1,dba09881156539b3ad34cf72ea1cc08db5be74f8018a03a49e1eba481815ff7f,SY,2014,1,dqn,20000,22.0,,,,19.200000762939453,0.0,,0.0,0.0,,0.0,0.0,0.0,0.0,0,"{""amir"": 0.0, ""anfer"": 0.0}",0.0,0.0,5741.0
021_04_sy2014_ic2_dqn_seed12_50k__sy_2014_seed1,dba09881156539b3ad34cf72ea1cc08db5be74f8018a03a49e1eba481815ff7f,SY,2014,1,dqn,20000,23.0,,,,19.200000762939453,0.0,,0.0,0.0,,0.0,0.0,0.0,0.0,0,"{""amir"": 0.0, ""anfer"": 0.0}",0.0,0.0,5741.0
021_04_sy2014_ic2_dqn_seed12_50k__sy_2014_seed1,dba09881156539b3ad34cf72ea1cc08db5be74f8018a03a49e1eba481815ff7f,SY,2014,1,dqn,20000,24.0,,,,19.200000762939453,0.0,,0.0,0.0,,0.0,0.0,0.0,0.0,0,"{""amir"": 0.0, ""anfer"": 0.0}",0.0,0.0,5741.0
021_04_sy2014_ic2_dqn_seed12_50k__sy_2014_seed1,dba09881156539b3ad34cf72ea1cc08db5be74f8018a03a49e1eba481815ff7f,SY,2014,1,dqn,20000,25.0,,,,19.200000762939453,0.0,,0.0,0.0,,0.0,0.0,0.0,0.0,0,"{""amir"": 0.0, ""anfer"": 0.0}",0.0,0.0,5741.0
021_04_sy2014_ic2_dqn_seed12_50k__sy_2014_seed1,dba09881156539b3ad34cf72ea1cc08db5be74f8018a03a49e1eba481815ff7f,SY,2014,1,dqn,20000,26.0,,,,21.344969272613525,0.0,,0.0,0.0,,0.0,0.0,0.0,0.0,0,"{""amir"": 0.0, ""anfer"": 0.0}",0.0,0.0,5741.0
021_04_sy2014_ic2_dqn_seed12_50k__sy_2014_seed1,dba09881156539b3ad34cf72ea1cc08db5be74f8018a03a49e1eba481815ff7f,SY,2014,1,dqn,20000,27.0,,,,24.753751754760746,0.0,,0.0,0.0,,0.0,0.0,0.0,0.0,0,"{""amir"": 0.0, ""anfer"": 0.0}",0.0,0.0,5741.0
021_04_sy2014_ic2_dqn_seed12_50k__sy_2014_seed1,dba09881156539b3ad34cf72ea1cc08db5be74f8018a03a49e1eba481815ff7f,SY,2014,1,dqn,20000,28.0,,,,29.73308563232422,0.0,,0.0,0.0,,0.0,0.0,0.0,0.0,0,"{""amir"": 0.0, ""anfer"": 0.0}",0.0,0.0,5741.0
021_04_sy2014_ic2_dqn_seed12_50k__sy_2014_seed1,dba09881156539b3ad34cf72ea1cc08db5be74f8018a03a49e1eba481815ff7f,SY,2014,1,dqn,20000,29.0,,,,33.97267818450928,0.0,,0.0,0.0,,0.0,0.0,0.0,0.0,0,"{""amir"": 0.0, ""anfer"": 0.0}",0.0,0.0,5741.0
021_04_sy2014_ic2_dqn_seed12_50k__sy_2014_seed1,dba09881156539b3ad34cf72ea1cc08db5be74f8018a03a49e1eba481815ff7f,SY,2014,1,dqn,20000,30.0,,,,37.713940143585205,0.0,,0.0,0.0,,0.0,0.0,0.0,0.0,0,"{""amir"": 0.0, ""anfer"": 0.0}",0.0,0.0,5741.0
021_04_sy2014_ic2_dqn_seed12_50k__sy_2014_seed1,dba09881156539b3ad34cf72ea1cc08db5be74f8018a03a49e1eba481815ff7f,SY,2014,1,dqn,20000,31.0,,,,45.03967761993408,0.0,,0.0,0.0,,0.0,0.0,0.0,0.0,0,"{""amir"": 0.0, ""anfer"": 0.0}",0.0,0.0,5741.0
021_04_sy2014_ic2_dqn_seed12_50k__sy_2014_seed1,dba09881156539b3ad34cf72ea1cc08db5be74f8018a03a49e1eba481815ff7f,SY,2014,1,dqn,20000,32.0,,,,52.25168704986572,0.0,,0.0,0.0,,0.0,0.0,0.0,0.0,0,"{""amir"": 0.0, ""anfer"": 0.0}",0.0,0.0,5741.0
021_04_sy2014_ic2_dqn_seed12_50k__sy_2014_seed1,dba09881156539b3ad34cf72ea1cc08db5be74f8018a03a49e1eba481815ff7f,SY,2014,1,dqn,20000,33.0,,,,62.70843029022217,0.0,,0.0,0.0,,0.0,0.0,0.0,0.0,0,"{""amir"": 0.0, ""anfer"": 0.0}",0.0,0.0,5741.0
021_04_sy2014_ic2_dqn_seed12_50k__sy_2014_seed1,dba09881156539b3ad34cf72ea1cc08db5be74f8018a03a49e1eba481815ff7f,SY,2014,1,dqn,20000,34.0,,,,71.75473690032959,0.0,,0.0,0.0,,0.0,0.0,0.0,0.0,0,"{""amir"": 0.0, ""anfer"": 0.0}",0.0,0.0,5741.0
021_04_sy2014_ic2_dqn_seed12_50k__sy_2014_seed1,dba09881156539b3ad34cf72ea1cc08db5be74f8018a03a49e1eba481815ff7f,SY,2014,1,dqn,20000,35.0,,,,74.65672969818115,0.0,,0.0,0.0,,0.0,0.0,0.0,0.0,0,"{""amir"": 0.0, ""anfer"": 0.0}",0.0,0.0,5741.0
021_04_sy2014_ic2_dqn_seed12_50k__sy_2014_seed1,dba09881156539b3ad34cf72ea1cc08db5be74f8018a03a49e1eba481815ff7f,SY,2014,1,dqn,20000,36.0,,,,87.41036415100098,0.0,,0.0,0.0017406940460205,,0.0,0.0,0.0,0.0,0,"{""amir"": 0.0, ""anfer"": 0.0}",0.0,0.0,5741.0
021_04_sy2014_ic2_dqn_seed12_50k__sy_2014_seed1,dba09881156539b3ad34cf72ea1cc08db5be74f8018a03a49e1eba481815ff7f,SY,2014,1,dqn,20000,37.0,,,,103.39940071105956,0.0,,0.0,0.0,,0.0,0.0,0.0,0.0,0,"{""amir"": 0.0, ""anfer"": 0.0}",0.0,0.0,5741.0
021_04_sy2014_ic2_dqn_seed12_50k__sy_2014_seed1,dba09881156539b3ad34cf72ea1cc08db5be74f8018a03a49e1eba481815ff7f,SY,2014,1,dqn,20000,38.0,,,,123.37764739990234,0.0,,0.0,0.0,,0.0,0.0,0.0,0.0,0,"{""amir"": 0.0, ""anfer"": 0.0}",0.0,0.0,5741.0
021_04_sy2014_ic2_dqn_seed12_50k__sy_2014_seed1,dba09881156539b3ad34cf72ea1cc08db5be74f8018a03a49e1eba481815ff7f,SY,2014,1,dqn,20000,39.0,,,,148.9447784423828,0.0,,0.0,0.0,,0.0,0.0,0.0,0.0,0,"{""amir"": 0.0, ""anfer"": 0.0}",0.0,0.0,5741.0
021_04_sy2014_ic2_dqn_seed12_50k__sy_2014_seed1,dba09881156539b3ad34cf72ea1cc08db5be74f8018a03a49e1eba481815ff7f,SY,2014,1,dqn,20000,40.0,,,,178.76474380493164,0.0,,0.0,0.0,,0.0,0.0,0.0,0.0,0,"{""amir"": 0.0, ""anfer"": 0.0}",0.0,0.0,5741.0
021_04_sy2014_ic2_dqn_seed12_50k__sy_2014_seed1,dba09881156539b3ad34cf72ea1cc08db5be74f8018a03a49e1eba481815ff7f,SY,2014,1,dqn,20000,41.0,,,,216.6964530944824,0.0,,0.0,0.0,,0.0,0.0,0.0,0.0,0,"{""amir"": 0.0, ""anfer"": 0.0}",0.0,0.0,5741.0
021_04_sy2014_ic2_dqn_seed12_50k__sy_2014_seed1,dba09881156539b3ad34cf72ea1cc08db5be74f8018a03a49e1eba481815ff7f,SY,2014,1,dqn,20000,42.0,,,,254.9726104736328,0.0,,0.0,0.0,,0.0,0.0,0.0,0.0,0,"{""amir"": 0.0, ""anfer"": 0.0}",0.0,0.0,5741.0
021_04_sy2014_ic2_dqn_seed12_50k__sy_2014_seed1,dba09881156539b3ad34cf72ea1cc08db5be74f8018a03a49e1eba481815ff7f,SY,2014,1,dqn,20000,43.0,,,,290.72134017944336,0.0,,0.0,0.0,,0.0,0.0,0.0,0.0,0,"{""amir"": 0.0, ""anfer"": 0.0}",0.0,0.0,5741.0
021_04_sy2014_ic2_dqn_seed12_50k__sy_2014_seed1,dba09881156539b3ad34cf72ea1cc08db5be74f8018a03a49e1eba481815ff7f,SY,2014,1,dqn,20000,44.0,,,,331.7587280273437,0.0,,0.0,0.0,,0.0,0.0,0.0,0.0,0,"{""amir"": 0.0, ""anfer"": 0.0}",0.0,0.0,5741.0
021_04_sy2014_ic2_dqn_seed12_50k__sy_2014_seed1,dba09881156539b3ad34cf72ea1cc08db5be74f8018a03a49e1eba481815ff7f,SY,2014,1,dqn,20000,45.0,,,,379.79591369628906,0.0,,0.0,0.0,,0.0,0.0,0.0,0.0,0,"{""amir"": 0.0, ""anfer"": 0.0}",0.0,0.0,5741.0
021_04_sy2014_ic2_dqn_seed12_50k__sy_2014_seed1,dba09881156539b3ad34cf72ea1cc08db5be74f8018a03a49e1eba481815ff7f,SY,2014,1,dqn,20000,46.0,,,,434.5947647094727,0.0,,0.0,0.0,,0.0,0.0,0.0,0.0,0,"{""amir"": 0.0, ""anfer"": 0.0}",0.0,0.0,5741.0
021_04_sy2014_ic2_dqn_seed12_50k__sy_2014_seed1,dba09881156539b3ad34cf72ea1cc08db5be74f8018a03a49e1eba481815ff7f,SY,2014,1,dqn,20000,47.0,,,,484.5530700683594,0.0,,0.0,0.0,,0.0,0.0,0.0,0.0,0,"{""amir"": 0.0, ""anfer"": 0.0}",0.0,0.0,5741.0
021_04_sy2014_ic2_dqn_seed12_50k__sy_2014_seed1,dba09881156539b3ad34cf72ea1cc08db5be74f8018a03a49e1eba481815ff7f,SY,2014,1,dqn,20000,48.0,,,,528.6686706542969,0.0,,0.0,0.0,,0.0,0.0,0.0,0.0,0,"{""amir"": 0.0, ""anfer"": 0.0}",0.0,0.0,5741.0
021_04_sy2014_ic2_dqn_seed12_50k__sy_2014_seed1,dba09881156539b3ad34cf72ea1cc08db5be74f8018a03a49e1eba481815ff7f,SY,2014,1,dqn,20000,49.0,,,,574.9260330200195,0.0,,0.0,0.0,,0.0,0.0,0.0,0.0,0,"{""amir"": 0.0, ""anfer"": 0.0}",0.0,0.0,5741.0
021_04_sy2014_ic2_dqn_seed12_50k__sy_2014_seed1,dba09881156539b3ad34cf72ea1cc08db5be74f8018a03a49e1eba481815ff7f,SY,2014,1,dqn,20000,50.0,,,,634.3387985229492,0.0,,0.0,0.0,,0.0,0.0,0.0,0.0,0,"{""amir"": 0.0, ""anfer"": 0.0}",0.0,0.0,5741.0
021_04_sy2014_ic2_dqn_seed12_50k__sy_2014_seed1,dba09881156539b3ad34cf72ea1cc08db5be74f8018a03a49e1eba481815ff7f,SY,2014,1,dqn,20000,51.0,,,,697.6332092285156,0.0,,0.0,0.0,,0.0,0.0,0.0,0.0,0,"{""amir"": 0.0, ""anfer"": 0.0}",0.0,0.0,5741.0
021_04_sy2014_ic2_dqn_seed12_50k__sy_2014_seed1,dba09881156539b3ad34cf72ea1cc08db5be74f8018a03a49e1eba481815ff7f,SY,2014,1,dqn,20000,52.0,,,,756.484375,0.0,,0.0,0.0,,0.0,0.0,0.0,0.0,0,"{""amir"": 0.0, ""anfer"": 0.0}",0.0,0.0,5741.0
021_04_sy2014_ic2_dqn_seed12_50k__sy_2014_seed1,dba09881156539b3ad34cf72ea1cc08db5be74f8018a03a49e1eba481815ff7f,SY,2014,1,dqn,20000,53.0,,,,825.2777099609375,0.0,,0.0,0.0,,0.0,0.0,0.0,0.0,0,"{""amir"": 0.0, ""anfer"": 0.0}",0.0,0.0,5741.0
021_04_sy2014_ic2_dqn_seed12_50k__sy_2014_seed1,dba09881156539b3ad34cf72ea1cc08db5be74f8018a03a49e1eba481815ff7f,SY,2014,1,dqn,20000,54.0,,,,900.40771484375,0.0,,0.0,0.0,,0.0,0.0,0.0,0.0,0,"{""amir"": 0.0, ""anfer"": 0.0}",0.0,0.0,5741.0
021_04_sy2014_ic2_dqn_seed12_50k__sy_2014_seed1,dba09881156539b3ad34cf72ea1cc08db5be74f8018a03a49e1eba481815ff7f,SY,2014,1,dqn,20000,55.0,,,,983.9599609375,0.0,,0.0,0.0,,0.0,0.0,0.0,0.0,0,"{""amir"": 0.0, ""anfer"": 0.0}",0.0,0.0,5741.0
021_04_sy2014_ic2_dqn_seed12_50k__sy_2014_seed1,dba09881156539b3ad34cf72ea1cc08db5be74f8018a03a49e1eba481815ff7f,SY,2014,1,dqn,20000,56.0,,,,1089.1144561767578,0.0,,0.0,0.0,,0.0,0.0,0.0,0.0,0,"{""amir"": 0.0, ""anfer"": 0.0}",0.0,0.0,5741.0
021_04_sy2014_ic2_dqn_seed12_50k__sy_2014_seed1,dba09881156539b3ad34cf72ea1cc08db5be74f8018a03a49e1eba481815ff7f,SY,2014,1,dqn,20000,57.0,,,,1195.4468536376953,0.0,,0.0,0.0,,0.0,0.0,0.0,0.0,0,"{""amir"": 0.0, ""anfer"": 0.0}",0.0,0.0,5741.0
021_04_sy2014_ic2_dqn_seed12_50k__sy_2014_seed1,dba09881156539b3ad34cf72ea1cc08db5be74f8018a03a49e1eba481815ff7f,SY,2014,1,dqn,20000,58.0,,,,1295.7649230957031,0.0,,0.0,0.0,,0.0,0.0,0.0,0.0,0,"{""amir"": 0.0, ""anfer"": 0.0}",0.0,0.0,5741.0
021_04_sy2014_ic2_dqn_seed12_50k__sy_2014_seed1,dba09881156539b3ad34cf72ea1cc08db5be74f8018a03a49e1eba481815ff7f,SY,2014,1,dqn,20000,59.0,,,,1383.7161254882812,0.0,,0.0,0.0,,0.0,0.0,0.0,0.0,0,"{""amir"": 0.0, ""anfer"": 0.0}",0.0,0.0,5741.0
021_04_sy2014_ic2_dqn_seed12_50k__sy_2014_seed1,dba09881156539b3ad34cf72ea1cc08db5be74f8018a03a49e1eba481815ff7f,SY,2014,1,dqn,20000,60.0,,,,1484.290008544922,0.0,,0.0,0.0,,0.0,0.0,0.0,0.0,0,"{""amir"": 0.0, ""anfer"": 0.0}",0.0,0.0,5741.0
021_04_sy2014_ic2_dqn_seed12_50k__sy_2014_seed1,dba09881156539b3ad34cf72ea1cc08db5be74f8018a03a49e1eba481815ff7f,SY,2014,1,dqn,20000,61.0,,,,1592.70751953125,0.0,,0.0,0.0,,0.0,0.0,0.0,0.0,0,"{""amir"": 0.0, ""anfer"": 0.0}",0.0,0.0,5741.0
021_04_sy2014_ic2_dqn_seed12_50k__sy_2014_seed1,dba09881156539b3ad34cf72ea1cc08db5be74f8018a03a49e1eba481815ff7f,SY,2014,1,dqn,20000,62.0,,,,1710.9112548828125,0.0,,0.0,0.0,,0.0,0.0,0.0,0.0,0,"{""amir"": 0.0, ""anfer"": 0.0}",0.0,0.0,5741.0
021_04_sy2014_ic2_dqn_seed12_50k__sy_2014_seed1,dba09881156539b3ad34cf72ea1cc08db5be74f8018a03a49e1eba481815ff7f,SY,2014,1,dqn,20000,63.0,,,,1825.2359008789065,0.0,,0.0,0.0,,0.0,0.0,0.0,0.0,0,"{""amir"": 0.0, ""anfer"": 0.0}",0.0,0.0,5741.0
021_04_sy2014_ic2_dqn_seed12_50k__sy_2014_seed1,dba09881156539b3ad34cf72ea1cc08db5be74f8018a03a49e1eba481815ff7f,SY,2014,1,dqn,20000,64.0,,,,1949.4239807128904,0.0,,0.0,0.0,,0.0,0.0,0.0,0.0,0,"{""amir"": 0.0, ""anfer"": 0.0}",0.0,0.0,5741.0
021_04_sy2014_ic2_dqn_seed12_50k__sy_2014_seed1,dba09881156539b3ad34cf72ea1cc08db5be74f8018a03a49e1eba481815ff7f,SY,2014,1,dqn,20000,65.0,,,,2083.9894104003906,0.0,,0.0,0.0207860469818115,,0.0,0.0,0.0,0.0,0,"{""amir"": 0.0, ""anfer"": 0.0}",0.0,0.0,5741.0
021_04_sy2014_ic2_dqn_seed12_50k__sy_2014_seed1,dba09881156539b3ad34cf72ea1cc08db5be74f8018a03a49e1eba481815ff7f,SY,2014,1,dqn,20000,66.0,,,,2230.03662109375,0.0,,0.0,0.0450993180274963,,0.0,0.0,0.0,0.0,0,"{""amir"": 0.0, ""anfer"": 0.0}",0.0,0.0,5741.0
021_04_sy2014_ic2_dqn_seed12_50k__sy_2014_seed1,dba09881156539b3ad34cf72ea1cc08db5be74f8018a03a49e1eba481815ff7f,SY,2014,1,dqn,20000,67.0,,,,2352.093505859375,0.0,,0.0,0.0683484077453613,,0.0,0.0,0.0,0.0,0,"{""amir"": 0.0, ""anfer"": 0.0}",0.0,0.0,5741.0
021_04_sy2014_ic2_dqn_seed12_50k__sy_2014_seed1,dba09881156539b3ad34cf72ea1cc08db5be74f8018a03a49e1eba481815ff7f,SY,2014,1,dqn,20000,68.0,,,,2468.408660888672,0.0,,0.0,0.0903395414352417,,0.0,0.0,0.0,0.0,0,"{""amir"": 0.0, ""anfer"": 0.0}",0.0,0.0,5741.0
021_04_sy2014_ic2_dqn_seed12_50k__sy_2014_seed1,dba09881156539b3ad34cf72ea1cc08db5be74f8018a03a49e1eba481815ff7f,SY,2014,1,dqn,20000,69.0,,,,2581.533508300781,0.0,,0.0,0.1055159568786621,,0.0,0.0,0.0,0.0,0,"{""amir"": 0.0, ""anfer"": 0.0}",0.0,0.0,5741.0
021_04_sy2014_ic2_dqn_seed12_50k__sy_2014_seed1,dba09881156539b3ad34cf72ea1cc08db5be74f8018a03a49e1eba481815ff7f,SY,2014,1,dqn,20000,70.0,,,,2711.787414550781,0.0,,0.0,0.1178019046783447,,0.0,0.0,0.0,0.0,0,"{""amir"": 0.0, ""anfer"": 0.0}",0.0,0.0,5741.0
021_04_sy2014_ic2_dqn_seed12_50k__sy_2014_seed1,dba09881156539b3ad34cf72ea1cc08db5be74f8018a03a49e1eba481815ff7f,SY,2014,1,dqn,20000,71.0,,,,2858.5064697265625,0.0,,0.0,0.1279278993606567,,0.0,0.0,0.0,0.0,0,"{""amir"": 0.0, ""anfer"": 0.0}",0.0,0.0,5741.0
021_04_sy2014_ic2_dqn_seed12_50k__sy_2014_seed1,dba09881156539b3ad34cf72ea1cc08db5be74f8018a03a49e1eba481815ff7f,SY,2014,1,dqn,20000,72.0,,,,3007.1365356445312,0.0,,0.0,0.1395850777626037,,0.0,0.0,0.0,0.0,0,"{""amir"": 0.0, ""anfer"": 0.0}",0.0,0.0,5741.0
021_04_sy2014_ic2_dqn_seed12_50k__sy_2014_seed1,dba09881156539b3ad34cf72ea1cc08db5be74f8018a03a49e1eba481815ff7f,SY,2014,1,dqn,20000,73.0,,,,3295.130920410156,0.0,,0.0,0.151700735092163,,0.0,0.0,0.0,0.0,0,"{""amir"": 0.0, ""anfer"": 0.0}",0.0,0.0,5741.0
021_04_sy2014_ic2_dqn_seed12_50k__sy_2014_seed1,dba09881156539b3ad34cf72ea1cc08db5be74f8018a03a49e1eba481815ff7f,SY,2014,1,dqn,20000,74.0,,,,3468.5317993164062,0.0,,0.0,0.1622416973114013,,0.0,0.0,0.0,0.0,0,"{""amir"": 0.0, ""anfer"": 0.0}",0.0,0.0,5741.0
021_04_sy2014_ic2_dqn_seed12_50k__sy_2014_seed1,dba09881156539b3ad34cf72ea1cc08db5be74f8018a03a49e1eba481815ff7f,SY,2014,1,dqn,20000,75.0,,,,3618.790893554688,0.0,,0.0,0.1850702762603759,,0.0,0.0,0.0,0.0,0,"{""amir"": 0.0, ""anfer"": 0.0}",0.0,0.0,5741.0
021_04_sy2014_ic2_dqn_seed12_50k__sy_2014_seed1,dba09881156539b3ad34cf72ea1cc08db5be74f8018a03a49e1eba481815ff7f,SY,2014,1,dqn,20000,76.0,,,,3750.98876953125,0.0,,0.0,0.193942129611969,,0.0,0.0,0.0,0.0,0,"{""amir"": 0.0, ""anfer"": 0.0}",0.0,0.0,5741.0
021_04_sy2014_ic2_dqn_seed12_50k__sy_2014_seed1,dba09881156539b3ad34cf72ea1cc08db5be74f8018a03a49e1eba481815ff7f,SY,2014,1,dqn,20000,77.0,,,,3869.3011474609375,0.0,,0.0,0.199248194694519,,0.0,0.0,0.0,0.0,0,"{""amir"": 0.0, ""anfer"": 0.0}",0.0,0.0,5741.0
021_04_sy2014_ic2_dqn_seed12_50k__sy_2014_seed1,dba09881156539b3ad34cf72ea1cc08db5be74f8018a03a49e1eba481815ff7f,SY,2014,1,dqn,20000,78.0,,,,3980.799865722656,0.0,,0.0,0.2072367072105407,,0.0,0.0,0.0,0.0,0,"{""amir"": 0.0, ""anfer"": 0.0}",0.0,0.0,5741.0
021_04_sy2014_ic2_dqn_seed12_50k__sy_2014_seed1,dba09881156539b3ad34cf72ea1cc08db5be74f8018a03a49e1eba481815ff7f,SY,2014,1,dqn,20000,79.0,,,,4085.190124511719,0.0,,0.0,0.2129586338996887,,0.0,0.0,0.0,0.0,0,"{""amir"": 0.0, ""anfer"": 0.0}",0.0,0.0,5741.0
021_04_sy2014_ic2_dqn_seed12_50k__sy_2014_seed1,dba09881156539b3ad34cf72ea1cc08db5be74f8018a03a49e1eba481815ff7f,SY,2014,1,dqn,20000,80.0,,,,4193.335571289063,0.0,,0.0,0.2153649926185608,,0.0,0.0,0.0,0.0,0,"{""amir"": 0.0, ""anfer"": 0.0}",0.0,0.0,5741.0
021_04_sy2014_ic2_dqn_seed12_50k__sy_2014_seed1,dba09881156539b3ad34cf72ea1cc08db5be74f8018a03a49e1eba481815ff7f,SY,2014,1,dqn,20000,81.0,,,,4284.2364501953125,0.0,,0.0,0.2190966010093689,,0.0,0.0,0.0,0.0,0,"{""amir"": 0.0, ""anfer"": 0.0}",0.0,0.0,5741.0
021_04_sy2014_ic2_dqn_seed12_50k__sy_2014_seed1,dba09881156539b3ad34cf72ea1cc08db5be74f8018a03a49e1eba481815ff7f,SY,2014,1,dqn,20000,82.0,,,,4376.9134521484375,0.0,,0.0,0.2203364968299865,,0.0,0.0,0.0,0.0,0,"{""amir"": 0.0, ""anfer"": 0.0}",0.0,0.0,5741.0
021_04_sy2014_ic2_dqn_seed12_50k__sy_2014_seed1,dba09881156539b3ad34cf72ea1cc08db5be74f8018a03a49e1eba481815ff7f,SY,2014,1,dqn,20000,83.0,,,,4468.602294921875,0.0,,0.0,0.2192417979240417,,0.0,0.0,0.0,0.0,0,"{""amir"": 0.0, ""anfer"": 0.0}",0.0,0.0,5741.0
021_04_sy2014_ic2_dqn_seed12_50k__sy_2014_seed1,dba09881156539b3ad34cf72ea1cc08db5be74f8018a03a49e1eba481815ff7f,SY,2014,1,dqn,20000,84.0,,,,4563.6083984375,0.0,,0.0,0.2172316908836364,,0.0,0.0,0.0,0.0,0,"{""amir"": 0.0, ""anfer"": 0.0}",0.0,0.0,5741.0
021_04_sy2014_ic2_dqn_seed12_50k__sy_2014_seed1,dba09881156539b3ad34cf72ea1cc08db5be74f8018a03a49e1eba481815ff7f,SY,2014,1,dqn,20000,85.0,,,,4669.2291259765625,0.0,,0.0,0.2127729654312133,,0.0,0.0,0.0,0.0,0,"{""amir"": 0.0, ""anfer"": 0.0}",0.0,0.0,5741.0
021_04_sy2014_ic2_dqn_seed12_50k__sy_2014_seed1,dba09881156539b3ad34cf72ea1cc08db5be74f8018a03a49e1eba481815ff7f,SY,2014,1,dqn,20000,86.0,,,,4779.831237792969,0.0,,0.0,0.2055679559707641,,0.0,0.0,0.0,0.0,0,"{""amir"": 0.0, ""anfer"": 0.0}",0.0,0.0,5741.0
021_04_sy2014_ic2_dqn_seed12_50k__sy_2014_seed1,dba09881156539b3ad34cf72ea1cc08db5be74f8018a03a49e1eba481815ff7f,SY,2014,1,dqn,20000,87.0,,,,4879.786682128906,0.0,,0.0,0.2063058018684387,,0.0,0.0,0.0,0.0,0,"{""amir"": 0.0, ""anfer"": 0.0}",0.0,0.0,5741.0
021_04_sy2014_ic2_dqn_seed12_50k__sy_2014_seed1,dba09881156539b3ad34cf72ea1cc08db5be74f8018a03a49e1eba481815ff7f,SY,2014,1,dqn,20000,88.0,,,,4977.4114990234375,0.0,,0.0,0.2078858017921447,,0.0,0.0,0.0,0.0,0,"{""amir"": 0.0, ""anfer"": 0.0}",0.0,0.0,5741.0
021_04_sy2014_ic2_dqn_seed12_50k__sy_2014_seed1,dba09881156539b3ad34cf72ea1cc08db5be74f8018a03a49e1eba481815ff7f,SY,2014,1,dqn,20000,89.0,,,,5085.112609863281,0.0,,0.0,0.2074021100997924,,0.0,0.0,0.0,0.0,0,"{""amir"": 0.0, ""anfer"": 0.0}",0.0,0.0,5741.0
021_04_sy2014_ic2_dqn_seed12_50k__sy_2014_seed1,dba09881156539b3ad34cf72ea1cc08db5be74f8018a03a49e1eba481815ff7f,SY,2014,1,dqn,20000,90.0,,,,5241.3385009765625,0.0,,0.0,0.2069751024246215,,0.0,0.0,0.0,0.0,0,"{""amir"": 0.0, ""anfer"": 0.0}",0.0,0.0,5741.0
021_04_sy2014_ic2_dqn_seed12_50k__sy_2014_seed1,dba09881156539b3ad34cf72ea1cc08db5be74f8018a03a49e1eba481815ff7f,SY,2014,1,dqn,20000,91.0,,,,5451.069946289063,0.0,,0.0,0.1990035772323608,,0.0,0.0,0.0,0.0,0,"{""amir"": 0.0, ""anfer"": 0.0}",0.0,0.0,5741.0
021_04_sy2014_ic2_dqn_seed12_50k__sy_2014_seed1,dba09881156539b3ad34cf72ea1cc08db5be74f8018a03a49e1eba481815ff7f,SY,2014,1,dqn,20000,92.0,,,,5487.69775390625,0.0,,0.0,0.1991600394248962,,0.0,0.0,0.0,0.0,0,"{""amir"": 0.0, ""anfer"": 0.0}",0.0,0.0,5741.0
021_04_sy2014_ic2_dqn_seed12_50k__sy_2014_seed1,dba09881156539b3ad34cf72ea1cc08db5be74f8018a03a49e1eba481815ff7f,SY,2014,1,dqn,20000,93.0,,,,5607.0025634765625,0.0,,0.0,0.2037560939788818,,0.0,0.0,0.0,0.0,0,"{""amir"": 0.0, ""anfer"": 0.0}",0.0,0.0,5741.0
021_04_sy2014_ic2_dqn_seed12_50k__sy_2014_seed1,dba09881156539b3ad34cf72ea1cc08db5be74f8018a03a49e1eba481815ff7f,SY,2014,1,dqn,20000,94.0,,,,5807.0977783203125,0.0,,0.0,0.1957767605781555,,0.0,0.0,0.0,0.0,0,"{""amir"": 0.0, ""anfer"": 0.0}",0.0,0.0,5741.0
021_04_sy2014_ic2_dqn_seed12_50k__sy_2014_seed1,dba09881156539b3ad34cf72ea1cc08db5be74f8018a03a49e1eba481815ff7f,SY,2014,1,dqn,20000,95.0,,,,5943.446044921875,0.0,,0.0,0.193587064743042,,0.0,0.0,0.0,0.0,0,"{""amir"": 0.0, ""anfer"": 0.0}",0.0,0.0,5741.0
021_04_sy2014_ic2_dqn_seed12_50k__sy_2014_seed1,dba09881156539b3ad34cf72ea1cc08db5be74f8018a03a49e1eba481815ff7f,SY,2014,1,dqn,20000,96.0,,,,5981.95068359375,0.0,,0.0,0.1946513652801513,,0.0,0.0,0.0,0.0,0,"{""amir"": 0.0, ""anfer"": 0.0}",0.0,0.0,5741.0
021_04_sy2014_ic2_dqn_seed12_50k__sy_2014_seed1,dba09881156539b3ad34cf72ea1cc08db5be74f8018a03a49e1eba481815ff7f,SY,2014,1,dqn,20000,97.0,,,,6194.71435546875,0.0,,0.0,0.1926735043525695,,0.0,0.0,0.0,0.0,0,"{""amir"": 0.0, ""anfer"": 0.0}",0.0,0.0,5741.0
021_04_sy2014_ic2_dqn_seed12_50k__sy_2014_seed1,dba09881156539b3ad34cf72ea1cc08db5be74f8018a03a49e1eba481815ff7f,SY,2014,1,dqn,20000,98.0,,,,6401.778564453125,0.0,,0.0,0.1866742372512817,,0.0,0.0,0.0,0.0,0,"{""amir"": 0.0, ""anfer"": 0.0}",0.0,0.0,5741.0
021_04_sy2014_ic2_dqn_seed12_50k__sy_2014_seed1,dba09881156539b3ad34cf72ea1cc08db5be74f8018a03a49e1eba481815ff7f,SY,2014,1,dqn,20000,99.0,,,,6576.16455078125,0.0,,0.0,0.186535358428955,,0.0,0.0,0.0,0.0,0,"{""amir"": 0.0, ""anfer"": 0.0}",0.0,0.0,5741.0
021_04_sy2014_ic2_dqn_seed12_50k__sy_2014_seed1,dba09881156539b3ad34cf72ea1cc08db5be74f8018a03a49e1eba481815ff7f,SY,2014,1,dqn,20000,100.0,,,,6786.5020751953125,210.3375244140625,,0.0,0.1853732466697693,,0.0,0.0,0.0,0.0,0,"{""amir"": 0.0, ""anfer"": 0.0}",0.0,0.0,5741.0
021_04_sy2014_ic2_dqn_seed12_50k__sy_2014_seed1,dba09881156539b3ad34cf72ea1cc08db5be74f8018a03a49e1eba481815ff7f,SY,2014,1,dqn,20000,101.0,,,,6941.429443359375,365.2651596069336,,0.0,0.1993887424468994,,0.0,0.0,0.0,0.0,0,"{""amir"": 0.0, ""anfer"": 0.0}",0.0,0.0,5741.0
021_04_sy2014_ic2_dqn_seed12_50k__sy_2014_seed1,dba09881156539b3ad34cf72ea1cc08db5be74f8018a03a49e1eba481815ff7f,SY,2014,1,dqn,20000,102.0,,,,7096.3568115234375,520.192756652832,,0.0,0.2057101726531982,,0.0,0.0,0.0,0.0,0,"{""amir"": 0.0, ""anfer"": 0.0}",0.0,0.0,5741.0
021_04_sy2014_ic2_dqn_seed12_50k__sy_2014_seed1,dba09881156539b3ad34cf72ea1cc08db5be74f8018a03a49e1eba481815ff7f,SY,2014,1,dqn,20000,103.0,,,,7230.9503173828125,654.7860717773438,,0.0,0.2110117077827453,,0.0,0.0,0.0,0.0,0,"{""amir"": 0.0, ""anfer"": 0.0}",0.0,0.0,5741.0
021_04_sy2014_ic2_dqn_seed12_50k__sy_2014_seed1,dba09881156539b3ad34cf72ea1cc08db5be74f8018a03a49e1eba481815ff7f,SY,2014,1,dqn,20000,104.0,,,,7365.5438232421875,789.3794250488281,,0.0,0.2143617272377014,,0.0,0.0,0.0,0.0,0,"{""amir"": 0.0, ""anfer"": 0.0}",0.0,0.0,5741.0
021_04_sy2014_ic2_dqn_seed12_50k__sy_2014_seed1,dba09881156539b3ad34cf72ea1cc08db5be74f8018a03a49e1eba481815ff7f,SY,2014,1,dqn,20000,105.0,,,,7514.661865234375,938.497314453125,,0.0,0.2191739082336425,,0.0,0.0,0.0,0.0,0,"{""amir"": 0.0, ""anfer"": 0.0}",0.0,0.0,5741.0
021_04_sy2014_ic2_dqn_seed12_50k__sy_2014_seed1,dba09881156539b3ad34cf72ea1cc08db5be74f8018a03a49e1eba481815ff7f,SY,2014,1,dqn,20000,106.0,,,,7669.588623046875,1093.4249877929688,,0.0,0.2290242314338684,,0.0,0.0,0.0,0.0,0,"{""amir"": 0.0, ""anfer"": 0.0}",0.0,0.0,5741.0
021_04_sy2014_ic2_dqn_seed12_50k__sy_2014_seed1,dba09881156539b3ad34cf72ea1cc08db5be74f8018a03a49e1eba481815ff7f,SY,2014,1,dqn,20000,107.0,,,,7824.5166015625,1248.3525848388672,,0.0,0.2422718405723571,,30.0,50.0,30.0,50.0,5,"{""amir"": 30.0, ""anfer"": 50.0}",-280.0,0.0,5741.0
021_04_sy2014_ic2_dqn_seed12_50k__sy_2014_seed1,dba09881156539b3ad34cf72ea1cc08db5be74f8018a03a49e1eba481815ff7f,SY,2014,1,dqn,20000,108.0,,,,7979.444580078125,1403.2803344726562,,0.0,0.1454333662986755,,30.0,50.0,0.0,0.0,5,"{""amir"": 0.0, ""anfer"": 0.0}",0.0,0.0,5741.0
021_04_sy2014_ic2_dqn_seed12_50k__sy_2014_seed1,dba09881156539b3ad34cf72ea1cc08db5be74f8018a03a49e1eba481815ff7f,SY,2014,1,dqn,20000,109.0,,,,8134.371337890625,1558.2078552246094,,0.0,0.0530128479003906,,30.0,50.0,0.0,0.0,5,"{""amir"": 0.0, ""anfer"": 0.0}",0.0,0.0,5741.0
021_04_sy2014_ic2_dqn_seed12_50k__sy_2014_seed1,dba09881156539b3ad34cf72ea1cc08db5be74f8018a03a49e1eba481815ff7f,SY,2014,1,dqn,20000,110.0,,,,8289.29931640625,1713.1353759765625,,0.0,0.0195257067680358,,30.0,50.0,0.0,0.0,5,"{""amir"": 0.0, ""anfer"": 0.0}",0.0,0.0,5741.0
021_04_sy2014_ic2_dqn_seed12_50k__sy_2014_seed1,dba09881156539b3ad34cf72ea1cc08db5be74f8018a03a49e1eba481815ff7f,SY,2014,1,dqn,20000,111.0,,,,8444.226684570312,1868.062896728516,,0.0,0.0105587244033813,,30.0,50.0,0.0,0.0,5,"{""amir"": 0.0, ""anfer"": 0.0}",0.0,0.0,5741.0
021_04_sy2014_ic2_dqn_seed12_50k__sy_2014_seed1,dba09881156539b3ad34cf72ea1cc08db5be74f8018a03a49e1eba481815ff7f,SY,2014,1,dqn,20000,112.0,,,,8599.154663085938,2022.9905700683596,,0.0,0.0115869641304016,,30.0,50.0,0.0,0.0,5,"{""amir"": 0.0, ""anfer"": 0.0}",0.0,0.0,5741.0
021_04_sy2014_ic2_dqn_seed12_50k__sy_2014_seed1,dba09881156539b3ad34cf72ea1cc08db5be74f8018a03a49e1eba481815ff7f,SY,2014,1,dqn,20000,113.0,,,,8754.082641601562,2177.9180908203125,,0.0,0.0169017910957336,,30.0,50.0,0.0,0.0,5,"{""amir"": 0.0, ""anfer"": 0.0}",0.0,0.0,5741.0
021_04_sy2014_ic2_dqn_seed12_50k__sy_2014_seed1,dba09881156539b3ad34cf72ea1cc08db5be74f8018a03a49e1eba481815ff7f,SY,2014,1,dqn,20000,114.0,,,,8909.010009765625,2332.8456115722656,,0.0,0.0242255926132202,,60.0,100.0,30.0,50.0,5,"{""amir"": 30.0, ""anfer"": 50.0}",-280.0,0.0,5741.0
021_04_sy2014_ic2_dqn_seed12_50k__sy_2014_seed1,dba09881156539b3ad34cf72ea1cc08db5be74f8018a03a49e1eba481815ff7f,SY,2014,1,dqn,20000,115.0,,,,9063.93798828125,2487.7731323242188,,0.0,0.0,,60.0,100.0,0.0,0.0,5,"{""amir"": 0.0, ""anfer"": 0.0}",0.0,0.0,5741.0
021_04_sy2014_ic2_dqn_seed12_50k__sy_2014_seed1,dba09881156539b3ad34cf72ea1cc08db5be74f8018a03a49e1eba481815ff7f,SY,2014,1,dqn,20000,116.0,,,,9218.865356445312,2642.7008056640625,,0.0,0.0,,60.0,100.0,0.0,0.0,5,"{""amir"": 0.0, ""anfer"": 0.0}",0.0,0.0,5741.0
021_04_sy2014_ic2_dqn_seed12_50k__sy_2014_seed1,dba09881156539b3ad34cf72ea1cc08db5be74f8018a03a49e1eba481815ff7f,SY,2014,1,dqn,20000,117.0,,,,9373.793334960938,2797.628173828125,,0.0,0.0,,60.0,100.0,0.0,0.0,5,"{""amir"": 0.0, ""anfer"": 0.0}",0.0,0.0,5741.0
021_04_sy2014_ic2_dqn_seed12_50k__sy_2014_seed1,dba09881156539b3ad34cf72ea1cc08db5be74f8018a03a49e1eba481815ff7f,SY,2014,1,dqn,20000,118.0,,,,9528.721313476562,2952.5558471679688,,0.0,0.0,,60.0,100.0,0.0,0.0,5,"{""amir"": 0.0, ""anfer"": 0.0}",0.0,0.0,5741.0
021_04_sy2014_ic2_dqn_seed12_50k__sy_2014_seed1,dba09881156539b3ad34cf72ea1cc08db5be74f8018a03a49e1eba481815ff7f,SY,2014,1,dqn,20000,119.0,,,,9683.648681640623,3107.4835205078125,,0.0,0.0,,60.0,100.0,0.0,0.0,5,"{""amir"": 0.0, ""anfer"": 0.0}",0.0,0.0,5741.0
021_04_sy2014_ic2_dqn_seed12_50k__sy_2014_seed1,dba09881156539b3ad34cf72ea1cc08db5be74f8018a03a49e1eba481815ff7f,SY,2014,1,dqn,20000,120.0,,,,9838.57666015625,3262.411193847656,,0.0,0.0,,60.0,100.0,0.0,0.0,5,"{""amir"": 0.0, ""anfer"": 0.0}",0.0,0.0,5741.0
021_04_sy2014_ic2_dqn_seed12_50k__sy_2014_seed1,dba09881156539b3ad34cf72ea1cc08db5be74f8018a03a49e1eba481815ff7f,SY,2014,1,dqn,20000,121.0,,,,9993.504028320312,3417.3388671875,,0.0,0.0,,90.0,150.0,30.0,50.0,5,"{""amir"": 30.0, ""anfer"": 50.0}",-280.0,0.0,5741.0
021_04_sy2014_ic2_dqn_seed12_50k__sy_2014_seed1,dba09881156539b3ad34cf72ea1cc08db5be74f8018a03a49e1eba481815ff7f,SY,2014,1,dqn,20000,122.0,,,,10148.432006835938,3572.266540527344,,0.0,0.0,,90.0,150.0,0.0,0.0,5,"{""amir"": 0.0, ""anfer"": 0.0}",0.0,0.0,5741.0
021_04_sy2014_ic2_dqn_seed12_50k__sy_2014_seed1,dba09881156539b3ad34cf72ea1cc08db5be74f8018a03a49e1eba481815ff7f,SY,2014,1,dqn,20000,123.0,,,,10298.397216796877,3727.194213867188,,0.0,0.0,,90.0,150.0,0.0,0.0,5,"{""amir"": 0.0, ""anfer"": 0.0}",0.0,0.0,5741.0
021_04_sy2014_ic2_dqn_seed12_50k__sy_2014_seed1,dba09881156539b3ad34cf72ea1cc08db5be74f8018a03a49e1eba481815ff7f,SY,2014,1,dqn,20000,124.0,,,,10458.287353515623,3882.122192382813,,0.0,0.0,,90.0,150.0,0.0,0.0,5,"{""amir"": 0.0, ""anfer"": 0.0}",0.0,0.0,5741.0
021_04_sy2014_ic2_dqn_seed12_50k__sy_2014_seed1,dba09881156539b3ad34cf72ea1cc08db5be74f8018a03a49e1eba481815ff7f,SY,2014,1,dqn,20000,125.0,,,,10577.99560546875,4037.049865722656,,0.0,0.0,,90.0,150.0,0.0,0.0,5,"{""amir"": 0.0, ""anfer"": 0.0}",0.0,0.0,5741.0
021_04_sy2014_ic2_dqn_seed12_50k__sy_2014_seed1,dba09881156539b3ad34cf72ea1cc08db5be74f8018a03a49e1eba481815ff7f,SY,2014,1,dqn,20000,126.0,,,,10739.65087890625,4191.9775390625,,0.0,0.0,,90.0,150.0,0.0,0.0,5,"{""amir"": 0.0, ""anfer"": 0.0}",0.0,0.0,5741.0
021_04_sy2014_ic2_dqn_seed12_50k__sy_2014_seed1,dba09881156539b3ad34cf72ea1cc08db5be74f8018a03a49e1eba481815ff7f,SY,2014,1,dqn,20000,127.0,,,,10835.68115234375,4346.905212402344,,0.0,0.0,,90.0,150.0,0.0,0.0,5,"{""amir"": 0.0, ""anfer"": 0.0}",0.0,0.0,5741.0
021_04_sy2014_ic2_dqn_seed12_50k__sy_2014_seed1,dba09881156539b3ad34cf72ea1cc08db5be74f8018a03a49e1eba481815ff7f,SY,2014,1,dqn,20000,128.0,,,,11064.425048828123,4501.833190917969,,0.0,0.0,,90.0,150.0,0.0,0.0,5,"{""amir"": 0.0, ""anfer"": 0.0}",0.0,0.0,5741.0
021_04_sy2014_ic2_dqn_seed12_50k__sy_2014_seed1,dba09881156539b3ad34cf72ea1cc08db5be74f8018a03a49e1eba481815ff7f,SY,2014,1,dqn,20000,129.0,,,,11232.926025390623,4656.7608642578125,,0.0,0.0,,90.0,150.0,0.0,0.0,5,"{""amir"": 0.0, ""anfer"": 0.0}",0.0,0.0,5741.0
021_04_sy2014_ic2_dqn_seed12_50k__sy_2014_seed1,dba09881156539b3ad34cf72ea1cc08db5be74f8018a03a49e1eba481815ff7f,SY,2014,1,dqn,20000,130.0,,,,11387.85400390625,4811.688537597656,,0.0,0.0,,90.0,150.0,0.0,0.0,5,"{""amir"": 0.0, ""anfer"": 0.0}",0.0,0.0,5741.0
021_04_sy2014_ic2_dqn_seed12_50k__sy_2014_seed1,dba09881156539b3ad34cf72ea1cc08db5be74f8018a03a49e1eba481815ff7f,SY,2014,1,dqn,20000,131.0,,,,11542.781982421877,4966.6162109375,,0.0,0.0,,90.0,150.0,0.0,0.0,5,"{""amir"": 0.0, ""anfer"": 0.0}",0.0,0.0,5741.0
021_04_sy2014_ic2_dqn_seed12_50k__sy_2014_seed1,dba09881156539b3ad34cf72ea1cc08db5be74f8018a03a49e1eba481815ff7f,SY,2014,1,dqn,20000,132.0,,,,11697.7099609375,5121.544189453125,,0.0,0.0,,90.0,150.0,0.0,0.0,2,"{""amir"": 0.0, ""anfer"": 0.0}",0.0,0.0,5741.0
021_04_sy2014_ic2_dqn_seed12_50k__sy_2014_seed1,dba09881156539b3ad34cf72ea1cc08db5be74f8018a03a49e1eba481815ff7f,SY,2014,1,dqn,20000,133.0,,,,11852.63671875,5276.471557617188,,0.0,0.0,,90.0,150.0,0.0,0.0,2,"{""amir"": 0.0, ""anfer"": 0.0}",0.0,0.0,5741.0
021_04_sy2014_ic2_dqn_seed12_50k__sy_2014_seed1,dba09881156539b3ad34cf72ea1cc08db5be74f8018a03a49e1eba481815ff7f,SY,2014,1,dqn,20000,134.0,,,,12007.564697265623,5431.3995361328125,,0.0,0.0,,90.0,150.0,0.0,0.0,1,"{""amir"": 0.0, ""anfer"": 0.0}",0.0,0.0,5741.0
021_04_sy2014_ic2_dqn_seed12_50k__sy_2014_seed1,dba09881156539b3ad34cf72ea1cc08db5be74f8018a03a49e1eba481815ff7f,SY,2014,1,dqn,20000,135.0,,,,12162.49267578125,5586.3275146484375,,0.0,0.0,,90.0,150.0,0.0,0.0,1,"{""amir"": 0.0, ""anfer"": 0.0}",0.0,0.0,5741.0
021_04_sy2014_ic2_dqn_seed12_50k__sy_2014_seed1,dba09881156539b3ad34cf72ea1cc08db5be74f8018a03a49e1eba481815ff7f,SY,2014,1,dqn,20000,136.0,,,,12317.420654296877,5741.2548828125,,0.0,0.0,,90.0,150.0,0.0,0.0,1,"{""amir"": 0.0, ""anfer"": 0.0}",0.0,0.0,5741.0
021_04_sy2014_ic2_dqn_seed12_50k__sy_2014_seed1,dba09881156539b3ad34cf72ea1cc08db5be74f8018a03a49e1eba481815ff7f,SY,2014,1,dqn,20000,137.0,,,,12317.420654296877,5741.2548828125,,0.0,0.0,,90.0,150.0,0.0,0.0,1,"{""amir"": 0.0, ""anfer"": 0.0}",0.0,0.0,5741.0
021_04_sy2014_ic2_dqn_seed12_50k__sy_2014_seed1,dba09881156539b3ad34cf72ea1cc08db5be74f8018a03a49e1eba481815ff7f,SY,2014,1,dqn,20000,138.0,,,,12317.420654296877,5741.2548828125,,0.0,0.0,,90.0,150.0,0.0,0.0,1,"{""amir"": 0.0, ""anfer"": 0.0}",0.0,0.0,5741.0
021_04_sy2014_ic2_dqn_seed12_50k__sy_2014_seed1,dba09881156539b3ad34cf72ea1cc08db5be74f8018a03a49e1eba481815ff7f,SY,2014,1,dqn,20000,139.0,,,,12317.420654296877,5741.2548828125,,0.0,0.0,,90.0,150.0,0.0,0.0,1,"{""amir"": 0.0, ""anfer"": 0.0}",0.0,0.0,5741.0
021_04_sy2014_ic2_dqn_seed12_50k__sy_2014_seed1,dba09881156539b3ad34cf72ea1cc08db5be74f8018a03a49e1eba481815ff7f,SY,2014,1,dqn,20000,139.0,,,,12317.420654296877,5741.2548828125,,0.0,0.0,,90.0,150.0,0.0,0.0,1,"{""amir"": 0.0, ""anfer"": 0.0}",333.2548828125,333.2548828125,5741.0
021_04_sy2014_ic2_dqn_seed12_50k__sy_2014_seed1,dba09881156539b3ad34cf72ea1cc08db5be74f8018a03a49e1eba481815ff7f,SY,2014,1,dqn,25000,0.0,,,,0.0,0.0,,0.0,0.0,,0.0,0.0,0.0,0.0,7,"{""amir"": 0.0, ""anfer"": 0.0}",0.0,0.0,5514.0
021_04_sy2014_ic2_dqn_seed12_50k__sy_2014_seed1,dba09881156539b3ad34cf72ea1cc08db5be74f8018a03a49e1eba481815ff7f,SY,2014,1,dqn,25000,0.0,,,,0.0,0.0,,0.0,0.0,,0.0,0.0,0.0,0.0,0,"{""amir"": 0.0, ""anfer"": 0.0}",0.0,0.0,5514.0
021_04_sy2014_ic2_dqn_seed12_50k__sy_2014_seed1,dba09881156539b3ad34cf72ea1cc08db5be74f8018a03a49e1eba481815ff7f,SY,2014,1,dqn,25000,0.0,,,,0.0,0.0,,0.0,0.0,,0.0,0.0,0.0,0.0,3,"{""amir"": 0.0, ""anfer"": 0.0}",0.0,0.0,5514.0
021_04_sy2014_ic2_dqn_seed12_50k__sy_2014_seed1,dba09881156539b3ad34cf72ea1cc08db5be74f8018a03a49e1eba481815ff7f,SY,2014,1,dqn,25000,0.0,,,,0.0,0.0,,0.0,0.0,,0.0,0.0,0.0,0.0,3,"{""amir"": 0.0, ""anfer"": 0.0}",0.0,0.0,5514.0
021_04_sy2014_ic2_dqn_seed12_50k__sy_2014_seed1,dba09881156539b3ad34cf72ea1cc08db5be74f8018a03a49e1eba481815ff7f,SY,2014,1,dqn,25000,0.0,,,,0.0,0.0,,0.0,0.0,,0.0,0.0,0.0,0.0,3,"{""amir"": 0.0, ""anfer"": 0.0}",0.0,0.0,5514.0
021_04_sy2014_ic2_dqn_seed12_50k__sy_2014_seed1,dba09881156539b3ad34cf72ea1cc08db5be74f8018a03a49e1eba481815ff7f,SY,2014,1,dqn,25000,0.0,,,,0.0,0.0,,0.0,0.0,,0.0,0.0,0.0,0.0,3,"{""amir"": 0.0, ""anfer"": 0.0}",0.0,0.0,5514.0
021_04_sy2014_ic2_dqn_seed12_50k__sy_2014_seed1,dba09881156539b3ad34cf72ea1cc08db5be74f8018a03a49e1eba481815ff7f,SY,2014,1,dqn,25000,0.0,,,,0.0,0.0,,0.0,0.0,,0.0,0.0,0.0,0.0,2,"{""amir"": 0.0, ""anfer"": 0.0}",0.0,0.0,5514.0
021_04_sy2014_ic2_dqn_seed12_50k__sy_2014_seed1,dba09881156539b3ad34cf72ea1cc08db5be74f8018a03a49e1eba481815ff7f,SY,2014,1,dqn,25000,0.0,,,,0.0,0.0,,0.0,0.0,,0.0,0.0,0.0,0.0,0,"{""amir"": 0.0, ""anfer"": 0.0}",0.0,0.0,5514.0
021_04_sy2014_ic2_dqn_seed12_50k__sy_2014_seed1,dba09881156539b3ad34cf72ea1cc08db5be74f8018a03a49e1eba481815ff7f,SY,2014,1,dqn,25000,0.0,,,,0.0,0.0,,0.0,0.0,,0.0,0.0,0.0,0.0,0,"{""amir"": 0.0, ""anfer"": 0.0}",0.0,0.0,5514.0
021_04_sy2014_ic2_dqn_seed12_50k__sy_2014_seed1,dba09881156539b3ad34cf72ea1cc08db5be74f8018a03a49e1eba481815ff7f,SY,2014,1,dqn,25000,0.0,,,,0.0,0.0,,0.0,0.0,,0.0,0.0,0.0,0.0,0,"{""amir"": 0.0, ""anfer"": 0.0}",0.0,0.0,5514.0
021_04_sy2014_ic2_dqn_seed12_50k__sy_2014_seed1,dba09881156539b3ad34cf72ea1cc08db5be74f8018a03a49e1eba481815ff7f,SY,2014,1,dqn,25000,0.0,,,,0.0,0.0,,0.0,0.0,,0.0,0.0,0.0,0.0,2,"{""amir"": 0.0, ""anfer"": 0.0}",0.0,0.0,5514.0
021_04_sy2014_ic2_dqn_seed12_50k__sy_2014_seed1,dba09881156539b3ad34cf72ea1cc08db5be74f8018a03a49e1eba481815ff7f,SY,2014,1,dqn,25000,0.0,,,,0.0,0.0,,0.0,0.0,,0.0,0.0,0.0,0.0,0,"{""amir"": 0.0, ""anfer"": 0.0}",0.0,0.0,5514.0
021_04_sy2014_ic2_dqn_seed12_50k__sy_2014_seed1,dba09881156539b3ad34cf72ea1cc08db5be74f8018a03a49e1eba481815ff7f,SY,2014,1,dqn,25000,0.0,,,,0.0,0.0,,0.0,0.0,,0.0,0.0,0.0,0.0,0,"{""amir"": 0.0, ""anfer"": 0.0}",0.0,0.0,5514.0
021_04_sy2014_ic2_dqn_seed12_50k__sy_2014_seed1,dba09881156539b3ad34cf72ea1cc08db5be74f8018a03a49e1eba481815ff7f,SY,2014,1,dqn,25000,0.0,,,,0.0,0.0,,0.0,0.0,,0.0,0.0,0.0,0.0,0,"{""amir"": 0.0, ""anfer"": 0.0}",0.0,0.0,5514.0
021_04_sy2014_ic2_dqn_seed12_50k__sy_2014_seed1,dba09881156539b3ad34cf72ea1cc08db5be74f8018a03a49e1eba481815ff7f,SY,2014,1,dqn,25000,0.0,,,,0.0,0.0,,0.0,0.0,,0.0,0.0,0.0,0.0,0,"{""amir"": 0.0, ""anfer"": 0.0}",0.0,0.0,5514.0
021_04_sy2014_ic2_dqn_seed12_50k__sy_2014_seed1,dba09881156539b3ad34cf72ea1cc08db5be74f8018a03a49e1eba481815ff7f,SY,2014,1,dqn,25000,0.0,,,,0.0,0.0,,0.0,0.0,,0.0,0.0,0.0,0.0,2,"{""amir"": 0.0, ""anfer"": 0.0}",0.0,0.0,5514.0
021_04_sy2014_ic2_dqn_seed12_50k__sy_2014_seed1,dba09881156539b3ad34cf72ea1cc08db5be74f8018a03a49e1eba481815ff7f,SY,2014,1,dqn,25000,0.0,,,,0.0,0.0,,0.0,0.0,,0.0,0.0,0.0,0.0,0,"{""amir"": 0.0, ""anfer"": 0.0}",0.0,0.0,5514.0
021_04_sy2014_ic2_dqn_seed12_50k__sy_2014_seed1,dba09881156539b3ad34cf72ea1cc08db5be74f8018a03a49e1eba481815ff7f,SY,2014,1,dqn,25000,0.0,,,,0.0,0.0,,0.0,0.0,,0.0,0.0,0.0,0.0,0,"{""amir"": 0.0, ""anfer"": 0.0}",0.0,0.0,5514.0
021_04_sy2014_ic2_dqn_seed12_50k__sy_2014_seed1,dba09881156539b3ad34cf72ea1cc08db5be74f8018a03a49e1eba481815ff7f,SY,2014,1,dqn,25000,0.0,,,,0.0,0.0,,0.0,0.0,,0.0,0.0,0.0,0.0,2,"{""amir"": 0.0, ""anfer"": 0.0}",0.0,0.0,5514.0
021_04_sy2014_ic2_dqn_seed12_50k__sy_2014_seed1,dba09881156539b3ad34cf72ea1cc08db5be74f8018a03a49e1eba481815ff7f,SY,2014,1,dqn,25000,0.0,,,,0.0,0.0,,0.0,0.0,,0.0,0.0,0.0,0.0,0,"{""amir"": 0.0, ""anfer"": 0.0}",0.0,0.0,5514.0
021_04_sy2014_ic2_dqn_seed12_50k__sy_2014_seed1,dba09881156539b3ad34cf72ea1cc08db5be74f8018a03a49e1eba481815ff7f,SY,2014,1,dqn,25000,1.0,,,,0.0,0.0,,0.0,0.0,,0.0,0.0,0.0,0.0,0,"{""amir"": 0.0, ""anfer"": 0.0}",0.0,0.0,5514.0
021_04_sy2014_ic2_dqn_seed12_50k__sy_2014_seed1,dba09881156539b3ad34cf72ea1cc08db5be74f8018a03a49e1eba481815ff7f,SY,2014,1,dqn,25000,2.0,,,,0.0,0.0,,0.0,0.0,,0.0,0.0,0.0,0.0,0,"{""amir"": 0.0, ""anfer"": 0.0}",0.0,0.0,5514.0
021_04_sy2014_ic2_dqn_seed12_50k__sy_2014_seed1,dba09881156539b3ad34cf72ea1cc08db5be74f8018a03a49e1eba481815ff7f,SY,2014,1,dqn,25000,3.0,,,,0.0,0.0,,0.0,0.0,,0.0,0.0,0.0,0.0,0,"{""amir"": 0.0, ""anfer"": 0.0}",0.0,0.0,5514.0
021_04_sy2014_ic2_dqn_seed12_50k__sy_2014_seed1,dba09881156539b3ad34cf72ea1cc08db5be74f8018a03a49e1eba481815ff7f,SY,2014,1,dqn,25000,4.0,,,,0.0,0.0,,0.0,0.0,,0.0,0.0,0.0,0.0,0,"{""amir"": 0.0, ""anfer"": 0.0}",0.0,0.0,5514.0
021_04_sy2014_ic2_dqn_seed12_50k__sy_2014_seed1,dba09881156539b3ad34cf72ea1cc08db5be74f8018a03a49e1eba481815ff7f,SY,2014,1,dqn,25000,5.0,,,,0.0,0.0,,0.0,0.0,,0.0,0.0,0.0,0.0,0,"{""amir"": 0.0, ""anfer"": 0.0}",0.0,0.0,5514.0
021_04_sy2014_ic2_dqn_seed12_50k__sy_2014_seed1,dba09881156539b3ad34cf72ea1cc08db5be74f8018a03a49e1eba481815ff7f,SY,2014,1,dqn,25000,6.0,,,,0.0,0.0,,0.0,0.0,,0.0,0.0,0.0,0.0,0,"{""amir"": 0.0, ""anfer"": 0.0}",0.0,0.0,5514.0
021_04_sy2014_ic2_dqn_seed12_50k__sy_2014_seed1,dba09881156539b3ad34cf72ea1cc08db5be74f8018a03a49e1eba481815ff7f,SY,2014,1,dqn,25000,7.0,,,,0.0,0.0,,0.0,0.0,,0.0,0.0,0.0,0.0,0,"{""amir"": 0.0, ""anfer"": 0.0}",0.0,0.0,5514.0
021_04_sy2014_ic2_dqn_seed12_50k__sy_2014_seed1,dba09881156539b3ad34cf72ea1cc08db5be74f8018a03a49e1eba481815ff7f,SY,2014,1,dqn,25000,8.0,,,,0.0,0.0,,0.0,0.0,,0.0,0.0,0.0,0.0,0,"{""amir"": 0.0, ""anfer"": 0.0}",0.0,0.0,5514.0
021_04_sy2014_ic2_dqn_seed12_50k__sy_2014_seed1,dba09881156539b3ad34cf72ea1cc08db5be74f8018a03a49e1eba481815ff7f,SY,2014,1,dqn,25000,9.0,,,,0.0,0.0,,0.0,0.0,,0.0,0.0,0.0,0.0,0,"{""amir"": 0.0, ""anfer"": 0.0}",0.0,0.0,5514.0
021_04_sy2014_ic2_dqn_seed12_50k__sy_2014_seed1,dba09881156539b3ad34cf72ea1cc08db5be74f8018a03a49e1eba481815ff7f,SY,2014,1,dqn,25000,10.0,,,,19.200000762939453,0.0,,0.0,0.0121910572052001,,0.0,0.0,0.0,0.0,0,"{""amir"": 0.0, ""anfer"": 0.0}",0.0,0.0,5514.0
021_04_sy2014_ic2_dqn_seed12_50k__sy_2014_seed1,dba09881156539b3ad34cf72ea1cc08db5be74f8018a03a49e1eba481815ff7f,SY,2014,1,dqn,25000,11.0,,,,19.200000762939453,0.0,,0.0,0.011216402053833,,0.0,0.0,0.0,0.0,0,"{""amir"": 0.0, ""anfer"": 0.0}",0.0,0.0,5514.0
021_04_sy2014_ic2_dqn_seed12_50k__sy_2014_seed1,dba09881156539b3ad34cf72ea1cc08db5be74f8018a03a49e1eba481815ff7f,SY,2014,1,dqn,25000,12.0,,,,19.200000762939453,0.0,,0.0,0.0090978145599365,,0.0,0.0,0.0,0.0,0,"{""amir"": 0.0, ""anfer"": 0.0}",0.0,0.0,5514.0
021_04_sy2014_ic2_dqn_seed12_50k__sy_2014_seed1,dba09881156539b3ad34cf72ea1cc08db5be74f8018a03a49e1eba481815ff7f,SY,2014,1,dqn,25000,13.0,,,,19.200000762939453,0.0,,0.0,0.0069259405136108,,0.0,0.0,0.0,0.0,0,"{""amir"": 0.0, ""anfer"": 0.0}",0.0,0.0,5514.0
021_04_sy2014_ic2_dqn_seed12_50k__sy_2014_seed1,dba09881156539b3ad34cf72ea1cc08db5be74f8018a03a49e1eba481815ff7f,SY,2014,1,dqn,25000,14.0,,,,19.200000762939453,0.0,,0.0,0.006073772907257,,0.0,0.0,0.0,0.0,0,"{""amir"": 0.0, ""anfer"": 0.0}",0.0,0.0,5514.0
021_04_sy2014_ic2_dqn_seed12_50k__sy_2014_seed1,dba09881156539b3ad34cf72ea1cc08db5be74f8018a03a49e1eba481815ff7f,SY,2014,1,dqn,25000,15.0,,,,19.200000762939453,0.0,,0.0,0.0052758455276489,,0.0,0.0,0.0,0.0,0,"{""amir"": 0.0, ""anfer"": 0.0}",0.0,0.0,5514.0
021_04_sy2014_ic2_dqn_seed12_50k__sy_2014_seed1,dba09881156539b3ad34cf72ea1cc08db5be74f8018a03a49e1eba481815ff7f,SY,2014,1,dqn,25000,16.0,,,,19.200000762939453,0.0,,0.0,0.0030127763748168,,0.0,0.0,0.0,0.0,0,"{""amir"": 0.0, ""anfer"": 0.0}",0.0,0.0,5514.0
021_04_sy2014_ic2_dqn_seed12_50k__sy_2014_seed1,dba09881156539b3ad34cf72ea1cc08db5be74f8018a03a49e1eba481815ff7f,SY,2014,1,dqn,25000,17.0,,,,19.200000762939453,0.0,,0.0,0.0017459988594055,,0.0,0.0,0.0,0.0,0,"{""amir"": 0.0, ""anfer"": 0.0}",0.0,0.0,5514.0
021_04_sy2014_ic2_dqn_seed12_50k__sy_2014_seed1,dba09881156539b3ad34cf72ea1cc08db5be74f8018a03a49e1eba481815ff7f,SY,2014,1,dqn,25000,18.0,,,,19.200000762939453,0.0,,0.0,0.0,,0.0,0.0,0.0,0.0,0,"{""amir"": 0.0, ""anfer"": 0.0}",0.0,0.0,5514.0
021_04_sy2014_ic2_dqn_seed12_50k__sy_2014_seed1,dba09881156539b3ad34cf72ea1cc08db5be74f8018a03a49e1eba481815ff7f,SY,2014,1,dqn,25000,19.0,,,,19.200000762939453,0.0,,0.0,0.0,,0.0,0.0,0.0,0.0,0,"{""amir"": 0.0, ""anfer"": 0.0}",0.0,0.0,5514.0
021_04_sy2014_ic2_dqn_seed12_50k__sy_2014_seed1,dba09881156539b3ad34cf72ea1cc08db5be74f8018a03a49e1eba481815ff7f,SY,2014,1,dqn,25000,20.0,,,,19.200000762939453,0.0,,0.0,0.0,,0.0,0.0,0.0,0.0,0,"{""amir"": 0.0, ""anfer"": 0.0}",0.0,0.0,5514.0
021_04_sy2014_ic2_dqn_seed12_50k__sy_2014_seed1,dba09881156539b3ad34cf72ea1cc08db5be74f8018a03a49e1eba481815ff7f,SY,2014,1,dqn,25000,21.0,,,,19.200000762939453,0.0,,0.0,0.0,,0.0,0.0,0.0,0.0,0,"{""amir"": 0.0, ""anfer"": 0.0}",0.0,0.0,5514.0
021_04_sy2014_ic2_dqn_seed12_50k__sy_2014_seed1,dba09881156539b3ad34cf72ea1cc08db5be74f8018a03a49e1eba481815ff7f,SY,2014,1,dqn,25000,22.0,,,,19.200000762939453,0.0,,0.0,0.0,,0.0,0.0,0.0,0.0,0,"{""amir"": 0.0, ""anfer"": 0.0}",0.0,0.0,5514.0
021_04_sy2014_ic2_dqn_seed12_50k__sy_2014_seed1,dba09881156539b3ad34cf72ea1cc08db5be74f8018a03a49e1eba481815ff7f,SY,2014,1,dqn,25000,23.0,,,,19.200000762939453,0.0,,0.0,0.0,,0.0,0.0,0.0,0.0,0,"{""amir"": 0.0, ""anfer"": 0.0}",0.0,0.0,5514.0
021_04_sy2014_ic2_dqn_seed12_50k__sy_2014_seed1,dba09881156539b3ad34cf72ea1cc08db5be74f8018a03a49e1eba481815ff7f,SY,2014,1,dqn,25000,24.0,,,,19.200000762939453,0.0,,0.0,0.0,,0.0,0.0,0.0,0.0,0,"{""amir"": 0.0, ""anfer"": 0.0}",0.0,0.0,5514.0
021_04_sy2014_ic2_dqn_seed12_50k__sy_2014_seed1,dba09881156539b3ad34cf72ea1cc08db5be74f8018a03a49e1eba481815ff7f,SY,2014,1,dqn,25000,25.0,,,,19.200000762939453,0.0,,0.0,0.0,,0.0,0.0,0.0,0.0,0,"{""amir"": 0.0, ""anfer"": 0.0}",0.0,0.0,5514.0
021_04_sy2014_ic2_dqn_seed12_50k__sy_2014_seed1,dba09881156539b3ad34cf72ea1cc08db5be74f8018a03a49e1eba481815ff7f,SY,2014,1,dqn,25000,26.0,,,,21.344969272613525,0.0,,0.0,0.0,,0.0,0.0,0.0,0.0,0,"{""amir"": 0.0, ""anfer"": 0.0}",0.0,0.0,5514.0
021_04_sy2014_ic2_dqn_seed12_50k__sy_2014_seed1,dba09881156539b3ad34cf72ea1cc08db5be74f8018a03a49e1eba481815ff7f,SY,2014,1,dqn,25000,27.0,,,,24.753751754760746,0.0,,0.0,0.0,,0.0,0.0,0.0,0.0,0,"{""amir"": 0.0, ""anfer"": 0.0}",0.0,0.0,5514.0
021_04_sy2014_ic2_dqn_seed12_50k__sy_2014_seed1,dba09881156539b3ad34cf72ea1cc08db5be74f8018a03a49e1eba481815ff7f,SY,2014,1,dqn,25000,28.0,,,,29.73308563232422,0.0,,0.0,0.0,,0.0,0.0,0.0,0.0,0,"{""amir"": 0.0, ""anfer"": 0.0}",0.0,0.0,5514.0
021_04_sy2014_ic2_dqn_seed12_50k__sy_2014_seed1,dba09881156539b3ad34cf72ea1cc08db5be74f8018a03a49e1eba481815ff7f,SY,2014,1,dqn,25000,29.0,,,,33.97267818450928,0.0,,0.0,0.0,,0.0,0.0,0.0,0.0,0,"{""amir"": 0.0, ""anfer"": 0.0}",0.0,0.0,5514.0
021_04_sy2014_ic2_dqn_seed12_50k__sy_2014_seed1,dba09881156539b3ad34cf72ea1cc08db5be74f8018a03a49e1eba481815ff7f,SY,2014,1,dqn,25000,30.0,,,,37.713940143585205,0.0,,0.0,0.0,,0.0,0.0,0.0,0.0,0,"{""amir"": 0.0, ""anfer"": 0.0}",0.0,0.0,5514.0
021_04_sy2014_ic2_dqn_seed12_50k__sy_2014_seed1,dba09881156539b3ad34cf72ea1cc08db5be74f8018a03a49e1eba481815ff7f,SY,2014,1,dqn,25000,31.0,,,,45.03967761993408,0.0,,0.0,0.0,,0.0,0.0,0.0,0.0,0,"{""amir"": 0.0, ""anfer"": 0.0}",0.0,0.0,5514.0
021_04_sy2014_ic2_dqn_seed12_50k__sy_2014_seed1,dba09881156539b3ad34cf72ea1cc08db5be74f8018a03a49e1eba481815ff7f,SY,2014,1,dqn,25000,32.0,,,,52.25168704986572,0.0,,0.0,0.0,,0.0,0.0,0.0,0.0,0,"{""amir"": 0.0, ""anfer"": 0.0}",0.0,0.0,5514.0
021_04_sy2014_ic2_dqn_seed12_50k__sy_2014_seed1,dba09881156539b3ad34cf72ea1cc08db5be74f8018a03a49e1eba481815ff7f,SY,2014,1,dqn,25000,33.0,,,,62.70843029022217,0.0,,0.0,0.0,,0.0,0.0,0.0,0.0,0,"{""amir"": 0.0, ""anfer"": 0.0}",0.0,0.0,5514.0
021_04_sy2014_ic2_dqn_seed12_50k__sy_2014_seed1,dba09881156539b3ad34cf72ea1cc08db5be74f8018a03a49e1eba481815ff7f,SY,2014,1,dqn,25000,34.0,,,,71.75473690032959,0.0,,0.0,0.0,,0.0,0.0,0.0,0.0,0,"{""amir"": 0.0, ""anfer"": 0.0}",0.0,0.0,5514.0
021_04_sy2014_ic2_dqn_seed12_50k__sy_2014_seed1,dba09881156539b3ad34cf72ea1cc08db5be74f8018a03a49e1eba481815ff7f,SY,2014,1,dqn,25000,35.0,,,,74.65672969818115,0.0,,0.0,0.0,,0.0,0.0,0.0,0.0,0,"{""amir"": 0.0, ""anfer"": 0.0}",0.0,0.0,5514.0
021_04_sy2014_ic2_dqn_seed12_50k__sy_2014_seed1,dba09881156539b3ad34cf72ea1cc08db5be74f8018a03a49e1eba481815ff7f,SY,2014,1,dqn,25000,36.0,,,,87.41036415100098,0.0,,0.0,0.0017406940460205,,0.0,0.0,0.0,0.0,0,"{""amir"": 0.0, ""anfer"": 0.0}",0.0,0.0,5514.0
021_04_sy2014_ic2_dqn_seed12_50k__sy_2014_seed1,dba09881156539b3ad34cf72ea1cc08db5be74f8018a03a49e1eba481815ff7f,SY,2014,1,dqn,25000,37.0,,,,103.39940071105956,0.0,,0.0,0.0,,0.0,0.0,0.0,0.0,0,"{""amir"": 0.0, ""anfer"": 0.0}",0.0,0.0,5514.0
021_04_sy2014_ic2_dqn_seed12_50k__sy_2014_seed1,dba09881156539b3ad34cf72ea1cc08db5be74f8018a03a49e1eba481815ff7f,SY,2014,1,dqn,25000,38.0,,,,123.37764739990234,0.0,,0.0,0.0,,0.0,0.0,0.0,0.0,0,"{""amir"": 0.0, ""anfer"": 0.0}",0.0,0.0,5514.0
021_04_sy2014_ic2_dqn_seed12_50k__sy_2014_seed1,dba09881156539b3ad34cf72ea1cc08db5be74f8018a03a49e1eba481815ff7f,SY,2014,1,dqn,25000,39.0,,,,148.9447784423828,0.0,,0.0,0.0,,0.0,0.0,0.0,0.0,0,"{""amir"": 0.0, ""anfer"": 0.0}",0.0,0.0,5514.0
021_04_sy2014_ic2_dqn_seed12_50k__sy_2014_seed1,dba09881156539b3ad34cf72ea1cc08db5be74f8018a03a49e1eba481815ff7f,SY,2014,1,dqn,25000,40.0,,,,178.76474380493164,0.0,,0.0,0.0,,0.0,0.0,0.0,0.0,0,"{""amir"": 0.0, ""anfer"": 0.0}",0.0,0.0,5514.0
021_04_sy2014_ic2_dqn_seed12_50k__sy_2014_seed1,dba09881156539b3ad34cf72ea1cc08db5be74f8018a03a49e1eba481815ff7f,SY,2014,1,dqn,25000,41.0,,,,216.6964530944824,0.0,,0.0,0.0,,0.0,0.0,0.0,0.0,0,"{""amir"": 0.0, ""anfer"": 0.0}",0.0,0.0,5514.0
021_04_sy2014_ic2_dqn_seed12_50k__sy_2014_seed1,dba09881156539b3ad34cf72ea1cc08db5be74f8018a03a49e1eba481815ff7f,SY,2014,1,dqn,25000,42.0,,,,254.9726104736328,0.0,,0.0,0.0,,0.0,0.0,0.0,0.0,0,"{""amir"": 0.0, ""anfer"": 0.0}",0.0,0.0,5514.0
021_04_sy2014_ic2_dqn_seed12_50k__sy_2014_seed1,dba09881156539b3ad34cf72ea1cc08db5be74f8018a03a49e1eba481815ff7f,SY,2014,1,dqn,25000,43.0,,,,290.72134017944336,0.0,,0.0,0.0,,0.0,0.0,0.0,0.0,0,"{""amir"": 0.0, ""anfer"": 0.0}",0.0,0.0,5514.0
021_04_sy2014_ic2_dqn_seed12_50k__sy_2014_seed1,dba09881156539b3ad34cf72ea1cc08db5be74f8018a03a49e1eba481815ff7f,SY,2014,1,dqn,25000,44.0,,,,331.7587280273437,0.0,,0.0,0.0,,0.0,0.0,0.0,0.0,0,"{""amir"": 0.0, ""anfer"": 0.0}",0.0,0.0,5514.0
021_04_sy2014_ic2_dqn_seed12_50k__sy_2014_seed1,dba09881156539b3ad34cf72ea1cc08db5be74f8018a03a49e1eba481815ff7f,SY,2014,1,dqn,25000,45.0,,,,379.79591369628906,0.0,,0.0,0.0,,0.0,0.0,0.0,0.0,0,"{""amir"": 0.0, ""anfer"": 0.0}",0.0,0.0,5514.0
021_04_sy2014_ic2_dqn_seed12_50k__sy_2014_seed1,dba09881156539b3ad34cf72ea1cc08db5be74f8018a03a49e1eba481815ff7f,SY,2014,1,dqn,25000,46.0,,,,434.5947647094727,0.0,,0.0,0.0,,0.0,0.0,0.0,0.0,0,"{""amir"": 0.0, ""anfer"": 0.0}",0.0,0.0,5514.0
021_04_sy2014_ic2_dqn_seed12_50k__sy_2014_seed1,dba09881156539b3ad34cf72ea1cc08db5be74f8018a03a49e1eba481815ff7f,SY,2014,1,dqn,25000,47.0,,,,484.5530700683594,0.0,,0.0,0.0,,0.0,0.0,0.0,0.0,0,"{""amir"": 0.0, ""anfer"": 0.0}",0.0,0.0,5514.0
021_04_sy2014_ic2_dqn_seed12_50k__sy_2014_seed1,dba09881156539b3ad34cf72ea1cc08db5be74f8018a03a49e1eba481815ff7f,SY,2014,1,dqn,25000,48.0,,,,528.6686706542969,0.0,,0.0,0.0,,0.0,0.0,0.0,0.0,0,"{""amir"": 0.0, ""anfer"": 0.0}",0.0,0.0,5514.0
021_04_sy2014_ic2_dqn_seed12_50k__sy_2014_seed1,dba09881156539b3ad34cf72ea1cc08db5be74f8018a03a49e1eba481815ff7f,SY,2014,1,dqn,25000,49.0,,,,574.9260330200195,0.0,,0.0,0.0,,0.0,0.0,0.0,0.0,0,"{""amir"": 0.0, ""anfer"": 0.0}",0.0,0.0,5514.0
021_04_sy2014_ic2_dqn_seed12_50k__sy_2014_seed1,dba09881156539b3ad34cf72ea1cc08db5be74f8018a03a49e1eba481815ff7f,SY,2014,1,dqn,25000,50.0,,,,634.3387985229492,0.0,,0.0,0.0,,0.0,0.0,0.0,0.0,0,"{""amir"": 0.0, ""anfer"": 0.0}",0.0,0.0,5514.0
021_04_sy2014_ic2_dqn_seed12_50k__sy_2014_seed1,dba09881156539b3ad34cf72ea1cc08db5be74f8018a03a49e1eba481815ff7f,SY,2014,1,dqn,25000,51.0,,,,697.6332092285156,0.0,,0.0,0.0,,0.0,0.0,0.0,0.0,0,"{""amir"": 0.0, ""anfer"": 0.0}",0.0,0.0,5514.0
021_04_sy2014_ic2_dqn_seed12_50k__sy_2014_seed1,dba09881156539b3ad34cf72ea1cc08db5be74f8018a03a49e1eba481815ff7f,SY,2014,1,dqn,25000,52.0,,,,756.484375,0.0,,0.0,0.0,,0.0,0.0,0.0,0.0,0,"{""amir"": 0.0, ""anfer"": 0.0}",0.0,0.0,5514.0
021_04_sy2014_ic2_dqn_seed12_50k__sy_2014_seed1,dba09881156539b3ad34cf72ea1cc08db5be74f8018a03a49e1eba481815ff7f,SY,2014,1,dqn,25000,53.0,,,,825.2777099609375,0.0,,0.0,0.0,,0.0,0.0,0.0,0.0,0,"{""amir"": 0.0, ""anfer"": 0.0}",0.0,0.0,5514.0
021_04_sy2014_ic2_dqn_seed12_50k__sy_2014_seed1,dba09881156539b3ad34cf72ea1cc08db5be74f8018a03a49e1eba481815ff7f,SY,2014,1,dqn,25000,54.0,,,,900.40771484375,0.0,,0.0,0.0,,0.0,0.0,0.0,0.0,0,"{""amir"": 0.0, ""anfer"": 0.0}",0.0,0.0,5514.0
021_04_sy2014_ic2_dqn_seed12_50k__sy_2014_seed1,dba09881156539b3ad34cf72ea1cc08db5be74f8018a03a49e1eba481815ff7f,SY,2014,1,dqn,25000,55.0,,,,983.9599609375,0.0,,0.0,0.0,,0.0,0.0,0.0,0.0,0,"{""amir"": 0.0, ""anfer"": 0.0}",0.0,0.0,5514.0
021_04_sy2014_ic2_dqn_seed12_50k__sy_2014_seed1,dba09881156539b3ad34cf72ea1cc08db5be74f8018a03a49e1eba481815ff7f,SY,2014,1,dqn,25000,56.0,,,,1089.1144561767578,0.0,,0.0,0.0,,0.0,0.0,0.0,0.0,0,"{""amir"": 0.0, ""anfer"": 0.0}",0.0,0.0,5514.0
021_04_sy2014_ic2_dqn_seed12_50k__sy_2014_seed1,dba09881156539b3ad34cf72ea1cc08db5be74f8018a03a49e1eba481815ff7f,SY,2014,1,dqn,25000,57.0,,,,1195.4468536376953,0.0,,0.0,0.0,,0.0,0.0,0.0,0.0,0,"{""amir"": 0.0, ""anfer"": 0.0}",0.0,0.0,5514.0
021_04_sy2014_ic2_dqn_seed12_50k__sy_2014_seed1,dba09881156539b3ad34cf72ea1cc08db5be74f8018a03a49e1eba481815ff7f,SY,2014,1,dqn,25000,58.0,,,,1295.7649230957031,0.0,,0.0,0.0,,0.0,0.0,0.0,0.0,0,"{""amir"": 0.0, ""anfer"": 0.0}",0.0,0.0,5514.0
021_04_sy2014_ic2_dqn_seed12_50k__sy_2014_seed1,dba09881156539b3ad34cf72ea1cc08db5be74f8018a03a49e1eba481815ff7f,SY,2014,1,dqn,25000,59.0,,,,1383.7161254882812,0.0,,0.0,0.0,,0.0,0.0,0.0,0.0,0,"{""amir"": 0.0, ""anfer"": 0.0}",0.0,0.0,5514.0
021_04_sy2014_ic2_dqn_seed12_50k__sy_2014_seed1,dba09881156539b3ad34cf72ea1cc08db5be74f8018a03a49e1eba481815ff7f,SY,2014,1,dqn,25000,60.0,,,,1484.290008544922,0.0,,0.0,0.0,,0.0,0.0,0.0,0.0,0,"{""amir"": 0.0, ""anfer"": 0.0}",0.0,0.0,5514.0
021_04_sy2014_ic2_dqn_seed12_50k__sy_2014_seed1,dba09881156539b3ad34cf72ea1cc08db5be74f8018a03a49e1eba481815ff7f,SY,2014,1,dqn,25000,61.0,,,,1592.70751953125,0.0,,0.0,0.0,,0.0,0.0,0.0,0.0,0,"{""amir"": 0.0, ""anfer"": 0.0}",0.0,0.0,5514.0
021_04_sy2014_ic2_dqn_seed12_50k__sy_2014_seed1,dba09881156539b3ad34cf72ea1cc08db5be74f8018a03a49e1eba481815ff7f,SY,2014,1,dqn,25000,62.0,,,,1710.9112548828125,0.0,,0.0,0.0,,0.0,0.0,0.0,0.0,0,"{""amir"": 0.0, ""anfer"": 0.0}",0.0,0.0,5514.0
021_04_sy2014_ic2_dqn_seed12_50k__sy_2014_seed1,dba09881156539b3ad34cf72ea1cc08db5be74f8018a03a49e1eba481815ff7f,SY,2014,1,dqn,25000,63.0,,,,1825.2359008789065,0.0,,0.0,0.0,,0.0,0.0,0.0,0.0,0,"{""amir"": 0.0, ""anfer"": 0.0}",0.0,0.0,5514.0
021_04_sy2014_ic2_dqn_seed12_50k__sy_2014_seed1,dba09881156539b3ad34cf72ea1cc08db5be74f8018a03a49e1eba481815ff7f,SY,2014,1,dqn,25000,64.0,,,,1949.4239807128904,0.0,,0.0,0.0,,0.0,0.0,0.0,0.0,0,"{""amir"": 0.0, ""anfer"": 0.0}",0.0,0.0,5514.0
021_04_sy2014_ic2_dqn_seed12_50k__sy_2014_seed1,dba09881156539b3ad34cf72ea1cc08db5be74f8018a03a49e1eba481815ff7f,SY,2014,1,dqn,25000,65.0,,,,2083.9894104003906,0.0,,0.0,0.0207860469818115,,0.0,0.0,0.0,0.0,0,"{""amir"": 0.0, ""anfer"": 0.0}",0.0,0.0,5514.0
021_04_sy2014_ic2_dqn_seed12_50k__sy_2014_seed1,dba09881156539b3ad34cf72ea1cc08db5be74f8018a03a49e1eba481815ff7f,SY,2014,1,dqn,25000,66.0,,,,2230.03662109375,0.0,,0.0,0.0450993180274963,,0.0,0.0,0.0,0.0,0,"{""amir"": 0.0, ""anfer"": 0.0}",0.0,0.0,5514.0
021_04_sy2014_ic2_dqn_seed12_50k__sy_2014_seed1,dba09881156539b3ad34cf72ea1cc08db5be74f8018a03a49e1eba481815ff7f,SY,2014,1,dqn,25000,67.0,,,,2352.093505859375,0.0,,0.0,0.0683484077453613,,0.0,0.0,0.0,0.0,0,"{""amir"": 0.0, ""anfer"": 0.0}",0.0,0.0,5514.0
021_04_sy2014_ic2_dqn_seed12_50k__sy_2014_seed1,dba09881156539b3ad34cf72ea1cc08db5be74f8018a03a49e1eba481815ff7f,SY,2014,1,dqn,25000,68.0,,,,2468.408660888672,0.0,,0.0,0.0903395414352417,,0.0,0.0,0.0,0.0,0,"{""amir"": 0.0, ""anfer"": 0.0}",0.0,0.0,5514.0
021_04_sy2014_ic2_dqn_seed12_50k__sy_2014_seed1,dba09881156539b3ad34cf72ea1cc08db5be74f8018a03a49e1eba481815ff7f,SY,2014,1,dqn,25000,69.0,,,,2581.533508300781,0.0,,0.0,0.1055159568786621,,0.0,0.0,0.0,0.0,0,"{""amir"": 0.0, ""anfer"": 0.0}",0.0,0.0,5514.0
021_04_sy2014_ic2_dqn_seed12_50k__sy_2014_seed1,dba09881156539b3ad34cf72ea1cc08db5be74f8018a03a49e1eba481815ff7f,SY,2014,1,dqn,25000,70.0,,,,2711.787414550781,0.0,,0.0,0.1178019046783447,,0.0,0.0,0.0,0.0,0,"{""amir"": 0.0, ""anfer"": 0.0}",0.0,0.0,5514.0
021_04_sy2014_ic2_dqn_seed12_50k__sy_2014_seed1,dba09881156539b3ad34cf72ea1cc08db5be74f8018a03a49e1eba481815ff7f,SY,2014,1,dqn,25000,71.0,,,,2858.5064697265625,0.0,,0.0,0.1279278993606567,,0.0,0.0,0.0,0.0,0,"{""amir"": 0.0, ""anfer"": 0.0}",0.0,0.0,5514.0
021_04_sy2014_ic2_dqn_seed12_50k__sy_2014_seed1,dba09881156539b3ad34cf72ea1cc08db5be74f8018a03a49e1eba481815ff7f,SY,2014,1,dqn,25000,72.0,,,,3007.1365356445312,0.0,,0.0,0.1395850777626037,,0.0,0.0,0.0,0.0,0,"{""amir"": 0.0, ""anfer"": 0.0}",0.0,0.0,5514.0
021_04_sy2014_ic2_dqn_seed12_50k__sy_2014_seed1,dba09881156539b3ad34cf72ea1cc08db5be74f8018a03a49e1eba481815ff7f,SY,2014,1,dqn,25000,73.0,,,,3295.130920410156,0.0,,0.0,0.151700735092163,,0.0,0.0,0.0,0.0,0,"{""amir"": 0.0, ""anfer"": 0.0}",0.0,0.0,5514.0
021_04_sy2014_ic2_dqn_seed12_50k__sy_2014_seed1,dba09881156539b3ad34cf72ea1cc08db5be74f8018a03a49e1eba481815ff7f,SY,2014,1,dqn,25000,74.0,,,,3468.5317993164062,0.0,,0.0,0.1622416973114013,,0.0,0.0,0.0,0.0,0,"{""amir"": 0.0, ""anfer"": 0.0}",0.0,0.0,5514.0
021_04_sy2014_ic2_dqn_seed12_50k__sy_2014_seed1,dba09881156539b3ad34cf72ea1cc08db5be74f8018a03a49e1eba481815ff7f,SY,2014,1,dqn,25000,75.0,,,,3618.790893554688,0.0,,0.0,0.1850702762603759,,0.0,0.0,0.0,0.0,0,"{""amir"": 0.0, ""anfer"": 0.0}",0.0,0.0,5514.0
021_04_sy2014_ic2_dqn_seed12_50k__sy_2014_seed1,dba09881156539b3ad34cf72ea1cc08db5be74f8018a03a49e1eba481815ff7f,SY,2014,1,dqn,25000,76.0,,,,3750.98876953125,0.0,,0.0,0.193942129611969,,0.0,0.0,0.0,0.0,0,"{""amir"": 0.0, ""anfer"": 0.0}",0.0,0.0,5514.0
021_04_sy2014_ic2_dqn_seed12_50k__sy_2014_seed1,dba09881156539b3ad34cf72ea1cc08db5be74f8018a03a49e1eba481815ff7f,SY,2014,1,dqn,25000,77.0,,,,3869.3011474609375,0.0,,0.0,0.199248194694519,,0.0,0.0,0.0,0.0,0,"{""amir"": 0.0, ""anfer"": 0.0}",0.0,0.0,5514.0
021_04_sy2014_ic2_dqn_seed12_50k__sy_2014_seed1,dba09881156539b3ad34cf72ea1cc08db5be74f8018a03a49e1eba481815ff7f,SY,2014,1,dqn,25000,78.0,,,,3980.799865722656,0.0,,0.0,0.2072367072105407,,0.0,0.0,0.0,0.0,0,"{""amir"": 0.0, ""anfer"": 0.0}",0.0,0.0,5514.0
021_04_sy2014_ic2_dqn_seed12_50k__sy_2014_seed1,dba09881156539b3ad34cf72ea1cc08db5be74f8018a03a49e1eba481815ff7f,SY,2014,1,dqn,25000,79.0,,,,4085.190124511719,0.0,,0.0,0.2129586338996887,,0.0,0.0,0.0,0.0,0,"{""amir"": 0.0, ""anfer"": 0.0}",0.0,0.0,5514.0
021_04_sy2014_ic2_dqn_seed12_50k__sy_2014_seed1,dba09881156539b3ad34cf72ea1cc08db5be74f8018a03a49e1eba481815ff7f,SY,2014,1,dqn,25000,80.0,,,,4193.335571289063,0.0,,0.0,0.2153649926185608,,0.0,0.0,0.0,0.0,0,"{""amir"": 0.0, ""anfer"": 0.0}",0.0,0.0,5514.0
021_04_sy2014_ic2_dqn_seed12_50k__sy_2014_seed1,dba09881156539b3ad34cf72ea1cc08db5be74f8018a03a49e1eba481815ff7f,SY,2014,1,dqn,25000,81.0,,,,4284.2364501953125,0.0,,0.0,0.2190966010093689,,0.0,0.0,0.0,0.0,0,"{""amir"": 0.0, ""anfer"": 0.0}",0.0,0.0,5514.0
021_04_sy2014_ic2_dqn_seed12_50k__sy_2014_seed1,dba09881156539b3ad34cf72ea1cc08db5be74f8018a03a49e1eba481815ff7f,SY,2014,1,dqn,25000,82.0,,,,4376.9134521484375,0.0,,0.0,0.2203364968299865,,0.0,0.0,0.0,0.0,0,"{""amir"": 0.0, ""anfer"": 0.0}",0.0,0.0,5514.0
021_04_sy2014_ic2_dqn_seed12_50k__sy_2014_seed1,dba09881156539b3ad34cf72ea1cc08db5be74f8018a03a49e1eba481815ff7f,SY,2014,1,dqn,25000,83.0,,,,4468.602294921875,0.0,,0.0,0.2192417979240417,,0.0,0.0,0.0,0.0,0,"{""amir"": 0.0, ""anfer"": 0.0}",0.0,0.0,5514.0
021_04_sy2014_ic2_dqn_seed12_50k__sy_2014_seed1,dba09881156539b3ad34cf72ea1cc08db5be74f8018a03a49e1eba481815ff7f,SY,2014,1,dqn,25000,84.0,,,,4563.6083984375,0.0,,0.0,0.2172316908836364,,0.0,0.0,0.0,0.0,0,"{""amir"": 0.0, ""anfer"": 0.0}",0.0,0.0,5514.0
021_04_sy2014_ic2_dqn_seed12_50k__sy_2014_seed1,dba09881156539b3ad34cf72ea1cc08db5be74f8018a03a49e1eba481815ff7f,SY,2014,1,dqn,25000,85.0,,,,4669.2291259765625,0.0,,0.0,0.2127729654312133,,0.0,0.0,0.0,0.0,0,"{""amir"": 0.0, ""anfer"": 0.0}",0.0,0.0,5514.0
021_04_sy2014_ic2_dqn_seed12_50k__sy_2014_seed1,dba09881156539b3ad34cf72ea1cc08db5be74f8018a03a49e1eba481815ff7f,SY,2014,1,dqn,25000,86.0,,,,4779.831237792969,0.0,,0.0,0.2055679559707641,,0.0,0.0,0.0,0.0,0,"{""amir"": 0.0, ""anfer"": 0.0}",0.0,0.0,5514.0
021_04_sy2014_ic2_dqn_seed12_50k__sy_2014_seed1,dba09881156539b3ad34cf72ea1cc08db5be74f8018a03a49e1eba481815ff7f,SY,2014,1,dqn,25000,87.0,,,,4879.786682128906,0.0,,0.0,0.2063058018684387,,0.0,0.0,0.0,0.0,0,"{""amir"": 0.0, ""anfer"": 0.0}",0.0,0.0,5514.0
021_04_sy2014_ic2_dqn_seed12_50k__sy_2014_seed1,dba09881156539b3ad34cf72ea1cc08db5be74f8018a03a49e1eba481815ff7f,SY,2014,1,dqn,25000,88.0,,,,4977.4114990234375,0.0,,0.0,0.2078858017921447,,0.0,0.0,0.0,0.0,0,"{""amir"": 0.0, ""anfer"": 0.0}",0.0,0.0,5514.0
021_04_sy2014_ic2_dqn_seed12_50k__sy_2014_seed1,dba09881156539b3ad34cf72ea1cc08db5be74f8018a03a49e1eba481815ff7f,SY,2014,1,dqn,25000,89.0,,,,5085.112609863281,0.0,,0.0,0.2074021100997924,,0.0,0.0,0.0,0.0,0,"{""amir"": 0.0, ""anfer"": 0.0}",0.0,0.0,5514.0
021_04_sy2014_ic2_dqn_seed12_50k__sy_2014_seed1,dba09881156539b3ad34cf72ea1cc08db5be74f8018a03a49e1eba481815ff7f,SY,2014,1,dqn,25000,90.0,,,,5241.3385009765625,0.0,,0.0,0.2069751024246215,,0.0,0.0,0.0,0.0,0,"{""amir"": 0.0, ""anfer"": 0.0}",0.0,0.0,5514.0
021_04_sy2014_ic2_dqn_seed12_50k__sy_2014_seed1,dba09881156539b3ad34cf72ea1cc08db5be74f8018a03a49e1eba481815ff7f,SY,2014,1,dqn,25000,91.0,,,,5451.069946289063,0.0,,0.0,0.1990035772323608,,0.0,0.0,0.0,0.0,0,"{""amir"": 0.0, ""anfer"": 0.0}",0.0,0.0,5514.0
021_04_sy2014_ic2_dqn_seed12_50k__sy_2014_seed1,dba09881156539b3ad34cf72ea1cc08db5be74f8018a03a49e1eba481815ff7f,SY,2014,1,dqn,25000,92.0,,,,5487.69775390625,0.0,,0.0,0.1991600394248962,,0.0,0.0,0.0,0.0,0,"{""amir"": 0.0, ""anfer"": 0.0}",0.0,0.0,5514.0
021_04_sy2014_ic2_dqn_seed12_50k__sy_2014_seed1,dba09881156539b3ad34cf72ea1cc08db5be74f8018a03a49e1eba481815ff7f,SY,2014,1,dqn,25000,93.0,,,,5607.0025634765625,0.0,,0.0,0.2037560939788818,,0.0,0.0,0.0,0.0,0,"{""amir"": 0.0, ""anfer"": 0.0}",0.0,0.0,5514.0
021_04_sy2014_ic2_dqn_seed12_50k__sy_2014_seed1,dba09881156539b3ad34cf72ea1cc08db5be74f8018a03a49e1eba481815ff7f,SY,2014,1,dqn,25000,94.0,,,,5807.0977783203125,0.0,,0.0,0.1957767605781555,,0.0,0.0,0.0,0.0,0,"{""amir"": 0.0, ""anfer"": 0.0}",0.0,0.0,5514.0
021_04_sy2014_ic2_dqn_seed12_50k__sy_2014_seed1,dba09881156539b3ad34cf72ea1cc08db5be74f8018a03a49e1eba481815ff7f,SY,2014,1,dqn,25000,95.0,,,,5943.446044921875,0.0,,0.0,0.193587064743042,,0.0,0.0,0.0,0.0,0,"{""amir"": 0.0, ""anfer"": 0.0}",0.0,0.0,5514.0
021_04_sy2014_ic2_dqn_seed12_50k__sy_2014_seed1,dba09881156539b3ad34cf72ea1cc08db5be74f8018a03a49e1eba481815ff7f,SY,2014,1,dqn,25000,96.0,,,,5981.95068359375,0.0,,0.0,0.1946513652801513,,0.0,0.0,0.0,0.0,0,"{""amir"": 0.0, ""anfer"": 0.0}",0.0,0.0,5514.0
021_04_sy2014_ic2_dqn_seed12_50k__sy_2014_seed1,dba09881156539b3ad34cf72ea1cc08db5be74f8018a03a49e1eba481815ff7f,SY,2014,1,dqn,25000,97.0,,,,6194.71435546875,0.0,,0.0,0.1926735043525695,,0.0,0.0,0.0,0.0,0,"{""amir"": 0.0, ""anfer"": 0.0}",0.0,0.0,5514.0
021_04_sy2014_ic2_dqn_seed12_50k__sy_2014_seed1,dba09881156539b3ad34cf72ea1cc08db5be74f8018a03a49e1eba481815ff7f,SY,2014,1,dqn,25000,98.0,,,,6401.778564453125,0.0,,0.0,0.1866742372512817,,0.0,0.0,0.0,0.0,0,"{""amir"": 0.0, ""anfer"": 0.0}",0.0,0.0,5514.0
021_04_sy2014_ic2_dqn_seed12_50k__sy_2014_seed1,dba09881156539b3ad34cf72ea1cc08db5be74f8018a03a49e1eba481815ff7f,SY,2014,1,dqn,25000,99.0,,,,6576.16455078125,0.0,,0.0,0.186535358428955,,0.0,0.0,0.0,0.0,0,"{""amir"": 0.0, ""anfer"": 0.0}",0.0,0.0,5514.0
021_04_sy2014_ic2_dqn_seed12_50k__sy_2014_seed1,dba09881156539b3ad34cf72ea1cc08db5be74f8018a03a49e1eba481815ff7f,SY,2014,1,dqn,25000,100.0,,,,6786.5020751953125,210.3375244140625,,0.0,0.1853732466697693,,0.0,0.0,0.0,0.0,0,"{""amir"": 0.0, ""anfer"": 0.0}",0.0,0.0,5514.0
021_04_sy2014_ic2_dqn_seed12_50k__sy_2014_seed1,dba09881156539b3ad34cf72ea1cc08db5be74f8018a03a49e1eba481815ff7f,SY,2014,1,dqn,25000,101.0,,,,6941.429443359375,365.2651596069336,,0.0,0.1993887424468994,,0.0,0.0,0.0,0.0,0,"{""amir"": 0.0, ""anfer"": 0.0}",0.0,0.0,5514.0
021_04_sy2014_ic2_dqn_seed12_50k__sy_2014_seed1,dba09881156539b3ad34cf72ea1cc08db5be74f8018a03a49e1eba481815ff7f,SY,2014,1,dqn,25000,102.0,,,,7096.3568115234375,520.192756652832,,0.0,0.2057101726531982,,30.0,0.0,30.0,0.0,2,"{""amir"": 30.0, ""anfer"": 0.0}",-30.0,0.0,5514.0
021_04_sy2014_ic2_dqn_seed12_50k__sy_2014_seed1,dba09881156539b3ad34cf72ea1cc08db5be74f8018a03a49e1eba481815ff7f,SY,2014,1,dqn,25000,103.0,,,,7230.9503173828125,654.7860717773438,,0.0,0.2117973566055297,,30.0,0.0,0.0,0.0,2,"{""amir"": 0.0, ""anfer"": 0.0}",0.0,0.0,5514.0
021_04_sy2014_ic2_dqn_seed12_50k__sy_2014_seed1,dba09881156539b3ad34cf72ea1cc08db5be74f8018a03a49e1eba481815ff7f,SY,2014,1,dqn,25000,104.0,,,,7365.5438232421875,789.3794250488281,,0.0,0.2168899178504943,,30.0,0.0,0.0,0.0,2,"{""amir"": 0.0, ""anfer"": 0.0}",0.0,0.0,5514.0
021_04_sy2014_ic2_dqn_seed12_50k__sy_2014_seed1,dba09881156539b3ad34cf72ea1cc08db5be74f8018a03a49e1eba481815ff7f,SY,2014,1,dqn,25000,105.0,,,,7514.661865234375,938.497314453125,,0.0,0.2236348986625671,,30.0,0.0,0.0,0.0,2,"{""amir"": 0.0, ""anfer"": 0.0}",0.0,0.0,5514.0
021_04_sy2014_ic2_dqn_seed12_50k__sy_2014_seed1,dba09881156539b3ad34cf72ea1cc08db5be74f8018a03a49e1eba481815ff7f,SY,2014,1,dqn,25000,106.0,,,,7669.588623046875,1093.4249877929688,,0.0,0.2343811988830566,,30.0,0.0,0.0,0.0,0,"{""amir"": 0.0, ""anfer"": 0.0}",0.0,0.0,5514.0
021_04_sy2014_ic2_dqn_seed12_50k__sy_2014_seed1,dba09881156539b3ad34cf72ea1cc08db5be74f8018a03a49e1eba481815ff7f,SY,2014,1,dqn,25000,107.0,,,,7824.5166015625,1248.3525848388672,,0.0,0.2475275993347168,,30.0,0.0,0.0,0.0,0,"{""amir"": 0.0, ""anfer"": 0.0}",0.0,0.0,5514.0
021_04_sy2014_ic2_dqn_seed12_50k__sy_2014_seed1,dba09881156539b3ad34cf72ea1cc08db5be74f8018a03a49e1eba481815ff7f,SY,2014,1,dqn,25000,108.0,,,,7979.444580078125,1403.2803344726562,,0.0,0.2580200433731079,,30.0,0.0,0.0,0.0,0,"{""amir"": 0.0, ""anfer"": 0.0}",0.0,0.0,5514.0
021_04_sy2014_ic2_dqn_seed12_50k__sy_2014_seed1,dba09881156539b3ad34cf72ea1cc08db5be74f8018a03a49e1eba481815ff7f,SY,2014,1,dqn,25000,109.0,,,,8134.371337890625,1558.2078552246094,,0.0,0.2709236145019531,,30.0,0.0,0.0,0.0,0,"{""amir"": 0.0, ""anfer"": 0.0}",0.0,0.0,5514.0
021_04_sy2014_ic2_dqn_seed12_50k__sy_2014_seed1,dba09881156539b3ad34cf72ea1cc08db5be74f8018a03a49e1eba481815ff7f,SY,2014,1,dqn,25000,110.0,,,,8289.29931640625,1713.1353759765625,,0.0,0.2841607928276062,,30.0,0.0,0.0,0.0,0,"{""amir"": 0.0, ""anfer"": 0.0}",0.0,0.0,5514.0
021_04_sy2014_ic2_dqn_seed12_50k__sy_2014_seed1,dba09881156539b3ad34cf72ea1cc08db5be74f8018a03a49e1eba481815ff7f,SY,2014,1,dqn,25000,111.0,,,,8444.226684570312,1868.062896728516,,0.0,0.2979224324226379,,30.0,0.0,0.0,0.0,0,"{""amir"": 0.0, ""anfer"": 0.0}",0.0,0.0,5514.0
021_04_sy2014_ic2_dqn_seed12_50k__sy_2014_seed1,dba09881156539b3ad34cf72ea1cc08db5be74f8018a03a49e1eba481815ff7f,SY,2014,1,dqn,25000,112.0,,,,8599.154663085938,2022.9905700683596,,0.0,0.3129371404647827,,30.0,0.0,0.0,0.0,0,"{""amir"": 0.0, ""anfer"": 0.0}",0.0,0.0,5514.0
021_04_sy2014_ic2_dqn_seed12_50k__sy_2014_seed1,dba09881156539b3ad34cf72ea1cc08db5be74f8018a03a49e1eba481815ff7f,SY,2014,1,dqn,25000,113.0,,,,8738.660278320312,2177.9180908203125,,0.0,0.3284023404121399,,30.0,0.0,0.0,0.0,0,"{""amir"": 0.0, ""anfer"": 0.0}",0.0,0.0,5514.0
021_04_sy2014_ic2_dqn_seed12_50k__sy_2014_seed1,dba09881156539b3ad34cf72ea1cc08db5be74f8018a03a49e1eba481815ff7f,SY,2014,1,dqn,25000,114.0,,,,8909.010009765625,2332.8456115722656,,0.0,0.3448175191879272,,30.0,0.0,0.0,0.0,0,"{""amir"": 0.0, ""anfer"": 0.0}",0.0,0.0,5514.0
021_04_sy2014_ic2_dqn_seed12_50k__sy_2014_seed1,dba09881156539b3ad34cf72ea1cc08db5be74f8018a03a49e1eba481815ff7f,SY,2014,1,dqn,25000,115.0,,,,9063.93798828125,2487.7731323242188,,0.0,0.3596628904342651,,30.0,0.0,0.0,0.0,0,"{""amir"": 0.0, ""anfer"": 0.0}",0.0,0.0,5514.0
021_04_sy2014_ic2_dqn_seed12_50k__sy_2014_seed1,dba09881156539b3ad34cf72ea1cc08db5be74f8018a03a49e1eba481815ff7f,SY,2014,1,dqn,25000,116.0,,,,9162.736206054688,2642.7008056640625,,0.0,0.3807656168937683,,30.0,0.0,0.0,0.0,0,"{""amir"": 0.0, ""anfer"": 0.0}",0.0,0.0,5514.0
021_04_sy2014_ic2_dqn_seed12_50k__sy_2014_seed1,dba09881156539b3ad34cf72ea1cc08db5be74f8018a03a49e1eba481815ff7f,SY,2014,1,dqn,25000,117.0,,,,9287.824096679688,2797.628173828125,,0.0,0.3989254832267761,,30.0,0.0,0.0,0.0,0,"{""amir"": 0.0, ""anfer"": 0.0}",0.0,0.0,5514.0
021_04_sy2014_ic2_dqn_seed12_50k__sy_2014_seed1,dba09881156539b3ad34cf72ea1cc08db5be74f8018a03a49e1eba481815ff7f,SY,2014,1,dqn,25000,118.0,,,,9434.110717773438,2952.5558471679688,,0.0,0.4065701365470886,,30.0,0.0,0.0,0.0,0,"{""amir"": 0.0, ""anfer"": 0.0}",0.0,0.0,5514.0
021_04_sy2014_ic2_dqn_seed12_50k__sy_2014_seed1,dba09881156539b3ad34cf72ea1cc08db5be74f8018a03a49e1eba481815ff7f,SY,2014,1,dqn,25000,119.0,,,,9524.22119140625,3107.4835205078125,,0.0,0.4204994440078735,,30.0,0.0,0.0,0.0,0,"{""amir"": 0.0, ""anfer"": 0.0}",0.0,0.0,5514.0
021_04_sy2014_ic2_dqn_seed12_50k__sy_2014_seed1,dba09881156539b3ad34cf72ea1cc08db5be74f8018a03a49e1eba481815ff7f,SY,2014,1,dqn,25000,120.0,,,,9601.680297851562,3262.411193847656,,0.0,0.4390296339988708,,30.0,0.0,0.0,0.0,0,"{""amir"": 0.0, ""anfer"": 0.0}",0.0,0.0,5514.0
021_04_sy2014_ic2_dqn_seed12_50k__sy_2014_seed1,dba09881156539b3ad34cf72ea1cc08db5be74f8018a03a49e1eba481815ff7f,SY,2014,1,dqn,25000,121.0,,,,9719.629516601562,3417.3388671875,,0.0,0.4483785629272461,,30.0,0.0,0.0,0.0,0,"{""amir"": 0.0, ""anfer"": 0.0}",0.0,0.0,5514.0
021_04_sy2014_ic2_dqn_seed12_50k__sy_2014_seed1,dba09881156539b3ad34cf72ea1cc08db5be74f8018a03a49e1eba481815ff7f,SY,2014,1,dqn,25000,122.0,,,,9838.25927734375,3572.266540527344,,0.0,0.4543851017951965,,30.0,0.0,0.0,0.0,4,"{""amir"": 0.0, ""anfer"": 0.0}",0.0,0.0,5514.0
021_04_sy2014_ic2_dqn_seed12_50k__sy_2014_seed1,dba09881156539b3ad34cf72ea1cc08db5be74f8018a03a49e1eba481815ff7f,SY,2014,1,dqn,25000,123.0,,,,9897.221069335938,3727.194213867188,,0.0,0.4701128005981445,,30.0,0.0,0.0,0.0,4,"{""amir"": 0.0, ""anfer"": 0.0}",0.0,0.0,5514.0
021_04_sy2014_ic2_dqn_seed12_50k__sy_2014_seed1,dba09881156539b3ad34cf72ea1cc08db5be74f8018a03a49e1eba481815ff7f,SY,2014,1,dqn,25000,124.0,,,,9980.383911132812,3882.122192382813,,0.0,0.4851031303405761,,30.0,0.0,0.0,0.0,8,"{""amir"": 0.0, ""anfer"": 0.0}",0.0,0.0,5514.0
021_04_sy2014_ic2_dqn_seed12_50k__sy_2014_seed1,dba09881156539b3ad34cf72ea1cc08db5be74f8018a03a49e1eba481815ff7f,SY,2014,1,dqn,25000,125.0,,,,10023.306274414062,4037.049865722656,,0.0,0.4895409941673279,,30.0,0.0,0.0,0.0,8,"{""amir"": 0.0, ""anfer"": 0.0}",0.0,0.0,5514.0
021_04_sy2014_ic2_dqn_seed12_50k__sy_2014_seed1,dba09881156539b3ad34cf72ea1cc08db5be74f8018a03a49e1eba481815ff7f,SY,2014,1,dqn,25000,126.0,,,,10080.789794921877,4191.9775390625,,0.0,0.5000590682029724,,30.0,0.0,0.0,0.0,2,"{""amir"": 0.0, ""anfer"": 0.0}",0.0,0.0,5514.0
021_04_sy2014_ic2_dqn_seed12_50k__sy_2014_seed1,dba09881156539b3ad34cf72ea1cc08db5be74f8018a03a49e1eba481815ff7f,SY,2014,1,dqn,25000,127.0,,,,10112.422485351562,4346.905212402344,,0.0,0.5034593939781189,,30.0,0.0,0.0,0.0,2,"{""amir"": 0.0, ""anfer"": 0.0}",0.0,0.0,5514.0
021_04_sy2014_ic2_dqn_seed12_50k__sy_2014_seed1,dba09881156539b3ad34cf72ea1cc08db5be74f8018a03a49e1eba481815ff7f,SY,2014,1,dqn,25000,128.0,,,,10207.791748046877,4501.833190917969,,0.0,0.510692834854126,,30.0,0.0,0.0,0.0,2,"{""amir"": 0.0, ""anfer"": 0.0}",0.0,0.0,5514.0
021_04_sy2014_ic2_dqn_seed12_50k__sy_2014_seed1,dba09881156539b3ad34cf72ea1cc08db5be74f8018a03a49e1eba481815ff7f,SY,2014,1,dqn,25000,129.0,,,,10295.931396484377,4656.7608642578125,,0.0,0.5128732323646545,,30.0,0.0,0.0,0.0,1,"{""amir"": 0.0, ""anfer"": 0.0}",0.0,0.0,5514.0
021_04_sy2014_ic2_dqn_seed12_50k__sy_2014_seed1,dba09881156539b3ad34cf72ea1cc08db5be74f8018a03a49e1eba481815ff7f,SY,2014,1,dqn,25000,130.0,,,,10361.600341796877,4811.688537597656,,0.0,0.5323843359947205,,30.0,0.0,0.0,0.0,1,"{""amir"": 0.0, ""anfer"": 0.0}",0.0,0.0,5514.0
021_04_sy2014_ic2_dqn_seed12_50k__sy_2014_seed1,dba09881156539b3ad34cf72ea1cc08db5be74f8018a03a49e1eba481815ff7f,SY,2014,1,dqn,25000,131.0,,,,10424.45556640625,4966.6162109375,,0.0,0.5509664714336395,,30.0,0.0,0.0,0.0,1,"{""amir"": 0.0, ""anfer"": 0.0}",0.0,0.0,5514.0
021_04_sy2014_ic2_dqn_seed12_50k__sy_2014_seed1,dba09881156539b3ad34cf72ea1cc08db5be74f8018a03a49e1eba481815ff7f,SY,2014,1,dqn,25000,132.0,,,,10496.73828125,5121.544189453125,,0.0,0.5652060508728027,,30.0,0.0,0.0,0.0,1,"{""amir"": 0.0, ""anfer"": 0.0}",0.0,0.0,5514.0
021_04_sy2014_ic2_dqn_seed12_50k__sy_2014_seed1,dba09881156539b3ad34cf72ea1cc08db5be74f8018a03a49e1eba481815ff7f,SY,2014,1,dqn,25000,133.0,,,,10563.892822265623,5276.471557617188,,0.0,0.5793726444244385,,30.0,0.0,0.0,0.0,1,"{""amir"": 0.0, ""anfer"": 0.0}",0.0,0.0,5514.0
021_04_sy2014_ic2_dqn_seed12_50k__sy_2014_seed1,dba09881156539b3ad34cf72ea1cc08db5be74f8018a03a49e1eba481815ff7f,SY,2014,1,dqn,25000,134.0,,,,10633.45458984375,5431.3995361328125,,0.0,0.5934128761291504,,30.0,0.0,0.0,0.0,1,"{""amir"": 0.0, ""anfer"": 0.0}",0.0,0.0,5514.0
021_04_sy2014_ic2_dqn_seed12_50k__sy_2014_seed1,dba09881156539b3ad34cf72ea1cc08db5be74f8018a03a49e1eba481815ff7f,SY,2014,1,dqn,25000,135.0,,,,10668.111572265623,5472.823486328125,,0.0,0.6024636626243591,,30.0,0.0,0.0,0.0,1,"{""amir"": 0.0, ""anfer"": 0.0}",0.0,0.0,5514.0
021_04_sy2014_ic2_dqn_seed12_50k__sy_2014_seed1,dba09881156539b3ad34cf72ea1cc08db5be74f8018a03a49e1eba481815ff7f,SY,2014,1,dqn,25000,136.0,,,,10708.787841796877,5513.499755859375,,0.0,0.5820717811584473,,30.0,0.0,0.0,0.0,1,"{""amir"": 0.0, ""anfer"": 0.0}",0.0,0.0,5514.0
021_04_sy2014_ic2_dqn_seed12_50k__sy_2014_seed1,dba09881156539b3ad34cf72ea1cc08db5be74f8018a03a49e1eba481815ff7f,SY,2014,1,dqn,25000,137.0,,,,10708.787841796877,5513.499755859375,,0.0,0.5874974429607391,,30.0,0.0,0.0,0.0,1,"{""amir"": 0.0, ""anfer"": 0.0}",0.0,0.0,5514.0
021_04_sy2014_ic2_dqn_seed12_50k__sy_2014_seed1,dba09881156539b3ad34cf72ea1cc08db5be74f8018a03a49e1eba481815ff7f,SY,2014,1,dqn,25000,138.0,,,,10708.787841796877,5513.499755859375,,0.0,0.5874974429607391,,30.0,0.0,0.0,0.0,1,"{""amir"": 0.0, ""anfer"": 0.0}",0.0,0.0,5514.0
021_04_sy2014_ic2_dqn_seed12_50k__sy_2014_seed1,dba09881156539b3ad34cf72ea1cc08db5be74f8018a03a49e1eba481815ff7f,SY,2014,1,dqn,25000,139.0,,,,10708.787841796877,5513.499755859375,,0.0,0.5874974429607391,,30.0,0.0,0.0,0.0,1,"{""amir"": 0.0, ""anfer"": 0.0}",0.0,0.0,5514.0
021_04_sy2014_ic2_dqn_seed12_50k__sy_2014_seed1,dba09881156539b3ad34cf72ea1cc08db5be74f8018a03a49e1eba481815ff7f,SY,2014,1,dqn,25000,139.0,,,,10708.787841796877,5513.499755859375,,0.0,0.5874974429607391,,30.0,0.0,0.0,0.0,1,"{""amir"": 0.0, ""anfer"": 0.0}",105.499755859375,105.499755859375,5514.0
021_04_sy2014_ic2_dqn_seed12_50k__sy_2014_seed1,dba09881156539b3ad34cf72ea1cc08db5be74f8018a03a49e1eba481815ff7f,SY,2014,1,dqn,30000,0.0,,,,0.0,0.0,,0.0,0.0,,0.0,0.0,0.0,0.0,5,"{""amir"": 0.0, ""anfer"": 0.0}",0.0,0.0,5413.0
021_04_sy2014_ic2_dqn_seed12_50k__sy_2014_seed1,dba09881156539b3ad34cf72ea1cc08db5be74f8018a03a49e1eba481815ff7f,SY,2014,1,dqn,30000,0.0,,,,0.0,0.0,,0.0,0.0,,0.0,0.0,0.0,0.0,5,"{""amir"": 0.0, ""anfer"": 0.0}",0.0,0.0,5413.0
021_04_sy2014_ic2_dqn_seed12_50k__sy_2014_seed1,dba09881156539b3ad34cf72ea1cc08db5be74f8018a03a49e1eba481815ff7f,SY,2014,1,dqn,30000,0.0,,,,0.0,0.0,,0.0,0.0,,0.0,0.0,0.0,0.0,5,"{""amir"": 0.0, ""anfer"": 0.0}",0.0,0.0,5413.0
021_04_sy2014_ic2_dqn_seed12_50k__sy_2014_seed1,dba09881156539b3ad34cf72ea1cc08db5be74f8018a03a49e1eba481815ff7f,SY,2014,1,dqn,30000,0.0,,,,0.0,0.0,,0.0,0.0,,0.0,0.0,0.0,0.0,5,"{""amir"": 0.0, ""anfer"": 0.0}",0.0,0.0,5413.0
021_04_sy2014_ic2_dqn_seed12_50k__sy_2014_seed1,dba09881156539b3ad34cf72ea1cc08db5be74f8018a03a49e1eba481815ff7f,SY,2014,1,dqn,30000,0.0,,,,0.0,0.0,,0.0,0.0,,0.0,0.0,0.0,0.0,5,"{""amir"": 0.0, ""anfer"": 0.0}",0.0,0.0,5413.0
021_04_sy2014_ic2_dqn_seed12_50k__sy_2014_seed1,dba09881156539b3ad34cf72ea1cc08db5be74f8018a03a49e1eba481815ff7f,SY,2014,1,dqn,30000,0.0,,,,0.0,0.0,,0.0,0.0,,0.0,0.0,0.0,0.0,5,"{""amir"": 0.0, ""anfer"": 0.0}",0.0,0.0,5413.0
021_04_sy2014_ic2_dqn_seed12_50k__sy_2014_seed1,dba09881156539b3ad34cf72ea1cc08db5be74f8018a03a49e1eba481815ff7f,SY,2014,1,dqn,30000,0.0,,,,0.0,0.0,,0.0,0.0,,0.0,0.0,0.0,0.0,5,"{""amir"": 0.0, ""anfer"": 0.0}",0.0,0.0,5413.0
021_04_sy2014_ic2_dqn_seed12_50k__sy_2014_seed1,dba09881156539b3ad34cf72ea1cc08db5be74f8018a03a49e1eba481815ff7f,SY,2014,1,dqn,30000,0.0,,,,0.0,0.0,,0.0,0.0,,0.0,0.0,0.0,0.0,5,"{""amir"": 0.0, ""anfer"": 0.0}",0.0,0.0,5413.0
021_04_sy2014_ic2_dqn_seed12_50k__sy_2014_seed1,dba09881156539b3ad34cf72ea1cc08db5be74f8018a03a49e1eba481815ff7f,SY,2014,1,dqn,30000,0.0,,,,0.0,0.0,,0.0,0.0,,0.0,0.0,0.0,0.0,5,"{""amir"": 0.0, ""anfer"": 0.0}",0.0,0.0,5413.0
021_04_sy2014_ic2_dqn_seed12_50k__sy_2014_seed1,dba09881156539b3ad34cf72ea1cc08db5be74f8018a03a49e1eba481815ff7f,SY,2014,1,dqn,30000,0.0,,,,0.0,0.0,,0.0,0.0,,0.0,0.0,0.0,0.0,5,"{""amir"": 0.0, ""anfer"": 0.0}",0.0,0.0,5413.0
021_04_sy2014_ic2_dqn_seed12_50k__sy_2014_seed1,dba09881156539b3ad34cf72ea1cc08db5be74f8018a03a49e1eba481815ff7f,SY,2014,1,dqn,30000,0.0,,,,0.0,0.0,,0.0,0.0,,0.0,0.0,0.0,0.0,5,"{""amir"": 0.0, ""anfer"": 0.0}",0.0,0.0,5413.0
021_04_sy2014_ic2_dqn_seed12_50k__sy_2014_seed1,dba09881156539b3ad34cf72ea1cc08db5be74f8018a03a49e1eba481815ff7f,SY,2014,1,dqn,30000,0.0,,,,0.0,0.0,,0.0,0.0,,0.0,0.0,0.0,0.0,5,"{""amir"": 0.0, ""anfer"": 0.0}",0.0,0.0,5413.0
021_04_sy2014_ic2_dqn_seed12_50k__sy_2014_seed1,dba09881156539b3ad34cf72ea1cc08db5be74f8018a03a49e1eba481815ff7f,SY,2014,1,dqn,30000,0.0,,,,0.0,0.0,,0.0,0.0,,0.0,0.0,0.0,0.0,5,"{""amir"": 0.0, ""anfer"": 0.0}",0.0,0.0,5413.0
021_04_sy2014_ic2_dqn_seed12_50k__sy_2014_seed1,dba09881156539b3ad34cf72ea1cc08db5be74f8018a03a49e1eba481815ff7f,SY,2014,1,dqn,30000,0.0,,,,0.0,0.0,,0.0,0.0,,0.0,0.0,0.0,0.0,5,"{""amir"": 0.0, ""anfer"": 0.0}",0.0,0.0,5413.0
021_04_sy2014_ic2_dqn_seed12_50k__sy_2014_seed1,dba09881156539b3ad34cf72ea1cc08db5be74f8018a03a49e1eba481815ff7f,SY,2014,1,dqn,30000,0.0,,,,0.0,0.0,,0.0,0.0,,0.0,0.0,0.0,0.0,5,"{""amir"": 0.0, ""anfer"": 0.0}",0.0,0.0,5413.0
021_04_sy2014_ic2_dqn_seed12_50k__sy_2014_seed1,dba09881156539b3ad34cf72ea1cc08db5be74f8018a03a49e1eba481815ff7f,SY,2014,1,dqn,30000,0.0,,,,0.0,0.0,,0.0,0.0,,0.0,0.0,0.0,0.0,5,"{""amir"": 0.0, ""anfer"": 0.0}",0.0,0.0,5413.0
021_04_sy2014_ic2_dqn_seed12_50k__sy_2014_seed1,dba09881156539b3ad34cf72ea1cc08db5be74f8018a03a49e1eba481815ff7f,SY,2014,1,dqn,30000,0.0,,,,0.0,0.0,,0.0,0.0,,0.0,0.0,0.0,0.0,2,"{""amir"": 0.0, ""anfer"": 0.0}",0.0,0.0,5413.0
021_04_sy2014_ic2_dqn_seed12_50k__sy_2014_seed1,dba09881156539b3ad34cf72ea1cc08db5be74f8018a03a49e1eba481815ff7f,SY,2014,1,dqn,30000,0.0,,,,0.0,0.0,,0.0,0.0,,0.0,0.0,0.0,0.0,5,"{""amir"": 0.0, ""anfer"": 0.0}",0.0,0.0,5413.0
021_04_sy2014_ic2_dqn_seed12_50k__sy_2014_seed1,dba09881156539b3ad34cf72ea1cc08db5be74f8018a03a49e1eba481815ff7f,SY,2014,1,dqn,30000,0.0,,,,0.0,0.0,,0.0,0.0,,0.0,0.0,0.0,0.0,5,"{""amir"": 0.0, ""anfer"": 0.0}",0.0,0.0,5413.0
021_04_sy2014_ic2_dqn_seed12_50k__sy_2014_seed1,dba09881156539b3ad34cf72ea1cc08db5be74f8018a03a49e1eba481815ff7f,SY,2014,1,dqn,30000,0.0,,,,0.0,0.0,,0.0,0.0,,0.0,0.0,0.0,0.0,5,"{""amir"": 0.0, ""anfer"": 0.0}",0.0,0.0,5413.0
021_04_sy2014_ic2_dqn_seed12_50k__sy_2014_seed1,dba09881156539b3ad34cf72ea1cc08db5be74f8018a03a49e1eba481815ff7f,SY,2014,1,dqn,30000,1.0,,,,0.0,0.0,,0.0,0.0,,0.0,0.0,0.0,0.0,5,"{""amir"": 0.0, ""anfer"": 0.0}",0.0,0.0,5413.0
021_04_sy2014_ic2_dqn_seed12_50k__sy_2014_seed1,dba09881156539b3ad34cf72ea1cc08db5be74f8018a03a49e1eba481815ff7f,SY,2014,1,dqn,30000,2.0,,,,0.0,0.0,,0.0,0.0,,0.0,0.0,0.0,0.0,0,"{""amir"": 0.0, ""anfer"": 0.0}",0.0,0.0,5413.0
021_04_sy2014_ic2_dqn_seed12_50k__sy_2014_seed1,dba09881156539b3ad34cf72ea1cc08db5be74f8018a03a49e1eba481815ff7f,SY,2014,1,dqn,30000,3.0,,,,0.0,0.0,,0.0,0.0,,0.0,0.0,0.0,0.0,0,"{""amir"": 0.0, ""anfer"": 0.0}",0.0,0.0,5413.0
021_04_sy2014_ic2_dqn_seed12_50k__sy_2014_seed1,dba09881156539b3ad34cf72ea1cc08db5be74f8018a03a49e1eba481815ff7f,SY,2014,1,dqn,30000,4.0,,,,0.0,0.0,,0.0,0.0,,0.0,0.0,0.0,0.0,0,"{""amir"": 0.0, ""anfer"": 0.0}",0.0,0.0,5413.0
021_04_sy2014_ic2_dqn_seed12_50k__sy_2014_seed1,dba09881156539b3ad34cf72ea1cc08db5be74f8018a03a49e1eba481815ff7f,SY,2014,1,dqn,30000,5.0,,,,0.0,0.0,,0.0,0.0,,0.0,0.0,0.0,0.0,0,"{""amir"": 0.0, ""anfer"": 0.0}",0.0,0.0,5413.0
021_04_sy2014_ic2_dqn_seed12_50k__sy_2014_seed1,dba09881156539b3ad34cf72ea1cc08db5be74f8018a03a49e1eba481815ff7f,SY,2014,1,dqn,30000,6.0,,,,0.0,0.0,,0.0,0.0,,0.0,0.0,0.0,0.0,0,"{""amir"": 0.0, ""anfer"": 0.0}",0.0,0.0,5413.0
021_04_sy2014_ic2_dqn_seed12_50k__sy_2014_seed1,dba09881156539b3ad34cf72ea1cc08db5be74f8018a03a49e1eba481815ff7f,SY,2014,1,dqn,30000,7.0,,,,0.0,0.0,,0.0,0.0,,0.0,0.0,0.0,0.0,0,"{""amir"": 0.0, ""anfer"": 0.0}",0.0,0.0,5413.0
021_04_sy2014_ic2_dqn_seed12_50k__sy_2014_seed1,dba09881156539b3ad34cf72ea1cc08db5be74f8018a03a49e1eba481815ff7f,SY,2014,1,dqn,30000,8.0,,,,0.0,0.0,,0.0,0.0,,0.0,0.0,0.0,0.0,0,"{""amir"": 0.0, ""anfer"": 0.0}",0.0,0.0,5413.0
021_04_sy2014_ic2_dqn_seed12_50k__sy_2014_seed1,dba09881156539b3ad34cf72ea1cc08db5be74f8018a03a49e1eba481815ff7f,SY,2014,1,dqn,30000,9.0,,,,0.0,0.0,,0.0,0.0,,0.0,0.0,0.0,0.0,0,"{""amir"": 0.0, ""anfer"": 0.0}",0.0,0.0,5413.0
021_04_sy2014_ic2_dqn_seed12_50k__sy_2014_seed1,dba09881156539b3ad34cf72ea1cc08db5be74f8018a03a49e1eba481815ff7f,SY,2014,1,dqn,30000,10.0,,,,19.200000762939453,0.0,,0.0,0.0121910572052001,,0.0,0.0,0.0,0.0,0,"{""amir"": 0.0, ""anfer"": 0.0}",0.0,0.0,5413.0
021_04_sy2014_ic2_dqn_seed12_50k__sy_2014_seed1,dba09881156539b3ad34cf72ea1cc08db5be74f8018a03a49e1eba481815ff7f,SY,2014,1,dqn,30000,11.0,,,,19.200000762939453,0.0,,0.0,0.011216402053833,,0.0,0.0,0.0,0.0,0,"{""amir"": 0.0, ""anfer"": 0.0}",0.0,0.0,5413.0
021_04_sy2014_ic2_dqn_seed12_50k__sy_2014_seed1,dba09881156539b3ad34cf72ea1cc08db5be74f8018a03a49e1eba481815ff7f,SY,2014,1,dqn,30000,12.0,,,,19.200000762939453,0.0,,0.0,0.0090978145599365,,0.0,0.0,0.0,0.0,0,"{""amir"": 0.0, ""anfer"": 0.0}",0.0,0.0,5413.0
021_04_sy2014_ic2_dqn_seed12_50k__sy_2014_seed1,dba09881156539b3ad34cf72ea1cc08db5be74f8018a03a49e1eba481815ff7f,SY,2014,1,dqn,30000,13.0,,,,19.200000762939453,0.0,,0.0,0.0069259405136108,,0.0,0.0,0.0,0.0,0,"{""amir"": 0.0, ""anfer"": 0.0}",0.0,0.0,5413.0
021_04_sy2014_ic2_dqn_seed12_50k__sy_2014_seed1,dba09881156539b3ad34cf72ea1cc08db5be74f8018a03a49e1eba481815ff7f,SY,2014,1,dqn,30000,14.0,,,,19.200000762939453,0.0,,0.0,0.006073772907257,,0.0,0.0,0.0,0.0,0,"{""amir"": 0.0, ""anfer"": 0.0}",0.0,0.0,5413.0
021_04_sy2014_ic2_dqn_seed12_50k__sy_2014_seed1,dba09881156539b3ad34cf72ea1cc08db5be74f8018a03a49e1eba481815ff7f,SY,2014,1,dqn,30000,15.0,,,,19.200000762939453,0.0,,0.0,0.0052758455276489,,0.0,0.0,0.0,0.0,0,"{""amir"": 0.0, ""anfer"": 0.0}",0.0,0.0,5413.0
021_04_sy2014_ic2_dqn_seed12_50k__sy_2014_seed1,dba09881156539b3ad34cf72ea1cc08db5be74f8018a03a49e1eba481815ff7f,SY,2014,1,dqn,30000,16.0,,,,19.200000762939453,0.0,,0.0,0.0030127763748168,,0.0,0.0,0.0,0.0,0,"{""amir"": 0.0, ""anfer"": 0.0}",0.0,0.0,5413.0
021_04_sy2014_ic2_dqn_seed12_50k__sy_2014_seed1,dba09881156539b3ad34cf72ea1cc08db5be74f8018a03a49e1eba481815ff7f,SY,2014,1,dqn,30000,17.0,,,,19.200000762939453,0.0,,0.0,0.0017459988594055,,0.0,0.0,0.0,0.0,0,"{""amir"": 0.0, ""anfer"": 0.0}",0.0,0.0,5413.0
021_04_sy2014_ic2_dqn_seed12_50k__sy_2014_seed1,dba09881156539b3ad34cf72ea1cc08db5be74f8018a03a49e1eba481815ff7f,SY,2014,1,dqn,30000,18.0,,,,19.200000762939453,0.0,,0.0,0.0,,0.0,0.0,0.0,0.0,0,"{""amir"": 0.0, ""anfer"": 0.0}",0.0,0.0,5413.0
021_04_sy2014_ic2_dqn_seed12_50k__sy_2014_seed1,dba09881156539b3ad34cf72ea1cc08db5be74f8018a03a49e1eba481815ff7f,SY,2014,1,dqn,30000,19.0,,,,19.200000762939453,0.0,,0.0,0.0,,0.0,0.0,0.0,0.0,0,"{""amir"": 0.0, ""anfer"": 0.0}",0.0,0.0,5413.0
021_04_sy2014_ic2_dqn_seed12_50k__sy_2014_seed1,dba09881156539b3ad34cf72ea1cc08db5be74f8018a03a49e1eba481815ff7f,SY,2014,1,dqn,30000,20.0,,,,19.200000762939453,0.0,,0.0,0.0,,0.0,0.0,0.0,0.0,0,"{""amir"": 0.0, ""anfer"": 0.0}",0.0,0.0,5413.0
021_04_sy2014_ic2_dqn_seed12_50k__sy_2014_seed1,dba09881156539b3ad34cf72ea1cc08db5be74f8018a03a49e1eba481815ff7f,SY,2014,1,dqn,30000,21.0,,,,19.200000762939453,0.0,,0.0,0.0,,0.0,0.0,0.0,0.0,0,"{""amir"": 0.0, ""anfer"": 0.0}",0.0,0.0,5413.0
021_04_sy2014_ic2_dqn_seed12_50k__sy_2014_seed1,dba09881156539b3ad34cf72ea1cc08db5be74f8018a03a49e1eba481815ff7f,SY,2014,1,dqn,30000,22.0,,,,19.200000762939453,0.0,,0.0,0.0,,0.0,0.0,0.0,0.0,0,"{""amir"": 0.0, ""anfer"": 0.0}",0.0,0.0,5413.0
021_04_sy2014_ic2_dqn_seed12_50k__sy_2014_seed1,dba09881156539b3ad34cf72ea1cc08db5be74f8018a03a49e1eba481815ff7f,SY,2014,1,dqn,30000,23.0,,,,19.200000762939453,0.0,,0.0,0.0,,0.0,0.0,0.0,0.0,0,"{""amir"": 0.0, ""anfer"": 0.0}",0.0,0.0,5413.0
021_04_sy2014_ic2_dqn_seed12_50k__sy_2014_seed1,dba09881156539b3ad34cf72ea1cc08db5be74f8018a03a49e1eba481815ff7f,SY,2014,1,dqn,30000,24.0,,,,19.200000762939453,0.0,,0.0,0.0,,0.0,0.0,0.0,0.0,0,"{""amir"": 0.0, ""anfer"": 0.0}",0.0,0.0,5413.0
021_04_sy2014_ic2_dqn_seed12_50k__sy_2014_seed1,dba09881156539b3ad34cf72ea1cc08db5be74f8018a03a49e1eba481815ff7f,SY,2014,1,dqn,30000,25.0,,,,19.200000762939453,0.0,,0.0,0.0,,0.0,0.0,0.0,0.0,0,"{""amir"": 0.0, ""anfer"": 0.0}",0.0,0.0,5413.0
021_04_sy2014_ic2_dqn_seed12_50k__sy_2014_seed1,dba09881156539b3ad34cf72ea1cc08db5be74f8018a03a49e1eba481815ff7f,SY,2014,1,dqn,30000,26.0,,,,21.344969272613525,0.0,,0.0,0.0,,0.0,0.0,0.0,0.0,0,"{""amir"": 0.0, ""anfer"": 0.0}",0.0,0.0,5413.0
021_04_sy2014_ic2_dqn_seed12_50k__sy_2014_seed1,dba09881156539b3ad34cf72ea1cc08db5be74f8018a03a49e1eba481815ff7f,SY,2014,1,dqn,30000,27.0,,,,24.753751754760746,0.0,,0.0,0.0,,0.0,0.0,0.0,0.0,0,"{""amir"": 0.0, ""anfer"": 0.0}",0.0,0.0,5413.0
021_04_sy2014_ic2_dqn_seed12_50k__sy_2014_seed1,dba09881156539b3ad34cf72ea1cc08db5be74f8018a03a49e1eba481815ff7f,SY,2014,1,dqn,30000,28.0,,,,29.73308563232422,0.0,,0.0,0.0,,0.0,0.0,0.0,0.0,0,"{""amir"": 0.0, ""anfer"": 0.0}",0.0,0.0,5413.0
021_04_sy2014_ic2_dqn_seed12_50k__sy_2014_seed1,dba09881156539b3ad34cf72ea1cc08db5be74f8018a03a49e1eba481815ff7f,SY,2014,1,dqn,30000,29.0,,,,33.97267818450928,0.0,,0.0,0.0,,0.0,0.0,0.0,0.0,0,"{""amir"": 0.0, ""anfer"": 0.0}",0.0,0.0,5413.0
021_04_sy2014_ic2_dqn_seed12_50k__sy_2014_seed1,dba09881156539b3ad34cf72ea1cc08db5be74f8018a03a49e1eba481815ff7f,SY,2014,1,dqn,30000,30.0,,,,37.713940143585205,0.0,,0.0,0.0,,0.0,0.0,0.0,0.0,0,"{""amir"": 0.0, ""anfer"": 0.0}",0.0,0.0,5413.0
021_04_sy2014_ic2_dqn_seed12_50k__sy_2014_seed1,dba09881156539b3ad34cf72ea1cc08db5be74f8018a03a49e1eba481815ff7f,SY,2014,1,dqn,30000,31.0,,,,45.03967761993408,0.0,,0.0,0.0,,0.0,0.0,0.0,0.0,0,"{""amir"": 0.0, ""anfer"": 0.0}",0.0,0.0,5413.0
021_04_sy2014_ic2_dqn_seed12_50k__sy_2014_seed1,dba09881156539b3ad34cf72ea1cc08db5be74f8018a03a49e1eba481815ff7f,SY,2014,1,dqn,30000,32.0,,,,52.25168704986572,0.0,,0.0,0.0,,0.0,0.0,0.0,0.0,0,"{""amir"": 0.0, ""anfer"": 0.0}",0.0,0.0,5413.0
021_04_sy2014_ic2_dqn_seed12_50k__sy_2014_seed1,dba09881156539b3ad34cf72ea1cc08db5be74f8018a03a49e1eba481815ff7f,SY,2014,1,dqn,30000,33.0,,,,62.70843029022217,0.0,,0.0,0.0,,0.0,0.0,0.0,0.0,0,"{""amir"": 0.0, ""anfer"": 0.0}",0.0,0.0,5413.0
021_04_sy2014_ic2_dqn_seed12_50k__sy_2014_seed1,dba09881156539b3ad34cf72ea1cc08db5be74f8018a03a49e1eba481815ff7f,SY,2014,1,dqn,30000,34.0,,,,71.75473690032959,0.0,,0.0,0.0,,0.0,0.0,0.0,0.0,0,"{""amir"": 0.0, ""anfer"": 0.0}",0.0,0.0,5413.0
021_04_sy2014_ic2_dqn_seed12_50k__sy_2014_seed1,dba09881156539b3ad34cf72ea1cc08db5be74f8018a03a49e1eba481815ff7f,SY,2014,1,dqn,30000,35.0,,,,74.65672969818115,0.0,,0.0,0.0,,0.0,0.0,0.0,0.0,0,"{""amir"": 0.0, ""anfer"": 0.0}",0.0,0.0,5413.0
021_04_sy2014_ic2_dqn_seed12_50k__sy_2014_seed1,dba09881156539b3ad34cf72ea1cc08db5be74f8018a03a49e1eba481815ff7f,SY,2014,1,dqn,30000,36.0,,,,87.41036415100098,0.0,,0.0,0.0017406940460205,,0.0,0.0,0.0,0.0,0,"{""amir"": 0.0, ""anfer"": 0.0}",0.0,0.0,5413.0
021_04_sy2014_ic2_dqn_seed12_50k__sy_2014_seed1,dba09881156539b3ad34cf72ea1cc08db5be74f8018a03a49e1eba481815ff7f,SY,2014,1,dqn,30000,37.0,,,,103.39940071105956,0.0,,0.0,0.0,,0.0,0.0,0.0,0.0,0,"{""amir"": 0.0, ""anfer"": 0.0}",0.0,0.0,5413.0
021_04_sy2014_ic2_dqn_seed12_50k__sy_2014_seed1,dba09881156539b3ad34cf72ea1cc08db5be74f8018a03a49e1eba481815ff7f,SY,2014,1,dqn,30000,38.0,,,,123.37764739990234,0.0,,0.0,0.0,,0.0,0.0,0.0,0.0,0,"{""amir"": 0.0, ""anfer"": 0.0}",0.0,0.0,5413.0
021_04_sy2014_ic2_dqn_seed12_50k__sy_2014_seed1,dba09881156539b3ad34cf72ea1cc08db5be74f8018a03a49e1eba481815ff7f,SY,2014,1,dqn,30000,39.0,,,,148.9447784423828,0.0,,0.0,0.0,,0.0,0.0,0.0,0.0,0,"{""amir"": 0.0, ""anfer"": 0.0}",0.0,0.0,5413.0
021_04_sy2014_ic2_dqn_seed12_50k__sy_2014_seed1,dba09881156539b3ad34cf72ea1cc08db5be74f8018a03a49e1eba481815ff7f,SY,2014,1,dqn,30000,40.0,,,,178.76474380493164,0.0,,0.0,0.0,,0.0,0.0,0.0,0.0,0,"{""amir"": 0.0, ""anfer"": 0.0}",0.0,0.0,5413.0
021_04_sy2014_ic2_dqn_seed12_50k__sy_2014_seed1,dba09881156539b3ad34cf72ea1cc08db5be74f8018a03a49e1eba481815ff7f,SY,2014,1,dqn,30000,41.0,,,,216.6964530944824,0.0,,0.0,0.0,,0.0,0.0,0.0,0.0,0,"{""amir"": 0.0, ""anfer"": 0.0}",0.0,0.0,5413.0
021_04_sy2014_ic2_dqn_seed12_50k__sy_2014_seed1,dba09881156539b3ad34cf72ea1cc08db5be74f8018a03a49e1eba481815ff7f,SY,2014,1,dqn,30000,42.0,,,,254.9726104736328,0.0,,0.0,0.0,,0.0,0.0,0.0,0.0,0,"{""amir"": 0.0, ""anfer"": 0.0}",0.0,0.0,5413.0
021_04_sy2014_ic2_dqn_seed12_50k__sy_2014_seed1,dba09881156539b3ad34cf72ea1cc08db5be74f8018a03a49e1eba481815ff7f,SY,2014,1,dqn,30000,43.0,,,,290.72134017944336,0.0,,0.0,0.0,,0.0,0.0,0.0,0.0,0,"{""amir"": 0.0, ""anfer"": 0.0}",0.0,0.0,5413.0
021_04_sy2014_ic2_dqn_seed12_50k__sy_2014_seed1,dba09881156539b3ad34cf72ea1cc08db5be74f8018a03a49e1eba481815ff7f,SY,2014,1,dqn,30000,44.0,,,,331.7587280273437,0.0,,0.0,0.0,,0.0,0.0,0.0,0.0,0,"{""amir"": 0.0, ""anfer"": 0.0}",0.0,0.0,5413.0
021_04_sy2014_ic2_dqn_seed12_50k__sy_2014_seed1,dba09881156539b3ad34cf72ea1cc08db5be74f8018a03a49e1eba481815ff7f,SY,2014,1,dqn,30000,45.0,,,,379.79591369628906,0.0,,0.0,0.0,,0.0,0.0,0.0,0.0,0,"{""amir"": 0.0, ""anfer"": 0.0}",0.0,0.0,5413.0
021_04_sy2014_ic2_dqn_seed12_50k__sy_2014_seed1,dba09881156539b3ad34cf72ea1cc08db5be74f8018a03a49e1eba481815ff7f,SY,2014,1,dqn,30000,46.0,,,,434.5947647094727,0.0,,0.0,0.0,,0.0,0.0,0.0,0.0,0,"{""amir"": 0.0, ""anfer"": 0.0}",0.0,0.0,5413.0
021_04_sy2014_ic2_dqn_seed12_50k__sy_2014_seed1,dba09881156539b3ad34cf72ea1cc08db5be74f8018a03a49e1eba481815ff7f,SY,2014,1,dqn,30000,47.0,,,,484.5530700683594,0.0,,0.0,0.0,,0.0,0.0,0.0,0.0,0,"{""amir"": 0.0, ""anfer"": 0.0}",0.0,0.0,5413.0
021_04_sy2014_ic2_dqn_seed12_50k__sy_2014_seed1,dba09881156539b3ad34cf72ea1cc08db5be74f8018a03a49e1eba481815ff7f,SY,2014,1,dqn,30000,48.0,,,,528.6686706542969,0.0,,0.0,0.0,,0.0,0.0,0.0,0.0,0,"{""amir"": 0.0, ""anfer"": 0.0}",0.0,0.0,5413.0
021_04_sy2014_ic2_dqn_seed12_50k__sy_2014_seed1,dba09881156539b3ad34cf72ea1cc08db5be74f8018a03a49e1eba481815ff7f,SY,2014,1,dqn,30000,49.0,,,,574.9260330200195,0.0,,0.0,0.0,,0.0,0.0,0.0,0.0,0,"{""amir"": 0.0, ""anfer"": 0.0}",0.0,0.0,5413.0
021_04_sy2014_ic2_dqn_seed12_50k__sy_2014_seed1,dba09881156539b3ad34cf72ea1cc08db5be74f8018a03a49e1eba481815ff7f,SY,2014,1,dqn,30000,50.0,,,,634.3387985229492,0.0,,0.0,0.0,,0.0,0.0,0.0,0.0,0,"{""amir"": 0.0, ""anfer"": 0.0}",0.0,0.0,5413.0
021_04_sy2014_ic2_dqn_seed12_50k__sy_2014_seed1,dba09881156539b3ad34cf72ea1cc08db5be74f8018a03a49e1eba481815ff7f,SY,2014,1,dqn,30000,51.0,,,,697.6332092285156,0.0,,0.0,0.0,,0.0,0.0,0.0,0.0,0,"{""amir"": 0.0, ""anfer"": 0.0}",0.0,0.0,5413.0
021_04_sy2014_ic2_dqn_seed12_50k__sy_2014_seed1,dba09881156539b3ad34cf72ea1cc08db5be74f8018a03a49e1eba481815ff7f,SY,2014,1,dqn,30000,52.0,,,,756.484375,0.0,,0.0,0.0,,0.0,0.0,0.0,0.0,0,"{""amir"": 0.0, ""anfer"": 0.0}",0.0,0.0,5413.0
021_04_sy2014_ic2_dqn_seed12_50k__sy_2014_seed1,dba09881156539b3ad34cf72ea1cc08db5be74f8018a03a49e1eba481815ff7f,SY,2014,1,dqn,30000,53.0,,,,825.2777099609375,0.0,,0.0,0.0,,0.0,0.0,0.0,0.0,0,"{""amir"": 0.0, ""anfer"": 0.0}",0.0,0.0,5413.0
021_04_sy2014_ic2_dqn_seed12_50k__sy_2014_seed1,dba09881156539b3ad34cf72ea1cc08db5be74f8018a03a49e1eba481815ff7f,SY,2014,1,dqn,30000,54.0,,,,900.40771484375,0.0,,0.0,0.0,,0.0,0.0,0.0,0.0,0,"{""amir"": 0.0, ""anfer"": 0.0}",0.0,0.0,5413.0
021_04_sy2014_ic2_dqn_seed12_50k__sy_2014_seed1,dba09881156539b3ad34cf72ea1cc08db5be74f8018a03a49e1eba481815ff7f,SY,2014,1,dqn,30000,55.0,,,,983.9599609375,0.0,,0.0,0.0,,0.0,0.0,0.0,0.0,0,"{""amir"": 0.0, ""anfer"": 0.0}",0.0,0.0,5413.0
021_04_sy2014_ic2_dqn_seed12_50k__sy_2014_seed1,dba09881156539b3ad34cf72ea1cc08db5be74f8018a03a49e1eba481815ff7f,SY,2014,1,dqn,30000,56.0,,,,1089.1144561767578,0.0,,0.0,0.0,,0.0,0.0,0.0,0.0,0,"{""amir"": 0.0, ""anfer"": 0.0}",0.0,0.0,5413.0
021_04_sy2014_ic2_dqn_seed12_50k__sy_2014_seed1,dba09881156539b3ad34cf72ea1cc08db5be74f8018a03a49e1eba481815ff7f,SY,2014,1,dqn,30000,57.0,,,,1195.4468536376953,0.0,,0.0,0.0,,0.0,0.0,0.0,0.0,0,"{""amir"": 0.0, ""anfer"": 0.0}",0.0,0.0,5413.0
021_04_sy2014_ic2_dqn_seed12_50k__sy_2014_seed1,dba09881156539b3ad34cf72ea1cc08db5be74f8018a03a49e1eba481815ff7f,SY,2014,1,dqn,30000,58.0,,,,1295.7649230957031,0.0,,0.0,0.0,,0.0,0.0,0.0,0.0,0,"{""amir"": 0.0, ""anfer"": 0.0}",0.0,0.0,5413.0
021_04_sy2014_ic2_dqn_seed12_50k__sy_2014_seed1,dba09881156539b3ad34cf72ea1cc08db5be74f8018a03a49e1eba481815ff7f,SY,2014,1,dqn,30000,59.0,,,,1383.7161254882812,0.0,,0.0,0.0,,0.0,0.0,0.0,0.0,0,"{""amir"": 0.0, ""anfer"": 0.0}",0.0,0.0,5413.0
021_04_sy2014_ic2_dqn_seed12_50k__sy_2014_seed1,dba09881156539b3ad34cf72ea1cc08db5be74f8018a03a49e1eba481815ff7f,SY,2014,1,dqn,30000,60.0,,,,1484.290008544922,0.0,,0.0,0.0,,0.0,0.0,0.0,0.0,0,"{""amir"": 0.0, ""anfer"": 0.0}",0.0,0.0,5413.0
021_04_sy2014_ic2_dqn_seed12_50k__sy_2014_seed1,dba09881156539b3ad34cf72ea1cc08db5be74f8018a03a49e1eba481815ff7f,SY,2014,1,dqn,30000,61.0,,,,1592.70751953125,0.0,,0.0,0.0,,0.0,0.0,0.0,0.0,0,"{""amir"": 0.0, ""anfer"": 0.0}",0.0,0.0,5413.0
021_04_sy2014_ic2_dqn_seed12_50k__sy_2014_seed1,dba09881156539b3ad34cf72ea1cc08db5be74f8018a03a49e1eba481815ff7f,SY,2014,1,dqn,30000,62.0,,,,1710.9112548828125,0.0,,0.0,0.0,,0.0,0.0,0.0,0.0,0,"{""amir"": 0.0, ""anfer"": 0.0}",0.0,0.0,5413.0
021_04_sy2014_ic2_dqn_seed12_50k__sy_2014_seed1,dba09881156539b3ad34cf72ea1cc08db5be74f8018a03a49e1eba481815ff7f,SY,2014,1,dqn,30000,63.0,,,,1825.2359008789065,0.0,,0.0,0.0,,0.0,0.0,0.0,0.0,0,"{""amir"": 0.0, ""anfer"": 0.0}",0.0,0.0,5413.0
021_04_sy2014_ic2_dqn_seed12_50k__sy_2014_seed1,dba09881156539b3ad34cf72ea1cc08db5be74f8018a03a49e1eba481815ff7f,SY,2014,1,dqn,30000,64.0,,,,1949.4239807128904,0.0,,0.0,0.0,,0.0,0.0,0.0,0.0,0,"{""amir"": 0.0, ""anfer"": 0.0}",0.0,0.0,5413.0
021_04_sy2014_ic2_dqn_seed12_50k__sy_2014_seed1,dba09881156539b3ad34cf72ea1cc08db5be74f8018a03a49e1eba481815ff7f,SY,2014,1,dqn,30000,65.0,,,,2083.9894104003906,0.0,,0.0,0.0207860469818115,,0.0,0.0,0.0,0.0,0,"{""amir"": 0.0, ""anfer"": 0.0}",0.0,0.0,5413.0
021_04_sy2014_ic2_dqn_seed12_50k__sy_2014_seed1,dba09881156539b3ad34cf72ea1cc08db5be74f8018a03a49e1eba481815ff7f,SY,2014,1,dqn,30000,66.0,,,,2230.03662109375,0.0,,0.0,0.0450993180274963,,0.0,0.0,0.0,0.0,0,"{""amir"": 0.0, ""anfer"": 0.0}",0.0,0.0,5413.0
021_04_sy2014_ic2_dqn_seed12_50k__sy_2014_seed1,dba09881156539b3ad34cf72ea1cc08db5be74f8018a03a49e1eba481815ff7f,SY,2014,1,dqn,30000,67.0,,,,2352.093505859375,0.0,,0.0,0.0683484077453613,,0.0,0.0,0.0,0.0,0,"{""amir"": 0.0, ""anfer"": 0.0}",0.0,0.0,5413.0
021_04_sy2014_ic2_dqn_seed12_50k__sy_2014_seed1,dba09881156539b3ad34cf72ea1cc08db5be74f8018a03a49e1eba481815ff7f,SY,2014,1,dqn,30000,68.0,,,,2468.408660888672,0.0,,0.0,0.0903395414352417,,0.0,0.0,0.0,0.0,0,"{""amir"": 0.0, ""anfer"": 0.0}",0.0,0.0,5413.0
021_04_sy2014_ic2_dqn_seed12_50k__sy_2014_seed1,dba09881156539b3ad34cf72ea1cc08db5be74f8018a03a49e1eba481815ff7f,SY,2014,1,dqn,30000,69.0,,,,2581.533508300781,0.0,,0.0,0.1055159568786621,,0.0,0.0,0.0,0.0,0,"{""amir"": 0.0, ""anfer"": 0.0}",0.0,0.0,5413.0
021_04_sy2014_ic2_dqn_seed12_50k__sy_2014_seed1,dba09881156539b3ad34cf72ea1cc08db5be74f8018a03a49e1eba481815ff7f,SY,2014,1,dqn,30000,70.0,,,,2711.787414550781,0.0,,0.0,0.1178019046783447,,0.0,0.0,0.0,0.0,0,"{""amir"": 0.0, ""anfer"": 0.0}",0.0,0.0,5413.0
021_04_sy2014_ic2_dqn_seed12_50k__sy_2014_seed1,dba09881156539b3ad34cf72ea1cc08db5be74f8018a03a49e1eba481815ff7f,SY,2014,1,dqn,30000,71.0,,,,2858.5064697265625,0.0,,0.0,0.1279278993606567,,0.0,0.0,0.0,0.0,0,"{""amir"": 0.0, ""anfer"": 0.0}",0.0,0.0,5413.0
021_04_sy2014_ic2_dqn_seed12_50k__sy_2014_seed1,dba09881156539b3ad34cf72ea1cc08db5be74f8018a03a49e1eba481815ff7f,SY,2014,1,dqn,30000,72.0,,,,3007.1365356445312,0.0,,0.0,0.1395850777626037,,0.0,0.0,0.0,0.0,0,"{""amir"": 0.0, ""anfer"": 0.0}",0.0,0.0,5413.0
021_04_sy2014_ic2_dqn_seed12_50k__sy_2014_seed1,dba09881156539b3ad34cf72ea1cc08db5be74f8018a03a49e1eba481815ff7f,SY,2014,1,dqn,30000,73.0,,,,3295.130920410156,0.0,,0.0,0.151700735092163,,0.0,0.0,0.0,0.0,0,"{""amir"": 0.0, ""anfer"": 0.0}",0.0,0.0,5413.0
021_04_sy2014_ic2_dqn_seed12_50k__sy_2014_seed1,dba09881156539b3ad34cf72ea1cc08db5be74f8018a03a49e1eba481815ff7f,SY,2014,1,dqn,30000,74.0,,,,3468.5317993164062,0.0,,0.0,0.1622416973114013,,0.0,0.0,0.0,0.0,0,"{""amir"": 0.0, ""anfer"": 0.0}",0.0,0.0,5413.0
021_04_sy2014_ic2_dqn_seed12_50k__sy_2014_seed1,dba09881156539b3ad34cf72ea1cc08db5be74f8018a03a49e1eba481815ff7f,SY,2014,1,dqn,30000,75.0,,,,3618.790893554688,0.0,,0.0,0.1850702762603759,,0.0,0.0,0.0,0.0,0,"{""amir"": 0.0, ""anfer"": 0.0}",0.0,0.0,5413.0
021_04_sy2014_ic2_dqn_seed12_50k__sy_2014_seed1,dba09881156539b3ad34cf72ea1cc08db5be74f8018a03a49e1eba481815ff7f,SY,2014,1,dqn,30000,76.0,,,,3750.98876953125,0.0,,0.0,0.193942129611969,,0.0,0.0,0.0,0.0,0,"{""amir"": 0.0, ""anfer"": 0.0}",0.0,0.0,5413.0
021_04_sy2014_ic2_dqn_seed12_50k__sy_2014_seed1,dba09881156539b3ad34cf72ea1cc08db5be74f8018a03a49e1eba481815ff7f,SY,2014,1,dqn,30000,77.0,,,,3869.3011474609375,0.0,,0.0,0.199248194694519,,0.0,0.0,0.0,0.0,0,"{""amir"": 0.0, ""anfer"": 0.0}",0.0,0.0,5413.0
021_04_sy2014_ic2_dqn_seed12_50k__sy_2014_seed1,dba09881156539b3ad34cf72ea1cc08db5be74f8018a03a49e1eba481815ff7f,SY,2014,1,dqn,30000,78.0,,,,3980.799865722656,0.0,,0.0,0.2072367072105407,,0.0,0.0,0.0,0.0,0,"{""amir"": 0.0, ""anfer"": 0.0}",0.0,0.0,5413.0
021_04_sy2014_ic2_dqn_seed12_50k__sy_2014_seed1,dba09881156539b3ad34cf72ea1cc08db5be74f8018a03a49e1eba481815ff7f,SY,2014,1,dqn,30000,79.0,,,,4085.190124511719,0.0,,0.0,0.2129586338996887,,0.0,0.0,0.0,0.0,0,"{""amir"": 0.0, ""anfer"": 0.0}",0.0,0.0,5413.0
021_04_sy2014_ic2_dqn_seed12_50k__sy_2014_seed1,dba09881156539b3ad34cf72ea1cc08db5be74f8018a03a49e1eba481815ff7f,SY,2014,1,dqn,30000,80.0,,,,4193.335571289063,0.0,,0.0,0.2153649926185608,,0.0,0.0,0.0,0.0,0,"{""amir"": 0.0, ""anfer"": 0.0}",0.0,0.0,5413.0
021_04_sy2014_ic2_dqn_seed12_50k__sy_2014_seed1,dba09881156539b3ad34cf72ea1cc08db5be74f8018a03a49e1eba481815ff7f,SY,2014,1,dqn,30000,81.0,,,,4284.2364501953125,0.0,,0.0,0.2190966010093689,,0.0,0.0,0.0,0.0,0,"{""amir"": 0.0, ""anfer"": 0.0}",0.0,0.0,5413.0
021_04_sy2014_ic2_dqn_seed12_50k__sy_2014_seed1,dba09881156539b3ad34cf72ea1cc08db5be74f8018a03a49e1eba481815ff7f,SY,2014,1,dqn,30000,82.0,,,,4376.9134521484375,0.0,,0.0,0.2203364968299865,,0.0,0.0,0.0,0.0,0,"{""amir"": 0.0, ""anfer"": 0.0}",0.0,0.0,5413.0
021_04_sy2014_ic2_dqn_seed12_50k__sy_2014_seed1,dba09881156539b3ad34cf72ea1cc08db5be74f8018a03a49e1eba481815ff7f,SY,2014,1,dqn,30000,83.0,,,,4468.602294921875,0.0,,0.0,0.2192417979240417,,0.0,0.0,0.0,0.0,0,"{""amir"": 0.0, ""anfer"": 0.0}",0.0,0.0,5413.0
021_04_sy2014_ic2_dqn_seed12_50k__sy_2014_seed1,dba09881156539b3ad34cf72ea1cc08db5be74f8018a03a49e1eba481815ff7f,SY,2014,1,dqn,30000,84.0,,,,4563.6083984375,0.0,,0.0,0.2172316908836364,,0.0,0.0,0.0,0.0,0,"{""amir"": 0.0, ""anfer"": 0.0}",0.0,0.0,5413.0
021_04_sy2014_ic2_dqn_seed12_50k__sy_2014_seed1,dba09881156539b3ad34cf72ea1cc08db5be74f8018a03a49e1eba481815ff7f,SY,2014,1,dqn,30000,85.0,,,,4669.2291259765625,0.0,,0.0,0.2127729654312133,,0.0,0.0,0.0,0.0,0,"{""amir"": 0.0, ""anfer"": 0.0}",0.0,0.0,5413.0
021_04_sy2014_ic2_dqn_seed12_50k__sy_2014_seed1,dba09881156539b3ad34cf72ea1cc08db5be74f8018a03a49e1eba481815ff7f,SY,2014,1,dqn,30000,86.0,,,,4779.831237792969,0.0,,0.0,0.2055679559707641,,0.0,0.0,0.0,0.0,0,"{""amir"": 0.0, ""anfer"": 0.0}",0.0,0.0,5413.0
021_04_sy2014_ic2_dqn_seed12_50k__sy_2014_seed1,dba09881156539b3ad34cf72ea1cc08db5be74f8018a03a49e1eba481815ff7f,SY,2014,1,dqn,30000,87.0,,,,4879.786682128906,0.0,,0.0,0.2063058018684387,,0.0,0.0,0.0,0.0,0,"{""amir"": 0.0, ""anfer"": 0.0}",0.0,0.0,5413.0
021_04_sy2014_ic2_dqn_seed12_50k__sy_2014_seed1,dba09881156539b3ad34cf72ea1cc08db5be74f8018a03a49e1eba481815ff7f,SY,2014,1,dqn,30000,88.0,,,,4977.4114990234375,0.0,,0.0,0.2078858017921447,,0.0,0.0,0.0,0.0,0,"{""amir"": 0.0, ""anfer"": 0.0}",0.0,0.0,5413.0
021_04_sy2014_ic2_dqn_seed12_50k__sy_2014_seed1,dba09881156539b3ad34cf72ea1cc08db5be74f8018a03a49e1eba481815ff7f,SY,2014,1,dqn,30000,89.0,,,,5085.112609863281,0.0,,0.0,0.2074021100997924,,0.0,0.0,0.0,0.0,0,"{""amir"": 0.0, ""anfer"": 0.0}",0.0,0.0,5413.0
021_04_sy2014_ic2_dqn_seed12_50k__sy_2014_seed1,dba09881156539b3ad34cf72ea1cc08db5be74f8018a03a49e1eba481815ff7f,SY,2014,1,dqn,30000,90.0,,,,5241.3385009765625,0.0,,0.0,0.2069751024246215,,0.0,0.0,0.0,0.0,0,"{""amir"": 0.0, ""anfer"": 0.0}",0.0,0.0,5413.0
021_04_sy2014_ic2_dqn_seed12_50k__sy_2014_seed1,dba09881156539b3ad34cf72ea1cc08db5be74f8018a03a49e1eba481815ff7f,SY,2014,1,dqn,30000,91.0,,,,5451.069946289063,0.0,,0.0,0.1990035772323608,,0.0,0.0,0.0,0.0,0,"{""amir"": 0.0, ""anfer"": 0.0}",0.0,0.0,5413.0
021_04_sy2014_ic2_dqn_seed12_50k__sy_2014_seed1,dba09881156539b3ad34cf72ea1cc08db5be74f8018a03a49e1eba481815ff7f,SY,2014,1,dqn,30000,92.0,,,,5487.69775390625,0.0,,0.0,0.1991600394248962,,0.0,0.0,0.0,0.0,0,"{""amir"": 0.0, ""anfer"": 0.0}",0.0,0.0,5413.0
021_04_sy2014_ic2_dqn_seed12_50k__sy_2014_seed1,dba09881156539b3ad34cf72ea1cc08db5be74f8018a03a49e1eba481815ff7f,SY,2014,1,dqn,30000,93.0,,,,5607.0025634765625,0.0,,0.0,0.2037560939788818,,0.0,0.0,0.0,0.0,0,"{""amir"": 0.0, ""anfer"": 0.0}",0.0,0.0,5413.0
021_04_sy2014_ic2_dqn_seed12_50k__sy_2014_seed1,dba09881156539b3ad34cf72ea1cc08db5be74f8018a03a49e1eba481815ff7f,SY,2014,1,dqn,30000,94.0,,,,5807.0977783203125,0.0,,0.0,0.1957767605781555,,0.0,0.0,0.0,0.0,0,"{""amir"": 0.0, ""anfer"": 0.0}",0.0,0.0,5413.0
021_04_sy2014_ic2_dqn_seed12_50k__sy_2014_seed1,dba09881156539b3ad34cf72ea1cc08db5be74f8018a03a49e1eba481815ff7f,SY,2014,1,dqn,30000,95.0,,,,5943.446044921875,0.0,,0.0,0.193587064743042,,0.0,0.0,0.0,0.0,0,"{""amir"": 0.0, ""anfer"": 0.0}",0.0,0.0,5413.0
021_04_sy2014_ic2_dqn_seed12_50k__sy_2014_seed1,dba09881156539b3ad34cf72ea1cc08db5be74f8018a03a49e1eba481815ff7f,SY,2014,1,dqn,30000,96.0,,,,5981.95068359375,0.0,,0.0,0.1946513652801513,,0.0,0.0,0.0,0.0,0,"{""amir"": 0.0, ""anfer"": 0.0}",0.0,0.0,5413.0
021_04_sy2014_ic2_dqn_seed12_50k__sy_2014_seed1,dba09881156539b3ad34cf72ea1cc08db5be74f8018a03a49e1eba481815ff7f,SY,2014,1,dqn,30000,97.0,,,,6194.71435546875,0.0,,0.0,0.1926735043525695,,0.0,0.0,0.0,0.0,0,"{""amir"": 0.0, ""anfer"": 0.0}",0.0,0.0,5413.0
021_04_sy2014_ic2_dqn_seed12_50k__sy_2014_seed1,dba09881156539b3ad34cf72ea1cc08db5be74f8018a03a49e1eba481815ff7f,SY,2014,1,dqn,30000,98.0,,,,6401.778564453125,0.0,,0.0,0.1866742372512817,,0.0,0.0,0.0,0.0,0,"{""amir"": 0.0, ""anfer"": 0.0}",0.0,0.0,5413.0
021_04_sy2014_ic2_dqn_seed12_50k__sy_2014_seed1,dba09881156539b3ad34cf72ea1cc08db5be74f8018a03a49e1eba481815ff7f,SY,2014,1,dqn,30000,99.0,,,,6576.16455078125,0.0,,0.0,0.186535358428955,,0.0,0.0,0.0,0.0,0,"{""amir"": 0.0, ""anfer"": 0.0}",0.0,0.0,5413.0
021_04_sy2014_ic2_dqn_seed12_50k__sy_2014_seed1,dba09881156539b3ad34cf72ea1cc08db5be74f8018a03a49e1eba481815ff7f,SY,2014,1,dqn,30000,100.0,,,,6786.5020751953125,210.3375244140625,,0.0,0.1853732466697693,,0.0,0.0,0.0,0.0,0,"{""amir"": 0.0, ""anfer"": 0.0}",0.0,0.0,5413.0
021_04_sy2014_ic2_dqn_seed12_50k__sy_2014_seed1,dba09881156539b3ad34cf72ea1cc08db5be74f8018a03a49e1eba481815ff7f,SY,2014,1,dqn,30000,101.0,,,,6941.429443359375,365.2651596069336,,0.0,0.1993887424468994,,15.0,0.0,15.0,0.0,1,"{""amir"": 15.0, ""anfer"": 0.0}",-15.0,0.0,5413.0
021_04_sy2014_ic2_dqn_seed12_50k__sy_2014_seed1,dba09881156539b3ad34cf72ea1cc08db5be74f8018a03a49e1eba481815ff7f,SY,2014,1,dqn,30000,102.0,,,,7096.3568115234375,520.192756652832,,0.0,0.2074162364006042,,15.0,0.0,0.0,0.0,1,"{""amir"": 0.0, ""anfer"": 0.0}",0.0,0.0,5413.0
021_04_sy2014_ic2_dqn_seed12_50k__sy_2014_seed1,dba09881156539b3ad34cf72ea1cc08db5be74f8018a03a49e1eba481815ff7f,SY,2014,1,dqn,30000,103.0,,,,7230.9503173828125,654.7860717773438,,0.0,0.2132822275161743,,15.0,0.0,0.0,0.0,2,"{""amir"": 0.0, ""anfer"": 0.0}",0.0,0.0,5413.0
021_04_sy2014_ic2_dqn_seed12_50k__sy_2014_seed1,dba09881156539b3ad34cf72ea1cc08db5be74f8018a03a49e1eba481815ff7f,SY,2014,1,dqn,30000,104.0,,,,7365.5438232421875,789.3794250488281,,0.0,0.2175583839416504,,15.0,0.0,0.0,0.0,2,"{""amir"": 0.0, ""anfer"": 0.0}",0.0,0.0,5413.0
021_04_sy2014_ic2_dqn_seed12_50k__sy_2014_seed1,dba09881156539b3ad34cf72ea1cc08db5be74f8018a03a49e1eba481815ff7f,SY,2014,1,dqn,30000,105.0,,,,7514.661865234375,938.497314453125,,0.0,0.2230547666549682,,15.0,0.0,0.0,0.0,2,"{""amir"": 0.0, ""anfer"": 0.0}",0.0,0.0,5413.0
021_04_sy2014_ic2_dqn_seed12_50k__sy_2014_seed1,dba09881156539b3ad34cf72ea1cc08db5be74f8018a03a49e1eba481815ff7f,SY,2014,1,dqn,30000,106.0,,,,7669.588623046875,1093.4249877929688,,0.0,0.2329134345054626,,15.0,0.0,0.0,0.0,0,"{""amir"": 0.0, ""anfer"": 0.0}",0.0,0.0,5413.0
021_04_sy2014_ic2_dqn_seed12_50k__sy_2014_seed1,dba09881156539b3ad34cf72ea1cc08db5be74f8018a03a49e1eba481815ff7f,SY,2014,1,dqn,30000,107.0,,,,7824.5166015625,1248.3525848388672,,0.0,0.2442324161529541,,15.0,0.0,0.0,0.0,0,"{""amir"": 0.0, ""anfer"": 0.0}",0.0,0.0,5413.0
021_04_sy2014_ic2_dqn_seed12_50k__sy_2014_seed1,dba09881156539b3ad34cf72ea1cc08db5be74f8018a03a49e1eba481815ff7f,SY,2014,1,dqn,30000,108.0,,,,7979.444580078125,1403.2803344726562,,0.0,0.2554948329925537,,15.0,0.0,0.0,0.0,0,"{""amir"": 0.0, ""anfer"": 0.0}",0.0,0.0,5413.0
021_04_sy2014_ic2_dqn_seed12_50k__sy_2014_seed1,dba09881156539b3ad34cf72ea1cc08db5be74f8018a03a49e1eba481815ff7f,SY,2014,1,dqn,30000,109.0,,,,8134.371337890625,1558.2078552246094,,0.0,0.2692528963088989,,15.0,0.0,0.0,0.0,0,"{""amir"": 0.0, ""anfer"": 0.0}",0.0,0.0,5413.0
021_04_sy2014_ic2_dqn_seed12_50k__sy_2014_seed1,dba09881156539b3ad34cf72ea1cc08db5be74f8018a03a49e1eba481815ff7f,SY,2014,1,dqn,30000,110.0,,,,8289.29931640625,1713.1353759765625,,0.0,0.2838088870048523,,15.0,0.0,0.0,0.0,0,"{""amir"": 0.0, ""anfer"": 0.0}",0.0,0.0,5413.0
021_04_sy2014_ic2_dqn_seed12_50k__sy_2014_seed1,dba09881156539b3ad34cf72ea1cc08db5be74f8018a03a49e1eba481815ff7f,SY,2014,1,dqn,30000,111.0,,,,8444.226684570312,1868.062896728516,,0.0,0.2986418604850769,,15.0,0.0,0.0,0.0,0,"{""amir"": 0.0, ""anfer"": 0.0}",0.0,0.0,5413.0
021_04_sy2014_ic2_dqn_seed12_50k__sy_2014_seed1,dba09881156539b3ad34cf72ea1cc08db5be74f8018a03a49e1eba481815ff7f,SY,2014,1,dqn,30000,112.0,,,,8599.154663085938,2022.9905700683596,,0.0,0.314667284488678,,15.0,0.0,0.0,0.0,0,"{""amir"": 0.0, ""anfer"": 0.0}",0.0,0.0,5413.0
021_04_sy2014_ic2_dqn_seed12_50k__sy_2014_seed1,dba09881156539b3ad34cf72ea1cc08db5be74f8018a03a49e1eba481815ff7f,SY,2014,1,dqn,30000,113.0,,,,8738.096313476562,2177.9180908203125,,0.0,0.3311805725097656,,15.0,0.0,0.0,0.0,0,"{""amir"": 0.0, ""anfer"": 0.0}",0.0,0.0,5413.0
021_04_sy2014_ic2_dqn_seed12_50k__sy_2014_seed1,dba09881156539b3ad34cf72ea1cc08db5be74f8018a03a49e1eba481815ff7f,SY,2014,1,dqn,30000,114.0,,,,8909.010009765625,2332.8456115722656,,0.0,0.3486663699150085,,15.0,0.0,0.0,0.0,0,"{""amir"": 0.0, ""anfer"": 0.0}",0.0,0.0,5413.0
021_04_sy2014_ic2_dqn_seed12_50k__sy_2014_seed1,dba09881156539b3ad34cf72ea1cc08db5be74f8018a03a49e1eba481815ff7f,SY,2014,1,dqn,30000,115.0,,,,9063.93798828125,2487.7731323242188,,0.0,0.3644896745681762,,15.0,0.0,0.0,0.0,0,"{""amir"": 0.0, ""anfer"": 0.0}",0.0,0.0,5413.0
021_04_sy2014_ic2_dqn_seed12_50k__sy_2014_seed1,dba09881156539b3ad34cf72ea1cc08db5be74f8018a03a49e1eba481815ff7f,SY,2014,1,dqn,30000,116.0,,,,9161.752319335938,2642.7008056640625,,0.0,0.386799156665802,,15.0,0.0,0.0,0.0,0,"{""amir"": 0.0, ""anfer"": 0.0}",0.0,0.0,5413.0
021_04_sy2014_ic2_dqn_seed12_50k__sy_2014_seed1,dba09881156539b3ad34cf72ea1cc08db5be74f8018a03a49e1eba481815ff7f,SY,2014,1,dqn,30000,117.0,,,,9285.299072265623,2797.628173828125,,0.0,0.4060867428779602,,15.0,0.0,0.0,0.0,0,"{""amir"": 0.0, ""anfer"": 0.0}",0.0,0.0,5413.0
021_04_sy2014_ic2_dqn_seed12_50k__sy_2014_seed1,dba09881156539b3ad34cf72ea1cc08db5be74f8018a03a49e1eba481815ff7f,SY,2014,1,dqn,30000,118.0,,,,9429.480590820312,2952.5558471679688,,0.0,0.4147492051124573,,15.0,0.0,0.0,0.0,0,"{""amir"": 0.0, ""anfer"": 0.0}",0.0,0.0,5413.0
021_04_sy2014_ic2_dqn_seed12_50k__sy_2014_seed1,dba09881156539b3ad34cf72ea1cc08db5be74f8018a03a49e1eba481815ff7f,SY,2014,1,dqn,30000,119.0,,,,9518.106689453123,3107.4835205078125,,0.0,0.4295451045036316,,15.0,0.0,0.0,0.0,0,"{""amir"": 0.0, ""anfer"": 0.0}",0.0,0.0,5413.0
021_04_sy2014_ic2_dqn_seed12_50k__sy_2014_seed1,dba09881156539b3ad34cf72ea1cc08db5be74f8018a03a49e1eba481815ff7f,SY,2014,1,dqn,30000,120.0,,,,9594.160766601562,3262.411193847656,,0.0,0.4485793709754944,,15.0,0.0,0.0,0.0,0,"{""amir"": 0.0, ""anfer"": 0.0}",0.0,0.0,5413.0
021_04_sy2014_ic2_dqn_seed12_50k__sy_2014_seed1,dba09881156539b3ad34cf72ea1cc08db5be74f8018a03a49e1eba481815ff7f,SY,2014,1,dqn,30000,121.0,,,,9709.745483398438,3417.3388671875,,0.0,0.4586444497108459,,15.0,0.0,0.0,0.0,0,"{""amir"": 0.0, ""anfer"": 0.0}",0.0,0.0,5413.0
021_04_sy2014_ic2_dqn_seed12_50k__sy_2014_seed1,dba09881156539b3ad34cf72ea1cc08db5be74f8018a03a49e1eba481815ff7f,SY,2014,1,dqn,30000,122.0,,,,9825.747680664062,3572.266540527344,,0.0,0.4655076265335083,,15.0,0.0,0.0,0.0,0,"{""amir"": 0.0, ""anfer"": 0.0}",0.0,0.0,5413.0
021_04_sy2014_ic2_dqn_seed12_50k__sy_2014_seed1,dba09881156539b3ad34cf72ea1cc08db5be74f8018a03a49e1eba481815ff7f,SY,2014,1,dqn,30000,123.0,,,,9883.240356445312,3727.194213867188,,0.0,0.4821934103965759,,15.0,0.0,0.0,0.0,0,"{""amir"": 0.0, ""anfer"": 0.0}",0.0,0.0,5413.0
021_04_sy2014_ic2_dqn_seed12_50k__sy_2014_seed1,dba09881156539b3ad34cf72ea1cc08db5be74f8018a03a49e1eba481815ff7f,SY,2014,1,dqn,30000,124.0,,,,9964.111938476562,3882.122192382813,,0.0,0.4979904890060425,,15.0,0.0,0.0,0.0,0,"{""amir"": 0.0, ""anfer"": 0.0}",0.0,0.0,5413.0
021_04_sy2014_ic2_dqn_seed12_50k__sy_2014_seed1,dba09881156539b3ad34cf72ea1cc08db5be74f8018a03a49e1eba481815ff7f,SY,2014,1,dqn,30000,125.0,,,,10005.67626953125,4037.049865722656,,0.0,0.5042039752006531,,15.0,0.0,0.0,0.0,5,"{""amir"": 0.0, ""anfer"": 0.0}",0.0,0.0,5413.0
021_04_sy2014_ic2_dqn_seed12_50k__sy_2014_seed1,dba09881156539b3ad34cf72ea1cc08db5be74f8018a03a49e1eba481815ff7f,SY,2014,1,dqn,30000,126.0,,,,10061.307373046877,4191.9775390625,,0.0,0.5144540071487427,,15.0,0.0,0.0,0.0,5,"{""amir"": 0.0, ""anfer"": 0.0}",0.0,0.0,5413.0
021_04_sy2014_ic2_dqn_seed12_50k__sy_2014_seed1,dba09881156539b3ad34cf72ea1cc08db5be74f8018a03a49e1eba481815ff7f,SY,2014,1,dqn,30000,127.0,,,,10091.83349609375,4346.905212402344,,0.0,0.5188825130462646,,15.0,0.0,0.0,0.0,5,"{""amir"": 0.0, ""anfer"": 0.0}",0.0,0.0,5413.0
021_04_sy2014_ic2_dqn_seed12_50k__sy_2014_seed1,dba09881156539b3ad34cf72ea1cc08db5be74f8018a03a49e1eba481815ff7f,SY,2014,1,dqn,30000,128.0,,,,10183.605346679688,4501.833190917969,,0.0,0.5269706845283508,,15.0,0.0,0.0,0.0,5,"{""amir"": 0.0, ""anfer"": 0.0}",0.0,0.0,5413.0
021_04_sy2014_ic2_dqn_seed12_50k__sy_2014_seed1,dba09881156539b3ad34cf72ea1cc08db5be74f8018a03a49e1eba481815ff7f,SY,2014,1,dqn,30000,129.0,,,,10268.19091796875,4656.7608642578125,,0.0,0.5300766825675964,,15.0,0.0,0.0,0.0,5,"{""amir"": 0.0, ""anfer"": 0.0}",0.0,0.0,5413.0
021_04_sy2014_ic2_dqn_seed12_50k__sy_2014_seed1,dba09881156539b3ad34cf72ea1cc08db5be74f8018a03a49e1eba481815ff7f,SY,2014,1,dqn,30000,130.0,,,,10330.926513671877,4811.688537597656,,0.0,0.5506537556648254,,15.0,0.0,0.0,0.0,5,"{""amir"": 0.0, ""anfer"": 0.0}",0.0,0.0,5413.0
021_04_sy2014_ic2_dqn_seed12_50k__sy_2014_seed1,dba09881156539b3ad34cf72ea1cc08db5be74f8018a03a49e1eba481815ff7f,SY,2014,1,dqn,30000,131.0,,,,10390.675048828123,4966.6162109375,,0.0,0.5703561902046204,,15.0,0.0,0.0,0.0,5,"{""amir"": 0.0, ""anfer"": 0.0}",0.0,0.0,5413.0
021_04_sy2014_ic2_dqn_seed12_50k__sy_2014_seed1,dba09881156539b3ad34cf72ea1cc08db5be74f8018a03a49e1eba481815ff7f,SY,2014,1,dqn,30000,132.0,,,,10459.136962890623,5121.544189453125,,0.0,0.5851848125457764,,15.0,0.0,0.0,0.0,1,"{""amir"": 0.0, ""anfer"": 0.0}",0.0,0.0,5413.0
021_04_sy2014_ic2_dqn_seed12_50k__sy_2014_seed1,dba09881156539b3ad34cf72ea1cc08db5be74f8018a03a49e1eba481815ff7f,SY,2014,1,dqn,30000,133.0,,,,10523.477783203123,5276.471557617188,,0.0,0.5978410243988037,,15.0,0.0,0.0,0.0,1,"{""amir"": 0.0, ""anfer"": 0.0}",0.0,0.0,5413.0
021_04_sy2014_ic2_dqn_seed12_50k__sy_2014_seed1,dba09881156539b3ad34cf72ea1cc08db5be74f8018a03a49e1eba481815ff7f,SY,2014,1,dqn,30000,134.0,,,,10526.0400390625,5330.7525634765625,,0.0,0.6091234087944031,,15.0,0.0,0.0,0.0,1,"{""amir"": 0.0, ""anfer"": 0.0}",0.0,0.0,5413.0
021_04_sy2014_ic2_dqn_seed12_50k__sy_2014_seed1,dba09881156539b3ad34cf72ea1cc08db5be74f8018a03a49e1eba481815ff7f,SY,2014,1,dqn,30000,135.0,,,,10568.106689453123,5372.819213867188,,0.0,0.5924807786941528,,15.0,0.0,0.0,0.0,1,"{""amir"": 0.0, ""anfer"": 0.0}",0.0,0.0,5413.0
021_04_sy2014_ic2_dqn_seed12_50k__sy_2014_seed1,dba09881156539b3ad34cf72ea1cc08db5be74f8018a03a49e1eba481815ff7f,SY,2014,1,dqn,30000,136.0,,,,10608.101806640623,5412.81494140625,,0.0,0.5853001773357391,,15.0,0.0,0.0,0.0,1,"{""amir"": 0.0, ""anfer"": 0.0}",0.0,0.0,5413.0
021_04_sy2014_ic2_dqn_seed12_50k__sy_2014_seed1,dba09881156539b3ad34cf72ea1cc08db5be74f8018a03a49e1eba481815ff7f,SY,2014,1,dqn,30000,137.0,,,,10608.101806640623,5412.81494140625,,0.0,0.5948225855827332,,15.0,0.0,0.0,0.0,1,"{""amir"": 0.0, ""anfer"": 0.0}",0.0,0.0,5413.0
021_04_sy2014_ic2_dqn_seed12_50k__sy_2014_seed1,dba09881156539b3ad34cf72ea1cc08db5be74f8018a03a49e1eba481815ff7f,SY,2014,1,dqn,30000,138.0,,,,10608.101806640623,5412.81494140625,,0.0,0.5948225855827332,,15.0,0.0,0.0,0.0,1,"{""amir"": 0.0, ""anfer"": 0.0}",0.0,0.0,5413.0
021_04_sy2014_ic2_dqn_seed12_50k__sy_2014_seed1,dba09881156539b3ad34cf72ea1cc08db5be74f8018a03a49e1eba481815ff7f,SY,2014,1,dqn,30000,139.0,,,,10608.101806640623,5412.81494140625,,0.0,0.5948225855827332,,15.0,0.0,0.0,0.0,1,"{""amir"": 0.0, ""anfer"": 0.0}",0.0,0.0,5413.0
021_04_sy2014_ic2_dqn_seed12_50k__sy_2014_seed1,dba09881156539b3ad34cf72ea1cc08db5be74f8018a03a49e1eba481815ff7f,SY,2014,1,dqn,30000,139.0,,,,10608.101806640623,5412.81494140625,,0.0,0.5948225855827332,,15.0,0.0,0.0,0.0,1,"{""amir"": 0.0, ""anfer"": 0.0}",4.81494140625,4.81494140625,5413.0
021_04_sy2014_ic2_dqn_seed12_50k__sy_2014_seed1,dba09881156539b3ad34cf72ea1cc08db5be74f8018a03a49e1eba481815ff7f,SY,2014,1,dqn,35000,0.0,,,,0.0,0.0,,0.0,0.0,,0.0,0.0,0.0,0.0,4,"{""amir"": 0.0, ""anfer"": 0.0}",0.0,0.0,5424.0
021_04_sy2014_ic2_dqn_seed12_50k__sy_2014_seed1,dba09881156539b3ad34cf72ea1cc08db5be74f8018a03a49e1eba481815ff7f,SY,2014,1,dqn,35000,0.0,,,,0.0,0.0,,0.0,0.0,,0.0,0.0,0.0,0.0,1,"{""amir"": 0.0, ""anfer"": 0.0}",0.0,0.0,5424.0
021_04_sy2014_ic2_dqn_seed12_50k__sy_2014_seed1,dba09881156539b3ad34cf72ea1cc08db5be74f8018a03a49e1eba481815ff7f,SY,2014,1,dqn,35000,0.0,,,,0.0,0.0,,0.0,0.0,,0.0,0.0,0.0,0.0,1,"{""amir"": 0.0, ""anfer"": 0.0}",0.0,0.0,5424.0
021_04_sy2014_ic2_dqn_seed12_50k__sy_2014_seed1,dba09881156539b3ad34cf72ea1cc08db5be74f8018a03a49e1eba481815ff7f,SY,2014,1,dqn,35000,0.0,,,,0.0,0.0,,0.0,0.0,,0.0,0.0,0.0,0.0,5,"{""amir"": 0.0, ""anfer"": 0.0}",0.0,0.0,5424.0
021_04_sy2014_ic2_dqn_seed12_50k__sy_2014_seed1,dba09881156539b3ad34cf72ea1cc08db5be74f8018a03a49e1eba481815ff7f,SY,2014,1,dqn,35000,0.0,,,,0.0,0.0,,0.0,0.0,,0.0,0.0,0.0,0.0,5,"{""amir"": 0.0, ""anfer"": 0.0}",0.0,0.0,5424.0
021_04_sy2014_ic2_dqn_seed12_50k__sy_2014_seed1,dba09881156539b3ad34cf72ea1cc08db5be74f8018a03a49e1eba481815ff7f,SY,2014,1,dqn,35000,0.0,,,,0.0,0.0,,0.0,0.0,,0.0,0.0,0.0,0.0,5,"{""amir"": 0.0, ""anfer"": 0.0}",0.0,0.0,5424.0
021_04_sy2014_ic2_dqn_seed12_50k__sy_2014_seed1,dba09881156539b3ad34cf72ea1cc08db5be74f8018a03a49e1eba481815ff7f,SY,2014,1,dqn,35000,0.0,,,,0.0,0.0,,0.0,0.0,,0.0,0.0,0.0,0.0,1,"{""amir"": 0.0, ""anfer"": 0.0}",0.0,0.0,5424.0
021_04_sy2014_ic2_dqn_seed12_50k__sy_2014_seed1,dba09881156539b3ad34cf72ea1cc08db5be74f8018a03a49e1eba481815ff7f,SY,2014,1,dqn,35000,0.0,,,,0.0,0.0,,0.0,0.0,,0.0,0.0,0.0,0.0,1,"{""amir"": 0.0, ""anfer"": 0.0}",0.0,0.0,5424.0
021_04_sy2014_ic2_dqn_seed12_50k__sy_2014_seed1,dba09881156539b3ad34cf72ea1cc08db5be74f8018a03a49e1eba481815ff7f,SY,2014,1,dqn,35000,0.0,,,,0.0,0.0,,0.0,0.0,,0.0,0.0,0.0,0.0,1,"{""amir"": 0.0, ""anfer"": 0.0}",0.0,0.0,5424.0
021_04_sy2014_ic2_dqn_seed12_50k__sy_2014_seed1,dba09881156539b3ad34cf72ea1cc08db5be74f8018a03a49e1eba481815ff7f,SY,2014,1,dqn,35000,0.0,,,,0.0,0.0,,0.0,0.0,,0.0,0.0,0.0,0.0,1,"{""amir"": 0.0, ""anfer"": 0.0}",0.0,0.0,5424.0
021_04_sy2014_ic2_dqn_seed12_50k__sy_2014_seed1,dba09881156539b3ad34cf72ea1cc08db5be74f8018a03a49e1eba481815ff7f,SY,2014,1,dqn,35000,0.0,,,,0.0,0.0,,0.0,0.0,,0.0,0.0,0.0,0.0,1,"{""amir"": 0.0, ""anfer"": 0.0}",0.0,0.0,5424.0
021_04_sy2014_ic2_dqn_seed12_50k__sy_2014_seed1,dba09881156539b3ad34cf72ea1cc08db5be74f8018a03a49e1eba481815ff7f,SY,2014,1,dqn,35000,0.0,,,,0.0,0.0,,0.0,0.0,,0.0,0.0,0.0,0.0,1,"{""amir"": 0.0, ""anfer"": 0.0}",0.0,0.0,5424.0
021_04_sy2014_ic2_dqn_seed12_50k__sy_2014_seed1,dba09881156539b3ad34cf72ea1cc08db5be74f8018a03a49e1eba481815ff7f,SY,2014,1,dqn,35000,0.0,,,,0.0,0.0,,0.0,0.0,,0.0,0.0,0.0,0.0,1,"{""amir"": 0.0, ""anfer"": 0.0}",0.0,0.0,5424.0
021_04_sy2014_ic2_dqn_seed12_50k__sy_2014_seed1,dba09881156539b3ad34cf72ea1cc08db5be74f8018a03a49e1eba481815ff7f,SY,2014,1,dqn,35000,0.0,,,,0.0,0.0,,0.0,0.0,,0.0,0.0,0.0,0.0,1,"{""amir"": 0.0, ""anfer"": 0.0}",0.0,0.0,5424.0
021_04_sy2014_ic2_dqn_seed12_50k__sy_2014_seed1,dba09881156539b3ad34cf72ea1cc08db5be74f8018a03a49e1eba481815ff7f,SY,2014,1,dqn,35000,0.0,,,,0.0,0.0,,0.0,0.0,,0.0,0.0,0.0,0.0,1,"{""amir"": 0.0, ""anfer"": 0.0}",0.0,0.0,5424.0
021_04_sy2014_ic2_dqn_seed12_50k__sy_2014_seed1,dba09881156539b3ad34cf72ea1cc08db5be74f8018a03a49e1eba481815ff7f,SY,2014,1,dqn,35000,0.0,,,,0.0,0.0,,0.0,0.0,,0.0,0.0,0.0,0.0,1,"{""amir"": 0.0, ""anfer"": 0.0}",0.0,0.0,5424.0
021_04_sy2014_ic2_dqn_seed12_50k__sy_2014_seed1,dba09881156539b3ad34cf72ea1cc08db5be74f8018a03a49e1eba481815ff7f,SY,2014,1,dqn,35000,0.0,,,,0.0,0.0,,0.0,0.0,,0.0,0.0,0.0,0.0,1,"{""amir"": 0.0, ""anfer"": 0.0}",0.0,0.0,5424.0
021_04_sy2014_ic2_dqn_seed12_50k__sy_2014_seed1,dba09881156539b3ad34cf72ea1cc08db5be74f8018a03a49e1eba481815ff7f,SY,2014,1,dqn,35000,0.0,,,,0.0,0.0,,0.0,0.0,,0.0,0.0,0.0,0.0,1,"{""amir"": 0.0, ""anfer"": 0.0}",0.0,0.0,5424.0
021_04_sy2014_ic2_dqn_seed12_50k__sy_2014_seed1,dba09881156539b3ad34cf72ea1cc08db5be74f8018a03a49e1eba481815ff7f,SY,2014,1,dqn,35000,0.0,,,,0.0,0.0,,0.0,0.0,,0.0,0.0,0.0,0.0,1,"{""amir"": 0.0, ""anfer"": 0.0}",0.0,0.0,5424.0
021_04_sy2014_ic2_dqn_seed12_50k__sy_2014_seed1,dba09881156539b3ad34cf72ea1cc08db5be74f8018a03a49e1eba481815ff7f,SY,2014,1,dqn,35000,0.0,,,,0.0,0.0,,0.0,0.0,,0.0,0.0,0.0,0.0,1,"{""amir"": 0.0, ""anfer"": 0.0}",0.0,0.0,5424.0
021_04_sy2014_ic2_dqn_seed12_50k__sy_2014_seed1,dba09881156539b3ad34cf72ea1cc08db5be74f8018a03a49e1eba481815ff7f,SY,2014,1,dqn,35000,1.0,,,,0.0,0.0,,0.0,0.0,,0.0,0.0,0.0,0.0,1,"{""amir"": 0.0, ""anfer"": 0.0}",0.0,0.0,5424.0
021_04_sy2014_ic2_dqn_seed12_50k__sy_2014_seed1,dba09881156539b3ad34cf72ea1cc08db5be74f8018a03a49e1eba481815ff7f,SY,2014,1,dqn,35000,2.0,,,,0.0,0.0,,0.0,0.0,,0.0,0.0,0.0,0.0,0,"{""amir"": 0.0, ""anfer"": 0.0}",0.0,0.0,5424.0
021_04_sy2014_ic2_dqn_seed12_50k__sy_2014_seed1,dba09881156539b3ad34cf72ea1cc08db5be74f8018a03a49e1eba481815ff7f,SY,2014,1,dqn,35000,3.0,,,,0.0,0.0,,0.0,0.0,,0.0,0.0,0.0,0.0,0,"{""amir"": 0.0, ""anfer"": 0.0}",0.0,0.0,5424.0
021_04_sy2014_ic2_dqn_seed12_50k__sy_2014_seed1,dba09881156539b3ad34cf72ea1cc08db5be74f8018a03a49e1eba481815ff7f,SY,2014,1,dqn,35000,4.0,,,,0.0,0.0,,0.0,0.0,,0.0,0.0,0.0,0.0,0,"{""amir"": 0.0, ""anfer"": 0.0}",0.0,0.0,5424.0
021_04_sy2014_ic2_dqn_seed12_50k__sy_2014_seed1,dba09881156539b3ad34cf72ea1cc08db5be74f8018a03a49e1eba481815ff7f,SY,2014,1,dqn,35000,5.0,,,,0.0,0.0,,0.0,0.0,,0.0,0.0,0.0,0.0,0,"{""amir"": 0.0, ""anfer"": 0.0}",0.0,0.0,5424.0
021_04_sy2014_ic2_dqn_seed12_50k__sy_2014_seed1,dba09881156539b3ad34cf72ea1cc08db5be74f8018a03a49e1eba481815ff7f,SY,2014,1,dqn,35000,6.0,,,,0.0,0.0,,0.0,0.0,,0.0,0.0,0.0,0.0,0,"{""amir"": 0.0, ""anfer"": 0.0}",0.0,0.0,5424.0
021_04_sy2014_ic2_dqn_seed12_50k__sy_2014_seed1,dba09881156539b3ad34cf72ea1cc08db5be74f8018a03a49e1eba481815ff7f,SY,2014,1,dqn,35000,7.0,,,,0.0,0.0,,0.0,0.0,,0.0,0.0,0.0,0.0,0,"{""amir"": 0.0, ""anfer"": 0.0}",0.0,0.0,5424.0
021_04_sy2014_ic2_dqn_seed12_50k__sy_2014_seed1,dba09881156539b3ad34cf72ea1cc08db5be74f8018a03a49e1eba481815ff7f,SY,2014,1,dqn,35000,8.0,,,,0.0,0.0,,0.0,0.0,,0.0,0.0,0.0,0.0,0,"{""amir"": 0.0, ""anfer"": 0.0}",0.0,0.0,5424.0
021_04_sy2014_ic2_dqn_seed12_50k__sy_2014_seed1,dba09881156539b3ad34cf72ea1cc08db5be74f8018a03a49e1eba481815ff7f,SY,2014,1,dqn,35000,9.0,,,,0.0,0.0,,0.0,0.0,,0.0,0.0,0.0,0.0,0,"{""amir"": 0.0, ""anfer"": 0.0}",0.0,0.0,5424.0
021_04_sy2014_ic2_dqn_seed12_50k__sy_2014_seed1,dba09881156539b3ad34cf72ea1cc08db5be74f8018a03a49e1eba481815ff7f,SY,2014,1,dqn,35000,10.0,,,,19.200000762939453,0.0,,0.0,0.0121910572052001,,0.0,0.0,0.0,0.0,0,"{""amir"": 0.0, ""anfer"": 0.0}",0.0,0.0,5424.0
021_04_sy2014_ic2_dqn_seed12_50k__sy_2014_seed1,dba09881156539b3ad34cf72ea1cc08db5be74f8018a03a49e1eba481815ff7f,SY,2014,1,dqn,35000,11.0,,,,19.200000762939453,0.0,,0.0,0.011216402053833,,0.0,0.0,0.0,0.0,0,"{""amir"": 0.0, ""anfer"": 0.0}",0.0,0.0,5424.0
021_04_sy2014_ic2_dqn_seed12_50k__sy_2014_seed1,dba09881156539b3ad34cf72ea1cc08db5be74f8018a03a49e1eba481815ff7f,SY,2014,1,dqn,35000,12.0,,,,19.200000762939453,0.0,,0.0,0.0090978145599365,,0.0,0.0,0.0,0.0,0,"{""amir"": 0.0, ""anfer"": 0.0}",0.0,0.0,5424.0
021_04_sy2014_ic2_dqn_seed12_50k__sy_2014_seed1,dba09881156539b3ad34cf72ea1cc08db5be74f8018a03a49e1eba481815ff7f,SY,2014,1,dqn,35000,13.0,,,,19.200000762939453,0.0,,0.0,0.0069259405136108,,0.0,0.0,0.0,0.0,0,"{""amir"": 0.0, ""anfer"": 0.0}",0.0,0.0,5424.0
021_04_sy2014_ic2_dqn_seed12_50k__sy_2014_seed1,dba09881156539b3ad34cf72ea1cc08db5be74f8018a03a49e1eba481815ff7f,SY,2014,1,dqn,35000,14.0,,,,19.200000762939453,0.0,,0.0,0.006073772907257,,0.0,0.0,0.0,0.0,0,"{""amir"": 0.0, ""anfer"": 0.0}",0.0,0.0,5424.0
021_04_sy2014_ic2_dqn_seed12_50k__sy_2014_seed1,dba09881156539b3ad34cf72ea1cc08db5be74f8018a03a49e1eba481815ff7f,SY,2014,1,dqn,35000,15.0,,,,19.200000762939453,0.0,,0.0,0.0052758455276489,,0.0,0.0,0.0,0.0,0,"{""amir"": 0.0, ""anfer"": 0.0}",0.0,0.0,5424.0
021_04_sy2014_ic2_dqn_seed12_50k__sy_2014_seed1,dba09881156539b3ad34cf72ea1cc08db5be74f8018a03a49e1eba481815ff7f,SY,2014,1,dqn,35000,16.0,,,,19.200000762939453,0.0,,0.0,0.0030127763748168,,0.0,0.0,0.0,0.0,0,"{""amir"": 0.0, ""anfer"": 0.0}",0.0,0.0,5424.0
021_04_sy2014_ic2_dqn_seed12_50k__sy_2014_seed1,dba09881156539b3ad34cf72ea1cc08db5be74f8018a03a49e1eba481815ff7f,SY,2014,1,dqn,35000,17.0,,,,19.200000762939453,0.0,,0.0,0.0017459988594055,,0.0,0.0,0.0,0.0,0,"{""amir"": 0.0, ""anfer"": 0.0}",0.0,0.0,5424.0
021_04_sy2014_ic2_dqn_seed12_50k__sy_2014_seed1,dba09881156539b3ad34cf72ea1cc08db5be74f8018a03a49e1eba481815ff7f,SY,2014,1,dqn,35000,18.0,,,,19.200000762939453,0.0,,0.0,0.0,,0.0,0.0,0.0,0.0,0,"{""amir"": 0.0, ""anfer"": 0.0}",0.0,0.0,5424.0
021_04_sy2014_ic2_dqn_seed12_50k__sy_2014_seed1,dba09881156539b3ad34cf72ea1cc08db5be74f8018a03a49e1eba481815ff7f,SY,2014,1,dqn,35000,19.0,,,,19.200000762939453,0.0,,0.0,0.0,,0.0,0.0,0.0,0.0,0,"{""amir"": 0.0, ""anfer"": 0.0}",0.0,0.0,5424.0
021_04_sy2014_ic2_dqn_seed12_50k__sy_2014_seed1,dba09881156539b3ad34cf72ea1cc08db5be74f8018a03a49e1eba481815ff7f,SY,2014,1,dqn,35000,20.0,,,,19.200000762939453,0.0,,0.0,0.0,,0.0,0.0,0.0,0.0,0,"{""amir"": 0.0, ""anfer"": 0.0}",0.0,0.0,5424.0
021_04_sy2014_ic2_dqn_seed12_50k__sy_2014_seed1,dba09881156539b3ad34cf72ea1cc08db5be74f8018a03a49e1eba481815ff7f,SY,2014,1,dqn,35000,21.0,,,,19.200000762939453,0.0,,0.0,0.0,,0.0,0.0,0.0,0.0,0,"{""amir"": 0.0, ""anfer"": 0.0}",0.0,0.0,5424.0
021_04_sy2014_ic2_dqn_seed12_50k__sy_2014_seed1,dba09881156539b3ad34cf72ea1cc08db5be74f8018a03a49e1eba481815ff7f,SY,2014,1,dqn,35000,22.0,,,,19.200000762939453,0.0,,0.0,0.0,,0.0,0.0,0.0,0.0,0,"{""amir"": 0.0, ""anfer"": 0.0}",0.0,0.0,5424.0
021_04_sy2014_ic2_dqn_seed12_50k__sy_2014_seed1,dba09881156539b3ad34cf72ea1cc08db5be74f8018a03a49e1eba481815ff7f,SY,2014,1,dqn,35000,23.0,,,,19.200000762939453,0.0,,0.0,0.0,,0.0,0.0,0.0,0.0,0,"{""amir"": 0.0, ""anfer"": 0.0}",0.0,0.0,5424.0
021_04_sy2014_ic2_dqn_seed12_50k__sy_2014_seed1,dba09881156539b3ad34cf72ea1cc08db5be74f8018a03a49e1eba481815ff7f,SY,2014,1,dqn,35000,24.0,,,,19.200000762939453,0.0,,0.0,0.0,,0.0,0.0,0.0,0.0,0,"{""amir"": 0.0, ""anfer"": 0.0}",0.0,0.0,5424.0
021_04_sy2014_ic2_dqn_seed12_50k__sy_2014_seed1,dba09881156539b3ad34cf72ea1cc08db5be74f8018a03a49e1eba481815ff7f,SY,2014,1,dqn,35000,25.0,,,,19.200000762939453,0.0,,0.0,0.0,,0.0,0.0,0.0,0.0,0,"{""amir"": 0.0, ""anfer"": 0.0}",0.0,0.0,5424.0
021_04_sy2014_ic2_dqn_seed12_50k__sy_2014_seed1,dba09881156539b3ad34cf72ea1cc08db5be74f8018a03a49e1eba481815ff7f,SY,2014,1,dqn,35000,26.0,,,,21.344969272613525,0.0,,0.0,0.0,,0.0,0.0,0.0,0.0,0,"{""amir"": 0.0, ""anfer"": 0.0}",0.0,0.0,5424.0
021_04_sy2014_ic2_dqn_seed12_50k__sy_2014_seed1,dba09881156539b3ad34cf72ea1cc08db5be74f8018a03a49e1eba481815ff7f,SY,2014,1,dqn,35000,27.0,,,,24.753751754760746,0.0,,0.0,0.0,,0.0,0.0,0.0,0.0,0,"{""amir"": 0.0, ""anfer"": 0.0}",0.0,0.0,5424.0
021_04_sy2014_ic2_dqn_seed12_50k__sy_2014_seed1,dba09881156539b3ad34cf72ea1cc08db5be74f8018a03a49e1eba481815ff7f,SY,2014,1,dqn,35000,28.0,,,,29.73308563232422,0.0,,0.0,0.0,,0.0,0.0,0.0,0.0,0,"{""amir"": 0.0, ""anfer"": 0.0}",0.0,0.0,5424.0
021_04_sy2014_ic2_dqn_seed12_50k__sy_2014_seed1,dba09881156539b3ad34cf72ea1cc08db5be74f8018a03a49e1eba481815ff7f,SY,2014,1,dqn,35000,29.0,,,,33.97267818450928,0.0,,0.0,0.0,,0.0,0.0,0.0,0.0,0,"{""amir"": 0.0, ""anfer"": 0.0}",0.0,0.0,5424.0
021_04_sy2014_ic2_dqn_seed12_50k__sy_2014_seed1,dba09881156539b3ad34cf72ea1cc08db5be74f8018a03a49e1eba481815ff7f,SY,2014,1,dqn,35000,30.0,,,,37.713940143585205,0.0,,0.0,0.0,,0.0,0.0,0.0,0.0,0,"{""amir"": 0.0, ""anfer"": 0.0}",0.0,0.0,5424.0
021_04_sy2014_ic2_dqn_seed12_50k__sy_2014_seed1,dba09881156539b3ad34cf72ea1cc08db5be74f8018a03a49e1eba481815ff7f,SY,2014,1,dqn,35000,31.0,,,,45.03967761993408,0.0,,0.0,0.0,,0.0,0.0,0.0,0.0,0,"{""amir"": 0.0, ""anfer"": 0.0}",0.0,0.0,5424.0
021_04_sy2014_ic2_dqn_seed12_50k__sy_2014_seed1,dba09881156539b3ad34cf72ea1cc08db5be74f8018a03a49e1eba481815ff7f,SY,2014,1,dqn,35000,32.0,,,,52.25168704986572,0.0,,0.0,0.0,,0.0,0.0,0.0,0.0,0,"{""amir"": 0.0, ""anfer"": 0.0}",0.0,0.0,5424.0
021_04_sy2014_ic2_dqn_seed12_50k__sy_2014_seed1,dba09881156539b3ad34cf72ea1cc08db5be74f8018a03a49e1eba481815ff7f,SY,2014,1,dqn,35000,33.0,,,,62.70843029022217,0.0,,0.0,0.0,,0.0,0.0,0.0,0.0,0,"{""amir"": 0.0, ""anfer"": 0.0}",0.0,0.0,5424.0
021_04_sy2014_ic2_dqn_seed12_50k__sy_2014_seed1,dba09881156539b3ad34cf72ea1cc08db5be74f8018a03a49e1eba481815ff7f,SY,2014,1,dqn,35000,34.0,,,,71.75473690032959,0.0,,0.0,0.0,,0.0,0.0,0.0,0.0,0,"{""amir"": 0.0, ""anfer"": 0.0}",0.0,0.0,5424.0
021_04_sy2014_ic2_dqn_seed12_50k__sy_2014_seed1,dba09881156539b3ad34cf72ea1cc08db5be74f8018a03a49e1eba481815ff7f,SY,2014,1,dqn,35000,35.0,,,,74.65672969818115,0.0,,0.0,0.0,,0.0,0.0,0.0,0.0,0,"{""amir"": 0.0, ""anfer"": 0.0}",0.0,0.0,5424.0
021_04_sy2014_ic2_dqn_seed12_50k__sy_2014_seed1,dba09881156539b3ad34cf72ea1cc08db5be74f8018a03a49e1eba481815ff7f,SY,2014,1,dqn,35000,36.0,,,,87.41036415100098,0.0,,0.0,0.0017406940460205,,0.0,0.0,0.0,0.0,0,"{""amir"": 0.0, ""anfer"": 0.0}",0.0,0.0,5424.0
021_04_sy2014_ic2_dqn_seed12_50k__sy_2014_seed1,dba09881156539b3ad34cf72ea1cc08db5be74f8018a03a49e1eba481815ff7f,SY,2014,1,dqn,35000,37.0,,,,103.39940071105956,0.0,,0.0,0.0,,0.0,0.0,0.0,0.0,0,"{""amir"": 0.0, ""anfer"": 0.0}",0.0,0.0,5424.0
021_04_sy2014_ic2_dqn_seed12_50k__sy_2014_seed1,dba09881156539b3ad34cf72ea1cc08db5be74f8018a03a49e1eba481815ff7f,SY,2014,1,dqn,35000,38.0,,,,123.37764739990234,0.0,,0.0,0.0,,0.0,0.0,0.0,0.0,0,"{""amir"": 0.0, ""anfer"": 0.0}",0.0,0.0,5424.0
021_04_sy2014_ic2_dqn_seed12_50k__sy_2014_seed1,dba09881156539b3ad34cf72ea1cc08db5be74f8018a03a49e1eba481815ff7f,SY,2014,1,dqn,35000,39.0,,,,148.9447784423828,0.0,,0.0,0.0,,0.0,0.0,0.0,0.0,0,"{""amir"": 0.0, ""anfer"": 0.0}",0.0,0.0,5424.0
021_04_sy2014_ic2_dqn_seed12_50k__sy_2014_seed1,dba09881156539b3ad34cf72ea1cc08db5be74f8018a03a49e1eba481815ff7f,SY,2014,1,dqn,35000,40.0,,,,178.76474380493164,0.0,,0.0,0.0,,0.0,0.0,0.0,0.0,0,"{""amir"": 0.0, ""anfer"": 0.0}",0.0,0.0,5424.0
021_04_sy2014_ic2_dqn_seed12_50k__sy_2014_seed1,dba09881156539b3ad34cf72ea1cc08db5be74f8018a03a49e1eba481815ff7f,SY,2014,1,dqn,35000,41.0,,,,216.6964530944824,0.0,,0.0,0.0,,0.0,0.0,0.0,0.0,0,"{""amir"": 0.0, ""anfer"": 0.0}",0.0,0.0,5424.0
021_04_sy2014_ic2_dqn_seed12_50k__sy_2014_seed1,dba09881156539b3ad34cf72ea1cc08db5be74f8018a03a49e1eba481815ff7f,SY,2014,1,dqn,35000,42.0,,,,254.9726104736328,0.0,,0.0,0.0,,0.0,0.0,0.0,0.0,0,"{""amir"": 0.0, ""anfer"": 0.0}",0.0,0.0,5424.0
021_04_sy2014_ic2_dqn_seed12_50k__sy_2014_seed1,dba09881156539b3ad34cf72ea1cc08db5be74f8018a03a49e1eba481815ff7f,SY,2014,1,dqn,35000,43.0,,,,290.72134017944336,0.0,,0.0,0.0,,0.0,0.0,0.0,0.0,0,"{""amir"": 0.0, ""anfer"": 0.0}",0.0,0.0,5424.0
021_04_sy2014_ic2_dqn_seed12_50k__sy_2014_seed1,dba09881156539b3ad34cf72ea1cc08db5be74f8018a03a49e1eba481815ff7f,SY,2014,1,dqn,35000,44.0,,,,331.7587280273437,0.0,,0.0,0.0,,0.0,0.0,0.0,0.0,0,"{""amir"": 0.0, ""anfer"": 0.0}",0.0,0.0,5424.0
021_04_sy2014_ic2_dqn_seed12_50k__sy_2014_seed1,dba09881156539b3ad34cf72ea1cc08db5be74f8018a03a49e1eba481815ff7f,SY,2014,1,dqn,35000,45.0,,,,379.79591369628906,0.0,,0.0,0.0,,0.0,0.0,0.0,0.0,0,"{""amir"": 0.0, ""anfer"": 0.0}",0.0,0.0,5424.0
021_04_sy2014_ic2_dqn_seed12_50k__sy_2014_seed1,dba09881156539b3ad34cf72ea1cc08db5be74f8018a03a49e1eba481815ff7f,SY,2014,1,dqn,35000,46.0,,,,434.5947647094727,0.0,,0.0,0.0,,0.0,0.0,0.0,0.0,0,"{""amir"": 0.0, ""anfer"": 0.0}",0.0,0.0,5424.0
021_04_sy2014_ic2_dqn_seed12_50k__sy_2014_seed1,dba09881156539b3ad34cf72ea1cc08db5be74f8018a03a49e1eba481815ff7f,SY,2014,1,dqn,35000,47.0,,,,484.5530700683594,0.0,,0.0,0.0,,0.0,0.0,0.0,0.0,0,"{""amir"": 0.0, ""anfer"": 0.0}",0.0,0.0,5424.0
021_04_sy2014_ic2_dqn_seed12_50k__sy_2014_seed1,dba09881156539b3ad34cf72ea1cc08db5be74f8018a03a49e1eba481815ff7f,SY,2014,1,dqn,35000,48.0,,,,528.6686706542969,0.0,,0.0,0.0,,0.0,0.0,0.0,0.0,0,"{""amir"": 0.0, ""anfer"": 0.0}",0.0,0.0,5424.0
021_04_sy2014_ic2_dqn_seed12_50k__sy_2014_seed1,dba09881156539b3ad34cf72ea1cc08db5be74f8018a03a49e1eba481815ff7f,SY,2014,1,dqn,35000,49.0,,,,574.9260330200195,0.0,,0.0,0.0,,0.0,0.0,0.0,0.0,0,"{""amir"": 0.0, ""anfer"": 0.0}",0.0,0.0,5424.0
021_04_sy2014_ic2_dqn_seed12_50k__sy_2014_seed1,dba09881156539b3ad34cf72ea1cc08db5be74f8018a03a49e1eba481815ff7f,SY,2014,1,dqn,35000,50.0,,,,634.3387985229492,0.0,,0.0,0.0,,0.0,0.0,0.0,0.0,0,"{""amir"": 0.0, ""anfer"": 0.0}",0.0,0.0,5424.0
021_04_sy2014_ic2_dqn_seed12_50k__sy_2014_seed1,dba09881156539b3ad34cf72ea1cc08db5be74f8018a03a49e1eba481815ff7f,SY,2014,1,dqn,35000,51.0,,,,697.6332092285156,0.0,,0.0,0.0,,0.0,0.0,0.0,0.0,0,"{""amir"": 0.0, ""anfer"": 0.0}",0.0,0.0,5424.0
021_04_sy2014_ic2_dqn_seed12_50k__sy_2014_seed1,dba09881156539b3ad34cf72ea1cc08db5be74f8018a03a49e1eba481815ff7f,SY,2014,1,dqn,35000,52.0,,,,756.484375,0.0,,0.0,0.0,,0.0,0.0,0.0,0.0,0,"{""amir"": 0.0, ""anfer"": 0.0}",0.0,0.0,5424.0
021_04_sy2014_ic2_dqn_seed12_50k__sy_2014_seed1,dba09881156539b3ad34cf72ea1cc08db5be74f8018a03a49e1eba481815ff7f,SY,2014,1,dqn,35000,53.0,,,,825.2777099609375,0.0,,0.0,0.0,,0.0,0.0,0.0,0.0,0,"{""amir"": 0.0, ""anfer"": 0.0}",0.0,0.0,5424.0
021_04_sy2014_ic2_dqn_seed12_50k__sy_2014_seed1,dba09881156539b3ad34cf72ea1cc08db5be74f8018a03a49e1eba481815ff7f,SY,2014,1,dqn,35000,54.0,,,,900.40771484375,0.0,,0.0,0.0,,0.0,0.0,0.0,0.0,0,"{""amir"": 0.0, ""anfer"": 0.0}",0.0,0.0,5424.0
021_04_sy2014_ic2_dqn_seed12_50k__sy_2014_seed1,dba09881156539b3ad34cf72ea1cc08db5be74f8018a03a49e1eba481815ff7f,SY,2014,1,dqn,35000,55.0,,,,983.9599609375,0.0,,0.0,0.0,,0.0,0.0,0.0,0.0,0,"{""amir"": 0.0, ""anfer"": 0.0}",0.0,0.0,5424.0
021_04_sy2014_ic2_dqn_seed12_50k__sy_2014_seed1,dba09881156539b3ad34cf72ea1cc08db5be74f8018a03a49e1eba481815ff7f,SY,2014,1,dqn,35000,56.0,,,,1089.1144561767578,0.0,,0.0,0.0,,0.0,0.0,0.0,0.0,0,"{""amir"": 0.0, ""anfer"": 0.0}",0.0,0.0,5424.0
021_04_sy2014_ic2_dqn_seed12_50k__sy_2014_seed1,dba09881156539b3ad34cf72ea1cc08db5be74f8018a03a49e1eba481815ff7f,SY,2014,1,dqn,35000,57.0,,,,1195.4468536376953,0.0,,0.0,0.0,,0.0,0.0,0.0,0.0,0,"{""amir"": 0.0, ""anfer"": 0.0}",0.0,0.0,5424.0
021_04_sy2014_ic2_dqn_seed12_50k__sy_2014_seed1,dba09881156539b3ad34cf72ea1cc08db5be74f8018a03a49e1eba481815ff7f,SY,2014,1,dqn,35000,58.0,,,,1295.7649230957031,0.0,,0.0,0.0,,0.0,0.0,0.0,0.0,0,"{""amir"": 0.0, ""anfer"": 0.0}",0.0,0.0,5424.0
021_04_sy2014_ic2_dqn_seed12_50k__sy_2014_seed1,dba09881156539b3ad34cf72ea1cc08db5be74f8018a03a49e1eba481815ff7f,SY,2014,1,dqn,35000,59.0,,,,1383.7161254882812,0.0,,0.0,0.0,,0.0,0.0,0.0,0.0,0,"{""amir"": 0.0, ""anfer"": 0.0}",0.0,0.0,5424.0
021_04_sy2014_ic2_dqn_seed12_50k__sy_2014_seed1,dba09881156539b3ad34cf72ea1cc08db5be74f8018a03a49e1eba481815ff7f,SY,2014,1,dqn,35000,60.0,,,,1484.290008544922,0.0,,0.0,0.0,,0.0,0.0,0.0,0.0,0,"{""amir"": 0.0, ""anfer"": 0.0}",0.0,0.0,5424.0
021_04_sy2014_ic2_dqn_seed12_50k__sy_2014_seed1,dba09881156539b3ad34cf72ea1cc08db5be74f8018a03a49e1eba481815ff7f,SY,2014,1,dqn,35000,61.0,,,,1592.70751953125,0.0,,0.0,0.0,,0.0,0.0,0.0,0.0,0,"{""amir"": 0.0, ""anfer"": 0.0}",0.0,0.0,5424.0
021_04_sy2014_ic2_dqn_seed12_50k__sy_2014_seed1,dba09881156539b3ad34cf72ea1cc08db5be74f8018a03a49e1eba481815ff7f,SY,2014,1,dqn,35000,62.0,,,,1710.9112548828125,0.0,,0.0,0.0,,0.0,0.0,0.0,0.0,0,"{""amir"": 0.0, ""anfer"": 0.0}",0.0,0.0,5424.0
021_04_sy2014_ic2_dqn_seed12_50k__sy_2014_seed1,dba09881156539b3ad34cf72ea1cc08db5be74f8018a03a49e1eba481815ff7f,SY,2014,1,dqn,35000,63.0,,,,1825.2359008789065,0.0,,0.0,0.0,,0.0,0.0,0.0,0.0,0,"{""amir"": 0.0, ""anfer"": 0.0}",0.0,0.0,5424.0
021_04_sy2014_ic2_dqn_seed12_50k__sy_2014_seed1,dba09881156539b3ad34cf72ea1cc08db5be74f8018a03a49e1eba481815ff7f,SY,2014,1,dqn,35000,64.0,,,,1949.4239807128904,0.0,,0.0,0.0,,0.0,0.0,0.0,0.0,0,"{""amir"": 0.0, ""anfer"": 0.0}",0.0,0.0,5424.0
021_04_sy2014_ic2_dqn_seed12_50k__sy_2014_seed1,dba09881156539b3ad34cf72ea1cc08db5be74f8018a03a49e1eba481815ff7f,SY,2014,1,dqn,35000,65.0,,,,2083.9894104003906,0.0,,0.0,0.0207860469818115,,0.0,0.0,0.0,0.0,0,"{""amir"": 0.0, ""anfer"": 0.0}",0.0,0.0,5424.0
021_04_sy2014_ic2_dqn_seed12_50k__sy_2014_seed1,dba09881156539b3ad34cf72ea1cc08db5be74f8018a03a49e1eba481815ff7f,SY,2014,1,dqn,35000,66.0,,,,2230.03662109375,0.0,,0.0,0.0450993180274963,,0.0,0.0,0.0,0.0,0,"{""amir"": 0.0, ""anfer"": 0.0}",0.0,0.0,5424.0
021_04_sy2014_ic2_dqn_seed12_50k__sy_2014_seed1,dba09881156539b3ad34cf72ea1cc08db5be74f8018a03a49e1eba481815ff7f,SY,2014,1,dqn,35000,67.0,,,,2352.093505859375,0.0,,0.0,0.0683484077453613,,0.0,0.0,0.0,0.0,0,"{""amir"": 0.0, ""anfer"": 0.0}",0.0,0.0,5424.0
021_04_sy2014_ic2_dqn_seed12_50k__sy_2014_seed1,dba09881156539b3ad34cf72ea1cc08db5be74f8018a03a49e1eba481815ff7f,SY,2014,1,dqn,35000,68.0,,,,2468.408660888672,0.0,,0.0,0.0903395414352417,,0.0,0.0,0.0,0.0,0,"{""amir"": 0.0, ""anfer"": 0.0}",0.0,0.0,5424.0
021_04_sy2014_ic2_dqn_seed12_50k__sy_2014_seed1,dba09881156539b3ad34cf72ea1cc08db5be74f8018a03a49e1eba481815ff7f,SY,2014,1,dqn,35000,69.0,,,,2581.533508300781,0.0,,0.0,0.1055159568786621,,0.0,0.0,0.0,0.0,0,"{""amir"": 0.0, ""anfer"": 0.0}",0.0,0.0,5424.0
021_04_sy2014_ic2_dqn_seed12_50k__sy_2014_seed1,dba09881156539b3ad34cf72ea1cc08db5be74f8018a03a49e1eba481815ff7f,SY,2014,1,dqn,35000,70.0,,,,2711.787414550781,0.0,,0.0,0.1178019046783447,,0.0,0.0,0.0,0.0,0,"{""amir"": 0.0, ""anfer"": 0.0}",0.0,0.0,5424.0
021_04_sy2014_ic2_dqn_seed12_50k__sy_2014_seed1,dba09881156539b3ad34cf72ea1cc08db5be74f8018a03a49e1eba481815ff7f,SY,2014,1,dqn,35000,71.0,,,,2858.5064697265625,0.0,,0.0,0.1279278993606567,,0.0,0.0,0.0,0.0,0,"{""amir"": 0.0, ""anfer"": 0.0}",0.0,0.0,5424.0
021_04_sy2014_ic2_dqn_seed12_50k__sy_2014_seed1,dba09881156539b3ad34cf72ea1cc08db5be74f8018a03a49e1eba481815ff7f,SY,2014,1,dqn,35000,72.0,,,,3007.1365356445312,0.0,,0.0,0.1395850777626037,,0.0,0.0,0.0,0.0,0,"{""amir"": 0.0, ""anfer"": 0.0}",0.0,0.0,5424.0
021_04_sy2014_ic2_dqn_seed12_50k__sy_2014_seed1,dba09881156539b3ad34cf72ea1cc08db5be74f8018a03a49e1eba481815ff7f,SY,2014,1,dqn,35000,73.0,,,,3295.130920410156,0.0,,0.0,0.151700735092163,,0.0,0.0,0.0,0.0,0,"{""amir"": 0.0, ""anfer"": 0.0}",0.0,0.0,5424.0
021_04_sy2014_ic2_dqn_seed12_50k__sy_2014_seed1,dba09881156539b3ad34cf72ea1cc08db5be74f8018a03a49e1eba481815ff7f,SY,2014,1,dqn,35000,74.0,,,,3468.5317993164062,0.0,,0.0,0.1622416973114013,,0.0,0.0,0.0,0.0,0,"{""amir"": 0.0, ""anfer"": 0.0}",0.0,0.0,5424.0
021_04_sy2014_ic2_dqn_seed12_50k__sy_2014_seed1,dba09881156539b3ad34cf72ea1cc08db5be74f8018a03a49e1eba481815ff7f,SY,2014,1,dqn,35000,75.0,,,,3618.790893554688,0.0,,0.0,0.1850702762603759,,0.0,0.0,0.0,0.0,0,"{""amir"": 0.0, ""anfer"": 0.0}",0.0,0.0,5424.0
021_04_sy2014_ic2_dqn_seed12_50k__sy_2014_seed1,dba09881156539b3ad34cf72ea1cc08db5be74f8018a03a49e1eba481815ff7f,SY,2014,1,dqn,35000,76.0,,,,3750.98876953125,0.0,,0.0,0.193942129611969,,0.0,0.0,0.0,0.0,0,"{""amir"": 0.0, ""anfer"": 0.0}",0.0,0.0,5424.0
021_04_sy2014_ic2_dqn_seed12_50k__sy_2014_seed1,dba09881156539b3ad34cf72ea1cc08db5be74f8018a03a49e1eba481815ff7f,SY,2014,1,dqn,35000,77.0,,,,3869.3011474609375,0.0,,0.0,0.199248194694519,,0.0,0.0,0.0,0.0,0,"{""amir"": 0.0, ""anfer"": 0.0}",0.0,0.0,5424.0
021_04_sy2014_ic2_dqn_seed12_50k__sy_2014_seed1,dba09881156539b3ad34cf72ea1cc08db5be74f8018a03a49e1eba481815ff7f,SY,2014,1,dqn,35000,78.0,,,,3980.799865722656,0.0,,0.0,0.2072367072105407,,0.0,0.0,0.0,0.0,0,"{""amir"": 0.0, ""anfer"": 0.0}",0.0,0.0,5424.0
021_04_sy2014_ic2_dqn_seed12_50k__sy_2014_seed1,dba09881156539b3ad34cf72ea1cc08db5be74f8018a03a49e1eba481815ff7f,SY,2014,1,dqn,35000,79.0,,,,4085.190124511719,0.0,,0.0,0.2129586338996887,,0.0,0.0,0.0,0.0,0,"{""amir"": 0.0, ""anfer"": 0.0}",0.0,0.0,5424.0
021_04_sy2014_ic2_dqn_seed12_50k__sy_2014_seed1,dba09881156539b3ad34cf72ea1cc08db5be74f8018a03a49e1eba481815ff7f,SY,2014,1,dqn,35000,80.0,,,,4193.335571289063,0.0,,0.0,0.2153649926185608,,0.0,0.0,0.0,0.0,0,"{""amir"": 0.0, ""anfer"": 0.0}",0.0,0.0,5424.0
021_04_sy2014_ic2_dqn_seed12_50k__sy_2014_seed1,dba09881156539b3ad34cf72ea1cc08db5be74f8018a03a49e1eba481815ff7f,SY,2014,1,dqn,35000,81.0,,,,4284.2364501953125,0.0,,0.0,0.2190966010093689,,0.0,0.0,0.0,0.0,0,"{""amir"": 0.0, ""anfer"": 0.0}",0.0,0.0,5424.0
021_04_sy2014_ic2_dqn_seed12_50k__sy_2014_seed1,dba09881156539b3ad34cf72ea1cc08db5be74f8018a03a49e1eba481815ff7f,SY,2014,1,dqn,35000,82.0,,,,4376.9134521484375,0.0,,0.0,0.2203364968299865,,0.0,0.0,0.0,0.0,0,"{""amir"": 0.0, ""anfer"": 0.0}",0.0,0.0,5424.0
021_04_sy2014_ic2_dqn_seed12_50k__sy_2014_seed1,dba09881156539b3ad34cf72ea1cc08db5be74f8018a03a49e1eba481815ff7f,SY,2014,1,dqn,35000,83.0,,,,4468.602294921875,0.0,,0.0,0.2192417979240417,,0.0,0.0,0.0,0.0,0,"{""amir"": 0.0, ""anfer"": 0.0}",0.0,0.0,5424.0
021_04_sy2014_ic2_dqn_seed12_50k__sy_2014_seed1,dba09881156539b3ad34cf72ea1cc08db5be74f8018a03a49e1eba481815ff7f,SY,2014,1,dqn,35000,84.0,,,,4563.6083984375,0.0,,0.0,0.2172316908836364,,0.0,0.0,0.0,0.0,0,"{""amir"": 0.0, ""anfer"": 0.0}",0.0,0.0,5424.0
021_04_sy2014_ic2_dqn_seed12_50k__sy_2014_seed1,dba09881156539b3ad34cf72ea1cc08db5be74f8018a03a49e1eba481815ff7f,SY,2014,1,dqn,35000,85.0,,,,4669.2291259765625,0.0,,0.0,0.2127729654312133,,0.0,0.0,0.0,0.0,0,"{""amir"": 0.0, ""anfer"": 0.0}",0.0,0.0,5424.0
021_04_sy2014_ic2_dqn_seed12_50k__sy_2014_seed1,dba09881156539b3ad34cf72ea1cc08db5be74f8018a03a49e1eba481815ff7f,SY,2014,1,dqn,35000,86.0,,,,4779.831237792969,0.0,,0.0,0.2055679559707641,,0.0,0.0,0.0,0.0,0,"{""amir"": 0.0, ""anfer"": 0.0}",0.0,0.0,5424.0
021_04_sy2014_ic2_dqn_seed12_50k__sy_2014_seed1,dba09881156539b3ad34cf72ea1cc08db5be74f8018a03a49e1eba481815ff7f,SY,2014,1,dqn,35000,87.0,,,,4879.786682128906,0.0,,0.0,0.2063058018684387,,0.0,0.0,0.0,0.0,0,"{""amir"": 0.0, ""anfer"": 0.0}",0.0,0.0,5424.0
021_04_sy2014_ic2_dqn_seed12_50k__sy_2014_seed1,dba09881156539b3ad34cf72ea1cc08db5be74f8018a03a49e1eba481815ff7f,SY,2014,1,dqn,35000,88.0,,,,4977.4114990234375,0.0,,0.0,0.2078858017921447,,0.0,0.0,0.0,0.0,0,"{""amir"": 0.0, ""anfer"": 0.0}",0.0,0.0,5424.0
021_04_sy2014_ic2_dqn_seed12_50k__sy_2014_seed1,dba09881156539b3ad34cf72ea1cc08db5be74f8018a03a49e1eba481815ff7f,SY,2014,1,dqn,35000,89.0,,,,5085.112609863281,0.0,,0.0,0.2074021100997924,,0.0,0.0,0.0,0.0,0,"{""amir"": 0.0, ""anfer"": 0.0}",0.0,0.0,5424.0
021_04_sy2014_ic2_dqn_seed12_50k__sy_2014_seed1,dba09881156539b3ad34cf72ea1cc08db5be74f8018a03a49e1eba481815ff7f,SY,2014,1,dqn,35000,90.0,,,,5241.3385009765625,0.0,,0.0,0.2069751024246215,,0.0,0.0,0.0,0.0,0,"{""amir"": 0.0, ""anfer"": 0.0}",0.0,0.0,5424.0
021_04_sy2014_ic2_dqn_seed12_50k__sy_2014_seed1,dba09881156539b3ad34cf72ea1cc08db5be74f8018a03a49e1eba481815ff7f,SY,2014,1,dqn,35000,91.0,,,,5451.069946289063,0.0,,0.0,0.1990035772323608,,0.0,0.0,0.0,0.0,0,"{""amir"": 0.0, ""anfer"": 0.0}",0.0,0.0,5424.0
021_04_sy2014_ic2_dqn_seed12_50k__sy_2014_seed1,dba09881156539b3ad34cf72ea1cc08db5be74f8018a03a49e1eba481815ff7f,SY,2014,1,dqn,35000,92.0,,,,5487.69775390625,0.0,,0.0,0.1991600394248962,,0.0,0.0,0.0,0.0,0,"{""amir"": 0.0, ""anfer"": 0.0}",0.0,0.0,5424.0
021_04_sy2014_ic2_dqn_seed12_50k__sy_2014_seed1,dba09881156539b3ad34cf72ea1cc08db5be74f8018a03a49e1eba481815ff7f,SY,2014,1,dqn,35000,93.0,,,,5607.0025634765625,0.0,,0.0,0.2037560939788818,,0.0,0.0,0.0,0.0,0,"{""amir"": 0.0, ""anfer"": 0.0}",0.0,0.0,5424.0
021_04_sy2014_ic2_dqn_seed12_50k__sy_2014_seed1,dba09881156539b3ad34cf72ea1cc08db5be74f8018a03a49e1eba481815ff7f,SY,2014,1,dqn,35000,94.0,,,,5807.0977783203125,0.0,,0.0,0.1957767605781555,,0.0,0.0,0.0,0.0,0,"{""amir"": 0.0, ""anfer"": 0.0}",0.0,0.0,5424.0
021_04_sy2014_ic2_dqn_seed12_50k__sy_2014_seed1,dba09881156539b3ad34cf72ea1cc08db5be74f8018a03a49e1eba481815ff7f,SY,2014,1,dqn,35000,95.0,,,,5943.446044921875,0.0,,0.0,0.193587064743042,,0.0,0.0,0.0,0.0,0,"{""amir"": 0.0, ""anfer"": 0.0}",0.0,0.0,5424.0
021_04_sy2014_ic2_dqn_seed12_50k__sy_2014_seed1,dba09881156539b3ad34cf72ea1cc08db5be74f8018a03a49e1eba481815ff7f,SY,2014,1,dqn,35000,96.0,,,,5981.95068359375,0.0,,0.0,0.1946513652801513,,0.0,0.0,0.0,0.0,0,"{""amir"": 0.0, ""anfer"": 0.0}",0.0,0.0,5424.0
021_04_sy2014_ic2_dqn_seed12_50k__sy_2014_seed1,dba09881156539b3ad34cf72ea1cc08db5be74f8018a03a49e1eba481815ff7f,SY,2014,1,dqn,35000,97.0,,,,6194.71435546875,0.0,,0.0,0.1926735043525695,,0.0,0.0,0.0,0.0,0,"{""amir"": 0.0, ""anfer"": 0.0}",0.0,0.0,5424.0
021_04_sy2014_ic2_dqn_seed12_50k__sy_2014_seed1,dba09881156539b3ad34cf72ea1cc08db5be74f8018a03a49e1eba481815ff7f,SY,2014,1,dqn,35000,98.0,,,,6401.778564453125,0.0,,0.0,0.1866742372512817,,0.0,0.0,0.0,0.0,0,"{""amir"": 0.0, ""anfer"": 0.0}",0.0,0.0,5424.0
021_04_sy2014_ic2_dqn_seed12_50k__sy_2014_seed1,dba09881156539b3ad34cf72ea1cc08db5be74f8018a03a49e1eba481815ff7f,SY,2014,1,dqn,35000,99.0,,,,6576.16455078125,0.0,,0.0,0.186535358428955,,0.0,0.0,0.0,0.0,0,"{""amir"": 0.0, ""anfer"": 0.0}",0.0,0.0,5424.0
021_04_sy2014_ic2_dqn_seed12_50k__sy_2014_seed1,dba09881156539b3ad34cf72ea1cc08db5be74f8018a03a49e1eba481815ff7f,SY,2014,1,dqn,35000,100.0,,,,6786.5020751953125,210.3375244140625,,0.0,0.1853732466697693,,0.0,0.0,0.0,0.0,0,"{""amir"": 0.0, ""anfer"": 0.0}",0.0,0.0,5424.0
021_04_sy2014_ic2_dqn_seed12_50k__sy_2014_seed1,dba09881156539b3ad34cf72ea1cc08db5be74f8018a03a49e1eba481815ff7f,SY,2014,1,dqn,35000,101.0,,,,6941.429443359375,365.2651596069336,,0.0,0.1993887424468994,,15.0,0.0,15.0,0.0,1,"{""amir"": 15.0, ""anfer"": 0.0}",-15.0,0.0,5424.0
021_04_sy2014_ic2_dqn_seed12_50k__sy_2014_seed1,dba09881156539b3ad34cf72ea1cc08db5be74f8018a03a49e1eba481815ff7f,SY,2014,1,dqn,35000,102.0,,,,7096.3568115234375,520.192756652832,,0.0,0.2074162364006042,,15.0,0.0,0.0,0.0,1,"{""amir"": 0.0, ""anfer"": 0.0}",0.0,0.0,5424.0
021_04_sy2014_ic2_dqn_seed12_50k__sy_2014_seed1,dba09881156539b3ad34cf72ea1cc08db5be74f8018a03a49e1eba481815ff7f,SY,2014,1,dqn,35000,103.0,,,,7230.9503173828125,654.7860717773438,,0.0,0.2132822275161743,,15.0,0.0,0.0,0.0,1,"{""amir"": 0.0, ""anfer"": 0.0}",0.0,0.0,5424.0
021_04_sy2014_ic2_dqn_seed12_50k__sy_2014_seed1,dba09881156539b3ad34cf72ea1cc08db5be74f8018a03a49e1eba481815ff7f,SY,2014,1,dqn,35000,104.0,,,,7365.5438232421875,789.3794250488281,,0.0,0.2175583839416504,,15.0,0.0,0.0,0.0,1,"{""amir"": 0.0, ""anfer"": 0.0}",0.0,0.0,5424.0
021_04_sy2014_ic2_dqn_seed12_50k__sy_2014_seed1,dba09881156539b3ad34cf72ea1cc08db5be74f8018a03a49e1eba481815ff7f,SY,2014,1,dqn,35000,105.0,,,,7514.661865234375,938.497314453125,,0.0,0.2230547666549682,,15.0,0.0,0.0,0.0,2,"{""amir"": 0.0, ""anfer"": 0.0}",0.0,0.0,5424.0
021_04_sy2014_ic2_dqn_seed12_50k__sy_2014_seed1,dba09881156539b3ad34cf72ea1cc08db5be74f8018a03a49e1eba481815ff7f,SY,2014,1,dqn,35000,106.0,,,,7669.588623046875,1093.4249877929688,,0.0,0.2329134345054626,,15.0,0.0,0.0,0.0,2,"{""amir"": 0.0, ""anfer"": 0.0}",0.0,0.0,5424.0
021_04_sy2014_ic2_dqn_seed12_50k__sy_2014_seed1,dba09881156539b3ad34cf72ea1cc08db5be74f8018a03a49e1eba481815ff7f,SY,2014,1,dqn,35000,107.0,,,,7824.5166015625,1248.3525848388672,,0.0,0.2442324161529541,,15.0,0.0,0.0,0.0,0,"{""amir"": 0.0, ""anfer"": 0.0}",0.0,0.0,5424.0
021_04_sy2014_ic2_dqn_seed12_50k__sy_2014_seed1,dba09881156539b3ad34cf72ea1cc08db5be74f8018a03a49e1eba481815ff7f,SY,2014,1,dqn,35000,108.0,,,,7979.444580078125,1403.2803344726562,,0.0,0.2554948329925537,,15.0,0.0,0.0,0.0,0,"{""amir"": 0.0, ""anfer"": 0.0}",0.0,0.0,5424.0
021_04_sy2014_ic2_dqn_seed12_50k__sy_2014_seed1,dba09881156539b3ad34cf72ea1cc08db5be74f8018a03a49e1eba481815ff7f,SY,2014,1,dqn,35000,109.0,,,,8134.371337890625,1558.2078552246094,,0.0,0.2692528963088989,,15.0,0.0,0.0,0.0,0,"{""amir"": 0.0, ""anfer"": 0.0}",0.0,0.0,5424.0
021_04_sy2014_ic2_dqn_seed12_50k__sy_2014_seed1,dba09881156539b3ad34cf72ea1cc08db5be74f8018a03a49e1eba481815ff7f,SY,2014,1,dqn,35000,110.0,,,,8289.29931640625,1713.1353759765625,,0.0,0.2838088870048523,,15.0,0.0,0.0,0.0,0,"{""amir"": 0.0, ""anfer"": 0.0}",0.0,0.0,5424.0
021_04_sy2014_ic2_dqn_seed12_50k__sy_2014_seed1,dba09881156539b3ad34cf72ea1cc08db5be74f8018a03a49e1eba481815ff7f,SY,2014,1,dqn,35000,111.0,,,,8444.226684570312,1868.062896728516,,0.0,0.2986418604850769,,15.0,0.0,0.0,0.0,0,"{""amir"": 0.0, ""anfer"": 0.0}",0.0,0.0,5424.0
021_04_sy2014_ic2_dqn_seed12_50k__sy_2014_seed1,dba09881156539b3ad34cf72ea1cc08db5be74f8018a03a49e1eba481815ff7f,SY,2014,1,dqn,35000,112.0,,,,8599.154663085938,2022.9905700683596,,0.0,0.314667284488678,,15.0,0.0,0.0,0.0,0,"{""amir"": 0.0, ""anfer"": 0.0}",0.0,0.0,5424.0
021_04_sy2014_ic2_dqn_seed12_50k__sy_2014_seed1,dba09881156539b3ad34cf72ea1cc08db5be74f8018a03a49e1eba481815ff7f,SY,2014,1,dqn,35000,113.0,,,,8738.096313476562,2177.9180908203125,,0.0,0.3311805725097656,,15.0,0.0,0.0,0.0,0,"{""amir"": 0.0, ""anfer"": 0.0}",0.0,0.0,5424.0
021_04_sy2014_ic2_dqn_seed12_50k__sy_2014_seed1,dba09881156539b3ad34cf72ea1cc08db5be74f8018a03a49e1eba481815ff7f,SY,2014,1,dqn,35000,114.0,,,,8909.010009765625,2332.8456115722656,,0.0,0.3486663699150085,,15.0,0.0,0.0,0.0,0,"{""amir"": 0.0, ""anfer"": 0.0}",0.0,0.0,5424.0
021_04_sy2014_ic2_dqn_seed12_50k__sy_2014_seed1,dba09881156539b3ad34cf72ea1cc08db5be74f8018a03a49e1eba481815ff7f,SY,2014,1,dqn,35000,115.0,,,,9063.93798828125,2487.7731323242188,,0.0,0.3644896745681762,,15.0,0.0,0.0,0.0,0,"{""amir"": 0.0, ""anfer"": 0.0}",0.0,0.0,5424.0
021_04_sy2014_ic2_dqn_seed12_50k__sy_2014_seed1,dba09881156539b3ad34cf72ea1cc08db5be74f8018a03a49e1eba481815ff7f,SY,2014,1,dqn,35000,116.0,,,,9161.752319335938,2642.7008056640625,,0.0,0.386799156665802,,15.0,0.0,0.0,0.0,0,"{""amir"": 0.0, ""anfer"": 0.0}",0.0,0.0,5424.0
021_04_sy2014_ic2_dqn_seed12_50k__sy_2014_seed1,dba09881156539b3ad34cf72ea1cc08db5be74f8018a03a49e1eba481815ff7f,SY,2014,1,dqn,35000,117.0,,,,9285.299072265623,2797.628173828125,,0.0,0.4060867428779602,,15.0,0.0,0.0,0.0,0,"{""amir"": 0.0, ""anfer"": 0.0}",0.0,0.0,5424.0
021_04_sy2014_ic2_dqn_seed12_50k__sy_2014_seed1,dba09881156539b3ad34cf72ea1cc08db5be74f8018a03a49e1eba481815ff7f,SY,2014,1,dqn,35000,118.0,,,,9429.480590820312,2952.5558471679688,,0.0,0.4147492051124573,,15.0,0.0,0.0,0.0,0,"{""amir"": 0.0, ""anfer"": 0.0}",0.0,0.0,5424.0
021_04_sy2014_ic2_dqn_seed12_50k__sy_2014_seed1,dba09881156539b3ad34cf72ea1cc08db5be74f8018a03a49e1eba481815ff7f,SY,2014,1,dqn,35000,119.0,,,,9518.106689453123,3107.4835205078125,,0.0,0.4295451045036316,,45.0,0.0,30.0,0.0,2,"{""amir"": 30.0, ""anfer"": 0.0}",-30.0,0.0,5424.0
021_04_sy2014_ic2_dqn_seed12_50k__sy_2014_seed1,dba09881156539b3ad34cf72ea1cc08db5be74f8018a03a49e1eba481815ff7f,SY,2014,1,dqn,35000,120.0,,,,9594.1748046875,3262.411193847656,,0.0,0.4484788179397583,,45.0,0.0,0.0,0.0,2,"{""amir"": 0.0, ""anfer"": 0.0}",0.0,0.0,5424.0
021_04_sy2014_ic2_dqn_seed12_50k__sy_2014_seed1,dba09881156539b3ad34cf72ea1cc08db5be74f8018a03a49e1eba481815ff7f,SY,2014,1,dqn,35000,121.0,,,,9709.839477539062,3417.3388671875,,0.0,0.4582721590995788,,45.0,0.0,0.0,0.0,2,"{""amir"": 0.0, ""anfer"": 0.0}",0.0,0.0,5424.0
021_04_sy2014_ic2_dqn_seed12_50k__sy_2014_seed1,dba09881156539b3ad34cf72ea1cc08db5be74f8018a03a49e1eba481815ff7f,SY,2014,1,dqn,35000,122.0,,,,9825.6982421875,3572.266540527344,,0.0,0.4661755561828613,,45.0,0.0,0.0,0.0,2,"{""amir"": 0.0, ""anfer"": 0.0}",0.0,0.0,5424.0
021_04_sy2014_ic2_dqn_seed12_50k__sy_2014_seed1,dba09881156539b3ad34cf72ea1cc08db5be74f8018a03a49e1eba481815ff7f,SY,2014,1,dqn,35000,123.0,,,,9882.94677734375,3727.194213867188,,0.0,0.4843881130218506,,45.0,0.0,0.0,0.0,2,"{""amir"": 0.0, ""anfer"": 0.0}",0.0,0.0,5424.0
021_04_sy2014_ic2_dqn_seed12_50k__sy_2014_seed1,dba09881156539b3ad34cf72ea1cc08db5be74f8018a03a49e1eba481815ff7f,SY,2014,1,dqn,35000,124.0,,,,9963.46923828125,3882.122192382813,,0.0,0.5001255869865417,,45.0,0.0,0.0,0.0,2,"{""amir"": 0.0, ""anfer"": 0.0}",0.0,0.0,5424.0
021_04_sy2014_ic2_dqn_seed12_50k__sy_2014_seed1,dba09881156539b3ad34cf72ea1cc08db5be74f8018a03a49e1eba481815ff7f,SY,2014,1,dqn,35000,125.0,,,,10005.147094726562,4037.049865722656,,0.0,0.5027692914009094,,45.0,0.0,0.0,0.0,2,"{""amir"": 0.0, ""anfer"": 0.0}",0.0,0.0,5424.0
021_04_sy2014_ic2_dqn_seed12_50k__sy_2014_seed1,dba09881156539b3ad34cf72ea1cc08db5be74f8018a03a49e1eba481815ff7f,SY,2014,1,dqn,35000,126.0,,,,10061.206665039062,4191.9775390625,,0.0,0.510664165019989,,45.0,0.0,0.0,0.0,2,"{""amir"": 0.0, ""anfer"": 0.0}",0.0,0.0,5424.0
021_04_sy2014_ic2_dqn_seed12_50k__sy_2014_seed1,dba09881156539b3ad34cf72ea1cc08db5be74f8018a03a49e1eba481815ff7f,SY,2014,1,dqn,35000,127.0,,,,10092.182006835938,4346.905212402344,,0.0,0.5117942094802856,,45.0,0.0,0.0,0.0,2,"{""amir"": 0.0, ""anfer"": 0.0}",0.0,0.0,5424.0
021_04_sy2014_ic2_dqn_seed12_50k__sy_2014_seed1,dba09881156539b3ad34cf72ea1cc08db5be74f8018a03a49e1eba481815ff7f,SY,2014,1,dqn,35000,128.0,,,,10185.810546875,4501.833190917969,,0.0,0.5175313949584961,,45.0,0.0,0.0,0.0,2,"{""amir"": 0.0, ""anfer"": 0.0}",0.0,0.0,5424.0
021_04_sy2014_ic2_dqn_seed12_50k__sy_2014_seed1,dba09881156539b3ad34cf72ea1cc08db5be74f8018a03a49e1eba481815ff7f,SY,2014,1,dqn,35000,129.0,,,,10272.67822265625,4656.7608642578125,,0.0,0.5176809430122375,,45.0,0.0,0.0,0.0,1,"{""amir"": 0.0, ""anfer"": 0.0}",0.0,0.0,5424.0
021_04_sy2014_ic2_dqn_seed12_50k__sy_2014_seed1,dba09881156539b3ad34cf72ea1cc08db5be74f8018a03a49e1eba481815ff7f,SY,2014,1,dqn,35000,130.0,,,,10337.686767578123,4811.688537597656,,0.0,0.5348330736160278,,45.0,0.0,0.0,0.0,1,"{""amir"": 0.0, ""anfer"": 0.0}",0.0,0.0,5424.0
021_04_sy2014_ic2_dqn_seed12_50k__sy_2014_seed1,dba09881156539b3ad34cf72ea1cc08db5be74f8018a03a49e1eba481815ff7f,SY,2014,1,dqn,35000,131.0,,,,10400.211181640623,4966.6162109375,,0.0,0.5511018633842468,,45.0,0.0,0.0,0.0,1,"{""amir"": 0.0, ""anfer"": 0.0}",0.0,0.0,5424.0
021_04_sy2014_ic2_dqn_seed12_50k__sy_2014_seed1,dba09881156539b3ad34cf72ea1cc08db5be74f8018a03a49e1eba481815ff7f,SY,2014,1,dqn,35000,132.0,,,,10472.637939453123,5121.544189453125,,0.0,0.5621466338634491,,45.0,0.0,0.0,0.0,1,"{""amir"": 0.0, ""anfer"": 0.0}",0.0,0.0,5424.0
021_04_sy2014_ic2_dqn_seed12_50k__sy_2014_seed1,dba09881156539b3ad34cf72ea1cc08db5be74f8018a03a49e1eba481815ff7f,SY,2014,1,dqn,35000,133.0,,,,10540.35888671875,5276.471557617188,,0.0,0.5728945732116699,,45.0,0.0,0.0,0.0,1,"{""amir"": 0.0, ""anfer"": 0.0}",0.0,0.0,5424.0
021_04_sy2014_ic2_dqn_seed12_50k__sy_2014_seed1,dba09881156539b3ad34cf72ea1cc08db5be74f8018a03a49e1eba481815ff7f,SY,2014,1,dqn,35000,134.0,,,,10529.7314453125,5334.444580078125,,0.0,0.5841971039772034,,45.0,0.0,0.0,0.0,1,"{""amir"": 0.0, ""anfer"": 0.0}",0.0,0.0,5424.0
021_04_sy2014_ic2_dqn_seed12_50k__sy_2014_seed1,dba09881156539b3ad34cf72ea1cc08db5be74f8018a03a49e1eba481815ff7f,SY,2014,1,dqn,35000,135.0,,,,10575.042724609377,5379.755859375,,0.0,0.5632060766220093,,45.0,0.0,0.0,0.0,1,"{""amir"": 0.0, ""anfer"": 0.0}",0.0,0.0,5424.0
021_04_sy2014_ic2_dqn_seed12_50k__sy_2014_seed1,dba09881156539b3ad34cf72ea1cc08db5be74f8018a03a49e1eba481815ff7f,SY,2014,1,dqn,35000,136.0,,,,10619.178466796877,5423.892822265625,,0.0,0.5451081395149231,,45.0,0.0,0.0,0.0,1,"{""amir"": 0.0, ""anfer"": 0.0}",0.0,0.0,5424.0
021_04_sy2014_ic2_dqn_seed12_50k__sy_2014_seed1,dba09881156539b3ad34cf72ea1cc08db5be74f8018a03a49e1eba481815ff7f,SY,2014,1,dqn,35000,137.0,,,,10619.178466796877,5423.892822265625,,0.0,0.5502443313598633,,45.0,0.0,0.0,0.0,1,"{""amir"": 0.0, ""anfer"": 0.0}",0.0,0.0,5424.0
021_04_sy2014_ic2_dqn_seed12_50k__sy_2014_seed1,dba09881156539b3ad34cf72ea1cc08db5be74f8018a03a49e1eba481815ff7f,SY,2014,1,dqn,35000,138.0,,,,10619.178466796877,5423.892822265625,,0.0,0.5502443313598633,,45.0,0.0,0.0,0.0,1,"{""amir"": 0.0, ""anfer"": 0.0}",0.0,0.0,5424.0
021_04_sy2014_ic2_dqn_seed12_50k__sy_2014_seed1,dba09881156539b3ad34cf72ea1cc08db5be74f8018a03a49e1eba481815ff7f,SY,2014,1,dqn,35000,139.0,,,,10619.178466796877,5423.892822265625,,0.0,0.5502443313598633,,45.0,0.0,0.0,0.0,1,"{""amir"": 0.0, ""anfer"": 0.0}",0.0,0.0,5424.0
021_04_sy2014_ic2_dqn_seed12_50k__sy_2014_seed1,dba09881156539b3ad34cf72ea1cc08db5be74f8018a03a49e1eba481815ff7f,SY,2014,1,dqn,35000,139.0,,,,10619.178466796877,5423.892822265625,,0.0,0.5502443313598633,,45.0,0.0,0.0,0.0,1,"{""amir"": 0.0, ""anfer"": 0.0}",15.892822265625,15.892822265625,5424.0
021_04_sy2014_ic2_dqn_seed12_50k__sy_2014_seed1,dba09881156539b3ad34cf72ea1cc08db5be74f8018a03a49e1eba481815ff7f,SY,2014,1,dqn,40000,0.0,,,,0.0,0.0,,0.0,0.0,,0.0,0.0,0.0,0.0,5,"{""amir"": 0.0, ""anfer"": 0.0}",0.0,0.0,5413.0
021_04_sy2014_ic2_dqn_seed12_50k__sy_2014_seed1,dba09881156539b3ad34cf72ea1cc08db5be74f8018a03a49e1eba481815ff7f,SY,2014,1,dqn,40000,0.0,,,,0.0,0.0,,0.0,0.0,,0.0,0.0,0.0,0.0,2,"{""amir"": 0.0, ""anfer"": 0.0}",0.0,0.0,5413.0
021_04_sy2014_ic2_dqn_seed12_50k__sy_2014_seed1,dba09881156539b3ad34cf72ea1cc08db5be74f8018a03a49e1eba481815ff7f,SY,2014,1,dqn,40000,0.0,,,,0.0,0.0,,0.0,0.0,,0.0,0.0,0.0,0.0,5,"{""amir"": 0.0, ""anfer"": 0.0}",0.0,0.0,5413.0
021_04_sy2014_ic2_dqn_seed12_50k__sy_2014_seed1,dba09881156539b3ad34cf72ea1cc08db5be74f8018a03a49e1eba481815ff7f,SY,2014,1,dqn,40000,0.0,,,,0.0,0.0,,0.0,0.0,,0.0,0.0,0.0,0.0,4,"{""amir"": 0.0, ""anfer"": 0.0}",0.0,0.0,5413.0
021_04_sy2014_ic2_dqn_seed12_50k__sy_2014_seed1,dba09881156539b3ad34cf72ea1cc08db5be74f8018a03a49e1eba481815ff7f,SY,2014,1,dqn,40000,0.0,,,,0.0,0.0,,0.0,0.0,,0.0,0.0,0.0,0.0,7,"{""amir"": 0.0, ""anfer"": 0.0}",0.0,0.0,5413.0
021_04_sy2014_ic2_dqn_seed12_50k__sy_2014_seed1,dba09881156539b3ad34cf72ea1cc08db5be74f8018a03a49e1eba481815ff7f,SY,2014,1,dqn,40000,0.0,,,,0.0,0.0,,0.0,0.0,,0.0,0.0,0.0,0.0,7,"{""amir"": 0.0, ""anfer"": 0.0}",0.0,0.0,5413.0
021_04_sy2014_ic2_dqn_seed12_50k__sy_2014_seed1,dba09881156539b3ad34cf72ea1cc08db5be74f8018a03a49e1eba481815ff7f,SY,2014,1,dqn,40000,0.0,,,,0.0,0.0,,0.0,0.0,,0.0,0.0,0.0,0.0,2,"{""amir"": 0.0, ""anfer"": 0.0}",0.0,0.0,5413.0
021_04_sy2014_ic2_dqn_seed12_50k__sy_2014_seed1,dba09881156539b3ad34cf72ea1cc08db5be74f8018a03a49e1eba481815ff7f,SY,2014,1,dqn,40000,0.0,,,,0.0,0.0,,0.0,0.0,,0.0,0.0,0.0,0.0,2,"{""amir"": 0.0, ""anfer"": 0.0}",0.0,0.0,5413.0
021_04_sy2014_ic2_dqn_seed12_50k__sy_2014_seed1,dba09881156539b3ad34cf72ea1cc08db5be74f8018a03a49e1eba481815ff7f,SY,2014,1,dqn,40000,0.0,,,,0.0,0.0,,0.0,0.0,,0.0,0.0,0.0,0.0,2,"{""amir"": 0.0, ""anfer"": 0.0}",0.0,0.0,5413.0
021_04_sy2014_ic2_dqn_seed12_50k__sy_2014_seed1,dba09881156539b3ad34cf72ea1cc08db5be74f8018a03a49e1eba481815ff7f,SY,2014,1,dqn,40000,0.0,,,,0.0,0.0,,0.0,0.0,,0.0,0.0,0.0,0.0,5,"{""amir"": 0.0, ""anfer"": 0.0}",0.0,0.0,5413.0
021_04_sy2014_ic2_dqn_seed12_50k__sy_2014_seed1,dba09881156539b3ad34cf72ea1cc08db5be74f8018a03a49e1eba481815ff7f,SY,2014,1,dqn,40000,0.0,,,,0.0,0.0,,0.0,0.0,,0.0,0.0,0.0,0.0,2,"{""amir"": 0.0, ""anfer"": 0.0}",0.0,0.0,5413.0
021_04_sy2014_ic2_dqn_seed12_50k__sy_2014_seed1,dba09881156539b3ad34cf72ea1cc08db5be74f8018a03a49e1eba481815ff7f,SY,2014,1,dqn,40000,0.0,,,,0.0,0.0,,0.0,0.0,,0.0,0.0,0.0,0.0,2,"{""amir"": 0.0, ""anfer"": 0.0}",0.0,0.0,5413.0
021_04_sy2014_ic2_dqn_seed12_50k__sy_2014_seed1,dba09881156539b3ad34cf72ea1cc08db5be74f8018a03a49e1eba481815ff7f,SY,2014,1,dqn,40000,0.0,,,,0.0,0.0,,0.0,0.0,,0.0,0.0,0.0,0.0,2,"{""amir"": 0.0, ""anfer"": 0.0}",0.0,0.0,5413.0
021_04_sy2014_ic2_dqn_seed12_50k__sy_2014_seed1,dba09881156539b3ad34cf72ea1cc08db5be74f8018a03a49e1eba481815ff7f,SY,2014,1,dqn,40000,0.0,,,,0.0,0.0,,0.0,0.0,,0.0,0.0,0.0,0.0,2,"{""amir"": 0.0, ""anfer"": 0.0}",0.0,0.0,5413.0
021_04_sy2014_ic2_dqn_seed12_50k__sy_2014_seed1,dba09881156539b3ad34cf72ea1cc08db5be74f8018a03a49e1eba481815ff7f,SY,2014,1,dqn,40000,0.0,,,,0.0,0.0,,0.0,0.0,,0.0,0.0,0.0,0.0,2,"{""amir"": 0.0, ""anfer"": 0.0}",0.0,0.0,5413.0
021_04_sy2014_ic2_dqn_seed12_50k__sy_2014_seed1,dba09881156539b3ad34cf72ea1cc08db5be74f8018a03a49e1eba481815ff7f,SY,2014,1,dqn,40000,0.0,,,,0.0,0.0,,0.0,0.0,,0.0,0.0,0.0,0.0,2,"{""amir"": 0.0, ""anfer"": 0.0}",0.0,0.0,5413.0
021_04_sy2014_ic2_dqn_seed12_50k__sy_2014_seed1,dba09881156539b3ad34cf72ea1cc08db5be74f8018a03a49e1eba481815ff7f,SY,2014,1,dqn,40000,0.0,,,,0.0,0.0,,0.0,0.0,,0.0,0.0,0.0,0.0,2,"{""amir"": 0.0, ""anfer"": 0.0}",0.0,0.0,5413.0
021_04_sy2014_ic2_dqn_seed12_50k__sy_2014_seed1,dba09881156539b3ad34cf72ea1cc08db5be74f8018a03a49e1eba481815ff7f,SY,2014,1,dqn,40000,0.0,,,,0.0,0.0,,0.0,0.0,,0.0,0.0,0.0,0.0,5,"{""amir"": 0.0, ""anfer"": 0.0}",0.0,0.0,5413.0
021_04_sy2014_ic2_dqn_seed12_50k__sy_2014_seed1,dba09881156539b3ad34cf72ea1cc08db5be74f8018a03a49e1eba481815ff7f,SY,2014,1,dqn,40000,0.0,,,,0.0,0.0,,0.0,0.0,,0.0,0.0,0.0,0.0,2,"{""amir"": 0.0, ""anfer"": 0.0}",0.0,0.0,5413.0
021_04_sy2014_ic2_dqn_seed12_50k__sy_2014_seed1,dba09881156539b3ad34cf72ea1cc08db5be74f8018a03a49e1eba481815ff7f,SY,2014,1,dqn,40000,0.0,,,,0.0,0.0,,0.0,0.0,,0.0,0.0,0.0,0.0,2,"{""amir"": 0.0, ""anfer"": 0.0}",0.0,0.0,5413.0
021_04_sy2014_ic2_dqn_seed12_50k__sy_2014_seed1,dba09881156539b3ad34cf72ea1cc08db5be74f8018a03a49e1eba481815ff7f,SY,2014,1,dqn,40000,1.0,,,,0.0,0.0,,0.0,0.0,,0.0,0.0,0.0,0.0,2,"{""amir"": 0.0, ""anfer"": 0.0}",0.0,0.0,5413.0
021_04_sy2014_ic2_dqn_seed12_50k__sy_2014_seed1,dba09881156539b3ad34cf72ea1cc08db5be74f8018a03a49e1eba481815ff7f,SY,2014,1,dqn,40000,2.0,,,,0.0,0.0,,0.0,0.0,,0.0,0.0,0.0,0.0,0,"{""amir"": 0.0, ""anfer"": 0.0}",0.0,0.0,5413.0
021_04_sy2014_ic2_dqn_seed12_50k__sy_2014_seed1,dba09881156539b3ad34cf72ea1cc08db5be74f8018a03a49e1eba481815ff7f,SY,2014,1,dqn,40000,3.0,,,,0.0,0.0,,0.0,0.0,,0.0,0.0,0.0,0.0,0,"{""amir"": 0.0, ""anfer"": 0.0}",0.0,0.0,5413.0
021_04_sy2014_ic2_dqn_seed12_50k__sy_2014_seed1,dba09881156539b3ad34cf72ea1cc08db5be74f8018a03a49e1eba481815ff7f,SY,2014,1,dqn,40000,4.0,,,,0.0,0.0,,0.0,0.0,,0.0,0.0,0.0,0.0,0,"{""amir"": 0.0, ""anfer"": 0.0}",0.0,0.0,5413.0
021_04_sy2014_ic2_dqn_seed12_50k__sy_2014_seed1,dba09881156539b3ad34cf72ea1cc08db5be74f8018a03a49e1eba481815ff7f,SY,2014,1,dqn,40000,5.0,,,,0.0,0.0,,0.0,0.0,,0.0,0.0,0.0,0.0,0,"{""amir"": 0.0, ""anfer"": 0.0}",0.0,0.0,5413.0
021_04_sy2014_ic2_dqn_seed12_50k__sy_2014_seed1,dba09881156539b3ad34cf72ea1cc08db5be74f8018a03a49e1eba481815ff7f,SY,2014,1,dqn,40000,6.0,,,,0.0,0.0,,0.0,0.0,,0.0,0.0,0.0,0.0,0,"{""amir"": 0.0, ""anfer"": 0.0}",0.0,0.0,5413.0
021_04_sy2014_ic2_dqn_seed12_50k__sy_2014_seed1,dba09881156539b3ad34cf72ea1cc08db5be74f8018a03a49e1eba481815ff7f,SY,2014,1,dqn,40000,7.0,,,,0.0,0.0,,0.0,0.0,,0.0,0.0,0.0,0.0,0,"{""amir"": 0.0, ""anfer"": 0.0}",0.0,0.0,5413.0
021_04_sy2014_ic2_dqn_seed12_50k__sy_2014_seed1,dba09881156539b3ad34cf72ea1cc08db5be74f8018a03a49e1eba481815ff7f,SY,2014,1,dqn,40000,8.0,,,,0.0,0.0,,0.0,0.0,,0.0,0.0,0.0,0.0,0,"{""amir"": 0.0, ""anfer"": 0.0}",0.0,0.0,5413.0
021_04_sy2014_ic2_dqn_seed12_50k__sy_2014_seed1,dba09881156539b3ad34cf72ea1cc08db5be74f8018a03a49e1eba481815ff7f,SY,2014,1,dqn,40000,9.0,,,,0.0,0.0,,0.0,0.0,,0.0,0.0,0.0,0.0,0,"{""amir"": 0.0, ""anfer"": 0.0}",0.0,0.0,5413.0
021_04_sy2014_ic2_dqn_seed12_50k__sy_2014_seed1,dba09881156539b3ad34cf72ea1cc08db5be74f8018a03a49e1eba481815ff7f,SY,2014,1,dqn,40000,10.0,,,,19.200000762939453,0.0,,0.0,0.0121910572052001,,0.0,0.0,0.0,0.0,0,"{""amir"": 0.0, ""anfer"": 0.0}",0.0,0.0,5413.0
021_04_sy2014_ic2_dqn_seed12_50k__sy_2014_seed1,dba09881156539b3ad34cf72ea1cc08db5be74f8018a03a49e1eba481815ff7f,SY,2014,1,dqn,40000,11.0,,,,19.200000762939453,0.0,,0.0,0.011216402053833,,0.0,0.0,0.0,0.0,0,"{""amir"": 0.0, ""anfer"": 0.0}",0.0,0.0,5413.0
021_04_sy2014_ic2_dqn_seed12_50k__sy_2014_seed1,dba09881156539b3ad34cf72ea1cc08db5be74f8018a03a49e1eba481815ff7f,SY,2014,1,dqn,40000,12.0,,,,19.200000762939453,0.0,,0.0,0.0090978145599365,,0.0,0.0,0.0,0.0,0,"{""amir"": 0.0, ""anfer"": 0.0}",0.0,0.0,5413.0
021_04_sy2014_ic2_dqn_seed12_50k__sy_2014_seed1,dba09881156539b3ad34cf72ea1cc08db5be74f8018a03a49e1eba481815ff7f,SY,2014,1,dqn,40000,13.0,,,,19.200000762939453,0.0,,0.0,0.0069259405136108,,0.0,0.0,0.0,0.0,0,"{""amir"": 0.0, ""anfer"": 0.0}",0.0,0.0,5413.0
021_04_sy2014_ic2_dqn_seed12_50k__sy_2014_seed1,dba09881156539b3ad34cf72ea1cc08db5be74f8018a03a49e1eba481815ff7f,SY,2014,1,dqn,40000,14.0,,,,19.200000762939453,0.0,,0.0,0.006073772907257,,0.0,0.0,0.0,0.0,0,"{""amir"": 0.0, ""anfer"": 0.0}",0.0,0.0,5413.0
021_04_sy2014_ic2_dqn_seed12_50k__sy_2014_seed1,dba09881156539b3ad34cf72ea1cc08db5be74f8018a03a49e1eba481815ff7f,SY,2014,1,dqn,40000,15.0,,,,19.200000762939453,0.0,,0.0,0.0052758455276489,,0.0,0.0,0.0,0.0,0,"{""amir"": 0.0, ""anfer"": 0.0}",0.0,0.0,5413.0
021_04_sy2014_ic2_dqn_seed12_50k__sy_2014_seed1,dba09881156539b3ad34cf72ea1cc08db5be74f8018a03a49e1eba481815ff7f,SY,2014,1,dqn,40000,16.0,,,,19.200000762939453,0.0,,0.0,0.0030127763748168,,0.0,0.0,0.0,0.0,0,"{""amir"": 0.0, ""anfer"": 0.0}",0.0,0.0,5413.0
021_04_sy2014_ic2_dqn_seed12_50k__sy_2014_seed1,dba09881156539b3ad34cf72ea1cc08db5be74f8018a03a49e1eba481815ff7f,SY,2014,1,dqn,40000,17.0,,,,19.200000762939453,0.0,,0.0,0.0017459988594055,,0.0,0.0,0.0,0.0,0,"{""amir"": 0.0, ""anfer"": 0.0}",0.0,0.0,5413.0
021_04_sy2014_ic2_dqn_seed12_50k__sy_2014_seed1,dba09881156539b3ad34cf72ea1cc08db5be74f8018a03a49e1eba481815ff7f,SY,2014,1,dqn,40000,18.0,,,,19.200000762939453,0.0,,0.0,0.0,,0.0,0.0,0.0,0.0,0,"{""amir"": 0.0, ""anfer"": 0.0}",0.0,0.0,5413.0
021_04_sy2014_ic2_dqn_seed12_50k__sy_2014_seed1,dba09881156539b3ad34cf72ea1cc08db5be74f8018a03a49e1eba481815ff7f,SY,2014,1,dqn,40000,19.0,,,,19.200000762939453,0.0,,0.0,0.0,,0.0,0.0,0.0,0.0,0,"{""amir"": 0.0, ""anfer"": 0.0}",0.0,0.0,5413.0
021_04_sy2014_ic2_dqn_seed12_50k__sy_2014_seed1,dba09881156539b3ad34cf72ea1cc08db5be74f8018a03a49e1eba481815ff7f,SY,2014,1,dqn,40000,20.0,,,,19.200000762939453,0.0,,0.0,0.0,,0.0,0.0,0.0,0.0,0,"{""amir"": 0.0, ""anfer"": 0.0}",0.0,0.0,5413.0
021_04_sy2014_ic2_dqn_seed12_50k__sy_2014_seed1,dba09881156539b3ad34cf72ea1cc08db5be74f8018a03a49e1eba481815ff7f,SY,2014,1,dqn,40000,21.0,,,,19.200000762939453,0.0,,0.0,0.0,,0.0,0.0,0.0,0.0,0,"{""amir"": 0.0, ""anfer"": 0.0}",0.0,0.0,5413.0
021_04_sy2014_ic2_dqn_seed12_50k__sy_2014_seed1,dba09881156539b3ad34cf72ea1cc08db5be74f8018a03a49e1eba481815ff7f,SY,2014,1,dqn,40000,22.0,,,,19.200000762939453,0.0,,0.0,0.0,,0.0,0.0,0.0,0.0,0,"{""amir"": 0.0, ""anfer"": 0.0}",0.0,0.0,5413.0
021_04_sy2014_ic2_dqn_seed12_50k__sy_2014_seed1,dba09881156539b3ad34cf72ea1cc08db5be74f8018a03a49e1eba481815ff7f,SY,2014,1,dqn,40000,23.0,,,,19.200000762939453,0.0,,0.0,0.0,,0.0,0.0,0.0,0.0,0,"{""amir"": 0.0, ""anfer"": 0.0}",0.0,0.0,5413.0
021_04_sy2014_ic2_dqn_seed12_50k__sy_2014_seed1,dba09881156539b3ad34cf72ea1cc08db5be74f8018a03a49e1eba481815ff7f,SY,2014,1,dqn,40000,24.0,,,,19.200000762939453,0.0,,0.0,0.0,,0.0,0.0,0.0,0.0,0,"{""amir"": 0.0, ""anfer"": 0.0}",0.0,0.0,5413.0
021_04_sy2014_ic2_dqn_seed12_50k__sy_2014_seed1,dba09881156539b3ad34cf72ea1cc08db5be74f8018a03a49e1eba481815ff7f,SY,2014,1,dqn,40000,25.0,,,,19.200000762939453,0.0,,0.0,0.0,,0.0,0.0,0.0,0.0,0,"{""amir"": 0.0, ""anfer"": 0.0}",0.0,0.0,5413.0
021_04_sy2014_ic2_dqn_seed12_50k__sy_2014_seed1,dba09881156539b3ad34cf72ea1cc08db5be74f8018a03a49e1eba481815ff7f,SY,2014,1,dqn,40000,26.0,,,,21.344969272613525,0.0,,0.0,0.0,,0.0,0.0,0.0,0.0,0,"{""amir"": 0.0, ""anfer"": 0.0}",0.0,0.0,5413.0
021_04_sy2014_ic2_dqn_seed12_50k__sy_2014_seed1,dba09881156539b3ad34cf72ea1cc08db5be74f8018a03a49e1eba481815ff7f,SY,2014,1,dqn,40000,27.0,,,,24.753751754760746,0.0,,0.0,0.0,,0.0,0.0,0.0,0.0,0,"{""amir"": 0.0, ""anfer"": 0.0}",0.0,0.0,5413.0
021_04_sy2014_ic2_dqn_seed12_50k__sy_2014_seed1,dba09881156539b3ad34cf72ea1cc08db5be74f8018a03a49e1eba481815ff7f,SY,2014,1,dqn,40000,28.0,,,,29.73308563232422,0.0,,0.0,0.0,,0.0,0.0,0.0,0.0,0,"{""amir"": 0.0, ""anfer"": 0.0}",0.0,0.0,5413.0
021_04_sy2014_ic2_dqn_seed12_50k__sy_2014_seed1,dba09881156539b3ad34cf72ea1cc08db5be74f8018a03a49e1eba481815ff7f,SY,2014,1,dqn,40000,29.0,,,,33.97267818450928,0.0,,0.0,0.0,,0.0,0.0,0.0,0.0,0,"{""amir"": 0.0, ""anfer"": 0.0}",0.0,0.0,5413.0
021_04_sy2014_ic2_dqn_seed12_50k__sy_2014_seed1,dba09881156539b3ad34cf72ea1cc08db5be74f8018a03a49e1eba481815ff7f,SY,2014,1,dqn,40000,30.0,,,,37.713940143585205,0.0,,0.0,0.0,,0.0,0.0,0.0,0.0,0,"{""amir"": 0.0, ""anfer"": 0.0}",0.0,0.0,5413.0
021_04_sy2014_ic2_dqn_seed12_50k__sy_2014_seed1,dba09881156539b3ad34cf72ea1cc08db5be74f8018a03a49e1eba481815ff7f,SY,2014,1,dqn,40000,31.0,,,,45.03967761993408,0.0,,0.0,0.0,,0.0,0.0,0.0,0.0,0,"{""amir"": 0.0, ""anfer"": 0.0}",0.0,0.0,5413.0
021_04_sy2014_ic2_dqn_seed12_50k__sy_2014_seed1,dba09881156539b3ad34cf72ea1cc08db5be74f8018a03a49e1eba481815ff7f,SY,2014,1,dqn,40000,32.0,,,,52.25168704986572,0.0,,0.0,0.0,,0.0,0.0,0.0,0.0,0,"{""amir"": 0.0, ""anfer"": 0.0}",0.0,0.0,5413.0
021_04_sy2014_ic2_dqn_seed12_50k__sy_2014_seed1,dba09881156539b3ad34cf72ea1cc08db5be74f8018a03a49e1eba481815ff7f,SY,2014,1,dqn,40000,33.0,,,,62.70843029022217,0.0,,0.0,0.0,,0.0,0.0,0.0,0.0,0,"{""amir"": 0.0, ""anfer"": 0.0}",0.0,0.0,5413.0
021_04_sy2014_ic2_dqn_seed12_50k__sy_2014_seed1,dba09881156539b3ad34cf72ea1cc08db5be74f8018a03a49e1eba481815ff7f,SY,2014,1,dqn,40000,34.0,,,,71.75473690032959,0.0,,0.0,0.0,,0.0,0.0,0.0,0.0,0,"{""amir"": 0.0, ""anfer"": 0.0}",0.0,0.0,5413.0
021_04_sy2014_ic2_dqn_seed12_50k__sy_2014_seed1,dba09881156539b3ad34cf72ea1cc08db5be74f8018a03a49e1eba481815ff7f,SY,2014,1,dqn,40000,35.0,,,,74.65672969818115,0.0,,0.0,0.0,,0.0,0.0,0.0,0.0,0,"{""amir"": 0.0, ""anfer"": 0.0}",0.0,0.0,5413.0
021_04_sy2014_ic2_dqn_seed12_50k__sy_2014_seed1,dba09881156539b3ad34cf72ea1cc08db5be74f8018a03a49e1eba481815ff7f,SY,2014,1,dqn,40000,36.0,,,,87.41036415100098,0.0,,0.0,0.0017406940460205,,0.0,0.0,0.0,0.0,0,"{""amir"": 0.0, ""anfer"": 0.0}",0.0,0.0,5413.0
021_04_sy2014_ic2_dqn_seed12_50k__sy_2014_seed1,dba09881156539b3ad34cf72ea1cc08db5be74f8018a03a49e1eba481815ff7f,SY,2014,1,dqn,40000,37.0,,,,103.39940071105956,0.0,,0.0,0.0,,0.0,0.0,0.0,0.0,0,"{""amir"": 0.0, ""anfer"": 0.0}",0.0,0.0,5413.0
021_04_sy2014_ic2_dqn_seed12_50k__sy_2014_seed1,dba09881156539b3ad34cf72ea1cc08db5be74f8018a03a49e1eba481815ff7f,SY,2014,1,dqn,40000,38.0,,,,123.37764739990234,0.0,,0.0,0.0,,0.0,0.0,0.0,0.0,0,"{""amir"": 0.0, ""anfer"": 0.0}",0.0,0.0,5413.0
021_04_sy2014_ic2_dqn_seed12_50k__sy_2014_seed1,dba09881156539b3ad34cf72ea1cc08db5be74f8018a03a49e1eba481815ff7f,SY,2014,1,dqn,40000,39.0,,,,148.9447784423828,0.0,,0.0,0.0,,0.0,0.0,0.0,0.0,0,"{""amir"": 0.0, ""anfer"": 0.0}",0.0,0.0,5413.0
021_04_sy2014_ic2_dqn_seed12_50k__sy_2014_seed1,dba09881156539b3ad34cf72ea1cc08db5be74f8018a03a49e1eba481815ff7f,SY,2014,1,dqn,40000,40.0,,,,178.76474380493164,0.0,,0.0,0.0,,0.0,0.0,0.0,0.0,0,"{""amir"": 0.0, ""anfer"": 0.0}",0.0,0.0,5413.0
021_04_sy2014_ic2_dqn_seed12_50k__sy_2014_seed1,dba09881156539b3ad34cf72ea1cc08db5be74f8018a03a49e1eba481815ff7f,SY,2014,1,dqn,40000,41.0,,,,216.6964530944824,0.0,,0.0,0.0,,0.0,0.0,0.0,0.0,0,"{""amir"": 0.0, ""anfer"": 0.0}",0.0,0.0,5413.0
021_04_sy2014_ic2_dqn_seed12_50k__sy_2014_seed1,dba09881156539b3ad34cf72ea1cc08db5be74f8018a03a49e1eba481815ff7f,SY,2014,1,dqn,40000,42.0,,,,254.9726104736328,0.0,,0.0,0.0,,0.0,0.0,0.0,0.0,0,"{""amir"": 0.0, ""anfer"": 0.0}",0.0,0.0,5413.0
021_04_sy2014_ic2_dqn_seed12_50k__sy_2014_seed1,dba09881156539b3ad34cf72ea1cc08db5be74f8018a03a49e1eba481815ff7f,SY,2014,1,dqn,40000,43.0,,,,290.72134017944336,0.0,,0.0,0.0,,0.0,0.0,0.0,0.0,0,"{""amir"": 0.0, ""anfer"": 0.0}",0.0,0.0,5413.0
021_04_sy2014_ic2_dqn_seed12_50k__sy_2014_seed1,dba09881156539b3ad34cf72ea1cc08db5be74f8018a03a49e1eba481815ff7f,SY,2014,1,dqn,40000,44.0,,,,331.7587280273437,0.0,,0.0,0.0,,0.0,0.0,0.0,0.0,0,"{""amir"": 0.0, ""anfer"": 0.0}",0.0,0.0,5413.0
021_04_sy2014_ic2_dqn_seed12_50k__sy_2014_seed1,dba09881156539b3ad34cf72ea1cc08db5be74f8018a03a49e1eba481815ff7f,SY,2014,1,dqn,40000,45.0,,,,379.79591369628906,0.0,,0.0,0.0,,0.0,0.0,0.0,0.0,0,"{""amir"": 0.0, ""anfer"": 0.0}",0.0,0.0,5413.0
021_04_sy2014_ic2_dqn_seed12_50k__sy_2014_seed1,dba09881156539b3ad34cf72ea1cc08db5be74f8018a03a49e1eba481815ff7f,SY,2014,1,dqn,40000,46.0,,,,434.5947647094727,0.0,,0.0,0.0,,0.0,0.0,0.0,0.0,0,"{""amir"": 0.0, ""anfer"": 0.0}",0.0,0.0,5413.0
021_04_sy2014_ic2_dqn_seed12_50k__sy_2014_seed1,dba09881156539b3ad34cf72ea1cc08db5be74f8018a03a49e1eba481815ff7f,SY,2014,1,dqn,40000,47.0,,,,484.5530700683594,0.0,,0.0,0.0,,0.0,0.0,0.0,0.0,0,"{""amir"": 0.0, ""anfer"": 0.0}",0.0,0.0,5413.0
021_04_sy2014_ic2_dqn_seed12_50k__sy_2014_seed1,dba09881156539b3ad34cf72ea1cc08db5be74f8018a03a49e1eba481815ff7f,SY,2014,1,dqn,40000,48.0,,,,528.6686706542969,0.0,,0.0,0.0,,0.0,0.0,0.0,0.0,0,"{""amir"": 0.0, ""anfer"": 0.0}",0.0,0.0,5413.0
021_04_sy2014_ic2_dqn_seed12_50k__sy_2014_seed1,dba09881156539b3ad34cf72ea1cc08db5be74f8018a03a49e1eba481815ff7f,SY,2014,1,dqn,40000,49.0,,,,574.9260330200195,0.0,,0.0,0.0,,0.0,0.0,0.0,0.0,0,"{""amir"": 0.0, ""anfer"": 0.0}",0.0,0.0,5413.0
021_04_sy2014_ic2_dqn_seed12_50k__sy_2014_seed1,dba09881156539b3ad34cf72ea1cc08db5be74f8018a03a49e1eba481815ff7f,SY,2014,1,dqn,40000,50.0,,,,634.3387985229492,0.0,,0.0,0.0,,0.0,0.0,0.0,0.0,0,"{""amir"": 0.0, ""anfer"": 0.0}",0.0,0.0,5413.0
021_04_sy2014_ic2_dqn_seed12_50k__sy_2014_seed1,dba09881156539b3ad34cf72ea1cc08db5be74f8018a03a49e1eba481815ff7f,SY,2014,1,dqn,40000,51.0,,,,697.6332092285156,0.0,,0.0,0.0,,0.0,0.0,0.0,0.0,0,"{""amir"": 0.0, ""anfer"": 0.0}",0.0,0.0,5413.0
021_04_sy2014_ic2_dqn_seed12_50k__sy_2014_seed1,dba09881156539b3ad34cf72ea1cc08db5be74f8018a03a49e1eba481815ff7f,SY,2014,1,dqn,40000,52.0,,,,756.484375,0.0,,0.0,0.0,,0.0,0.0,0.0,0.0,0,"{""amir"": 0.0, ""anfer"": 0.0}",0.0,0.0,5413.0
021_04_sy2014_ic2_dqn_seed12_50k__sy_2014_seed1,dba09881156539b3ad34cf72ea1cc08db5be74f8018a03a49e1eba481815ff7f,SY,2014,1,dqn,40000,53.0,,,,825.2777099609375,0.0,,0.0,0.0,,0.0,0.0,0.0,0.0,0,"{""amir"": 0.0, ""anfer"": 0.0}",0.0,0.0,5413.0
021_04_sy2014_ic2_dqn_seed12_50k__sy_2014_seed1,dba09881156539b3ad34cf72ea1cc08db5be74f8018a03a49e1eba481815ff7f,SY,2014,1,dqn,40000,54.0,,,,900.40771484375,0.0,,0.0,0.0,,0.0,0.0,0.0,0.0,0,"{""amir"": 0.0, ""anfer"": 0.0}",0.0,0.0,5413.0
021_04_sy2014_ic2_dqn_seed12_50k__sy_2014_seed1,dba09881156539b3ad34cf72ea1cc08db5be74f8018a03a49e1eba481815ff7f,SY,2014,1,dqn,40000,55.0,,,,983.9599609375,0.0,,0.0,0.0,,0.0,0.0,0.0,0.0,0,"{""amir"": 0.0, ""anfer"": 0.0}",0.0,0.0,5413.0
021_04_sy2014_ic2_dqn_seed12_50k__sy_2014_seed1,dba09881156539b3ad34cf72ea1cc08db5be74f8018a03a49e1eba481815ff7f,SY,2014,1,dqn,40000,56.0,,,,1089.1144561767578,0.0,,0.0,0.0,,0.0,0.0,0.0,0.0,0,"{""amir"": 0.0, ""anfer"": 0.0}",0.0,0.0,5413.0
021_04_sy2014_ic2_dqn_seed12_50k__sy_2014_seed1,dba09881156539b3ad34cf72ea1cc08db5be74f8018a03a49e1eba481815ff7f,SY,2014,1,dqn,40000,57.0,,,,1195.4468536376953,0.0,,0.0,0.0,,0.0,0.0,0.0,0.0,0,"{""amir"": 0.0, ""anfer"": 0.0}",0.0,0.0,5413.0
021_04_sy2014_ic2_dqn_seed12_50k__sy_2014_seed1,dba09881156539b3ad34cf72ea1cc08db5be74f8018a03a49e1eba481815ff7f,SY,2014,1,dqn,40000,58.0,,,,1295.7649230957031,0.0,,0.0,0.0,,0.0,0.0,0.0,0.0,0,"{""amir"": 0.0, ""anfer"": 0.0}",0.0,0.0,5413.0
021_04_sy2014_ic2_dqn_seed12_50k__sy_2014_seed1,dba09881156539b3ad34cf72ea1cc08db5be74f8018a03a49e1eba481815ff7f,SY,2014,1,dqn,40000,59.0,,,,1383.7161254882812,0.0,,0.0,0.0,,0.0,0.0,0.0,0.0,0,"{""amir"": 0.0, ""anfer"": 0.0}",0.0,0.0,5413.0
021_04_sy2014_ic2_dqn_seed12_50k__sy_2014_seed1,dba09881156539b3ad34cf72ea1cc08db5be74f8018a03a49e1eba481815ff7f,SY,2014,1,dqn,40000,60.0,,,,1484.290008544922,0.0,,0.0,0.0,,0.0,0.0,0.0,0.0,0,"{""amir"": 0.0, ""anfer"": 0.0}",0.0,0.0,5413.0
021_04_sy2014_ic2_dqn_seed12_50k__sy_2014_seed1,dba09881156539b3ad34cf72ea1cc08db5be74f8018a03a49e1eba481815ff7f,SY,2014,1,dqn,40000,61.0,,,,1592.70751953125,0.0,,0.0,0.0,,0.0,0.0,0.0,0.0,0,"{""amir"": 0.0, ""anfer"": 0.0}",0.0,0.0,5413.0
021_04_sy2014_ic2_dqn_seed12_50k__sy_2014_seed1,dba09881156539b3ad34cf72ea1cc08db5be74f8018a03a49e1eba481815ff7f,SY,2014,1,dqn,40000,62.0,,,,1710.9112548828125,0.0,,0.0,0.0,,0.0,0.0,0.0,0.0,0,"{""amir"": 0.0, ""anfer"": 0.0}",0.0,0.0,5413.0
021_04_sy2014_ic2_dqn_seed12_50k__sy_2014_seed1,dba09881156539b3ad34cf72ea1cc08db5be74f8018a03a49e1eba481815ff7f,SY,2014,1,dqn,40000,63.0,,,,1825.2359008789065,0.0,,0.0,0.0,,0.0,0.0,0.0,0.0,0,"{""amir"": 0.0, ""anfer"": 0.0}",0.0,0.0,5413.0
021_04_sy2014_ic2_dqn_seed12_50k__sy_2014_seed1,dba09881156539b3ad34cf72ea1cc08db5be74f8018a03a49e1eba481815ff7f,SY,2014,1,dqn,40000,64.0,,,,1949.4239807128904,0.0,,0.0,0.0,,0.0,0.0,0.0,0.0,0,"{""amir"": 0.0, ""anfer"": 0.0}",0.0,0.0,5413.0
021_04_sy2014_ic2_dqn_seed12_50k__sy_2014_seed1,dba09881156539b3ad34cf72ea1cc08db5be74f8018a03a49e1eba481815ff7f,SY,2014,1,dqn,40000,65.0,,,,2083.9894104003906,0.0,,0.0,0.0207860469818115,,0.0,0.0,0.0,0.0,0,"{""amir"": 0.0, ""anfer"": 0.0}",0.0,0.0,5413.0
021_04_sy2014_ic2_dqn_seed12_50k__sy_2014_seed1,dba09881156539b3ad34cf72ea1cc08db5be74f8018a03a49e1eba481815ff7f,SY,2014,1,dqn,40000,66.0,,,,2230.03662109375,0.0,,0.0,0.0450993180274963,,0.0,0.0,0.0,0.0,0,"{""amir"": 0.0, ""anfer"": 0.0}",0.0,0.0,5413.0
021_04_sy2014_ic2_dqn_seed12_50k__sy_2014_seed1,dba09881156539b3ad34cf72ea1cc08db5be74f8018a03a49e1eba481815ff7f,SY,2014,1,dqn,40000,67.0,,,,2352.093505859375,0.0,,0.0,0.0683484077453613,,0.0,0.0,0.0,0.0,0,"{""amir"": 0.0, ""anfer"": 0.0}",0.0,0.0,5413.0
021_04_sy2014_ic2_dqn_seed12_50k__sy_2014_seed1,dba09881156539b3ad34cf72ea1cc08db5be74f8018a03a49e1eba481815ff7f,SY,2014,1,dqn,40000,68.0,,,,2468.408660888672,0.0,,0.0,0.0903395414352417,,0.0,0.0,0.0,0.0,0,"{""amir"": 0.0, ""anfer"": 0.0}",0.0,0.0,5413.0
021_04_sy2014_ic2_dqn_seed12_50k__sy_2014_seed1,dba09881156539b3ad34cf72ea1cc08db5be74f8018a03a49e1eba481815ff7f,SY,2014,1,dqn,40000,69.0,,,,2581.533508300781,0.0,,0.0,0.1055159568786621,,0.0,0.0,0.0,0.0,0,"{""amir"": 0.0, ""anfer"": 0.0}",0.0,0.0,5413.0
021_04_sy2014_ic2_dqn_seed12_50k__sy_2014_seed1,dba09881156539b3ad34cf72ea1cc08db5be74f8018a03a49e1eba481815ff7f,SY,2014,1,dqn,40000,70.0,,,,2711.787414550781,0.0,,0.0,0.1178019046783447,,0.0,0.0,0.0,0.0,0,"{""amir"": 0.0, ""anfer"": 0.0}",0.0,0.0,5413.0
021_04_sy2014_ic2_dqn_seed12_50k__sy_2014_seed1,dba09881156539b3ad34cf72ea1cc08db5be74f8018a03a49e1eba481815ff7f,SY,2014,1,dqn,40000,71.0,,,,2858.5064697265625,0.0,,0.0,0.1279278993606567,,0.0,0.0,0.0,0.0,0,"{""amir"": 0.0, ""anfer"": 0.0}",0.0,0.0,5413.0
021_04_sy2014_ic2_dqn_seed12_50k__sy_2014_seed1,dba09881156539b3ad34cf72ea1cc08db5be74f8018a03a49e1eba481815ff7f,SY,2014,1,dqn,40000,72.0,,,,3007.1365356445312,0.0,,0.0,0.1395850777626037,,0.0,0.0,0.0,0.0,0,"{""amir"": 0.0, ""anfer"": 0.0}",0.0,0.0,5413.0
021_04_sy2014_ic2_dqn_seed12_50k__sy_2014_seed1,dba09881156539b3ad34cf72ea1cc08db5be74f8018a03a49e1eba481815ff7f,SY,2014,1,dqn,40000,73.0,,,,3295.130920410156,0.0,,0.0,0.151700735092163,,0.0,0.0,0.0,0.0,0,"{""amir"": 0.0, ""anfer"": 0.0}",0.0,0.0,5413.0
021_04_sy2014_ic2_dqn_seed12_50k__sy_2014_seed1,dba09881156539b3ad34cf72ea1cc08db5be74f8018a03a49e1eba481815ff7f,SY,2014,1,dqn,40000,74.0,,,,3468.5317993164062,0.0,,0.0,0.1622416973114013,,0.0,0.0,0.0,0.0,0,"{""amir"": 0.0, ""anfer"": 0.0}",0.0,0.0,5413.0
021_04_sy2014_ic2_dqn_seed12_50k__sy_2014_seed1,dba09881156539b3ad34cf72ea1cc08db5be74f8018a03a49e1eba481815ff7f,SY,2014,1,dqn,40000,75.0,,,,3618.790893554688,0.0,,0.0,0.1850702762603759,,0.0,0.0,0.0,0.0,0,"{""amir"": 0.0, ""anfer"": 0.0}",0.0,0.0,5413.0
021_04_sy2014_ic2_dqn_seed12_50k__sy_2014_seed1,dba09881156539b3ad34cf72ea1cc08db5be74f8018a03a49e1eba481815ff7f,SY,2014,1,dqn,40000,76.0,,,,3750.98876953125,0.0,,0.0,0.193942129611969,,0.0,0.0,0.0,0.0,0,"{""amir"": 0.0, ""anfer"": 0.0}",0.0,0.0,5413.0
021_04_sy2014_ic2_dqn_seed12_50k__sy_2014_seed1,dba09881156539b3ad34cf72ea1cc08db5be74f8018a03a49e1eba481815ff7f,SY,2014,1,dqn,40000,77.0,,,,3869.3011474609375,0.0,,0.0,0.199248194694519,,0.0,0.0,0.0,0.0,0,"{""amir"": 0.0, ""anfer"": 0.0}",0.0,0.0,5413.0
021_04_sy2014_ic2_dqn_seed12_50k__sy_2014_seed1,dba09881156539b3ad34cf72ea1cc08db5be74f8018a03a49e1eba481815ff7f,SY,2014,1,dqn,40000,78.0,,,,3980.799865722656,0.0,,0.0,0.2072367072105407,,0.0,0.0,0.0,0.0,0,"{""amir"": 0.0, ""anfer"": 0.0}",0.0,0.0,5413.0
021_04_sy2014_ic2_dqn_seed12_50k__sy_2014_seed1,dba09881156539b3ad34cf72ea1cc08db5be74f8018a03a49e1eba481815ff7f,SY,2014,1,dqn,40000,79.0,,,,4085.190124511719,0.0,,0.0,0.2129586338996887,,0.0,0.0,0.0,0.0,0,"{""amir"": 0.0, ""anfer"": 0.0}",0.0,0.0,5413.0
021_04_sy2014_ic2_dqn_seed12_50k__sy_2014_seed1,dba09881156539b3ad34cf72ea1cc08db5be74f8018a03a49e1eba481815ff7f,SY,2014,1,dqn,40000,80.0,,,,4193.335571289063,0.0,,0.0,0.2153649926185608,,0.0,0.0,0.0,0.0,0,"{""amir"": 0.0, ""anfer"": 0.0}",0.0,0.0,5413.0
021_04_sy2014_ic2_dqn_seed12_50k__sy_2014_seed1,dba09881156539b3ad34cf72ea1cc08db5be74f8018a03a49e1eba481815ff7f,SY,2014,1,dqn,40000,81.0,,,,4284.2364501953125,0.0,,0.0,0.2190966010093689,,0.0,0.0,0.0,0.0,0,"{""amir"": 0.0, ""anfer"": 0.0}",0.0,0.0,5413.0
021_04_sy2014_ic2_dqn_seed12_50k__sy_2014_seed1,dba09881156539b3ad34cf72ea1cc08db5be74f8018a03a49e1eba481815ff7f,SY,2014,1,dqn,40000,82.0,,,,4376.9134521484375,0.0,,0.0,0.2203364968299865,,0.0,0.0,0.0,0.0,0,"{""amir"": 0.0, ""anfer"": 0.0}",0.0,0.0,5413.0
021_04_sy2014_ic2_dqn_seed12_50k__sy_2014_seed1,dba09881156539b3ad34cf72ea1cc08db5be74f8018a03a49e1eba481815ff7f,SY,2014,1,dqn,40000,83.0,,,,4468.602294921875,0.0,,0.0,0.2192417979240417,,0.0,0.0,0.0,0.0,0,"{""amir"": 0.0, ""anfer"": 0.0}",0.0,0.0,5413.0
021_04_sy2014_ic2_dqn_seed12_50k__sy_2014_seed1,dba09881156539b3ad34cf72ea1cc08db5be74f8018a03a49e1eba481815ff7f,SY,2014,1,dqn,40000,84.0,,,,4563.6083984375,0.0,,0.0,0.2172316908836364,,0.0,0.0,0.0,0.0,0,"{""amir"": 0.0, ""anfer"": 0.0}",0.0,0.0,5413.0
021_04_sy2014_ic2_dqn_seed12_50k__sy_2014_seed1,dba09881156539b3ad34cf72ea1cc08db5be74f8018a03a49e1eba481815ff7f,SY,2014,1,dqn,40000,85.0,,,,4669.2291259765625,0.0,,0.0,0.2127729654312133,,0.0,0.0,0.0,0.0,0,"{""amir"": 0.0, ""anfer"": 0.0}",0.0,0.0,5413.0
021_04_sy2014_ic2_dqn_seed12_50k__sy_2014_seed1,dba09881156539b3ad34cf72ea1cc08db5be74f8018a03a49e1eba481815ff7f,SY,2014,1,dqn,40000,86.0,,,,4779.831237792969,0.0,,0.0,0.2055679559707641,,0.0,0.0,0.0,0.0,0,"{""amir"": 0.0, ""anfer"": 0.0}",0.0,0.0,5413.0
021_04_sy2014_ic2_dqn_seed12_50k__sy_2014_seed1,dba09881156539b3ad34cf72ea1cc08db5be74f8018a03a49e1eba481815ff7f,SY,2014,1,dqn,40000,87.0,,,,4879.786682128906,0.0,,0.0,0.2063058018684387,,0.0,0.0,0.0,0.0,0,"{""amir"": 0.0, ""anfer"": 0.0}",0.0,0.0,5413.0
021_04_sy2014_ic2_dqn_seed12_50k__sy_2014_seed1,dba09881156539b3ad34cf72ea1cc08db5be74f8018a03a49e1eba481815ff7f,SY,2014,1,dqn,40000,88.0,,,,4977.4114990234375,0.0,,0.0,0.2078858017921447,,0.0,0.0,0.0,0.0,0,"{""amir"": 0.0, ""anfer"": 0.0}",0.0,0.0,5413.0
021_04_sy2014_ic2_dqn_seed12_50k__sy_2014_seed1,dba09881156539b3ad34cf72ea1cc08db5be74f8018a03a49e1eba481815ff7f,SY,2014,1,dqn,40000,89.0,,,,5085.112609863281,0.0,,0.0,0.2074021100997924,,0.0,0.0,0.0,0.0,0,"{""amir"": 0.0, ""anfer"": 0.0}",0.0,0.0,5413.0
021_04_sy2014_ic2_dqn_seed12_50k__sy_2014_seed1,dba09881156539b3ad34cf72ea1cc08db5be74f8018a03a49e1eba481815ff7f,SY,2014,1,dqn,40000,90.0,,,,5241.3385009765625,0.0,,0.0,0.2069751024246215,,0.0,0.0,0.0,0.0,0,"{""amir"": 0.0, ""anfer"": 0.0}",0.0,0.0,5413.0
021_04_sy2014_ic2_dqn_seed12_50k__sy_2014_seed1,dba09881156539b3ad34cf72ea1cc08db5be74f8018a03a49e1eba481815ff7f,SY,2014,1,dqn,40000,91.0,,,,5451.069946289063,0.0,,0.0,0.1990035772323608,,0.0,0.0,0.0,0.0,0,"{""amir"": 0.0, ""anfer"": 0.0}",0.0,0.0,5413.0
021_04_sy2014_ic2_dqn_seed12_50k__sy_2014_seed1,dba09881156539b3ad34cf72ea1cc08db5be74f8018a03a49e1eba481815ff7f,SY,2014,1,dqn,40000,92.0,,,,5487.69775390625,0.0,,0.0,0.1991600394248962,,0.0,0.0,0.0,0.0,0,"{""amir"": 0.0, ""anfer"": 0.0}",0.0,0.0,5413.0
021_04_sy2014_ic2_dqn_seed12_50k__sy_2014_seed1,dba09881156539b3ad34cf72ea1cc08db5be74f8018a03a49e1eba481815ff7f,SY,2014,1,dqn,40000,93.0,,,,5607.0025634765625,0.0,,0.0,0.2037560939788818,,0.0,0.0,0.0,0.0,0,"{""amir"": 0.0, ""anfer"": 0.0}",0.0,0.0,5413.0
021_04_sy2014_ic2_dqn_seed12_50k__sy_2014_seed1,dba09881156539b3ad34cf72ea1cc08db5be74f8018a03a49e1eba481815ff7f,SY,2014,1,dqn,40000,94.0,,,,5807.0977783203125,0.0,,0.0,0.1957767605781555,,0.0,0.0,0.0,0.0,0,"{""amir"": 0.0, ""anfer"": 0.0}",0.0,0.0,5413.0
021_04_sy2014_ic2_dqn_seed12_50k__sy_2014_seed1,dba09881156539b3ad34cf72ea1cc08db5be74f8018a03a49e1eba481815ff7f,SY,2014,1,dqn,40000,95.0,,,,5943.446044921875,0.0,,0.0,0.193587064743042,,0.0,0.0,0.0,0.0,0,"{""amir"": 0.0, ""anfer"": 0.0}",0.0,0.0,5413.0
021_04_sy2014_ic2_dqn_seed12_50k__sy_2014_seed1,dba09881156539b3ad34cf72ea1cc08db5be74f8018a03a49e1eba481815ff7f,SY,2014,1,dqn,40000,96.0,,,,5981.95068359375,0.0,,0.0,0.1946513652801513,,0.0,0.0,0.0,0.0,0,"{""amir"": 0.0, ""anfer"": 0.0}",0.0,0.0,5413.0
021_04_sy2014_ic2_dqn_seed12_50k__sy_2014_seed1,dba09881156539b3ad34cf72ea1cc08db5be74f8018a03a49e1eba481815ff7f,SY,2014,1,dqn,40000,97.0,,,,6194.71435546875,0.0,,0.0,0.1926735043525695,,0.0,0.0,0.0,0.0,0,"{""amir"": 0.0, ""anfer"": 0.0}",0.0,0.0,5413.0
021_04_sy2014_ic2_dqn_seed12_50k__sy_2014_seed1,dba09881156539b3ad34cf72ea1cc08db5be74f8018a03a49e1eba481815ff7f,SY,2014,1,dqn,40000,98.0,,,,6401.778564453125,0.0,,0.0,0.1866742372512817,,0.0,0.0,0.0,0.0,0,"{""amir"": 0.0, ""anfer"": 0.0}",0.0,0.0,5413.0
021_04_sy2014_ic2_dqn_seed12_50k__sy_2014_seed1,dba09881156539b3ad34cf72ea1cc08db5be74f8018a03a49e1eba481815ff7f,SY,2014,1,dqn,40000,99.0,,,,6576.16455078125,0.0,,0.0,0.186535358428955,,0.0,0.0,0.0,0.0,0,"{""amir"": 0.0, ""anfer"": 0.0}",0.0,0.0,5413.0
021_04_sy2014_ic2_dqn_seed12_50k__sy_2014_seed1,dba09881156539b3ad34cf72ea1cc08db5be74f8018a03a49e1eba481815ff7f,SY,2014,1,dqn,40000,100.0,,,,6786.5020751953125,210.3375244140625,,0.0,0.1853732466697693,,0.0,0.0,0.0,0.0,0,"{""amir"": 0.0, ""anfer"": 0.0}",0.0,0.0,5413.0
021_04_sy2014_ic2_dqn_seed12_50k__sy_2014_seed1,dba09881156539b3ad34cf72ea1cc08db5be74f8018a03a49e1eba481815ff7f,SY,2014,1,dqn,40000,101.0,,,,6941.429443359375,365.2651596069336,,0.0,0.1993887424468994,,15.0,0.0,15.0,0.0,1,"{""amir"": 15.0, ""anfer"": 0.0}",-15.0,0.0,5413.0
021_04_sy2014_ic2_dqn_seed12_50k__sy_2014_seed1,dba09881156539b3ad34cf72ea1cc08db5be74f8018a03a49e1eba481815ff7f,SY,2014,1,dqn,40000,102.0,,,,7096.3568115234375,520.192756652832,,0.0,0.2074162364006042,,15.0,0.0,0.0,0.0,2,"{""amir"": 0.0, ""anfer"": 0.0}",0.0,0.0,5413.0
021_04_sy2014_ic2_dqn_seed12_50k__sy_2014_seed1,dba09881156539b3ad34cf72ea1cc08db5be74f8018a03a49e1eba481815ff7f,SY,2014,1,dqn,40000,103.0,,,,7230.9503173828125,654.7860717773438,,0.0,0.2132822275161743,,15.0,0.0,0.0,0.0,2,"{""amir"": 0.0, ""anfer"": 0.0}",0.0,0.0,5413.0
021_04_sy2014_ic2_dqn_seed12_50k__sy_2014_seed1,dba09881156539b3ad34cf72ea1cc08db5be74f8018a03a49e1eba481815ff7f,SY,2014,1,dqn,40000,104.0,,,,7365.5438232421875,789.3794250488281,,0.0,0.2175583839416504,,15.0,0.0,0.0,0.0,2,"{""amir"": 0.0, ""anfer"": 0.0}",0.0,0.0,5413.0
021_04_sy2014_ic2_dqn_seed12_50k__sy_2014_seed1,dba09881156539b3ad34cf72ea1cc08db5be74f8018a03a49e1eba481815ff7f,SY,2014,1,dqn,40000,105.0,,,,7514.661865234375,938.497314453125,,0.0,0.2230547666549682,,15.0,0.0,0.0,0.0,2,"{""amir"": 0.0, ""anfer"": 0.0}",0.0,0.0,5413.0
021_04_sy2014_ic2_dqn_seed12_50k__sy_2014_seed1,dba09881156539b3ad34cf72ea1cc08db5be74f8018a03a49e1eba481815ff7f,SY,2014,1,dqn,40000,106.0,,,,7669.588623046875,1093.4249877929688,,0.0,0.2329134345054626,,15.0,0.0,0.0,0.0,0,"{""amir"": 0.0, ""anfer"": 0.0}",0.0,0.0,5413.0
021_04_sy2014_ic2_dqn_seed12_50k__sy_2014_seed1,dba09881156539b3ad34cf72ea1cc08db5be74f8018a03a49e1eba481815ff7f,SY,2014,1,dqn,40000,107.0,,,,7824.5166015625,1248.3525848388672,,0.0,0.2442324161529541,,15.0,0.0,0.0,0.0,0,"{""amir"": 0.0, ""anfer"": 0.0}",0.0,0.0,5413.0
021_04_sy2014_ic2_dqn_seed12_50k__sy_2014_seed1,dba09881156539b3ad34cf72ea1cc08db5be74f8018a03a49e1eba481815ff7f,SY,2014,1,dqn,40000,108.0,,,,7979.444580078125,1403.2803344726562,,0.0,0.2554948329925537,,15.0,0.0,0.0,0.0,0,"{""amir"": 0.0, ""anfer"": 0.0}",0.0,0.0,5413.0
021_04_sy2014_ic2_dqn_seed12_50k__sy_2014_seed1,dba09881156539b3ad34cf72ea1cc08db5be74f8018a03a49e1eba481815ff7f,SY,2014,1,dqn,40000,109.0,,,,8134.371337890625,1558.2078552246094,,0.0,0.2692528963088989,,15.0,0.0,0.0,0.0,0,"{""amir"": 0.0, ""anfer"": 0.0}",0.0,0.0,5413.0
021_04_sy2014_ic2_dqn_seed12_50k__sy_2014_seed1,dba09881156539b3ad34cf72ea1cc08db5be74f8018a03a49e1eba481815ff7f,SY,2014,1,dqn,40000,110.0,,,,8289.29931640625,1713.1353759765625,,0.0,0.2838088870048523,,15.0,0.0,0.0,0.0,0,"{""amir"": 0.0, ""anfer"": 0.0}",0.0,0.0,5413.0
021_04_sy2014_ic2_dqn_seed12_50k__sy_2014_seed1,dba09881156539b3ad34cf72ea1cc08db5be74f8018a03a49e1eba481815ff7f,SY,2014,1,dqn,40000,111.0,,,,8444.226684570312,1868.062896728516,,0.0,0.2986418604850769,,15.0,0.0,0.0,0.0,0,"{""amir"": 0.0, ""anfer"": 0.0}",0.0,0.0,5413.0
021_04_sy2014_ic2_dqn_seed12_50k__sy_2014_seed1,dba09881156539b3ad34cf72ea1cc08db5be74f8018a03a49e1eba481815ff7f,SY,2014,1,dqn,40000,112.0,,,,8599.154663085938,2022.9905700683596,,0.0,0.314667284488678,,15.0,0.0,0.0,0.0,0,"{""amir"": 0.0, ""anfer"": 0.0}",0.0,0.0,5413.0
021_04_sy2014_ic2_dqn_seed12_50k__sy_2014_seed1,dba09881156539b3ad34cf72ea1cc08db5be74f8018a03a49e1eba481815ff7f,SY,2014,1,dqn,40000,113.0,,,,8738.096313476562,2177.9180908203125,,0.0,0.3311805725097656,,15.0,0.0,0.0,0.0,0,"{""amir"": 0.0, ""anfer"": 0.0}",0.0,0.0,5413.0
021_04_sy2014_ic2_dqn_seed12_50k__sy_2014_seed1,dba09881156539b3ad34cf72ea1cc08db5be74f8018a03a49e1eba481815ff7f,SY,2014,1,dqn,40000,114.0,,,,8909.010009765625,2332.8456115722656,,0.0,0.3486663699150085,,15.0,0.0,0.0,0.0,0,"{""amir"": 0.0, ""anfer"": 0.0}",0.0,0.0,5413.0
021_04_sy2014_ic2_dqn_seed12_50k__sy_2014_seed1,dba09881156539b3ad34cf72ea1cc08db5be74f8018a03a49e1eba481815ff7f,SY,2014,1,dqn,40000,115.0,,,,9063.93798828125,2487.7731323242188,,0.0,0.3644896745681762,,15.0,0.0,0.0,0.0,0,"{""amir"": 0.0, ""anfer"": 0.0}",0.0,0.0,5413.0
021_04_sy2014_ic2_dqn_seed12_50k__sy_2014_seed1,dba09881156539b3ad34cf72ea1cc08db5be74f8018a03a49e1eba481815ff7f,SY,2014,1,dqn,40000,116.0,,,,9161.752319335938,2642.7008056640625,,0.0,0.386799156665802,,15.0,0.0,0.0,0.0,0,"{""amir"": 0.0, ""anfer"": 0.0}",0.0,0.0,5413.0
021_04_sy2014_ic2_dqn_seed12_50k__sy_2014_seed1,dba09881156539b3ad34cf72ea1cc08db5be74f8018a03a49e1eba481815ff7f,SY,2014,1,dqn,40000,117.0,,,,9285.299072265623,2797.628173828125,,0.0,0.4060867428779602,,15.0,0.0,0.0,0.0,0,"{""amir"": 0.0, ""anfer"": 0.0}",0.0,0.0,5413.0
021_04_sy2014_ic2_dqn_seed12_50k__sy_2014_seed1,dba09881156539b3ad34cf72ea1cc08db5be74f8018a03a49e1eba481815ff7f,SY,2014,1,dqn,40000,118.0,,,,9429.480590820312,2952.5558471679688,,0.0,0.4147492051124573,,15.0,0.0,0.0,0.0,0,"{""amir"": 0.0, ""anfer"": 0.0}",0.0,0.0,5413.0
021_04_sy2014_ic2_dqn_seed12_50k__sy_2014_seed1,dba09881156539b3ad34cf72ea1cc08db5be74f8018a03a49e1eba481815ff7f,SY,2014,1,dqn,40000,119.0,,,,9518.106689453123,3107.4835205078125,,0.0,0.4295451045036316,,15.0,0.0,0.0,0.0,0,"{""amir"": 0.0, ""anfer"": 0.0}",0.0,0.0,5413.0
021_04_sy2014_ic2_dqn_seed12_50k__sy_2014_seed1,dba09881156539b3ad34cf72ea1cc08db5be74f8018a03a49e1eba481815ff7f,SY,2014,1,dqn,40000,120.0,,,,9594.160766601562,3262.411193847656,,0.0,0.4485793709754944,,15.0,0.0,0.0,0.0,0,"{""amir"": 0.0, ""anfer"": 0.0}",0.0,0.0,5413.0
021_04_sy2014_ic2_dqn_seed12_50k__sy_2014_seed1,dba09881156539b3ad34cf72ea1cc08db5be74f8018a03a49e1eba481815ff7f,SY,2014,1,dqn,40000,121.0,,,,9709.745483398438,3417.3388671875,,0.0,0.4586444497108459,,15.0,0.0,0.0,0.0,0,"{""amir"": 0.0, ""anfer"": 0.0}",0.0,0.0,5413.0
021_04_sy2014_ic2_dqn_seed12_50k__sy_2014_seed1,dba09881156539b3ad34cf72ea1cc08db5be74f8018a03a49e1eba481815ff7f,SY,2014,1,dqn,40000,122.0,,,,9825.747680664062,3572.266540527344,,0.0,0.4655076265335083,,15.0,0.0,0.0,0.0,0,"{""amir"": 0.0, ""anfer"": 0.0}",0.0,0.0,5413.0
021_04_sy2014_ic2_dqn_seed12_50k__sy_2014_seed1,dba09881156539b3ad34cf72ea1cc08db5be74f8018a03a49e1eba481815ff7f,SY,2014,1,dqn,40000,123.0,,,,9883.240356445312,3727.194213867188,,0.0,0.4821934103965759,,15.0,0.0,0.0,0.0,0,"{""amir"": 0.0, ""anfer"": 0.0}",0.0,0.0,5413.0
021_04_sy2014_ic2_dqn_seed12_50k__sy_2014_seed1,dba09881156539b3ad34cf72ea1cc08db5be74f8018a03a49e1eba481815ff7f,SY,2014,1,dqn,40000,124.0,,,,9964.111938476562,3882.122192382813,,0.0,0.4979904890060425,,15.0,0.0,0.0,0.0,0,"{""amir"": 0.0, ""anfer"": 0.0}",0.0,0.0,5413.0
021_04_sy2014_ic2_dqn_seed12_50k__sy_2014_seed1,dba09881156539b3ad34cf72ea1cc08db5be74f8018a03a49e1eba481815ff7f,SY,2014,1,dqn,40000,125.0,,,,10005.67626953125,4037.049865722656,,0.0,0.5042039752006531,,15.0,0.0,0.0,0.0,0,"{""amir"": 0.0, ""anfer"": 0.0}",0.0,0.0,5413.0
021_04_sy2014_ic2_dqn_seed12_50k__sy_2014_seed1,dba09881156539b3ad34cf72ea1cc08db5be74f8018a03a49e1eba481815ff7f,SY,2014,1,dqn,40000,126.0,,,,10061.307373046877,4191.9775390625,,0.0,0.5144540071487427,,15.0,0.0,0.0,0.0,0,"{""amir"": 0.0, ""anfer"": 0.0}",0.0,0.0,5413.0
021_04_sy2014_ic2_dqn_seed12_50k__sy_2014_seed1,dba09881156539b3ad34cf72ea1cc08db5be74f8018a03a49e1eba481815ff7f,SY,2014,1,dqn,40000,127.0,,,,10091.83349609375,4346.905212402344,,0.0,0.5188825130462646,,15.0,0.0,0.0,0.0,0,"{""amir"": 0.0, ""anfer"": 0.0}",0.0,0.0,5413.0
021_04_sy2014_ic2_dqn_seed12_50k__sy_2014_seed1,dba09881156539b3ad34cf72ea1cc08db5be74f8018a03a49e1eba481815ff7f,SY,2014,1,dqn,40000,128.0,,,,10183.605346679688,4501.833190917969,,0.0,0.5269706845283508,,15.0,0.0,0.0,0.0,1,"{""amir"": 0.0, ""anfer"": 0.0}",0.0,0.0,5413.0
021_04_sy2014_ic2_dqn_seed12_50k__sy_2014_seed1,dba09881156539b3ad34cf72ea1cc08db5be74f8018a03a49e1eba481815ff7f,SY,2014,1,dqn,40000,129.0,,,,10268.19091796875,4656.7608642578125,,0.0,0.5300766825675964,,15.0,0.0,0.0,0.0,1,"{""amir"": 0.0, ""anfer"": 0.0}",0.0,0.0,5413.0
021_04_sy2014_ic2_dqn_seed12_50k__sy_2014_seed1,dba09881156539b3ad34cf72ea1cc08db5be74f8018a03a49e1eba481815ff7f,SY,2014,1,dqn,40000,130.0,,,,10330.926513671877,4811.688537597656,,0.0,0.5506537556648254,,15.0,0.0,0.0,0.0,1,"{""amir"": 0.0, ""anfer"": 0.0}",0.0,0.0,5413.0
021_04_sy2014_ic2_dqn_seed12_50k__sy_2014_seed1,dba09881156539b3ad34cf72ea1cc08db5be74f8018a03a49e1eba481815ff7f,SY,2014,1,dqn,40000,131.0,,,,10390.675048828123,4966.6162109375,,0.0,0.5703561902046204,,15.0,0.0,0.0,0.0,1,"{""amir"": 0.0, ""anfer"": 0.0}",0.0,0.0,5413.0
021_04_sy2014_ic2_dqn_seed12_50k__sy_2014_seed1,dba09881156539b3ad34cf72ea1cc08db5be74f8018a03a49e1eba481815ff7f,SY,2014,1,dqn,40000,132.0,,,,10459.136962890623,5121.544189453125,,0.0,0.5851848125457764,,15.0,0.0,0.0,0.0,1,"{""amir"": 0.0, ""anfer"": 0.0}",0.0,0.0,5413.0
021_04_sy2014_ic2_dqn_seed12_50k__sy_2014_seed1,dba09881156539b3ad34cf72ea1cc08db5be74f8018a03a49e1eba481815ff7f,SY,2014,1,dqn,40000,133.0,,,,10523.477783203123,5276.471557617188,,0.0,0.5978410243988037,,15.0,0.0,0.0,0.0,1,"{""amir"": 0.0, ""anfer"": 0.0}",0.0,0.0,5413.0
021_04_sy2014_ic2_dqn_seed12_50k__sy_2014_seed1,dba09881156539b3ad34cf72ea1cc08db5be74f8018a03a49e1eba481815ff7f,SY,2014,1,dqn,40000,134.0,,,,10526.0400390625,5330.7525634765625,,0.0,0.6091234087944031,,15.0,0.0,0.0,0.0,1,"{""amir"": 0.0, ""anfer"": 0.0}",0.0,0.0,5413.0
021_04_sy2014_ic2_dqn_seed12_50k__sy_2014_seed1,dba09881156539b3ad34cf72ea1cc08db5be74f8018a03a49e1eba481815ff7f,SY,2014,1,dqn,40000,135.0,,,,10568.106689453123,5372.819213867188,,0.0,0.5924807786941528,,15.0,0.0,0.0,0.0,1,"{""amir"": 0.0, ""anfer"": 0.0}",0.0,0.0,5413.0
021_04_sy2014_ic2_dqn_seed12_50k__sy_2014_seed1,dba09881156539b3ad34cf72ea1cc08db5be74f8018a03a49e1eba481815ff7f,SY,2014,1,dqn,40000,136.0,,,,10608.101806640623,5412.81494140625,,0.0,0.5853001773357391,,15.0,0.0,0.0,0.0,1,"{""amir"": 0.0, ""anfer"": 0.0}",0.0,0.0,5413.0
021_04_sy2014_ic2_dqn_seed12_50k__sy_2014_seed1,dba09881156539b3ad34cf72ea1cc08db5be74f8018a03a49e1eba481815ff7f,SY,2014,1,dqn,40000,137.0,,,,10608.101806640623,5412.81494140625,,0.0,0.5948225855827332,,15.0,0.0,0.0,0.0,1,"{""amir"": 0.0, ""anfer"": 0.0}",0.0,0.0,5413.0
021_04_sy2014_ic2_dqn_seed12_50k__sy_2014_seed1,dba09881156539b3ad34cf72ea1cc08db5be74f8018a03a49e1eba481815ff7f,SY,2014,1,dqn,40000,138.0,,,,10608.101806640623,5412.81494140625,,0.0,0.5948225855827332,,15.0,0.0,0.0,0.0,1,"{""amir"": 0.0, ""anfer"": 0.0}",0.0,0.0,5413.0
021_04_sy2014_ic2_dqn_seed12_50k__sy_2014_seed1,dba09881156539b3ad34cf72ea1cc08db5be74f8018a03a49e1eba481815ff7f,SY,2014,1,dqn,40000,139.0,,,,10608.101806640623,5412.81494140625,,0.0,0.5948225855827332,,15.0,0.0,0.0,0.0,1,"{""amir"": 0.0, ""anfer"": 0.0}",0.0,0.0,5413.0
021_04_sy2014_ic2_dqn_seed12_50k__sy_2014_seed1,dba09881156539b3ad34cf72ea1cc08db5be74f8018a03a49e1eba481815ff7f,SY,2014,1,dqn,40000,139.0,,,,10608.101806640623,5412.81494140625,,0.0,0.5948225855827332,,15.0,0.0,0.0,0.0,1,"{""amir"": 0.0, ""anfer"": 0.0}",4.81494140625,4.81494140625,5413.0
021_04_sy2014_ic2_dqn_seed12_50k__sy_2014_seed1,dba09881156539b3ad34cf72ea1cc08db5be74f8018a03a49e1eba481815ff7f,SY,2014,1,dqn,45000,0.0,,,,0.0,0.0,,0.0,0.0,,0.0,0.0,0.0,0.0,4,"{""amir"": 0.0, ""anfer"": 0.0}",0.0,0.0,5507.0
021_04_sy2014_ic2_dqn_seed12_50k__sy_2014_seed1,dba09881156539b3ad34cf72ea1cc08db5be74f8018a03a49e1eba481815ff7f,SY,2014,1,dqn,45000,0.0,,,,0.0,0.0,,0.0,0.0,,0.0,0.0,0.0,0.0,2,"{""amir"": 0.0, ""anfer"": 0.0}",0.0,0.0,5507.0
021_04_sy2014_ic2_dqn_seed12_50k__sy_2014_seed1,dba09881156539b3ad34cf72ea1cc08db5be74f8018a03a49e1eba481815ff7f,SY,2014,1,dqn,45000,0.0,,,,0.0,0.0,,0.0,0.0,,0.0,0.0,0.0,0.0,5,"{""amir"": 0.0, ""anfer"": 0.0}",0.0,0.0,5507.0
021_04_sy2014_ic2_dqn_seed12_50k__sy_2014_seed1,dba09881156539b3ad34cf72ea1cc08db5be74f8018a03a49e1eba481815ff7f,SY,2014,1,dqn,45000,0.0,,,,0.0,0.0,,0.0,0.0,,0.0,0.0,0.0,0.0,4,"{""amir"": 0.0, ""anfer"": 0.0}",0.0,0.0,5507.0
021_04_sy2014_ic2_dqn_seed12_50k__sy_2014_seed1,dba09881156539b3ad34cf72ea1cc08db5be74f8018a03a49e1eba481815ff7f,SY,2014,1,dqn,45000,0.0,,,,0.0,0.0,,0.0,0.0,,0.0,0.0,0.0,0.0,5,"{""amir"": 0.0, ""anfer"": 0.0}",0.0,0.0,5507.0
021_04_sy2014_ic2_dqn_seed12_50k__sy_2014_seed1,dba09881156539b3ad34cf72ea1cc08db5be74f8018a03a49e1eba481815ff7f,SY,2014,1,dqn,45000,0.0,,,,0.0,0.0,,0.0,0.0,,0.0,0.0,0.0,0.0,5,"{""amir"": 0.0, ""anfer"": 0.0}",0.0,0.0,5507.0
021_04_sy2014_ic2_dqn_seed12_50k__sy_2014_seed1,dba09881156539b3ad34cf72ea1cc08db5be74f8018a03a49e1eba481815ff7f,SY,2014,1,dqn,45000,0.0,,,,0.0,0.0,,0.0,0.0,,0.0,0.0,0.0,0.0,2,"{""amir"": 0.0, ""anfer"": 0.0}",0.0,0.0,5507.0
021_04_sy2014_ic2_dqn_seed12_50k__sy_2014_seed1,dba09881156539b3ad34cf72ea1cc08db5be74f8018a03a49e1eba481815ff7f,SY,2014,1,dqn,45000,0.0,,,,0.0,0.0,,0.0,0.0,,0.0,0.0,0.0,0.0,2,"{""amir"": 0.0, ""anfer"": 0.0}",0.0,0.0,5507.0
021_04_sy2014_ic2_dqn_seed12_50k__sy_2014_seed1,dba09881156539b3ad34cf72ea1cc08db5be74f8018a03a49e1eba481815ff7f,SY,2014,1,dqn,45000,0.0,,,,0.0,0.0,,0.0,0.0,,0.0,0.0,0.0,0.0,2,"{""amir"": 0.0, ""anfer"": 0.0}",0.0,0.0,5507.0
021_04_sy2014_ic2_dqn_seed12_50k__sy_2014_seed1,dba09881156539b3ad34cf72ea1cc08db5be74f8018a03a49e1eba481815ff7f,SY,2014,1,dqn,45000,0.0,,,,0.0,0.0,,0.0,0.0,,0.0,0.0,0.0,0.0,5,"{""amir"": 0.0, ""anfer"": 0.0}",0.0,0.0,5507.0
021_04_sy2014_ic2_dqn_seed12_50k__sy_2014_seed1,dba09881156539b3ad34cf72ea1cc08db5be74f8018a03a49e1eba481815ff7f,SY,2014,1,dqn,45000,0.0,,,,0.0,0.0,,0.0,0.0,,0.0,0.0,0.0,0.0,2,"{""amir"": 0.0, ""anfer"": 0.0}",0.0,0.0,5507.0
021_04_sy2014_ic2_dqn_seed12_50k__sy_2014_seed1,dba09881156539b3ad34cf72ea1cc08db5be74f8018a03a49e1eba481815ff7f,SY,2014,1,dqn,45000,0.0,,,,0.0,0.0,,0.0,0.0,,0.0,0.0,0.0,0.0,2,"{""amir"": 0.0, ""anfer"": 0.0}",0.0,0.0,5507.0
021_04_sy2014_ic2_dqn_seed12_50k__sy_2014_seed1,dba09881156539b3ad34cf72ea1cc08db5be74f8018a03a49e1eba481815ff7f,SY,2014,1,dqn,45000,0.0,,,,0.0,0.0,,0.0,0.0,,0.0,0.0,0.0,0.0,2,"{""amir"": 0.0, ""anfer"": 0.0}",0.0,0.0,5507.0
021_04_sy2014_ic2_dqn_seed12_50k__sy_2014_seed1,dba09881156539b3ad34cf72ea1cc08db5be74f8018a03a49e1eba481815ff7f,SY,2014,1,dqn,45000,0.0,,,,0.0,0.0,,0.0,0.0,,0.0,0.0,0.0,0.0,2,"{""amir"": 0.0, ""anfer"": 0.0}",0.0,0.0,5507.0
021_04_sy2014_ic2_dqn_seed12_50k__sy_2014_seed1,dba09881156539b3ad34cf72ea1cc08db5be74f8018a03a49e1eba481815ff7f,SY,2014,1,dqn,45000,0.0,,,,0.0,0.0,,0.0,0.0,,0.0,0.0,0.0,0.0,2,"{""amir"": 0.0, ""anfer"": 0.0}",0.0,0.0,5507.0
021_04_sy2014_ic2_dqn_seed12_50k__sy_2014_seed1,dba09881156539b3ad34cf72ea1cc08db5be74f8018a03a49e1eba481815ff7f,SY,2014,1,dqn,45000,0.0,,,,0.0,0.0,,0.0,0.0,,0.0,0.0,0.0,0.0,2,"{""amir"": 0.0, ""anfer"": 0.0}",0.0,0.0,5507.0
021_04_sy2014_ic2_dqn_seed12_50k__sy_2014_seed1,dba09881156539b3ad34cf72ea1cc08db5be74f8018a03a49e1eba481815ff7f,SY,2014,1,dqn,45000,0.0,,,,0.0,0.0,,0.0,0.0,,0.0,0.0,0.0,0.0,2,"{""amir"": 0.0, ""anfer"": 0.0}",0.0,0.0,5507.0
021_04_sy2014_ic2_dqn_seed12_50k__sy_2014_seed1,dba09881156539b3ad34cf72ea1cc08db5be74f8018a03a49e1eba481815ff7f,SY,2014,1,dqn,45000,0.0,,,,0.0,0.0,,0.0,0.0,,0.0,0.0,0.0,0.0,5,"{""amir"": 0.0, ""anfer"": 0.0}",0.0,0.0,5507.0
021_04_sy2014_ic2_dqn_seed12_50k__sy_2014_seed1,dba09881156539b3ad34cf72ea1cc08db5be74f8018a03a49e1eba481815ff7f,SY,2014,1,dqn,45000,0.0,,,,0.0,0.0,,0.0,0.0,,0.0,0.0,0.0,0.0,2,"{""amir"": 0.0, ""anfer"": 0.0}",0.0,0.0,5507.0
021_04_sy2014_ic2_dqn_seed12_50k__sy_2014_seed1,dba09881156539b3ad34cf72ea1cc08db5be74f8018a03a49e1eba481815ff7f,SY,2014,1,dqn,45000,0.0,,,,0.0,0.0,,0.0,0.0,,0.0,0.0,0.0,0.0,2,"{""amir"": 0.0, ""anfer"": 0.0}",0.0,0.0,5507.0
021_04_sy2014_ic2_dqn_seed12_50k__sy_2014_seed1,dba09881156539b3ad34cf72ea1cc08db5be74f8018a03a49e1eba481815ff7f,SY,2014,1,dqn,45000,1.0,,,,0.0,0.0,,0.0,0.0,,0.0,0.0,0.0,0.0,2,"{""amir"": 0.0, ""anfer"": 0.0}",0.0,0.0,5507.0
021_04_sy2014_ic2_dqn_seed12_50k__sy_2014_seed1,dba09881156539b3ad34cf72ea1cc08db5be74f8018a03a49e1eba481815ff7f,SY,2014,1,dqn,45000,2.0,,,,0.0,0.0,,0.0,0.0,,0.0,0.0,0.0,0.0,0,"{""amir"": 0.0, ""anfer"": 0.0}",0.0,0.0,5507.0
021_04_sy2014_ic2_dqn_seed12_50k__sy_2014_seed1,dba09881156539b3ad34cf72ea1cc08db5be74f8018a03a49e1eba481815ff7f,SY,2014,1,dqn,45000,3.0,,,,0.0,0.0,,0.0,0.0,,0.0,0.0,0.0,0.0,0,"{""amir"": 0.0, ""anfer"": 0.0}",0.0,0.0,5507.0
021_04_sy2014_ic2_dqn_seed12_50k__sy_2014_seed1,dba09881156539b3ad34cf72ea1cc08db5be74f8018a03a49e1eba481815ff7f,SY,2014,1,dqn,45000,4.0,,,,0.0,0.0,,0.0,0.0,,0.0,0.0,0.0,0.0,0,"{""amir"": 0.0, ""anfer"": 0.0}",0.0,0.0,5507.0
021_04_sy2014_ic2_dqn_seed12_50k__sy_2014_seed1,dba09881156539b3ad34cf72ea1cc08db5be74f8018a03a49e1eba481815ff7f,SY,2014,1,dqn,45000,5.0,,,,0.0,0.0,,0.0,0.0,,0.0,0.0,0.0,0.0,0,"{""amir"": 0.0, ""anfer"": 0.0}",0.0,0.0,5507.0
021_04_sy2014_ic2_dqn_seed12_50k__sy_2014_seed1,dba09881156539b3ad34cf72ea1cc08db5be74f8018a03a49e1eba481815ff7f,SY,2014,1,dqn,45000,6.0,,,,0.0,0.0,,0.0,0.0,,0.0,0.0,0.0,0.0,0,"{""amir"": 0.0, ""anfer"": 0.0}",0.0,0.0,5507.0
021_04_sy2014_ic2_dqn_seed12_50k__sy_2014_seed1,dba09881156539b3ad34cf72ea1cc08db5be74f8018a03a49e1eba481815ff7f,SY,2014,1,dqn,45000,7.0,,,,0.0,0.0,,0.0,0.0,,0.0,0.0,0.0,0.0,0,"{""amir"": 0.0, ""anfer"": 0.0}",0.0,0.0,5507.0
021_04_sy2014_ic2_dqn_seed12_50k__sy_2014_seed1,dba09881156539b3ad34cf72ea1cc08db5be74f8018a03a49e1eba481815ff7f,SY,2014,1,dqn,45000,8.0,,,,0.0,0.0,,0.0,0.0,,0.0,0.0,0.0,0.0,0,"{""amir"": 0.0, ""anfer"": 0.0}",0.0,0.0,5507.0
021_04_sy2014_ic2_dqn_seed12_50k__sy_2014_seed1,dba09881156539b3ad34cf72ea1cc08db5be74f8018a03a49e1eba481815ff7f,SY,2014,1,dqn,45000,9.0,,,,0.0,0.0,,0.0,0.0,,0.0,0.0,0.0,0.0,0,"{""amir"": 0.0, ""anfer"": 0.0}",0.0,0.0,5507.0
021_04_sy2014_ic2_dqn_seed12_50k__sy_2014_seed1,dba09881156539b3ad34cf72ea1cc08db5be74f8018a03a49e1eba481815ff7f,SY,2014,1,dqn,45000,10.0,,,,19.200000762939453,0.0,,0.0,0.0121910572052001,,0.0,0.0,0.0,0.0,0,"{""amir"": 0.0, ""anfer"": 0.0}",0.0,0.0,5507.0
021_04_sy2014_ic2_dqn_seed12_50k__sy_2014_seed1,dba09881156539b3ad34cf72ea1cc08db5be74f8018a03a49e1eba481815ff7f,SY,2014,1,dqn,45000,11.0,,,,19.200000762939453,0.0,,0.0,0.011216402053833,,0.0,0.0,0.0,0.0,0,"{""amir"": 0.0, ""anfer"": 0.0}",0.0,0.0,5507.0
021_04_sy2014_ic2_dqn_seed12_50k__sy_2014_seed1,dba09881156539b3ad34cf72ea1cc08db5be74f8018a03a49e1eba481815ff7f,SY,2014,1,dqn,45000,12.0,,,,19.200000762939453,0.0,,0.0,0.0090978145599365,,0.0,0.0,0.0,0.0,0,"{""amir"": 0.0, ""anfer"": 0.0}",0.0,0.0,5507.0
021_04_sy2014_ic2_dqn_seed12_50k__sy_2014_seed1,dba09881156539b3ad34cf72ea1cc08db5be74f8018a03a49e1eba481815ff7f,SY,2014,1,dqn,45000,13.0,,,,19.200000762939453,0.0,,0.0,0.0069259405136108,,0.0,0.0,0.0,0.0,0,"{""amir"": 0.0, ""anfer"": 0.0}",0.0,0.0,5507.0
021_04_sy2014_ic2_dqn_seed12_50k__sy_2014_seed1,dba09881156539b3ad34cf72ea1cc08db5be74f8018a03a49e1eba481815ff7f,SY,2014,1,dqn,45000,14.0,,,,19.200000762939453,0.0,,0.0,0.006073772907257,,0.0,0.0,0.0,0.0,0,"{""amir"": 0.0, ""anfer"": 0.0}",0.0,0.0,5507.0
021_04_sy2014_ic2_dqn_seed12_50k__sy_2014_seed1,dba09881156539b3ad34cf72ea1cc08db5be74f8018a03a49e1eba481815ff7f,SY,2014,1,dqn,45000,15.0,,,,19.200000762939453,0.0,,0.0,0.0052758455276489,,0.0,0.0,0.0,0.0,0,"{""amir"": 0.0, ""anfer"": 0.0}",0.0,0.0,5507.0
021_04_sy2014_ic2_dqn_seed12_50k__sy_2014_seed1,dba09881156539b3ad34cf72ea1cc08db5be74f8018a03a49e1eba481815ff7f,SY,2014,1,dqn,45000,16.0,,,,19.200000762939453,0.0,,0.0,0.0030127763748168,,0.0,0.0,0.0,0.0,0,"{""amir"": 0.0, ""anfer"": 0.0}",0.0,0.0,5507.0
021_04_sy2014_ic2_dqn_seed12_50k__sy_2014_seed1,dba09881156539b3ad34cf72ea1cc08db5be74f8018a03a49e1eba481815ff7f,SY,2014,1,dqn,45000,17.0,,,,19.200000762939453,0.0,,0.0,0.0017459988594055,,0.0,0.0,0.0,0.0,0,"{""amir"": 0.0, ""anfer"": 0.0}",0.0,0.0,5507.0
021_04_sy2014_ic2_dqn_seed12_50k__sy_2014_seed1,dba09881156539b3ad34cf72ea1cc08db5be74f8018a03a49e1eba481815ff7f,SY,2014,1,dqn,45000,18.0,,,,19.200000762939453,0.0,,0.0,0.0,,0.0,0.0,0.0,0.0,0,"{""amir"": 0.0, ""anfer"": 0.0}",0.0,0.0,5507.0
021_04_sy2014_ic2_dqn_seed12_50k__sy_2014_seed1,dba09881156539b3ad34cf72ea1cc08db5be74f8018a03a49e1eba481815ff7f,SY,2014,1,dqn,45000,19.0,,,,19.200000762939453,0.0,,0.0,0.0,,0.0,0.0,0.0,0.0,0,"{""amir"": 0.0, ""anfer"": 0.0}",0.0,0.0,5507.0
021_04_sy2014_ic2_dqn_seed12_50k__sy_2014_seed1,dba09881156539b3ad34cf72ea1cc08db5be74f8018a03a49e1eba481815ff7f,SY,2014,1,dqn,45000,20.0,,,,19.200000762939453,0.0,,0.0,0.0,,0.0,0.0,0.0,0.0,0,"{""amir"": 0.0, ""anfer"": 0.0}",0.0,0.0,5507.0
021_04_sy2014_ic2_dqn_seed12_50k__sy_2014_seed1,dba09881156539b3ad34cf72ea1cc08db5be74f8018a03a49e1eba481815ff7f,SY,2014,1,dqn,45000,21.0,,,,19.200000762939453,0.0,,0.0,0.0,,0.0,0.0,0.0,0.0,0,"{""amir"": 0.0, ""anfer"": 0.0}",0.0,0.0,5507.0
021_04_sy2014_ic2_dqn_seed12_50k__sy_2014_seed1,dba09881156539b3ad34cf72ea1cc08db5be74f8018a03a49e1eba481815ff7f,SY,2014,1,dqn,45000,22.0,,,,19.200000762939453,0.0,,0.0,0.0,,0.0,0.0,0.0,0.0,0,"{""amir"": 0.0, ""anfer"": 0.0}",0.0,0.0,5507.0
021_04_sy2014_ic2_dqn_seed12_50k__sy_2014_seed1,dba09881156539b3ad34cf72ea1cc08db5be74f8018a03a49e1eba481815ff7f,SY,2014,1,dqn,45000,23.0,,,,19.200000762939453,0.0,,0.0,0.0,,0.0,0.0,0.0,0.0,0,"{""amir"": 0.0, ""anfer"": 0.0}",0.0,0.0,5507.0
021_04_sy2014_ic2_dqn_seed12_50k__sy_2014_seed1,dba09881156539b3ad34cf72ea1cc08db5be74f8018a03a49e1eba481815ff7f,SY,2014,1,dqn,45000,24.0,,,,19.200000762939453,0.0,,0.0,0.0,,0.0,0.0,0.0,0.0,0,"{""amir"": 0.0, ""anfer"": 0.0}",0.0,0.0,5507.0
021_04_sy2014_ic2_dqn_seed12_50k__sy_2014_seed1,dba09881156539b3ad34cf72ea1cc08db5be74f8018a03a49e1eba481815ff7f,SY,2014,1,dqn,45000,25.0,,,,19.200000762939453,0.0,,0.0,0.0,,0.0,0.0,0.0,0.0,0,"{""amir"": 0.0, ""anfer"": 0.0}",0.0,0.0,5507.0
021_04_sy2014_ic2_dqn_seed12_50k__sy_2014_seed1,dba09881156539b3ad34cf72ea1cc08db5be74f8018a03a49e1eba481815ff7f,SY,2014,1,dqn,45000,26.0,,,,21.344969272613525,0.0,,0.0,0.0,,0.0,0.0,0.0,0.0,0,"{""amir"": 0.0, ""anfer"": 0.0}",0.0,0.0,5507.0
021_04_sy2014_ic2_dqn_seed12_50k__sy_2014_seed1,dba09881156539b3ad34cf72ea1cc08db5be74f8018a03a49e1eba481815ff7f,SY,2014,1,dqn,45000,27.0,,,,24.753751754760746,0.0,,0.0,0.0,,0.0,0.0,0.0,0.0,0,"{""amir"": 0.0, ""anfer"": 0.0}",0.0,0.0,5507.0
021_04_sy2014_ic2_dqn_seed12_50k__sy_2014_seed1,dba09881156539b3ad34cf72ea1cc08db5be74f8018a03a49e1eba481815ff7f,SY,2014,1,dqn,45000,28.0,,,,29.73308563232422,0.0,,0.0,0.0,,0.0,0.0,0.0,0.0,0,"{""amir"": 0.0, ""anfer"": 0.0}",0.0,0.0,5507.0
021_04_sy2014_ic2_dqn_seed12_50k__sy_2014_seed1,dba09881156539b3ad34cf72ea1cc08db5be74f8018a03a49e1eba481815ff7f,SY,2014,1,dqn,45000,29.0,,,,33.97267818450928,0.0,,0.0,0.0,,0.0,0.0,0.0,0.0,0,"{""amir"": 0.0, ""anfer"": 0.0}",0.0,0.0,5507.0
021_04_sy2014_ic2_dqn_seed12_50k__sy_2014_seed1,dba09881156539b3ad34cf72ea1cc08db5be74f8018a03a49e1eba481815ff7f,SY,2014,1,dqn,45000,30.0,,,,37.713940143585205,0.0,,0.0,0.0,,0.0,0.0,0.0,0.0,0,"{""amir"": 0.0, ""anfer"": 0.0}",0.0,0.0,5507.0
021_04_sy2014_ic2_dqn_seed12_50k__sy_2014_seed1,dba09881156539b3ad34cf72ea1cc08db5be74f8018a03a49e1eba481815ff7f,SY,2014,1,dqn,45000,31.0,,,,45.03967761993408,0.0,,0.0,0.0,,0.0,0.0,0.0,0.0,0,"{""amir"": 0.0, ""anfer"": 0.0}",0.0,0.0,5507.0
021_04_sy2014_ic2_dqn_seed12_50k__sy_2014_seed1,dba09881156539b3ad34cf72ea1cc08db5be74f8018a03a49e1eba481815ff7f,SY,2014,1,dqn,45000,32.0,,,,52.25168704986572,0.0,,0.0,0.0,,0.0,0.0,0.0,0.0,0,"{""amir"": 0.0, ""anfer"": 0.0}",0.0,0.0,5507.0
021_04_sy2014_ic2_dqn_seed12_50k__sy_2014_seed1,dba09881156539b3ad34cf72ea1cc08db5be74f8018a03a49e1eba481815ff7f,SY,2014,1,dqn,45000,33.0,,,,62.70843029022217,0.0,,0.0,0.0,,0.0,0.0,0.0,0.0,0,"{""amir"": 0.0, ""anfer"": 0.0}",0.0,0.0,5507.0
021_04_sy2014_ic2_dqn_seed12_50k__sy_2014_seed1,dba09881156539b3ad34cf72ea1cc08db5be74f8018a03a49e1eba481815ff7f,SY,2014,1,dqn,45000,34.0,,,,71.75473690032959,0.0,,0.0,0.0,,0.0,0.0,0.0,0.0,0,"{""amir"": 0.0, ""anfer"": 0.0}",0.0,0.0,5507.0
021_04_sy2014_ic2_dqn_seed12_50k__sy_2014_seed1,dba09881156539b3ad34cf72ea1cc08db5be74f8018a03a49e1eba481815ff7f,SY,2014,1,dqn,45000,35.0,,,,74.65672969818115,0.0,,0.0,0.0,,0.0,0.0,0.0,0.0,0,"{""amir"": 0.0, ""anfer"": 0.0}",0.0,0.0,5507.0
021_04_sy2014_ic2_dqn_seed12_50k__sy_2014_seed1,dba09881156539b3ad34cf72ea1cc08db5be74f8018a03a49e1eba481815ff7f,SY,2014,1,dqn,45000,36.0,,,,87.41036415100098,0.0,,0.0,0.0017406940460205,,0.0,0.0,0.0,0.0,0,"{""amir"": 0.0, ""anfer"": 0.0}",0.0,0.0,5507.0
021_04_sy2014_ic2_dqn_seed12_50k__sy_2014_seed1,dba09881156539b3ad34cf72ea1cc08db5be74f8018a03a49e1eba481815ff7f,SY,2014,1,dqn,45000,37.0,,,,103.39940071105956,0.0,,0.0,0.0,,0.0,0.0,0.0,0.0,0,"{""amir"": 0.0, ""anfer"": 0.0}",0.0,0.0,5507.0
021_04_sy2014_ic2_dqn_seed12_50k__sy_2014_seed1,dba09881156539b3ad34cf72ea1cc08db5be74f8018a03a49e1eba481815ff7f,SY,2014,1,dqn,45000,38.0,,,,123.37764739990234,0.0,,0.0,0.0,,0.0,0.0,0.0,0.0,0,"{""amir"": 0.0, ""anfer"": 0.0}",0.0,0.0,5507.0
021_04_sy2014_ic2_dqn_seed12_50k__sy_2014_seed1,dba09881156539b3ad34cf72ea1cc08db5be74f8018a03a49e1eba481815ff7f,SY,2014,1,dqn,45000,39.0,,,,148.9447784423828,0.0,,0.0,0.0,,0.0,0.0,0.0,0.0,0,"{""amir"": 0.0, ""anfer"": 0.0}",0.0,0.0,5507.0
021_04_sy2014_ic2_dqn_seed12_50k__sy_2014_seed1,dba09881156539b3ad34cf72ea1cc08db5be74f8018a03a49e1eba481815ff7f,SY,2014,1,dqn,45000,40.0,,,,178.76474380493164,0.0,,0.0,0.0,,0.0,0.0,0.0,0.0,0,"{""amir"": 0.0, ""anfer"": 0.0}",0.0,0.0,5507.0
021_04_sy2014_ic2_dqn_seed12_50k__sy_2014_seed1,dba09881156539b3ad34cf72ea1cc08db5be74f8018a03a49e1eba481815ff7f,SY,2014,1,dqn,45000,41.0,,,,216.6964530944824,0.0,,0.0,0.0,,0.0,0.0,0.0,0.0,0,"{""amir"": 0.0, ""anfer"": 0.0}",0.0,0.0,5507.0
021_04_sy2014_ic2_dqn_seed12_50k__sy_2014_seed1,dba09881156539b3ad34cf72ea1cc08db5be74f8018a03a49e1eba481815ff7f,SY,2014,1,dqn,45000,42.0,,,,254.9726104736328,0.0,,0.0,0.0,,0.0,0.0,0.0,0.0,0,"{""amir"": 0.0, ""anfer"": 0.0}",0.0,0.0,5507.0
021_04_sy2014_ic2_dqn_seed12_50k__sy_2014_seed1,dba09881156539b3ad34cf72ea1cc08db5be74f8018a03a49e1eba481815ff7f,SY,2014,1,dqn,45000,43.0,,,,290.72134017944336,0.0,,0.0,0.0,,0.0,0.0,0.0,0.0,0,"{""amir"": 0.0, ""anfer"": 0.0}",0.0,0.0,5507.0
021_04_sy2014_ic2_dqn_seed12_50k__sy_2014_seed1,dba09881156539b3ad34cf72ea1cc08db5be74f8018a03a49e1eba481815ff7f,SY,2014,1,dqn,45000,44.0,,,,331.7587280273437,0.0,,0.0,0.0,,0.0,0.0,0.0,0.0,0,"{""amir"": 0.0, ""anfer"": 0.0}",0.0,0.0,5507.0
021_04_sy2014_ic2_dqn_seed12_50k__sy_2014_seed1,dba09881156539b3ad34cf72ea1cc08db5be74f8018a03a49e1eba481815ff7f,SY,2014,1,dqn,45000,45.0,,,,379.79591369628906,0.0,,0.0,0.0,,0.0,0.0,0.0,0.0,0,"{""amir"": 0.0, ""anfer"": 0.0}",0.0,0.0,5507.0
021_04_sy2014_ic2_dqn_seed12_50k__sy_2014_seed1,dba09881156539b3ad34cf72ea1cc08db5be74f8018a03a49e1eba481815ff7f,SY,2014,1,dqn,45000,46.0,,,,434.5947647094727,0.0,,0.0,0.0,,0.0,0.0,0.0,0.0,0,"{""amir"": 0.0, ""anfer"": 0.0}",0.0,0.0,5507.0
021_04_sy2014_ic2_dqn_seed12_50k__sy_2014_seed1,dba09881156539b3ad34cf72ea1cc08db5be74f8018a03a49e1eba481815ff7f,SY,2014,1,dqn,45000,47.0,,,,484.5530700683594,0.0,,0.0,0.0,,0.0,0.0,0.0,0.0,0,"{""amir"": 0.0, ""anfer"": 0.0}",0.0,0.0,5507.0
021_04_sy2014_ic2_dqn_seed12_50k__sy_2014_seed1,dba09881156539b3ad34cf72ea1cc08db5be74f8018a03a49e1eba481815ff7f,SY,2014,1,dqn,45000,48.0,,,,528.6686706542969,0.0,,0.0,0.0,,0.0,0.0,0.0,0.0,0,"{""amir"": 0.0, ""anfer"": 0.0}",0.0,0.0,5507.0
021_04_sy2014_ic2_dqn_seed12_50k__sy_2014_seed1,dba09881156539b3ad34cf72ea1cc08db5be74f8018a03a49e1eba481815ff7f,SY,2014,1,dqn,45000,49.0,,,,574.9260330200195,0.0,,0.0,0.0,,0.0,0.0,0.0,0.0,0,"{""amir"": 0.0, ""anfer"": 0.0}",0.0,0.0,5507.0
021_04_sy2014_ic2_dqn_seed12_50k__sy_2014_seed1,dba09881156539b3ad34cf72ea1cc08db5be74f8018a03a49e1eba481815ff7f,SY,2014,1,dqn,45000,50.0,,,,634.3387985229492,0.0,,0.0,0.0,,0.0,0.0,0.0,0.0,0,"{""amir"": 0.0, ""anfer"": 0.0}",0.0,0.0,5507.0
021_04_sy2014_ic2_dqn_seed12_50k__sy_2014_seed1,dba09881156539b3ad34cf72ea1cc08db5be74f8018a03a49e1eba481815ff7f,SY,2014,1,dqn,45000,51.0,,,,697.6332092285156,0.0,,0.0,0.0,,0.0,0.0,0.0,0.0,0,"{""amir"": 0.0, ""anfer"": 0.0}",0.0,0.0,5507.0
021_04_sy2014_ic2_dqn_seed12_50k__sy_2014_seed1,dba09881156539b3ad34cf72ea1cc08db5be74f8018a03a49e1eba481815ff7f,SY,2014,1,dqn,45000,52.0,,,,756.484375,0.0,,0.0,0.0,,0.0,0.0,0.0,0.0,0,"{""amir"": 0.0, ""anfer"": 0.0}",0.0,0.0,5507.0
021_04_sy2014_ic2_dqn_seed12_50k__sy_2014_seed1,dba09881156539b3ad34cf72ea1cc08db5be74f8018a03a49e1eba481815ff7f,SY,2014,1,dqn,45000,53.0,,,,825.2777099609375,0.0,,0.0,0.0,,0.0,0.0,0.0,0.0,0,"{""amir"": 0.0, ""anfer"": 0.0}",0.0,0.0,5507.0
021_04_sy2014_ic2_dqn_seed12_50k__sy_2014_seed1,dba09881156539b3ad34cf72ea1cc08db5be74f8018a03a49e1eba481815ff7f,SY,2014,1,dqn,45000,54.0,,,,900.40771484375,0.0,,0.0,0.0,,0.0,0.0,0.0,0.0,0,"{""amir"": 0.0, ""anfer"": 0.0}",0.0,0.0,5507.0
021_04_sy2014_ic2_dqn_seed12_50k__sy_2014_seed1,dba09881156539b3ad34cf72ea1cc08db5be74f8018a03a49e1eba481815ff7f,SY,2014,1,dqn,45000,55.0,,,,983.9599609375,0.0,,0.0,0.0,,0.0,0.0,0.0,0.0,0,"{""amir"": 0.0, ""anfer"": 0.0}",0.0,0.0,5507.0
021_04_sy2014_ic2_dqn_seed12_50k__sy_2014_seed1,dba09881156539b3ad34cf72ea1cc08db5be74f8018a03a49e1eba481815ff7f,SY,2014,1,dqn,45000,56.0,,,,1089.1144561767578,0.0,,0.0,0.0,,0.0,0.0,0.0,0.0,0,"{""amir"": 0.0, ""anfer"": 0.0}",0.0,0.0,5507.0
021_04_sy2014_ic2_dqn_seed12_50k__sy_2014_seed1,dba09881156539b3ad34cf72ea1cc08db5be74f8018a03a49e1eba481815ff7f,SY,2014,1,dqn,45000,57.0,,,,1195.4468536376953,0.0,,0.0,0.0,,0.0,0.0,0.0,0.0,0,"{""amir"": 0.0, ""anfer"": 0.0}",0.0,0.0,5507.0
021_04_sy2014_ic2_dqn_seed12_50k__sy_2014_seed1,dba09881156539b3ad34cf72ea1cc08db5be74f8018a03a49e1eba481815ff7f,SY,2014,1,dqn,45000,58.0,,,,1295.7649230957031,0.0,,0.0,0.0,,0.0,0.0,0.0,0.0,0,"{""amir"": 0.0, ""anfer"": 0.0}",0.0,0.0,5507.0
021_04_sy2014_ic2_dqn_seed12_50k__sy_2014_seed1,dba09881156539b3ad34cf72ea1cc08db5be74f8018a03a49e1eba481815ff7f,SY,2014,1,dqn,45000,59.0,,,,1383.7161254882812,0.0,,0.0,0.0,,0.0,0.0,0.0,0.0,0,"{""amir"": 0.0, ""anfer"": 0.0}",0.0,0.0,5507.0
021_04_sy2014_ic2_dqn_seed12_50k__sy_2014_seed1,dba09881156539b3ad34cf72ea1cc08db5be74f8018a03a49e1eba481815ff7f,SY,2014,1,dqn,45000,60.0,,,,1484.290008544922,0.0,,0.0,0.0,,0.0,0.0,0.0,0.0,0,"{""amir"": 0.0, ""anfer"": 0.0}",0.0,0.0,5507.0
021_04_sy2014_ic2_dqn_seed12_50k__sy_2014_seed1,dba09881156539b3ad34cf72ea1cc08db5be74f8018a03a49e1eba481815ff7f,SY,2014,1,dqn,45000,61.0,,,,1592.70751953125,0.0,,0.0,0.0,,0.0,0.0,0.0,0.0,0,"{""amir"": 0.0, ""anfer"": 0.0}",0.0,0.0,5507.0
021_04_sy2014_ic2_dqn_seed12_50k__sy_2014_seed1,dba09881156539b3ad34cf72ea1cc08db5be74f8018a03a49e1eba481815ff7f,SY,2014,1,dqn,45000,62.0,,,,1710.9112548828125,0.0,,0.0,0.0,,0.0,0.0,0.0,0.0,0,"{""amir"": 0.0, ""anfer"": 0.0}",0.0,0.0,5507.0
021_04_sy2014_ic2_dqn_seed12_50k__sy_2014_seed1,dba09881156539b3ad34cf72ea1cc08db5be74f8018a03a49e1eba481815ff7f,SY,2014,1,dqn,45000,63.0,,,,1825.2359008789065,0.0,,0.0,0.0,,0.0,0.0,0.0,0.0,0,"{""amir"": 0.0, ""anfer"": 0.0}",0.0,0.0,5507.0
021_04_sy2014_ic2_dqn_seed12_50k__sy_2014_seed1,dba09881156539b3ad34cf72ea1cc08db5be74f8018a03a49e1eba481815ff7f,SY,2014,1,dqn,45000,64.0,,,,1949.4239807128904,0.0,,0.0,0.0,,0.0,0.0,0.0,0.0,0,"{""amir"": 0.0, ""anfer"": 0.0}",0.0,0.0,5507.0
021_04_sy2014_ic2_dqn_seed12_50k__sy_2014_seed1,dba09881156539b3ad34cf72ea1cc08db5be74f8018a03a49e1eba481815ff7f,SY,2014,1,dqn,45000,65.0,,,,2083.9894104003906,0.0,,0.0,0.0207860469818115,,0.0,0.0,0.0,0.0,0,"{""amir"": 0.0, ""anfer"": 0.0}",0.0,0.0,5507.0
021_04_sy2014_ic2_dqn_seed12_50k__sy_2014_seed1,dba09881156539b3ad34cf72ea1cc08db5be74f8018a03a49e1eba481815ff7f,SY,2014,1,dqn,45000,66.0,,,,2230.03662109375,0.0,,0.0,0.0450993180274963,,0.0,0.0,0.0,0.0,0,"{""amir"": 0.0, ""anfer"": 0.0}",0.0,0.0,5507.0
021_04_sy2014_ic2_dqn_seed12_50k__sy_2014_seed1,dba09881156539b3ad34cf72ea1cc08db5be74f8018a03a49e1eba481815ff7f,SY,2014,1,dqn,45000,67.0,,,,2352.093505859375,0.0,,0.0,0.0683484077453613,,0.0,0.0,0.0,0.0,0,"{""amir"": 0.0, ""anfer"": 0.0}",0.0,0.0,5507.0
021_04_sy2014_ic2_dqn_seed12_50k__sy_2014_seed1,dba09881156539b3ad34cf72ea1cc08db5be74f8018a03a49e1eba481815ff7f,SY,2014,1,dqn,45000,68.0,,,,2468.408660888672,0.0,,0.0,0.0903395414352417,,0.0,0.0,0.0,0.0,0,"{""amir"": 0.0, ""anfer"": 0.0}",0.0,0.0,5507.0
021_04_sy2014_ic2_dqn_seed12_50k__sy_2014_seed1,dba09881156539b3ad34cf72ea1cc08db5be74f8018a03a49e1eba481815ff7f,SY,2014,1,dqn,45000,69.0,,,,2581.533508300781,0.0,,0.0,0.1055159568786621,,0.0,0.0,0.0,0.0,0,"{""amir"": 0.0, ""anfer"": 0.0}",0.0,0.0,5507.0
021_04_sy2014_ic2_dqn_seed12_50k__sy_2014_seed1,dba09881156539b3ad34cf72ea1cc08db5be74f8018a03a49e1eba481815ff7f,SY,2014,1,dqn,45000,70.0,,,,2711.787414550781,0.0,,0.0,0.1178019046783447,,0.0,0.0,0.0,0.0,0,"{""amir"": 0.0, ""anfer"": 0.0}",0.0,0.0,5507.0
021_04_sy2014_ic2_dqn_seed12_50k__sy_2014_seed1,dba09881156539b3ad34cf72ea1cc08db5be74f8018a03a49e1eba481815ff7f,SY,2014,1,dqn,45000,71.0,,,,2858.5064697265625,0.0,,0.0,0.1279278993606567,,0.0,0.0,0.0,0.0,0,"{""amir"": 0.0, ""anfer"": 0.0}",0.0,0.0,5507.0
021_04_sy2014_ic2_dqn_seed12_50k__sy_2014_seed1,dba09881156539b3ad34cf72ea1cc08db5be74f8018a03a49e1eba481815ff7f,SY,2014,1,dqn,45000,72.0,,,,3007.1365356445312,0.0,,0.0,0.1395850777626037,,0.0,0.0,0.0,0.0,0,"{""amir"": 0.0, ""anfer"": 0.0}",0.0,0.0,5507.0
021_04_sy2014_ic2_dqn_seed12_50k__sy_2014_seed1,dba09881156539b3ad34cf72ea1cc08db5be74f8018a03a49e1eba481815ff7f,SY,2014,1,dqn,45000,73.0,,,,3295.130920410156,0.0,,0.0,0.151700735092163,,0.0,0.0,0.0,0.0,0,"{""amir"": 0.0, ""anfer"": 0.0}",0.0,0.0,5507.0
021_04_sy2014_ic2_dqn_seed12_50k__sy_2014_seed1,dba09881156539b3ad34cf72ea1cc08db5be74f8018a03a49e1eba481815ff7f,SY,2014,1,dqn,45000,74.0,,,,3468.5317993164062,0.0,,0.0,0.1622416973114013,,0.0,0.0,0.0,0.0,0,"{""amir"": 0.0, ""anfer"": 0.0}",0.0,0.0,5507.0
021_04_sy2014_ic2_dqn_seed12_50k__sy_2014_seed1,dba09881156539b3ad34cf72ea1cc08db5be74f8018a03a49e1eba481815ff7f,SY,2014,1,dqn,45000,75.0,,,,3618.790893554688,0.0,,0.0,0.1850702762603759,,0.0,0.0,0.0,0.0,0,"{""amir"": 0.0, ""anfer"": 0.0}",0.0,0.0,5507.0
021_04_sy2014_ic2_dqn_seed12_50k__sy_2014_seed1,dba09881156539b3ad34cf72ea1cc08db5be74f8018a03a49e1eba481815ff7f,SY,2014,1,dqn,45000,76.0,,,,3750.98876953125,0.0,,0.0,0.193942129611969,,0.0,0.0,0.0,0.0,0,"{""amir"": 0.0, ""anfer"": 0.0}",0.0,0.0,5507.0
021_04_sy2014_ic2_dqn_seed12_50k__sy_2014_seed1,dba09881156539b3ad34cf72ea1cc08db5be74f8018a03a49e1eba481815ff7f,SY,2014,1,dqn,45000,77.0,,,,3869.3011474609375,0.0,,0.0,0.199248194694519,,0.0,0.0,0.0,0.0,0,"{""amir"": 0.0, ""anfer"": 0.0}",0.0,0.0,5507.0
021_04_sy2014_ic2_dqn_seed12_50k__sy_2014_seed1,dba09881156539b3ad34cf72ea1cc08db5be74f8018a03a49e1eba481815ff7f,SY,2014,1,dqn,45000,78.0,,,,3980.799865722656,0.0,,0.0,0.2072367072105407,,0.0,0.0,0.0,0.0,0,"{""amir"": 0.0, ""anfer"": 0.0}",0.0,0.0,5507.0
021_04_sy2014_ic2_dqn_seed12_50k__sy_2014_seed1,dba09881156539b3ad34cf72ea1cc08db5be74f8018a03a49e1eba481815ff7f,SY,2014,1,dqn,45000,79.0,,,,4085.190124511719,0.0,,0.0,0.2129586338996887,,0.0,0.0,0.0,0.0,0,"{""amir"": 0.0, ""anfer"": 0.0}",0.0,0.0,5507.0
021_04_sy2014_ic2_dqn_seed12_50k__sy_2014_seed1,dba09881156539b3ad34cf72ea1cc08db5be74f8018a03a49e1eba481815ff7f,SY,2014,1,dqn,45000,80.0,,,,4193.335571289063,0.0,,0.0,0.2153649926185608,,0.0,0.0,0.0,0.0,0,"{""amir"": 0.0, ""anfer"": 0.0}",0.0,0.0,5507.0
021_04_sy2014_ic2_dqn_seed12_50k__sy_2014_seed1,dba09881156539b3ad34cf72ea1cc08db5be74f8018a03a49e1eba481815ff7f,SY,2014,1,dqn,45000,81.0,,,,4284.2364501953125,0.0,,0.0,0.2190966010093689,,0.0,0.0,0.0,0.0,0,"{""amir"": 0.0, ""anfer"": 0.0}",0.0,0.0,5507.0
021_04_sy2014_ic2_dqn_seed12_50k__sy_2014_seed1,dba09881156539b3ad34cf72ea1cc08db5be74f8018a03a49e1eba481815ff7f,SY,2014,1,dqn,45000,82.0,,,,4376.9134521484375,0.0,,0.0,0.2203364968299865,,0.0,0.0,0.0,0.0,0,"{""amir"": 0.0, ""anfer"": 0.0}",0.0,0.0,5507.0
021_04_sy2014_ic2_dqn_seed12_50k__sy_2014_seed1,dba09881156539b3ad34cf72ea1cc08db5be74f8018a03a49e1eba481815ff7f,SY,2014,1,dqn,45000,83.0,,,,4468.602294921875,0.0,,0.0,0.2192417979240417,,0.0,0.0,0.0,0.0,0,"{""amir"": 0.0, ""anfer"": 0.0}",0.0,0.0,5507.0
021_04_sy2014_ic2_dqn_seed12_50k__sy_2014_seed1,dba09881156539b3ad34cf72ea1cc08db5be74f8018a03a49e1eba481815ff7f,SY,2014,1,dqn,45000,84.0,,,,4563.6083984375,0.0,,0.0,0.2172316908836364,,0.0,0.0,0.0,0.0,0,"{""amir"": 0.0, ""anfer"": 0.0}",0.0,0.0,5507.0
021_04_sy2014_ic2_dqn_seed12_50k__sy_2014_seed1,dba09881156539b3ad34cf72ea1cc08db5be74f8018a03a49e1eba481815ff7f,SY,2014,1,dqn,45000,85.0,,,,4669.2291259765625,0.0,,0.0,0.2127729654312133,,0.0,0.0,0.0,0.0,0,"{""amir"": 0.0, ""anfer"": 0.0}",0.0,0.0,5507.0
021_04_sy2014_ic2_dqn_seed12_50k__sy_2014_seed1,dba09881156539b3ad34cf72ea1cc08db5be74f8018a03a49e1eba481815ff7f,SY,2014,1,dqn,45000,86.0,,,,4779.831237792969,0.0,,0.0,0.2055679559707641,,0.0,0.0,0.0,0.0,0,"{""amir"": 0.0, ""anfer"": 0.0}",0.0,0.0,5507.0
021_04_sy2014_ic2_dqn_seed12_50k__sy_2014_seed1,dba09881156539b3ad34cf72ea1cc08db5be74f8018a03a49e1eba481815ff7f,SY,2014,1,dqn,45000,87.0,,,,4879.786682128906,0.0,,0.0,0.2063058018684387,,0.0,0.0,0.0,0.0,0,"{""amir"": 0.0, ""anfer"": 0.0}",0.0,0.0,5507.0
021_04_sy2014_ic2_dqn_seed12_50k__sy_2014_seed1,dba09881156539b3ad34cf72ea1cc08db5be74f8018a03a49e1eba481815ff7f,SY,2014,1,dqn,45000,88.0,,,,4977.4114990234375,0.0,,0.0,0.2078858017921447,,0.0,0.0,0.0,0.0,0,"{""amir"": 0.0, ""anfer"": 0.0}",0.0,0.0,5507.0
021_04_sy2014_ic2_dqn_seed12_50k__sy_2014_seed1,dba09881156539b3ad34cf72ea1cc08db5be74f8018a03a49e1eba481815ff7f,SY,2014,1,dqn,45000,89.0,,,,5085.112609863281,0.0,,0.0,0.2074021100997924,,0.0,0.0,0.0,0.0,0,"{""amir"": 0.0, ""anfer"": 0.0}",0.0,0.0,5507.0
021_04_sy2014_ic2_dqn_seed12_50k__sy_2014_seed1,dba09881156539b3ad34cf72ea1cc08db5be74f8018a03a49e1eba481815ff7f,SY,2014,1,dqn,45000,90.0,,,,5241.3385009765625,0.0,,0.0,0.2069751024246215,,0.0,0.0,0.0,0.0,0,"{""amir"": 0.0, ""anfer"": 0.0}",0.0,0.0,5507.0
021_04_sy2014_ic2_dqn_seed12_50k__sy_2014_seed1,dba09881156539b3ad34cf72ea1cc08db5be74f8018a03a49e1eba481815ff7f,SY,2014,1,dqn,45000,91.0,,,,5451.069946289063,0.0,,0.0,0.1990035772323608,,0.0,0.0,0.0,0.0,0,"{""amir"": 0.0, ""anfer"": 0.0}",0.0,0.0,5507.0
021_04_sy2014_ic2_dqn_seed12_50k__sy_2014_seed1,dba09881156539b3ad34cf72ea1cc08db5be74f8018a03a49e1eba481815ff7f,SY,2014,1,dqn,45000,92.0,,,,5487.69775390625,0.0,,0.0,0.1991600394248962,,0.0,0.0,0.0,0.0,0,"{""amir"": 0.0, ""anfer"": 0.0}",0.0,0.0,5507.0
021_04_sy2014_ic2_dqn_seed12_50k__sy_2014_seed1,dba09881156539b3ad34cf72ea1cc08db5be74f8018a03a49e1eba481815ff7f,SY,2014,1,dqn,45000,93.0,,,,5607.0025634765625,0.0,,0.0,0.2037560939788818,,0.0,0.0,0.0,0.0,0,"{""amir"": 0.0, ""anfer"": 0.0}",0.0,0.0,5507.0
021_04_sy2014_ic2_dqn_seed12_50k__sy_2014_seed1,dba09881156539b3ad34cf72ea1cc08db5be74f8018a03a49e1eba481815ff7f,SY,2014,1,dqn,45000,94.0,,,,5807.0977783203125,0.0,,0.0,0.1957767605781555,,0.0,0.0,0.0,0.0,0,"{""amir"": 0.0, ""anfer"": 0.0}",0.0,0.0,5507.0
021_04_sy2014_ic2_dqn_seed12_50k__sy_2014_seed1,dba09881156539b3ad34cf72ea1cc08db5be74f8018a03a49e1eba481815ff7f,SY,2014,1,dqn,45000,95.0,,,,5943.446044921875,0.0,,0.0,0.193587064743042,,0.0,0.0,0.0,0.0,0,"{""amir"": 0.0, ""anfer"": 0.0}",0.0,0.0,5507.0
021_04_sy2014_ic2_dqn_seed12_50k__sy_2014_seed1,dba09881156539b3ad34cf72ea1cc08db5be74f8018a03a49e1eba481815ff7f,SY,2014,1,dqn,45000,96.0,,,,5981.95068359375,0.0,,0.0,0.1946513652801513,,0.0,0.0,0.0,0.0,0,"{""amir"": 0.0, ""anfer"": 0.0}",0.0,0.0,5507.0
021_04_sy2014_ic2_dqn_seed12_50k__sy_2014_seed1,dba09881156539b3ad34cf72ea1cc08db5be74f8018a03a49e1eba481815ff7f,SY,2014,1,dqn,45000,97.0,,,,6194.71435546875,0.0,,0.0,0.1926735043525695,,30.0,0.0,30.0,0.0,2,"{""amir"": 30.0, ""anfer"": 0.0}",-30.0,0.0,5507.0
021_04_sy2014_ic2_dqn_seed12_50k__sy_2014_seed1,dba09881156539b3ad34cf72ea1cc08db5be74f8018a03a49e1eba481815ff7f,SY,2014,1,dqn,45000,98.0,,,,6401.754760742188,0.0,,0.0,0.1867488622665405,,30.0,0.0,0.0,0.0,2,"{""amir"": 0.0, ""anfer"": 0.0}",0.0,0.0,5507.0
021_04_sy2014_ic2_dqn_seed12_50k__sy_2014_seed1,dba09881156539b3ad34cf72ea1cc08db5be74f8018a03a49e1eba481815ff7f,SY,2014,1,dqn,45000,99.0,,,,6575.9307861328125,0.0,,0.0,0.1872885227203369,,30.0,0.0,0.0,0.0,2,"{""amir"": 0.0, ""anfer"": 0.0}",0.0,0.0,5507.0
021_04_sy2014_ic2_dqn_seed12_50k__sy_2014_seed1,dba09881156539b3ad34cf72ea1cc08db5be74f8018a03a49e1eba481815ff7f,SY,2014,1,dqn,45000,100.0,,,,6786.24755859375,210.3165435791016,,0.0,0.1865270137786865,,30.0,0.0,0.0,0.0,2,"{""amir"": 0.0, ""anfer"": 0.0}",0.0,0.0,5507.0
021_04_sy2014_ic2_dqn_seed12_50k__sy_2014_seed1,dba09881156539b3ad34cf72ea1cc08db5be74f8018a03a49e1eba481815ff7f,SY,2014,1,dqn,45000,101.0,,,,6940.552978515625,364.6221160888672,,0.0,0.203042984008789,,30.0,0.0,0.0,0.0,2,"{""amir"": 0.0, ""anfer"": 0.0}",0.0,0.0,5507.0
021_04_sy2014_ic2_dqn_seed12_50k__sy_2014_seed1,dba09881156539b3ad34cf72ea1cc08db5be74f8018a03a49e1eba481815ff7f,SY,2014,1,dqn,45000,102.0,,,,7094.8583984375,518.9276504516602,,0.0,0.2117441892623901,,30.0,0.0,0.0,0.0,2,"{""amir"": 0.0, ""anfer"": 0.0}",0.0,0.0,5507.0
021_04_sy2014_ic2_dqn_seed12_50k__sy_2014_seed1,dba09881156539b3ad34cf72ea1cc08db5be74f8018a03a49e1eba481815ff7f,SY,2014,1,dqn,45000,103.0,,,,7228.9117431640625,652.9805755615234,,0.0,0.2177850604057312,,30.0,0.0,0.0,0.0,2,"{""amir"": 0.0, ""anfer"": 0.0}",0.0,0.0,5507.0
021_04_sy2014_ic2_dqn_seed12_50k__sy_2014_seed1,dba09881156539b3ad34cf72ea1cc08db5be74f8018a03a49e1eba481815ff7f,SY,2014,1,dqn,45000,104.0,,,,7362.9638671875,787.0334625244141,,0.0,0.2201404571533203,,60.0,0.0,30.0,0.0,2,"{""amir"": 30.0, ""anfer"": 0.0}",-30.0,0.0,5507.0
021_04_sy2014_ic2_dqn_seed12_50k__sy_2014_seed1,dba09881156539b3ad34cf72ea1cc08db5be74f8018a03a49e1eba481815ff7f,SY,2014,1,dqn,45000,105.0,,,,7511.483154296875,935.5525970458984,,0.0,0.2255134582519531,,60.0,0.0,0.0,0.0,2,"{""amir"": 0.0, ""anfer"": 0.0}",0.0,0.0,5507.0
021_04_sy2014_ic2_dqn_seed12_50k__sy_2014_seed1,dba09881156539b3ad34cf72ea1cc08db5be74f8018a03a49e1eba481815ff7f,SY,2014,1,dqn,45000,106.0,,,,7665.789184570312,1089.858169555664,,0.0,0.236132800579071,,60.0,0.0,0.0,0.0,2,"{""amir"": 0.0, ""anfer"": 0.0}",0.0,0.0,5507.0
021_04_sy2014_ic2_dqn_seed12_50k__sy_2014_seed1,dba09881156539b3ad34cf72ea1cc08db5be74f8018a03a49e1eba481815ff7f,SY,2014,1,dqn,45000,107.0,,,,7820.09521484375,1244.1637420654297,,0.0,0.2502219676971435,,60.0,0.0,0.0,0.0,2,"{""amir"": 0.0, ""anfer"": 0.0}",0.0,0.0,5507.0
021_04_sy2014_ic2_dqn_seed12_50k__sy_2014_seed1,dba09881156539b3ad34cf72ea1cc08db5be74f8018a03a49e1eba481815ff7f,SY,2014,1,dqn,45000,108.0,,,,7974.4000244140625,1398.46923828125,,0.0,0.2629242539405823,,60.0,0.0,0.0,0.0,2,"{""amir"": 0.0, ""anfer"": 0.0}",0.0,0.0,5507.0
021_04_sy2014_ic2_dqn_seed12_50k__sy_2014_seed1,dba09881156539b3ad34cf72ea1cc08db5be74f8018a03a49e1eba481815ff7f,SY,2014,1,dqn,45000,109.0,,,,8128.7054443359375,1552.7749633789062,,0.0,0.276760458946228,,60.0,0.0,0.0,0.0,2,"{""amir"": 0.0, ""anfer"": 0.0}",0.0,0.0,5507.0
021_04_sy2014_ic2_dqn_seed12_50k__sy_2014_seed1,dba09881156539b3ad34cf72ea1cc08db5be74f8018a03a49e1eba481815ff7f,SY,2014,1,dqn,45000,110.0,,,,8283.011474609375,1707.0803833007812,,0.0,0.2887438535690307,,60.0,0.0,0.0,0.0,2,"{""amir"": 0.0, ""anfer"": 0.0}",0.0,0.0,5507.0
021_04_sy2014_ic2_dqn_seed12_50k__sy_2014_seed1,dba09881156539b3ad34cf72ea1cc08db5be74f8018a03a49e1eba481815ff7f,SY,2014,1,dqn,45000,111.0,,,,8437.317504882812,1861.3859558105469,,0.0,0.3011530637741089,,90.0,0.0,30.0,0.0,2,"{""amir"": 30.0, ""anfer"": 0.0}",-30.0,0.0,5507.0
021_04_sy2014_ic2_dqn_seed12_50k__sy_2014_seed1,dba09881156539b3ad34cf72ea1cc08db5be74f8018a03a49e1eba481815ff7f,SY,2014,1,dqn,45000,112.0,,,,8591.622314453125,2015.6915283203125,,0.0,0.3157526850700378,,90.0,0.0,0.0,0.0,2,"{""amir"": 0.0, ""anfer"": 0.0}",0.0,0.0,5507.0
021_04_sy2014_ic2_dqn_seed12_50k__sy_2014_seed1,dba09881156539b3ad34cf72ea1cc08db5be74f8018a03a49e1eba481815ff7f,SY,2014,1,dqn,45000,113.0,,,,8730.147705078125,2169.997100830078,,0.0,0.3321471810340881,,90.0,0.0,0.0,0.0,2,"{""amir"": 0.0, ""anfer"": 0.0}",0.0,0.0,5507.0
021_04_sy2014_ic2_dqn_seed12_50k__sy_2014_seed1,dba09881156539b3ad34cf72ea1cc08db5be74f8018a03a49e1eba481815ff7f,SY,2014,1,dqn,45000,114.0,,,,8900.233764648438,2324.302673339844,,0.0,0.349586009979248,,90.0,0.0,0.0,0.0,2,"{""amir"": 0.0, ""anfer"": 0.0}",0.0,0.0,5507.0
021_04_sy2014_ic2_dqn_seed12_50k__sy_2014_seed1,dba09881156539b3ad34cf72ea1cc08db5be74f8018a03a49e1eba481815ff7f,SY,2014,1,dqn,45000,115.0,,,,9054.539184570312,2478.6082458496094,,0.0,0.3643364906311035,,90.0,0.0,0.0,0.0,2,"{""amir"": 0.0, ""anfer"": 0.0}",0.0,0.0,5507.0
021_04_sy2014_ic2_dqn_seed12_50k__sy_2014_seed1,dba09881156539b3ad34cf72ea1cc08db5be74f8018a03a49e1eba481815ff7f,SY,2014,1,dqn,45000,116.0,,,,9152.564086914062,2632.913818359375,,0.0,0.3844466805458069,,90.0,0.0,0.0,0.0,2,"{""amir"": 0.0, ""anfer"": 0.0}",0.0,0.0,5507.0
021_04_sy2014_ic2_dqn_seed12_50k__sy_2014_seed1,dba09881156539b3ad34cf72ea1cc08db5be74f8018a03a49e1eba481815ff7f,SY,2014,1,dqn,45000,117.0,,,,9277.395629882812,2787.21923828125,,0.0,0.3989320993423462,,90.0,0.0,0.0,0.0,2,"{""amir"": 0.0, ""anfer"": 0.0}",0.0,0.0,5507.0
021_04_sy2014_ic2_dqn_seed12_50k__sy_2014_seed1,dba09881156539b3ad34cf72ea1cc08db5be74f8018a03a49e1eba481815ff7f,SY,2014,1,dqn,45000,118.0,,,,9424.087524414062,2941.5249633789062,,0.0,0.4036967158317566,,120.0,0.0,30.0,0.0,2,"{""amir"": 30.0, ""anfer"": 0.0}",-30.0,0.0,5507.0
021_04_sy2014_ic2_dqn_seed12_50k__sy_2014_seed1,dba09881156539b3ad34cf72ea1cc08db5be74f8018a03a49e1eba481815ff7f,SY,2014,1,dqn,45000,119.0,,,,9514.707641601562,3095.8306884765625,,0.0,0.4160504937171936,,120.0,0.0,0.0,0.0,2,"{""amir"": 0.0, ""anfer"": 0.0}",0.0,0.0,5507.0
021_04_sy2014_ic2_dqn_seed12_50k__sy_2014_seed1,dba09881156539b3ad34cf72ea1cc08db5be74f8018a03a49e1eba481815ff7f,SY,2014,1,dqn,45000,120.0,,,,9592.57080078125,3250.136108398437,,0.0,0.4350373744964599,,120.0,0.0,0.0,0.0,2,"{""amir"": 0.0, ""anfer"": 0.0}",0.0,0.0,5507.0
021_04_sy2014_ic2_dqn_seed12_50k__sy_2014_seed1,dba09881156539b3ad34cf72ea1cc08db5be74f8018a03a49e1eba481815ff7f,SY,2014,1,dqn,45000,121.0,,,,9711.12060546875,3404.4415283203125,,0.0,0.4445719122886657,,120.0,0.0,0.0,0.0,2,"{""amir"": 0.0, ""anfer"": 0.0}",0.0,0.0,5507.0
021_04_sy2014_ic2_dqn_seed12_50k__sy_2014_seed1,dba09881156539b3ad34cf72ea1cc08db5be74f8018a03a49e1eba481815ff7f,SY,2014,1,dqn,45000,122.0,,,,9830.217895507812,3558.7472534179688,,0.0,0.4512943625450134,,120.0,0.0,0.0,0.0,2,"{""amir"": 0.0, ""anfer"": 0.0}",0.0,0.0,5507.0
021_04_sy2014_ic2_dqn_seed12_50k__sy_2014_seed1,dba09881156539b3ad34cf72ea1cc08db5be74f8018a03a49e1eba481815ff7f,SY,2014,1,dqn,45000,123.0,,,,9889.388427734377,3713.052673339844,,0.0,0.467372715473175,,120.0,0.0,0.0,0.0,2,"{""amir"": 0.0, ""anfer"": 0.0}",0.0,0.0,5507.0
021_04_sy2014_ic2_dqn_seed12_50k__sy_2014_seed1,dba09881156539b3ad34cf72ea1cc08db5be74f8018a03a49e1eba481815ff7f,SY,2014,1,dqn,45000,124.0,,,,9973.0419921875,3867.3583984375,,0.0,0.481255292892456,,120.0,0.0,0.0,0.0,2,"{""amir"": 0.0, ""anfer"": 0.0}",0.0,0.0,5507.0
021_04_sy2014_ic2_dqn_seed12_50k__sy_2014_seed1,dba09881156539b3ad34cf72ea1cc08db5be74f8018a03a49e1eba481815ff7f,SY,2014,1,dqn,45000,125.0,,,,10016.459350585938,4021.663818359375,,0.0,0.4829052090644836,,120.0,0.0,0.0,0.0,2,"{""amir"": 0.0, ""anfer"": 0.0}",0.0,0.0,5507.0
021_04_sy2014_ic2_dqn_seed12_50k__sy_2014_seed1,dba09881156539b3ad34cf72ea1cc08db5be74f8018a03a49e1eba481815ff7f,SY,2014,1,dqn,45000,126.0,,,,10075.3173828125,4175.969543457031,,0.0,0.4874562621116638,,120.0,0.0,0.0,0.0,1,"{""amir"": 0.0, ""anfer"": 0.0}",0.0,0.0,5507.0
021_04_sy2014_ic2_dqn_seed12_50k__sy_2014_seed1,dba09881156539b3ad34cf72ea1cc08db5be74f8018a03a49e1eba481815ff7f,SY,2014,1,dqn,45000,127.0,,,,10108.092651367188,4330.274963378906,,0.0,0.4850711822509765,,120.0,0.0,0.0,0.0,1,"{""amir"": 0.0, ""anfer"": 0.0}",0.0,0.0,5507.0
021_04_sy2014_ic2_dqn_seed12_50k__sy_2014_seed1,dba09881156539b3ad34cf72ea1cc08db5be74f8018a03a49e1eba481815ff7f,SY,2014,1,dqn,45000,128.0,,,,10207.669677734377,4484.580383300781,,0.0,0.4889749884605407,,120.0,0.0,0.0,0.0,1,"{""amir"": 0.0, ""anfer"": 0.0}",0.0,0.0,5507.0
021_04_sy2014_ic2_dqn_seed12_50k__sy_2014_seed1,dba09881156539b3ad34cf72ea1cc08db5be74f8018a03a49e1eba481815ff7f,SY,2014,1,dqn,45000,129.0,,,,10300.419921875,4638.8861083984375,,0.0,0.4876356720924377,,120.0,0.0,0.0,0.0,1,"{""amir"": 0.0, ""anfer"": 0.0}",0.0,0.0,5507.0
021_04_sy2014_ic2_dqn_seed12_50k__sy_2014_seed1,dba09881156539b3ad34cf72ea1cc08db5be74f8018a03a49e1eba481815ff7f,SY,2014,1,dqn,45000,130.0,,,,10370.48583984375,4793.1915283203125,,0.0,0.5017340779304504,,120.0,0.0,0.0,0.0,1,"{""amir"": 0.0, ""anfer"": 0.0}",0.0,0.0,5507.0
021_04_sy2014_ic2_dqn_seed12_50k__sy_2014_seed1,dba09881156539b3ad34cf72ea1cc08db5be74f8018a03a49e1eba481815ff7f,SY,2014,1,dqn,45000,131.0,,,,10438.685302734377,4947.497253417969,,0.0,0.5139523148536682,,120.0,0.0,0.0,0.0,1,"{""amir"": 0.0, ""anfer"": 0.0}",0.0,0.0,5507.0
021_04_sy2014_ic2_dqn_seed12_50k__sy_2014_seed1,dba09881156539b3ad34cf72ea1cc08db5be74f8018a03a49e1eba481815ff7f,SY,2014,1,dqn,45000,132.0,,,,10518.802490234377,5101.802673339844,,0.0,0.5198659300804138,,120.0,0.0,0.0,0.0,2,"{""amir"": 0.0, ""anfer"": 0.0}",0.0,0.0,5507.0
021_04_sy2014_ic2_dqn_seed12_50k__sy_2014_seed1,dba09881156539b3ad34cf72ea1cc08db5be74f8018a03a49e1eba481815ff7f,SY,2014,1,dqn,45000,133.0,,,,10580.616455078123,5256.1083984375,,0.0,0.5259215235710144,,120.0,0.0,0.0,0.0,2,"{""amir"": 0.0, ""anfer"": 0.0}",0.0,0.0,5507.0
021_04_sy2014_ic2_dqn_seed12_50k__sy_2014_seed1,dba09881156539b3ad34cf72ea1cc08db5be74f8018a03a49e1eba481815ff7f,SY,2014,1,dqn,45000,134.0,,,,10658.70361328125,5410.413818359375,,0.0,0.5359401702880859,,120.0,0.0,0.0,0.0,2,"{""amir"": 0.0, ""anfer"": 0.0}",0.0,0.0,5507.0
021_04_sy2014_ic2_dqn_seed12_50k__sy_2014_seed1,dba09881156539b3ad34cf72ea1cc08db5be74f8018a03a49e1eba481815ff7f,SY,2014,1,dqn,45000,135.0,,,,10653.4423828125,5458.6700439453125,,0.0,0.5412178635597229,,120.0,0.0,0.0,0.0,2,"{""amir"": 0.0, ""anfer"": 0.0}",0.0,0.0,5507.0
021_04_sy2014_ic2_dqn_seed12_50k__sy_2014_seed1,dba09881156539b3ad34cf72ea1cc08db5be74f8018a03a49e1eba481815ff7f,SY,2014,1,dqn,45000,136.0,,,,10701.400146484377,5506.627807617188,,0.0,0.5129755139350891,,120.0,0.0,0.0,0.0,2,"{""amir"": 0.0, ""anfer"": 0.0}",0.0,0.0,5507.0
021_04_sy2014_ic2_dqn_seed12_50k__sy_2014_seed1,dba09881156539b3ad34cf72ea1cc08db5be74f8018a03a49e1eba481815ff7f,SY,2014,1,dqn,45000,137.0,,,,10701.400146484377,5506.627807617188,,0.0,0.4920257329940796,,120.0,0.0,0.0,0.0,2,"{""amir"": 0.0, ""anfer"": 0.0}",0.0,0.0,5507.0
021_04_sy2014_ic2_dqn_seed12_50k__sy_2014_seed1,dba09881156539b3ad34cf72ea1cc08db5be74f8018a03a49e1eba481815ff7f,SY,2014,1,dqn,45000,138.0,,,,10701.400146484377,5506.627807617188,,0.0,0.4920257329940796,,120.0,0.0,0.0,0.0,2,"{""amir"": 0.0, ""anfer"": 0.0}",0.0,0.0,5507.0
021_04_sy2014_ic2_dqn_seed12_50k__sy_2014_seed1,dba09881156539b3ad34cf72ea1cc08db5be74f8018a03a49e1eba481815ff7f,SY,2014,1,dqn,45000,139.0,,,,10701.400146484377,5506.627807617188,,0.0,0.4920257329940796,,120.0,0.0,0.0,0.0,2,"{""amir"": 0.0, ""anfer"": 0.0}",0.0,0.0,5507.0
021_04_sy2014_ic2_dqn_seed12_50k__sy_2014_seed1,dba09881156539b3ad34cf72ea1cc08db5be74f8018a03a49e1eba481815ff7f,SY,2014,1,dqn,45000,139.0,,,,10701.400146484377,5506.627807617188,,0.0,0.4920257329940796,,120.0,0.0,0.0,0.0,2,"{""amir"": 0.0, ""anfer"": 0.0}",98.6278076171875,98.6278076171875,5507.0
021_04_sy2014_ic2_dqn_seed12_50k__sy_2014_seed1,dba09881156539b3ad34cf72ea1cc08db5be74f8018a03a49e1eba481815ff7f,SY,2014,1,dqn,50000,0.0,,,,0.0,0.0,,0.0,0.0,,0.0,0.0,0.0,0.0,4,"{""amir"": 0.0, ""anfer"": 0.0}",0.0,0.0,5493.0
021_04_sy2014_ic2_dqn_seed12_50k__sy_2014_seed1,dba09881156539b3ad34cf72ea1cc08db5be74f8018a03a49e1eba481815ff7f,SY,2014,1,dqn,50000,0.0,,,,0.0,0.0,,0.0,0.0,,0.0,0.0,0.0,0.0,5,"{""amir"": 0.0, ""anfer"": 0.0}",0.0,0.0,5493.0
021_04_sy2014_ic2_dqn_seed12_50k__sy_2014_seed1,dba09881156539b3ad34cf72ea1cc08db5be74f8018a03a49e1eba481815ff7f,SY,2014,1,dqn,50000,0.0,,,,0.0,0.0,,0.0,0.0,,0.0,0.0,0.0,0.0,5,"{""amir"": 0.0, ""anfer"": 0.0}",0.0,0.0,5493.0
021_04_sy2014_ic2_dqn_seed12_50k__sy_2014_seed1,dba09881156539b3ad34cf72ea1cc08db5be74f8018a03a49e1eba481815ff7f,SY,2014,1,dqn,50000,0.0,,,,0.0,0.0,,0.0,0.0,,0.0,0.0,0.0,0.0,4,"{""amir"": 0.0, ""anfer"": 0.0}",0.0,0.0,5493.0
021_04_sy2014_ic2_dqn_seed12_50k__sy_2014_seed1,dba09881156539b3ad34cf72ea1cc08db5be74f8018a03a49e1eba481815ff7f,SY,2014,1,dqn,50000,0.0,,,,0.0,0.0,,0.0,0.0,,0.0,0.0,0.0,0.0,4,"{""amir"": 0.0, ""anfer"": 0.0}",0.0,0.0,5493.0
021_04_sy2014_ic2_dqn_seed12_50k__sy_2014_seed1,dba09881156539b3ad34cf72ea1cc08db5be74f8018a03a49e1eba481815ff7f,SY,2014,1,dqn,50000,0.0,,,,0.0,0.0,,0.0,0.0,,0.0,0.0,0.0,0.0,1,"{""amir"": 0.0, ""anfer"": 0.0}",0.0,0.0,5493.0
021_04_sy2014_ic2_dqn_seed12_50k__sy_2014_seed1,dba09881156539b3ad34cf72ea1cc08db5be74f8018a03a49e1eba481815ff7f,SY,2014,1,dqn,50000,0.0,,,,0.0,0.0,,0.0,0.0,,0.0,0.0,0.0,0.0,2,"{""amir"": 0.0, ""anfer"": 0.0}",0.0,0.0,5493.0
021_04_sy2014_ic2_dqn_seed12_50k__sy_2014_seed1,dba09881156539b3ad34cf72ea1cc08db5be74f8018a03a49e1eba481815ff7f,SY,2014,1,dqn,50000,0.0,,,,0.0,0.0,,0.0,0.0,,0.0,0.0,0.0,0.0,0,"{""amir"": 0.0, ""anfer"": 0.0}",0.0,0.0,5493.0
021_04_sy2014_ic2_dqn_seed12_50k__sy_2014_seed1,dba09881156539b3ad34cf72ea1cc08db5be74f8018a03a49e1eba481815ff7f,SY,2014,1,dqn,50000,0.0,,,,0.0,0.0,,0.0,0.0,,0.0,0.0,0.0,0.0,0,"{""amir"": 0.0, ""anfer"": 0.0}",0.0,0.0,5493.0
021_04_sy2014_ic2_dqn_seed12_50k__sy_2014_seed1,dba09881156539b3ad34cf72ea1cc08db5be74f8018a03a49e1eba481815ff7f,SY,2014,1,dqn,50000,0.0,,,,0.0,0.0,,0.0,0.0,,0.0,0.0,0.0,0.0,5,"{""amir"": 0.0, ""anfer"": 0.0}",0.0,0.0,5493.0
021_04_sy2014_ic2_dqn_seed12_50k__sy_2014_seed1,dba09881156539b3ad34cf72ea1cc08db5be74f8018a03a49e1eba481815ff7f,SY,2014,1,dqn,50000,0.0,,,,0.0,0.0,,0.0,0.0,,0.0,0.0,0.0,0.0,4,"{""amir"": 0.0, ""anfer"": 0.0}",0.0,0.0,5493.0
021_04_sy2014_ic2_dqn_seed12_50k__sy_2014_seed1,dba09881156539b3ad34cf72ea1cc08db5be74f8018a03a49e1eba481815ff7f,SY,2014,1,dqn,50000,0.0,,,,0.0,0.0,,0.0,0.0,,0.0,0.0,0.0,0.0,2,"{""amir"": 0.0, ""anfer"": 0.0}",0.0,0.0,5493.0
021_04_sy2014_ic2_dqn_seed12_50k__sy_2014_seed1,dba09881156539b3ad34cf72ea1cc08db5be74f8018a03a49e1eba481815ff7f,SY,2014,1,dqn,50000,0.0,,,,0.0,0.0,,0.0,0.0,,0.0,0.0,0.0,0.0,0,"{""amir"": 0.0, ""anfer"": 0.0}",0.0,0.0,5493.0
021_04_sy2014_ic2_dqn_seed12_50k__sy_2014_seed1,dba09881156539b3ad34cf72ea1cc08db5be74f8018a03a49e1eba481815ff7f,SY,2014,1,dqn,50000,0.0,,,,0.0,0.0,,0.0,0.0,,0.0,0.0,0.0,0.0,0,"{""amir"": 0.0, ""anfer"": 0.0}",0.0,0.0,5493.0
021_04_sy2014_ic2_dqn_seed12_50k__sy_2014_seed1,dba09881156539b3ad34cf72ea1cc08db5be74f8018a03a49e1eba481815ff7f,SY,2014,1,dqn,50000,0.0,,,,0.0,0.0,,0.0,0.0,,0.0,0.0,0.0,0.0,0,"{""amir"": 0.0, ""anfer"": 0.0}",0.0,0.0,5493.0
021_04_sy2014_ic2_dqn_seed12_50k__sy_2014_seed1,dba09881156539b3ad34cf72ea1cc08db5be74f8018a03a49e1eba481815ff7f,SY,2014,1,dqn,50000,0.0,,,,0.0,0.0,,0.0,0.0,,0.0,0.0,0.0,0.0,4,"{""amir"": 0.0, ""anfer"": 0.0}",0.0,0.0,5493.0
021_04_sy2014_ic2_dqn_seed12_50k__sy_2014_seed1,dba09881156539b3ad34cf72ea1cc08db5be74f8018a03a49e1eba481815ff7f,SY,2014,1,dqn,50000,0.0,,,,0.0,0.0,,0.0,0.0,,0.0,0.0,0.0,0.0,0,"{""amir"": 0.0, ""anfer"": 0.0}",0.0,0.0,5493.0
021_04_sy2014_ic2_dqn_seed12_50k__sy_2014_seed1,dba09881156539b3ad34cf72ea1cc08db5be74f8018a03a49e1eba481815ff7f,SY,2014,1,dqn,50000,0.0,,,,0.0,0.0,,0.0,0.0,,0.0,0.0,0.0,0.0,5,"{""amir"": 0.0, ""anfer"": 0.0}",0.0,0.0,5493.0
021_04_sy2014_ic2_dqn_seed12_50k__sy_2014_seed1,dba09881156539b3ad34cf72ea1cc08db5be74f8018a03a49e1eba481815ff7f,SY,2014,1,dqn,50000,0.0,,,,0.0,0.0,,0.0,0.0,,0.0,0.0,0.0,0.0,4,"{""amir"": 0.0, ""anfer"": 0.0}",0.0,0.0,5493.0
021_04_sy2014_ic2_dqn_seed12_50k__sy_2014_seed1,dba09881156539b3ad34cf72ea1cc08db5be74f8018a03a49e1eba481815ff7f,SY,2014,1,dqn,50000,0.0,,,,0.0,0.0,,0.0,0.0,,0.0,0.0,0.0,0.0,4,"{""amir"": 0.0, ""anfer"": 0.0}",0.0,0.0,5493.0
021_04_sy2014_ic2_dqn_seed12_50k__sy_2014_seed1,dba09881156539b3ad34cf72ea1cc08db5be74f8018a03a49e1eba481815ff7f,SY,2014,1,dqn,50000,1.0,,,,0.0,0.0,,0.0,0.0,,0.0,0.0,0.0,0.0,4,"{""amir"": 0.0, ""anfer"": 0.0}",0.0,0.0,5493.0
021_04_sy2014_ic2_dqn_seed12_50k__sy_2014_seed1,dba09881156539b3ad34cf72ea1cc08db5be74f8018a03a49e1eba481815ff7f,SY,2014,1,dqn,50000,2.0,,,,0.0,0.0,,0.0,0.0,,0.0,0.0,0.0,0.0,0,"{""amir"": 0.0, ""anfer"": 0.0}",0.0,0.0,5493.0
021_04_sy2014_ic2_dqn_seed12_50k__sy_2014_seed1,dba09881156539b3ad34cf72ea1cc08db5be74f8018a03a49e1eba481815ff7f,SY,2014,1,dqn,50000,3.0,,,,0.0,0.0,,0.0,0.0,,0.0,0.0,0.0,0.0,0,"{""amir"": 0.0, ""anfer"": 0.0}",0.0,0.0,5493.0
021_04_sy2014_ic2_dqn_seed12_50k__sy_2014_seed1,dba09881156539b3ad34cf72ea1cc08db5be74f8018a03a49e1eba481815ff7f,SY,2014,1,dqn,50000,4.0,,,,0.0,0.0,,0.0,0.0,,0.0,0.0,0.0,0.0,0,"{""amir"": 0.0, ""anfer"": 0.0}",0.0,0.0,5493.0
021_04_sy2014_ic2_dqn_seed12_50k__sy_2014_seed1,dba09881156539b3ad34cf72ea1cc08db5be74f8018a03a49e1eba481815ff7f,SY,2014,1,dqn,50000,5.0,,,,0.0,0.0,,0.0,0.0,,0.0,0.0,0.0,0.0,0,"{""amir"": 0.0, ""anfer"": 0.0}",0.0,0.0,5493.0
021_04_sy2014_ic2_dqn_seed12_50k__sy_2014_seed1,dba09881156539b3ad34cf72ea1cc08db5be74f8018a03a49e1eba481815ff7f,SY,2014,1,dqn,50000,6.0,,,,0.0,0.0,,0.0,0.0,,0.0,0.0,0.0,0.0,0,"{""amir"": 0.0, ""anfer"": 0.0}",0.0,0.0,5493.0
021_04_sy2014_ic2_dqn_seed12_50k__sy_2014_seed1,dba09881156539b3ad34cf72ea1cc08db5be74f8018a03a49e1eba481815ff7f,SY,2014,1,dqn,50000,7.0,,,,0.0,0.0,,0.0,0.0,,0.0,0.0,0.0,0.0,0,"{""amir"": 0.0, ""anfer"": 0.0}",0.0,0.0,5493.0
021_04_sy2014_ic2_dqn_seed12_50k__sy_2014_seed1,dba09881156539b3ad34cf72ea1cc08db5be74f8018a03a49e1eba481815ff7f,SY,2014,1,dqn,50000,8.0,,,,0.0,0.0,,0.0,0.0,,0.0,0.0,0.0,0.0,0,"{""amir"": 0.0, ""anfer"": 0.0}",0.0,0.0,5493.0
021_04_sy2014_ic2_dqn_seed12_50k__sy_2014_seed1,dba09881156539b3ad34cf72ea1cc08db5be74f8018a03a49e1eba481815ff7f,SY,2014,1,dqn,50000,9.0,,,,0.0,0.0,,0.0,0.0,,0.0,0.0,0.0,0.0,0,"{""amir"": 0.0, ""anfer"": 0.0}",0.0,0.0,5493.0
021_04_sy2014_ic2_dqn_seed12_50k__sy_2014_seed1,dba09881156539b3ad34cf72ea1cc08db5be74f8018a03a49e1eba481815ff7f,SY,2014,1,dqn,50000,10.0,,,,19.200000762939453,0.0,,0.0,0.0121910572052001,,0.0,0.0,0.0,0.0,0,"{""amir"": 0.0, ""anfer"": 0.0}",0.0,0.0,5493.0
021_04_sy2014_ic2_dqn_seed12_50k__sy_2014_seed1,dba09881156539b3ad34cf72ea1cc08db5be74f8018a03a49e1eba481815ff7f,SY,2014,1,dqn,50000,11.0,,,,19.200000762939453,0.0,,0.0,0.011216402053833,,0.0,0.0,0.0,0.0,0,"{""amir"": 0.0, ""anfer"": 0.0}",0.0,0.0,5493.0
021_04_sy2014_ic2_dqn_seed12_50k__sy_2014_seed1,dba09881156539b3ad34cf72ea1cc08db5be74f8018a03a49e1eba481815ff7f,SY,2014,1,dqn,50000,12.0,,,,19.200000762939453,0.0,,0.0,0.0090978145599365,,0.0,0.0,0.0,0.0,0,"{""amir"": 0.0, ""anfer"": 0.0}",0.0,0.0,5493.0
021_04_sy2014_ic2_dqn_seed12_50k__sy_2014_seed1,dba09881156539b3ad34cf72ea1cc08db5be74f8018a03a49e1eba481815ff7f,SY,2014,1,dqn,50000,13.0,,,,19.200000762939453,0.0,,0.0,0.0069259405136108,,0.0,0.0,0.0,0.0,0,"{""amir"": 0.0, ""anfer"": 0.0}",0.0,0.0,5493.0
021_04_sy2014_ic2_dqn_seed12_50k__sy_2014_seed1,dba09881156539b3ad34cf72ea1cc08db5be74f8018a03a49e1eba481815ff7f,SY,2014,1,dqn,50000,14.0,,,,19.200000762939453,0.0,,0.0,0.006073772907257,,0.0,0.0,0.0,0.0,0,"{""amir"": 0.0, ""anfer"": 0.0}",0.0,0.0,5493.0
021_04_sy2014_ic2_dqn_seed12_50k__sy_2014_seed1,dba09881156539b3ad34cf72ea1cc08db5be74f8018a03a49e1eba481815ff7f,SY,2014,1,dqn,50000,15.0,,,,19.200000762939453,0.0,,0.0,0.0052758455276489,,0.0,0.0,0.0,0.0,0,"{""amir"": 0.0, ""anfer"": 0.0}",0.0,0.0,5493.0
021_04_sy2014_ic2_dqn_seed12_50k__sy_2014_seed1,dba09881156539b3ad34cf72ea1cc08db5be74f8018a03a49e1eba481815ff7f,SY,2014,1,dqn,50000,16.0,,,,19.200000762939453,0.0,,0.0,0.0030127763748168,,0.0,0.0,0.0,0.0,0,"{""amir"": 0.0, ""anfer"": 0.0}",0.0,0.0,5493.0
021_04_sy2014_ic2_dqn_seed12_50k__sy_2014_seed1,dba09881156539b3ad34cf72ea1cc08db5be74f8018a03a49e1eba481815ff7f,SY,2014,1,dqn,50000,17.0,,,,19.200000762939453,0.0,,0.0,0.0017459988594055,,0.0,0.0,0.0,0.0,0,"{""amir"": 0.0, ""anfer"": 0.0}",0.0,0.0,5493.0
021_04_sy2014_ic2_dqn_seed12_50k__sy_2014_seed1,dba09881156539b3ad34cf72ea1cc08db5be74f8018a03a49e1eba481815ff7f,SY,2014,1,dqn,50000,18.0,,,,19.200000762939453,0.0,,0.0,0.0,,0.0,0.0,0.0,0.0,0,"{""amir"": 0.0, ""anfer"": 0.0}",0.0,0.0,5493.0
021_04_sy2014_ic2_dqn_seed12_50k__sy_2014_seed1,dba09881156539b3ad34cf72ea1cc08db5be74f8018a03a49e1eba481815ff7f,SY,2014,1,dqn,50000,19.0,,,,19.200000762939453,0.0,,0.0,0.0,,0.0,0.0,0.0,0.0,0,"{""amir"": 0.0, ""anfer"": 0.0}",0.0,0.0,5493.0
021_04_sy2014_ic2_dqn_seed12_50k__sy_2014_seed1,dba09881156539b3ad34cf72ea1cc08db5be74f8018a03a49e1eba481815ff7f,SY,2014,1,dqn,50000,20.0,,,,19.200000762939453,0.0,,0.0,0.0,,0.0,0.0,0.0,0.0,0,"{""amir"": 0.0, ""anfer"": 0.0}",0.0,0.0,5493.0
021_04_sy2014_ic2_dqn_seed12_50k__sy_2014_seed1,dba09881156539b3ad34cf72ea1cc08db5be74f8018a03a49e1eba481815ff7f,SY,2014,1,dqn,50000,21.0,,,,19.200000762939453,0.0,,0.0,0.0,,0.0,0.0,0.0,0.0,0,"{""amir"": 0.0, ""anfer"": 0.0}",0.0,0.0,5493.0
021_04_sy2014_ic2_dqn_seed12_50k__sy_2014_seed1,dba09881156539b3ad34cf72ea1cc08db5be74f8018a03a49e1eba481815ff7f,SY,2014,1,dqn,50000,22.0,,,,19.200000762939453,0.0,,0.0,0.0,,0.0,0.0,0.0,0.0,0,"{""amir"": 0.0, ""anfer"": 0.0}",0.0,0.0,5493.0
021_04_sy2014_ic2_dqn_seed12_50k__sy_2014_seed1,dba09881156539b3ad34cf72ea1cc08db5be74f8018a03a49e1eba481815ff7f,SY,2014,1,dqn,50000,23.0,,,,19.200000762939453,0.0,,0.0,0.0,,0.0,0.0,0.0,0.0,0,"{""amir"": 0.0, ""anfer"": 0.0}",0.0,0.0,5493.0
021_04_sy2014_ic2_dqn_seed12_50k__sy_2014_seed1,dba09881156539b3ad34cf72ea1cc08db5be74f8018a03a49e1eba481815ff7f,SY,2014,1,dqn,50000,24.0,,,,19.200000762939453,0.0,,0.0,0.0,,0.0,0.0,0.0,0.0,0,"{""amir"": 0.0, ""anfer"": 0.0}",0.0,0.0,5493.0
021_04_sy2014_ic2_dqn_seed12_50k__sy_2014_seed1,dba09881156539b3ad34cf72ea1cc08db5be74f8018a03a49e1eba481815ff7f,SY,2014,1,dqn,50000,25.0,,,,19.200000762939453,0.0,,0.0,0.0,,0.0,0.0,0.0,0.0,0,"{""amir"": 0.0, ""anfer"": 0.0}",0.0,0.0,5493.0
021_04_sy2014_ic2_dqn_seed12_50k__sy_2014_seed1,dba09881156539b3ad34cf72ea1cc08db5be74f8018a03a49e1eba481815ff7f,SY,2014,1,dqn,50000,26.0,,,,21.344969272613525,0.0,,0.0,0.0,,0.0,0.0,0.0,0.0,0,"{""amir"": 0.0, ""anfer"": 0.0}",0.0,0.0,5493.0
021_04_sy2014_ic2_dqn_seed12_50k__sy_2014_seed1,dba09881156539b3ad34cf72ea1cc08db5be74f8018a03a49e1eba481815ff7f,SY,2014,1,dqn,50000,27.0,,,,24.753751754760746,0.0,,0.0,0.0,,0.0,0.0,0.0,0.0,0,"{""amir"": 0.0, ""anfer"": 0.0}",0.0,0.0,5493.0
021_04_sy2014_ic2_dqn_seed12_50k__sy_2014_seed1,dba09881156539b3ad34cf72ea1cc08db5be74f8018a03a49e1eba481815ff7f,SY,2014,1,dqn,50000,28.0,,,,29.73308563232422,0.0,,0.0,0.0,,0.0,0.0,0.0,0.0,0,"{""amir"": 0.0, ""anfer"": 0.0}",0.0,0.0,5493.0
021_04_sy2014_ic2_dqn_seed12_50k__sy_2014_seed1,dba09881156539b3ad34cf72ea1cc08db5be74f8018a03a49e1eba481815ff7f,SY,2014,1,dqn,50000,29.0,,,,33.97267818450928,0.0,,0.0,0.0,,0.0,0.0,0.0,0.0,0,"{""amir"": 0.0, ""anfer"": 0.0}",0.0,0.0,5493.0
021_04_sy2014_ic2_dqn_seed12_50k__sy_2014_seed1,dba09881156539b3ad34cf72ea1cc08db5be74f8018a03a49e1eba481815ff7f,SY,2014,1,dqn,50000,30.0,,,,37.713940143585205,0.0,,0.0,0.0,,0.0,0.0,0.0,0.0,0,"{""amir"": 0.0, ""anfer"": 0.0}",0.0,0.0,5493.0
021_04_sy2014_ic2_dqn_seed12_50k__sy_2014_seed1,dba09881156539b3ad34cf72ea1cc08db5be74f8018a03a49e1eba481815ff7f,SY,2014,1,dqn,50000,31.0,,,,45.03967761993408,0.0,,0.0,0.0,,0.0,0.0,0.0,0.0,0,"{""amir"": 0.0, ""anfer"": 0.0}",0.0,0.0,5493.0
021_04_sy2014_ic2_dqn_seed12_50k__sy_2014_seed1,dba09881156539b3ad34cf72ea1cc08db5be74f8018a03a49e1eba481815ff7f,SY,2014,1,dqn,50000,32.0,,,,52.25168704986572,0.0,,0.0,0.0,,0.0,0.0,0.0,0.0,0,"{""amir"": 0.0, ""anfer"": 0.0}",0.0,0.0,5493.0
021_04_sy2014_ic2_dqn_seed12_50k__sy_2014_seed1,dba09881156539b3ad34cf72ea1cc08db5be74f8018a03a49e1eba481815ff7f,SY,2014,1,dqn,50000,33.0,,,,62.70843029022217,0.0,,0.0,0.0,,0.0,0.0,0.0,0.0,0,"{""amir"": 0.0, ""anfer"": 0.0}",0.0,0.0,5493.0
021_04_sy2014_ic2_dqn_seed12_50k__sy_2014_seed1,dba09881156539b3ad34cf72ea1cc08db5be74f8018a03a49e1eba481815ff7f,SY,2014,1,dqn,50000,34.0,,,,71.75473690032959,0.0,,0.0,0.0,,0.0,0.0,0.0,0.0,0,"{""amir"": 0.0, ""anfer"": 0.0}",0.0,0.0,5493.0
021_04_sy2014_ic2_dqn_seed12_50k__sy_2014_seed1,dba09881156539b3ad34cf72ea1cc08db5be74f8018a03a49e1eba481815ff7f,SY,2014,1,dqn,50000,35.0,,,,74.65672969818115,0.0,,0.0,0.0,,0.0,0.0,0.0,0.0,0,"{""amir"": 0.0, ""anfer"": 0.0}",0.0,0.0,5493.0
021_04_sy2014_ic2_dqn_seed12_50k__sy_2014_seed1,dba09881156539b3ad34cf72ea1cc08db5be74f8018a03a49e1eba481815ff7f,SY,2014,1,dqn,50000,36.0,,,,87.41036415100098,0.0,,0.0,0.0017406940460205,,0.0,0.0,0.0,0.0,0,"{""amir"": 0.0, ""anfer"": 0.0}",0.0,0.0,5493.0
021_04_sy2014_ic2_dqn_seed12_50k__sy_2014_seed1,dba09881156539b3ad34cf72ea1cc08db5be74f8018a03a49e1eba481815ff7f,SY,2014,1,dqn,50000,37.0,,,,103.39940071105956,0.0,,0.0,0.0,,0.0,0.0,0.0,0.0,0,"{""amir"": 0.0, ""anfer"": 0.0}",0.0,0.0,5493.0
021_04_sy2014_ic2_dqn_seed12_50k__sy_2014_seed1,dba09881156539b3ad34cf72ea1cc08db5be74f8018a03a49e1eba481815ff7f,SY,2014,1,dqn,50000,38.0,,,,123.37764739990234,0.0,,0.0,0.0,,0.0,0.0,0.0,0.0,0,"{""amir"": 0.0, ""anfer"": 0.0}",0.0,0.0,5493.0
021_04_sy2014_ic2_dqn_seed12_50k__sy_2014_seed1,dba09881156539b3ad34cf72ea1cc08db5be74f8018a03a49e1eba481815ff7f,SY,2014,1,dqn,50000,39.0,,,,148.9447784423828,0.0,,0.0,0.0,,0.0,0.0,0.0,0.0,0,"{""amir"": 0.0, ""anfer"": 0.0}",0.0,0.0,5493.0
021_04_sy2014_ic2_dqn_seed12_50k__sy_2014_seed1,dba09881156539b3ad34cf72ea1cc08db5be74f8018a03a49e1eba481815ff7f,SY,2014,1,dqn,50000,40.0,,,,178.76474380493164,0.0,,0.0,0.0,,0.0,0.0,0.0,0.0,0,"{""amir"": 0.0, ""anfer"": 0.0}",0.0,0.0,5493.0
021_04_sy2014_ic2_dqn_seed12_50k__sy_2014_seed1,dba09881156539b3ad34cf72ea1cc08db5be74f8018a03a49e1eba481815ff7f,SY,2014,1,dqn,50000,41.0,,,,216.6964530944824,0.0,,0.0,0.0,,0.0,0.0,0.0,0.0,0,"{""amir"": 0.0, ""anfer"": 0.0}",0.0,0.0,5493.0
021_04_sy2014_ic2_dqn_seed12_50k__sy_2014_seed1,dba09881156539b3ad34cf72ea1cc08db5be74f8018a03a49e1eba481815ff7f,SY,2014,1,dqn,50000,42.0,,,,254.9726104736328,0.0,,0.0,0.0,,0.0,0.0,0.0,0.0,0,"{""amir"": 0.0, ""anfer"": 0.0}",0.0,0.0,5493.0
021_04_sy2014_ic2_dqn_seed12_50k__sy_2014_seed1,dba09881156539b3ad34cf72ea1cc08db5be74f8018a03a49e1eba481815ff7f,SY,2014,1,dqn,50000,43.0,,,,290.72134017944336,0.0,,0.0,0.0,,0.0,0.0,0.0,0.0,0,"{""amir"": 0.0, ""anfer"": 0.0}",0.0,0.0,5493.0
021_04_sy2014_ic2_dqn_seed12_50k__sy_2014_seed1,dba09881156539b3ad34cf72ea1cc08db5be74f8018a03a49e1eba481815ff7f,SY,2014,1,dqn,50000,44.0,,,,331.7587280273437,0.0,,0.0,0.0,,0.0,0.0,0.0,0.0,0,"{""amir"": 0.0, ""anfer"": 0.0}",0.0,0.0,5493.0
021_04_sy2014_ic2_dqn_seed12_50k__sy_2014_seed1,dba09881156539b3ad34cf72ea1cc08db5be74f8018a03a49e1eba481815ff7f,SY,2014,1,dqn,50000,45.0,,,,379.79591369628906,0.0,,0.0,0.0,,0.0,0.0,0.0,0.0,0,"{""amir"": 0.0, ""anfer"": 0.0}",0.0,0.0,5493.0
021_04_sy2014_ic2_dqn_seed12_50k__sy_2014_seed1,dba09881156539b3ad34cf72ea1cc08db5be74f8018a03a49e1eba481815ff7f,SY,2014,1,dqn,50000,46.0,,,,434.5947647094727,0.0,,0.0,0.0,,0.0,0.0,0.0,0.0,0,"{""amir"": 0.0, ""anfer"": 0.0}",0.0,0.0,5493.0
021_04_sy2014_ic2_dqn_seed12_50k__sy_2014_seed1,dba09881156539b3ad34cf72ea1cc08db5be74f8018a03a49e1eba481815ff7f,SY,2014,1,dqn,50000,47.0,,,,484.5530700683594,0.0,,0.0,0.0,,0.0,0.0,0.0,0.0,0,"{""amir"": 0.0, ""anfer"": 0.0}",0.0,0.0,5493.0
021_04_sy2014_ic2_dqn_seed12_50k__sy_2014_seed1,dba09881156539b3ad34cf72ea1cc08db5be74f8018a03a49e1eba481815ff7f,SY,2014,1,dqn,50000,48.0,,,,528.6686706542969,0.0,,0.0,0.0,,0.0,0.0,0.0,0.0,0,"{""amir"": 0.0, ""anfer"": 0.0}",0.0,0.0,5493.0
021_04_sy2014_ic2_dqn_seed12_50k__sy_2014_seed1,dba09881156539b3ad34cf72ea1cc08db5be74f8018a03a49e1eba481815ff7f,SY,2014,1,dqn,50000,49.0,,,,574.9260330200195,0.0,,0.0,0.0,,0.0,0.0,0.0,0.0,0,"{""amir"": 0.0, ""anfer"": 0.0}",0.0,0.0,5493.0
021_04_sy2014_ic2_dqn_seed12_50k__sy_2014_seed1,dba09881156539b3ad34cf72ea1cc08db5be74f8018a03a49e1eba481815ff7f,SY,2014,1,dqn,50000,50.0,,,,634.3387985229492,0.0,,0.0,0.0,,0.0,0.0,0.0,0.0,0,"{""amir"": 0.0, ""anfer"": 0.0}",0.0,0.0,5493.0
021_04_sy2014_ic2_dqn_seed12_50k__sy_2014_seed1,dba09881156539b3ad34cf72ea1cc08db5be74f8018a03a49e1eba481815ff7f,SY,2014,1,dqn,50000,51.0,,,,697.6332092285156,0.0,,0.0,0.0,,0.0,0.0,0.0,0.0,0,"{""amir"": 0.0, ""anfer"": 0.0}",0.0,0.0,5493.0
021_04_sy2014_ic2_dqn_seed12_50k__sy_2014_seed1,dba09881156539b3ad34cf72ea1cc08db5be74f8018a03a49e1eba481815ff7f,SY,2014,1,dqn,50000,52.0,,,,756.484375,0.0,,0.0,0.0,,0.0,0.0,0.0,0.0,0,"{""amir"": 0.0, ""anfer"": 0.0}",0.0,0.0,5493.0
021_04_sy2014_ic2_dqn_seed12_50k__sy_2014_seed1,dba09881156539b3ad34cf72ea1cc08db5be74f8018a03a49e1eba481815ff7f,SY,2014,1,dqn,50000,53.0,,,,825.2777099609375,0.0,,0.0,0.0,,0.0,0.0,0.0,0.0,0,"{""amir"": 0.0, ""anfer"": 0.0}",0.0,0.0,5493.0
021_04_sy2014_ic2_dqn_seed12_50k__sy_2014_seed1,dba09881156539b3ad34cf72ea1cc08db5be74f8018a03a49e1eba481815ff7f,SY,2014,1,dqn,50000,54.0,,,,900.40771484375,0.0,,0.0,0.0,,0.0,0.0,0.0,0.0,0,"{""amir"": 0.0, ""anfer"": 0.0}",0.0,0.0,5493.0
021_04_sy2014_ic2_dqn_seed12_50k__sy_2014_seed1,dba09881156539b3ad34cf72ea1cc08db5be74f8018a03a49e1eba481815ff7f,SY,2014,1,dqn,50000,55.0,,,,983.9599609375,0.0,,0.0,0.0,,0.0,0.0,0.0,0.0,0,"{""amir"": 0.0, ""anfer"": 0.0}",0.0,0.0,5493.0
021_04_sy2014_ic2_dqn_seed12_50k__sy_2014_seed1,dba09881156539b3ad34cf72ea1cc08db5be74f8018a03a49e1eba481815ff7f,SY,2014,1,dqn,50000,56.0,,,,1089.1144561767578,0.0,,0.0,0.0,,0.0,0.0,0.0,0.0,0,"{""amir"": 0.0, ""anfer"": 0.0}",0.0,0.0,5493.0
021_04_sy2014_ic2_dqn_seed12_50k__sy_2014_seed1,dba09881156539b3ad34cf72ea1cc08db5be74f8018a03a49e1eba481815ff7f,SY,2014,1,dqn,50000,57.0,,,,1195.4468536376953,0.0,,0.0,0.0,,0.0,0.0,0.0,0.0,0,"{""amir"": 0.0, ""anfer"": 0.0}",0.0,0.0,5493.0
021_04_sy2014_ic2_dqn_seed12_50k__sy_2014_seed1,dba09881156539b3ad34cf72ea1cc08db5be74f8018a03a49e1eba481815ff7f,SY,2014,1,dqn,50000,58.0,,,,1295.7649230957031,0.0,,0.0,0.0,,0.0,0.0,0.0,0.0,0,"{""amir"": 0.0, ""anfer"": 0.0}",0.0,0.0,5493.0
021_04_sy2014_ic2_dqn_seed12_50k__sy_2014_seed1,dba09881156539b3ad34cf72ea1cc08db5be74f8018a03a49e1eba481815ff7f,SY,2014,1,dqn,50000,59.0,,,,1383.7161254882812,0.0,,0.0,0.0,,0.0,0.0,0.0,0.0,0,"{""amir"": 0.0, ""anfer"": 0.0}",0.0,0.0,5493.0
021_04_sy2014_ic2_dqn_seed12_50k__sy_2014_seed1,dba09881156539b3ad34cf72ea1cc08db5be74f8018a03a49e1eba481815ff7f,SY,2014,1,dqn,50000,60.0,,,,1484.290008544922,0.0,,0.0,0.0,,0.0,0.0,0.0,0.0,0,"{""amir"": 0.0, ""anfer"": 0.0}",0.0,0.0,5493.0
021_04_sy2014_ic2_dqn_seed12_50k__sy_2014_seed1,dba09881156539b3ad34cf72ea1cc08db5be74f8018a03a49e1eba481815ff7f,SY,2014,1,dqn,50000,61.0,,,,1592.70751953125,0.0,,0.0,0.0,,0.0,0.0,0.0,0.0,0,"{""amir"": 0.0, ""anfer"": 0.0}",0.0,0.0,5493.0
021_04_sy2014_ic2_dqn_seed12_50k__sy_2014_seed1,dba09881156539b3ad34cf72ea1cc08db5be74f8018a03a49e1eba481815ff7f,SY,2014,1,dqn,50000,62.0,,,,1710.9112548828125,0.0,,0.0,0.0,,0.0,0.0,0.0,0.0,0,"{""amir"": 0.0, ""anfer"": 0.0}",0.0,0.0,5493.0
021_04_sy2014_ic2_dqn_seed12_50k__sy_2014_seed1,dba09881156539b3ad34cf72ea1cc08db5be74f8018a03a49e1eba481815ff7f,SY,2014,1,dqn,50000,63.0,,,,1825.2359008789065,0.0,,0.0,0.0,,0.0,0.0,0.0,0.0,0,"{""amir"": 0.0, ""anfer"": 0.0}",0.0,0.0,5493.0
021_04_sy2014_ic2_dqn_seed12_50k__sy_2014_seed1,dba09881156539b3ad34cf72ea1cc08db5be74f8018a03a49e1eba481815ff7f,SY,2014,1,dqn,50000,64.0,,,,1949.4239807128904,0.0,,0.0,0.0,,0.0,0.0,0.0,0.0,0,"{""amir"": 0.0, ""anfer"": 0.0}",0.0,0.0,5493.0
021_04_sy2014_ic2_dqn_seed12_50k__sy_2014_seed1,dba09881156539b3ad34cf72ea1cc08db5be74f8018a03a49e1eba481815ff7f,SY,2014,1,dqn,50000,65.0,,,,2083.9894104003906,0.0,,0.0,0.0207860469818115,,0.0,0.0,0.0,0.0,0,"{""amir"": 0.0, ""anfer"": 0.0}",0.0,0.0,5493.0
021_04_sy2014_ic2_dqn_seed12_50k__sy_2014_seed1,dba09881156539b3ad34cf72ea1cc08db5be74f8018a03a49e1eba481815ff7f,SY,2014,1,dqn,50000,66.0,,,,2230.03662109375,0.0,,0.0,0.0450993180274963,,0.0,0.0,0.0,0.0,0,"{""amir"": 0.0, ""anfer"": 0.0}",0.0,0.0,5493.0
021_04_sy2014_ic2_dqn_seed12_50k__sy_2014_seed1,dba09881156539b3ad34cf72ea1cc08db5be74f8018a03a49e1eba481815ff7f,SY,2014,1,dqn,50000,67.0,,,,2352.093505859375,0.0,,0.0,0.0683484077453613,,0.0,0.0,0.0,0.0,0,"{""amir"": 0.0, ""anfer"": 0.0}",0.0,0.0,5493.0
021_04_sy2014_ic2_dqn_seed12_50k__sy_2014_seed1,dba09881156539b3ad34cf72ea1cc08db5be74f8018a03a49e1eba481815ff7f,SY,2014,1,dqn,50000,68.0,,,,2468.408660888672,0.0,,0.0,0.0903395414352417,,0.0,0.0,0.0,0.0,0,"{""amir"": 0.0, ""anfer"": 0.0}",0.0,0.0,5493.0
021_04_sy2014_ic2_dqn_seed12_50k__sy_2014_seed1,dba09881156539b3ad34cf72ea1cc08db5be74f8018a03a49e1eba481815ff7f,SY,2014,1,dqn,50000,69.0,,,,2581.533508300781,0.0,,0.0,0.1055159568786621,,0.0,0.0,0.0,0.0,0,"{""amir"": 0.0, ""anfer"": 0.0}",0.0,0.0,5493.0
021_04_sy2014_ic2_dqn_seed12_50k__sy_2014_seed1,dba09881156539b3ad34cf72ea1cc08db5be74f8018a03a49e1eba481815ff7f,SY,2014,1,dqn,50000,70.0,,,,2711.787414550781,0.0,,0.0,0.1178019046783447,,0.0,0.0,0.0,0.0,0,"{""amir"": 0.0, ""anfer"": 0.0}",0.0,0.0,5493.0
021_04_sy2014_ic2_dqn_seed12_50k__sy_2014_seed1,dba09881156539b3ad34cf72ea1cc08db5be74f8018a03a49e1eba481815ff7f,SY,2014,1,dqn,50000,71.0,,,,2858.5064697265625,0.0,,0.0,0.1279278993606567,,0.0,0.0,0.0,0.0,0,"{""amir"": 0.0, ""anfer"": 0.0}",0.0,0.0,5493.0
021_04_sy2014_ic2_dqn_seed12_50k__sy_2014_seed1,dba09881156539b3ad34cf72ea1cc08db5be74f8018a03a49e1eba481815ff7f,SY,2014,1,dqn,50000,72.0,,,,3007.1365356445312,0.0,,0.0,0.1395850777626037,,0.0,0.0,0.0,0.0,0,"{""amir"": 0.0, ""anfer"": 0.0}",0.0,0.0,5493.0
021_04_sy2014_ic2_dqn_seed12_50k__sy_2014_seed1,dba09881156539b3ad34cf72ea1cc08db5be74f8018a03a49e1eba481815ff7f,SY,2014,1,dqn,50000,73.0,,,,3295.130920410156,0.0,,0.0,0.151700735092163,,0.0,0.0,0.0,0.0,0,"{""amir"": 0.0, ""anfer"": 0.0}",0.0,0.0,5493.0
021_04_sy2014_ic2_dqn_seed12_50k__sy_2014_seed1,dba09881156539b3ad34cf72ea1cc08db5be74f8018a03a49e1eba481815ff7f,SY,2014,1,dqn,50000,74.0,,,,3468.5317993164062,0.0,,0.0,0.1622416973114013,,0.0,0.0,0.0,0.0,0,"{""amir"": 0.0, ""anfer"": 0.0}",0.0,0.0,5493.0
021_04_sy2014_ic2_dqn_seed12_50k__sy_2014_seed1,dba09881156539b3ad34cf72ea1cc08db5be74f8018a03a49e1eba481815ff7f,SY,2014,1,dqn,50000,75.0,,,,3618.790893554688,0.0,,0.0,0.1850702762603759,,0.0,0.0,0.0,0.0,0,"{""amir"": 0.0, ""anfer"": 0.0}",0.0,0.0,5493.0
021_04_sy2014_ic2_dqn_seed12_50k__sy_2014_seed1,dba09881156539b3ad34cf72ea1cc08db5be74f8018a03a49e1eba481815ff7f,SY,2014,1,dqn,50000,76.0,,,,3750.98876953125,0.0,,0.0,0.193942129611969,,0.0,0.0,0.0,0.0,0,"{""amir"": 0.0, ""anfer"": 0.0}",0.0,0.0,5493.0
021_04_sy2014_ic2_dqn_seed12_50k__sy_2014_seed1,dba09881156539b3ad34cf72ea1cc08db5be74f8018a03a49e1eba481815ff7f,SY,2014,1,dqn,50000,77.0,,,,3869.3011474609375,0.0,,0.0,0.199248194694519,,0.0,0.0,0.0,0.0,0,"{""amir"": 0.0, ""anfer"": 0.0}",0.0,0.0,5493.0
021_04_sy2014_ic2_dqn_seed12_50k__sy_2014_seed1,dba09881156539b3ad34cf72ea1cc08db5be74f8018a03a49e1eba481815ff7f,SY,2014,1,dqn,50000,78.0,,,,3980.799865722656,0.0,,0.0,0.2072367072105407,,0.0,0.0,0.0,0.0,0,"{""amir"": 0.0, ""anfer"": 0.0}",0.0,0.0,5493.0
021_04_sy2014_ic2_dqn_seed12_50k__sy_2014_seed1,dba09881156539b3ad34cf72ea1cc08db5be74f8018a03a49e1eba481815ff7f,SY,2014,1,dqn,50000,79.0,,,,4085.190124511719,0.0,,0.0,0.2129586338996887,,0.0,0.0,0.0,0.0,0,"{""amir"": 0.0, ""anfer"": 0.0}",0.0,0.0,5493.0
021_04_sy2014_ic2_dqn_seed12_50k__sy_2014_seed1,dba09881156539b3ad34cf72ea1cc08db5be74f8018a03a49e1eba481815ff7f,SY,2014,1,dqn,50000,80.0,,,,4193.335571289063,0.0,,0.0,0.2153649926185608,,0.0,0.0,0.0,0.0,0,"{""amir"": 0.0, ""anfer"": 0.0}",0.0,0.0,5493.0
021_04_sy2014_ic2_dqn_seed12_50k__sy_2014_seed1,dba09881156539b3ad34cf72ea1cc08db5be74f8018a03a49e1eba481815ff7f,SY,2014,1,dqn,50000,81.0,,,,4284.2364501953125,0.0,,0.0,0.2190966010093689,,0.0,0.0,0.0,0.0,0,"{""amir"": 0.0, ""anfer"": 0.0}",0.0,0.0,5493.0
021_04_sy2014_ic2_dqn_seed12_50k__sy_2014_seed1,dba09881156539b3ad34cf72ea1cc08db5be74f8018a03a49e1eba481815ff7f,SY,2014,1,dqn,50000,82.0,,,,4376.9134521484375,0.0,,0.0,0.2203364968299865,,0.0,0.0,0.0,0.0,0,"{""amir"": 0.0, ""anfer"": 0.0}",0.0,0.0,5493.0
021_04_sy2014_ic2_dqn_seed12_50k__sy_2014_seed1,dba09881156539b3ad34cf72ea1cc08db5be74f8018a03a49e1eba481815ff7f,SY,2014,1,dqn,50000,83.0,,,,4468.602294921875,0.0,,0.0,0.2192417979240417,,0.0,0.0,0.0,0.0,0,"{""amir"": 0.0, ""anfer"": 0.0}",0.0,0.0,5493.0
021_04_sy2014_ic2_dqn_seed12_50k__sy_2014_seed1,dba09881156539b3ad34cf72ea1cc08db5be74f8018a03a49e1eba481815ff7f,SY,2014,1,dqn,50000,84.0,,,,4563.6083984375,0.0,,0.0,0.2172316908836364,,0.0,0.0,0.0,0.0,0,"{""amir"": 0.0, ""anfer"": 0.0}",0.0,0.0,5493.0
021_04_sy2014_ic2_dqn_seed12_50k__sy_2014_seed1,dba09881156539b3ad34cf72ea1cc08db5be74f8018a03a49e1eba481815ff7f,SY,2014,1,dqn,50000,85.0,,,,4669.2291259765625,0.0,,0.0,0.2127729654312133,,0.0,0.0,0.0,0.0,0,"{""amir"": 0.0, ""anfer"": 0.0}",0.0,0.0,5493.0
021_04_sy2014_ic2_dqn_seed12_50k__sy_2014_seed1,dba09881156539b3ad34cf72ea1cc08db5be74f8018a03a49e1eba481815ff7f,SY,2014,1,dqn,50000,86.0,,,,4779.831237792969,0.0,,0.0,0.2055679559707641,,0.0,0.0,0.0,0.0,0,"{""amir"": 0.0, ""anfer"": 0.0}",0.0,0.0,5493.0
021_04_sy2014_ic2_dqn_seed12_50k__sy_2014_seed1,dba09881156539b3ad34cf72ea1cc08db5be74f8018a03a49e1eba481815ff7f,SY,2014,1,dqn,50000,87.0,,,,4879.786682128906,0.0,,0.0,0.2063058018684387,,0.0,0.0,0.0,0.0,0,"{""amir"": 0.0, ""anfer"": 0.0}",0.0,0.0,5493.0
021_04_sy2014_ic2_dqn_seed12_50k__sy_2014_seed1,dba09881156539b3ad34cf72ea1cc08db5be74f8018a03a49e1eba481815ff7f,SY,2014,1,dqn,50000,88.0,,,,4977.4114990234375,0.0,,0.0,0.2078858017921447,,0.0,0.0,0.0,0.0,0,"{""amir"": 0.0, ""anfer"": 0.0}",0.0,0.0,5493.0
021_04_sy2014_ic2_dqn_seed12_50k__sy_2014_seed1,dba09881156539b3ad34cf72ea1cc08db5be74f8018a03a49e1eba481815ff7f,SY,2014,1,dqn,50000,89.0,,,,5085.112609863281,0.0,,0.0,0.2074021100997924,,0.0,0.0,0.0,0.0,0,"{""amir"": 0.0, ""anfer"": 0.0}",0.0,0.0,5493.0
021_04_sy2014_ic2_dqn_seed12_50k__sy_2014_seed1,dba09881156539b3ad34cf72ea1cc08db5be74f8018a03a49e1eba481815ff7f,SY,2014,1,dqn,50000,90.0,,,,5241.3385009765625,0.0,,0.0,0.2069751024246215,,0.0,0.0,0.0,0.0,0,"{""amir"": 0.0, ""anfer"": 0.0}",0.0,0.0,5493.0
021_04_sy2014_ic2_dqn_seed12_50k__sy_2014_seed1,dba09881156539b3ad34cf72ea1cc08db5be74f8018a03a49e1eba481815ff7f,SY,2014,1,dqn,50000,91.0,,,,5451.069946289063,0.0,,0.0,0.1990035772323608,,15.0,0.0,15.0,0.0,1,"{""amir"": 15.0, ""anfer"": 0.0}",-15.0,0.0,5493.0
021_04_sy2014_ic2_dqn_seed12_50k__sy_2014_seed1,dba09881156539b3ad34cf72ea1cc08db5be74f8018a03a49e1eba481815ff7f,SY,2014,1,dqn,50000,92.0,,,,5487.69775390625,0.0,,0.0,0.1991600394248962,,15.0,0.0,0.0,0.0,1,"{""amir"": 0.0, ""anfer"": 0.0}",0.0,0.0,5493.0
021_04_sy2014_ic2_dqn_seed12_50k__sy_2014_seed1,dba09881156539b3ad34cf72ea1cc08db5be74f8018a03a49e1eba481815ff7f,SY,2014,1,dqn,50000,93.0,,,,5606.759033203125,0.0,,0.0,0.2049925923347473,,15.0,0.0,0.0,0.0,1,"{""amir"": 0.0, ""anfer"": 0.0}",0.0,0.0,5493.0
021_04_sy2014_ic2_dqn_seed12_50k__sy_2014_seed1,dba09881156539b3ad34cf72ea1cc08db5be74f8018a03a49e1eba481815ff7f,SY,2014,1,dqn,50000,94.0,,,,5806.7816162109375,0.0,,0.0,0.1960006952285766,,15.0,0.0,0.0,0.0,1,"{""amir"": 0.0, ""anfer"": 0.0}",0.0,0.0,5493.0
021_04_sy2014_ic2_dqn_seed12_50k__sy_2014_seed1,dba09881156539b3ad34cf72ea1cc08db5be74f8018a03a49e1eba481815ff7f,SY,2014,1,dqn,50000,95.0,,,,5943.024291992188,0.0,,0.0,0.1940325498580932,,15.0,0.0,0.0,0.0,1,"{""amir"": 0.0, ""anfer"": 0.0}",0.0,0.0,5493.0
021_04_sy2014_ic2_dqn_seed12_50k__sy_2014_seed1,dba09881156539b3ad34cf72ea1cc08db5be74f8018a03a49e1eba481815ff7f,SY,2014,1,dqn,50000,96.0,,,,5981.455078125,0.0,,0.0,0.1953127980232238,,15.0,0.0,0.0,0.0,1,"{""amir"": 0.0, ""anfer"": 0.0}",0.0,0.0,5493.0
021_04_sy2014_ic2_dqn_seed12_50k__sy_2014_seed1,dba09881156539b3ad34cf72ea1cc08db5be74f8018a03a49e1eba481815ff7f,SY,2014,1,dqn,50000,97.0,,,,6193.9691162109375,0.0,,0.0,0.1933631896972656,,15.0,0.0,0.0,0.0,1,"{""amir"": 0.0, ""anfer"": 0.0}",0.0,0.0,5493.0
021_04_sy2014_ic2_dqn_seed12_50k__sy_2014_seed1,dba09881156539b3ad34cf72ea1cc08db5be74f8018a03a49e1eba481815ff7f,SY,2014,1,dqn,50000,98.0,,,,6400.768432617188,0.0,,0.0,0.1873894333839416,,30.0,0.0,15.0,0.0,1,"{""amir"": 15.0, ""anfer"": 0.0}",-15.0,0.0,5493.0
021_04_sy2014_ic2_dqn_seed12_50k__sy_2014_seed1,dba09881156539b3ad34cf72ea1cc08db5be74f8018a03a49e1eba481815ff7f,SY,2014,1,dqn,50000,99.0,,,,6574.8370361328125,0.0,,0.0,0.1875143051147461,,30.0,0.0,0.0,0.0,1,"{""amir"": 0.0, ""anfer"": 0.0}",0.0,0.0,5493.0
021_04_sy2014_ic2_dqn_seed12_50k__sy_2014_seed1,dba09881156539b3ad34cf72ea1cc08db5be74f8018a03a49e1eba481815ff7f,SY,2014,1,dqn,50000,100.0,,,,6785.055541992188,210.21827697753903,,0.0,0.1868361234664917,,30.0,0.0,0.0,0.0,1,"{""amir"": 0.0, ""anfer"": 0.0}",0.0,0.0,5493.0
021_04_sy2014_ic2_dqn_seed12_50k__sy_2014_seed1,dba09881156539b3ad34cf72ea1cc08db5be74f8018a03a49e1eba481815ff7f,SY,2014,1,dqn,50000,101.0,,,,6939.1259765625,364.2892456054688,,0.0,0.2040762305259704,,30.0,0.0,0.0,0.0,1,"{""amir"": 0.0, ""anfer"": 0.0}",0.0,0.0,5493.0
021_04_sy2014_ic2_dqn_seed12_50k__sy_2014_seed1,dba09881156539b3ad34cf72ea1cc08db5be74f8018a03a49e1eba481815ff7f,SY,2014,1,dqn,50000,102.0,,,,7093.1976318359375,518.3602523803711,,0.0,0.2126281261444091,,30.0,0.0,0.0,0.0,1,"{""amir"": 0.0, ""anfer"": 0.0}",0.0,0.0,5493.0
021_04_sy2014_ic2_dqn_seed12_50k__sy_2014_seed1,dba09881156539b3ad34cf72ea1cc08db5be74f8018a03a49e1eba481815ff7f,SY,2014,1,dqn,50000,103.0,,,,7227.047119140625,652.20947265625,,0.0,0.2183005809783935,,30.0,0.0,0.0,0.0,1,"{""amir"": 0.0, ""anfer"": 0.0}",0.0,0.0,5493.0
021_04_sy2014_ic2_dqn_seed12_50k__sy_2014_seed1,dba09881156539b3ad34cf72ea1cc08db5be74f8018a03a49e1eba481815ff7f,SY,2014,1,dqn,50000,104.0,,,,7360.89599609375,786.0586547851562,,0.0,0.2216688990592956,,30.0,0.0,0.0,0.0,1,"{""amir"": 0.0, ""anfer"": 0.0}",0.0,0.0,5493.0
021_04_sy2014_ic2_dqn_seed12_50k__sy_2014_seed1,dba09881156539b3ad34cf72ea1cc08db5be74f8018a03a49e1eba481815ff7f,SY,2014,1,dqn,50000,105.0,,,,7509.189453125,934.3519592285156,,0.0,0.2246755361557006,,45.0,0.0,15.0,0.0,1,"{""amir"": 15.0, ""anfer"": 0.0}",-15.0,0.0,5493.0
021_04_sy2014_ic2_dqn_seed12_50k__sy_2014_seed1,dba09881156539b3ad34cf72ea1cc08db5be74f8018a03a49e1eba481815ff7f,SY,2014,1,dqn,50000,106.0,,,,7663.259887695312,1088.4230041503906,,0.0,0.2339017391204834,,45.0,0.0,0.0,0.0,1,"{""amir"": 0.0, ""anfer"": 0.0}",0.0,0.0,5493.0
021_04_sy2014_ic2_dqn_seed12_50k__sy_2014_seed1,dba09881156539b3ad34cf72ea1cc08db5be74f8018a03a49e1eba481815ff7f,SY,2014,1,dqn,50000,107.0,,,,7817.3309326171875,1242.4939727783203,,0.0,0.2462487816810608,,45.0,0.0,0.0,0.0,1,"{""amir"": 0.0, ""anfer"": 0.0}",0.0,0.0,5493.0
021_04_sy2014_ic2_dqn_seed12_50k__sy_2014_seed1,dba09881156539b3ad34cf72ea1cc08db5be74f8018a03a49e1eba481815ff7f,SY,2014,1,dqn,50000,108.0,,,,7971.402587890625,1396.56494140625,,0.0,0.2580108046531677,,45.0,0.0,0.0,0.0,1,"{""amir"": 0.0, ""anfer"": 0.0}",0.0,0.0,5493.0
021_04_sy2014_ic2_dqn_seed12_50k__sy_2014_seed1,dba09881156539b3ad34cf72ea1cc08db5be74f8018a03a49e1eba481815ff7f,SY,2014,1,dqn,50000,109.0,,,,8125.4730224609375,1550.635986328125,,0.0,0.2714930772781372,,45.0,0.0,0.0,0.0,1,"{""amir"": 0.0, ""anfer"": 0.0}",0.0,0.0,5493.0
021_04_sy2014_ic2_dqn_seed12_50k__sy_2014_seed1,dba09881156539b3ad34cf72ea1cc08db5be74f8018a03a49e1eba481815ff7f,SY,2014,1,dqn,50000,110.0,,,,8279.544067382812,1704.70703125,,0.0,0.2845032215118408,,45.0,0.0,0.0,0.0,1,"{""amir"": 0.0, ""anfer"": 0.0}",0.0,0.0,5493.0
021_04_sy2014_ic2_dqn_seed12_50k__sy_2014_seed1,dba09881156539b3ad34cf72ea1cc08db5be74f8018a03a49e1eba481815ff7f,SY,2014,1,dqn,50000,111.0,,,,8433.61572265625,1858.778076171875,,0.0,0.2962537407875061,,45.0,0.0,0.0,0.0,1,"{""amir"": 0.0, ""anfer"": 0.0}",0.0,0.0,5493.0
021_04_sy2014_ic2_dqn_seed12_50k__sy_2014_seed1,dba09881156539b3ad34cf72ea1cc08db5be74f8018a03a49e1eba481815ff7f,SY,2014,1,dqn,50000,112.0,,,,8587.686157226562,2012.8489685058596,,0.0,0.3097705841064453,,75.0,0.0,30.0,0.0,2,"{""amir"": 30.0, ""anfer"": 0.0}",-30.0,0.0,5493.0
021_04_sy2014_ic2_dqn_seed12_50k__sy_2014_seed1,dba09881156539b3ad34cf72ea1cc08db5be74f8018a03a49e1eba481815ff7f,SY,2014,1,dqn,50000,113.0,,,,8727.680053710938,2166.9200134277344,,0.0,0.3253925442695617,,75.0,0.0,0.0,0.0,2,"{""amir"": 0.0, ""anfer"": 0.0}",0.0,0.0,5493.0
021_04_sy2014_ic2_dqn_seed12_50k__sy_2014_seed1,dba09881156539b3ad34cf72ea1cc08db5be74f8018a03a49e1eba481815ff7f,SY,2014,1,dqn,50000,114.0,,,,8895.828857421875,2320.9910583496094,,0.0,0.3417361378669739,,75.0,0.0,0.0,0.0,2,"{""amir"": 0.0, ""anfer"": 0.0}",0.0,0.0,5493.0
021_04_sy2014_ic2_dqn_seed12_50k__sy_2014_seed1,dba09881156539b3ad34cf72ea1cc08db5be74f8018a03a49e1eba481815ff7f,SY,2014,1,dqn,50000,115.0,,,,9049.900512695312,2475.0619506835938,,0.0,0.357953667640686,,75.0,0.0,0.0,0.0,0,"{""amir"": 0.0, ""anfer"": 0.0}",0.0,0.0,5493.0
021_04_sy2014_ic2_dqn_seed12_50k__sy_2014_seed1,dba09881156539b3ad34cf72ea1cc08db5be74f8018a03a49e1eba481815ff7f,SY,2014,1,dqn,50000,116.0,,,,9148.947143554688,2629.1329956054688,,0.0,0.378710389137268,,75.0,0.0,0.0,0.0,0,"{""amir"": 0.0, ""anfer"": 0.0}",0.0,0.0,5493.0
021_04_sy2014_ic2_dqn_seed12_50k__sy_2014_seed1,dba09881156539b3ad34cf72ea1cc08db5be74f8018a03a49e1eba481815ff7f,SY,2014,1,dqn,50000,117.0,,,,9274.56787109375,2783.204040527344,,0.0,0.3959053158760071,,75.0,0.0,0.0,0.0,0,"{""amir"": 0.0, ""anfer"": 0.0}",0.0,0.0,5493.0
021_04_sy2014_ic2_dqn_seed12_50k__sy_2014_seed1,dba09881156539b3ad34cf72ea1cc08db5be74f8018a03a49e1eba481815ff7f,SY,2014,1,dqn,50000,118.0,,,,9422.078247070312,2937.2750854492188,,0.0,0.4012019038200378,,75.0,0.0,0.0,0.0,0,"{""amir"": 0.0, ""anfer"": 0.0}",0.0,0.0,5493.0
021_04_sy2014_ic2_dqn_seed12_50k__sy_2014_seed1,dba09881156539b3ad34cf72ea1cc08db5be74f8018a03a49e1eba481815ff7f,SY,2014,1,dqn,50000,119.0,,,,9513.426513671877,3091.3458251953125,,0.0,0.4122281670570373,,75.0,0.0,0.0,0.0,0,"{""amir"": 0.0, ""anfer"": 0.0}",0.0,0.0,5493.0
021_04_sy2014_ic2_dqn_seed12_50k__sy_2014_seed1,dba09881156539b3ad34cf72ea1cc08db5be74f8018a03a49e1eba481815ff7f,SY,2014,1,dqn,50000,120.0,,,,9591.912841796877,3245.4171752929688,,0.0,0.4314409494400024,,75.0,0.0,0.0,0.0,0,"{""amir"": 0.0, ""anfer"": 0.0}",0.0,0.0,5493.0
021_04_sy2014_ic2_dqn_seed12_50k__sy_2014_seed1,dba09881156539b3ad34cf72ea1cc08db5be74f8018a03a49e1eba481815ff7f,SY,2014,1,dqn,50000,121.0,,,,9711.829223632812,3399.488220214844,,0.0,0.4391464591026306,,75.0,0.0,0.0,0.0,0,"{""amir"": 0.0, ""anfer"": 0.0}",0.0,0.0,5493.0
021_04_sy2014_ic2_dqn_seed12_50k__sy_2014_seed1,dba09881156539b3ad34cf72ea1cc08db5be74f8018a03a49e1eba481815ff7f,SY,2014,1,dqn,50000,122.0,,,,9832.836303710938,3553.5595703125,,0.0,0.4435775279998779,,75.0,0.0,0.0,0.0,0,"{""amir"": 0.0, ""anfer"": 0.0}",0.0,0.0,5493.0
021_04_sy2014_ic2_dqn_seed12_50k__sy_2014_seed1,dba09881156539b3ad34cf72ea1cc08db5be74f8018a03a49e1eba481815ff7f,SY,2014,1,dqn,50000,123.0,,,,9893.008422851562,3707.630615234375,,0.0,0.4595480561256408,,75.0,0.0,0.0,0.0,0,"{""amir"": 0.0, ""anfer"": 0.0}",0.0,0.0,5493.0
021_04_sy2014_ic2_dqn_seed12_50k__sy_2014_seed1,dba09881156539b3ad34cf72ea1cc08db5be74f8018a03a49e1eba481815ff7f,SY,2014,1,dqn,50000,124.0,,,,9978.04443359375,3861.7019653320312,,0.0,0.4739865660667419,,75.0,0.0,0.0,0.0,0,"{""amir"": 0.0, ""anfer"": 0.0}",0.0,0.0,5493.0
021_04_sy2014_ic2_dqn_seed12_50k__sy_2014_seed1,dba09881156539b3ad34cf72ea1cc08db5be74f8018a03a49e1eba481815ff7f,SY,2014,1,dqn,50000,125.0,,,,10022.2900390625,4015.773010253906,,0.0,0.4744881987571716,,75.0,0.0,0.0,0.0,1,"{""amir"": 0.0, ""anfer"": 0.0}",0.0,0.0,5493.0
021_04_sy2014_ic2_dqn_seed12_50k__sy_2014_seed1,dba09881156539b3ad34cf72ea1cc08db5be74f8018a03a49e1eba481815ff7f,SY,2014,1,dqn,50000,126.0,,,,10082.085571289062,4169.844055175781,,0.0,0.4808787107467651,,75.0,0.0,0.0,0.0,1,"{""amir"": 0.0, ""anfer"": 0.0}",0.0,0.0,5493.0
021_04_sy2014_ic2_dqn_seed12_50k__sy_2014_seed1,dba09881156539b3ad34cf72ea1cc08db5be74f8018a03a49e1eba481815ff7f,SY,2014,1,dqn,50000,127.0,,,,10115.253295898438,4323.9154052734375,,0.0,0.4806162714958191,,75.0,0.0,0.0,0.0,1,"{""amir"": 0.0, ""anfer"": 0.0}",0.0,0.0,5493.0
021_04_sy2014_ic2_dqn_seed12_50k__sy_2014_seed1,dba09881156539b3ad34cf72ea1cc08db5be74f8018a03a49e1eba481815ff7f,SY,2014,1,dqn,50000,128.0,,,,10215.657958984377,4477.9864501953125,,0.0,0.4865214228630066,,75.0,0.0,0.0,0.0,1,"{""amir"": 0.0, ""anfer"": 0.0}",0.0,0.0,5493.0
021_04_sy2014_ic2_dqn_seed12_50k__sy_2014_seed1,dba09881156539b3ad34cf72ea1cc08db5be74f8018a03a49e1eba481815ff7f,SY,2014,1,dqn,50000,129.0,,,,10309.0869140625,4632.057800292969,,0.0,0.4857396483421325,,75.0,0.0,0.0,0.0,1,"{""amir"": 0.0, ""anfer"": 0.0}",0.0,0.0,5493.0
021_04_sy2014_ic2_dqn_seed12_50k__sy_2014_seed1,dba09881156539b3ad34cf72ea1cc08db5be74f8018a03a49e1eba481815ff7f,SY,2014,1,dqn,50000,130.0,,,,10379.149169921877,4786.128845214844,,0.0,0.5035986304283142,,75.0,0.0,0.0,0.0,1,"{""amir"": 0.0, ""anfer"": 0.0}",0.0,0.0,5493.0
021_04_sy2014_ic2_dqn_seed12_50k__sy_2014_seed1,dba09881156539b3ad34cf72ea1cc08db5be74f8018a03a49e1eba481815ff7f,SY,2014,1,dqn,50000,131.0,,,,10446.66015625,4940.199890136719,,0.0,0.5206192135810852,,75.0,0.0,0.0,0.0,1,"{""amir"": 0.0, ""anfer"": 0.0}",0.0,0.0,5493.0
021_04_sy2014_ic2_dqn_seed12_50k__sy_2014_seed1,dba09881156539b3ad34cf72ea1cc08db5be74f8018a03a49e1eba481815ff7f,SY,2014,1,dqn,50000,132.0,,,,10525.0244140625,5094.271240234375,,0.0,0.5319933891296387,,75.0,0.0,0.0,0.0,1,"{""amir"": 0.0, ""anfer"": 0.0}",0.0,0.0,5493.0
021_04_sy2014_ic2_dqn_seed12_50k__sy_2014_seed1,dba09881156539b3ad34cf72ea1cc08db5be74f8018a03a49e1eba481815ff7f,SY,2014,1,dqn,50000,133.0,,,,10584.796142578123,5248.34228515625,,0.0,0.5429862141609192,,75.0,0.0,0.0,0.0,0,"{""amir"": 0.0, ""anfer"": 0.0}",0.0,0.0,5493.0
021_04_sy2014_ic2_dqn_seed12_50k__sy_2014_seed1,dba09881156539b3ad34cf72ea1cc08db5be74f8018a03a49e1eba481815ff7f,SY,2014,1,dqn,50000,134.0,,,,10659.96826171875,5402.413330078125,,0.0,0.5577030181884766,,75.0,0.0,0.0,0.0,0,"{""amir"": 0.0, ""anfer"": 0.0}",0.0,0.0,5493.0
021_04_sy2014_ic2_dqn_seed12_50k__sy_2014_seed1,dba09881156539b3ad34cf72ea1cc08db5be74f8018a03a49e1eba481815ff7f,SY,2014,1,dqn,50000,135.0,,,,10641.033935546877,5448.0865478515625,,0.0,0.5665379464626312,,75.0,0.0,0.0,0.0,0,"{""amir"": 0.0, ""anfer"": 0.0}",0.0,0.0,5493.0
021_04_sy2014_ic2_dqn_seed12_50k__sy_2014_seed1,dba09881156539b3ad34cf72ea1cc08db5be74f8018a03a49e1eba481815ff7f,SY,2014,1,dqn,50000,136.0,,,,10686.063232421877,5493.1158447265625,,0.0,0.5430999398231506,,75.0,0.0,0.0,0.0,0,"{""amir"": 0.0, ""anfer"": 0.0}",0.0,0.0,5493.0
021_04_sy2014_ic2_dqn_seed12_50k__sy_2014_seed1,dba09881156539b3ad34cf72ea1cc08db5be74f8018a03a49e1eba481815ff7f,SY,2014,1,dqn,50000,137.0,,,,10686.063232421877,5493.1158447265625,,0.0,0.5238176584243774,,75.0,0.0,0.0,0.0,0,"{""amir"": 0.0, ""anfer"": 0.0}",0.0,0.0,5493.0
021_04_sy2014_ic2_dqn_seed12_50k__sy_2014_seed1,dba09881156539b3ad34cf72ea1cc08db5be74f8018a03a49e1eba481815ff7f,SY,2014,1,dqn,50000,138.0,,,,10686.063232421877,5493.1158447265625,,0.0,0.5238176584243774,,75.0,0.0,0.0,0.0,0,"{""amir"": 0.0, ""anfer"": 0.0}",0.0,0.0,5493.0
021_04_sy2014_ic2_dqn_seed12_50k__sy_2014_seed1,dba09881156539b3ad34cf72ea1cc08db5be74f8018a03a49e1eba481815ff7f,SY,2014,1,dqn,50000,139.0,,,,10686.063232421877,5493.1158447265625,,0.0,0.5238176584243774,,75.0,0.0,0.0,0.0,0,"{""amir"": 0.0, ""anfer"": 0.0}",0.0,0.0,5493.0
021_04_sy2014_ic2_dqn_seed12_50k__sy_2014_seed1,dba09881156539b3ad34cf72ea1cc08db5be74f8018a03a49e1eba481815ff7f,SY,2014,1,dqn,50000,139.0,,,,10686.063232421877,5493.1158447265625,,0.0,0.5238176584243774,,75.0,0.0,0.0,0.0,0,"{""amir"": 0.0, ""anfer"": 0.0}",85.1158447265625,85.1158447265625,5493.0
