seed,update,mc_loss_before_step
0,1,0.09909223765134811
0,2,0.09904684126377106
0,3,0.09900996088981628
0,4,0.09895191341638565
0,5,0.09891679883003235
0,6,0.0988709107041359
0,7,0.09883128851652145
0,8,0.09879161417484283
0,9,0.09874678403139114
0,10,0.09870772063732147
0,11,0.09866901487112045
0,12,0.09862617403268814
0,13,0.09858657419681549
0,14,0.09854868799448013
0,15,0.09850835055112839
0,16,0.0984690859913826
0,17,0.09843124449253082
0,18,0.09839219599962234
0,19,0.09835345298051834
0,20,0.0983167365193367
0,21,0.09828080236911774
0,22,0.09824493527412415
0,23,0.09821013361215591
0,24,0.09817556291818619
0,25,0.09814117848873138
0,26,0.0981074795126915
0,27,0.09807409346103668
0,28,0.09804034978151321
0,29,0.09800781309604645
0,30,0.09797634929418564
0,31,0.09794466942548752
0,32,0.09791293740272522
0,33,0.09788073599338531
0,34,0.09784834831953049
0,35,0.09781607985496521
0,36,0.09778408706188202
0,37,0.09775196015834808
0,38,0.0977209210395813
0,39,0.09769020974636078
0,40,0.09765870124101639
0,41,0.09762722998857498
0,42,0.09759575873613358
0,43,0.09756381064653397
0,44,0.09753195196390152
0,45,0.0975002571940422
0,46,0.09746814519166946
0,47,0.09743568301200867
0,48,0.09740346670150757
0,49,0.09737184643745422
0,50,0.09734123945236206
0,51,0.09731021523475647
0,52,0.09727936238050461
0,53,0.09724856913089752
0,54,0.09721771627664566
0,55,0.09718699753284454
0,56,0.09715699404478073
0,57,0.09712705761194229
0,58,0.09709657728672028
0,59,0.09706606715917587
0,60,0.09703673422336578
0,61,0.09700846672058105
0,62,0.09697951376438141
0,63,0.09695039689540863
0,64,0.09692111611366272
0,65,0.09689239412546158
0,66,0.09686380624771118
0,67,0.09683522582054138
0,68,0.09680692106485367
0,69,0.09677819162607193
0,70,0.09674959629774094
0,71,0.09672131389379501
0,72,0.09669274091720581
0,73,0.09666434675455093
0,74,0.09663575887680054
0,75,0.0966082513332367
0,76,0.09658049046993256
0,77,0.09655242413282394
0,78,0.09652425348758698
0,79,0.09649648517370224
0,80,0.09646822512149811
0,81,0.09644035995006561
0,82,0.09641291201114655
0,83,0.09638557583093643
0,84,0.0963565856218338
0,85,0.09632859379053116
0,86,0.09630072861909866
0,87,0.09627246111631393
0,88,0.09624412655830383
0,89,0.09621593356132507
0,90,0.09618746489286423
0,91,0.09615901112556458
0,92,0.09613112360239029
0,93,0.09610339999198914
0,94,0.09607573598623276
0,95,0.09604856371879578
0,96,0.0960204005241394
0,97,0.09599174559116364
0,98,0.09596395492553711
0,99,0.09593711793422699
0,100,0.09590980410575867
0,101,0.09588184207677841
0,102,0.09585369378328323
0,103,0.09582681208848953
0,104,0.09579983353614807
0,105,0.09577217698097229
0,106,0.09574533998966217
0,107,0.09571897238492966
0,108,0.09569168090820312
0,109,0.09566450119018555
0,110,0.09563785046339035
0,111,0.09561089426279068
0,112,0.09558429569005966
0,113,0.09555789083242416
0,114,0.09553151577711105
0,115,0.09550472348928452
0,116,0.09547778964042664
0,117,0.0954514592885971
0,118,0.09542479366064072
0,119,0.09539853781461716
0,120,0.09537272900342941
0,121,0.09534616768360138
0,122,0.09531915932893753
0,123,0.09529256075620651
0,124,0.09526753425598145
0,125,0.09524241834878922
0,126,0.09521722793579102
0,127,0.09519194811582565
0,128,0.09516674280166626
0,129,0.09514202177524567
0,130,0.09511703997850418
0,131,0.09509151428937912
0,132,0.09506640583276749
0,133,0.09504189342260361
0,134,0.09501642733812332
0,135,0.09499157965183258
0,136,0.09496693313121796
0,137,0.09494152665138245
0,138,0.09491661936044693
0,139,0.09489181637763977
0,140,0.09486657381057739
0,141,0.09484204649925232
0,142,0.09481737017631531
0,143,0.09479304403066635
0,144,0.09476815164089203
0,145,0.09474322199821472
0,146,0.09471873193979263
0,147,0.09469383209943771
0,148,0.09466932713985443
0,149,0.09464463591575623
0,150,0.09462045878171921
0,151,0.09459611773490906
0,152,0.0945715382695198
0,153,0.09454745799303055
0,154,0.09452413767576218
0,155,0.09449998289346695
0,156,0.09447639435529709
0,157,0.09445276856422424
0,158,0.09442979097366333
0,159,0.09440652281045914
0,160,0.09438265860080719
0,161,0.09435878694057465
0,162,0.09433528780937195
0,163,0.0943114161491394
0,164,0.09428916871547699
0,165,0.094266377389431
0,166,0.09424198418855667
0,167,0.0942189022898674
0,168,0.09419645369052887
0,169,0.0941736251115799
0,170,0.09415087848901749
0,171,0.09412779659032822
0,172,0.09410528093576431
0,173,0.09408234059810638
0,174,0.09405934065580368
0,175,0.09403624385595322
0,176,0.09401320666074753
0,177,0.09399091452360153
0,178,0.09396887570619583
0,179,0.09394636750221252
0,180,0.09392343461513519
0,181,0.09390116482973099
0,182,0.09387944638729095
0,183,0.09385709464550018
0,184,0.09383521974086761
0,185,0.09381292760372162
0,186,0.09379034489393234
0,187,0.09376803040504456
0,188,0.09374627470970154
0,189,0.09372357279062271
0,190,0.09370288997888565
0,191,0.09368129074573517
0,192,0.09365887939929962
0,193,0.0936373770236969
0,194,0.09361613541841507
0,195,0.09359465539455414
0,196,0.09357381612062454
0,197,0.09355278313159943
0,198,0.0935312882065773
0,199,0.09351015836000443
0,200,0.09348870813846588
0,201,0.0934671089053154
0,202,0.09344576299190521
0,203,0.09342579543590546
0,204,0.09340506792068481
0,205,0.09338314086198807
0,206,0.09336234629154205
0,207,0.09334239363670349
0,208,0.0933222845196724
0,209,0.09330129623413086
0,210,0.09328106790781021
0,211,0.09326023608446121
0,212,0.0932392030954361
0,213,0.09321803599596024
0,214,0.09319969266653061
0,215,0.0931795984506607
0,216,0.09315861016511917
0,217,0.09313743561506271
0,218,0.0931178405880928
0,219,0.09309845417737961
0,220,0.09307815134525299
0,221,0.09305769950151443
0,222,0.09303749352693558
0,223,0.09301663935184479
0,224,0.09299663454294205
0,225,0.09297743439674377
0,226,0.09295736998319626
0,227,0.09293720126152039
0,228,0.09291724115610123
0,229,0.09289848059415817
0,230,0.09287863224744797
0,231,0.09285836666822433
0,232,0.09283914417028427
0,233,0.09282002598047256
0,234,0.09280022233724594
0,235,0.0927806869149208
0,236,0.09276119619607925
0,237,0.09274271130561829
0,238,0.09272343665361404
0,239,0.09270412474870682
0,240,0.09268485009670258
0,241,0.09266568720340729
0,242,0.09264698624610901
0,243,0.092628113925457
0,244,0.0926089733839035
0,245,0.09259020537137985
0,246,0.09257153421640396
0,247,0.0925527960062027
0,248,0.09253375977277756
0,249,0.09251493960618973
0,250,0.0924961119890213
0,251,0.09247800707817078
0,252,0.09245941042900085
0,253,0.09244059026241302
0,254,0.09242204576730728
0,255,0.0924038514494896
0,256,0.09238530695438385
0,257,0.09236697852611542
0,258,0.09234867990016937
0,259,0.09233084321022034
0,260,0.09231234341859818
0,261,0.09229360520839691
0,262,0.09227599948644638
0,263,0.0922580137848854
0,264,0.0922393649816513
0,265,0.0922209769487381
0,266,0.09220308065414429
0,267,0.09218578785657883
0,268,0.09216836839914322
0,269,0.09215036779642105
0,270,0.09213236719369888
0,271,0.09211517125368118
0,272,0.0920972228050232
0,273,0.09208021312952042
0,274,0.09206336736679077
0,275,0.09204637259244919
0,276,0.09202852845191956
0,277,0.09201133996248245
0,278,0.09199438989162445
0,279,0.09197686612606049
0,280,0.09195933490991592
0,281,0.09194278717041016
0,282,0.09192521125078201
0,283,0.09190858155488968
0,284,0.09189139306545258
0,285,0.09187394380569458
0,286,0.09185710549354553
0,287,0.09184097498655319
0,288,0.09182386845350266
0,289,0.0918063074350357
0,290,0.09178943932056427
0,291,0.09177247434854507
0,292,0.09175615012645721
0,293,0.09173908829689026
0,294,0.09172195941209793
0,295,0.0917057991027832
0,296,0.0916890799999237
0,297,0.09167227894067764
0,298,0.09165553003549576
0,299,0.09163819253444672
0,300,0.09162234514951706
0,301,0.09160629659891129
0,302,0.09158936142921448
0,303,0.09157329052686691
0,304,0.0915570929646492
0,305,0.09154046326875687
0,306,0.09152407199144363
0,307,0.09150753170251846
0,308,0.09149131178855896
0,309,0.0914754569530487
0,310,0.09145926684141159
0,311,0.09144275635480881
0,312,0.09142681211233139
0,313,0.09141108393669128
0,314,0.09139487147331238
0,315,0.0913788452744484
0,316,0.09136250615119934
0,317,0.09134651720523834
0,318,0.09133069962263107
0,319,0.09131474792957306
0,320,0.09129896759986877
0,321,0.09128345549106598
0,322,0.09126736223697662
0,323,0.09125159680843353
0,324,0.09123517572879791
0,325,0.09121941030025482
0,326,0.09120387583971024
0,327,0.091188445687294
0,328,0.09117251634597778
0,329,0.09115652740001678
0,330,0.09114056825637817
0,331,0.09112529456615448
0,332,0.09110940247774124
0,333,0.09109415113925934
0,334,0.09107912331819534
0,335,0.0910637229681015
0,336,0.09104829281568527
0,337,0.09103203564882278
0,338,0.09101592749357224
0,339,0.09100093692541122
0,340,0.09098569303750992
0,341,0.09096931666135788
0,342,0.09095493704080582
0,343,0.09094008058309555
0,344,0.09092430770397186
0,345,0.09090891480445862
0,346,0.09089367836713791
0,347,0.0908781886100769
0,348,0.09086288511753082
0,349,0.09084808081388474
0,350,0.09083271026611328
0,351,0.09081751108169556
0,352,0.09080228954553604
0,353,0.09078644961118698
0,354,0.09077125787734985
0,355,0.09075592458248138
0,356,0.09074074774980545
0,357,0.0907248854637146
0,358,0.09070920199155807
0,359,0.0906933918595314
0,360,0.09067769348621368
0,361,0.09066199511289597
0,362,0.09064587950706482
0,363,0.09063051640987396
0,364,0.09061535447835922
0,365,0.09059940278530121
0,366,0.09058384597301483
0,367,0.09056833386421204
0,368,0.09055289626121521
0,369,0.09053725749254227
0,370,0.0905224159359932
0,371,0.0905066430568695
0,372,0.09049088507890701
0,373,0.09047513455152512
0,374,0.09045979380607605
0,375,0.09044399857521057
0,376,0.09042816609144211
0,377,0.09041261672973633
0,378,0.09039707481861115
0,379,0.09038165211677551
0,380,0.09036601334810257
0,381,0.09035048633813858
0,382,0.09033554047346115
0,383,0.09032048285007477
0,384,0.09030455350875854
0,385,0.09028930217027664
0,386,0.09027416259050369
0,387,0.09025972336530685
0,388,0.09024433046579361
0,389,0.09022878855466843
0,390,0.09021387994289398
0,391,0.09019885957241058
0,392,0.09018422663211823
0,393,0.09016913920640945
0,394,0.09015391767024994
0,395,0.09013993293046951
0,396,0.09012546390295029
0,397,0.09011077880859375
0,398,0.09009695798158646
0,399,0.0900823250412941
0,400,0.09006717801094055
0,401,0.09005217254161835
0,402,0.09003826230764389
0,403,0.09002405405044556
0,404,0.09000907093286514
0,405,0.08999437093734741
0,406,0.08997968584299088
0,407,0.08996495604515076
0,408,0.08995082974433899
0,409,0.08993643522262573
0,410,0.08992191404104233
0,411,0.08990789949893951
0,412,0.08989356458187103
0,413,0.08987986296415329
0,414,0.08986502885818481
0,415,0.08985086530447006
0,416,0.08983735740184784
0,417,0.08982206881046295
0,418,0.08980776369571686
0,419,0.08979421854019165
0,420,0.08977989107370377
0,421,0.08976548910140991
0,422,0.08974824845790863
0,423,0.08972954005002975
0,424,0.08971467614173889
0,425,0.0896998941898346
0,426,0.08968587964773178
0,427,0.0896727442741394
0,428,0.08965817093849182
0,429,0.08964262157678604
0,430,0.08962854743003845
0,431,0.08961454778909683
0,432,0.08959999680519104
0,433,0.0895848274230957
0,434,0.08957058191299438
0,435,0.08955555409193039
0,436,0.08953963220119476
0,437,0.08952517807483673
0,438,0.08951055258512497
0,439,0.08949542045593262
0,440,0.08948051184415817
0,441,0.08946575969457626
0,442,0.089451365172863
0,443,0.08943621069192886
0,444,0.08942131698131561
0,445,0.08940737694501877
0,446,0.08939272910356522
0,447,0.08937779068946838
0,448,0.08936344087123871
0,449,0.08934900164604187
0,450,0.08933383971452713
0,451,0.08931922912597656
0,452,0.08930535614490509
0,453,0.0892907902598381
0,454,0.08927656710147858
0,455,0.08926266431808472
0,456,0.08924756944179535
0,457,0.08923277258872986
0,458,0.08921893686056137
0,459,0.08920446783304214
0,460,0.08918991684913635
0,461,0.08917571604251862
0,462,0.08916190266609192
0,463,0.08914776891469955
0,464,0.08913315832614899
0,465,0.08911844342947006
0,466,0.08910466730594635
0,467,0.08909017592668533
0,468,0.0890764370560646
0,469,0.08906187117099762
0,470,0.08904752880334854
0,471,0.0890338346362114
0,472,0.08901943266391754
0,473,0.08900543302297592
0,474,0.08899218589067459
0,475,0.08897767961025238
0,476,0.08896318823099136
0,477,0.08894848078489304
0,478,0.08893464505672455
0,479,0.08892042189836502
0,480,0.0889069139957428
0,481,0.08889270573854446
0,482,0.08887838572263718
0,483,0.08886489272117615
0,484,0.08885084837675095
0,485,0.08883630484342575
0,486,0.08882316201925278
0,487,0.08880893141031265
0,488,0.08879470825195312
0,489,0.08878129720687866
0,490,0.08876720815896988
0,491,0.08875259011983871
0,492,0.0887392908334732
0,493,0.08872552216053009
0,494,0.08871164172887802
0,495,0.08869775384664536
0,496,0.08868436515331268
0,497,0.08867040276527405
0,498,0.08865632116794586
0,499,0.08864246308803558
0,500,0.0886291041970253
0,501,0.0886150449514389
0,502,0.08860120922327042
0,503,0.08858780562877655
0,504,0.08857382833957672
0,505,0.08855968713760376
0,506,0.08854648470878601
0,507,0.08853290975093842
0,508,0.08851891756057739
0,509,0.08850545436143875
0,510,0.08849172294139862
0,511,0.08847829699516296
0,512,0.08846478909254074
0,513,0.0884515643119812
0,514,0.08843790739774704
0,515,0.08842481672763824
0,516,0.08841108530759811
0,517,0.08839775621891022
0,518,0.08838490396738052
0,519,0.08837112039327621
0,520,0.08835788071155548
0,521,0.08834359049797058
0,522,0.08833036571741104
0,523,0.0883181020617485
0,524,0.0883035659790039
0,525,0.08829028159379959
0,526,0.0882774218916893
0,527,0.0882640928030014
0,528,0.08825009316205978
0,529,0.08823660016059875
0,530,0.08822385221719742
0,531,0.08820991218090057
0,532,0.08819583803415298
0,533,0.08818241953849792
0,534,0.08816950768232346
0,535,0.0881563127040863
0,536,0.0881422609090805
0,537,0.08812976628541946
0,538,0.08811629563570023
0,539,0.08810285478830338
0,540,0.08808913826942444
0,541,0.08807553350925446
0,542,0.08806251734495163
0,543,0.08804956078529358
0,544,0.08803671598434448
0,545,0.08802290260791779
0,546,0.08800940215587616
0,547,0.0879964530467987
0,548,0.08798328787088394
0,549,0.08797069638967514
0,550,0.08795620501041412
0,551,0.087941974401474
0,552,0.08792915940284729
0,553,0.08791537582874298
0,554,0.0879029855132103
0,555,0.08788890391588211
0,556,0.08787564188241959
0,557,0.08786196261644363
0,558,0.0878487154841423
0,559,0.08783503621816635
0,560,0.08782178908586502
0,561,0.08780831098556519
0,562,0.08779529482126236
0,563,0.08778167515993118
0,564,0.08776798844337463
0,565,0.08775477856397629
0,566,0.08774060755968094
0,567,0.0877276286482811
0,568,0.08771521598100662
0,569,0.08770211786031723
0,570,0.08768795430660248
0,571,0.08767424523830414
0,572,0.08766099065542221
0,573,0.087647944688797
0,574,0.08763398975133896
0,575,0.08762097358703613
0,576,0.08760835230350494
0,577,0.08759389817714691
0,578,0.0875810980796814
0,579,0.08756852149963379
0,580,0.0875549465417862
0,581,0.0875406339764595
0,582,0.08752825856208801
0,583,0.08751439303159714
0,584,0.08750124275684357
0,585,0.08748792111873627
0,586,0.08747414499521255
0,587,0.08746019750833511
0,588,0.08744755387306213
0,589,0.08743471652269363
0,590,0.08742064237594604
0,591,0.0874071791768074
0,592,0.0873940959572792
0,593,0.08738049864768982
0,594,0.08736678212881088
0,595,0.08735376596450806
0,596,0.08734056353569031
0,597,0.08732637017965317
0,598,0.08731380850076675
0,599,0.0873003900051117
0,600,0.08728773146867752
0,601,0.08727370947599411
0,602,0.08726031333208084
0,603,0.08724784106016159
0,604,0.08723506331443787
0,605,0.08722230792045593
0,606,0.08720836788415909
0,607,0.08719538897275925
0,608,0.08718279004096985
0,609,0.08716972917318344
0,610,0.08715658634901047
0,611,0.08714331686496735
0,612,0.08713030815124512
0,613,0.08711832761764526
0,614,0.08710449934005737
0,615,0.0870908573269844
0,616,0.08707799017429352
0,617,0.08706509321928024
0,618,0.08705190569162369
0,619,0.0870387926697731
0,620,0.08702603727579117
0,621,0.08701347559690475
0,622,0.08700040727853775
0,623,0.08698706328868866
0,624,0.0869741290807724
0,625,0.08696074038743973
0,626,0.08694826811552048
0,627,0.0869356021285057
0,628,0.08692174404859543
0,629,0.08691021800041199
0,630,0.08689676970243454
0,631,0.08688323944807053
0,632,0.08687087893486023
0,633,0.0868576169013977
0,634,0.0868445560336113
0,635,0.08683233708143234
0,636,0.08681870996952057
0,637,0.08680544793605804
0,638,0.08679322153329849
0,639,0.08677983283996582
0,640,0.08676628768444061
0,641,0.08675356209278107
0,642,0.08673951029777527
0,643,0.0867248997092247
0,644,0.08671065419912338
0,645,0.08669700473546982
0,646,0.08668463677167892
0,647,0.08667164295911789
0,648,0.08665904402732849
0,649,0.0866466835141182
0,650,0.08663421869277954
0,651,0.08662046492099762
0,652,0.08660751581192017
0,653,0.08659502118825912
0,654,0.08658161759376526
0,655,0.08656886219978333
0,656,0.08655660599470139
0,657,0.0865432545542717
0,658,0.08652955293655396
0,659,0.08651741594076157
0,660,0.0865040272474289
0,661,0.08649136126041412
0,662,0.08647896349430084
0,663,0.08646564930677414
0,664,0.08645300567150116
0,665,0.08644015341997147
0,666,0.08642664551734924
0,667,0.08641385287046432
0,668,0.08640111237764359
0,669,0.0863884836435318
0,670,0.08637591451406479
0,671,0.08636332303285599
0,672,0.08635006844997406
0,673,0.0863376185297966
0,674,0.08632469922304153
0,675,0.08630786091089249
0,676,0.08628939092159271
0,677,0.08626990765333176
0,678,0.08624778687953949
0,679,0.08622509986162186
0,680,0.08620193600654602
0,681,0.08617789298295975
0,682,0.08615275472402573
0,683,0.08612816780805588
0,684,0.08610356599092484
0,685,0.08607809990644455
0,686,0.08605334162712097
0,687,0.08602892607450485
0,688,0.08600375056266785
0,689,0.08597877621650696
0,690,0.0859539583325386
0,691,0.08592818677425385
0,692,0.08590895682573318
0,693,0.0858953446149826
0,694,0.08588290959596634
0,695,0.08586908876895905
0,696,0.08585274964570999
0,697,0.08583591878414154
0,698,0.08581646531820297
0,699,0.08579816669225693
0,700,0.08577708154916763
0,701,0.08575659990310669
0,702,0.0857359766960144
0,703,0.08571484684944153
0,704,0.08569734543561935
0,705,0.08568225055932999
0,706,0.08566488325595856
0,707,0.08564823865890503
0,708,0.08563113212585449
0,709,0.08561352640390396
0,710,0.08559564501047134
0,711,0.08557785302400589
0,712,0.08555947989225388
0,713,0.08554214984178543
0,714,0.08552590757608414
0,715,0.08550556749105453
0,716,0.08548666536808014
0,717,0.0854685828089714
0,718,0.08544757962226868
0,719,0.08542931824922562
0,720,0.08540893346071243
0,721,0.08538670092821121
0,722,0.0853663831949234
0,723,0.08534595370292664
0,724,0.085324726998806
0,725,0.08530420809984207
0,726,0.08528529852628708
0,727,0.08526783436536789
0,728,0.08525298535823822
0,729,0.08523621410131454
0,730,0.08521905541419983
0,731,0.08520086854696274
0,732,0.0851818099617958
0,733,0.08516301214694977
0,734,0.0851435512304306
0,735,0.08512469381093979
0,736,0.0851050466299057
0,737,0.08508756756782532
0,738,0.08507094532251358
0,739,0.08505348861217499
0,740,0.08503680676221848
0,741,0.0850190743803978
0,742,0.08500007539987564
0,743,0.0849834457039833
0,744,0.08496613800525665
0,745,0.08494781702756882
0,746,0.08492953330278397
0,747,0.08491230756044388
0,748,0.08489430695772171
0,749,0.08487704396247864
0,750,0.08486150950193405
0,751,0.08484595268964767
0,752,0.0848296582698822
0,753,0.08481427282094955
0,754,0.08479753881692886
0,755,0.0847812071442604
0,756,0.08476529270410538
0,757,0.08475019037723541
0,758,0.0847351923584938
0,759,0.08471962809562683
0,760,0.08470381796360016
0,761,0.084688201546669
0,762,0.08467350155115128
0,763,0.08465857803821564
0,764,0.08464378118515015
0,765,0.08462856709957123
0,766,0.08461359888315201
0,767,0.08459872007369995
0,768,0.08458404988050461
0,769,0.08457007259130478
0,770,0.0845550000667572
0,771,0.08454008400440216
0,772,0.08452487736940384
0,773,0.08451057970523834
0,774,0.08449525386095047
0,775,0.08448152989149094
0,776,0.08446631580591202
0,777,0.08445209264755249
0,778,0.08443702757358551
0,779,0.08442257344722748
0,780,0.08440758287906647
0,781,0.08439327031373978
0,782,0.08437800407409668
0,783,0.08436340093612671
0,784,0.08434932678937912
0,785,0.08433551341295242
0,786,0.08432083576917648
0,787,0.0843057632446289
0,788,0.08429259061813354
0,789,0.08427882939577103
0,790,0.08426407724618912
0,791,0.0842495858669281
0,792,0.08423544466495514
0,793,0.08422084897756577
0,794,0.08420716226100922
0,795,0.08419235795736313
0,796,0.0841783955693245
0,797,0.08416491746902466
0,798,0.08414964377880096
0,799,0.08413621038198471
0,800,0.08412116765975952
0,801,0.08410654217004776
0,802,0.08409342914819717
0,803,0.08407807350158691
0,804,0.0840642973780632
0,805,0.08404992520809174
0,806,0.08403570204973221
0,807,0.08402260392904282
0,808,0.08400683850049973
0,809,0.08399394899606705
0,810,0.08397950977087021
0,811,0.08396455645561218
0,812,0.08395134657621384
0,813,0.0839364156126976
0,814,0.0839231014251709
0,815,0.083908811211586
0,816,0.08389387279748917
0,817,0.08388064801692963
0,818,0.08386629819869995
0,819,0.08385281264781952
0,820,0.08383821696043015
0,821,0.0838242918252945
0,822,0.08381051570177078
0,823,0.08379583805799484
0,824,0.08378151059150696
0,825,0.08376849442720413
0,826,0.08375414460897446
0,827,0.0837397649884224
0,828,0.08372524380683899
0,829,0.08371131867170334
0,830,0.08369714021682739
0,831,0.08368311077356339
0,832,0.08366905152797699
0,833,0.08365436643362045
0,834,0.08364057540893555
0,835,0.08362716436386108
0,836,0.08361220359802246
0,837,0.08359843492507935
0,838,0.08358416706323624
0,839,0.08356958627700806
0,840,0.08355585485696793
0,841,0.08354120701551437
0,842,0.08352740854024887
0,843,0.08351271599531174
0,844,0.08349842578172684
0,845,0.08348458260297775
0,846,0.08347011357545853
0,847,0.08345557004213333
0,848,0.08344225585460663
0,849,0.0834275335073471
0,850,0.0834135115146637
0,851,0.08340033888816833
0,852,0.08338545262813568
0,853,0.08337204903364182
0,854,0.08335703611373901
0,855,0.08334323018789291
0,856,0.08332948386669159
0,857,0.08331398665904999
0,858,0.0832996666431427
0,859,0.08328605443239212
0,860,0.08327208459377289
0,861,0.08325806260108948
0,862,0.08324335515499115
0,863,0.0832294151186943
0,864,0.08321665972471237
0,865,0.08320101350545883
0,866,0.08318687975406647
0,867,0.08317381143569946
0,868,0.08315953612327576
0,869,0.08314582705497742
0,870,0.08313063532114029
0,871,0.08311675488948822
0,872,0.08310218155384064
0,873,0.08308659493923187
0,874,0.08307114243507385
0,875,0.08305605500936508
0,876,0.0830412283539772
0,877,0.08302677422761917
0,878,0.08301273733377457
0,879,0.08299790322780609
0,880,0.0829845517873764
0,881,0.0829717144370079
0,882,0.08295756578445435
0,883,0.08294209837913513
0,884,0.08292773365974426
0,885,0.08291254937648773
0,886,0.08290006220340729
0,887,0.08288563787937164
0,888,0.08287081122398376
0,889,0.08285616338253021
0,890,0.08284207433462143
0,891,0.08282838016748428
0,892,0.08281483501195908
0,893,0.0828007236123085
0,894,0.08278578519821167
0,895,0.082770936191082
0,896,0.08275607228279114
0,897,0.08274282515048981
0,898,0.0827278271317482
0,899,0.08271271735429764
0,900,0.08269821852445602
0,901,0.08268468827009201
0,902,0.08267056196928024
0,903,0.08265509456396103
0,904,0.08264023065567017
0,905,0.08262645453214645
0,906,0.08261226862668991
0,907,0.08259722590446472
0,908,0.08258301764726639
0,909,0.08256944268941879
0,910,0.08255449682474136
0,911,0.08253990858793259
0,912,0.08252562582492828
0,913,0.08251091837882996
0,914,0.08249720185995102
0,915,0.08248227089643478
0,916,0.08246885985136032
0,917,0.0824534222483635
0,918,0.08243926614522934
0,919,0.08242397010326385
0,920,0.08241023123264313
0,921,0.08239584416151047
0,922,0.08238033950328827
0,923,0.08236648142337799
0,924,0.08235178142786026
0,925,0.0823374092578888
0,926,0.08232302218675613
0,927,0.08230824023485184
0,928,0.08229414373636246
0,929,0.08227912336587906
0,930,0.08226566016674042
0,931,0.08225072175264359
0,932,0.08223651349544525
0,933,0.08222223073244095
0,934,0.08220814913511276
0,935,0.08219293504953384
0,936,0.08217820525169373
0,937,0.08216437697410583
0,938,0.08214942365884781
0,939,0.0821341797709465
0,940,0.08211997151374817
0,941,0.0821053609251976
0,942,0.08209104090929031
0,943,0.08207801729440689
0,944,0.08206245303153992
0,945,0.08204963803291321
0,946,0.0820339173078537
0,947,0.08202051371335983
0,948,0.08200544118881226
0,949,0.08199144154787064
0,950,0.08197683840990067
0,951,0.0819622352719307
0,952,0.08194781094789505
0,953,0.08193319290876389
0,954,0.08191827684640884
0,955,0.08190341293811798
0,956,0.08188986778259277
0,957,0.08187474310398102
0,958,0.08186078071594238
0,959,0.08184648305177689
0,960,0.08183074742555618
0,961,0.0818161591887474
0,962,0.08180216699838638
0,963,0.08178779482841492
0,964,0.0817728117108345
0,965,0.08175822347402573
0,966,0.0817427709698677
0,967,0.08172804117202759
0,968,0.08171406388282776
0,969,0.08169922977685928
0,970,0.08168503642082214
0,971,0.08166948705911636
0,972,0.08165492117404938
0,973,0.0816405862569809
0,974,0.08162616193294525
0,975,0.08161156624555588
0,976,0.08159828186035156
0,977,0.08158325403928757
0,978,0.08156858384609222
0,979,0.08155327290296555
0,980,0.0815388634800911
0,981,0.08152362704277039
0,982,0.08150915801525116
0,983,0.08149408549070358
0,984,0.08147960156202316
0,985,0.08146582543849945
0,986,0.0814509391784668
0,987,0.08143667131662369
0,988,0.08142150193452835
0,989,0.08140671998262405
0,990,0.08139297366142273
0,991,0.08137863874435425
0,992,0.08136331290006638
0,993,0.08134878426790237
0,994,0.08133478462696075
0,995,0.08131852000951767
0,996,0.08130607008934021
0,997,0.08129085600376129
0,998,0.08127560466527939
0,999,0.08126171678304672
0,1000,0.08124595135450363
0,1001,0.08123224228620529
0,1002,0.08121743053197861
0,1003,0.08120110630989075
0,1004,0.08118781447410583
0,1005,0.081173837184906
0,1006,0.08115682750940323
0,1007,0.08114367723464966
0,1008,0.08112918585538864
0,1009,0.08111276477575302
0,1010,0.08109988272190094
0,1011,0.08108503371477127
0,1012,0.08106812089681625
0,1013,0.08105427771806717
0,1014,0.08103984594345093
0,1015,0.08102414011955261
0,1016,0.08101032674312592
0,1017,0.08099442720413208
0,1018,0.08097971230745316
0,1019,0.08096592873334885
0,1020,0.08095017075538635
0,1021,0.08093614876270294
0,1022,0.08092114329338074
0,1023,0.08090757578611374
0,1024,0.08089260011911392
0,1025,0.08087767660617828
0,1026,0.08086298406124115
0,1027,0.08084770292043686
0,1028,0.08083318173885345
0,1029,0.0808180719614029
0,1030,0.0808054581284523
0,1031,0.08078807592391968
0,1032,0.08077531307935715
0,1033,0.08076103776693344
0,1034,0.08074435591697693
0,1035,0.08073162287473679
0,1036,0.08071605116128922
0,1037,0.0807001069188118
0,1038,0.08068656921386719
0,1039,0.08067121356725693
0,1040,0.08065664023160934
0,1041,0.0806417465209961
0,1042,0.08062676340341568
0,1043,0.08061126619577408
0,1044,0.08059725165367126
0,1045,0.08058229833841324
0,1046,0.08056672662496567
0,1047,0.08055157214403152
0,1048,0.08053698390722275
0,1049,0.08052147179841995
0,1050,0.08050750195980072
0,1051,0.0804932489991188
0,1052,0.08047747611999512
0,1053,0.08046227693557739
0,1054,0.08044770359992981
0,1055,0.08043317496776581
0,1056,0.08041766285896301
0,1057,0.080402672290802
0,1058,0.0803878977894783
0,1059,0.0803728699684143
0,1060,0.08035826683044434
0,1061,0.08034314215183258
0,1062,0.08032799512147903
0,1063,0.08031366765499115
0,1064,0.08029866963624954
0,1065,0.08028512448072433
0,1066,0.08026868849992752
0,1067,0.08025387674570084
0,1068,0.08023929595947266
0,1069,0.08022445440292358
0,1070,0.08020931482315063
0,1071,0.0801943764090538
0,1072,0.08017903566360474
0,1073,0.08016365766525269
0,1074,0.08014883100986481
0,1075,0.08013354241847992
0,1076,0.08011918514966965
0,1077,0.0801038146018982
0,1078,0.0800895020365715
0,1079,0.08007383346557617
0,1080,0.08005817979574203
0,1081,0.08004394173622131
0,1082,0.08002795279026031
0,1083,0.0800144299864769
0,1084,0.07999920099973679
0,1085,0.07998283952474594
0,1086,0.07996994256973267
0,1087,0.07995472848415375
0,1088,0.07993844896554947
0,1089,0.07992319762706757
0,1090,0.07990863919258118
0,1091,0.07989249378442764
0,1092,0.0798780769109726
0,1093,0.07986266165971756
0,1094,0.07984666526317596
0,1095,0.07983122766017914
0,1096,0.07981609553098679
0,1097,0.07979992032051086
0,1098,0.07978510111570358
0,1099,0.07977081835269928
0,1100,0.07975579798221588
0,1101,0.07973963022232056
0,1102,0.07972579449415207
0,1103,0.07970962673425674
0,1104,0.07969441264867783
0,1105,0.07968015223741531
0,1106,0.07966354489326477
0,1107,0.07964921742677689
0,1108,0.07963418960571289
0,1109,0.07961754500865936
0,1110,0.07960344105958939
0,1111,0.07958871126174927
0,1112,0.0795721709728241
0,1113,0.07955847680568695
0,1114,0.07954204827547073
0,1115,0.07952635735273361
0,1116,0.07951181381940842
0,1117,0.07949520647525787
0,1118,0.0794806182384491
0,1119,0.07946599274873734
0,1120,0.07945074141025543
0,1121,0.07943535596132278
0,1122,0.07941916584968567
0,1123,0.07940369099378586
0,1124,0.07938879728317261
0,1125,0.07937260717153549
0,1126,0.07935639470815659
0,1127,0.07934140413999557
0,1128,0.07932686060667038
0,1129,0.07931151241064072
0,1130,0.07929573953151703
0,1131,0.07928089797496796
0,1132,0.07926519960165024
0,1133,0.07924947142601013
0,1134,0.07923415303230286
0,1135,0.07921873033046722
0,1136,0.07920367270708084
0,1137,0.07918804883956909
0,1138,0.07917293906211853
0,1139,0.07915670424699783
0,1140,0.07914113253355026
0,1141,0.07912673056125641
0,1142,0.07911103218793869
0,1143,0.07909545302391052
0,1144,0.07907972484827042
0,1145,0.07906471192836761
0,1146,0.07905057817697525
0,1147,0.07903402298688889
0,1148,0.07901948690414429
0,1149,0.0790034607052803
0,1150,0.07898741960525513
0,1151,0.07897184789180756
0,1152,0.07895603030920029
0,1153,0.078942209482193
0,1154,0.07892629504203796
0,1155,0.07891026139259338
0,1156,0.07889595627784729
0,1157,0.07888107001781464
0,1158,0.07886473089456558
0,1159,0.07884875684976578
0,1160,0.0788332149386406
0,1161,0.07881676405668259
0,1162,0.07880090177059174
0,1163,0.07878603786230087
0,1164,0.07877079397439957
0,1165,0.07875452935695648
0,1166,0.0787406861782074
0,1167,0.07872354239225388
0,1168,0.07870975136756897
0,1169,0.07869330048561096
0,1170,0.07867670059204102
0,1171,0.07866241037845612
0,1172,0.07864584028720856
0,1173,0.07863026857376099
0,1174,0.0786142647266388
0,1175,0.07859959453344345
0,1176,0.07858330011367798
0,1177,0.0785675048828125
0,1178,0.07855266332626343
0,1179,0.07853566110134125
0,1180,0.0785212591290474
0,1181,0.07850554585456848
0,1182,0.07848990708589554
0,1183,0.07847461849451065
0,1184,0.07845907658338547
0,1185,0.0784430056810379
0,1186,0.07842691987752914
0,1187,0.07841099053621292
0,1188,0.07839573919773102
0,1189,0.07837995141744614
0,1190,0.07836470007896423
0,1191,0.07834894210100174
0,1192,0.07833308726549149
0,1193,0.07831696420907974
0,1194,0.07830171287059784
0,1195,0.07828535884618759
0,1196,0.07826956361532211
0,1197,0.07825500518083572
0,1198,0.07823919504880905
0,1199,0.07822290807962418
0,1200,0.07820672541856766
0,1201,0.07819083333015442
0,1202,0.07817574590444565
0,1203,0.0781605914235115
0,1204,0.07814480364322662
0,1205,0.07812835276126862
0,1206,0.07811229676008224
0,1207,0.07809729129076004
0,1208,0.0780811458826065
0,1209,0.07806628942489624
0,1210,0.07804913073778152
0,1211,0.07803419977426529
0,1212,0.07801847904920578
0,1213,0.07800265401601791
0,1214,0.07798776775598526
0,1215,0.07797056436538696
0,1216,0.07795607298612595
0,1217,0.07793930172920227
0,1218,0.07792499661445618
0,1219,0.07790814340114594
0,1220,0.07789205759763718
0,1221,0.07787618786096573
0,1222,0.0778597891330719
0,1223,0.07784567773342133
0,1224,0.07782921195030212
0,1225,0.07781358808279037
0,1226,0.07779762148857117
0,1227,0.07778079062700272
0,1228,0.07776609808206558
0,1229,0.077750064432621
0,1230,0.07773405313491821
0,1231,0.07771820574998856
0,1232,0.07770196348428726
0,1233,0.07768731564283371
0,1234,0.07767072319984436
0,1235,0.07765554636716843
0,1236,0.07763876765966415
0,1237,0.07762377709150314
0,1238,0.07760699838399887
0,1239,0.07759176194667816
0,1240,0.07757575064897537
0,1241,0.07756096869707108
0,1242,0.07754486054182053
0,1243,0.0775294154882431
0,1244,0.0775134414434433
0,1245,0.07749751210212708
0,1246,0.07748240977525711
0,1247,0.07746532559394836
0,1248,0.07744968682527542
0,1249,0.07743421196937561
0,1250,0.07741831243038177
0,1251,0.07740166783332825
0,1252,0.07738631218671799
0,1253,0.07737089693546295
0,1254,0.0773548111319542
0,1255,0.07733893394470215
0,1256,0.07732321321964264
0,1257,0.07730741798877716
0,1258,0.07729126513004303
0,1259,0.07727554440498352
0,1260,0.07726000249385834
0,1261,0.07724478840827942
0,1262,0.07722849398851395
0,1263,0.077212855219841
0,1264,0.07719659060239792
0,1265,0.07718068361282349
0,1266,0.0771648958325386
0,1267,0.07714870572090149
0,1268,0.07713313400745392
0,1269,0.07711707800626755
0,1270,0.07710197567939758
0,1271,0.07708526402711868
0,1272,0.07707010954618454
0,1273,0.0770547091960907
0,1274,0.0770379900932312
0,1275,0.07702117413282394
0,1276,0.07700648158788681
0,1277,0.07698991894721985
0,1278,0.07697471976280212
0,1279,0.07695837318897247
0,1280,0.07694244384765625
0,1281,0.0769270583987236
0,1282,0.0769115462899208
0,1283,0.07689495384693146
0,1284,0.07687919586896896
0,1285,0.07686495780944824
0,1286,0.07684793323278427
0,1287,0.07683195918798447
0,1288,0.07681692391633987
0,1289,0.07679982483386993
0,1290,0.07678397744894028
0,1291,0.07676839083433151
0,1292,0.0767519399523735
0,1293,0.07673779129981995
0,1294,0.07672034949064255
0,1295,0.07670421898365021
0,1296,0.07668837159872055
0,1297,0.07667184621095657
0,1298,0.0766562893986702
0,1299,0.07664003223180771
0,1300,0.07662460207939148
0,1301,0.07660681009292603
0,1302,0.07659203559160233
0,1303,0.0765773355960846
0,1304,0.0765598714351654
0,1305,0.07654424756765366
0,1306,0.07652804255485535
0,1307,0.07651270180940628
0,1308,0.07649654150009155
0,1309,0.07648054510354996
0,1310,0.07646448165178299
0,1311,0.07644835114479065
0,1312,0.07643238455057144
0,1313,0.07641687989234924
0,1314,0.07640057057142258
0,1315,0.07638447731733322
0,1316,0.07636865973472595
0,1317,0.07635273784399033
0,1318,0.07633647322654724
0,1319,0.07632027566432953
0,1320,0.07630422711372375
0,1321,0.07628849148750305
0,1322,0.0762721598148346
0,1323,0.07625684142112732
0,1324,0.0762404128909111
0,1325,0.0762246698141098
0,1326,0.07620806246995926
0,1327,0.07619215548038483
0,1328,0.07617630809545517
0,1329,0.07616109400987625
0,1330,0.07614441961050034
0,1331,0.07612970471382141
0,1332,0.07611405104398727
0,1333,0.07609755545854568
0,1334,0.07608076930046082
0,1335,0.07606583833694458
0,1336,0.07604856789112091
0,1337,0.0760330855846405
0,1338,0.07601713389158249
0,1339,0.07600177824497223
0,1340,0.07598572224378586
0,1341,0.07596999406814575
0,1342,0.07595402747392654
0,1343,0.0759388878941536
0,1344,0.07592254877090454
0,1345,0.0759061649441719
0,1346,0.07589013129472733
0,1347,0.07587384432554245
0,1348,0.0758584514260292
0,1349,0.07584232091903687
0,1350,0.07582598179578781
0,1351,0.0758102759718895
0,1352,0.07579459249973297
0,1353,0.0757787674665451
0,1354,0.0757625475525856
0,1355,0.0757470428943634
0,1356,0.07573066651821136
0,1357,0.07571505010128021
0,1358,0.07569997757673264
0,1359,0.07568350434303284
0,1360,0.07566800713539124
0,1361,0.0756518691778183
0,1362,0.07563561946153641
0,1363,0.07561976462602615
0,1364,0.07560371607542038
0,1365,0.07558803260326385
0,1366,0.07557158172130585
0,1367,0.07555533945560455
0,1368,0.07554013282060623
0,1369,0.07552430033683777
0,1370,0.0755082443356514
0,1371,0.07549189031124115
0,1372,0.07547596842050552
0,1373,0.07546022534370422
0,1374,0.07544451951980591
0,1375,0.07542843371629715
0,1376,0.07541235536336899
0,1377,0.07539696246385574
0,1378,0.07538105547428131
0,1379,0.07536569982767105
0,1380,0.07534965872764587
0,1381,0.07533346116542816
0,1382,0.07531704753637314
0,1383,0.0753021240234375
0,1384,0.07528653740882874
0,1385,0.07526978850364685
0,1386,0.07525453716516495
0,1387,0.07523805648088455
0,1388,0.07522221654653549
0,1389,0.07520689070224762
0,1390,0.07519053667783737
0,1391,0.07517414540052414
0,1392,0.07515822350978851
0,1393,0.07514277845621109
0,1394,0.07512659579515457
0,1395,0.07511070370674133
0,1396,0.07509412616491318
0,1397,0.07507845759391785
0,1398,0.07506294548511505
0,1399,0.07504645735025406
0,1400,0.07503081113100052
0,1401,0.07501448690891266
0,1402,0.07499833405017853
0,1403,0.07498243451118469
0,1404,0.07496614009141922
0,1405,0.07495027035474777
0,1406,0.07493367046117783
0,1407,0.07491832226514816
0,1408,0.07490254938602448
0,1409,0.07488668709993362
0,1410,0.07487106323242188
0,1411,0.07485451549291611
0,1412,0.07483888417482376
0,1413,0.07482286542654037
0,1414,0.07480692118406296
0,1415,0.07479063421487808
0,1416,0.07477614283561707
0,1417,0.07475904375314713
0,1418,0.07474399358034134
0,1419,0.07472824305295944
0,1420,0.07471200823783875
0,1421,0.07469649612903595
0,1422,0.07468097656965256
0,1423,0.07466479390859604
0,1424,0.07464908063411713
0,1425,0.07463211566209793
0,1426,0.07461627572774887
0,1427,0.07459956407546997
0,1428,0.07458299398422241
0,1429,0.07456670701503754
0,1430,0.07455094903707504
0,1431,0.0745358020067215
0,1432,0.07451959699392319
0,1433,0.07450299710035324
0,1434,0.07448696345090866
0,1435,0.07447151094675064
0,1436,0.07445524632930756
0,1437,0.07443875074386597
0,1438,0.07442311197519302
0,1439,0.07440701127052307
0,1440,0.0743914544582367
0,1441,0.0743773952126503
0,1442,0.07435989379882812
0,1443,0.07434341311454773
0,1444,0.0743274837732315
0,1445,0.0743117406964302
0,1446,0.07429565489292145
0,1447,0.0742798000574112
0,1448,0.07426279038190842
0,1449,0.07424715161323547
0,1450,0.07423127442598343
0,1451,0.07421539723873138
0,1452,0.0741993859410286
0,1453,0.07418441772460938
0,1454,0.07416858524084091
0,1455,0.07415170222520828
0,1456,0.07413709908723831
0,1457,0.07412036508321762
0,1458,0.0741039291024208
0,1459,0.07408829033374786
0,1460,0.0740722194314003
0,1461,0.07405634224414825
0,1462,0.07403980195522308
0,1463,0.07402265071868896
0,1464,0.07400766760110855
0,1465,0.07399196922779083
0,1466,0.07397570461034775
0,1467,0.07395949959754944
0,1468,0.07394290715456009
0,1469,0.07392620295286179
0,1470,0.07391104102134705
0,1471,0.0738951563835144
0,1472,0.07387927174568176
0,1473,0.0738629400730133
0,1474,0.07384630292654037
0,1475,0.0738300234079361
0,1476,0.07381464540958405
0,1477,0.07379854470491409
0,1478,0.07378223538398743
0,1479,0.07376657426357269
0,1480,0.07375079393386841
0,1481,0.07373484969139099
0,1482,0.07371877133846283
0,1483,0.07370223850011826
0,1484,0.07368753850460052
0,1485,0.07367093861103058
0,1486,0.07365409284830093
0,1487,0.07363813370466232
0,1488,0.07362192869186401
0,1489,0.07360632717609406
0,1490,0.07359057664871216
0,1491,0.07357417792081833
0,1492,0.07355856150388718
0,1493,0.07354257255792618
0,1494,0.07352668792009354
0,1495,0.07351118326187134
0,1496,0.07349515706300735
0,1497,0.07347936928272247
0,1498,0.0734630823135376
0,1499,0.07344835996627808
0,1500,0.07343115657567978
0,1501,0.07341586798429489
0,1502,0.07339812070131302
0,1503,0.0733833983540535
0,1504,0.07336678355932236
0,1505,0.07335036247968674
0,1506,0.07333411276340485
0,1507,0.07331852614879608
0,1508,0.07330230623483658
0,1509,0.07328630238771439
0,1510,0.07327009737491608
0,1511,0.07325471192598343
0,1512,0.07323773950338364
0,1513,0.07322216033935547
0,1514,0.07320649921894073
0,1515,0.07318993657827377
0,1516,0.07317414879798889
0,1517,0.07315816730260849
0,1518,0.07314229756593704
0,1519,0.07312500476837158
0,1520,0.07311250269412994
0,1521,0.07309345155954361
0,1522,0.07308042794466019
0,1523,0.07306618243455887
0,1524,0.07304571568965912
0,1525,0.07303226739168167
0,1526,0.07301780581474304
0,1527,0.07299621403217316
0,1528,0.07298275083303452
0,1529,0.07296711951494217
0,1530,0.07294649630784988
0,1531,0.07293461263179779
0,1532,0.07291731238365173
0,1533,0.07289590686559677
0,1534,0.0728822648525238
0,1535,0.07286611944437027
0,1536,0.07284598797559738
0,1537,0.07282901555299759
0,1538,0.07281224429607391
0,1539,0.07279348373413086
0,1540,0.07277671247720718
0,1541,0.0727587565779686
0,1542,0.0727381482720375
0,1543,0.07271948456764221
0,1544,0.07269861549139023
0,1545,0.07267928123474121
0,1546,0.07265768945217133
0,1547,0.0726391151547432
0,1548,0.07261857390403748
0,1549,0.0725974515080452
0,1550,0.07257673144340515
0,1551,0.07255442440509796
0,1552,0.07253261655569077
0,1553,0.0725117027759552
0,1554,0.072489894926548
0,1555,0.07246944308280945
0,1556,0.07244715839624405
0,1557,0.0724269449710846
0,1558,0.07240825146436691
0,1559,0.07238974422216415
0,1560,0.0723719447851181
0,1561,0.07235150039196014
0,1562,0.07233332097530365
0,1563,0.07231352478265762
0,1564,0.07229501754045486
0,1565,0.0722760260105133
0,1566,0.07225677371025085
0,1567,0.07223677635192871
0,1568,0.07221879810094833
0,1569,0.07219910621643066
0,1570,0.07218100130558014
0,1571,0.07215989381074905
0,1572,0.07214076817035675
0,1573,0.07212315499782562
0,1574,0.07210307568311691
0,1575,0.07208366692066193
0,1576,0.0720648467540741
0,1577,0.0720459520816803
0,1578,0.07202755659818649
0,1579,0.07200761139392853
0,1580,0.07198981195688248
0,1581,0.07197082787752151
0,1582,0.07195135205984116
0,1583,0.07193233072757721
0,1584,0.07191275805234909
0,1585,0.07189413905143738
0,1586,0.07187508046627045
0,1587,0.07185644656419754
0,1588,0.07183844596147537
0,1589,0.07181940227746964
0,1590,0.0718005821108818
0,1591,0.07178109884262085
0,1592,0.07176288962364197
0,1593,0.0717432051897049
0,1594,0.07172504812479019
0,1595,0.07170507311820984
0,1596,0.0716857984662056
0,1597,0.07166623324155807
0,1598,0.07164745777845383
0,1599,0.07162808626890182
0,1600,0.07160872220993042
0,1601,0.07159029692411423
0,1602,0.07157085090875626
0,1603,0.07155176997184753
0,1604,0.0715327188372612
0,1605,0.0715140700340271
0,1606,0.07149515300989151
0,1607,0.0714772567152977
0,1608,0.07145887613296509
0,1609,0.07143980264663696
0,1610,0.07142115384340286
0,1611,0.07140383124351501
0,1612,0.07138419151306152
0,1613,0.07136548310518265
0,1614,0.07134706526994705
0,1615,0.0713280588388443
0,1616,0.07130918651819229
0,1617,0.07128997892141342
0,1618,0.07127178460359573
0,1619,0.07125256955623627
0,1620,0.0712335854768753
0,1621,0.07121532410383224
0,1622,0.07119626551866531
0,1623,0.07117780297994614
0,1624,0.07115878164768219
0,1625,0.07114186882972717
0,1626,0.07112223654985428
0,1627,0.07110344618558884
0,1628,0.0710844099521637
0,1629,0.07106588780879974
0,1630,0.07104653865098953
0,1631,0.07102895528078079
0,1632,0.07100904732942581
0,1633,0.07099083811044693
0,1634,0.07097171247005463
0,1635,0.07095299661159515
0,1636,0.07093433290719986
0,1637,0.0709153562784195
0,1638,0.07089623063802719
0,1639,0.07087726891040802
0,1640,0.07085885852575302
0,1641,0.07083994150161743
0,1642,0.07082182168960571
0,1643,0.07080300152301788
0,1644,0.07078557461500168
0,1645,0.070765919983387
0,1646,0.07074924558401108
0,1647,0.0707300528883934
0,1648,0.07071244716644287
0,1649,0.0706939771771431
0,1650,0.07067567855119705
0,1651,0.07065639644861221
0,1652,0.07063879817724228
0,1653,0.070619136095047
0,1654,0.07060078531503677
0,1655,0.07058191299438477
0,1656,0.07056301832199097
0,1657,0.07054411619901657
0,1658,0.07052568346261978
0,1659,0.07050774246454239
0,1660,0.07048856467008591
0,1661,0.07047048211097717
0,1662,0.07045245915651321
0,1663,0.07043388485908508
0,1664,0.07041563093662262
0,1665,0.07039734721183777
0,1666,0.07037888467311859
0,1667,0.0703602209687233
0,1668,0.07034178823232651
0,1669,0.07032355666160583
0,1670,0.07030482590198517
0,1671,0.07028669863939285
0,1672,0.07026802748441696
0,1673,0.0702500268816948
0,1674,0.07023139297962189
0,1675,0.07021313905715942
0,1676,0.07019399851560593
0,1677,0.07017647475004196
0,1678,0.07015751302242279
0,1679,0.07013893872499466
0,1680,0.07012098282575607
0,1681,0.07010240852832794
0,1682,0.07008375227451324
0,1683,0.07006524503231049
0,1684,0.07004713267087936
0,1685,0.07002872228622437
0,1686,0.07001011073589325
0,1687,0.06999177485704422
0,1688,0.06997314840555191
0,1689,0.06995446979999542
0,1690,0.06993623822927475
0,1691,0.06991717219352722
0,1692,0.06989862024784088
0,1693,0.06988053023815155
0,1694,0.06986173242330551
0,1695,0.06984341889619827
0,1696,0.06982405483722687
0,1697,0.06980668008327484
0,1698,0.06978786736726761
0,1699,0.06976832449436188
0,1700,0.06974965333938599
0,1701,0.06973125040531158
0,1702,0.06971260905265808
0,1703,0.06969369202852249
0,1704,0.06967493146657944
0,1705,0.06965654343366623
0,1706,0.06963751465082169
0,1707,0.06961900740861893
0,1708,0.06960070878267288
0,1709,0.06958244740962982
0,1710,0.06956300139427185
0,1711,0.06954509764909744
0,1712,0.0695267766714096
0,1713,0.06950939446687698
0,1714,0.0694902092218399
0,1715,0.06947299838066101
0,1716,0.0694546103477478
0,1717,0.06943663954734802
0,1718,0.0694187805056572
0,1719,0.0694006159901619
0,1720,0.06938240677118301
0,1721,0.06936468183994293
0,1722,0.06934650987386703
0,1723,0.06932926923036575
0,1724,0.06931115686893463
0,1725,0.06929299235343933
0,1726,0.06927493214607239
0,1727,0.06925784796476364
0,1728,0.06923907995223999
0,1729,0.06922156363725662
0,1730,0.069203682243824
0,1731,0.06918714195489883
0,1732,0.06916883587837219
0,1733,0.06915052980184555
0,1734,0.06913374364376068
0,1735,0.06911502778530121
0,1736,0.06909752637147903
0,1737,0.06907877326011658
0,1738,0.06906227022409439
0,1739,0.06904343515634537
0,1740,0.06902489066123962
0,1741,0.06900673359632492
0,1742,0.06898988783359528
0,1743,0.06897111237049103
0,1744,0.06895366311073303
0,1745,0.06893576681613922
0,1746,0.06891859322786331
0,1747,0.06890159845352173
0,1748,0.06888362020254135
0,1749,0.06886669248342514
0,1750,0.06884917616844177
0,1751,0.06883016228675842
0,1752,0.06881362944841385
0,1753,0.06879499554634094
0,1754,0.06877846270799637
0,1755,0.06875933706760406
0,1756,0.06874285638332367
0,1757,0.06872492283582687
0,1758,0.06870805472135544
0,1759,0.06868971139192581
0,1760,0.06867247819900513
0,1761,0.06865371763706207
0,1762,0.06863870471715927
0,1763,0.06861986219882965
0,1764,0.06860238313674927
0,1765,0.06858453899621964
0,1766,0.06856758147478104
0,1767,0.0685499981045723
0,1768,0.06853286921977997
0,1769,0.06851550191640854
0,1770,0.06849829107522964
0,1771,0.0684816837310791
0,1772,0.0684642493724823
0,1773,0.06844668835401535
0,1774,0.06842965632677078
0,1775,0.06841196864843369
0,1776,0.06839459389448166
0,1777,0.0683777928352356
0,1778,0.0683605745434761
0,1779,0.06834249943494797
0,1780,0.0683266818523407
0,1781,0.06830917298793793
0,1782,0.06829234212636948
0,1783,0.06827548146247864
0,1784,0.06825865805149078
0,1785,0.06824059784412384
0,1786,0.06822420656681061
0,1787,0.0682077556848526
0,1788,0.06818965822458267
0,1789,0.06817276030778885
0,1790,0.06815581768751144
0,1791,0.06813926249742508
0,1792,0.06812267750501633
0,1793,0.06810550391674042
0,1794,0.0680888369679451
0,1795,0.06807262450456619
0,1796,0.06805620342493057
0,1797,0.06803976744413376
0,1798,0.068022720515728
0,1799,0.06800626218318939
0,1800,0.06798936426639557
0,1801,0.06797251105308533
0,1802,0.06795619428157806
0,1803,0.06793931871652603
0,1804,0.0679234191775322
0,1805,0.06790830194950104
0,1806,0.06789135187864304
0,1807,0.06787501275539398
0,1808,0.06786031275987625
0,1809,0.06784326583147049
0,1810,0.06782646477222443
0,1811,0.06780952215194702
0,1812,0.06779137998819351
0,1813,0.06777559220790863
0,1814,0.06775795668363571
0,1815,0.06774172931909561
0,1816,0.06772525608539581
0,1817,0.06771066784858704
0,1818,0.06769347190856934
0,1819,0.06767797470092773
0,1820,0.06766173243522644
0,1821,0.0676446482539177
0,1822,0.06762873381376266
0,1823,0.06761237978935242
0,1824,0.06759762018918991
0,1825,0.06757954508066177
0,1826,0.06756414473056793
0,1827,0.06754747033119202
0,1828,0.067531518638134
0,1829,0.06751438975334167
0,1830,0.067499078810215
0,1831,0.06748253107070923
0,1832,0.06746678054332733
0,1833,0.06745079904794693
0,1834,0.0674346461892128
0,1835,0.06741794943809509
0,1836,0.06740248203277588
0,1837,0.06738607585430145
0,1838,0.06737162172794342
0,1839,0.06735526025295258
0,1840,0.0673394650220871
0,1841,0.06732361763715744
0,1842,0.06730731576681137
0,1843,0.06729138642549515
0,1844,0.06727474927902222
0,1845,0.067259781062603
0,1846,0.06724395602941513
0,1847,0.06722796708345413
0,1848,0.06721115112304688
0,1849,0.06719482690095901
0,1850,0.06717849522829056
0,1851,0.06716259568929672
0,1852,0.06714557111263275
0,1853,0.06712823361158371
0,1854,0.06711213290691376
0,1855,0.06709529459476471
0,1856,0.0670793205499649
0,1857,0.0670623704791069
0,1858,0.06704600900411606
0,1859,0.06702932715415955
0,1860,0.06701203435659409
0,1861,0.06699597835540771
0,1862,0.06697922199964523
0,1863,0.06696275621652603
0,1864,0.06694626063108444
0,1865,0.0669301375746727
0,1866,0.06691308319568634
0,1867,0.06689728051424026
0,1868,0.06688135862350464
0,1869,0.06686526536941528
0,1870,0.06684867292642593
0,1871,0.06683344393968582
0,1872,0.06681650131940842
0,1873,0.06679673492908478
0,1874,0.06677661091089249
0,1875,0.06675513833761215
0,1876,0.06673432886600494
0,1877,0.06671275198459625
0,1878,0.06668984144926071
0,1879,0.06666732579469681
0,1880,0.06664417684078217
0,1881,0.06662174314260483
0,1882,0.0665978491306305
0,1883,0.06657566130161285
0,1884,0.06655187159776688
0,1885,0.06652876734733582
0,1886,0.06650415807962418
0,1887,0.06648118793964386
0,1888,0.0664573684334755
0,1889,0.0664333924651146
0,1890,0.06640971451997757
0,1891,0.06638665497303009
0,1892,0.0663628876209259
0,1893,0.06633903086185455
0,1894,0.066316157579422
0,1895,0.06629211455583572
0,1896,0.06626914441585541
0,1897,0.06624630838632584
0,1898,0.06622309237718582
0,1899,0.06620006263256073
0,1900,0.06617570668458939
0,1901,0.06615334749221802
0,1902,0.06613045185804367
0,1903,0.06610740721225739
0,1904,0.06608469039201736
0,1905,0.06606200337409973
0,1906,0.06603913009166718
0,1907,0.06601604074239731
0,1908,0.06599470973014832
0,1909,0.06597432494163513
0,1910,0.06595246493816376
0,1911,0.0659322440624237
0,1912,0.06591137498617172
0,1913,0.06589031219482422
0,1914,0.06587126851081848
0,1915,0.06585346907377243
0,1916,0.06583626568317413
0,1917,0.06581772863864899
0,1918,0.0657990425825119
0,1919,0.06578171253204346
0,1920,0.06576430052518845
0,1921,0.0657474473118782
0,1922,0.06572835147380829
0,1923,0.06570825725793839
0,1924,0.06568532437086105
0,1925,0.06565884500741959
0,1926,0.06563213467597961
0,1927,0.06561574339866638
0,1928,0.06559963524341583
0,1929,0.06558194756507874
0,1930,0.06556212902069092
0,1931,0.06554187089204788
0,1932,0.06552086770534515
0,1933,0.0655025765299797
0,1934,0.06548567861318588
0,1935,0.06546779721975327
0,1936,0.06544824689626694
0,1937,0.06542832404375076
0,1938,0.06540928781032562
0,1939,0.06539137661457062
0,1940,0.06537361443042755
0,1941,0.06535539776086807
0,1942,0.06533712148666382
0,1943,0.06531845033168793
0,1944,0.06530056893825531
0,1945,0.06528290361166
0,1946,0.06526533514261246
0,1947,0.06524806469678879
0,1948,0.06522969156503677
0,1949,0.06521247327327728
0,1950,0.06519477814435959
0,1951,0.06517674028873444
0,1952,0.06515845656394958
0,1953,0.06514056771993637
0,1954,0.06512092053890228
0,1955,0.06510186940431595
0,1956,0.06508422642946243
0,1957,0.06506624817848206
0,1958,0.0650492012500763
0,1959,0.06503229588270187
0,1960,0.06501499563455582
0,1961,0.06499702483415604
0,1962,0.06497898697853088
0,1963,0.06496025621891022
0,1964,0.06494397670030594
0,1965,0.06492573767900467
0,1966,0.06490877270698547
0,1967,0.06489172577857971
0,1968,0.06487315148115158
0,1969,0.06485655903816223
0,1970,0.06483832001686096
0,1971,0.06482090801000595
0,1972,0.0648035854101181
0,1973,0.0647863894701004
0,1974,0.06476901471614838
0,1975,0.06475137919187546
0,1976,0.06473422795534134
0,1977,0.06471691280603409
0,1978,0.06469942629337311
0,1979,0.06468173861503601
0,1980,0.06466526538133621
0,1981,0.06464751064777374
0,1982,0.06463104486465454
0,1983,0.06461400538682938
0,1984,0.06459648907184601
0,1985,0.06458039581775665
0,1986,0.06456258147954941
0,1987,0.06454578042030334
0,1988,0.06452874839305878
0,1989,0.06451167166233063
0,1990,0.06449461728334427
0,1991,0.06447876244783401
0,1992,0.06446157395839691
0,1993,0.0644446611404419
0,1994,0.06442758440971375
0,1995,0.06441041827201843
0,1996,0.06439525634050369
0,1997,0.0643780529499054
0,1998,0.06436031311750412
0,1999,0.06434379518032074
0,2000,0.06432776898145676
0,2001,0.06431110948324203
0,2002,0.06429409235715866
0,2003,0.0642767995595932
0,2004,0.06426037847995758
0,2005,0.0642438530921936
0,2006,0.06422729790210724
0,2007,0.06421107053756714
0,2008,0.06419426947832108
0,2009,0.06417838484048843
0,2010,0.0641620084643364
0,2011,0.06414531171321869
0,2012,0.06412851065397263
0,2013,0.06411246210336685
0,2014,0.06409630179405212
0,2015,0.06407987326383591
0,2016,0.0640636757016182
0,2017,0.06404684484004974
0,2018,0.06403091549873352
0,2019,0.06401415169239044
0,2020,0.06399896740913391
0,2021,0.06398342549800873
0,2022,0.06396657973527908
0,2023,0.06395157426595688
0,2024,0.06393428891897202
0,2025,0.06391919404268265
0,2026,0.0639025941491127
0,2027,0.06388713419437408
0,2028,0.06386982649564743
0,2029,0.06385432928800583
0,2030,0.06383831053972244
0,2031,0.06382332742214203
0,2032,0.06380650401115417
0,2033,0.06379172205924988
0,2034,0.06377463787794113
0,2035,0.06376069039106369
0,2036,0.06374364346265793
0,2037,0.06372884660959244
0,2038,0.06371324509382248
0,2039,0.06369659304618835
0,2040,0.06368166953325272
0,2041,0.06366520375013351
0,2042,0.06364962458610535
0,2043,0.06363385915756226
0,2044,0.06361814588308334
0,2045,0.06360200047492981
0,2046,0.06358776986598969
0,2047,0.06357165426015854
0,2048,0.06355497241020203
0,2049,0.06354013830423355
0,2050,0.06352391839027405
0,2051,0.06350773572921753
0,2052,0.06349239498376846
0,2053,0.06347604840993881
0,2054,0.06346061080694199
0,2055,0.06344561278820038
0,2056,0.06342946738004684
0,2057,0.06341393291950226
0,2058,0.0633983239531517
0,2059,0.06338284909725189
0,2060,0.06336753070354462
0,2061,0.06335219740867615
0,2062,0.06333580613136292
0,2063,0.06332159787416458
0,2064,0.06330543011426926
0,2065,0.06329002976417542
0,2066,0.06327448785305023
0,2067,0.0632600411772728
0,2068,0.06324467808008194
0,2069,0.06322871148586273
0,2070,0.06321366131305695
0,2071,0.06319848448038101
0,2072,0.06318343430757523
0,2073,0.06316836923360825
0,2074,0.06315373629331589
0,2075,0.063138447701931
0,2076,0.06312375515699387
0,2077,0.06310911476612091
0,2078,0.06309445947408676
0,2079,0.06307970732450485
0,2080,0.06306453049182892
0,2081,0.06305017322301865
0,2082,0.06303463131189346
0,2083,0.06301971524953842
0,2084,0.06300458312034607
0,2085,0.06298962980508804
0,2086,0.06297526508569717
0,2087,0.06296022981405258
0,2088,0.06294573098421097
0,2089,0.06293120235204697
0,2090,0.06291642785072327
0,2091,0.06290243566036224
0,2092,0.0628875344991684
0,2093,0.06287270784378052
0,2094,0.06285806745290756
0,2095,0.06284375488758087
0,2096,0.06282952427864075
0,2097,0.06281506270170212
0,2098,0.06280052661895752
0,2099,0.0627867728471756
0,2100,0.06277249753475189
0,2101,0.06275834143161774
0,2102,0.0627443715929985
0,2103,0.06273028254508972
0,2104,0.06271596252918243
0,2105,0.06270145624876022
0,2106,0.06268743425607681
0,2107,0.06267338246107101
0,2108,0.06265971064567566
0,2109,0.06264575570821762
0,2110,0.06263188272714615
0,2111,0.06261807680130005
0,2112,0.06260393559932709
0,2113,0.06258968263864517
0,2114,0.06257682293653488
0,2115,0.06256160140037537
0,2116,0.06254910677671432
0,2117,0.06253503262996674
0,2118,0.06252115964889526
0,2119,0.06250682473182678
0,2120,0.06249278411269188
0,2121,0.062479417771101
0,2122,0.062465600669384
0,2123,0.0624527744948864
0,2124,0.062437862157821655
0,2125,0.062424469739198685
0,2126,0.06241181492805481
0,2127,0.0623980276286602
0,2128,0.06238435208797455
0,2129,0.06237058714032173
0,2130,0.062357254326343536
0,2131,0.06234412640333176
0,2132,0.062330737709999084
0,2133,0.062317751348018646
0,2134,0.06230452284216881
0,2135,0.062290940433740616
0,2136,0.06227848306298256
0,2137,0.06226586550474167
0,2138,0.0622519887983799
0,2139,0.06223880499601364
0,2140,0.06222620606422424
0,2141,0.062213245779275894
0,2142,0.06220052018761635
0,2143,0.062187764793634415
0,2144,0.06217546388506889
0,2145,0.062162965536117554
0,2146,0.0621505044400692
0,2147,0.06213813275098801
0,2148,0.06212605908513069
0,2149,0.062113236635923386
0,2150,0.06210111081600189
0,2151,0.062088415026664734
0,2152,0.06207485869526863
0,2153,0.062061116099357605
0,2154,0.06204850226640701
0,2155,0.0620354488492012
0,2156,0.06202179566025734
0,2157,0.062009699642658234
0,2158,0.06199805065989494
0,2159,0.061985474079847336
0,2160,0.061973556876182556
0,2161,0.061961181461811066
0,2162,0.061948563903570175
0,2163,0.061935972422361374
0,2164,0.06192391365766525
0,2165,0.06191081181168556
0,2166,0.061899520456790924
0,2167,0.06188724562525749
0,2168,0.061874277889728546
0,2169,0.061861488968133926
0,2170,0.061849579215049744
0,2171,0.06183793023228645
0,2172,0.061825815588235855
0,2173,0.06181301921606064
0,2174,0.06180059537291527
0,2175,0.06178920716047287
0,2176,0.06177770718932152
0,2177,0.06176495924592018
0,2178,0.06175282970070839
0,2179,0.06174132227897644
0,2180,0.061728816479444504
0,2181,0.0617179349064827
0,2182,0.06170511618256569
0,2183,0.06169356778264046
0,2184,0.06168103590607643
0,2185,0.06166960299015045
0,2186,0.06165725737810135
0,2187,0.06164569407701492
0,2188,0.0616341270506382
0,2189,0.06162266805768013
0,2190,0.06161044165492058
0,2191,0.0615982860326767
0,2192,0.06158636137843132
0,2193,0.06157509982585907
0,2194,0.06156361475586891
0,2195,0.0615517757833004
0,2196,0.06154043972492218
0,2197,0.06152830272912979
0,2198,0.0615168996155262
0,2199,0.06150617450475693
0,2200,0.06149463728070259
0,2201,0.06148264929652214
0,2202,0.06147146224975586
0,2203,0.06146058067679405
0,2204,0.061449240893125534
0,2205,0.06143792346119881
0,2206,0.0614267997443676
0,2207,0.06141594424843788
0,2208,0.06140445917844772
0,2209,0.06139308586716652
0,2210,0.0613819845020771
0,2211,0.06137113273143768
0,2212,0.06136013939976692
0,2213,0.06134888529777527
0,2214,0.06133789196610451
0,2215,0.06132643669843674
0,2216,0.061315327882766724
0,2217,0.06130480021238327
0,2218,0.06129331886768341
0,2219,0.061282411217689514
0,2220,0.06127184256911278
0,2221,0.06126106157898903
0,2222,0.06125011667609215
0,2223,0.061238616704940796
0,2224,0.06122822314500809
0,2225,0.06121793016791344
0,2226,0.061207447201013565
0,2227,0.061196599155664444
0,2228,0.0611860491335392
0,2229,0.0611756294965744
0,2230,0.06116533651947975
0,2231,0.06115500628948212
0,2232,0.06114440783858299
0,2233,0.06113370135426521
0,2234,0.06112274155020714
0,2235,0.06111237034201622
0,2236,0.06110185757279396
0,2237,0.061091575771570206
0,2238,0.06108136475086212
0,2239,0.06107116490602493
0,2240,0.06106078624725342
0,2241,0.061050813645124435
0,2242,0.06104060634970665
0,2243,0.06103101000189781
0,2244,0.06102052330970764
0,2245,0.06101054325699806
0,2246,0.06100032478570938
0,2247,0.06099024415016174
0,2248,0.06098059192299843
0,2249,0.060970403254032135
0,2250,0.0609603188931942
0,2251,0.060950759798288345
0,2252,0.060941483825445175
0,2253,0.06093156710267067
0,2254,0.0609218031167984
0,2255,0.06091313809156418
0,2256,0.060904115438461304
0,2257,0.060895029455423355
0,2258,0.06088527664542198
0,2259,0.060876376926898956
0,2260,0.0608675517141819
0,2261,0.06085831671953201
0,2262,0.06084921956062317
0,2263,0.060839857906103134
0,2264,0.06083066016435623
0,2265,0.060822729021310806
0,2266,0.06081297993659973
0,2267,0.060803309082984924
0,2268,0.060794658958911896
0,2269,0.06078626587986946
0,2270,0.060776084661483765
0,2271,0.06076689437031746
0,2272,0.060757678002119064
0,2273,0.060749735683202744
0,2274,0.06074073910713196
0,2275,0.06073155254125595
0,2276,0.06072254851460457
0,2277,0.0607135035097599
0,2278,0.06070344150066376
0,2279,0.060692742466926575
0,2280,0.060683730989694595
0,2281,0.06067419797182083
0,2282,0.060664091259241104
0,2283,0.060654811561107635
0,2284,0.06064629182219505
0,2285,0.060636501759290695
0,2286,0.06062641367316246
0,2287,0.06061803922057152
0,2288,0.06060883030295372
0,2289,0.06059887632727623
0,2290,0.060590390115976334
0,2291,0.0605812706053257
0,2292,0.060571178793907166
0,2293,0.06056194752454758
0,2294,0.06055224686861038
0,2295,0.06054268777370453
0,2296,0.0605342723429203
0,2297,0.06052467226982117
0,2298,0.06051548942923546
0,2299,0.060506097972393036
0,2300,0.06049657240509987
0,2301,0.06048746779561043
0,2302,0.060477860271930695
0,2303,0.060468897223472595
0,2304,0.060459382832050323
0,2305,0.06044973433017731
0,2306,0.06044015288352966
0,2307,0.06043088063597679
0,2308,0.060421351343393326
0,2309,0.060411956161260605
0,2310,0.06040261685848236
0,2311,0.06039337441325188
0,2312,0.060384828597307205
0,2313,0.060375478118658066
0,2314,0.06036714091897011
0,2315,0.06035804748535156
0,2316,0.06034917011857033
0,2317,0.060339659452438354
0,2318,0.060330722481012344
0,2319,0.060321733355522156
0,2320,0.060313038527965546
0,2321,0.06030399724841118
0,2322,0.060295090079307556
0,2323,0.06028621271252632
0,2324,0.060277752578258514
0,2325,0.06026902422308922
0,2326,0.0602598674595356
0,2327,0.060250893235206604
0,2328,0.06024223193526268
0,2329,0.060233477503061295
0,2330,0.060224857181310654
0,2331,0.060216307640075684
0,2332,0.060207612812519073
0,2333,0.060198649764060974
0,2334,0.06019020080566406
0,2335,0.06018137186765671
0,2336,0.060172948986291885
0,2337,0.060164857655763626
0,2338,0.060156140476465225
0,2339,0.0601477213203907
0,2340,0.06013898551464081
0,2341,0.060130901634693146
0,2342,0.06012281775474548
0,2343,0.06011354923248291
0,2344,0.0601055808365345
0,2345,0.06009731441736221
0,2346,0.06008940190076828
0,2347,0.06008095294237137
0,2348,0.0600723959505558
0,2349,0.06006426736712456
0,2350,0.06005605682730675
0,2351,0.060047779232263565
0,2352,0.060039568692445755
0,2353,0.06003119796514511
0,2354,0.060023192316293716
0,2355,0.06001478061079979
0,2356,0.06000661849975586
0,2357,0.05999837443232536
0,2358,0.059990622103214264
0,2359,0.0599823072552681
0,2360,0.059974487870931625
0,2361,0.05996693670749664
0,2362,0.059958718717098236
0,2363,0.059950705617666245
0,2364,0.05994265526533127
0,2365,0.05993468314409256
0,2366,0.059926342219114304
0,2367,0.059918541461229324
0,2368,0.059910234063863754
0,2369,0.05990210548043251
0,2370,0.05989476665854454
0,2371,0.0598868802189827
0,2372,0.059879157692193985
0,2373,0.05987190455198288
0,2374,0.059863969683647156
0,2375,0.0598561055958271
0,2376,0.059848353266716
0,2377,0.05984070897102356
0,2378,0.05983273312449455
0,2379,0.0598251074552536
0,2380,0.05981729179620743
0,2381,0.059809956699609756
0,2382,0.05980228632688522
0,2383,0.059794750064611435
0,2384,0.05978727713227272
0,2385,0.059779755771160126
0,2386,0.05977218225598335
0,2387,0.05976467579603195
0,2388,0.05975702032446861
0,2389,0.05974958837032318
0,2390,0.05974247306585312
0,2391,0.059734854847192764
0,2392,0.05972778797149658
0,2393,0.05972053110599518
0,2394,0.05971324443817139
0,2395,0.05970603972673416
0,2396,0.05969899147748947
0,2397,0.05969178304076195
0,2398,0.05968451499938965
0,2399,0.0596773698925972
0,2400,0.059670280665159225
0,2401,0.059663478285074234
0,2402,0.05965571478009224
0,2403,0.05964811146259308
0,2404,0.059640903025865555
0,2405,0.05963350832462311
0,2406,0.05962623655796051
0,2407,0.059619538486003876
0,2408,0.059612225741147995
0,2409,0.05960590019822121
0,2410,0.05959928408265114
0,2411,0.05959219112992287
0,2412,0.059584930539131165
0,2413,0.059577587991952896
0,2414,0.05957069993019104
0,2415,0.05956399068236351
0,2416,0.05955706536769867
0,2417,0.05955011025071144
0,2418,0.05954308062791824
0,2419,0.05953630805015564
0,2420,0.059529226273298264
0,2421,0.0595230832695961
0,2422,0.05951637402176857
0,2423,0.05950925499200821
0,2424,0.059501878917217255
0,2425,0.059495192021131516
0,2426,0.059488505125045776
0,2427,0.05948171764612198
0,2428,0.059475306421518326
0,2429,0.05946870148181915
0,2430,0.059461407363414764
0,2431,0.05945533141493797
0,2432,0.05944864824414253
0,2433,0.05944134294986725
0,2434,0.059435222297906876
0,2435,0.059428732842206955
0,2436,0.05942211300134659
0,2437,0.05941493809223175
0,2438,0.05940873548388481
0,2439,0.05940225347876549
0,2440,0.059395287185907364
0,2441,0.05938924849033356
0,2442,0.05938282608985901
0,2443,0.059376150369644165
0,2444,0.05936919152736664
0,2445,0.05936303734779358
0,2446,0.05935647711157799
0,2447,0.059349171817302704
0,2448,0.059342559427022934
0,2449,0.0593363456428051
0,2450,0.05932969972491264
0,2451,0.059322621673345566
0,2452,0.05931556969881058
0,2453,0.059308797121047974
0,2454,0.05930284783244133
0,2455,0.059296831488609314
0,2456,0.059290122240781784
0,2457,0.059283167123794556
0,2458,0.05927722528576851
0,2459,0.05927108973264694
0,2460,0.059264976531267166
0,2461,0.05925838276743889
0,2462,0.059251174330711365
0,2463,0.05924510583281517
0,2464,0.05923954024910927
0,2465,0.059233102947473526
0,2466,0.05922627076506615
0,2467,0.05922004580497742
0,2468,0.05921398848295212
0,2469,0.05920825153589249
0,2470,0.05920104682445526
0,2471,0.05919499695301056
0,2472,0.059189870953559875
0,2473,0.059183426201343536
0,2474,0.05917653068900108
0,2475,0.05917051434516907
0,2476,0.05916443467140198
0,2477,0.059157174080610275
0,2478,0.059150390326976776
0,2479,0.05914398655295372
0,2480,0.05913737416267395
0,2481,0.05913073197007179
0,2482,0.0591239295899868
0,2483,0.05911864712834358
0,2484,0.05911270156502724
0,2485,0.05910594388842583
0,2486,0.05909998342394829
0,2487,0.05909413844347
0,2488,0.059087470173835754
0,2489,0.05908099189400673
0,2490,0.05907493084669113
0,2491,0.05906841903924942
0,2492,0.05906207486987114
0,2493,0.05905584618449211
0,2494,0.05904939025640488
0,2495,0.05904310196638107
0,2496,0.059037040919065475
0,2497,0.05903090909123421
0,2498,0.059024788439273834
0,2499,0.0590183399617672
0,2500,0.05901219695806503
0,2501,0.059006329625844955
0,2502,0.05900038778781891
0,2503,0.058993902057409286
0,2504,0.05898791924118996
0,2505,0.058981772512197495
0,2506,0.05897560715675354
0,2507,0.05896953120827675
0,2508,0.0589631050825119
0,2509,0.058956630527973175
0,2510,0.05895094946026802
0,2511,0.05894477665424347
0,2512,0.05893801152706146
0,2513,0.0589323528110981
0,2514,0.05892636254429817
0,2515,0.058919843286275864
0,2516,0.0589132085442543
0,2517,0.058907438069581985
0,2518,0.05890137329697609
0,2519,0.058894842863082886
0,2520,0.05888877436518669
0,2521,0.05888250097632408
0,2522,0.058876726776361465
0,2523,0.05887044221162796
0,2524,0.058864351361989975
0,2525,0.05885855481028557
0,2526,0.058852504938840866
0,2527,0.058846037834882736
0,2528,0.05883980542421341
0,2529,0.058834008872509
0,2530,0.05882765352725983
0,2531,0.05882180482149124
0,2532,0.05881588160991669
0,2533,0.058809809386730194
0,2534,0.05880367383360863
0,2535,0.05879721790552139
0,2536,0.058791786432266235
0,2537,0.05878598615527153
0,2538,0.05877942219376564
0,2539,0.05877332761883736
0,2540,0.05876781418919563
0,2541,0.058761969208717346
0,2542,0.05875607952475548
0,2543,0.058749932795763016
0,2544,0.05874383822083473
0,2545,0.058738455176353455
0,2546,0.05873288959264755
0,2547,0.05872688069939613
0,2548,0.05872129648923874
0,2549,0.05871592462062836
0,2550,0.058710258454084396
0,2551,0.058704130351543427
0,2552,0.05869770050048828
0,2553,0.0586908757686615
0,2554,0.0586850568652153
0,2555,0.05867886543273926
0,2556,0.05867207795381546
0,2557,0.05866571143269539
0,2558,0.05866032466292381
0,2559,0.05865463614463806
0,2560,0.05864874646067619
0,2561,0.05864286795258522
0,2562,0.05863691121339798
0,2563,0.05863168090581894
0,2564,0.058625511825084686
0,2565,0.05861963331699371
0,2566,0.058614011853933334
0,2567,0.058608271181583405
0,2568,0.05860244482755661
0,2569,0.05859650671482086
0,2570,0.058591078966856
0,2571,0.05858554691076279
0,2572,0.05857973173260689
0,2573,0.05857446417212486
0,2574,0.058569129556417465
0,2575,0.05856351554393768
0,2576,0.05855795368552208
0,2577,0.05855243653059006
0,2578,0.05854714289307594
0,2579,0.05854211375117302
0,2580,0.05853702500462532
0,2581,0.05853189900517464
0,2582,0.05852668359875679
0,2583,0.05852185934782028
0,2584,0.05851681903004646
0,2585,0.05851186066865921
0,2586,0.05850701779127121
0,2587,0.0585031658411026
0,2588,0.0584988072514534
0,2589,0.058493807911872864
0,2590,0.058489397168159485
0,2591,0.058485038578510284
0,2592,0.05848089978098869
0,2593,0.0584765262901783
0,2594,0.05847194790840149
0,2595,0.058467380702495575
0,2596,0.058462612330913544
0,2597,0.05845871940255165
0,2598,0.05845484882593155
0,2599,0.05845032259821892
0,2600,0.05844643712043762
0,2601,0.058442480862140656
0,2602,0.05843820422887802
0,2603,0.05843403935432434
0,2604,0.05843004584312439
0,2605,0.05842611566185951
0,2606,0.058422114700078964
0,2607,0.05841813236474991
0,2608,0.058414261788129807
0,2609,0.058410175144672394
0,2610,0.058406274765729904
0,2611,0.058402493596076965
0,2612,0.05839848890900612
0,2613,0.058394867926836014
0,2614,0.05839112401008606
0,2615,0.05838732793927193
0,2616,0.058383867144584656
0,2617,0.05838039144873619
0,2618,0.0583769790828228
0,2619,0.058373380452394485
0,2620,0.05837021395564079
0,2621,0.05836699157953262
0,2622,0.05836375430226326
0,2623,0.058360859751701355
0,2624,0.05835800617933273
0,2625,0.058354586362838745
0,2626,0.05835184082388878
0,2627,0.05834866315126419
0,2628,0.0583457387983799
0,2629,0.05834243819117546
0,2630,0.0583387166261673
0,2631,0.0583358071744442
0,2632,0.05833236500620842
0,2633,0.058329157531261444
0,2634,0.05832616984844208
0,2635,0.058323077857494354
0,2636,0.05832022801041603
0,2637,0.05831737443804741
0,2638,0.05831450596451759
0,2639,0.0583115853369236
0,2640,0.058309026062488556
0,2641,0.058306168764829636
0,2642,0.058303140103816986
0,2643,0.05830053612589836
0,2644,0.058297887444496155
0,2645,0.05829509720206261
0,2646,0.05829254910349846
0,2647,0.058289721608161926
0,2648,0.05828708037734032
0,2649,0.05828454717993736
0,2650,0.058281853795051575
0,2651,0.05827925354242325
0,2652,0.05827672779560089
0,2653,0.05827423557639122
0,2654,0.05827177315950394
0,2655,0.058269284665584564
0,2656,0.058266859501600266
0,2657,0.05826437100768089
0,2658,0.05826188996434212
0,2659,0.05825955048203468
0,2660,0.058257292956113815
0,2661,0.05825484171509743
0,2662,0.05825243890285492
0,2663,0.05825025960803032
0,2664,0.058247894048690796
0,2665,0.05824566259980202
0,2666,0.05824338644742966
0,2667,0.05824105441570282
0,2668,0.0582389310002327
0,2669,0.058236584067344666
0,2670,0.05823468416929245
0,2671,0.058232273906469345
0,2672,0.058230336755514145
0,2673,0.058228328824043274
0,2674,0.058226365596055984
0,2675,0.05822425335645676
0,2676,0.058222219347953796
0,2677,0.05822001025080681
0,2678,0.05821854993700981
0,2679,0.05821669101715088
0,2680,0.058214619755744934
0,2681,0.058212727308273315
0,2682,0.058210890740156174
0,2683,0.058208808302879333
0,2684,0.05820648744702339
0,2685,0.05820423737168312
0,2686,0.0582018680870533
0,2687,0.058199692517519
0,2688,0.05819757282733917
0,2689,0.05819549411535263
0,2690,0.058193307369947433
0,2691,0.05819143354892731
0,2692,0.05818944424390793
0,2693,0.05818760767579079
0,2694,0.058185920119285583
0,2695,0.05818433314561844
0,2696,0.058182425796985626
0,2697,0.05818061903119087
0,2698,0.05817889794707298
0,2699,0.05817713215947151
0,2700,0.058175213634967804
0,2701,0.05817342549562454
0,2702,0.058171626180410385
0,2703,0.05816943198442459
0,2704,0.058168087154626846
0,2705,0.0581664964556694
0,2706,0.05816459655761719
0,2707,0.05816301703453064
0,2708,0.058161310851573944
0,2709,0.05815930292010307
0,2710,0.058157771825790405
0,2711,0.058156080543994904
0,2712,0.0581543892621994
0,2713,0.05815262719988823
0,2714,0.05815097317099571
0,2715,0.05814928561449051
0,2716,0.05814756453037262
0,2717,0.058145955204963684
0,2718,0.05814451351761818
0,2719,0.05814274773001671
0,2720,0.05814126506447792
0,2721,0.05813957750797272
0,2722,0.05813818797469139
0,2723,0.05813680589199066
0,2724,0.058135323226451874
0,2725,0.0581337995827198
0,2726,0.05813242495059967
0,2727,0.058131031692028046
0,2728,0.058129843324422836
0,2729,0.0581284798681736
0,2730,0.05812706798315048
0,2731,0.05812574923038483
0,2732,0.05812450125813484
0,2733,0.0581229142844677
0,2734,0.05812142789363861
0,2735,0.05811982974410057
0,2736,0.058118078857660294
0,2737,0.0581163614988327
0,2738,0.05811470001935959
0,2739,0.05811301991343498
0,2740,0.058111514896154404
0,2741,0.05811023339629173
0,2742,0.05810892581939697
0,2743,0.05810749530792236
0,2744,0.05810613930225372
0,2745,0.05810478329658508
0,2746,0.05810365080833435
0,2747,0.05810222774744034
0,2748,0.05810091271996498
0,2749,0.05809974670410156
0,2750,0.05809846892952919
0,2751,0.05809697136282921
0,2752,0.058095600455999374
0,2753,0.05809440836310387
0,2754,0.058093003928661346
0,2755,0.05809171497821808
0,2756,0.05809048190712929
0,2757,0.05808911845088005
0,2758,0.058087851852178574
0,2759,0.05808652192354202
0,2760,0.05808530002832413
0,2761,0.05808417499065399
0,2762,0.05808279663324356
0,2763,0.05808151140809059
0,2764,0.05808037146925926
0,2765,0.058079127222299576
0,2766,0.058077964931726456
0,2767,0.0580766536295414
0,2768,0.058075472712516785
0,2769,0.05807430297136307
0,2770,0.058073192834854126
0,2771,0.058071937412023544
0,2772,0.05807077884674072
0,2773,0.05806963890790939
0,2774,0.058068495243787766
0,2775,0.05806732922792435
0,2776,0.058066174387931824
0,2777,0.058065060526132584
0,2778,0.05806387960910797
0,2779,0.05806266516447067
0,2780,0.05806155130267143
0,2781,0.058060482144355774
0,2782,0.05805936083197594
0,2783,0.05805826187133789
0,2784,0.058057088404893875
0,2785,0.058056022971868515
0,2786,0.05805505812168121
0,2787,0.05805409327149391
0,2788,0.058053210377693176
0,2789,0.05805213376879692
0,2790,0.05805118381977081
0,2791,0.05805028975009918
0,2792,0.058049652725458145
0,2793,0.058049123734235764
0,2794,0.05804822966456413
0,2795,0.0580478236079216
0,2796,0.058047328144311905
0,2797,0.058046795427799225
0,2798,0.05804602429270744
0,2799,0.058044761419296265
0,2800,0.05804317444562912
0,2801,0.05804164707660675
0,2802,0.05803968384861946
0,2803,0.05803758278489113
0,2804,0.0580362044274807
0,2805,0.05803503468632698
0,2806,0.058034393936395645
0,2807,0.05803375691175461
0,2808,0.05803300440311432
0,2809,0.058032307773828506
0,2810,0.05803120881319046
0,2811,0.058030012995004654
0,2812,0.0580286905169487
0,2813,0.05802726000547409
0,2814,0.058026283979415894
0,2815,0.058025263249874115
0,2816,0.05802430957555771
0,2817,0.05802352353930473
0,2818,0.05802280828356743
0,2819,0.05802199989557266
0,2820,0.058021001517772675
0,2821,0.05801989883184433
0,2822,0.058018758893013
0,2823,0.058017730712890625
0,2824,0.05801677703857422
0,2825,0.05801568180322647
0,2826,0.058014877140522
0,2827,0.05801397189497948
0,2828,0.05801309645175934
0,2829,0.058012254536151886
0,2830,0.05801132321357727
0,2831,0.05801050364971161
0,2832,0.0580095537006855
0,2833,0.05800878629088402
0,2834,0.058007773011922836
0,2835,0.05800669267773628
0,2836,0.05800585821270943
0,2837,0.058005061000585556
0,2838,0.05800418555736542
0,2839,0.05800331383943558
0,2840,0.058002568781375885
0,2841,0.05800168216228485
0,2842,0.05800078436732292
0,2843,0.05800004303455353
0,2844,0.057999130338430405
0,2845,0.057998139411211014
0,2846,0.057997338473796844
0,2847,0.057996511459350586
0,2848,0.05799572169780731
0,2849,0.05799487605690956
0,2850,0.05799397826194763
0,2851,0.057993046939373016
0,2852,0.057992108166217804
0,2853,0.05799156054854393
0,2854,0.057990770787000656
0,2855,0.057989731431007385
0,2856,0.0579889714717865
0,2857,0.057988159358501434
0,2858,0.057987429201602936
0,2859,0.05798669159412384
0,2860,0.057985857129096985
0,2861,0.05798504501581192
0,2862,0.057984378188848495
0,2863,0.05798358842730522
0,2864,0.05798285827040672
0,2865,0.05798206105828285
0,2866,0.05798134207725525
0,2867,0.05798058211803436
0,2868,0.057979874312877655
0,2869,0.05797917768359184
0,2870,0.05797845497727394
0,2871,0.05797768011689186
0,2872,0.057976774871349335
0,2873,0.057976219803094864
0,2874,0.057975418865680695
0,2875,0.05797452852129936
0,2876,0.057973843067884445
0,2877,0.057973068207502365
0,2878,0.05797235295176506
0,2879,0.057971589267253876
0,2880,0.05797090753912926
0,2881,0.057970333844423294
0,2882,0.05796946957707405
0,2883,0.05796867981553078
0,2884,0.05796797573566437
0,2885,0.057967301458120346
0,2886,0.057966623455286026
0,2887,0.057965878397226334
0,2888,0.0579652301967144
0,2889,0.057964492589235306
0,2890,0.05796369910240173
0,2891,0.057963013648986816
0,2892,0.05796230584383011
0,2893,0.0579615980386734
0,2894,0.057961005717515945
0,2895,0.05796041339635849
0,2896,0.057959750294685364
0,2897,0.0579591765999794
0,2898,0.05795864388346672
0,2899,0.05795804038643837
0,2900,0.05795745551586151
0,2901,0.05795697867870331
0,2902,0.05795632302761078
0,2903,0.057955656200647354
0,2904,0.057955075055360794
0,2905,0.05795440450310707
0,2906,0.05795374512672424
0,2907,0.05795295536518097
0,2908,0.05795225873589516
0,2909,0.057951584458351135
0,2910,0.05795061215758324
0,2911,0.05794976279139519
0,2912,0.057949163019657135
0,2913,0.05794844776391983
0,2914,0.057947710156440735
0,2915,0.05794694647192955
0,2916,0.05794613063335419
0,2917,0.057945314794778824
0,2918,0.05794479325413704
0,2919,0.05794413015246391
0,2920,0.05794336274266243
0,2921,0.057942651212215424
0,2922,0.05794205516576767
0,2923,0.05794132500886917
0,2924,0.05794072896242142
0,2925,0.05794001370668411
0,2926,0.05793940648436546
0,2927,0.05793864652514458
0,2928,0.05793805792927742
0,2929,0.05793749541044235
0,2930,0.057936910539865494
0,2931,0.05793633684515953
0,2932,0.057935599237680435
0,2933,0.057935044169425964
0,2934,0.05793435499072075
0,2935,0.05793369561433792
0,2936,0.05793317034840584
0,2937,0.05793251842260361
0,2938,0.05793192982673645
0,2939,0.05793144926428795
0,2940,0.057930804789066315
0,2941,0.05793018266558647
0,2942,0.057929642498493195
0,2943,0.057929087430238724
0,2944,0.05792854353785515
0,2945,0.057927995920181274
0,2946,0.05792746692895889
0,2947,0.05792689323425293
0,2948,0.05792641639709473
0,2949,0.0579260028898716
0,2950,0.057925622910261154
0,2951,0.0579252652823925
0,2952,0.05792508274316788
0,2953,0.05792487412691116
0,2954,0.05792472884058952
0,2955,0.05792450159788132
0,2956,0.05792408064007759
0,2957,0.05792345106601715
0,2958,0.05792253836989403
0,2959,0.057921476662158966
0,2960,0.057920388877391815
0,2961,0.05791914835572243
0,2962,0.057917919009923935
0,2963,0.05791706591844559
0,2964,0.057916514575481415
0,2965,0.05791614204645157
0,2966,0.05791585147380829
0,2967,0.05791539326310158
0,2968,0.05791492015123367
0,2969,0.057914379984140396
0,2970,0.057913653552532196
0,2971,0.05791284143924713
0,2972,0.05791216343641281
0,2973,0.057911474257707596
0,2974,0.057910848408937454
0,2975,0.0579102598130703
0,2976,0.057909801602363586
0,2977,0.057909272611141205
0,2978,0.05790882930159569
0,2979,0.05790828913450241
0,2980,0.057907745242118835
0,2981,0.057907138019800186
0,2982,0.0579066276550293
0,2983,0.057906098663806915
0,2984,0.0579054020345211
0,2985,0.05790482088923454
0,2986,0.05790421739220619
0,2987,0.057903680950403214
0,2988,0.05790312588214874
0,2989,0.05790264531970024
0,2990,0.05790214240550995
0,2991,0.057901594787836075
0,2992,0.05790103226900101
0,2993,0.05790059641003609
0,2994,0.05790017545223236
0,2995,0.05789971351623535
0,2996,0.05789923295378685
0,2997,0.057898759841918945
0,2998,0.057898275554180145
0,2999,0.05789775401353836
0,3000,0.05789714679121971
1,1,0.10100243985652924
1,2,0.10096672922372818
1,3,0.10093222558498383
1,4,0.10088428854942322
1,5,0.10085078328847885
1,6,0.10081332921981812
1,7,0.10077661275863647
1,8,0.1007465273141861
1,9,0.10070924460887909
1,10,0.10067266970872879
1,11,0.10064209997653961
1,12,0.10060742497444153
1,13,0.10057038813829422
1,14,0.10053811222314835
1,15,0.1005045548081398
1,16,0.10046933591365814
1,17,0.10043562948703766
1,18,0.10040244460105896
1,19,0.10036740452051163
1,20,0.10033383220434189
1,21,0.10030075907707214
1,22,0.10026618093252182
1,23,0.10023180395364761
1,24,0.10019870102405548
1,25,0.10016507655382156
1,26,0.10013104975223541
1,27,0.10009778290987015
1,28,0.10006434470415115
1,29,0.1000317707657814
1,30,0.09999998658895493
1,31,0.09996765851974487
1,32,0.09993595629930496
1,33,0.09990457445383072
1,34,0.09987293928861618
1,35,0.09984125196933746
1,36,0.09980980306863785
1,37,0.09977909177541733
1,38,0.09974846988916397
1,39,0.09971755743026733
1,40,0.09968644380569458
1,41,0.09965542703866959
1,42,0.09962426126003265
1,43,0.09959418326616287
1,44,0.09956549108028412
1,45,0.09953507035970688
1,46,0.09950445592403412
1,47,0.0994749441742897
1,48,0.09944576770067215
1,49,0.09941581636667252
1,50,0.09938564151525497
1,51,0.09935536980628967
1,52,0.09932521730661392
1,53,0.09929662942886353
1,54,0.09926804900169373
1,55,0.09923838078975677
1,56,0.099208764731884
1,57,0.09918063133955002
1,58,0.0991518571972847
1,59,0.09912256896495819
1,60,0.09909354895353317
1,61,0.09906450659036636
1,62,0.09903591126203537
1,63,0.09900692850351334
1,64,0.09897753596305847
1,65,0.09894819557666779
1,66,0.09891937673091888
1,67,0.09889035671949387
1,68,0.09886160492897034
1,69,0.09883289039134979
1,70,0.09880360960960388
1,71,0.0987747311592102
1,72,0.09874599426984787
1,73,0.09871654957532883
1,74,0.09868796914815903
1,75,0.09865950047969818
1,76,0.09863105416297913
1,77,0.09860305488109589
1,78,0.09857522696256638
1,79,0.09854668378829956
1,80,0.09851948171854019
1,81,0.09849318116903305
1,82,0.09846667945384979
1,83,0.09843997657299042
1,84,0.09841300547122955
1,85,0.09838643670082092
1,86,0.09835992753505707
1,87,0.09833317995071411
1,88,0.09830684959888458
1,89,0.0982801765203476
1,90,0.09825407713651657
1,91,0.09822756052017212
1,92,0.09820102155208588
1,93,0.0981748178601265
1,94,0.09814892709255219
1,95,0.09812241792678833
1,96,0.09809597581624985
1,97,0.09806976467370987
1,98,0.09804441034793854
1,99,0.09801934659481049
1,100,0.09799398481845856
1,101,0.09796833246946335
1,102,0.09794245660305023
1,103,0.09791684150695801
1,104,0.09789197891950607
1,105,0.09786588698625565
1,106,0.09784078598022461
1,107,0.0978158488869667
1,108,0.09779153019189835
1,109,0.09776658564805984
1,110,0.09774202853441238
1,111,0.09771676361560822
1,112,0.09769214689731598
1,113,0.09766744077205658
1,114,0.09764263033866882
1,115,0.0976182296872139
1,116,0.09759371727705002
1,117,0.09756923466920853
1,118,0.09754499793052673
1,119,0.09752102941274643
1,120,0.09749681502580643
1,121,0.09747275710105896
1,122,0.09744874387979507
1,123,0.0974249467253685
1,124,0.09740080684423447
1,125,0.09737710654735565
1,126,0.09735352545976639
1,127,0.09732946753501892
1,128,0.09730511903762817
1,129,0.0972815677523613
1,130,0.09725791215896606
1,131,0.09723444283008575
1,132,0.09721088409423828
1,133,0.09718725085258484
1,134,0.09716376662254333
1,135,0.09714029729366302
1,136,0.09711708873510361
1,137,0.09709380567073822
1,138,0.09707064181566238
1,139,0.0970475971698761
1,140,0.09702441096305847
1,141,0.09700144082307816
1,142,0.0969783142209053
1,143,0.09695545583963394
1,144,0.09693313390016556
1,145,0.09691041707992554
1,146,0.09688767790794373
1,147,0.09686500579118729
1,148,0.09684230387210846
1,149,0.0968204140663147
1,150,0.09679826349020004
1,151,0.09677571058273315
1,152,0.0967533215880394
1,153,0.09673096239566803
1,154,0.09670905768871307
1,155,0.0966871902346611
1,156,0.0966637060046196
1,157,0.09663991630077362
1,158,0.09661669284105301
1,159,0.09659310430288315
1,160,0.09656926989555359
1,161,0.09654523432254791
1,162,0.09652142226696014
1,163,0.09649796783924103
1,164,0.09647414088249207
1,165,0.09645014256238937
1,166,0.09642631560564041
1,167,0.09640256315469742
1,168,0.09637937694787979
1,169,0.096356101334095
1,170,0.09633522480726242
1,171,0.09631463140249252
1,172,0.09629400819540024
1,173,0.09627347439527512
1,174,0.09625288099050522
1,175,0.0962323248386383
1,176,0.0962119922041893
1,177,0.09619159996509552
1,178,0.09617136418819427
1,179,0.09615135192871094
1,180,0.09613117575645447
1,181,0.09611110389232635
1,182,0.0960904210805893
1,183,0.09607104957103729
1,184,0.09605111926794052
1,185,0.09603138267993927
1,186,0.0960116907954216
1,187,0.09599212557077408
1,188,0.09597203135490417
1,189,0.09595250338315964
1,190,0.09593328088521957
1,191,0.09591387212276459
1,192,0.09589401632547379
1,193,0.09587458521127701
1,194,0.09585510939359665
1,195,0.09583593159914017
1,196,0.09581684321165085
1,197,0.09579741209745407
1,198,0.09577816724777222
1,199,0.09575915336608887
1,200,0.09573977440595627
1,201,0.09572101384401321
1,202,0.09570205956697464
1,203,0.09568243473768234
1,204,0.09566325694322586
1,205,0.09564463049173355
1,206,0.09562583267688751
1,207,0.09560719132423401
1,208,0.0955883339047432
1,209,0.09556940197944641
1,210,0.09555063396692276
1,211,0.09553214907646179
1,212,0.09551382064819336
1,213,0.09549533575773239
1,214,0.09547656774520874
1,215,0.09545842558145523
1,216,0.0954400897026062
1,217,0.09542160481214523
1,218,0.09540319442749023
1,219,0.09538473188877106
1,220,0.0953662246465683
1,221,0.0953487828373909
1,222,0.09533032774925232
1,223,0.095311738550663
1,224,0.09529377520084381
1,225,0.09527576714754105
1,226,0.09525793045759201
1,227,0.09524025768041611
1,228,0.09522228688001633
1,229,0.09520386904478073
1,230,0.09518607705831528
1,231,0.09516835957765579
1,232,0.09515053778886795
1,233,0.09513289481401443
1,234,0.09511517733335495
1,235,0.09509734064340591
1,236,0.09507991373538971
1,237,0.09506218880414963
1,238,0.09504491835832596
1,239,0.09502752870321274
1,240,0.09500979632139206
1,241,0.09499231725931168
1,242,0.09497485309839249
1,243,0.09495759010314941
1,244,0.09493990242481232
1,245,0.09492179751396179
1,246,0.09490377455949783
1,247,0.09488575905561447
1,248,0.09486774355173111
1,249,0.09484931826591492
1,250,0.09483165293931961
1,251,0.09481419622898102
1,252,0.09479617327451706
1,253,0.09477878361940384
1,254,0.0947616919875145
1,255,0.09474455565214157
1,256,0.09472744911909103
1,257,0.09471076726913452
1,258,0.09469384700059891
1,259,0.09467721730470657
1,260,0.09466075152158737
1,261,0.09464392811059952
1,262,0.0946270003914833
1,263,0.09461064636707306
1,264,0.0945943221449852
1,265,0.09457769989967346
1,266,0.09456116706132889
1,267,0.0945446565747261
1,268,0.09452824294567108
1,269,0.09451145678758621
1,270,0.09449514001607895
1,271,0.09447862207889557
1,272,0.09446196258068085
1,273,0.09444531798362732
1,274,0.09442900121212006
1,275,0.09441273659467697
1,276,0.09439653903245926
1,277,0.0943799838423729
1,278,0.09436368942260742
1,279,0.09434757381677628
1,280,0.09433147311210632
1,281,0.09431513398885727
1,282,0.09429869800806046
1,283,0.09428313374519348
1,284,0.09426699578762054
1,285,0.09425077587366104
1,286,0.09423495084047318
1,287,0.09421911090612411
1,288,0.09420278668403625
1,289,0.09418682008981705
1,290,0.09417107701301575
1,291,0.09415518492460251
1,292,0.09413933008909225
1,293,0.09412315487861633
1,294,0.09410745650529861
1,295,0.09409187734127045
1,296,0.09407632797956467
1,297,0.09406027942895889
1,298,0.09404455870389938
1,299,0.09402862936258316
1,300,0.09401317685842514
1,301,0.09399774670600891
1,302,0.09398213028907776
1,303,0.09396659582853317
1,304,0.093951016664505
1,305,0.09393574297428131
1,306,0.09392041712999344
1,307,0.09390496462583542
1,308,0.09388994425535202
1,309,0.09387460350990295
1,310,0.09385946393013
1,311,0.09384425729513168
1,312,0.09382885694503784
1,313,0.09381388127803802
1,314,0.0937986969947815
1,315,0.09378376603126526
1,316,0.09376896172761917
1,317,0.09375405311584473
1,318,0.09373898059129715
1,319,0.09372350573539734
1,320,0.09370929002761841
1,321,0.09369465708732605
1,322,0.09367958456277847
1,323,0.0936642736196518
1,324,0.09364981949329376
1,325,0.09363516420125961
1,326,0.0936206728219986
1,327,0.0936056524515152
1,328,0.09359132498502731
1,329,0.09357715398073196
1,330,0.09356220811605453
1,331,0.09354755282402039
1,332,0.0935332328081131
1,333,0.09351892024278641
1,334,0.09350453317165375
1,335,0.09349005669355392
1,336,0.09347524493932724
1,337,0.09346107393503189
1,338,0.0934474915266037
1,339,0.09343255311250687
1,340,0.09341844171285629
1,341,0.09340420365333557
1,342,0.09339001774787903
1,343,0.09337581694126129
1,344,0.0933617576956749
1,345,0.09334734082221985
1,346,0.09333321452140808
1,347,0.09331941604614258
1,348,0.0933048278093338
1,349,0.0932910293340683
1,350,0.09327717870473862
1,351,0.09326334297657013
1,352,0.09324951469898224
1,353,0.09323568642139435
1,354,0.09322148561477661
1,355,0.09320787340402603
1,356,0.09319406002759933
1,357,0.09318002313375473
1,358,0.09316647797822952
1,359,0.09315308183431625
1,360,0.0931394174695015
1,361,0.09312571585178375
1,362,0.09311211854219437
1,363,0.09309805184602737
1,364,0.09308448433876038
1,365,0.09307114034891129
1,366,0.09305766224861145
1,367,0.09304381161928177
1,368,0.0930304154753685
1,369,0.09301701933145523
1,370,0.09300374239683151
1,371,0.09299031645059586
1,372,0.0929768979549408
1,373,0.09296328574419022
1,374,0.09295006096363068
1,375,0.09293676167726517
1,376,0.09292317926883698
1,377,0.09290996193885803
1,378,0.09289676696062088
1,379,0.09288353472948074
1,380,0.0928703248500824
1,381,0.09285707026720047
1,382,0.09284428507089615
1,383,0.09283098578453064
1,384,0.09281783550977707
1,385,0.09280505776405334
1,386,0.09279206395149231
1,387,0.09277898818254471
1,388,0.09276609122753143
1,389,0.09275336563587189
1,390,0.09274029731750488
1,391,0.09272711724042892
1,392,0.09271465241909027
1,393,0.09270180016756058
1,394,0.09268892556428909
1,395,0.09267563372850418
1,396,0.09266335517168045
1,397,0.09265071898698807
1,398,0.09263752400875092
1,399,0.0926247164607048
1,400,0.0926121324300766
1,401,0.09259926527738571
1,402,0.09258607029914856
1,403,0.09257350116968155
1,404,0.09256080538034439
1,405,0.0925481766462326
1,406,0.09253541380167007
1,407,0.09252277761697769
1,408,0.0925106406211853
1,409,0.09249765425920486
1,410,0.09248510748147964
1,411,0.092472605407238
1,412,0.09246005862951279
1,413,0.09244769811630249
1,414,0.09243518114089966
1,415,0.09242257475852966
1,416,0.09241028130054474
1,417,0.09239830821752548
1,418,0.09238589555025101
1,419,0.09237342327833176
1,420,0.09236139059066772
1,421,0.09234938025474548
1,422,0.09233702719211578
1,423,0.09232471883296967
1,424,0.09231274574995041
1,425,0.09230108559131622
1,426,0.09228940308094025
1,427,0.09227706491947174
1,428,0.09226469695568085
1,429,0.09225235879421234
1,430,0.09224037081003189
1,431,0.0922287106513977
1,432,0.09221649169921875
1,433,0.09220455586910248
1,434,0.09219265729188919
1,435,0.09218111634254456
1,436,0.09216880798339844
1,437,0.09215664863586426
1,438,0.09214486181735992
1,439,0.09213294088840485
1,440,0.09212113916873932
1,441,0.09210950136184692
1,442,0.09209801256656647
1,443,0.09208634495735168
1,444,0.09207439422607422
1,445,0.09206270426511765
1,446,0.09205101430416107
1,447,0.09203920513391495
1,448,0.09202779084444046
1,449,0.09201602637767792
1,450,0.09200469404459
1,451,0.09199288487434387
1,452,0.09198141098022461
1,453,0.09196975827217102
1,454,0.09195799380540848
1,455,0.09194678068161011
1,456,0.09193504601716995
1,457,0.09192387014627457
1,458,0.09191220253705978
1,459,0.0919003039598465
1,460,0.09188848733901978
1,461,0.09187687933444977
1,462,0.09186563640832901
1,463,0.09185434877872467
1,464,0.09184233099222183
1,465,0.09183105826377869
1,466,0.09181933850049973
1,467,0.09180821478366852
1,468,0.09179744869470596
1,469,0.09178619831800461
1,470,0.09177500754594803
1,471,0.09176359325647354
1,472,0.0917525589466095
1,473,0.09174145013093948
1,474,0.09173007309436798
1,475,0.09171859174966812
1,476,0.09170754998922348
1,477,0.0916961282491684
1,478,0.09168481081724167
1,479,0.09167350828647614
1,480,0.09166239947080612
1,481,0.09165120124816895
1,482,0.09163981676101685
1,483,0.0916287899017334
1,484,0.09161803126335144
1,485,0.09160672873258591
1,486,0.09159589558839798
1,487,0.09158515930175781
1,488,0.0915742740035057
1,489,0.09156288206577301
1,490,0.09155229479074478
1,491,0.09154120832681656
1,492,0.0915301963686943
1,493,0.09151969105005264
1,494,0.09150876849889755
1,495,0.0914979800581932
1,496,0.09148737043142319
1,497,0.09147676080465317
1,498,0.09146610647439957
1,499,0.09145563095808029
1,500,0.0914447233080864
1,501,0.09143415838479996
1,502,0.09142378717660904
1,503,0.09141293168067932
1,504,0.09140243381261826
1,505,0.09139200299978256
1,506,0.09138167649507523
1,507,0.09137112647294998
1,508,0.09136075526475906
1,509,0.09135046601295471
1,510,0.09134052693843842
1,511,0.09132980555295944
1,512,0.09131975471973419
1,513,0.09130935370922089
1,514,0.0912993922829628
1,515,0.09128919243812561
1,516,0.09127864241600037
1,517,0.09126845747232437
1,518,0.09125813841819763
1,519,0.09124799817800522
1,520,0.09123822301626205
1,521,0.09122776985168457
1,522,0.09121750295162201
1,523,0.09120810776948929
1,524,0.09119759500026703
1,525,0.09118741005659103
1,526,0.0911773070693016
1,527,0.09116759151220322
1,528,0.09115725755691528
1,529,0.09114713221788406
1,530,0.0911373645067215
1,531,0.091127410531044
1,532,0.09111738950014114
1,533,0.09110749512910843
1,534,0.09109772741794586
1,535,0.09108754247426987
1,536,0.09107787162065506
1,537,0.0910678431391716
1,538,0.09105802327394485
1,539,0.09104805439710617
1,540,0.09103774279356003
1,541,0.09102743864059448
1,542,0.09101732820272446
1,543,0.09100689738988876
1,544,0.09099668264389038
1,545,0.09098644554615021
1,546,0.09097618609666824
1,547,0.09096585959196091
1,548,0.09095562249422073
1,549,0.09094695746898651
1,550,0.09093780815601349
1,551,0.09092831611633301
1,552,0.09091915935277939
1,553,0.09090980142354965
1,554,0.09090035408735275
1,555,0.09089070558547974
1,556,0.09088090807199478
1,557,0.09087180346250534
1,558,0.09086232632398605
1,559,0.09085249900817871
1,560,0.0908425971865654
1,561,0.09083262830972672
1,562,0.09082258492708206
1,563,0.09081346541643143
1,564,0.09080450981855392
1,565,0.09079530835151672
1,566,0.09078601747751236
1,567,0.09077685326337814
1,568,0.09076789766550064
1,569,0.09075793623924255
1,570,0.09074845910072327
1,571,0.0907391607761383
1,572,0.09072968363761902
1,573,0.09071974456310272
1,574,0.09071121364831924
1,575,0.09070225805044174
1,576,0.09069215506315231
1,577,0.09068343043327332
1,578,0.09067445993423462
1,579,0.0906657800078392
1,580,0.09065669029951096
1,581,0.09064722061157227
1,582,0.0906379222869873
1,583,0.09062840044498444
1,584,0.09061933308839798
1,585,0.09061078727245331
1,586,0.09060148894786835
1,587,0.09059203416109085
1,588,0.09058333933353424
1,589,0.09057445824146271
1,590,0.09056542813777924
1,591,0.0905563160777092
1,592,0.09054721146821976
1,593,0.09053832292556763
1,594,0.09052947163581848
1,595,0.09052027016878128
1,596,0.09051118046045303
1,597,0.0905022919178009
1,598,0.0904930979013443
1,599,0.09048405289649963
1,600,0.09047571569681168
1,601,0.09046690911054611
1,602,0.09045819938182831
1,603,0.09044958651065826
1,604,0.09044088423252106
1,605,0.09043194353580475
1,606,0.09042337536811829
1,607,0.0904146134853363
1,608,0.09040647745132446
1,609,0.09039762616157532
1,610,0.09038911759853363
1,611,0.09038089960813522
1,612,0.09037286788225174
1,613,0.09036403894424438
1,614,0.09035549312829971
1,615,0.09034716337919235
1,616,0.09033877402544022
1,617,0.09033048897981644
1,618,0.09032192826271057
1,619,0.09031334519386292
1,620,0.0903051570057869
1,621,0.09029702842235565
1,622,0.09028886258602142
1,623,0.09028039127588272
1,624,0.09027206152677536
1,625,0.09026403725147247
1,626,0.09025587886571884
1,627,0.0902474895119667
1,628,0.09023924916982651
1,629,0.09023135900497437
1,630,0.09022326022386551
1,631,0.0902148187160492
1,632,0.09020628035068512
1,633,0.09019853174686432
1,634,0.09019008278846741
1,635,0.09018173813819885
1,636,0.09017328172922134
1,637,0.09016546607017517
1,638,0.09015707671642303
1,639,0.09014881402254105
1,640,0.09014108777046204
1,641,0.09013292193412781
1,642,0.0901232436299324
1,643,0.09011317044496536
1,644,0.09010232985019684
1,645,0.09009020775556564
1,646,0.09007514268159866
1,647,0.09006351977586746
1,648,0.0900551825761795
1,649,0.09005006402730942
1,650,0.09004459530115128
1,651,0.09003791213035583
1,652,0.09002910554409027
1,653,0.09001918882131577
1,654,0.09000863134860992
1,655,0.08999846875667572
1,656,0.08998924493789673
1,657,0.08998295664787292
1,658,0.08997759968042374
1,659,0.08996984362602234
1,660,0.08996022492647171
1,661,0.08995001763105392
1,662,0.08994191139936447
1,663,0.08993443101644516
1,664,0.08992764353752136
1,665,0.08992084115743637
1,666,0.08991341292858124
1,667,0.08990497887134552
1,668,0.08989693224430084
1,669,0.08988876640796661
1,670,0.08987971395254135
1,671,0.08987215906381607
1,672,0.08986595273017883
1,673,0.08985921740531921
1,674,0.08985177427530289
1,675,0.08984408527612686
1,676,0.0898352563381195
1,677,0.08982763439416885
1,678,0.08982065320014954
1,679,0.08981413394212723
1,680,0.0898064523935318
1,681,0.08979873359203339
1,682,0.08979139477014542
1,683,0.0897841528058052
1,684,0.089776411652565
1,685,0.08976922929286957
1,686,0.08976215124130249
1,687,0.08975540101528168
1,688,0.08974728733301163
1,689,0.08974040299654007
1,690,0.08973390609025955
1,691,0.08972741663455963
1,692,0.08972027897834778
1,693,0.08971229940652847
1,694,0.0897054523229599
1,695,0.08969907462596893
1,696,0.08969191461801529
1,697,0.08968457579612732
1,698,0.0896778553724289
1,699,0.08967109024524689
1,700,0.08966350555419922
1,701,0.08965738862752914
1,702,0.08965056389570236
1,703,0.08964385092258453
1,704,0.0896361917257309
1,705,0.0896291732788086
1,706,0.0896226018667221
1,707,0.08961576223373413
1,708,0.08960872143507004
1,709,0.08960234373807907
1,710,0.08959542959928513
1,711,0.0895889401435852
1,712,0.08958238363265991
1,713,0.08957568556070328
1,714,0.0895690768957138
1,715,0.0895620808005333
1,716,0.08955550193786621
1,717,0.08954927325248718
1,718,0.08954256027936935
1,719,0.08953588455915451
1,720,0.08952992409467697
1,721,0.08952313661575317
1,722,0.089516781270504
1,723,0.08951077610254288
1,724,0.08950410783290863
1,725,0.08949767053127289
1,726,0.0894910916686058
1,727,0.08948520570993423
1,728,0.089478999376297
1,729,0.08947283774614334
1,730,0.08946610987186432
1,731,0.08946070820093155
1,732,0.0894543007016182
1,733,0.08944816142320633
1,734,0.08944173157215118
1,735,0.08943573385477066
1,736,0.08942980319261551
1,737,0.089423768222332
1,738,0.08941750228404999
1,739,0.08941137045621872
1,740,0.0894048660993576
1,741,0.08939991891384125
1,742,0.08939370512962341
1,743,0.08938746154308319
1,744,0.08938123285770416
1,745,0.08937492966651917
1,746,0.08936912566423416
1,747,0.08936330676078796
1,748,0.08935707807540894
1,749,0.08935074508190155
1,750,0.08934532105922699
1,751,0.0893387719988823
1,752,0.08933308720588684
1,753,0.08932708203792572
1,754,0.08932051807641983
1,755,0.08931434899568558
1,756,0.08930867910385132
1,757,0.08930268883705139
1,758,0.08929646760225296
1,759,0.08929020166397095
1,760,0.0892840325832367
1,761,0.08927757292985916
1,762,0.08927034586668015
1,763,0.08926309645175934
1,764,0.08925540000200272
1,765,0.08924788236618042
1,766,0.08923972398042679
1,767,0.08923125267028809
1,768,0.08922109007835388
1,769,0.08920993655920029
1,770,0.08919835835695267
1,771,0.08918633311986923
1,772,0.08917465806007385
1,773,0.08916622400283813
1,774,0.08916154503822327
1,775,0.08915679901838303
1,776,0.0891517624258995
1,777,0.0891459509730339
1,778,0.08913898468017578
1,779,0.08913111686706543
1,780,0.08912214636802673
1,781,0.08911333233118057
1,782,0.08910387754440308
1,783,0.08909481018781662
1,784,0.08908761292695999
1,785,0.0890810489654541
1,786,0.08907607942819595
1,787,0.08906980603933334
1,788,0.08906280249357224
1,789,0.08905407041311264
1,790,0.08904548734426498
1,791,0.08903816342353821
1,792,0.08903012424707413
1,793,0.08902356028556824
1,794,0.08901716023683548
1,795,0.08901014924049377
1,796,0.08900286257266998
1,797,0.08899535983800888
1,798,0.08898787945508957
1,799,0.08898021280765533
1,800,0.08897367864847183
1,801,0.08896766602993011
1,802,0.08896004408597946
1,803,0.08895264565944672
1,804,0.08894657343626022
1,805,0.08893972635269165
1,806,0.08893317729234695
1,807,0.08892685920000076
1,808,0.08892082422971725
1,809,0.08891390264034271
1,810,0.08890825510025024
1,811,0.08890240639448166
1,812,0.08889549970626831
1,813,0.08888944238424301
1,814,0.08888322860002518
1,815,0.08887718617916107
1,816,0.08887048810720444
1,817,0.08886386454105377
1,818,0.08885807543992996
1,819,0.0888512060046196
1,820,0.08884445577859879
1,821,0.08883942663669586
1,822,0.08883365988731384
1,823,0.08882734179496765
1,824,0.088821180164814
1,825,0.08881455659866333
1,826,0.08880887925624847
1,827,0.08880328387022018
1,828,0.08879755437374115
1,829,0.08879098296165466
1,830,0.08878480643033981
1,831,0.08877945691347122
1,832,0.08877295255661011
1,833,0.08876742422580719
1,834,0.08876147121191025
1,835,0.08875547349452972
1,836,0.08874967694282532
1,837,0.08874373883008957
1,838,0.08873748034238815
1,839,0.08873115479946136
1,840,0.08872535824775696
1,841,0.08871974796056747
1,842,0.08871322870254517
1,843,0.08870753645896912
1,844,0.08870214223861694
1,845,0.08869601786136627
1,846,0.08868981897830963
1,847,0.08868466317653656
1,848,0.08867835253477097
1,849,0.08867311477661133
1,850,0.08866787701845169
1,851,0.08866178244352341
1,852,0.08865483850240707
1,853,0.0886504128575325
1,854,0.08864523470401764
1,855,0.0886387750506401
1,856,0.08863291889429092
1,857,0.08862713724374771
1,858,0.08862140774726868
1,859,0.08861598372459412
1,860,0.08860991895198822
1,861,0.08860379457473755
1,862,0.08859800547361374
1,863,0.08859243988990784
1,864,0.08858558535575867
1,865,0.08858028054237366
1,866,0.0885741114616394
1,867,0.08856863528490067
1,868,0.08856314420700073
1,869,0.08855729550123215
1,870,0.08855132758617401
1,871,0.08854549378156662
1,872,0.08853958547115326
1,873,0.08853381872177124
1,874,0.08852795511484146
1,875,0.08852177113294601
1,876,0.08851523697376251
1,877,0.08850874751806259
1,878,0.08850279450416565
1,879,0.0884961187839508
1,880,0.08849043399095535
1,881,0.08848480135202408
1,882,0.08847790211439133
1,883,0.08847266435623169
1,884,0.08846647292375565
1,885,0.08845974504947662
1,886,0.08845385909080505
1,887,0.08844771981239319
1,888,0.08844227343797684
1,889,0.08843544870615005
1,890,0.08842960745096207
1,891,0.08842386305332184
1,892,0.08841722458600998
1,893,0.08841103315353394
1,894,0.08840642869472504
1,895,0.08840158581733704
1,896,0.08839546144008636
1,897,0.08838997781276703
1,898,0.08838485926389694
1,899,0.0883784145116806
1,900,0.08837245404720306
1,901,0.08836603164672852
1,902,0.08836140483617783
1,903,0.08835577964782715
1,904,0.08834981173276901
1,905,0.08834467083215714
1,906,0.08833876997232437
1,907,0.08833350986242294
1,908,0.08832735568284988
1,909,0.08832161873579025
1,910,0.08831583708524704
1,911,0.08830999583005905
1,912,0.08830443024635315
1,913,0.08829911798238754
1,914,0.08829408884048462
1,915,0.08828913420438766
1,916,0.08828292787075043
1,917,0.08827723562717438
1,918,0.08827196806669235
1,919,0.08826689422130585
1,920,0.08826158940792084
1,921,0.08825625479221344
1,922,0.08825049549341202
1,923,0.08824542164802551
1,924,0.08823905885219574
1,925,0.08823342621326447
1,926,0.08822740614414215
1,927,0.08822179585695267
1,928,0.0882161557674408
1,929,0.0882103443145752
1,930,0.08820544183254242
1,931,0.08820000290870667
1,932,0.08819475769996643
1,933,0.08818982541561127
1,934,0.08818355947732925
1,935,0.08817783743143082
1,936,0.08817239850759506
1,937,0.08816727995872498
1,938,0.0881616473197937
1,939,0.08815602958202362
1,940,0.08815125375986099
1,941,0.08814534544944763
1,942,0.08814013749361038
1,943,0.08813457190990448
1,944,0.08812881261110306
1,945,0.08812346309423447
1,946,0.08811834454536438
1,947,0.08811267465353012
1,948,0.08810744434595108
1,949,0.0881023034453392
1,950,0.08809679001569748
1,951,0.08809109777212143
1,952,0.08808635175228119
1,953,0.08808115869760513
1,954,0.08807507157325745
1,955,0.0880700945854187
1,956,0.08806436508893967
1,957,0.0880594551563263
1,958,0.08805391192436218
1,959,0.0880490243434906
1,960,0.08804364502429962
1,961,0.08803834021091461
1,962,0.0880325436592102
1,963,0.0880274772644043
1,964,0.08802246302366257
1,965,0.08801651000976562
1,966,0.08800969272851944
1,967,0.08799966424703598
1,968,0.08798637241125107
1,969,0.08797610551118851
1,970,0.08796286582946777
1,971,0.08794444799423218
1,972,0.0879238098859787
1,973,0.0879032164812088
1,974,0.08788054436445236
1,975,0.08785805851221085
1,976,0.08784333616495132
1,977,0.08784505724906921
1,978,0.08784939348697662
1,979,0.08784809708595276
1,980,0.08784384280443192
1,981,0.08783645182847977
1,982,0.0878259614109993
1,983,0.08781072497367859
1,984,0.08779141306877136
1,985,0.08777651935815811
1,986,0.08776826411485672
1,987,0.08776599913835526
1,988,0.08776379376649857
1,989,0.08775901049375534
1,990,0.08775153756141663
1,991,0.08774193376302719
1,992,0.08773063123226166
1,993,0.087718665599823
1,994,0.08770646154880524
1,995,0.0876978263258934
1,996,0.08769300580024719
1,997,0.08768730610609055
1,998,0.08768105506896973
1,999,0.0876728892326355
1,1000,0.08766251802444458
1,1001,0.08765316754579544
1,1002,0.08764385432004929
1,1003,0.08763447403907776
1,1004,0.08762741088867188
1,1005,0.08762015402317047
1,1006,0.08761285245418549
1,1007,0.08760390430688858
1,1008,0.08759600669145584
1,1009,0.0875878632068634
1,1010,0.08758049458265305
1,1011,0.08757324516773224
1,1012,0.08756519109010696
1,1013,0.08755820989608765
1,1014,0.08755044639110565
1,1015,0.0875418558716774
1,1016,0.08753331750631332
1,1017,0.08752535283565521
1,1018,0.08751770853996277
1,1019,0.08751049637794495
1,1020,0.08750327676534653
1,1021,0.08749467879533768
1,1022,0.08748754858970642
1,1023,0.0874791219830513
1,1024,0.08747150003910065
1,1025,0.08746395260095596
1,1026,0.08745549619197845
1,1027,0.08744818717241287
1,1028,0.08744042366743088
1,1029,0.08743297308683395
1,1030,0.08742537349462509
1,1031,0.08741789311170578
1,1032,0.08741016685962677
1,1033,0.08740255236625671
1,1034,0.08739495277404785
1,1035,0.08738774061203003
1,1036,0.08738042414188385
1,1037,0.08737236261367798
1,1038,0.08736448734998703
1,1039,0.08735665678977966
1,1040,0.08734950423240662
1,1041,0.08734160661697388
1,1042,0.08733349293470383
1,1043,0.08732619881629944
1,1044,0.08731851726770401
1,1045,0.08731035888195038
1,1046,0.08730289340019226
1,1047,0.08729444444179535
1,1048,0.08728770166635513
1,1049,0.08728009462356567
1,1050,0.08727158606052399
1,1051,0.0872645452618599
1,1052,0.0872562825679779
1,1053,0.0872483178973198
1,1054,0.08724094182252884
1,1055,0.0872325450181961
1,1056,0.08722471445798874
1,1057,0.08721712231636047
1,1058,0.0872098058462143
1,1059,0.08720193058252335
1,1060,0.08719386905431747
1,1061,0.08718623220920563
1,1062,0.08717833459377289
1,1063,0.0871703028678894
1,1064,0.087162546813488
1,1065,0.08715534955263138
1,1066,0.08714807778596878
1,1067,0.08714064955711365
1,1068,0.08713319897651672
1,1069,0.08712493628263474
1,1070,0.08711845427751541
1,1071,0.08711086958646774
1,1072,0.08710342645645142
1,1073,0.08709636330604553
1,1074,0.08708904683589935
1,1075,0.0870804712176323
1,1076,0.08707218617200851
1,1077,0.08706565201282501
1,1078,0.08705758303403854
1,1079,0.08705025166273117
1,1080,0.08704234659671783
1,1081,0.08703488111495972
1,1082,0.08702724426984787
1,1083,0.0870196521282196
1,1084,0.08701185882091522
1,1085,0.08700476586818695
1,1086,0.0869964063167572
1,1087,0.08698820322751999
1,1088,0.0869799554347992
1,1089,0.08697202801704407
1,1090,0.08696456253528595
1,1091,0.08695584535598755
1,1092,0.08694753050804138
1,1093,0.08693933486938477
1,1094,0.08693135529756546
1,1095,0.08692266047000885
1,1096,0.08691449463367462
1,1097,0.08690592646598816
1,1098,0.08689767867326736
1,1099,0.08688942342996597
1,1100,0.08688076585531235
1,1101,0.08687324821949005
1,1102,0.08686457574367523
1,1103,0.08685552328824997
1,1104,0.08684737235307693
1,1105,0.08683857321739197
1,1106,0.08682971447706223
1,1107,0.08682052046060562
1,1108,0.08681219816207886
1,1109,0.08680345118045807
1,1110,0.08679472655057907
1,1111,0.08678607642650604
1,1112,0.08677773177623749
1,1113,0.08676920086145401
1,1114,0.0867612436413765
1,1115,0.0867520272731781
1,1116,0.08674317598342896
1,1117,0.08673505485057831
1,1118,0.08672615140676498
1,1119,0.0867171436548233
1,1120,0.0867079570889473
1,1121,0.08669880032539368
1,1122,0.08668971061706543
1,1123,0.08668089658021927
1,1124,0.08667139708995819
1,1125,0.08666178584098816
1,1126,0.0866520032286644
1,1127,0.08664125204086304
1,1128,0.08663105964660645
1,1129,0.08662179112434387
1,1130,0.08661074936389923
1,1131,0.0865996703505516
1,1132,0.08658823370933533
1,1133,0.0865766704082489
1,1134,0.0865643173456192
1,1135,0.08655127882957458
1,1136,0.08653762936592102
1,1137,0.08652471750974655
1,1138,0.08650988340377808
1,1139,0.08649544417858124
1,1140,0.08648151159286499
1,1141,0.08646205067634583
1,1142,0.08644133061170578
1,1143,0.08641894906759262
1,1144,0.08639220893383026
1,1145,0.08635803312063217
1,1146,0.08632668107748032
1,1147,0.08629424124956131
1,1148,0.08626420050859451
1,1149,0.08623278886079788
1,1150,0.08620187640190125
1,1151,0.0861697718501091
1,1152,0.08613750338554382
1,1153,0.08610352128744125
1,1154,0.08606899529695511
1,1155,0.08603557199239731
1,1156,0.0860053151845932
1,1157,0.08598458021879196
1,1158,0.08596409857273102
1,1159,0.0859421119093895
1,1160,0.08591791987419128
1,1161,0.08589193224906921
1,1162,0.08586820214986801
1,1163,0.08584842085838318
1,1164,0.0858304500579834
1,1165,0.08581524342298508
1,1166,0.08579839766025543
1,1167,0.0857781395316124
1,1168,0.08575773239135742
1,1169,0.08573799580335617
1,1170,0.08572238683700562
1,1171,0.08570700883865356
1,1172,0.08569002896547318
1,1173,0.08567310124635696
1,1174,0.0856560543179512
1,1175,0.08563762903213501
1,1176,0.08561902493238449
1,1177,0.08559928834438324
1,1178,0.08558197319507599
1,1179,0.08556404709815979
1,1180,0.08554622530937195
1,1181,0.08552809804677963
1,1182,0.08550960570573807
1,1183,0.08549060672521591
1,1184,0.08547120541334152
1,1185,0.08545179665088654
1,1186,0.0854329988360405
1,1187,0.08541327714920044
1,1188,0.0853942409157753
1,1189,0.08537458628416061
1,1190,0.0853542685508728
1,1191,0.08533566445112228
1,1192,0.08531513065099716
1,1193,0.08529577404260635
1,1194,0.08527611196041107
1,1195,0.08525576442480087
1,1196,0.08523546159267426
1,1197,0.08521530032157898
1,1198,0.0851946473121643
1,1199,0.08517428487539291
1,1200,0.085154689848423
1,1201,0.08513452112674713
1,1202,0.08511403948068619
1,1203,0.08509387820959091
1,1204,0.08507345616817474
1,1205,0.085053451359272
1,1206,0.08503317087888718
1,1207,0.08501319587230682
1,1208,0.08499304205179214
1,1209,0.08497267961502075
1,1210,0.08495327830314636
1,1211,0.08493288606405258
1,1212,0.08491282910108566
1,1213,0.08489242196083069
1,1214,0.08487265557050705
1,1215,0.08485347032546997
1,1216,0.08483395725488663
1,1217,0.0848156064748764
1,1218,0.08479710668325424
1,1219,0.08477805554866791
1,1220,0.08475884795188904
1,1221,0.08473996073007584
1,1222,0.08471991121768951
1,1223,0.08469989895820618
1,1224,0.08468009531497955
1,1225,0.08466064184904099
1,1226,0.08464197814464569
1,1227,0.08462017774581909
1,1228,0.08460067957639694
1,1229,0.0845821350812912
1,1230,0.08456363528966904
1,1231,0.08454445004463196
1,1232,0.0845239982008934
1,1233,0.08450441062450409
1,1234,0.08448399603366852
1,1235,0.08446430414915085
1,1236,0.08444487303495407
1,1237,0.08442486077547073
1,1238,0.0844053402543068
1,1239,0.08438664674758911
1,1240,0.08436667174100876
1,1241,0.0843457579612732
1,1242,0.08432526141405106
1,1243,0.08430647104978561
1,1244,0.08428683131933212
1,1245,0.08426643908023834
1,1246,0.08424567431211472
1,1247,0.08422555774450302
1,1248,0.08420530706644058
1,1249,0.08418510854244232
1,1250,0.08416494727134705
1,1251,0.08414413034915924
1,1252,0.08412384241819382
1,1253,0.08410390466451645
1,1254,0.08408346772193909
1,1255,0.08406322449445724
1,1256,0.0840429812669754
1,1257,0.08402352035045624
1,1258,0.08400330692529678
1,1259,0.08398251980543137
1,1260,0.08396300673484802
1,1261,0.08394309878349304
1,1262,0.08392273634672165
1,1263,0.08390296250581741
1,1264,0.0838829055428505
1,1265,0.08386251330375671
1,1266,0.08384213596582413
1,1267,0.08382181823253632
1,1268,0.0838015154004097
1,1269,0.08378110080957413
1,1270,0.08376063406467438
1,1271,0.0837412029504776
1,1272,0.08371995389461517
1,1273,0.08370004594326019
1,1274,0.0836801677942276
1,1275,0.08365964144468307
1,1276,0.08363921195268631
1,1277,0.08361760526895523
1,1278,0.083597831428051
1,1279,0.08357752114534378
1,1280,0.08355680108070374
1,1281,0.08353566378355026
1,1282,0.08351565897464752
1,1283,0.08349520713090897
1,1284,0.08347457647323608
1,1285,0.08345385640859604
1,1286,0.08343321830034256
1,1287,0.08341308683156967
1,1288,0.08339159935712814
1,1289,0.08337166905403137
1,1290,0.08335009962320328
1,1291,0.08332942426204681
1,1292,0.08330845832824707
1,1293,0.08328808099031448
1,1294,0.08326727896928787
1,1295,0.0832461267709732
1,1296,0.08322463929653168
1,1297,0.08320385217666626
1,1298,0.08318347483873367
1,1299,0.08316309005022049
1,1300,0.08314136415719986
1,1301,0.0831194594502449
1,1302,0.08309861272573471
1,1303,0.08307776600122452
1,1304,0.08305618166923523
1,1305,0.08303471654653549
1,1306,0.08301334828138351
1,1307,0.08299225568771362
1,1308,0.08297084271907806
1,1309,0.082949697971344
1,1310,0.08292828500270844
1,1311,0.08290667086839676
1,1312,0.08288531750440598
1,1313,0.08286432176828384
1,1314,0.08284255117177963
1,1315,0.08282164484262466
1,1316,0.08280038088560104
1,1317,0.08277793228626251
1,1318,0.08275653421878815
1,1319,0.08273565024137497
1,1320,0.08271452784538269
1,1321,0.08269375562667847
1,1322,0.08267198503017426
1,1323,0.08265144377946854
1,1324,0.08263032883405685
1,1325,0.08260797709226608
1,1326,0.08258646726608276
1,1327,0.0825650617480278
1,1328,0.0825440064072609
1,1329,0.08252186328172684
1,1330,0.08250031620264053
1,1331,0.08247940987348557
1,1332,0.08245762437582016
1,1333,0.08243570476770401
1,1334,0.0824139267206192
1,1335,0.08239203691482544
1,1336,0.08237063139677048
1,1337,0.08234855532646179
1,1338,0.08232587575912476
1,1339,0.08230363577604294
1,1340,0.08228198438882828
1,1341,0.08226073533296585
1,1342,0.08223897963762283
1,1343,0.08221636712551117
1,1344,0.08219371736049652
1,1345,0.0821724459528923
1,1346,0.08215006440877914
1,1347,0.08212738484144211
1,1348,0.08210597932338715
1,1349,0.08208315819501877
1,1350,0.08206108957529068
1,1351,0.08203894644975662
1,1352,0.08201684057712555
1,1353,0.08199499547481537
1,1354,0.08197253197431564
1,1355,0.0819501057267189
1,1356,0.08192840963602066
1,1357,0.08190630376338959
1,1358,0.08188256621360779
1,1359,0.08186092227697372
1,1360,0.08183922618627548
1,1361,0.08181716501712799
1,1362,0.08179371803998947
1,1363,0.08177165687084198
1,1364,0.08174854516983032
1,1365,0.08172823488712311
1,1366,0.0817052349448204
1,1367,0.08168219029903412
1,1368,0.08165985345840454
1,1369,0.08163881301879883
1,1370,0.08161623030900955
1,1371,0.08159386366605759
1,1372,0.08157085627317429
1,1373,0.08154769986867905
1,1374,0.08152522146701813
1,1375,0.08150266110897064
1,1376,0.08147954195737839
1,1377,0.08145732432603836
1,1378,0.08143415302038193
1,1379,0.0814116969704628
1,1380,0.0813894122838974
1,1381,0.08136653155088425
1,1382,0.08134377747774124
1,1383,0.08132072538137436
1,1384,0.08129820972681046
1,1385,0.0812748447060585
1,1386,0.08125191926956177
1,1387,0.08122909814119339
1,1388,0.08120620995759964
1,1389,0.0811830684542656
1,1390,0.08116061240434647
1,1391,0.08113746345043182
1,1392,0.08111453801393509
1,1393,0.08109261095523834
1,1394,0.08106905966997147
1,1395,0.08104655146598816
1,1396,0.08102459460496902
1,1397,0.08100052177906036
1,1398,0.08097672462463379
1,1399,0.08095265179872513
1,1400,0.08092521876096725
1,1401,0.0808972492814064
1,1402,0.0808672234416008
1,1403,0.0808376893401146
1,1404,0.08080656081438065
1,1405,0.0807814747095108
1,1406,0.080756776034832
1,1407,0.08073271065950394
1,1408,0.08070672303438187
1,1409,0.0806790292263031
1,1410,0.08065003156661987
1,1411,0.08061982691287994
1,1412,0.08059138059616089
1,1413,0.08056364953517914
1,1414,0.0805346816778183
1,1415,0.08050848543643951
1,1416,0.08048278838396072
1,1417,0.08045440912246704
1,1418,0.08042549341917038
1,1419,0.08039578050374985
1,1420,0.08036912977695465
1,1421,0.08034095913171768
1,1422,0.08031386882066727
1,1423,0.08028662949800491
1,1424,0.08025828003883362
1,1425,0.08023044466972351
1,1426,0.08020169287919998
1,1427,0.08017411082983017
1,1428,0.0801459476351738
1,1429,0.08011755347251892
1,1430,0.08008885383605957
1,1431,0.08006182312965393
1,1432,0.08003264665603638
1,1433,0.08000550419092178
1,1434,0.07997787743806839
1,1435,0.07994883507490158
1,1436,0.0799206793308258
1,1437,0.07989295572042465
1,1438,0.0798649936914444
1,1439,0.07983638346195221
1,1440,0.0798071026802063
1,1441,0.07977928221225739
1,1442,0.07975131273269653
1,1443,0.07972269505262375
1,1444,0.07969380170106888
1,1445,0.07966519147157669
1,1446,0.0796373188495636
1,1447,0.07960934937000275
1,1448,0.07958071678876877
1,1449,0.07955263555049896
1,1450,0.07952329516410828
1,1451,0.07949655503034592
1,1452,0.07946743816137314
1,1453,0.07943889498710632
1,1454,0.07941044121980667
1,1455,0.07938224077224731
1,1456,0.07935425639152527
1,1457,0.07932554185390472
1,1458,0.07929646223783493
1,1459,0.07926799356937408
1,1460,0.07923965901136398
1,1461,0.0792110487818718
1,1462,0.0791824534535408
1,1463,0.07915328443050385
1,1464,0.07912520319223404
1,1465,0.07909700274467468
1,1466,0.07906760275363922
1,1467,0.07903891801834106
1,1468,0.07901033014059067
1,1469,0.07898125797510147
1,1470,0.07895340770483017
1,1471,0.07892387360334396
1,1472,0.07889490574598312
1,1473,0.07886627316474915
1,1474,0.07883787900209427
1,1475,0.07880892604589462
1,1476,0.0787796899676323
1,1477,0.07875172048807144
1,1478,0.07872328907251358
1,1479,0.07869549095630646
1,1480,0.07866664975881577
1,1481,0.07863818109035492
1,1482,0.07860918343067169
1,1483,0.07858002930879593
1,1484,0.07855066657066345
1,1485,0.07852178066968918
1,1486,0.07849293202161789
1,1487,0.07846366614103317
1,1488,0.07843384891748428
1,1489,0.07840550690889359
1,1490,0.0783773884177208
1,1491,0.07834850996732712
1,1492,0.07831835746765137
1,1493,0.07828963547945023
1,1494,0.07826123386621475
1,1495,0.07823178172111511
1,1496,0.07820329070091248
1,1497,0.07817290723323822
1,1498,0.0781426727771759
1,1499,0.07811279594898224
1,1500,0.07808251678943634
1,1501,0.07805243879556656
1,1502,0.07802237570285797
1,1503,0.07799187302589417
1,1504,0.07796072214841843
1,1505,0.07793103903532028
1,1506,0.07789993286132812
1,1507,0.07786976546049118
1,1508,0.0778392031788826
1,1509,0.07780824601650238
1,1510,0.07777794450521469
1,1511,0.07774771004915237
1,1512,0.07771719992160797
1,1513,0.07768712192773819
1,1514,0.0776573047041893
1,1515,0.0776272639632225
1,1516,0.0775972306728363
1,1517,0.07756740599870682
1,1518,0.07753746956586838
1,1519,0.07750802487134933
1,1520,0.07747787982225418
1,1521,0.0774480327963829
1,1522,0.07741722464561462
1,1523,0.07738751918077469
1,1524,0.07735708355903625
1,1525,0.07732824981212616
1,1526,0.07729631662368774
1,1527,0.07726562768220901
1,1528,0.07723582535982132
1,1529,0.07720527052879333
1,1530,0.07717472314834595
1,1531,0.07714430242776871
1,1532,0.07711263746023178
1,1533,0.07708296179771423
1,1534,0.07705093175172806
1,1535,0.0770195946097374
1,1536,0.0769898071885109
1,1537,0.076959528028965
1,1538,0.07692969590425491
1,1539,0.07689967006444931
1,1540,0.07687005400657654
1,1541,0.07684054970741272
1,1542,0.07681163400411606
1,1543,0.07678049057722092
1,1544,0.07675141096115112
1,1545,0.07672107964754105
1,1546,0.07669186592102051
1,1547,0.07666188478469849
1,1548,0.07663244754076004
1,1549,0.0766029953956604
1,1550,0.07657281309366226
1,1551,0.07654266804456711
1,1552,0.07651263475418091
1,1553,0.07648295909166336
1,1554,0.07645384222269058
1,1555,0.07642257958650589
1,1556,0.07639418542385101
1,1557,0.07636480033397675
1,1558,0.07633333653211594
1,1559,0.07630318403244019
1,1560,0.07627363502979279
1,1561,0.07624167948961258
1,1562,0.07621296495199203
1,1563,0.076183021068573
1,1564,0.07614997029304504
1,1565,0.07612022012472153
1,1566,0.07609046250581741
1,1567,0.07605863362550735
1,1568,0.07602816075086594
1,1569,0.07600002735853195
1,1570,0.07596734911203384
1,1571,0.075936459004879
1,1572,0.07590742409229279
1,1573,0.07587601244449615
1,1574,0.07584420591592789
1,1575,0.07581322640180588
1,1576,0.07578426599502563
1,1577,0.07575596868991852
1,1578,0.07572778314352036
1,1579,0.07569881528615952
1,1580,0.07567032426595688
1,1581,0.07564083486795425
1,1582,0.07561145722866058
1,1583,0.07558153569698334
1,1584,0.07555218786001205
1,1585,0.07552266120910645
1,1586,0.07549258321523666
1,1587,0.07546224445104599
1,1588,0.0754319280385971
1,1589,0.07540464401245117
1,1590,0.07537612318992615
1,1591,0.07534657418727875
1,1592,0.07531806081533432
1,1593,0.07528834789991379
1,1594,0.07525841146707535
1,1595,0.07522935420274734
1,1596,0.07520066946744919
1,1597,0.07517104595899582
1,1598,0.07514261454343796
1,1599,0.07511380314826965
1,1600,0.07508426904678345
1,1601,0.075054831802845
1,1602,0.07502580434083939
1,1603,0.07499715685844421
1,1604,0.07496894150972366
1,1605,0.0749402716755867
1,1606,0.07491202652454376
1,1607,0.07488299906253815
1,1608,0.07485367357730865
1,1609,0.07482481747865677
1,1610,0.07479660958051682
1,1611,0.07476810365915298
1,1612,0.07473970204591751
1,1613,0.07471085339784622
1,1614,0.07468124479055405
1,1615,0.07465220242738724
1,1616,0.07462377101182938
1,1617,0.07459573447704315
1,1618,0.07456746697425842
1,1619,0.07453843951225281
1,1620,0.07450977712869644
1,1621,0.07448070496320724
1,1622,0.07445212453603745
1,1623,0.07442428171634674
1,1624,0.07439578324556351
1,1625,0.07436720281839371
1,1626,0.07433806359767914
1,1627,0.07431114464998245
1,1628,0.07428210228681564
1,1629,0.07425344735383987
1,1630,0.07422628998756409
1,1631,0.0741984024643898
1,1632,0.07416943460702896
1,1633,0.07414122670888901
1,1634,0.0741131603717804
1,1635,0.07408490031957626
1,1636,0.07405709475278854
1,1637,0.07402705401182175
1,1638,0.07400084286928177
1,1639,0.07397270202636719
1,1640,0.07394333183765411
1,1641,0.07391399890184402
1,1642,0.07388672232627869
1,1643,0.07385929673910141
1,1644,0.07383128255605698
1,1645,0.07380259782075882
1,1646,0.07377415895462036
1,1647,0.07374724745750427
1,1648,0.07371898740530014
1,1649,0.07369036227464676
1,1650,0.07366224378347397
1,1651,0.07363463938236237
1,1652,0.07360600680112839
1,1653,0.07357892394065857
1,1654,0.07355107367038727
1,1655,0.07352353632450104
1,1656,0.07349374890327454
1,1657,0.07346726953983307
1,1658,0.07343938946723938
1,1659,0.07341082394123077
1,1660,0.07338225096464157
1,1661,0.07335489988327026
1,1662,0.07332780957221985
1,1663,0.0733000859618187
1,1664,0.0732727199792862
1,1665,0.07324443012475967
1,1666,0.0732169821858406
1,1667,0.07318893820047379
1,1668,0.07316052168607712
1,1669,0.07313419878482819
1,1670,0.07310590147972107
1,1671,0.0730784460902214
1,1672,0.07305122166872025
1,1673,0.07302387058734894
1,1674,0.07299388200044632
1,1675,0.0729638859629631
1,1676,0.07293478399515152
1,1677,0.07290562987327576
1,1678,0.07287485897541046
1,1679,0.07284509390592575
1,1680,0.07281655818223953
1,1681,0.07278789579868317
1,1682,0.07276205718517303
1,1683,0.07273555546998978
1,1684,0.07270823419094086
1,1685,0.07267999649047852
1,1686,0.0726519376039505
1,1687,0.07262477278709412
1,1688,0.072596974670887
1,1689,0.07256869971752167
1,1690,0.07254009693861008
1,1691,0.072512187063694
1,1692,0.07248622179031372
1,1693,0.07245935499668121
1,1694,0.07243149727582932
1,1695,0.07240422815084457
1,1696,0.07237673550844193
1,1697,0.07234784215688705
1,1698,0.07232242077589035
1,1699,0.07229587435722351
1,1700,0.07226704061031342
1,1701,0.07224055379629135
1,1702,0.07221364229917526
1,1703,0.072186179459095
1,1704,0.07215878367424011
1,1705,0.07213222235441208
1,1706,0.07210613787174225
1,1707,0.07207930088043213
1,1708,0.07205177843570709
1,1709,0.0720234289765358
1,1710,0.07199584692716599
1,1711,0.07196911424398422
1,1712,0.07194271683692932
1,1713,0.0719161182641983
1,1714,0.07188855111598969
1,1715,0.07186104357242584
1,1716,0.07183562219142914
1,1717,0.07180891185998917
1,1718,0.07178174704313278
1,1719,0.07175487279891968
1,1720,0.0717274621129036
1,1721,0.07170163094997406
1,1722,0.07167448103427887
1,1723,0.07164847105741501
1,1724,0.0716220885515213
1,1725,0.07159615308046341
1,1726,0.07156911492347717
1,1727,0.07154282927513123
1,1728,0.07151592522859573
1,1729,0.07148987054824829
1,1730,0.07146325707435608
1,1731,0.07143674790859222
1,1732,0.07141102850437164
1,1733,0.07138434052467346
1,1734,0.07135781645774841
1,1735,0.07133123278617859
1,1736,0.07130605727434158
1,1737,0.07127875834703445
1,1738,0.07125243544578552
1,1739,0.07122649997472763
1,1740,0.07120055705308914
1,1741,0.07117411494255066
1,1742,0.07114752382040024
1,1743,0.07112143188714981
1,1744,0.07109550386667252
1,1745,0.07106860727071762
1,1746,0.07104296237230301
1,1747,0.07101590186357498
1,1748,0.07098960876464844
1,1749,0.07096308469772339
1,1750,0.07093746960163116
1,1751,0.0709114521741867
1,1752,0.07088539749383926
1,1753,0.07086055725812912
1,1754,0.07083287835121155
1,1755,0.07080783694982529
1,1756,0.07078175246715546
1,1757,0.07075675576925278
1,1758,0.07073062658309937
1,1759,0.07070395350456238
1,1760,0.07067809998989105
1,1761,0.07065249979496002
1,1762,0.07062699645757675
1,1763,0.07060170918703079
1,1764,0.0705755278468132
1,1765,0.07054900377988815
1,1766,0.0705241858959198
1,1767,0.07049920409917831
1,1768,0.07047445327043533
1,1769,0.07044688612222672
1,1770,0.07042208313941956
1,1771,0.07039641588926315
1,1772,0.07037145644426346
1,1773,0.07034587115049362
1,1774,0.07031912356615067
1,1775,0.07029303908348083
1,1776,0.07026750594377518
1,1777,0.07024241238832474
1,1778,0.07021644711494446
1,1779,0.07019247114658356
1,1780,0.07016792893409729
1,1781,0.07014280557632446
1,1782,0.07011695206165314
1,1783,0.07009036093950272
1,1784,0.07006537169218063
1,1785,0.07004031538963318
1,1786,0.07001537084579468
1,1787,0.06998979300260544
1,1788,0.06996457278728485
1,1789,0.06993953138589859
1,1790,0.06991434842348099
1,1791,0.06988946348428726
1,1792,0.06986356526613235
1,1793,0.06983723491430283
1,1794,0.06981323659420013
1,1795,0.06978847086429596
1,1796,0.06976304948329926
1,1797,0.06973626464605331
1,1798,0.06971036642789841
1,1799,0.06968490034341812
1,1800,0.06965979933738708
1,1801,0.0696352869272232
1,1802,0.0696086585521698
1,1803,0.0695834532380104
1,1804,0.06955713033676147
1,1805,0.06953281164169312
1,1806,0.06950647383928299
1,1807,0.06948167085647583
1,1808,0.06945662200450897
1,1809,0.06943076848983765
1,1810,0.06940571218729019
1,1811,0.06937989592552185
1,1812,0.06935346126556396
1,1813,0.06932947784662247
1,1814,0.06930405646562576
1,1815,0.06927848607301712
1,1816,0.06925260275602341
1,1817,0.06922749429941177
1,1818,0.06920172274112701
1,1819,0.06917619705200195
1,1820,0.06915000826120377
1,1821,0.06912440806627274
1,1822,0.06909900903701782
1,1823,0.06907321512699127
1,1824,0.06904687732458115
1,1825,0.06902231276035309
1,1826,0.06899546831846237
1,1827,0.06897075474262238
1,1828,0.0689457505941391
1,1829,0.06891897320747375
1,1830,0.06889451295137405
1,1831,0.06886853277683258
1,1832,0.06884338706731796
1,1833,0.0688181072473526
1,1834,0.06879186630249023
1,1835,0.06876648962497711
1,1836,0.06874142587184906
1,1837,0.06871411204338074
1,1838,0.06869005411863327
1,1839,0.06866434216499329
1,1840,0.06863754987716675
1,1841,0.06861195713281631
1,1842,0.06858796626329422
1,1843,0.06856010109186172
1,1844,0.06853502988815308
1,1845,0.06851014494895935
1,1846,0.06848379969596863
1,1847,0.06845704466104507
1,1848,0.06843149662017822
1,1849,0.0684063583612442
1,1850,0.06838015466928482
1,1851,0.06835398077964783
1,1852,0.06832841783761978
1,1853,0.06830254942178726
1,1854,0.0682767778635025
1,1855,0.06825146824121475
1,1856,0.06822662800550461
1,1857,0.06820052117109299
1,1858,0.06817508488893509
1,1859,0.0681505799293518
1,1860,0.06812442094087601
1,1861,0.06809965521097183
1,1862,0.06807379424571991
1,1863,0.06804786622524261
1,1864,0.068024180829525
1,1865,0.0679968073964119
1,1866,0.06797311455011368
1,1867,0.06794900447130203
1,1868,0.06792357563972473
1,1869,0.06789711862802505
1,1870,0.0678711012005806
1,1871,0.06784824281930923
1,1872,0.06782156974077225
1,1873,0.06779661774635315
1,1874,0.0677720308303833
1,1875,0.06774596124887466
1,1876,0.06772083789110184
1,1877,0.06769576668739319
1,1878,0.06767071038484573
1,1879,0.0676470473408699
1,1880,0.06762167066335678
1,1881,0.06759602576494217
1,1882,0.06757132709026337
1,1883,0.06754738837480545
1,1884,0.0675213411450386
1,1885,0.0674971342086792
1,1886,0.06747240573167801
1,1887,0.06744706630706787
1,1888,0.06742145121097565
1,1889,0.06739510595798492
1,1890,0.06736968457698822
1,1891,0.06734578311443329
1,1892,0.06732173264026642
1,1893,0.06729641556739807
1,1894,0.06727062165737152
1,1895,0.06724688410758972
1,1896,0.06722153723239899
1,1897,0.06719657778739929
1,1898,0.0671720877289772
1,1899,0.0671478882431984
1,1900,0.06712283194065094
1,1901,0.06709790974855423
1,1902,0.06707274168729782
1,1903,0.06704792380332947
1,1904,0.06702365726232529
1,1905,0.0669981986284256
1,1906,0.06697367131710052
1,1907,0.06694972515106201
1,1908,0.06692487746477127
1,1909,0.06690113991498947
1,1910,0.0668761134147644
1,1911,0.06685178726911545
1,1912,0.06682799011468887
1,1913,0.06680423766374588
1,1914,0.06678014993667603
1,1915,0.06675570458173752
1,1916,0.0667315348982811
1,1917,0.06670814007520676
1,1918,0.06668473780155182
1,1919,0.06666034460067749
1,1920,0.06663729250431061
1,1921,0.06661231070756912
1,1922,0.06658826768398285
1,1923,0.06656535714864731
1,1924,0.06654171645641327
1,1925,0.06651736050844193
1,1926,0.06649447232484818
1,1927,0.06647097319364548
1,1928,0.06644789129495621
1,1929,0.06642387807369232
1,1930,0.06639991700649261
1,1931,0.06637640297412872
1,1932,0.06635257601737976
1,1933,0.06632775068283081
1,1934,0.06630273163318634
1,1935,0.06627852469682693
1,1936,0.06625328958034515
1,1937,0.06622828543186188
1,1938,0.06620222330093384
1,1939,0.06617692112922668
1,1940,0.0661511942744255
1,1941,0.06612640619277954
1,1942,0.06610025465488434
1,1943,0.06607403606176376
1,1944,0.06604813784360886
1,1945,0.0660221055150032
1,1946,0.06599584966897964
1,1947,0.06596999615430832
1,1948,0.06594375520944595
1,1949,0.06591875851154327
1,1950,0.06589239835739136
1,1951,0.06586603820323944
1,1952,0.06584037840366364
1,1953,0.06581538915634155
1,1954,0.06578756123781204
1,1955,0.06576064229011536
1,1956,0.06573368608951569
1,1957,0.06570645421743393
1,1958,0.06567893922328949
1,1959,0.06565101444721222
1,1960,0.065623439848423
1,1961,0.06559677422046661
1,1962,0.0655689686536789
1,1963,0.06554146111011505
1,1964,0.0655134841799736
1,1965,0.06548556685447693
1,1966,0.06545761227607727
1,1967,0.0654311329126358
1,1968,0.06540389358997345
1,1969,0.06537725031375885
1,1970,0.06534923613071442
1,1971,0.06532122194766998
1,1972,0.06529407948255539
1,1973,0.06526888161897659
1,1974,0.06524217873811722
1,1975,0.06521371752023697
1,1976,0.06518634408712387
1,1977,0.06516283005475998
1,1978,0.06513942778110504
1,1979,0.06511334329843521
1,1980,0.06508718430995941
1,1981,0.06506318598985672
1,1982,0.06504038721323013
1,1983,0.06501539796590805
1,1984,0.0649905800819397
1,1985,0.06496492028236389
1,1986,0.06494288146495819
1,1987,0.06491933763027191
1,1988,0.06489521265029907
1,1989,0.06487150490283966
1,1990,0.06484843045473099
1,1991,0.06482318043708801
1,1992,0.06479566544294357
1,1993,0.06476835161447525
1,1994,0.0647410973906517
1,1995,0.06471569091081619
1,1996,0.06468769162893295
1,1997,0.06465846300125122
1,1998,0.06462973356246948
1,1999,0.06460162252187729
1,2000,0.06457424908876419
1,2001,0.06454568356275558
1,2002,0.06451711058616638
1,2003,0.06448901444673538
1,2004,0.06446167081594467
1,2005,0.06443458795547485
1,2006,0.06441094726324081
1,2007,0.06438874453306198
1,2008,0.06436725705862045
1,2009,0.06434468924999237
1,2010,0.06432217359542847
1,2011,0.06430027633905411
1,2012,0.06427791714668274
1,2013,0.06425552815198898
1,2014,0.06423281133174896
1,2015,0.06421089917421341
1,2016,0.06418882310390472
1,2017,0.06416666507720947
1,2018,0.06414452195167542
1,2019,0.06412287801504135
1,2020,0.06410065293312073
1,2021,0.0640784353017807
1,2022,0.06405659765005112
1,2023,0.0640343725681305
1,2024,0.06401161849498749
1,2025,0.06398976594209671
1,2026,0.0639674961566925
1,2027,0.06394486874341965
1,2028,0.063923180103302
1,2029,0.06390101462602615
1,2030,0.06387854367494583
1,2031,0.06385713070631027
1,2032,0.06383521109819412
1,2033,0.06381352990865707
1,2034,0.06379248201847076
1,2035,0.0637693852186203
1,2036,0.06374803930521011
1,2037,0.06372514367103577
1,2038,0.06370396912097931
1,2039,0.06368253380060196
1,2040,0.06366047263145447
1,2041,0.0636388435959816
1,2042,0.06361690908670425
1,2043,0.06359504908323288
1,2044,0.06357429921627045
1,2045,0.0635535717010498
1,2046,0.0635322853922844
1,2047,0.06351126730442047
1,2048,0.06349118798971176
1,2049,0.06347084045410156
1,2050,0.06344925612211227
1,2051,0.06342834234237671
1,2052,0.0634077712893486
1,2053,0.06338731199502945
1,2054,0.0633661076426506
1,2055,0.06334591656923294
1,2056,0.06332562863826752
1,2057,0.06330477446317673
1,2058,0.06328430771827698
1,2059,0.06326323747634888
1,2060,0.06324257701635361
1,2061,0.06322276592254639
1,2062,0.06320175528526306
1,2063,0.06318159401416779
1,2064,0.06316111981868744
1,2065,0.06314002722501755
1,2066,0.06311982870101929
1,2067,0.06309989094734192
1,2068,0.06307949870824814
1,2069,0.06305905431509018
1,2070,0.06303923577070236
1,2071,0.06301885098218918
1,2072,0.0629986897110939
1,2073,0.06297867745161057
1,2074,0.06295932829380035
1,2075,0.06293968856334686
1,2076,0.06292006373405457
1,2077,0.06290048360824585
1,2078,0.06288087368011475
1,2079,0.06286067515611649
1,2080,0.06284163892269135
1,2081,0.06282293051481247
1,2082,0.06280389428138733
1,2083,0.06278462707996368
1,2084,0.0627652108669281
1,2085,0.06274563074111938
1,2086,0.06272677332162857
1,2087,0.06270793080329895
1,2088,0.06268928200006485
1,2089,0.06267023831605911
1,2090,0.0626513883471489
1,2091,0.06263143569231033
1,2092,0.06261178106069565
1,2093,0.06259381026029587
1,2094,0.06257546693086624
1,2095,0.06255622208118439
1,2096,0.0625380203127861
1,2097,0.06251873821020126
1,2098,0.06249922886490822
1,2099,0.0624813586473465
1,2100,0.06246315687894821
1,2101,0.06244442239403725
1,2102,0.06242656335234642
1,2103,0.06240786984562874
1,2104,0.062388911843299866
1,2105,0.06237171217799187
1,2106,0.06235319748520851
1,2107,0.06233542785048485
1,2108,0.0623178705573082
1,2109,0.06229892373085022
1,2110,0.06228060647845268
1,2111,0.062263812869787216
1,2112,0.062246330082416534
1,2113,0.06222762167453766
1,2114,0.06221058592200279
1,2115,0.062192678451538086
1,2116,0.06217356026172638
1,2117,0.062156278640031815
1,2118,0.06213819980621338
1,2119,0.06212124228477478
1,2120,0.06210383400321007
1,2121,0.062085989862680435
1,2122,0.06206953153014183
1,2123,0.06205145642161369
1,2124,0.06203383579850197
1,2125,0.062017373740673065
1,2126,0.061999887228012085
1,2127,0.06198280677199364
1,2128,0.06196562573313713
1,2129,0.06194920092821121
1,2130,0.06193237379193306
1,2131,0.061915796250104904
1,2132,0.06189830228686333
1,2133,0.0618818961083889
1,2134,0.061865195631980896
1,2135,0.06184863671660423
1,2136,0.06183172017335892
1,2137,0.06181451678276062
1,2138,0.06179827079176903
1,2139,0.06178181990981102
1,2140,0.06176545470952988
1,2141,0.06174984946846962
1,2142,0.06173354759812355
1,2143,0.061717357486486435
1,2144,0.061701372265815735
1,2145,0.06168467178940773
1,2146,0.06166807934641838
1,2147,0.061652302742004395
1,2148,0.06163650006055832
1,2149,0.06162068992853165
1,2150,0.06160518899559975
1,2151,0.06158896163105965
1,2152,0.061572879552841187
1,2153,0.06155746057629585
1,2154,0.06154165416955948
1,2155,0.061525747179985046
1,2156,0.06151087209582329
1,2157,0.06149471178650856
1,2158,0.06147981062531471
1,2159,0.06146522983908653
1,2160,0.06144919618964195
1,2161,0.061434101313352585
1,2162,0.061420075595378876
1,2163,0.061404772102832794
1,2164,0.06138870492577553
1,2165,0.061373185366392136
1,2166,0.06135863810777664
1,2167,0.061343964189291
1,2168,0.06132877245545387
1,2169,0.06131446361541748
1,2170,0.06129972264170647
1,2171,0.061284564435482025
1,2172,0.06127035617828369
1,2173,0.06125489994883537
1,2174,0.061240244656801224
1,2175,0.06122573837637901
1,2176,0.061212316155433655
1,2177,0.06119756028056145
1,2178,0.06118207052350044
1,2179,0.06116868928074837
1,2180,0.06115523353219032
1,2181,0.06114109233021736
1,2182,0.06112674996256828
1,2183,0.06111255660653114
1,2184,0.06109941005706787
1,2185,0.061086256057024
1,2186,0.06107177585363388
1,2187,0.06105853617191315
1,2188,0.061043981462717056
1,2189,0.061029594391584396
1,2190,0.061016883701086044
1,2191,0.061002857983112335
1,2192,0.060989346355199814
1,2193,0.06097552925348282
1,2194,0.06096164509654045
1,2195,0.06094827502965927
1,2196,0.060934893786907196
1,2197,0.06092154607176781
1,2198,0.06090814992785454
1,2199,0.06089530885219574
1,2200,0.06088186055421829
1,2201,0.06086909398436546
1,2202,0.060855790972709656
1,2203,0.06084272637963295
1,2204,0.06082970276474953
1,2205,0.060817137360572815
1,2206,0.06080478057265282
1,2207,0.06079142913222313
1,2208,0.060778919607400894
1,2209,0.060765717178583145
1,2210,0.06075289472937584
1,2211,0.06074071675539017
1,2212,0.060728054493665695
1,2213,0.06071547791361809
1,2214,0.06070313602685928
1,2215,0.06069064512848854
1,2216,0.06067800149321556
1,2217,0.060666125267744064
1,2218,0.060653503984212875
1,2219,0.06064087525010109
1,2220,0.060629572719335556
1,2221,0.06061682477593422
1,2222,0.06060509383678436
1,2223,0.060592859983444214
1,2224,0.060580793768167496
1,2225,0.06056898087263107
1,2226,0.060557227581739426
1,2227,0.06054527312517166
1,2228,0.060533396899700165
1,2229,0.060521867126226425
1,2230,0.060510095208883286
1,2231,0.06049850583076477
1,2232,0.060487084090709686
1,2233,0.060476187616586685
1,2234,0.060465406626462936
1,2235,0.06045413762331009
1,2236,0.060441967099905014
1,2237,0.06043056771159172
1,2238,0.06041925773024559
1,2239,0.060408394783735275
1,2240,0.0603974312543869
1,2241,0.06038627400994301
1,2242,0.060374949127435684
1,2243,0.06036340817809105
1,2244,0.0603523775935173
1,2245,0.06034235656261444
1,2246,0.06033157557249069
1,2247,0.060321006923913956
1,2248,0.06031055748462677
1,2249,0.060299020260572433
1,2250,0.060287412256002426
1,2251,0.06027693673968315
1,2252,0.06026606634259224
1,2253,0.060257069766521454
1,2254,0.060246262699365616
1,2255,0.06023549288511276
1,2256,0.060224488377571106
1,2257,0.06021355837583542
1,2258,0.06020351126790047
1,2259,0.060193877667188644
1,2260,0.0601838119328022
1,2261,0.06017342209815979
1,2262,0.060163117945194244
1,2263,0.06015262007713318
1,2264,0.06014272943139076
1,2265,0.06013304740190506
1,2266,0.06012320518493652
1,2267,0.06011328473687172
1,2268,0.060103315860033035
1,2269,0.060093242675065994
1,2270,0.06008382514119148
1,2271,0.06007373332977295
1,2272,0.06006435677409172
1,2273,0.06005518510937691
1,2274,0.06004570052027702
1,2275,0.06003613397479057
1,2276,0.06002623960375786
1,2277,0.060016877949237823
1,2278,0.060007791966199875
1,2279,0.059998519718647
1,2280,0.05998878926038742
1,2281,0.05997909605503082
1,2282,0.05996979773044586
1,2283,0.059960681945085526
1,2284,0.05995140224695206
1,2285,0.05994256213307381
1,2286,0.05993373692035675
1,2287,0.05992484837770462
1,2288,0.059915825724601746
1,2289,0.05990670248866081
1,2290,0.05989745631814003
1,2291,0.0598885677754879
1,2292,0.05987963080406189
1,2293,0.059870485216379166
1,2294,0.05986180156469345
1,2295,0.05985350161790848
1,2296,0.05984533205628395
1,2297,0.059836894273757935
1,2298,0.05982813239097595
1,2299,0.0598190538585186
1,2300,0.0598103329539299
1,2301,0.05980195105075836
1,2302,0.05979321151971817
1,2303,0.05978484824299812
1,2304,0.059776537120342255
1,2305,0.059768397361040115
1,2306,0.05976017192006111
1,2307,0.05975167453289032
1,2308,0.05974337458610535
1,2309,0.0597354881465435
1,2310,0.059727102518081665
1,2311,0.05971899628639221
1,2312,0.059711117297410965
1,2313,0.05970320105552673
1,2314,0.05969513952732086
1,2315,0.059687159955501556
1,2316,0.059679195284843445
1,2317,0.059670791029930115
1,2318,0.059662677347660065
1,2319,0.05965461954474449
1,2320,0.0596466101706028
1,2321,0.059638865292072296
1,2322,0.05963105708360672
1,2323,0.05962328985333443
1,2324,0.0596156045794487
1,2325,0.05960783362388611
1,2326,0.05960026755928993
1,2327,0.059592556208372116
1,2328,0.059584662318229675
1,2329,0.05957696959376335
1,2330,0.05956926569342613
1,2331,0.05956172198057175
1,2332,0.059554602950811386
1,2333,0.05954749509692192
1,2334,0.059539906680583954
1,2335,0.059532467275857925
1,2336,0.059525202959775925
1,2337,0.05951832979917526
1,2338,0.05951204150915146
1,2339,0.059505101293325424
1,2340,0.0594981350004673
1,2341,0.05949068069458008
1,2342,0.05948319286108017
1,2343,0.059475913643836975
1,2344,0.059468526393175125
1,2345,0.05946173518896103
1,2346,0.0594547763466835
1,2347,0.059447839856147766
1,2348,0.05944099277257919
1,2349,0.059434909373521805
1,2350,0.059428174048662186
1,2351,0.05942182242870331
1,2352,0.059415146708488464
1,2353,0.059408240020275116
1,2354,0.0594010166823864
1,2355,0.059394121170043945
1,2356,0.0593874454498291
1,2357,0.05938124284148216
1,2358,0.059374745935201645
1,2359,0.059368230402469635
1,2360,0.059361886233091354
1,2361,0.05935516953468323
1,2362,0.05934919789433479
1,2363,0.05934307724237442
1,2364,0.05933704599738121
1,2365,0.05933118239045143
1,2366,0.05932478979229927
1,2367,0.05931871011853218
1,2368,0.05931222811341286
1,2369,0.05930568650364876
1,2370,0.05929975584149361
1,2371,0.05929381772875786
1,2372,0.059287406504154205
1,2373,0.05928170308470726
1,2374,0.05927557125687599
1,2375,0.05926908925175667
1,2376,0.05926356464624405
1,2377,0.05925747752189636
1,2378,0.05925178527832031
1,2379,0.05924626812338829
1,2380,0.059239909052848816
1,2381,0.059234101325273514
1,2382,0.05922877788543701
1,2383,0.05922272801399231
1,2384,0.05921731889247894
1,2385,0.05921196937561035
1,2386,0.05920584499835968
1,2387,0.05919976904988289
1,2388,0.05919453501701355
1,2389,0.05918874591588974
1,2390,0.05918283015489578
1,2391,0.05917744338512421
1,2392,0.0591716468334198
1,2393,0.05916623771190643
1,2394,0.05916084349155426
1,2395,0.059155650436878204
1,2396,0.05915042757987976
1,2397,0.05914495140314102
1,2398,0.05913972854614258
1,2399,0.059134531766176224
1,2400,0.05912909656763077
1,2401,0.05912451818585396
1,2402,0.05911913141608238
1,2403,0.05911388620734215
1,2404,0.05910845100879669
1,2405,0.059103336185216904
1,2406,0.05909837782382965
1,2407,0.05909295007586479
1,2408,0.059087783098220825
1,2409,0.05908280983567238
1,2410,0.05907769501209259
1,2411,0.059072867035865784
1,2412,0.059067726135253906
1,2413,0.059062596410512924
1,2414,0.0590578131377697
1,2415,0.0590529590845108
1,2416,0.05904805660247803
1,2417,0.059043265879154205
1,2418,0.059038225561380386
1,2419,0.05903378501534462
1,2420,0.05902880057692528
1,2421,0.05902411416172981
1,2422,0.05901925638318062
1,2423,0.05901467427611351
1,2424,0.05900993198156357
1,2425,0.0590054951608181
1,2426,0.05900101363658905
1,2427,0.05899659916758537
1,2428,0.05899224430322647
1,2429,0.0589880496263504
1,2430,0.05898352339863777
1,2431,0.058979157358407974
1,2432,0.058974917978048325
1,2433,0.0589706115424633
1,2434,0.05896596983075142
1,2435,0.05896144360303879
1,2436,0.058957215398550034
1,2437,0.05895248427987099
1,2438,0.05894799530506134
1,2439,0.05894303694367409
1,2440,0.05893879383802414
1,2441,0.05893458425998688
1,2442,0.058930374681949615
1,2443,0.05892641469836235
1,2444,0.058922357857227325
1,2445,0.058918241411447525
1,2446,0.058914344757795334
1,2447,0.05891053006052971
1,2448,0.058906521648168564
1,2449,0.058902572840452194
1,2450,0.058898355811834335
1,2451,0.05889395996928215
1,2452,0.05888981372117996
1,2453,0.05888598784804344
1,2454,0.05888178572058678
1,2455,0.0588776096701622
1,2456,0.0588739775121212
1,2457,0.05886982008814812
1,2458,0.05886603146791458
1,2459,0.05886218696832657
1,2460,0.05885830894112587
1,2461,0.05885486677289009
1,2462,0.05885105952620506
1,2463,0.05884724482893944
1,2464,0.05884340777993202
1,2465,0.05883978307247162
1,2466,0.05883616954088211
1,2467,0.05883239209651947
1,2468,0.05882847681641579
1,2469,0.058824893087148666
1,2470,0.05882120132446289
1,2471,0.05881776660680771
1,2472,0.058813996613025665
1,2473,0.05881034955382347
1,2474,0.05880694091320038
1,2475,0.05880344659090042
1,2476,0.05879984050989151
1,2477,0.05879633128643036
1,2478,0.05879294499754906
1,2479,0.05878942832350731
1,2480,0.05878596752882004
1,2481,0.0587824322283268
1,2482,0.05877896025776863
1,2483,0.05877576768398285
1,2484,0.05877229571342468
1,2485,0.05876925215125084
1,2486,0.05876559764146805
1,2487,0.058762144297361374
1,2488,0.0587591789662838
1,2489,0.05875571072101593
1,2490,0.058752529323101044
1,2491,0.05874914675951004
1,2492,0.05874558165669441
1,2493,0.0587424673140049
1,2494,0.0587393194437027
1,2495,0.058736417442560196
1,2496,0.058732882142066956
1,2497,0.058730337768793106
1,2498,0.05872689187526703
1,2499,0.058723822236061096
1,2500,0.058720897883176804
1,2501,0.058717627078294754
1,2502,0.05871465802192688
1,2503,0.05871120095252991
1,2504,0.058708641678094864
1,2505,0.058705393224954605
1,2506,0.05870185047388077
1,2507,0.05869942530989647
1,2508,0.05869598686695099
1,2509,0.05869295448064804
1,2510,0.05869007110595703
1,2511,0.05868661031126976
1,2512,0.05868430808186531
1,2513,0.058681704103946686
1,2514,0.058678414672613144
1,2515,0.05867525562644005
1,2516,0.058673080056905746
1,2517,0.0586700439453125
1,2518,0.05866655334830284
1,2519,0.05866411700844765
1,2520,0.05866139382123947
1,2521,0.0586579330265522
1,2522,0.05865548178553581
1,2523,0.058652691543102264
1,2524,0.05864932760596275
1,2525,0.05864676833152771
1,2526,0.058644119650125504
1,2527,0.05864103510975838
1,2528,0.058639321476221085
1,2529,0.058637067675590515
1,2530,0.0586341917514801
1,2531,0.058631133288145065
1,2532,0.05862891301512718
1,2533,0.058626286685466766
1,2534,0.05862376093864441
1,2535,0.05862093344330788
1,2536,0.058617375791072845
1,2537,0.05861435458064079
1,2538,0.05861148610711098
1,2539,0.058608558028936386
1,2540,0.058606233447790146
1,2541,0.05860378220677376
1,2542,0.058600910007953644
1,2543,0.05859851464629173
1,2544,0.058595962822437286
1,2545,0.0585935153067112
1,2546,0.058591000735759735
1,2547,0.05858837068080902
1,2548,0.058585431426763535
1,2549,0.05858301743865013
1,2550,0.058580465614795685
1,2551,0.05857780575752258
1,2552,0.058575697243213654
1,2553,0.058573268353939056
1,2554,0.05857088789343834
1,2555,0.05856810137629509
1,2556,0.058565448969602585
1,2557,0.05856311321258545
1,2558,0.05856073647737503
1,2559,0.05855821818113327
1,2560,0.05855569243431091
1,2561,0.058553170412778854
1,2562,0.058550868183374405
1,2563,0.05854842811822891
1,2564,0.05854592099785805
1,2565,0.05854339152574539
1,2566,0.05854112282395363
1,2567,0.058539018034935
1,2568,0.05853665620088577
1,2569,0.05853427201509476
1,2570,0.05853164941072464
1,2571,0.05852945148944855
1,2572,0.058526888489723206
1,2573,0.05852450430393219
1,2574,0.05852223187685013
1,2575,0.05851967632770538
1,2576,0.0585174597799778
1,2577,0.05851500481367111
1,2578,0.0585126094520092
1,2579,0.05851010978221893
1,2580,0.05850782245397568
1,2581,0.05850531905889511
1,2582,0.05850311741232872
1,2583,0.0585009790956974
1,2584,0.058498915284872055
1,2585,0.05849650129675865
1,2586,0.05849440395832062
1,2587,0.05849197134375572
1,2588,0.058489829301834106
1,2589,0.0584876723587513
1,2590,0.058485597372055054
1,2591,0.05848347395658493
1,2592,0.05848129466176033
1,2593,0.05847921222448349
1,2594,0.0584767647087574
1,2595,0.0584748350083828
1,2596,0.058472950011491776
1,2597,0.05847041681408882
1,2598,0.05846822261810303
1,2599,0.05846640095114708
1,2600,0.05846410244703293
1,2601,0.058462172746658325
1,2602,0.058459967374801636
1,2603,0.05845809727907181
1,2604,0.058456018567085266
1,2605,0.058453988283872604
1,2606,0.05845198780298233
1,2607,0.058449871838092804
1,2608,0.05844790115952492
1,2609,0.05844610556960106
1,2610,0.058443885296583176
1,2611,0.05844195559620857
1,2612,0.058440059423446655
1,2613,0.0584380216896534
1,2614,0.05843599513173103
1,2615,0.058434028178453445
1,2616,0.05843225494027138
1,2617,0.05843016505241394
1,2618,0.05842840299010277
1,2619,0.05842655152082443
1,2620,0.05842450633645058
1,2621,0.0584227591753006
1,2622,0.058420829474925995
1,2623,0.05841885134577751
1,2624,0.058416906744241714
1,2625,0.05841495841741562
1,2626,0.05841317027807236
1,2627,0.05841142311692238
1,2628,0.05840962752699852
1,2629,0.058407776057720184
1,2630,0.05840623378753662
1,2631,0.0584043450653553
1,2632,0.05840243399143219
1,2633,0.05840085446834564
1,2634,0.05839889124035835
1,2635,0.05839700996875763
1,2636,0.05839555710554123
1,2637,0.05839371681213379
1,2638,0.05839221924543381
1,2639,0.05839081108570099
1,2640,0.05838916078209877
1,2641,0.05838776007294655
1,2642,0.05838629603385925
1,2643,0.05838465690612793
1,2644,0.05838337168097496
1,2645,0.05838174745440483
1,2646,0.058379944413900375
1,2647,0.05837772414088249
1,2648,0.05837556719779968
1,2649,0.05837323144078255
1,2650,0.05837106704711914
1,2651,0.058368802070617676
1,2652,0.05836668610572815
1,2653,0.05836468189954758
1,2654,0.058362748473882675
1,2655,0.05836118012666702
1,2656,0.058359451591968536
1,2657,0.0583580881357193
1,2658,0.05835637077689171
1,2659,0.05835495889186859
1,2660,0.05835336819291115
1,2661,0.0583515428006649
1,2662,0.058350034058094025
1,2663,0.05834846943616867
1,2664,0.05834672227501869
1,2665,0.058345112949609756
1,2666,0.05834357067942619
1,2667,0.05834202095866203
1,2668,0.05834043025970459
1,2669,0.05833893641829491
1,2670,0.058337483555078506
1,2671,0.05833595246076584
1,2672,0.058334365487098694
1,2673,0.05833273008465767
1,2674,0.0583314411342144
1,2675,0.058329854160547256
1,2676,0.05832836776971817
1,2677,0.05832663178443909
1,2678,0.05832516774535179
1,2679,0.058323588222265244
1,2680,0.058322519063949585
1,2681,0.05832052230834961
1,2682,0.05831918120384216
1,2683,0.05831766873598099
1,2684,0.05831637606024742
1,2685,0.058315206319093704
1,2686,0.05831322818994522
1,2687,0.05831163004040718
1,2688,0.05831052362918854
1,2689,0.058309026062488556
1,2690,0.05830733850598335
1,2691,0.058305878192186356
1,2692,0.05830444395542145
1,2693,0.0583026222884655
1,2694,0.05830114707350731
1,2695,0.05829976126551628
1,2696,0.058298368006944656
1,2697,0.058296870440244675
1,2698,0.05829518288373947
1,2699,0.058293431997299194
1,2700,0.05829199030995369
1,2701,0.0582902617752552
1,2702,0.058288734406232834
1,2703,0.05828731879591942
1,2704,0.05828540772199631
1,2705,0.05828423053026199
1,2706,0.05828247219324112
1,2707,0.05828116461634636
1,2708,0.05827989801764488
1,2709,0.05827806890010834
1,2710,0.05827615037560463
1,2711,0.05827484652400017
1,2712,0.058273449540138245
1,2713,0.05827154964208603
1,2714,0.05827019363641739
1,2715,0.05826868861913681
1,2716,0.05826709046959877
1,2717,0.05826559662818909
1,2718,0.058263976126909256
1,2719,0.05826256051659584
1,2720,0.0582614503800869
1,2721,0.058259956538677216
1,2722,0.058258429169654846
1,2723,0.05825727805495262
1,2724,0.05825584754347801
1,2725,0.05825459584593773
1,2726,0.05825407803058624
1,2727,0.058252669870853424
1,2728,0.05825108662247658
1,2729,0.05824985355138779
1,2730,0.05824853852391243
1,2731,0.0582471527159214
1,2732,0.058246057480573654
1,2733,0.058245204389095306
1,2734,0.05824381485581398
1,2735,0.058242496103048325
1,2736,0.0582408681511879
1,2737,0.058238860219717026
1,2738,0.05823676288127899
1,2739,0.058234889060258865
1,2740,0.058233413845300674
1,2741,0.05823207274079323
1,2742,0.058231011033058167
1,2743,0.05822976306080818
1,2744,0.05822853744029999
1,2745,0.05822712928056717
1,2746,0.05822551250457764
1,2747,0.05822420120239258
1,2748,0.058223094791173935
1,2749,0.05822183936834335
1,2750,0.05822068080306053
1,2751,0.05821947380900383
1,2752,0.05821831151843071
1,2753,0.0582168847322464
1,2754,0.05821540951728821
1,2755,0.05821418762207031
1,2756,0.05821286141872406
1,2757,0.05821165069937706
1,2758,0.05821041390299797
1,2759,0.058209046721458435
1,2760,0.05820799246430397
1,2761,0.05820687487721443
1,2762,0.058205779641866684
1,2763,0.058204714208841324
1,2764,0.05820317566394806
1,2765,0.05820227414369583
1,2766,0.05820123851299286
1,2767,0.05819987878203392
1,2768,0.05819827690720558
1,2769,0.05819756165146828
1,2770,0.05819648876786232
1,2771,0.05819499120116234
1,2772,0.058193549513816833
1,2773,0.05819277465343475
1,2774,0.05819184333086014
1,2775,0.058190491050481796
1,2776,0.05818919837474823
1,2777,0.058188289403915405
1,2778,0.05818759649991989
1,2779,0.05818621441721916
1,2780,0.05818464234471321
1,2781,0.058183878660202026
1,2782,0.0581827387213707
1,2783,0.058181267231702805
1,2784,0.05818019434809685
1,2785,0.05817919597029686
1,2786,0.058178093284368515
1,2787,0.058176781982183456
1,2788,0.05817575752735138
1,2789,0.05817475914955139
1,2790,0.058173686265945435
1,2791,0.05817258730530739
1,2792,0.058171652257442474
1,2793,0.05817077308893204
1,2794,0.05816960707306862
1,2795,0.058168672025203705
1,2796,0.05816761776804924
1,2797,0.05816652998328209
1,2798,0.05816550552845001
1,2799,0.0581643283367157
1,2800,0.05816325172781944
1,2801,0.05816233158111572
1,2802,0.05816102772951126
1,2803,0.058160021901130676
1,2804,0.05815892294049263
1,2805,0.05815805494785309
1,2806,0.05815686658024788
1,2807,0.058155808597803116
1,2808,0.05815499275922775
1,2809,0.0581539012491703
1,2810,0.05815291404724121
1,2811,0.05815208703279495
1,2812,0.05815120413899422
1,2813,0.058150313794612885
1,2814,0.058149415999650955
1,2815,0.058148495852947235
1,2816,0.05814766511321068
1,2817,0.05814657360315323
1,2818,0.05814552307128906
1,2819,0.058144379407167435
1,2820,0.05814332887530327
1,2821,0.05814226344227791
1,2822,0.058141078799963
1,2823,0.05814013630151749
1,2824,0.05813918635249138
1,2825,0.058138348162174225
1,2826,0.0581374317407608
1,2827,0.058136653155088425
1,2828,0.058135826140642166
1,2829,0.05813482776284218
1,2830,0.058133937418460846
1,2831,0.058132950216531754
1,2832,0.05813215672969818
1,2833,0.05813104659318924
1,2834,0.05813013017177582
1,2835,0.05812922120094299
1,2836,0.05812841281294823
1,2837,0.058127716183662415
1,2838,0.058127064257860184
1,2839,0.05812612175941467
1,2840,0.05812517926096916
1,2841,0.058124564588069916
1,2842,0.05812375620007515
1,2843,0.05812283977866173
1,2844,0.05812212452292442
1,2845,0.05812137946486473
1,2846,0.05812068656086922
1,2847,0.058120161294937134
1,2848,0.05811956897377968
1,2849,0.05811900645494461
1,2850,0.05811827629804611
1,2851,0.05811765417456627
1,2852,0.058117229491472244
1,2853,0.05811634659767151
1,2854,0.05811534821987152
1,2855,0.05811449512839317
1,2856,0.058113303035497665
1,2857,0.05811221897602081
1,2858,0.05811155587434769
1,2859,0.058110758662223816
1,2860,0.05811014771461487
1,2861,0.058109432458877563
1,2862,0.05810859054327011
1,2863,0.058107711374759674
1,2864,0.05810672789812088
1,2865,0.05810576304793358
1,2866,0.058104705065488815
1,2867,0.0581040196120739
1,2868,0.05810320004820824
1,2869,0.058102820068597794
1,2870,0.05810203775763512
1,2871,0.05810127779841423
1,2872,0.05810082331299782
1,2873,0.058100029826164246
1,2874,0.05809921771287918
1,2875,0.05809850990772247
1,2876,0.05809733644127846
1,2877,0.058097079396247864
1,2878,0.05809613689780235
1,2879,0.05809493362903595
1,2880,0.05809444934129715
1,2881,0.058093663305044174
1,2882,0.058093030005693436
1,2883,0.058092180639505386
1,2884,0.05809156596660614
1,2885,0.058090757578611374
1,2886,0.05809006094932556
1,2887,0.05808931961655617
1,2888,0.0580885149538517
1,2889,0.058087900280952454
1,2890,0.05808703973889351
1,2891,0.05808638781309128
1,2892,0.05808578431606293
1,2893,0.05808493122458458
1,2894,0.05808446183800697
1,2895,0.05808354914188385
1,2896,0.058082643896341324
1,2897,0.05808192119002342
1,2898,0.05808134004473686
1,2899,0.05808055028319359
1,2900,0.058080144226551056
1,2901,0.0580797903239727
1,2902,0.058078836649656296
1,2903,0.05807826668024063
1,2904,0.05807768926024437
1,2905,0.05807676166296005
1,2906,0.058076146990060806
1,2907,0.05807563289999962
1,2908,0.05807488411664963
1,2909,0.05807413533329964
1,2910,0.0580737367272377
1,2911,0.05807304382324219
1,2912,0.058072250336408615
1,2913,0.058072034269571304
1,2914,0.05807103216648102
1,2915,0.05807064101099968
1,2916,0.05807000771164894
1,2917,0.058069080114364624
1,2918,0.05806804075837135
1,2919,0.0580676794052124
1,2920,0.058067116886377335
1,2921,0.058066219091415405
1,2922,0.058065447956323624
1,2923,0.05806495249271393
1,2924,0.058064427226781845
1,2925,0.05806359648704529
1,2926,0.05806314945220947
1,2927,0.05806270241737366
1,2928,0.058062247931957245
1,2929,0.05806155502796173
1,2930,0.05806107819080353
1,2931,0.05806054547429085
1,2932,0.05805972218513489
1,2933,0.058059051632881165
1,2934,0.05805835500359535
1,2935,0.05805758014321327
1,2936,0.058057066053152084
1,2937,0.058056432753801346
1,2938,0.05805584788322449
1,2939,0.0580553263425827
1,2940,0.058054570108652115
1,2941,0.05805394425988197
1,2942,0.05805354565382004
1,2943,0.05805295333266258
1,2944,0.05805223062634468
1,2945,0.058051735162734985
1,2946,0.058051154017448425
1,2947,0.05805017054080963
1,2948,0.05804955214262009
1,2949,0.0580490380525589
1,2950,0.05804847925901413
1,2951,0.05804824084043503
1,2952,0.05804765596985817
1,2953,0.058047037571668625
1,2954,0.05804629251360893
1,2955,0.058045800775289536
1,2956,0.05804533138871193
1,2957,0.0580444410443306
1,2958,0.058044031262397766
1,2959,0.05804365500807762
1,2960,0.05804300308227539
1,2961,0.05804233253002167
1,2962,0.058041661977767944
1,2963,0.05804126337170601
1,2964,0.05804062634706497
1,2965,0.05804033204913139
1,2966,0.058039817959070206
1,2967,0.058039240539073944
1,2968,0.058038752526044846
1,2969,0.058038149029016495
1,2970,0.05803779885172844
1,2971,0.05803725868463516
1,2972,0.05803654342889786
1,2973,0.05803622677922249
1,2974,0.058035630732774734
1,2975,0.05803500860929489
1,2976,0.05803452432155609
1,2977,0.0580337755382061
1,2978,0.05803310498595238
1,2979,0.0580325573682785
1,2980,0.05803189054131508
1,2981,0.05803125351667404
1,2982,0.058030612766742706
1,2983,0.05803000554442406
1,2984,0.05802924558520317
1,2985,0.058028776198625565
1,2986,0.05802822485566139
1,2987,0.05802761763334274
1,2988,0.05802717059850693
1,2989,0.05802685394883156
1,2990,0.058026354759931564
1,2991,0.058025769889354706
1,2992,0.0580250509083271
1,2993,0.058024827390909195
1,2994,0.05802426487207413
1,2995,0.05802353098988533
1,2996,0.05802319943904877
1,2997,0.058022622019052505
1,2998,0.05802231281995773
1,2999,0.05802195146679878
1,3000,0.058021429926157
2,1,0.10244603455066681
2,2,0.10241499543190002
2,3,0.10238594561815262
2,4,0.10233718156814575
2,5,0.10230756551027298
2,6,0.10227032005786896
2,7,0.10224245488643646
2,8,0.10220736265182495
2,9,0.10217253118753433
2,10,0.10214131325483322
2,11,0.10210777819156647
2,12,0.1020747572183609
2,13,0.10204318910837173
2,14,0.10200885683298111
2,15,0.10197576880455017
2,16,0.1019439771771431
2,17,0.10190973430871964
2,18,0.10187551379203796
2,19,0.10184265673160553
2,20,0.10180941969156265
2,21,0.10177740454673767
2,22,0.10174333304166794
2,23,0.10170955955982208
2,24,0.10167625546455383
2,25,0.10164390504360199
2,26,0.10161109268665314
2,27,0.10157757997512817
2,28,0.10154488682746887
2,29,0.10151159018278122
2,30,0.10147832334041595
2,31,0.10144535452127457
2,32,0.10141277313232422
2,33,0.10137905180454254
2,34,0.10134509950876236
2,35,0.10131228715181351
2,36,0.10127943009138107
2,37,0.1012464240193367
2,38,0.10121304541826248
2,39,0.10118073225021362
2,40,0.10114866495132446
2,41,0.10111570358276367
2,42,0.10108228772878647
2,43,0.10104960948228836
2,44,0.10101768374443054
2,45,0.10098594427108765
2,46,0.1009528785943985
2,47,0.10092073678970337
2,48,0.10088855773210526
2,49,0.10085667669773102
2,50,0.10082516819238663
2,51,0.10079362988471985
2,52,0.10076142847537994
2,53,0.10072939842939377
2,54,0.10069845616817474
2,55,0.10066720843315125
2,56,0.10063546895980835
2,57,0.1006031185388565
2,58,0.10057159513235092
2,59,0.10054051131010056
2,60,0.1005094051361084
2,61,0.10047785192728043
2,62,0.10044676065444946
2,63,0.10041574388742447
2,64,0.1003849059343338
2,65,0.10035409778356552
2,66,0.1003234013915062
2,67,0.10029227286577225
2,68,0.10026148706674576
2,69,0.1002313643693924
2,70,0.10020044445991516
2,71,0.10016965866088867
2,72,0.10014034807682037
2,73,0.100108802318573
2,74,0.10007838904857635
2,75,0.10004940629005432
2,76,0.10001944750547409
2,77,0.09998926520347595
2,78,0.09996013343334198
2,79,0.09993082284927368
2,80,0.0999007299542427
2,81,0.09987055510282516
2,82,0.09984194487333298
2,83,0.09981254488229752
2,84,0.09978257864713669
2,85,0.09975304454565048
2,86,0.0997239500284195
2,87,0.09969524294137955
2,88,0.09966620057821274
2,89,0.09963754564523697
2,90,0.09960875660181046
2,91,0.09957942366600037
2,92,0.09955024719238281
2,93,0.09952195733785629
2,94,0.09949373453855515
2,95,0.09946434944868088
2,96,0.09943675249814987
2,97,0.09940887242555618
2,98,0.09938041120767593
2,99,0.09935251623392105
2,100,0.09932421892881393
2,101,0.09929662197828293
2,102,0.0992688238620758
2,103,0.0992409884929657
2,104,0.099214106798172
2,105,0.09918626397848129
2,106,0.0991588607430458
2,107,0.09913128614425659
2,108,0.09910367429256439
2,109,0.09907630831003189
2,110,0.09904913604259491
2,111,0.09902095049619675
2,112,0.09899312257766724
2,113,0.09896622598171234
2,114,0.09893940389156342
2,115,0.09891145676374435
2,116,0.09888395667076111
2,117,0.0988573506474495
2,118,0.09883023798465729
2,119,0.09880375117063522
2,120,0.09877657145261765
2,121,0.09874977916479111
2,122,0.09872302412986755
2,123,0.09869679808616638
2,124,0.09866977483034134
2,125,0.0986425057053566
2,126,0.09861592203378677
2,127,0.09858950972557068
2,128,0.09856270253658295
2,129,0.09853608161211014
2,130,0.0985104963183403
2,131,0.09848460555076599
2,132,0.09845772385597229
2,133,0.09843192249536514
2,134,0.09840583056211472
2,135,0.09837965667247772
2,136,0.09835386276245117
2,137,0.09832794219255447
2,138,0.09830159693956375
2,139,0.09827600419521332
2,140,0.0982508659362793
2,141,0.0982246994972229
2,142,0.09819811582565308
2,143,0.09817275404930115
2,144,0.09814763069152832
2,145,0.09812229126691818
2,146,0.09809661656618118
2,147,0.09807096421718597
2,148,0.09804600477218628
2,149,0.09802078455686569
2,150,0.0979950949549675
2,151,0.09797020256519318
2,152,0.09794535487890244
2,153,0.0979207381606102
2,154,0.09789624065160751
2,155,0.09787196666002274
2,156,0.09784693270921707
2,157,0.09782212227582932
2,158,0.09779728204011917
2,159,0.09777345508337021
2,160,0.09774935990571976
2,161,0.0977235659956932
2,162,0.09769976884126663
2,163,0.0976758524775505
2,164,0.09765181690454483
2,165,0.09762658178806305
2,166,0.09760201722383499
2,167,0.09757811576128006
2,168,0.09755397588014603
2,169,0.09752899408340454
2,170,0.09750460088253021
2,171,0.09748062491416931
2,172,0.09745613485574722
2,173,0.0974317416548729
2,174,0.09740810096263885
2,175,0.0973840057849884
2,176,0.09736009687185287
2,177,0.09733600169420242
2,178,0.09731213003396988
2,179,0.09728779643774033
2,180,0.09726337343454361
2,181,0.09723929315805435
2,182,0.0972152128815651
2,183,0.09719115495681763
2,184,0.09716766327619553
2,185,0.09714363515377045
2,186,0.09711986035108566
2,187,0.09709609299898148
2,188,0.09707239270210266
2,189,0.09704924374818802
2,190,0.09702611714601517
2,191,0.09700250625610352
2,192,0.09697938710451126
2,193,0.09695614874362946
2,194,0.0969332754611969
2,195,0.09691037982702255
2,196,0.0968879759311676
2,197,0.09686470031738281
2,198,0.09684068709611893
2,199,0.09681779146194458
2,200,0.09679616987705231
2,201,0.09677332639694214
2,202,0.09675034880638123
2,203,0.09672650694847107
2,204,0.09670443832874298
2,205,0.09668168425559998
2,206,0.09665895253419876
2,207,0.096636563539505
2,208,0.0966138243675232
2,209,0.09659120440483093
2,210,0.09656810760498047
2,211,0.09654555469751358
2,212,0.09652315080165863
2,213,0.09650073945522308
2,214,0.09647803753614426
2,215,0.09645601361989975
2,216,0.09643374383449554
2,217,0.09641164541244507
2,218,0.09638990461826324
2,219,0.09636807441711426
2,220,0.09634631872177124
2,221,0.09632496535778046
2,222,0.0963030457496643
2,223,0.09628055989742279
2,224,0.09625935554504395
2,225,0.09623927623033524
2,226,0.09621673077344894
2,227,0.09619507193565369
2,228,0.09617345780134201
2,229,0.09615236520767212
2,230,0.09613111615180969
2,231,0.09610924869775772
2,232,0.09608835726976395
2,233,0.09606698900461197
2,234,0.0960458368062973
2,235,0.09602505713701248
2,236,0.09600399434566498
2,237,0.09598260372877121
2,238,0.09596148878335953
2,239,0.09594077616930008
2,240,0.09591975808143616
2,241,0.09589973837137222
2,242,0.0958782210946083
2,243,0.09585777670145035
2,244,0.09583694487810135
2,245,0.09581638127565384
2,246,0.09579572081565857
2,247,0.09577498584985733
2,248,0.09575482457876205
2,249,0.09573426097631454
2,250,0.09571380168199539
2,251,0.09569388628005981
2,252,0.09567403048276901
2,253,0.09565310925245285
2,254,0.09563304483890533
2,255,0.09561372548341751
2,256,0.0955931767821312
2,257,0.09557262808084488
2,258,0.09555249661207199
2,259,0.09553264081478119
2,260,0.09551286697387695
2,261,0.09549364447593689
2,262,0.09547318518161774
2,263,0.09545307606458664
2,264,0.09543371200561523
2,265,0.09541406482458115
2,266,0.09539443254470825
2,267,0.09537509083747864
2,268,0.09535602480173111
2,269,0.09533653408288956
2,270,0.09531658887863159
2,271,0.0952972024679184
2,272,0.09527797996997833
2,273,0.0952591598033905
2,274,0.09523893892765045
2,275,0.09521929174661636
2,276,0.09519964456558228
2,277,0.09518042951822281
2,278,0.09516096860170364
2,279,0.09514077752828598
2,280,0.0951215922832489
2,281,0.09510207921266556
2,282,0.09508205205202103
2,283,0.09506188333034515
2,284,0.0950438603758812
2,285,0.09502454102039337
2,286,0.09500519186258316
2,287,0.0949857085943222
2,288,0.09496553987264633
2,289,0.09494621306657791
2,290,0.09492620080709457
2,291,0.09490461647510529
2,292,0.0948859229683876
2,293,0.0948675349354744
2,294,0.09484893083572388
2,295,0.09482938051223755
2,296,0.09481120854616165
2,297,0.09479299932718277
2,298,0.0947742834687233
2,299,0.09475510567426682
2,300,0.09473724663257599
2,301,0.09471950680017471
2,302,0.09470068663358688
2,303,0.09468236565589905
2,304,0.09466391056776047
2,305,0.09464562684297562
2,306,0.09462601691484451
2,307,0.09460673481225967
2,308,0.09458775818347931
2,309,0.09456796199083328
2,310,0.09454801678657532
2,311,0.09452971071004868
2,312,0.09450960904359818
2,313,0.0944904312491417
2,314,0.09447186440229416
2,315,0.09445317834615707
2,316,0.0944344699382782
2,317,0.09441611170768738
2,318,0.09439686685800552
2,319,0.09437884390354156
2,320,0.09436047822237015
2,321,0.09434271603822708
2,322,0.09432405978441238
2,323,0.09430597722530365
2,324,0.09428855776786804
2,325,0.09427040815353394
2,326,0.09425166249275208
2,327,0.09423412382602692
2,328,0.09421564638614655
2,329,0.0941958948969841
2,330,0.09417720884084702
2,331,0.09415736794471741
2,332,0.09413804858922958
2,333,0.09411913901567459
2,334,0.09410163760185242
2,335,0.09408463537693024
2,336,0.0940682590007782
2,337,0.0940520167350769
2,338,0.09403534233570099
2,339,0.09401955455541611
2,340,0.09400325268507004
2,341,0.0939866378903389
2,342,0.093970388174057
2,343,0.09395415335893631
2,344,0.0939384326338768
2,345,0.09392169862985611
2,346,0.09390633553266525
2,347,0.09389057755470276
2,348,0.0938735380768776
2,349,0.09385767579078674
2,350,0.09384246915578842
2,351,0.0938262939453125
2,352,0.09381034970283508
2,353,0.09379427880048752
2,354,0.09377925843000412
2,355,0.09376266598701477
2,356,0.09374722838401794
2,357,0.0937315970659256
2,358,0.09371590614318848
2,359,0.09370030462741852
2,360,0.09368548542261124
2,361,0.09366970509290695
2,362,0.09365472197532654
2,363,0.09363905340433121
2,364,0.09362417459487915
2,365,0.09360888600349426
2,366,0.09359310567378998
2,367,0.09357816725969315
2,368,0.09356263279914856
2,369,0.0935475155711174
2,370,0.0935322642326355
2,371,0.093517005443573
2,372,0.0935019925236702
2,373,0.0934874415397644
2,374,0.09347232431173325
2,375,0.09345798939466476
2,376,0.09344319999217987
2,377,0.09342831373214722
2,378,0.09341350942850113
2,379,0.09339868277311325
2,380,0.09338364750146866
2,381,0.09336934238672256
2,382,0.09335418790578842
2,383,0.093340665102005
2,384,0.09332560747861862
2,385,0.09331095963716507
2,386,0.0932978019118309
2,387,0.09328346699476242
2,388,0.09326833486557007
2,389,0.09325374662876129
2,390,0.09323998540639877
2,391,0.09322690963745117
2,392,0.09321176260709763
2,393,0.09319616109132767
2,394,0.09318332374095917
2,395,0.09316981583833694
2,396,0.09315547347068787
2,397,0.09314151108264923
2,398,0.093126580119133
2,399,0.09311327338218689
2,400,0.0930994525551796
2,401,0.09308531880378723
2,402,0.09307149797677994
2,403,0.09305840730667114
2,404,0.0930451974272728
2,405,0.09303051233291626
2,406,0.09301584959030151
2,407,0.09300318360328674
2,408,0.09299026429653168
2,409,0.09297564625740051
2,410,0.09296080470085144
2,411,0.09294772893190384
2,412,0.09293447434902191
2,413,0.09292057901620865
2,414,0.09290660172700882
2,415,0.09289326518774033
2,416,0.09287988394498825
2,417,0.0928662121295929
2,418,0.09285321086645126
2,419,0.09284047037363052
2,420,0.09282642602920532
2,421,0.09281297028064728
2,422,0.0928003266453743
2,423,0.09278767555952072
2,424,0.0927736908197403
2,425,0.09276105463504791
2,426,0.09274810552597046
2,427,0.09273448586463928
2,428,0.09272178262472153
2,429,0.09270941466093063
2,430,0.09269657731056213
2,431,0.09268397837877274
2,432,0.09267163276672363
2,433,0.09265867620706558
2,434,0.09264511615037918
2,435,0.09263230860233307
2,436,0.09262002259492874
2,437,0.09260691702365875
2,438,0.09259455651044846
2,439,0.09258279204368591
2,440,0.09257043898105621
2,441,0.09255723655223846
2,442,0.09254556149244308
2,443,0.09253295511007309
2,444,0.09252005070447922
2,445,0.09250850975513458
2,446,0.09249582886695862
2,447,0.09248295426368713
2,448,0.09247142821550369
2,449,0.09245844185352325
2,450,0.09244675189256668
2,451,0.0924346074461937
2,452,0.09242255240678787
2,453,0.09240969270467758
2,454,0.09239811450242996
2,455,0.09238570183515549
2,456,0.09237337857484818
2,457,0.09236153215169907
2,458,0.09234941750764847
2,459,0.09233692288398743
2,460,0.09232452511787415
2,461,0.09231318533420563
2,462,0.0923013761639595
2,463,0.09228876978158951
2,464,0.09227776527404785
2,465,0.0922665074467659
2,466,0.09225417673587799
2,467,0.09224271774291992
2,468,0.09223133325576782
2,469,0.09221965074539185
2,470,0.09220746904611588
2,471,0.09219484031200409
2,472,0.09218193590641022
2,473,0.09217017889022827
2,474,0.09215670824050903
2,475,0.09214256703853607
2,476,0.09212884306907654
2,477,0.09211626648902893
2,478,0.09210353344678879
2,479,0.09209081530570984
2,480,0.09207774698734283
2,481,0.0920652449131012
2,482,0.09205300360918045
2,483,0.09203977882862091
2,484,0.09202998131513596
2,485,0.09202048182487488
2,486,0.09201028943061829
2,487,0.09200014173984528
2,488,0.09198902547359467
2,489,0.09197691082954407
2,490,0.09196443855762482
2,491,0.09195256978273392
2,492,0.09194054454565048
2,493,0.09193070977926254
2,494,0.0919199287891388
2,495,0.09190797060728073
2,496,0.09189710021018982
2,497,0.09188611060380936
2,498,0.09187472611665726
2,499,0.09186287969350815
2,500,0.09185222536325455
2,501,0.0918409675359726
2,502,0.09182976931333542
2,503,0.09181736409664154
2,504,0.09180676192045212
2,505,0.09179672598838806
2,506,0.0917854979634285
2,507,0.09177481383085251
2,508,0.09176290780305862
2,509,0.09175147116184235
2,510,0.09174084663391113
2,511,0.09172891825437546
2,512,0.09171827882528305
2,513,0.09170807152986526
2,514,0.09169670939445496
2,515,0.09168542921543121
2,516,0.0916750356554985
2,517,0.09166368097066879
2,518,0.0916525349020958
2,519,0.0916416272521019
2,520,0.09163092076778412
2,521,0.0916203036904335
2,522,0.09160970896482468
2,523,0.09159893542528152
2,524,0.09158839285373688
2,525,0.09157790243625641
2,526,0.09156713634729385
2,527,0.09155713766813278
2,528,0.09154647588729858
2,529,0.09153595566749573
2,530,0.09152509272098541
2,531,0.09151404350996017
2,532,0.0915042906999588
2,533,0.0914934054017067
2,534,0.09148282557725906
2,535,0.09147290885448456
2,536,0.09146222472190857
2,537,0.09145177155733109
2,538,0.09144113957881927
2,539,0.09143095463514328
2,540,0.09141946583986282
2,541,0.091408871114254
2,542,0.09139852970838547
2,543,0.0913878083229065
2,544,0.09137792885303497
2,545,0.09136880934238434
2,546,0.09135757386684418
2,547,0.09134712815284729
2,548,0.09133734554052353
2,549,0.09132867306470871
2,550,0.09131788462400436
2,551,0.09130746126174927
2,552,0.09129711240530014
2,553,0.09128664433956146
2,554,0.09127578884363174
2,555,0.09126653522253036
2,556,0.0912577211856842
2,557,0.0912470668554306
2,558,0.09123615175485611
2,559,0.0912255346775055
2,560,0.09121550619602203
2,561,0.09120665490627289
2,562,0.09119691699743271
2,563,0.09118656069040298
2,564,0.09117701649665833
2,565,0.09116711467504501
2,566,0.09115726500749588
2,567,0.0911475121974945
2,568,0.0911383181810379
2,569,0.09112843871116638
2,570,0.09111780673265457
2,571,0.09110809117555618
2,572,0.09109903126955032
2,573,0.0910893902182579
2,574,0.09107986092567444
2,575,0.09107062220573425
2,576,0.09106048196554184
2,577,0.09105051308870316
2,578,0.09104147553443909
2,579,0.091032013297081
2,580,0.09102340787649155
2,581,0.0910133495926857
2,582,0.09100347757339478
2,583,0.09099460393190384
2,584,0.09098455309867859
2,585,0.0909760370850563
2,586,0.09096641838550568
2,587,0.09095699340105057
2,588,0.09094782173633575
2,589,0.09093806147575378
2,590,0.09092796593904495
2,591,0.0909193828701973
2,592,0.09091056883335114
2,593,0.0909004732966423
2,594,0.09089131653308868
2,595,0.0908820703625679
2,596,0.09087346494197845
2,597,0.09086431562900543
2,598,0.09085463732481003
2,599,0.09084555506706238
2,600,0.09083590656518936
2,601,0.09082655608654022
2,602,0.0908171683549881
2,603,0.09080823510885239
2,604,0.0907994881272316
2,605,0.09079022705554962
2,606,0.0907806009054184
2,607,0.09077201038599014
2,608,0.09076321870088577
2,609,0.09075454622507095
2,610,0.09074525535106659
2,611,0.09073591232299805
2,612,0.0907273218035698
2,613,0.09071775525808334
2,614,0.09070839732885361
2,615,0.09069976210594177
2,616,0.09069128334522247
2,617,0.09068172425031662
2,618,0.09067326039075851
2,619,0.09066445380449295
2,620,0.0906556099653244
2,621,0.09064771234989166
2,622,0.09063922613859177
2,623,0.09063020348548889
2,624,0.09062143415212631
2,625,0.09061140567064285
2,626,0.09060350060462952
2,627,0.09059470891952515
2,628,0.09058482199907303
2,629,0.09057637304067612
2,630,0.09056730568408966
2,631,0.09055984765291214
2,632,0.09055060893297195
2,633,0.090541772544384
2,634,0.0905333161354065
2,635,0.09052514284849167
2,636,0.09051571041345596
2,637,0.09050768613815308
2,638,0.09049816429615021
2,639,0.09048889577388763
2,640,0.09047960489988327
2,641,0.09047120064496994
2,642,0.09046197682619095
2,643,0.09045333415269852
2,644,0.09044421464204788
2,645,0.09043578803539276
2,646,0.09042762964963913
2,647,0.09041851758956909
2,648,0.09040836989879608
2,649,0.09039977937936783
2,650,0.0903908833861351
2,651,0.09038129448890686
2,652,0.09037233144044876
2,653,0.09036411345005035
2,654,0.09035490453243256
2,655,0.09034604579210281
2,656,0.0903368592262268
2,657,0.0903276801109314
2,658,0.09031789749860764
2,659,0.09030885994434357
2,660,0.0902990847826004
2,661,0.09029041975736618
2,662,0.09028120338916779
2,663,0.09027162939310074
2,664,0.09026212245225906
2,665,0.09025336802005768
2,666,0.09024380147457123
2,667,0.09023547917604446
2,668,0.09022699296474457
2,669,0.09021809697151184
2,670,0.09020837396383286
2,671,0.09019813686609268
2,672,0.09018892794847488
2,673,0.09017790853977203
2,674,0.09016609191894531
2,675,0.090155228972435
2,676,0.09014463424682617
2,677,0.09013117849826813
2,678,0.09011901915073395
2,679,0.0901055783033371
2,680,0.09008774906396866
2,681,0.0900665894150734
2,682,0.09004554897546768
2,683,0.09002365171909332
2,684,0.09000382572412491
2,685,0.08998917788267136
2,686,0.08998437970876694
2,687,0.08998209983110428
2,688,0.08997651934623718
2,689,0.08997014164924622
2,690,0.0899617075920105
2,691,0.08995022624731064
2,692,0.08993915468454361
2,693,0.08992624282836914
2,694,0.08991210907697678
2,695,0.08990168571472168
2,696,0.08988922834396362
2,697,0.0898800864815712
2,698,0.08987359702587128
2,699,0.08986745029687881
2,700,0.0898590013384819
2,701,0.08984922617673874
2,702,0.08983724564313889
2,703,0.0898272916674614
2,704,0.08981737494468689
2,705,0.08980946242809296
2,706,0.0898018330335617
2,707,0.08979368954896927
2,708,0.08978437632322311
2,709,0.08977627754211426
2,710,0.08976634591817856
2,711,0.08975854516029358
2,712,0.089749775826931
2,713,0.08973933756351471
2,714,0.08973239362239838
2,715,0.0897245928645134
2,716,0.08971477299928665
2,717,0.08970699459314346
2,718,0.08969880640506744
2,719,0.08968904614448547
2,720,0.08968133479356766
2,721,0.08967167139053345
2,722,0.08966396749019623
2,723,0.0896557867527008
2,724,0.08964633196592331
2,725,0.08963917195796967
2,726,0.08963121473789215
2,727,0.08962173759937286
2,728,0.08961367607116699
2,729,0.08960608392953873
2,730,0.089596226811409
2,731,0.08958835154771805
2,732,0.08958062529563904
2,733,0.08957041054964066
2,734,0.08956328779459
2,735,0.08955560624599457
2,736,0.08954769372940063
2,737,0.08953815698623657
2,738,0.08953046798706055
2,739,0.08952247351408005
2,740,0.08951347321271896
2,741,0.08950529992580414
2,742,0.08949694782495499
2,743,0.08948913216590881
2,744,0.08948159217834473
2,745,0.08947321772575378
2,746,0.08946504443883896
2,747,0.08945643156766891
2,748,0.08944918215274811
2,749,0.08943998068571091
2,750,0.08943206816911697
2,751,0.08942344784736633
2,752,0.08941569179296494
2,753,0.08940771967172623
2,754,0.08939892053604126
2,755,0.08939142525196075
2,756,0.08938353508710861
2,757,0.08937525749206543
2,758,0.08936789631843567
2,759,0.08935923874378204
2,760,0.08935180306434631
2,761,0.08934374153614044
2,762,0.08933528512716293
2,763,0.08932754397392273
2,764,0.08931984752416611
2,765,0.08931200951337814
2,766,0.08930297940969467
2,767,0.08929462730884552
2,768,0.08928774297237396
2,769,0.08927980810403824
2,770,0.08927129954099655
2,771,0.08926335722208023
2,772,0.08925644308328629
2,773,0.08924815058708191
2,774,0.08923954516649246
2,775,0.08923155069351196
2,776,0.08922386169433594
2,777,0.08921541273593903
2,778,0.08920761942863464
2,779,0.08919965475797653
2,780,0.0891914889216423
2,781,0.0891839861869812
2,782,0.08917536586523056
2,783,0.08916765451431274
2,784,0.0891602486371994
2,785,0.08915261179208755
2,786,0.0891447588801384
2,787,0.08913659304380417
2,788,0.08912982046604156
2,789,0.08912164717912674
2,790,0.08911305665969849
2,791,0.08910559117794037
2,792,0.0890985056757927
2,793,0.08909041434526443
2,794,0.08908211439847946
2,795,0.08907461911439896
2,796,0.08906678855419159
2,797,0.08905915170907974
2,798,0.08905167132616043
2,799,0.08904369920492172
2,800,0.08903661370277405
2,801,0.08902832120656967
2,802,0.08902035653591156
2,803,0.08901303261518478
2,804,0.08900443464517593
2,805,0.0889962762594223
2,806,0.08898892253637314
2,807,0.08898229897022247
2,808,0.08897429704666138
2,809,0.08896589279174805
2,810,0.08895886689424515
2,811,0.08895064145326614
2,812,0.08894337713718414
2,813,0.08893618732690811
2,814,0.08892766386270523
2,815,0.08891989290714264
2,816,0.08891407400369644
2,817,0.08890646696090698
2,818,0.08889669179916382
2,819,0.08888956159353256
2,820,0.08888250589370728
2,821,0.08887458592653275
2,822,0.08886681497097015
2,823,0.08885933458805084
2,824,0.08885132521390915
2,825,0.08884380757808685
2,826,0.08883599936962128
2,827,0.08882889151573181
2,828,0.08882147818803787
2,829,0.08881362527608871
2,830,0.08880497515201569
2,831,0.08879856020212173
2,832,0.088790163397789
2,833,0.0887831524014473
2,834,0.08877566456794739
2,835,0.08876794576644897
2,836,0.08876081556081772
2,837,0.08875265717506409
2,838,0.08874516934156418
2,839,0.08873824775218964
2,840,0.08873049169778824
2,841,0.08872238546609879
2,842,0.0887148454785347
2,843,0.08870705962181091
2,844,0.08870035409927368
2,845,0.08869222551584244
2,846,0.08868465572595596
2,847,0.08867711573839188
2,848,0.08866990357637405
2,849,0.08866199105978012
2,850,0.08865532279014587
2,851,0.08864767104387283
2,852,0.08864026516675949
2,853,0.08863304555416107
2,854,0.08862461149692535
2,855,0.0886182114481926
2,856,0.08861079066991806
2,857,0.08860384672880173
2,858,0.08859638124704361
2,859,0.08858796954154968
2,860,0.08858036994934082
2,861,0.08857379853725433
2,862,0.0885661318898201
2,863,0.0885583683848381
2,864,0.0885520875453949
2,865,0.08854395896196365
2,866,0.08853659778833389
2,867,0.08852958679199219
2,868,0.08852184563875198
2,869,0.08851483464241028
2,870,0.08850793540477753
2,871,0.08849896490573883
2,872,0.08849341422319412
2,873,0.0884852409362793
2,874,0.08847760409116745
2,875,0.08847121894359589
2,876,0.08846250921487808
2,877,0.088455431163311
2,878,0.08844739198684692
2,879,0.08844155073165894
2,880,0.08843478560447693
2,881,0.08842544257640839
2,882,0.08841923624277115
2,883,0.08841215819120407
2,884,0.0884040892124176
2,885,0.08839678764343262
2,886,0.08838934451341629
2,887,0.08838237076997757
2,888,0.08837488293647766
2,889,0.08836763352155685
2,890,0.08835970610380173
2,891,0.08835158497095108
2,892,0.0883449837565422
2,893,0.08833619207143784
2,894,0.08833006024360657
2,895,0.08832086622714996
2,896,0.08831439912319183
2,897,0.08830662816762924
2,898,0.08829831331968307
2,899,0.08829226344823837
2,900,0.0882844477891922
2,901,0.0882783755660057
2,902,0.08826910704374313
2,903,0.088261179625988
2,904,0.08825358748435974
2,905,0.08824530243873596
2,906,0.08823951333761215
2,907,0.08822978287935257
2,908,0.08822275698184967
2,909,0.08821623772382736
2,910,0.08820738643407822
2,911,0.08820123225450516
2,912,0.08819279074668884
2,913,0.08818448334932327
2,914,0.08817707002162933
2,915,0.08816952258348465
2,916,0.08816274255514145
2,917,0.08815592527389526
2,918,0.08814624696969986
2,919,0.08813866972923279
2,920,0.08813292533159256
2,921,0.08812397718429565
2,922,0.08811608701944351
2,923,0.08810997009277344
2,924,0.08810018748044968
2,925,0.08809119462966919
2,926,0.08808527886867523
2,927,0.08807729184627533
2,928,0.08806711435317993
2,929,0.0880594328045845
2,930,0.08805377036333084
2,931,0.08804484456777573
2,932,0.088035449385643
2,933,0.0880293995141983
2,934,0.08802212029695511
2,935,0.0880127027630806
2,936,0.08800414204597473
2,937,0.08799657225608826
2,938,0.08798922598361969
2,939,0.08798035979270935
2,940,0.08797188103199005
2,941,0.08796575665473938
2,942,0.08795827627182007
2,943,0.08794932812452316
2,944,0.08794204145669937
2,945,0.08793369680643082
2,946,0.08792643249034882
2,947,0.08791934698820114
2,948,0.08791209012269974
2,949,0.08790408819913864
2,950,0.08789606392383575
2,951,0.0878884494304657
2,952,0.08788027614355087
2,953,0.0878724530339241
2,954,0.08786504715681076
2,955,0.08785754442214966
2,956,0.08784965425729752
2,957,0.08784278482198715
2,958,0.08783583343029022
2,959,0.08782777935266495
2,960,0.08781978487968445
2,961,0.08781309425830841
2,962,0.08780581504106522
2,963,0.08779677003622055
2,964,0.08779031038284302
2,965,0.08778228610754013
2,966,0.08777495473623276
2,967,0.08776689320802689
2,968,0.08775852620601654
2,969,0.0877513438463211
2,970,0.0877443179488182
2,971,0.08773666620254517
2,972,0.08772829920053482
2,973,0.0877213403582573
2,974,0.08771400898694992
2,975,0.08770620077848434
2,976,0.08769846707582474
2,977,0.08769199252128601
2,978,0.08768415451049805
2,979,0.08767607808113098
2,980,0.08766912668943405
2,981,0.08766145259141922
2,982,0.0876530185341835
2,983,0.0876455008983612
2,984,0.08763900399208069
2,985,0.087630495429039
2,986,0.08762259781360626
2,987,0.08761487156152725
2,988,0.08760832995176315
2,989,0.08760153502225876
2,990,0.08759263902902603
2,991,0.08758419007062912
2,992,0.08757756650447845
2,993,0.08757079392671585
2,994,0.08756374567747116
2,995,0.0875544548034668
2,996,0.0875471904873848
2,997,0.08753978461027145
2,998,0.08753200620412827
2,999,0.08752518147230148
2,1000,0.08751675486564636
2,1001,0.0875081941485405
2,1002,0.0874997228384018
2,1003,0.08749347925186157
2,1004,0.08748669922351837
2,1005,0.08747827261686325
2,1006,0.08747042715549469
2,1007,0.08746300637722015
2,1008,0.08745454996824265
2,1009,0.08744816482067108
2,1010,0.08743996173143387
2,1011,0.08743184804916382
2,1012,0.08742454648017883
2,1013,0.08741673827171326
2,1014,0.0874088779091835
2,1015,0.08740180730819702
2,1016,0.08739298582077026
2,1017,0.08738528937101364
2,1018,0.0873781219124794
2,1019,0.0873703584074974
2,1020,0.08736158907413483
2,1021,0.08735380321741104
2,1022,0.0873461440205574
2,1023,0.08733941614627838
2,1024,0.0873309001326561
2,1025,0.08732324838638306
2,1026,0.08731484413146973
2,1027,0.08730772882699966
2,1028,0.08729952573776245
2,1029,0.08729224652051926
2,1030,0.08728417754173279
2,1031,0.0872766301035881
2,1032,0.0872681587934494
2,1033,0.08726096153259277
2,1034,0.08725276589393616
2,1035,0.08724518865346909
2,1036,0.08723776787519455
2,1037,0.08722972869873047
2,1038,0.08722133189439774
2,1039,0.08721312880516052
2,1040,0.08720619231462479
2,1041,0.08719802647829056
2,1042,0.08718999475240707
2,1043,0.08718285709619522
2,1044,0.08717624098062515
2,1045,0.08716760575771332
2,1046,0.08715827018022537
2,1047,0.0871536135673523
2,1048,0.08714750409126282
2,1049,0.08713715523481369
2,1050,0.08712934702634811
2,1051,0.08712278306484222
2,1052,0.08711453527212143
2,1053,0.08710680156946182
2,1054,0.08709876984357834
2,1055,0.08709100633859634
2,1056,0.08708305656909943
2,1057,0.08707591146230698
2,1058,0.08706840127706528
2,1059,0.08705969899892807
2,1060,0.08705274015665054
2,1061,0.08704623579978943
2,1062,0.0870387926697731
2,1063,0.0870300680398941
2,1064,0.08702229708433151
2,1065,0.08701585233211517
2,1066,0.08700686693191528
2,1067,0.08699920773506165
2,1068,0.08699184656143188
2,1069,0.08698383718729019
2,1070,0.08697611838579178
2,1071,0.08696898072957993
2,1072,0.08695980906486511
2,1073,0.086951345205307
2,1074,0.08694569021463394
2,1075,0.08693759888410568
2,1076,0.08693109452724457
2,1077,0.08692249655723572
2,1078,0.08691460639238358
2,1079,0.08690549433231354
2,1080,0.08689860254526138
2,1081,0.08689216524362564
2,1082,0.08688384294509888
2,1083,0.08687540888786316
2,1084,0.08686694502830505
2,1085,0.08686041086912155
2,1086,0.08685256540775299
2,1087,0.08684361726045609
2,1088,0.08683665841817856
2,1089,0.08682883530855179
2,1090,0.08682072907686234
2,1091,0.08681351691484451
2,1092,0.08680548518896103
2,1093,0.08679743111133575
2,1094,0.08678989112377167
2,1095,0.08678203821182251
2,1096,0.08677378296852112
2,1097,0.08676735311746597
2,1098,0.08675993978977203
2,1099,0.08675181120634079
2,1100,0.08674310147762299
2,1101,0.0867357924580574
2,1102,0.08672827482223511
2,1103,0.08672039955854416
2,1104,0.08671196550130844
2,1105,0.08670468628406525
2,1106,0.08669782429933548
2,1107,0.08668845891952515
2,1108,0.0866817981004715
2,1109,0.08667436987161636
2,1110,0.08666589856147766
2,1111,0.08665960282087326
2,1112,0.08665140718221664
2,1113,0.08664261549711227
2,1114,0.0866362527012825
2,1115,0.08662852644920349
2,1116,0.08661942929029465
2,1117,0.08661047369241714
2,1118,0.08660324662923813
2,1119,0.08659499883651733
2,1120,0.08658742904663086
2,1121,0.0865793377161026
2,1122,0.08657106757164001
2,1123,0.08656368404626846
2,1124,0.08655527979135513
2,1125,0.08654846996068954
2,1126,0.0865405723452568
2,1127,0.08653206378221512
2,1128,0.086524099111557
2,1129,0.08651761710643768
2,1130,0.08651042729616165
2,1131,0.08650094270706177
2,1132,0.08649472892284393
2,1133,0.08648613095283508
2,1134,0.08647829294204712
2,1135,0.08647090941667557
2,1136,0.08646288514137268
2,1137,0.0864563062787056
2,1138,0.08644777536392212
2,1139,0.08643804490566254
2,1140,0.0864320695400238
2,1141,0.08642428368330002
2,1142,0.08641571551561356
2,1143,0.08640866726636887
2,1144,0.08640016615390778
2,1145,0.08639174699783325
2,1146,0.08638443052768707
2,1147,0.0863749161362648
2,1148,0.08637037873268127
2,1149,0.08636320382356644
2,1150,0.08635374903678894
2,1151,0.08634752780199051
2,1152,0.0863393172621727
2,1153,0.08632871508598328
2,1154,0.08632434904575348
2,1155,0.08631725609302521
2,1156,0.0863056555390358
2,1157,0.08629666268825531
2,1158,0.08629140257835388
2,1159,0.08628083020448685
2,1160,0.08627422899007797
2,1161,0.08626759797334671
2,1162,0.08625847846269608
2,1163,0.08625075221061707
2,1164,0.0862436443567276
2,1165,0.08623409271240234
2,1166,0.08622736483812332
2,1167,0.08622048795223236
2,1168,0.08621028810739517
2,1169,0.08620259165763855
2,1170,0.08619524538516998
2,1171,0.08618554472923279
2,1172,0.08617723733186722
2,1173,0.08617033064365387
2,1174,0.08616094291210175
2,1175,0.08615245670080185
2,1176,0.08614472299814224
2,1177,0.08613616973161697
2,1178,0.08612819761037827
2,1179,0.08611992001533508
2,1180,0.08611223101615906
2,1181,0.08610443770885468
2,1182,0.08609617501497269
2,1183,0.08608824014663696
2,1184,0.08607932180166245
2,1185,0.08607324212789536
2,1186,0.08606346696615219
2,1187,0.08605596423149109
2,1188,0.08604713529348373
2,1189,0.0860399380326271
2,1190,0.08603090792894363
2,1191,0.08602174371480942
2,1192,0.08601460605859756
2,1193,0.08600718528032303
2,1194,0.08599769324064255
2,1195,0.08599071949720383
2,1196,0.08598249405622482
2,1197,0.08597465604543686
2,1198,0.08596587926149368
2,1199,0.08595656603574753
2,1200,0.08594904839992523
2,1201,0.08593939989805222
2,1202,0.08593204617500305
2,1203,0.08592557162046432
2,1204,0.08591505140066147
2,1205,0.08590732514858246
2,1206,0.0858994647860527
2,1207,0.08588936924934387
2,1208,0.08588209003210068
2,1209,0.08587431162595749
2,1210,0.0858640968799591
2,1211,0.0858558714389801
2,1212,0.08584810048341751
2,1213,0.08583728224039078
2,1214,0.08582983165979385
2,1215,0.08582153916358948
2,1216,0.08581169694662094
2,1217,0.08580444753170013
2,1218,0.08579473197460175
2,1219,0.08578595519065857
2,1220,0.0857786163687706
2,1221,0.08576866239309311
2,1222,0.0857590064406395
2,1223,0.08575022965669632
2,1224,0.08574261516332626
2,1225,0.0857333093881607
2,1226,0.08572155982255936
2,1227,0.0857144370675087
2,1228,0.08570408821105957
2,1229,0.08569466322660446
2,1230,0.08568663150072098
2,1231,0.0856766328215599
2,1232,0.08566737174987793
2,1233,0.08565737307071686
2,1234,0.08564838021993637
2,1235,0.0856376364827156
2,1236,0.08562911301851273
2,1237,0.08561922609806061
2,1238,0.08560921251773834
2,1239,0.08559779822826385
2,1240,0.08558983355760574
2,1241,0.08557919412851334
2,1242,0.08556903153657913
2,1243,0.08555841445922852
2,1244,0.08554927259683609
2,1245,0.0855378657579422
2,1246,0.08552917838096619
2,1247,0.0855182334780693
2,1248,0.0855075791478157
2,1249,0.0854971706867218
2,1250,0.08548660576343536
2,1251,0.08547698706388474
2,1252,0.08546538650989532
2,1253,0.08545522391796112
2,1254,0.08544450253248215
2,1255,0.08543456345796585
2,1256,0.08542638272047043
2,1257,0.08541620522737503
2,1258,0.08540647476911545
2,1259,0.08539649844169617
2,1260,0.08538788557052612
2,1261,0.0853772833943367
2,1262,0.08536770939826965
2,1263,0.08535841852426529
2,1264,0.08534842729568481
2,1265,0.08533758670091629
2,1266,0.08532743155956268
2,1267,0.08531521260738373
2,1268,0.08530497550964355
2,1269,0.08529451489448547
2,1270,0.08528352528810501
2,1271,0.08527248352766037
2,1272,0.08526196330785751
2,1273,0.08525148034095764
2,1274,0.0852406695485115
2,1275,0.08522887527942657
2,1276,0.08521848917007446
2,1277,0.08520831167697906
2,1278,0.08519691973924637
2,1279,0.08518591523170471
2,1280,0.08517433702945709
2,1281,0.08516354113817215
2,1282,0.08515297621488571
2,1283,0.08514200896024704
2,1284,0.0851299837231636
2,1285,0.08511923253536224
2,1286,0.08510836213827133
2,1287,0.08509672433137894
2,1288,0.0850854441523552
2,1289,0.08507396280765533
2,1290,0.08506263047456741
2,1291,0.08505231887102127
2,1292,0.0850406363606453
2,1293,0.08502959460020065
2,1294,0.08501880615949631
2,1295,0.08500706404447556
2,1296,0.08499472588300705
2,1297,0.08498477190732956
2,1298,0.08497323840856552
2,1299,0.08496090024709702
2,1300,0.08494966477155685
2,1301,0.08493822067975998
2,1302,0.08492644876241684
2,1303,0.08491445332765579
2,1304,0.08490289002656937
2,1305,0.08489097654819489
2,1306,0.08487925678491592
2,1307,0.08486795425415039
2,1308,0.08485592901706696
2,1309,0.0848451629281044
2,1310,0.08483343571424484
2,1311,0.08482136577367783
2,1312,0.08481016010046005
2,1313,0.08479854464530945
2,1314,0.08478779345750809
2,1315,0.08477578312158585
2,1316,0.0847635269165039
2,1317,0.08475247025489807
2,1318,0.08473996818065643
2,1319,0.08472762256860733
2,1320,0.08471588045358658
2,1321,0.08470458537340164
2,1322,0.08469285815954208
2,1323,0.08468237519264221
2,1324,0.08467090874910355
2,1325,0.08465858548879623
2,1326,0.08464588969945908
2,1327,0.08463316410779953
2,1328,0.08462196588516235
2,1329,0.0846092700958252
2,1330,0.0845983624458313
2,1331,0.08458647131919861
2,1332,0.08457471430301666
2,1333,0.08456230908632278
2,1334,0.08455244451761246
2,1335,0.08454002439975739
2,1336,0.08452819287776947
2,1337,0.08451499044895172
2,1338,0.08450551331043243
2,1339,0.0844915583729744
2,1340,0.08448111265897751
2,1341,0.08447085320949554
2,1342,0.08445766568183899
2,1343,0.08444375544786453
2,1344,0.08443409204483032
2,1345,0.08442212641239166
2,1346,0.08440826833248138
2,1347,0.08439537137746811
2,1348,0.08438387513160706
2,1349,0.08436980843544006
2,1350,0.08435734361410141
2,1351,0.08434516191482544
2,1352,0.08433288335800171
2,1353,0.08431921899318695
2,1354,0.08430816233158112
2,1355,0.08429661393165588
2,1356,0.08428307622671127
2,1357,0.08426927775144577
2,1358,0.08425825089216232
2,1359,0.08424609154462814
2,1360,0.0842338427901268
2,1361,0.08422036468982697
2,1362,0.08420872688293457
2,1363,0.084196075797081
2,1364,0.08418317884206772
2,1365,0.08417186886072159
2,1366,0.08416002243757248
2,1367,0.08414674550294876
2,1368,0.08413375169038773
2,1369,0.08412166684865952
2,1370,0.084110327064991
2,1371,0.0840977355837822
2,1372,0.08408474177122116
2,1373,0.08407264202833176
2,1374,0.08406038582324982
2,1375,0.08404720574617386
2,1376,0.08403515815734863
2,1377,0.08402233570814133
2,1378,0.08401072770357132
2,1379,0.08399856835603714
2,1380,0.08398548513650894
2,1381,0.08397258818149567
2,1382,0.08396045118570328
2,1383,0.08394750952720642
2,1384,0.08393511176109314
2,1385,0.08392323553562164
2,1386,0.08391023427248001
2,1387,0.08389762043952942
2,1388,0.08388519287109375
2,1389,0.08387109637260437
2,1390,0.08385920524597168
2,1391,0.08384523540735245
2,1392,0.08383113145828247
2,1393,0.08381576091051102
2,1394,0.0838012546300888
2,1395,0.0837862566113472
2,1396,0.08377142250537872
2,1397,0.08375776559114456
2,1398,0.08374304324388504
2,1399,0.08372804522514343
2,1400,0.08371315896511078
2,1401,0.08369887620210648
2,1402,0.08368346095085144
2,1403,0.08366913348436356
2,1404,0.08365465700626373
2,1405,0.08363963663578033
2,1406,0.08362457156181335
2,1407,0.0836094543337822
2,1408,0.0835948958992958
2,1409,0.083579882979393
2,1410,0.0835636556148529
2,1411,0.08354466408491135
2,1412,0.08352488279342651
2,1413,0.08350425213575363
2,1414,0.08349006623029709
2,1415,0.08347595483064651
2,1416,0.08346156030893326
2,1417,0.08344658464193344
2,1418,0.08343251794576645
2,1419,0.08341817557811737
2,1420,0.08340273797512054
2,1421,0.08338957279920578
2,1422,0.08337540179491043
2,1423,0.08336039632558823
2,1424,0.08334493637084961
2,1425,0.08333226293325424
2,1426,0.08331803977489471
2,1427,0.08330301195383072
2,1428,0.08328843116760254
2,1429,0.08327358216047287
2,1430,0.08325973153114319
2,1431,0.08324559777975082
2,1432,0.08323017507791519
2,1433,0.08321589231491089
2,1434,0.08320065587759018
2,1435,0.08318717032670975
2,1436,0.083173468708992
2,1437,0.08315519243478775
2,1438,0.08313670754432678
2,1439,0.08311862498521805
2,1440,0.08309826999902725
2,1441,0.08307863026857376
2,1442,0.08305782824754715
2,1443,0.08303635567426682
2,1444,0.08301481604576111
2,1445,0.08299297094345093
2,1446,0.08297106623649597
2,1447,0.08294910937547684
2,1448,0.08292608708143234
2,1449,0.08290401846170425
2,1450,0.0828813835978508
2,1451,0.08285114169120789
2,1452,0.08282135426998138
2,1453,0.08278749883174896
2,1454,0.08275426179170609
2,1455,0.08272016793489456
2,1456,0.08268512785434723
2,1457,0.08265053480863571
2,1458,0.0826156809926033
2,1459,0.08257970213890076
2,1460,0.08254729956388474
2,1461,0.08251401782035828
2,1462,0.08248168230056763
2,1463,0.08245169371366501
2,1464,0.08242306858301163
2,1465,0.0823940634727478
2,1466,0.08236808329820633
2,1467,0.082343690097332
2,1468,0.08231814950704575
2,1469,0.08229423314332962
2,1470,0.08226912468671799
2,1471,0.08224401623010635
2,1472,0.08222003281116486
2,1473,0.08219548314809799
2,1474,0.08217096328735352
2,1475,0.0821475014090538
2,1476,0.08212640881538391
2,1477,0.08210553973913193
2,1478,0.0820845291018486
2,1479,0.0820637121796608
2,1480,0.08204209059476852
2,1481,0.08201990276575089
2,1482,0.08199822157621384
2,1483,0.08197683095932007
2,1484,0.08195586502552032
2,1485,0.08193666487932205
2,1486,0.08191874623298645
2,1487,0.08190087974071503
2,1488,0.08188210427761078
2,1489,0.08186233788728714
2,1490,0.08184239268302917
2,1491,0.08182476460933685
2,1492,0.0818067267537117
2,1493,0.08178821951150894
2,1494,0.08177046477794647
2,1495,0.0817522183060646
2,1496,0.08173370361328125
2,1497,0.08171476423740387
2,1498,0.08169589191675186
2,1499,0.08167777210474014
2,1500,0.08165951818227768
2,1501,0.08164049685001373
2,1502,0.08162174373865128
2,1503,0.08160214871168137
2,1504,0.08158369362354279
2,1505,0.08156566321849823
2,1506,0.08154617249965668
2,1507,0.08152735978364944
2,1508,0.08150843530893326
2,1509,0.08148859441280365
2,1510,0.0814695730805397
2,1511,0.08145195245742798
2,1512,0.0814332515001297
2,1513,0.08141374588012695
2,1514,0.08139415830373764
2,1515,0.08137506246566772
2,1516,0.0813550278544426
2,1517,0.08133622258901596
2,1518,0.0813181921839714
2,1519,0.08129876852035522
2,1520,0.08127910643815994
2,1521,0.08125907182693481
2,1522,0.08124089986085892
2,1523,0.08122304081916809
2,1524,0.08120288699865341
2,1525,0.08118295669555664
2,1526,0.0811653584241867
2,1527,0.08114755898714066
2,1528,0.08112691342830658
2,1529,0.08110743761062622
2,1530,0.08109000325202942
2,1531,0.08107031881809235
2,1532,0.08105047792196274
2,1533,0.08103233575820923
2,1534,0.08101387321949005
2,1535,0.0809955894947052
2,1536,0.08097544312477112
2,1537,0.08095567673444748
2,1538,0.08093873411417007
2,1539,0.080917589366436
2,1540,0.080899178981781
2,1541,0.08087971806526184
2,1542,0.08086100965738297
2,1543,0.08084169030189514
2,1544,0.08082348108291626
2,1545,0.08080392330884933
2,1546,0.08078500628471375
2,1547,0.08076568692922592
2,1548,0.08074638247489929
2,1549,0.08072732388973236
2,1550,0.08070829510688782
2,1551,0.08068881183862686
2,1552,0.08067016303539276
2,1553,0.0806504562497139
2,1554,0.08063172549009323
2,1555,0.08061356097459793
2,1556,0.08059398084878922
2,1557,0.08057581633329391
2,1558,0.08055636286735535
2,1559,0.0805361419916153
2,1560,0.08051934093236923
2,1561,0.08049912750720978
2,1562,0.08048050850629807
2,1563,0.08045932650566101
2,1564,0.08044105023145676
2,1565,0.08042245358228683
2,1566,0.08040359616279602
2,1567,0.08038412034511566
2,1568,0.08036397397518158
2,1569,0.08034306019544601
2,1570,0.08032438158988953
2,1571,0.08030486851930618
2,1572,0.08028605580329895
2,1573,0.08026714622974396
2,1574,0.08024754375219345
2,1575,0.08022948354482651
2,1576,0.08020997047424316
2,1577,0.08019095659255981
2,1578,0.0801701471209526
2,1579,0.08014989644289017
2,1580,0.08013001829385757
2,1581,0.08010996133089066
2,1582,0.08008912950754166
2,1583,0.08006922155618668
2,1584,0.08004923164844513
2,1585,0.08003007620573044
2,1586,0.08000797778367996
2,1587,0.07998888939619064
2,1588,0.07996774464845657
2,1589,0.07994770258665085
2,1590,0.07992882281541824
2,1591,0.07990811765193939
2,1592,0.07988664507865906
2,1593,0.07986659556627274
2,1594,0.07984518259763718
2,1595,0.07982461899518967
2,1596,0.07980331033468246
2,1597,0.07978344708681107
2,1598,0.07976340502500534
2,1599,0.07974256575107574
2,1600,0.07972129434347153
2,1601,0.07970016449689865
2,1602,0.07967906445264816
2,1603,0.07965698093175888
2,1604,0.07963532954454422
2,1605,0.07961469143629074
2,1606,0.07959403097629547
2,1607,0.07957283407449722
2,1608,0.0795527994632721
2,1609,0.07953189313411713
2,1610,0.0795120894908905
2,1611,0.07949128746986389
2,1612,0.07947015762329102
2,1613,0.07944922149181366
2,1614,0.07942768186330795
2,1615,0.07940568774938583
2,1616,0.07938329130411148
2,1617,0.07936209440231323
2,1618,0.07933788746595383
2,1619,0.07931557297706604
2,1620,0.07929407060146332
2,1621,0.07927196472883224
2,1622,0.07924894988536835
2,1623,0.07922445982694626
2,1624,0.07919719815254211
2,1625,0.07916825264692307
2,1626,0.0791378989815712
2,1627,0.07910379767417908
2,1628,0.07906702905893326
2,1629,0.07903086394071579
2,1630,0.07900020480155945
2,1631,0.07897260785102844
2,1632,0.07895013689994812
2,1633,0.07893157750368118
2,1634,0.07891416549682617
2,1635,0.07889775186777115
2,1636,0.07887551188468933
2,1637,0.07885070890188217
2,1638,0.07882361859083176
2,1639,0.0787980929017067
2,1640,0.07877197861671448
2,1641,0.07874714583158493
2,1642,0.07872489839792252
2,1643,0.07870315760374069
2,1644,0.07868126034736633
2,1645,0.07866055518388748
2,1646,0.07863811403512955
2,1647,0.0786171555519104
2,1648,0.07859479635953903
2,1649,0.07857278734445572
2,1650,0.07854903489351273
2,1651,0.07852425426244736
2,1652,0.07850288599729538
2,1653,0.07847888022661209
2,1654,0.07845740765333176
2,1655,0.07843479514122009
2,1656,0.0784115418791771
2,1657,0.07838863134384155
2,1658,0.07836794853210449
2,1659,0.07834472507238388
2,1660,0.07832096517086029
2,1661,0.07829806208610535
2,1662,0.07827747613191605
2,1663,0.07825393974781036
2,1664,0.0782317966222763
2,1665,0.078209787607193
2,1666,0.07818576693534851
2,1667,0.07816368341445923
2,1668,0.07814100384712219
2,1669,0.07811877131462097
2,1670,0.07809662073850632
2,1671,0.07807359844446182
2,1672,0.0780516043305397
2,1673,0.07802890986204147
2,1674,0.07800503075122833
2,1675,0.07798442244529724
2,1676,0.077962227165699
2,1677,0.0779382660984993
2,1678,0.07791699469089508
2,1679,0.07789317518472672
2,1680,0.07787101715803146
2,1681,0.07784808427095413
2,1682,0.07782869040966034
2,1683,0.07780341804027557
2,1684,0.07778114080429077
2,1685,0.07775741070508957
2,1686,0.077736996114254
2,1687,0.07771316915750504
2,1688,0.0776900202035904
2,1689,0.07766953855752945
2,1690,0.07764533907175064
2,1691,0.07762378454208374
2,1692,0.07760109752416611
2,1693,0.07757911831140518
2,1694,0.07755690813064575
2,1695,0.07753590494394302
2,1696,0.07751259207725525
2,1697,0.07749158143997192
2,1698,0.07746758311986923
2,1699,0.07744814455509186
2,1700,0.07742207497358322
2,1701,0.07740051299333572
2,1702,0.07737703621387482
2,1703,0.07735608518123627
2,1704,0.07733117789030075
2,1705,0.07730913907289505
2,1706,0.07728593796491623
2,1707,0.07725817710161209
2,1708,0.07723832875490189
2,1709,0.07721196860074997
2,1710,0.07718855142593384
2,1711,0.07716076821088791
2,1712,0.07713743299245834
2,1713,0.07711028307676315
2,1714,0.07708419114351273
2,1715,0.07705583423376083
2,1716,0.07702744752168655
2,1717,0.07699988782405853
2,1718,0.07697252184152603
2,1719,0.07694544643163681
2,1720,0.07691874355077744
2,1721,0.0768916979432106
2,1722,0.07686366885900497
2,1723,0.07683534175157547
2,1724,0.0768081322312355
2,1725,0.0767810270190239
2,1726,0.0767543613910675
2,1727,0.07672521471977234
2,1728,0.07669787108898163
2,1729,0.0766703188419342
2,1730,0.07664244621992111
2,1731,0.07661434262990952
2,1732,0.07658630609512329
2,1733,0.07655774801969528
2,1734,0.07652915269136429
2,1735,0.07650136202573776
2,1736,0.07647481560707092
2,1737,0.07644575834274292
2,1738,0.07641824334859848
2,1739,0.07639379799365997
2,1740,0.07636409997940063
2,1741,0.07633551210165024
2,1742,0.07630916684865952
2,1743,0.07627921551465988
2,1744,0.07624834775924683
2,1745,0.07621785998344421
2,1746,0.07618933171033859
2,1747,0.07615726441144943
2,1748,0.07612808793783188
2,1749,0.07609742134809494
2,1750,0.07606720924377441
2,1751,0.07603775709867477
2,1752,0.07600776106119156
2,1753,0.07597524672746658
2,1754,0.07594455778598785
2,1755,0.07591328769922256
2,1756,0.07588459551334381
2,1757,0.07585368305444717
2,1758,0.07582250982522964
2,1759,0.07579310983419418
2,1760,0.07576349377632141
2,1761,0.07573332637548447
2,1762,0.07570232450962067
2,1763,0.07567296177148819
2,1764,0.07564105838537216
2,1765,0.07560934871435165
2,1766,0.07558011263608932
2,1767,0.0755491629242897
2,1768,0.07551998645067215
2,1769,0.07548841834068298
2,1770,0.07545702904462814
2,1771,0.07542616128921509
2,1772,0.07539475709199905
2,1773,0.07536319643259048
2,1774,0.07533279061317444
2,1775,0.07530136406421661
2,1776,0.07527133822441101
2,1777,0.07524003833532333
2,1778,0.07520858198404312
2,1779,0.07517758011817932
2,1780,0.07514666020870209
2,1781,0.07511557638645172
2,1782,0.07508397847414017
2,1783,0.07505318522453308
2,1784,0.075023353099823
2,1785,0.07499192655086517
2,1786,0.07495952397584915
2,1787,0.07492803037166595
2,1788,0.07489825040102005
2,1789,0.07486700266599655
2,1790,0.07483724504709244
2,1791,0.07480697333812714
2,1792,0.07477618753910065
2,1793,0.07474460452795029
2,1794,0.07471603155136108
2,1795,0.07468391954898834
2,1796,0.07465095818042755
2,1797,0.07462037354707718
2,1798,0.07458890974521637
2,1799,0.07455729693174362
2,1800,0.0745253935456276
2,1801,0.07449501752853394
2,1802,0.07446419447660446
2,1803,0.07443364709615707
2,1804,0.07440346479415894
2,1805,0.07437136769294739
2,1806,0.07433996349573135
2,1807,0.07430882751941681
2,1808,0.07427729666233063
2,1809,0.07424841076135635
2,1810,0.07421698421239853
2,1811,0.07418426871299744
2,1812,0.07415308058261871
2,1813,0.07412315905094147
2,1814,0.0740915909409523
2,1815,0.07406018674373627
2,1816,0.07402943074703217
2,1817,0.07399632781744003
2,1818,0.07396474480628967
2,1819,0.07393447309732437
2,1820,0.07390188425779343
2,1821,0.07387109845876694
2,1822,0.07384008914232254
2,1823,0.07380875200033188
2,1824,0.07377763837575912
2,1825,0.07374460250139236
2,1826,0.07371392846107483
2,1827,0.07368139177560806
2,1828,0.07365034520626068
2,1829,0.07361819595098495
2,1830,0.07358704507350922
2,1831,0.07355619966983795
2,1832,0.0735241025686264
2,1833,0.07349315285682678
2,1834,0.07345977425575256
2,1835,0.07342802733182907
2,1836,0.07339771091938019
2,1837,0.07336559146642685
2,1838,0.07333304733037949
2,1839,0.07330209761857986
2,1840,0.0732705295085907
2,1841,0.07323995977640152
2,1842,0.07320785522460938
2,1843,0.07317647337913513
2,1844,0.07314468175172806
2,1845,0.0731130987405777
2,1846,0.07308273762464523
2,1847,0.0730506107211113
2,1848,0.07301939278841019
2,1849,0.07299119234085083
2,1850,0.07296125590801239
2,1851,0.07292859256267548
2,1852,0.07289908826351166
2,1853,0.07286729663610458
2,1854,0.07283592224121094
2,1855,0.072807177901268
2,1856,0.07277580350637436
2,1857,0.07274433225393295
2,1858,0.07271402329206467
2,1859,0.07268121838569641
2,1860,0.0726499930024147
2,1861,0.07261964678764343
2,1862,0.0725882276892662
2,1863,0.07255839556455612
2,1864,0.07252737134695053
2,1865,0.07249688357114792
2,1866,0.07246717065572739
2,1867,0.07243495434522629
2,1868,0.07240378111600876
2,1869,0.07237115502357483
2,1870,0.07234019041061401
2,1871,0.07231005281209946
2,1872,0.07227863371372223
2,1873,0.07224668562412262
2,1874,0.07221735268831253
2,1875,0.07218477129936218
2,1876,0.07215343415737152
2,1877,0.07212172448635101
2,1878,0.07209067046642303
2,1879,0.0720590204000473
2,1880,0.07202912122011185
2,1881,0.07199829816818237
2,1882,0.07196856290102005
2,1883,0.07193980365991592
2,1884,0.07191072404384613
2,1885,0.07188235223293304
2,1886,0.07185275107622147
2,1887,0.07182367146015167
2,1888,0.07179442048072815
2,1889,0.07176383584737778
2,1890,0.07173455506563187
2,1891,0.07170534878969193
2,1892,0.07167419791221619
2,1893,0.0716463029384613
2,1894,0.07161697000265121
2,1895,0.07158800959587097
2,1896,0.07155916094779968
2,1897,0.07153044641017914
2,1898,0.0715012401342392
2,1899,0.07147233933210373
2,1900,0.07144385576248169
2,1901,0.07141482084989548
2,1902,0.07138588279485703
2,1903,0.07135659456253052
2,1904,0.07132907211780548
2,1905,0.07129970192909241
2,1906,0.07127059996128082
2,1907,0.07124348729848862
2,1908,0.07121452689170837
2,1909,0.07118573039770126
2,1910,0.071156345307827
2,1911,0.07112839072942734
2,1912,0.07110121101140976
2,1913,0.07107147574424744
2,1914,0.07104343175888062
2,1915,0.07101616263389587
2,1916,0.07098884135484695
2,1917,0.07095912843942642
2,1918,0.07093112170696259
2,1919,0.0709029957652092
2,1920,0.07087487727403641
2,1921,0.0708472803235054
2,1922,0.07081925123929977
2,1923,0.07079043984413147
2,1924,0.07076475769281387
2,1925,0.07073654979467392
2,1926,0.07070708274841309
2,1927,0.07068096101284027
2,1928,0.07065320760011673
2,1929,0.07062555104494095
2,1930,0.07059775292873383
2,1931,0.07056953012943268
2,1932,0.07054055482149124
2,1933,0.0705137550830841
2,1934,0.07048562914133072
2,1935,0.0704578310251236
2,1936,0.0704301968216896
2,1937,0.07040327787399292
2,1938,0.07037625461816788
2,1939,0.07034921646118164
2,1940,0.07032226026058197
2,1941,0.07029611617326736
2,1942,0.07027054578065872
2,1943,0.07024463266134262
2,1944,0.07021883130073547
2,1945,0.07019252330064774
2,1946,0.07016689330339432
2,1947,0.07014134526252747
2,1948,0.07011552900075912
2,1949,0.07008924335241318
2,1950,0.07006441801786423
2,1951,0.07003850489854813
2,1952,0.07001227140426636
2,1953,0.06998781114816666
2,1954,0.06996273994445801
2,1955,0.0699368342757225
2,1956,0.06991218030452728
2,1957,0.0698862299323082
2,1958,0.06986018270254135
2,1959,0.0698341652750969
2,1960,0.06981013715267181
2,1961,0.06978312879800797
2,1962,0.069757379591465
2,1963,0.06973426043987274
2,1964,0.06970907747745514
2,1965,0.0696832537651062
2,1966,0.06965737789869308
2,1967,0.06963265687227249
2,1968,0.06960800290107727
2,1969,0.06958258897066116
2,1970,0.06955846399068832
2,1971,0.06953244656324387
2,1972,0.06950737535953522
2,1973,0.06948278844356537
2,1974,0.06945694983005524
2,1975,0.0694311186671257
2,1976,0.06940604001283646
2,1977,0.06938094645738602
2,1978,0.06935711950063705
2,1979,0.06933260709047318
2,1980,0.06930670142173767
2,1981,0.06928238272666931
2,1982,0.06925765424966812
2,1983,0.06923207640647888
2,1984,0.06920682638883591
2,1985,0.06918100267648697
2,1986,0.06915822625160217
2,1987,0.06913259625434875
2,1988,0.069106824696064
2,1989,0.06908272206783295
2,1990,0.069057896733284
2,1991,0.06903333216905594
2,1992,0.06900863349437714
2,1993,0.06898321211338043
2,1994,0.06895983964204788
2,1995,0.06893564760684967
2,1996,0.06891018897294998
2,1997,0.06888548284769058
2,1998,0.06886058300733566
2,1999,0.06883543729782104
2,2000,0.06881155073642731
2,2001,0.06878621876239777
2,2002,0.06876187771558762
2,2003,0.06873589754104614
2,2004,0.06870890408754349
2,2005,0.06868201494216919
2,2006,0.06865459680557251
2,2007,0.06862550973892212
2,2008,0.06859609484672546
2,2009,0.06856624037027359
2,2010,0.06852941960096359
2,2011,0.06849011778831482
2,2012,0.06845012307167053
2,2013,0.06840966641902924
2,2014,0.06837139278650284
2,2015,0.06833748519420624
2,2016,0.06830447912216187
2,2017,0.0682794451713562
2,2018,0.06825461238622665
2,2019,0.06823025643825531
2,2020,0.06820541620254517
2,2021,0.06818188726902008
2,2022,0.06815827637910843
2,2023,0.06813473254442215
2,2024,0.06811017543077469
2,2025,0.06808644533157349
2,2026,0.0680621787905693
2,2027,0.06803781539201736
2,2028,0.06801453977823257
2,2029,0.06798992305994034
2,2030,0.06796717643737793
2,2031,0.06794417649507523
2,2032,0.06792225688695908
2,2033,0.06790079176425934
2,2034,0.06787912547588348
2,2035,0.0678553506731987
2,2036,0.06782999634742737
2,2037,0.06780151277780533
2,2038,0.06777432560920715
2,2039,0.06775321066379547
2,2040,0.06773345172405243
2,2041,0.06771021336317062
2,2042,0.06768327951431274
2,2043,0.06765957176685333
2,2044,0.06763681769371033
2,2045,0.06761255860328674
2,2046,0.0675889104604721
2,2047,0.06756619364023209
2,2048,0.06754296272993088
2,2049,0.06751932948827744
2,2050,0.06749480217695236
2,2051,0.06747203320264816
2,2052,0.06744943559169769
2,2053,0.0674251839518547
2,2054,0.06740248948335648
2,2055,0.06737997382879257
2,2056,0.06735681742429733
2,2057,0.0673338770866394
2,2058,0.06731042265892029
2,2059,0.06728748232126236
2,2060,0.06726428866386414
2,2061,0.067241370677948
2,2062,0.06721872836351395
2,2063,0.06719615310430527
2,2064,0.06717284023761749
2,2065,0.06715024262666702
2,2066,0.06712766736745834
2,2067,0.06710436940193176
2,2068,0.06708141416311264
2,2069,0.06705786287784576
2,2070,0.0670342817902565
2,2071,0.06701045483350754
2,2072,0.06698594242334366
2,2073,0.06696518510580063
2,2074,0.0669415220618248
2,2075,0.06691519916057587
2,2076,0.06689154356718063
2,2077,0.06686805933713913
2,2078,0.06684397161006927
2,2079,0.06681916117668152
2,2080,0.06679647415876389
2,2081,0.0667714774608612
2,2082,0.06674832105636597
2,2083,0.06672421097755432
2,2084,0.0667005404829979
2,2085,0.06667663156986237
2,2086,0.06665325909852982
2,2087,0.06662877649068832
2,2088,0.06660553067922592
2,2089,0.06658194959163666
2,2090,0.066558338701725
2,2091,0.06653423607349396
2,2092,0.06651049852371216
2,2093,0.06648818403482437
2,2094,0.06646699458360672
2,2095,0.06644503772258759
2,2096,0.06642190366983414
2,2097,0.06640004366636276
2,2098,0.06637855619192123
2,2099,0.06635613739490509
2,2100,0.0663338229060173
2,2101,0.06631261110305786
2,2102,0.06629034876823425
2,2103,0.06626924872398376
2,2104,0.06624748557806015
2,2105,0.06622578203678131
2,2106,0.06620337069034576
2,2107,0.06618156284093857
2,2108,0.06615959107875824
2,2109,0.06613919883966446
2,2110,0.06611752510070801
2,2111,0.06609637290239334
2,2112,0.06607412546873093
2,2113,0.06605144590139389
2,2114,0.06603000313043594
2,2115,0.06600925326347351
2,2116,0.06598766893148422
2,2117,0.06596488505601883
2,2118,0.06594420969486237
2,2119,0.06592240184545517
2,2120,0.0659002810716629
2,2121,0.06587887555360794
2,2122,0.06585723161697388
2,2123,0.06583542376756668
2,2124,0.06581464409828186
2,2125,0.06579360365867615
2,2126,0.0657721534371376
2,2127,0.06575104594230652
2,2128,0.06572915613651276
2,2129,0.0657087042927742
2,2130,0.06568756699562073
2,2131,0.06566628068685532
2,2132,0.06564527750015259
2,2133,0.06562367081642151
2,2134,0.0656026229262352
2,2135,0.06558148562908173
2,2136,0.06556075811386108
2,2137,0.06554045528173447
2,2138,0.06551903486251831
2,2139,0.06549837440252304
2,2140,0.06547742336988449
2,2141,0.06545693427324295
2,2142,0.06543633341789246
2,2143,0.06541535258293152
2,2144,0.06539467722177505
2,2145,0.06537332385778427
2,2146,0.06535284966230392
2,2147,0.06533347815275192
2,2148,0.06531129777431488
2,2149,0.06529093533754349
2,2150,0.0652703046798706
2,2151,0.06525032967329025
2,2152,0.06522932648658752
2,2153,0.06520900875329971
2,2154,0.06518788635730743
2,2155,0.06516752392053604
2,2156,0.06514760106801987
2,2157,0.06512730568647385
2,2158,0.0651065781712532
2,2159,0.06508606672286987
2,2160,0.06506572663784027
2,2161,0.06504563242197037
2,2162,0.06502482295036316
2,2163,0.06500463932752609
2,2164,0.06498444825410843
2,2165,0.06496433168649673
2,2166,0.0649445578455925
2,2167,0.06492404639720917
2,2168,0.06490465998649597
2,2169,0.06488408148288727
2,2170,0.06486481428146362
2,2171,0.06484519690275192
2,2172,0.06482494622468948
2,2173,0.06480509042739868
2,2174,0.06478442251682281
2,2175,0.06476429849863052
2,2176,0.06474567949771881
2,2177,0.06472502648830414
2,2178,0.06470515578985214
2,2179,0.06468511372804642
2,2180,0.06466598063707352
2,2181,0.06464552134275436
2,2182,0.06462620198726654
2,2183,0.0646066814661026
2,2184,0.06458757072687149
2,2185,0.06456772238016129
2,2186,0.06454768776893616
2,2187,0.06452798843383789
2,2188,0.0645085796713829
2,2189,0.06448961049318314
2,2190,0.06446976214647293
2,2191,0.064450204372406
2,2192,0.06443015486001968
2,2193,0.06441231817007065
2,2194,0.06439200043678284
2,2195,0.0643741637468338
2,2196,0.06435441225767136
2,2197,0.06433606892824173
2,2198,0.06431692838668823
2,2199,0.06429696083068848
2,2200,0.06427756696939468
2,2201,0.06425818055868149
2,2202,0.06423889100551605
2,2203,0.06422057747840881
2,2204,0.06420167535543442
2,2205,0.0641811415553093
2,2206,0.06416284292936325
2,2207,0.06414356827735901
2,2208,0.06412439048290253
2,2209,0.06410638242959976
2,2210,0.06408762186765671
2,2211,0.06406835466623306
2,2212,0.0640496090054512
2,2213,0.06403114646673203
2,2214,0.06401222199201584
2,2215,0.06399329006671906
2,2216,0.06397499144077301
2,2217,0.0639570876955986
2,2218,0.06393813341856003
2,2219,0.06392084807157516
2,2220,0.06390250474214554
2,2221,0.06388331949710846
2,2222,0.06386496871709824
2,2223,0.06384580582380295
2,2224,0.06382855027914047
2,2225,0.06381021440029144
2,2226,0.06379147619009018
2,2227,0.06377387046813965
2,2228,0.06375571340322495
2,2229,0.06373737752437592
2,2230,0.06371916085481644
2,2231,0.06370118260383606
2,2232,0.06368307024240494
2,2233,0.0636657103896141
2,2234,0.06364725530147552
2,2235,0.06362952291965485
2,2236,0.06361247599124908
2,2237,0.06359413266181946
2,2238,0.06357643008232117
2,2239,0.06355898827314377
2,2240,0.06354124844074249
2,2241,0.06352315843105316
2,2242,0.06350478529930115
2,2243,0.06348739564418793
2,2244,0.06346938014030457
2,2245,0.06345125287771225
2,2246,0.063433937728405
2,2247,0.06341574341058731
2,2248,0.06339822709560394
2,2249,0.06337982416152954
2,2250,0.06336212903261185
2,2251,0.06334423273801804
2,2252,0.06332658231258392
2,2253,0.06330908089876175
2,2254,0.06329094618558884
2,2255,0.06327380985021591
2,2256,0.06325559318065643
2,2257,0.06323672831058502
2,2258,0.0632186159491539
2,2259,0.06320001184940338
2,2260,0.06318031251430511
2,2261,0.06315981596708298
2,2262,0.06313849985599518
2,2263,0.06311888247728348
2,2264,0.06309829652309418
2,2265,0.06307779997587204
2,2266,0.06305556744337082
2,2267,0.06303510069847107
2,2268,0.06301451474428177
2,2269,0.06299439817667007
2,2270,0.06297444552183151
2,2271,0.06295698881149292
2,2272,0.0629403367638588
2,2273,0.0629240944981575
2,2274,0.06290754675865173
2,2275,0.06289179623126984
2,2276,0.0628761351108551
2,2277,0.06286080181598663
2,2278,0.06284505873918533
2,2279,0.06282826513051987
2,2280,0.06281077861785889
2,2281,0.06279361248016357
2,2282,0.06277672946453094
2,2283,0.0627622902393341
2,2284,0.06274537742137909
2,2285,0.06272879242897034
2,2286,0.06271418184041977
2,2287,0.06269845366477966
2,2288,0.06268227845430374
2,2289,0.06266561895608902
2,2290,0.06264927983283997
2,2291,0.06263428181409836
2,2292,0.06261751800775528
2,2293,0.06260205805301666
2,2294,0.06258708983659744
2,2295,0.06257198005914688
2,2296,0.06255604326725006
2,2297,0.06254042685031891
2,2298,0.06252450495958328
2,2299,0.06250845640897751
2,2300,0.062493421137332916
2,2301,0.06247725337743759
2,2302,0.06246194988489151
2,2303,0.06244745850563049
2,2304,0.06243226304650307
2,2305,0.0624174103140831
2,2306,0.06240189075469971
2,2307,0.06238634139299393
2,2308,0.06237107887864113
2,2309,0.0623558908700943
2,2310,0.062342166900634766
2,2311,0.06232673302292824
2,2312,0.062310345470905304
2,2313,0.06229579821228981
2,2314,0.06228098273277283
2,2315,0.0622660368680954
2,2316,0.0622512511909008
2,2317,0.06223645061254501
2,2318,0.062220606952905655
2,2319,0.06220576912164688
2,2320,0.062191370874643326
2,2321,0.062177352607250214
2,2322,0.06216180697083473
2,2323,0.06214716657996178
2,2324,0.062132567167282104
2,2325,0.062118224799633026
2,2326,0.0621042400598526
2,2327,0.062089547514915466
2,2328,0.06207473948597908
2,2329,0.0620604008436203
2,2330,0.06204604730010033
2,2331,0.06203142926096916
2,2332,0.062017038464546204
2,2333,0.06200280040502548
2,2334,0.061988335102796555
2,2335,0.061974454671144485
2,2336,0.06196063011884689
2,2337,0.06194658949971199
2,2338,0.061932116746902466
2,2339,0.061918631196022034
2,2340,0.06190400943160057
2,2341,0.06189032271504402
2,2342,0.06187612935900688
2,2343,0.06186215579509735
2,2344,0.061848849058151245
2,2345,0.06183492764830589
2,2346,0.06182064488530159
2,2347,0.06180718541145325
2,2348,0.06179366633296013
2,2349,0.06177971139550209
2,2350,0.061766117811203
2,2351,0.06175294145941734
2,2352,0.06173970550298691
2,2353,0.061725515872240067
2,2354,0.061711929738521576
2,2355,0.06169848144054413
2,2356,0.06168472021818161
2,2357,0.06167091429233551
2,2358,0.061657533049583435
2,2359,0.061643943190574646
2,2360,0.061630647629499435
2,2361,0.061617616564035416
2,2362,0.061604276299476624
2,2363,0.061591073870658875
2,2364,0.061577633023262024
2,2365,0.0615643747150898
2,2366,0.06155131012201309
2,2367,0.06153843551874161
2,2368,0.061525460332632065
2,2369,0.061512239277362823
2,2370,0.06149974465370178
2,2371,0.06148648262023926
2,2372,0.06147319823503494
2,2373,0.0614602230489254
2,2374,0.061447400599718094
2,2375,0.061434779316186905
2,2376,0.061422187834978104
2,2377,0.06140923500061035
2,2378,0.061396513134241104
2,2379,0.06138412654399872
2,2380,0.061371784657239914
2,2381,0.06135968863964081
2,2382,0.06134697422385216
2,2383,0.06133446842432022
2,2384,0.061322882771492004
2,2385,0.06131000816822052
2,2386,0.061297062784433365
2,2387,0.06128440797328949
2,2388,0.061272233724594116
2,2389,0.06125924736261368
2,2390,0.06124720349907875
2,2391,0.06123444810509682
2,2392,0.06122220307588577
2,2393,0.061209551990032196
2,2394,0.061197467148303986
2,2395,0.06118544936180115
2,2396,0.06117304787039757
2,2397,0.06116107106208801
2,2398,0.06114848330616951
2,2399,0.061136793345212936
2,2400,0.0611250065267086
2,2401,0.0611124187707901
2,2402,0.06110122799873352
2,2403,0.06108872592449188
2,2404,0.06107700616121292
2,2405,0.0610654354095459
2,2406,0.06105361133813858
2,2407,0.061041880398988724
2,2408,0.06103023514151573
2,2409,0.061018235981464386
2,2410,0.061007071286439896
2,2411,0.06099531054496765
2,2412,0.060983702540397644
2,2413,0.06097253039479256
2,2414,0.06096044182777405
2,2415,0.060949474573135376
2,2416,0.060938380658626556
2,2417,0.06092681735754013
2,2418,0.06091460958123207
2,2419,0.060902927070856094
2,2420,0.06089207902550697
2,2421,0.06088032200932503
2,2422,0.06086881458759308
2,2423,0.06085824966430664
2,2424,0.06084708869457245
2,2425,0.06083546206355095
2,2426,0.06082472205162048
2,2427,0.060813479125499725
2,2428,0.06080193817615509
2,2429,0.060791015625
2,2430,0.06077964976429939
2,2431,0.06076836213469505
2,2432,0.06075742468237877
2,2433,0.0607464574277401
2,2434,0.060735609382390976
2,2435,0.06072466820478439
2,2436,0.06071358546614647
2,2437,0.06070300564169884
2,2438,0.06069168820977211
2,2439,0.060681216418743134
2,2440,0.0606706440448761
2,2441,0.06065971776843071
2,2442,0.06064952164888382
2,2443,0.06063855066895485
2,2444,0.06062789261341095
2,2445,0.06061701104044914
2,2446,0.06060684472322464
2,2447,0.060596391558647156
2,2448,0.06058679148554802
2,2449,0.06057656183838844
2,2450,0.06056668609380722
2,2451,0.060557037591934204
2,2452,0.060547180473804474
2,2453,0.06053641065955162
2,2454,0.06052575260400772
2,2455,0.060515061020851135
2,2456,0.06050378456711769
2,2457,0.06049283221364021
2,2458,0.06048308312892914
2,2459,0.060473546385765076
2,2460,0.06046420708298683
2,2461,0.06045471131801605
2,2462,0.060444410890340805
2,2463,0.06043396517634392
2,2464,0.06042371690273285
2,2465,0.060413241386413574
2,2466,0.06040319427847862
2,2467,0.060393307358026505
2,2468,0.06038373336195946
2,2469,0.06037422642111778
2,2470,0.06036461889743805
2,2471,0.06035511568188667
2,2472,0.06034490838646889
2,2473,0.060335006564855576
2,2474,0.060325052589178085
2,2475,0.060316190123558044
2,2476,0.06030669063329697
2,2477,0.06029742211103439
2,2478,0.06028810515999794
2,2479,0.06027863174676895
2,2480,0.06026872992515564
2,2481,0.060259100049734116
2,2482,0.0602494478225708
2,2483,0.0602400042116642
2,2484,0.060230597853660583
2,2485,0.060221295803785324
2,2486,0.06021225452423096
2,2487,0.060202885419130325
2,2488,0.060193438082933426
2,2489,0.06018421798944473
2,2490,0.06017510965466499
2,2491,0.06016584113240242
2,2492,0.06015675514936447
2,2493,0.06014811247587204
2,2494,0.06013861671090126
2,2495,0.060130175203084946
2,2496,0.06012074649333954
2,2497,0.0601121261715889
2,2498,0.06010309234261513
2,2499,0.060093969106674194
2,2500,0.06008512154221535
2,2501,0.0600760243833065
2,2502,0.0600670650601387
2,2503,0.06005861237645149
2,2504,0.0600493885576725
2,2505,0.06004086509346962
2,2506,0.06003227084875107
2,2507,0.06002326309680939
2,2508,0.06001489982008934
2,2509,0.06000638008117676
2,2510,0.05999784916639328
2,2511,0.05998926982283592
2,2512,0.059980567544698715
2,2513,0.05997179448604584
2,2514,0.05996385216712952
2,2515,0.059955354779958725
2,2516,0.05994659289717674
2,2517,0.05993868410587311
2,2518,0.05992993339896202
2,2519,0.05992181599140167
2,2520,0.05991378054022789
2,2521,0.059905391186475754
2,2522,0.05989701673388481
2,2523,0.05988891422748566
2,2524,0.059880953282117844
2,2525,0.05987291783094406
2,2526,0.05986493080854416
2,2527,0.05985620245337486
2,2528,0.05984801426529884
2,2529,0.059840127825737
2,2530,0.05983194708824158
2,2531,0.05982410907745361
2,2532,0.05981609970331192
2,2533,0.059808049350976944
2,2534,0.059800077229738235
2,2535,0.05979233235120773
2,2536,0.05978461727499962
2,2537,0.059777047485113144
2,2538,0.0597691535949707
2,2539,0.059761498123407364
2,2540,0.059753887355327606
2,2541,0.059746455401182175
2,2542,0.05973871424794197
2,2543,0.059731122106313705
2,2544,0.05972332879900932
2,2545,0.05971556156873703
2,2546,0.05970847234129906
2,2547,0.05970070883631706
2,2548,0.059693098068237305
2,2549,0.05968521535396576
2,2550,0.05967790633440018
2,2551,0.05967037007212639
2,2552,0.05966312438249588
2,2553,0.059655722230672836
2,2554,0.05964833125472069
2,2555,0.05964110791683197
2,2556,0.059633783996105194
2,2557,0.05962657183408737
2,2558,0.05961942300200462
2,2559,0.059612106531858444
2,2560,0.059604838490486145
2,2561,0.05959770455956459
2,2562,0.059590306133031845
2,2563,0.0595836415886879
2,2564,0.059576984494924545
2,2565,0.05957009643316269
2,2566,0.05956323444843292
2,2567,0.0595569871366024
2,2568,0.05954977497458458
2,2569,0.059543244540691376
2,2570,0.059536147862672806
2,2571,0.05952935293316841
2,2572,0.059523310512304306
2,2573,0.05951662361621857
2,2574,0.059509895741939545
2,2575,0.059502918273210526
2,2576,0.05949699878692627
2,2577,0.059489671140909195
2,2578,0.05948310345411301
2,2579,0.05947517603635788
2,2580,0.05946803465485573
2,2581,0.05946134775876999
2,2582,0.059454526752233505
2,2583,0.059447918087244034
2,2584,0.059441592544317245
2,2585,0.05943595618009567
2,2586,0.0594296008348465
2,2587,0.059423401951789856
2,2588,0.05941741541028023
2,2589,0.05941024422645569
2,2590,0.059403516352176666
2,2591,0.05939727649092674
2,2592,0.059390775859355927
2,2593,0.059384435415267944
2,2594,0.05937766283750534
2,2595,0.059371378272771835
2,2596,0.05936508998274803
2,2597,0.05935954302549362
2,2598,0.05935324728488922
2,2599,0.05934674292802811
2,2600,0.05934104323387146
2,2601,0.059334393590688705
2,2602,0.0593285858631134
2,2603,0.059322524815797806
2,2604,0.05931650102138519
2,2605,0.059310730546712875
2,2606,0.05930483713746071
2,2607,0.0592988058924675
2,2608,0.05929289385676384
2,2609,0.05928665027022362
2,2610,0.05928096920251846
2,2611,0.05927501246333122
2,2612,0.05926961079239845
2,2613,0.05926358327269554
2,2614,0.05925791338086128
2,2615,0.05925210937857628
2,2616,0.05924671143293381
2,2617,0.05924113094806671
2,2618,0.05923622101545334
2,2619,0.05923048034310341
2,2620,0.059224698692560196
2,2621,0.05921931192278862
2,2622,0.05921368673443794
2,2623,0.059207867830991745
2,2624,0.0592021606862545
2,2625,0.05919625982642174
2,2626,0.05919096618890762
2,2627,0.05918564647436142
2,2628,0.05918024107813835
2,2629,0.059174809604883194
2,2630,0.059169571846723557
2,2631,0.059164371341466904
2,2632,0.05915892496705055
2,2633,0.05915359780192375
2,2634,0.05914853513240814
2,2635,0.0591428279876709
2,2636,0.05913747102022171
2,2637,0.05913231521844864
2,2638,0.059127043932676315
2,2639,0.05912180244922638
2,2640,0.0591166652739048
2,2641,0.059111837297677994
2,2642,0.05910651758313179
2,2643,0.059101514518260956
2,2644,0.059096191078424454
2,2645,0.05909129977226257
2,2646,0.059086281806230545
2,2647,0.05908133462071419
2,2648,0.059076353907585144
2,2649,0.059071626514196396
2,2650,0.05906688794493675
2,2651,0.05906197428703308
2,2652,0.05905727669596672
2,2653,0.05905285105109215
2,2654,0.05904757231473923
2,2655,0.05904300883412361
2,2656,0.059038158506155014
2,2657,0.05903343856334686
2,2658,0.05902872234582901
2,2659,0.059023667126894
2,2660,0.059019096195697784
2,2661,0.05901435390114784
2,2662,0.05900954827666283
2,2663,0.05900460109114647
2,2664,0.059000201523303986
2,2665,0.05899563804268837
2,2666,0.0589911974966526
2,2667,0.05898670852184296
2,2668,0.05898232385516167
2,2669,0.058978065848350525
2,2670,0.058973390609025955
2,2671,0.05896873027086258
2,2672,0.0589645616710186
2,2673,0.05895976722240448
2,2674,0.058955270797014236
2,2675,0.05895102024078369
2,2676,0.05894648656249046
2,2677,0.05894231051206589
2,2678,0.05893772467970848
2,2679,0.0589335672557354
2,2680,0.05892942473292351
2,2681,0.05892505869269371
2,2682,0.05892132967710495
2,2683,0.05891727656126022
2,2684,0.05891360342502594
2,2685,0.05890972539782524
2,2686,0.05890553444623947
2,2687,0.05890090391039848
2,2688,0.058897119015455246
2,2689,0.058892782777547836
2,2690,0.05888838320970535
2,2691,0.05888428911566734
2,2692,0.05887989327311516
2,2693,0.05887565389275551
2,2694,0.05887168273329735
2,2695,0.05886731296777725
2,2696,0.058863475918769836
2,2697,0.05885940045118332
2,2698,0.05885526165366173
2,2699,0.05885150283575058
2,2700,0.05884760990738869
2,2701,0.05884372442960739
2,2702,0.05883986875414848
2,2703,0.058835867792367935
2,2704,0.05883210152387619
2,2705,0.0588286854326725
2,2706,0.0588252954185009
2,2707,0.058821901679039
2,2708,0.0588185079395771
2,2709,0.05881519615650177
2,2710,0.0588110126554966
2,2711,0.058806970715522766
2,2712,0.058802589774131775
2,2713,0.058798376470804214
2,2714,0.058794789016246796
2,2715,0.058791037648916245
2,2716,0.058787379413843155
2,2717,0.05878379940986633
2,2718,0.058780256658792496
2,2719,0.058776602149009705
2,2720,0.05877310782670975
2,2721,0.05876946076750755
2,2722,0.058765802532434464
2,2723,0.05876224488019943
2,2724,0.05875885859131813
2,2725,0.05875543877482414
2,2726,0.05875188857316971
2,2727,0.058748308569192886
2,2728,0.05874500051140785
2,2729,0.0587417408823967
2,2730,0.05873807147145271
2,2731,0.05873478204011917
2,2732,0.05873151123523712
2,2733,0.0587279349565506
2,2734,0.05872448906302452
2,2735,0.05872112885117531
2,2736,0.058717794716358185
2,2737,0.058714382350444794
2,2738,0.05871111899614334
2,2739,0.058707818388938904
2,2740,0.05870458111166954
2,2741,0.058701347559690475
2,2742,0.058698076754808426
2,2743,0.05869486555457115
2,2744,0.05869174748659134
2,2745,0.05868861451745033
2,2746,0.05868528410792351
2,2747,0.05868232622742653
2,2748,0.05867923051118851
2,2749,0.05867624282836914
2,2750,0.05867324024438858
2,2751,0.0586702786386013
2,2752,0.05866723507642746
2,2753,0.05866437777876854
2,2754,0.058661360293626785
2,2755,0.05865827202796936
2,2756,0.05865531414747238
2,2757,0.058652423322200775
2,2758,0.05864937976002693
2,2759,0.05864622816443443
2,2760,0.05864351615309715
2,2761,0.058640629053115845
2,2762,0.058637525886297226
2,2763,0.05863461270928383
2,2764,0.058631543070077896
2,2765,0.05862832069396973
2,2766,0.05862541124224663
2,2767,0.05862230807542801
2,2768,0.058619339019060135
2,2769,0.05861658975481987
2,2770,0.05861363559961319
2,2771,0.05861077457666397
2,2772,0.05860796943306923
2,2773,0.05860515311360359
2,2774,0.05860206484794617
2,2775,0.05859927833080292
2,2776,0.05859674513339996
2,2777,0.05859384685754776
2,2778,0.058590956032276154
2,2779,0.05858819931745529
2,2780,0.05858541280031204
2,2781,0.058582860976457596
2,2782,0.058580201119184494
2,2783,0.05857725068926811
2,2784,0.05857473239302635
2,2785,0.058572180569171906
2,2786,0.05856945738196373
2,2787,0.05856703221797943
2,2788,0.058564115315675735
2,2789,0.05856173485517502
2,2790,0.05855901911854744
2,2791,0.05855654925107956
2,2792,0.05855400860309601
2,2793,0.05855143442749977
2,2794,0.058548908680677414
2,2795,0.058546409010887146
2,2796,0.058544088155031204
2,2797,0.05854140967130661
2,2798,0.058538660407066345
2,2799,0.058536190539598465
2,2800,0.05853363499045372
2,2801,0.058531131595373154
2,2802,0.058528605848550797
2,2803,0.058526042848825455
2,2804,0.05852384492754936
2,2805,0.05852116644382477
2,2806,0.05851862207055092
2,2807,0.05851594731211662
2,2808,0.05851326510310173
2,2809,0.05850975215435028
2,2810,0.05850587040185928
2,2811,0.05850239470601082
2,2812,0.05849980562925339
2,2813,0.05849725753068924
2,2814,0.058495260775089264
2,2815,0.058493033051490784
2,2816,0.058490362018346786
2,2817,0.05848764628171921
2,2818,0.058485325425863266
2,2819,0.058482974767684937
2,2820,0.05848092585802078
2,2821,0.05847868695855141
2,2822,0.05847623571753502
2,2823,0.058474067598581314
2,2824,0.05847172439098358
2,2825,0.058469269424676895
2,2826,0.05846647918224335
2,2827,0.058463528752326965
2,2828,0.058460529893636703
2,2829,0.05845775455236435
2,2830,0.058454886078834534
2,2831,0.0584522970020771
2,2832,0.058449890464544296
2,2833,0.05844731628894806
2,2834,0.05844520777463913
2,2835,0.058443088084459305
2,2836,0.05844121426343918
2,2837,0.058438606560230255
2,2838,0.0584363229572773
2,2839,0.058434102684259415
2,2840,0.05843164399266243
2,2841,0.05842902511358261
2,2842,0.058427006006240845
2,2843,0.058424871414899826
2,2844,0.058422595262527466
2,2845,0.05842021480202675
2,2846,0.058417994529008865
2,2847,0.05841616168618202
2,2848,0.058414001017808914
2,2849,0.058411866426467896
2,2850,0.05840982869267464
2,2851,0.05840781331062317
2,2852,0.05840592086315155
2,2853,0.058403730392456055
2,2854,0.058401551097631454
2,2855,0.05839921534061432
2,2856,0.0583970844745636
2,2857,0.0583951510488987
2,2858,0.05839292332530022
2,2859,0.05839071050286293
2,2860,0.058388784527778625
2,2861,0.05838684365153313
2,2862,0.058384865522384644
2,2863,0.05838288739323616
2,2864,0.05838078632950783
2,2865,0.05837886780500412
2,2866,0.05837692320346832
2,2867,0.058374904096126556
2,2868,0.058372803032398224
2,2869,0.058370765298604965
2,2870,0.05836884677410126
2,2871,0.05836696922779083
2,2872,0.05836476758122444
2,2873,0.05836255103349686
2,2874,0.05836034566164017
2,2875,0.058358464390039444
2,2876,0.058356527239084244
2,2877,0.05835453048348427
2,2878,0.05835261568427086
2,2879,0.05835059657692909
2,2880,0.05834858492016792
2,2881,0.05834648758172989
2,2882,0.058344632387161255
2,2883,0.058342624455690384
2,2884,0.05834047868847847
2,2885,0.05833853781223297
2,2886,0.058336660265922546
2,2887,0.05833470821380615
2,2888,0.0583326630294323
2,2889,0.058330606669187546
2,2890,0.05832858383655548
2,2891,0.05832665413618088
2,2892,0.058324746787548065
2,2893,0.058322563767433167
2,2894,0.05832047015428543
2,2895,0.05831849202513695
2,2896,0.05831655487418175
2,2897,0.05831460654735565
2,2898,0.05831250548362732
2,2899,0.058310627937316895
2,2900,0.058308567851781845
2,2901,0.058306507766246796
2,2902,0.058304473757743835
2,2903,0.05830245465040207
2,2904,0.058300599455833435
2,2905,0.058298688381910324
2,2906,0.05829674378037453
2,2907,0.058294739574193954
2,2908,0.0582926906645298
2,2909,0.05829055979847908
2,2910,0.05828840658068657
2,2911,0.05828622356057167
2,2912,0.05828390270471573
2,2913,0.05828165262937546
2,2914,0.05827968940138817
2,2915,0.058277662843465805
2,2916,0.05827565863728523
2,2917,0.05827375873923302
2,2918,0.05827182158827782
2,2919,0.05827009305357933
2,2920,0.058268263936042786
2,2921,0.05826672911643982
2,2922,0.058265239000320435
2,2923,0.058263618499040604
2,2924,0.058261897414922714
2,2925,0.058260202407836914
2,2926,0.05825836956501007
2,2927,0.05825645104050636
2,2928,0.05825446546077728
2,2929,0.05825277790427208
2,2930,0.05825115740299225
2,2931,0.05824941769242287
2,2932,0.05824773758649826
2,2933,0.05824606493115425
2,2934,0.05824435502290726
2,2935,0.0582427978515625
2,2936,0.058241333812475204
2,2937,0.05823991820216179
2,2938,0.058238331228494644
2,2939,0.058236803859472275
2,2940,0.058235350996255875
2,2941,0.058233730494976044
2,2942,0.05823206156492233
2,2943,0.05823061242699623
2,2944,0.05822902172803879
2,2945,0.05822724476456642
2,2946,0.05822574347257614
2,2947,0.05822424590587616
2,2948,0.058222729712724686
2,2949,0.05822119116783142
2,2950,0.058219749480485916
2,2951,0.058218177407979965
2,2952,0.05821675807237625
2,2953,0.058215346187353134
2,2954,0.058213844895362854
2,2955,0.05821246653795242
2,2956,0.058211084455251694
2,2957,0.058209799230098724
2,2958,0.058208711445331573
2,2959,0.058207917958498
2,2960,0.058207374066114426
2,2961,0.058206956833601
2,2962,0.05820612236857414
2,2963,0.05820459499955177
2,2964,0.058202434331178665
2,2965,0.05820050835609436
2,2966,0.05819927901029587
2,2967,0.0581987202167511
2,2968,0.05819793418049812
2,2969,0.05819631367921829
2,2970,0.05819380655884743
2,2971,0.05819139629602432
2,2972,0.058189574629068375
2,2973,0.05818827450275421
2,2974,0.058187276124954224
2,2975,0.05818631500005722
2,2976,0.05818481370806694
2,2977,0.05818343535065651
2,2978,0.05818234011530876
2,2979,0.05818109214305878
2,2980,0.058179792016744614
2,2981,0.05817844346165657
2,2982,0.0581769235432148
2,2983,0.0581754669547081
2,2984,0.05817412957549095
2,2985,0.05817294120788574
2,2986,0.05817181244492531
2,2987,0.058170709758996964
2,2988,0.058169469237327576
2,2989,0.05816817283630371
2,2990,0.05816691741347313
2,2991,0.058165665715932846
2,2992,0.05816462263464928
2,2993,0.058163538575172424
2,2994,0.05816226825118065
2,2995,0.05816107243299484
2,2996,0.058159854263067245
2,2997,0.05815863609313965
2,2998,0.0581575371325016
2,2999,0.05815643444657326
2,3000,0.05815529078245163
