year,step,dap,teacher_action_index,teacher_irrigation_mm,teacher_nitrogen_kg_ha,policy_label,pred_action_index,pred_action_label,pred_irrigation_mm,pred_nitrogen_kg_ha,top_prob,nonzero_prob,matches_teacher_action
2014,0,0,0,0.0,0.0,bc_init,1,"a1(I0,N80)",0.0,80.0,0.1261167,0.890718,False
2014,1,0,0,0.0,0.0,bc_init,1,"a1(I0,N80)",0.0,80.0,0.17464627,0.8802787,False
2014,2,0,0,0.0,0.0,bc_init,1,"a1(I0,N80)",0.0,80.0,0.18059975,0.88350636,False
2014,3,0,0,0.0,0.0,bc_init,1,"a1(I0,N80)",0.0,80.0,0.18151361,0.8835399,False
2014,4,0,0,0.0,0.0,bc_init,1,"a1(I0,N80)",0.0,80.0,0.18129058,0.8834017,False
2014,5,1,1,0.0,80.0,bc_init,1,"a1(I0,N80)",0.0,80.0,0.19146724,0.8885131,True
2014,6,2,0,0.0,0.0,bc_init,6,"a6(I45,N0)",45.0,0.0,0.3585587,0.7158345,False
2014,7,3,0,0.0,0.0,bc_init,6,"a6(I45,N0)",45.0,0.0,0.35816193,0.7155221,False
2014,8,4,0,0.0,0.0,bc_init,6,"a6(I45,N0)",45.0,0.0,0.35958654,0.7165154,False
2014,9,5,0,0.0,0.0,bc_init,6,"a6(I45,N0)",45.0,0.0,0.36295146,0.7186985,False
2014,10,6,0,0.0,0.0,bc_init,6,"a6(I45,N0)",45.0,0.0,0.3590174,0.7152858,False
2014,11,7,0,0.0,0.0,bc_init,3,"a3(I30,N0)",30.0,0.0,0.35771766,0.71451426,False
2014,12,8,0,0.0,0.0,bc_init,1,"a1(I0,N80)",0.0,80.0,0.16219725,0.88662577,False
2014,13,9,0,0.0,0.0,bc_init,1,"a1(I0,N80)",0.0,80.0,0.16146708,0.88629246,False
2014,14,10,0,0.0,0.0,bc_init,1,"a1(I0,N80)",0.0,80.0,0.1631641,0.887146,False
2014,15,11,0,0.0,0.0,bc_init,1,"a1(I0,N80)",0.0,80.0,0.16349533,0.8873565,False
2014,16,12,0,0.0,0.0,bc_init,1,"a1(I0,N80)",0.0,80.0,0.16316202,0.88614345,False
2014,17,13,0,0.0,0.0,bc_init,1,"a1(I0,N80)",0.0,80.0,0.16047648,0.8858252,False
2014,18,14,0,0.0,0.0,bc_init,1,"a1(I0,N80)",0.0,80.0,0.1618407,0.88618594,False
2014,19,15,0,0.0,0.0,bc_init,1,"a1(I0,N80)",0.0,80.0,0.16026323,0.88562727,False
2014,20,16,0,0.0,0.0,bc_init,1,"a1(I0,N80)",0.0,80.0,0.16156895,0.88592476,False
2014,21,17,0,0.0,0.0,bc_init,1,"a1(I0,N80)",0.0,80.0,0.16318573,0.88591665,False
2014,22,18,0,0.0,0.0,bc_init,1,"a1(I0,N80)",0.0,80.0,0.16172402,0.8851323,False
2014,23,19,0,0.0,0.0,bc_init,1,"a1(I0,N80)",0.0,80.0,0.16204205,0.88507795,False
2014,24,20,0,0.0,0.0,bc_init,1,"a1(I0,N80)",0.0,80.0,0.1646887,0.8853527,False
2014,25,21,0,0.0,0.0,bc_init,1,"a1(I0,N80)",0.0,80.0,0.16639915,0.8852422,False
2014,26,22,0,0.0,0.0,bc_init,1,"a1(I0,N80)",0.0,80.0,0.16623338,0.8847703,False
2014,27,23,0,0.0,0.0,bc_init,1,"a1(I0,N80)",0.0,80.0,0.16585435,0.8855908,False
2014,28,24,0,0.0,0.0,bc_init,1,"a1(I0,N80)",0.0,80.0,0.16535304,0.8853071,False
2014,29,25,0,0.0,0.0,bc_init,1,"a1(I0,N80)",0.0,80.0,0.16898662,0.8911998,False
2014,30,26,0,0.0,0.0,bc_init,1,"a1(I0,N80)",0.0,80.0,0.16896358,0.8914331,False
2014,31,27,0,0.0,0.0,bc_init,1,"a1(I0,N80)",0.0,80.0,0.1689585,0.8914691,False
2014,32,28,0,0.0,0.0,bc_init,1,"a1(I0,N80)",0.0,80.0,0.16894718,0.89155674,False
2014,33,29,0,0.0,0.0,bc_init,1,"a1(I0,N80)",0.0,80.0,0.17220408,0.89132917,False
2014,34,30,6,45.0,0.0,bc_init,1,"a1(I0,N80)",0.0,80.0,0.16901614,0.8914336,False
2014,35,31,0,0.0,0.0,bc_init,1,"a1(I0,N80)",0.0,80.0,0.4738249,0.7033609,False
2014,36,32,0,0.0,0.0,bc_init,1,"a1(I0,N80)",0.0,80.0,0.47031483,0.6995864,False
2014,37,33,0,0.0,0.0,bc_init,1,"a1(I0,N80)",0.0,80.0,0.4744847,0.70437855,False
2014,38,34,0,0.0,0.0,bc_init,1,"a1(I0,N80)",0.0,80.0,0.46410033,0.693147,False
2014,39,35,0,0.0,0.0,bc_init,1,"a1(I0,N80)",0.0,80.0,0.4632719,0.6916797,False
2014,40,36,0,0.0,0.0,bc_init,1,"a1(I0,N80)",0.0,80.0,0.4755874,0.7055422,False
2014,41,37,0,0.0,0.0,bc_init,1,"a1(I0,N80)",0.0,80.0,0.1763136,0.89158195,False
2014,42,38,0,0.0,0.0,bc_init,1,"a1(I0,N80)",0.0,80.0,0.17794718,0.8930296,False
2014,43,39,0,0.0,0.0,bc_init,1,"a1(I0,N80)",0.0,80.0,0.1799667,0.894897,False
2014,44,40,0,0.0,0.0,bc_init,1,"a1(I0,N80)",0.0,80.0,0.18450862,0.8966035,False
2014,45,41,0,0.0,0.0,bc_init,1,"a1(I0,N80)",0.0,80.0,0.1902229,0.9022287,False
2014,46,42,0,0.0,0.0,bc_init,1,"a1(I0,N80)",0.0,80.0,0.19092129,0.9044248,False
2014,47,43,1,0.0,80.0,bc_init,1,"a1(I0,N80)",0.0,80.0,0.19610476,0.90736175,True
2014,48,44,0,0.0,0.0,bc_init,6,"a6(I45,N0)",45.0,0.0,0.4485191,0.7815615,False
2014,49,45,6,45.0,0.0,bc_init,6,"a6(I45,N0)",45.0,0.0,0.44899574,0.78138304,True
2014,50,46,0,0.0,0.0,bc_init,0,"a0(I0,N0)",0.0,0.0,1.0,0.0,True
2014,51,47,0,0.0,0.0,bc_init,0,"a0(I0,N0)",0.0,0.0,1.0,0.0,True
2014,52,48,0,0.0,0.0,bc_init,0,"a0(I0,N0)",0.0,0.0,1.0,0.0,True
2014,53,49,0,0.0,0.0,bc_init,0,"a0(I0,N0)",0.0,0.0,1.0,0.0,True
2014,54,50,0,0.0,0.0,bc_init,1,"a1(I0,N80)",0.0,80.0,0.675133,0.675133,False
2014,55,51,0,0.0,0.0,bc_init,1,"a1(I0,N80)",0.0,80.0,0.68532115,0.68532115,False
2014,56,52,0,0.0,0.0,bc_init,6,"a6(I45,N0)",45.0,0.0,0.23873597,0.889935,False
2014,57,53,0,0.0,0.0,bc_init,6,"a6(I45,N0)",45.0,0.0,0.23949213,0.89028513,False
2014,58,54,0,0.0,0.0,bc_init,6,"a6(I45,N0)",45.0,0.0,0.24173892,0.89091736,False
2014,59,55,0,0.0,0.0,bc_init,6,"a6(I45,N0)",45.0,0.0,0.24358708,0.8930849,False
2014,60,56,0,0.0,0.0,bc_init,6,"a6(I45,N0)",45.0,0.0,0.24614102,0.8947454,False
2014,61,57,0,0.0,0.0,bc_init,6,"a6(I45,N0)",45.0,0.0,0.24692476,0.8955056,False
2014,62,58,0,0.0,0.0,bc_init,6,"a6(I45,N0)",45.0,0.0,0.25474653,0.9002384,False
2014,63,59,0,0.0,0.0,bc_init,6,"a6(I45,N0)",45.0,0.0,0.25787386,0.9012135,False
2014,64,60,6,45.0,0.0,bc_init,6,"a6(I45,N0)",45.0,0.0,0.25821295,0.9015584,True
2014,65,61,1,0.0,80.0,bc_init,1,"a1(I0,N80)",0.0,80.0,0.6873449,0.6873449,True
2014,66,62,0,0.0,0.0,bc_init,0,"a0(I0,N0)",0.0,0.0,1.0,0.0,True
2014,67,63,0,0.0,0.0,bc_init,0,"a0(I0,N0)",0.0,0.0,1.0,0.0,True
2014,68,64,0,0.0,0.0,bc_init,0,"a0(I0,N0)",0.0,0.0,1.0,0.0,True
2014,69,65,0,0.0,0.0,bc_init,0,"a0(I0,N0)",0.0,0.0,1.0,0.0,True
2014,70,66,0,0.0,0.0,bc_init,0,"a0(I0,N0)",0.0,0.0,1.0,0.0,True
2014,71,67,0,0.0,0.0,bc_init,6,"a6(I45,N0)",45.0,0.0,0.47818968,0.81789225,False
2014,72,68,0,0.0,0.0,bc_init,6,"a6(I45,N0)",45.0,0.0,0.47919908,0.8188056,False
2014,73,69,0,0.0,0.0,bc_init,6,"a6(I45,N0)",45.0,0.0,0.47863075,0.81859815,False
2014,74,70,0,0.0,0.0,bc_init,6,"a6(I45,N0)",45.0,0.0,0.48019245,0.8199909,False
2014,75,71,0,0.0,0.0,bc_init,6,"a6(I45,N0)",45.0,0.0,0.48264742,0.82222855,False
2014,76,72,0,0.0,0.0,bc_init,6,"a6(I45,N0)",45.0,0.0,0.48266438,0.822235,False
2014,77,73,0,0.0,0.0,bc_init,6,"a6(I45,N0)",45.0,0.0,0.49180076,0.8241193,False
2014,78,74,0,0.0,0.0,bc_init,6,"a6(I45,N0)",45.0,0.0,0.4918045,0.82411826,False
2014,79,75,3,30.0,0.0,bc_init,6,"a6(I45,N0)",45.0,0.0,0.4918045,0.82411826,False
2014,80,76,0,0.0,0.0,bc_init,0,"a0(I0,N0)",0.0,0.0,1.0,0.0,True
2014,81,77,0,0.0,0.0,bc_init,0,"a0(I0,N0)",0.0,0.0,1.0,0.0,True
2014,82,78,0,0.0,0.0,bc_init,0,"a0(I0,N0)",0.0,0.0,1.0,0.0,True
2014,83,79,0,0.0,0.0,bc_init,0,"a0(I0,N0)",0.0,0.0,1.0,0.0,True
2014,84,80,0,0.0,0.0,bc_init,0,"a0(I0,N0)",0.0,0.0,1.0,0.0,True
2014,85,81,0,0.0,0.0,bc_init,0,"a0(I0,N0)",0.0,0.0,1.0,0.0,True
2014,86,82,0,0.0,0.0,bc_init,3,"a3(I30,N0)",30.0,0.0,0.65390927,0.65390927,False
2014,87,83,0,0.0,0.0,bc_init,3,"a3(I30,N0)",30.0,0.0,0.65390927,0.65390927,False
2014,88,84,0,0.0,0.0,bc_init,3,"a3(I30,N0)",30.0,0.0,0.65390927,0.65390927,False
2014,89,85,0,0.0,0.0,bc_init,3,"a3(I30,N0)",30.0,0.0,0.65390927,0.65390927,False
2014,90,86,0,0.0,0.0,bc_init,3,"a3(I30,N0)",30.0,0.0,0.65390927,0.65390927,False
2014,91,87,0,0.0,0.0,bc_init,3,"a3(I30,N0)",30.0,0.0,0.65390927,0.65390927,False
2014,92,88,0,0.0,0.0,bc_init,3,"a3(I30,N0)",30.0,0.0,0.65390927,0.65390927,False
2014,93,89,0,0.0,0.0,bc_init,3,"a3(I30,N0)",30.0,0.0,0.65390927,0.65390927,False
2014,94,90,0,0.0,0.0,bc_init,3,"a3(I30,N0)",30.0,0.0,0.65390927,0.65390927,False
2014,95,91,0,0.0,0.0,bc_init,6,"a6(I45,N0)",45.0,0.0,0.4918045,0.82411826,False
2014,96,92,0,0.0,0.0,bc_init,6,"a6(I45,N0)",45.0,0.0,0.4918045,0.82411826,False
2014,97,93,0,0.0,0.0,bc_init,6,"a6(I45,N0)",45.0,0.0,0.4918045,0.82411826,False
2014,98,94,0,0.0,0.0,bc_init,6,"a6(I45,N0)",45.0,0.0,0.4918045,0.82411826,False
2014,99,95,6,45.0,0.0,bc_init,6,"a6(I45,N0)",45.0,0.0,0.4918045,0.82411826,True
2014,100,96,0,0.0,0.0,bc_init,0,"a0(I0,N0)",0.0,0.0,1.0,0.0,True
2014,101,97,0,0.0,0.0,bc_init,0,"a0(I0,N0)",0.0,0.0,1.0,0.0,True
2014,102,98,0,0.0,0.0,bc_init,0,"a0(I0,N0)",0.0,0.0,1.0,0.0,True
2014,103,99,0,0.0,0.0,bc_init,0,"a0(I0,N0)",0.0,0.0,1.0,0.0,True
2014,104,100,0,0.0,0.0,bc_init,0,"a0(I0,N0)",0.0,0.0,1.0,0.0,True
2014,105,101,0,0.0,0.0,bc_init,0,"a0(I0,N0)",0.0,0.0,1.0,0.0,True
2014,106,102,0,0.0,0.0,bc_init,3,"a3(I30,N0)",30.0,0.0,0.65390927,0.65390927,False
2014,107,103,0,0.0,0.0,bc_init,3,"a3(I30,N0)",30.0,0.0,0.65390927,0.65390927,False
2014,108,104,0,0.0,0.0,bc_init,3,"a3(I30,N0)",30.0,0.0,0.65390927,0.65390927,False
2014,109,105,0,0.0,0.0,bc_init,3,"a3(I30,N0)",30.0,0.0,0.65390927,0.65390927,False
2014,110,106,0,0.0,0.0,bc_init,3,"a3(I30,N0)",30.0,0.0,0.66156423,0.66156423,False
2014,111,107,0,0.0,0.0,bc_init,3,"a3(I30,N0)",30.0,0.0,0.66156423,0.66156423,False
2014,112,108,0,0.0,0.0,bc_init,3,"a3(I30,N0)",30.0,0.0,0.66505057,0.66505057,False
2014,113,109,0,0.0,0.0,bc_init,3,"a3(I30,N0)",30.0,0.0,0.66505057,0.66505057,False
2014,114,110,3,30.0,0.0,bc_init,3,"a3(I30,N0)",30.0,0.0,0.66505057,0.66505057,True
2014,115,111,0,0.0,0.0,bc_init,0,"a0(I0,N0)",0.0,0.0,1.0,0.0,True
2014,116,112,0,0.0,0.0,bc_init,0,"a0(I0,N0)",0.0,0.0,1.0,0.0,True
2014,117,113,0,0.0,0.0,bc_init,0,"a0(I0,N0)",0.0,0.0,1.0,0.0,True
2014,118,114,0,0.0,0.0,bc_init,0,"a0(I0,N0)",0.0,0.0,1.0,0.0,True
2014,119,115,0,0.0,0.0,bc_init,0,"a0(I0,N0)",0.0,0.0,1.0,0.0,True
2014,120,116,0,0.0,0.0,bc_init,0,"a0(I0,N0)",0.0,0.0,1.0,0.0,True
2014,121,117,0,0.0,0.0,bc_init,0,"a0(I0,N0)",0.0,0.0,1.0,0.0,True
2014,122,118,0,0.0,0.0,bc_init,0,"a0(I0,N0)",0.0,0.0,1.0,0.0,True
2014,123,119,0,0.0,0.0,bc_init,0,"a0(I0,N0)",0.0,0.0,1.0,0.0,True
2014,124,120,0,0.0,0.0,bc_init,0,"a0(I0,N0)",0.0,0.0,1.0,0.0,True
2014,125,121,0,0.0,0.0,bc_init,0,"a0(I0,N0)",0.0,0.0,1.0,0.0,True
2014,126,122,0,0.0,0.0,bc_init,0,"a0(I0,N0)",0.0,0.0,1.0,0.0,True
2014,127,123,0,0.0,0.0,bc_init,0,"a0(I0,N0)",0.0,0.0,1.0,0.0,True
2014,128,124,0,0.0,0.0,bc_init,0,"a0(I0,N0)",0.0,0.0,1.0,0.0,True
2014,129,125,0,0.0,0.0,bc_init,0,"a0(I0,N0)",0.0,0.0,1.0,0.0,True
2014,130,126,0,0.0,0.0,bc_init,0,"a0(I0,N0)",0.0,0.0,1.0,0.0,True
2014,131,127,0,0.0,0.0,bc_init,0,"a0(I0,N0)",0.0,0.0,1.0,0.0,True
2014,132,128,0,0.0,0.0,bc_init,0,"a0(I0,N0)",0.0,0.0,1.0,0.0,True
2014,133,129,0,0.0,0.0,bc_init,0,"a0(I0,N0)",0.0,0.0,1.0,0.0,True
2014,134,130,0,0.0,0.0,bc_init,0,"a0(I0,N0)",0.0,0.0,1.0,0.0,True
2014,135,131,0,0.0,0.0,bc_init,0,"a0(I0,N0)",0.0,0.0,1.0,0.0,True
2014,136,132,0,0.0,0.0,bc_init,0,"a0(I0,N0)",0.0,0.0,1.0,0.0,True
2014,137,133,0,0.0,0.0,bc_init,0,"a0(I0,N0)",0.0,0.0,1.0,0.0,True
2014,138,134,0,0.0,0.0,bc_init,0,"a0(I0,N0)",0.0,0.0,1.0,0.0,True
2014,139,135,0,0.0,0.0,bc_init,0,"a0(I0,N0)",0.0,0.0,1.0,0.0,True
2014,140,136,0,0.0,0.0,bc_init,0,"a0(I0,N0)",0.0,0.0,1.0,0.0,True
2014,141,137,0,0.0,0.0,bc_init,0,"a0(I0,N0)",0.0,0.0,1.0,0.0,True
2014,142,138,0,0.0,0.0,bc_init,0,"a0(I0,N0)",0.0,0.0,1.0,0.0,True
2014,143,139,0,0.0,0.0,bc_init,0,"a0(I0,N0)",0.0,0.0,1.0,0.0,True
2014,144,140,0,0.0,0.0,bc_init,0,"a0(I0,N0)",0.0,0.0,1.0,0.0,True
2014,145,141,0,0.0,0.0,bc_init,0,"a0(I0,N0)",0.0,0.0,1.0,0.0,True
2014,146,142,0,0.0,0.0,bc_init,0,"a0(I0,N0)",0.0,0.0,1.0,0.0,True
2014,147,143,0,0.0,0.0,bc_init,0,"a0(I0,N0)",0.0,0.0,1.0,0.0,True
2014,148,144,0,0.0,0.0,bc_init,0,"a0(I0,N0)",0.0,0.0,1.0,0.0,True
2014,149,145,0,0.0,0.0,bc_init,0,"a0(I0,N0)",0.0,0.0,1.0,0.0,True
2014,150,146,0,0.0,0.0,bc_init,0,"a0(I0,N0)",0.0,0.0,1.0,0.0,True
2014,151,147,0,0.0,0.0,bc_init,0,"a0(I0,N0)",0.0,0.0,1.0,0.0,True
2015,0,0,0,0.0,0.0,bc_init,1,"a1(I0,N80)",0.0,80.0,0.12421545,0.8880136,False
2015,1,0,0,0.0,0.0,bc_init,1,"a1(I0,N80)",0.0,80.0,0.18167427,0.8836955,False
2015,2,0,0,0.0,0.0,bc_init,1,"a1(I0,N80)",0.0,80.0,0.18260224,0.8837588,False
2015,3,0,0,0.0,0.0,bc_init,1,"a1(I0,N80)",0.0,80.0,0.1782374,0.88165545,False
2015,4,0,0,0.0,0.0,bc_init,1,"a1(I0,N80)",0.0,80.0,0.18151782,0.8839904,False
2015,5,1,7,45.0,80.0,bc_init,1,"a1(I0,N80)",0.0,80.0,0.18884106,0.887426,False
2015,6,2,0,0.0,0.0,bc_init,0,"a0(I0,N0)",0.0,0.0,1.0,0.0,True
2015,7,3,0,0.0,0.0,bc_init,0,"a0(I0,N0)",0.0,0.0,1.0,0.0,True
2015,8,4,0,0.0,0.0,bc_init,0,"a0(I0,N0)",0.0,0.0,1.0,0.0,True
2015,9,5,0,0.0,0.0,bc_init,0,"a0(I0,N0)",0.0,0.0,1.0,0.0,True
2015,10,6,0,0.0,0.0,bc_init,0,"a0(I0,N0)",0.0,0.0,1.0,0.0,True
2015,11,7,0,0.0,0.0,bc_init,0,"a0(I0,N0)",0.0,0.0,1.0,0.0,True
2015,12,8,0,0.0,0.0,bc_init,1,"a1(I0,N80)",0.0,80.0,0.24135143,0.83078,False
2015,13,9,0,0.0,0.0,bc_init,1,"a1(I0,N80)",0.0,80.0,0.2492683,0.83862054,False
2015,14,10,0,0.0,0.0,bc_init,1,"a1(I0,N80)",0.0,80.0,0.25157538,0.8394195,False
2015,15,11,0,0.0,0.0,bc_init,1,"a1(I0,N80)",0.0,80.0,0.25282955,0.8398544,False
2015,16,12,0,0.0,0.0,bc_init,1,"a1(I0,N80)",0.0,80.0,0.2476344,0.83493197,False
2015,17,13,0,0.0,0.0,bc_init,1,"a1(I0,N80)",0.0,80.0,0.24930394,0.8384336,False
2015,18,14,0,0.0,0.0,bc_init,1,"a1(I0,N80)",0.0,80.0,0.25110745,0.83917385,False
2015,19,15,0,0.0,0.0,bc_init,1,"a1(I0,N80)",0.0,80.0,0.25015363,0.8345861,False
2015,20,16,0,0.0,0.0,bc_init,1,"a1(I0,N80)",0.0,80.0,0.24858187,0.83818275,False
2015,21,17,0,0.0,0.0,bc_init,1,"a1(I0,N80)",0.0,80.0,0.24743244,0.8359028,False
2015,22,18,0,0.0,0.0,bc_init,1,"a1(I0,N80)",0.0,80.0,0.2507927,0.8329916,False
2015,23,19,0,0.0,0.0,bc_init,1,"a1(I0,N80)",0.0,80.0,0.24801795,0.83747333,False
2015,24,20,0,0.0,0.0,bc_init,1,"a1(I0,N80)",0.0,80.0,0.24864195,0.8360004,False
2015,25,21,0,0.0,0.0,bc_init,1,"a1(I0,N80)",0.0,80.0,0.25494635,0.8321902,False
2015,26,22,0,0.0,0.0,bc_init,1,"a1(I0,N80)",0.0,80.0,0.25328693,0.8319402,False
2015,27,23,0,0.0,0.0,bc_init,1,"a1(I0,N80)",0.0,80.0,0.2611623,0.8390634,False
2015,28,24,0,0.0,0.0,bc_init,1,"a1(I0,N80)",0.0,80.0,0.25972754,0.8348112,False
2015,29,25,0,0.0,0.0,bc_init,1,"a1(I0,N80)",0.0,80.0,0.26250803,0.8401889,False
2015,30,26,0,0.0,0.0,bc_init,1,"a1(I0,N80)",0.0,80.0,0.26520368,0.84065086,False
2015,31,27,0,0.0,0.0,bc_init,1,"a1(I0,N80)",0.0,80.0,0.2661229,0.84050906,False
2015,32,28,0,0.0,0.0,bc_init,1,"a1(I0,N80)",0.0,80.0,0.2667173,0.8409414,False
2015,33,29,0,0.0,0.0,bc_init,1,"a1(I0,N80)",0.0,80.0,0.26919582,0.8463305,False
2015,34,30,0,0.0,0.0,bc_init,1,"a1(I0,N80)",0.0,80.0,0.27224624,0.8512714,False
2015,35,31,6,45.0,0.0,bc_init,1,"a1(I0,N80)",0.0,80.0,0.181537,0.9048587,False
2015,36,32,0,0.0,0.0,bc_init,1,"a1(I0,N80)",0.0,80.0,0.4940759,0.75023556,False
2015,37,33,0,0.0,0.0,bc_init,1,"a1(I0,N80)",0.0,80.0,0.50028,0.7572033,False
2015,38,34,0,0.0,0.0,bc_init,1,"a1(I0,N80)",0.0,80.0,0.50296,0.7598158,False
2015,39,35,0,0.0,0.0,bc_init,1,"a1(I0,N80)",0.0,80.0,0.50361603,0.76139176,False
2015,40,36,0,0.0,0.0,bc_init,1,"a1(I0,N80)",0.0,80.0,0.5086574,0.7650381,False
2015,41,37,0,0.0,0.0,bc_init,1,"a1(I0,N80)",0.0,80.0,0.5092918,0.76761305,False
2015,42,38,3,30.0,0.0,bc_init,1,"a1(I0,N80)",0.0,80.0,0.18651994,0.9158646,False
2015,43,39,0,0.0,0.0,bc_init,1,"a1(I0,N80)",0.0,80.0,0.5021895,0.7683378,False
2015,44,40,0,0.0,0.0,bc_init,1,"a1(I0,N80)",0.0,80.0,0.50991446,0.77451473,False
2015,45,41,0,0.0,0.0,bc_init,1,"a1(I0,N80)",0.0,80.0,0.51442975,0.7778009,False
2015,46,42,0,0.0,0.0,bc_init,1,"a1(I0,N80)",0.0,80.0,0.51445305,0.77837247,False
2015,47,43,1,0.0,80.0,bc_init,1,"a1(I0,N80)",0.0,80.0,0.51437724,0.7784288,True
2015,48,44,0,0.0,0.0,bc_init,0,"a0(I0,N0)",0.0,0.0,1.0,0.0,True
2015,49,45,0,0.0,0.0,bc_init,3,"a3(I30,N0)",30.0,0.0,0.62889135,0.62889135,False
2015,50,46,0,0.0,0.0,bc_init,3,"a3(I30,N0)",30.0,0.0,0.63665164,0.63665164,False
2015,51,47,0,0.0,0.0,bc_init,3,"a3(I30,N0)",30.0,0.0,0.63652635,0.63652635,False
2015,52,48,0,0.0,0.0,bc_init,3,"a3(I30,N0)",30.0,0.0,0.63550043,0.63550043,False
2015,53,49,0,0.0,0.0,bc_init,3,"a3(I30,N0)",30.0,0.0,0.6379498,0.6379498,False
2015,54,50,0,0.0,0.0,bc_init,1,"a1(I0,N80)",0.0,80.0,0.36322474,0.83590055,False
2015,55,51,0,0.0,0.0,bc_init,1,"a1(I0,N80)",0.0,80.0,0.3638631,0.8359858,False
2015,56,52,0,0.0,0.0,bc_init,1,"a1(I0,N80)",0.0,80.0,0.36548793,0.8372472,False
2015,57,53,0,0.0,0.0,bc_init,1,"a1(I0,N80)",0.0,80.0,0.36424688,0.8374733,False
2015,58,54,0,0.0,0.0,bc_init,1,"a1(I0,N80)",0.0,80.0,0.36532345,0.8371267,False
2015,59,55,0,0.0,0.0,bc_init,1,"a1(I0,N80)",0.0,80.0,0.3521781,0.83662736,False
2015,60,56,0,0.0,0.0,bc_init,1,"a1(I0,N80)",0.0,80.0,0.35180718,0.8366049,False
2015,61,57,0,0.0,0.0,bc_init,1,"a1(I0,N80)",0.0,80.0,0.35163027,0.83666706,False
2015,62,58,0,0.0,0.0,bc_init,1,"a1(I0,N80)",0.0,80.0,0.34393865,0.83656013,False
2015,63,59,0,0.0,0.0,bc_init,1,"a1(I0,N80)",0.0,80.0,0.34393844,0.83656013,False
2015,64,60,0,0.0,0.0,bc_init,1,"a1(I0,N80)",0.0,80.0,0.34434658,0.83730364,False
2015,65,61,7,45.0,80.0,bc_init,6,"a6(I45,N0)",45.0,0.0,0.26167747,0.90413034,False
2015,66,62,0,0.0,0.0,bc_init,0,"a0(I0,N0)",0.0,0.0,1.0,0.0,True
2015,67,63,0,0.0,0.0,bc_init,0,"a0(I0,N0)",0.0,0.0,1.0,0.0,True
2015,68,64,0,0.0,0.0,bc_init,0,"a0(I0,N0)",0.0,0.0,1.0,0.0,True
2015,69,65,0,0.0,0.0,bc_init,0,"a0(I0,N0)",0.0,0.0,1.0,0.0,True
2015,70,66,0,0.0,0.0,bc_init,0,"a0(I0,N0)",0.0,0.0,1.0,0.0,True
2015,71,67,0,0.0,0.0,bc_init,0,"a0(I0,N0)",0.0,0.0,1.0,0.0,True
2015,72,68,0,0.0,0.0,bc_init,3,"a3(I30,N0)",30.0,0.0,0.65390927,0.65390927,False
2015,73,69,0,0.0,0.0,bc_init,3,"a3(I30,N0)",30.0,0.0,0.65390927,0.65390927,False
2015,74,70,0,0.0,0.0,bc_init,3,"a3(I30,N0)",30.0,0.0,0.65390927,0.65390927,False
2015,75,71,0,0.0,0.0,bc_init,3,"a3(I30,N0)",30.0,0.0,0.65390927,0.65390927,False
2015,76,72,0,0.0,0.0,bc_init,3,"a3(I30,N0)",30.0,0.0,0.65390927,0.65390927,False
2015,77,73,0,0.0,0.0,bc_init,3,"a3(I30,N0)",30.0,0.0,0.65390927,0.65390927,False
2015,78,74,0,0.0,0.0,bc_init,3,"a3(I30,N0)",30.0,0.0,0.65390927,0.65390927,False
2015,79,75,0,0.0,0.0,bc_init,3,"a3(I30,N0)",30.0,0.0,0.65390927,0.65390927,False
2015,80,76,0,0.0,0.0,bc_init,3,"a3(I30,N0)",30.0,0.0,0.65390927,0.65390927,False
2015,81,77,0,0.0,0.0,bc_init,3,"a3(I30,N0)",30.0,0.0,0.65390927,0.65390927,False
2015,82,78,0,0.0,0.0,bc_init,3,"a3(I30,N0)",30.0,0.0,0.65390927,0.65390927,False
2015,83,79,0,0.0,0.0,bc_init,3,"a3(I30,N0)",30.0,0.0,0.65390927,0.65390927,False
2015,84,80,0,0.0,0.0,bc_init,3,"a3(I30,N0)",30.0,0.0,0.65390927,0.65390927,False
2015,85,81,0,0.0,0.0,bc_init,3,"a3(I30,N0)",30.0,0.0,0.65390927,0.65390927,False
2015,86,82,0,0.0,0.0,bc_init,3,"a3(I30,N0)",30.0,0.0,0.65390927,0.65390927,False
2015,87,83,0,0.0,0.0,bc_init,3,"a3(I30,N0)",30.0,0.0,0.65390927,0.65390927,False
2015,88,84,0,0.0,0.0,bc_init,3,"a3(I30,N0)",30.0,0.0,0.65390927,0.65390927,False
2015,89,85,0,0.0,0.0,bc_init,3,"a3(I30,N0)",30.0,0.0,0.65390927,0.65390927,False
2015,90,86,0,0.0,0.0,bc_init,3,"a3(I30,N0)",30.0,0.0,0.65390927,0.65390927,False
2015,91,87,0,0.0,0.0,bc_init,3,"a3(I30,N0)",30.0,0.0,0.65390927,0.65390927,False
2015,92,88,0,0.0,0.0,bc_init,3,"a3(I30,N0)",30.0,0.0,0.65390927,0.65390927,False
2015,93,89,0,0.0,0.0,bc_init,3,"a3(I30,N0)",30.0,0.0,0.65390927,0.65390927,False
2015,94,90,0,0.0,0.0,bc_init,3,"a3(I30,N0)",30.0,0.0,0.65390927,0.65390927,False
2015,95,91,6,45.0,0.0,bc_init,6,"a6(I45,N0)",45.0,0.0,0.4918045,0.82411826,True
2015,96,92,0,0.0,0.0,bc_init,0,"a0(I0,N0)",0.0,0.0,1.0,0.0,True
2015,97,93,0,0.0,0.0,bc_init,0,"a0(I0,N0)",0.0,0.0,1.0,0.0,True
2015,98,94,0,0.0,0.0,bc_init,0,"a0(I0,N0)",0.0,0.0,1.0,0.0,True
2015,99,95,0,0.0,0.0,bc_init,0,"a0(I0,N0)",0.0,0.0,1.0,0.0,True
2015,100,96,0,0.0,0.0,bc_init,0,"a0(I0,N0)",0.0,0.0,1.0,0.0,True
2015,101,97,0,0.0,0.0,bc_init,0,"a0(I0,N0)",0.0,0.0,1.0,0.0,True
2015,102,98,0,0.0,0.0,bc_init,3,"a3(I30,N0)",30.0,0.0,0.65390927,0.65390927,False
2015,103,99,0,0.0,0.0,bc_init,3,"a3(I30,N0)",30.0,0.0,0.65390927,0.65390927,False
2015,104,100,0,0.0,0.0,bc_init,3,"a3(I30,N0)",30.0,0.0,0.66156423,0.66156423,False
2015,105,101,0,0.0,0.0,bc_init,3,"a3(I30,N0)",30.0,0.0,0.66156423,0.66156423,False
2015,106,102,0,0.0,0.0,bc_init,3,"a3(I30,N0)",30.0,0.0,0.66505057,0.66505057,False
2015,107,103,0,0.0,0.0,bc_init,3,"a3(I30,N0)",30.0,0.0,0.66505057,0.66505057,False
2015,108,104,0,0.0,0.0,bc_init,3,"a3(I30,N0)",30.0,0.0,0.66505057,0.66505057,False
2015,109,105,0,0.0,0.0,bc_init,3,"a3(I30,N0)",30.0,0.0,0.66505057,0.66505057,False
2015,110,106,0,0.0,0.0,bc_init,3,"a3(I30,N0)",30.0,0.0,0.66819465,0.66819465,False
2015,111,107,0,0.0,0.0,bc_init,3,"a3(I30,N0)",30.0,0.0,0.66819465,0.66819465,False
2015,112,108,0,0.0,0.0,bc_init,3,"a3(I30,N0)",30.0,0.0,0.665135,0.665135,False
2015,113,109,0,0.0,0.0,bc_init,3,"a3(I30,N0)",30.0,0.0,0.665135,0.665135,False
2015,114,110,0,0.0,0.0,bc_init,3,"a3(I30,N0)",30.0,0.0,0.665135,0.665135,False
2015,115,111,0,0.0,0.0,bc_init,3,"a3(I30,N0)",30.0,0.0,0.665135,0.665135,False
2015,116,112,0,0.0,0.0,bc_init,3,"a3(I30,N0)",30.0,0.0,0.665135,0.665135,False
2015,117,113,0,0.0,0.0,bc_init,3,"a3(I30,N0)",30.0,0.0,0.665135,0.665135,False
2015,118,114,0,0.0,0.0,bc_init,3,"a3(I30,N0)",30.0,0.0,0.6660121,0.6660121,False
2015,119,115,0,0.0,0.0,bc_init,3,"a3(I30,N0)",30.0,0.0,0.6663524,0.6663524,False
2015,120,116,0,0.0,0.0,bc_init,3,"a3(I30,N0)",30.0,0.0,0.6663524,0.6663524,False
2015,121,117,0,0.0,0.0,bc_init,3,"a3(I30,N0)",30.0,0.0,0.6663524,0.6663524,False
2015,122,118,0,0.0,0.0,bc_init,3,"a3(I30,N0)",30.0,0.0,0.6663528,0.6663528,False
2015,123,119,0,0.0,0.0,bc_init,3,"a3(I30,N0)",30.0,0.0,0.66516787,0.66516787,False
2015,124,120,0,0.0,0.0,bc_init,3,"a3(I30,N0)",30.0,0.0,0.66516787,0.66516787,False
2015,125,121,0,0.0,0.0,bc_init,0,"a0(I0,N0)",0.0,0.0,1.0,0.0,True
2015,126,122,0,0.0,0.0,bc_init,0,"a0(I0,N0)",0.0,0.0,1.0,0.0,True
2015,127,123,0,0.0,0.0,bc_init,0,"a0(I0,N0)",0.0,0.0,1.0,0.0,True
2015,128,124,0,0.0,0.0,bc_init,0,"a0(I0,N0)",0.0,0.0,1.0,0.0,True
2015,129,125,0,0.0,0.0,bc_init,0,"a0(I0,N0)",0.0,0.0,1.0,0.0,True
2015,130,126,0,0.0,0.0,bc_init,0,"a0(I0,N0)",0.0,0.0,1.0,0.0,True
2015,131,127,0,0.0,0.0,bc_init,0,"a0(I0,N0)",0.0,0.0,1.0,0.0,True
2015,132,128,0,0.0,0.0,bc_init,0,"a0(I0,N0)",0.0,0.0,1.0,0.0,True
2015,133,129,0,0.0,0.0,bc_init,0,"a0(I0,N0)",0.0,0.0,1.0,0.0,True
2015,134,130,0,0.0,0.0,bc_init,0,"a0(I0,N0)",0.0,0.0,1.0,0.0,True
2015,135,131,0,0.0,0.0,bc_init,0,"a0(I0,N0)",0.0,0.0,1.0,0.0,True
2015,136,132,0,0.0,0.0,bc_init,0,"a0(I0,N0)",0.0,0.0,1.0,0.0,True
2015,137,133,0,0.0,0.0,bc_init,0,"a0(I0,N0)",0.0,0.0,1.0,0.0,True
2015,138,134,0,0.0,0.0,bc_init,0,"a0(I0,N0)",0.0,0.0,1.0,0.0,True
2015,139,135,0,0.0,0.0,bc_init,0,"a0(I0,N0)",0.0,0.0,1.0,0.0,True
2015,140,136,0,0.0,0.0,bc_init,0,"a0(I0,N0)",0.0,0.0,1.0,0.0,True
2016,0,0,0,0.0,0.0,bc_init,1,"a1(I0,N80)",0.0,80.0,0.1250912,0.8899902,False
2016,1,0,0,0.0,0.0,bc_init,1,"a1(I0,N80)",0.0,80.0,0.17369393,0.8799359,False
2016,2,0,0,0.0,0.0,bc_init,1,"a1(I0,N80)",0.0,80.0,0.17188369,0.8792075,False
2016,3,0,0,0.0,0.0,bc_init,1,"a1(I0,N80)",0.0,80.0,0.17861094,0.8829512,False
2016,4,0,0,0.0,0.0,bc_init,1,"a1(I0,N80)",0.0,80.0,0.1811544,0.88397676,False
2016,5,1,1,0.0,80.0,bc_init,1,"a1(I0,N80)",0.0,80.0,0.19137989,0.8888439,True
2016,6,2,0,0.0,0.0,bc_init,6,"a6(I45,N0)",45.0,0.0,0.3611621,0.71764183,False
2016,7,3,0,0.0,0.0,bc_init,6,"a6(I45,N0)",45.0,0.0,0.35931993,0.71633744,False
2016,8,4,0,0.0,0.0,bc_init,3,"a3(I30,N0)",30.0,0.0,0.3575436,0.7149346,False
2016,9,5,0,0.0,0.0,bc_init,3,"a3(I30,N0)",30.0,0.0,0.3575813,0.71459246,False
2016,10,6,0,0.0,0.0,bc_init,6,"a6(I45,N0)",45.0,0.0,0.35834846,0.7155559,False
2016,11,7,0,0.0,0.0,bc_init,6,"a6(I45,N0)",45.0,0.0,0.35797152,0.7145387,False
2016,12,8,0,0.0,0.0,bc_init,1,"a1(I0,N80)",0.0,80.0,0.16302034,0.88582855,False
2016,13,9,0,0.0,0.0,bc_init,1,"a1(I0,N80)",0.0,80.0,0.16565464,0.88662195,False
2016,14,10,0,0.0,0.0,bc_init,1,"a1(I0,N80)",0.0,80.0,0.16396005,0.88477206,False
2016,15,11,0,0.0,0.0,bc_init,1,"a1(I0,N80)",0.0,80.0,0.16659275,0.8861812,False
2016,16,12,0,0.0,0.0,bc_init,1,"a1(I0,N80)",0.0,80.0,0.17150496,0.89056146,False
2016,17,13,0,0.0,0.0,bc_init,1,"a1(I0,N80)",0.0,80.0,0.16917032,0.8910438,False
2016,18,14,0,0.0,0.0,bc_init,1,"a1(I0,N80)",0.0,80.0,0.17429009,0.8879695,False
2016,19,15,0,0.0,0.0,bc_init,1,"a1(I0,N80)",0.0,80.0,0.17129296,0.88947845,False
2016,20,16,0,0.0,0.0,bc_init,1,"a1(I0,N80)",0.0,80.0,0.17213954,0.89015037,False
2016,21,17,0,0.0,0.0,bc_init,1,"a1(I0,N80)",0.0,80.0,0.1687122,0.889381,False
2016,22,18,0,0.0,0.0,bc_init,1,"a1(I0,N80)",0.0,80.0,0.16831335,0.8891243,False
2016,23,19,0,0.0,0.0,bc_init,1,"a1(I0,N80)",0.0,80.0,0.1689432,0.89054036,False
2016,24,20,0,0.0,0.0,bc_init,1,"a1(I0,N80)",0.0,80.0,0.17090115,0.8909771,False
2016,25,21,0,0.0,0.0,bc_init,1,"a1(I0,N80)",0.0,80.0,0.16901581,0.89105725,False
2016,26,22,0,0.0,0.0,bc_init,1,"a1(I0,N80)",0.0,80.0,0.16913608,0.8913506,False
2016,27,23,0,0.0,0.0,bc_init,1,"a1(I0,N80)",0.0,80.0,0.17171663,0.8907731,False
2016,28,24,0,0.0,0.0,bc_init,1,"a1(I0,N80)",0.0,80.0,0.16881831,0.8900751,False
2016,29,25,0,0.0,0.0,bc_init,1,"a1(I0,N80)",0.0,80.0,0.17222497,0.891168,False
2016,30,26,0,0.0,0.0,bc_init,1,"a1(I0,N80)",0.0,80.0,0.17227681,0.8911383,False
2016,31,27,0,0.0,0.0,bc_init,1,"a1(I0,N80)",0.0,80.0,0.16898468,0.89144146,False
2016,32,28,0,0.0,0.0,bc_init,1,"a1(I0,N80)",0.0,80.0,0.1690272,0.8916452,False
2016,33,29,0,0.0,0.0,bc_init,1,"a1(I0,N80)",0.0,80.0,0.169667,0.89232314,False
2016,34,30,0,0.0,0.0,bc_init,1,"a1(I0,N80)",0.0,80.0,0.17072523,0.89335406,False
2016,35,31,0,0.0,0.0,bc_init,1,"a1(I0,N80)",0.0,80.0,0.17266558,0.89462376,False
2016,36,32,0,0.0,0.0,bc_init,1,"a1(I0,N80)",0.0,80.0,0.17293337,0.8948295,False
2016,37,33,0,0.0,0.0,bc_init,1,"a1(I0,N80)",0.0,80.0,0.17438118,0.89515245,False
2016,38,34,0,0.0,0.0,bc_init,1,"a1(I0,N80)",0.0,80.0,0.17868862,0.8977658,False
2016,39,35,0,0.0,0.0,bc_init,1,"a1(I0,N80)",0.0,80.0,0.18207742,0.8997712,False
2016,40,36,0,0.0,0.0,bc_init,1,"a1(I0,N80)",0.0,80.0,0.18631537,0.90044063,False
2016,41,37,0,0.0,0.0,bc_init,1,"a1(I0,N80)",0.0,80.0,0.18736994,0.9027003,False
2016,42,38,0,0.0,0.0,bc_init,1,"a1(I0,N80)",0.0,80.0,0.18976767,0.9037989,False
2016,43,39,0,0.0,0.0,bc_init,1,"a1(I0,N80)",0.0,80.0,0.19286333,0.9079626,False
2016,44,40,0,0.0,0.0,bc_init,1,"a1(I0,N80)",0.0,80.0,0.1916028,0.9111944,False
2016,45,41,0,0.0,0.0,bc_init,1,"a1(I0,N80)",0.0,80.0,0.19516635,0.9125693,False
2016,46,42,0,0.0,0.0,bc_init,1,"a1(I0,N80)",0.0,80.0,0.18903229,0.914933,False
2016,47,43,1,0.0,80.0,bc_init,1,"a1(I0,N80)",0.0,80.0,0.18867634,0.9159194,True
2016,48,44,0,0.0,0.0,bc_init,6,"a6(I45,N0)",45.0,0.0,0.41643974,0.78583777,False
2016,49,45,3,30.0,0.0,bc_init,6,"a6(I45,N0)",45.0,0.0,0.41992527,0.78996235,False
2016,50,46,0,0.0,0.0,bc_init,0,"a0(I0,N0)",0.0,0.0,1.0,0.0,True
2016,51,47,0,0.0,0.0,bc_init,0,"a0(I0,N0)",0.0,0.0,1.0,0.0,True
2016,52,48,0,0.0,0.0,bc_init,0,"a0(I0,N0)",0.0,0.0,1.0,0.0,True
2016,53,49,0,0.0,0.0,bc_init,0,"a0(I0,N0)",0.0,0.0,1.0,0.0,True
2016,54,50,0,0.0,0.0,bc_init,1,"a1(I0,N80)",0.0,80.0,0.6924151,0.6924151,False
2016,55,51,0,0.0,0.0,bc_init,1,"a1(I0,N80)",0.0,80.0,0.6805734,0.6805734,False
2016,56,52,0,0.0,0.0,bc_init,6,"a6(I45,N0)",45.0,0.0,0.25114098,0.89934444,False
2016,57,53,0,0.0,0.0,bc_init,6,"a6(I45,N0)",45.0,0.0,0.2511233,0.8993488,False
2016,58,54,0,0.0,0.0,bc_init,6,"a6(I45,N0)",45.0,0.0,0.2559271,0.90131855,False
2016,59,55,0,0.0,0.0,bc_init,6,"a6(I45,N0)",45.0,0.0,0.2559482,0.9013287,False
2016,60,56,0,0.0,0.0,bc_init,6,"a6(I45,N0)",45.0,0.0,0.25646752,0.90233016,False
2016,61,57,0,0.0,0.0,bc_init,6,"a6(I45,N0)",45.0,0.0,0.25646767,0.9023303,False
2016,62,58,0,0.0,0.0,bc_init,6,"a6(I45,N0)",45.0,0.0,0.25708568,0.90266967,False
2016,63,59,0,0.0,0.0,bc_init,6,"a6(I45,N0)",45.0,0.0,0.25696647,0.9029562,False
2016,64,60,0,0.0,0.0,bc_init,6,"a6(I45,N0)",45.0,0.0,0.2628668,0.9047565,False
2016,65,61,0,0.0,0.0,bc_init,6,"a6(I45,N0)",45.0,0.0,0.26420826,0.9055319,False
2016,66,62,0,0.0,0.0,bc_init,6,"a6(I45,N0)",45.0,0.0,0.26418284,0.90552557,False
2016,67,63,0,0.0,0.0,bc_init,6,"a6(I45,N0)",45.0,0.0,0.26422977,0.9055221,False
2016,68,64,0,0.0,0.0,bc_init,6,"a6(I45,N0)",45.0,0.0,0.2641769,0.905524,False
2016,69,65,0,0.0,0.0,bc_init,6,"a6(I45,N0)",45.0,0.0,0.26417646,0.90552384,False
2016,70,66,0,0.0,0.0,bc_init,6,"a6(I45,N0)",45.0,0.0,0.2641764,0.9055238,False
2016,71,67,0,0.0,0.0,bc_init,6,"a6(I45,N0)",45.0,0.0,0.2641764,0.9055238,False
2016,72,68,0,0.0,0.0,bc_init,6,"a6(I45,N0)",45.0,0.0,0.2641764,0.9055238,False
2016,73,69,0,0.0,0.0,bc_init,6,"a6(I45,N0)",45.0,0.0,0.2641764,0.9055238,False
2016,74,70,0,0.0,0.0,bc_init,6,"a6(I45,N0)",45.0,0.0,0.2641764,0.9055238,False
2016,75,71,0,0.0,0.0,bc_init,6,"a6(I45,N0)",45.0,0.0,0.2641764,0.9055238,False
2016,76,72,0,0.0,0.0,bc_init,6,"a6(I45,N0)",45.0,0.0,0.2641764,0.9055238,False
2016,77,73,0,0.0,0.0,bc_init,6,"a6(I45,N0)",45.0,0.0,0.2641764,0.9055238,False
2016,78,74,0,0.0,0.0,bc_init,6,"a6(I45,N0)",45.0,0.0,0.2641764,0.9055238,False
2016,79,75,6,45.0,0.0,bc_init,6,"a6(I45,N0)",45.0,0.0,0.2641764,0.9055238,True
2016,80,76,0,0.0,0.0,bc_init,1,"a1(I0,N80)",0.0,80.0,0.677955,0.677955,False
2016,81,77,0,0.0,0.0,bc_init,1,"a1(I0,N80)",0.0,80.0,0.677955,0.677955,False
2016,82,78,0,0.0,0.0,bc_init,1,"a1(I0,N80)",0.0,80.0,0.677955,0.677955,False
2016,83,79,0,0.0,0.0,bc_init,1,"a1(I0,N80)",0.0,80.0,0.677955,0.677955,False
2016,84,80,0,0.0,0.0,bc_init,1,"a1(I0,N80)",0.0,80.0,0.677955,0.677955,False
2016,85,81,0,0.0,0.0,bc_init,1,"a1(I0,N80)",0.0,80.0,0.677955,0.677955,False
2016,86,82,0,0.0,0.0,bc_init,6,"a6(I45,N0)",45.0,0.0,0.2641764,0.9055238,False
2016,87,83,0,0.0,0.0,bc_init,6,"a6(I45,N0)",45.0,0.0,0.2641764,0.9055238,False
2016,88,84,0,0.0,0.0,bc_init,6,"a6(I45,N0)",45.0,0.0,0.2641764,0.9055238,False
2016,89,85,0,0.0,0.0,bc_init,6,"a6(I45,N0)",45.0,0.0,0.2641764,0.9055239,False
2016,90,86,0,0.0,0.0,bc_init,6,"a6(I45,N0)",45.0,0.0,0.2641764,0.9055239,False
2016,91,87,0,0.0,0.0,bc_init,6,"a6(I45,N0)",45.0,0.0,0.2641764,0.9055238,False
2016,92,88,0,0.0,0.0,bc_init,6,"a6(I45,N0)",45.0,0.0,0.2641764,0.9055238,False
2016,93,89,0,0.0,0.0,bc_init,6,"a6(I45,N0)",45.0,0.0,0.2641764,0.9055238,False
2016,94,90,0,0.0,0.0,bc_init,6,"a6(I45,N0)",45.0,0.0,0.2641764,0.9055238,False
2016,95,91,0,0.0,0.0,bc_init,6,"a6(I45,N0)",45.0,0.0,0.4918045,0.82411826,False
2016,96,92,0,0.0,0.0,bc_init,6,"a6(I45,N0)",45.0,0.0,0.4918045,0.82411826,False
2016,97,93,0,0.0,0.0,bc_init,6,"a6(I45,N0)",45.0,0.0,0.4918045,0.82411826,False
2016,98,94,0,0.0,0.0,bc_init,6,"a6(I45,N0)",45.0,0.0,0.4918045,0.82411826,False
2016,99,95,6,45.0,0.0,bc_init,6,"a6(I45,N0)",45.0,0.0,0.4918045,0.82411826,True
2016,100,96,0,0.0,0.0,bc_init,0,"a0(I0,N0)",0.0,0.0,1.0,0.0,True
2016,101,97,0,0.0,0.0,bc_init,0,"a0(I0,N0)",0.0,0.0,1.0,0.0,True
2016,102,98,0,0.0,0.0,bc_init,0,"a0(I0,N0)",0.0,0.0,1.0,0.0,True
2016,103,99,0,0.0,0.0,bc_init,0,"a0(I0,N0)",0.0,0.0,1.0,0.0,True
2016,104,100,0,0.0,0.0,bc_init,0,"a0(I0,N0)",0.0,0.0,1.0,0.0,True
2016,105,101,0,0.0,0.0,bc_init,0,"a0(I0,N0)",0.0,0.0,1.0,0.0,True
2016,106,102,0,0.0,0.0,bc_init,6,"a6(I45,N0)",45.0,0.0,0.4810967,0.82438457,False
2016,107,103,0,0.0,0.0,bc_init,6,"a6(I45,N0)",45.0,0.0,0.47171092,0.8230499,False
2016,108,104,0,0.0,0.0,bc_init,6,"a6(I45,N0)",45.0,0.0,0.47171092,0.8230499,False
2016,109,105,0,0.0,0.0,bc_init,6,"a6(I45,N0)",45.0,0.0,0.47171092,0.8230499,False
2016,110,106,0,0.0,0.0,bc_init,6,"a6(I45,N0)",45.0,0.0,0.47171092,0.8230499,False
2016,111,107,0,0.0,0.0,bc_init,6,"a6(I45,N0)",45.0,0.0,0.47171092,0.8230499,False
2016,112,108,0,0.0,0.0,bc_init,6,"a6(I45,N0)",45.0,0.0,0.46247265,0.82164556,False
2016,113,109,0,0.0,0.0,bc_init,6,"a6(I45,N0)",45.0,0.0,0.4624707,0.82164496,False
2016,114,110,0,0.0,0.0,bc_init,6,"a6(I45,N0)",45.0,0.0,0.4624707,0.82164496,False
2016,115,111,0,0.0,0.0,bc_init,6,"a6(I45,N0)",45.0,0.0,0.45848438,0.8186654,False
2016,116,112,0,0.0,0.0,bc_init,6,"a6(I45,N0)",45.0,0.0,0.45848438,0.8186654,False
2016,117,113,0,0.0,0.0,bc_init,6,"a6(I45,N0)",45.0,0.0,0.45848438,0.8186654,False
2016,118,114,0,0.0,0.0,bc_init,6,"a6(I45,N0)",45.0,0.0,0.45848438,0.8186654,False
2016,119,115,3,30.0,0.0,bc_init,6,"a6(I45,N0)",45.0,0.0,0.45848438,0.8186654,False
2016,120,116,0,0.0,0.0,bc_init,0,"a0(I0,N0)",0.0,0.0,1.0,0.0,True
2016,121,117,0,0.0,0.0,bc_init,0,"a0(I0,N0)",0.0,0.0,1.0,0.0,True
2016,122,118,0,0.0,0.0,bc_init,0,"a0(I0,N0)",0.0,0.0,1.0,0.0,True
2016,123,119,0,0.0,0.0,bc_init,0,"a0(I0,N0)",0.0,0.0,1.0,0.0,True
2016,124,120,0,0.0,0.0,bc_init,0,"a0(I0,N0)",0.0,0.0,1.0,0.0,True
2016,125,121,0,0.0,0.0,bc_init,0,"a0(I0,N0)",0.0,0.0,1.0,0.0,True
2016,126,122,0,0.0,0.0,bc_init,0,"a0(I0,N0)",0.0,0.0,1.0,0.0,True
2016,127,123,0,0.0,0.0,bc_init,0,"a0(I0,N0)",0.0,0.0,1.0,0.0,True
2016,128,124,0,0.0,0.0,bc_init,0,"a0(I0,N0)",0.0,0.0,1.0,0.0,True
2016,129,125,0,0.0,0.0,bc_init,0,"a0(I0,N0)",0.0,0.0,1.0,0.0,True
2016,130,126,0,0.0,0.0,bc_init,0,"a0(I0,N0)",0.0,0.0,1.0,0.0,True
2016,131,127,0,0.0,0.0,bc_init,0,"a0(I0,N0)",0.0,0.0,1.0,0.0,True
2016,132,128,0,0.0,0.0,bc_init,0,"a0(I0,N0)",0.0,0.0,1.0,0.0,True
2016,133,129,0,0.0,0.0,bc_init,0,"a0(I0,N0)",0.0,0.0,1.0,0.0,True
2016,134,130,0,0.0,0.0,bc_init,0,"a0(I0,N0)",0.0,0.0,1.0,0.0,True
2016,135,131,0,0.0,0.0,bc_init,0,"a0(I0,N0)",0.0,0.0,1.0,0.0,True
2016,136,132,0,0.0,0.0,bc_init,0,"a0(I0,N0)",0.0,0.0,1.0,0.0,True
2016,137,133,0,0.0,0.0,bc_init,0,"a0(I0,N0)",0.0,0.0,1.0,0.0,True
2016,138,134,0,0.0,0.0,bc_init,0,"a0(I0,N0)",0.0,0.0,1.0,0.0,True
2016,139,135,0,0.0,0.0,bc_init,0,"a0(I0,N0)",0.0,0.0,1.0,0.0,True
2016,140,136,0,0.0,0.0,bc_init,0,"a0(I0,N0)",0.0,0.0,1.0,0.0,True
2017,0,0,0,0.0,0.0,bc_init,1,"a1(I0,N80)",0.0,80.0,0.12551515,0.8902402,False
2017,1,0,0,0.0,0.0,bc_init,1,"a1(I0,N80)",0.0,80.0,0.17898642,0.8819686,False
2017,2,0,0,0.0,0.0,bc_init,1,"a1(I0,N80)",0.0,80.0,0.18001816,0.8833595,False
2017,3,0,0,0.0,0.0,bc_init,1,"a1(I0,N80)",0.0,80.0,0.18069278,0.8829228,False
2017,4,0,0,0.0,0.0,bc_init,1,"a1(I0,N80)",0.0,80.0,0.18142545,0.88346076,False
2017,5,1,1,0.0,80.0,bc_init,1,"a1(I0,N80)",0.0,80.0,0.19101419,0.88779014,True
2017,6,2,0,0.0,0.0,bc_init,6,"a6(I45,N0)",45.0,0.0,0.36196887,0.71823055,False
2017,7,3,0,0.0,0.0,bc_init,6,"a6(I45,N0)",45.0,0.0,0.35810515,0.713897,False
2017,8,4,0,0.0,0.0,bc_init,6,"a6(I45,N0)",45.0,0.0,0.3585784,0.71501416,False
2017,9,5,0,0.0,0.0,bc_init,3,"a3(I30,N0)",30.0,0.0,0.35784787,0.7140863,False
2017,10,6,0,0.0,0.0,bc_init,3,"a3(I30,N0)",30.0,0.0,0.35804373,0.71330607,False
2017,11,7,0,0.0,0.0,bc_init,3,"a3(I30,N0)",30.0,0.0,0.357782,0.714295,False
2017,12,8,0,0.0,0.0,bc_init,1,"a1(I0,N80)",0.0,80.0,0.16020635,0.8858597,False
2017,13,9,0,0.0,0.0,bc_init,1,"a1(I0,N80)",0.0,80.0,0.1634351,0.88731307,False
2017,14,10,0,0.0,0.0,bc_init,1,"a1(I0,N80)",0.0,80.0,0.16281152,0.8869411,False
2017,15,11,0,0.0,0.0,bc_init,1,"a1(I0,N80)",0.0,80.0,0.16307545,0.8870671,False
2017,16,12,0,0.0,0.0,bc_init,1,"a1(I0,N80)",0.0,80.0,0.16358075,0.88739014,False
2017,17,13,0,0.0,0.0,bc_init,1,"a1(I0,N80)",0.0,80.0,0.16418363,0.8878123,False
2017,18,14,0,0.0,0.0,bc_init,1,"a1(I0,N80)",0.0,80.0,0.16265436,0.88612413,False
2017,19,15,0,0.0,0.0,bc_init,1,"a1(I0,N80)",0.0,80.0,0.16147162,0.88629854,False
2017,20,16,0,0.0,0.0,bc_init,1,"a1(I0,N80)",0.0,80.0,0.16087638,0.8858741,False
2017,21,17,0,0.0,0.0,bc_init,1,"a1(I0,N80)",0.0,80.0,0.16369505,0.8865247,False
2017,22,18,0,0.0,0.0,bc_init,1,"a1(I0,N80)",0.0,80.0,0.16565661,0.8871583,False
2017,23,19,0,0.0,0.0,bc_init,1,"a1(I0,N80)",0.0,80.0,0.16586089,0.88674766,False
2017,24,20,0,0.0,0.0,bc_init,1,"a1(I0,N80)",0.0,80.0,0.16684978,0.88623625,False
2017,25,21,0,0.0,0.0,bc_init,1,"a1(I0,N80)",0.0,80.0,0.16755424,0.8865442,False
2017,26,22,0,0.0,0.0,bc_init,1,"a1(I0,N80)",0.0,80.0,0.16897935,0.890985,False
2017,27,23,0,0.0,0.0,bc_init,1,"a1(I0,N80)",0.0,80.0,0.16898191,0.89115995,False
2017,28,24,0,0.0,0.0,bc_init,1,"a1(I0,N80)",0.0,80.0,0.16900487,0.8913824,False
2017,29,25,0,0.0,0.0,bc_init,1,"a1(I0,N80)",0.0,80.0,0.1689574,0.8914553,False
2017,30,26,0,0.0,0.0,bc_init,1,"a1(I0,N80)",0.0,80.0,0.16893922,0.8915572,False
2017,31,27,0,0.0,0.0,bc_init,1,"a1(I0,N80)",0.0,80.0,0.16893783,0.8915595,False
2017,32,28,0,0.0,0.0,bc_init,1,"a1(I0,N80)",0.0,80.0,0.16893733,0.89155775,False
2017,33,29,0,0.0,0.0,bc_init,1,"a1(I0,N80)",0.0,80.0,0.16894393,0.8915639,False
2017,34,30,6,45.0,0.0,bc_init,1,"a1(I0,N80)",0.0,80.0,0.16894819,0.8915696,False
2017,35,31,0,0.0,0.0,bc_init,1,"a1(I0,N80)",0.0,80.0,0.47365102,0.7028167,False
2017,36,32,0,0.0,0.0,bc_init,1,"a1(I0,N80)",0.0,80.0,0.46800733,0.6964625,False
2017,37,33,0,0.0,0.0,bc_init,1,"a1(I0,N80)",0.0,80.0,0.47045892,0.6992806,False
2017,38,34,0,0.0,0.0,bc_init,1,"a1(I0,N80)",0.0,80.0,0.47444743,0.7041305,False
2017,39,35,0,0.0,0.0,bc_init,1,"a1(I0,N80)",0.0,80.0,0.4737498,0.70312667,False
2017,40,36,0,0.0,0.0,bc_init,1,"a1(I0,N80)",0.0,80.0,0.47569636,0.705909,False
2017,41,37,0,0.0,0.0,bc_init,1,"a1(I0,N80)",0.0,80.0,0.1772253,0.89362526,False
2017,42,38,0,0.0,0.0,bc_init,1,"a1(I0,N80)",0.0,80.0,0.17786346,0.89538646,False
2017,43,39,0,0.0,0.0,bc_init,1,"a1(I0,N80)",0.0,80.0,0.17848939,0.89666045,False
2017,44,40,0,0.0,0.0,bc_init,1,"a1(I0,N80)",0.0,80.0,0.18171851,0.8995651,False
2017,45,41,0,0.0,0.0,bc_init,1,"a1(I0,N80)",0.0,80.0,0.18487531,0.90324324,False
2017,46,42,0,0.0,0.0,bc_init,1,"a1(I0,N80)",0.0,80.0,0.1938547,0.904071,False
2017,47,43,1,0.0,80.0,bc_init,1,"a1(I0,N80)",0.0,80.0,0.19334282,0.90481615,True
2017,48,44,0,0.0,0.0,bc_init,6,"a6(I45,N0)",45.0,0.0,0.4449235,0.7801618,False
2017,49,45,6,45.0,0.0,bc_init,6,"a6(I45,N0)",45.0,0.0,0.445834,0.78068733,True
2017,50,46,0,0.0,0.0,bc_init,0,"a0(I0,N0)",0.0,0.0,1.0,0.0,True
2017,51,47,0,0.0,0.0,bc_init,0,"a0(I0,N0)",0.0,0.0,1.0,0.0,True
2017,52,48,0,0.0,0.0,bc_init,0,"a0(I0,N0)",0.0,0.0,1.0,0.0,True
2017,53,49,0,0.0,0.0,bc_init,0,"a0(I0,N0)",0.0,0.0,1.0,0.0,True
2017,54,50,0,0.0,0.0,bc_init,1,"a1(I0,N80)",0.0,80.0,0.6738313,0.6738313,False
2017,55,51,0,0.0,0.0,bc_init,1,"a1(I0,N80)",0.0,80.0,0.68084854,0.68084854,False
2017,56,52,0,0.0,0.0,bc_init,6,"a6(I45,N0)",45.0,0.0,0.23839892,0.8897923,False
2017,57,53,0,0.0,0.0,bc_init,6,"a6(I45,N0)",45.0,0.0,0.2384013,0.88979614,False
2017,58,54,0,0.0,0.0,bc_init,6,"a6(I45,N0)",45.0,0.0,0.24126118,0.8908629,False
2017,59,55,0,0.0,0.0,bc_init,6,"a6(I45,N0)",45.0,0.0,0.2430401,0.89275527,False
2017,60,56,0,0.0,0.0,bc_init,6,"a6(I45,N0)",45.0,0.0,0.2443774,0.89357185,False
2017,61,57,0,0.0,0.0,bc_init,6,"a6(I45,N0)",45.0,0.0,0.25328907,0.8980781,False
2017,62,58,0,0.0,0.0,bc_init,6,"a6(I45,N0)",45.0,0.0,0.25777337,0.90141267,False
2017,63,59,0,0.0,0.0,bc_init,6,"a6(I45,N0)",45.0,0.0,0.2565333,0.9023488,False
2017,64,60,6,45.0,0.0,bc_init,6,"a6(I45,N0)",45.0,0.0,0.25646764,0.9023302,True
2017,65,61,1,0.0,80.0,bc_init,1,"a1(I0,N80)",0.0,80.0,0.6828495,0.6828495,True
2017,66,62,0,0.0,0.0,bc_init,0,"a0(I0,N0)",0.0,0.0,1.0,0.0,True
2017,67,63,0,0.0,0.0,bc_init,0,"a0(I0,N0)",0.0,0.0,1.0,0.0,True
2017,68,64,0,0.0,0.0,bc_init,0,"a0(I0,N0)",0.0,0.0,1.0,0.0,True
2017,69,65,0,0.0,0.0,bc_init,0,"a0(I0,N0)",0.0,0.0,1.0,0.0,True
2017,70,66,0,0.0,0.0,bc_init,0,"a0(I0,N0)",0.0,0.0,1.0,0.0,True
2017,71,67,0,0.0,0.0,bc_init,6,"a6(I45,N0)",45.0,0.0,0.48264712,0.82222843,False
2017,72,68,0,0.0,0.0,bc_init,6,"a6(I45,N0)",45.0,0.0,0.48264548,0.8222277,False
2017,73,69,0,0.0,0.0,bc_init,6,"a6(I45,N0)",45.0,0.0,0.48819342,0.82399356,False
2017,74,70,0,0.0,0.0,bc_init,6,"a6(I45,N0)",45.0,0.0,0.4918045,0.82411826,False
2017,75,71,0,0.0,0.0,bc_init,6,"a6(I45,N0)",45.0,0.0,0.4918045,0.82411826,False
2017,76,72,0,0.0,0.0,bc_init,6,"a6(I45,N0)",45.0,0.0,0.49180445,0.82411826,False
2017,77,73,0,0.0,0.0,bc_init,6,"a6(I45,N0)",45.0,0.0,0.49180445,0.82411826,False
2017,78,74,0,0.0,0.0,bc_init,6,"a6(I45,N0)",45.0,0.0,0.4918045,0.82411826,False
2017,79,75,3,30.0,0.0,bc_init,6,"a6(I45,N0)",45.0,0.0,0.4918045,0.82411826,False
2017,80,76,0,0.0,0.0,bc_init,0,"a0(I0,N0)",0.0,0.0,1.0,0.0,True
2017,81,77,0,0.0,0.0,bc_init,0,"a0(I0,N0)",0.0,0.0,1.0,0.0,True
2017,82,78,0,0.0,0.0,bc_init,0,"a0(I0,N0)",0.0,0.0,1.0,0.0,True
2017,83,79,0,0.0,0.0,bc_init,0,"a0(I0,N0)",0.0,0.0,1.0,0.0,True
2017,84,80,0,0.0,0.0,bc_init,0,"a0(I0,N0)",0.0,0.0,1.0,0.0,True
2017,85,81,0,0.0,0.0,bc_init,0,"a0(I0,N0)",0.0,0.0,1.0,0.0,True
2017,86,82,0,0.0,0.0,bc_init,3,"a3(I30,N0)",30.0,0.0,0.65390927,0.65390927,False
2017,87,83,0,0.0,0.0,bc_init,3,"a3(I30,N0)",30.0,0.0,0.65390927,0.65390927,False
2017,88,84,0,0.0,0.0,bc_init,3,"a3(I30,N0)",30.0,0.0,0.65390927,0.65390927,False
2017,89,85,0,0.0,0.0,bc_init,3,"a3(I30,N0)",30.0,0.0,0.65390927,0.65390927,False
2017,90,86,0,0.0,0.0,bc_init,3,"a3(I30,N0)",30.0,0.0,0.65390927,0.65390927,False
2017,91,87,0,0.0,0.0,bc_init,3,"a3(I30,N0)",30.0,0.0,0.65390927,0.65390927,False
2017,92,88,0,0.0,0.0,bc_init,3,"a3(I30,N0)",30.0,0.0,0.65390927,0.65390927,False
2017,93,89,0,0.0,0.0,bc_init,3,"a3(I30,N0)",30.0,0.0,0.65390927,0.65390927,False
2017,94,90,0,0.0,0.0,bc_init,3,"a3(I30,N0)",30.0,0.0,0.65390927,0.65390927,False
2017,95,91,0,0.0,0.0,bc_init,6,"a6(I45,N0)",45.0,0.0,0.4918045,0.82411826,False
2017,96,92,0,0.0,0.0,bc_init,6,"a6(I45,N0)",45.0,0.0,0.4918045,0.82411826,False
2017,97,93,0,0.0,0.0,bc_init,6,"a6(I45,N0)",45.0,0.0,0.4918045,0.82411826,False
2017,98,94,0,0.0,0.0,bc_init,6,"a6(I45,N0)",45.0,0.0,0.4918045,0.82411826,False
2017,99,95,6,45.0,0.0,bc_init,6,"a6(I45,N0)",45.0,0.0,0.4918045,0.82411826,True
2017,100,96,0,0.0,0.0,bc_init,0,"a0(I0,N0)",0.0,0.0,1.0,0.0,True
2017,101,97,0,0.0,0.0,bc_init,0,"a0(I0,N0)",0.0,0.0,1.0,0.0,True
2017,102,98,0,0.0,0.0,bc_init,0,"a0(I0,N0)",0.0,0.0,1.0,0.0,True
2017,103,99,0,0.0,0.0,bc_init,0,"a0(I0,N0)",0.0,0.0,1.0,0.0,True
2017,104,100,0,0.0,0.0,bc_init,0,"a0(I0,N0)",0.0,0.0,1.0,0.0,True
2017,105,101,0,0.0,0.0,bc_init,0,"a0(I0,N0)",0.0,0.0,1.0,0.0,True
2017,106,102,0,0.0,0.0,bc_init,3,"a3(I30,N0)",30.0,0.0,0.66505057,0.66505057,False
2017,107,103,0,0.0,0.0,bc_init,3,"a3(I30,N0)",30.0,0.0,0.66819465,0.66819465,False
2017,108,104,0,0.0,0.0,bc_init,3,"a3(I30,N0)",30.0,0.0,0.66819465,0.66819465,False
2017,109,105,0,0.0,0.0,bc_init,3,"a3(I30,N0)",30.0,0.0,0.665135,0.665135,False
2017,110,106,0,0.0,0.0,bc_init,3,"a3(I30,N0)",30.0,0.0,0.665135,0.665135,False
2017,111,107,0,0.0,0.0,bc_init,3,"a3(I30,N0)",30.0,0.0,0.665135,0.665135,False
2017,112,108,0,0.0,0.0,bc_init,3,"a3(I30,N0)",30.0,0.0,0.665135,0.665135,False
2017,113,109,0,0.0,0.0,bc_init,3,"a3(I30,N0)",30.0,0.0,0.6651351,0.6651351,False
2017,114,110,3,30.0,0.0,bc_init,3,"a3(I30,N0)",30.0,0.0,0.6660121,0.6660121,True
2017,115,111,0,0.0,0.0,bc_init,0,"a0(I0,N0)",0.0,0.0,1.0,0.0,True
2017,116,112,0,0.0,0.0,bc_init,0,"a0(I0,N0)",0.0,0.0,1.0,0.0,True
2017,117,113,0,0.0,0.0,bc_init,0,"a0(I0,N0)",0.0,0.0,1.0,0.0,True
2017,118,114,0,0.0,0.0,bc_init,0,"a0(I0,N0)",0.0,0.0,1.0,0.0,True
2017,119,115,0,0.0,0.0,bc_init,0,"a0(I0,N0)",0.0,0.0,1.0,0.0,True
2017,120,116,0,0.0,0.0,bc_init,0,"a0(I0,N0)",0.0,0.0,1.0,0.0,True
2017,121,117,0,0.0,0.0,bc_init,0,"a0(I0,N0)",0.0,0.0,1.0,0.0,True
2017,122,118,0,0.0,0.0,bc_init,0,"a0(I0,N0)",0.0,0.0,1.0,0.0,True
2017,123,119,0,0.0,0.0,bc_init,0,"a0(I0,N0)",0.0,0.0,1.0,0.0,True
2017,124,120,0,0.0,0.0,bc_init,0,"a0(I0,N0)",0.0,0.0,1.0,0.0,True
2017,125,121,0,0.0,0.0,bc_init,0,"a0(I0,N0)",0.0,0.0,1.0,0.0,True
2017,126,122,0,0.0,0.0,bc_init,0,"a0(I0,N0)",0.0,0.0,1.0,0.0,True
2017,127,123,0,0.0,0.0,bc_init,0,"a0(I0,N0)",0.0,0.0,1.0,0.0,True
2017,128,124,0,0.0,0.0,bc_init,0,"a0(I0,N0)",0.0,0.0,1.0,0.0,True
2017,129,125,0,0.0,0.0,bc_init,0,"a0(I0,N0)",0.0,0.0,1.0,0.0,True
2017,130,126,0,0.0,0.0,bc_init,0,"a0(I0,N0)",0.0,0.0,1.0,0.0,True
2017,131,127,0,0.0,0.0,bc_init,0,"a0(I0,N0)",0.0,0.0,1.0,0.0,True
2017,132,128,0,0.0,0.0,bc_init,0,"a0(I0,N0)",0.0,0.0,1.0,0.0,True
2017,133,129,0,0.0,0.0,bc_init,0,"a0(I0,N0)",0.0,0.0,1.0,0.0,True
2017,134,130,0,0.0,0.0,bc_init,0,"a0(I0,N0)",0.0,0.0,1.0,0.0,True
2017,135,131,0,0.0,0.0,bc_init,0,"a0(I0,N0)",0.0,0.0,1.0,0.0,True
2017,136,132,0,0.0,0.0,bc_init,0,"a0(I0,N0)",0.0,0.0,1.0,0.0,True
2017,137,133,0,0.0,0.0,bc_init,0,"a0(I0,N0)",0.0,0.0,1.0,0.0,True
2017,138,134,0,0.0,0.0,bc_init,0,"a0(I0,N0)",0.0,0.0,1.0,0.0,True
2018,0,0,0,0.0,0.0,bc_init,1,"a1(I0,N80)",0.0,80.0,0.12545116,0.88812727,False
2018,1,0,0,0.0,0.0,bc_init,1,"a1(I0,N80)",0.0,80.0,0.18272553,0.88397145,False
2018,2,0,0,0.0,0.0,bc_init,1,"a1(I0,N80)",0.0,80.0,0.18225019,0.88356316,False
2018,3,0,0,0.0,0.0,bc_init,1,"a1(I0,N80)",0.0,80.0,0.18283655,0.8841001,False
2018,4,0,0,0.0,0.0,bc_init,1,"a1(I0,N80)",0.0,80.0,0.18209544,0.8850285,False
2018,5,1,3,30.0,0.0,bc_init,1,"a1(I0,N80)",0.0,80.0,0.18655382,0.8876304,False
2018,6,2,0,0.0,0.0,bc_init,1,"a1(I0,N80)",0.0,80.0,0.4622854,0.6865562,False
2018,7,3,0,0.0,0.0,bc_init,1,"a1(I0,N80)",0.0,80.0,0.44396967,0.6733789,False
2018,8,4,0,0.0,0.0,bc_init,1,"a1(I0,N80)",0.0,80.0,0.44801468,0.6690896,False
2018,9,5,0,0.0,0.0,bc_init,1,"a1(I0,N80)",0.0,80.0,0.44473624,0.66808814,False
2018,10,6,0,0.0,0.0,bc_init,1,"a1(I0,N80)",0.0,80.0,0.44329306,0.66819453,False
2018,11,7,0,0.0,0.0,bc_init,1,"a1(I0,N80)",0.0,80.0,0.44599617,0.66679657,False
2018,12,8,0,0.0,0.0,bc_init,1,"a1(I0,N80)",0.0,80.0,0.16678876,0.88155425,False
2018,13,9,0,0.0,0.0,bc_init,1,"a1(I0,N80)",0.0,80.0,0.17031819,0.8875356,False
2018,14,10,0,0.0,0.0,bc_init,1,"a1(I0,N80)",0.0,80.0,0.17977443,0.8855578,False
2018,15,11,0,0.0,0.0,bc_init,1,"a1(I0,N80)",0.0,80.0,0.17960794,0.88667667,False
2018,16,12,0,0.0,0.0,bc_init,1,"a1(I0,N80)",0.0,80.0,0.18055579,0.8851085,False
2018,17,13,0,0.0,0.0,bc_init,1,"a1(I0,N80)",0.0,80.0,0.17816016,0.88426095,False
2018,18,14,0,0.0,0.0,bc_init,1,"a1(I0,N80)",0.0,80.0,0.17912826,0.88468844,False
2018,19,15,0,0.0,0.0,bc_init,1,"a1(I0,N80)",0.0,80.0,0.17979711,0.8864342,False
2018,20,16,0,0.0,0.0,bc_init,1,"a1(I0,N80)",0.0,80.0,0.17975795,0.8839251,False
2018,21,17,0,0.0,0.0,bc_init,1,"a1(I0,N80)",0.0,80.0,0.1816258,0.8855714,False
2018,22,18,0,0.0,0.0,bc_init,1,"a1(I0,N80)",0.0,80.0,0.18249437,0.88504744,False
2018,23,19,0,0.0,0.0,bc_init,1,"a1(I0,N80)",0.0,80.0,0.18166849,0.8851313,False
2018,24,20,0,0.0,0.0,bc_init,1,"a1(I0,N80)",0.0,80.0,0.18175486,0.88453186,False
2018,25,21,0,0.0,0.0,bc_init,1,"a1(I0,N80)",0.0,80.0,0.18249905,0.8946497,False
2018,26,22,0,0.0,0.0,bc_init,1,"a1(I0,N80)",0.0,80.0,0.18545653,0.89452076,False
2018,27,23,0,0.0,0.0,bc_init,1,"a1(I0,N80)",0.0,80.0,0.184188,0.8912963,False
2018,28,24,0,0.0,0.0,bc_init,1,"a1(I0,N80)",0.0,80.0,0.18907857,0.8956172,False
2018,29,25,0,0.0,0.0,bc_init,1,"a1(I0,N80)",0.0,80.0,0.1873673,0.8997189,False
2018,30,26,0,0.0,0.0,bc_init,1,"a1(I0,N80)",0.0,80.0,0.18724282,0.90150774,False
2018,31,27,0,0.0,0.0,bc_init,1,"a1(I0,N80)",0.0,80.0,0.19036478,0.9029101,False
2018,32,28,0,0.0,0.0,bc_init,1,"a1(I0,N80)",0.0,80.0,0.1820984,0.9037824,False
2018,33,29,0,0.0,0.0,bc_init,1,"a1(I0,N80)",0.0,80.0,0.1818403,0.9058429,False
2018,34,30,6,45.0,0.0,bc_init,1,"a1(I0,N80)",0.0,80.0,0.18904006,0.9104415,False
2018,35,31,0,0.0,0.0,bc_init,1,"a1(I0,N80)",0.0,80.0,0.48934805,0.74868417,False
2018,36,32,0,0.0,0.0,bc_init,1,"a1(I0,N80)",0.0,80.0,0.5134119,0.7620354,False
2018,37,33,0,0.0,0.0,bc_init,1,"a1(I0,N80)",0.0,80.0,0.5047,0.7570703,False
2018,38,34,0,0.0,0.0,bc_init,1,"a1(I0,N80)",0.0,80.0,0.48650748,0.7501888,False
2018,39,35,0,0.0,0.0,bc_init,1,"a1(I0,N80)",0.0,80.0,0.5023316,0.76432896,False
2018,40,36,0,0.0,0.0,bc_init,1,"a1(I0,N80)",0.0,80.0,0.50738513,0.7711886,False
2018,41,37,0,0.0,0.0,bc_init,1,"a1(I0,N80)",0.0,80.0,0.1931891,0.9154761,False
2018,42,38,0,0.0,0.0,bc_init,1,"a1(I0,N80)",0.0,80.0,0.19508195,0.9150207,False
2018,43,39,0,0.0,0.0,bc_init,1,"a1(I0,N80)",0.0,80.0,0.1937623,0.9161192,False
2018,44,40,0,0.0,0.0,bc_init,1,"a1(I0,N80)",0.0,80.0,0.19302683,0.9172125,False
2018,45,41,0,0.0,0.0,bc_init,1,"a1(I0,N80)",0.0,80.0,0.1919418,0.91694796,False
2018,46,42,0,0.0,0.0,bc_init,1,"a1(I0,N80)",0.0,80.0,0.19292518,0.9189636,False
2018,47,43,1,0.0,80.0,bc_init,1,"a1(I0,N80)",0.0,80.0,0.1930364,0.9191308,True
2018,48,44,0,0.0,0.0,bc_init,6,"a6(I45,N0)",45.0,0.0,0.45912486,0.800842,False
2018,49,45,0,0.0,0.0,bc_init,6,"a6(I45,N0)",45.0,0.0,0.45929202,0.8008199,False
2018,50,46,0,0.0,0.0,bc_init,6,"a6(I45,N0)",45.0,0.0,0.47217706,0.8097114,False
2018,51,47,0,0.0,0.0,bc_init,6,"a6(I45,N0)",45.0,0.0,0.4766895,0.81146884,False
2018,52,48,0,0.0,0.0,bc_init,6,"a6(I45,N0)",45.0,0.0,0.47294155,0.8114293,False
2018,53,49,0,0.0,0.0,bc_init,6,"a6(I45,N0)",45.0,0.0,0.48132008,0.81382287,False
2018,54,50,0,0.0,0.0,bc_init,6,"a6(I45,N0)",45.0,0.0,0.1836045,0.92972165,False
2018,55,51,0,0.0,0.0,bc_init,6,"a6(I45,N0)",45.0,0.0,0.1848235,0.93122077,False
2018,56,52,0,0.0,0.0,bc_init,6,"a6(I45,N0)",45.0,0.0,0.18508466,0.9321819,False
2018,57,53,0,0.0,0.0,bc_init,6,"a6(I45,N0)",45.0,0.0,0.18508218,0.93218684,False
2018,58,54,0,0.0,0.0,bc_init,6,"a6(I45,N0)",45.0,0.0,0.18508217,0.93218684,False
2018,59,55,0,0.0,0.0,bc_init,6,"a6(I45,N0)",45.0,0.0,0.18508218,0.9321868,False
2018,60,56,0,0.0,0.0,bc_init,6,"a6(I45,N0)",45.0,0.0,0.18508218,0.9321868,False
2018,61,57,0,0.0,0.0,bc_init,6,"a6(I45,N0)",45.0,0.0,0.18508218,0.9321868,False
2018,62,58,0,0.0,0.0,bc_init,6,"a6(I45,N0)",45.0,0.0,0.18508218,0.9321868,False
2018,63,59,0,0.0,0.0,bc_init,6,"a6(I45,N0)",45.0,0.0,0.1850822,0.93218684,False
2018,64,60,6,45.0,0.0,bc_init,6,"a6(I45,N0)",45.0,0.0,0.18508218,0.9321868,True
2018,65,61,2,0.0,120.0,bc_init,1,"a1(I0,N80)",0.0,80.0,0.4349636,0.7940936,False
2018,66,62,0,0.0,0.0,bc_init,0,"a0(I0,N0)",0.0,0.0,1.0,0.0,True
2018,67,63,0,0.0,0.0,bc_init,0,"a0(I0,N0)",0.0,0.0,1.0,0.0,True
2018,68,64,0,0.0,0.0,bc_init,0,"a0(I0,N0)",0.0,0.0,1.0,0.0,True
2018,69,65,0,0.0,0.0,bc_init,0,"a0(I0,N0)",0.0,0.0,1.0,0.0,True
2018,70,66,0,0.0,0.0,bc_init,0,"a0(I0,N0)",0.0,0.0,1.0,0.0,True
2018,71,67,0,0.0,0.0,bc_init,6,"a6(I45,N0)",45.0,0.0,0.4918045,0.82411826,False
2018,72,68,0,0.0,0.0,bc_init,6,"a6(I45,N0)",45.0,0.0,0.4918045,0.82411826,False
2018,73,69,0,0.0,0.0,bc_init,6,"a6(I45,N0)",45.0,0.0,0.4918045,0.82411826,False
2018,74,70,0,0.0,0.0,bc_init,6,"a6(I45,N0)",45.0,0.0,0.4918045,0.82411826,False
2018,75,71,0,0.0,0.0,bc_init,6,"a6(I45,N0)",45.0,0.0,0.4918045,0.82411826,False
2018,76,72,0,0.0,0.0,bc_init,6,"a6(I45,N0)",45.0,0.0,0.4918045,0.82411826,False
2018,77,73,0,0.0,0.0,bc_init,6,"a6(I45,N0)",45.0,0.0,0.4918045,0.82411826,False
2018,78,74,0,0.0,0.0,bc_init,6,"a6(I45,N0)",45.0,0.0,0.4918045,0.82411826,False
2018,79,75,0,0.0,0.0,bc_init,6,"a6(I45,N0)",45.0,0.0,0.4918045,0.82411826,False
2018,80,76,0,0.0,0.0,bc_init,6,"a6(I45,N0)",45.0,0.0,0.4918045,0.82411826,False
2018,81,77,0,0.0,0.0,bc_init,6,"a6(I45,N0)",45.0,0.0,0.4918045,0.82411826,False
2018,82,78,0,0.0,0.0,bc_init,6,"a6(I45,N0)",45.0,0.0,0.4918045,0.82411826,False
2018,83,79,0,0.0,0.0,bc_init,6,"a6(I45,N0)",45.0,0.0,0.4918045,0.82411826,False
2018,84,80,0,0.0,0.0,bc_init,6,"a6(I45,N0)",45.0,0.0,0.4918045,0.82411826,False
2018,85,81,0,0.0,0.0,bc_init,6,"a6(I45,N0)",45.0,0.0,0.4918045,0.82411826,False
2018,86,82,0,0.0,0.0,bc_init,6,"a6(I45,N0)",45.0,0.0,0.4918045,0.82411826,False
2018,87,83,0,0.0,0.0,bc_init,6,"a6(I45,N0)",45.0,0.0,0.4918045,0.82411826,False
2018,88,84,0,0.0,0.0,bc_init,6,"a6(I45,N0)",45.0,0.0,0.4918045,0.82411826,False
2018,89,85,0,0.0,0.0,bc_init,6,"a6(I45,N0)",45.0,0.0,0.4918045,0.82411826,False
2018,90,86,0,0.0,0.0,bc_init,6,"a6(I45,N0)",45.0,0.0,0.4918045,0.82411826,False
2018,91,87,0,0.0,0.0,bc_init,6,"a6(I45,N0)",45.0,0.0,0.4918045,0.82411826,False
2018,92,88,0,0.0,0.0,bc_init,6,"a6(I45,N0)",45.0,0.0,0.4918045,0.82411826,False
2018,93,89,0,0.0,0.0,bc_init,6,"a6(I45,N0)",45.0,0.0,0.4918045,0.82411826,False
2018,94,90,6,45.0,0.0,bc_init,6,"a6(I45,N0)",45.0,0.0,0.4918045,0.82411826,True
2018,95,91,0,0.0,0.0,bc_init,0,"a0(I0,N0)",0.0,0.0,1.0,0.0,True
2018,96,92,0,0.0,0.0,bc_init,0,"a0(I0,N0)",0.0,0.0,1.0,0.0,True
2018,97,93,0,0.0,0.0,bc_init,0,"a0(I0,N0)",0.0,0.0,1.0,0.0,True
2018,98,94,0,0.0,0.0,bc_init,0,"a0(I0,N0)",0.0,0.0,1.0,0.0,True
2018,99,95,0,0.0,0.0,bc_init,0,"a0(I0,N0)",0.0,0.0,1.0,0.0,True
2018,100,96,0,0.0,0.0,bc_init,0,"a0(I0,N0)",0.0,0.0,1.0,0.0,True
2018,101,97,0,0.0,0.0,bc_init,6,"a6(I45,N0)",45.0,0.0,0.47171092,0.8230499,False
2018,102,98,0,0.0,0.0,bc_init,6,"a6(I45,N0)",45.0,0.0,0.47171092,0.8230499,False
2018,103,99,0,0.0,0.0,bc_init,6,"a6(I45,N0)",45.0,0.0,0.47171092,0.8230499,False
2018,104,100,0,0.0,0.0,bc_init,6,"a6(I45,N0)",45.0,0.0,0.4624707,0.82164496,False
2018,105,101,0,0.0,0.0,bc_init,6,"a6(I45,N0)",45.0,0.0,0.4624707,0.82164496,False
2018,106,102,0,0.0,0.0,bc_init,6,"a6(I45,N0)",45.0,0.0,0.4624707,0.82164496,False
2018,107,103,0,0.0,0.0,bc_init,6,"a6(I45,N0)",45.0,0.0,0.4624707,0.82164496,False
2018,108,104,0,0.0,0.0,bc_init,6,"a6(I45,N0)",45.0,0.0,0.45848438,0.8186654,False
2018,109,105,6,45.0,0.0,bc_init,6,"a6(I45,N0)",45.0,0.0,0.45848438,0.8186654,True
2018,110,106,0,0.0,0.0,bc_init,0,"a0(I0,N0)",0.0,0.0,1.0,0.0,True
2018,111,107,0,0.0,0.0,bc_init,0,"a0(I0,N0)",0.0,0.0,1.0,0.0,True
2018,112,108,0,0.0,0.0,bc_init,0,"a0(I0,N0)",0.0,0.0,1.0,0.0,True
2018,113,109,0,0.0,0.0,bc_init,0,"a0(I0,N0)",0.0,0.0,1.0,0.0,True
2018,114,110,0,0.0,0.0,bc_init,0,"a0(I0,N0)",0.0,0.0,1.0,0.0,True
2018,115,111,0,0.0,0.0,bc_init,0,"a0(I0,N0)",0.0,0.0,1.0,0.0,True
2018,116,112,0,0.0,0.0,bc_init,3,"a3(I30,N0)",30.0,0.0,0.6663524,0.6663524,False
2018,117,113,0,0.0,0.0,bc_init,3,"a3(I30,N0)",30.0,0.0,0.6663524,0.6663524,False
2018,118,114,0,0.0,0.0,bc_init,3,"a3(I30,N0)",30.0,0.0,0.66517794,0.66517794,False
2018,119,115,0,0.0,0.0,bc_init,3,"a3(I30,N0)",30.0,0.0,0.66516787,0.66516787,False
2018,120,116,0,0.0,0.0,bc_init,3,"a3(I30,N0)",30.0,0.0,0.66516787,0.66516787,False
2018,121,117,0,0.0,0.0,bc_init,3,"a3(I30,N0)",30.0,0.0,0.66516787,0.66516787,False
2018,122,118,0,0.0,0.0,bc_init,3,"a3(I30,N0)",30.0,0.0,0.66516787,0.66516787,False
2018,123,119,0,0.0,0.0,bc_init,3,"a3(I30,N0)",30.0,0.0,0.66516787,0.66516787,False
2018,124,120,3,30.0,0.0,bc_init,3,"a3(I30,N0)",30.0,0.0,0.66516787,0.66516787,True
2018,125,121,0,0.0,0.0,bc_init,0,"a0(I0,N0)",0.0,0.0,1.0,0.0,True
2018,126,122,0,0.0,0.0,bc_init,0,"a0(I0,N0)",0.0,0.0,1.0,0.0,True
2018,127,123,0,0.0,0.0,bc_init,0,"a0(I0,N0)",0.0,0.0,1.0,0.0,True
2018,128,124,0,0.0,0.0,bc_init,0,"a0(I0,N0)",0.0,0.0,1.0,0.0,True
2019,0,0,0,0.0,0.0,bc_init,1,"a1(I0,N80)",0.0,80.0,0.12580319,0.8900628,False
2019,1,0,0,0.0,0.0,bc_init,1,"a1(I0,N80)",0.0,80.0,0.18253441,0.88376105,False
2019,2,0,0,0.0,0.0,bc_init,1,"a1(I0,N80)",0.0,80.0,0.1805184,0.8841188,False
2019,3,0,0,0.0,0.0,bc_init,1,"a1(I0,N80)",0.0,80.0,0.18125258,0.8840762,False
2019,4,0,0,0.0,0.0,bc_init,1,"a1(I0,N80)",0.0,80.0,0.17298609,0.87957776,False
2019,5,1,7,45.0,80.0,bc_init,1,"a1(I0,N80)",0.0,80.0,0.18978755,0.8868983,False
2019,6,2,0,0.0,0.0,bc_init,0,"a0(I0,N0)",0.0,0.0,1.0,0.0,True
2019,7,3,0,0.0,0.0,bc_init,0,"a0(I0,N0)",0.0,0.0,1.0,0.0,True
2019,8,4,0,0.0,0.0,bc_init,0,"a0(I0,N0)",0.0,0.0,1.0,0.0,True
2019,9,5,0,0.0,0.0,bc_init,0,"a0(I0,N0)",0.0,0.0,1.0,0.0,True
2019,10,6,0,0.0,0.0,bc_init,0,"a0(I0,N0)",0.0,0.0,1.0,0.0,True
2019,11,7,0,0.0,0.0,bc_init,0,"a0(I0,N0)",0.0,0.0,1.0,0.0,True
2019,12,8,3,30.0,0.0,bc_init,1,"a1(I0,N80)",0.0,80.0,0.23751998,0.8310057,False
2019,13,9,0,0.0,0.0,bc_init,1,"a1(I0,N80)",0.0,80.0,0.45753533,0.70874405,False
2019,14,10,0,0.0,0.0,bc_init,1,"a1(I0,N80)",0.0,80.0,0.45562616,0.70757943,False
2019,15,11,0,0.0,0.0,bc_init,1,"a1(I0,N80)",0.0,80.0,0.4510599,0.70140976,False
2019,16,12,0,0.0,0.0,bc_init,1,"a1(I0,N80)",0.0,80.0,0.44841155,0.7023118,False
2019,17,13,0,0.0,0.0,bc_init,1,"a1(I0,N80)",0.0,80.0,0.46661803,0.71322685,False
2019,18,14,0,0.0,0.0,bc_init,1,"a1(I0,N80)",0.0,80.0,0.46265516,0.71101046,False
2019,19,15,0,0.0,0.0,bc_init,1,"a1(I0,N80)",0.0,80.0,0.4600482,0.7100425,False
2019,20,16,0,0.0,0.0,bc_init,1,"a1(I0,N80)",0.0,80.0,0.46750924,0.71150684,False
2019,21,17,0,0.0,0.0,bc_init,1,"a1(I0,N80)",0.0,80.0,0.46478918,0.7110633,False
2019,22,18,0,0.0,0.0,bc_init,1,"a1(I0,N80)",0.0,80.0,0.45601702,0.70742375,False
2019,23,19,0,0.0,0.0,bc_init,1,"a1(I0,N80)",0.0,80.0,0.45647916,0.7074574,False
2019,24,20,0,0.0,0.0,bc_init,1,"a1(I0,N80)",0.0,80.0,0.45535427,0.707096,False
2019,25,21,0,0.0,0.0,bc_init,1,"a1(I0,N80)",0.0,80.0,0.45544207,0.70681137,False
2019,26,22,0,0.0,0.0,bc_init,1,"a1(I0,N80)",0.0,80.0,0.45586437,0.70643795,False
2019,27,23,0,0.0,0.0,bc_init,1,"a1(I0,N80)",0.0,80.0,0.45712906,0.70020115,False
2019,28,24,0,0.0,0.0,bc_init,1,"a1(I0,N80)",0.0,80.0,0.46084583,0.7090147,False
2019,29,25,0,0.0,0.0,bc_init,1,"a1(I0,N80)",0.0,80.0,0.4645681,0.71728706,False
2019,30,26,0,0.0,0.0,bc_init,1,"a1(I0,N80)",0.0,80.0,0.4652776,0.71958816,False
2019,31,27,0,0.0,0.0,bc_init,1,"a1(I0,N80)",0.0,80.0,0.48040676,0.73928463,False
2019,32,28,0,0.0,0.0,bc_init,1,"a1(I0,N80)",0.0,80.0,0.48235872,0.7410181,False
2019,33,29,0,0.0,0.0,bc_init,1,"a1(I0,N80)",0.0,80.0,0.47683,0.7348333,False
2019,34,30,0,0.0,0.0,bc_init,1,"a1(I0,N80)",0.0,80.0,0.48998135,0.74523157,False
2019,35,31,6,45.0,0.0,bc_init,1,"a1(I0,N80)",0.0,80.0,0.18241854,0.9101181,False
2019,36,32,0,0.0,0.0,bc_init,1,"a1(I0,N80)",0.0,80.0,0.48190516,0.7412788,False
2019,37,33,0,0.0,0.0,bc_init,1,"a1(I0,N80)",0.0,80.0,0.4849953,0.74507266,False
2019,38,34,0,0.0,0.0,bc_init,1,"a1(I0,N80)",0.0,80.0,0.49626467,0.75797975,False
2019,39,35,0,0.0,0.0,bc_init,1,"a1(I0,N80)",0.0,80.0,0.50984627,0.7660235,False
2019,40,36,0,0.0,0.0,bc_init,1,"a1(I0,N80)",0.0,80.0,0.50826675,0.76737535,False
2019,41,37,0,0.0,0.0,bc_init,1,"a1(I0,N80)",0.0,80.0,0.5078506,0.766985,False
2019,42,38,3,30.0,0.0,bc_init,1,"a1(I0,N80)",0.0,80.0,0.2865789,0.8688997,False
2019,43,39,0,0.0,0.0,bc_init,1,"a1(I0,N80)",0.0,80.0,0.5004632,0.7658274,False
2019,44,40,0,0.0,0.0,bc_init,1,"a1(I0,N80)",0.0,80.0,0.5081956,0.76747435,False
2019,45,41,0,0.0,0.0,bc_init,1,"a1(I0,N80)",0.0,80.0,0.505951,0.76886964,False
2019,46,42,0,0.0,0.0,bc_init,1,"a1(I0,N80)",0.0,80.0,0.49865103,0.77313447,False
2019,47,43,1,0.0,80.0,bc_init,1,"a1(I0,N80)",0.0,80.0,0.5069505,0.77467954,True
2019,48,44,0,0.0,0.0,bc_init,0,"a0(I0,N0)",0.0,0.0,1.0,0.0,True
2019,49,45,0,0.0,0.0,bc_init,0,"a0(I0,N0)",0.0,0.0,1.0,0.0,True
2019,50,46,0,0.0,0.0,bc_init,0,"a0(I0,N0)",0.0,0.0,1.0,0.0,True
2019,51,47,0,0.0,0.0,bc_init,0,"a0(I0,N0)",0.0,0.0,1.0,0.0,True
2019,52,48,0,0.0,0.0,bc_init,0,"a0(I0,N0)",0.0,0.0,1.0,0.0,True
2019,53,49,0,0.0,0.0,bc_init,0,"a0(I0,N0)",0.0,0.0,1.0,0.0,True
2019,54,50,0,0.0,0.0,bc_init,1,"a1(I0,N80)",0.0,80.0,0.67842805,0.67842805,False
2019,55,51,0,0.0,0.0,bc_init,1,"a1(I0,N80)",0.0,80.0,0.67919505,0.67919505,False
2019,56,52,0,0.0,0.0,bc_init,1,"a1(I0,N80)",0.0,80.0,0.68665814,0.68665814,False
2019,57,53,0,0.0,0.0,bc_init,1,"a1(I0,N80)",0.0,80.0,0.6871071,0.6871071,False
2019,58,54,0,0.0,0.0,bc_init,1,"a1(I0,N80)",0.0,80.0,0.6828684,0.6828684,False
2019,59,55,0,0.0,0.0,bc_init,1,"a1(I0,N80)",0.0,80.0,0.689255,0.689255,False
2019,60,56,0,0.0,0.0,bc_init,1,"a1(I0,N80)",0.0,80.0,0.6781495,0.6781495,False
2019,61,57,0,0.0,0.0,bc_init,1,"a1(I0,N80)",0.0,80.0,0.67787814,0.67787814,False
2019,62,58,0,0.0,0.0,bc_init,1,"a1(I0,N80)",0.0,80.0,0.6778736,0.6778736,False
2019,63,59,0,0.0,0.0,bc_init,1,"a1(I0,N80)",0.0,80.0,0.6778736,0.6778736,False
2019,64,60,0,0.0,0.0,bc_init,1,"a1(I0,N80)",0.0,80.0,0.6778832,0.6778832,False
2019,65,61,7,45.0,80.0,bc_init,6,"a6(I45,N0)",45.0,0.0,0.26079905,0.9041082,False
2019,66,62,0,0.0,0.0,bc_init,0,"a0(I0,N0)",0.0,0.0,1.0,0.0,True
2019,67,63,0,0.0,0.0,bc_init,0,"a0(I0,N0)",0.0,0.0,1.0,0.0,True
2019,68,64,0,0.0,0.0,bc_init,0,"a0(I0,N0)",0.0,0.0,1.0,0.0,True
2019,69,65,0,0.0,0.0,bc_init,0,"a0(I0,N0)",0.0,0.0,1.0,0.0,True
2019,70,66,0,0.0,0.0,bc_init,0,"a0(I0,N0)",0.0,0.0,1.0,0.0,True
2019,71,67,0,0.0,0.0,bc_init,0,"a0(I0,N0)",0.0,0.0,1.0,0.0,True
2019,72,68,0,0.0,0.0,bc_init,0,"a0(I0,N0)",0.0,0.0,1.0,0.0,True
2019,73,69,0,0.0,0.0,bc_init,0,"a0(I0,N0)",0.0,0.0,1.0,0.0,True
2019,74,70,0,0.0,0.0,bc_init,0,"a0(I0,N0)",0.0,0.0,1.0,0.0,True
2019,75,71,0,0.0,0.0,bc_init,0,"a0(I0,N0)",0.0,0.0,1.0,0.0,True
2019,76,72,0,0.0,0.0,bc_init,0,"a0(I0,N0)",0.0,0.0,1.0,0.0,True
2019,77,73,0,0.0,0.0,bc_init,0,"a0(I0,N0)",0.0,0.0,1.0,0.0,True
2019,78,74,0,0.0,0.0,bc_init,0,"a0(I0,N0)",0.0,0.0,1.0,0.0,True
2019,79,75,0,0.0,0.0,bc_init,0,"a0(I0,N0)",0.0,0.0,1.0,0.0,True
2019,80,76,0,0.0,0.0,bc_init,0,"a0(I0,N0)",0.0,0.0,1.0,0.0,True
2019,81,77,0,0.0,0.0,bc_init,0,"a0(I0,N0)",0.0,0.0,1.0,0.0,True
2019,82,78,0,0.0,0.0,bc_init,0,"a0(I0,N0)",0.0,0.0,1.0,0.0,True
2019,83,79,0,0.0,0.0,bc_init,0,"a0(I0,N0)",0.0,0.0,1.0,0.0,True
2019,84,80,0,0.0,0.0,bc_init,0,"a0(I0,N0)",0.0,0.0,1.0,0.0,True
2019,85,81,0,0.0,0.0,bc_init,0,"a0(I0,N0)",0.0,0.0,1.0,0.0,True
2019,86,82,0,0.0,0.0,bc_init,0,"a0(I0,N0)",0.0,0.0,1.0,0.0,True
2019,87,83,0,0.0,0.0,bc_init,0,"a0(I0,N0)",0.0,0.0,1.0,0.0,True
2019,88,84,0,0.0,0.0,bc_init,0,"a0(I0,N0)",0.0,0.0,1.0,0.0,True
2019,89,85,0,0.0,0.0,bc_init,0,"a0(I0,N0)",0.0,0.0,1.0,0.0,True
2019,90,86,0,0.0,0.0,bc_init,0,"a0(I0,N0)",0.0,0.0,1.0,0.0,True
2019,91,87,0,0.0,0.0,bc_init,0,"a0(I0,N0)",0.0,0.0,1.0,0.0,True
2019,92,88,0,0.0,0.0,bc_init,0,"a0(I0,N0)",0.0,0.0,1.0,0.0,True
2019,93,89,0,0.0,0.0,bc_init,0,"a0(I0,N0)",0.0,0.0,1.0,0.0,True
2019,94,90,0,0.0,0.0,bc_init,0,"a0(I0,N0)",0.0,0.0,1.0,0.0,True
2019,95,91,3,30.0,0.0,bc_init,6,"a6(I45,N0)",45.0,0.0,0.4918045,0.82411826,False
2019,96,92,0,0.0,0.0,bc_init,0,"a0(I0,N0)",0.0,0.0,1.0,0.0,True
2019,97,93,0,0.0,0.0,bc_init,0,"a0(I0,N0)",0.0,0.0,1.0,0.0,True
2019,98,94,0,0.0,0.0,bc_init,0,"a0(I0,N0)",0.0,0.0,1.0,0.0,True
2019,99,95,0,0.0,0.0,bc_init,0,"a0(I0,N0)",0.0,0.0,1.0,0.0,True
2019,100,96,0,0.0,0.0,bc_init,0,"a0(I0,N0)",0.0,0.0,1.0,0.0,True
2019,101,97,0,0.0,0.0,bc_init,0,"a0(I0,N0)",0.0,0.0,1.0,0.0,True
2019,102,98,0,0.0,0.0,bc_init,0,"a0(I0,N0)",0.0,0.0,1.0,0.0,True
2019,103,99,0,0.0,0.0,bc_init,0,"a0(I0,N0)",0.0,0.0,1.0,0.0,True
2019,104,100,0,0.0,0.0,bc_init,0,"a0(I0,N0)",0.0,0.0,1.0,0.0,True
2019,105,101,0,0.0,0.0,bc_init,0,"a0(I0,N0)",0.0,0.0,1.0,0.0,True
2019,106,102,0,0.0,0.0,bc_init,0,"a0(I0,N0)",0.0,0.0,1.0,0.0,True
2019,107,103,0,0.0,0.0,bc_init,0,"a0(I0,N0)",0.0,0.0,1.0,0.0,True
2019,108,104,0,0.0,0.0,bc_init,0,"a0(I0,N0)",0.0,0.0,1.0,0.0,True
2019,109,105,0,0.0,0.0,bc_init,0,"a0(I0,N0)",0.0,0.0,1.0,0.0,True
2019,110,106,0,0.0,0.0,bc_init,0,"a0(I0,N0)",0.0,0.0,1.0,0.0,True
2019,111,107,0,0.0,0.0,bc_init,0,"a0(I0,N0)",0.0,0.0,1.0,0.0,True
2019,112,108,0,0.0,0.0,bc_init,0,"a0(I0,N0)",0.0,0.0,1.0,0.0,True
2019,113,109,0,0.0,0.0,bc_init,0,"a0(I0,N0)",0.0,0.0,1.0,0.0,True
2019,114,110,0,0.0,0.0,bc_init,0,"a0(I0,N0)",0.0,0.0,1.0,0.0,True
2019,115,111,0,0.0,0.0,bc_init,0,"a0(I0,N0)",0.0,0.0,1.0,0.0,True
2019,116,112,0,0.0,0.0,bc_init,0,"a0(I0,N0)",0.0,0.0,1.0,0.0,True
2019,117,113,0,0.0,0.0,bc_init,0,"a0(I0,N0)",0.0,0.0,1.0,0.0,True
2019,118,114,0,0.0,0.0,bc_init,0,"a0(I0,N0)",0.0,0.0,1.0,0.0,True
2019,119,115,0,0.0,0.0,bc_init,0,"a0(I0,N0)",0.0,0.0,1.0,0.0,True
2019,120,116,0,0.0,0.0,bc_init,0,"a0(I0,N0)",0.0,0.0,1.0,0.0,True
2019,121,117,0,0.0,0.0,bc_init,0,"a0(I0,N0)",0.0,0.0,1.0,0.0,True
2019,122,118,0,0.0,0.0,bc_init,0,"a0(I0,N0)",0.0,0.0,1.0,0.0,True
2019,123,119,0,0.0,0.0,bc_init,0,"a0(I0,N0)",0.0,0.0,1.0,0.0,True
2019,124,120,0,0.0,0.0,bc_init,0,"a0(I0,N0)",0.0,0.0,1.0,0.0,True
2019,125,121,0,0.0,0.0,bc_init,0,"a0(I0,N0)",0.0,0.0,1.0,0.0,True
2019,126,122,0,0.0,0.0,bc_init,0,"a0(I0,N0)",0.0,0.0,1.0,0.0,True
2019,127,123,0,0.0,0.0,bc_init,0,"a0(I0,N0)",0.0,0.0,1.0,0.0,True
2019,128,124,0,0.0,0.0,bc_init,0,"a0(I0,N0)",0.0,0.0,1.0,0.0,True
2019,129,125,0,0.0,0.0,bc_init,0,"a0(I0,N0)",0.0,0.0,1.0,0.0,True
2019,130,126,0,0.0,0.0,bc_init,0,"a0(I0,N0)",0.0,0.0,1.0,0.0,True
2019,131,127,0,0.0,0.0,bc_init,0,"a0(I0,N0)",0.0,0.0,1.0,0.0,True
2019,132,128,0,0.0,0.0,bc_init,0,"a0(I0,N0)",0.0,0.0,1.0,0.0,True
2019,133,129,0,0.0,0.0,bc_init,0,"a0(I0,N0)",0.0,0.0,1.0,0.0,True
2019,134,130,0,0.0,0.0,bc_init,0,"a0(I0,N0)",0.0,0.0,1.0,0.0,True
2019,135,131,0,0.0,0.0,bc_init,0,"a0(I0,N0)",0.0,0.0,1.0,0.0,True
2019,136,132,0,0.0,0.0,bc_init,0,"a0(I0,N0)",0.0,0.0,1.0,0.0,True
2019,137,133,0,0.0,0.0,bc_init,0,"a0(I0,N0)",0.0,0.0,1.0,0.0,True
2019,138,134,0,0.0,0.0,bc_init,0,"a0(I0,N0)",0.0,0.0,1.0,0.0,True
2019,139,135,0,0.0,0.0,bc_init,0,"a0(I0,N0)",0.0,0.0,1.0,0.0,True
2020,0,0,0,0.0,0.0,bc_init,1,"a1(I0,N80)",0.0,80.0,0.12604359,0.8907193,False
2020,1,0,0,0.0,0.0,bc_init,1,"a1(I0,N80)",0.0,80.0,0.18240763,0.8837018,False
2020,2,0,0,0.0,0.0,bc_init,1,"a1(I0,N80)",0.0,80.0,0.17311552,0.87968445,False
2020,3,0,0,0.0,0.0,bc_init,1,"a1(I0,N80)",0.0,80.0,0.1823572,0.8838496,False
2020,4,0,0,0.0,0.0,bc_init,1,"a1(I0,N80)",0.0,80.0,0.17265116,0.87961364,False
2020,5,1,0,0.0,0.0,bc_init,1,"a1(I0,N80)",0.0,80.0,0.18135749,0.8831856,False
2020,6,2,0,0.0,0.0,bc_init,1,"a1(I0,N80)",0.0,80.0,0.1792157,0.8834725,False
2020,7,3,0,0.0,0.0,bc_init,1,"a1(I0,N80)",0.0,80.0,0.1793988,0.8828505,False
2020,8,4,0,0.0,0.0,bc_init,1,"a1(I0,N80)",0.0,80.0,0.18264884,0.8840673,False
2020,9,5,0,0.0,0.0,bc_init,1,"a1(I0,N80)",0.0,80.0,0.18402883,0.8840695,False
2020,10,6,0,0.0,0.0,bc_init,1,"a1(I0,N80)",0.0,80.0,0.18740873,0.8849075,False
2020,11,7,0,0.0,0.0,bc_init,1,"a1(I0,N80)",0.0,80.0,0.18685336,0.8843026,False
2020,12,8,0,0.0,0.0,bc_init,1,"a1(I0,N80)",0.0,80.0,0.18873495,0.88501143,False
2020,13,9,0,0.0,0.0,bc_init,1,"a1(I0,N80)",0.0,80.0,0.18254542,0.88704085,False
2020,14,10,0,0.0,0.0,bc_init,1,"a1(I0,N80)",0.0,80.0,0.18279077,0.88634926,False
2020,15,11,0,0.0,0.0,bc_init,1,"a1(I0,N80)",0.0,80.0,0.1833983,0.88471174,False
2020,16,12,0,0.0,0.0,bc_init,1,"a1(I0,N80)",0.0,80.0,0.17749633,0.884597,False
2020,17,13,0,0.0,0.0,bc_init,1,"a1(I0,N80)",0.0,80.0,0.18196498,0.8920267,False
2020,18,14,0,0.0,0.0,bc_init,1,"a1(I0,N80)",0.0,80.0,0.17899859,0.8834237,False
2020,19,15,0,0.0,0.0,bc_init,1,"a1(I0,N80)",0.0,80.0,0.1893054,0.88962245,False
2020,20,16,0,0.0,0.0,bc_init,1,"a1(I0,N80)",0.0,80.0,0.18723497,0.8895041,False
2020,21,17,0,0.0,0.0,bc_init,1,"a1(I0,N80)",0.0,80.0,0.18136317,0.88704574,False
2020,22,18,0,0.0,0.0,bc_init,1,"a1(I0,N80)",0.0,80.0,0.18546225,0.885396,False
2020,23,19,0,0.0,0.0,bc_init,1,"a1(I0,N80)",0.0,80.0,0.17709264,0.8819345,False
2020,24,20,0,0.0,0.0,bc_init,1,"a1(I0,N80)",0.0,80.0,0.18554552,0.8850659,False
2020,25,21,0,0.0,0.0,bc_init,1,"a1(I0,N80)",0.0,80.0,0.18003073,0.8862997,False
2020,26,22,0,0.0,0.0,bc_init,1,"a1(I0,N80)",0.0,80.0,0.17954598,0.886333,False
2020,27,23,0,0.0,0.0,bc_init,1,"a1(I0,N80)",0.0,80.0,0.18886021,0.88938785,False
2020,28,24,0,0.0,0.0,bc_init,1,"a1(I0,N80)",0.0,80.0,0.17553575,0.8873625,False
2020,29,25,0,0.0,0.0,bc_init,1,"a1(I0,N80)",0.0,80.0,0.17931828,0.8861816,False
2020,30,26,0,0.0,0.0,bc_init,1,"a1(I0,N80)",0.0,80.0,0.17934214,0.88275266,False
2020,31,27,0,0.0,0.0,bc_init,1,"a1(I0,N80)",0.0,80.0,0.18119548,0.8831507,False
2020,32,28,0,0.0,0.0,bc_init,1,"a1(I0,N80)",0.0,80.0,0.18006581,0.8859495,False
2020,33,29,0,0.0,0.0,bc_init,1,"a1(I0,N80)",0.0,80.0,0.17803052,0.88440704,False
2020,34,30,6,45.0,0.0,bc_init,1,"a1(I0,N80)",0.0,80.0,0.18396193,0.8867665,False
2020,35,31,0,0.0,0.0,bc_init,1,"a1(I0,N80)",0.0,80.0,0.4570816,0.6957432,False
2020,36,32,0,0.0,0.0,bc_init,1,"a1(I0,N80)",0.0,80.0,0.46212828,0.7006446,False
2020,37,33,0,0.0,0.0,bc_init,1,"a1(I0,N80)",0.0,80.0,0.48245206,0.71799767,False
2020,38,34,0,0.0,0.0,bc_init,1,"a1(I0,N80)",0.0,80.0,0.4811851,0.7158666,False
2020,39,35,0,0.0,0.0,bc_init,1,"a1(I0,N80)",0.0,80.0,0.4640217,0.70434153,False
2020,40,36,0,0.0,0.0,bc_init,1,"a1(I0,N80)",0.0,80.0,0.4678786,0.7121219,False
2020,41,37,0,0.0,0.0,bc_init,1,"a1(I0,N80)",0.0,80.0,0.17393,0.89381015,False
2020,42,38,0,0.0,0.0,bc_init,1,"a1(I0,N80)",0.0,80.0,0.18691783,0.89903295,False
2020,43,39,0,0.0,0.0,bc_init,1,"a1(I0,N80)",0.0,80.0,0.17473957,0.89649564,False
2020,44,40,0,0.0,0.0,bc_init,1,"a1(I0,N80)",0.0,80.0,0.18079844,0.90350115,False
2020,45,41,0,0.0,0.0,bc_init,1,"a1(I0,N80)",0.0,80.0,0.18539485,0.9079268,False
2020,46,42,0,0.0,0.0,bc_init,1,"a1(I0,N80)",0.0,80.0,0.1949345,0.9087076,False
2020,47,43,1,0.0,80.0,bc_init,1,"a1(I0,N80)",0.0,80.0,0.19338058,0.9108313,True
2020,48,44,0,0.0,0.0,bc_init,6,"a6(I45,N0)",45.0,0.0,0.44796875,0.7789326,False
2020,49,45,6,45.0,0.0,bc_init,6,"a6(I45,N0)",45.0,0.0,0.45596084,0.78674847,True
2020,50,46,0,0.0,0.0,bc_init,0,"a0(I0,N0)",0.0,0.0,1.0,0.0,True
2020,51,47,0,0.0,0.0,bc_init,0,"a0(I0,N0)",0.0,0.0,1.0,0.0,True
2020,52,48,0,0.0,0.0,bc_init,0,"a0(I0,N0)",0.0,0.0,1.0,0.0,True
2020,53,49,0,0.0,0.0,bc_init,0,"a0(I0,N0)",0.0,0.0,1.0,0.0,True
2020,54,50,0,0.0,0.0,bc_init,1,"a1(I0,N80)",0.0,80.0,0.5085766,0.7779273,False
2020,55,51,0,0.0,0.0,bc_init,1,"a1(I0,N80)",0.0,80.0,0.4975486,0.77271956,False
2020,56,52,0,0.0,0.0,bc_init,6,"a6(I45,N0)",45.0,0.0,0.17975362,0.9175021,False
2020,57,53,0,0.0,0.0,bc_init,6,"a6(I45,N0)",45.0,0.0,0.17957586,0.9191181,False
2020,58,54,0,0.0,0.0,bc_init,6,"a6(I45,N0)",45.0,0.0,0.18388712,0.9236986,False
2020,59,55,0,0.0,0.0,bc_init,6,"a6(I45,N0)",45.0,0.0,0.18480577,0.92733383,False
2020,60,56,0,0.0,0.0,bc_init,6,"a6(I45,N0)",45.0,0.0,0.18514046,0.9278472,False
2020,61,57,0,0.0,0.0,bc_init,6,"a6(I45,N0)",45.0,0.0,0.18523458,0.9295695,False
2020,62,58,0,0.0,0.0,bc_init,6,"a6(I45,N0)",45.0,0.0,0.18504322,0.93158066,False
2020,63,59,0,0.0,0.0,bc_init,6,"a6(I45,N0)",45.0,0.0,0.18510653,0.9321302,False
2020,64,60,6,45.0,0.0,bc_init,6,"a6(I45,N0)",45.0,0.0,0.18508233,0.9321866,True
2020,65,61,2,0.0,120.0,bc_init,1,"a1(I0,N80)",0.0,80.0,0.43583697,0.79375124,False
2020,66,62,0,0.0,0.0,bc_init,0,"a0(I0,N0)",0.0,0.0,1.0,0.0,True
2020,67,63,0,0.0,0.0,bc_init,0,"a0(I0,N0)",0.0,0.0,1.0,0.0,True
2020,68,64,0,0.0,0.0,bc_init,0,"a0(I0,N0)",0.0,0.0,1.0,0.0,True
2020,69,65,0,0.0,0.0,bc_init,0,"a0(I0,N0)",0.0,0.0,1.0,0.0,True
2020,70,66,0,0.0,0.0,bc_init,0,"a0(I0,N0)",0.0,0.0,1.0,0.0,True
2020,71,67,0,0.0,0.0,bc_init,6,"a6(I45,N0)",45.0,0.0,0.4918068,0.82411975,False
2020,72,68,0,0.0,0.0,bc_init,6,"a6(I45,N0)",45.0,0.0,0.49180454,0.82411826,False
2020,73,69,0,0.0,0.0,bc_init,6,"a6(I45,N0)",45.0,0.0,0.4918045,0.82411826,False
2020,74,70,0,0.0,0.0,bc_init,6,"a6(I45,N0)",45.0,0.0,0.4918045,0.82411826,False
2020,75,71,0,0.0,0.0,bc_init,6,"a6(I45,N0)",45.0,0.0,0.4918045,0.82411826,False
2020,76,72,0,0.0,0.0,bc_init,6,"a6(I45,N0)",45.0,0.0,0.4918045,0.82411826,False
2020,77,73,0,0.0,0.0,bc_init,6,"a6(I45,N0)",45.0,0.0,0.4918045,0.82411826,False
2020,78,74,0,0.0,0.0,bc_init,6,"a6(I45,N0)",45.0,0.0,0.4918045,0.82411826,False
2020,79,75,3,30.0,0.0,bc_init,6,"a6(I45,N0)",45.0,0.0,0.4918045,0.82411826,False
2020,80,76,0,0.0,0.0,bc_init,0,"a0(I0,N0)",0.0,0.0,1.0,0.0,True
2020,81,77,0,0.0,0.0,bc_init,0,"a0(I0,N0)",0.0,0.0,1.0,0.0,True
2020,82,78,0,0.0,0.0,bc_init,0,"a0(I0,N0)",0.0,0.0,1.0,0.0,True
2020,83,79,0,0.0,0.0,bc_init,0,"a0(I0,N0)",0.0,0.0,1.0,0.0,True
2020,84,80,0,0.0,0.0,bc_init,0,"a0(I0,N0)",0.0,0.0,1.0,0.0,True
2020,85,81,0,0.0,0.0,bc_init,0,"a0(I0,N0)",0.0,0.0,1.0,0.0,True
2020,86,82,0,0.0,0.0,bc_init,3,"a3(I30,N0)",30.0,0.0,0.65390927,0.65390927,False
2020,87,83,0,0.0,0.0,bc_init,3,"a3(I30,N0)",30.0,0.0,0.65390927,0.65390927,False
2020,88,84,0,0.0,0.0,bc_init,3,"a3(I30,N0)",30.0,0.0,0.65390927,0.65390927,False
2020,89,85,0,0.0,0.0,bc_init,3,"a3(I30,N0)",30.0,0.0,0.65390927,0.65390927,False
2020,90,86,0,0.0,0.0,bc_init,3,"a3(I30,N0)",30.0,0.0,0.65390927,0.65390927,False
2020,91,87,0,0.0,0.0,bc_init,3,"a3(I30,N0)",30.0,0.0,0.65390927,0.65390927,False
2020,92,88,0,0.0,0.0,bc_init,3,"a3(I30,N0)",30.0,0.0,0.65390927,0.65390927,False
2020,93,89,0,0.0,0.0,bc_init,3,"a3(I30,N0)",30.0,0.0,0.65390927,0.65390927,False
2020,94,90,0,0.0,0.0,bc_init,3,"a3(I30,N0)",30.0,0.0,0.65390927,0.65390927,False
2020,95,91,0,0.0,0.0,bc_init,6,"a6(I45,N0)",45.0,0.0,0.4918045,0.82411826,False
2020,96,92,0,0.0,0.0,bc_init,6,"a6(I45,N0)",45.0,0.0,0.4918045,0.82411826,False
2020,97,93,0,0.0,0.0,bc_init,6,"a6(I45,N0)",45.0,0.0,0.4918045,0.82411826,False
2020,98,94,0,0.0,0.0,bc_init,6,"a6(I45,N0)",45.0,0.0,0.4918045,0.82411826,False
2020,99,95,6,45.0,0.0,bc_init,6,"a6(I45,N0)",45.0,0.0,0.4918045,0.82411826,True
2020,100,96,0,0.0,0.0,bc_init,0,"a0(I0,N0)",0.0,0.0,1.0,0.0,True
2020,101,97,0,0.0,0.0,bc_init,0,"a0(I0,N0)",0.0,0.0,1.0,0.0,True
2020,102,98,0,0.0,0.0,bc_init,0,"a0(I0,N0)",0.0,0.0,1.0,0.0,True
2020,103,99,0,0.0,0.0,bc_init,0,"a0(I0,N0)",0.0,0.0,1.0,0.0,True
2020,104,100,0,0.0,0.0,bc_init,0,"a0(I0,N0)",0.0,0.0,1.0,0.0,True
2020,105,101,0,0.0,0.0,bc_init,0,"a0(I0,N0)",0.0,0.0,1.0,0.0,True
2020,106,102,0,0.0,0.0,bc_init,3,"a3(I30,N0)",30.0,0.0,0.66505057,0.66505057,False
2020,107,103,0,0.0,0.0,bc_init,3,"a3(I30,N0)",30.0,0.0,0.66505057,0.66505057,False
2020,108,104,0,0.0,0.0,bc_init,3,"a3(I30,N0)",30.0,0.0,0.66819465,0.66819465,False
2020,109,105,0,0.0,0.0,bc_init,3,"a3(I30,N0)",30.0,0.0,0.66819465,0.66819465,False
2020,110,106,0,0.0,0.0,bc_init,3,"a3(I30,N0)",30.0,0.0,0.665135,0.665135,False
2020,111,107,0,0.0,0.0,bc_init,3,"a3(I30,N0)",30.0,0.0,0.665135,0.665135,False
2020,112,108,0,0.0,0.0,bc_init,3,"a3(I30,N0)",30.0,0.0,0.665135,0.665135,False
2020,113,109,0,0.0,0.0,bc_init,3,"a3(I30,N0)",30.0,0.0,0.665135,0.665135,False
2020,114,110,3,30.0,0.0,bc_init,3,"a3(I30,N0)",30.0,0.0,0.665135,0.665135,True
2020,115,111,0,0.0,0.0,bc_init,0,"a0(I0,N0)",0.0,0.0,1.0,0.0,True
2020,116,112,0,0.0,0.0,bc_init,0,"a0(I0,N0)",0.0,0.0,1.0,0.0,True
2020,117,113,0,0.0,0.0,bc_init,0,"a0(I0,N0)",0.0,0.0,1.0,0.0,True
2020,118,114,0,0.0,0.0,bc_init,0,"a0(I0,N0)",0.0,0.0,1.0,0.0,True
2020,119,115,0,0.0,0.0,bc_init,0,"a0(I0,N0)",0.0,0.0,1.0,0.0,True
2020,120,116,0,0.0,0.0,bc_init,0,"a0(I0,N0)",0.0,0.0,1.0,0.0,True
2020,121,117,0,0.0,0.0,bc_init,0,"a0(I0,N0)",0.0,0.0,1.0,0.0,True
2020,122,118,0,0.0,0.0,bc_init,0,"a0(I0,N0)",0.0,0.0,1.0,0.0,True
2020,123,119,0,0.0,0.0,bc_init,0,"a0(I0,N0)",0.0,0.0,1.0,0.0,True
2020,124,120,0,0.0,0.0,bc_init,0,"a0(I0,N0)",0.0,0.0,1.0,0.0,True
2020,125,121,0,0.0,0.0,bc_init,0,"a0(I0,N0)",0.0,0.0,1.0,0.0,True
2020,126,122,0,0.0,0.0,bc_init,0,"a0(I0,N0)",0.0,0.0,1.0,0.0,True
2020,127,123,0,0.0,0.0,bc_init,0,"a0(I0,N0)",0.0,0.0,1.0,0.0,True
2020,128,124,0,0.0,0.0,bc_init,0,"a0(I0,N0)",0.0,0.0,1.0,0.0,True
2020,129,125,0,0.0,0.0,bc_init,0,"a0(I0,N0)",0.0,0.0,1.0,0.0,True
2020,130,126,0,0.0,0.0,bc_init,0,"a0(I0,N0)",0.0,0.0,1.0,0.0,True
2020,131,127,0,0.0,0.0,bc_init,0,"a0(I0,N0)",0.0,0.0,1.0,0.0,True
2020,132,128,0,0.0,0.0,bc_init,0,"a0(I0,N0)",0.0,0.0,1.0,0.0,True
2020,133,129,0,0.0,0.0,bc_init,0,"a0(I0,N0)",0.0,0.0,1.0,0.0,True
2020,134,130,0,0.0,0.0,bc_init,0,"a0(I0,N0)",0.0,0.0,1.0,0.0,True
2020,135,131,0,0.0,0.0,bc_init,0,"a0(I0,N0)",0.0,0.0,1.0,0.0,True
2020,136,132,0,0.0,0.0,bc_init,0,"a0(I0,N0)",0.0,0.0,1.0,0.0,True
2020,137,133,0,0.0,0.0,bc_init,0,"a0(I0,N0)",0.0,0.0,1.0,0.0,True
2021,0,0,0,0.0,0.0,bc_init,1,"a1(I0,N80)",0.0,80.0,0.12373726,0.88674176,False
2021,1,0,0,0.0,0.0,bc_init,1,"a1(I0,N80)",0.0,80.0,0.17452699,0.88030386,False
2021,2,0,0,0.0,0.0,bc_init,1,"a1(I0,N80)",0.0,80.0,0.18126313,0.88423395,False
2021,3,0,0,0.0,0.0,bc_init,1,"a1(I0,N80)",0.0,80.0,0.18301046,0.88429594,False
2021,4,0,0,0.0,0.0,bc_init,1,"a1(I0,N80)",0.0,80.0,0.18291534,0.8844427,False
2021,5,1,1,0.0,80.0,bc_init,1,"a1(I0,N80)",0.0,80.0,0.18358447,0.88734114,True
2021,6,2,0,0.0,0.0,bc_init,6,"a6(I45,N0)",45.0,0.0,0.35952494,0.7142142,False
2021,7,3,0,0.0,0.0,bc_init,6,"a6(I45,N0)",45.0,0.0,0.35985288,0.7143778,False
2021,8,4,0,0.0,0.0,bc_init,3,"a3(I30,N0)",30.0,0.0,0.35775873,0.71428114,False
2021,9,5,0,0.0,0.0,bc_init,6,"a6(I45,N0)",45.0,0.0,0.35928568,0.71624166,False
2021,10,6,0,0.0,0.0,bc_init,6,"a6(I45,N0)",45.0,0.0,0.3589705,0.71589756,False
2021,11,7,0,0.0,0.0,bc_init,6,"a6(I45,N0)",45.0,0.0,0.36065325,0.71501017,False
2021,12,8,0,0.0,0.0,bc_init,1,"a1(I0,N80)",0.0,80.0,0.16388308,0.88649786,False
2021,13,9,0,0.0,0.0,bc_init,1,"a1(I0,N80)",0.0,80.0,0.16535632,0.8856571,False
2021,14,10,0,0.0,0.0,bc_init,1,"a1(I0,N80)",0.0,80.0,0.16269086,0.8846636,False
2021,15,11,0,0.0,0.0,bc_init,1,"a1(I0,N80)",0.0,80.0,0.16313592,0.8848344,False
2021,16,12,0,0.0,0.0,bc_init,1,"a1(I0,N80)",0.0,80.0,0.1654909,0.8853822,False
2021,17,13,0,0.0,0.0,bc_init,1,"a1(I0,N80)",0.0,80.0,0.16665226,0.8861773,False
2021,18,14,0,0.0,0.0,bc_init,1,"a1(I0,N80)",0.0,80.0,0.1670865,0.88481975,False
2021,19,15,0,0.0,0.0,bc_init,1,"a1(I0,N80)",0.0,80.0,0.16807655,0.8888669,False
2021,20,16,0,0.0,0.0,bc_init,1,"a1(I0,N80)",0.0,80.0,0.16891311,0.89036447,False
2021,21,17,0,0.0,0.0,bc_init,1,"a1(I0,N80)",0.0,80.0,0.17203426,0.8896903,False
2021,22,18,0,0.0,0.0,bc_init,1,"a1(I0,N80)",0.0,80.0,0.17173027,0.88917315,False
2021,23,19,0,0.0,0.0,bc_init,1,"a1(I0,N80)",0.0,80.0,0.16838416,0.8892427,False
2021,24,20,0,0.0,0.0,bc_init,1,"a1(I0,N80)",0.0,80.0,0.16907246,0.8907023,False
2021,25,21,0,0.0,0.0,bc_init,1,"a1(I0,N80)",0.0,80.0,0.16899492,0.89114213,False
2021,26,22,0,0.0,0.0,bc_init,1,"a1(I0,N80)",0.0,80.0,0.1718893,0.8911597,False
2021,27,23,0,0.0,0.0,bc_init,1,"a1(I0,N80)",0.0,80.0,0.17224792,0.89119196,False
2021,28,24,0,0.0,0.0,bc_init,1,"a1(I0,N80)",0.0,80.0,0.16955231,0.8914728,False
2021,29,25,0,0.0,0.0,bc_init,1,"a1(I0,N80)",0.0,80.0,0.17227502,0.891369,False
2021,30,26,0,0.0,0.0,bc_init,1,"a1(I0,N80)",0.0,80.0,0.17212565,0.89124537,False
2021,31,27,0,0.0,0.0,bc_init,1,"a1(I0,N80)",0.0,80.0,0.16894579,0.89155704,False
2021,32,28,0,0.0,0.0,bc_init,1,"a1(I0,N80)",0.0,80.0,0.1690045,0.89163256,False
2021,33,29,0,0.0,0.0,bc_init,1,"a1(I0,N80)",0.0,80.0,0.16950524,0.8921637,False
2021,34,30,0,0.0,0.0,bc_init,1,"a1(I0,N80)",0.0,80.0,0.17101307,0.8928425,False
2021,35,31,0,0.0,0.0,bc_init,1,"a1(I0,N80)",0.0,80.0,0.17095517,0.8936112,False
2021,36,32,0,0.0,0.0,bc_init,1,"a1(I0,N80)",0.0,80.0,0.17340481,0.8949437,False
2021,37,33,0,0.0,0.0,bc_init,1,"a1(I0,N80)",0.0,80.0,0.17560284,0.8953983,False
2021,38,34,0,0.0,0.0,bc_init,1,"a1(I0,N80)",0.0,80.0,0.1750319,0.89441377,False
2021,39,35,0,0.0,0.0,bc_init,1,"a1(I0,N80)",0.0,80.0,0.17956543,0.89838076,False
2021,40,36,0,0.0,0.0,bc_init,1,"a1(I0,N80)",0.0,80.0,0.18404552,0.90123653,False
2021,41,37,0,0.0,0.0,bc_init,1,"a1(I0,N80)",0.0,80.0,0.18484275,0.8993225,False
2021,42,38,0,0.0,0.0,bc_init,1,"a1(I0,N80)",0.0,80.0,0.18765597,0.9023565,False
2021,43,39,0,0.0,0.0,bc_init,1,"a1(I0,N80)",0.0,80.0,0.18926549,0.903087,False
2021,44,40,0,0.0,0.0,bc_init,1,"a1(I0,N80)",0.0,80.0,0.19226381,0.9048903,False
2021,45,41,0,0.0,0.0,bc_init,1,"a1(I0,N80)",0.0,80.0,0.19261916,0.90613914,False
2021,46,42,0,0.0,0.0,bc_init,1,"a1(I0,N80)",0.0,80.0,0.19084707,0.90927243,False
2021,47,43,1,0.0,80.0,bc_init,1,"a1(I0,N80)",0.0,80.0,0.19305101,0.91048735,True
2021,48,44,0,0.0,0.0,bc_init,6,"a6(I45,N0)",45.0,0.0,0.41379002,0.7779874,False
2021,49,45,3,30.0,0.0,bc_init,6,"a6(I45,N0)",45.0,0.0,0.41254792,0.7822146,False
2021,50,46,0,0.0,0.0,bc_init,0,"a0(I0,N0)",0.0,0.0,1.0,0.0,True
2021,51,47,0,0.0,0.0,bc_init,0,"a0(I0,N0)",0.0,0.0,1.0,0.0,True
2021,52,48,0,0.0,0.0,bc_init,0,"a0(I0,N0)",0.0,0.0,1.0,0.0,True
2021,53,49,0,0.0,0.0,bc_init,0,"a0(I0,N0)",0.0,0.0,1.0,0.0,True
2021,54,50,0,0.0,0.0,bc_init,1,"a1(I0,N80)",0.0,80.0,0.6876626,0.6876626,False
2021,55,51,0,0.0,0.0,bc_init,1,"a1(I0,N80)",0.0,80.0,0.68996567,0.68996567,False
2021,56,52,0,0.0,0.0,bc_init,6,"a6(I45,N0)",45.0,0.0,0.24622478,0.8960068,False
2021,57,53,0,0.0,0.0,bc_init,6,"a6(I45,N0)",45.0,0.0,0.24695736,0.89653146,False
2021,58,54,0,0.0,0.0,bc_init,6,"a6(I45,N0)",45.0,0.0,0.25236765,0.8985017,False
2021,59,55,0,0.0,0.0,bc_init,6,"a6(I45,N0)",45.0,0.0,0.25237545,0.8986162,False
2021,60,56,0,0.0,0.0,bc_init,6,"a6(I45,N0)",45.0,0.0,0.25128347,0.89942783,False
2021,61,57,0,0.0,0.0,bc_init,6,"a6(I45,N0)",45.0,0.0,0.25599,0.9013618,False
2021,62,58,0,0.0,0.0,bc_init,6,"a6(I45,N0)",45.0,0.0,0.2564645,0.9023301,False
2021,63,59,0,0.0,0.0,bc_init,6,"a6(I45,N0)",45.0,0.0,0.2569234,0.90232354,False
2021,64,60,0,0.0,0.0,bc_init,6,"a6(I45,N0)",45.0,0.0,0.25649956,0.90234745,False
2021,65,61,1,0.0,80.0,bc_init,6,"a6(I45,N0)",45.0,0.0,0.2574902,0.9027239,False
2021,66,62,0,0.0,0.0,bc_init,6,"a6(I45,N0)",45.0,0.0,0.48363632,0.82259846,False
2021,67,63,0,0.0,0.0,bc_init,6,"a6(I45,N0)",45.0,0.0,0.48363557,0.8225982,False
2021,68,64,0,0.0,0.0,bc_init,6,"a6(I45,N0)",45.0,0.0,0.4836358,0.82259834,False
2021,69,65,0,0.0,0.0,bc_init,6,"a6(I45,N0)",45.0,0.0,0.48433223,0.82319677,False
2021,70,66,0,0.0,0.0,bc_init,6,"a6(I45,N0)",45.0,0.0,0.4826491,0.822229,False
2021,71,67,0,0.0,0.0,bc_init,6,"a6(I45,N0)",45.0,0.0,0.48268747,0.8222439,False
2021,72,68,0,0.0,0.0,bc_init,6,"a6(I45,N0)",45.0,0.0,0.488786,0.8241082,False
2021,73,69,0,0.0,0.0,bc_init,6,"a6(I45,N0)",45.0,0.0,0.49180445,0.82411826,False
2021,74,70,0,0.0,0.0,bc_init,6,"a6(I45,N0)",45.0,0.0,0.4918045,0.82411826,False
2021,75,71,0,0.0,0.0,bc_init,6,"a6(I45,N0)",45.0,0.0,0.4918045,0.82411826,False
2021,76,72,0,0.0,0.0,bc_init,6,"a6(I45,N0)",45.0,0.0,0.4918045,0.82411826,False
2021,77,73,0,0.0,0.0,bc_init,6,"a6(I45,N0)",45.0,0.0,0.4918045,0.82411826,False
2021,78,74,0,0.0,0.0,bc_init,6,"a6(I45,N0)",45.0,0.0,0.4918045,0.82411826,False
2021,79,75,6,45.0,0.0,bc_init,6,"a6(I45,N0)",45.0,0.0,0.4918045,0.82411826,True
2021,80,76,0,0.0,0.0,bc_init,0,"a0(I0,N0)",0.0,0.0,1.0,0.0,True
2021,81,77,0,0.0,0.0,bc_init,0,"a0(I0,N0)",0.0,0.0,1.0,0.0,True
2021,82,78,0,0.0,0.0,bc_init,0,"a0(I0,N0)",0.0,0.0,1.0,0.0,True
2021,83,79,0,0.0,0.0,bc_init,0,"a0(I0,N0)",0.0,0.0,1.0,0.0,True
2021,84,80,0,0.0,0.0,bc_init,0,"a0(I0,N0)",0.0,0.0,1.0,0.0,True
2021,85,81,0,0.0,0.0,bc_init,0,"a0(I0,N0)",0.0,0.0,1.0,0.0,True
2021,86,82,0,0.0,0.0,bc_init,6,"a6(I45,N0)",45.0,0.0,0.4918045,0.82411826,False
2021,87,83,0,0.0,0.0,bc_init,6,"a6(I45,N0)",45.0,0.0,0.4918045,0.82411826,False
2021,88,84,0,0.0,0.0,bc_init,6,"a6(I45,N0)",45.0,0.0,0.4918045,0.82411826,False
2021,89,85,0,0.0,0.0,bc_init,6,"a6(I45,N0)",45.0,0.0,0.4918045,0.82411826,False
2021,90,86,0,0.0,0.0,bc_init,6,"a6(I45,N0)",45.0,0.0,0.4918045,0.82411826,False
2021,91,87,0,0.0,0.0,bc_init,6,"a6(I45,N0)",45.0,0.0,0.4918045,0.82411826,False
2021,92,88,0,0.0,0.0,bc_init,6,"a6(I45,N0)",45.0,0.0,0.4918045,0.82411826,False
2021,93,89,0,0.0,0.0,bc_init,6,"a6(I45,N0)",45.0,0.0,0.4918045,0.82411826,False
2021,94,90,0,0.0,0.0,bc_init,6,"a6(I45,N0)",45.0,0.0,0.4918045,0.82411826,False
2021,95,91,0,0.0,0.0,bc_init,6,"a6(I45,N0)",45.0,0.0,0.4918045,0.82411826,False
2021,96,92,0,0.0,0.0,bc_init,6,"a6(I45,N0)",45.0,0.0,0.4918045,0.82411826,False
2021,97,93,0,0.0,0.0,bc_init,6,"a6(I45,N0)",45.0,0.0,0.4918045,0.82411826,False
2021,98,94,0,0.0,0.0,bc_init,6,"a6(I45,N0)",45.0,0.0,0.4918045,0.82411826,False
2021,99,95,6,45.0,0.0,bc_init,6,"a6(I45,N0)",45.0,0.0,0.4810967,0.82438457,True
2021,100,96,0,0.0,0.0,bc_init,0,"a0(I0,N0)",0.0,0.0,1.0,0.0,True
2021,101,97,0,0.0,0.0,bc_init,0,"a0(I0,N0)",0.0,0.0,1.0,0.0,True
2021,102,98,0,0.0,0.0,bc_init,0,"a0(I0,N0)",0.0,0.0,1.0,0.0,True
2021,103,99,0,0.0,0.0,bc_init,0,"a0(I0,N0)",0.0,0.0,1.0,0.0,True
2021,104,100,0,0.0,0.0,bc_init,0,"a0(I0,N0)",0.0,0.0,1.0,0.0,True
2021,105,101,0,0.0,0.0,bc_init,0,"a0(I0,N0)",0.0,0.0,1.0,0.0,True
2021,106,102,0,0.0,0.0,bc_init,6,"a6(I45,N0)",45.0,0.0,0.45848438,0.8186654,False
2021,107,103,0,0.0,0.0,bc_init,6,"a6(I45,N0)",45.0,0.0,0.45848438,0.8186654,False
2021,108,104,0,0.0,0.0,bc_init,6,"a6(I45,N0)",45.0,0.0,0.45848438,0.8186654,False
2021,109,105,0,0.0,0.0,bc_init,6,"a6(I45,N0)",45.0,0.0,0.45848438,0.8186654,False
2021,110,106,0,0.0,0.0,bc_init,6,"a6(I45,N0)",45.0,0.0,0.45848438,0.8186654,False
2021,111,107,0,0.0,0.0,bc_init,6,"a6(I45,N0)",45.0,0.0,0.45848432,0.8186655,False
2021,112,108,0,0.0,0.0,bc_init,6,"a6(I45,N0)",45.0,0.0,0.45167765,0.81705356,False
2021,113,109,0,0.0,0.0,bc_init,6,"a6(I45,N0)",45.0,0.0,0.45167765,0.81705356,False
2021,114,110,0,0.0,0.0,bc_init,6,"a6(I45,N0)",45.0,0.0,0.44871905,0.8154135,False
2021,115,111,0,0.0,0.0,bc_init,6,"a6(I45,N0)",45.0,0.0,0.44871905,0.8154135,False
2021,116,112,0,0.0,0.0,bc_init,6,"a6(I45,N0)",45.0,0.0,0.44871905,0.8154135,False
2021,117,113,0,0.0,0.0,bc_init,6,"a6(I45,N0)",45.0,0.0,0.44871905,0.8154135,False
2021,118,114,0,0.0,0.0,bc_init,6,"a6(I45,N0)",45.0,0.0,0.44871905,0.8154135,False
2021,119,115,3,30.0,0.0,bc_init,6,"a6(I45,N0)",45.0,0.0,0.44871905,0.8154135,False
2021,120,116,0,0.0,0.0,bc_init,0,"a0(I0,N0)",0.0,0.0,1.0,0.0,True
2021,121,117,0,0.0,0.0,bc_init,0,"a0(I0,N0)",0.0,0.0,1.0,0.0,True
2021,122,118,0,0.0,0.0,bc_init,0,"a0(I0,N0)",0.0,0.0,1.0,0.0,True
2021,123,119,0,0.0,0.0,bc_init,0,"a0(I0,N0)",0.0,0.0,1.0,0.0,True
2021,124,120,0,0.0,0.0,bc_init,0,"a0(I0,N0)",0.0,0.0,1.0,0.0,True
2021,125,121,0,0.0,0.0,bc_init,0,"a0(I0,N0)",0.0,0.0,1.0,0.0,True
2021,126,122,0,0.0,0.0,bc_init,0,"a0(I0,N0)",0.0,0.0,1.0,0.0,True
2021,127,123,0,0.0,0.0,bc_init,0,"a0(I0,N0)",0.0,0.0,1.0,0.0,True
2021,128,124,0,0.0,0.0,bc_init,0,"a0(I0,N0)",0.0,0.0,1.0,0.0,True
2021,129,125,0,0.0,0.0,bc_init,0,"a0(I0,N0)",0.0,0.0,1.0,0.0,True
2021,130,126,0,0.0,0.0,bc_init,0,"a0(I0,N0)",0.0,0.0,1.0,0.0,True
2021,131,127,0,0.0,0.0,bc_init,0,"a0(I0,N0)",0.0,0.0,1.0,0.0,True
2021,132,128,0,0.0,0.0,bc_init,0,"a0(I0,N0)",0.0,0.0,1.0,0.0,True
2021,133,129,0,0.0,0.0,bc_init,0,"a0(I0,N0)",0.0,0.0,1.0,0.0,True
2021,134,130,0,0.0,0.0,bc_init,0,"a0(I0,N0)",0.0,0.0,1.0,0.0,True
2021,135,131,0,0.0,0.0,bc_init,0,"a0(I0,N0)",0.0,0.0,1.0,0.0,True
2021,136,132,0,0.0,0.0,bc_init,0,"a0(I0,N0)",0.0,0.0,1.0,0.0,True
2021,137,133,0,0.0,0.0,bc_init,0,"a0(I0,N0)",0.0,0.0,1.0,0.0,True
2022,0,0,0,0.0,0.0,bc_init,1,"a1(I0,N80)",0.0,80.0,0.12494508,0.88716483,False
2022,1,0,0,0.0,0.0,bc_init,1,"a1(I0,N80)",0.0,80.0,0.1822493,0.88399935,False
2022,2,0,0,0.0,0.0,bc_init,1,"a1(I0,N80)",0.0,80.0,0.18103062,0.8840208,False
2022,3,0,0,0.0,0.0,bc_init,1,"a1(I0,N80)",0.0,80.0,0.1828662,0.8842589,False
2022,4,0,0,0.0,0.0,bc_init,1,"a1(I0,N80)",0.0,80.0,0.18291116,0.8844125,False
2022,5,1,8,45.0,120.0,bc_init,1,"a1(I0,N80)",0.0,80.0,0.18619327,0.8881422,False
2022,6,2,0,0.0,0.0,bc_init,0,"a0(I0,N0)",0.0,0.0,1.0,0.0,True
2022,7,3,0,0.0,0.0,bc_init,0,"a0(I0,N0)",0.0,0.0,1.0,0.0,True
2022,8,4,0,0.0,0.0,bc_init,0,"a0(I0,N0)",0.0,0.0,1.0,0.0,True
2022,9,5,0,0.0,0.0,bc_init,0,"a0(I0,N0)",0.0,0.0,1.0,0.0,True
2022,10,6,0,0.0,0.0,bc_init,0,"a0(I0,N0)",0.0,0.0,1.0,0.0,True
2022,11,7,0,0.0,0.0,bc_init,0,"a0(I0,N0)",0.0,0.0,1.0,0.0,True
2022,12,8,0,0.0,0.0,bc_init,1,"a1(I0,N80)",0.0,80.0,0.23047386,0.83070576,False
2022,13,9,0,0.0,0.0,bc_init,1,"a1(I0,N80)",0.0,80.0,0.23426604,0.8322804,False
2022,14,10,0,0.0,0.0,bc_init,1,"a1(I0,N80)",0.0,80.0,0.23163465,0.8314475,False
2022,15,11,0,0.0,0.0,bc_init,1,"a1(I0,N80)",0.0,80.0,0.23201187,0.83041096,False
2022,16,12,0,0.0,0.0,bc_init,1,"a1(I0,N80)",0.0,80.0,0.2332502,0.8317925,False
2022,17,13,0,0.0,0.0,bc_init,1,"a1(I0,N80)",0.0,80.0,0.23650518,0.8382375,False
2022,18,14,0,0.0,0.0,bc_init,1,"a1(I0,N80)",0.0,80.0,0.23787619,0.83838046,False
2022,19,15,0,0.0,0.0,bc_init,1,"a1(I0,N80)",0.0,80.0,0.23935492,0.83836156,False
2022,20,16,0,0.0,0.0,bc_init,1,"a1(I0,N80)",0.0,80.0,0.23877546,0.83801323,False
2022,21,17,0,0.0,0.0,bc_init,1,"a1(I0,N80)",0.0,80.0,0.23436336,0.8407049,False
2022,22,18,0,0.0,0.0,bc_init,1,"a1(I0,N80)",0.0,80.0,0.23829548,0.8390754,False
2022,23,19,0,0.0,0.0,bc_init,1,"a1(I0,N80)",0.0,80.0,0.23576038,0.83977735,False
2022,24,20,0,0.0,0.0,bc_init,1,"a1(I0,N80)",0.0,80.0,0.23908421,0.8377501,False
2022,25,21,0,0.0,0.0,bc_init,1,"a1(I0,N80)",0.0,80.0,0.23841874,0.8370025,False
2022,26,22,0,0.0,0.0,bc_init,1,"a1(I0,N80)",0.0,80.0,0.2389017,0.8362863,False
2022,27,23,0,0.0,0.0,bc_init,1,"a1(I0,N80)",0.0,80.0,0.23803851,0.83863634,False
2022,28,24,0,0.0,0.0,bc_init,1,"a1(I0,N80)",0.0,80.0,0.23917885,0.8365366,False
2022,29,25,0,0.0,0.0,bc_init,1,"a1(I0,N80)",0.0,80.0,0.23976116,0.8370137,False
2022,30,26,0,0.0,0.0,bc_init,1,"a1(I0,N80)",0.0,80.0,0.24265291,0.8379938,False
2022,31,27,0,0.0,0.0,bc_init,1,"a1(I0,N80)",0.0,80.0,0.24914826,0.8379576,False
2022,32,28,0,0.0,0.0,bc_init,1,"a1(I0,N80)",0.0,80.0,0.25476468,0.8396381,False
2022,33,29,0,0.0,0.0,bc_init,1,"a1(I0,N80)",0.0,80.0,0.262647,0.84477735,False
2022,34,30,0,0.0,0.0,bc_init,1,"a1(I0,N80)",0.0,80.0,0.2599505,0.84637314,False
2022,35,31,6,45.0,0.0,bc_init,1,"a1(I0,N80)",0.0,80.0,0.17435345,0.8994135,False
2022,36,32,0,0.0,0.0,bc_init,1,"a1(I0,N80)",0.0,80.0,0.49536437,0.75136423,False
2022,37,33,0,0.0,0.0,bc_init,1,"a1(I0,N80)",0.0,80.0,0.49699548,0.756213,False
2022,38,34,0,0.0,0.0,bc_init,1,"a1(I0,N80)",0.0,80.0,0.49687508,0.7562616,False
2022,39,35,0,0.0,0.0,bc_init,1,"a1(I0,N80)",0.0,80.0,0.49695244,0.7562653,False
2022,40,36,0,0.0,0.0,bc_init,1,"a1(I0,N80)",0.0,80.0,0.49706537,0.7558428,False
2022,41,37,0,0.0,0.0,bc_init,1,"a1(I0,N80)",0.0,80.0,0.50078845,0.7576065,False
2022,42,38,0,0.0,0.0,bc_init,1,"a1(I0,N80)",0.0,80.0,0.18534423,0.91218424,False
2022,43,39,0,0.0,0.0,bc_init,1,"a1(I0,N80)",0.0,80.0,0.1853423,0.9121857,False
2022,44,40,0,0.0,0.0,bc_init,1,"a1(I0,N80)",0.0,80.0,0.1853546,0.9121946,False
2022,45,41,0,0.0,0.0,bc_init,1,"a1(I0,N80)",0.0,80.0,0.1816423,0.91375816,False
2022,46,42,0,0.0,0.0,bc_init,1,"a1(I0,N80)",0.0,80.0,0.18180554,0.91286564,False
2022,47,43,2,0.0,120.0,bc_init,1,"a1(I0,N80)",0.0,80.0,0.18069907,0.9155834,False
2022,48,44,0,0.0,0.0,bc_init,6,"a6(I45,N0)",45.0,0.0,0.44021508,0.7836726,False
2022,49,45,0,0.0,0.0,bc_init,6,"a6(I45,N0)",45.0,0.0,0.4342811,0.78507394,False
2022,50,46,0,0.0,0.0,bc_init,6,"a6(I45,N0)",45.0,0.0,0.44148016,0.78803945,False
2022,51,47,0,0.0,0.0,bc_init,6,"a6(I45,N0)",45.0,0.0,0.4446903,0.7940285,False
2022,52,48,0,0.0,0.0,bc_init,6,"a6(I45,N0)",45.0,0.0,0.4446943,0.79404056,False
2022,53,49,0,0.0,0.0,bc_init,6,"a6(I45,N0)",45.0,0.0,0.44582507,0.7948009,False
2022,54,50,0,0.0,0.0,bc_init,6,"a6(I45,N0)",45.0,0.0,0.45366547,0.8015667,False
2022,55,51,0,0.0,0.0,bc_init,6,"a6(I45,N0)",45.0,0.0,0.45173606,0.8005804,False
2022,56,52,0,0.0,0.0,bc_init,6,"a6(I45,N0)",45.0,0.0,0.4542561,0.8018022,False
2022,57,53,0,0.0,0.0,bc_init,6,"a6(I45,N0)",45.0,0.0,0.45633727,0.80318797,False
2022,58,54,0,0.0,0.0,bc_init,6,"a6(I45,N0)",45.0,0.0,0.45927867,0.8045597,False
2022,59,55,0,0.0,0.0,bc_init,6,"a6(I45,N0)",45.0,0.0,0.46127775,0.8055054,False
2022,60,56,0,0.0,0.0,bc_init,6,"a6(I45,N0)",45.0,0.0,0.47652334,0.8142713,False
2022,61,57,0,0.0,0.0,bc_init,6,"a6(I45,N0)",45.0,0.0,0.4795084,0.81659615,False
2022,62,58,0,0.0,0.0,bc_init,6,"a6(I45,N0)",45.0,0.0,0.47952867,0.81661487,False
2022,63,59,0,0.0,0.0,bc_init,6,"a6(I45,N0)",45.0,0.0,0.4768224,0.81544214,False
2022,64,60,0,0.0,0.0,bc_init,6,"a6(I45,N0)",45.0,0.0,0.4771468,0.81569076,False
2022,65,61,6,45.0,0.0,bc_init,6,"a6(I45,N0)",45.0,0.0,0.4848176,0.8208354,True
2022,66,62,0,0.0,0.0,bc_init,0,"a0(I0,N0)",0.0,0.0,1.0,0.0,True
2022,67,63,0,0.0,0.0,bc_init,0,"a0(I0,N0)",0.0,0.0,1.0,0.0,True
2022,68,64,0,0.0,0.0,bc_init,0,"a0(I0,N0)",0.0,0.0,1.0,0.0,True
2022,69,65,0,0.0,0.0,bc_init,0,"a0(I0,N0)",0.0,0.0,1.0,0.0,True
2022,70,66,0,0.0,0.0,bc_init,0,"a0(I0,N0)",0.0,0.0,1.0,0.0,True
2022,71,67,0,0.0,0.0,bc_init,0,"a0(I0,N0)",0.0,0.0,1.0,0.0,True
2022,72,68,0,0.0,0.0,bc_init,6,"a6(I45,N0)",45.0,0.0,0.4786303,0.8185978,False
2022,73,69,0,0.0,0.0,bc_init,6,"a6(I45,N0)",45.0,0.0,0.47896275,0.81889385,False
2022,74,70,0,0.0,0.0,bc_init,6,"a6(I45,N0)",45.0,0.0,0.48200092,0.8216165,False
2022,75,71,0,0.0,0.0,bc_init,6,"a6(I45,N0)",45.0,0.0,0.48694357,0.8236876,False
2022,76,72,0,0.0,0.0,bc_init,6,"a6(I45,N0)",45.0,0.0,0.49162367,0.82416695,False
2022,77,73,0,0.0,0.0,bc_init,6,"a6(I45,N0)",45.0,0.0,0.49180508,0.8241193,False
2022,78,74,0,0.0,0.0,bc_init,6,"a6(I45,N0)",45.0,0.0,0.4918045,0.82411826,False
2022,79,75,0,0.0,0.0,bc_init,6,"a6(I45,N0)",45.0,0.0,0.4918045,0.82411826,False
2022,80,76,0,0.0,0.0,bc_init,6,"a6(I45,N0)",45.0,0.0,0.4918045,0.82411826,False
2022,81,77,0,0.0,0.0,bc_init,6,"a6(I45,N0)",45.0,0.0,0.4918045,0.82411826,False
2022,82,78,0,0.0,0.0,bc_init,6,"a6(I45,N0)",45.0,0.0,0.4918045,0.82411826,False
2022,83,79,0,0.0,0.0,bc_init,6,"a6(I45,N0)",45.0,0.0,0.4918045,0.82411826,False
2022,84,80,0,0.0,0.0,bc_init,6,"a6(I45,N0)",45.0,0.0,0.4918045,0.82411826,False
2022,85,81,0,0.0,0.0,bc_init,6,"a6(I45,N0)",45.0,0.0,0.4918045,0.82411826,False
2022,86,82,0,0.0,0.0,bc_init,6,"a6(I45,N0)",45.0,0.0,0.4918045,0.82411826,False
2022,87,83,0,0.0,0.0,bc_init,6,"a6(I45,N0)",45.0,0.0,0.4918045,0.82411826,False
2022,88,84,0,0.0,0.0,bc_init,6,"a6(I45,N0)",45.0,0.0,0.4918045,0.82411826,False
2022,89,85,0,0.0,0.0,bc_init,6,"a6(I45,N0)",45.0,0.0,0.4918045,0.82411826,False
2022,90,86,0,0.0,0.0,bc_init,6,"a6(I45,N0)",45.0,0.0,0.4918045,0.82411826,False
2022,91,87,0,0.0,0.0,bc_init,6,"a6(I45,N0)",45.0,0.0,0.4918045,0.82411826,False
2022,92,88,0,0.0,0.0,bc_init,6,"a6(I45,N0)",45.0,0.0,0.4918045,0.82411826,False
2022,93,89,0,0.0,0.0,bc_init,6,"a6(I45,N0)",45.0,0.0,0.4918045,0.82411826,False
2022,94,90,0,0.0,0.0,bc_init,6,"a6(I45,N0)",45.0,0.0,0.4918045,0.82411826,False
2022,95,91,3,30.0,0.0,bc_init,6,"a6(I45,N0)",45.0,0.0,0.4918045,0.82411826,False
2022,96,92,0,0.0,0.0,bc_init,0,"a0(I0,N0)",0.0,0.0,1.0,0.0,True
2022,97,93,0,0.0,0.0,bc_init,0,"a0(I0,N0)",0.0,0.0,1.0,0.0,True
2022,98,94,0,0.0,0.0,bc_init,0,"a0(I0,N0)",0.0,0.0,1.0,0.0,True
2022,99,95,0,0.0,0.0,bc_init,0,"a0(I0,N0)",0.0,0.0,1.0,0.0,True
2022,100,96,0,0.0,0.0,bc_init,0,"a0(I0,N0)",0.0,0.0,1.0,0.0,True
2022,101,97,0,0.0,0.0,bc_init,0,"a0(I0,N0)",0.0,0.0,1.0,0.0,True
2022,102,98,0,0.0,0.0,bc_init,6,"a6(I45,N0)",45.0,0.0,0.49180445,0.82411826,False
2022,103,99,0,0.0,0.0,bc_init,6,"a6(I45,N0)",45.0,0.0,0.4810967,0.82438457,False
2022,104,100,0,0.0,0.0,bc_init,6,"a6(I45,N0)",45.0,0.0,0.47171092,0.8230499,False
2022,105,101,0,0.0,0.0,bc_init,6,"a6(I45,N0)",45.0,0.0,0.47171092,0.8230499,False
2022,106,102,0,0.0,0.0,bc_init,6,"a6(I45,N0)",45.0,0.0,0.47171092,0.8230499,False
2022,107,103,0,0.0,0.0,bc_init,6,"a6(I45,N0)",45.0,0.0,0.47171092,0.8230499,False
2022,108,104,0,0.0,0.0,bc_init,6,"a6(I45,N0)",45.0,0.0,0.4624707,0.82164496,False
2022,109,105,0,0.0,0.0,bc_init,6,"a6(I45,N0)",45.0,0.0,0.4624707,0.82164496,False
2022,110,106,0,0.0,0.0,bc_init,6,"a6(I45,N0)",45.0,0.0,0.4624707,0.82164496,False
2022,111,107,0,0.0,0.0,bc_init,6,"a6(I45,N0)",45.0,0.0,0.45848438,0.8186654,False
2022,112,108,0,0.0,0.0,bc_init,6,"a6(I45,N0)",45.0,0.0,0.45848438,0.8186654,False
2022,113,109,0,0.0,0.0,bc_init,6,"a6(I45,N0)",45.0,0.0,0.45848438,0.8186654,False
2022,114,110,3,30.0,0.0,bc_init,6,"a6(I45,N0)",45.0,0.0,0.45848438,0.8186654,False
2022,115,111,0,0.0,0.0,bc_init,0,"a0(I0,N0)",0.0,0.0,1.0,0.0,True
2022,116,112,0,0.0,0.0,bc_init,0,"a0(I0,N0)",0.0,0.0,1.0,0.0,True
2022,117,113,0,0.0,0.0,bc_init,0,"a0(I0,N0)",0.0,0.0,1.0,0.0,True
2022,118,114,0,0.0,0.0,bc_init,0,"a0(I0,N0)",0.0,0.0,1.0,0.0,True
2022,119,115,0,0.0,0.0,bc_init,0,"a0(I0,N0)",0.0,0.0,1.0,0.0,True
2022,120,116,0,0.0,0.0,bc_init,0,"a0(I0,N0)",0.0,0.0,1.0,0.0,True
2022,121,117,0,0.0,0.0,bc_init,6,"a6(I45,N0)",45.0,0.0,0.44871905,0.8154135,False
2022,122,118,0,0.0,0.0,bc_init,6,"a6(I45,N0)",45.0,0.0,0.44871905,0.8154135,False
2022,123,119,0,0.0,0.0,bc_init,6,"a6(I45,N0)",45.0,0.0,0.44871905,0.8154135,False
2022,124,120,0,0.0,0.0,bc_init,6,"a6(I45,N0)",45.0,0.0,0.44871905,0.8154135,False
2022,125,121,0,0.0,0.0,bc_init,0,"a0(I0,N0)",0.0,0.0,1.0,0.0,True
2022,126,122,0,0.0,0.0,bc_init,0,"a0(I0,N0)",0.0,0.0,1.0,0.0,True
2022,127,123,0,0.0,0.0,bc_init,0,"a0(I0,N0)",0.0,0.0,1.0,0.0,True
2022,128,124,0,0.0,0.0,bc_init,0,"a0(I0,N0)",0.0,0.0,1.0,0.0,True
2022,129,125,0,0.0,0.0,bc_init,0,"a0(I0,N0)",0.0,0.0,1.0,0.0,True
2022,130,126,0,0.0,0.0,bc_init,0,"a0(I0,N0)",0.0,0.0,1.0,0.0,True
2022,131,127,0,0.0,0.0,bc_init,0,"a0(I0,N0)",0.0,0.0,1.0,0.0,True
2022,132,128,0,0.0,0.0,bc_init,0,"a0(I0,N0)",0.0,0.0,1.0,0.0,True
2022,133,129,0,0.0,0.0,bc_init,0,"a0(I0,N0)",0.0,0.0,1.0,0.0,True
2022,134,130,0,0.0,0.0,bc_init,0,"a0(I0,N0)",0.0,0.0,1.0,0.0,True
2022,135,131,0,0.0,0.0,bc_init,0,"a0(I0,N0)",0.0,0.0,1.0,0.0,True
2022,136,132,0,0.0,0.0,bc_init,0,"a0(I0,N0)",0.0,0.0,1.0,0.0,True
2022,137,133,0,0.0,0.0,bc_init,0,"a0(I0,N0)",0.0,0.0,1.0,0.0,True
2022,138,134,0,0.0,0.0,bc_init,0,"a0(I0,N0)",0.0,0.0,1.0,0.0,True
2022,139,135,0,0.0,0.0,bc_init,0,"a0(I0,N0)",0.0,0.0,1.0,0.0,True
2022,140,136,0,0.0,0.0,bc_init,0,"a0(I0,N0)",0.0,0.0,1.0,0.0,True
2022,141,137,0,0.0,0.0,bc_init,0,"a0(I0,N0)",0.0,0.0,1.0,0.0,True
2023,0,0,0,0.0,0.0,bc_init,1,"a1(I0,N80)",0.0,80.0,0.1240162,0.88649607,False
2023,1,0,0,0.0,0.0,bc_init,1,"a1(I0,N80)",0.0,80.0,0.17346856,0.87979126,False
2023,2,0,0,0.0,0.0,bc_init,1,"a1(I0,N80)",0.0,80.0,0.18134248,0.8840704,False
2023,3,0,0,0.0,0.0,bc_init,1,"a1(I0,N80)",0.0,80.0,0.18227287,0.88489115,False
2023,4,0,0,0.0,0.0,bc_init,1,"a1(I0,N80)",0.0,80.0,0.17481725,0.8804506,False
2023,5,1,7,45.0,80.0,bc_init,1,"a1(I0,N80)",0.0,80.0,0.18434553,0.88492966,False
2023,6,2,0,0.0,0.0,bc_init,0,"a0(I0,N0)",0.0,0.0,1.0,0.0,True
2023,7,3,0,0.0,0.0,bc_init,0,"a0(I0,N0)",0.0,0.0,1.0,0.0,True
2023,8,4,0,0.0,0.0,bc_init,0,"a0(I0,N0)",0.0,0.0,1.0,0.0,True
2023,9,5,0,0.0,0.0,bc_init,0,"a0(I0,N0)",0.0,0.0,1.0,0.0,True
2023,10,6,0,0.0,0.0,bc_init,0,"a0(I0,N0)",0.0,0.0,1.0,0.0,True
2023,11,7,0,0.0,0.0,bc_init,0,"a0(I0,N0)",0.0,0.0,1.0,0.0,True
2023,12,8,3,30.0,0.0,bc_init,1,"a1(I0,N80)",0.0,80.0,0.23783614,0.8314505,False
2023,13,9,0,0.0,0.0,bc_init,1,"a1(I0,N80)",0.0,80.0,0.4538363,0.707426,False
2023,14,10,0,0.0,0.0,bc_init,1,"a1(I0,N80)",0.0,80.0,0.44741634,0.6998865,False
2023,15,11,0,0.0,0.0,bc_init,1,"a1(I0,N80)",0.0,80.0,0.4483584,0.7018756,False
2023,16,12,0,0.0,0.0,bc_init,1,"a1(I0,N80)",0.0,80.0,0.44875056,0.7038512,False
2023,17,13,0,0.0,0.0,bc_init,1,"a1(I0,N80)",0.0,80.0,0.44718516,0.70221573,False
2023,18,14,0,0.0,0.0,bc_init,1,"a1(I0,N80)",0.0,80.0,0.44380385,0.70067877,False
2023,19,15,0,0.0,0.0,bc_init,1,"a1(I0,N80)",0.0,80.0,0.45878056,0.70946324,False
2023,20,16,0,0.0,0.0,bc_init,1,"a1(I0,N80)",0.0,80.0,0.4667732,0.7130695,False
2023,21,17,0,0.0,0.0,bc_init,1,"a1(I0,N80)",0.0,80.0,0.46791208,0.7107194,False
2023,22,18,0,0.0,0.0,bc_init,1,"a1(I0,N80)",0.0,80.0,0.46644393,0.7129419,False
2023,23,19,0,0.0,0.0,bc_init,1,"a1(I0,N80)",0.0,80.0,0.46768674,0.710108,False
2023,24,20,0,0.0,0.0,bc_init,1,"a1(I0,N80)",0.0,80.0,0.4628318,0.7099533,False
2023,25,21,0,0.0,0.0,bc_init,1,"a1(I0,N80)",0.0,80.0,0.4604415,0.70962167,False
2023,26,22,0,0.0,0.0,bc_init,1,"a1(I0,N80)",0.0,80.0,0.45561108,0.70730186,False
2023,27,23,0,0.0,0.0,bc_init,1,"a1(I0,N80)",0.0,80.0,0.44896394,0.70407164,False
2023,28,24,0,0.0,0.0,bc_init,1,"a1(I0,N80)",0.0,80.0,0.45631748,0.7045295,False
2023,29,25,0,0.0,0.0,bc_init,1,"a1(I0,N80)",0.0,80.0,0.45592883,0.7063847,False
2023,30,26,0,0.0,0.0,bc_init,1,"a1(I0,N80)",0.0,80.0,0.46043575,0.71253026,False
2023,31,27,0,0.0,0.0,bc_init,1,"a1(I0,N80)",0.0,80.0,0.46160352,0.71525514,False
2023,32,28,0,0.0,0.0,bc_init,1,"a1(I0,N80)",0.0,80.0,0.4640941,0.71373427,False
2023,33,29,0,0.0,0.0,bc_init,1,"a1(I0,N80)",0.0,80.0,0.46744812,0.720659,False
2023,34,30,0,0.0,0.0,bc_init,1,"a1(I0,N80)",0.0,80.0,0.47087586,0.729875,False
2023,35,31,6,45.0,0.0,bc_init,1,"a1(I0,N80)",0.0,80.0,0.17521712,0.9047756,False
2023,36,32,0,0.0,0.0,bc_init,1,"a1(I0,N80)",0.0,80.0,0.46095842,0.7234925,False
2023,37,33,0,0.0,0.0,bc_init,1,"a1(I0,N80)",0.0,80.0,0.45737243,0.7204734,False
2023,38,34,0,0.0,0.0,bc_init,1,"a1(I0,N80)",0.0,80.0,0.47372988,0.73227644,False
2023,39,35,0,0.0,0.0,bc_init,1,"a1(I0,N80)",0.0,80.0,0.47862273,0.73526853,False
2023,40,36,0,0.0,0.0,bc_init,1,"a1(I0,N80)",0.0,80.0,0.4858155,0.74432576,False
2023,41,37,0,0.0,0.0,bc_init,1,"a1(I0,N80)",0.0,80.0,0.4891011,0.7481468,False
2023,42,38,3,30.0,0.0,bc_init,1,"a1(I0,N80)",0.0,80.0,0.27843854,0.86332136,False
2023,43,39,0,0.0,0.0,bc_init,1,"a1(I0,N80)",0.0,80.0,0.47645107,0.7492129,False
2023,44,40,0,0.0,0.0,bc_init,1,"a1(I0,N80)",0.0,80.0,0.4857042,0.7556273,False
2023,45,41,0,0.0,0.0,bc_init,1,"a1(I0,N80)",0.0,80.0,0.50423557,0.76644254,False
2023,46,42,0,0.0,0.0,bc_init,1,"a1(I0,N80)",0.0,80.0,0.5076575,0.76742506,False
2023,47,43,1,0.0,80.0,bc_init,1,"a1(I0,N80)",0.0,80.0,0.5078071,0.76744735,True
2023,48,44,0,0.0,0.0,bc_init,0,"a0(I0,N0)",0.0,0.0,1.0,0.0,True
2023,49,45,0,0.0,0.0,bc_init,0,"a0(I0,N0)",0.0,0.0,1.0,0.0,True
2023,50,46,0,0.0,0.0,bc_init,0,"a0(I0,N0)",0.0,0.0,1.0,0.0,True
2023,51,47,0,0.0,0.0,bc_init,0,"a0(I0,N0)",0.0,0.0,1.0,0.0,True
2023,52,48,0,0.0,0.0,bc_init,0,"a0(I0,N0)",0.0,0.0,1.0,0.0,True
2023,53,49,0,0.0,0.0,bc_init,0,"a0(I0,N0)",0.0,0.0,1.0,0.0,True
2023,54,50,0,0.0,0.0,bc_init,1,"a1(I0,N80)",0.0,80.0,0.6861183,0.6861183,False
2023,55,51,0,0.0,0.0,bc_init,1,"a1(I0,N80)",0.0,80.0,0.6828439,0.6828439,False
2023,56,52,0,0.0,0.0,bc_init,1,"a1(I0,N80)",0.0,80.0,0.6791829,0.6791829,False
2023,57,53,0,0.0,0.0,bc_init,1,"a1(I0,N80)",0.0,80.0,0.6784282,0.6784282,False
2023,58,54,0,0.0,0.0,bc_init,1,"a1(I0,N80)",0.0,80.0,0.67843664,0.67843664,False
2023,59,55,0,0.0,0.0,bc_init,1,"a1(I0,N80)",0.0,80.0,0.68670595,0.68670595,False
2023,60,56,0,0.0,0.0,bc_init,1,"a1(I0,N80)",0.0,80.0,0.6866889,0.6866889,False
2023,61,57,0,0.0,0.0,bc_init,1,"a1(I0,N80)",0.0,80.0,0.6905007,0.6905007,False
2023,62,58,0,0.0,0.0,bc_init,1,"a1(I0,N80)",0.0,80.0,0.6828756,0.6828756,False
2023,63,59,0,0.0,0.0,bc_init,1,"a1(I0,N80)",0.0,80.0,0.6778748,0.6778748,False
2023,64,60,0,0.0,0.0,bc_init,1,"a1(I0,N80)",0.0,80.0,0.6778737,0.6778737,False
2023,65,61,7,45.0,80.0,bc_init,6,"a6(I45,N0)",45.0,0.0,0.25646767,0.9027956,False
2023,66,62,0,0.0,0.0,bc_init,0,"a0(I0,N0)",0.0,0.0,1.0,0.0,True
2023,67,63,0,0.0,0.0,bc_init,0,"a0(I0,N0)",0.0,0.0,1.0,0.0,True
2023,68,64,0,0.0,0.0,bc_init,0,"a0(I0,N0)",0.0,0.0,1.0,0.0,True
2023,69,65,0,0.0,0.0,bc_init,0,"a0(I0,N0)",0.0,0.0,1.0,0.0,True
2023,70,66,0,0.0,0.0,bc_init,0,"a0(I0,N0)",0.0,0.0,1.0,0.0,True
2023,71,67,0,0.0,0.0,bc_init,0,"a0(I0,N0)",0.0,0.0,1.0,0.0,True
2023,72,68,0,0.0,0.0,bc_init,0,"a0(I0,N0)",0.0,0.0,1.0,0.0,True
2023,73,69,0,0.0,0.0,bc_init,0,"a0(I0,N0)",0.0,0.0,1.0,0.0,True
2023,74,70,0,0.0,0.0,bc_init,0,"a0(I0,N0)",0.0,0.0,1.0,0.0,True
2023,75,71,0,0.0,0.0,bc_init,0,"a0(I0,N0)",0.0,0.0,1.0,0.0,True
2023,76,72,0,0.0,0.0,bc_init,0,"a0(I0,N0)",0.0,0.0,1.0,0.0,True
2023,77,73,0,0.0,0.0,bc_init,0,"a0(I0,N0)",0.0,0.0,1.0,0.0,True
2023,78,74,0,0.0,0.0,bc_init,0,"a0(I0,N0)",0.0,0.0,1.0,0.0,True
2023,79,75,0,0.0,0.0,bc_init,0,"a0(I0,N0)",0.0,0.0,1.0,0.0,True
2023,80,76,0,0.0,0.0,bc_init,0,"a0(I0,N0)",0.0,0.0,1.0,0.0,True
2023,81,77,0,0.0,0.0,bc_init,0,"a0(I0,N0)",0.0,0.0,1.0,0.0,True
2023,82,78,0,0.0,0.0,bc_init,0,"a0(I0,N0)",0.0,0.0,1.0,0.0,True
2023,83,79,0,0.0,0.0,bc_init,0,"a0(I0,N0)",0.0,0.0,1.0,0.0,True
2023,84,80,0,0.0,0.0,bc_init,0,"a0(I0,N0)",0.0,0.0,1.0,0.0,True
2023,85,81,0,0.0,0.0,bc_init,0,"a0(I0,N0)",0.0,0.0,1.0,0.0,True
2023,86,82,0,0.0,0.0,bc_init,0,"a0(I0,N0)",0.0,0.0,1.0,0.0,True
2023,87,83,0,0.0,0.0,bc_init,0,"a0(I0,N0)",0.0,0.0,1.0,0.0,True
2023,88,84,0,0.0,0.0,bc_init,0,"a0(I0,N0)",0.0,0.0,1.0,0.0,True
2023,89,85,0,0.0,0.0,bc_init,0,"a0(I0,N0)",0.0,0.0,1.0,0.0,True
2023,90,86,0,0.0,0.0,bc_init,0,"a0(I0,N0)",0.0,0.0,1.0,0.0,True
2023,91,87,0,0.0,0.0,bc_init,0,"a0(I0,N0)",0.0,0.0,1.0,0.0,True
2023,92,88,0,0.0,0.0,bc_init,0,"a0(I0,N0)",0.0,0.0,1.0,0.0,True
2023,93,89,0,0.0,0.0,bc_init,0,"a0(I0,N0)",0.0,0.0,1.0,0.0,True
2023,94,90,0,0.0,0.0,bc_init,0,"a0(I0,N0)",0.0,0.0,1.0,0.0,True
2023,95,91,6,45.0,0.0,bc_init,6,"a6(I45,N0)",45.0,0.0,0.4918045,0.82411826,True
2023,96,92,0,0.0,0.0,bc_init,0,"a0(I0,N0)",0.0,0.0,1.0,0.0,True
2023,97,93,0,0.0,0.0,bc_init,0,"a0(I0,N0)",0.0,0.0,1.0,0.0,True
2023,98,94,0,0.0,0.0,bc_init,0,"a0(I0,N0)",0.0,0.0,1.0,0.0,True
2023,99,95,0,0.0,0.0,bc_init,0,"a0(I0,N0)",0.0,0.0,1.0,0.0,True
2023,100,96,0,0.0,0.0,bc_init,0,"a0(I0,N0)",0.0,0.0,1.0,0.0,True
2023,101,97,0,0.0,0.0,bc_init,0,"a0(I0,N0)",0.0,0.0,1.0,0.0,True
2023,102,98,0,0.0,0.0,bc_init,0,"a0(I0,N0)",0.0,0.0,1.0,0.0,True
2023,103,99,0,0.0,0.0,bc_init,0,"a0(I0,N0)",0.0,0.0,1.0,0.0,True
2023,104,100,0,0.0,0.0,bc_init,0,"a0(I0,N0)",0.0,0.0,1.0,0.0,True
2023,105,101,0,0.0,0.0,bc_init,0,"a0(I0,N0)",0.0,0.0,1.0,0.0,True
2023,106,102,0,0.0,0.0,bc_init,0,"a0(I0,N0)",0.0,0.0,1.0,0.0,True
2023,107,103,0,0.0,0.0,bc_init,0,"a0(I0,N0)",0.0,0.0,1.0,0.0,True
2023,108,104,0,0.0,0.0,bc_init,0,"a0(I0,N0)",0.0,0.0,1.0,0.0,True
2023,109,105,0,0.0,0.0,bc_init,0,"a0(I0,N0)",0.0,0.0,1.0,0.0,True
2023,110,106,0,0.0,0.0,bc_init,0,"a0(I0,N0)",0.0,0.0,1.0,0.0,True
2023,111,107,0,0.0,0.0,bc_init,0,"a0(I0,N0)",0.0,0.0,1.0,0.0,True
2023,112,108,0,0.0,0.0,bc_init,0,"a0(I0,N0)",0.0,0.0,1.0,0.0,True
2023,113,109,0,0.0,0.0,bc_init,0,"a0(I0,N0)",0.0,0.0,1.0,0.0,True
2023,114,110,0,0.0,0.0,bc_init,0,"a0(I0,N0)",0.0,0.0,1.0,0.0,True
2023,115,111,0,0.0,0.0,bc_init,0,"a0(I0,N0)",0.0,0.0,1.0,0.0,True
2023,116,112,0,0.0,0.0,bc_init,0,"a0(I0,N0)",0.0,0.0,1.0,0.0,True
2023,117,113,0,0.0,0.0,bc_init,0,"a0(I0,N0)",0.0,0.0,1.0,0.0,True
2023,118,114,0,0.0,0.0,bc_init,0,"a0(I0,N0)",0.0,0.0,1.0,0.0,True
2023,119,115,0,0.0,0.0,bc_init,0,"a0(I0,N0)",0.0,0.0,1.0,0.0,True
2023,120,116,0,0.0,0.0,bc_init,0,"a0(I0,N0)",0.0,0.0,1.0,0.0,True
2023,121,117,0,0.0,0.0,bc_init,0,"a0(I0,N0)",0.0,0.0,1.0,0.0,True
2023,122,118,0,0.0,0.0,bc_init,0,"a0(I0,N0)",0.0,0.0,1.0,0.0,True
2023,123,119,0,0.0,0.0,bc_init,0,"a0(I0,N0)",0.0,0.0,1.0,0.0,True
2023,124,120,0,0.0,0.0,bc_init,0,"a0(I0,N0)",0.0,0.0,1.0,0.0,True
2023,125,121,0,0.0,0.0,bc_init,0,"a0(I0,N0)",0.0,0.0,1.0,0.0,True
2023,126,122,0,0.0,0.0,bc_init,0,"a0(I0,N0)",0.0,0.0,1.0,0.0,True
2023,127,123,0,0.0,0.0,bc_init,0,"a0(I0,N0)",0.0,0.0,1.0,0.0,True
2023,128,124,0,0.0,0.0,bc_init,0,"a0(I0,N0)",0.0,0.0,1.0,0.0,True
2023,129,125,0,0.0,0.0,bc_init,0,"a0(I0,N0)",0.0,0.0,1.0,0.0,True
2023,130,126,0,0.0,0.0,bc_init,0,"a0(I0,N0)",0.0,0.0,1.0,0.0,True
2023,131,127,0,0.0,0.0,bc_init,0,"a0(I0,N0)",0.0,0.0,1.0,0.0,True
2023,132,128,0,0.0,0.0,bc_init,0,"a0(I0,N0)",0.0,0.0,1.0,0.0,True
2023,133,129,0,0.0,0.0,bc_init,0,"a0(I0,N0)",0.0,0.0,1.0,0.0,True
2023,134,130,0,0.0,0.0,bc_init,0,"a0(I0,N0)",0.0,0.0,1.0,0.0,True
2023,135,131,0,0.0,0.0,bc_init,0,"a0(I0,N0)",0.0,0.0,1.0,0.0,True
2023,136,132,0,0.0,0.0,bc_init,0,"a0(I0,N0)",0.0,0.0,1.0,0.0,True
2023,137,133,0,0.0,0.0,bc_init,0,"a0(I0,N0)",0.0,0.0,1.0,0.0,True
2014,0,0,0,0.0,0.0,ppo100k,7,"a7(I45,N80)",45.0,80.0,0.936696,0.9973611,False
2014,1,0,0,0.0,0.0,ppo100k,7,"a7(I45,N80)",45.0,80.0,0.76342106,0.9860754,False
2014,2,0,0,0.0,0.0,ppo100k,7,"a7(I45,N80)",45.0,80.0,0.8081368,0.9892337,False
2014,3,0,0,0.0,0.0,ppo100k,7,"a7(I45,N80)",45.0,80.0,0.8036917,0.98868084,False
2014,4,0,0,0.0,0.0,ppo100k,7,"a7(I45,N80)",45.0,80.0,0.79988414,0.9884165,False
2014,5,1,1,0.0,80.0,ppo100k,7,"a7(I45,N80)",45.0,80.0,0.8219677,0.9905269,False
2014,6,2,0,0.0,0.0,ppo100k,3,"a3(I30,N0)",30.0,0.0,0.57998437,0.7211242,False
2014,7,3,0,0.0,0.0,ppo100k,3,"a3(I30,N0)",30.0,0.0,0.5799605,0.7210912,False
2014,8,4,0,0.0,0.0,ppo100k,3,"a3(I30,N0)",30.0,0.0,0.5807502,0.7218226,False
2014,9,5,0,0.0,0.0,ppo100k,3,"a3(I30,N0)",30.0,0.0,0.58379996,0.7247606,False
2014,10,6,0,0.0,0.0,ppo100k,3,"a3(I30,N0)",30.0,0.0,0.5764794,0.7182354,False
2014,11,7,0,0.0,0.0,ppo100k,3,"a3(I30,N0)",30.0,0.0,0.582584,0.7236997,False
2014,12,8,0,0.0,0.0,ppo100k,7,"a7(I45,N80)",45.0,80.0,0.91436297,0.996539,False
2014,13,9,0,0.0,0.0,ppo100k,7,"a7(I45,N80)",45.0,80.0,0.91426474,0.9965348,False
2014,14,10,0,0.0,0.0,ppo100k,7,"a7(I45,N80)",45.0,80.0,0.9139444,0.99652255,False
2014,15,11,0,0.0,0.0,ppo100k,7,"a7(I45,N80)",45.0,80.0,0.9132731,0.9964938,False
2014,16,12,0,0.0,0.0,ppo100k,7,"a7(I45,N80)",45.0,80.0,0.9116538,0.99622655,False
2014,17,13,0,0.0,0.0,ppo100k,7,"a7(I45,N80)",45.0,80.0,0.9143021,0.9965381,False
2014,18,14,0,0.0,0.0,ppo100k,7,"a7(I45,N80)",45.0,80.0,0.91466403,0.99637926,False
2014,19,15,0,0.0,0.0,ppo100k,7,"a7(I45,N80)",45.0,80.0,0.91457105,0.9965469,False
2014,20,16,0,0.0,0.0,ppo100k,7,"a7(I45,N80)",45.0,80.0,0.91430616,0.9965394,False
2014,21,17,0,0.0,0.0,ppo100k,7,"a7(I45,N80)",45.0,80.0,0.9143501,0.99630964,False
2014,22,18,0,0.0,0.0,ppo100k,7,"a7(I45,N80)",45.0,80.0,0.9140272,0.9965262,False
2014,23,19,0,0.0,0.0,ppo100k,7,"a7(I45,N80)",45.0,80.0,0.9128138,0.99647206,False
2014,24,20,0,0.0,0.0,ppo100k,7,"a7(I45,N80)",45.0,80.0,0.9104727,0.996365,False
2014,25,21,0,0.0,0.0,ppo100k,7,"a7(I45,N80)",45.0,80.0,0.90680677,0.99613714,False
2014,26,22,0,0.0,0.0,ppo100k,7,"a7(I45,N80)",45.0,80.0,0.90913653,0.99626625,False
2014,27,23,0,0.0,0.0,ppo100k,7,"a7(I45,N80)",45.0,80.0,0.9074372,0.9962142,False
2014,28,24,0,0.0,0.0,ppo100k,7,"a7(I45,N80)",45.0,80.0,0.9107818,0.9963762,False
2014,29,25,0,0.0,0.0,ppo100k,7,"a7(I45,N80)",45.0,80.0,0.9076631,0.9963312,False
2014,30,26,0,0.0,0.0,ppo100k,7,"a7(I45,N80)",45.0,80.0,0.9110287,0.996418,False
2014,31,27,0,0.0,0.0,ppo100k,7,"a7(I45,N80)",45.0,80.0,0.911888,0.996426,False
2014,32,28,0,0.0,0.0,ppo100k,7,"a7(I45,N80)",45.0,80.0,0.9102077,0.9962719,False
2014,33,29,0,0.0,0.0,ppo100k,7,"a7(I45,N80)",45.0,80.0,0.89408386,0.9955331,False
2014,34,30,6,45.0,0.0,ppo100k,7,"a7(I45,N80)",45.0,80.0,0.90946037,0.99626106,False
2014,35,31,0,0.0,0.0,ppo100k,2,"a2(I0,N120)",0.0,120.0,0.5473003,0.6603849,False
2014,36,32,0,0.0,0.0,ppo100k,2,"a2(I0,N120)",0.0,120.0,0.5397707,0.65640986,False
2014,37,33,0,0.0,0.0,ppo100k,2,"a2(I0,N120)",0.0,120.0,0.55360836,0.66472125,False
2014,38,34,0,0.0,0.0,ppo100k,2,"a2(I0,N120)",0.0,120.0,0.5986481,0.70591146,False
2014,39,35,0,0.0,0.0,ppo100k,2,"a2(I0,N120)",0.0,120.0,0.60648066,0.7115206,False
2014,40,36,0,0.0,0.0,ppo100k,2,"a2(I0,N120)",0.0,120.0,0.55054736,0.6629132,False
2014,41,37,0,0.0,0.0,ppo100k,7,"a7(I45,N80)",45.0,80.0,0.84799623,0.9934442,False
2014,42,38,0,0.0,0.0,ppo100k,7,"a7(I45,N80)",45.0,80.0,0.83980787,0.993038,False
2014,43,39,0,0.0,0.0,ppo100k,7,"a7(I45,N80)",45.0,80.0,0.83260226,0.9926166,False
2014,44,40,0,0.0,0.0,ppo100k,7,"a7(I45,N80)",45.0,80.0,0.8331919,0.9926145,False
2014,45,41,0,0.0,0.0,ppo100k,7,"a7(I45,N80)",45.0,80.0,0.81323177,0.99134976,False
2014,46,42,0,0.0,0.0,ppo100k,7,"a7(I45,N80)",45.0,80.0,0.8127785,0.9913184,False
2014,47,43,1,0.0,80.0,ppo100k,7,"a7(I45,N80)",45.0,80.0,0.81491446,0.99140906,False
2014,48,44,0,0.0,0.0,ppo100k,3,"a3(I30,N0)",30.0,0.0,0.65777653,0.79278207,False
2014,49,45,6,45.0,0.0,ppo100k,3,"a3(I30,N0)",30.0,0.0,0.6577837,0.79279387,False
2014,50,46,0,0.0,0.0,ppo100k,0,"a0(I0,N0)",0.0,0.0,1.0,0.0,True
2014,51,47,0,0.0,0.0,ppo100k,0,"a0(I0,N0)",0.0,0.0,1.0,0.0,True
2014,52,48,0,0.0,0.0,ppo100k,0,"a0(I0,N0)",0.0,0.0,1.0,0.0,True
2014,53,49,0,0.0,0.0,ppo100k,0,"a0(I0,N0)",0.0,0.0,1.0,0.0,True
2014,54,50,0,0.0,0.0,ppo100k,0,"a0(I0,N0)",0.0,0.0,0.65811265,0.34188733,True
2014,55,51,0,0.0,0.0,ppo100k,0,"a0(I0,N0)",0.0,0.0,0.63632566,0.36367437,True
2014,56,52,0,0.0,0.0,ppo100k,7,"a7(I45,N80)",45.0,80.0,0.7899099,0.9647783,False
2014,57,53,0,0.0,0.0,ppo100k,7,"a7(I45,N80)",45.0,80.0,0.7219482,0.9546663,False
2014,58,54,0,0.0,0.0,ppo100k,7,"a7(I45,N80)",45.0,80.0,0.57387286,0.93141323,False
2014,59,55,0,0.0,0.0,ppo100k,7,"a7(I45,N80)",45.0,80.0,0.5611551,0.92807984,False
2014,60,56,0,0.0,0.0,ppo100k,7,"a7(I45,N80)",45.0,80.0,0.45022982,0.9125774,False
2014,61,57,0,0.0,0.0,ppo100k,7,"a7(I45,N80)",45.0,80.0,0.3618329,0.89837444,False
2014,62,58,0,0.0,0.0,ppo100k,4,"a4(I30,N80)",30.0,80.0,0.20182902,0.8779137,False
2014,63,59,0,0.0,0.0,ppo100k,4,"a4(I30,N80)",30.0,80.0,0.20963883,0.87456787,False
2014,64,60,6,45.0,0.0,ppo100k,6,"a6(I45,N0)",45.0,0.0,0.23812293,0.8623874,True
2014,65,61,1,0.0,80.0,ppo100k,1,"a1(I0,N80)",0.0,80.0,0.5824265,0.5824265,True
2014,66,62,0,0.0,0.0,ppo100k,0,"a0(I0,N0)",0.0,0.0,1.0,0.0,True
2014,67,63,0,0.0,0.0,ppo100k,0,"a0(I0,N0)",0.0,0.0,1.0,0.0,True
2014,68,64,0,0.0,0.0,ppo100k,0,"a0(I0,N0)",0.0,0.0,1.0,0.0,True
2014,69,65,0,0.0,0.0,ppo100k,0,"a0(I0,N0)",0.0,0.0,1.0,0.0,True
2014,70,66,0,0.0,0.0,ppo100k,0,"a0(I0,N0)",0.0,0.0,1.0,0.0,True
2014,71,67,0,0.0,0.0,ppo100k,6,"a6(I45,N0)",45.0,0.0,0.46681407,0.73009324,False
2014,72,68,0,0.0,0.0,ppo100k,6,"a6(I45,N0)",45.0,0.0,0.46681407,0.73009324,False
2014,73,69,0,0.0,0.0,ppo100k,6,"a6(I45,N0)",45.0,0.0,0.46681407,0.73009324,False
2014,74,70,0,0.0,0.0,ppo100k,6,"a6(I45,N0)",45.0,0.0,0.46681407,0.73009324,False
2014,75,71,0,0.0,0.0,ppo100k,6,"a6(I45,N0)",45.0,0.0,0.46681407,0.73009324,False
2014,76,72,0,0.0,0.0,ppo100k,6,"a6(I45,N0)",45.0,0.0,0.46681407,0.73009324,False
2014,77,73,0,0.0,0.0,ppo100k,6,"a6(I45,N0)",45.0,0.0,0.46681407,0.73009324,False
2014,78,74,0,0.0,0.0,ppo100k,6,"a6(I45,N0)",45.0,0.0,0.46681407,0.73009324,False
2014,79,75,3,30.0,0.0,ppo100k,6,"a6(I45,N0)",45.0,0.0,0.46681407,0.73009324,False
2014,80,76,0,0.0,0.0,ppo100k,0,"a0(I0,N0)",0.0,0.0,1.0,0.0,True
2014,81,77,0,0.0,0.0,ppo100k,0,"a0(I0,N0)",0.0,0.0,1.0,0.0,True
2014,82,78,0,0.0,0.0,ppo100k,0,"a0(I0,N0)",0.0,0.0,1.0,0.0,True
2014,83,79,0,0.0,0.0,ppo100k,0,"a0(I0,N0)",0.0,0.0,1.0,0.0,True
2014,84,80,0,0.0,0.0,ppo100k,0,"a0(I0,N0)",0.0,0.0,1.0,0.0,True
2014,85,81,0,0.0,0.0,ppo100k,0,"a0(I0,N0)",0.0,0.0,1.0,0.0,True
2014,86,82,0,0.0,0.0,ppo100k,0,"a0(I0,N0)",0.0,0.0,0.50925034,0.49074963,True
2014,87,83,0,0.0,0.0,ppo100k,0,"a0(I0,N0)",0.0,0.0,0.50925034,0.49074963,True
2014,88,84,0,0.0,0.0,ppo100k,0,"a0(I0,N0)",0.0,0.0,0.50925034,0.49074963,True
2014,89,85,0,0.0,0.0,ppo100k,0,"a0(I0,N0)",0.0,0.0,0.50925034,0.49074963,True
2014,90,86,0,0.0,0.0,ppo100k,0,"a0(I0,N0)",0.0,0.0,0.50925034,0.49074963,True
2014,91,87,0,0.0,0.0,ppo100k,0,"a0(I0,N0)",0.0,0.0,0.50925034,0.49074963,True
2014,92,88,0,0.0,0.0,ppo100k,0,"a0(I0,N0)",0.0,0.0,0.50925034,0.49074963,True
2014,93,89,0,0.0,0.0,ppo100k,0,"a0(I0,N0)",0.0,0.0,0.50925034,0.49074963,True
2014,94,90,0,0.0,0.0,ppo100k,0,"a0(I0,N0)",0.0,0.0,0.50925034,0.49074963,True
2014,95,91,0,0.0,0.0,ppo100k,6,"a6(I45,N0)",45.0,0.0,0.4503457,0.72008836,False
2014,96,92,0,0.0,0.0,ppo100k,6,"a6(I45,N0)",45.0,0.0,0.4503457,0.72008836,False
2014,97,93,0,0.0,0.0,ppo100k,6,"a6(I45,N0)",45.0,0.0,0.4503457,0.72008836,False
2014,98,94,0,0.0,0.0,ppo100k,6,"a6(I45,N0)",45.0,0.0,0.4503457,0.72008836,False
2014,99,95,6,45.0,0.0,ppo100k,6,"a6(I45,N0)",45.0,0.0,0.4503457,0.72008836,True
2014,100,96,0,0.0,0.0,ppo100k,0,"a0(I0,N0)",0.0,0.0,1.0,0.0,True
2014,101,97,0,0.0,0.0,ppo100k,0,"a0(I0,N0)",0.0,0.0,1.0,0.0,True
2014,102,98,0,0.0,0.0,ppo100k,0,"a0(I0,N0)",0.0,0.0,1.0,0.0,True
2014,103,99,0,0.0,0.0,ppo100k,0,"a0(I0,N0)",0.0,0.0,1.0,0.0,True
2014,104,100,0,0.0,0.0,ppo100k,0,"a0(I0,N0)",0.0,0.0,1.0,0.0,True
2014,105,101,0,0.0,0.0,ppo100k,0,"a0(I0,N0)",0.0,0.0,1.0,0.0,True
2014,106,102,0,0.0,0.0,ppo100k,0,"a0(I0,N0)",0.0,0.0,0.50925034,0.49074963,True
2014,107,103,0,0.0,0.0,ppo100k,0,"a0(I0,N0)",0.0,0.0,0.50925034,0.49074963,True
2014,108,104,0,0.0,0.0,ppo100k,0,"a0(I0,N0)",0.0,0.0,0.50925034,0.49074963,True
2014,109,105,0,0.0,0.0,ppo100k,0,"a0(I0,N0)",0.0,0.0,0.5086588,0.4913412,True
2014,110,106,0,0.0,0.0,ppo100k,3,"a3(I30,N0)",30.0,0.0,0.52638954,0.52638954,False
2014,111,107,0,0.0,0.0,ppo100k,3,"a3(I30,N0)",30.0,0.0,0.52638954,0.52638954,False
2014,112,108,0,0.0,0.0,ppo100k,3,"a3(I30,N0)",30.0,0.0,0.52638954,0.52638954,False
2014,113,109,0,0.0,0.0,ppo100k,3,"a3(I30,N0)",30.0,0.0,0.52638954,0.52638954,False
2014,114,110,3,30.0,0.0,ppo100k,3,"a3(I30,N0)",30.0,0.0,0.52807134,0.52807134,True
2014,115,111,0,0.0,0.0,ppo100k,0,"a0(I0,N0)",0.0,0.0,1.0,0.0,True
2014,116,112,0,0.0,0.0,ppo100k,0,"a0(I0,N0)",0.0,0.0,1.0,0.0,True
2014,117,113,0,0.0,0.0,ppo100k,0,"a0(I0,N0)",0.0,0.0,1.0,0.0,True
2014,118,114,0,0.0,0.0,ppo100k,0,"a0(I0,N0)",0.0,0.0,1.0,0.0,True
2014,119,115,0,0.0,0.0,ppo100k,0,"a0(I0,N0)",0.0,0.0,1.0,0.0,True
2014,120,116,0,0.0,0.0,ppo100k,0,"a0(I0,N0)",0.0,0.0,1.0,0.0,True
2014,121,117,0,0.0,0.0,ppo100k,0,"a0(I0,N0)",0.0,0.0,1.0,0.0,True
2014,122,118,0,0.0,0.0,ppo100k,0,"a0(I0,N0)",0.0,0.0,1.0,0.0,True
2014,123,119,0,0.0,0.0,ppo100k,0,"a0(I0,N0)",0.0,0.0,1.0,0.0,True
2014,124,120,0,0.0,0.0,ppo100k,0,"a0(I0,N0)",0.0,0.0,1.0,0.0,True
2014,125,121,0,0.0,0.0,ppo100k,0,"a0(I0,N0)",0.0,0.0,1.0,0.0,True
2014,126,122,0,0.0,0.0,ppo100k,0,"a0(I0,N0)",0.0,0.0,1.0,0.0,True
2014,127,123,0,0.0,0.0,ppo100k,0,"a0(I0,N0)",0.0,0.0,1.0,0.0,True
2014,128,124,0,0.0,0.0,ppo100k,0,"a0(I0,N0)",0.0,0.0,1.0,0.0,True
2014,129,125,0,0.0,0.0,ppo100k,0,"a0(I0,N0)",0.0,0.0,1.0,0.0,True
2014,130,126,0,0.0,0.0,ppo100k,0,"a0(I0,N0)",0.0,0.0,1.0,0.0,True
2014,131,127,0,0.0,0.0,ppo100k,0,"a0(I0,N0)",0.0,0.0,1.0,0.0,True
2014,132,128,0,0.0,0.0,ppo100k,0,"a0(I0,N0)",0.0,0.0,1.0,0.0,True
2014,133,129,0,0.0,0.0,ppo100k,0,"a0(I0,N0)",0.0,0.0,1.0,0.0,True
2014,134,130,0,0.0,0.0,ppo100k,0,"a0(I0,N0)",0.0,0.0,1.0,0.0,True
2014,135,131,0,0.0,0.0,ppo100k,0,"a0(I0,N0)",0.0,0.0,1.0,0.0,True
2014,136,132,0,0.0,0.0,ppo100k,0,"a0(I0,N0)",0.0,0.0,1.0,0.0,True
2014,137,133,0,0.0,0.0,ppo100k,0,"a0(I0,N0)",0.0,0.0,1.0,0.0,True
2014,138,134,0,0.0,0.0,ppo100k,0,"a0(I0,N0)",0.0,0.0,1.0,0.0,True
2014,139,135,0,0.0,0.0,ppo100k,0,"a0(I0,N0)",0.0,0.0,1.0,0.0,True
2014,140,136,0,0.0,0.0,ppo100k,0,"a0(I0,N0)",0.0,0.0,1.0,0.0,True
2014,141,137,0,0.0,0.0,ppo100k,0,"a0(I0,N0)",0.0,0.0,1.0,0.0,True
2014,142,138,0,0.0,0.0,ppo100k,0,"a0(I0,N0)",0.0,0.0,1.0,0.0,True
2014,143,139,0,0.0,0.0,ppo100k,0,"a0(I0,N0)",0.0,0.0,1.0,0.0,True
2014,144,140,0,0.0,0.0,ppo100k,0,"a0(I0,N0)",0.0,0.0,1.0,0.0,True
2014,145,141,0,0.0,0.0,ppo100k,0,"a0(I0,N0)",0.0,0.0,1.0,0.0,True
2014,146,142,0,0.0,0.0,ppo100k,0,"a0(I0,N0)",0.0,0.0,1.0,0.0,True
2014,147,143,0,0.0,0.0,ppo100k,0,"a0(I0,N0)",0.0,0.0,1.0,0.0,True
2014,148,144,0,0.0,0.0,ppo100k,0,"a0(I0,N0)",0.0,0.0,1.0,0.0,True
2014,149,145,0,0.0,0.0,ppo100k,0,"a0(I0,N0)",0.0,0.0,1.0,0.0,True
2014,150,146,0,0.0,0.0,ppo100k,0,"a0(I0,N0)",0.0,0.0,1.0,0.0,True
2014,151,147,0,0.0,0.0,ppo100k,0,"a0(I0,N0)",0.0,0.0,1.0,0.0,True
2015,0,0,0,0.0,0.0,ppo100k,7,"a7(I45,N80)",45.0,80.0,0.9369496,0.99737173,False
2015,1,0,0,0.0,0.0,ppo100k,7,"a7(I45,N80)",45.0,80.0,0.8104265,0.98924345,False
2015,2,0,0,0.0,0.0,ppo100k,7,"a7(I45,N80)",45.0,80.0,0.80290055,0.9884139,False
2015,3,0,0,0.0,0.0,ppo100k,7,"a7(I45,N80)",45.0,80.0,0.7641144,0.9862333,False
2015,4,0,0,0.0,0.0,ppo100k,7,"a7(I45,N80)",45.0,80.0,0.8231768,0.9904113,False
2015,5,1,7,45.0,80.0,ppo100k,7,"a7(I45,N80)",45.0,80.0,0.79165596,0.9882386,True
2015,6,2,0,0.0,0.0,ppo100k,0,"a0(I0,N0)",0.0,0.0,1.0,0.0,True
2015,7,3,0,0.0,0.0,ppo100k,0,"a0(I0,N0)",0.0,0.0,1.0,0.0,True
2015,8,4,0,0.0,0.0,ppo100k,0,"a0(I0,N0)",0.0,0.0,1.0,0.0,True
2015,9,5,0,0.0,0.0,ppo100k,0,"a0(I0,N0)",0.0,0.0,1.0,0.0,True
2015,10,6,0,0.0,0.0,ppo100k,0,"a0(I0,N0)",0.0,0.0,1.0,0.0,True
2015,11,7,0,0.0,0.0,ppo100k,0,"a0(I0,N0)",0.0,0.0,1.0,0.0,True
2015,12,8,0,0.0,0.0,ppo100k,5,"a5(I30,N120)",30.0,120.0,0.8098786,0.95914006,False
2015,13,9,0,0.0,0.0,ppo100k,5,"a5(I30,N120)",30.0,120.0,0.7825577,0.9582128,False
2015,14,10,0,0.0,0.0,ppo100k,5,"a5(I30,N120)",30.0,120.0,0.770496,0.95750356,False
2015,15,11,0,0.0,0.0,ppo100k,5,"a5(I30,N120)",30.0,120.0,0.77094924,0.957523,False
2015,16,12,0,0.0,0.0,ppo100k,5,"a5(I30,N120)",30.0,120.0,0.72297907,0.9564203,False
2015,17,13,0,0.0,0.0,ppo100k,5,"a5(I30,N120)",30.0,120.0,0.7844452,0.9583051,False
2015,18,14,0,0.0,0.0,ppo100k,5,"a5(I30,N120)",30.0,120.0,0.79136723,0.95854616,False
2015,19,15,0,0.0,0.0,ppo100k,5,"a5(I30,N120)",30.0,120.0,0.7144151,0.95573455,False
2015,20,16,0,0.0,0.0,ppo100k,5,"a5(I30,N120)",30.0,120.0,0.7899786,0.9584951,False
2015,21,17,0,0.0,0.0,ppo100k,5,"a5(I30,N120)",30.0,120.0,0.7481057,0.9570466,False
2015,22,18,0,0.0,0.0,ppo100k,5,"a5(I30,N120)",30.0,120.0,0.71250105,0.9559081,False
2015,23,19,0,0.0,0.0,ppo100k,5,"a5(I30,N120)",30.0,120.0,0.7922872,0.95858127,False
2015,24,20,0,0.0,0.0,ppo100k,5,"a5(I30,N120)",30.0,120.0,0.7614146,0.9571654,False
2015,25,21,0,0.0,0.0,ppo100k,5,"a5(I30,N120)",30.0,120.0,0.676388,0.95359653,False
2015,26,22,0,0.0,0.0,ppo100k,5,"a5(I30,N120)",30.0,120.0,0.69174874,0.95502144,False
2015,27,23,0,0.0,0.0,ppo100k,5,"a5(I30,N120)",30.0,120.0,0.7239169,0.95504755,False
2015,28,24,0,0.0,0.0,ppo100k,5,"a5(I30,N120)",30.0,120.0,0.67189145,0.9536942,False
2015,29,25,0,0.0,0.0,ppo100k,5,"a5(I30,N120)",30.0,120.0,0.70729023,0.954972,False
2015,30,26,0,0.0,0.0,ppo100k,5,"a5(I30,N120)",30.0,120.0,0.68908596,0.9539954,False
2015,31,27,0,0.0,0.0,ppo100k,5,"a5(I30,N120)",30.0,120.0,0.68136084,0.9539163,False
2015,32,28,0,0.0,0.0,ppo100k,5,"a5(I30,N120)",30.0,120.0,0.6806618,0.9539073,False
2015,33,29,0,0.0,0.0,ppo100k,5,"a5(I30,N120)",30.0,120.0,0.6777592,0.95363843,False
2015,34,30,0,0.0,0.0,ppo100k,5,"a5(I30,N120)",30.0,120.0,0.67784804,0.95364475,False
2015,35,31,6,45.0,0.0,ppo100k,7,"a7(I45,N80)",45.0,80.0,0.8222309,0.99193317,False
2015,36,32,0,0.0,0.0,ppo100k,2,"a2(I0,N120)",0.0,120.0,0.67505443,0.76903176,False
2015,37,33,0,0.0,0.0,ppo100k,2,"a2(I0,N120)",0.0,120.0,0.6411879,0.7448447,False
2015,38,34,0,0.0,0.0,ppo100k,2,"a2(I0,N120)",0.0,120.0,0.63366365,0.73948234,False
2015,39,35,0,0.0,0.0,ppo100k,2,"a2(I0,N120)",0.0,120.0,0.5927105,0.7162213,False
2015,40,36,0,0.0,0.0,ppo100k,2,"a2(I0,N120)",0.0,120.0,0.6370943,0.74792296,False
2015,41,37,0,0.0,0.0,ppo100k,2,"a2(I0,N120)",0.0,120.0,0.63823086,0.7488041,False
2015,42,38,3,30.0,0.0,ppo100k,7,"a7(I45,N80)",45.0,80.0,0.66922677,0.98199683,False
2015,43,39,0,0.0,0.0,ppo100k,2,"a2(I0,N120)",0.0,120.0,0.6535681,0.7727351,False
2015,44,40,0,0.0,0.0,ppo100k,2,"a2(I0,N120)",0.0,120.0,0.63090503,0.7544349,False
2015,45,41,0,0.0,0.0,ppo100k,2,"a2(I0,N120)",0.0,120.0,0.6275779,0.7517982,False
2015,46,42,0,0.0,0.0,ppo100k,2,"a2(I0,N120)",0.0,120.0,0.6376471,0.77287227,False
2015,47,43,1,0.0,80.0,ppo100k,2,"a2(I0,N120)",0.0,120.0,0.6119718,0.76450396,False
2015,48,44,0,0.0,0.0,ppo100k,0,"a0(I0,N0)",0.0,0.0,1.0,0.0,True
2015,49,45,0,0.0,0.0,ppo100k,3,"a3(I30,N0)",30.0,0.0,0.7122315,0.7122315,False
2015,50,46,0,0.0,0.0,ppo100k,3,"a3(I30,N0)",30.0,0.0,0.6914098,0.6914098,False
2015,51,47,0,0.0,0.0,ppo100k,3,"a3(I30,N0)",30.0,0.0,0.6655803,0.6655803,False
2015,52,48,0,0.0,0.0,ppo100k,3,"a3(I30,N0)",30.0,0.0,0.63047284,0.63047284,False
2015,53,49,0,0.0,0.0,ppo100k,3,"a3(I30,N0)",30.0,0.0,0.6050856,0.6050856,False
2015,54,50,0,0.0,0.0,ppo100k,3,"a3(I30,N0)",30.0,0.0,0.2727519,0.7941439,False
2015,55,51,0,0.0,0.0,ppo100k,1,"a1(I0,N80)",0.0,80.0,0.29004335,0.7900175,False
2015,56,52,0,0.0,0.0,ppo100k,1,"a1(I0,N80)",0.0,80.0,0.29063237,0.78797066,False
2015,57,53,0,0.0,0.0,ppo100k,1,"a1(I0,N80)",0.0,80.0,0.29141662,0.7857379,False
2015,58,54,0,0.0,0.0,ppo100k,1,"a1(I0,N80)",0.0,80.0,0.29144794,0.78563476,False
2015,59,55,0,0.0,0.0,ppo100k,1,"a1(I0,N80)",0.0,80.0,0.29145768,0.78563917,False
2015,60,56,0,0.0,0.0,ppo100k,1,"a1(I0,N80)",0.0,80.0,0.29145774,0.78563917,False
2015,61,57,0,0.0,0.0,ppo100k,1,"a1(I0,N80)",0.0,80.0,0.29145774,0.78563917,False
2015,62,58,0,0.0,0.0,ppo100k,1,"a1(I0,N80)",0.0,80.0,0.29145774,0.78563917,False
2015,63,59,0,0.0,0.0,ppo100k,1,"a1(I0,N80)",0.0,80.0,0.29145774,0.78563917,False
2015,64,60,0,0.0,0.0,ppo100k,1,"a1(I0,N80)",0.0,80.0,0.29145774,0.78563917,False
2015,65,61,7,45.0,80.0,ppo100k,6,"a6(I45,N0)",45.0,0.0,0.24398252,0.85893196,False
2015,66,62,0,0.0,0.0,ppo100k,0,"a0(I0,N0)",0.0,0.0,1.0,0.0,True
2015,67,63,0,0.0,0.0,ppo100k,0,"a0(I0,N0)",0.0,0.0,1.0,0.0,True
2015,68,64,0,0.0,0.0,ppo100k,0,"a0(I0,N0)",0.0,0.0,1.0,0.0,True
2015,69,65,0,0.0,0.0,ppo100k,0,"a0(I0,N0)",0.0,0.0,1.0,0.0,True
2015,70,66,0,0.0,0.0,ppo100k,0,"a0(I0,N0)",0.0,0.0,1.0,0.0,True
2015,71,67,0,0.0,0.0,ppo100k,0,"a0(I0,N0)",0.0,0.0,1.0,0.0,True
2015,72,68,0,0.0,0.0,ppo100k,0,"a0(I0,N0)",0.0,0.0,0.50621504,0.493785,True
2015,73,69,0,0.0,0.0,ppo100k,0,"a0(I0,N0)",0.0,0.0,0.5062333,0.49376675,True
2015,74,70,0,0.0,0.0,ppo100k,0,"a0(I0,N0)",0.0,0.0,0.50925034,0.49074963,True
2015,75,71,0,0.0,0.0,ppo100k,0,"a0(I0,N0)",0.0,0.0,0.5092501,0.49074987,True
2015,76,72,0,0.0,0.0,ppo100k,0,"a0(I0,N0)",0.0,0.0,0.50925034,0.49074963,True
2015,77,73,0,0.0,0.0,ppo100k,0,"a0(I0,N0)",0.0,0.0,0.50925034,0.49074963,True
2015,78,74,0,0.0,0.0,ppo100k,0,"a0(I0,N0)",0.0,0.0,0.50925034,0.49074963,True
2015,79,75,0,0.0,0.0,ppo100k,0,"a0(I0,N0)",0.0,0.0,0.50925034,0.49074963,True
2015,80,76,0,0.0,0.0,ppo100k,0,"a0(I0,N0)",0.0,0.0,0.50925034,0.49074963,True
2015,81,77,0,0.0,0.0,ppo100k,0,"a0(I0,N0)",0.0,0.0,0.50925034,0.49074963,True
2015,82,78,0,0.0,0.0,ppo100k,0,"a0(I0,N0)",0.0,0.0,0.50925034,0.49074963,True
2015,83,79,0,0.0,0.0,ppo100k,0,"a0(I0,N0)",0.0,0.0,0.50925034,0.49074963,True
2015,84,80,0,0.0,0.0,ppo100k,0,"a0(I0,N0)",0.0,0.0,0.50925034,0.49074963,True
2015,85,81,0,0.0,0.0,ppo100k,0,"a0(I0,N0)",0.0,0.0,0.50925034,0.49074963,True
2015,86,82,0,0.0,0.0,ppo100k,0,"a0(I0,N0)",0.0,0.0,0.50925034,0.49074963,True
2015,87,83,0,0.0,0.0,ppo100k,0,"a0(I0,N0)",0.0,0.0,0.50925034,0.49074963,True
2015,88,84,0,0.0,0.0,ppo100k,0,"a0(I0,N0)",0.0,0.0,0.50925034,0.49074963,True
2015,89,85,0,0.0,0.0,ppo100k,0,"a0(I0,N0)",0.0,0.0,0.50925034,0.49074963,True
2015,90,86,0,0.0,0.0,ppo100k,0,"a0(I0,N0)",0.0,0.0,0.50925034,0.49074963,True
2015,91,87,0,0.0,0.0,ppo100k,0,"a0(I0,N0)",0.0,0.0,0.50925034,0.49074963,True
2015,92,88,0,0.0,0.0,ppo100k,0,"a0(I0,N0)",0.0,0.0,0.50925034,0.49074963,True
2015,93,89,0,0.0,0.0,ppo100k,0,"a0(I0,N0)",0.0,0.0,0.50925034,0.49074963,True
2015,94,90,0,0.0,0.0,ppo100k,0,"a0(I0,N0)",0.0,0.0,0.50925034,0.49074963,True
2015,95,91,6,45.0,0.0,ppo100k,6,"a6(I45,N0)",45.0,0.0,0.4503457,0.72008836,True
2015,96,92,0,0.0,0.0,ppo100k,0,"a0(I0,N0)",0.0,0.0,1.0,0.0,True
2015,97,93,0,0.0,0.0,ppo100k,0,"a0(I0,N0)",0.0,0.0,1.0,0.0,True
2015,98,94,0,0.0,0.0,ppo100k,0,"a0(I0,N0)",0.0,0.0,1.0,0.0,True
2015,99,95,0,0.0,0.0,ppo100k,0,"a0(I0,N0)",0.0,0.0,1.0,0.0,True
2015,100,96,0,0.0,0.0,ppo100k,0,"a0(I0,N0)",0.0,0.0,1.0,0.0,True
2015,101,97,0,0.0,0.0,ppo100k,0,"a0(I0,N0)",0.0,0.0,1.0,0.0,True
2015,102,98,0,0.0,0.0,ppo100k,0,"a0(I0,N0)",0.0,0.0,0.50925034,0.49074963,True
2015,103,99,0,0.0,0.0,ppo100k,3,"a3(I30,N0)",30.0,0.0,0.50564116,0.50564116,False
2015,104,100,0,0.0,0.0,ppo100k,3,"a3(I30,N0)",30.0,0.0,0.52638954,0.52638954,False
2015,105,101,0,0.0,0.0,ppo100k,3,"a3(I30,N0)",30.0,0.0,0.52638954,0.52638954,False
2015,106,102,0,0.0,0.0,ppo100k,3,"a3(I30,N0)",30.0,0.0,0.52638954,0.52638954,False
2015,107,103,0,0.0,0.0,ppo100k,3,"a3(I30,N0)",30.0,0.0,0.5263913,0.5263913,False
2015,108,104,0,0.0,0.0,ppo100k,3,"a3(I30,N0)",30.0,0.0,0.52807134,0.52807134,False
2015,109,105,0,0.0,0.0,ppo100k,3,"a3(I30,N0)",30.0,0.0,0.52807134,0.52807134,False
2015,110,106,0,0.0,0.0,ppo100k,3,"a3(I30,N0)",30.0,0.0,0.5408274,0.5408274,False
2015,111,107,0,0.0,0.0,ppo100k,3,"a3(I30,N0)",30.0,0.0,0.5408274,0.5408274,False
2015,112,108,0,0.0,0.0,ppo100k,3,"a3(I30,N0)",30.0,0.0,0.5408274,0.5408274,False
2015,113,109,0,0.0,0.0,ppo100k,3,"a3(I30,N0)",30.0,0.0,0.5526286,0.5526286,False
2015,114,110,0,0.0,0.0,ppo100k,3,"a3(I30,N0)",30.0,0.0,0.5526286,0.5526286,False
2015,115,111,0,0.0,0.0,ppo100k,3,"a3(I30,N0)",30.0,0.0,0.5526286,0.5526286,False
2015,116,112,0,0.0,0.0,ppo100k,3,"a3(I30,N0)",30.0,0.0,0.5526286,0.5526286,False
2015,117,113,0,0.0,0.0,ppo100k,3,"a3(I30,N0)",30.0,0.0,0.5526286,0.5526286,False
2015,118,114,0,0.0,0.0,ppo100k,3,"a3(I30,N0)",30.0,0.0,0.5526286,0.5526286,False
2015,119,115,0,0.0,0.0,ppo100k,3,"a3(I30,N0)",30.0,0.0,0.55224806,0.55224806,False
2015,120,116,0,0.0,0.0,ppo100k,3,"a3(I30,N0)",30.0,0.0,0.55224806,0.55224806,False
2015,121,117,0,0.0,0.0,ppo100k,3,"a3(I30,N0)",30.0,0.0,0.55224806,0.55224806,False
2015,122,118,0,0.0,0.0,ppo100k,3,"a3(I30,N0)",30.0,0.0,0.55224806,0.55224806,False
2015,123,119,0,0.0,0.0,ppo100k,3,"a3(I30,N0)",30.0,0.0,0.55224806,0.55224806,False
2015,124,120,0,0.0,0.0,ppo100k,3,"a3(I30,N0)",30.0,0.0,0.55224806,0.55224806,False
2015,125,121,0,0.0,0.0,ppo100k,0,"a0(I0,N0)",0.0,0.0,1.0,0.0,True
2015,126,122,0,0.0,0.0,ppo100k,0,"a0(I0,N0)",0.0,0.0,1.0,0.0,True
2015,127,123,0,0.0,0.0,ppo100k,0,"a0(I0,N0)",0.0,0.0,1.0,0.0,True
2015,128,124,0,0.0,0.0,ppo100k,0,"a0(I0,N0)",0.0,0.0,1.0,0.0,True
2015,129,125,0,0.0,0.0,ppo100k,0,"a0(I0,N0)",0.0,0.0,1.0,0.0,True
2015,130,126,0,0.0,0.0,ppo100k,0,"a0(I0,N0)",0.0,0.0,1.0,0.0,True
2015,131,127,0,0.0,0.0,ppo100k,0,"a0(I0,N0)",0.0,0.0,1.0,0.0,True
2015,132,128,0,0.0,0.0,ppo100k,0,"a0(I0,N0)",0.0,0.0,1.0,0.0,True
2015,133,129,0,0.0,0.0,ppo100k,0,"a0(I0,N0)",0.0,0.0,1.0,0.0,True
2015,134,130,0,0.0,0.0,ppo100k,0,"a0(I0,N0)",0.0,0.0,1.0,0.0,True
2015,135,131,0,0.0,0.0,ppo100k,0,"a0(I0,N0)",0.0,0.0,1.0,0.0,True
2015,136,132,0,0.0,0.0,ppo100k,0,"a0(I0,N0)",0.0,0.0,1.0,0.0,True
2015,137,133,0,0.0,0.0,ppo100k,0,"a0(I0,N0)",0.0,0.0,1.0,0.0,True
2015,138,134,0,0.0,0.0,ppo100k,0,"a0(I0,N0)",0.0,0.0,1.0,0.0,True
2015,139,135,0,0.0,0.0,ppo100k,0,"a0(I0,N0)",0.0,0.0,1.0,0.0,True
2015,140,136,0,0.0,0.0,ppo100k,0,"a0(I0,N0)",0.0,0.0,1.0,0.0,True
2016,0,0,0,0.0,0.0,ppo100k,7,"a7(I45,N80)",45.0,80.0,0.93669987,0.9973547,False
2016,1,0,0,0.0,0.0,ppo100k,7,"a7(I45,N80)",45.0,80.0,0.7605348,0.98588455,False
2016,2,0,0,0.0,0.0,ppo100k,7,"a7(I45,N80)",45.0,80.0,0.75881773,0.98593605,False
2016,3,0,0,0.0,0.0,ppo100k,7,"a7(I45,N80)",45.0,80.0,0.77663565,0.9871631,False
2016,4,0,0,0.0,0.0,ppo100k,7,"a7(I45,N80)",45.0,80.0,0.8218166,0.99036765,False
2016,5,1,1,0.0,80.0,ppo100k,7,"a7(I45,N80)",45.0,80.0,0.83478963,0.9914944,False
2016,6,2,0,0.0,0.0,ppo100k,3,"a3(I30,N0)",30.0,0.0,0.58043265,0.72151786,False
2016,7,3,0,0.0,0.0,ppo100k,3,"a3(I30,N0)",30.0,0.0,0.5802397,0.7213509,False
2016,8,4,0,0.0,0.0,ppo100k,3,"a3(I30,N0)",30.0,0.0,0.580913,0.7218948,False
2016,9,5,0,0.0,0.0,ppo100k,3,"a3(I30,N0)",30.0,0.0,0.58065116,0.72174144,False
2016,10,6,0,0.0,0.0,ppo100k,3,"a3(I30,N0)",30.0,0.0,0.58058894,0.721696,False
2016,11,7,0,0.0,0.0,ppo100k,3,"a3(I30,N0)",30.0,0.0,0.5783912,0.7197726,False
2016,12,8,0,0.0,0.0,ppo100k,7,"a7(I45,N80)",45.0,80.0,0.9151205,0.9965587,False
2016,13,9,0,0.0,0.0,ppo100k,7,"a7(I45,N80)",45.0,80.0,0.9145821,0.9965459,False
2016,14,10,0,0.0,0.0,ppo100k,7,"a7(I45,N80)",45.0,80.0,0.9158792,0.99655646,False
2016,15,11,0,0.0,0.0,ppo100k,7,"a7(I45,N80)",45.0,80.0,0.91449213,0.9965433,False
2016,16,12,0,0.0,0.0,ppo100k,7,"a7(I45,N80)",45.0,80.0,0.8821367,0.9948185,False
2016,17,13,0,0.0,0.0,ppo100k,7,"a7(I45,N80)",45.0,80.0,0.8956873,0.9956376,False
2016,18,14,0,0.0,0.0,ppo100k,7,"a7(I45,N80)",45.0,80.0,0.8790138,0.9945921,False
2016,19,15,0,0.0,0.0,ppo100k,7,"a7(I45,N80)",45.0,80.0,0.88353556,0.99491435,False
2016,20,16,0,0.0,0.0,ppo100k,7,"a7(I45,N80)",45.0,80.0,0.8809667,0.9947401,False
2016,21,17,0,0.0,0.0,ppo100k,7,"a7(I45,N80)",45.0,80.0,0.8953253,0.99550885,False
2016,22,18,0,0.0,0.0,ppo100k,7,"a7(I45,N80)",45.0,80.0,0.9057319,0.99624145,False
2016,23,19,0,0.0,0.0,ppo100k,7,"a7(I45,N80)",45.0,80.0,0.9103448,0.9964075,False
2016,24,20,0,0.0,0.0,ppo100k,7,"a7(I45,N80)",45.0,80.0,0.89837545,0.9958255,False
2016,25,21,0,0.0,0.0,ppo100k,7,"a7(I45,N80)",45.0,80.0,0.9105696,0.9963291,False
2016,26,22,0,0.0,0.0,ppo100k,7,"a7(I45,N80)",45.0,80.0,0.9104873,0.9962646,False
2016,27,23,0,0.0,0.0,ppo100k,7,"a7(I45,N80)",45.0,80.0,0.88659006,0.99488133,False
2016,28,24,0,0.0,0.0,ppo100k,7,"a7(I45,N80)",45.0,80.0,0.91285026,0.99643767,False
2016,29,25,0,0.0,0.0,ppo100k,7,"a7(I45,N80)",45.0,80.0,0.8896581,0.99513555,False
2016,30,26,0,0.0,0.0,ppo100k,7,"a7(I45,N80)",45.0,80.0,0.8906391,0.99524033,False
2016,31,27,0,0.0,0.0,ppo100k,7,"a7(I45,N80)",45.0,80.0,0.91263026,0.99644476,False
2016,32,28,0,0.0,0.0,ppo100k,7,"a7(I45,N80)",45.0,80.0,0.9112159,0.99643606,False
2016,33,29,0,0.0,0.0,ppo100k,7,"a7(I45,N80)",45.0,80.0,0.89775497,0.9959333,False
2016,34,30,0,0.0,0.0,ppo100k,7,"a7(I45,N80)",45.0,80.0,0.8975515,0.99592406,False
2016,35,31,0,0.0,0.0,ppo100k,7,"a7(I45,N80)",45.0,80.0,0.8975439,0.9959236,False
2016,36,32,0,0.0,0.0,ppo100k,7,"a7(I45,N80)",45.0,80.0,0.8973785,0.99591,False
2016,37,33,0,0.0,0.0,ppo100k,7,"a7(I45,N80)",45.0,80.0,0.87967896,0.99493486,False
2016,38,34,0,0.0,0.0,ppo100k,7,"a7(I45,N80)",45.0,80.0,0.7860657,0.98937523,False
2016,39,35,0,0.0,0.0,ppo100k,7,"a7(I45,N80)",45.0,80.0,0.822485,0.9913621,False
2016,40,36,0,0.0,0.0,ppo100k,7,"a7(I45,N80)",45.0,80.0,0.7807826,0.9886371,False
2016,41,37,0,0.0,0.0,ppo100k,7,"a7(I45,N80)",45.0,80.0,0.81167644,0.99067855,False
2016,42,38,0,0.0,0.0,ppo100k,7,"a7(I45,N80)",45.0,80.0,0.80415606,0.9902348,False
2016,43,39,0,0.0,0.0,ppo100k,7,"a7(I45,N80)",45.0,80.0,0.7093546,0.981153,False
2016,44,40,0,0.0,0.0,ppo100k,7,"a7(I45,N80)",45.0,80.0,0.6302844,0.9722823,False
2016,45,41,0,0.0,0.0,ppo100k,7,"a7(I45,N80)",45.0,80.0,0.5864083,0.96777874,False
2016,46,42,0,0.0,0.0,ppo100k,7,"a7(I45,N80)",45.0,80.0,0.38248733,0.94058263,False
2016,47,43,1,0.0,80.0,ppo100k,7,"a7(I45,N80)",45.0,80.0,0.3509494,0.9358469,False
2016,48,44,0,0.0,0.0,ppo100k,3,"a3(I30,N0)",30.0,0.0,0.50506157,0.74227285,False
2016,49,45,3,30.0,0.0,ppo100k,3,"a3(I30,N0)",30.0,0.0,0.42515528,0.7221525,True
2016,50,46,0,0.0,0.0,ppo100k,0,"a0(I0,N0)",0.0,0.0,1.0,0.0,True
2016,51,47,0,0.0,0.0,ppo100k,0,"a0(I0,N0)",0.0,0.0,1.0,0.0,True
2016,52,48,0,0.0,0.0,ppo100k,0,"a0(I0,N0)",0.0,0.0,1.0,0.0,True
2016,53,49,0,0.0,0.0,ppo100k,0,"a0(I0,N0)",0.0,0.0,1.0,0.0,True
2016,54,50,0,0.0,0.0,ppo100k,1,"a1(I0,N80)",0.0,80.0,0.5540905,0.5540905,False
2016,55,51,0,0.0,0.0,ppo100k,1,"a1(I0,N80)",0.0,80.0,0.5653826,0.5653826,False
2016,56,52,0,0.0,0.0,ppo100k,6,"a6(I45,N0)",45.0,0.0,0.1972696,0.86445665,False
2016,57,53,0,0.0,0.0,ppo100k,6,"a6(I45,N0)",45.0,0.0,0.20103325,0.86261463,False
2016,58,54,0,0.0,0.0,ppo100k,6,"a6(I45,N0)",45.0,0.0,0.18908702,0.8678213,False
2016,59,55,0,0.0,0.0,ppo100k,6,"a6(I45,N0)",45.0,0.0,0.23539707,0.852486,False
2016,60,56,0,0.0,0.0,ppo100k,6,"a6(I45,N0)",45.0,0.0,0.23387396,0.8538255,False
2016,61,57,0,0.0,0.0,ppo100k,6,"a6(I45,N0)",45.0,0.0,0.23558393,0.8523355,False
2016,62,58,0,0.0,0.0,ppo100k,6,"a6(I45,N0)",45.0,0.0,0.23558484,0.85233593,False
2016,63,59,0,0.0,0.0,ppo100k,6,"a6(I45,N0)",45.0,0.0,0.23558535,0.8523363,False
2016,64,60,0,0.0,0.0,ppo100k,6,"a6(I45,N0)",45.0,0.0,0.23968656,0.8550557,False
2016,65,61,0,0.0,0.0,ppo100k,6,"a6(I45,N0)",45.0,0.0,0.2439725,0.85891986,False
2016,66,62,0,0.0,0.0,ppo100k,6,"a6(I45,N0)",45.0,0.0,0.2439825,0.85893196,False
2016,67,63,0,0.0,0.0,ppo100k,6,"a6(I45,N0)",45.0,0.0,0.24397182,0.85892934,False
2016,68,64,0,0.0,0.0,ppo100k,6,"a6(I45,N0)",45.0,0.0,0.24361685,0.85883844,False
2016,69,65,0,0.0,0.0,ppo100k,6,"a6(I45,N0)",45.0,0.0,0.23238331,0.8555815,False
2016,70,66,0,0.0,0.0,ppo100k,6,"a6(I45,N0)",45.0,0.0,0.2323628,0.8555753,False
2016,71,67,0,0.0,0.0,ppo100k,6,"a6(I45,N0)",45.0,0.0,0.23236276,0.8555753,False
2016,72,68,0,0.0,0.0,ppo100k,6,"a6(I45,N0)",45.0,0.0,0.23236276,0.8555753,False
2016,73,69,0,0.0,0.0,ppo100k,6,"a6(I45,N0)",45.0,0.0,0.23236276,0.8555753,False
2016,74,70,0,0.0,0.0,ppo100k,6,"a6(I45,N0)",45.0,0.0,0.23236276,0.8555753,False
2016,75,71,0,0.0,0.0,ppo100k,6,"a6(I45,N0)",45.0,0.0,0.23236276,0.8555753,False
2016,76,72,0,0.0,0.0,ppo100k,6,"a6(I45,N0)",45.0,0.0,0.23236276,0.8555753,False
2016,77,73,0,0.0,0.0,ppo100k,6,"a6(I45,N0)",45.0,0.0,0.23236276,0.8555753,False
2016,78,74,0,0.0,0.0,ppo100k,6,"a6(I45,N0)",45.0,0.0,0.23236276,0.8555753,False
2016,79,75,6,45.0,0.0,ppo100k,6,"a6(I45,N0)",45.0,0.0,0.23236276,0.8555753,True
2016,80,76,0,0.0,0.0,ppo100k,1,"a1(I0,N80)",0.0,80.0,0.57258034,0.57258034,False
2016,81,77,0,0.0,0.0,ppo100k,1,"a1(I0,N80)",0.0,80.0,0.57258034,0.57258034,False
2016,82,78,0,0.0,0.0,ppo100k,1,"a1(I0,N80)",0.0,80.0,0.57258034,0.57258034,False
2016,83,79,0,0.0,0.0,ppo100k,1,"a1(I0,N80)",0.0,80.0,0.57258034,0.57258034,False
2016,84,80,0,0.0,0.0,ppo100k,1,"a1(I0,N80)",0.0,80.0,0.57258034,0.57258034,False
2016,85,81,0,0.0,0.0,ppo100k,1,"a1(I0,N80)",0.0,80.0,0.57258034,0.57258034,False
2016,86,82,0,0.0,0.0,ppo100k,6,"a6(I45,N0)",45.0,0.0,0.23236276,0.8555753,False
2016,87,83,0,0.0,0.0,ppo100k,6,"a6(I45,N0)",45.0,0.0,0.23236276,0.8555753,False
2016,88,84,0,0.0,0.0,ppo100k,6,"a6(I45,N0)",45.0,0.0,0.23236276,0.8555753,False
2016,89,85,0,0.0,0.0,ppo100k,6,"a6(I45,N0)",45.0,0.0,0.23236276,0.85557526,False
2016,90,86,0,0.0,0.0,ppo100k,6,"a6(I45,N0)",45.0,0.0,0.23236276,0.85557526,False
2016,91,87,0,0.0,0.0,ppo100k,6,"a6(I45,N0)",45.0,0.0,0.23236276,0.8555753,False
2016,92,88,0,0.0,0.0,ppo100k,6,"a6(I45,N0)",45.0,0.0,0.23236276,0.8555753,False
2016,93,89,0,0.0,0.0,ppo100k,6,"a6(I45,N0)",45.0,0.0,0.23236276,0.8555753,False
2016,94,90,0,0.0,0.0,ppo100k,6,"a6(I45,N0)",45.0,0.0,0.23236276,0.8555753,False
2016,95,91,0,0.0,0.0,ppo100k,6,"a6(I45,N0)",45.0,0.0,0.4503457,0.72008836,False
2016,96,92,0,0.0,0.0,ppo100k,6,"a6(I45,N0)",45.0,0.0,0.4503457,0.72008836,False
2016,97,93,0,0.0,0.0,ppo100k,6,"a6(I45,N0)",45.0,0.0,0.4503457,0.72008836,False
2016,98,94,0,0.0,0.0,ppo100k,6,"a6(I45,N0)",45.0,0.0,0.4503457,0.72008836,False
2016,99,95,6,45.0,0.0,ppo100k,6,"a6(I45,N0)",45.0,0.0,0.4503457,0.72008836,True
2016,100,96,0,0.0,0.0,ppo100k,0,"a0(I0,N0)",0.0,0.0,1.0,0.0,True
2016,101,97,0,0.0,0.0,ppo100k,0,"a0(I0,N0)",0.0,0.0,1.0,0.0,True
2016,102,98,0,0.0,0.0,ppo100k,0,"a0(I0,N0)",0.0,0.0,1.0,0.0,True
2016,103,99,0,0.0,0.0,ppo100k,0,"a0(I0,N0)",0.0,0.0,1.0,0.0,True
2016,104,100,0,0.0,0.0,ppo100k,0,"a0(I0,N0)",0.0,0.0,1.0,0.0,True
2016,105,101,0,0.0,0.0,ppo100k,0,"a0(I0,N0)",0.0,0.0,1.0,0.0,True
2016,106,102,0,0.0,0.0,ppo100k,6,"a6(I45,N0)",45.0,0.0,0.43637428,0.73306096,False
2016,107,103,0,0.0,0.0,ppo100k,6,"a6(I45,N0)",45.0,0.0,0.43637428,0.73306096,False
2016,108,104,0,0.0,0.0,ppo100k,6,"a6(I45,N0)",45.0,0.0,0.43637428,0.73306096,False
2016,109,105,0,0.0,0.0,ppo100k,6,"a6(I45,N0)",45.0,0.0,0.45528778,0.7429223,False
2016,110,106,0,0.0,0.0,ppo100k,6,"a6(I45,N0)",45.0,0.0,0.4555177,0.7430432,False
2016,111,107,0,0.0,0.0,ppo100k,6,"a6(I45,N0)",45.0,0.0,0.4555177,0.7430432,False
2016,112,108,0,0.0,0.0,ppo100k,6,"a6(I45,N0)",45.0,0.0,0.44450855,0.7449336,False
2016,113,109,0,0.0,0.0,ppo100k,6,"a6(I45,N0)",45.0,0.0,0.44450855,0.7449336,False
2016,114,110,0,0.0,0.0,ppo100k,6,"a6(I45,N0)",45.0,0.0,0.44450855,0.7449336,False
2016,115,111,0,0.0,0.0,ppo100k,6,"a6(I45,N0)",45.0,0.0,0.44450855,0.7449336,False
2016,116,112,0,0.0,0.0,ppo100k,6,"a6(I45,N0)",45.0,0.0,0.4445581,0.7450069,False
2016,117,113,0,0.0,0.0,ppo100k,6,"a6(I45,N0)",45.0,0.0,0.44478115,0.751611,False
2016,118,114,0,0.0,0.0,ppo100k,6,"a6(I45,N0)",45.0,0.0,0.44478115,0.751611,False
2016,119,115,3,30.0,0.0,ppo100k,6,"a6(I45,N0)",45.0,0.0,0.44478115,0.751611,False
2016,120,116,0,0.0,0.0,ppo100k,0,"a0(I0,N0)",0.0,0.0,1.0,0.0,True
2016,121,117,0,0.0,0.0,ppo100k,0,"a0(I0,N0)",0.0,0.0,1.0,0.0,True
2016,122,118,0,0.0,0.0,ppo100k,0,"a0(I0,N0)",0.0,0.0,1.0,0.0,True
2016,123,119,0,0.0,0.0,ppo100k,0,"a0(I0,N0)",0.0,0.0,1.0,0.0,True
2016,124,120,0,0.0,0.0,ppo100k,0,"a0(I0,N0)",0.0,0.0,1.0,0.0,True
2016,125,121,0,0.0,0.0,ppo100k,0,"a0(I0,N0)",0.0,0.0,1.0,0.0,True
2016,126,122,0,0.0,0.0,ppo100k,0,"a0(I0,N0)",0.0,0.0,1.0,0.0,True
2016,127,123,0,0.0,0.0,ppo100k,0,"a0(I0,N0)",0.0,0.0,1.0,0.0,True
2016,128,124,0,0.0,0.0,ppo100k,0,"a0(I0,N0)",0.0,0.0,1.0,0.0,True
2016,129,125,0,0.0,0.0,ppo100k,0,"a0(I0,N0)",0.0,0.0,1.0,0.0,True
2016,130,126,0,0.0,0.0,ppo100k,0,"a0(I0,N0)",0.0,0.0,1.0,0.0,True
2016,131,127,0,0.0,0.0,ppo100k,0,"a0(I0,N0)",0.0,0.0,1.0,0.0,True
2016,132,128,0,0.0,0.0,ppo100k,0,"a0(I0,N0)",0.0,0.0,1.0,0.0,True
2016,133,129,0,0.0,0.0,ppo100k,0,"a0(I0,N0)",0.0,0.0,1.0,0.0,True
2016,134,130,0,0.0,0.0,ppo100k,0,"a0(I0,N0)",0.0,0.0,1.0,0.0,True
2016,135,131,0,0.0,0.0,ppo100k,0,"a0(I0,N0)",0.0,0.0,1.0,0.0,True
2016,136,132,0,0.0,0.0,ppo100k,0,"a0(I0,N0)",0.0,0.0,1.0,0.0,True
2016,137,133,0,0.0,0.0,ppo100k,0,"a0(I0,N0)",0.0,0.0,1.0,0.0,True
2016,138,134,0,0.0,0.0,ppo100k,0,"a0(I0,N0)",0.0,0.0,1.0,0.0,True
2016,139,135,0,0.0,0.0,ppo100k,0,"a0(I0,N0)",0.0,0.0,1.0,0.0,True
2016,140,136,0,0.0,0.0,ppo100k,0,"a0(I0,N0)",0.0,0.0,1.0,0.0,True
2017,0,0,0,0.0,0.0,ppo100k,7,"a7(I45,N80)",45.0,80.0,0.93636525,0.9973316,False
2017,1,0,0,0.0,0.0,ppo100k,7,"a7(I45,N80)",45.0,80.0,0.7961032,0.98801655,False
2017,2,0,0,0.0,0.0,ppo100k,7,"a7(I45,N80)",45.0,80.0,0.80393666,0.98895293,False
2017,3,0,0,0.0,0.0,ppo100k,7,"a7(I45,N80)",45.0,80.0,0.78282267,0.98736006,False
2017,4,0,0,0.0,0.0,ppo100k,7,"a7(I45,N80)",45.0,80.0,0.8011693,0.98849225,False
2017,5,1,1,0.0,80.0,ppo100k,7,"a7(I45,N80)",45.0,80.0,0.81970114,0.9902906,False
2017,6,2,0,0.0,0.0,ppo100k,3,"a3(I30,N0)",30.0,0.0,0.5817613,0.7227635,False
2017,7,3,0,0.0,0.0,ppo100k,3,"a3(I30,N0)",30.0,0.0,0.5716209,0.7151633,False
2017,8,4,0,0.0,0.0,ppo100k,3,"a3(I30,N0)",30.0,0.0,0.5723901,0.7163866,False
2017,9,5,0,0.0,0.0,ppo100k,3,"a3(I30,N0)",30.0,0.0,0.58046883,0.7217206,False
2017,10,6,0,0.0,0.0,ppo100k,3,"a3(I30,N0)",30.0,0.0,0.577366,0.7190634,False
2017,11,7,0,0.0,0.0,ppo100k,3,"a3(I30,N0)",30.0,0.0,0.5832283,0.72432446,False
2017,12,8,0,0.0,0.0,ppo100k,7,"a7(I45,N80)",45.0,80.0,0.9152061,0.9965582,False
2017,13,9,0,0.0,0.0,ppo100k,7,"a7(I45,N80)",45.0,80.0,0.91390187,0.99652237,False
2017,14,10,0,0.0,0.0,ppo100k,7,"a7(I45,N80)",45.0,80.0,0.91428125,0.9965366,False
2017,15,11,0,0.0,0.0,ppo100k,7,"a7(I45,N80)",45.0,80.0,0.9140528,0.99652785,False
2017,16,12,0,0.0,0.0,ppo100k,7,"a7(I45,N80)",45.0,80.0,0.91241604,0.99645656,False
2017,17,13,0,0.0,0.0,ppo100k,7,"a7(I45,N80)",45.0,80.0,0.91324806,0.99649346,False
2017,18,14,0,0.0,0.0,ppo100k,7,"a7(I45,N80)",45.0,80.0,0.91233855,0.9963857,False
2017,19,15,0,0.0,0.0,ppo100k,7,"a7(I45,N80)",45.0,80.0,0.9147314,0.99653417,False
2017,20,16,0,0.0,0.0,ppo100k,7,"a7(I45,N80)",45.0,80.0,0.91431123,0.9965389,False
2017,21,17,0,0.0,0.0,ppo100k,7,"a7(I45,N80)",45.0,80.0,0.9140654,0.9965302,False
2017,22,18,0,0.0,0.0,ppo100k,7,"a7(I45,N80)",45.0,80.0,0.9085697,0.9962725,False
2017,23,19,0,0.0,0.0,ppo100k,7,"a7(I45,N80)",45.0,80.0,0.91179985,0.99642706,False
2017,24,20,0,0.0,0.0,ppo100k,7,"a7(I45,N80)",45.0,80.0,0.91079086,0.9963799,False
2017,25,21,0,0.0,0.0,ppo100k,7,"a7(I45,N80)",45.0,80.0,0.9085577,0.9962706,False
2017,26,22,0,0.0,0.0,ppo100k,7,"a7(I45,N80)",45.0,80.0,0.9041496,0.99618953,False
2017,27,23,0,0.0,0.0,ppo100k,7,"a7(I45,N80)",45.0,80.0,0.9034919,0.9961029,False
2017,28,24,0,0.0,0.0,ppo100k,7,"a7(I45,N80)",45.0,80.0,0.8981168,0.99569815,False
2017,29,25,0,0.0,0.0,ppo100k,7,"a7(I45,N80)",45.0,80.0,0.9048989,0.9961351,False
2017,30,26,0,0.0,0.0,ppo100k,7,"a7(I45,N80)",45.0,80.0,0.90751845,0.9962421,False
2017,31,27,0,0.0,0.0,ppo100k,7,"a7(I45,N80)",45.0,80.0,0.9072656,0.99621844,False
2017,32,28,0,0.0,0.0,ppo100k,7,"a7(I45,N80)",45.0,80.0,0.90647864,0.9961653,False
2017,33,29,0,0.0,0.0,ppo100k,7,"a7(I45,N80)",45.0,80.0,0.90701723,0.9961823,False
2017,34,30,6,45.0,0.0,ppo100k,7,"a7(I45,N80)",45.0,80.0,0.9075882,0.9962017,False
2017,35,31,0,0.0,0.0,ppo100k,2,"a2(I0,N120)",0.0,120.0,0.5490153,0.66139245,False
2017,36,32,0,0.0,0.0,ppo100k,2,"a2(I0,N120)",0.0,120.0,0.53678244,0.65578425,False
2017,37,33,0,0.0,0.0,ppo100k,2,"a2(I0,N120)",0.0,120.0,0.5417775,0.65726596,False
2017,38,34,0,0.0,0.0,ppo100k,2,"a2(I0,N120)",0.0,120.0,0.55055004,0.6624638,False
2017,39,35,0,0.0,0.0,ppo100k,2,"a2(I0,N120)",0.0,120.0,0.540509,0.6569191,False
2017,40,36,0,0.0,0.0,ppo100k,2,"a2(I0,N120)",0.0,120.0,0.54623127,0.6599631,False
2017,41,37,0,0.0,0.0,ppo100k,7,"a7(I45,N80)",45.0,80.0,0.8474405,0.99343616,False
2017,42,38,0,0.0,0.0,ppo100k,7,"a7(I45,N80)",45.0,80.0,0.8340361,0.9926611,False
2017,43,39,0,0.0,0.0,ppo100k,7,"a7(I45,N80)",45.0,80.0,0.833018,0.99259454,False
2017,44,40,0,0.0,0.0,ppo100k,7,"a7(I45,N80)",45.0,80.0,0.8165006,0.9915632,False
2017,45,41,0,0.0,0.0,ppo100k,7,"a7(I45,N80)",45.0,80.0,0.8127234,0.9913152,False
2017,46,42,0,0.0,0.0,ppo100k,7,"a7(I45,N80)",45.0,80.0,0.8134387,0.9913564,False
2017,47,43,1,0.0,80.0,ppo100k,7,"a7(I45,N80)",45.0,80.0,0.81384397,0.9913327,False
2017,48,44,0,0.0,0.0,ppo100k,3,"a3(I30,N0)",30.0,0.0,0.6578746,0.7927326,False
2017,49,45,6,45.0,0.0,ppo100k,3,"a3(I30,N0)",30.0,0.0,0.65777767,0.79278845,False
2017,50,46,0,0.0,0.0,ppo100k,0,"a0(I0,N0)",0.0,0.0,1.0,0.0,True
2017,51,47,0,0.0,0.0,ppo100k,0,"a0(I0,N0)",0.0,0.0,1.0,0.0,True
2017,52,48,0,0.0,0.0,ppo100k,0,"a0(I0,N0)",0.0,0.0,1.0,0.0,True
2017,53,49,0,0.0,0.0,ppo100k,0,"a0(I0,N0)",0.0,0.0,1.0,0.0,True
2017,54,50,0,0.0,0.0,ppo100k,0,"a0(I0,N0)",0.0,0.0,0.65842736,0.3415727,True
2017,55,51,0,0.0,0.0,ppo100k,0,"a0(I0,N0)",0.0,0.0,0.65781033,0.34218964,True
2017,56,52,0,0.0,0.0,ppo100k,7,"a7(I45,N80)",45.0,80.0,0.7900078,0.9659724,False
2017,57,53,0,0.0,0.0,ppo100k,7,"a7(I45,N80)",45.0,80.0,0.7357577,0.95664245,False
2017,58,54,0,0.0,0.0,ppo100k,7,"a7(I45,N80)",45.0,80.0,0.57810766,0.93185925,False
2017,59,55,0,0.0,0.0,ppo100k,7,"a7(I45,N80)",45.0,80.0,0.5657158,0.9292829,False
2017,60,56,0,0.0,0.0,ppo100k,7,"a7(I45,N80)",45.0,80.0,0.3956545,0.90149283,False
2017,61,57,0,0.0,0.0,ppo100k,7,"a7(I45,N80)",45.0,80.0,0.24237002,0.88548315,False
2017,62,58,0,0.0,0.0,ppo100k,6,"a6(I45,N0)",45.0,0.0,0.22147584,0.8672298,False
2017,63,59,0,0.0,0.0,ppo100k,6,"a6(I45,N0)",45.0,0.0,0.24401252,0.85897404,False
2017,64,60,6,45.0,0.0,ppo100k,6,"a6(I45,N0)",45.0,0.0,0.24398255,0.8589321,True
2017,65,61,1,0.0,80.0,ppo100k,1,"a1(I0,N80)",0.0,80.0,0.57621,0.57621,True
2017,66,62,0,0.0,0.0,ppo100k,0,"a0(I0,N0)",0.0,0.0,1.0,0.0,True
2017,67,63,0,0.0,0.0,ppo100k,0,"a0(I0,N0)",0.0,0.0,1.0,0.0,True
2017,68,64,0,0.0,0.0,ppo100k,0,"a0(I0,N0)",0.0,0.0,1.0,0.0,True
2017,69,65,0,0.0,0.0,ppo100k,0,"a0(I0,N0)",0.0,0.0,1.0,0.0,True
2017,70,66,0,0.0,0.0,ppo100k,0,"a0(I0,N0)",0.0,0.0,1.0,0.0,True
2017,71,67,0,0.0,0.0,ppo100k,6,"a6(I45,N0)",45.0,0.0,0.46681407,0.73009324,False
2017,72,68,0,0.0,0.0,ppo100k,6,"a6(I45,N0)",45.0,0.0,0.46681407,0.73009324,False
2017,73,69,0,0.0,0.0,ppo100k,6,"a6(I45,N0)",45.0,0.0,0.46681407,0.73009324,False
2017,74,70,0,0.0,0.0,ppo100k,6,"a6(I45,N0)",45.0,0.0,0.46681407,0.73009324,False
2017,75,71,0,0.0,0.0,ppo100k,6,"a6(I45,N0)",45.0,0.0,0.46681407,0.73009324,False
2017,76,72,0,0.0,0.0,ppo100k,6,"a6(I45,N0)",45.0,0.0,0.45185998,0.7210201,False
2017,77,73,0,0.0,0.0,ppo100k,6,"a6(I45,N0)",45.0,0.0,0.4503457,0.72008836,False
2017,78,74,0,0.0,0.0,ppo100k,6,"a6(I45,N0)",45.0,0.0,0.4503457,0.72008836,False
2017,79,75,3,30.0,0.0,ppo100k,6,"a6(I45,N0)",45.0,0.0,0.4503457,0.72008836,False
2017,80,76,0,0.0,0.0,ppo100k,0,"a0(I0,N0)",0.0,0.0,1.0,0.0,True
2017,81,77,0,0.0,0.0,ppo100k,0,"a0(I0,N0)",0.0,0.0,1.0,0.0,True
2017,82,78,0,0.0,0.0,ppo100k,0,"a0(I0,N0)",0.0,0.0,1.0,0.0,True
2017,83,79,0,0.0,0.0,ppo100k,0,"a0(I0,N0)",0.0,0.0,1.0,0.0,True
2017,84,80,0,0.0,0.0,ppo100k,0,"a0(I0,N0)",0.0,0.0,1.0,0.0,True
2017,85,81,0,0.0,0.0,ppo100k,0,"a0(I0,N0)",0.0,0.0,1.0,0.0,True
2017,86,82,0,0.0,0.0,ppo100k,0,"a0(I0,N0)",0.0,0.0,0.50925034,0.49074963,True
2017,87,83,0,0.0,0.0,ppo100k,0,"a0(I0,N0)",0.0,0.0,0.50925034,0.49074963,True
2017,88,84,0,0.0,0.0,ppo100k,0,"a0(I0,N0)",0.0,0.0,0.50925034,0.49074963,True
2017,89,85,0,0.0,0.0,ppo100k,0,"a0(I0,N0)",0.0,0.0,0.50925034,0.49074963,True
2017,90,86,0,0.0,0.0,ppo100k,0,"a0(I0,N0)",0.0,0.0,0.50925034,0.49074963,True
2017,91,87,0,0.0,0.0,ppo100k,0,"a0(I0,N0)",0.0,0.0,0.50925034,0.49074963,True
2017,92,88,0,0.0,0.0,ppo100k,0,"a0(I0,N0)",0.0,0.0,0.50925034,0.49074963,True
2017,93,89,0,0.0,0.0,ppo100k,0,"a0(I0,N0)",0.0,0.0,0.50925034,0.49074963,True
2017,94,90,0,0.0,0.0,ppo100k,0,"a0(I0,N0)",0.0,0.0,0.50925034,0.49074963,True
2017,95,91,0,0.0,0.0,ppo100k,6,"a6(I45,N0)",45.0,0.0,0.4503457,0.72008836,False
2017,96,92,0,0.0,0.0,ppo100k,6,"a6(I45,N0)",45.0,0.0,0.4503457,0.72008836,False
2017,97,93,0,0.0,0.0,ppo100k,6,"a6(I45,N0)",45.0,0.0,0.4503457,0.72008836,False
2017,98,94,0,0.0,0.0,ppo100k,6,"a6(I45,N0)",45.0,0.0,0.4503457,0.72008836,False
2017,99,95,6,45.0,0.0,ppo100k,6,"a6(I45,N0)",45.0,0.0,0.4503457,0.72008836,True
2017,100,96,0,0.0,0.0,ppo100k,0,"a0(I0,N0)",0.0,0.0,1.0,0.0,True
2017,101,97,0,0.0,0.0,ppo100k,0,"a0(I0,N0)",0.0,0.0,1.0,0.0,True
2017,102,98,0,0.0,0.0,ppo100k,0,"a0(I0,N0)",0.0,0.0,1.0,0.0,True
2017,103,99,0,0.0,0.0,ppo100k,0,"a0(I0,N0)",0.0,0.0,1.0,0.0,True
2017,104,100,0,0.0,0.0,ppo100k,0,"a0(I0,N0)",0.0,0.0,1.0,0.0,True
2017,105,101,0,0.0,0.0,ppo100k,0,"a0(I0,N0)",0.0,0.0,1.0,0.0,True
2017,106,102,0,0.0,0.0,ppo100k,3,"a3(I30,N0)",30.0,0.0,0.52807134,0.52807134,False
2017,107,103,0,0.0,0.0,ppo100k,3,"a3(I30,N0)",30.0,0.0,0.5408274,0.5408274,False
2017,108,104,0,0.0,0.0,ppo100k,3,"a3(I30,N0)",30.0,0.0,0.5408274,0.5408274,False
2017,109,105,0,0.0,0.0,ppo100k,3,"a3(I30,N0)",30.0,0.0,0.5408274,0.5408274,False
2017,110,106,0,0.0,0.0,ppo100k,3,"a3(I30,N0)",30.0,0.0,0.5526286,0.5526286,False
2017,111,107,0,0.0,0.0,ppo100k,3,"a3(I30,N0)",30.0,0.0,0.5526286,0.5526286,False
2017,112,108,0,0.0,0.0,ppo100k,3,"a3(I30,N0)",30.0,0.0,0.5526286,0.5526286,False
2017,113,109,0,0.0,0.0,ppo100k,3,"a3(I30,N0)",30.0,0.0,0.5526286,0.5526286,False
2017,114,110,3,30.0,0.0,ppo100k,3,"a3(I30,N0)",30.0,0.0,0.5526286,0.5526286,True
2017,115,111,0,0.0,0.0,ppo100k,0,"a0(I0,N0)",0.0,0.0,1.0,0.0,True
2017,116,112,0,0.0,0.0,ppo100k,0,"a0(I0,N0)",0.0,0.0,1.0,0.0,True
2017,117,113,0,0.0,0.0,ppo100k,0,"a0(I0,N0)",0.0,0.0,1.0,0.0,True
2017,118,114,0,0.0,0.0,ppo100k,0,"a0(I0,N0)",0.0,0.0,1.0,0.0,True
2017,119,115,0,0.0,0.0,ppo100k,0,"a0(I0,N0)",0.0,0.0,1.0,0.0,True
2017,120,116,0,0.0,0.0,ppo100k,0,"a0(I0,N0)",0.0,0.0,1.0,0.0,True
2017,121,117,0,0.0,0.0,ppo100k,0,"a0(I0,N0)",0.0,0.0,1.0,0.0,True
2017,122,118,0,0.0,0.0,ppo100k,0,"a0(I0,N0)",0.0,0.0,1.0,0.0,True
2017,123,119,0,0.0,0.0,ppo100k,0,"a0(I0,N0)",0.0,0.0,1.0,0.0,True
2017,124,120,0,0.0,0.0,ppo100k,0,"a0(I0,N0)",0.0,0.0,1.0,0.0,True
2017,125,121,0,0.0,0.0,ppo100k,0,"a0(I0,N0)",0.0,0.0,1.0,0.0,True
2017,126,122,0,0.0,0.0,ppo100k,0,"a0(I0,N0)",0.0,0.0,1.0,0.0,True
2017,127,123,0,0.0,0.0,ppo100k,0,"a0(I0,N0)",0.0,0.0,1.0,0.0,True
2017,128,124,0,0.0,0.0,ppo100k,0,"a0(I0,N0)",0.0,0.0,1.0,0.0,True
2017,129,125,0,0.0,0.0,ppo100k,0,"a0(I0,N0)",0.0,0.0,1.0,0.0,True
2017,130,126,0,0.0,0.0,ppo100k,0,"a0(I0,N0)",0.0,0.0,1.0,0.0,True
2017,131,127,0,0.0,0.0,ppo100k,0,"a0(I0,N0)",0.0,0.0,1.0,0.0,True
2017,132,128,0,0.0,0.0,ppo100k,0,"a0(I0,N0)",0.0,0.0,1.0,0.0,True
2017,133,129,0,0.0,0.0,ppo100k,0,"a0(I0,N0)",0.0,0.0,1.0,0.0,True
2017,134,130,0,0.0,0.0,ppo100k,0,"a0(I0,N0)",0.0,0.0,1.0,0.0,True
2017,135,131,0,0.0,0.0,ppo100k,0,"a0(I0,N0)",0.0,0.0,1.0,0.0,True
2017,136,132,0,0.0,0.0,ppo100k,0,"a0(I0,N0)",0.0,0.0,1.0,0.0,True
2017,137,133,0,0.0,0.0,ppo100k,0,"a0(I0,N0)",0.0,0.0,1.0,0.0,True
2017,138,134,0,0.0,0.0,ppo100k,0,"a0(I0,N0)",0.0,0.0,1.0,0.0,True
2018,0,0,0,0.0,0.0,ppo100k,7,"a7(I45,N80)",45.0,80.0,0.936399,0.99732965,False
2018,1,0,0,0.0,0.0,ppo100k,7,"a7(I45,N80)",45.0,80.0,0.81105745,0.9890965,False
2018,2,0,0,0.0,0.0,ppo100k,7,"a7(I45,N80)",45.0,80.0,0.80020654,0.9882962,False
2018,3,0,0,0.0,0.0,ppo100k,7,"a7(I45,N80)",45.0,80.0,0.8176266,0.989629,False
2018,4,0,0,0.0,0.0,ppo100k,7,"a7(I45,N80)",45.0,80.0,0.8232413,0.9897318,False
2018,5,1,3,30.0,0.0,ppo100k,7,"a7(I45,N80)",45.0,80.0,0.78287596,0.9878098,False
2018,6,2,0,0.0,0.0,ppo100k,2,"a2(I0,N120)",0.0,120.0,0.7718032,0.8255304,False
2018,7,3,0,0.0,0.0,ppo100k,2,"a2(I0,N120)",0.0,120.0,0.7488552,0.8069671,False
2018,8,4,0,0.0,0.0,ppo100k,2,"a2(I0,N120)",0.0,120.0,0.6790901,0.75123465,False
2018,9,5,0,0.0,0.0,ppo100k,2,"a2(I0,N120)",0.0,120.0,0.6261661,0.7087752,False
2018,10,6,0,0.0,0.0,ppo100k,2,"a2(I0,N120)",0.0,120.0,0.6228935,0.70741904,False
2018,11,7,0,0.0,0.0,ppo100k,2,"a2(I0,N120)",0.0,120.0,0.6220906,0.7070327,False
2018,12,8,0,0.0,0.0,ppo100k,7,"a7(I45,N80)",45.0,80.0,0.89165294,0.9953467,False
2018,13,9,0,0.0,0.0,ppo100k,7,"a7(I45,N80)",45.0,80.0,0.86708707,0.993812,False
2018,14,10,0,0.0,0.0,ppo100k,7,"a7(I45,N80)",45.0,80.0,0.85588074,0.9933804,False
2018,15,11,0,0.0,0.0,ppo100k,7,"a7(I45,N80)",45.0,80.0,0.81398743,0.99090976,False
2018,16,12,0,0.0,0.0,ppo100k,7,"a7(I45,N80)",45.0,80.0,0.83484715,0.9920821,False
2018,17,13,0,0.0,0.0,ppo100k,7,"a7(I45,N80)",45.0,80.0,0.8450973,0.9927749,False
2018,18,14,0,0.0,0.0,ppo100k,7,"a7(I45,N80)",45.0,80.0,0.871879,0.99441445,False
2018,19,15,0,0.0,0.0,ppo100k,7,"a7(I45,N80)",45.0,80.0,0.8230388,0.9915866,False
2018,20,16,0,0.0,0.0,ppo100k,7,"a7(I45,N80)",45.0,80.0,0.860317,0.99387866,False
2018,21,17,0,0.0,0.0,ppo100k,7,"a7(I45,N80)",45.0,80.0,0.8486098,0.99323064,False
2018,22,18,0,0.0,0.0,ppo100k,7,"a7(I45,N80)",45.0,80.0,0.8385837,0.9927366,False
2018,23,19,0,0.0,0.0,ppo100k,7,"a7(I45,N80)",45.0,80.0,0.83616066,0.9926717,False
2018,24,20,0,0.0,0.0,ppo100k,7,"a7(I45,N80)",45.0,80.0,0.8405037,0.9927943,False
2018,25,21,0,0.0,0.0,ppo100k,7,"a7(I45,N80)",45.0,80.0,0.803219,0.990161,False
2018,26,22,0,0.0,0.0,ppo100k,7,"a7(I45,N80)",45.0,80.0,0.81487525,0.99102336,False
2018,27,23,0,0.0,0.0,ppo100k,7,"a7(I45,N80)",45.0,80.0,0.82461417,0.9921521,False
2018,28,24,0,0.0,0.0,ppo100k,7,"a7(I45,N80)",45.0,80.0,0.76888156,0.9888004,False
2018,29,25,0,0.0,0.0,ppo100k,7,"a7(I45,N80)",45.0,80.0,0.7570755,0.9881408,False
2018,30,26,0,0.0,0.0,ppo100k,7,"a7(I45,N80)",45.0,80.0,0.7306324,0.98672163,False
2018,31,27,0,0.0,0.0,ppo100k,7,"a7(I45,N80)",45.0,80.0,0.71349055,0.9844835,False
2018,32,28,0,0.0,0.0,ppo100k,7,"a7(I45,N80)",45.0,80.0,0.7682641,0.98897994,False
2018,33,29,0,0.0,0.0,ppo100k,7,"a7(I45,N80)",45.0,80.0,0.7667507,0.98885125,False
2018,34,30,6,45.0,0.0,ppo100k,7,"a7(I45,N80)",45.0,80.0,0.7633207,0.9885935,False
2018,35,31,0,0.0,0.0,ppo100k,2,"a2(I0,N120)",0.0,120.0,0.7096333,0.8020365,False
2018,36,32,0,0.0,0.0,ppo100k,2,"a2(I0,N120)",0.0,120.0,0.72135943,0.8233108,False
2018,37,33,0,0.0,0.0,ppo100k,2,"a2(I0,N120)",0.0,120.0,0.7017108,0.7993008,False
2018,38,34,0,0.0,0.0,ppo100k,2,"a2(I0,N120)",0.0,120.0,0.6471548,0.76605797,False
2018,39,35,0,0.0,0.0,ppo100k,2,"a2(I0,N120)",0.0,120.0,0.62680405,0.76537156,False
2018,40,36,0,0.0,0.0,ppo100k,2,"a2(I0,N120)",0.0,120.0,0.6618147,0.7947794,False
2018,41,37,0,0.0,0.0,ppo100k,7,"a7(I45,N80)",45.0,80.0,0.59586304,0.97375774,False
2018,42,38,0,0.0,0.0,ppo100k,7,"a7(I45,N80)",45.0,80.0,0.38904196,0.95102966,False
2018,43,39,0,0.0,0.0,ppo100k,7,"a7(I45,N80)",45.0,80.0,0.55343556,0.9677439,False
2018,44,40,0,0.0,0.0,ppo100k,7,"a7(I45,N80)",45.0,80.0,0.5312687,0.96480954,False
2018,45,41,0,0.0,0.0,ppo100k,7,"a7(I45,N80)",45.0,80.0,0.5307382,0.96504074,False
2018,46,42,0,0.0,0.0,ppo100k,7,"a7(I45,N80)",45.0,80.0,0.40295133,0.95021856,False
2018,47,43,1,0.0,80.0,ppo100k,7,"a7(I45,N80)",45.0,80.0,0.33757287,0.9411585,False
2018,48,44,0,0.0,0.0,ppo100k,3,"a3(I30,N0)",30.0,0.0,0.49955788,0.7605157,False
2018,49,45,0,0.0,0.0,ppo100k,3,"a3(I30,N0)",30.0,0.0,0.4245372,0.7490208,False
2018,50,46,0,0.0,0.0,ppo100k,3,"a3(I30,N0)",30.0,0.0,0.37681115,0.74357593,False
2018,51,47,0,0.0,0.0,ppo100k,6,"a6(I45,N0)",45.0,0.0,0.4597014,0.74346745,False
2018,52,48,0,0.0,0.0,ppo100k,6,"a6(I45,N0)",45.0,0.0,0.46818915,0.74119353,False
2018,53,49,0,0.0,0.0,ppo100k,6,"a6(I45,N0)",45.0,0.0,0.46755692,0.73146385,False
2018,54,50,0,0.0,0.0,ppo100k,6,"a6(I45,N0)",45.0,0.0,0.16521414,0.904513,False
2018,55,51,0,0.0,0.0,ppo100k,6,"a6(I45,N0)",45.0,0.0,0.16524006,0.90462697,False
2018,56,52,0,0.0,0.0,ppo100k,6,"a6(I45,N0)",45.0,0.0,0.16520654,0.90447956,False
2018,57,53,0,0.0,0.0,ppo100k,6,"a6(I45,N0)",45.0,0.0,0.1652065,0.9044795,False
2018,58,54,0,0.0,0.0,ppo100k,6,"a6(I45,N0)",45.0,0.0,0.16520643,0.9044794,False
2018,59,55,0,0.0,0.0,ppo100k,6,"a6(I45,N0)",45.0,0.0,0.16145176,0.9038509,False
2018,60,56,0,0.0,0.0,ppo100k,6,"a6(I45,N0)",45.0,0.0,0.163362,0.90421224,False
2018,61,57,0,0.0,0.0,ppo100k,6,"a6(I45,N0)",45.0,0.0,0.15805535,0.9030962,False
2018,62,58,0,0.0,0.0,ppo100k,6,"a6(I45,N0)",45.0,0.0,0.15650928,0.90272224,False
2018,63,59,0,0.0,0.0,ppo100k,6,"a6(I45,N0)",45.0,0.0,0.15704794,0.9028543,False
2018,64,60,6,45.0,0.0,ppo100k,6,"a6(I45,N0)",45.0,0.0,0.15650883,0.9027222,True
2018,65,61,2,0.0,120.0,ppo100k,2,"a2(I0,N120)",0.0,120.0,0.36941117,0.7304934,True
2018,66,62,0,0.0,0.0,ppo100k,0,"a0(I0,N0)",0.0,0.0,1.0,0.0,True
2018,67,63,0,0.0,0.0,ppo100k,0,"a0(I0,N0)",0.0,0.0,1.0,0.0,True
2018,68,64,0,0.0,0.0,ppo100k,0,"a0(I0,N0)",0.0,0.0,1.0,0.0,True
2018,69,65,0,0.0,0.0,ppo100k,0,"a0(I0,N0)",0.0,0.0,1.0,0.0,True
2018,70,66,0,0.0,0.0,ppo100k,0,"a0(I0,N0)",0.0,0.0,1.0,0.0,True
2018,71,67,0,0.0,0.0,ppo100k,6,"a6(I45,N0)",45.0,0.0,0.4503457,0.72008836,False
2018,72,68,0,0.0,0.0,ppo100k,6,"a6(I45,N0)",45.0,0.0,0.4503457,0.72008836,False
2018,73,69,0,0.0,0.0,ppo100k,6,"a6(I45,N0)",45.0,0.0,0.4503457,0.72008836,False
2018,74,70,0,0.0,0.0,ppo100k,6,"a6(I45,N0)",45.0,0.0,0.4503457,0.72008836,False
2018,75,71,0,0.0,0.0,ppo100k,6,"a6(I45,N0)",45.0,0.0,0.4503457,0.72008836,False
2018,76,72,0,0.0,0.0,ppo100k,6,"a6(I45,N0)",45.0,0.0,0.4503457,0.72008836,False
2018,77,73,0,0.0,0.0,ppo100k,6,"a6(I45,N0)",45.0,0.0,0.4503457,0.72008836,False
2018,78,74,0,0.0,0.0,ppo100k,6,"a6(I45,N0)",45.0,0.0,0.4503457,0.72008836,False
2018,79,75,0,0.0,0.0,ppo100k,6,"a6(I45,N0)",45.0,0.0,0.4503457,0.72008836,False
2018,80,76,0,0.0,0.0,ppo100k,6,"a6(I45,N0)",45.0,0.0,0.4503457,0.72008836,False
2018,81,77,0,0.0,0.0,ppo100k,6,"a6(I45,N0)",45.0,0.0,0.4503457,0.72008836,False
2018,82,78,0,0.0,0.0,ppo100k,6,"a6(I45,N0)",45.0,0.0,0.4503457,0.72008836,False
2018,83,79,0,0.0,0.0,ppo100k,6,"a6(I45,N0)",45.0,0.0,0.4503457,0.72008836,False
2018,84,80,0,0.0,0.0,ppo100k,6,"a6(I45,N0)",45.0,0.0,0.4503457,0.72008836,False
2018,85,81,0,0.0,0.0,ppo100k,6,"a6(I45,N0)",45.0,0.0,0.4503457,0.72008836,False
2018,86,82,0,0.0,0.0,ppo100k,6,"a6(I45,N0)",45.0,0.0,0.4503457,0.72008836,False
2018,87,83,0,0.0,0.0,ppo100k,6,"a6(I45,N0)",45.0,0.0,0.4503457,0.72008836,False
2018,88,84,0,0.0,0.0,ppo100k,6,"a6(I45,N0)",45.0,0.0,0.4503457,0.72008836,False
2018,89,85,0,0.0,0.0,ppo100k,6,"a6(I45,N0)",45.0,0.0,0.4503457,0.72008836,False
2018,90,86,0,0.0,0.0,ppo100k,6,"a6(I45,N0)",45.0,0.0,0.4503457,0.72008836,False
2018,91,87,0,0.0,0.0,ppo100k,6,"a6(I45,N0)",45.0,0.0,0.4503457,0.72008836,False
2018,92,88,0,0.0,0.0,ppo100k,6,"a6(I45,N0)",45.0,0.0,0.4503457,0.72008836,False
2018,93,89,0,0.0,0.0,ppo100k,6,"a6(I45,N0)",45.0,0.0,0.4503457,0.72008836,False
2018,94,90,6,45.0,0.0,ppo100k,6,"a6(I45,N0)",45.0,0.0,0.4503457,0.72008836,True
2018,95,91,0,0.0,0.0,ppo100k,0,"a0(I0,N0)",0.0,0.0,1.0,0.0,True
2018,96,92,0,0.0,0.0,ppo100k,0,"a0(I0,N0)",0.0,0.0,1.0,0.0,True
2018,97,93,0,0.0,0.0,ppo100k,0,"a0(I0,N0)",0.0,0.0,1.0,0.0,True
2018,98,94,0,0.0,0.0,ppo100k,0,"a0(I0,N0)",0.0,0.0,1.0,0.0,True
2018,99,95,0,0.0,0.0,ppo100k,0,"a0(I0,N0)",0.0,0.0,1.0,0.0,True
2018,100,96,0,0.0,0.0,ppo100k,0,"a0(I0,N0)",0.0,0.0,1.0,0.0,True
2018,101,97,0,0.0,0.0,ppo100k,6,"a6(I45,N0)",45.0,0.0,0.4450653,0.73762083,False
2018,102,98,0,0.0,0.0,ppo100k,6,"a6(I45,N0)",45.0,0.0,0.4555177,0.7430432,False
2018,103,99,0,0.0,0.0,ppo100k,6,"a6(I45,N0)",45.0,0.0,0.4555177,0.7430432,False
2018,104,100,0,0.0,0.0,ppo100k,6,"a6(I45,N0)",45.0,0.0,0.44450855,0.7449336,False
2018,105,101,0,0.0,0.0,ppo100k,6,"a6(I45,N0)",45.0,0.0,0.44450855,0.7449336,False
2018,106,102,0,0.0,0.0,ppo100k,6,"a6(I45,N0)",45.0,0.0,0.44450855,0.7449336,False
2018,107,103,0,0.0,0.0,ppo100k,6,"a6(I45,N0)",45.0,0.0,0.44450855,0.7449336,False
2018,108,104,0,0.0,0.0,ppo100k,6,"a6(I45,N0)",45.0,0.0,0.44450855,0.7449336,False
2018,109,105,6,45.0,0.0,ppo100k,6,"a6(I45,N0)",45.0,0.0,0.44478124,0.7516108,True
2018,110,106,0,0.0,0.0,ppo100k,0,"a0(I0,N0)",0.0,0.0,1.0,0.0,True
2018,111,107,0,0.0,0.0,ppo100k,0,"a0(I0,N0)",0.0,0.0,1.0,0.0,True
2018,112,108,0,0.0,0.0,ppo100k,0,"a0(I0,N0)",0.0,0.0,1.0,0.0,True
2018,113,109,0,0.0,0.0,ppo100k,0,"a0(I0,N0)",0.0,0.0,1.0,0.0,True
2018,114,110,0,0.0,0.0,ppo100k,0,"a0(I0,N0)",0.0,0.0,1.0,0.0,True
2018,115,111,0,0.0,0.0,ppo100k,0,"a0(I0,N0)",0.0,0.0,1.0,0.0,True
2018,116,112,0,0.0,0.0,ppo100k,3,"a3(I30,N0)",30.0,0.0,0.55224806,0.55224806,False
2018,117,113,0,0.0,0.0,ppo100k,3,"a3(I30,N0)",30.0,0.0,0.55224806,0.55224806,False
2018,118,114,0,0.0,0.0,ppo100k,3,"a3(I30,N0)",30.0,0.0,0.55224806,0.55224806,False
2018,119,115,0,0.0,0.0,ppo100k,3,"a3(I30,N0)",30.0,0.0,0.55224806,0.55224806,False
2018,120,116,0,0.0,0.0,ppo100k,3,"a3(I30,N0)",30.0,0.0,0.55224806,0.55224806,False
2018,121,117,0,0.0,0.0,ppo100k,3,"a3(I30,N0)",30.0,0.0,0.5864416,0.5864416,False
2018,122,118,0,0.0,0.0,ppo100k,3,"a3(I30,N0)",30.0,0.0,0.5864707,0.5864707,False
2018,123,119,0,0.0,0.0,ppo100k,3,"a3(I30,N0)",30.0,0.0,0.5864707,0.5864707,False
2018,124,120,3,30.0,0.0,ppo100k,3,"a3(I30,N0)",30.0,0.0,0.5864708,0.5864708,True
2018,125,121,0,0.0,0.0,ppo100k,0,"a0(I0,N0)",0.0,0.0,1.0,0.0,True
2018,126,122,0,0.0,0.0,ppo100k,0,"a0(I0,N0)",0.0,0.0,1.0,0.0,True
2018,127,123,0,0.0,0.0,ppo100k,0,"a0(I0,N0)",0.0,0.0,1.0,0.0,True
2018,128,124,0,0.0,0.0,ppo100k,0,"a0(I0,N0)",0.0,0.0,1.0,0.0,True
2019,0,0,0,0.0,0.0,ppo100k,7,"a7(I45,N80)",45.0,80.0,0.9367294,0.9973602,False
2019,1,0,0,0.0,0.0,ppo100k,7,"a7(I45,N80)",45.0,80.0,0.80237395,0.98843586,False
2019,2,0,0,0.0,0.0,ppo100k,7,"a7(I45,N80)",45.0,80.0,0.820547,0.99041605,False
2019,3,0,0,0.0,0.0,ppo100k,7,"a7(I45,N80)",45.0,80.0,0.8236855,0.9905097,False
2019,4,0,0,0.0,0.0,ppo100k,7,"a7(I45,N80)",45.0,80.0,0.7599073,0.9859525,False
2019,5,1,7,45.0,80.0,ppo100k,7,"a7(I45,N80)",45.0,80.0,0.81718314,0.990031,True
2019,6,2,0,0.0,0.0,ppo100k,0,"a0(I0,N0)",0.0,0.0,1.0,0.0,True
2019,7,3,0,0.0,0.0,ppo100k,0,"a0(I0,N0)",0.0,0.0,1.0,0.0,True
2019,8,4,0,0.0,0.0,ppo100k,0,"a0(I0,N0)",0.0,0.0,1.0,0.0,True
2019,9,5,0,0.0,0.0,ppo100k,0,"a0(I0,N0)",0.0,0.0,1.0,0.0,True
2019,10,6,0,0.0,0.0,ppo100k,0,"a0(I0,N0)",0.0,0.0,1.0,0.0,True
2019,11,7,0,0.0,0.0,ppo100k,0,"a0(I0,N0)",0.0,0.0,1.0,0.0,True
2019,12,8,3,30.0,0.0,ppo100k,5,"a5(I30,N120)",30.0,120.0,0.8186801,0.95976627,False
2019,13,9,0,0.0,0.0,ppo100k,2,"a2(I0,N120)",0.0,120.0,0.52955735,0.64283144,False
2019,14,10,0,0.0,0.0,ppo100k,2,"a2(I0,N120)",0.0,120.0,0.5297905,0.635884,False
2019,15,11,0,0.0,0.0,ppo100k,2,"a2(I0,N120)",0.0,120.0,0.5006367,0.6136203,False
2019,16,12,0,0.0,0.0,ppo100k,2,"a2(I0,N120)",0.0,120.0,0.5294241,0.6395035,False
2019,17,13,0,0.0,0.0,ppo100k,2,"a2(I0,N120)",0.0,120.0,0.5231792,0.6373061,False
2019,18,14,0,0.0,0.0,ppo100k,2,"a2(I0,N120)",0.0,120.0,0.54595715,0.6531111,False
2019,19,15,0,0.0,0.0,ppo100k,2,"a2(I0,N120)",0.0,120.0,0.54160964,0.65077966,False
2019,20,16,0,0.0,0.0,ppo100k,2,"a2(I0,N120)",0.0,120.0,0.5228167,0.6369548,False
2019,21,17,0,0.0,0.0,ppo100k,2,"a2(I0,N120)",0.0,120.0,0.53611314,0.64624983,False
2019,22,18,0,0.0,0.0,ppo100k,2,"a2(I0,N120)",0.0,120.0,0.6026986,0.6938358,False
2019,23,19,0,0.0,0.0,ppo100k,2,"a2(I0,N120)",0.0,120.0,0.5959248,0.68884414,False
2019,24,20,0,0.0,0.0,ppo100k,2,"a2(I0,N120)",0.0,120.0,0.60926104,0.6987836,False
2019,25,21,0,0.0,0.0,ppo100k,2,"a2(I0,N120)",0.0,120.0,0.60994196,0.6992915,False
2019,26,22,0,0.0,0.0,ppo100k,2,"a2(I0,N120)",0.0,120.0,0.6099006,0.6993382,False
2019,27,23,0,0.0,0.0,ppo100k,2,"a2(I0,N120)",0.0,120.0,0.6085626,0.6983576,False
2019,28,24,0,0.0,0.0,ppo100k,2,"a2(I0,N120)",0.0,120.0,0.622543,0.7124193,False
2019,29,25,0,0.0,0.0,ppo100k,2,"a2(I0,N120)",0.0,120.0,0.63680893,0.7335032,False
2019,30,26,0,0.0,0.0,ppo100k,2,"a2(I0,N120)",0.0,120.0,0.66050684,0.7516853,False
2019,31,27,0,0.0,0.0,ppo100k,2,"a2(I0,N120)",0.0,120.0,0.6548339,0.7506153,False
2019,32,28,0,0.0,0.0,ppo100k,2,"a2(I0,N120)",0.0,120.0,0.64495975,0.74679726,False
2019,33,29,0,0.0,0.0,ppo100k,2,"a2(I0,N120)",0.0,120.0,0.66426593,0.7628054,False
2019,34,30,0,0.0,0.0,ppo100k,2,"a2(I0,N120)",0.0,120.0,0.6098016,0.72240084,False
2019,35,31,6,45.0,0.0,ppo100k,7,"a7(I45,N80)",45.0,80.0,0.79122096,0.99065375,False
2019,36,32,0,0.0,0.0,ppo100k,2,"a2(I0,N120)",0.0,120.0,0.7405038,0.824962,False
2019,37,33,0,0.0,0.0,ppo100k,2,"a2(I0,N120)",0.0,120.0,0.7402895,0.8249179,False
2019,38,34,0,0.0,0.0,ppo100k,2,"a2(I0,N120)",0.0,120.0,0.72086555,0.81428605,False
2019,39,35,0,0.0,0.0,ppo100k,2,"a2(I0,N120)",0.0,120.0,0.6694188,0.7784599,False
2019,40,36,0,0.0,0.0,ppo100k,2,"a2(I0,N120)",0.0,120.0,0.6616838,0.77060974,False
2019,41,37,0,0.0,0.0,ppo100k,2,"a2(I0,N120)",0.0,120.0,0.6592529,0.77459645,False
2019,42,38,3,30.0,0.0,ppo100k,5,"a5(I30,N120)",30.0,120.0,0.5230446,0.9482737,False
2019,43,39,0,0.0,0.0,ppo100k,2,"a2(I0,N120)",0.0,120.0,0.6585072,0.78396606,False
2019,44,40,0,0.0,0.0,ppo100k,2,"a2(I0,N120)",0.0,120.0,0.65401816,0.78266275,False
2019,45,41,0,0.0,0.0,ppo100k,2,"a2(I0,N120)",0.0,120.0,0.651321,0.78107077,False
2019,46,42,0,0.0,0.0,ppo100k,2,"a2(I0,N120)",0.0,120.0,0.64756817,0.77826715,False
2019,47,43,1,0.0,80.0,ppo100k,2,"a2(I0,N120)",0.0,120.0,0.63932234,0.76567197,False
2019,48,44,0,0.0,0.0,ppo100k,0,"a0(I0,N0)",0.0,0.0,1.0,0.0,True
2019,49,45,0,0.0,0.0,ppo100k,0,"a0(I0,N0)",0.0,0.0,1.0,0.0,True
2019,50,46,0,0.0,0.0,ppo100k,0,"a0(I0,N0)",0.0,0.0,1.0,0.0,True
2019,51,47,0,0.0,0.0,ppo100k,0,"a0(I0,N0)",0.0,0.0,1.0,0.0,True
2019,52,48,0,0.0,0.0,ppo100k,0,"a0(I0,N0)",0.0,0.0,1.0,0.0,True
2019,53,49,0,0.0,0.0,ppo100k,0,"a0(I0,N0)",0.0,0.0,1.0,0.0,True
2019,54,50,0,0.0,0.0,ppo100k,1,"a1(I0,N80)",0.0,80.0,0.5295723,0.5295723,False
2019,55,51,0,0.0,0.0,ppo100k,1,"a1(I0,N80)",0.0,80.0,0.55490696,0.55490696,False
2019,56,52,0,0.0,0.0,ppo100k,1,"a1(I0,N80)",0.0,80.0,0.5719382,0.5719382,False
2019,57,53,0,0.0,0.0,ppo100k,1,"a1(I0,N80)",0.0,80.0,0.575952,0.575952,False
2019,58,54,0,0.0,0.0,ppo100k,1,"a1(I0,N80)",0.0,80.0,0.57622284,0.57622284,False
2019,59,55,0,0.0,0.0,ppo100k,1,"a1(I0,N80)",0.0,80.0,0.57621,0.57621,False
2019,60,56,0,0.0,0.0,ppo100k,1,"a1(I0,N80)",0.0,80.0,0.57621,0.57621,False
2019,61,57,0,0.0,0.0,ppo100k,1,"a1(I0,N80)",0.0,80.0,0.57621,0.57621,False
2019,62,58,0,0.0,0.0,ppo100k,1,"a1(I0,N80)",0.0,80.0,0.57621,0.57621,False
2019,63,59,0,0.0,0.0,ppo100k,1,"a1(I0,N80)",0.0,80.0,0.57621,0.57621,False
2019,64,60,0,0.0,0.0,ppo100k,1,"a1(I0,N80)",0.0,80.0,0.57621,0.57621,False
2019,65,61,7,45.0,80.0,ppo100k,6,"a6(I45,N0)",45.0,0.0,0.24398255,0.8589321,False
2019,66,62,0,0.0,0.0,ppo100k,0,"a0(I0,N0)",0.0,0.0,1.0,0.0,True
2019,67,63,0,0.0,0.0,ppo100k,0,"a0(I0,N0)",0.0,0.0,1.0,0.0,True
2019,68,64,0,0.0,0.0,ppo100k,0,"a0(I0,N0)",0.0,0.0,1.0,0.0,True
2019,69,65,0,0.0,0.0,ppo100k,0,"a0(I0,N0)",0.0,0.0,1.0,0.0,True
2019,70,66,0,0.0,0.0,ppo100k,0,"a0(I0,N0)",0.0,0.0,1.0,0.0,True
2019,71,67,0,0.0,0.0,ppo100k,0,"a0(I0,N0)",0.0,0.0,1.0,0.0,True
2019,72,68,0,0.0,0.0,ppo100k,0,"a0(I0,N0)",0.0,0.0,1.0,0.0,True
2019,73,69,0,0.0,0.0,ppo100k,0,"a0(I0,N0)",0.0,0.0,1.0,0.0,True
2019,74,70,0,0.0,0.0,ppo100k,0,"a0(I0,N0)",0.0,0.0,1.0,0.0,True
2019,75,71,0,0.0,0.0,ppo100k,0,"a0(I0,N0)",0.0,0.0,1.0,0.0,True
2019,76,72,0,0.0,0.0,ppo100k,0,"a0(I0,N0)",0.0,0.0,1.0,0.0,True
2019,77,73,0,0.0,0.0,ppo100k,0,"a0(I0,N0)",0.0,0.0,1.0,0.0,True
2019,78,74,0,0.0,0.0,ppo100k,0,"a0(I0,N0)",0.0,0.0,1.0,0.0,True
2019,79,75,0,0.0,0.0,ppo100k,0,"a0(I0,N0)",0.0,0.0,1.0,0.0,True
2019,80,76,0,0.0,0.0,ppo100k,0,"a0(I0,N0)",0.0,0.0,1.0,0.0,True
2019,81,77,0,0.0,0.0,ppo100k,0,"a0(I0,N0)",0.0,0.0,1.0,0.0,True
2019,82,78,0,0.0,0.0,ppo100k,0,"a0(I0,N0)",0.0,0.0,1.0,0.0,True
2019,83,79,0,0.0,0.0,ppo100k,0,"a0(I0,N0)",0.0,0.0,1.0,0.0,True
2019,84,80,0,0.0,0.0,ppo100k,0,"a0(I0,N0)",0.0,0.0,1.0,0.0,True
2019,85,81,0,0.0,0.0,ppo100k,0,"a0(I0,N0)",0.0,0.0,1.0,0.0,True
2019,86,82,0,0.0,0.0,ppo100k,0,"a0(I0,N0)",0.0,0.0,1.0,0.0,True
2019,87,83,0,0.0,0.0,ppo100k,0,"a0(I0,N0)",0.0,0.0,1.0,0.0,True
2019,88,84,0,0.0,0.0,ppo100k,0,"a0(I0,N0)",0.0,0.0,1.0,0.0,True
2019,89,85,0,0.0,0.0,ppo100k,0,"a0(I0,N0)",0.0,0.0,1.0,0.0,True
2019,90,86,0,0.0,0.0,ppo100k,0,"a0(I0,N0)",0.0,0.0,1.0,0.0,True
2019,91,87,0,0.0,0.0,ppo100k,0,"a0(I0,N0)",0.0,0.0,1.0,0.0,True
2019,92,88,0,0.0,0.0,ppo100k,0,"a0(I0,N0)",0.0,0.0,1.0,0.0,True
2019,93,89,0,0.0,0.0,ppo100k,0,"a0(I0,N0)",0.0,0.0,1.0,0.0,True
2019,94,90,0,0.0,0.0,ppo100k,0,"a0(I0,N0)",0.0,0.0,1.0,0.0,True
2019,95,91,3,30.0,0.0,ppo100k,6,"a6(I45,N0)",45.0,0.0,0.4503457,0.72008836,False
2019,96,92,0,0.0,0.0,ppo100k,0,"a0(I0,N0)",0.0,0.0,1.0,0.0,True
2019,97,93,0,0.0,0.0,ppo100k,0,"a0(I0,N0)",0.0,0.0,1.0,0.0,True
2019,98,94,0,0.0,0.0,ppo100k,0,"a0(I0,N0)",0.0,0.0,1.0,0.0,True
2019,99,95,0,0.0,0.0,ppo100k,0,"a0(I0,N0)",0.0,0.0,1.0,0.0,True
2019,100,96,0,0.0,0.0,ppo100k,0,"a0(I0,N0)",0.0,0.0,1.0,0.0,True
2019,101,97,0,0.0,0.0,ppo100k,0,"a0(I0,N0)",0.0,0.0,1.0,0.0,True
2019,102,98,0,0.0,0.0,ppo100k,0,"a0(I0,N0)",0.0,0.0,1.0,0.0,True
2019,103,99,0,0.0,0.0,ppo100k,0,"a0(I0,N0)",0.0,0.0,1.0,0.0,True
2019,104,100,0,0.0,0.0,ppo100k,0,"a0(I0,N0)",0.0,0.0,1.0,0.0,True
2019,105,101,0,0.0,0.0,ppo100k,0,"a0(I0,N0)",0.0,0.0,1.0,0.0,True
2019,106,102,0,0.0,0.0,ppo100k,0,"a0(I0,N0)",0.0,0.0,1.0,0.0,True
2019,107,103,0,0.0,0.0,ppo100k,0,"a0(I0,N0)",0.0,0.0,1.0,0.0,True
2019,108,104,0,0.0,0.0,ppo100k,0,"a0(I0,N0)",0.0,0.0,1.0,0.0,True
2019,109,105,0,0.0,0.0,ppo100k,0,"a0(I0,N0)",0.0,0.0,1.0,0.0,True
2019,110,106,0,0.0,0.0,ppo100k,0,"a0(I0,N0)",0.0,0.0,1.0,0.0,True
2019,111,107,0,0.0,0.0,ppo100k,0,"a0(I0,N0)",0.0,0.0,1.0,0.0,True
2019,112,108,0,0.0,0.0,ppo100k,0,"a0(I0,N0)",0.0,0.0,1.0,0.0,True
2019,113,109,0,0.0,0.0,ppo100k,0,"a0(I0,N0)",0.0,0.0,1.0,0.0,True
2019,114,110,0,0.0,0.0,ppo100k,0,"a0(I0,N0)",0.0,0.0,1.0,0.0,True
2019,115,111,0,0.0,0.0,ppo100k,0,"a0(I0,N0)",0.0,0.0,1.0,0.0,True
2019,116,112,0,0.0,0.0,ppo100k,0,"a0(I0,N0)",0.0,0.0,1.0,0.0,True
2019,117,113,0,0.0,0.0,ppo100k,0,"a0(I0,N0)",0.0,0.0,1.0,0.0,True
2019,118,114,0,0.0,0.0,ppo100k,0,"a0(I0,N0)",0.0,0.0,1.0,0.0,True
2019,119,115,0,0.0,0.0,ppo100k,0,"a0(I0,N0)",0.0,0.0,1.0,0.0,True
2019,120,116,0,0.0,0.0,ppo100k,0,"a0(I0,N0)",0.0,0.0,1.0,0.0,True
2019,121,117,0,0.0,0.0,ppo100k,0,"a0(I0,N0)",0.0,0.0,1.0,0.0,True
2019,122,118,0,0.0,0.0,ppo100k,0,"a0(I0,N0)",0.0,0.0,1.0,0.0,True
2019,123,119,0,0.0,0.0,ppo100k,0,"a0(I0,N0)",0.0,0.0,1.0,0.0,True
2019,124,120,0,0.0,0.0,ppo100k,0,"a0(I0,N0)",0.0,0.0,1.0,0.0,True
2019,125,121,0,0.0,0.0,ppo100k,0,"a0(I0,N0)",0.0,0.0,1.0,0.0,True
2019,126,122,0,0.0,0.0,ppo100k,0,"a0(I0,N0)",0.0,0.0,1.0,0.0,True
2019,127,123,0,0.0,0.0,ppo100k,0,"a0(I0,N0)",0.0,0.0,1.0,0.0,True
2019,128,124,0,0.0,0.0,ppo100k,0,"a0(I0,N0)",0.0,0.0,1.0,0.0,True
2019,129,125,0,0.0,0.0,ppo100k,0,"a0(I0,N0)",0.0,0.0,1.0,0.0,True
2019,130,126,0,0.0,0.0,ppo100k,0,"a0(I0,N0)",0.0,0.0,1.0,0.0,True
2019,131,127,0,0.0,0.0,ppo100k,0,"a0(I0,N0)",0.0,0.0,1.0,0.0,True
2019,132,128,0,0.0,0.0,ppo100k,0,"a0(I0,N0)",0.0,0.0,1.0,0.0,True
2019,133,129,0,0.0,0.0,ppo100k,0,"a0(I0,N0)",0.0,0.0,1.0,0.0,True
2019,134,130,0,0.0,0.0,ppo100k,0,"a0(I0,N0)",0.0,0.0,1.0,0.0,True
2019,135,131,0,0.0,0.0,ppo100k,0,"a0(I0,N0)",0.0,0.0,1.0,0.0,True
2019,136,132,0,0.0,0.0,ppo100k,0,"a0(I0,N0)",0.0,0.0,1.0,0.0,True
2019,137,133,0,0.0,0.0,ppo100k,0,"a0(I0,N0)",0.0,0.0,1.0,0.0,True
2019,138,134,0,0.0,0.0,ppo100k,0,"a0(I0,N0)",0.0,0.0,1.0,0.0,True
2019,139,135,0,0.0,0.0,ppo100k,0,"a0(I0,N0)",0.0,0.0,1.0,0.0,True
2020,0,0,0,0.0,0.0,ppo100k,7,"a7(I45,N80)",45.0,80.0,0.9362388,0.997328,False
2020,1,0,0,0.0,0.0,ppo100k,7,"a7(I45,N80)",45.0,80.0,0.8017198,0.98840356,False
2020,2,0,0,0.0,0.0,ppo100k,7,"a7(I45,N80)",45.0,80.0,0.76016104,0.9858906,False
2020,3,0,0,0.0,0.0,ppo100k,7,"a7(I45,N80)",45.0,80.0,0.81096625,0.9891646,False
2020,4,0,0,0.0,0.0,ppo100k,7,"a7(I45,N80)",45.0,80.0,0.7600436,0.9858179,False
2020,5,1,0,0.0,0.0,ppo100k,7,"a7(I45,N80)",45.0,80.0,0.76221335,0.9861869,False
2020,6,2,0,0.0,0.0,ppo100k,7,"a7(I45,N80)",45.0,80.0,0.78840333,0.9886146,False
2020,7,3,0,0.0,0.0,ppo100k,7,"a7(I45,N80)",45.0,80.0,0.76455975,0.98657215,False
2020,8,4,0,0.0,0.0,ppo100k,7,"a7(I45,N80)",45.0,80.0,0.811279,0.9899441,False
2020,9,5,0,0.0,0.0,ppo100k,7,"a7(I45,N80)",45.0,80.0,0.7826855,0.9874106,False
2020,10,6,0,0.0,0.0,ppo100k,7,"a7(I45,N80)",45.0,80.0,0.81431586,0.98995036,False
2020,11,7,0,0.0,0.0,ppo100k,7,"a7(I45,N80)",45.0,80.0,0.81301236,0.9899747,False
2020,12,8,0,0.0,0.0,ppo100k,7,"a7(I45,N80)",45.0,80.0,0.8181077,0.99017996,False
2020,13,9,0,0.0,0.0,ppo100k,7,"a7(I45,N80)",45.0,80.0,0.8450632,0.99215186,False
2020,14,10,0,0.0,0.0,ppo100k,7,"a7(I45,N80)",45.0,80.0,0.8447002,0.9921314,False
2020,15,11,0,0.0,0.0,ppo100k,7,"a7(I45,N80)",45.0,80.0,0.8454168,0.99218965,False
2020,16,12,0,0.0,0.0,ppo100k,7,"a7(I45,N80)",45.0,80.0,0.85520864,0.9929381,False
2020,17,13,0,0.0,0.0,ppo100k,7,"a7(I45,N80)",45.0,80.0,0.8591229,0.9931893,False
2020,18,14,0,0.0,0.0,ppo100k,7,"a7(I45,N80)",45.0,80.0,0.7749256,0.9868525,False
2020,19,15,0,0.0,0.0,ppo100k,7,"a7(I45,N80)",45.0,80.0,0.8170597,0.99071175,False
2020,20,16,0,0.0,0.0,ppo100k,7,"a7(I45,N80)",45.0,80.0,0.8611385,0.99351084,False
2020,21,17,0,0.0,0.0,ppo100k,7,"a7(I45,N80)",45.0,80.0,0.8671053,0.9939053,False
2020,22,18,0,0.0,0.0,ppo100k,7,"a7(I45,N80)",45.0,80.0,0.8025064,0.9889045,False
2020,23,19,0,0.0,0.0,ppo100k,7,"a7(I45,N80)",45.0,80.0,0.76417565,0.9863827,False
2020,24,20,0,0.0,0.0,ppo100k,7,"a7(I45,N80)",45.0,80.0,0.7656048,0.98655707,False
2020,25,21,0,0.0,0.0,ppo100k,7,"a7(I45,N80)",45.0,80.0,0.8563125,0.99324495,False
2020,26,22,0,0.0,0.0,ppo100k,7,"a7(I45,N80)",45.0,80.0,0.84995073,0.9929796,False
2020,27,23,0,0.0,0.0,ppo100k,7,"a7(I45,N80)",45.0,80.0,0.8375725,0.9921591,False
2020,28,24,0,0.0,0.0,ppo100k,7,"a7(I45,N80)",45.0,80.0,0.85777456,0.99347466,False
2020,29,25,0,0.0,0.0,ppo100k,7,"a7(I45,N80)",45.0,80.0,0.85292387,0.9930279,False
2020,30,26,0,0.0,0.0,ppo100k,7,"a7(I45,N80)",45.0,80.0,0.72834283,0.98412234,False
2020,31,27,0,0.0,0.0,ppo100k,7,"a7(I45,N80)",45.0,80.0,0.73682994,0.9847809,False
2020,32,28,0,0.0,0.0,ppo100k,7,"a7(I45,N80)",45.0,80.0,0.8386537,0.9923412,False
2020,33,29,0,0.0,0.0,ppo100k,7,"a7(I45,N80)",45.0,80.0,0.7278035,0.9838848,False
2020,34,30,6,45.0,0.0,ppo100k,7,"a7(I45,N80)",45.0,80.0,0.73030436,0.98384476,False
2020,35,31,0,0.0,0.0,ppo100k,2,"a2(I0,N120)",0.0,120.0,0.74634266,0.80871576,False
2020,36,32,0,0.0,0.0,ppo100k,2,"a2(I0,N120)",0.0,120.0,0.7324915,0.79880655,False
2020,37,33,0,0.0,0.0,ppo100k,2,"a2(I0,N120)",0.0,120.0,0.7435117,0.81076217,False
2020,38,34,0,0.0,0.0,ppo100k,2,"a2(I0,N120)",0.0,120.0,0.7284741,0.7991079,False
2020,39,35,0,0.0,0.0,ppo100k,2,"a2(I0,N120)",0.0,120.0,0.69277966,0.77183086,False
2020,40,36,0,0.0,0.0,ppo100k,2,"a2(I0,N120)",0.0,120.0,0.67641544,0.7614044,False
2020,41,37,0,0.0,0.0,ppo100k,7,"a7(I45,N80)",45.0,80.0,0.7947461,0.9907511,False
2020,42,38,0,0.0,0.0,ppo100k,7,"a7(I45,N80)",45.0,80.0,0.72368485,0.98665756,False
2020,43,39,0,0.0,0.0,ppo100k,7,"a7(I45,N80)",45.0,80.0,0.7748423,0.9894963,False
2020,44,40,0,0.0,0.0,ppo100k,7,"a7(I45,N80)",45.0,80.0,0.76537526,0.9887905,False
2020,45,41,0,0.0,0.0,ppo100k,7,"a7(I45,N80)",45.0,80.0,0.75159,0.98794955,False
2020,46,42,0,0.0,0.0,ppo100k,7,"a7(I45,N80)",45.0,80.0,0.6424034,0.98040414,False
2020,47,43,1,0.0,80.0,ppo100k,7,"a7(I45,N80)",45.0,80.0,0.6928665,0.98317933,False
2020,48,44,0,0.0,0.0,ppo100k,3,"a3(I30,N0)",30.0,0.0,0.6510828,0.79056907,False
2020,49,45,6,45.0,0.0,ppo100k,3,"a3(I30,N0)",30.0,0.0,0.6199837,0.77153635,False
2020,50,46,0,0.0,0.0,ppo100k,0,"a0(I0,N0)",0.0,0.0,1.0,0.0,True
2020,51,47,0,0.0,0.0,ppo100k,0,"a0(I0,N0)",0.0,0.0,1.0,0.0,True
2020,52,48,0,0.0,0.0,ppo100k,0,"a0(I0,N0)",0.0,0.0,1.0,0.0,True
2020,53,49,0,0.0,0.0,ppo100k,0,"a0(I0,N0)",0.0,0.0,1.0,0.0,True
2020,54,50,0,0.0,0.0,ppo100k,2,"a2(I0,N120)",0.0,120.0,0.6031546,0.7616378,False
2020,55,51,0,0.0,0.0,ppo100k,2,"a2(I0,N120)",0.0,120.0,0.6030995,0.761623,False
2020,56,52,0,0.0,0.0,ppo100k,7,"a7(I45,N80)",45.0,80.0,0.4872774,0.96439844,False
2020,57,53,0,0.0,0.0,ppo100k,7,"a7(I45,N80)",45.0,80.0,0.41873753,0.95439154,False
2020,58,54,0,0.0,0.0,ppo100k,5,"a5(I30,N120)",30.0,120.0,0.15275027,0.9185802,False
2020,59,55,0,0.0,0.0,ppo100k,6,"a6(I45,N0)",45.0,0.0,0.16300045,0.90987,False
2020,60,56,0,0.0,0.0,ppo100k,6,"a6(I45,N0)",45.0,0.0,0.16561407,0.9083388,False
2020,61,57,0,0.0,0.0,ppo100k,6,"a6(I45,N0)",45.0,0.0,0.165666,0.90685844,False
2020,62,58,0,0.0,0.0,ppo100k,6,"a6(I45,N0)",45.0,0.0,0.16520754,0.904484,False
2020,63,59,0,0.0,0.0,ppo100k,6,"a6(I45,N0)",45.0,0.0,0.16520649,0.9044794,False
2020,64,60,6,45.0,0.0,ppo100k,6,"a6(I45,N0)",45.0,0.0,0.1652065,0.9044795,True
2020,65,61,2,0.0,120.0,ppo100k,2,"a2(I0,N120)",0.0,120.0,0.36566296,0.73117435,True
2020,66,62,0,0.0,0.0,ppo100k,0,"a0(I0,N0)",0.0,0.0,1.0,0.0,True
2020,67,63,0,0.0,0.0,ppo100k,0,"a0(I0,N0)",0.0,0.0,1.0,0.0,True
2020,68,64,0,0.0,0.0,ppo100k,0,"a0(I0,N0)",0.0,0.0,1.0,0.0,True
2020,69,65,0,0.0,0.0,ppo100k,0,"a0(I0,N0)",0.0,0.0,1.0,0.0,True
2020,70,66,0,0.0,0.0,ppo100k,0,"a0(I0,N0)",0.0,0.0,1.0,0.0,True
2020,71,67,0,0.0,0.0,ppo100k,6,"a6(I45,N0)",45.0,0.0,0.46681407,0.73009324,False
2020,72,68,0,0.0,0.0,ppo100k,6,"a6(I45,N0)",45.0,0.0,0.46681407,0.73009324,False
2020,73,69,0,0.0,0.0,ppo100k,6,"a6(I45,N0)",45.0,0.0,0.4668139,0.7300931,False
2020,74,70,0,0.0,0.0,ppo100k,6,"a6(I45,N0)",45.0,0.0,0.4503499,0.720091,False
2020,75,71,0,0.0,0.0,ppo100k,6,"a6(I45,N0)",45.0,0.0,0.4503457,0.72008836,False
2020,76,72,0,0.0,0.0,ppo100k,6,"a6(I45,N0)",45.0,0.0,0.4503457,0.72008836,False
2020,77,73,0,0.0,0.0,ppo100k,6,"a6(I45,N0)",45.0,0.0,0.4503457,0.72008836,False
2020,78,74,0,0.0,0.0,ppo100k,6,"a6(I45,N0)",45.0,0.0,0.4503457,0.72008836,False
2020,79,75,3,30.0,0.0,ppo100k,6,"a6(I45,N0)",45.0,0.0,0.4503457,0.72008836,False
2020,80,76,0,0.0,0.0,ppo100k,0,"a0(I0,N0)",0.0,0.0,1.0,0.0,True
2020,81,77,0,0.0,0.0,ppo100k,0,"a0(I0,N0)",0.0,0.0,1.0,0.0,True
2020,82,78,0,0.0,0.0,ppo100k,0,"a0(I0,N0)",0.0,0.0,1.0,0.0,True
2020,83,79,0,0.0,0.0,ppo100k,0,"a0(I0,N0)",0.0,0.0,1.0,0.0,True
2020,84,80,0,0.0,0.0,ppo100k,0,"a0(I0,N0)",0.0,0.0,1.0,0.0,True
2020,85,81,0,0.0,0.0,ppo100k,0,"a0(I0,N0)",0.0,0.0,1.0,0.0,True
2020,86,82,0,0.0,0.0,ppo100k,0,"a0(I0,N0)",0.0,0.0,0.50925034,0.49074963,True
2020,87,83,0,0.0,0.0,ppo100k,0,"a0(I0,N0)",0.0,0.0,0.50925034,0.49074963,True
2020,88,84,0,0.0,0.0,ppo100k,0,"a0(I0,N0)",0.0,0.0,0.50925034,0.49074963,True
2020,89,85,0,0.0,0.0,ppo100k,0,"a0(I0,N0)",0.0,0.0,0.50925034,0.49074963,True
2020,90,86,0,0.0,0.0,ppo100k,0,"a0(I0,N0)",0.0,0.0,0.50925034,0.49074963,True
2020,91,87,0,0.0,0.0,ppo100k,0,"a0(I0,N0)",0.0,0.0,0.50925034,0.49074963,True
2020,92,88,0,0.0,0.0,ppo100k,0,"a0(I0,N0)",0.0,0.0,0.50925034,0.49074963,True
2020,93,89,0,0.0,0.0,ppo100k,0,"a0(I0,N0)",0.0,0.0,0.50925034,0.49074963,True
2020,94,90,0,0.0,0.0,ppo100k,0,"a0(I0,N0)",0.0,0.0,0.50925034,0.49074963,True
2020,95,91,0,0.0,0.0,ppo100k,6,"a6(I45,N0)",45.0,0.0,0.4503457,0.72008836,False
2020,96,92,0,0.0,0.0,ppo100k,6,"a6(I45,N0)",45.0,0.0,0.4503457,0.72008836,False
2020,97,93,0,0.0,0.0,ppo100k,6,"a6(I45,N0)",45.0,0.0,0.4503457,0.72008836,False
2020,98,94,0,0.0,0.0,ppo100k,6,"a6(I45,N0)",45.0,0.0,0.4503457,0.72008836,False
2020,99,95,6,45.0,0.0,ppo100k,6,"a6(I45,N0)",45.0,0.0,0.4503457,0.72008836,True
2020,100,96,0,0.0,0.0,ppo100k,0,"a0(I0,N0)",0.0,0.0,1.0,0.0,True
2020,101,97,0,0.0,0.0,ppo100k,0,"a0(I0,N0)",0.0,0.0,1.0,0.0,True
2020,102,98,0,0.0,0.0,ppo100k,0,"a0(I0,N0)",0.0,0.0,1.0,0.0,True
2020,103,99,0,0.0,0.0,ppo100k,0,"a0(I0,N0)",0.0,0.0,1.0,0.0,True
2020,104,100,0,0.0,0.0,ppo100k,0,"a0(I0,N0)",0.0,0.0,1.0,0.0,True
2020,105,101,0,0.0,0.0,ppo100k,0,"a0(I0,N0)",0.0,0.0,1.0,0.0,True
2020,106,102,0,0.0,0.0,ppo100k,3,"a3(I30,N0)",30.0,0.0,0.5263999,0.5263999,False
2020,107,103,0,0.0,0.0,ppo100k,3,"a3(I30,N0)",30.0,0.0,0.52807134,0.52807134,False
2020,108,104,0,0.0,0.0,ppo100k,3,"a3(I30,N0)",30.0,0.0,0.5408274,0.5408274,False
2020,109,105,0,0.0,0.0,ppo100k,3,"a3(I30,N0)",30.0,0.0,0.5408274,0.5408274,False
2020,110,106,0,0.0,0.0,ppo100k,3,"a3(I30,N0)",30.0,0.0,0.5408274,0.5408274,False
2020,111,107,0,0.0,0.0,ppo100k,3,"a3(I30,N0)",30.0,0.0,0.5526286,0.5526286,False
2020,112,108,0,0.0,0.0,ppo100k,3,"a3(I30,N0)",30.0,0.0,0.5526286,0.5526286,False
2020,113,109,0,0.0,0.0,ppo100k,3,"a3(I30,N0)",30.0,0.0,0.5526286,0.5526286,False
2020,114,110,3,30.0,0.0,ppo100k,3,"a3(I30,N0)",30.0,0.0,0.5526286,0.5526286,True
2020,115,111,0,0.0,0.0,ppo100k,0,"a0(I0,N0)",0.0,0.0,1.0,0.0,True
2020,116,112,0,0.0,0.0,ppo100k,0,"a0(I0,N0)",0.0,0.0,1.0,0.0,True
2020,117,113,0,0.0,0.0,ppo100k,0,"a0(I0,N0)",0.0,0.0,1.0,0.0,True
2020,118,114,0,0.0,0.0,ppo100k,0,"a0(I0,N0)",0.0,0.0,1.0,0.0,True
2020,119,115,0,0.0,0.0,ppo100k,0,"a0(I0,N0)",0.0,0.0,1.0,0.0,True
2020,120,116,0,0.0,0.0,ppo100k,0,"a0(I0,N0)",0.0,0.0,1.0,0.0,True
2020,121,117,0,0.0,0.0,ppo100k,0,"a0(I0,N0)",0.0,0.0,1.0,0.0,True
2020,122,118,0,0.0,0.0,ppo100k,0,"a0(I0,N0)",0.0,0.0,1.0,0.0,True
2020,123,119,0,0.0,0.0,ppo100k,0,"a0(I0,N0)",0.0,0.0,1.0,0.0,True
2020,124,120,0,0.0,0.0,ppo100k,0,"a0(I0,N0)",0.0,0.0,1.0,0.0,True
2020,125,121,0,0.0,0.0,ppo100k,0,"a0(I0,N0)",0.0,0.0,1.0,0.0,True
2020,126,122,0,0.0,0.0,ppo100k,0,"a0(I0,N0)",0.0,0.0,1.0,0.0,True
2020,127,123,0,0.0,0.0,ppo100k,0,"a0(I0,N0)",0.0,0.0,1.0,0.0,True
2020,128,124,0,0.0,0.0,ppo100k,0,"a0(I0,N0)",0.0,0.0,1.0,0.0,True
2020,129,125,0,0.0,0.0,ppo100k,0,"a0(I0,N0)",0.0,0.0,1.0,0.0,True
2020,130,126,0,0.0,0.0,ppo100k,0,"a0(I0,N0)",0.0,0.0,1.0,0.0,True
2020,131,127,0,0.0,0.0,ppo100k,0,"a0(I0,N0)",0.0,0.0,1.0,0.0,True
2020,132,128,0,0.0,0.0,ppo100k,0,"a0(I0,N0)",0.0,0.0,1.0,0.0,True
2020,133,129,0,0.0,0.0,ppo100k,0,"a0(I0,N0)",0.0,0.0,1.0,0.0,True
2020,134,130,0,0.0,0.0,ppo100k,0,"a0(I0,N0)",0.0,0.0,1.0,0.0,True
2020,135,131,0,0.0,0.0,ppo100k,0,"a0(I0,N0)",0.0,0.0,1.0,0.0,True
2020,136,132,0,0.0,0.0,ppo100k,0,"a0(I0,N0)",0.0,0.0,1.0,0.0,True
2020,137,133,0,0.0,0.0,ppo100k,0,"a0(I0,N0)",0.0,0.0,1.0,0.0,True
2021,0,0,0,0.0,0.0,ppo100k,7,"a7(I45,N80)",45.0,80.0,0.936621,0.99733704,False
2021,1,0,0,0.0,0.0,ppo100k,7,"a7(I45,N80)",45.0,80.0,0.7594323,0.98601323,False
2021,2,0,0,0.0,0.0,ppo100k,7,"a7(I45,N80)",45.0,80.0,0.8254139,0.9906462,False
2021,3,0,0,0.0,0.0,ppo100k,7,"a7(I45,N80)",45.0,80.0,0.81798357,0.9895549,False
2021,4,0,0,0.0,0.0,ppo100k,7,"a7(I45,N80)",45.0,80.0,0.8201348,0.9896786,False
2021,5,1,1,0.0,80.0,ppo100k,7,"a7(I45,N80)",45.0,80.0,0.84527284,0.992165,False
2021,6,2,0,0.0,0.0,ppo100k,3,"a3(I30,N0)",30.0,0.0,0.5742884,0.7166895,False
2021,7,3,0,0.0,0.0,ppo100k,3,"a3(I30,N0)",30.0,0.0,0.57236844,0.7158416,False
2021,8,4,0,0.0,0.0,ppo100k,3,"a3(I30,N0)",30.0,0.0,0.5782539,0.71966743,False
2021,9,5,0,0.0,0.0,ppo100k,3,"a3(I30,N0)",30.0,0.0,0.5828313,0.7237113,False
2021,10,6,0,0.0,0.0,ppo100k,3,"a3(I30,N0)",30.0,0.0,0.5824357,0.72348666,False
2021,11,7,0,0.0,0.0,ppo100k,3,"a3(I30,N0)",30.0,0.0,0.57275665,0.71581334,False
2021,12,8,0,0.0,0.0,ppo100k,7,"a7(I45,N80)",45.0,80.0,0.9147811,0.99655175,False
2021,13,9,0,0.0,0.0,ppo100k,7,"a7(I45,N80)",45.0,80.0,0.9153654,0.99647087,False
2021,14,10,0,0.0,0.0,ppo100k,7,"a7(I45,N80)",45.0,80.0,0.9155873,0.996564,False
2021,15,11,0,0.0,0.0,ppo100k,7,"a7(I45,N80)",45.0,80.0,0.9156743,0.9965099,False
2021,16,12,0,0.0,0.0,ppo100k,7,"a7(I45,N80)",45.0,80.0,0.91447353,0.9965458,False
2021,17,13,0,0.0,0.0,ppo100k,7,"a7(I45,N80)",45.0,80.0,0.91431105,0.9965373,False
2021,18,14,0,0.0,0.0,ppo100k,7,"a7(I45,N80)",45.0,80.0,0.91567767,0.99650645,False
2021,19,15,0,0.0,0.0,ppo100k,7,"a7(I45,N80)",45.0,80.0,0.89992464,0.99593383,False
2021,20,16,0,0.0,0.0,ppo100k,7,"a7(I45,N80)",45.0,80.0,0.8984271,0.99583066,False
2021,21,17,0,0.0,0.0,ppo100k,7,"a7(I45,N80)",45.0,80.0,0.8834426,0.99489945,False
2021,22,18,0,0.0,0.0,ppo100k,7,"a7(I45,N80)",45.0,80.0,0.88424015,0.99498296,False
2021,23,19,0,0.0,0.0,ppo100k,7,"a7(I45,N80)",45.0,80.0,0.9071895,0.9962979,False
2021,24,20,0,0.0,0.0,ppo100k,7,"a7(I45,N80)",45.0,80.0,0.90399456,0.99601907,False
2021,25,21,0,0.0,0.0,ppo100k,7,"a7(I45,N80)",45.0,80.0,0.9117745,0.99640906,False
2021,26,22,0,0.0,0.0,ppo100k,7,"a7(I45,N80)",45.0,80.0,0.8938798,0.9955662,False
2021,27,23,0,0.0,0.0,ppo100k,7,"a7(I45,N80)",45.0,80.0,0.8901235,0.995294,False
2021,28,24,0,0.0,0.0,ppo100k,7,"a7(I45,N80)",45.0,80.0,0.91002214,0.99625546,False
2021,29,25,0,0.0,0.0,ppo100k,7,"a7(I45,N80)",45.0,80.0,0.89189,0.995312,False
2021,30,26,0,0.0,0.0,ppo100k,7,"a7(I45,N80)",45.0,80.0,0.89663047,0.99563164,False
2021,31,27,0,0.0,0.0,ppo100k,7,"a7(I45,N80)",45.0,80.0,0.913048,0.99642867,False
2021,32,28,0,0.0,0.0,ppo100k,7,"a7(I45,N80)",45.0,80.0,0.91192675,0.9964462,False
2021,33,29,0,0.0,0.0,ppo100k,7,"a7(I45,N80)",45.0,80.0,0.8980203,0.9959468,False
2021,34,30,0,0.0,0.0,ppo100k,7,"a7(I45,N80)",45.0,80.0,0.89750373,0.9959037,False
2021,35,31,0,0.0,0.0,ppo100k,7,"a7(I45,N80)",45.0,80.0,0.89754504,0.9959233,False
2021,36,32,0,0.0,0.0,ppo100k,7,"a7(I45,N80)",45.0,80.0,0.8972576,0.9959116,False
2021,37,33,0,0.0,0.0,ppo100k,7,"a7(I45,N80)",45.0,80.0,0.8475359,0.9926913,False
2021,38,34,0,0.0,0.0,ppo100k,7,"a7(I45,N80)",45.0,80.0,0.887572,0.99523723,False
2021,39,35,0,0.0,0.0,ppo100k,7,"a7(I45,N80)",45.0,80.0,0.85712606,0.9937027,False
2021,40,36,0,0.0,0.0,ppo100k,7,"a7(I45,N80)",45.0,80.0,0.7887406,0.9892473,False
2021,41,37,0,0.0,0.0,ppo100k,7,"a7(I45,N80)",45.0,80.0,0.82905346,0.99179506,False
2021,42,38,0,0.0,0.0,ppo100k,7,"a7(I45,N80)",45.0,80.0,0.79460436,0.98953146,False
2021,43,39,0,0.0,0.0,ppo100k,7,"a7(I45,N80)",45.0,80.0,0.8290808,0.99178964,False
2021,44,40,0,0.0,0.0,ppo100k,7,"a7(I45,N80)",45.0,80.0,0.7499853,0.986539,False
2021,45,41,0,0.0,0.0,ppo100k,7,"a7(I45,N80)",45.0,80.0,0.7416164,0.98548716,False
2021,46,42,0,0.0,0.0,ppo100k,7,"a7(I45,N80)",45.0,80.0,0.6380981,0.9733752,False
2021,47,43,1,0.0,80.0,ppo100k,7,"a7(I45,N80)",45.0,80.0,0.5203326,0.95743805,False
2021,48,44,0,0.0,0.0,ppo100k,3,"a3(I30,N0)",30.0,0.0,0.62600505,0.7883979,False
2021,49,45,3,30.0,0.0,ppo100k,3,"a3(I30,N0)",30.0,0.0,0.5925285,0.7813515,True
2021,50,46,0,0.0,0.0,ppo100k,0,"a0(I0,N0)",0.0,0.0,1.0,0.0,True
2021,51,47,0,0.0,0.0,ppo100k,0,"a0(I0,N0)",0.0,0.0,1.0,0.0,True
2021,52,48,0,0.0,0.0,ppo100k,0,"a0(I0,N0)",0.0,0.0,1.0,0.0,True
2021,53,49,0,0.0,0.0,ppo100k,0,"a0(I0,N0)",0.0,0.0,1.0,0.0,True
2021,54,50,0,0.0,0.0,ppo100k,1,"a1(I0,N80)",0.0,80.0,0.50813377,0.50813377,False
2021,55,51,0,0.0,0.0,ppo100k,1,"a1(I0,N80)",0.0,80.0,0.5218569,0.5218569,False
2021,56,52,0,0.0,0.0,ppo100k,7,"a7(I45,N80)",45.0,80.0,0.341044,0.88402826,False
2021,57,53,0,0.0,0.0,ppo100k,7,"a7(I45,N80)",45.0,80.0,0.32540968,0.88725924,False
2021,58,54,0,0.0,0.0,ppo100k,7,"a7(I45,N80)",45.0,80.0,0.19266525,0.8703941,False
2021,59,55,0,0.0,0.0,ppo100k,6,"a6(I45,N0)",45.0,0.0,0.19711342,0.86463404,False
2021,60,56,0,0.0,0.0,ppo100k,6,"a6(I45,N0)",45.0,0.0,0.20104843,0.86259896,False
2021,61,57,0,0.0,0.0,ppo100k,6,"a6(I45,N0)",45.0,0.0,0.22640833,0.85660976,False
2021,62,58,0,0.0,0.0,ppo100k,6,"a6(I45,N0)",45.0,0.0,0.2266045,0.85675675,False
2021,63,59,0,0.0,0.0,ppo100k,6,"a6(I45,N0)",45.0,0.0,0.23558399,0.8523354,False
2021,64,60,0,0.0,0.0,ppo100k,6,"a6(I45,N0)",45.0,0.0,0.23558408,0.85233545,False
2021,65,61,1,0.0,80.0,ppo100k,6,"a6(I45,N0)",45.0,0.0,0.23558767,0.8523376,False
2021,66,62,0,0.0,0.0,ppo100k,6,"a6(I45,N0)",45.0,0.0,0.45500007,0.7163313,False
2021,67,63,0,0.0,0.0,ppo100k,6,"a6(I45,N0)",45.0,0.0,0.45493433,0.7149583,False
2021,68,64,0,0.0,0.0,ppo100k,6,"a6(I45,N0)",45.0,0.0,0.45493767,0.7149955,False
2021,69,65,0,0.0,0.0,ppo100k,6,"a6(I45,N0)",45.0,0.0,0.45492673,0.71487623,False
2021,70,66,0,0.0,0.0,ppo100k,6,"a6(I45,N0)",45.0,0.0,0.4549249,0.71485674,False
2021,71,67,0,0.0,0.0,ppo100k,6,"a6(I45,N0)",45.0,0.0,0.45492458,0.7148528,False
2021,72,68,0,0.0,0.0,ppo100k,6,"a6(I45,N0)",45.0,0.0,0.45492655,0.7148547,False
2021,73,69,0,0.0,0.0,ppo100k,6,"a6(I45,N0)",45.0,0.0,0.45702666,0.7171056,False
2021,74,70,0,0.0,0.0,ppo100k,6,"a6(I45,N0)",45.0,0.0,0.46679363,0.730081,False
2021,75,71,0,0.0,0.0,ppo100k,6,"a6(I45,N0)",45.0,0.0,0.45034918,0.7200905,False
2021,76,72,0,0.0,0.0,ppo100k,6,"a6(I45,N0)",45.0,0.0,0.4503457,0.72008836,False
2021,77,73,0,0.0,0.0,ppo100k,6,"a6(I45,N0)",45.0,0.0,0.4503457,0.72008836,False
2021,78,74,0,0.0,0.0,ppo100k,6,"a6(I45,N0)",45.0,0.0,0.4503457,0.72008836,False
2021,79,75,6,45.0,0.0,ppo100k,6,"a6(I45,N0)",45.0,0.0,0.4503457,0.72008836,True
2021,80,76,0,0.0,0.0,ppo100k,0,"a0(I0,N0)",0.0,0.0,1.0,0.0,True
2021,81,77,0,0.0,0.0,ppo100k,0,"a0(I0,N0)",0.0,0.0,1.0,0.0,True
2021,82,78,0,0.0,0.0,ppo100k,0,"a0(I0,N0)",0.0,0.0,1.0,0.0,True
2021,83,79,0,0.0,0.0,ppo100k,0,"a0(I0,N0)",0.0,0.0,1.0,0.0,True
2021,84,80,0,0.0,0.0,ppo100k,0,"a0(I0,N0)",0.0,0.0,1.0,0.0,True
2021,85,81,0,0.0,0.0,ppo100k,0,"a0(I0,N0)",0.0,0.0,1.0,0.0,True
2021,86,82,0,0.0,0.0,ppo100k,6,"a6(I45,N0)",45.0,0.0,0.4503457,0.72008836,False
2021,87,83,0,0.0,0.0,ppo100k,6,"a6(I45,N0)",45.0,0.0,0.4503457,0.72008836,False
2021,88,84,0,0.0,0.0,ppo100k,6,"a6(I45,N0)",45.0,0.0,0.4503457,0.72008836,False
2021,89,85,0,0.0,0.0,ppo100k,6,"a6(I45,N0)",45.0,0.0,0.4503457,0.72008836,False
2021,90,86,0,0.0,0.0,ppo100k,6,"a6(I45,N0)",45.0,0.0,0.4503457,0.72008836,False
2021,91,87,0,0.0,0.0,ppo100k,6,"a6(I45,N0)",45.0,0.0,0.4503457,0.72008836,False
2021,92,88,0,0.0,0.0,ppo100k,6,"a6(I45,N0)",45.0,0.0,0.4503457,0.72008836,False
2021,93,89,0,0.0,0.0,ppo100k,6,"a6(I45,N0)",45.0,0.0,0.4503457,0.72008836,False
2021,94,90,0,0.0,0.0,ppo100k,6,"a6(I45,N0)",45.0,0.0,0.4503457,0.72008836,False
2021,95,91,0,0.0,0.0,ppo100k,6,"a6(I45,N0)",45.0,0.0,0.4503457,0.72008836,False
2021,96,92,0,0.0,0.0,ppo100k,6,"a6(I45,N0)",45.0,0.0,0.4503457,0.72008836,False
2021,97,93,0,0.0,0.0,ppo100k,6,"a6(I45,N0)",45.0,0.0,0.4503457,0.72008836,False
2021,98,94,0,0.0,0.0,ppo100k,6,"a6(I45,N0)",45.0,0.0,0.4503457,0.72008836,False
2021,99,95,6,45.0,0.0,ppo100k,6,"a6(I45,N0)",45.0,0.0,0.43637428,0.73306096,True
2021,100,96,0,0.0,0.0,ppo100k,0,"a0(I0,N0)",0.0,0.0,1.0,0.0,True
2021,101,97,0,0.0,0.0,ppo100k,0,"a0(I0,N0)",0.0,0.0,1.0,0.0,True
2021,102,98,0,0.0,0.0,ppo100k,0,"a0(I0,N0)",0.0,0.0,1.0,0.0,True
2021,103,99,0,0.0,0.0,ppo100k,0,"a0(I0,N0)",0.0,0.0,1.0,0.0,True
2021,104,100,0,0.0,0.0,ppo100k,0,"a0(I0,N0)",0.0,0.0,1.0,0.0,True
2021,105,101,0,0.0,0.0,ppo100k,0,"a0(I0,N0)",0.0,0.0,1.0,0.0,True
2021,106,102,0,0.0,0.0,ppo100k,6,"a6(I45,N0)",45.0,0.0,0.44450855,0.7449336,False
2021,107,103,0,0.0,0.0,ppo100k,6,"a6(I45,N0)",45.0,0.0,0.4447814,0.75161064,False
2021,108,104,0,0.0,0.0,ppo100k,6,"a6(I45,N0)",45.0,0.0,0.44478115,0.751611,False
2021,109,105,0,0.0,0.0,ppo100k,6,"a6(I45,N0)",45.0,0.0,0.44478115,0.751611,False
2021,110,106,0,0.0,0.0,ppo100k,6,"a6(I45,N0)",45.0,0.0,0.44478115,0.751611,False
2021,111,107,0,0.0,0.0,ppo100k,6,"a6(I45,N0)",45.0,0.0,0.44478115,0.751611,False
2021,112,108,0,0.0,0.0,ppo100k,6,"a6(I45,N0)",45.0,0.0,0.4378325,0.7482884,False
2021,113,109,0,0.0,0.0,ppo100k,6,"a6(I45,N0)",45.0,0.0,0.4378325,0.7482884,False
2021,114,110,0,0.0,0.0,ppo100k,6,"a6(I45,N0)",45.0,0.0,0.4378325,0.7482884,False
2021,115,111,0,0.0,0.0,ppo100k,6,"a6(I45,N0)",45.0,0.0,0.4378325,0.7482884,False
2021,116,112,0,0.0,0.0,ppo100k,6,"a6(I45,N0)",45.0,0.0,0.4378325,0.7482884,False
2021,117,113,0,0.0,0.0,ppo100k,6,"a6(I45,N0)",45.0,0.0,0.4378325,0.7482884,False
2021,118,114,0,0.0,0.0,ppo100k,6,"a6(I45,N0)",45.0,0.0,0.4378325,0.7482884,False
2021,119,115,3,30.0,0.0,ppo100k,6,"a6(I45,N0)",45.0,0.0,0.4378325,0.7482884,False
2021,120,116,0,0.0,0.0,ppo100k,0,"a0(I0,N0)",0.0,0.0,1.0,0.0,True
2021,121,117,0,0.0,0.0,ppo100k,0,"a0(I0,N0)",0.0,0.0,1.0,0.0,True
2021,122,118,0,0.0,0.0,ppo100k,0,"a0(I0,N0)",0.0,0.0,1.0,0.0,True
2021,123,119,0,0.0,0.0,ppo100k,0,"a0(I0,N0)",0.0,0.0,1.0,0.0,True
2021,124,120,0,0.0,0.0,ppo100k,0,"a0(I0,N0)",0.0,0.0,1.0,0.0,True
2021,125,121,0,0.0,0.0,ppo100k,0,"a0(I0,N0)",0.0,0.0,1.0,0.0,True
2021,126,122,0,0.0,0.0,ppo100k,0,"a0(I0,N0)",0.0,0.0,1.0,0.0,True
2021,127,123,0,0.0,0.0,ppo100k,0,"a0(I0,N0)",0.0,0.0,1.0,0.0,True
2021,128,124,0,0.0,0.0,ppo100k,0,"a0(I0,N0)",0.0,0.0,1.0,0.0,True
2021,129,125,0,0.0,0.0,ppo100k,0,"a0(I0,N0)",0.0,0.0,1.0,0.0,True
2021,130,126,0,0.0,0.0,ppo100k,0,"a0(I0,N0)",0.0,0.0,1.0,0.0,True
2021,131,127,0,0.0,0.0,ppo100k,0,"a0(I0,N0)",0.0,0.0,1.0,0.0,True
2021,132,128,0,0.0,0.0,ppo100k,0,"a0(I0,N0)",0.0,0.0,1.0,0.0,True
2021,133,129,0,0.0,0.0,ppo100k,0,"a0(I0,N0)",0.0,0.0,1.0,0.0,True
2021,134,130,0,0.0,0.0,ppo100k,0,"a0(I0,N0)",0.0,0.0,1.0,0.0,True
2021,135,131,0,0.0,0.0,ppo100k,0,"a0(I0,N0)",0.0,0.0,1.0,0.0,True
2021,136,132,0,0.0,0.0,ppo100k,0,"a0(I0,N0)",0.0,0.0,1.0,0.0,True
2021,137,133,0,0.0,0.0,ppo100k,0,"a0(I0,N0)",0.0,0.0,1.0,0.0,True
2022,0,0,0,0.0,0.0,ppo100k,7,"a7(I45,N80)",45.0,80.0,0.93641305,0.9973295,False
2022,1,0,0,0.0,0.0,ppo100k,7,"a7(I45,N80)",45.0,80.0,0.8224262,0.9902008,False
2022,2,0,0,0.0,0.0,ppo100k,7,"a7(I45,N80)",45.0,80.0,0.8220515,0.99042135,False
2022,3,0,0,0.0,0.0,ppo100k,7,"a7(I45,N80)",45.0,80.0,0.82470995,0.99019784,False
2022,4,0,0,0.0,0.0,ppo100k,7,"a7(I45,N80)",45.0,80.0,0.82104534,0.98977315,False
2022,5,1,8,45.0,120.0,ppo100k,7,"a7(I45,N80)",45.0,80.0,0.8420259,0.9918798,False
2022,6,2,0,0.0,0.0,ppo100k,0,"a0(I0,N0)",0.0,0.0,1.0,0.0,True
2022,7,3,0,0.0,0.0,ppo100k,0,"a0(I0,N0)",0.0,0.0,1.0,0.0,True
2022,8,4,0,0.0,0.0,ppo100k,0,"a0(I0,N0)",0.0,0.0,1.0,0.0,True
2022,9,5,0,0.0,0.0,ppo100k,0,"a0(I0,N0)",0.0,0.0,1.0,0.0,True
2022,10,6,0,0.0,0.0,ppo100k,0,"a0(I0,N0)",0.0,0.0,1.0,0.0,True
2022,11,7,0,0.0,0.0,ppo100k,0,"a0(I0,N0)",0.0,0.0,1.0,0.0,True
2022,12,8,0,0.0,0.0,ppo100k,5,"a5(I30,N120)",30.0,120.0,0.79173255,0.9545847,False
2022,13,9,0,0.0,0.0,ppo100k,5,"a5(I30,N120)",30.0,120.0,0.7975543,0.95350313,False
2022,14,10,0,0.0,0.0,ppo100k,5,"a5(I30,N120)",30.0,120.0,0.7959401,0.95319104,False
2022,15,11,0,0.0,0.0,ppo100k,5,"a5(I30,N120)",30.0,120.0,0.7968838,0.9533036,False
2022,16,12,0,0.0,0.0,ppo100k,5,"a5(I30,N120)",30.0,120.0,0.79905826,0.9539144,False
2022,17,13,0,0.0,0.0,ppo100k,5,"a5(I30,N120)",30.0,120.0,0.75262547,0.9553694,False
2022,18,14,0,0.0,0.0,ppo100k,5,"a5(I30,N120)",30.0,120.0,0.7470483,0.95489967,False
2022,19,15,0,0.0,0.0,ppo100k,5,"a5(I30,N120)",30.0,120.0,0.73841876,0.9542744,False
2022,20,16,0,0.0,0.0,ppo100k,5,"a5(I30,N120)",30.0,120.0,0.69496775,0.9481046,False
2022,21,17,0,0.0,0.0,ppo100k,5,"a5(I30,N120)",30.0,120.0,0.76061046,0.9570453,False
2022,22,18,0,0.0,0.0,ppo100k,5,"a5(I30,N120)",30.0,120.0,0.71579087,0.9511451,False
2022,23,19,0,0.0,0.0,ppo100k,5,"a5(I30,N120)",30.0,120.0,0.7522584,0.95648026,False
2022,24,20,0,0.0,0.0,ppo100k,5,"a5(I30,N120)",30.0,120.0,0.7170343,0.9512129,False
2022,25,21,0,0.0,0.0,ppo100k,5,"a5(I30,N120)",30.0,120.0,0.6904317,0.94772774,False
2022,26,22,0,0.0,0.0,ppo100k,5,"a5(I30,N120)",30.0,120.0,0.6903657,0.947845,False
2022,27,23,0,0.0,0.0,ppo100k,5,"a5(I30,N120)",30.0,120.0,0.73179275,0.95450014,False
2022,28,24,0,0.0,0.0,ppo100k,5,"a5(I30,N120)",30.0,120.0,0.7068454,0.9500133,False
2022,29,25,0,0.0,0.0,ppo100k,5,"a5(I30,N120)",30.0,120.0,0.7358564,0.95472217,False
2022,30,26,0,0.0,0.0,ppo100k,5,"a5(I30,N120)",30.0,120.0,0.7345903,0.9555268,False
2022,31,27,0,0.0,0.0,ppo100k,5,"a5(I30,N120)",30.0,120.0,0.7192301,0.95460796,False
2022,32,28,0,0.0,0.0,ppo100k,5,"a5(I30,N120)",30.0,120.0,0.7093588,0.95459867,False
2022,33,29,0,0.0,0.0,ppo100k,5,"a5(I30,N120)",30.0,120.0,0.6899633,0.9534575,False
2022,34,30,0,0.0,0.0,ppo100k,5,"a5(I30,N120)",30.0,120.0,0.69461983,0.95377636,False
2022,35,31,6,45.0,0.0,ppo100k,7,"a7(I45,N80)",45.0,80.0,0.8341887,0.99267024,False
2022,36,32,0,0.0,0.0,ppo100k,2,"a2(I0,N120)",0.0,120.0,0.59939367,0.71591556,False
2022,37,33,0,0.0,0.0,ppo100k,2,"a2(I0,N120)",0.0,120.0,0.589913,0.7109362,False
2022,38,34,0,0.0,0.0,ppo100k,2,"a2(I0,N120)",0.0,120.0,0.58123976,0.7034135,False
2022,39,35,0,0.0,0.0,ppo100k,2,"a2(I0,N120)",0.0,120.0,0.5793945,0.7018849,False
2022,40,36,0,0.0,0.0,ppo100k,2,"a2(I0,N120)",0.0,120.0,0.5794365,0.7019875,False
2022,41,37,0,0.0,0.0,ppo100k,2,"a2(I0,N120)",0.0,120.0,0.5803147,0.70257384,False
2022,42,38,0,0.0,0.0,ppo100k,7,"a7(I45,N80)",45.0,80.0,0.7985809,0.99063414,False
2022,43,39,0,0.0,0.0,ppo100k,7,"a7(I45,N80)",45.0,80.0,0.7937331,0.99017394,False
2022,44,40,0,0.0,0.0,ppo100k,7,"a7(I45,N80)",45.0,80.0,0.79388255,0.99020207,False
2022,45,41,0,0.0,0.0,ppo100k,7,"a7(I45,N80)",45.0,80.0,0.7857078,0.98925936,False
2022,46,42,0,0.0,0.0,ppo100k,7,"a7(I45,N80)",45.0,80.0,0.7759891,0.9886328,False
2022,47,43,2,0.0,120.0,ppo100k,7,"a7(I45,N80)",45.0,80.0,0.6773346,0.9822521,False
2022,48,44,0,0.0,0.0,ppo100k,3,"a3(I30,N0)",30.0,0.0,0.6693256,0.818486,False
2022,49,45,0,0.0,0.0,ppo100k,3,"a3(I30,N0)",30.0,0.0,0.6385414,0.80112624,False
2022,50,46,0,0.0,0.0,ppo100k,3,"a3(I30,N0)",30.0,0.0,0.6268508,0.794608,False
2022,51,47,0,0.0,0.0,ppo100k,3,"a3(I30,N0)",30.0,0.0,0.6007129,0.78071386,False
2022,52,48,0,0.0,0.0,ppo100k,3,"a3(I30,N0)",30.0,0.0,0.58999443,0.7778778,False
2022,53,49,0,0.0,0.0,ppo100k,3,"a3(I30,N0)",30.0,0.0,0.5386977,0.7622362,False
2022,54,50,0,0.0,0.0,ppo100k,3,"a3(I30,N0)",30.0,0.0,0.48567677,0.746454,False
2022,55,51,0,0.0,0.0,ppo100k,3,"a3(I30,N0)",30.0,0.0,0.4900982,0.76386803,False
2022,56,52,0,0.0,0.0,ppo100k,3,"a3(I30,N0)",30.0,0.0,0.49152243,0.76438606,False
2022,57,53,0,0.0,0.0,ppo100k,3,"a3(I30,N0)",30.0,0.0,0.49414176,0.7653043,False
2022,58,54,0,0.0,0.0,ppo100k,3,"a3(I30,N0)",30.0,0.0,0.5036497,0.7683127,False
2022,59,55,0,0.0,0.0,ppo100k,3,"a3(I30,N0)",30.0,0.0,0.47201025,0.7479112,False
2022,60,56,0,0.0,0.0,ppo100k,3,"a3(I30,N0)",30.0,0.0,0.39377138,0.7358151,False
2022,61,57,0,0.0,0.0,ppo100k,6,"a6(I45,N0)",45.0,0.0,0.39964083,0.7304759,False
2022,62,58,0,0.0,0.0,ppo100k,6,"a6(I45,N0)",45.0,0.0,0.42138666,0.72154975,False
2022,63,59,0,0.0,0.0,ppo100k,6,"a6(I45,N0)",45.0,0.0,0.43009564,0.7157217,False
2022,64,60,0,0.0,0.0,ppo100k,6,"a6(I45,N0)",45.0,0.0,0.4504722,0.7149837,False
2022,65,61,6,45.0,0.0,ppo100k,6,"a6(I45,N0)",45.0,0.0,0.45601586,0.71601206,True
2022,66,62,0,0.0,0.0,ppo100k,0,"a0(I0,N0)",0.0,0.0,1.0,0.0,True
2022,67,63,0,0.0,0.0,ppo100k,0,"a0(I0,N0)",0.0,0.0,1.0,0.0,True
2022,68,64,0,0.0,0.0,ppo100k,0,"a0(I0,N0)",0.0,0.0,1.0,0.0,True
2022,69,65,0,0.0,0.0,ppo100k,0,"a0(I0,N0)",0.0,0.0,1.0,0.0,True
2022,70,66,0,0.0,0.0,ppo100k,0,"a0(I0,N0)",0.0,0.0,1.0,0.0,True
2022,71,67,0,0.0,0.0,ppo100k,0,"a0(I0,N0)",0.0,0.0,1.0,0.0,True
2022,72,68,0,0.0,0.0,ppo100k,6,"a6(I45,N0)",45.0,0.0,0.46681407,0.73009324,False
2022,73,69,0,0.0,0.0,ppo100k,6,"a6(I45,N0)",45.0,0.0,0.46681407,0.73009324,False
2022,74,70,0,0.0,0.0,ppo100k,6,"a6(I45,N0)",45.0,0.0,0.46681407,0.73009324,False
2022,75,71,0,0.0,0.0,ppo100k,6,"a6(I45,N0)",45.0,0.0,0.46681407,0.73009324,False
2022,76,72,0,0.0,0.0,ppo100k,6,"a6(I45,N0)",45.0,0.0,0.46681407,0.73009324,False
2022,77,73,0,0.0,0.0,ppo100k,6,"a6(I45,N0)",45.0,0.0,0.46681407,0.73009324,False
2022,78,74,0,0.0,0.0,ppo100k,6,"a6(I45,N0)",45.0,0.0,0.46681407,0.73009324,False
2022,79,75,0,0.0,0.0,ppo100k,6,"a6(I45,N0)",45.0,0.0,0.46681407,0.73009324,False
2022,80,76,0,0.0,0.0,ppo100k,6,"a6(I45,N0)",45.0,0.0,0.46681398,0.73009324,False
2022,81,77,0,0.0,0.0,ppo100k,6,"a6(I45,N0)",45.0,0.0,0.45098826,0.72048426,False
2022,82,78,0,0.0,0.0,ppo100k,6,"a6(I45,N0)",45.0,0.0,0.450368,0.72010213,False
2022,83,79,0,0.0,0.0,ppo100k,6,"a6(I45,N0)",45.0,0.0,0.4503966,0.7201197,False
2022,84,80,0,0.0,0.0,ppo100k,6,"a6(I45,N0)",45.0,0.0,0.4503457,0.72008836,False
2022,85,81,0,0.0,0.0,ppo100k,6,"a6(I45,N0)",45.0,0.0,0.4503457,0.72008836,False
2022,86,82,0,0.0,0.0,ppo100k,6,"a6(I45,N0)",45.0,0.0,0.4503457,0.72008836,False
2022,87,83,0,0.0,0.0,ppo100k,6,"a6(I45,N0)",45.0,0.0,0.4503457,0.72008836,False
2022,88,84,0,0.0,0.0,ppo100k,6,"a6(I45,N0)",45.0,0.0,0.4503457,0.72008836,False
2022,89,85,0,0.0,0.0,ppo100k,6,"a6(I45,N0)",45.0,0.0,0.4503457,0.72008836,False
2022,90,86,0,0.0,0.0,ppo100k,6,"a6(I45,N0)",45.0,0.0,0.4503457,0.72008836,False
2022,91,87,0,0.0,0.0,ppo100k,6,"a6(I45,N0)",45.0,0.0,0.4503457,0.72008836,False
2022,92,88,0,0.0,0.0,ppo100k,6,"a6(I45,N0)",45.0,0.0,0.4503457,0.72008836,False
2022,93,89,0,0.0,0.0,ppo100k,6,"a6(I45,N0)",45.0,0.0,0.4503457,0.72008836,False
2022,94,90,0,0.0,0.0,ppo100k,6,"a6(I45,N0)",45.0,0.0,0.4503457,0.72008836,False
2022,95,91,3,30.0,0.0,ppo100k,6,"a6(I45,N0)",45.0,0.0,0.4503457,0.72008836,False
2022,96,92,0,0.0,0.0,ppo100k,0,"a0(I0,N0)",0.0,0.0,1.0,0.0,True
2022,97,93,0,0.0,0.0,ppo100k,0,"a0(I0,N0)",0.0,0.0,1.0,0.0,True
2022,98,94,0,0.0,0.0,ppo100k,0,"a0(I0,N0)",0.0,0.0,1.0,0.0,True
2022,99,95,0,0.0,0.0,ppo100k,0,"a0(I0,N0)",0.0,0.0,1.0,0.0,True
2022,100,96,0,0.0,0.0,ppo100k,0,"a0(I0,N0)",0.0,0.0,1.0,0.0,True
2022,101,97,0,0.0,0.0,ppo100k,0,"a0(I0,N0)",0.0,0.0,1.0,0.0,True
2022,102,98,0,0.0,0.0,ppo100k,6,"a6(I45,N0)",45.0,0.0,0.44452116,0.73120296,False
2022,103,99,0,0.0,0.0,ppo100k,6,"a6(I45,N0)",45.0,0.0,0.43637428,0.73306096,False
2022,104,100,0,0.0,0.0,ppo100k,6,"a6(I45,N0)",45.0,0.0,0.43637428,0.73306096,False
2022,105,101,0,0.0,0.0,ppo100k,6,"a6(I45,N0)",45.0,0.0,0.4555177,0.7430432,False
2022,106,102,0,0.0,0.0,ppo100k,6,"a6(I45,N0)",45.0,0.0,0.4555177,0.7430432,False
2022,107,103,0,0.0,0.0,ppo100k,6,"a6(I45,N0)",45.0,0.0,0.4555177,0.7430432,False
2022,108,104,0,0.0,0.0,ppo100k,6,"a6(I45,N0)",45.0,0.0,0.44450855,0.7449336,False
2022,109,105,0,0.0,0.0,ppo100k,6,"a6(I45,N0)",45.0,0.0,0.44450855,0.7449336,False
2022,110,106,0,0.0,0.0,ppo100k,6,"a6(I45,N0)",45.0,0.0,0.44450855,0.7449336,False
2022,111,107,0,0.0,0.0,ppo100k,6,"a6(I45,N0)",45.0,0.0,0.44450855,0.7449336,False
2022,112,108,0,0.0,0.0,ppo100k,6,"a6(I45,N0)",45.0,0.0,0.44478115,0.751611,False
2022,113,109,0,0.0,0.0,ppo100k,6,"a6(I45,N0)",45.0,0.0,0.44478115,0.751611,False
2022,114,110,3,30.0,0.0,ppo100k,6,"a6(I45,N0)",45.0,0.0,0.44478115,0.751611,False
2022,115,111,0,0.0,0.0,ppo100k,0,"a0(I0,N0)",0.0,0.0,1.0,0.0,True
2022,116,112,0,0.0,0.0,ppo100k,0,"a0(I0,N0)",0.0,0.0,1.0,0.0,True
2022,117,113,0,0.0,0.0,ppo100k,0,"a0(I0,N0)",0.0,0.0,1.0,0.0,True
2022,118,114,0,0.0,0.0,ppo100k,0,"a0(I0,N0)",0.0,0.0,1.0,0.0,True
2022,119,115,0,0.0,0.0,ppo100k,0,"a0(I0,N0)",0.0,0.0,1.0,0.0,True
2022,120,116,0,0.0,0.0,ppo100k,0,"a0(I0,N0)",0.0,0.0,1.0,0.0,True
2022,121,117,0,0.0,0.0,ppo100k,6,"a6(I45,N0)",45.0,0.0,0.40254542,0.75293505,False
2022,122,118,0,0.0,0.0,ppo100k,6,"a6(I45,N0)",45.0,0.0,0.40254542,0.75293505,False
2022,123,119,0,0.0,0.0,ppo100k,6,"a6(I45,N0)",45.0,0.0,0.40254542,0.75293505,False
2022,124,120,0,0.0,0.0,ppo100k,6,"a6(I45,N0)",45.0,0.0,0.38807383,0.75154996,False
2022,125,121,0,0.0,0.0,ppo100k,0,"a0(I0,N0)",0.0,0.0,1.0,0.0,True
2022,126,122,0,0.0,0.0,ppo100k,0,"a0(I0,N0)",0.0,0.0,1.0,0.0,True
2022,127,123,0,0.0,0.0,ppo100k,0,"a0(I0,N0)",0.0,0.0,1.0,0.0,True
2022,128,124,0,0.0,0.0,ppo100k,0,"a0(I0,N0)",0.0,0.0,1.0,0.0,True
2022,129,125,0,0.0,0.0,ppo100k,0,"a0(I0,N0)",0.0,0.0,1.0,0.0,True
2022,130,126,0,0.0,0.0,ppo100k,0,"a0(I0,N0)",0.0,0.0,1.0,0.0,True
2022,131,127,0,0.0,0.0,ppo100k,0,"a0(I0,N0)",0.0,0.0,1.0,0.0,True
2022,132,128,0,0.0,0.0,ppo100k,0,"a0(I0,N0)",0.0,0.0,1.0,0.0,True
2022,133,129,0,0.0,0.0,ppo100k,0,"a0(I0,N0)",0.0,0.0,1.0,0.0,True
2022,134,130,0,0.0,0.0,ppo100k,0,"a0(I0,N0)",0.0,0.0,1.0,0.0,True
2022,135,131,0,0.0,0.0,ppo100k,0,"a0(I0,N0)",0.0,0.0,1.0,0.0,True
2022,136,132,0,0.0,0.0,ppo100k,0,"a0(I0,N0)",0.0,0.0,1.0,0.0,True
2022,137,133,0,0.0,0.0,ppo100k,0,"a0(I0,N0)",0.0,0.0,1.0,0.0,True
2022,138,134,0,0.0,0.0,ppo100k,0,"a0(I0,N0)",0.0,0.0,1.0,0.0,True
2022,139,135,0,0.0,0.0,ppo100k,0,"a0(I0,N0)",0.0,0.0,1.0,0.0,True
2022,140,136,0,0.0,0.0,ppo100k,0,"a0(I0,N0)",0.0,0.0,1.0,0.0,True
2022,141,137,0,0.0,0.0,ppo100k,0,"a0(I0,N0)",0.0,0.0,1.0,0.0,True
2023,0,0,0,0.0,0.0,ppo100k,7,"a7(I45,N80)",45.0,80.0,0.93646467,0.997325,False
2023,1,0,0,0.0,0.0,ppo100k,7,"a7(I45,N80)",45.0,80.0,0.7603956,0.98592305,False
2023,2,0,0,0.0,0.0,ppo100k,7,"a7(I45,N80)",45.0,80.0,0.8239711,0.9905133,False
2023,3,0,0,0.0,0.0,ppo100k,7,"a7(I45,N80)",45.0,80.0,0.824052,0.98984885,False
2023,4,0,0,0.0,0.0,ppo100k,7,"a7(I45,N80)",45.0,80.0,0.76674914,0.9862721,False
2023,5,1,7,45.0,80.0,ppo100k,7,"a7(I45,N80)",45.0,80.0,0.8141252,0.9898984,True
2023,6,2,0,0.0,0.0,ppo100k,0,"a0(I0,N0)",0.0,0.0,1.0,0.0,True
2023,7,3,0,0.0,0.0,ppo100k,0,"a0(I0,N0)",0.0,0.0,1.0,0.0,True
2023,8,4,0,0.0,0.0,ppo100k,0,"a0(I0,N0)",0.0,0.0,1.0,0.0,True
2023,9,5,0,0.0,0.0,ppo100k,0,"a0(I0,N0)",0.0,0.0,1.0,0.0,True
2023,10,6,0,0.0,0.0,ppo100k,0,"a0(I0,N0)",0.0,0.0,1.0,0.0,True
2023,11,7,0,0.0,0.0,ppo100k,0,"a0(I0,N0)",0.0,0.0,1.0,0.0,True
2023,12,8,3,30.0,0.0,ppo100k,5,"a5(I30,N120)",30.0,120.0,0.8199938,0.95913523,False
2023,13,9,0,0.0,0.0,ppo100k,2,"a2(I0,N120)",0.0,120.0,0.5260283,0.6455752,False
2023,14,10,0,0.0,0.0,ppo100k,2,"a2(I0,N120)",0.0,120.0,0.4684873,0.585671,False
2023,15,11,0,0.0,0.0,ppo100k,2,"a2(I0,N120)",0.0,120.0,0.48741597,0.6025164,False
2023,16,12,0,0.0,0.0,ppo100k,2,"a2(I0,N120)",0.0,120.0,0.5155849,0.62759376,False
2023,17,13,0,0.0,0.0,ppo100k,2,"a2(I0,N120)",0.0,120.0,0.5249121,0.63685256,False
2023,18,14,0,0.0,0.0,ppo100k,2,"a2(I0,N120)",0.0,120.0,0.5411726,0.64539135,False
2023,19,15,0,0.0,0.0,ppo100k,2,"a2(I0,N120)",0.0,120.0,0.53212327,0.64498407,False
2023,20,16,0,0.0,0.0,ppo100k,2,"a2(I0,N120)",0.0,120.0,0.5226287,0.6369304,False
2023,21,17,0,0.0,0.0,ppo100k,2,"a2(I0,N120)",0.0,120.0,0.5217389,0.63618135,False
2023,22,18,0,0.0,0.0,ppo100k,2,"a2(I0,N120)",0.0,120.0,0.5244733,0.6382697,False
2023,23,19,0,0.0,0.0,ppo100k,2,"a2(I0,N120)",0.0,120.0,0.52542967,0.6389098,False
2023,24,20,0,0.0,0.0,ppo100k,2,"a2(I0,N120)",0.0,120.0,0.5496047,0.6556599,False
2023,25,21,0,0.0,0.0,ppo100k,2,"a2(I0,N120)",0.0,120.0,0.56557417,0.66698515,False
2023,26,22,0,0.0,0.0,ppo100k,2,"a2(I0,N120)",0.0,120.0,0.61293226,0.7018122,False
2023,27,23,0,0.0,0.0,ppo100k,2,"a2(I0,N120)",0.0,120.0,0.634269,0.7238556,False
2023,28,24,0,0.0,0.0,ppo100k,2,"a2(I0,N120)",0.0,120.0,0.60841995,0.6981406,False
2023,29,25,0,0.0,0.0,ppo100k,2,"a2(I0,N120)",0.0,120.0,0.61155033,0.70066667,False
2023,30,26,0,0.0,0.0,ppo100k,2,"a2(I0,N120)",0.0,120.0,0.6289414,0.7196564,False
2023,31,27,0,0.0,0.0,ppo100k,2,"a2(I0,N120)",0.0,120.0,0.6886389,0.77711385,False
2023,32,28,0,0.0,0.0,ppo100k,2,"a2(I0,N120)",0.0,120.0,0.63536286,0.73202515,False
2023,33,29,0,0.0,0.0,ppo100k,2,"a2(I0,N120)",0.0,120.0,0.63697237,0.7339327,False
2023,34,30,0,0.0,0.0,ppo100k,2,"a2(I0,N120)",0.0,120.0,0.65431726,0.75282025,False
2023,35,31,6,45.0,0.0,ppo100k,7,"a7(I45,N80)",45.0,80.0,0.76505303,0.9891218,False
2023,36,32,0,0.0,0.0,ppo100k,2,"a2(I0,N120)",0.0,120.0,0.7336157,0.8203103,False
2023,37,33,0,0.0,0.0,ppo100k,2,"a2(I0,N120)",0.0,120.0,0.73450625,0.8206666,False
2023,38,34,0,0.0,0.0,ppo100k,2,"a2(I0,N120)",0.0,120.0,0.7404659,0.8249193,False
2023,39,35,0,0.0,0.0,ppo100k,2,"a2(I0,N120)",0.0,120.0,0.760847,0.83867633,False
2023,40,36,0,0.0,0.0,ppo100k,2,"a2(I0,N120)",0.0,120.0,0.7399025,0.8243775,False
2023,41,37,0,0.0,0.0,ppo100k,2,"a2(I0,N120)",0.0,120.0,0.76414293,0.83748376,False
2023,42,38,3,30.0,0.0,ppo100k,5,"a5(I30,N120)",30.0,120.0,0.4743232,0.9546268,False
2023,43,39,0,0.0,0.0,ppo100k,2,"a2(I0,N120)",0.0,120.0,0.7213995,0.8163407,False
2023,44,40,0,0.0,0.0,ppo100k,2,"a2(I0,N120)",0.0,120.0,0.7088391,0.81405294,False
2023,45,41,0,0.0,0.0,ppo100k,2,"a2(I0,N120)",0.0,120.0,0.6746188,0.7946137,False
2023,46,42,0,0.0,0.0,ppo100k,2,"a2(I0,N120)",0.0,120.0,0.6589296,0.7842369,False
2023,47,43,1,0.0,80.0,ppo100k,2,"a2(I0,N120)",0.0,120.0,0.658701,0.78410244,False
2023,48,44,0,0.0,0.0,ppo100k,0,"a0(I0,N0)",0.0,0.0,1.0,0.0,True
2023,49,45,0,0.0,0.0,ppo100k,0,"a0(I0,N0)",0.0,0.0,1.0,0.0,True
2023,50,46,0,0.0,0.0,ppo100k,0,"a0(I0,N0)",0.0,0.0,1.0,0.0,True
2023,51,47,0,0.0,0.0,ppo100k,0,"a0(I0,N0)",0.0,0.0,1.0,0.0,True
2023,52,48,0,0.0,0.0,ppo100k,0,"a0(I0,N0)",0.0,0.0,1.0,0.0,True
2023,53,49,0,0.0,0.0,ppo100k,0,"a0(I0,N0)",0.0,0.0,1.0,0.0,True
2023,54,50,0,0.0,0.0,ppo100k,0,"a0(I0,N0)",0.0,0.0,0.5887995,0.41120052,True
2023,55,51,0,0.0,0.0,ppo100k,0,"a0(I0,N0)",0.0,0.0,0.57264954,0.42735046,True
2023,56,52,0,0.0,0.0,ppo100k,0,"a0(I0,N0)",0.0,0.0,0.5154426,0.48455745,True
2023,57,53,0,0.0,0.0,ppo100k,1,"a1(I0,N80)",0.0,80.0,0.5178445,0.5178445,False
2023,58,54,0,0.0,0.0,ppo100k,1,"a1(I0,N80)",0.0,80.0,0.5539661,0.5539661,False
2023,59,55,0,0.0,0.0,ppo100k,1,"a1(I0,N80)",0.0,80.0,0.5595632,0.5595632,False
2023,60,56,0,0.0,0.0,ppo100k,1,"a1(I0,N80)",0.0,80.0,0.57572716,0.57572716,False
2023,61,57,0,0.0,0.0,ppo100k,1,"a1(I0,N80)",0.0,80.0,0.57621,0.57621,False
2023,62,58,0,0.0,0.0,ppo100k,1,"a1(I0,N80)",0.0,80.0,0.57621,0.57621,False
2023,63,59,0,0.0,0.0,ppo100k,1,"a1(I0,N80)",0.0,80.0,0.57621,0.57621,False
2023,64,60,0,0.0,0.0,ppo100k,1,"a1(I0,N80)",0.0,80.0,0.57621,0.57621,False
2023,65,61,7,45.0,80.0,ppo100k,6,"a6(I45,N0)",45.0,0.0,0.24398252,0.85893196,False
2023,66,62,0,0.0,0.0,ppo100k,0,"a0(I0,N0)",0.0,0.0,1.0,0.0,True
2023,67,63,0,0.0,0.0,ppo100k,0,"a0(I0,N0)",0.0,0.0,1.0,0.0,True
2023,68,64,0,0.0,0.0,ppo100k,0,"a0(I0,N0)",0.0,0.0,1.0,0.0,True
2023,69,65,0,0.0,0.0,ppo100k,0,"a0(I0,N0)",0.0,0.0,1.0,0.0,True
2023,70,66,0,0.0,0.0,ppo100k,0,"a0(I0,N0)",0.0,0.0,1.0,0.0,True
2023,71,67,0,0.0,0.0,ppo100k,0,"a0(I0,N0)",0.0,0.0,1.0,0.0,True
2023,72,68,0,0.0,0.0,ppo100k,0,"a0(I0,N0)",0.0,0.0,1.0,0.0,True
2023,73,69,0,0.0,0.0,ppo100k,0,"a0(I0,N0)",0.0,0.0,1.0,0.0,True
2023,74,70,0,0.0,0.0,ppo100k,0,"a0(I0,N0)",0.0,0.0,1.0,0.0,True
2023,75,71,0,0.0,0.0,ppo100k,0,"a0(I0,N0)",0.0,0.0,1.0,0.0,True
2023,76,72,0,0.0,0.0,ppo100k,0,"a0(I0,N0)",0.0,0.0,1.0,0.0,True
2023,77,73,0,0.0,0.0,ppo100k,0,"a0(I0,N0)",0.0,0.0,1.0,0.0,True
2023,78,74,0,0.0,0.0,ppo100k,0,"a0(I0,N0)",0.0,0.0,1.0,0.0,True
2023,79,75,0,0.0,0.0,ppo100k,0,"a0(I0,N0)",0.0,0.0,1.0,0.0,True
2023,80,76,0,0.0,0.0,ppo100k,0,"a0(I0,N0)",0.0,0.0,1.0,0.0,True
2023,81,77,0,0.0,0.0,ppo100k,0,"a0(I0,N0)",0.0,0.0,1.0,0.0,True
2023,82,78,0,0.0,0.0,ppo100k,0,"a0(I0,N0)",0.0,0.0,1.0,0.0,True
2023,83,79,0,0.0,0.0,ppo100k,0,"a0(I0,N0)",0.0,0.0,1.0,0.0,True
2023,84,80,0,0.0,0.0,ppo100k,0,"a0(I0,N0)",0.0,0.0,1.0,0.0,True
2023,85,81,0,0.0,0.0,ppo100k,0,"a0(I0,N0)",0.0,0.0,1.0,0.0,True
2023,86,82,0,0.0,0.0,ppo100k,0,"a0(I0,N0)",0.0,0.0,1.0,0.0,True
2023,87,83,0,0.0,0.0,ppo100k,0,"a0(I0,N0)",0.0,0.0,1.0,0.0,True
2023,88,84,0,0.0,0.0,ppo100k,0,"a0(I0,N0)",0.0,0.0,1.0,0.0,True
2023,89,85,0,0.0,0.0,ppo100k,0,"a0(I0,N0)",0.0,0.0,1.0,0.0,True
2023,90,86,0,0.0,0.0,ppo100k,0,"a0(I0,N0)",0.0,0.0,1.0,0.0,True
2023,91,87,0,0.0,0.0,ppo100k,0,"a0(I0,N0)",0.0,0.0,1.0,0.0,True
2023,92,88,0,0.0,0.0,ppo100k,0,"a0(I0,N0)",0.0,0.0,1.0,0.0,True
2023,93,89,0,0.0,0.0,ppo100k,0,"a0(I0,N0)",0.0,0.0,1.0,0.0,True
2023,94,90,0,0.0,0.0,ppo100k,0,"a0(I0,N0)",0.0,0.0,1.0,0.0,True
2023,95,91,6,45.0,0.0,ppo100k,6,"a6(I45,N0)",45.0,0.0,0.4503457,0.72008836,True
2023,96,92,0,0.0,0.0,ppo100k,0,"a0(I0,N0)",0.0,0.0,1.0,0.0,True
2023,97,93,0,0.0,0.0,ppo100k,0,"a0(I0,N0)",0.0,0.0,1.0,0.0,True
2023,98,94,0,0.0,0.0,ppo100k,0,"a0(I0,N0)",0.0,0.0,1.0,0.0,True
2023,99,95,0,0.0,0.0,ppo100k,0,"a0(I0,N0)",0.0,0.0,1.0,0.0,True
2023,100,96,0,0.0,0.0,ppo100k,0,"a0(I0,N0)",0.0,0.0,1.0,0.0,True
2023,101,97,0,0.0,0.0,ppo100k,0,"a0(I0,N0)",0.0,0.0,1.0,0.0,True
2023,102,98,0,0.0,0.0,ppo100k,0,"a0(I0,N0)",0.0,0.0,1.0,0.0,True
2023,103,99,0,0.0,0.0,ppo100k,0,"a0(I0,N0)",0.0,0.0,1.0,0.0,True
2023,104,100,0,0.0,0.0,ppo100k,0,"a0(I0,N0)",0.0,0.0,1.0,0.0,True
2023,105,101,0,0.0,0.0,ppo100k,0,"a0(I0,N0)",0.0,0.0,1.0,0.0,True
2023,106,102,0,0.0,0.0,ppo100k,0,"a0(I0,N0)",0.0,0.0,1.0,0.0,True
2023,107,103,0,0.0,0.0,ppo100k,0,"a0(I0,N0)",0.0,0.0,1.0,0.0,True
2023,108,104,0,0.0,0.0,ppo100k,0,"a0(I0,N0)",0.0,0.0,1.0,0.0,True
2023,109,105,0,0.0,0.0,ppo100k,0,"a0(I0,N0)",0.0,0.0,1.0,0.0,True
2023,110,106,0,0.0,0.0,ppo100k,0,"a0(I0,N0)",0.0,0.0,1.0,0.0,True
2023,111,107,0,0.0,0.0,ppo100k,0,"a0(I0,N0)",0.0,0.0,1.0,0.0,True
2023,112,108,0,0.0,0.0,ppo100k,0,"a0(I0,N0)",0.0,0.0,1.0,0.0,True
2023,113,109,0,0.0,0.0,ppo100k,0,"a0(I0,N0)",0.0,0.0,1.0,0.0,True
2023,114,110,0,0.0,0.0,ppo100k,0,"a0(I0,N0)",0.0,0.0,1.0,0.0,True
2023,115,111,0,0.0,0.0,ppo100k,0,"a0(I0,N0)",0.0,0.0,1.0,0.0,True
2023,116,112,0,0.0,0.0,ppo100k,0,"a0(I0,N0)",0.0,0.0,1.0,0.0,True
2023,117,113,0,0.0,0.0,ppo100k,0,"a0(I0,N0)",0.0,0.0,1.0,0.0,True
2023,118,114,0,0.0,0.0,ppo100k,0,"a0(I0,N0)",0.0,0.0,1.0,0.0,True
2023,119,115,0,0.0,0.0,ppo100k,0,"a0(I0,N0)",0.0,0.0,1.0,0.0,True
2023,120,116,0,0.0,0.0,ppo100k,0,"a0(I0,N0)",0.0,0.0,1.0,0.0,True
2023,121,117,0,0.0,0.0,ppo100k,0,"a0(I0,N0)",0.0,0.0,1.0,0.0,True
2023,122,118,0,0.0,0.0,ppo100k,0,"a0(I0,N0)",0.0,0.0,1.0,0.0,True
2023,123,119,0,0.0,0.0,ppo100k,0,"a0(I0,N0)",0.0,0.0,1.0,0.0,True
2023,124,120,0,0.0,0.0,ppo100k,0,"a0(I0,N0)",0.0,0.0,1.0,0.0,True
2023,125,121,0,0.0,0.0,ppo100k,0,"a0(I0,N0)",0.0,0.0,1.0,0.0,True
2023,126,122,0,0.0,0.0,ppo100k,0,"a0(I0,N0)",0.0,0.0,1.0,0.0,True
2023,127,123,0,0.0,0.0,ppo100k,0,"a0(I0,N0)",0.0,0.0,1.0,0.0,True
2023,128,124,0,0.0,0.0,ppo100k,0,"a0(I0,N0)",0.0,0.0,1.0,0.0,True
2023,129,125,0,0.0,0.0,ppo100k,0,"a0(I0,N0)",0.0,0.0,1.0,0.0,True
2023,130,126,0,0.0,0.0,ppo100k,0,"a0(I0,N0)",0.0,0.0,1.0,0.0,True
2023,131,127,0,0.0,0.0,ppo100k,0,"a0(I0,N0)",0.0,0.0,1.0,0.0,True
2023,132,128,0,0.0,0.0,ppo100k,0,"a0(I0,N0)",0.0,0.0,1.0,0.0,True
2023,133,129,0,0.0,0.0,ppo100k,0,"a0(I0,N0)",0.0,0.0,1.0,0.0,True
2023,134,130,0,0.0,0.0,ppo100k,0,"a0(I0,N0)",0.0,0.0,1.0,0.0,True
2023,135,131,0,0.0,0.0,ppo100k,0,"a0(I0,N0)",0.0,0.0,1.0,0.0,True
2023,136,132,0,0.0,0.0,ppo100k,0,"a0(I0,N0)",0.0,0.0,1.0,0.0,True
2023,137,133,0,0.0,0.0,ppo100k,0,"a0(I0,N0)",0.0,0.0,1.0,0.0,True
